date,open,high,low,close,volume,close_raw
2014-01-24,7.5297,7.7279,7.3316,7.4523,8417060,18.8
2014-01-27,7.4127,7.4523,7.1748,7.2938,3240910,18.4
2014-02-06,7.2145,7.2541,6.9766,6.9767,959590,17.6
2014-02-07,6.8974,6.937,6.5406,6.5803,2987600,16.6
2014-02-10,6.5406,6.8181,6.4217,6.7388,4052090,17
2014-02-11,6.8181,6.8181,6.6992,6.6992,1938480,16.9
2014-02-12,6.6578,6.6975,6.6182,6.6595,1176180,16.8
2014-02-13,6.6595,6.6992,6.5802,6.5803,2156140,16.6
2014-02-14,6.6578,6.7371,6.5786,6.6595,1489380,16.8
2014-02-17,6.6992,6.6992,6.5802,6.6199,1173560,16.7
2014-02-18,6.6199,6.6199,6.5802,6.5803,1861540,16.6
2014-02-19,6.6199,6.6595,6.5406,6.5803,2988120,16.6
2014-02-20,6.6199,6.8181,6.5802,6.6992,3243650,16.9
2014-02-21,6.6595,6.6595,6.6199,6.6199,903040,16.7
2014-02-24,6.6595,6.6595,6.5802,6.6199,833430,16.7
2014-02-25,6.5802,6.6199,6.5406,6.6199,1249150,16.7
2014-02-26,6.6199,6.6992,6.5802,6.6199,1399670,16.7
2014-02-27,6.6199,6.8974,6.6199,6.6992,3731900,16.9
2014-02-28,6.6595,6.7388,6.6595,6.7388,1154560,17
2014-03-03,6.6992,6.7388,6.6199,6.6199,954830,16.7
2014-03-04,6.5802,6.6199,6.5406,6.5803,1551740,16.6
2014-03-05,6.6199,6.6595,6.5802,6.5803,737090,16.6
2014-03-06,6.5802,6.6199,6.5406,6.5803,768340,16.6
2014-03-07,6.5802,6.6199,6.5802,6.5803,773450,16.6
2014-03-10,6.5802,6.6595,6.5802,6.6199,957770,16.7
2014-03-11,6.5802,6.6199,6.5802,6.5803,752790,16.6
2014-03-12,6.5802,6.6199,6.5406,6.5406,979430,16.5
2014-03-13,6.5802,6.5802,6.501,6.5406,806950,16.5
2014-03-14,6.5802,6.6199,6.501,6.5803,924510,16.6
2014-03-17,6.5802,6.6199,6.5406,6.5803,989350,16.6
2014-03-18,6.5786,6.6975,6.539,6.6595,2171570,16.8
2014-03-19,6.6992,6.8974,6.6992,6.8974,5624790,17.4
2014-03-20,6.937,7.1352,6.937,7.0163,3325420,17.7
2014-03-21,6.937,7.0559,6.937,6.937,1236010,17.5
2014-03-24,7.0163,7.1352,6.9766,6.9767,2498010,17.6
2014-03-25,7.0163,7.0163,6.8181,6.8181,2051430,17.2
2014-03-26,6.856,6.856,6.6182,6.6595,2030920,16.8
2014-03-27,6.6975,6.6975,6.6182,6.6595,1026180,16.8
2014-03-28,6.6595,6.7388,6.6595,6.7388,713160,17
2014-03-31,6.7767,6.7767,6.6578,6.6595,831760,16.8
2014-04-01,6.6992,6.6992,6.5802,6.6199,1701600,16.7
2014-04-02,6.6199,6.6595,6.5406,6.6199,1217110,16.7
2014-04-03,6.6182,6.6975,6.5786,6.6595,519700,16.8
2014-04-04,6.6992,6.6992,6.6199,6.6992,608360,16.9
2014-04-07,6.6578,6.6975,6.6182,6.6595,441790,16.8
2014-04-08,6.6595,6.6992,6.6199,6.6199,515610,16.7
2014-04-10,6.6199,6.6595,6.6199,6.6199,485550,16.7
2014-04-11,6.5802,6.6199,6.5406,6.5803,670380,16.6
2014-04-14,6.6199,6.6595,6.5802,6.6199,414100,16.7
2014-04-15,6.5802,6.6199,6.5406,6.5406,480360,16.5
2014-04-16,6.5406,6.5406,6.2631,6.3424,1065090,16
2014-04-17,6.3424,6.501,6.3424,6.3821,681040,16.1
2014-04-18,6.382,6.4217,6.3028,6.3028,763370,15.9
2014-04-21,6.3028,6.3028,6.1046,6.1442,565920,15.5
2014-04-22,6.103,6.2615,6.0634,6.2631,529160,15.8
2014-04-23,6.3012,6.3012,6.1823,6.2631,217960,15.8
2014-04-24,6.2235,6.3028,6.2235,6.3028,288090,15.9
2014-04-25,6.2235,6.3424,6.2235,6.2235,516240,15.7
2014-04-28,6.2235,6.2631,6.1838,6.2235,336220,15.7
2014-04-29,6.2219,6.2615,6.2219,6.2631,202970,15.8
2014-05-05,6.3028,6.3028,6.1442,6.1839,301760,15.6
2014-05-06,6.1442,6.1838,5.9856,6.0253,479520,15.2
2014-05-07,6.0253,6.1838,6.0253,6.1442,274120,15.5
2014-05-08,6.0649,6.0649,5.7478,5.7875,1515840,14.6
2014-05-09,5.7067,5.8652,5.7067,5.8667,308830,14.8
2014-05-12,5.8271,5.8271,5.4703,5.5496,520700,14
2014-05-13,5.3514,5.6289,5.3514,5.5893,695610,14.1
2014-05-14,5.5496,5.8667,5.5496,5.8271,473470,14.7
2014-05-15,5.8667,5.8667,5.51,5.6289,636940,14.2
2014-05-16,5.6289,5.7874,5.5892,5.7875,333670,14.6
2014-05-19,5.7082,5.8271,5.7082,5.7478,357580,14.5
2014-05-20,5.7478,5.8271,5.7082,5.8271,181780,14.7
2014-05-21,5.7874,5.946,5.7082,5.9064,604540,14.9
2014-05-22,5.9064,5.9064,5.7874,5.7875,233070,14.6
2014-05-23,5.8271,5.8271,5.7478,5.8271,163360,14.7
2014-05-26,5.7478,5.8271,5.7478,5.7875,103450,14.6
2014-05-27,5.7874,5.946,5.7874,5.946,445140,15
2014-05-28,5.946,5.946,5.8667,5.9064,404820,14.9
2014-05-29,5.8667,5.946,5.8667,5.9064,423040,14.9
2014-05-30,5.8652,5.9049,5.8256,5.8667,192420,14.8
2014-06-02,5.8667,5.8667,5.7478,5.7875,278960,14.6
2014-06-03,5.7478,5.8271,5.7478,5.7478,168500,14.5
2014-06-04,5.7478,5.7874,5.6685,5.7478,157450,14.5
2014-06-05,5.7478,5.7478,5.6685,5.7478,54870,14.5
2014-06-06,5.7082,5.7874,5.7082,5.7875,91870,14.6
2014-06-09,5.7874,5.8271,5.7082,5.7478,162110,14.5
2014-06-10,5.7478,5.8667,5.7082,5.8271,216450,14.7
2014-06-11,5.8271,5.8271,5.7478,5.8271,361280,14.7
2014-06-12,5.8271,5.9064,5.8271,5.9064,454450,14.9
2014-06-13,5.8667,5.946,5.8271,5.9064,507030,14.9
2014-06-16,5.9064,5.946,5.8667,5.9064,343780,14.9
2014-06-17,5.9064,5.946,5.8667,5.9064,241630,14.9
2014-06-18,5.9064,5.946,5.8667,5.9064,427080,14.9
2014-06-19,5.8667,5.9064,5.7874,5.9064,310390,14.9
2014-06-20,5.8667,5.9064,5.8271,5.8271,136260,14.7
2014-06-23,5.8271,5.9064,5.8271,5.9064,210760,14.9
2014-06-24,5.8667,5.946,5.8667,5.946,317550,15
2014-06-25,5.9064,5.946,5.8667,5.946,282130,15
2014-06-26,5.9064,6.0649,5.8667,5.9857,561760,15.1
2014-06-27,5.946,6.0253,5.946,6.0253,295440,15.2
2014-06-30,6.0253,6.0253,5.946,6.0253,259480,15.2
2014-07-01,5.9856,5.9856,5.946,5.9857,375930,15.1
2014-07-02,5.9856,6.0649,5.946,6.0253,650420,15.2
2014-07-03,6.0253,6.0649,5.9856,6.0253,391260,15.2
2014-07-04,6.0253,6.0253,5.9856,6.0253,206750,15.2
2014-07-07,5.9856,6.0253,5.946,5.946,252570,15
2014-07-08,5.9445,5.9841,5.8652,5.8667,284940,14.8
2014-07-09,5.9064,5.9856,5.8667,5.946,304900,15
2014-07-10,5.9445,5.9445,5.8652,5.8667,344960,14.8
2014-07-11,5.9064,5.9064,5.8667,5.9064,117230,14.9
2014-07-14,5.8652,5.9049,5.8256,5.8667,82990,14.8
2014-07-15,5.8667,5.9064,5.8271,5.9064,355370,14.9
2014-07-16,5.946,5.946,5.9064,5.9064,356200,14.9
2014-07-17,5.9064,5.946,5.8667,5.9064,103650,14.9
2014-07-18,5.946,5.946,5.9064,5.946,347570,15
2014-07-21,5.9064,5.946,5.8667,5.9064,126260,14.9
2014-07-22,5.8652,5.9049,5.8256,5.8667,95750,14.8
2014-07-23,5.9064,5.9064,5.8271,5.8271,142650,14.7
2014-07-24,5.8256,5.9049,5.8256,5.8667,185940,14.8
2014-07-25,5.8652,6.2219,5.8652,6.0649,1736770,15.3
2014-07-28,6.0634,6.103,5.9841,6.0649,450520,15.3
2014-07-29,6.1046,6.1046,5.9856,5.9857,242380,15.1
2014-07-30,5.9856,6.1046,5.946,6.0253,1349570,15.2
2014-07-31,6.0253,6.0649,5.9856,6.0253,356880,15.2
2014-08-01,6.0238,6.103,6.0238,6.0649,406370,15.3
2014-08-04,6.0649,6.2631,6.0649,6.2235,1466890,15.7
2014-08-05,6.2235,6.2631,6.1838,6.2235,730130,15.7
2014-08-06,6.2235,6.2235,6.1442,6.1839,278630,15.6
2014-08-07,6.1442,6.2235,6.1442,6.1839,603770,15.6
2014-08-08,6.288,6.288,6.1203,6.2049,899050,14.8
2014-08-11,6.1622,6.2042,6.0784,6.0791,256040,14.5
2014-08-12,6.0784,6.0784,5.9946,6.0372,252780,14.4
2014-08-13,5.9946,6.0784,5.9526,6.0791,329460,14.5
2014-08-14,6.0365,6.1203,5.9946,5.9953,261390,14.3
2014-08-15,6.0365,6.0365,5.9526,5.9534,202100,14.2
2014-08-18,5.9107,5.9526,5.785,5.8276,721730,13.9
2014-08-19,5.8269,5.8688,5.8269,5.8276,343930,13.9
2014-08-20,5.8269,5.8688,5.8269,5.8695,370800,14
2014-08-21,5.9107,5.9526,5.8269,5.9534,475540,14.2
2014-08-22,5.9526,5.9526,5.8269,5.8276,585500,13.9
2014-08-25,5.8688,5.8688,5.8269,5.8276,313870,13.9
2014-08-26,5.8688,5.9107,5.8269,5.9114,367320,14.1
2014-08-27,5.9107,5.9107,5.8269,5.8276,227180,13.9
2014-08-28,5.8269,5.8688,5.8269,5.8695,202330,14
2014-08-29,5.8688,6.2461,5.8269,6.2468,2090500,14.9
2014-09-03,6.2461,6.3299,6.1203,6.163,593880,14.7
2014-09-04,6.1203,6.2042,6.0365,6.0791,390050,14.5
2014-09-05,6.0365,6.0784,5.9526,6.0372,739480,14.4
2014-09-08,6.0365,6.0365,5.9526,5.9534,846120,14.2
2014-09-09,5.9526,5.9946,5.8688,5.9534,399870,14.2
2014-09-10,5.9107,5.9526,5.8688,5.9114,252240,14.1
2014-09-11,5.9526,5.9526,5.8688,5.9114,209860,14.1
2014-09-12,5.9107,5.9526,5.8688,5.9114,250500,14.1
2014-09-15,5.9107,5.9526,5.8269,5.8695,392500,14
2014-09-16,5.8688,5.8688,5.785,5.8276,473890,13.9
2014-09-17,5.8269,5.8688,5.785,5.8276,434550,13.9
2014-09-18,5.8688,5.8688,5.785,5.8276,221490,13.9
2014-09-19,5.8269,5.8688,5.785,5.8276,225530,13.9
2014-09-22,5.8269,5.8688,5.785,5.7857,354320,13.8
2014-09-23,5.785,5.8269,5.743,5.7857,269030,13.8
2014-09-24,5.785,5.8269,5.743,5.7437,206180,13.7
2014-09-25,5.785,5.8688,5.743,5.8276,335400,13.9
2014-09-26,5.8269,5.8688,5.785,5.7857,97740,13.8
2014-09-29,5.785,5.8688,5.785,5.8276,368070,13.9
2014-09-30,5.8269,5.8269,5.743,5.7857,230550,13.8
2014-10-01,5.785,5.8269,5.785,5.7857,250860,13.8
2014-10-02,5.785,5.8269,5.785,5.8276,343140,13.9
2014-10-03,5.8269,5.8688,5.785,5.8276,108820,13.9
2014-10-06,5.8269,5.8269,5.785,5.8276,288640,13.9
2014-10-07,5.8269,5.8269,5.785,5.7857,258270,13.8
2014-10-08,5.785,5.785,5.7011,5.7437,669460,13.7
2014-10-09,5.743,5.785,5.7011,5.7437,433470,13.7
2014-10-10,5.743,5.743,5.7011,5.7018,423660,13.6
2014-10-14,5.7011,5.7011,5.5754,5.576,257940,13.3
2014-10-15,5.5754,5.6173,5.5334,5.576,272660,13.3
2014-10-16,5.5754,5.6173,5.4915,5.4922,221660,13.1
2014-10-17,5.4915,5.5334,5.4077,5.4922,414390,13.1
2014-10-20,5.5334,5.5334,5.4496,5.5341,100900,13.2
2014-10-21,5.4915,5.5334,5.4915,5.5341,155550,13.2
2014-10-22,5.5334,5.5754,5.4915,5.5341,159840,13.2
2014-10-23,5.5334,5.5334,5.4496,5.4922,311540,13.1
2014-10-24,5.4496,5.5334,5.4496,5.4503,127540,13
2014-10-27,5.4077,5.4496,5.2819,5.2826,353810,12.6
2014-10-28,5.2819,5.3238,5.2819,5.3245,299750,12.7
2014-10-29,5.3238,5.4077,5.3238,5.3664,189190,12.8
2014-10-30,5.4077,5.4077,5.3238,5.3664,69700,12.8
2014-10-31,5.3658,5.6592,5.3238,5.6599,372750,13.5
2014-11-03,5.6173,5.6592,5.5334,5.5341,419180,13.2
2014-11-04,5.5334,5.5334,5.4496,5.4503,109060,13
2014-11-05,5.4496,5.4915,5.4077,5.4083,133390,12.9
2014-11-06,5.4496,5.5334,5.4496,5.4922,237440,13.1
2014-11-07,5.4915,5.5334,5.4496,5.4922,148180,13.1
2014-11-10,5.4915,5.5334,5.4915,5.4922,113490,13.1
2014-11-11,5.4915,5.5334,5.4496,5.4503,116250,13
2014-11-12,5.4915,5.4915,5.4496,5.4503,124110,13
2014-11-13,5.4915,5.5334,5.4496,5.5341,139390,13.2
2014-11-14,5.5334,5.5334,5.4496,5.4503,223700,13
2014-11-17,5.5334,5.5334,5.4496,5.5341,258110,13.2
2014-11-18,5.4496,5.5334,5.4496,5.4922,244260,13.1
2014-11-19,5.4496,5.4915,5.4496,5.4922,104150,13.1
2014-11-20,5.4915,5.4915,5.4496,5.4503,140250,13
2014-11-21,5.4496,5.4915,5.4496,5.4503,347440,13
2014-11-24,5.4496,5.4496,5.3658,5.4083,202960,12.9
2014-11-25,5.4077,5.4496,5.4077,5.4083,150970,12.9
2014-11-26,5.4077,5.4496,5.3658,5.3664,274110,12.8
2014-11-27,5.3658,5.3658,5.2819,5.3245,361890,12.7
2014-11-28,5.3238,5.3658,5.3238,5.3245,188610,12.7
2014-12-01,5.3238,5.4077,5.3238,5.4083,97520,12.9
2014-12-02,5.4077,5.4915,5.3238,5.4922,495640,13.1
2014-12-03,5.4496,5.4915,5.4077,5.4922,213520,13.1
2014-12-04,5.4915,5.7011,5.4496,5.576,801550,13.3
2014-12-05,5.5754,5.6592,5.5334,5.618,434010,13.4
2014-12-08,5.6173,5.6173,5.5334,5.5341,220750,13.2
2014-12-09,5.5334,5.5334,5.3658,5.4083,428590,12.9
2014-12-10,5.4077,5.5334,5.3238,5.4503,458660,13
2014-12-11,5.4496,5.5334,5.4077,5.4922,310500,13.1
2014-12-12,5.4915,5.5754,5.4915,5.4922,188780,13.1
2014-12-15,5.4915,5.5334,5.4915,5.4922,124110,13.1
2014-12-16,5.4496,5.4915,5.4077,5.4083,197950,12.9
2014-12-17,5.3658,5.4496,5.24,5.3245,373740,12.7
2014-12-18,5.3658,5.4077,5.3238,5.4083,72360,12.9
2014-12-19,5.4077,5.4496,5.3238,5.4083,51430,12.9
2014-12-22,5.4077,5.5334,5.4077,5.4922,364470,13.1
2014-12-23,5.4915,5.5334,5.4496,5.4922,146840,13.1
2014-12-24,5.4496,5.4915,5.4077,5.4503,92620,13
2014-12-25,5.4077,5.4496,5.3658,5.4503,102730,13
2014-12-26,5.4496,5.4496,5.3658,5.3664,84170,12.8
2014-12-29,5.4077,5.4496,5.3238,5.3245,86380,12.7
2014-12-30,5.3238,5.4077,5.3238,5.4083,128410,12.9
2014-12-31,5.4077,5.4915,5.3238,5.3245,214120,12.7
2015-01-05,5.4077,5.4496,5.4077,5.4083,66380,12.9
2015-01-06,5.3658,5.5754,5.3658,5.5341,403170,13.2
2015-01-07,5.5334,5.7011,5.4915,5.7018,830630,13.6
2015-01-08,5.7011,5.785,5.6173,5.7018,798240,13.6
2015-01-09,5.7011,6.0784,5.7011,6.0791,3291280,14.5
2015-01-12,6.288,6.4976,6.2461,6.4984,3509140,15.5
2015-01-13,6.5395,6.9168,6.5395,6.8757,4239540,16.4
2015-01-14,6.791,7.0845,6.6653,6.8338,3626720,16.3
2015-01-15,6.833,7.0845,6.833,6.8757,3854730,16.4
2015-01-16,6.9168,7.0006,6.791,6.7919,2253150,16.2
2015-01-19,6.9168,7.0426,6.791,6.8757,3218140,16.4
2015-01-20,6.833,6.8749,6.7072,6.7919,1468560,16.2
2015-01-21,6.791,6.833,6.5814,6.5822,1726690,15.7
2015-01-22,6.5814,7.0006,6.4557,7.0015,4915010,16.7
2015-01-23,7.2102,7.4198,7.1683,7.295,5685560,17.4
2015-01-26,7.2941,7.3779,7.2102,7.295,2805130,17.4
2015-01-27,7.2522,7.5456,7.1683,7.295,6307270,17.4
2015-01-28,7.2941,7.7971,7.2941,7.7981,7664440,18.6
2015-01-29,7.7552,7.881,7.5037,7.6304,4488270,18.2
2015-01-30,7.5456,7.5875,7.2941,7.3369,4223660,17.5
2015-02-02,7.2941,7.4198,7.2102,7.2111,2416500,17.2
2015-02-03,7.336,7.336,6.7072,6.708,4755860,16
2015-02-04,6.5814,6.6653,6.3299,6.5822,4557400,15.7
2015-02-05,6.6234,6.9168,6.6234,6.8757,1889090,16.4
2015-02-06,6.9168,7.2941,6.833,7.295,2719610,17.4
2015-02-09,7.2102,7.4198,7.1683,7.253,4540560,17.3
2015-02-10,7.4618,7.5875,7.3779,7.5046,3685400,17.9
2015-02-11,7.4618,7.6294,7.4198,7.5884,2092460,18.1
2015-02-12,7.4618,7.6294,7.336,7.4627,2683000,17.8
2015-02-13,7.4618,7.5875,7.336,7.4627,2237110,17.8
2015-02-24,7.5875,7.7971,7.5456,7.7561,2604540,18.5
2015-02-25,7.881,8.0486,7.7133,7.7561,6844330,18.5
2015-02-26,7.7552,7.9648,7.7552,7.9238,2272350,18.9
2015-02-27,7.9229,8.0067,7.7552,7.7981,2068430,18.6
2015-03-02,7.7133,7.839,7.6714,7.7561,2321900,18.5
2015-03-03,7.7552,7.881,7.7552,7.7981,2069810,18.6
2015-03-04,7.7971,7.839,7.6714,7.7981,3163180,18.6
2015-03-05,7.7971,7.839,7.5875,7.5884,2812950,18.1
2015-03-06,7.5456,7.839,7.5037,7.7561,3674670,18.5
2015-03-09,7.7552,7.7971,7.5456,7.5884,1681020,18.1
2015-03-10,7.5456,7.7133,7.5456,7.6723,1700740,18.3
2015-03-11,7.5875,7.7971,7.5875,7.6723,1830980,18.3
2015-03-12,7.6714,7.7552,7.6714,7.7142,1252200,18.4
2015-03-13,7.7552,7.881,7.7552,7.7981,2433590,18.6
2015-03-16,7.7552,7.7971,7.6714,7.6723,1402610,18.3
2015-03-17,7.6714,7.7552,7.6294,7.6723,1211420,18.3
2015-03-18,7.6294,7.6714,7.5037,7.5465,2495840,18
2015-03-19,7.6294,7.6294,7.3779,7.4207,1820330,17.7
2015-03-20,7.5875,7.5456,7.3779,7.5046,1173340,17.9
2015-03-23,7.3779,7.5875,7.2102,7.253,1769900,17.3
2015-03-24,7.1683,7.2102,7.0006,7.2111,2786500,17.2
2015-03-25,7.2522,7.3779,7.1683,7.295,1102480,17.4
2015-03-26,7.2102,7.5456,7.2102,7.4627,2105980,17.8
2015-03-27,7.5037,7.5456,7.3779,7.4207,1477530,17.7
2015-03-30,7.4198,7.4618,7.2522,7.253,1263880,17.3
2015-03-31,7.1683,7.4618,7.1683,7.3788,1169760,17.6
2015-04-01,7.3779,7.4198,7.2522,7.253,1268780,17.3
2015-04-02,7.336,7.5037,7.2522,7.5046,1271640,17.9
2015-04-03,7.5037,7.5456,7.4198,7.4627,1450020,17.8
2015-04-06,7.4618,7.5037,7.4198,7.4627,569590,17.8
2015-04-07,7.4198,7.7133,7.4198,7.7142,2636680,18.4
2015-04-08,7.7133,7.7971,7.6714,7.7561,910500,18.5
2015-04-09,7.7133,7.9229,7.7133,7.9238,2454430,18.9
2015-04-10,7.881,8.0906,7.881,7.9658,3852170,19
2015-04-13,7.9648,8.0486,7.839,7.9658,1486590,19
2015-04-14,7.9648,8.1325,7.9229,7.9658,5097900,19
2015-04-15,7.881,8.0067,7.881,7.9658,2069480,19
2015-04-16,7.9648,8.2582,7.9648,8.2173,4920810,19.6
2015-04-17,8.2163,8.3002,8.0906,8.0915,2686790,19.3
2015-04-20,8.0486,8.0906,7.9648,8.0077,1284590,19.1
2015-04-21,7.9648,8.0906,7.881,7.8819,2204810,18.8
2015-04-22,7.881,7.9648,7.7133,7.7981,2705440,18.6
2015-04-23,7.839,7.881,7.7133,7.7981,1127420,18.6
2015-04-24,7.839,7.9648,7.839,7.9658,684920,19
2015-04-27,7.9648,8.0486,7.881,7.8819,950380,18.8
2015-05-04,7.881,7.881,7.336,7.3369,1881900,17.5
2015-05-05,7.4198,7.5875,7.1683,7.5465,1981420,18
2015-05-06,7.5456,7.6294,7.3779,7.4627,761530,17.8
2015-05-07,7.3779,7.7552,7.3779,7.7142,771260,18.4
2015-05-08,7.8996,7.9884,7.7665,7.9447,1376640,17.9
2015-05-11,7.944,7.9884,7.8553,7.856,465380,17.7
2015-05-12,7.8553,7.8996,7.589,7.7672,1428100,17.5
2015-05-13,7.7665,7.8109,7.5446,7.6784,1621480,17.3
2015-05-14,7.6777,7.8553,7.589,7.7672,804260,17.5
2015-05-15,7.8109,7.8553,7.6777,7.6784,1013200,17.3
2015-05-18,7.6777,7.7221,7.5446,7.5897,677080,17.1
2015-05-19,7.6777,7.7221,7.589,7.6784,481540,17.3
2015-05-20,7.6777,7.944,7.6777,7.9003,1103900,17.8
2015-05-21,7.944,8.0328,7.8996,7.9003,984730,17.8
2015-05-22,7.8996,8.1659,7.8996,8.1223,1889170,18.3
2015-05-25,8.0772,8.2991,8.0772,8.2554,1170460,18.6
2015-05-26,8.2547,8.5653,8.2103,8.5217,2855890,19.2
2015-05-27,8.4766,8.8316,8.4322,8.6549,2260150,19.5
2015-05-28,8.6985,9.1867,8.6097,9.0099,3016040,20.3
2015-05-29,8.9648,9.1867,8.876,8.9656,2213330,20.2
2015-06-01,8.9648,9.5861,8.8316,9.2762,2520640,20.9
2015-06-02,9.2754,9.7192,9.0979,9.1431,3699620,20.6
2015-06-03,9.1867,9.4086,8.9648,9.1431,1709380,20.6
2015-06-04,9.1423,9.3642,9.0535,9.1431,2761430,20.6
2015-06-05,9.0979,9.7192,9.0979,9.6757,2937100,21.8
2015-06-08,9.8967,10.0299,9.6748,9.6757,2974130,21.8
2015-06-09,9.6748,9.7636,9.3198,9.4094,3117630,21.2
2015-06-10,9.4086,9.4529,9.1423,9.4094,2616750,21.2
2015-06-11,9.4973,9.6305,9.3198,9.4982,1450590,21.4
2015-06-12,9.4973,9.5861,9.3642,9.4094,1291230,21.2
2015-06-15,9.4529,9.7636,9.4086,9.7645,2040050,22
2015-06-16,9.8524,9.9411,9.5417,9.5425,1682910,21.5
2015-06-17,9.4086,9.6305,9.3642,9.5425,1396270,21.5
2015-06-18,9.5417,9.6305,9.4529,9.4538,697040,21.3
2015-06-19,9.5861,9.8524,9.5417,9.6757,1947610,21.8
2015-06-22,9.6748,9.9855,9.6748,9.9864,3260090,22.5
2015-06-23,9.9855,10.1186,9.8967,10.0752,1958010,22.7
2015-06-24,10.0299,10.0743,9.9411,10.0308,1771700,22.6
2015-06-25,9.9855,10.1186,9.808,10.0752,1556650,22.7
2015-06-26,10.0743,10.0743,9.5417,9.5425,2965660,21.5
2015-06-29,9.4529,9.8967,9.4086,9.8532,2151360,22.2
2015-06-30,9.7636,10.0743,9.7636,9.8088,2042130,22.1
2015-07-01,9.8524,9.8967,9.6305,9.7201,1437650,21.9
2015-07-02,9.6748,10.3849,9.6748,10.3858,4039430,23.4
2015-07-03,10.6512,11.095,10.4293,10.9184,2702600,24.6
2015-07-06,11.0506,11.3613,10.9619,11.2291,2877760,25.3
2015-07-07,11.2281,11.9826,10.9619,11.8505,3130440,26.7
2015-07-08,11.6719,12.1601,11.1394,11.4954,4433040,25.9
2015-07-09,11.1838,11.6276,11.1394,11.2291,5260640,25.3
2015-07-10,11.4057,11.4944,11.2281,11.4067,3914560,25.7
2015-07-13,11.4057,11.6276,11.1838,11.4511,2417630,25.8
2015-07-14,11.4057,11.9382,11.3169,11.7174,3092980,26.4
2015-07-15,11.7607,11.9382,11.45,11.5398,2917830,26
2015-07-16,11.45,11.5388,11.2281,11.4511,1999870,25.8
2015-07-17,11.4057,11.45,11.2725,11.2735,1601570,25.4
2015-07-20,11.095,11.2281,10.8731,11.096,2687400,25
2015-07-21,11.095,11.2725,11.0062,11.096,2000630,25
2015-07-22,11.0062,11.7163,11.0062,11.7174,1793210,26.4
2015-07-23,11.7607,11.8938,11.4944,11.4954,3037270,25.9
2015-07-24,11.4944,11.5832,11.3613,11.4067,1457980,25.7
2015-07-27,11.3613,11.7607,11.3613,11.673,1747310,26.3
2015-07-28,11.6719,11.8495,11.5388,11.5398,1836300,26
2015-07-29,11.6276,11.7163,11.4057,11.4511,1850030,25.8
2015-07-30,11.45,11.5832,11.3613,11.4954,1024140,25.9
2015-07-31,11.6276,11.7163,11.3169,11.3179,1560060,25.5
2015-08-03,11.2281,11.2281,10.7843,11.0516,3550470,24.9
2015-08-04,11.0506,11.095,10.4737,10.519,3000080,23.7
2015-08-05,10.6956,10.7843,10.5624,10.6965,1689600,24.1
2015-08-06,10.74,10.7843,10.2518,10.3858,2485570,23.4
2015-08-07,10.3849,10.4737,10.2074,10.3858,1370750,23.4
2015-08-10,10.3849,10.6068,10.3405,10.6078,741270,23.9
2015-08-11,10.6512,11.1394,10.6068,10.8741,2912710,24.5
2015-08-12,10.74,10.8287,10.5624,10.6078,1738480,23.9
2015-08-13,10.6068,10.6068,10.2074,10.2083,2592400,23
2015-08-14,10.2677,10.5929,10.1747,10.4072,1208870,22.4
2015-08-17,10.3606,10.407,9.7101,9.7568,2910110,21
2015-08-18,9.6637,10.2212,9.5708,10.2214,2133850,22
2015-08-19,9.8031,10.4535,9.8031,10.2214,1307770,22
2015-08-20,9.9889,10.2677,9.8495,9.9426,1138910,21.4
2015-08-21,9.6637,9.9424,9.292,9.8497,2601620,21.2
2015-08-24,9.8495,9.8495,9.1991,9.1992,3840300,19.8
2015-08-25,8.8274,9.5708,8.8274,9.478,2327500,20.4
2015-08-26,9.4778,10.1283,9.4778,10.1284,1858500,21.8
2015-08-27,10.3606,10.5464,10.2677,10.5001,2536570,22.6
2015-08-28,10.5,10.8252,10.4535,10.8253,2490750,23.3
2015-08-31,10.8252,10.8716,10.5929,10.7789,1706340,23.2
2015-09-01,10.6858,11.011,10.6393,10.9647,1682720,23.6
2015-09-03,10.9646,10.9646,10.6393,10.8253,1626640,23.3
2015-09-04,10.6858,10.9181,10.6858,10.686,916910,23
2015-09-07,10.9646,11.2898,10.8716,11.0577,2195310,23.8
2015-09-08,11.0575,11.8008,11.0575,11.801,4291870,25.4
2015-09-09,12.3119,12.3119,11.9402,11.9869,2989190,25.8
2015-09-10,11.7544,12.0331,11.7079,11.801,1899900,25.4
2015-09-11,11.7544,11.8938,11.5685,11.6152,1772310,25
2015-09-14,12.4048,12.4048,12.4048,12.405,1337100,26.7
2015-09-15,13.2411,13.2411,12.9159,13.2413,9105340,28.5
2015-09-16,12.3584,12.3584,12.3584,12.3586,130560,26.6
2015-09-17,11.5221,11.5221,11.5221,11.5223,68170,24.8
2015-09-18,10.7323,11.5221,10.7323,11.3829,6916750,24.5
2015-09-21,11.3827,11.615,11.1504,11.5223,761850,24.8
2015-09-22,11.5221,11.5685,11.3362,11.4293,893470,24.6
2015-09-23,11.1969,11.2898,11.0575,11.2435,2326020,24.2
2015-09-24,11.2898,11.3827,11.1039,11.1041,1178880,23.9
2015-09-25,11.1039,11.2433,11.0575,11.1506,762190,24
2015-09-28,11.1504,11.1504,10.9181,10.9183,825810,23.5
2015-09-29,10.7787,10.9646,10.7323,10.9183,1326250,23.5
2015-09-30,10.9181,11.1039,10.9181,11.0112,600380,23.7
2015-10-01,10.9646,11.1039,10.9181,10.9183,201000,23.5
2015-10-02,10.9181,10.9181,10.7787,10.7789,577300,23.2
2015-10-05,10.8716,11.011,10.8252,10.9647,499560,23.6
2015-10-06,11.1504,11.4756,11.1504,11.4293,1791950,24.6
2015-10-07,11.5221,11.5221,11.1504,11.1506,764870,24
2015-10-08,11.1504,11.3827,11.1504,11.2435,894920,24.2
2015-10-09,11.3827,11.5685,11.2433,11.3364,1805900,24.4
2015-10-12,11.2433,11.5685,11.2433,11.3829,1027720,24.5
2015-10-13,11.3827,11.5221,11.3362,11.4293,783600,24.6
2015-10-14,11.3362,11.4292,11.2898,11.3364,776170,24.4
2015-10-15,11.3827,11.4756,11.2433,11.3364,1234690,24.4
2015-10-16,11.3827,11.4756,11.2898,11.3829,1057440,24.5
2015-10-19,11.3827,11.4292,11.2898,11.3829,589810,24.5
2015-10-20,11.3362,11.3827,11.1504,11.1506,992240,24
2015-10-21,11.1504,11.2898,11.0575,11.1506,749170,24
2015-10-22,11.1504,11.3362,11.0575,11.197,312420,24.1
2015-10-23,11.3827,11.4756,11.2898,11.4293,1075700,24.6
2015-10-26,11.4756,11.4756,11.2898,11.29,743780,24.3
2015-10-27,11.3362,11.4292,11.2898,11.3364,759540,24.4
2015-10-28,11.2898,11.3827,11.1504,11.1506,583210,24
2015-10-29,11.2433,11.2898,11.1504,11.2435,729800,24.2
2015-10-30,11.1969,11.2898,11.1504,11.197,444740,24.1
2015-11-02,11.1504,11.3362,11.1504,11.197,856570,24.1
2015-11-03,11.1969,11.1969,11.0575,11.1506,686240,24
2015-11-04,11.1504,11.2433,11.011,11.0112,755690,23.7
2015-11-05,10.9646,11.0575,10.9181,10.9647,578350,23.6
2015-11-06,10.9646,11.1504,10.8716,10.9647,700470,23.6
2015-11-09,10.9646,11.1039,10.9181,11.0112,360310,23.7
2015-11-10,11.011,11.011,10.8252,10.8718,644920,23.4
2015-11-11,10.8716,10.9181,10.7323,10.7324,285280,23.1
2015-11-12,10.7323,10.8716,10.6393,10.8253,722320,23.3
2015-11-13,10.8252,11.011,10.6858,11.0112,577460,23.7
2015-11-16,10.9646,11.011,10.8252,10.9183,204700,23.5
2015-11-17,10.9646,10.9646,10.8252,10.8718,487770,23.4
2015-11-18,10.8716,10.9181,10.8252,10.8718,376510,23.4
2015-11-19,10.9181,10.9646,10.8252,10.8718,222220,23.4
2015-11-20,10.8716,10.9181,10.7787,10.9183,796570,23.5
2015-11-23,10.8252,10.9181,10.7787,10.7789,483040,23.2
2015-11-24,10.7323,10.7787,10.5929,10.6395,573180,22.9
2015-11-25,10.5464,10.6858,10.407,10.5001,449700,22.6
2015-11-26,9.9424,10.2212,9.9424,10.0355,2465300,21.6
2015-11-27,10.0818,10.0818,9.8495,9.8961,1031890,21.3
2015-11-30,9.7566,9.7566,9.3385,9.478,1245420,20.4
2015-12-01,9.4314,9.6637,9.3849,9.6174,798460,20.7
2015-12-02,9.6637,10.0818,9.6637,9.8497,1343120,21.2
2015-12-03,9.9424,9.9424,9.8495,9.8961,903160,21.3
2015-12-04,9.8031,9.8495,9.6637,9.6638,580460,20.8
2015-12-07,9.5243,9.6637,9.4778,9.5244,615120,20.5
2015-12-08,9.4314,9.7566,9.3849,9.7568,859320,21
2015-12-09,9.8495,9.8495,9.5708,9.5709,317220,20.6
2015-12-10,9.4314,9.5708,9.3849,9.4315,685510,20.3
2015-12-11,9.3849,9.4778,9.3385,9.3386,938690,20.1
2015-12-14,9.292,9.4778,9.2455,9.2921,479600,20
2015-12-15,9.292,9.4314,9.1991,9.2921,1710810,20
2015-12-16,9.292,9.6637,9.292,9.5709,6453910,20.6
2015-12-17,10.1283,10.1283,9.8495,9.9891,1962310,21.5
2015-12-18,9.8031,9.9889,9.8031,9.8961,1297640,21.3
2015-12-21,9.7101,9.7566,9.5708,9.6174,2292130,20.7
2015-12-22,9.6172,9.896,9.5708,9.7103,1438220,20.9
2015-12-23,9.7101,9.8495,9.6172,9.6174,660920,20.7
2015-12-24,9.7101,9.7101,9.5243,9.5244,625710,20.5
2015-12-25,9.5243,9.6637,9.4778,9.478,1179440,20.4
2015-12-28,9.4778,9.5243,9.292,9.3851,1567150,20.2
2015-12-29,9.4314,9.6172,9.3385,9.6174,979430,20.7
2015-12-30,9.6637,9.8031,9.6172,9.6638,1242400,20.8
2015-12-31,9.6172,9.7101,9.5243,9.5709,1000490,20.6
2016-01-04,9.3849,9.6637,9.3849,9.3851,1019270,20.2
2016-01-05,9.3849,9.4778,9.292,9.3386,1104280,20.1
2016-01-06,9.292,9.4314,9.292,9.3851,895200,20.2
2016-01-07,9.3385,9.3849,8.8274,8.9669,2583350,19.3
2016-01-08,8.9668,8.9668,8.5022,8.7346,1217770,18.8
2016-01-11,8.8274,8.9668,8.7809,8.8275,902550,19
2016-01-12,8.8274,8.9668,8.8274,8.9669,615630,19.3
2016-01-13,9.0132,9.0597,8.7809,8.8275,528540,19
2016-01-14,8.7345,8.7809,8.5486,8.5952,1115000,18.5
2016-01-15,8.5951,8.7345,8.2699,8.27,1334000,17.8
2016-01-18,8.084,8.084,7.7124,7.7125,3664530,16.6
2016-01-19,7.7124,7.9911,7.7124,7.9448,1606710,17.1
2016-01-20,7.9447,7.9447,7.8053,7.8519,760120,16.9
2016-01-21,7.8053,7.8517,7.3407,7.3408,2699730,15.8
2016-01-22,7.3407,7.3871,6.8296,6.9691,5376560,15
2016-01-25,7.2478,7.4336,7.2013,7.4337,1964520,16
2016-01-26,7.573,7.8053,7.2013,7.666,2678070,16.5
2016-01-27,7.6659,8.0376,7.6194,7.9912,2314620,17.2
2016-01-28,8.1305,8.1305,7.6659,7.666,1853090,16.5
2016-01-29,7.6659,7.8517,7.6194,7.8054,1764470,16.8
2016-02-01,7.6659,7.8517,7.573,7.5731,1626710,16.3
2016-02-02,7.573,7.8053,7.4336,7.5266,824540,16.2
2016-02-03,7.4801,7.6194,7.4336,7.6196,718690,16.4
2016-02-04,7.6659,7.7124,7.5265,7.5266,1099370,16.2
2016-02-05,7.5265,7.6194,7.4801,7.6196,490750,16.4
2016-02-15,7.573,7.6659,7.4801,7.6196,452890,16.4
2016-02-16,7.6659,7.6659,7.5265,7.5731,781240,16.3
2016-02-17,7.573,7.573,7.4336,7.4337,1511740,16
2016-02-18,7.5265,7.6194,7.4801,7.4802,1277910,16.1
2016-02-19,7.5265,7.7588,7.4801,7.666,1647780,16.5
2016-02-22,7.7588,7.9911,7.7124,7.9912,2247920,17.2
2016-02-23,8.0376,8.084,7.8517,7.8983,1871900,17
2016-02-24,7.8517,8.4093,7.8053,8.4094,5780650,18.1
2016-02-25,8.6416,8.8274,8.4093,8.5023,3264500,18.3
2016-02-26,8.5951,8.688,8.4557,8.5488,1813600,18.4
2016-02-29,8.4557,8.5022,8.2234,8.2235,2484180,17.7
2016-03-01,8.2234,8.4093,8.2234,8.2235,1866330,17.7
2016-03-02,8.3628,8.5022,8.3163,8.5023,1811300,18.3
2016-03-03,8.4557,8.5486,8.3628,8.4559,1274450,18.2
2016-03-04,8.4557,8.5022,8.4093,8.4094,1180200,18.1
2016-03-07,8.4557,8.4557,8.3163,8.3165,1713710,17.9
2016-03-08,8.3163,8.3628,8.2234,8.27,1485440,17.8
2016-03-09,8.2699,8.3163,8.0376,8.0842,1236990,17.4
2016-03-10,8.177,8.2234,8.084,8.2235,951910,17.7
2016-03-11,8.3163,8.3628,8.2234,8.2235,1299460,17.7
2016-03-14,8.2699,8.3163,8.177,8.2235,968310,17.7
2016-03-15,8.2234,8.2234,8.084,8.1306,1208710,17.5
2016-03-16,8.1305,8.2699,8.084,8.2235,1398670,17.7
2016-03-17,8.2234,8.3163,8.2234,8.2235,970590,17.7
2016-03-18,8.2234,8.2234,8.0376,8.1771,954300,17.6
2016-03-21,8.2234,8.3163,8.177,8.1771,1464080,17.6
2016-03-22,8.177,8.177,8.0376,8.0377,1313850,17.3
2016-03-23,8.0376,8.177,8.0376,8.1771,994300,17.6
2016-03-24,8.1305,8.1305,7.9911,7.9912,943010,17.2
2016-03-25,7.9911,8.0376,7.8517,8.0377,1473220,17.3
2016-03-28,8.084,8.084,7.9447,7.9912,580320,17.2
2016-03-29,7.8982,7.9911,7.8517,7.8519,697840,16.9
2016-03-30,7.8517,7.8982,7.7588,7.8519,824140,16.9
2016-03-31,7.9447,7.9911,7.7588,7.7589,769430,16.7
2016-04-01,7.8053,7.8982,7.7124,7.7125,1187420,16.6
2016-04-04,7.7124,7.8982,7.6659,7.666,764980,16.5
2016-04-05,7.6659,7.7588,7.6659,7.7125,437370,16.6
2016-04-06,7.7124,7.8517,7.7124,7.8519,1197530,16.9
2016-04-07,7.8982,7.8982,7.8053,7.8519,452990,16.9
2016-04-08,7.8517,7.8517,7.8053,7.8054,259830,16.8
2016-04-11,7.8053,7.8517,7.6659,7.7589,1312000,16.7
2016-04-12,7.6659,7.7124,7.4801,7.5266,1533930,16.2
2016-04-13,7.3407,7.4801,7.2013,7.3408,2085010,15.8
2016-04-14,7.3407,7.573,7.2942,7.3873,1642570,15.9
2016-04-15,7.5265,7.5265,7.3871,7.4337,701360,16
2016-04-19,7.3871,7.3871,7.2478,7.2479,1099770,15.6
2016-04-20,7.2942,7.3871,7.2478,7.2943,1067790,15.7
2016-04-21,7.3407,7.3871,7.2478,7.3873,854710,15.9
2016-04-22,7.3407,7.8982,7.2942,7.8983,2817020,17
2016-04-25,8.1305,8.3628,8.1305,8.1306,3955540,17.5
2016-04-26,8.1305,8.1305,7.9447,8.0377,956530,17.3
2016-04-27,8.084,8.084,7.8053,7.8983,1222870,17
2016-04-28,7.8982,7.9447,7.6659,7.666,866470,16.5
2016-04-29,7.6659,8.1305,7.6659,8.1306,3038650,17.5
2016-05-04,8.0376,8.2234,7.8982,8.0377,1426100,17.3
2016-05-05,7.9911,8.3628,7.9911,8.2235,3034260,17.7
2016-05-06,8.2234,8.5486,8.2234,8.4094,4363520,18.1
2016-05-09,8.4557,8.5486,8.2234,8.27,2115080,17.8
2016-05-10,8.2234,8.5951,8.1305,8.5023,3716070,18.3
2016-05-11,8.5951,8.688,8.5486,8.6417,3121100,18.6
2016-05-12,8.688,8.688,8.5486,8.6882,2149990,18.7
2016-05-13,8.6416,8.7809,8.5951,8.6882,3104020,18.7
2016-05-16,8.6416,8.7345,8.5951,8.6417,1573350,18.6
2016-05-17,8.7345,8.9203,8.688,8.8275,3209630,19
2016-05-18,8.8274,8.9668,8.7809,8.8275,1985700,19
2016-05-19,8.7809,8.8274,8.6416,8.6417,966170,18.6
2016-05-20,8.6416,8.7345,8.4557,8.5023,1977000,18.3
2016-05-23,8.5022,8.5486,8.3163,8.3165,1529710,17.9
2016-05-24,8.3163,8.4093,8.2234,8.3165,1644700,17.9
2016-05-25,8.3628,8.4557,8.3163,8.3165,938560,17.9
2016-05-26,8.2699,8.3163,8.084,8.1306,1602380,17.5
2016-05-27,8.1305,8.2699,8.0376,8.27,1466540,17.8
2016-05-30,8.2699,8.4557,8.2234,8.4094,661330,18.1
2016-05-31,8.4557,8.5486,8.4093,8.4559,1813280,18.2
2016-06-01,8.3628,8.5486,8.3628,8.5023,1032960,18.3
2016-06-02,8.5022,8.5951,8.4557,8.5952,834990,18.5
2016-06-03,8.5951,8.6416,8.5022,8.5023,1115540,18.3
2016-06-06,8.5022,8.5022,8.3628,8.4559,1083280,18.2
2016-06-07,8.5022,8.5022,8.3628,8.4094,1149500,18.1
2016-06-08,8.3628,8.5951,8.3628,8.5023,1699270,18.3
2016-06-09,8.5022,8.7809,8.4557,8.7346,2943510,18.8
2016-06-10,8.688,8.8274,8.6416,8.6417,3935310,18.6
2016-06-13,8.5951,8.6416,8.4557,8.5023,886660,18.3
2016-06-14,8.4093,8.5022,8.3628,8.4094,1115200,18.1
2016-06-15,8.3628,8.5022,8.3628,8.4094,867900,18.1
2016-06-16,8.4557,8.5022,8.3628,8.3629,819390,18
2016-06-17,8.3628,8.4093,8.2234,8.3629,965090,18
2016-06-20,8.3163,8.3628,8.2699,8.3629,595980,18
2016-06-21,8.4557,8.4557,8.3163,8.3629,575810,18
2016-06-22,8.3628,8.3628,8.2699,8.3165,371290,17.9
2016-06-23,8.3163,8.4093,8.2699,8.3629,764500,18
2016-06-24,8.3163,8.3163,7.8517,8.2235,1936510,17.7
2016-06-27,8.0376,8.1305,7.9447,8.1306,799990,17.5
2016-06-28,8.1305,8.1305,7.9911,8.1306,351720,17.5
2016-06-29,8.1305,8.2699,8.084,8.1771,1083530,17.6
2016-06-30,8.177,8.2234,8.084,8.1306,639570,17.5
2016-07-01,8.084,8.177,8.0376,8.0842,788490,17.4
2016-07-04,8.084,8.1305,7.9447,8.1306,1555770,17.5
2016-07-05,8.1305,8.4557,8.084,8.3629,2066340,18
2016-07-06,8.2699,8.3163,8.2234,8.3165,598240,17.9
2016-07-07,8.2699,8.3163,8.2234,8.3165,602090,17.9
2016-07-08,8.3163,8.3163,8.0376,8.27,1266730,17.8
2016-07-11,8.2699,8.4093,8.1305,8.27,2012310,17.8
2016-07-12,8.3163,8.3163,8.177,8.27,687640,17.8
2016-07-13,8.2699,8.688,8.2699,8.5952,4327780,18.5
2016-07-14,8.6416,8.8739,8.6416,8.6417,4315400,18.6
2016-07-15,8.5951,8.6416,8.5022,8.5952,1123160,18.5
2016-07-18,8.5022,8.688,8.4093,8.6417,2082080,18.6
2016-07-19,8.6416,8.6416,8.2699,8.3629,2758450,18
2016-07-20,8.3628,8.4093,8.2234,8.2235,1363320,17.7
2016-07-21,8.2234,8.3163,8.177,8.2235,1705470,17.7
2016-07-22,8.177,8.2234,8.0376,8.2235,2009510,17.7
2016-07-25,8.2234,8.2699,8.1305,8.1771,581260,17.6
2016-07-26,8.177,8.2234,8.084,8.1306,858490,17.5
2016-07-27,8.2234,8.2699,8.084,8.2235,1091370,17.7
2016-07-28,8.177,8.2699,8.1305,8.1771,501590,17.6
2016-07-29,8.1305,8.177,8.084,8.1771,805210,17.6
2016-08-01,8.2699,8.2699,8.084,8.1771,707890,17.6
2016-08-02,8.1305,8.1305,7.8982,7.9448,1169700,17.1
2016-08-03,7.9911,7.9911,7.8053,7.9448,1317460,17.1
2016-08-04,7.9447,7.9911,7.8517,7.8519,1128240,16.9
2016-08-05,7.7588,7.8053,7.573,7.7589,1690970,16.7
2016-08-08,7.6659,7.7124,7.5265,7.7125,1551990,16.6
2016-08-09,7.7124,7.7588,7.6194,7.666,519900,16.5
2016-08-10,7.573,7.8517,7.573,7.8519,1148170,16.9
2016-08-11,7.8517,8.0376,7.7588,8.0377,1228890,17.3
2016-08-12,7.9447,8.0376,7.8053,7.9448,434800,17.1
2016-08-15,7.8517,7.9447,7.8053,7.9448,632830,17.1
2016-08-16,7.9447,7.9447,7.8053,7.8519,827940,16.9
2016-08-17,7.8517,7.8982,7.7588,7.8519,285200,16.9
2016-08-18,7.8053,7.8053,7.6659,7.7589,1343540,16.7
2016-08-19,7.7588,7.7588,7.573,7.7125,2029450,16.6
2016-08-22,7.6194,7.7124,7.6194,7.666,1257980,16.5
2016-08-23,7.6194,7.6659,7.573,7.666,903350,16.5
2016-08-24,7.6659,7.6659,7.5265,7.5731,1612330,16.3
2016-08-25,7.573,7.6194,7.4801,7.5731,703200,16.3
2016-08-26,7.6194,7.7588,7.573,7.6196,1297270,16.4
2016-08-29,7.6659,7.7124,7.6194,7.666,1091630,16.5
2016-08-30,7.6194,7.6659,7.573,7.666,466210,16.5
2016-08-31,7.6194,7.6659,7.573,7.6196,734920,16.4
2016-09-01,7.6194,7.6194,7.4801,7.6196,900430,16.4
2016-09-05,7.573,7.6194,7.3871,7.6196,1306300,16.4
2016-09-06,7.4801,7.573,7.4801,7.4802,828750,16.1
2016-09-07,7.4801,7.5265,7.3871,7.4802,1329560,16.1
2016-09-08,7.573,7.573,7.4336,7.5731,541640,16.3
2016-09-09,7.5265,7.573,7.5265,7.5731,447890,16.3
2016-09-12,7.6194,7.6427,7.4801,7.5731,815890,16.3
2016-09-13,7.5265,7.573,7.4801,7.5266,477480,16.2
2016-09-14,7.4336,7.4801,7.3871,7.3873,652350,15.9
2016-09-15,7.3871,7.4336,7.3175,7.3873,916150,15.9
2016-09-16,7.3871,7.3871,7.2478,7.364,758660,15.85
2016-09-19,7.3871,7.4104,7.3175,7.3408,367810,15.8
2016-09-20,7.3175,7.4336,7.2245,7.4337,983190,16
2016-09-21,7.3407,7.573,7.3407,7.4802,960130,16.1
2016-09-22,7.4801,7.573,7.4336,7.4569,502770,16.05
2016-09-23,7.4568,7.4568,7.3639,7.4569,753340,16.05
2016-09-26,7.4568,7.4568,7.3407,7.4105,775690,15.95
2016-09-27,7.3407,7.8053,7.3407,7.8054,4499140,16.8
2016-09-28,7.8053,8.0608,7.7588,8.0609,3589280,17.35
2016-09-29,8.0376,8.0376,7.7821,7.8983,1270170,17
2016-09-30,7.7588,7.9447,7.7356,7.8983,1672670,17
2016-10-03,7.8982,7.9447,7.7821,7.8983,1677100,17
2016-10-04,7.8517,8.0608,7.8285,7.9448,1684540,17.1
2016-10-05,7.9447,8.1073,7.8982,8.0377,1597280,17.3
2016-10-06,8.0144,8.0608,7.9214,8.0377,2478390,17.3
2016-10-07,7.9911,8.0376,7.875,7.8983,905070,17
2016-10-10,7.875,7.9447,7.7588,7.7822,778870,16.75
2016-10-11,7.7821,7.8053,7.6194,7.8054,1974890,16.8
2016-10-12,7.8053,7.8517,7.7588,7.8054,422240,16.8
2016-10-13,7.7821,7.8053,7.7588,7.8054,421910,16.8
2016-10-14,7.7588,7.9447,7.7356,7.8983,2349780,17
2016-10-17,7.8517,7.9679,7.8517,7.9448,897530,17.1
2016-10-18,7.9447,7.9447,7.7821,7.8983,251130,17
2016-10-19,7.8285,8.2234,7.8285,8.2235,5957570,17.7
2016-10-20,8.2699,8.2699,8.1305,8.1771,2281060,17.6
2016-10-21,8.084,8.2234,8.084,8.1771,929330,17.6
2016-10-24,8.2699,8.3163,8.177,8.2003,3458020,17.65
2016-10-25,8.2002,8.2002,7.9911,8.1074,2232770,17.45
2016-10-26,8.0376,8.1305,7.8982,8.0145,1230860,17.25
2016-10-27,7.9447,7.9679,7.7588,7.7589,2307600,16.7
2016-10-28,7.8053,7.9911,7.7821,7.9448,1926490,17.1
2016-10-31,7.7588,7.9911,7.7588,7.7589,1090960,16.7
2016-11-01,7.7588,7.8982,7.7356,7.8983,1407290,17
2016-11-02,7.8982,7.8982,7.7588,7.8286,1422400,16.85
2016-11-03,7.925,7.925,7.7538,7.8772,1917430,16.1
2016-11-04,7.7783,7.925,7.7294,7.9261,1590540,16.2
2016-11-07,7.8027,7.925,7.7294,7.7304,1291320,15.8
2016-11-08,7.7294,7.8272,7.7049,7.7059,650940,15.75
2016-11-09,7.7294,7.7294,7.2402,7.7304,1444880,15.8
2016-11-10,7.7783,7.7783,7.6804,7.7304,1048200,15.8
2016-11-11,7.6804,7.7538,7.6071,7.6815,730860,15.7
2016-11-14,7.7049,7.7049,7.4848,7.5102,1117210,15.35
2016-11-15,7.5092,7.5826,7.4848,7.5102,943440,15.35
2016-11-16,7.5092,7.5826,7.5092,7.5592,554170,15.45
2016-11-17,7.5581,7.5581,7.4848,7.4858,680780,15.3
2016-11-18,7.5092,7.5092,7.4358,7.4858,837340,15.3
2016-11-21,7.5337,7.6804,7.5337,7.5836,2002790,15.5
2016-11-22,7.5826,7.8761,7.5826,7.8772,1905030,16.1
2016-11-23,7.925,7.9984,7.8761,7.8772,3221530,16.1
2016-11-24,7.8761,7.8761,7.6804,7.8283,617020,16
2016-11-25,7.8272,7.8272,7.6804,7.7793,840410,15.9
2016-11-28,7.7294,7.7294,7.6071,7.6815,1818540,15.7
2016-11-29,7.6804,7.7049,7.4358,7.4368,1665320,15.2
2016-11-30,7.5337,7.5581,7.4114,7.4858,2368910,15.3
2016-12-01,7.5337,7.5337,7.4603,7.5347,2936240,15.4
2016-12-02,7.5092,7.5337,7.4358,7.4858,1335510,15.3
2016-12-05,7.4848,7.4848,7.338,7.4368,1640570,15.2
2016-12-06,7.3625,7.3869,7.0934,7.2167,2279090,14.75
2016-12-07,7.2157,7.2646,7.1668,7.2167,1784350,14.75
2016-12-08,7.2157,7.2646,7.1668,7.2411,1623610,14.8
2016-12-09,7.2402,7.2891,7.1668,7.2167,772520,14.75
2016-12-12,7.1423,7.2157,7.0689,7.1433,1565240,14.6
2016-12-13,7.0934,7.0934,6.8488,6.9965,2488130,14.3
2016-12-14,6.8977,7.4358,6.8733,7.4368,1762620,15.2
2016-12-15,7.2402,7.338,7.0934,7.339,2157870,15
2016-12-16,7.1179,7.2402,7.1179,7.1677,1663470,14.65
2016-12-19,7.1668,7.338,7.1668,7.2167,1823730,14.75
2016-12-20,7.2402,7.2646,7.1668,7.2167,1298970,14.75
2016-12-21,7.2157,7.2891,7.1179,7.2901,1778310,14.9
2016-12-22,7.2157,7.2157,7.0934,7.1433,967740,14.6
2016-12-23,7.1423,7.1423,7.02,7.1433,1837280,14.6
2016-12-26,7.1423,7.2157,7.1179,7.1433,1127830,14.6
2016-12-27,7.1423,7.1423,7.02,7.0944,1463890,14.5
2016-12-28,7.1179,7.1179,6.9956,7.0699,1805210,14.45
2016-12-29,7.0445,7.0689,6.9466,6.9965,1707820,14.3
2016-12-30,6.9711,7.0445,6.9466,6.9476,1439980,14.2
2017-01-03,7.02,7.4114,7.02,7.4124,4954000,15.15
2017-01-04,7.4848,7.6804,7.4848,7.5592,4674470,15.45
2017-01-05,7.5092,7.6804,7.4358,7.5347,1988580,15.4
2017-01-06,7.4358,7.8517,7.4358,7.7059,6338280,15.75
2017-01-09,7.7294,8.0229,7.7294,7.9261,6160700,16.2
2017-01-10,7.8761,7.925,7.8027,7.8772,2471780,16.1
2017-01-11,7.925,8.1207,7.8517,8.1218,7292910,16.6
2017-01-12,8.1207,8.1207,8.0229,8.0729,3541500,16.5
2017-01-13,8.0718,8.0963,7.9006,7.9506,3414240,16.25
2017-01-16,7.9495,7.974,7.7294,7.7304,2739610,15.8
2017-01-17,7.8761,8.243,7.8027,8.2197,6538420,16.8
2017-01-18,8.2186,8.4632,8.0473,8.0484,5523490,16.45
2017-01-19,7.9984,8.1452,7.974,8.0484,1997400,16.45
2017-01-20,8.0718,8.2675,8.0229,8.1463,3226890,16.65
2017-01-23,8.1696,8.3164,8.1207,8.2441,3412290,16.85
2017-01-24,8.243,8.3898,8.243,8.3175,3130040,17
2017-01-25,8.3164,8.3164,8.0718,8.2686,2424360,16.9
2017-02-02,8.2675,8.4142,8.1452,8.4154,3033030,17.2
2017-02-03,8.4142,8.5855,8.3409,8.4154,4057580,17.2
2017-02-06,8.4142,8.5121,8.3164,8.4154,2896390,17.2
2017-02-07,8.3409,8.4876,8.2919,8.3665,3550940,17.1
2017-02-08,8.3653,8.4142,8.243,8.3175,3716420,17
2017-02-09,8.3164,8.3898,8.243,8.2441,3894230,16.85
2017-02-10,8.243,8.3898,8.2186,8.3665,3882460,17.1
2017-02-13,8.3653,8.3898,8.243,8.2441,2356920,16.85
2017-02-14,8.2675,8.3409,8.243,8.3175,3452520,17
2017-02-15,8.2919,8.5121,8.243,8.4888,3866520,17.35
2017-02-16,8.4387,8.5365,8.3164,8.3175,4207540,17
2017-02-17,8.2675,8.3409,8.1941,8.2686,2315410,16.9
2017-02-20,8.2186,8.243,8.0718,8.1218,4319650,16.6
2017-02-21,8.1452,8.243,8.1452,8.1707,3466220,16.7
2017-02-22,8.1941,8.2186,8.0718,8.1218,2027200,16.6
2017-02-23,8.1207,8.1696,7.9984,8.1463,1917960,16.65
2017-02-24,8.0718,8.2186,8.0718,8.1463,2717550,16.65
2017-02-27,8.1696,8.1696,8.0473,8.1707,1299320,16.7
2017-02-28,8.1452,8.1696,8.0229,8.0484,1374710,16.45
2017-03-01,8.0473,8.0473,7.8761,7.975,2971500,16.3
2017-03-02,8.0229,8.0718,7.8517,7.8527,2357980,16.05
2017-03-03,7.8761,8.0229,7.7294,8.024,3291400,16.4
2017-03-06,8.1207,8.1696,8.0229,8.1218,2663090,16.6
2017-03-07,8.1207,8.1207,8.0229,8.0729,1229860,16.5
2017-03-08,8.0229,8.1941,7.974,8.1218,2091720,16.6
2017-03-09,8.1207,8.2919,8.0963,8.2197,4635690,16.8
2017-03-10,8.0963,8.2675,8.0963,8.0974,2210220,16.55
2017-03-13,8.0718,8.0963,7.974,8.0729,1377930,16.5
2017-03-14,7.9984,8.0718,7.974,8.024,2190590,16.4
2017-03-15,7.974,8.0473,7.9495,8.0484,1177930,16.45
2017-03-16,8.0473,8.0963,7.9495,7.9995,1860750,16.35
2017-03-17,7.9984,8.1941,7.974,8.1707,4646040,16.7
2017-03-20,8.1696,8.2186,8.0473,8.1952,3017280,16.75
2017-03-21,8.2186,8.5121,8.2186,8.5132,10006770,17.4
2017-03-22,8.5121,8.6344,8.4632,8.5132,9321930,17.4
2017-03-23,8.5121,8.6344,8.4142,8.5377,3455890,17.45
2017-03-24,8.6344,8.7567,8.5121,8.7579,8242990,17.9
2017-03-27,8.8056,8.879,8.6344,8.6845,7212840,17.75
2017-03-28,8.6099,8.7078,8.5121,8.5132,3129920,17.4
2017-03-29,8.5365,8.5365,8.3653,8.5132,4029300,17.4
2017-03-30,8.5121,8.7322,8.4876,8.6845,5467270,17.75
2017-03-31,8.6833,8.6833,8.5121,8.5866,2402720,17.55
2017-04-03,8.5365,8.5855,8.3898,8.3909,3046160,17.15
2017-04-04,8.4632,8.5365,8.3409,8.4154,3160690,17.2
2017-04-05,8.4142,8.4876,8.3653,8.3909,3256600,17.15
2017-04-07,8.3653,8.4387,8.2186,8.3665,4065580,17.1
2017-04-10,8.4142,8.4387,8.3164,8.3175,3210070,17
2017-04-11,8.3164,8.3409,8.1941,8.3175,3274570,17
2017-04-12,8.3164,8.4142,8.2186,8.3175,3272610,17
2017-04-13,8.2675,8.3653,8.2186,8.2686,4017550,16.9
2017-04-14,8.1696,8.3409,8.0473,8.342,4089000,17.05
2017-04-17,8.3164,8.3409,8.0229,8.024,2640550,16.4
2017-04-18,8.0229,8.0718,7.925,8.0729,3394390,16.5
2017-04-19,8.0718,8.0718,7.974,7.975,2200740,16.3
2017-04-20,7.974,8.2675,7.9006,8.1218,3276820,16.6
2017-04-21,8.1941,8.2675,8.0718,8.0974,2322130,16.55
2017-04-24,8.0718,8.1207,7.974,7.9995,915040,16.35
2017-04-25,8.0229,8.0718,7.925,7.9995,2039700,16.35
2017-04-26,7.974,8.1941,7.9006,8.0729,3093360,16.5
2017-04-27,8.0718,8.1696,8.0473,8.1218,1305200,16.6
2017-04-28,7.974,8.1696,7.974,8.1218,4054470,16.6
2017-05-03,8.1207,8.2186,8.0718,8.1218,2134200,16.6
2017-05-04,8.1207,8.3409,8.0473,8.2197,3603070,16.8
2017-05-05,8.2186,8.2186,8.0229,8.0974,2558190,16.55
2017-05-08,8.1452,8.1452,7.974,8.0729,2750130,16.5
2017-05-09,8.0229,8.1696,7.9984,8.1218,3390050,16.6
2017-05-10,8.1207,8.4632,8.1207,8.3665,6204060,17.1
2017-05-11,8.3653,8.4387,8.3164,8.3175,3438740,17
2017-05-12,8.3164,8.4632,8.2675,8.2931,3232780,16.95
2017-05-15,8.2675,8.2919,8.1696,8.2686,3094730,16.9
2017-05-16,8.3164,8.3409,8.1696,8.2686,3557650,16.9
2017-05-17,8.2186,8.2675,8.1452,8.1707,2289770,16.7
2017-05-18,8.1696,8.3409,8.1452,8.2197,3270310,16.8
2017-05-19,8.243,8.4142,8.1941,8.4154,5387170,17.2
2017-05-22,8.5121,9.0013,8.5121,9.0025,15701040,18.4
2017-05-23,9.0013,9.3682,8.879,9.0759,10107090,18.55
2017-05-24,9.0257,9.466,8.9524,9.4184,9620910,19.25
2017-05-25,9.4171,9.6372,9.2948,9.345,8562650,19.1
2017-05-26,9.2948,9.5394,9.2948,9.5407,6662620,19.5
2017-05-29,9.5394,9.6862,9.2459,9.2961,6835440,19
2017-05-30,9.2459,9.3926,8.9768,8.978,7521710,18.35
2017-05-31,8.9768,9.0991,8.879,9.027,4665780,18.45
2017-06-01,9.0502,9.1236,8.9524,8.9536,3182440,18.3
2017-06-02,8.9524,9.0013,8.7811,8.9291,5040700,18.25
2017-06-05,9.0502,9.197,9.0013,9.1493,3173120,18.7
2017-06-06,9.0991,9.5149,9.0502,9.4918,8701470,19.4
2017-06-07,9.5394,9.6617,9.4416,9.4918,6665550,19.4
2017-06-08,9.4416,9.4905,9.2459,9.345,3776460,19.1
2017-06-09,9.3437,9.4171,9.197,9.2227,4780100,18.85
2017-06-12,9.2459,9.4171,9.1725,9.2716,4459550,18.95
2017-06-13,9.2948,9.6372,9.2459,9.5407,4418920,19.5
2017-06-14,9.6372,9.8329,9.6128,9.7853,7438470,20
2017-06-15,9.8329,9.8329,9.6128,9.6875,5827220,19.8
2017-06-16,9.6372,9.7351,9.6128,9.663,3740610,19.75
2017-06-19,9.784,9.8085,9.6862,9.7853,4812540,20
2017-06-20,9.9308,10.0775,9.8329,10.0544,6648680,20.55
2017-06-21,9.9797,10.0775,9.7106,9.9321,7245070,20.3
2017-06-22,9.9797,10.0286,9.7106,9.7119,4700650,19.85
2017-06-23,9.6372,9.7351,9.5883,9.7364,4067480,19.9
2017-06-26,9.7351,9.9552,9.6862,9.8832,4079030,20.2
2017-06-27,9.8818,9.9552,9.7351,9.7364,3955780,19.9
2017-06-28,9.7106,9.8818,9.6372,9.7609,3584220,19.95
2017-06-29,9.8574,10.0775,9.8574,9.9321,5414500,20.3
2017-06-30,9.8818,9.9797,9.8818,9.981,2718220,20.4
2017-07-03,9.9797,10.2487,9.9797,10.1278,3702190,20.7
2017-07-04,10.2243,10.2243,9.8818,9.9321,3960190,20.3
2017-07-05,9.9552,10.0041,9.8818,9.981,3792250,20.4
2017-07-06,10.0286,10.1264,9.8574,9.9321,5082620,20.3
2017-07-07,9.9308,10.0775,9.8574,9.8832,4883780,20.2
2017-07-10,9.8818,9.9308,9.6372,9.6385,4280320,19.7
2017-07-11,9.6372,9.6617,9.3193,9.6385,2406080,19.7
2017-07-12,9.6372,9.6372,9.4416,9.4428,2218530,19.3
2017-07-13,9.4416,9.6128,9.4171,9.5652,1427810,19.55
2017-07-14,9.6372,9.6372,9.4416,9.4428,1615650,19.3
2017-07-17,9.5149,9.5394,9.2214,9.2471,2508150,18.9
2017-07-18,9.2214,9.3437,9.148,9.2716,1988430,18.95
2017-07-19,9.3682,9.4171,9.2948,9.3205,1785650,19.05
2017-07-20,9.4171,9.5883,9.2948,9.5896,2885390,19.6
2017-07-21,9.6372,9.6862,9.4171,9.4184,2846690,19.25
2017-07-24,9.3926,9.5394,9.2703,9.4918,1521320,19.4
2017-07-25,9.4905,10.0286,9.4905,10.03,4854620,20.5
2017-07-26,9.9797,10.2243,9.9552,10.0789,4938950,20.6
2017-07-27,10.0775,10.1998,9.9797,10.1278,3954610,20.7
2017-07-28,10.1998,10.371,10.0775,10.2746,5408060,21
2017-07-31,10.3221,10.9336,10.3221,10.8617,6728350,22.2
2017-08-01,10.7624,10.9336,10.6646,10.8617,3554410,22.2
2017-08-02,10.689,11.2271,10.5912,10.984,6829100,22.45
2017-08-03,10.9581,11.2516,10.9581,11.2042,4418090,22.9
2017-08-04,11.2027,11.2027,10.9581,10.9596,2565930,22.4
2017-08-07,10.8602,11.0315,10.8602,11.0085,3107320,22.5
2017-08-08,11.0559,11.1048,10.9581,11.0574,2963240,22.6
2017-08-09,11.1583,11.1583,10.3,10.3003,9682480,20.4
2017-08-10,10.199,10.5019,9.7951,10.2498,4450650,20.3
2017-08-11,10.199,10.3,9.997,10.2498,2439370,20.3
2017-08-14,10.2495,10.5019,10.098,10.5023,1736920,20.8
2017-08-15,10.4767,10.5019,10.2495,10.2498,1784120,20.3
2017-08-16,10.2495,10.3,9.997,10.0984,2001570,20
2017-08-17,10.098,10.1737,9.6436,9.6944,5639850,19.2
2017-08-18,9.5931,10.098,9.4921,9.9721,2250620,19.75
2017-08-21,9.9718,10.0223,9.6941,9.9217,1027780,19.65
2017-08-22,9.896,9.896,9.6688,9.6692,1799420,19.15
2017-08-23,9.6688,9.8456,9.6183,9.7954,1180060,19.4
2017-08-24,9.8203,10.0475,9.7951,9.9974,2016560,19.8
2017-08-25,10.0475,10.1485,9.9465,9.9721,1774880,19.75
2017-08-28,9.9718,10.0475,9.8708,9.9217,1189610,19.65
2017-08-29,9.9213,10.0475,9.896,9.9217,1636320,19.65
2017-08-30,9.9465,9.9465,9.7698,9.7702,1728800,19.35
2017-08-31,9.7951,10.4514,9.7698,10.4518,5421350,20.7
2017-09-01,10.6534,10.9058,10.4767,10.6285,3772890,21.05
2017-09-05,10.6029,10.6029,10.4009,10.578,1769650,20.95
2017-09-06,10.4514,10.5524,10.3252,10.4013,2638220,20.6
2017-09-07,10.3757,10.7039,10.3757,10.5276,2388710,20.85
2017-09-08,10.5272,10.5272,10.2747,10.2751,2150240,20.35
2017-09-11,10.199,10.4009,10.098,10.1994,1595410,20.2
2017-09-12,10.1485,10.4514,10.1232,10.3508,1086660,20.5
2017-09-13,10.4262,10.4514,10.2747,10.3508,865900,20.5
2017-09-14,10.2747,10.5272,10.2495,10.4266,1630270,20.65
2017-09-15,10.4262,10.4262,10.2747,10.3003,761660,20.4
2017-09-18,10.3,10.4514,10.2747,10.3508,1867500,20.5
2017-09-19,10.4009,10.5272,10.3252,10.4266,1771760,20.65
2017-09-20,10.4262,10.4262,10.3,10.3508,1165030,20.5
2017-09-21,10.3,10.5524,10.2747,10.5276,3542580,20.85
2017-09-22,10.4514,10.5524,10.4009,10.4013,1539180,20.6
2017-09-25,10.4009,10.4262,10.2495,10.3003,1296670,20.4
2017-09-26,10.3,10.4009,10.2747,10.3003,1400280,20.4
2017-09-27,10.3,10.3505,10.199,10.1994,1270120,20.2
2017-09-28,10.199,10.3,9.9213,9.9217,2620840,19.65
2017-09-29,9.9213,10.0223,9.896,9.8964,2047180,19.6
2017-10-02,9.896,10.098,9.896,9.9469,1316100,19.7
2017-10-03,9.997,10.199,9.9465,10.0226,2747020,19.85
2017-10-04,10.0475,10.199,10.0223,10.1236,1798560,20.05
2017-10-05,10.199,10.2242,10.0223,10.0479,1259970,19.9
2017-10-06,10.0223,10.199,9.997,10.0731,2512220,19.95
2017-10-09,10.199,10.2495,10.098,10.0984,1931480,20
2017-10-10,10.098,10.199,10.0728,10.0984,786110,20
2017-10-11,10.1485,10.3252,10.1232,10.2498,2054250,20.3
2017-10-12,10.2495,10.3252,10.1737,10.1741,1237240,20.15
2017-10-13,10.1485,10.2242,10.1232,10.1994,720350,20.2
2017-10-16,10.199,10.3252,10.199,10.2751,1723790,20.35
2017-10-17,10.3,10.8554,10.3,10.8558,5851150,21.5
2017-10-18,10.8554,10.9563,10.7544,10.8053,3877330,21.4
2017-10-19,10.7039,10.7796,10.5019,10.7295,2221120,21.25
2017-10-20,10.6534,10.8301,10.6534,10.8053,2795090,21.4
2017-10-23,10.5524,10.8301,10.5019,10.5528,2104280,20.9
2017-10-24,10.4262,10.5524,10.4009,10.4771,991780,20.75
2017-10-25,10.4514,10.7544,10.4514,10.6033,1419710,21
2017-10-26,10.5524,10.7039,10.2495,10.4518,1949360,20.7
2017-10-27,10.4514,10.7039,10.3757,10.7043,1525120,21.2
2017-10-30,10.7039,11.2593,10.7039,11.0325,5516030,21.85
2017-10-31,11.0068,11.1835,10.8554,11.0325,2860900,21.85
2017-11-01,11.0321,11.335,11.0321,11.3102,2540230,22.4
2017-11-02,11.3098,11.3855,10.8554,11.0577,2240060,21.9
2017-11-03,11.0068,11.3098,10.8554,11.3102,2000100,22.4
2017-11-06,11.3098,11.537,11.234,11.5374,2248950,22.85
2017-11-07,11.4612,11.6379,11.4107,11.5374,2397470,22.85
2017-11-08,11.537,12.0166,11.4612,12.0171,3162900,23.8
2017-11-09,12.0166,12.0671,11.8147,11.8656,2328420,23.5
2017-11-10,11.7642,12.2186,11.7642,11.9161,2655350,23.6
2017-11-13,11.9409,12.0924,11.9156,12.0928,1456000,23.95
2017-11-14,12.0924,12.3196,11.8652,12.2695,1976900,24.3
2017-11-15,12.2186,12.3196,12.1176,12.219,1143070,24.2
2017-11-16,12.1428,12.2943,11.9661,12.1938,2383080,24.15
2017-11-17,12.2186,12.2691,11.8652,12.1433,2518270,24.05
2017-11-20,12.0166,12.1933,11.9409,12.118,1424750,24
2017-11-21,12.1176,12.3701,12.1176,12.1433,2397310,24.05
2017-11-22,12.1428,12.9759,12.1176,12.9764,4041890,25.7
2017-11-23,13.1274,13.3799,12.774,12.7744,2648530,25.3
2017-11-24,12.774,12.9002,12.6225,12.7744,1762130,25.3
2017-11-27,12.774,12.9002,12.673,12.724,1300640,25.2
2017-11-28,12.7235,12.8245,12.3953,12.623,1735860,25
2017-11-29,12.572,12.9254,12.572,12.9259,1644260,25.6
2017-11-30,13.1274,13.2789,12.875,12.9512,1539270,25.65
2017-12-01,12.9254,12.9507,12.8245,12.8754,1313000,25.5
2017-12-04,12.9759,13.2284,12.875,12.8754,1010470,25.5
2017-12-05,12.9759,12.9759,12.572,12.5725,2429510,24.9
2017-12-06,12.471,12.572,12.3701,12.5472,1856030,24.85
2017-12-07,12.6225,12.6982,12.3953,12.623,642950,25
2017-12-08,12.6477,12.7235,12.4458,12.623,853010,25
2017-12-11,12.0671,12.5215,12.0671,12.118,1236890,24
2017-12-12,12.1176,12.3196,11.2845,12.1685,2619460,24.1
2017-12-13,12.1681,12.2186,11.9409,12.0676,2017220,23.9
2017-12-14,12.0166,12.3701,11.7389,12.3453,1472190,24.45
2017-12-15,12.2186,12.3448,12.0419,12.2695,642650,24.3
2017-12-18,12.2691,12.3701,12.2186,12.2948,1023650,24.35
2017-12-19,12.2943,12.471,12.1681,12.1685,939300,24.1
2017-12-20,12.1681,12.471,12.1428,12.3705,873610,24.5
2017-12-21,12.3701,12.5215,12.2186,12.219,1312160,24.2
2017-12-22,12.0671,12.2186,11.8652,12.0423,1931970,23.85
2017-12-25,12.2186,12.2691,11.9661,12.0171,572480,23.8
2017-12-26,12.0166,12.1681,11.8652,12.1685,1009560,24.1
2017-12-27,12.2438,12.4458,12.1428,12.32,1201510,24.4
2017-12-28,12.3196,12.673,12.3196,12.4967,1382650,24.75
2017-12-29,12.6477,12.875,12.4963,12.8754,2593290,25.5
2018-01-03,13.6323,13.6575,13.3799,13.5318,2458110,26.8
2018-01-04,13.5313,13.9857,13.4051,13.9105,4424190,27.55
2018-01-05,13.8848,13.91,13.6071,13.8348,1908830,27.4
2018-01-08,13.9857,14.2382,13.8343,14.062,2053870,27.85
2018-01-09,14.0615,14.112,13.1274,13.8348,4214750,27.4
2018-01-10,13.8343,14.2634,13.7838,13.86,2817750,27.45
2018-01-11,13.8848,14.011,13.708,13.9358,1566970,27.6
2018-01-12,13.7333,13.91,13.6828,13.759,2484840,27.25
2018-01-15,13.6575,13.9857,13.5061,13.7843,1787190,27.3
2018-01-16,13.809,14.0867,13.7585,13.9862,2368450,27.7
2018-01-17,13.9857,14.1877,13.6323,13.6328,2847680,27
2018-01-18,13.4303,13.6828,13.2789,13.6833,1833010,27.1
2018-01-19,13.7333,13.7838,13.4303,13.5823,3553540,26.9
2018-01-22,13.5818,14.4401,13.5566,14.3649,5040120,28.45
2018-01-25,14.6926,15.349,14.5411,15.3495,7986250,30.4
2018-01-26,16.4093,16.4093,15.9044,16.4099,5677170,32.5
2018-01-29,16.6617,17.5453,16.6617,17.4702,4395390,34.6
2018-01-30,16.586,18.1764,16.586,18.1771,3283230,36
2018-01-31,18.7823,18.8075,17.2676,17.2682,1755870,34.2
2018-02-01,17.4191,17.4443,16.6112,17.0158,1894280,33.7
2018-02-02,16.8132,17.3181,16.7122,17.0158,1771520,33.7
2018-02-05,16.7627,16.8637,15.8286,15.8292,2790640,31.35
2018-02-06,14.7431,15.5509,14.7431,14.7436,3316700,29.2
2018-02-07,15.7529,15.7529,15.147,15.7535,2058050,31.2
2018-02-08,15.7529,16.5607,15.7529,16.2584,2043470,32.2
2018-02-09,15.147,16.6617,15.1218,16.3089,1800170,32.3
2018-02-12,16.6617,17.4443,16.4093,17.4449,2363270,34.55
2018-02-13,18.3784,18.4289,17.6715,17.8741,2458380,35.4
2018-02-21,18.1764,19.1105,17.9744,18.884,2137010,37.4
2018-02-22,18.6813,19.4891,18.5551,18.581,2856780,36.8
2018-02-23,18.6813,18.9338,18.1259,18.7325,3624350,37.1
2018-02-26,19.1357,19.5649,18.8833,19.2374,3516600,38.1
2018-02-27,19.2367,19.5901,18.9842,19.2626,2216610,38.15
2018-02-28,19.1357,19.9436,19.0095,19.6918,4521850,39
2018-03-01,19.4891,19.994,18.9338,19.0859,2634150,37.8
2018-03-02,18.6813,19.1862,18.6308,19.0859,2378830,37.8
2018-03-05,19.3124,19.3882,17.7725,17.7731,2589100,35.2
2018-03-06,18.1764,19.0095,17.8987,19.0102,2525060,37.65
2018-03-07,19.1862,19.2367,18.6308,18.9345,2053190,37.5
2018-03-08,18.9338,19.1862,18.6813,18.783,1132070,37.2
2018-03-09,18.9338,19.1862,18.6813,18.8082,2263330,37.25
2018-03-12,19.4891,19.6911,19.1862,19.4899,2014660,38.6
2018-03-13,19.4891,19.7921,19.1862,19.7928,1980080,39.2
2018-03-14,20.095,20.095,19.6406,19.6918,1996080,39
2018-03-15,19.6911,21.0543,19.5396,21.0551,3528060,41.7
2018-03-16,21.6097,21.9632,21.1048,21.6105,2628200,42.8
2018-03-19,21.7107,21.7612,20.8019,21.0551,2366180,41.7
2018-03-20,20.8019,21.7612,20.7009,21.459,1866550,42.5
2018-03-21,21.9632,22.1146,21.5087,21.964,1606790,43.5
2018-03-22,21.9632,22.4681,21.8369,22.3679,2525390,44.3
2018-03-23,21.9632,22.0136,20.9029,21.3833,3661530,42.35
2018-03-26,21.2058,22.67,21.2058,22.6708,1932890,44.9
2018-03-27,23.2254,23.5283,22.2661,22.2669,2941390,44.1
2018-03-28,22.2156,22.5943,21.9127,22.4941,1672540,44.55
2018-03-29,22.4933,22.569,22.1146,22.2164,896470,44
2018-03-30,22.1146,22.1904,21.534,21.9135,2211040,43.4
2018-04-02,22.1146,22.7205,21.6855,22.7213,2610170,45
2018-04-03,22.872,23.1244,22.569,22.7718,1340170,45.1
2018-04-04,22.771,22.9477,22.6195,22.6204,1511210,44.8
2018-04-05,22.6195,22.6195,22.0894,22.2164,1744010,44
2018-04-06,22.3166,22.569,22.1146,22.2164,1469830,44
2018-04-09,22.3671,22.7205,21.9127,22.4184,2724810,44.4
2018-04-10,22.67,23.4274,22.6195,22.9738,4181500,45.5
2018-04-11,23.6293,23.6293,22.2156,22.4689,2384910,44.5
2018-04-12,22.3671,22.7205,22.0136,22.4184,1816480,44.4
2018-04-13,22.4681,22.6195,21.0543,21.2066,3369270,42
2018-04-16,20.7009,21.2058,20.196,20.1967,2207540,40
2018-04-17,20.196,21.1553,20.0445,21.1561,2516280,41.9
2018-04-18,21.5592,21.5592,20.297,20.2977,1196420,40.2
2018-04-19,20.297,20.398,19.0852,19.1869,2755020,38
2018-04-20,19.4387,19.9688,18.6813,19.919,2415490,39.45
2018-04-23,20.095,20.5242,18.5298,18.5305,3210890,36.7
2018-04-24,18.6813,19.4387,18.1259,19.1869,2503080,38
2018-04-26,19.0852,19.4387,17.924,18.4295,2207270,36.5
2018-04-27,18.3784,19.2367,18.1764,18.2276,2026830,36.1
2018-05-02,16.9646,18.6308,16.9646,16.9653,1868640,33.6
2018-05-03,16.2578,17.621,15.7781,17.0158,4169480,33.7
2018-05-04,17.2171,17.4191,16.4093,16.4099,1599340,32.5
2018-05-07,16.6365,17.5453,16.0053,17.5459,3558490,34.75
2018-05-08,17.5453,18.6561,17.3686,17.9246,3013460,35.5
2018-05-09,17.6715,18.3026,17.4191,17.6722,1843140,35
2018-05-10,17.3686,17.9744,16.4345,16.5108,2834040,32.7
2018-05-11,16.5102,17.2676,15.9044,17.1672,2116330,34
2018-05-14,17.4695,17.52,17.0151,17.3187,918220,34.3
2018-05-15,17.3181,17.6715,17.1666,17.4702,2221560,34.6
2018-05-16,17.2171,17.3181,16.7374,16.7633,1856760,33.2
2018-05-17,16.7627,16.9142,16.5102,16.6623,1502680,33
2018-05-18,16.6617,16.8637,15.6519,16.6371,2937450,32.95
2018-05-21,16.6365,16.6365,15.9044,15.9049,2405890,31.5
2018-05-22,15.6519,15.8539,14.7936,14.7941,3119620,29.3
2018-05-23,14.5411,15.3995,14.5159,15.3748,1819230,30.45
2018-05-24,15.3995,15.5257,14.8693,14.9708,1089040,29.65
2018-05-25,15.0713,15.1975,13.9857,13.9862,2161610,27.7
2018-05-28,13.6828,13.7333,13.0264,13.0269,3902270,25.8
2018-05-29,13.3799,13.9352,13.0264,13.9358,2874020,27.6
2018-05-30,14.1372,14.3897,13.809,13.9358,2144210,27.6
2018-05-31,13.7838,14.8441,13.7838,14.7689,3412580,29.25
2018-06-01,14.6421,15.5004,14.5411,14.9961,3634920,29.7
2018-06-04,14.6421,15.4499,14.3392,15.4,4878280,30.5
2018-06-05,15.2985,15.7529,14.945,15.3495,3066250,30.4
2018-06-06,15.3742,16.0558,15.046,16.0564,2532640,31.8
2018-06-07,16.0558,16.2578,15.7529,15.7535,3704890,31.2
2018-06-08,15.7529,16.0053,15.5509,15.9049,2683390,31.5
2018-06-11,15.7024,16.1316,15.6519,15.6525,2320290,31
2018-06-12,15.2985,15.3995,14.5664,14.9456,4314510,29.6
2018-06-13,14.945,15.147,14.7178,14.9708,1672030,29.65
2018-06-14,14.9955,15.0965,14.2887,14.2892,3869180,28.3
2018-06-15,14.1372,14.6421,14.0362,14.6426,2262000,29
2018-06-18,14.6421,14.6673,13.7333,13.7843,2873220,27.3
2018-06-19,13.5313,13.6323,12.8245,13.5318,5460120,26.8
2018-06-20,13.6828,14.1372,13.4556,14.1377,2364060,28
2018-06-21,13.9352,14.1372,13.4303,13.5318,2073850,26.8
2018-06-22,13.1526,13.9605,13.1526,13.8853,2281830,27.5
2018-06-25,14.1624,14.4654,14.0867,14.2387,1937980,28.2
2018-06-26,13.8848,14.1877,13.7838,14.0367,1283390,27.8
2018-06-27,14.0362,14.2382,13.5313,13.5318,1931320,26.8
2018-06-28,13.3294,13.5313,13.0264,13.0774,3833920,25.9
2018-06-29,13.1274,13.4808,12.9759,13.1279,2112720,26
2018-07-02,12.875,13.1274,12.2943,12.4967,3542250,24.75
2018-07-03,12.5215,12.6982,11.6379,11.6384,4944960,23.05
2018-07-04,11.6379,11.6884,11.0826,11.5626,4641640,22.9
2018-07-05,11.3855,11.6379,10.7544,10.9062,3044050,21.6
2018-07-06,10.8049,11.6632,10.5272,11.6636,5061910,23.1
2018-07-09,11.9156,12.3196,11.7389,11.7646,5423120,23.3
2018-07-10,11.9661,12.2943,11.8147,11.9413,3612750,23.65
2018-07-11,11.5117,11.6127,11.1078,11.1587,5441810,22.1
2018-07-12,11.6127,11.9156,11.133,11.6131,2508790,23
2018-07-13,11.8652,12.1176,11.7642,11.8656,3138160,23.5
2018-07-16,12.1176,12.3196,11.9661,12.1938,2912010,24.15
2018-07-17,11.9156,12.6982,11.9156,12.5725,3991770,24.9
2018-07-18,12.6225,13.2284,12.572,13.2036,4012340,26.15
2018-07-19,13.1274,13.2284,12.875,13.0269,3344910,25.8
2018-07-20,12.8245,13.0769,12.5215,12.8249,4279270,25.4
2018-07-23,12.5215,13.2284,12.5215,12.522,3124370,24.8
2018-07-24,12.471,12.875,12.1176,12.522,2591310,24.8
2018-07-25,12.6225,12.6982,11.9156,11.9161,2773760,23.6
2018-07-26,11.9156,12.1681,11.7389,12.1685,2364560,24.1
2018-07-27,12.1681,12.5973,12.1176,12.522,2031060,24.8
2018-07-30,12.7235,13.2789,12.6225,13.2794,3793610,26.3
2018-07-31,13.2284,13.6071,13.0517,13.2794,5307160,26.3
2018-08-01,13.2789,13.5313,13.1274,13.2794,3487790,26.3
2018-08-02,13.1274,13.2284,12.774,13.2289,3523250,26.2
2018-08-03,13.4303,13.4808,13.2789,13.4056,2585620,26.55
2018-08-06,13.4303,13.9352,13.1526,13.5571,3262290,26.85
2018-08-07,13.2789,13.9857,13.2789,13.86,3707270,27.45
2018-08-08,13.8848,14.7431,13.8848,14.7436,4507240,29.2
2018-08-09,14.8946,15.046,14.5411,14.5669,3444030,28.85
2018-08-10,14.4401,15.0965,14.3897,15.0971,4423770,29.9
2018-08-13,14.9955,15.5762,14.945,15.4,3670180,30.5
2018-08-14,15.3995,15.4752,15.0965,15.1476,2187220,30
2018-08-15,15.3995,15.5004,14.4401,14.7941,4946070,29.3
2018-08-16,14.6169,15.1722,14.1372,15.1476,5017400,30
2018-08-17,15.4499,16.0053,15.1975,15.703,4664800,31.1
2018-08-20,15.6519,16.0558,15.5509,15.8544,3573200,31.4
2018-08-21,15.6519,16.6617,15.6519,16.6623,4070460,33
2018-08-22,16.7627,17.0151,16.3588,16.4099,4346680,32.5
2018-08-23,16.5102,16.9142,16.2578,16.6876,3335590,33.05
2018-08-24,16.4597,16.9394,16.4597,16.8643,2775350,33.4
2018-08-27,17.0151,17.2171,16.8889,17.1672,2541980,34
2018-08-28,17.3181,17.3181,16.8132,17.0158,2582530,33.7
2018-08-29,17.0151,17.2171,16.9394,16.9905,2319810,33.65
2018-08-30,16.9646,17.621,16.9142,17.6217,3286300,34.9
2018-08-31,17.5705,17.6715,17.3181,17.3692,2336200,34.4
2018-09-04,17.1666,17.1666,16.2578,16.4099,4088990,32.5
2018-09-05,16.2578,16.8384,16.2325,16.7128,3283340,33.1
2018-09-06,16.7122,16.7627,16.3588,16.5361,1923190,32.75
2018-09-07,16.4093,17.2423,16.4093,17.1167,3171020,33.9
2018-09-10,17.0656,17.4191,16.9142,17.1672,3078830,34
2018-09-11,17.1666,17.8735,17.1161,17.8236,4371130,35.3
2018-09-12,17.924,17.9744,17.5453,17.5459,2528070,34.75
2018-09-13,17.7725,17.924,17.4191,17.6722,2984670,35
2018-09-14,17.823,17.924,17.52,17.5964,1656240,34.85
2018-09-17,17.52,17.722,17.2676,17.2682,2164200,34.2
2018-09-18,17.0656,17.823,16.9142,17.7984,4127500,35.25
2018-09-19,17.924,18.1512,17.7725,17.8236,2943070,35.3
2018-09-20,17.823,18.0502,17.5958,17.9246,2304800,35.5
2018-09-21,18.0249,18.0502,17.4948,17.8236,4631020,35.3
2018-09-24,17.823,17.9744,17.5958,17.6217,2423940,34.9
2018-09-25,17.5453,17.9744,17.4695,17.6722,1820120,35
2018-09-26,17.6463,17.8987,17.621,17.6217,1956500,34.9
2018-09-27,17.6715,17.6967,17.4948,17.4954,2074090,34.65
2018-09-28,17.621,17.9997,17.52,17.7731,2822910,35.2
2018-10-01,17.7725,17.924,17.4695,17.5459,1733190,34.75
2018-10-02,17.5705,18.3784,17.4191,18.2781,5199330,36.2
2018-10-03,18.3279,18.5551,18.2774,18.5053,2361360,36.65
2018-10-04,18.5298,18.5803,18.3279,18.5558,1879790,36.75
2018-10-05,18.3784,18.4793,17.924,17.9246,2834960,35.5
2018-10-08,17.7725,18.2774,17.621,18.1771,3268360,36
2018-10-09,18.2269,18.4289,18.0754,18.2276,1270140,36.1
2018-10-10,18.2774,18.2774,17.7725,17.8489,2080020,35.35
2018-10-11,16.6112,17.3181,16.6112,16.6118,6573500,32.9
2018-10-12,16.6617,17.2423,16.1568,17.0663,2660970,33.8
2018-10-15,17.1666,17.1666,16.4597,16.4603,1199560,32.6
2018-10-16,16.4597,16.9142,16.4597,16.9148,1574440,33.5
2018-10-17,17.1666,17.5705,17.1414,17.4702,2870340,34.6
2018-10-18,17.3686,17.7472,17.0656,17.4702,3352560,34.6
2018-10-19,17.1666,17.5453,17.0656,17.4702,2010830,34.6
2018-10-22,17.6715,17.8987,17.52,17.6722,3643590,35
2018-10-23,17.5705,17.7725,16.9142,17.6217,3648830,34.9
2018-10-24,17.621,17.6715,16.4597,16.4603,2230710,32.6
2018-10-25,15.3237,16.1568,15.3237,15.7535,4592300,31.2
2018-10-26,16.1568,16.3083,15.4499,15.4505,1877950,30.6
2018-10-29,15.3995,15.5509,14.5411,14.5921,2482950,28.9
2018-10-30,14.3897,14.9955,13.9352,13.9358,3140410,27.6
2018-10-31,14.3897,14.8946,14.2382,14.8951,1670350,29.5
2018-11-01,15.8791,15.9044,15.2985,15.3243,2974110,30.35
2018-11-02,15.6519,16.384,15.5509,16.3846,3469490,32.45
2018-11-05,16.1568,16.5607,15.9548,16.5613,1732340,32.8
2018-11-06,16.6617,16.7374,16.0811,16.1574,1834970,32
2018-11-07,16.1568,16.586,16.1063,16.3846,2117240,32.45
2018-11-08,16.9142,16.9142,16.3588,16.3846,1728670,32.45
2018-11-09,16.2578,16.4093,15.9801,16.0059,1790150,31.7
2018-11-12,15.7024,16.384,15.7024,16.2584,1332890,32.2
2018-11-13,15.8034,16.0306,15.6519,15.6525,2054350,31
2018-11-14,15.6519,15.9044,15.147,15.1476,1511410,30
2018-11-15,15.147,16.0558,15.0965,15.6525,1574190,31
2018-11-16,15.9044,16.384,15.9044,16.2584,2339880,32.2
2018-11-19,16.2578,16.4345,16.1568,16.2584,1520580,32.2
2018-11-20,15.8791,16.1568,15.8791,16.0059,1301980,31.7
2018-11-21,15.7529,16.2578,15.7276,16.1574,1747970,32
2018-11-22,16.2578,16.384,16.0558,16.0817,1866110,31.85
2018-11-23,16.0558,16.2073,15.9548,16.0059,1340870,31.7
2018-11-26,15.8539,16.1316,15.8539,15.9807,790910,31.65
2018-11-27,16.1063,16.1568,15.6519,15.8797,1382030,31.45
2018-11-28,15.8791,15.9801,15.8034,15.9302,764130,31.55
2018-11-29,15.9296,16.1568,15.7781,15.7787,2480990,31.25
2018-11-30,15.4499,16.0558,15.4499,15.8544,2611400,31.4
2018-12-03,16.1568,16.9394,16.0558,16.94,3464870,33.55
2018-12-04,16.9394,17.2171,16.7627,16.8643,2374250,33.4
2018-12-05,16.6617,17.1918,16.5607,17.0915,2574670,33.85
2018-12-06,17.0151,17.0909,16.7627,17.0158,1984110,33.7
2018-12-07,17.0656,17.3686,16.9899,17.0158,1220210,33.7
2018-12-10,17.0151,17.2171,16.7879,17.0158,1556580,33.7
2018-12-11,17.0151,17.0909,16.8637,16.94,1148790,33.55
2018-12-12,17.0151,17.4948,16.8637,17.4954,2225990,34.65
2018-12-13,17.6463,17.6463,17.3181,17.3187,1610470,34.3
2018-12-14,17.2676,17.5705,17.0656,17.1167,1214630,33.9
2018-12-17,16.8889,17.1918,16.7627,16.7633,2272850,33.2
2018-12-18,16.5102,16.9899,16.4093,16.9905,2348370,33.65
2018-12-19,16.9899,17.1414,16.8132,16.8138,1314340,33.3
2018-12-20,16.9142,17.2928,16.8637,17.142,1635620,33.95
2018-12-21,17.0656,17.1918,16.8637,17.1672,706310,34
2018-12-24,17.1666,17.5453,17.0656,17.1672,1857900,34
2018-12-25,16.7627,17.0404,16.0053,16.5361,1827680,32.75
2018-12-26,16.5355,16.8889,16.4345,16.4603,1036860,32.6
2018-12-27,17.0656,17.3938,16.9394,17.1672,1643520,34
2018-12-28,17.0656,17.3686,16.9899,17.3692,2131820,34.4
2019-01-02,16.9142,17.3686,16.8889,16.9148,805700,33.5
2019-01-03,16.9142,17.0656,16.1568,16.1574,1107500,32
2019-01-04,15.9044,16.1316,15.5509,15.9302,1457300,31.55
2019-01-07,16.1568,16.6617,16.1568,16.3089,806060,32.3
2019-01-08,16.4597,16.4597,16.1063,16.1574,558540,32
2019-01-09,16.3083,16.6869,16.2073,16.6623,1075730,33
2019-01-10,16.6617,16.7122,16.4093,16.4099,410690,32.5
2019-01-11,16.4093,16.5607,16.0811,16.1069,941940,31.9
2019-01-14,16.1063,16.3335,15.8791,16.1069,755920,31.9
2019-01-15,16.0306,16.5607,16.0306,16.4099,580710,32.5
2019-01-16,16.2578,16.5355,16.2578,16.2584,363680,32.2
2019-01-17,16.2578,16.3588,16.1063,16.1322,297560,31.95
2019-01-18,16.1316,16.3083,15.9801,16.0059,509140,31.7
2019-01-21,16.1568,16.8384,16.0053,16.5866,1207560,32.85
2019-01-22,16.6112,16.7122,16.5102,16.5361,563940,32.75
2019-01-23,16.3588,16.586,16.2073,16.5108,457760,32.7
2019-01-24,16.4345,16.586,16.4093,16.4099,579540,32.5
2019-01-25,16.5102,16.5102,16.1568,16.1826,570980,32.05
2019-01-28,16.182,16.3335,16.0558,16.1069,545190,31.9
2019-01-29,16.1063,16.1063,15.9296,16.0059,635890,31.7
2019-01-30,16.1063,16.283,15.9548,16.0059,429410,31.7
2019-01-31,16.2578,16.2578,15.9044,15.9049,678130,31.5
2019-02-01,15.8791,16.0811,15.8539,15.9554,537050,31.6
2019-02-11,16.0811,16.283,16.0558,16.1322,631710,31.95
2019-02-12,16.182,16.5102,16.182,16.3846,1395780,32.45
2019-02-13,16.4345,16.4597,16.283,16.4099,1557810,32.5
2019-02-14,16.4093,16.4345,16.3335,16.3594,1018550,32.4
2019-02-15,16.3335,17.0656,16.2073,16.7381,1622530,33.15
2019-02-18,16.9142,17.0151,16.7627,16.9148,955540,33.5
2019-02-19,16.9142,17.0404,16.6112,16.6118,1143130,32.9
2019-02-20,16.5607,17.621,16.485,17.1672,2361110,34
2019-02-21,17.2928,17.4948,17.1666,17.2935,2157870,34.25
2019-02-22,17.2676,17.52,17.1666,17.1672,1459730,34
2019-02-25,17.4191,17.4191,17.0151,17.1672,1687500,34
2019-02-26,17.0151,17.1666,16.9142,16.9653,1409740,33.6
2019-02-27,16.9646,17.1414,16.9142,16.9653,749060,33.6
2019-02-28,16.9646,17.0404,16.4093,16.4099,1793480,32.5
2019-03-01,16.4597,16.7122,16.4597,16.5866,1153130,32.85
2019-03-04,16.7122,17.0404,16.6617,16.9653,918340,33.6
2019-03-05,16.7627,17.823,16.7627,17.4702,4215640,34.6
2019-03-06,17.4695,17.621,17.3686,17.5459,1601660,34.75
2019-03-07,17.6715,17.7977,17.52,17.6217,1702650,34.9
2019-03-08,17.3938,17.52,17.1161,17.1672,1808960,34
2019-03-11,17.2171,17.2171,16.8889,16.9905,1137250,33.65
2019-03-12,17.2171,17.924,17.0656,17.9246,1690500,35.5
2019-03-13,17.823,18.1512,17.7725,17.9751,2860920,35.6
2019-03-14,17.9744,18.5298,17.7725,18.2781,2651040,36.2
2019-03-15,18.2774,18.9338,18.1259,18.783,3180240,37.2
2019-03-18,18.7823,18.9842,18.6308,18.8335,2925810,37.3
2019-03-19,18.757,18.8328,18.4289,18.48,2819110,36.6
2019-03-20,18.2521,18.4289,17.924,18.2276,2700620,36.1
2019-03-21,18.3026,18.5046,17.5705,17.5712,2239650,34.8
2019-03-22,17.8735,18.0249,17.5705,17.7226,1877120,35.1
2019-03-25,17.2171,17.6715,16.9142,17.4197,2092900,34.5
2019-03-26,17.621,17.722,17.2676,17.3187,1042090,34.3
2019-03-27,17.5958,17.722,17.3181,17.6217,1236550,34.9
2019-03-28,17.3938,18.1007,17.3938,17.9751,2196570,35.6
2019-03-29,17.9744,18.1764,17.9744,18.0761,1654790,35.8
2019-04-01,18.0754,18.3279,17.823,17.9246,909820,35.5
2019-04-02,18.1764,18.1764,17.5705,17.5712,1453530,34.8
2019-04-03,17.5705,18.2269,17.3938,18.0256,1895710,35.7
2019-04-04,18.1764,18.1764,17.7472,17.8236,1058540,35.3
2019-04-05,17.823,18.0249,17.5705,17.6974,737650,35.05
2019-04-08,17.5705,17.9492,17.5705,17.9246,1042660,35.5
2019-04-09,17.924,18.2774,17.924,18.0508,2081540,35.75
2019-04-10,18.0502,18.0754,17.7725,17.7731,522520,35.2
2019-04-11,17.823,17.924,17.6463,17.7479,643960,35.15
2019-04-12,17.722,17.7725,17.52,17.5459,894410,34.75
2019-04-16,17.4695,17.9744,17.2676,17.9246,1404520,35.5
2019-04-17,17.924,17.924,17.5705,17.5712,852450,34.8
2019-04-18,17.5705,17.8735,17.4948,17.5712,1016060,34.8
2019-04-19,17.5705,17.7725,17.52,17.5964,293870,34.85
2019-04-22,17.5958,17.5958,17.1414,17.2682,687460,34.2
2019-04-23,17.4695,17.4695,17.1414,17.2682,1005740,34.2
2019-04-24,17.4191,17.5705,17.3181,17.4702,538100,34.6
2019-04-25,17.4695,17.6715,17.4191,17.4197,464620,34.5
2019-04-26,17.4191,17.621,17.4191,17.5712,484200,34.8
2019-05-02,17.6715,17.6715,17.4191,17.4197,483460,34.5
2019-05-03,17.4191,17.5705,17.2676,17.2682,555330,34.2
2019-05-06,16.9899,17.1161,16.6617,16.7128,1220260,33.1
2019-05-07,16.8132,17.1161,16.6112,16.7128,949150,33.1
2019-05-08,16.5102,16.6617,16.3335,16.3341,1127910,32.35
2019-05-09,16.485,16.5607,15.6519,15.703,1937960,31.1
2019-05-10,15.9044,16.2578,15.8539,16.1574,1098030,32
2019-05-13,16.1568,16.5607,16.1568,16.5108,778440,32.7
2019-05-14,16.384,16.4597,16.1568,16.3594,1091640,32.4
2019-05-15,16.4597,16.7122,16.3083,16.6118,1460060,32.9
2019-05-16,16.6365,16.6617,16.384,16.4603,776200,32.6
2019-05-17,16.5102,16.5102,16.1568,16.2331,938600,32.15
2019-05-20,16.2073,16.6112,16.2073,16.5108,960860,32.7
2019-05-21,16.5102,16.7879,16.4597,16.6876,1716340,33.05
2019-05-22,16.7627,16.9646,16.6869,16.7633,1262730,33.2
2019-05-23,16.6617,16.8637,16.4597,16.8643,795270,33.4
2019-05-24,16.7122,16.7879,16.4093,16.4099,1510920,32.5
2019-05-27,16.4093,16.5102,16.3588,16.4603,526030,32.6
2019-05-28,16.4093,16.5607,16.2325,16.3089,881610,32.3
2019-05-29,16.3083,16.384,16.1316,16.1574,896960,32
2019-05-30,16.2578,16.3083,16.0558,16.0564,671830,31.8
2019-05-31,15.9801,16.1063,15.8791,15.9049,914150,31.5
2019-06-03,15.8539,15.9044,15.4499,15.4505,1299050,30.6
2019-06-04,15.4499,16.1568,15.4247,16.1574,867040,32
2019-06-05,16.1568,16.2578,15.8539,15.8544,482730,31.4
2019-06-06,15.8539,16.0053,15.6014,15.804,329600,31.3
2019-06-07,15.8034,16.0053,15.8034,16.0059,459310,31.7
2019-06-10,16.0558,16.2073,16.0053,16.0059,471530,31.7
2019-06-11,16.0558,16.1568,15.9548,16.1069,584390,31.9
2019-06-12,16.0053,16.1063,15.8791,15.9049,351310,31.5
2019-06-13,15.8539,16.0306,15.8539,15.9049,289140,31.5
2019-06-14,16.0053,16.283,15.9044,16.2331,1589620,32.15
2019-06-17,16.2578,16.4345,16.1316,16.2079,693710,32.1
2019-06-18,16.1063,16.2073,16.0053,16.1574,273680,32
2019-06-19,16.1568,16.3588,16.1316,16.1574,461820,32
2019-06-20,16.1568,16.5102,16.1063,16.4856,1142380,32.65
2019-06-21,16.5102,16.6365,16.384,16.4099,501660,32.5
2019-06-24,16.485,16.6617,16.3588,16.4603,750120,32.6
2019-06-25,16.4597,16.5102,16.2073,16.2079,734450,32.1
2019-06-26,16.1568,16.4345,16.1063,16.4099,1052510,32.5
2019-06-27,16.1568,16.384,16.1568,16.1574,664820,32
2019-06-28,16.0053,16.2578,15.8539,16.0059,653190,31.7
2019-07-01,16.3335,16.4093,16.2073,16.3341,550440,32.35
2019-07-02,16.182,16.3588,16.182,16.1826,454740,32.05
2019-07-03,16.1568,16.3588,16.1568,16.2079,409880,32.1
2019-07-04,16.3588,16.586,16.2578,16.5613,1147150,32.8
2019-07-05,16.485,16.7627,16.4597,16.5613,1204780,32.8
2019-07-08,16.6112,16.6112,16.3588,16.4351,564180,32.55
2019-07-09,16.3588,16.5102,16.3588,16.4603,403680,32.6
2019-07-10,16.4597,16.586,16.3588,16.3594,699090,32.4
2019-07-11,16.4597,16.9142,16.3588,16.8895,2461040,33.45
2019-07-12,16.9142,17.0656,16.8132,16.8643,1417000,33.4
2019-07-15,16.8132,16.9142,16.7879,16.8138,913470,33.3
2019-07-16,16.8889,17.4443,16.8889,17.4449,3287930,34.55
2019-07-17,17.4191,17.621,17.2928,17.4449,1551860,34.55
2019-07-18,17.3938,17.52,17.2676,17.5207,1442460,34.7
2019-07-19,17.6715,17.8735,17.52,17.6217,1713010,34.9
2019-07-22,17.7725,18.1512,17.6715,18.0508,2863060,35.75
2019-07-23,18.0502,18.0502,17.52,17.7984,2132860,35.25
2019-07-24,17.8735,17.8735,17.2676,17.3944,1886280,34.45
2019-07-25,17.3181,17.7725,17.3181,17.7731,1316210,35.2
2019-07-26,17.6715,18.1259,17.6715,18.0761,2184360,35.8
2019-07-29,18.0249,18.0754,17.823,18.0761,1351320,35.8
2019-07-30,17.9744,17.9744,17.6463,17.6722,1623110,35
2019-07-31,17.6715,17.924,17.52,17.9246,933640,35.5
2019-08-01,17.924,17.924,17.6967,17.8994,744670,35.45
2019-08-02,17.6715,18.1764,17.621,18.0761,1824090,35.8
2019-08-05,17.924,18.0754,17.8987,18.0761,1969000,35.8
2019-08-06,17.4191,17.9997,17.4191,17.7731,1229640,35.2
2019-08-07,17.8482,17.924,17.52,17.5207,1081380,34.7
2019-08-08,17.52,17.7472,17.4948,17.5207,908980,34.7
2019-08-09,17.6715,17.6715,17.2676,17.5207,997910,34.7
2019-08-12,17.5958,17.8735,17.1918,17.8489,1373320,35.35
2019-08-13,17.6967,17.8735,17.5453,17.6217,817060,34.9
2019-08-14,17.823,17.8735,17.5453,17.7226,520650,35.1
2019-08-15,17.4191,17.722,17.4191,17.7226,551130,35.1
2019-08-16,17.6715,18.5298,17.621,18.1771,3237040,36
2019-08-19,18.4289,18.6813,18.3279,18.5305,1132960,36.7
2019-08-20,18.6561,18.6561,18.4541,18.581,800200,36.8
2019-08-21,18.4289,19.3124,18.4289,19.1112,2691400,37.85
2019-08-22,19.1862,19.2367,18.9338,18.9849,1618940,37.6
2019-08-23,19.0852,19.0852,18.757,18.9597,977030,37.55
2019-08-26,18.6308,19.1105,18.4793,19.1112,1806980,37.85
2019-08-27,19.3377,19.3882,18.9338,18.9345,1170790,37.5
2019-08-28,18.9338,19.1862,18.8833,18.9849,932680,37.6
2019-08-29,18.9842,19.1357,18.858,19.1364,1330160,37.9
2019-08-30,19.2872,19.5901,19.161,19.5656,2186980,38.75
2019-09-03,19.5901,19.7416,19.5144,19.5404,830420,38.7
2019-09-04,19.5396,19.5901,19.1862,19.4899,921560,38.6
2019-09-05,19.5901,19.7163,19.4387,19.4394,939140,38.5
2019-09-06,19.4387,19.4387,18.959,19.1869,1528000,38
2019-09-09,19.1862,19.2367,19.06,19.2374,801830,38.1
2019-09-10,19.161,19.4891,19.0852,19.3384,1003930,38.3
2019-09-11,19.1862,19.3882,19.161,19.2879,519270,38.2
2019-09-12,19.3629,19.5649,19.1862,19.5151,1763420,38.65
2019-09-13,19.6154,20.1203,19.4891,20.121,2303060,39.85
2019-09-16,20.1203,20.5999,20.095,20.1967,1250810,40
2019-09-17,20.0445,20.7009,19.8931,20.7017,1566850,41
2019-09-18,20.6504,20.8271,20.4737,20.7774,1630310,41.15
2019-09-19,20.8019,20.8271,20.5747,20.6007,1029490,40.8
2019-09-20,20.5999,20.7514,20.095,20.1967,2204400,40
2019-09-23,20.0445,20.4485,19.994,20.02,1089550,39.65
2019-09-24,20.095,20.196,19.9183,19.919,821180,39.45
2019-09-25,19.8173,20.1455,19.6406,20.1463,1445080,39.9
2019-09-26,20.1455,20.5494,20.1455,20.2725,888310,40.15
2019-09-27,20.3475,20.398,20.2212,20.323,876890,40.25
2019-09-30,20.297,20.5242,19.8931,19.8938,1429150,39.4
2019-10-01,19.8931,20.196,19.8931,20.1967,862420,40
2019-10-02,20.196,20.5999,20.1708,20.2977,1505190,40.2
2019-10-03,20.095,20.8271,20.0698,20.8279,1939160,41.25
2019-10-04,20.8524,21.0291,20.4485,20.4492,884430,40.5
2019-10-07,20.6504,20.6504,20.196,20.3987,807180,40.4
2019-10-08,20.398,20.7514,20.2465,20.7522,650420,41.1
2019-10-09,20.7514,21.1048,20.5999,20.8279,1415560,41.25
2019-10-10,20.8271,21.0543,20.7009,20.7017,1054690,41
2019-10-11,20.7009,20.8019,20.5494,20.6007,552640,40.8
2019-10-14,20.7009,21.1806,20.6252,20.7774,1381960,41.15
2019-10-15,20.7009,20.9786,20.7009,20.9036,631810,41.4
2019-10-16,20.9029,21.0291,20.7766,20.7774,650130,41.15
2019-10-17,20.8776,20.8776,20.5999,20.6007,801110,40.8
2019-10-18,20.5999,20.5999,20.196,20.2472,1225560,40.1
2019-10-21,20.0445,20.196,19.8426,19.8433,1281520,39.3
2019-10-22,19.8426,20.196,19.8426,20.1967,566150,40
2019-10-23,20.196,20.3475,20.1203,20.2472,455760,40.1
2019-10-24,20.2465,20.4485,20.0698,20.3482,513170,40.3
2019-10-25,20.196,20.4737,20.095,20.2977,968770,40.2
2019-10-28,20.7514,20.8019,20.4989,20.4997,800080,40.6
2019-10-29,20.6504,20.6504,20.196,20.4997,921380,40.6
2019-10-30,20.4485,20.5999,20.2717,20.2977,760410,40.2
2019-10-31,20.297,20.5494,20.2212,20.4997,777680,40.6
2019-11-01,20.4485,20.7514,20.3475,20.7017,1180640,41
2019-11-04,20.7514,21.433,20.7514,21.3076,1744250,42.2
2019-11-05,21.3573,21.4583,21.2815,21.459,898400,42.5
2019-11-06,21.3825,21.5592,21.3068,21.3076,821030,42.2
2019-11-07,21.5669,21.828,21.3058,21.7259,1105060,41.6
2019-11-08,21.828,21.9324,21.5146,21.5692,729880,41.3
2019-11-11,21.5408,21.8802,21.4624,21.5692,724450,41.3
2019-11-12,21.6191,22.0368,21.5669,21.987,1499510,42.1
2019-11-13,22.0368,22.4024,22.0368,22.4049,1804440,42.9
2019-11-14,22.4546,22.4546,21.9846,22.1959,811080,42.5
2019-11-15,22.2718,22.2979,21.9324,21.9348,627650,42
2019-11-18,21.828,22.0368,21.5408,21.5692,958470,41.3
2019-11-19,21.5669,21.7757,21.4624,21.752,676040,41.65
2019-11-20,21.8802,21.8802,21.5408,21.6998,246520,41.55
2019-11-21,21.6713,21.7757,21.4885,21.517,611690,41.2
2019-11-22,21.6713,21.6713,20.7836,20.9948,1041320,40.2
2019-11-25,20.9924,21.2013,20.6269,20.7336,822450,39.7
2019-11-26,21.0447,21.1752,20.7836,20.8903,406540,40
2019-11-27,20.9402,21.6191,20.9402,21.3081,1060810,40.8
2019-11-28,21.4102,21.4102,21.123,21.2298,396280,40.65
2019-11-29,21.1491,21.358,21.1491,21.1514,391620,40.5
2019-12-02,21.0447,21.0447,20.5747,20.577,702050,39.4
2019-12-03,20.5747,20.9141,20.3658,20.7336,786830,39.7
2019-12-04,20.7313,21.1752,20.6791,21.0731,352310,40.35
2019-12-05,21.1752,21.2013,20.7052,20.8903,393640,40
2019-12-06,20.7313,20.9924,20.653,20.7075,374930,39.65
2019-12-09,20.888,20.888,20.7052,20.8903,358570,40
2019-12-10,20.888,21.0708,20.7575,20.8381,415660,39.9
2019-12-11,20.8358,20.9402,20.7836,20.9425,280130,40.1
2019-12-12,21.2013,21.4102,20.9924,21.4126,724090,41
2019-12-13,21.4102,21.9063,21.4102,21.8826,1426060,41.9
2019-12-16,22.0368,22.063,21.6713,21.8826,841690,41.9
2019-12-17,21.828,21.8802,21.5669,21.6476,580480,41.45
2019-12-18,21.4624,22.2196,21.4624,21.9348,1478200,42
2019-12-19,21.9846,22.1674,21.6191,22.0393,702550,42.2
2019-12-20,21.9324,22.3502,21.9324,22.3265,712940,42.75
2019-12-23,22.3241,23.4729,22.3241,23.371,2442660,44.75
2019-12-24,23.264,23.5773,23.1335,23.4494,741520,44.9
2019-12-25,23.029,23.6296,23.029,23.606,585450,45.2
2019-12-26,23.5251,23.6818,23.0812,23.0838,525840,44.2
2019-12-27,23.0812,24.1256,22.9768,24.1283,1098010,46.2
2019-12-30,24.1779,24.6217,24.0212,24.0761,872650,46.1
2019-12-31,24.1256,24.2823,23.969,24.1022,630410,46.15
2020-01-02,24.0212,24.6478,23.969,24.4939,872620,46.9
2020-01-03,24.7262,24.8045,24.3867,24.3894,603940,46.7
2020-01-06,24.3867,24.3867,23.9168,23.9194,794490,45.8
2020-01-07,23.9168,24.3867,23.6034,24.3894,526890,46.7
2020-01-08,24.0212,25.0134,23.9168,24.5983,1230830,47.1
2020-01-09,24.9351,26.0578,24.8567,25.9301,1573190,49.65
2020-01-10,25.9272,27.1544,25.9011,26.7918,1506410,51.3
2020-01-13,26.0578,26.8933,25.8489,26.1651,544740,50.1
2020-01-14,26.1622,26.8933,26.0578,26.1651,752200,50.1
2020-01-15,26.0578,26.7889,26.0578,26.6351,695290,51
2020-01-16,26.6322,28.251,26.6322,28.2019,1004080,54
2020-01-17,28.251,28.5121,27.7288,27.9408,643490,53.5
2020-01-20,27.9377,28.3032,27.781,27.8363,761650,53.3
2020-01-21,27.8333,28.4599,27.8333,28.2019,609600,54
2020-01-22,28.1988,29.1388,28.0944,28.9853,781390,55.5
2020-01-30,28.4599,28.6688,27.1544,27.523,1388710,52.7
2020-01-31,27.3111,27.9899,26.8933,26.8963,1154570,51.5
2020-02-03,27.9377,28.721,25.0134,27.9408,1562560,53.5
2020-02-04,28.4077,28.5643,27.9899,28.4108,1406270,54.4
2020-02-05,28.6688,28.8254,27.9377,27.9408,718710,53.5
2020-02-06,27.8855,28.251,27.6766,27.7841,1469930,53.2
2020-02-07,27.5199,27.8333,26.9455,27.0007,1501140,51.7
2020-02-10,26.58,26.7366,25.64,25.6428,1111680,49.1
2020-02-11,25.64,26.8411,25.64,26.5307,917080,50.8
2020-02-12,26.8933,27.05,26.4755,26.5307,704550,50.8
2020-02-13,26.4755,26.6322,26.0578,26.3218,578820,50.4
2020-02-14,26.1622,26.4233,26.11,26.1129,627040,50
2020-02-17,26.2144,26.8933,26.1622,26.8963,863730,51.5
2020-02-18,27.1022,27.4677,26.8933,27.1574,879430,52
2020-02-19,27.1544,27.2066,26.7366,26.7918,372250,51.3
2020-02-20,27.1022,27.1544,26.7366,26.7918,552810,51.3
2020-02-21,26.7889,26.7889,25.4573,25.8518,2619020,49.5
2020-02-24,25.17,25.4834,24.1779,24.1805,1081210,46.3
2020-02-25,23.499,25.4834,23.499,25.4862,878610,48.8
2020-02-26,24.8567,25.2223,24.4651,24.5461,626350,47
2020-02-27,24.5434,24.9089,24.2562,24.5983,722680,47.1
2020-02-28,24.0212,24.2301,23.5251,23.7627,972320,45.5
2020-03-02,23.969,23.969,23.499,23.5799,568290,45.15
2020-03-03,24.439,24.9351,23.8645,24.4939,1016900,46.9
2020-03-04,24.5434,24.5434,23.969,24.1022,658350,46.15
2020-03-05,24.3084,24.674,24.2823,24.3633,872610,46.65
2020-03-06,23.7601,24.6217,23.7601,24.4678,555990,46.85
2020-03-09,22.8201,23.3423,22.7679,22.7704,944020,43.6
2020-03-10,22.1935,22.9768,21.5669,22.1437,1366220,42.4
2020-03-11,22.7157,22.7157,20.6008,20.6031,1522030,39.45
2020-03-12,19.1909,19.6869,19.1647,19.1669,1531140,36.7
2020-03-13,17.8331,19.1647,17.8331,18.279,2330290,35
2020-03-16,18.277,18.7731,16.9976,17.1301,2191590,32.8
2020-03-17,17.6504,17.7026,15.9793,17.6523,1774340,33.8
2020-03-18,17.7548,18.5381,17.7287,18.044,1743970,34.55
2020-03-19,17.7287,17.8592,17.1021,17.4434,906470,33.4
2020-03-20,17.5459,17.7809,17.1804,17.2867,771320,33.1
2020-03-23,16.1882,16.6582,16.0838,16.0855,2728710,30.8
2020-03-24,16.1882,16.6843,16.0315,16.5033,1227020,31.6
2020-03-25,17.4415,17.4676,17.1282,17.339,1611980,33.2
2020-03-26,17.2326,17.8592,16.7887,17.3912,1148580,33.3
2020-03-27,17.2848,17.6243,16.9193,17.2345,1128210,33
2020-03-30,16.1882,16.6582,16.0315,16.1378,1369430,30.9
2020-03-31,16.7104,16.7887,15.4049,16.1116,1018770,30.85
2020-04-01,16.136,17.2326,16.0838,16.7645,1190960,32.1
2020-04-03,17.0237,17.9115,17.0237,17.9134,1547020,34.3
2020-04-06,18.6425,19.1647,18.3292,19.1669,1881640,36.7
2020-04-07,19.5825,19.6869,18.7992,19.3235,1793050,37
2020-04-08,18.6948,19.8436,18.3292,19.8197,1456160,37.95
2020-04-09,19.8175,20.1569,19.6608,19.6891,1349000,37.7
2020-04-10,19.4781,19.7392,19.1647,19.2713,1198580,36.9
2020-04-13,19.1647,19.6869,19.1125,19.4019,1056950,37.15
2020-04-14,19.3475,19.6086,18.6948,19.0624,1220360,36.5
2020-04-15,19.1647,19.6869,19.1647,19.4802,1107070,37.3
2020-04-16,19.4258,19.4781,19.1909,19.4802,1210270,37.3
2020-04-17,19.7653,19.948,19.4258,19.5324,1151710,37.4
2020-04-20,19.7914,19.8436,19.2953,19.3758,1371830,37.1
2020-04-21,18.7992,19.217,18.1203,18.1223,2238980,34.7
2020-04-22,17.2848,19.3475,17.2848,18.9057,1413800,36.2
2020-04-23,19.3214,19.4258,18.8514,18.9057,789930,36.2
2020-04-24,19.0342,19.0342,18.4337,18.8013,592910,36
2020-04-27,18.9036,19.0081,18.3292,18.3312,1205680,35.1
2020-04-28,18.3292,18.6948,18.0159,18.3574,589490,35.15
2020-04-29,18.5903,18.747,18.277,18.5924,595490,35.6
2020-05-04,18.5903,19.0081,18.3292,18.4357,655630,35.3
2020-05-05,18.4337,18.6948,18.3814,18.4357,427650,35.3
2020-05-06,18.512,18.7992,18.4337,18.8013,739320,36
2020-05-07,18.9559,19.6347,18.9559,19.6108,2524450,37.55
2020-05-08,19.8175,20.5225,19.6086,19.8458,2563570,38
2020-05-11,20.1047,20.3658,19.8175,20.1069,1209730,38.5
2020-05-12,20.0003,20.183,19.8175,20.133,1645960,38.55
2020-05-13,20.0003,20.7836,19.7392,20.6814,2725900,39.6
2020-05-14,20.3658,21.1491,20.3658,20.7336,1994890,39.7
2020-05-15,20.7836,20.9402,20.0525,20.1591,1909780,38.6
2020-05-18,20.0786,20.3136,19.8436,20.3158,1864370,38.9
2020-05-19,20.8358,20.8358,20.3136,20.4203,1686240,39.1
2020-05-20,20.3658,20.5225,20.1047,20.4464,900670,39.15
2020-05-21,20.6269,20.9663,20.6008,20.7336,2474770,39.7
2020-05-22,20.7313,20.888,20.5225,20.5247,1140830,39.3
2020-05-25,20.5225,20.7836,20.3658,20.7075,888300,39.65
2020-05-26,20.7575,21.9324,20.7575,21.9348,2954120,42
2020-05-27,22.3241,22.3241,20.7836,20.7859,2293240,39.8
2020-05-28,20.888,21.3841,20.7836,21.2559,1913890,40.7
2020-05-29,21.0969,21.1491,20.7836,20.9425,1669730,40.1
2020-06-01,21.0447,21.6974,21.0186,21.6476,1104330,41.45
2020-06-02,21.6713,21.8802,21.1491,21.1775,1496600,40.55
2020-06-03,21.358,21.5146,21.1491,21.4126,896130,41
2020-06-04,21.5146,22.0891,21.4624,21.8304,2013380,41.8
2020-06-05,21.828,22.0368,21.5408,21.987,1216160,42.1
2020-06-08,22.2979,22.9768,22.1935,22.9793,2487930,44
2020-06-09,23.029,23.029,22.6113,22.6399,1119590,43.35
2020-06-10,22.5068,23.029,22.1935,22.7182,1297400,43.5
2020-06-11,22.7157,22.8201,21.1491,21.1514,2386670,40.5
2020-06-12,20.6269,22.1935,20.6269,22.1959,1913590,42.5
2020-06-15,22.0891,22.0891,20.8358,20.8381,1503480,39.9
2020-06-16,21.6713,21.7235,21.1491,21.2559,958780,40.7
2020-06-17,21.2535,21.4624,20.8097,21.047,817560,40.3
2020-06-18,21.0447,21.2013,20.888,21.1514,629450,40.5
2020-06-19,21.5146,21.6452,21.2535,21.6476,720420,41.45
2020-06-22,21.6713,21.8541,21.3058,21.5692,622920,41.3
2020-06-23,21.4363,21.593,21.1491,21.2559,1110100,40.7
2020-06-24,21.2535,21.5146,20.9924,21.047,692090,40.3
2020-06-25,20.888,21.0186,20.7836,20.8903,791820,40
2020-06-26,21.358,21.358,20.7313,20.8381,717380,39.9
2020-06-29,20.5225,20.6269,20.0525,20.1069,1334210,38.5
2020-06-30,20.3658,20.3919,19.7392,19.7936,862060,37.9
2020-07-01,19.7914,20.5747,19.7914,20.4725,769310,39.2
2020-07-02,20.6008,20.6008,20.2091,20.368,501500,39
2020-07-03,20.4964,20.5225,20.2614,20.4203,547350,39.1
2020-07-06,20.5747,20.9924,20.418,20.9425,757690,40.1
2020-07-07,21.0969,21.3319,21.0186,21.2037,1097570,40.6
2020-07-08,21.1491,21.2535,20.888,21.1775,768660,40.55
2020-07-09,21.1752,21.8802,21.1752,21.7259,1531780,41.6
2020-07-10,21.5146,21.7496,21.2797,21.6737,1030790,41.5
2020-07-13,21.7496,21.8541,21.4102,21.5692,1039520,41.3
2020-07-14,21.3319,21.5669,21.2535,21.5431,990800,41.25
2020-07-15,21.7757,21.7757,21.5669,21.5954,690440,41.35
2020-07-16,21.593,21.6191,21.4102,21.5954,473290,41.35
2020-07-17,21.6191,21.8541,21.6191,21.7259,1343600,41.6
2020-07-20,21.3058,21.8019,21.3058,21.3081,832370,40.8
2020-07-21,21.4102,21.4102,21.0708,21.3081,374580,40.8
2020-07-22,21.4102,21.4102,20.6269,20.8903,750600,40
2020-07-23,20.888,21.123,20.7052,20.812,764300,39.85
2020-07-24,20.8097,20.8097,19.7131,19.9502,1807770,38.2
2020-07-27,18.7992,19.7392,18.5642,18.5663,1545430,35.55
2020-07-28,18.7992,19.7653,18.7992,19.7675,1193550,37.85
2020-07-29,19.217,19.4258,18.6948,19.2974,725660,36.95
2020-07-30,19.5825,19.5825,18.7992,19.428,419920,37.2
2020-07-31,18.7992,19.452,18.7992,19.1407,479890,36.65
2020-08-03,18.9559,19.5042,18.9559,19.428,646640,37.2
2020-08-04,19.8436,19.8436,19.5825,19.7936,494030,37.9
2020-08-05,19.7392,20.3658,19.6347,20.2375,911970,38.75
2020-08-06,20.183,20.3136,19.948,19.9764,597260,38.25
2020-08-07,19.9742,20.1569,19.8175,19.898,532060,38.1
2020-08-10,20.0786,20.2091,19.8958,19.898,534820,38.1
2020-08-11,20.0264,20.1569,19.8958,20.1069,780760,38.5
2020-08-12,20.1569,20.5486,20.1569,20.4725,963310,39.2
2020-08-13,20.6269,20.7313,20.5225,20.7075,673490,39.65
2020-08-14,20.5486,20.6791,20.2614,20.368,985710,39
2020-08-17,20.2091,20.3658,20.0786,20.2114,631010,38.7
2020-08-18,20.3658,20.3658,20.0525,20.0547,663290,38.4
2020-08-19,20.0525,20.2875,20.0525,20.1591,346360,38.6
2020-08-20,20.1569,20.2875,19.9742,19.9764,859310,38.25
2020-08-21,20.0525,20.4964,20.0525,20.3419,1098410,38.95
2020-08-24,20.6269,20.8358,20.4702,20.7075,940780,39.65
2020-08-25,20.8358,20.888,20.5747,20.6292,886570,39.5
2020-08-26,20.6269,20.6269,20.5225,20.5508,831700,39.35
2020-08-27,20.5225,20.5747,20.3658,20.4203,1095260,39.1
2020-08-28,20.6269,21.4102,20.5225,21.1775,3032570,40.55
2020-08-31,21.2013,21.5669,21.1752,21.3865,2006450,40.95
2020-09-01,21.1491,21.6191,21.0969,21.6215,2124220,41.4
2020-09-03,21.6713,22.0368,21.5146,22.0393,2666170,42.2
2020-09-04,21.5669,22.0891,21.5408,21.987,2001840,42.1
2020-09-07,22.0368,22.0368,21.2013,21.2037,2246440,40.6
2020-09-08,21.3058,21.4102,20.9141,21.3342,1261510,40.85
2020-09-09,20.9924,21.3841,20.9402,21.3081,804160,40.8
2020-09-10,21.4624,21.4885,21.1491,21.1514,846810,40.5
2020-09-11,21.1491,21.2274,21.0186,21.1253,773230,40.45
2020-09-14,21.1752,21.3058,21.123,21.1514,931340,40.5
2020-09-15,21.2535,21.5146,21.0969,21.282,1109810,40.75
2020-09-16,21.358,21.358,21.123,21.1775,546300,40.55
2020-09-17,21.2535,21.4624,21.0447,21.1514,1520660,40.5
2020-09-18,21.2013,21.4102,21.1491,21.4126,1401990,41
2020-09-21,21.5146,21.6713,21.2535,21.3081,1006520,40.8
2020-09-22,21.2535,21.358,21.123,21.2559,1160730,40.7
2020-09-23,21.3058,21.8802,21.3058,21.6215,2105880,41.4
2020-09-24,21.5146,21.6974,21.3058,21.3603,1523780,40.9
2020-09-25,21.4102,21.4624,21.1752,21.3081,1334760,40.8
2020-09-28,21.4363,21.7757,21.3058,21.5692,1952000,41.3
2020-09-29,21.6713,21.9063,21.2013,21.2298,2022020,40.65
2020-09-30,21.2535,21.358,21.1491,21.3081,933550,40.8
2020-10-01,21.3058,21.4885,21.3058,21.3865,1157830,40.95
2020-10-02,21.4102,21.6452,20.1047,21.2298,1758990,40.65
2020-10-05,21.4102,21.4102,20.9924,21.0992,1567920,40.4
2020-10-06,21.1752,21.3058,21.0447,21.1253,1507790,40.45
2020-10-07,21.0969,21.358,21.0447,21.1253,1177720,40.45
2020-10-08,21.2013,21.2274,20.7836,21.0992,1893390,40.4
2020-10-09,21.0447,21.1491,20.9402,21.0731,849330,40.35
2020-10-12,21.7235,21.9063,21.2535,21.3865,3533550,40.95
2020-10-13,21.4102,21.8541,21.2013,21.5431,1980740,41.25
2020-10-14,21.828,22.4285,21.6713,22.4049,6821050,42.9
2020-10-15,22.6896,22.6896,22.0368,22.0654,2957800,42.25
2020-10-16,22.063,22.559,21.828,22.0393,2411650,42.2
2020-10-19,22.1674,22.1674,21.7757,21.8826,2690250,41.9
2020-10-20,21.6713,22.1935,21.6713,21.9348,1923390,42
2020-10-21,22.1413,22.7157,22.0107,22.1176,3019940,42.35
2020-10-22,22.0891,22.4285,21.8802,22.431,1733020,42.95
2020-10-23,22.6635,22.6635,22.3502,22.3526,1940000,42.8
2020-10-26,22.1935,22.4546,21.4102,21.4126,3379510,41
2020-10-27,21.4102,21.6713,21.2535,21.2559,2635960,40.7
2020-10-28,21.1491,21.2535,20.5225,20.5247,2899500,39.3
2020-10-29,20.2614,20.6269,20.0786,20.1853,2823190,38.65
2020-10-30,20.3658,20.4702,19.9219,20.1069,1678270,38.5
2020-11-02,20.1047,20.418,20.1047,20.3158,1084730,38.9
2020-11-03,20.3658,20.6269,20.3658,20.577,1035230,39.4
2020-11-04,20.5747,20.9402,20.5486,20.7597,1077740,39.75
2020-11-05,20.7575,20.7575,20.3919,20.3942,1280230,39.05
2020-11-06,20.6008,20.6008,20.2875,20.3942,646660,39.05
2020-11-09,20.6008,20.6008,20.418,20.4986,1187610,39.25
2020-11-10,20.8097,20.888,20.5747,20.577,1361190,39.4
2020-11-11,20.5747,20.7052,20.4441,20.577,723840,39.4
2020-11-12,20.6269,20.7836,20.5747,20.6814,1126040,39.6
2020-11-13,20.7313,21.0447,20.7052,21.047,1833350,40.3
2020-11-16,21.0708,21.3058,20.8358,20.8381,1939610,39.9
2020-11-17,20.888,21.0447,20.7575,21.047,1455550,40.3
2020-11-18,21.0447,21.0708,20.888,20.9164,1572210,40.05
2020-11-19,20.9402,21.3058,20.9402,21.0992,1787480,40.4
2020-11-20,21.2535,21.5408,21.2535,21.517,2522690,41.2
2020-11-23,21.6713,21.6713,21.1752,21.4648,1315280,41.1
2020-11-24,21.4363,21.4624,21.0969,21.2559,1958510,40.7
2020-11-25,21.4102,21.6452,21.1752,21.5692,2775000,41.3
2020-11-26,21.5669,22.2457,21.4102,22.2482,4356380,42.6
2020-11-27,22.3502,22.3763,21.9585,22.1698,2323620,42.45
2020-11-30,22.1674,22.1935,21.7757,21.7781,1708190,41.7
2020-12-01,21.4102,21.828,21.3058,21.7781,2913470,41.7
2020-12-02,21.8019,21.9324,21.6191,21.6737,1833120,41.5
2020-12-03,21.6974,21.8802,21.6191,21.7259,1836790,41.6
2020-12-04,21.7235,22.0891,21.6713,21.752,2563040,41.65
2020-12-07,22.4546,22.559,21.8541,22.4571,4120830,43
2020-12-08,22.6113,22.6113,22.1674,22.3004,2151740,42.7
2020-12-09,22.4024,22.9768,22.3241,22.8749,3679830,43.8
2020-12-10,22.8724,23.3946,22.8201,22.9532,3830860,43.95
2020-12-11,22.9246,23.9168,22.7679,23.9194,4566950,45.8
2020-12-14,24.0995,24.3084,23.9429,24.285,2935490,46.5
2020-12-15,24.0995,24.5434,23.9429,24.0761,3422380,46.1
2020-12-16,24.0734,24.7784,24.0734,24.755,3093050,47.4
2020-12-17,24.439,24.8567,24.2301,24.2328,3894580,46.4
2020-12-18,24.3867,24.8045,24.2301,24.5461,2432540,47
2020-12-21,25.0656,25.0656,24.2823,24.7811,2476240,47.45
2020-12-22,24.7784,24.7784,24.3345,24.4678,2735230,46.85
2020-12-23,24.5434,24.8045,24.2301,24.3372,2105620,46.6
2020-12-24,24.3345,24.439,22.9246,23.7627,3135180,45.5
2020-12-25,23.7601,24.3867,23.499,24.3372,1562900,46.6
2020-12-28,24.5173,25.0656,24.439,24.7811,3156280,47.45
2020-12-29,24.7001,25.405,24.7001,25.2512,3031270,48.35
2020-12-30,25.0917,25.4834,25.0656,25.0945,1442160,48.05
2020-12-31,25.0898,25.4349,24.957,25.4384,1342380,47.9
2021-01-04,25.3553,25.727,25.3553,25.6243,1993800,48.25
2021-01-05,25.4349,25.5411,25.3022,25.4384,2155700,47.9
2021-01-06,25.6473,26.8686,25.2491,25.9164,3674500,48.8
2021-01-07,25.9128,26.4969,25.7535,25.9695,1678500,48.9
2021-01-08,26.1783,26.1783,25.5942,25.7571,2034900,48.5
2021-01-11,25.7535,25.8066,25.4349,25.6243,2758800,48.25
2021-01-12,25.6208,26.019,25.4349,25.8898,2189300,48.75
2021-01-13,25.9128,26.1252,25.7004,25.7305,1650200,48.45
2021-01-14,25.7535,26.019,25.488,25.9429,1904800,48.85
2021-01-15,26.1783,26.2845,25.9394,25.9429,2404700,48.85
2021-01-18,25.9659,26.019,25.8066,25.8367,1685100,48.65
2021-01-19,25.8066,25.8066,24.0278,24.0311,2701100,45.25
2021-01-20,24.0278,24.6915,22.5675,24.1638,2306500,45.5
2021-01-21,24.2136,24.6915,24.0012,24.6949,1347000,46.5
2021-01-22,24.6915,24.7181,23.9481,24.0311,2211800,45.25
2021-01-25,23.895,24.0012,23.5764,23.6859,1371900,44.6
2021-01-26,23.5499,23.5499,22.1958,22.5972,1836800,42.55
2021-01-27,22.5941,23.0454,21.5586,21.9333,2102100,41.3
2021-01-28,20.709,21.24,20.417,20.4198,2692000,38.45
2021-01-29,19.3815,21.6914,19.3815,21.1898,2008200,39.9
2021-02-01,21.1869,21.771,20.5232,20.765,1545000,39.1
2021-02-02,20.6559,21.2135,20.4701,20.8977,2497300,39.35
2021-02-03,21.2931,22.0365,21.0807,21.9599,1851900,41.35
2021-02-04,21.9834,22.0896,21.7179,22.0395,1378500,41.5
2021-02-05,22.0365,22.3551,21.9303,22.1989,1279600,41.8
2021-02-08,21.2931,22.302,20.7356,21.296,1874900,40.1
2021-02-09,21.5055,21.8772,21.0807,21.6678,1448500,40.8
2021-02-17,21.6914,22.3551,21.6914,22.3582,1439000,42.1
2021-02-18,22.4082,23.0985,22.1427,23.0486,2339700,43.4
2021-02-19,22.833,23.6295,22.7534,23.4203,2027200,44.1
2021-02-22,23.4171,23.6295,23.2047,23.2345,1523800,43.75
2021-02-23,23.2313,23.4171,22.9392,23.3672,1533100,44
2021-02-24,23.3109,23.4702,22.6206,22.8627,1640000,43.05
2021-02-25,22.9127,23.2578,22.4082,22.8096,1733200,42.95
2021-02-26,22.7268,23.2047,22.4613,23.1548,1379500,43.6
2021-03-01,23.1516,23.5764,23.1516,23.4203,2251400,44.1
2021-03-02,23.6295,23.6826,23.2844,23.3938,2124000,44.05
2021-03-03,23.3906,23.4702,23.2047,23.261,1583800,43.8
2021-03-04,23.364,23.4968,22.4613,22.7034,2089500,42.75
2021-03-05,22.7003,22.9923,22.302,22.5175,1857200,42.4
2021-03-08,23.0454,23.0454,22.4613,22.5441,1595300,42.45
2021-03-09,22.5144,22.5144,22.0365,22.2254,2430700,41.85
2021-03-10,22.302,22.4082,21.9834,22.3051,2056500,42
2021-03-11,22.6737,23.1516,22.5941,22.9955,1672400,43.3
2021-03-12,23.0985,23.2047,22.8861,23.022,2536400,43.35
2021-03-15,23.0985,23.1516,22.7268,22.8362,2779700,43
2021-03-16,22.833,22.9392,22.4613,22.5175,2223700,42.4
2021-03-17,22.5675,23.0454,22.2755,22.9955,4346500,43.3
2021-03-18,23.364,24.0543,23.1251,23.8983,5666500,45
2021-03-19,23.895,24.1074,23.7357,23.8983,2885400,45
2021-03-22,23.895,23.895,23.6295,23.7124,2562800,44.65
2021-03-23,23.6295,23.6561,22.8861,23.2079,4549300,43.7
2021-03-24,22.833,22.9923,22.2489,22.3847,3341900,42.15
2021-03-25,22.5675,22.8065,22.2755,22.4379,2369000,42.25
2021-03-26,22.2755,22.5144,21.5055,22.3582,2445100,42.1
2021-03-29,22.5675,22.6472,22.3817,22.5972,1347900,42.55
2021-03-30,22.833,22.8596,22.4613,22.7565,2304200,42.85
2021-03-31,22.8065,23.072,22.7268,22.8096,2170100,42.95
2021-04-01,22.833,23.364,22.833,23.3407,3706500,43.95
2021-04-02,23.5764,24.1605,23.3906,23.8983,5794100,45
2021-04-05,24.2667,24.3729,23.9481,24.1904,5969400,45.55
2021-04-06,24.1074,24.5588,23.9216,24.2966,4113800,45.75
2021-04-07,24.2667,24.2933,24.0809,24.1904,2609000,45.55
2021-04-08,24.2667,24.3198,23.7357,23.7921,4412400,44.8
2021-04-09,23.7357,23.7888,23.3906,23.5266,4489700,44.3
2021-04-12,23.6295,24.0543,23.4171,23.7655,5149300,44.75
2021-04-13,23.895,23.9481,23.0985,23.1814,3952000,43.65
2021-04-14,23.0985,23.5233,22.833,23.3672,2839300,44
2021-04-15,23.4171,23.4702,22.833,22.8627,3705100,43.05
2021-04-16,22.7534,23.0985,22.2224,22.3051,4667300,42
2021-04-19,22.302,22.8861,22.1958,22.8362,3194000,43
2021-04-20,22.8861,23.364,22.8065,22.9424,2676100,43.2
2021-04-22,22.9392,22.9392,21.771,21.774,2929700,41
2021-04-23,21.771,22.3817,21.6914,22.3051,3078200,42
2021-04-26,22.1693,22.302,21.5055,21.5085,3328300,40.5
2021-04-27,21.5055,21.6648,21.3462,21.4288,1978500,40.35
2021-04-28,21.4259,21.7179,21.4259,21.5616,1379200,40.6
2021-04-29,21.5586,22.2489,21.5586,21.774,1949100,41
2021-05-04,21.24,22.1958,21.24,21.9333,2171900,41.3
2021-05-05,22.1427,22.4879,22.0365,22.252,2692200,41.9
2021-05-06,22.2489,22.2489,21.8772,21.9068,2246100,41.25
2021-05-07,21.5586,21.8772,21.5055,21.5881,3706600,40.65
2021-05-10,21.5055,22.0365,21.4259,21.9864,3027800,41.4
2021-05-11,22.302,23.0985,22.1958,22.3582,5349300,42.1
2021-05-12,22.302,22.6737,22.1958,22.6503,3331500,42.65
2021-05-13,22.5675,23.0454,22.302,22.6237,3483900,42.6
2021-05-14,22.7268,22.833,22.4613,22.491,2724600,42.35
2021-05-17,22.5675,22.833,22.1427,22.1989,2992400,41.8
2021-05-18,22.1427,22.1427,21.6648,21.7209,3903100,40.9
2021-05-19,21.771,21.9834,21.5586,21.7209,2872100,40.9
2021-05-20,21.7179,22.2489,21.24,22.2254,3495000,41.85
2021-05-21,22.302,23.7623,22.2224,23.7655,13027500,44.75
2021-05-24,24.1605,24.6384,24.1605,24.4294,6994100,46
2021-05-25,24.426,24.8774,24.134,24.8011,6329600,46.7
2021-05-26,24.7977,25.0101,24.5322,24.7746,7369800,46.65
2021-05-27,24.8508,24.8508,23.9216,24.1107,5862300,45.4
2021-05-28,24.2136,25.3287,23.8419,25.0401,7857000,47.15
2021-05-31,25.3818,25.9128,25.2225,25.8633,5597900,48.7
2021-06-01,25.9394,26.019,25.488,25.4915,4096100,48
2021-06-02,25.1163,25.4615,25.0632,25.1729,6043600,47.4
2021-06-03,25.3818,26.2845,25.1694,25.9164,6715400,48.8
2021-06-04,25.8597,26.2845,25.488,26.0226,5939600,49
2021-06-07,25.7535,25.8066,24.2136,24.8542,5275100,46.8
2021-06-08,24.9039,25.0632,23.7357,23.7921,5685400,44.8
2021-06-09,23.895,24.2667,23.364,24.1373,4454300,45.45
2021-06-10,24.134,24.2136,23.3109,23.3141,4463400,43.9
2021-06-11,23.364,24.0278,23.0985,24.0045,6390300,45.2
2021-06-14,24.1605,24.2136,23.7092,23.8452,3394300,44.9
2021-06-15,23.7623,23.9747,23.364,23.8452,3257000,44.9
2021-06-16,23.7357,24.7977,23.4702,24.0576,4217600,45.3
2021-06-17,23.6826,24.6119,23.6826,24.3763,3579300,45.9
2021-06-18,24.5588,24.6915,24.2667,24.509,3200200,46.15
2021-06-21,24.3729,24.426,23.8154,23.8983,4237600,45
2021-06-22,24.0543,24.134,23.8419,23.8983,2781900,45
2021-06-23,23.8419,24.6384,23.8419,24.1107,2574200,45.4
2021-06-24,24.1074,24.3729,23.895,24.0045,2110700,45.2
2021-06-25,23.9481,24.426,23.7357,24.1904,2572300,45.55
2021-06-28,24.426,25.0101,24.2402,24.9073,6685100,46.9
2021-06-29,24.957,25.4349,24.7446,24.9073,3945700,46.9
2021-06-30,24.9039,25.196,24.8774,25.0932,4001800,47.25
2021-07-01,25.2225,25.3022,24.8774,25.1198,4601600,47.3
2021-07-02,25.2225,25.3553,24.9039,24.987,4204700,47.05
2021-07-05,24.9836,24.9836,24.0012,24.7746,3489500,46.65
2021-07-06,24.9039,25.8066,23.364,23.3672,6896000,44
2021-07-07,23.6295,24.2402,23.1516,24.1638,3943600,45.5
2021-07-08,24.1605,24.5057,23.8685,24.3232,2127400,45.8
2021-07-09,24.0012,24.426,23.364,23.8452,3587800,44.9
2021-07-12,23.6826,23.6826,22.1958,22.3051,6021800,42
2021-07-13,22.5675,22.7003,22.0631,22.5175,1982500,42.4
2021-07-14,22.5675,22.6737,21.771,22.6237,1788900,42.6
2021-07-15,22.3286,22.9127,22.302,22.6768,1793200,42.7
2021-07-16,22.7268,22.833,22.5675,22.5706,1416400,42.5
2021-07-19,21.8241,22.2489,21.0542,21.0571,2960800,39.65
2021-07-20,21.0807,21.771,20.6559,21.774,2713600,41
2021-07-21,21.9834,21.9834,21.5055,21.6147,1157700,40.7
2021-07-22,21.5586,21.8241,21.5586,21.774,1700900,41
2021-07-23,21.7179,22.0365,21.3462,21.3492,1823500,40.2
2021-07-26,21.24,21.4259,20.9745,21.2429,1436900,40
2021-07-27,21.4524,21.6648,21.3197,21.3492,1428900,40.2
2021-07-28,21.3462,21.5055,21.24,21.5085,1233300,40.5
2021-07-29,21.6648,21.771,21.5586,21.774,1179900,41
2021-07-30,21.9303,21.9569,21.7445,21.8271,2031500,41.1
2021-08-02,22.302,22.8065,22.302,22.5972,3961400,42.55
2021-08-03,22.4613,23.0189,22.3551,23.022,2765600,43.35
2021-08-04,23.0454,23.0985,22.6737,22.8362,2111700,43
2021-08-05,22.6206,23.0985,22.4613,22.8096,2116600,42.95
2021-08-06,22.8065,23.0454,22.6206,22.7831,1868300,42.9
2021-08-09,22.5941,22.9127,22.4879,22.9158,1743800,43.15
2021-08-10,22.9658,23.0985,22.9127,22.9955,1825400,43.3
2021-08-11,22.9923,23.4171,22.7799,22.8893,2739100,43.1
2021-08-12,23.0189,23.0454,22.7268,22.7299,1709400,42.8
2021-08-13,22.6472,22.833,22.1958,22.5972,2309600,42.55
2021-08-16,22.4879,23.0985,22.302,22.9955,3286300,43.3
2021-08-17,23.1516,23.1516,22.7268,22.8096,1565300,42.95
2021-08-18,22.7799,22.833,22.5675,22.6503,1514500,42.65
2021-08-19,22.6206,22.6206,22.3817,22.5706,1803900,42.5
2021-08-20,22.6206,22.7799,21.24,21.5085,4363500,40.5
2021-08-23,21.5055,21.6648,20.8683,20.8712,2742300,39.3
2021-08-24,20.8683,21.0807,20.6559,20.9243,2540900,39.4
2021-08-25,20.9745,21.0011,20.709,20.9508,1103600,39.45
2021-08-26,21.0542,21.0542,20.178,20.4994,2045600,38.6
2021-08-27,20.4435,20.709,20.0718,20.5525,1906500,38.7
2021-08-30,20.709,20.9745,20.6028,20.9508,1410200,39.45
2021-08-31,21.0276,21.0276,20.6825,20.6853,1814800,38.95
2021-09-01,20.6028,20.7621,20.5232,20.7119,1357900,39
2021-09-06,20.7356,20.9745,20.6825,20.765,1364600,39.1
2021-09-07,20.8683,21.3462,20.7887,21.0836,1709800,39.7
2021-09-08,21.3462,21.4524,20.9745,21.0305,1420900,39.6
2021-09-09,21.0276,21.1338,21.0011,21.1367,839800,39.8
2021-09-10,21.24,21.24,21.0276,21.0571,793800,39.65
2021-09-13,21.0542,21.0542,20.709,20.7915,1734700,39.15
2021-09-14,20.7621,20.7887,20.4966,20.5525,1415300,38.7
2021-09-15,20.4966,20.709,20.4966,20.6056,1055100,38.8
2021-09-16,20.7621,20.9745,20.7356,20.9243,1465600,39.4
2021-09-17,21.0276,21.479,21.0276,21.2429,1784100,40
2021-09-20,21.2666,21.3993,21.1869,21.1898,1957000,39.9
2021-09-21,20.9745,21.1338,20.8152,21.0571,1524100,39.65
2021-09-22,21.0276,21.1869,20.7621,21.0305,1267800,39.6
2021-09-23,21.1338,21.1869,20.948,20.9508,1084600,39.45
2021-09-24,20.9745,21.1338,20.948,21.0836,964900,39.7
2021-09-27,21.0807,21.2931,20.8152,20.9243,1210800,39.4
2021-09-28,20.9214,21.4259,20.8152,21.296,2187700,40.1
2021-09-29,21.2666,21.2666,20.8683,21.1898,1183100,39.9
2021-09-30,21.1604,21.24,20.8949,20.9508,1097300,39.45
2021-10-01,20.8683,20.948,20.6028,20.6056,1658100,38.8
2021-10-04,20.6294,21.0276,20.4435,20.6588,1055100,38.9
2021-10-05,20.709,21.0011,20.709,20.8712,730100,39.3
2021-10-06,20.9745,21.24,20.8683,20.9243,813300,39.4
2021-10-07,20.9214,20.9745,20.7887,20.7915,1021500,39.15
2021-10-08,20.7887,20.9214,20.7887,20.8181,978100,39.2
2021-10-11,21.0276,21.24,20.9214,21.2429,1760100,40
2021-10-12,21.3462,21.6383,21.2666,21.3757,1985900,40.25
2021-10-13,21.3993,21.479,21.0276,21.1898,1423600,39.9
2021-10-14,21.1869,21.2135,21.0011,21.004,1060700,39.55
2021-10-15,21.0011,21.1604,20.9745,20.9774,1104900,39.5
2021-10-18,20.9745,21.2666,20.709,20.8712,1795500,39.3
2021-10-19,20.8683,21.5321,20.709,21.2695,2212300,40.05
2021-10-20,21.2666,21.3462,20.8683,21.1102,1079600,39.75
2021-10-21,21.1073,21.1869,20.9745,20.9774,632200,39.5
2021-10-22,20.9745,21.0807,20.8683,20.8712,1054900,39.3
2021-10-25,21.0276,21.0276,20.8152,20.8181,889700,39.2
2021-10-26,20.8152,20.9214,20.7887,20.8181,547200,39.2
2021-10-27,20.8418,21.2135,20.8418,21.1898,1412900,39.9
2021-10-28,21.24,21.3462,21.0807,21.1633,1237100,39.85
2021-10-29,21.24,22.1427,21.1869,22.0395,3730300,41.5
2021-11-01,22.302,22.3551,22.0896,22.1989,3293200,41.8
2021-11-02,22.1958,22.5675,22.0896,22.2785,1527700,41.95
2021-11-03,22.4613,23.4171,22.302,22.8627,5601700,43.05
2021-11-04,22.9127,23.4968,22.6737,23.3672,4380200,44
2021-11-05,23.364,23.5764,22.9658,23.1548,1940900,43.6
2021-11-08,23.1516,23.5764,22.9127,23.3141,2686800,43.9
2021-11-09,23.364,23.4437,22.833,22.8362,2541000,43
2021-11-10,22.8861,23.0985,22.4879,22.8362,2138500,43
2021-11-11,23.0454,23.0985,22.4082,22.7299,2441800,42.8
2021-11-12,22.4879,22.9923,22.4879,22.9424,1878000,43.2
2021-11-15,23.0189,23.0985,22.302,22.7299,1523300,42.8
2021-11-16,22.6737,22.8861,22.541,22.7299,1266900,42.8
2021-11-17,22.6472,23.2578,22.541,23.1548,2444800,43.6
2021-11-18,23.364,23.8419,23.0454,23.6328,3510800,44.5
2021-11-19,23.6561,24.4526,22.302,23.5797,4055100,44.4
2021-11-22,23.5764,24.5322,23.364,24.1904,4942900,45.55
2021-11-23,24.1605,24.1605,23.4702,23.739,1795000,44.7
2021-11-24,23.8685,24.4791,23.6826,24.4559,4127600,46.05
2021-11-25,24.6384,24.6384,24.0543,24.0842,2686800,45.35
2021-11-26,24.4791,24.5322,23.364,24.1373,4132100,45.45
2021-11-29,23.6295,23.895,23.4171,23.6328,3260500,44.5
2021-11-30,23.8419,24.2402,23.1516,23.5797,2542100,44.4
2021-12-01,23.5764,23.7357,23.2047,23.5266,1755700,44.3
2021-12-02,23.4968,24.1074,23.364,23.4734,1367300,44.2
2021-12-03,23.6295,23.6295,22.302,22.3051,2199100,42
2021-12-06,22.833,22.833,22.1162,22.2785,2858100,41.95
2021-12-07,22.3286,23.2313,22.3286,23.1548,1653500,43.6
2021-12-08,23.2047,23.5233,23.072,23.3672,1145000,44
2021-12-09,23.3375,23.4437,23.1251,23.3672,979700,44
2021-12-10,23.5233,24.0012,23.5233,23.6859,2064600,44.6
2021-12-13,24.1605,24.3198,23.9481,24.1638,2477500,45.5
2021-12-14,24.2667,24.2667,24.0012,24.0576,1711000,45.3
2021-12-15,24.0012,24.1605,23.7623,23.8452,1426700,44.9
2021-12-16,23.895,23.895,23.364,23.8452,1674500,44.9
2021-12-17,23.8419,24.1605,23.4171,23.8452,1851700,44.9
2021-12-20,23.7888,23.8685,23.6295,23.6859,1229300,44.6
2021-12-21,23.6295,23.7092,23.2578,23.261,2787700,43.8
2021-12-22,23.364,23.4968,22.8065,22.9955,2827800,43.3
2021-12-23,23.3508,23.4179,22.6127,23.1514,2318800,34.5
2021-12-24,23.1495,23.7534,23.1495,23.4869,1525000,35
2021-12-27,23.6192,23.8205,23.485,23.6883,1202100,35.3
2021-12-28,23.8205,23.8205,23.4179,23.6212,1359900,35.2
2021-12-29,23.8541,23.8541,23.5521,23.6212,1581600,35.2
2021-12-30,23.7534,23.9547,23.6192,23.7554,987000,35.4
2021-12-31,23.8876,25.2967,23.8205,24.8962,4857000,37.1
2022-01-04,25.2296,25.498,24.9948,25.0975,1769200,37.4
2022-01-05,25.4309,25.4309,24.7599,24.8626,1922200,37.05
2022-01-06,24.4915,26.0348,24.3238,25.5001,5998800,38
2022-01-07,25.9342,26.471,25.2632,26.3054,4367700,39.2
2022-01-10,26.3032,27.0413,26.0348,26.0705,3180600,38.85
2022-01-11,26.0348,26.7729,25.6993,26.4396,4276500,39.4
2022-01-12,26.4374,28.2827,26.4374,28.285,8028300,42.15
2022-01-13,28.5175,30.2621,28.5175,29.5264,9664800,44
2022-01-14,29.0543,30.2621,29.0543,29.6942,3265400,44.25
2022-01-17,29.524,31.537,29.2556,29.2916,7741100,43.65
2022-01-18,29.1214,30.497,29.1214,30.1304,4849200,44.9
2022-01-19,30.2286,30.7318,29.2221,29.3587,2537600,43.75
2022-01-20,28.9201,29.8931,28.3498,29.7949,3017300,44.4
2022-01-21,31.5706,32.7448,31.2015,31.7745,4570000,47.35
2022-01-24,31.4699,32.5435,31.4364,31.4725,4165100,46.9
2022-01-25,31.0673,32.879,30.7989,32.8817,4703200,49
2022-01-26,33.2145,33.5165,32.2751,32.2778,4052900,48.1
2022-01-27,32.208,32.5435,31.8054,31.9422,1921100,47.6
2022-01-28,31.9396,32.879,31.7383,32.1771,2956900,47.95
2022-02-07,32.4764,32.6106,31.6712,31.808,3477200,47.4
2022-02-08,31.8054,32.4764,31.2015,31.7745,2672600,47.35
2022-02-09,31.7383,32.8119,31.537,32.4791,4562000,48.4
2022-02-10,32.6106,32.8119,32.208,32.4791,2741500,48.4
2022-02-11,32.3422,32.5435,32.0738,32.1436,1716100,47.9
2022-02-14,31.6712,31.9396,30.0273,30.0297,7129000,44.75
2022-02-15,30.0944,31.0673,29.7924,31.0028,3694100,46.2
2022-02-16,30.9331,30.9331,29.9937,30.2982,2795800,45.15
2022-02-17,30.6647,30.866,29.9937,30.8686,1790200,46
2022-02-18,30.497,30.8996,29.9937,29.9962,2995400,44.7
2022-02-21,30.0608,30.497,29.3227,30.3653,2957200,45.25
2022-02-22,30.1279,30.866,29.9937,30.8686,2290300,46
2022-02-23,31.2015,31.4699,30.5305,30.6001,2954000,45.6
2022-02-24,30.3963,30.5641,29.2556,29.9291,3385900,44.6
2022-02-25,29.9266,30.5976,29.8595,29.8955,2347500,44.55
2022-02-28,29.7253,29.8931,29.3227,29.3251,2699000,43.7
2022-03-01,29.3563,30.195,29.2556,29.5936,2395600,44.1
2022-03-02,29.3227,29.524,28.4169,28.4863,3090100,42.45
2022-03-03,28.4169,28.9872,28.182,28.7212,2473700,42.8
2022-03-04,28.7188,29.1885,28.5175,29.0567,1660800,43.3
2022-03-07,28.7188,28.7188,28.2827,28.3521,2266100,42.25
2022-03-08,28.0478,28.5511,27.7794,27.9159,2585800,41.6
2022-03-09,27.9136,28.1149,27.1755,27.1778,1970700,40.5
2022-03-10,27.8465,28.182,27.4775,27.4797,1563100,40.95
2022-03-11,27.4775,28.0814,27.4775,28.0837,1476500,41.85
2022-03-14,28.0814,28.3162,27.7123,27.7146,1337300,41.3
2022-03-15,27.7123,28.3162,27.511,28.2514,1515300,42.1
2022-03-16,28.3833,28.3833,27.8465,27.9159,1331400,41.6
2022-03-17,28.3162,29.6918,27.511,29.1909,5819900,43.5
2022-03-18,29.3227,29.9266,29.1885,29.4593,2786600,43.9
2022-03-21,29.4569,29.5911,29.0543,29.3922,1279000,43.8
2022-03-22,29.3898,29.4905,28.9872,29.1909,2825000,43.5
2022-03-23,29.155,29.7924,28.9537,29.1238,1995900,43.4
2022-03-24,29.1214,29.155,28.853,28.9225,1287000,43.1
2022-03-25,28.9537,29.4234,28.5846,29.1574,1969000,43.45
2022-03-28,28.853,29.155,27.813,27.9159,3983900,41.6
2022-03-29,27.9807,28.5175,27.8465,28.4528,1733800,42.4
2022-03-30,28.2491,30.195,27.9807,29.2245,3512800,43.55
2022-03-31,29.3563,29.4905,29.1214,29.1909,1444000,43.5
2022-04-01,29.1885,29.8595,29.1214,29.7613,3165900,44.35
2022-04-04,30.1615,30.1615,29.6918,29.6942,2081900,44.25
2022-04-05,29.1885,29.3898,28.9537,29.0567,2905000,43.3
2022-04-06,28.853,29.3898,28.6182,29.1909,3242600,43.5
2022-04-07,29.1885,29.7589,28.8866,28.8889,3152800,43.05
2022-04-08,28.853,28.9872,28.0478,28.1172,3146100,41.9
2022-04-12,28.3833,28.3833,27.142,27.1442,3187500,40.45
2022-04-13,27.1755,27.7794,26.9071,27.4462,1996100,40.9
2022-04-14,27.7794,27.7794,27.1755,27.1778,1890900,40.5
2022-04-15,27.2426,27.6452,26.169,26.3725,2508700,39.3
2022-04-18,26.5381,26.6387,25.3638,25.4666,2820600,37.95
2022-04-19,25.7329,26.3032,25.1625,25.4666,2322500,37.95
2022-04-20,25.4645,26.0348,25.3974,25.4666,1458300,37.95
2022-04-21,25.4309,26.0013,25.2632,25.8356,2094100,38.5
2022-04-22,25.9006,26.2361,25.498,25.8356,2628900,38.5
2022-04-25,25.8335,25.9006,24.0554,24.0573,2945400,35.85
2022-04-26,23.5857,24.9948,23.5857,24.762,1857800,36.9
2022-04-27,24.827,25.1625,24.458,24.9633,748100,37.2
2022-04-28,24.9612,24.9612,24.6257,24.6277,974900,36.7
2022-04-29,24.7264,25.3303,24.6928,24.9968,1518600,37.25
2022-05-04,24.9948,25.2967,24.7935,24.9968,1561000,37.25
2022-05-05,25.2296,25.6322,24.827,25.6343,1990600,38.2
2022-05-06,25.0619,25.3974,24.827,24.8291,1579600,37
2022-05-09,24.5586,24.7599,23.116,23.1179,2414100,34.45
2022-05-10,22.8811,24.0889,22.4785,24.0238,1727600,35.8
2022-05-11,23.9883,24.2231,23.5186,24.2251,862900,36.1
2022-05-12,23.7534,24.0218,22.5456,22.5475,1507900,33.6
2022-05-13,22.6798,22.814,21.3378,21.3396,2353900,31.8
2022-05-16,22.2772,22.3108,21.6062,21.608,1280700,32.2
2022-05-17,21.8075,23.116,21.5056,23.1179,1116800,34.45
2022-05-18,23.4179,23.8205,22.9482,23.4198,1288800,34.9
2022-05-19,22.814,23.485,22.7469,23.2521,895100,34.65
2022-05-20,23.0824,23.4179,23.0153,23.1514,1128100,34.5
2022-05-23,23.0824,23.2837,22.143,22.3797,1002800,33.35
2022-05-24,22.6127,22.7134,22.2101,22.6481,768000,33.75
2022-05-25,22.814,23.5521,22.814,23.4198,1066800,34.9
2022-05-26,23.8876,23.9883,23.485,23.5541,1194100,35.1
2022-05-27,23.5521,23.7534,23.4179,23.6883,891000,35.3
2022-05-30,23.8205,24.0554,23.6192,23.9902,1088100,35.75
2022-05-31,23.8205,23.8876,23.485,23.6883,1027300,35.3
2022-06-01,23.5521,23.8541,23.4515,23.5876,1071100,35.15
2022-06-02,23.5857,23.6192,23.1495,23.2856,905200,34.7
2022-06-03,23.2837,23.3173,22.814,23.0508,570700,34.35
2022-06-06,23.0489,23.2502,22.6798,22.9501,918800,34.2
2022-06-07,22.8811,22.9482,22.2101,22.5475,1172500,33.6
2022-06-08,22.6127,23.3508,22.5792,23.0172,982900,34.3
2022-06-09,23.0489,23.3173,22.8811,23.1514,394400,34.5
2022-06-10,22.8476,23.0153,22.6798,22.6817,786000,33.8
2022-06-13,22.1766,22.3779,21.4385,21.4402,1446900,31.95
2022-06-14,21.4049,22.0088,20.8681,21.6751,1178900,32.3
2022-06-15,21.472,21.8075,20.801,21.4738,1366100,32
2022-06-16,21.472,22.0088,21.472,21.6751,1293500,32.3
2022-06-17,21.4385,21.4385,20.9352,21.2054,1218700,31.6
2022-06-20,21.2707,21.3378,19.7945,19.7961,972600,29.5
2022-06-21,19.5261,20.5662,19.4255,20.333,1403700,30.3
2022-06-22,20.3313,21.2036,19.9958,20.4672,1532700,30.5
2022-06-23,20.4655,20.801,20.1636,20.8027,422300,31
2022-06-24,20.9352,21.6398,20.8681,20.9369,1328200,31.2
2022-06-27,21.0023,21.3378,20.9017,21.306,826300,31.75
2022-06-28,21.2036,22.7805,21.2036,22.581,2412700,33.65
2022-06-29,22.143,23.4179,22.143,23.4198,2342200,34.9
2022-06-30,23.485,23.485,22.4785,22.4804,1498400,33.5
2022-07-01,22.0759,23.9547,21.5391,23.5205,3520700,35.05
2022-07-04,23.8205,23.9883,23.4179,23.5205,1827500,35.05
2022-07-05,23.5186,25.1625,23.485,24.3593,4933500,36.3
2022-07-06,24.0218,24.7599,23.8205,23.8896,2731600,35.6
2022-07-07,23.7534,24.5922,23.0153,24.3593,2824700,36.3
2022-07-08,24.4244,24.458,23.485,23.4869,1979400,35
2022-07-11,23.4179,23.5857,22.143,23.1514,2058500,34.5
2022-07-12,23.0489,24.4915,22.9482,24.4264,1671000,36.4
2022-07-13,24.2902,24.9612,24.0218,24.1916,2657100,36.05
2022-07-14,24.0218,24.7599,23.9883,24.2587,1504200,36.15
2022-07-15,24.2231,24.6593,24.0218,24.0238,1387300,35.8
2022-07-18,24.156,24.156,23.7534,23.8225,1698400,35.5
2022-07-19,23.8205,24.0554,23.485,23.9231,976900,35.65
2022-07-20,24.2902,24.7599,24.1225,24.4264,1587800,36.4
2022-07-21,24.2902,24.7264,24.2902,24.4935,1519100,36.5
2022-07-22,24.7599,24.7599,23.8205,23.8225,1247400,35.5
2022-07-25,23.8205,24.0889,23.3508,23.7554,1196800,35.4
2022-07-26,24.0218,24.156,23.8205,23.856,885800,35.55
2022-07-27,23.8541,23.9212,23.485,23.856,725200,35.55
2022-07-28,24.156,24.7264,23.9547,24.4935,2049800,36.5
2022-07-29,24.6257,25.4309,24.5922,25.0304,4174700,37.3
2022-08-01,25.0954,26.169,25.0283,26.1712,3367400,39
2022-08-02,25.9006,26.169,25.6322,25.8356,1951800,38.5
2022-08-03,25.4645,26.3703,25.4309,26.3725,2146200,39.3
2022-08-04,26.3703,26.6052,25.8335,26.3725,2421700,39.3
2022-08-05,26.3032,26.3032,25.8335,26.1712,1029400,39
2022-08-08,26.169,26.3368,25.9677,26.037,987900,38.8
2022-08-09,26.0348,26.3032,25.9006,25.9363,1567700,38.65
2022-08-10,25.8335,26.0348,25.7664,25.7685,987000,38.4
2022-08-11,26.169,26.3703,25.6322,25.7014,1739100,38.3
2022-08-12,25.6993,26.3032,25.5987,26.3054,1639000,39.2
2022-08-15,26.3703,27.6117,26.3703,27.5133,3772200,41
2022-08-16,27.4775,27.5781,27.1755,27.1778,981400,40.5
2022-08-17,27.1755,27.2426,26.84,26.8422,1394900,40
2022-08-18,26.6387,26.9071,26.5716,26.5738,1480900,39.6
2022-08-19,26.5381,26.84,26.3032,26.406,1451800,39.35
2022-08-22,26.4039,26.4039,25.7329,25.8021,1761800,38.45
2022-08-23,25.7329,26.5045,25.6322,26.5067,1732500,39.5
2022-08-24,26.6387,26.7058,26.1355,26.3725,969800,39.3
2022-08-25,26.169,26.5045,26.1355,26.3725,1272100,39.3
2022-08-26,26.3703,26.9407,26.3703,26.4396,2006200,39.4
2022-08-29,25.9006,26.3703,25.5987,26.1712,1345400,39
2022-08-30,26.2026,27.142,26.169,26.708,2329700,39.8
2022-08-31,26.7058,26.9742,26.5716,26.8422,1622100,40
2022-09-05,26.84,26.8736,26.3368,26.5067,803800,39.5
2022-09-06,26.5045,27.2091,26.471,26.8758,1779600,40.05
2022-09-07,26.7729,26.7729,25.3638,25.3659,3012000,37.8
2022-09-08,25.4309,25.7329,24.5586,24.6277,2190400,36.7
2022-09-09,24.6257,24.8941,24.2567,24.8291,1111000,37
2022-09-12,24.827,25.1625,24.6928,24.762,937800,36.9
2022-09-13,24.7599,24.9948,24.5922,24.6948,840200,36.8
2022-09-14,24.156,24.4915,24.1225,24.4935,933100,36.5
2022-09-15,24.4915,24.6928,23.9212,23.9902,1945600,35.75
2022-09-16,24.156,24.2902,23.8205,23.8225,974900,35.5
2022-09-19,23.787,23.787,22.8811,22.9501,1276000,34.2
2022-09-20,23.0153,23.6528,23.0153,23.5876,1116600,35.15
2022-09-21,23.3508,23.5521,23.3173,23.3192,495400,34.75
2022-09-22,23.1831,23.6863,23.116,23.5876,977300,35.15
2022-09-23,23.8876,23.8876,23.1495,23.3192,785400,34.75
2022-09-26,22.8811,22.9818,21.7404,22.4133,2016400,33.4
2022-09-27,22.4785,22.8476,22.143,22.6146,607300,33.7
2022-09-28,22.6127,22.7469,22.3779,22.4804,777900,33.5
2022-09-29,22.814,22.8811,22.445,22.4804,1000100,33.5
2022-09-30,22.0088,22.7469,21.6733,22.7488,1817900,33.9
2022-10-03,22.2101,22.5456,21.1701,21.1718,1573400,31.55
2022-10-04,21.472,21.5056,20.7339,20.8027,1195400,31
2022-10-05,21.3378,21.472,21.0023,21.3396,516100,31.8
2022-10-06,21.4385,21.4385,20.801,20.8027,915800,31
2022-10-07,20.4655,20.5326,19.3919,19.5948,1716300,29.2
2022-10-10,18.8887,20.432,18.788,20.1317,1000800,30
2022-10-11,20.13,20.13,19.1235,19.1251,907900,28.5
2022-10-12,19.459,20.432,19.2577,20.4336,1476600,30.45
2022-10-13,20.4991,21.774,20.432,21.7758,1413700,32.45
2022-10-14,22.143,22.2772,21.8746,22.1448,1720800,33
2022-10-17,22.1095,22.1095,21.2707,21.9435,1089600,32.7
2022-10-18,22.143,22.445,21.9417,22.0106,882400,32.8
2022-10-19,22.0088,22.4785,21.7404,22.1448,753300,33
2022-10-20,21.8746,22.814,21.8075,22.2455,1476300,33.15
2022-10-21,22.2437,22.2437,21.5391,21.8764,1657300,32.6
2022-10-24,22.1095,22.1095,20.3649,20.3665,1374200,30.35
2022-10-25,20.13,21.774,19.6603,21.004,1464500,31.3
2022-10-26,21.1365,21.8075,21.0023,21.2725,684000,31.7
2022-10-27,21.3378,22.7469,21.3378,22.7488,2034500,33.9
2022-10-28,23.0153,23.4515,22.6798,22.6817,2106200,33.8
2022-10-31,22.6798,23.3844,22.6127,23.185,2663400,34.55
2022-11-01,23.2166,23.5857,22.814,22.8494,1615200,34.05
2022-11-02,22.8476,23.0489,22.5121,22.6146,1325200,33.7
2022-11-03,22.2437,22.6798,22.143,22.1448,1125400,33
2022-11-04,22.143,22.5792,21.1701,22.3462,2376600,33.3
2022-11-07,22.0088,22.8811,22.0088,22.3462,1582200,33.3
2022-11-08,22.143,23.485,22.143,23.4198,3079100,34.9
2022-11-09,23.5521,24.6928,23.5186,24.2587,4501700,36.15
2022-11-10,24.1225,24.1225,22.5792,23.2856,2499700,34.7
2022-11-11,24.156,24.4915,23.7534,24.158,2165600,36
2022-11-14,23.8876,24.7599,23.4179,24.0909,1326800,35.9
2022-11-15,23.485,23.9883,22.4114,22.4133,1888700,33.4
2022-11-16,21.4049,23.9547,21.1701,23.9567,1603000,35.7
2022-11-17,24.2902,24.4915,23.8205,23.9231,1492200,35.65
2022-11-18,23.9212,24.1896,22.814,24.1245,1383600,35.95
2022-11-21,24.4915,24.4915,23.8205,23.8225,1285300,35.5
2022-11-22,23.2166,24.6593,23.2166,24.46,2109100,36.45
2022-11-23,24.4244,25.498,24.1225,25.0975,2415200,37.4
2022-11-24,24.9612,25.7664,24.6928,25.5001,1789300,38
2022-11-25,25.7664,26.84,25.6322,26.8422,2564400,40
2022-11-28,26.84,27.2426,26.169,26.5067,2605800,39.5
2022-11-29,26.5045,27.511,26.0684,27.5133,2549200,41
2022-11-30,27.511,28.3833,26.5045,27.5804,2054900,41.1
2022-12-01,27.5781,27.8465,26.169,26.1712,1935500,39
2022-12-02,26.169,27.7123,26.1355,27.6475,1503000,41.2
2022-12-05,27.7794,28.182,27.2091,27.681,1665800,41.25
2022-12-06,27.5781,27.5781,26.2361,26.2383,2673000,39.1
2022-12-07,26.5045,26.5045,25.8335,26.1712,1797900,39
2022-12-08,26.3032,27.6452,26.0348,26.1712,2731500,39
2022-12-09,26.1019,26.5045,25.6993,26.3054,1624100,39.2
2022-12-12,26.4374,26.7729,25.5651,25.5672,1983700,38.1
2022-12-13,25.5316,26.5045,25.5316,25.9699,1706400,38.7
2022-12-14,26.6387,26.6387,26.0348,26.037,659400,38.8
2022-12-15,25.9006,26.7394,25.9006,26.1712,1459900,39
2022-12-16,25.9342,26.5045,25.9342,26.1041,1000200,38.9
2022-12-19,26.0348,27.1755,26.0348,26.037,1917400,38.8
2022-12-20,26.0348,26.169,25.1625,25.8356,1652700,38.5
2022-12-21,26.0684,26.5716,25.8,25.9027,1432800,38.6
2022-12-22,26.0684,26.7729,26.0013,26.1712,1335700,39
2022-12-23,26.5045,26.5045,26.169,26.1712,690600,39
2022-12-26,26.169,26.2361,26.0013,26.037,1255700,38.8
2022-12-27,26.0348,26.84,25.9677,26.8422,1496000,40
2022-12-28,26.9071,28.4504,26.5716,28.1172,3692800,41.9
2022-12-29,28.182,28.2491,26.84,26.8422,1265700,40
2022-12-30,27.0078,27.8465,25.9006,25.9027,2618200,38.6
2023-01-03,26.3703,27.6452,26.2026,27.6475,1732900,41.2
2023-01-04,27.6452,28.3162,27.1084,27.3791,2070300,40.8
2023-01-05,27.511,27.5781,27.0078,27.3455,1175100,40.75
2023-01-06,27.3433,28.484,27.2426,27.9495,3400900,
2023-01-09,28.3162,28.3162,27.4104,27.5133,1326400,
2023-01-10,27.9136,27.9807,27.3433,27.7146,924000,
2023-01-11,27.9136,28.3162,27.4439,27.681,1531300,
2023-01-12,27.7459,28.1485,27.511,27.8153,708200,
2023-01-13,27.9136,28.3162,27.9136,28.0501,1630000,41.8
2023-01-16,28.182,29.9937,28.1485,29.9962,4737900,44.7
2023-01-17,30.195,30.3963,29.9266,30.164,1499200,44.95
2023-01-18,30.1279,30.5641,30.0608,30.2646,1832900,45.1
2023-01-19,30.2621,31.0673,30.1615,30.835,1656800,45.95
2023-01-27,31.2015,31.2686,29.8595,29.8955,1729800,44.55
2023-01-30,29.524,30.1279,29.524,29.862,1210300,44.5
2023-01-31,29.6918,30.2621,29.2221,30.2646,1643500,45.1
2023-02-01,30.4299,30.5305,28.5846,28.7212,2510500,42.8
2023-02-02,28.6853,29.2556,28.2491,28.9561,2864500,43.15
2023-02-03,29.1885,29.3898,28.9537,29.0903,1377900,43.35
2023-02-06,29.0543,30.195,28.7859,30.1975,1747200,45
2023-02-07,30.195,30.4299,29.3227,29.3922,1568300,43.8
2023-02-08,29.4569,30.3628,29.4569,29.862,1796700,44.5
2023-02-09,29.8595,30.195,29.524,29.5264,1184800,44
2023-02-10,29.7924,29.8931,28.8195,28.8218,1398000,42.95
2023-02-13,28.8195,29.7924,28.8195,29.7949,1589700,44.4
2023-02-14,29.8595,29.8595,29.0543,29.1238,1325100,43.4
2023-02-15,28.9537,29.826,28.9537,29.5264,604600,44
2023-02-16,29.9937,30.195,29.524,30.1975,1068100,45
2023-02-17,30.195,30.7318,30.1615,30.7343,1493700,45.8
2023-02-20,30.7318,31.7719,30.7318,31.6738,1508300,47.2
2023-02-21,31.6712,31.7383,31.0338,31.0363,996600,46.25
2023-02-22,30.7654,30.866,30.195,30.1975,994100,45
2023-02-23,30.1615,30.5641,29.3227,30.5666,1279900,45.55
2023-02-24,30.2286,30.5641,29.7924,29.9291,497900,44.6
2023-02-27,29.8595,29.8595,29.2556,29.6942,939200,44.25
2023-02-28,29.6918,29.9266,29.5576,29.5936,257600,44.1
2023-03-01,29.524,30.6312,29.3898,30.6337,740900,45.65
2023-03-02,30.6312,31.2015,30.4634,31.137,976200,46.4
2023-03-03,31.1344,31.2015,30.3628,30.8015,735400,45.9
2023-03-06,30.7989,31.537,30.3963,30.7343,864900,45.8
2023-03-07,30.5305,31.6041,30.5305,31.4725,1634600,46.9
2023-03-08,31.1344,32.208,30.7989,32.2107,1229700,48
2023-03-09,32.208,32.208,31.5706,31.9758,1170600,47.65
2023-03-10,31.839,31.839,31.5035,31.6403,862200,47.15
2023-03-13,31.2686,31.4699,31.0338,31.0363,933700,46.25
2023-03-14,30.9331,31.1009,30.0273,30.2311,1444500,45.05
2023-03-15,30.866,31.8054,30.497,31.4054,628400,46.8
2023-03-16,30.8996,31.4699,30.8996,31.0363,875700,46.25
2023-03-17,31.537,31.537,30.866,31.0699,310700,46.3
2023-03-20,30.866,30.866,30.195,30.4324,585800,45.35
2023-03-21,30.4634,30.6983,30.0608,30.4324,741600,45.35
2023-03-22,30.6983,31.0002,30.497,30.9357,560800,46.1
2023-03-23,30.3963,30.866,30.3963,30.8015,414900,45.9
2023-03-24,30.7989,31.0673,30.5305,30.5666,364600,45.55
2023-03-27,30.5641,30.9667,30.195,30.8686,672200,46
2023-03-28,31.2015,31.4028,30.866,30.8686,504000,46
2023-03-29,30.866,31.1009,30.5641,31.0028,303100,46.2
2023-03-30,31.0338,31.2686,31.0002,31.0028,699700,46.2
2023-03-31,31.0002,31.537,30.8996,31.0028,643700,46.2
2023-04-03,31.3022,31.4028,30.7318,30.8015,1263700,45.9
2023-04-04,30.7989,30.9667,30.6647,30.8686,889600,46
2023-04-05,30.866,31.0673,30.3963,30.533,1363800,45.5
2023-04-06,30.5305,31.2015,30.3963,30.8686,1514700,46
2023-04-07,30.6983,30.866,30.5305,30.6337,731900,45.65
2023-04-10,30.7318,30.7318,29.9937,29.9962,1806100,44.7
2023-04-11,29.826,29.9602,29.6247,29.7949,1229100,44.4
2023-04-12,29.8595,30.0608,29.6582,29.7949,775500,44.4
2023-04-13,29.7924,30.195,29.7924,30.164,779000,44.95
2023-04-14,30.195,30.195,29.826,29.8284,618700,44.45
2023-04-17,29.826,30.2621,29.7924,30.1975,716600,45
2023-04-18,30.0608,30.195,29.7253,29.9291,639700,44.6
2023-04-19,30.0273,30.0273,29.6582,29.7949,452100,44.4
2023-04-20,29.7589,29.9266,29.6247,29.9291,256900,44.6
2023-04-21,29.9266,29.9266,29.6582,29.6607,354500,44.2
2023-04-24,29.6582,29.6582,29.3227,29.3251,462900,43.7
2023-04-25,29.2556,29.4569,28.9537,29.2245,539200,43.55
2023-04-26,29.1885,29.7253,28.9872,29.5936,405100,44.1
2023-04-27,29.5911,29.5911,29.1885,29.4593,163100,43.9
2023-04-28,29.4905,29.5911,29.1885,29.1909,414600,43.5
2023-05-04,29.1885,29.6582,29.0543,29.3587,376500,43.75
2023-05-05,29.3898,29.4234,29.155,29.1574,296500,43.45
2023-05-08,29.2221,30.5305,29.2221,29.9962,1130500,44.7
2023-05-09,29.9937,30.4299,29.9937,30.2646,650900,45.1
2023-05-10,30.3963,30.3963,29.8595,30.1975,595000,45
2023-05-11,30.195,30.3628,30.0608,30.1975,510500,45
2023-05-12,30.195,30.2621,29.8931,30.1975,428300,45
2023-05-15,30.866,30.866,30.1279,30.1304,435500,44.9
2023-05-16,30.2621,30.2621,30.0273,30.1975,429200,45
2023-05-17,30.195,30.2621,30.0608,30.0633,865900,44.8
2023-05-18,30.1279,30.1615,29.8595,29.9626,514700,44.65
2023-05-19,29.9266,30.1615,29.7253,29.7949,603200,44.4
2023-05-22,29.7924,30.1615,29.7924,29.7949,607800,44.4
2023-05-23,30.1279,30.1279,29.4234,29.4258,753500,43.85
2023-05-24,29.524,29.524,29.1885,29.1909,767100,43.5
2023-05-25,29.1885,29.524,29.155,29.3587,655400,43.75
2023-05-26,29.5911,29.5911,29.1214,29.1238,544800,43.4
2023-05-29,29.4905,29.4905,29.1214,29.4593,668100,43.9
2023-05-30,29.524,29.524,29.2556,29.3922,800800,43.8
2023-05-31,29.3898,29.524,29.2221,29.5264,770800,44
2023-06-01,29.524,29.524,29.2892,29.4593,617900,43.9
2023-06-02,29.524,30.1279,29.524,29.9962,1202800,44.7
2023-06-05,30.1279,30.4299,29.9937,29.9962,959100,44.7
2023-06-06,30.195,30.195,29.7253,30.0633,846100,44.8
2023-06-07,30.0608,30.1279,29.7589,29.7613,967700,44.35
2023-06-08,29.7924,29.8595,29.3227,29.3251,1655400,43.7
2023-06-09,29.3898,29.5576,28.9201,29.1574,1289600,43.45
2023-06-12,29.2556,29.2892,28.853,29.2916,1125600,43.65
2023-06-13,29.3227,29.8595,29.2892,29.7613,1328300,44.35
2023-06-14,29.9266,29.9937,29.524,29.5264,1334800,44
2023-06-15,29.4569,29.6582,29.3227,29.4258,823400,43.85
2023-06-16,29.7253,29.8595,29.2892,29.3251,1441500,43.7
2023-06-19,29.3898,29.4234,29.0543,29.0567,796000,43.3
2023-06-20,29.155,29.1885,28.9537,29.1909,812700,43.5
2023-06-21,29.1885,29.524,29.0543,29.1238,812800,43.4
2023-06-22,29.3227,29.5576,29.1214,29.4929,1284000,43.95
2023-06-23,29.4569,30.1615,29.3227,29.7278,1911900,44.3
2023-06-26,29.8595,30.0944,29.4569,29.7278,1225100,44.3
2023-06-27,29.5911,29.826,29.524,29.7278,793800,44.3
2023-06-28,29.7253,30.4299,29.6247,30.4324,2337400,45.35
2023-06-29,30.4634,30.7989,29.8595,29.862,1582000,44.5
2023-06-30,29.8595,30.0608,29.0879,29.0903,975000,43.35
2023-07-03,29.4569,29.8595,29.3227,29.862,1085400,44.5
2023-07-04,29.7924,29.8931,29.3563,29.5264,1183300,44
2023-07-05,29.6582,30.0273,29.5576,29.7613,1294400,44.35
2023-07-06,29.6582,29.9602,29.2556,29.4929,1337000,43.95
2023-07-07,29.3227,29.7253,29.3227,29.7278,880100,44.3
2023-07-10,29.7924,31.5035,29.6582,31.5061,4620400,46.95
2023-07-11,31.6712,31.8054,31.2015,31.2376,2620200,46.55
2023-07-12,31.5035,31.6377,30.9667,31.3383,2332100,46.7
2023-07-13,31.4699,31.8725,31.2351,31.4725,1884600,46.9
2023-07-14,31.4699,31.9732,30.8996,31.3719,2606100,46.75
2023-07-17,31.3693,31.6041,31.0002,31.0028,2231500,46.2
2023-07-18,31.0002,31.3357,31.0002,31.3383,1667200,46.7
2023-07-19,31.4699,31.4699,30.7654,31.0363,2329500,46.25
2023-07-20,31.0002,31.1344,30.7654,31.0363,934600,46.25
2023-07-21,31.0338,31.3693,30.9331,31.3719,1422100,46.75
2023-07-24,31.4699,31.9396,31.4028,31.4054,1970000,46.8
2023-07-25,31.3693,31.6712,31.3357,31.6403,1621600,47.15
2023-07-26,31.6377,32.2416,31.6377,31.7745,2329100,47.35
2023-07-27,31.7383,31.8054,31.3022,31.3383,1369700,46.7
2023-07-28,31.3357,31.7383,31.1344,31.3383,1754600,46.7
2023-07-31,31.537,31.839,31.3357,31.6738,1873000,47.2
2023-08-01,31.9061,33.2145,31.6712,32.3449,3814100,48.2
2023-08-02,32.3422,33.0803,32.3087,32.9488,2355600,49.1
2023-08-03,32.9461,32.9797,32.4764,32.5798,2094400,48.55
2023-08-04,32.5435,32.8119,32.3422,32.4791,2196000,48.4
2023-08-07,32.6777,33.181,32.51,32.7811,2004700,48.85
2023-08-08,32.8119,33.181,32.5771,32.6469,2104900,48.65
2023-08-09,32.6442,32.7448,32.2416,32.3449,1802300,48.2
2023-08-10,32.3422,32.4764,31.2015,31.2041,2612100,46.5
2023-08-11,31.2015,31.4699,30.5976,31.3383,2102400,46.7
2023-08-14,31.537,31.9732,31.3022,31.9422,2117100,47.6
2023-08-15,31.8054,31.9396,31.4364,31.5396,1658000,47
2023-08-16,31.5035,31.9396,31.4699,31.8751,1353700,47.5
2023-08-17,31.8725,32.0067,31.6041,31.6067,1666000,47.1
2023-08-18,31.6041,31.6041,29.5911,29.6607,2845400,44.2
2023-08-21,29.9266,31.4364,29.8595,30.6001,1810000,45.6
2023-08-22,30.1279,30.8325,29.8595,30.7343,1287500,45.8
2023-08-23,31.0002,31.0002,30.4634,30.6672,1363100,45.7
2023-08-24,30.6647,30.9331,30.4299,30.7343,1360100,45.8
2023-08-25,30.7318,30.7318,30.2286,30.3317,1174700,45.2
2023-08-28,30.4299,30.7989,30.3963,30.4659,740300,45.4
2023-08-29,30.4634,30.9331,30.4299,30.7343,1359600,45.8
2023-08-30,30.866,31.2686,30.7318,31.0028,1123800,46.2
2023-08-31,31.1009,31.5035,31.0673,31.5061,1668900,46.95
2023-09-05,31.537,32.0067,31.537,31.8751,1362300,47.5
2023-09-06,32.0067,32.0067,31.6377,31.7409,1178700,47.3
2023-09-07,31.8725,32.3087,31.6712,31.7745,1172700,47.35
2023-09-08,31.8725,31.9061,31.5035,31.5396,1600700,47
2023-09-11,31.8054,31.8054,30.866,31.2041,967200,46.5
2023-09-12,31.3693,31.537,31.1344,31.5396,991700,47
2023-09-13,31.6041,31.7719,31.2015,31.5396,1201100,47
2023-09-14,31.537,32.1409,31.3693,31.3719,1873900,46.75
2023-09-15,31.537,31.8054,31.4028,31.4054,1054000,46.8
2023-09-18,31.537,31.537,30.3963,30.7008,1446600,45.75
2023-09-19,30.7318,30.9667,30.195,30.3317,1189600,45.2
2023-09-20,30.3292,30.6647,30.2621,30.6672,673300,45.7
2023-09-21,30.6647,30.8996,30.2621,30.3317,915200,45.2
2023-09-22,30.0608,30.8996,29.6582,30.9021,1822500,46.05
2023-09-25,30.8996,30.8996,30.1279,30.2646,1038300,45.1
2023-09-26,30.3963,30.3963,29.6582,29.7613,1121800,44.35
2023-09-27,29.7589,29.9937,29.6918,29.7949,1079800,44.4
2023-09-28,29.7589,29.9937,29.6918,29.7613,695600,44.35
2023-09-29,29.7924,30.0273,29.6582,29.7613,542600,44.35
2023-10-02,29.7589,29.9602,29.3898,29.4929,688100,43.95
2023-10-03,29.2892,29.3563,27.8801,27.8824,1336300,41.55
2023-10-04,27.511,28.8195,27.511,28.5199,892900,42.5
2023-10-05,28.5175,28.7524,27.8801,27.9159,526100,41.6
2023-10-06,27.9136,28.5175,27.6452,28.3185,555200,42.2
2023-10-09,28.3162,28.3833,28.0478,28.1508,699800,41.95
2023-10-10,28.3162,28.5175,28.1149,28.2179,876600,42.05
2023-10-11,28.5175,28.5175,28.0143,28.1843,1117500,42
2023-10-12,28.2156,28.4504,28.1149,28.285,1015900,42.15
2023-10-13,28.3162,28.5175,28.2491,28.5199,1027000,42.5
2023-10-16,28.5175,28.5175,27.6788,27.9495,973400,41.65
2023-10-17,28.1149,28.3162,27.7123,27.7146,978500,41.3
2023-10-18,27.7123,27.7459,26.84,26.8422,1455600,40
2023-10-19,26.9742,27.2426,26.6387,26.9764,1169600,40.2
2023-10-20,26.9742,27.1755,26.5381,27.1778,978400,40.5
2023-10-23,27.0413,27.1755,26.9071,27.0435,706800,40.3
2023-10-24,26.9407,27.813,26.9407,27.7146,915400,41.3
2023-10-25,27.7123,27.9136,27.3433,27.3455,741800,40.75
2023-10-26,26.84,27.4439,26.169,27.2113,1976000,40.55
2023-10-27,27.2091,28.182,26.9742,28.1843,894500,42
2023-10-30,28.1149,28.1149,27.511,27.5133,540600,41
2023-10-31,27.511,27.8465,26.9742,26.9764,545000,40.2
2023-11-01,27.4439,27.4439,26.6387,26.8422,350900,40
2023-11-02,27.4104,27.9472,27.2426,27.9495,690200,41.65
2023-11-03,28.3498,28.3498,27.8465,27.8488,563400,41.5
2023-11-06,27.9472,28.3162,27.9136,28.0501,586900,41.8
2023-11-07,28.182,28.182,27.8465,28.0501,531300,41.8
2023-11-08,27.9472,28.853,27.8801,28.7883,966700,42.9
2023-11-09,28.853,28.9537,28.5846,28.7547,756700,42.85
2023-11-10,28.4504,28.7859,28.2491,28.3185,627400,42.2
2023-11-13,28.3162,28.6517,28.1485,28.2514,473900,42.1
2023-11-14,28.3498,29.155,28.3498,28.8554,1571600,43
2023-11-15,29.1214,29.6247,28.9872,29.6271,1449200,44.15
2023-11-16,29.6918,29.7924,29.155,29.3587,970300,43.75
2023-11-17,29.524,29.524,28.5511,28.7883,1209700,42.9
2023-11-20,28.182,29.4234,28.182,28.9561,809800,43.15
2023-11-21,29.3227,29.4905,28.853,29.4929,824200,43.95
2023-11-22,29.4905,29.524,29.1214,29.258,738100,43.6
2023-11-23,29.524,29.524,28.853,28.8554,755300,43
2023-11-24,28.853,29.2892,28.4504,29.2916,811000,43.65
2023-11-27,29.2892,29.2892,28.7188,28.8554,747600,43
2023-11-28,29.4918,29.4918,28.8868,29.3785,833900,38.85
2023-11-29,29.4918,29.7187,29.4162,29.7188,811800,39.3
2023-11-30,29.4918,29.8699,29.3406,29.3785,726300,38.85
2023-12-01,29.4162,29.8699,29.3784,29.7944,761100,39.4
2023-12-04,29.8699,30.0968,29.7565,30.0969,711900,39.8
2023-12-05,30.0968,30.1724,29.7943,29.9835,654400,39.65
2023-12-06,29.9833,30.5505,29.7943,30.2482,1157100,40
2023-12-07,30.5127,31.0042,30.248,30.7019,1955000,40.6
2023-12-08,30.7017,31.7604,30.7017,31.685,2406400,41.9
2023-12-11,31.7604,31.9116,31.2689,31.3069,1589400,41.4
2023-12-12,31.3823,31.7982,31.1554,31.685,956500,41.9
2023-12-13,31.6848,31.7604,30.7017,31.4581,793400,41.6
2023-12-14,31.4957,31.6092,31.2311,31.4581,779800,41.6
2023-12-15,31.3445,31.5335,31.1933,31.3825,562000,41.5
2023-12-18,31.042,31.3823,30.6261,31.0044,678400,41
2023-12-19,31.0042,31.3823,30.6639,31.1556,823300,41.2
2023-12-20,31.6848,31.7604,30.853,31.2312,1024900,41.3
2023-12-21,30.9286,31.6848,30.9286,31.6093,1136900,41.8
2023-12-22,31.6092,32.1007,31.3067,32.1009,1189100,42.45
2023-12-25,32.1385,32.7435,31.7604,32.668,1173400,43.2
2023-12-26,32.6678,32.9325,32.2897,32.5168,1163800,43
2023-12-27,32.3654,32.6678,32.3654,32.5168,938900,43
2023-12-28,32.5166,32.63,32.2897,32.2899,1099500,42.7
2023-12-29,32.2897,32.8191,31.9873,32.8193,882100,43.4
2024-01-02,32.8191,32.9703,32.2897,32.5168,1112000,43
2024-01-03,32.8191,33.3484,32.5166,33.1217,1559300,43.8
2024-01-04,33.1972,34.029,32.9703,33.0083,3213200,43.65
2024-01-05,33.0459,33.9912,33.0459,33.6511,1329800,44.5
2024-01-08,33.8778,35.1633,33.7643,35.0879,1949000,46.4
2024-01-09,35.5414,35.5414,34.823,34.8232,1741100,46.05
2024-01-10,34.823,36.1464,34.7852,35.8441,2141800,47.4
2024-01-11,35.6926,35.7305,34.9364,35.1635,3385600,46.5
2024-01-12,34.7096,35.6926,34.0668,34.7854,3074500,46
2024-01-15,34.823,35.5414,34.823,35.2391,1335700,46.6
2024-01-16,34.823,35.5036,34.823,35.466,1130700,46.9
2024-01-17,35.2011,35.5414,35.0121,35.4282,1463000,46.85
2024-01-18,35.428,36.1842,35.2767,35.9197,2278300,47.5
2024-01-19,36.222,37.6966,35.6926,37.6968,2954000,49.85
2024-01-22,37.7722,37.9612,36.8269,37.659,2365400,49.8
2024-01-23,37.4319,37.6588,36.7891,37.3565,2182200,49.4
2024-01-24,36.6757,37.205,36.6379,36.9784,1868700,48.9
2024-01-25,36.9782,37.621,36.6001,36.6003,1348900,48.4
2024-01-26,36.6001,37.016,36.6001,37.0162,812400,48.95
2024-01-29,36.9782,37.205,36.6757,36.8271,984500,48.7
2024-01-30,36.9026,36.9782,36.4488,36.6381,1121300,48.45
2024-01-31,36.6757,36.9026,35.9195,36.0709,1673600,47.7
2024-02-01,35.9195,36.2598,35.6548,35.7307,1542600,47.25
2024-02-02,35.7683,35.9195,35.3145,35.466,1952800,46.9
2024-02-05,35.617,37.3563,35.5792,36.7893,2249900,48.65
2024-02-06,36.9026,36.9026,36.2976,36.9028,1527400,48.8
2024-02-07,36.9026,37.0916,36.7513,37.0162,1859200,48.95
2024-02-15,37.016,37.2429,36.6379,37.0162,1625600,48.95
2024-02-16,37.0538,37.0538,36.5245,36.7137,1353000,48.55
2024-02-19,36.8648,38.0369,36.4867,37.2809,3283300,49.3
2024-02-20,37.4319,37.9612,37.3563,37.3565,1569300,49.4
2024-02-21,37.621,37.6588,36.9782,37.6212,1850900,49.75
2024-02-22,37.6588,37.7344,37.4319,37.6212,1596200,49.75
2024-02-23,37.6588,40.2298,37.2807,39.3226,6935200,52
2024-02-26,39.9274,41.2129,39.3224,40.5325,1533000,53.6
2024-02-27,40.6079,40.8348,40.0786,40.0788,1742700,53
2024-02-28,40.2298,41.4398,39.5493,40.7594,2342300,53.9
2024-02-29,40.7592,40.8348,40.0786,40.0788,1337300,53
2024-03-01,40.3055,41.0617,39.6249,40.4569,1246100,53.5
2024-03-04,40.5323,41.2129,39.7005,40.4569,2330400,53.5
2024-03-05,40.4567,41.1373,40.003,41.1375,1200400,54.4
2024-03-06,40.8348,41.4398,40.6079,40.835,903500,54
2024-03-07,41.1373,41.1373,40.2298,40.3057,2125200,53.3
2024-03-08,40.3811,40.3811,37.5075,38.642,2740700,51.1
2024-03-11,39.1712,39.6249,38.1881,38.1883,1478700,50.5
2024-03-12,38.2637,39.398,38.1881,39.3226,1210100,52
2024-03-13,39.4736,39.7761,39.1712,39.7763,1398100,52.6
2024-03-14,40.4567,40.4567,38.8687,39.0958,1482400,51.7
2024-03-15,39.0199,39.9274,38.5662,39.4739,1433700,52.2
2024-03-18,39.3224,39.9274,37.7344,39.3226,1481000,52
2024-03-19,39.398,39.398,38.5662,39.0201,765300,51.6
2024-03-20,39.0199,40.1542,38.1881,40.0788,3132600,53
2024-03-21,40.2298,40.3811,39.9274,40.0788,1857100,53
2024-03-22,40.3055,42.8765,40.3055,40.9863,4361200,54.2
2024-03-25,40.986,41.9691,39.8517,40.0788,1262200,53
2024-03-26,40.0786,40.7592,40.0786,40.0788,1409500,53
2024-03-27,40.3055,40.3055,39.7005,39.7007,1607900,52.5
2024-03-28,40.2298,40.7592,39.7005,39.7763,1358700,52.6
2024-03-29,40.2298,40.2298,39.3224,39.3982,1788300,52.1
2024-04-01,39.4736,39.8517,39.0955,39.3982,1362900,52.1
2024-04-02,39.2468,39.6249,38.9443,39.247,1576300,51.9
2024-04-03,39.3224,39.5493,38.5662,38.5664,1496500,51
2024-04-04,39.1712,39.1712,38.5662,38.5664,1093500,51
2024-04-05,38.4906,38.4906,37.9612,37.9615,1654900,50.2
2024-04-08,37.9612,39.0199,37.81,38.4152,904800,50.8
2024-04-09,38.6418,39.8517,38.415,39.852,1751000,52.7
2024-04-10,39.9274,39.9274,39.2468,39.3226,1193200,52
2024-04-11,38.9443,40.3811,38.7931,40.0788,2276400,53
2024-04-12,40.0786,41.2129,39.9274,40.3813,3374100,53.4
2024-04-15,40.3055,41.2129,37.5831,37.5834,2541500,49.7
2024-04-16,37.5831,38.7174,37.3941,38.0371,2349900,50.3
2024-04-17,38.4906,38.5662,36.2976,36.3734,1973200,48.1
2024-04-19,36.222,37.4319,35.617,36.5625,2170000,48.35
2024-04-22,36.9026,37.8856,36.9026,37.8858,1298900,50.1
2024-04-23,37.205,38.1881,36.6757,37.3565,2273300,49.4
2024-04-24,37.3941,38.1125,37.3185,37.8102,1416800,50
2024-04-25,37.621,38.0369,37.2807,37.5077,1053600,49.6
2024-04-26,37.5075,37.8856,37.1294,37.2052,774500,49.2
2024-05-02,37.2807,37.5831,36.9404,37.2052,568700,49.2
2024-05-03,37.5453,37.7344,37.0538,37.2052,700800,49.2
2024-05-06,37.2807,38.1881,37.2807,38.1883,1192000,50.5
2024-05-07,38.2637,38.5662,37.81,37.8102,1069500,50
2024-05-08,37.8856,38.415,37.6588,37.659,1057600,49.8
2024-05-09,38.0369,38.0369,37.4319,37.4321,970600,49.5
2024-05-10,37.5075,37.621,37.016,37.0918,827700,49.05
2024-05-13,37.205,37.4319,36.6757,36.7515,1663700,48.6
2024-05-14,36.9026,37.205,36.3354,36.3734,1948300,48.1
2024-05-15,36.6379,37.016,36.5623,36.7515,1393000,48.6
2024-05-16,37.1672,38.0369,37.0916,37.5077,2097300,49.6
2024-05-17,37.5453,37.5831,37.205,37.3187,1518300,49.35
2024-05-20,37.5075,38.3393,37.4319,37.5077,2191900,49.6
2024-05-21,37.81,38.0369,37.3563,37.8102,1794700,50
2024-05-22,38.1881,38.7174,37.621,37.659,2428000,49.8
2024-05-23,37.6588,37.9612,37.3563,37.4321,1788900,49.5
2024-05-24,37.5075,38.2637,36.6757,37.2052,2175600,49.2
2024-05-27,37.3563,37.3563,36.7135,36.9784,763200,48.9
2024-05-28,37.0538,37.205,36.7513,37.1296,1230700,49.1
2024-05-29,37.3941,37.3941,36.7513,36.7515,1388900,48.6
2024-05-30,36.6001,36.6757,35.8439,36.0709,2092000,47.7
2024-05-31,36.0707,36.5245,35.617,35.6172,1967800,47.1
2024-06-03,36.222,36.6379,35.6926,35.7685,2095200,47.3
2024-06-04,36.1842,36.4488,35.9573,35.9953,1112900,47.6
2024-06-05,36.222,36.4488,36.0329,36.0331,1799400,47.65
2024-06-06,36.0707,36.3732,36.0707,36.2222,1413000,47.9
2024-06-07,36.3732,36.5245,36.0707,36.1088,1233400,47.75
2024-06-10,36.1842,36.7135,35.9573,36.0331,2062700,47.65
2024-06-11,36.1464,36.1842,35.6926,35.8063,2535500,47.35
2024-06-12,35.9951,36.2598,35.5414,36.2222,2649200,47.9
2024-06-13,36.5623,36.5623,36.222,36.5625,2615400,48.35
2024-06-14,36.6001,36.8648,35.9195,35.9197,2240900,47.5
2024-06-17,35.9195,35.9195,35.1633,35.1635,2812800,46.5
2024-06-18,35.3145,35.5792,35.1633,35.1635,1468000,46.5
2024-06-19,35.3902,35.3902,34.6718,34.861,2599500,46.1
2024-06-20,34.7852,34.9364,34.2937,34.4073,2671200,45.5
2024-06-21,34.4827,35.1255,34.4449,34.4829,1540200,45.6
2024-06-24,34.7852,35.0499,34.029,34.0292,1951000,45
2024-06-25,34.3315,34.5583,32.9325,33.4242,2891100,44.2
2024-06-26,33.4619,33.8778,33.2728,33.6511,1689800,44.5
2024-06-27,33.8021,34.029,33.3484,33.3486,1573600,44.1
2024-06-28,33.3484,33.7265,32.7057,32.7058,2120500,43.25
2024-07-01,32.7435,33.1972,32.5166,33.1974,1236800,43.9
2024-07-02,33.4619,34.634,33.3106,34.5963,3612500,45.75
2024-07-03,34.7852,35.6926,34.4449,35.6928,4601800,47.2
2024-07-04,35.5414,35.8439,35.3902,35.7685,2666100,47.3
2024-07-05,35.8061,36.4488,35.617,35.7685,4622000,47.3
2024-07-08,35.9573,36.1464,35.3524,35.5416,1981700,47
2024-07-09,35.9195,36.2976,35.4658,35.9197,2572300,47.5
2024-07-10,36.1842,36.222,35.4658,35.466,2019900,46.9
2024-07-11,35.8817,35.8817,35.3902,35.3904,1293700,46.8
2024-07-12,35.4658,35.6926,34.9743,35.2391,1435600,46.6
2024-07-15,35.5414,35.5792,35.0121,35.2013,1185400,46.55
2024-07-16,35.3902,36.5245,35.1633,35.655,4079700,47.15
2024-07-17,36.222,37.81,35.9573,36.2978,7855000,48
2024-07-18,36.7513,37.2807,36.1842,36.6759,3362700,48.5
2024-07-19,36.9026,37.0538,35.9195,36.0709,3082700,47.7
2024-07-22,36.0707,36.8269,35.6926,36.0709,3438100,47.7
2024-07-23,36.1464,36.4867,33.6509,34.7854,3359700,46
2024-07-24,34.029,35.428,34.029,34.861,2478000,46.1
2024-07-25,35.1255,35.1255,34.4071,34.7854,1465000,46
2024-07-26,35.0121,35.2011,34.6718,34.9744,1238300,46.25
2024-07-29,35.0499,35.7305,35.0499,35.6172,1045400,47.1
2024-07-30,35.8061,35.8061,35.1633,35.3904,2282100,46.8
2024-07-31,35.5414,36.6001,35.4658,35.9953,3161200,47.6
2024-08-01,36.222,36.9782,35.3902,35.3904,3825500,46.8
2024-08-02,35.1633,36.1086,35.1633,36.1088,1968800,47.75
2024-08-05,35.4658,35.6926,34.029,34.861,2723100,46.1
2024-08-06,35.0877,36.0329,34.6718,35.3525,1806100,46.75
2024-08-07,35.8439,35.8439,34.7852,35.0879,2145000,46.4
2024-08-08,35.1633,35.3902,34.5583,34.7854,1424000,46
2024-08-09,35.5414,35.5414,35.0499,35.3147,1050900,46.7
2024-08-12,35.3145,35.8061,35.1633,35.3904,1358400,46.8
2024-08-13,35.5414,35.6548,35.1633,35.2769,1015400,46.65
2024-08-14,35.3902,36.1086,35.3902,35.5794,1703800,47.05
2024-08-15,35.5792,35.8817,35.2767,35.2769,1004300,46.65
2024-08-16,35.3524,36.3354,35.3524,35.9197,2382200,47.5
2024-08-19,36.1464,36.6757,35.9951,36.2222,2107200,47.9
2024-08-20,36.5245,37.205,36.411,37.1674,4359400,49.15
2024-08-21,37.3941,38.415,37.0916,38.2639,6170900,50.6
2024-08-22,38.5662,38.7931,37.7344,38.0371,2738000,50.3
2024-08-23,37.9612,38.415,37.8856,38.1883,2273200,50.5
2024-08-26,38.415,38.4906,37.8856,37.9615,2246500,50.2
2024-08-27,38.0369,38.0369,37.1294,37.5077,4159800,49.6
2024-08-28,37.5075,38.0369,37.4319,37.5077,1206100,49.6
2024-08-29,37.2807,38.2637,37.2807,37.2809,1686100,49.3
2024-08-30,37.4697,37.5831,36.9782,36.9784,1798000,48.9
2024-09-04,36.6757,37.3941,36.411,37.0162,1971000,48.95
2024-09-05,36.8648,37.4319,36.7513,36.8271,1899400,48.7
2024-09-06,36.8269,37.4319,36.7891,37.2809,2361500,49.3
2024-09-09,37.205,37.4697,36.9782,37.0918,1202400,49.05
2024-09-10,37.2807,37.2807,36.6379,36.6759,2399900,48.5
2024-09-11,36.6379,36.7891,36.2976,36.5247,1405800,48.3
2024-09-12,36.6757,36.8269,36.5623,36.5625,1105200,48.35
2024-09-13,36.4488,36.7135,36.4488,36.449,747400,48.2
2024-09-16,36.4488,36.7513,36.1086,36.1088,1570700,47.75
2024-09-17,36.1464,36.8269,35.9195,36.8271,1363300,48.7
2024-09-18,36.9026,37.3941,36.6757,37.0918,1836300,49.05
2024-09-19,37.205,37.3563,36.9026,37.2431,1356100,49.25
2024-09-20,37.4319,37.7344,37.0916,37.0918,2652200,49.05
2024-09-23,37.0916,37.3563,36.8269,36.8271,1217700,48.7
2024-09-24,37.016,37.2429,36.6757,37.2431,1414200,49.25
2024-09-25,37.5831,38.1125,37.3185,37.8102,5257900,50
2024-09-26,38.0369,38.415,37.6966,37.8102,4232600,50
2024-09-27,38.0369,39.0955,37.81,37.8858,3204000,50.1
2024-09-30,37.8856,37.9612,37.5075,37.5834,2190600,49.7
2024-10-01,37.5831,38.3393,37.5831,37.5834,2817700,49.7
2024-10-02,37.5831,37.9612,37.5075,37.659,1835200,49.8
2024-10-03,37.6588,38.415,37.4319,37.4321,3503800,49.5
2024-10-04,37.4319,37.5075,37.1672,37.2052,2164800,49.2
2024-10-07,37.4319,37.4319,37.0538,37.0918,1492500,49.05
2024-10-08,37.0916,37.3185,36.9026,36.9784,1900100,48.9
2024-10-09,37.205,37.5075,36.9026,37.3943,2190900,49.45
2024-10-10,37.7722,37.7722,37.3563,37.6212,2650400,49.75
2024-10-11,37.6966,37.6966,37.2807,37.3565,1539800,49.4
2024-10-14,37.4319,37.621,37.3563,37.3565,1161900,49.4
2024-10-15,37.4319,38.5662,37.4319,37.8102,6928400,50
2024-10-16,37.81,38.1881,37.6588,37.6968,1791000,49.85
2024-10-17,37.9612,38.0369,37.4697,38.0371,2118900,50.3
2024-10-18,38.3393,38.5662,38.0369,38.0371,3395100,50.3
2024-10-21,37.81,37.9612,37.5453,37.5455,2125200,49.65
2024-10-22,37.5831,37.5831,36.8269,36.865,3371900,48.75
2024-10-23,36.8648,36.8648,36.2976,36.6003,2397200,48.4
2024-10-24,36.3732,36.9404,36.2976,36.2978,1465200,48
2024-10-25,36.3354,36.5245,35.9195,35.9197,1696500,47.5
2024-10-28,35.9195,36.1086,35.7683,35.9197,1726200,47.5
2024-10-29,36.0707,36.6379,35.9195,35.9575,2176400,47.55
2024-10-30,36.0329,36.4488,36.0329,36.0709,1415800,47.7
2024-10-31,36.2976,36.6379,36.0329,36.1088,1792200,47.75
2024-11-01,36.2976,36.3732,35.9573,36.1088,1543200,47.75
2024-11-04,36.1086,36.4488,35.9573,36.0709,1337100,47.7
2024-11-05,36.0707,36.222,35.8061,35.8441,1526000,47.4
2024-11-06,35.9951,36.411,35.9951,36.3356,1082600,48.05
2024-11-07,36.6001,36.6001,35.9951,35.9953,1263600,47.6
2024-11-08,36.0707,36.222,35.5414,35.8441,2648700,47.4
2024-11-11,35.8439,35.9195,35.0877,35.1635,2600300,46.5
2024-11-12,35.1633,35.428,35.0121,35.0123,1686200,46.3
2024-11-13,35.0121,35.1633,34.6718,34.8988,1816400,46.15
2024-11-14,34.9743,34.9743,34.4071,34.4073,1998500,45.5
2024-11-15,34.4827,34.4827,33.8021,33.8023,2255800,44.7
2024-11-18,33.7643,34.4827,33.6131,33.6133,1914300,44.45
2024-11-19,34.1802,34.1802,33.7265,33.7267,1457400,44.6
2024-11-20,33.8021,34.6718,33.6509,34.0292,2188800,45
2024-11-21,34.1046,34.5205,34.1046,34.2939,1472400,45.35
2024-11-22,34.634,34.634,34.2181,34.5585,1874700,45.7
2024-11-25,34.5583,34.634,34.4071,34.4451,1110400,45.55
2024-11-26,34.4071,34.9743,34.4071,34.9744,1839300,46.25
2024-11-27,34.9743,35.1255,34.823,35.0501,1214900,46.35
2024-11-28,35.1633,35.2011,34.8608,34.861,1284700,46.1
2024-11-29,34.8608,35.3524,34.6718,35.3525,1443200,46.75
2024-12-02,35.4658,35.617,35.1633,35.1635,1314100,46.5
2024-12-03,35.1633,35.1633,34.823,34.8232,1400100,46.05
2024-12-04,34.8608,34.8986,34.1424,34.1426,2399100,45.15
2024-12-05,34.2559,35.3902,34.2559,34.7854,2427400,46
2024-12-06,35.0877,35.5036,35.0877,35.2391,2497200,46.6
2024-12-09,35.2767,35.5414,35.2389,35.3147,1717700,46.7
2024-12-10,35.3902,35.8061,35.3524,35.3525,1943300,46.75
2024-12-11,35.5036,35.5414,35.1633,35.2391,1286600,46.6
2024-12-12,35.3145,35.6548,35.2389,35.2391,1935300,46.6
2024-12-13,35.2011,35.3902,35.0877,35.0879,1382900,46.4
2024-12-16,35.5414,35.7305,35.3145,35.3525,3247200,46.75
2024-12-17,35.5414,35.6548,35.2389,35.2391,2248800,46.6
2024-12-18,35.428,35.5414,35.3145,35.4282,1661100,46.85
2024-12-19,35.2767,35.3524,35.0877,35.1257,2706000,46.45
2024-12-20,35.1633,35.3145,35.0499,35.1257,2993400,46.45
2024-12-23,35.5935,35.685,35.2275,35.3213,2895400,38.6
2024-12-24,35.4105,35.5478,34.8158,34.8637,3216000,38.1
2024-12-25,34.953,36.417,34.8615,35.367,5277300,38.65
2024-12-26,35.6393,36.0053,35.502,35.6873,3884200,39
2024-12-27,35.9138,36.1425,35.7765,35.8245,2859500,39.15
2024-12-30,35.7765,35.8223,34.9988,35.001,4011800,38.25
2024-12-31,35.2275,35.4563,34.3583,34.3604,3416900,37.55
2025-01-02,34.953,35.3648,34.6785,34.9552,3160500,38.2
2025-01-03,34.953,35.319,34.953,34.9552,3698500,38.2
2025-01-06,35.0445,35.8223,34.953,35.5043,4820800,38.8
2025-01-07,35.7765,37.0575,35.7308,36.9684,10448400,40.4
2025-01-08,36.966,36.966,36.2798,36.9226,3125200,40.35
2025-01-09,36.5085,36.6458,36.0053,36.5566,3599100,39.95
2025-01-10,36.5085,36.5085,35.7765,35.7788,3114500,39.1
2025-01-13,35.7765,36.0053,35.136,35.9618,2461400,39.3
2025-01-14,35.868,35.868,35.5935,35.6873,957600,39
2025-01-15,35.868,35.868,35.319,35.8703,1485800,39.2
2025-01-16,35.868,36.1425,35.7308,36.0533,1628500,39.4
2025-01-17,35.868,36.1425,35.7308,36.1448,1572900,39.5
2025-01-20,36.0968,36.6915,36.051,36.5108,2854300,39.9
2025-01-21,36.6458,36.6458,36.1425,36.4193,2139600,39.8
2025-01-22,36.417,36.417,36.0968,36.1448,2020900,39.5
2025-01-23,36.1425,36.6915,36.0968,36.5108,2925500,39.9
2025-01-24,36.5085,36.6,36.3713,36.6023,2333900,40
2025-02-04,36.1425,36.6915,35.8223,36.2821,4270900,39.65
2025-02-05,36.5085,36.5543,36.1883,36.2363,2370300,39.6
2025-02-06,36.2798,36.6,36.234,36.4193,3976100,39.8
2025-02-07,36.417,37.332,36.417,37.0599,8054000,40.5
2025-02-10,37.0575,37.698,36.6915,36.9226,4596700,40.35
2025-02-11,37.0575,37.2863,36.6915,37.0141,2873800,40.45
2025-02-12,36.9203,37.0118,36.5085,36.6023,4336000,40
2025-02-13,36.6,36.8288,36.5085,36.6023,2430100,40
2025-02-14,36.9203,37.3778,36.7373,37.1971,4557800,40.65
2025-02-17,37.1948,37.1948,36.7373,36.7853,2273100,40.2
2025-02-18,36.6915,37.1948,36.6458,37.0599,3320100,40.5
2025-02-19,37.0575,37.4235,36.966,37.3801,5452400,40.85
2025-02-20,37.515,37.5608,37.1948,37.4259,3398400,40.9
2025-02-21,37.3778,37.5608,37.1948,37.4259,2988800,40.9
2025-02-24,37.4235,37.881,37.2405,37.6089,4168600,41.1
2025-02-25,37.6523,37.8353,37.515,37.7462,4348800,41.25
2025-02-26,37.698,37.7438,37.4693,37.7004,3020100,41.2
2025-02-27,37.698,37.7895,37.4235,37.4716,2552300,40.95
2025-02-28,37.4693,37.4693,37.2405,37.4716,3051600,40.95
2025-03-03,37.4693,37.698,37.3778,37.4716,1966100,40.95
2025-03-04,37.332,37.4235,36.966,37.3344,3340100,40.8
2025-03-05,37.2405,37.6523,37.0118,37.1971,2829800,40.65
2025-03-06,37.1948,37.4235,37.1033,37.3344,2390500,40.8
2025-03-07,37.332,37.6523,37.2405,37.6547,4622400,41.15
2025-03-10,37.7895,38.43,37.698,37.8834,4881700,41.4
2025-03-11,37.4693,37.881,37.2863,37.8834,3352200,41.4
2025-03-12,37.8353,37.881,37.3778,37.4259,3968100,40.9
2025-03-13,37.4235,37.4235,36.6915,36.7853,3981300,40.2
2025-03-14,36.783,36.966,36.6458,36.9684,2298100,40.4
2025-03-17,36.966,37.1033,36.7373,36.9226,3319900,40.35
2025-03-18,37.0575,37.149,36.6,36.6023,3419200,40
2025-03-19,36.783,36.783,36.1883,36.4193,3182000,39.8
2025-03-20,36.1883,36.5085,36.1883,36.4193,2255800,39.8
2025-03-21,36.234,36.417,36.0968,36.0991,2407600,39.45
2025-03-24,36.0968,36.1425,35.685,35.7788,3733500,39.1
2025-03-25,35.868,36.3255,35.868,36.3278,2936500,39.7
2025-03-26,36.234,36.4628,36.051,36.1906,2603800,39.55
2025-03-27,36.2798,36.2798,35.7765,35.7788,1862400,39.1
2025-03-28,35.8223,35.9138,35.7308,35.7788,1401500,39.1
2025-03-31,35.685,35.685,35.2275,35.4585,2899600,38.75
2025-04-01,35.5935,35.685,35.4105,35.6873,1367000,39
2025-04-02,35.9138,35.9138,35.4105,35.4128,3026000,38.7
2025-04-03,33.855,34.6785,32.94,32.9421,7520100,36
2025-04-04,30.6983,32.94,30.6983,32.9421,6883200,36
2025-04-08,32.025,32.4825,30.6525,30.6545,4706500,33.5
2025-04-09,28.548,31.5675,28.548,29.6936,6519100,32.45
2025-04-10,31.7505,31.7505,31.7505,31.7525,635800,34.7
2025-04-11,33.7635,33.7635,32.5283,33.6284,6947500,36.75
2025-04-14,33.855,33.855,32.94,33.8572,3547400,37
2025-04-15,33.489,33.6263,32.94,33.3996,2999100,36.5
2025-04-16,33.0315,33.306,32.6655,32.9421,2914600,36
2025-04-17,32.208,32.8028,31.9793,32.8048,3126800,35.85
2025-04-18,33.123,33.1688,32.8028,32.8963,3477600,35.95
2025-04-21,32.8943,32.94,32.1165,32.2558,2105600,35.25
2025-04-22,32.1623,32.208,30.012,32.1185,3599300,35.1
2025-04-23,32.7113,32.7113,32.025,32.3473,1849600,35.35
2025-04-24,32.3453,32.4368,31.9335,32.4388,2028700,35.45
2025-04-25,32.2995,32.391,32.025,32.027,2684500,35
2025-04-28,32.2995,32.2995,31.476,31.6153,3320200,34.55
2025-04-29,31.659,31.7963,31.4303,31.6153,2440200,34.55
2025-05-05,31.7048,31.8878,31.3845,31.8898,1834700,34.85
2025-05-06,31.9335,32.208,31.6133,31.9813,2972100,34.95
2025-05-07,31.842,31.9335,31.659,31.9355,2129800,34.9
2025-05-08,31.9335,32.5283,31.7505,32.4388,4666200,35.45
2025-05-09,32.5283,32.6655,32.1165,32.1185,3058100,35.1
2025-05-12,32.1165,32.2995,32.025,32.2558,3137300,35.25
2025-05-13,32.4368,32.757,32.2995,32.7591,6592100,35.8
2025-05-14,32.8943,34.3125,32.8485,34.2689,11855500,37.45
2025-05-15,34.3125,34.4955,33.9923,34.2232,6223800,37.4
2025-05-16,34.221,34.2668,33.4433,33.4911,5773600,36.6
2025-05-19,33.3975,33.4433,33.0315,33.1251,2742800,36.2
2025-05-20,33.1688,33.306,32.8028,33.1251,4650500,36.2
2025-05-21,33.2603,33.7178,32.94,33.1251,3685900,36.2
2025-05-22,33.123,33.123,32.8028,32.9421,3481000,36
2025-05-23,32.94,32.94,32.4825,32.8048,3338100,35.85
2025-05-26,32.8028,32.8485,32.025,32.8048,2512800,35.85
2025-05-27,32.94,33.306,32.757,33.2166,3546900,36.3
2025-05-28,33.8093,33.8093,32.9858,33.3996,4671900,36.5
2025-05-29,33.3975,33.3975,33.0315,33.3539,3029800,36.45
2025-05-30,33.306,33.306,32.757,32.9421,2334100,36
2025-06-02,32.757,32.8028,32.4825,32.6676,2796500,35.7
2025-06-03,32.8485,33.0773,32.757,32.8506,2729300,35.9
2025-06-04,32.94,33.0315,32.6198,32.7133,3010300,35.75
2025-06-05,32.8485,32.8485,32.4368,32.4846,3302200,35.5
2025-06-06,32.4825,32.6198,32.208,32.2558,2792100,35.25
2025-06-09,32.2538,32.3453,32.025,32.2558,1659900,35.25
2025-06-10,32.2538,32.4368,32.208,32.2101,1865600,35.2
2025-06-11,32.2995,32.391,32.025,32.0728,1236800,35.05
2025-06-12,32.1165,32.391,32.1165,32.3016,1416400,35.3
2025-06-13,32.0708,33.1688,32.025,32.5303,6320900,35.55
2025-06-16,32.5283,32.8485,32.4368,32.8048,2707600,35.85
2025-06-17,32.94,33.123,32.8028,32.8506,3745800,35.9
2025-06-18,32.8485,32.9858,32.574,32.6218,2595800,35.65
2025-06-19,32.6655,32.8485,32.4825,32.7591,1873000,35.8
2025-06-20,32.757,33.306,32.757,32.9421,5982300,36
2025-06-23,32.6198,32.94,32.5283,32.8048,2289600,35.85
2025-06-24,32.9858,33.123,32.6655,32.9421,4416300,36
2025-06-25,32.9858,33.1688,32.8028,32.8048,3395300,35.85
2025-06-26,32.8485,32.8943,32.574,32.6676,2340200,35.7
2025-06-27,32.6655,33.5348,32.6655,33.0336,8298600,36.1
2025-06-30,33.2603,33.2603,33.123,33.2166,4550000,36.3
2025-07-01,33.2603,33.7178,33.1688,33.4911,7013400,36.6
2025-07-02,33.489,33.5348,33.2145,33.3081,3804400,36.4
2025-07-03,33.3975,33.672,33.0773,33.2166,6056200,36.3
2025-07-04,33.3518,33.5805,33.2145,33.4454,3907700,36.55
2025-07-07,33.5348,34.038,33.5348,34.0402,11238100,37.2
2025-07-08,34.038,34.3125,33.855,34.3147,7363100,37.5
2025-07-09,34.4498,35.1818,34.3125,34.9552,11136600,38.2
2025-07-10,35.2275,35.4105,34.8158,35.001,7732900,38.25
2025-07-11,34.9988,35.3648,34.9073,35.0467,8713900,38.3
2025-07-14,35.2275,36.0053,35.0445,35.367,8309600,38.65
2025-07-15,35.319,35.4563,34.8615,34.8637,5787900,38.1
2025-07-16,34.6785,35.136,34.6328,35.1382,7121600,38.4
2025-07-17,35.502,35.502,34.9073,35.0467,5679300,38.3
2025-07-18,35.0445,35.502,34.77,35.0925,9035700,38.35
2025-07-21,35.1818,35.3648,34.8158,34.8637,6201500,38.1
2025-07-22,34.8158,35.9595,34.77,35.5958,10824300,38.9
2025-07-23,35.7765,35.868,35.2733,35.4128,6983000,38.7
2025-07-24,35.685,36.2798,35.4105,35.55,10953100,38.85
2025-07-25,35.7765,35.7765,35.4563,35.55,6289500,38.85
2025-07-28,35.7765,36.417,35.5935,36.0533,11057400,39.4
2025-07-29,36.2798,36.2798,34.221,34.2232,15396400,37.4
2025-07-30,34.221,35.502,34.1295,34.8637,9305000,38.1
2025-07-31,35.2275,35.2275,34.3125,34.635,6291400,37.85
2025-08-01,34.6328,35.0445,33.9465,34.0402,7122300,37.2
2025-08-04,34.038,34.9988,34.038,34.818,4467900,38.05
2025-08-05,35.136,36.783,34.953,35.4585,28540100,38.75
2025-08-06,35.685,36.5085,35.6393,36.1448,6984500,39.5
2025-08-07,36.3255,37.0575,36.1425,37.0141,12283900,40.45
2025-08-08,37.515,37.515,36.0053,36.3278,16734500,39.7
2025-08-11,36.6,37.149,36.234,36.7853,11391300,40.2
2025-08-12,37.0575,38.3843,37.0118,37.9749,15346900,41.5
2025-08-13,38.247,38.247,36.8745,37.8377,11836100,41.35
2025-08-14,38.064,39.0248,37.6523,38.5697,15166900,42.15
2025-08-15,38.979,38.979,37.2405,37.5174,14374100,41
2025-08-18,37.5608,37.7895,37.149,37.3344,7511900,40.8
2025-08-19,37.4235,37.9725,37.2405,37.3801,9924300,40.85
2025-08-20,37.515,38.2928,36.234,37.2429,14543200,40.7
2025-08-21,37.515,38.979,37.4235,38.707,17322300,42.3
2025-08-22,38.796,41.2665,38.3843,39.5763,22730700,43.25
2025-08-25,40.1685,40.1685,37.515,37.5174,11310800,41
2025-08-26,37.515,38.2928,37.1033,38.2494,11173900,41.8
2025-08-27,38.5673,40.7175,38.2928,39.1645,14870300,42.8
2025-08-28,39.3908,39.5738,38.6588,38.89,5841200,42.5
2025-08-29,39.0705,39.894,38.8875,39.2103,10429800,42.85
2025-09-03,39.4365,40.1685,38.4758,39.805,11349700,43.5
2025-09-04,40.0313,40.2143,39.4823,39.7135,7236000,43.4
2025-09-05,39.894,39.894,38.3843,38.3867,13561000,41.95
2025-09-08,38.1555,38.2928,37.1948,37.1971,9074900,40.65
2025-09-09,37.1948,37.515,36.9203,37.1971,4248700,40.65
2025-09-10,37.2405,37.8353,37.1033,37.2429,5472700,40.7
2025-09-11,37.332,37.332,36.4628,37.1971,5782600,40.65
2025-09-12,37.332,37.7438,37.332,37.4716,3319500,40.95
2025-09-15,37.5608,38.613,37.5608,38.6155,7330300,42.2
2025-09-16,38.8875,39.0705,38.43,38.4782,7340200,42.05
2025-09-17,38.43,38.796,37.515,37.5174,3700300,41
2025-09-18,37.515,37.9268,37.1033,37.3344,4684500,40.8
2025-09-19,37.6065,37.698,36.417,36.4193,6161400,39.8
2025-09-22,36.783,37.515,36.234,37.5174,7994300,41
2025-09-23,37.2405,37.4235,37.0575,37.3801,3466500,40.85
2025-09-24,37.3778,37.698,36.783,37.7004,4669500,41.2
2025-09-25,37.6523,37.6523,37.332,37.4259,2009200,40.9
2025-09-26,37.332,37.6523,37.1033,37.1056,2295100,40.55
2025-09-29,36.8288,37.1033,36.6915,36.8769,2110500,40.3
2025-09-30,36.783,37.1033,36.234,36.6023,3683900,40
2025-10-01,36.6,37.1948,36.417,36.6481,1783000,40.05
2025-10-02,36.7373,37.2405,36.6,36.6938,2735400,40.1
2025-10-03,36.6,36.7373,36.417,36.4193,2515700,39.8
2025-10-06,36.8745,37.4235,36.6458,37.2886,3058100,40.75
2025-10-07,37.515,37.515,37.0118,37.0599,2418400,40.5
2025-10-08,37.4235,37.4235,36.8288,37.0141,4602600,40.45
2025-10-09,37.1033,37.4693,36.966,37.3344,4346900,40.8
2025-10-10,37.4235,37.9725,37.4235,37.7004,6794000,41.2
2025-10-13,37.515,37.6523,37.2863,37.4259,4326200,40.9
2025-10-14,37.5631,37.7019,36.6379,36.6393,7724500,39.6
2025-10-15,36.7304,37.1468,36.4066,36.408,4329400,39.35
2025-10-16,36.4066,36.7767,36.2678,36.7781,3801100,39.75
2025-10-17,36.7767,36.823,36.1291,36.1305,4176200,39.05
2025-10-20,36.0365,36.1291,33.7698,33.7711,7393700,36.5
2025-10-21,33.8161,34.695,33.8161,34.28,4500300,37.05
2025-10-22,34.695,34.695,33.7698,34.4188,3971100,37.2
2025-10-23,34.2324,34.6487,34.0936,34.1412,2708600,36.9
2025-10-24,34.2324,34.3249,33.4922,34.1412,3489900,36.9
2025-10-27,34.1861,34.4174,33.7698,33.7711,2062600,36.5
2025-10-28,33.8623,34.3712,33.8623,34.3263,2793500,37.1
2025-10-29,34.695,35.0651,34.51,34.9739,3204200,37.8
2025-10-30,35.1113,35.3889,34.7875,35.0664,2599600,37.9
2025-10-31,35.1576,35.1576,34.6025,34.6038,2380000,37.4
2025-11-03,34.7875,34.9726,34.3249,34.3263,2453800,37.1
2025-11-04,34.3249,35.1576,34.1399,35.0664,3482600,37.9
2025-11-05,34.7875,35.8978,34.7875,35.7604,3945700,38.65
2025-11-06,35.8052,35.9903,35.4814,35.6216,2392700,38.5
2025-11-07,35.4814,35.759,34.6487,34.6964,3220900,37.5
2025-11-10,34.695,35.1576,34.51,34.6038,2337400,37.4
2025-11-11,34.7875,35.2964,34.7875,35.159,2393800,38
2025-11-12,35.3426,35.5277,34.9726,35.3903,2029800,38.25
2025-11-13,35.3889,35.5739,35.1576,35.4365,1942700,38.3
2025-11-14,35.3426,35.6202,35.3426,35.4828,2234600,38.35
2025-11-17,35.4814,35.6665,35.4352,35.5291,1422700,38.4
2025-11-18,35.6202,35.6202,35.3889,35.5291,1451400,38.4
2025-11-19,35.4352,35.5739,35.2501,35.2515,1302400,38.1
2025-11-20,35.3426,35.3426,35.0651,35.1127,1467900,37.95
2025-11-21,35.0651,35.0651,34.6025,34.7889,1247000,37.6
2025-11-24,34.7875,35.1113,34.7875,34.8351,1091700,37.65
2025-11-25,34.9726,34.9726,34.2324,34.2337,1798100,37
2025-11-26,34.2787,34.7413,34.2787,34.5576,1237300,37.35
2025-11-27,34.6487,34.88,34.51,34.7426,1071300,37.55
2025-11-28,34.7413,34.7875,34.3249,34.3263,878600,37.1
2025-12-01,34.4174,34.51,34.1861,34.1875,1458900,36.95
2025-12-02,34.1861,34.2787,33.9086,34.0949,1590300,36.85
2025-12-03,34.2324,35.5739,34.2324,35.5291,4011700,38.4
2025-12-04,35.6202,35.6665,35.2039,35.344,2052100,38.2
2025-12-05,35.4352,35.5739,34.9726,34.9739,1626100,37.8
2025-12-08,34.9726,35.1113,34.6487,34.6964,1702000,37.5
2025-12-09,34.695,35.1113,34.3249,34.6501,3264300,37.45
2025-12-10,34.695,35.0651,34.6487,34.8814,1904100,37.7
2025-12-11,34.88,35.2501,34.7875,34.7889,1133200,37.6
2025-12-12,34.88,34.88,34.2324,34.2337,1877500,37
2025-12-15,34.2787,34.3712,34.1399,34.2337,1243400,37
2025-12-16,34.3249,34.9263,34.0936,34.6038,2060100,37.4
2025-12-17,34.6487,35.6202,34.6487,35.159,4085100,38
2025-12-18,35.2501,35.4352,35.0651,35.159,1238300,38
2025-12-19,35.1576,35.2964,34.7875,34.8814,2050700,37.7
2025-12-22,34.88,35.5739,34.8338,35.5291,2714700,38.4
2025-12-23,35.6202,35.8978,35.0651,35.159,1919100,38
2025-12-24,35.1576,35.5739,34.9726,35.5291,1986000,38.4
2025-12-25,35.5277,36.0365,35.4814,35.8992,3728800,38.8
2025-12-26,35.5739,35.8978,35.1576,35.8992,2657200,38.8
2025-12-29,35.8978,35.9903,35.7127,35.8992,1644300,38.8
2025-12-30,35.8978,36.8692,35.759,36.4543,5379000,39.4
2025-12-31,36.5454,36.5917,35.9903,35.9917,1630700,38.9
2026-01-05,35.944,35.9903,35.0651,35.5753,3885400,38.45
2026-01-06,35.4352,35.9903,34.9726,35.9917,4854900,38.9
2026-01-07,36.5454,38.3033,36.5454,37.8884,13409700,40.95
2026-01-08,38.2108,40.5238,37.8407,39.8314,27506700,43.05
2026-01-09,40.5238,42.6055,40.4312,42.6071,22918600,46.05
2026-01-12,44.3171,45.5661,43.4844,45.5679,7783600,49.25
2026-01-13,45.6586,47.7403,44.9647,47.187,21869900,51
2026-01-14,47.0002,50.4234,46.445,50.4254,17646800,54.5
2026-01-15,48.6655,49.9608,46.9076,46.9095,26455700,50.7
2026-01-16,47.1852,50.1458,46.6301,47.2796,13973800,51.1
2026-01-19,47.2777,48.6655,46.7226,48.1123,9409600,52
2026-01-20,48.9431,51.1636,48.2954,49.2226,15547500,53.2
2026-01-21,48.6655,49.8683,47.2777,49.0375,11935000,53
2026-01-22,49.4982,52.3663,47.7403,48.1123,18089900,52
2026-01-23,47.9254,48.8506,46.9076,47.002,10080300,50.8
2026-01-26,47.1852,48.6655,47.0002,48.5749,11947600,52.5
2026-01-27,48.573,48.8506,45.7974,48.6674,12478800,52.6
2026-01-28,49.4057,51.7187,47.5553,48.0197,17897800,51.9
2026-01-29,47.9254,48.8506,47.1852,48.0197,7082200,51.9
2026-01-30,48.388,50.4234,48.0179,49.8702,13696100,53.9
2026-02-02,49.7758,51.071,48.2029,50.888,11934200,55
2026-02-03,51.5336,52.2738,49.9608,50.0553,11573700,54.1
2026-02-04,49.9608,50.3309,48.6655,49.0375,9645300,53
2026-02-05,49.0356,49.3132,47.6478,47.6497,9817200,51.5
2026-02-06,46.9076,48.388,46.9076,47.5571,9885700,51.4
2026-02-09,47.9254,47.9254,46.8151,46.8169,3595300,50.6
2026-02-10,46.445,46.7226,43.5769,43.5786,22973600,47.1
2026-02-11,43.0681,45.1035,42.6517,44.8739,8738800,48.5
2026-02-12,44.6872,44.8722,43.8082,43.995,4806600,47.55
2026-02-13,43.9933,44.132,43.2994,43.3936,6762700,46.9
2026-02-23,44.0395,45.9824,43.6232,45.4291,7557400,49.1
2026-02-24,45.7511,45.7511,44.8259,45.1053,5739400,48.75
2026-02-25,45.2885,46.2137,44.8722,44.8739,8375400,48.5
2026-02-26,44.9185,45.2423,44.1783,44.8277,4690300,48.45
2026-02-27,44.8259,45.4273,43.947,44.3188,6519700,47.9
2026-03-02,42.6055,43.8545,41.819,41.8207,11738000,45.2
2026-03-03,41.7265,42.4667,40.2462,40.294,15198300,43.55
2026-03-04,40.1537,42.1891,40.1537,42.1908,10734400,45.6
2026-03-05,42.6517,42.6517,41.0789,41.0805,6063200,44.4
2026-03-06,40.7088,41.634,39.7836,40.294,5423100,43.55
2026-03-09,37.5169,37.9332,37.5169,37.5183,6134800,40.55
2026-03-10,38.3958,39.5986,36.5454,38.6749,14055500,41.8
2026-03-11,38.2108,39.1822,38.2108,38.5823,6154500,41.7
2026-03-12,38.6734,38.7659,37.6094,37.7034,6452900,40.75
2026-03-13,37.5631,38.1645,36.9617,37.6108,7923500,40.65
2026-03-16,37.4706,38.1182,37.008,37.287,5174500,40.3
2026-03-17,37.7482,38.2108,37.3318,37.4258,6922000,40.45
2026-03-18,38.0257,39.7836,37.9332,38.2122,14609300,41.3
2026-03-19,37.8407,38.0257,37.1005,37.6108,6392700,40.65
2026-03-20,37.6094,38.0257,36.6379,36.7781,10147300,39.75
2026-03-23,36.4529,36.4991,35.2501,35.5753,10634100,38.45
2026-03-24,36.3604,36.6379,35.6202,36.1767,6990400,39.1
2026-03-25,36.5454,36.6842,35.9903,36.5468,8722100,39.5
2026-03-26,36.5454,36.7304,35.9903,35.9917,6156000,38.9
2026-03-27,35.9903,36.9155,35.9903,36.8707,8196600,39.85
2026-03-30,36.1753,36.5917,36.0365,36.5006,6075800,39.45
2026-03-31,36.6379,36.823,36.1753,36.4543,7278600,39.4
2026-04-01,37.008,37.5631,36.7304,37.2407,10071800,40.25
2026-04-02,37.008,37.008,36.4529,36.7319,7101700,39.7
2026-04-03,36.7304,36.7767,36.1291,36.1305,7279600,39.05
2026-04-06,36.1291,36.4529,35.759,36.408,5679400,39.35
2026-04-07,36.4529,36.5454,36.0828,36.4543,4798100,39.4
2026-04-08,37.4706,38.3495,37.0543,38.351,15053900,41.45
2026-04-09,37.9332,38.072,37.4706,37.5646,8138800,40.6
2026-04-10,38.0257,38.8121,37.6094,37.7496,8968200,40.8
2026-04-13,37.4706,37.7019,37.2393,37.3333,5770800,40.35
2026-04-14,37.7019,37.7944,37.2393,37.3795,5565300,40.4
2026-04-15,37.7019,37.9332,37.2856,37.287,6296700,40.3
2026-04-16,37.3781,37.5631,37.1468,37.1945,4295800,40.2
2026-04-17,37.2856,37.6556,37.1005,37.287,5789600,40.3
2026-04-20,37.4243,37.7019,37.2393,37.5183,5993200,40.55
2026-04-21,37.7019,38.2108,37.3781,37.3795,7980700,40.4
2026-04-22,37.5631,37.5631,37.193,37.2407,3619600,40.25
2026-04-23,37.2393,39.8299,37.2393,38.4898,23927000,41.6
2026-04-24,38.4883,38.5346,37.7019,37.7034,4703800,40.75
2026-04-28,37.8407,38.0257,37.0543,37.1482,6600700,40.15
2026-04-29,37.193,37.3318,36.7304,37.102,6693000,40.1
2026-05-04,37.3781,38.2108,37.1005,37.7959,6495500,40.85
2026-05-05,37.5631,37.7482,37.193,37.5183,3474000,40.55
2026-05-06,37.6556,37.9332,37.5169,37.8422,4399100,40.9
2026-05-07,38.1182,38.2108,37.7482,37.7959,7167000,40.85
2026-05-08,37.7944,39.5986,37.7944,39.23,23775900,42.4
2026-05-11,39.506,39.506,38.3958,38.3973,6557100,41.5
2026-05-12,38.4421,38.6271,37.9795,38.6286,6207800,41.75
2026-05-13,38.6734,39.7836,38.072,39.6001,15229800,42.8
2026-05-14,39.6911,40.9401,39.6448,40.294,11071100,43.55
2026-05-15,40.7088,40.7088,39.6448,39.7389,10515600,42.95
2026-05-18,39.5986,42.0966,39.0434,41.9132,17432500,45.3
2026-05-19,42.0041,42.9293,39.9686,40.9417,19441800,44.25
2026-05-20,40.4775,40.8938,38.7659,40.6179,10319200,43.9
2026-05-21,41.0789,41.3564,40.2462,40.5253,7402400,43.8
2026-05-22,40.57,40.57,39.4598,39.7851,6357600,43
2026-05-25,39.8299,39.8761,39.2285,39.7851,5080600,43
2026-05-26,39.7373,40.5238,39.5523,40.3403,4349700,43.6
2026-05-27,40.57,40.57,39.9686,40.0627,3843400,43.3
2026-05-28,40.0612,40.2462,39.321,39.3225,4024000,42.5
2026-05-29,39.2747,39.3673,38.6734,38.8599,5960400,42
2026-06-01,38.9047,39.2747,38.4883,38.7674,4502300,41.9
2026-06-02,38.6734,39.0897,38.0257,38.5823,4522400,41.7
2026-06-03,38.4883,39.0434,38.3958,38.7674,2717200,41.9
2026-06-04,38.7659,39.5986,38.7196,39.4613,3897900,42.65
2026-06-05,39.5986,39.5986,38.8584,38.8599,2265100,42
2026-06-08,38.4883,38.7659,37.8869,37.9347,5125200,41
2026-06-09,38.257,38.3033,37.7482,38.0735,2030800,41.15
2026-06-10,38.2108,39.136,38.1645,38.5361,3656500,41.65
2026-06-11,38.2108,38.4883,38.0257,38.3048,1568100,41.4
2026-06-12,38.6734,38.7659,37.9795,37.9809,3430300,41.05
2026-06-15,38.5346,38.7196,38.3033,38.4898,2874100,41.6
2026-06-16,38.7196,39.0434,38.6271,38.7674,3050500,41.9
2026-06-17,38.8584,39.9686,38.8121,39.7389,8595300,42.95
2026-06-18,39.7836,39.8299,39.2285,39.5538,4128800,42.75
2026-06-19,39.506,39.506,38.6734,38.6749,4372000,41.8
2026-06-22,38.6734,39.5986,38.5808,39.2763,4870900,42.45
2026-06-23,39.6911,40.2462,39.321,39.4613,8373100,42.65
2026-06-24,39.4135,39.6448,38.7659,38.9524,2965500,42.1
2026-06-25,38.9509,39.0897,38.7659,38.7674,2667100,41.9
2026-06-26,38.8121,38.9509,38.5808,38.5823,3299800,41.7
2026-06-29,38.9047,39.2747,38.8584,39.23,2854400,42.4
2026-06-30,39.3673,39.5986,39.2285,39.23,2936900,42.4
2026-07-01,39.2285,40.0149,39.1822,39.8314,5674800,43.05
2026-07-02,39.8299,39.9686,39.3673,39.3688,2980300,42.55
2026-07-03,39.4135,39.5523,38.9047,39.0912,3902300,42.25
2026-07-06,39.136,39.4598,38.1182,38.2585,5593100,41.35
2026-07-07,38.3033,38.5808,38.2108,38.5361,2163600,41.65
2026-07-08,38.5346,38.8584,38.1182,38.6749,2763300,41.8
2026-07-09,38.4883,38.6271,38.1182,38.166,2899000,41.25
2026-07-10,38.2108,38.3958,37.9332,37.9347,2282200,41
2026-07-13,37.9332,37.9332,36.7767,36.9632,6051000,39.95
2026-07-14,36.9617,37.4706,36.4529,37.2407,2737300,40.25
2026-07-15,37.3318,37.3781,36.5454,36.5468,2688800,39.5
2026-07-16,36.5454,36.7767,35.6665,36.3618,4480000,39.3
2026-07-17,36.504,36.5508,36.2232,36.3168,1911700,38.8
2026-07-20,36.3168,36.4104,34.632,34.632,5507500,37
2026-07-21,34.7256,35.2872,34.4448,34.4448,3459200,36.8
2026-07-22,34.632,34.7724,33.5556,33.5556,6012800,35.85
2026-07-23,33.3216,34.3512,32.4792,33.696,5714100,36
2026-07-24,33.696,34.398,33.2748,33.696,2968900,36
2026-07-27,33.9768,34.0704,32.4792,32.4792,3561000,34.7
2026-07-28,32.292,33.3684,32.1516,32.8536,2774700,35.1
2026-07-29,33.0876,33.462,32.9004,33.1812,2228900,35.45
2026-07-30,33.3216,34.9128,33.228,34.866,6603800,37.25
2026-07-31,34.9596,36.8784,34.7256,35.568,9566200,38
2026-08-03,35.8488,36.504,35.7552,35.802,4506700,38.25
2026-08-04,35.9424,36.036,35.4276,35.568,3977900,38
2026-08-05,35.9424,36.2232,35.4744,35.568,3378700,38
2026-08-06,35.6616,35.8488,35.4744,35.4744,2715100,37.9
2026-08-07,35.4744,36.8784,35.4744,36.5508,8649000,39.05
2026-08-10,37.0188,37.206,36.738,36.972,3020100,39.5
2026-08-11,36.972,37.3464,36.5976,36.5976,4831900,39.1
2026-08-12,36.5976,36.972,36.4572,36.738,2699800,39.25
2026-08-13,36.5976,37.0656,36.3636,36.3636,5660200,38.85
2026-08-14,36.2232,36.4104,35.5212,35.802,4735300,38.25
2026-08-17,36,36.2,35.6,35.9,2586600,35.9
2026-08-18,36,36.4,35.9,36,2494000,36
2026-08-19,36,36,35.5,35.7,2167600,35.7
2026-08-20,35.9,36.1,35.55,35.85,2149900,35.85
2026-08-21,36.05,36.95,35.8,36.9,4542300,36.9
2026-08-24,37.6,37.75,36.85,36.9,3922800,36.9
2026-08-25,36.95,37.35,36.65,36.7,4031600,36.7
2026-08-26,36.5,36.95,36.5,36.9,3772300,36.9
2026-08-27,36.9,37.4,36.8,36.95,3096800,36.95
