date,open,high,low,close,volume,close_raw
2018-03-01,29.2749,29.2749,27.3108,29.2768,14162900,31.3
2018-03-02,30.9584,31.6131,28.9943,29.2768,7695417,31.3
2018-03-05,30.8649,30.8649,28.9008,28.9962,4083263,31
2018-03-06,28.9943,29.462,28.059,28.9027,3132026,30.9
2018-03-07,28.7137,29.462,27.6849,27.9673,2770016,29.9
2018-03-08,28.3396,28.3396,26.1884,26.6578,2383360,28.5
2018-03-09,26.5625,28.2461,26.5625,27.1255,3008463,29
2018-03-12,27.5914,27.7784,26.1884,26.7514,1896730,28.6
2018-03-13,27.0302,27.0302,26.0013,26.1901,1469970,28
2018-03-14,26.1884,26.1884,24.1307,24.7871,5329546,26.5
2018-03-15,24.9725,26.0949,24.2243,25.2548,2586788,27
2018-03-16,25.3466,25.7208,25.066,25.2548,1213193,27
2018-03-19,25.3466,25.4402,24.2243,24.3194,2111480,26
2018-03-20,24.3178,25.9078,23.8502,25.5354,3150487,27.3
2018-03-21,25.7208,25.9078,25.4402,25.6289,1270380,27.4
2018-03-22,25.7208,25.8143,24.9725,25.1612,1199547,26.9
2018-03-23,24.879,24.879,23.9437,24.6,1506200,26.3
2018-03-26,24.5049,25.1596,24.2243,24.3194,916293,26
2018-03-27,24.3178,24.9725,24.3178,24.4129,1025820,26.1
2018-03-28,24.3178,24.4113,23.8502,24.0388,1111610,25.7
2018-03-29,24.1307,24.4113,23.8502,24.0388,729200,25.7
2018-03-30,24.0372,24.879,23.9437,24.8806,1105930,26.6
2018-04-02,24.879,25.4402,24.2243,24.6,1817678,26.3
2018-04-03,24.3178,24.7855,23.5696,23.7582,2182202,25.4
2018-04-04,23.8502,23.8502,22.9149,23.384,2114026,25
2018-04-05,23.3825,23.3825,22.5407,22.7293,1953982,24.3
2018-04-06,22.8213,23.3825,22.0731,22.3551,2342281,23.9
2018-04-09,22.4472,22.4472,21.6054,22.4487,1716271,24
2018-04-10,22.7278,22.7278,21.886,21.981,1104775,23.5
2018-04-11,22.3537,22.4472,21.6054,21.981,1116412,23.5
2018-04-12,21.9796,21.9796,21.3248,21.6069,1285128,23.1
2018-04-13,21.5119,21.9796,21.0443,21.4198,1111730,22.9
2018-04-16,21.4184,21.886,20.8572,21.5133,1530858,23
2018-04-17,21.3248,21.7925,21.3248,21.6069,855535,23.1
2018-04-18,21.6054,21.6054,20.9507,21.0456,582850,22.5
2018-04-19,20.8572,21.3248,19.8284,19.9232,1120801,21.3
2018-04-20,20.109,20.3895,19.7348,20.2038,819882,21.6
2018-04-23,20.3895,21.1378,20.109,20.3909,817609,21.8
2018-04-24,20.4831,20.8572,19.8284,19.9232,848301,21.3
2018-04-26,19.9219,20.109,18.1448,18.6137,1134250,19.9
2018-04-27,18.7995,18.9866,18.0513,18.8008,1036590,20.1
2018-05-02,18.5189,18.706,17.0225,17.1171,1161645,18.3
2018-05-03,17.0225,17.2095,16.6483,17.2107,1671160,18.4
2018-05-04,16.9289,17.7707,16.9289,17.3977,1330950,18.6
2018-05-07,17.3966,20.109,17.3966,19.6426,2086585,21
2018-05-08,19.8284,20.109,18.8931,18.9878,750400,20.3
2018-05-09,19.0801,19.1737,18.5189,18.8943,761030,20.2
2018-05-10,18.8931,19.1737,17.9578,18.0525,977380,19.3
2018-05-11,16.5548,19.3607,16.3678,19.2685,2699614,20.6
2018-05-14,18.4254,20.6701,18.4254,19.362,1121100,20.7
2018-05-15,19.3607,21.2313,19.2672,20.3909,2040992,21.8
2018-05-16,20.109,21.2313,20.109,20.2974,1928213,21.7
2018-05-17,20.4831,21.2313,20.3895,20.578,1085850,22
2018-05-18,20.7637,20.7637,19.8284,20.2038,1037675,21.6
2018-05-21,20.2025,20.3895,19.1737,19.1749,968158,20.5
2018-05-22,19.4542,19.4542,17.7707,18.4266,1339898,19.7
2018-05-23,18.2384,18.8931,18.0513,18.8008,851716,20.1
2018-05-24,18.6125,18.8931,18.2384,18.7072,770683,20
2018-05-25,18.5189,18.5189,17.5836,17.7719,1053610,19
2018-05-28,17.7707,17.7707,15.9001,16.4624,1421966,17.6
2018-05-29,16.4613,17.7707,16.3678,17.3042,1329567,18.5
2018-05-30,17.0225,17.116,16.5548,16.8365,577849,18
2018-05-31,16.9289,17.3966,16.9289,17.2107,992100,18.4
2018-06-01,17.116,17.3031,16.9289,17.2107,588584,18.4
2018-06-04,17.3031,18.0513,17.0225,17.9589,1016785,19.2
2018-06-05,17.5836,18.6125,17.5836,18.5202,1220150,19.8
2018-06-06,18.5189,18.8931,18.2384,18.5202,865840,19.8
2018-06-07,18.4254,18.4254,17.6772,17.7719,736510,19
2018-06-08,17.9578,17.9578,17.3031,17.7719,744720,19
2018-06-11,17.7707,18.1448,17.4901,17.5848,788220,18.8
2018-06-12,17.6772,17.7707,16.8354,17.0236,1408430,18.2
2018-06-13,17.0225,17.4901,17.0225,17.3042,513800,18.5
2018-06-14,17.4901,17.9578,17.3966,17.6783,1165500,18.9
2018-06-15,17.6772,17.7707,17.2095,17.5848,790810,18.8
2018-06-18,17.3966,17.4901,16.8354,17.0236,1521500,18.2
2018-06-19,16.9289,16.9289,15.9001,16.8365,2428288,18
2018-06-20,16.6483,16.7419,16.2742,16.743,705040,17.9
2018-06-21,16.8354,16.8354,16.2742,16.5559,931360,17.7
2018-06-22,16.4613,16.9289,16.3678,16.9301,1205899,18.1
2018-06-25,17.0225,17.3031,16.8354,17.0236,1054480,18.2
2018-06-26,17.0225,17.0225,16.6483,16.9301,1012240,18.1
2018-06-27,16.8354,17.0225,16.5548,16.8365,1427810,18
2018-06-28,16.7419,16.8354,16.3678,16.6494,1311811,17.8
2018-06-29,16.7419,16.8354,16.2742,16.8365,1473504,18
2018-07-02,16.4613,16.6483,16.2742,16.4624,1115250,17.6
2018-07-03,16.3678,16.4613,15.8066,15.8076,2005680,16.9
2018-07-04,15.6195,15.9936,15.4325,15.4335,2192115,16.5
2018-07-05,15.526,15.6195,14.5907,15.0593,1977110,16.1
2018-07-06,14.9648,15.3389,14.6842,15.2464,846661,16.3
2018-07-09,15.3389,15.526,14.8713,14.8723,1282880,15.9
2018-07-10,14.7777,15.0583,14.123,14.124,2214061,15.1
2018-07-11,14.123,14.123,13.0942,13.3757,2216190,14.3
2018-07-12,13.3748,13.3748,12.8136,13.1886,746170,14.1
2018-07-13,13.3748,13.7489,13.1877,13.4692,767399,14.4
2018-07-16,13.6554,14.0295,13.3748,13.6563,828325,14.6
2018-07-17,13.6554,13.7489,13.2813,13.5627,446305,14.5
2018-07-18,13.4683,14.2166,13.3748,14.0304,1415665,15
2018-07-19,14.2166,15.6195,14.0295,14.7787,2465232,15.8
2018-07-20,14.9648,15.1519,14.5907,14.7787,835710,15.8
2018-07-23,14.5907,14.6842,14.2166,14.4981,935816,15.5
2018-07-24,14.3101,14.4036,13.5619,13.8434,1159559,14.8
2018-07-25,13.936,14.0295,13.6554,13.6563,637510,14.6
2018-07-26,13.936,13.936,13.6554,13.7498,181600,14.7
2018-07-27,13.936,14.3101,13.7489,13.8434,668799,14.8
2018-07-30,14.0295,14.7777,14.0295,14.6852,1736965,15.7
2018-07-31,14.7777,15.0583,14.6842,14.4981,1450544,15.5
2018-08-01,14.6842,15.6195,14.6842,15.3399,2612588,16.4
2018-08-02,15.2454,16.2742,15.2454,16.1818,3393218,17.3
2018-08-03,16.1807,17.116,16.1807,16.9301,3275313,18.1
2018-08-06,16.9289,17.3966,16.3678,16.8365,3163325,18
2018-08-07,16.8354,16.8354,16.0872,16.2753,1727362,17.4
2018-08-08,16.2742,16.9289,15.9936,16.8365,2454019,18
2018-08-09,16.7419,17.6772,16.7419,17.1171,2705658,18.3
2018-08-10,17.0225,17.3031,16.5548,17.0236,1754081,18.2
2018-08-13,17.0225,17.3966,16.4613,16.743,1896455,17.9
2018-08-14,16.7419,16.8354,16.2742,16.5559,2354758,17.7
2018-08-15,16.5548,16.9289,15.9001,15.9947,2353749,17.1
2018-08-16,16.2742,16.3678,14.9648,15.7141,2585684,16.8
2018-08-17,15.9936,16.1807,15.6195,15.7141,955250,16.8
2018-08-20,15.8066,15.8066,15.1519,15.2464,1304440,16.3
2018-08-21,15.2454,15.6195,15.1519,15.527,1644360,16.6
2018-08-22,15.6195,16.0872,15.526,15.6205,1550211,16.7
2018-08-23,15.8066,15.9001,15.4325,15.7141,1215500,16.8
2018-08-24,15.6195,15.713,15.4325,15.527,1278940,16.6
2018-08-27,15.526,16.1807,15.526,15.7141,2010600,16.8
2018-08-28,15.9001,15.9001,15.6195,15.7141,750524,16.8
2018-08-29,15.713,16.1807,15.526,15.527,2238675,16.6
2018-08-30,15.8066,15.9936,15.526,15.9947,1355751,17.1
2018-08-31,16.0872,16.6483,15.9936,16.2753,3288596,17.4
2018-09-04,16.2742,16.3678,15.8066,16.0882,1313160,17.2
2018-09-05,15.9936,15.9936,15.526,15.7141,1086540,16.8
2018-09-06,15.713,17.9578,15.4325,15.6205,1151240,16.7
2018-09-07,15.526,15.8066,15.3389,15.7141,1137921,16.8
2018-09-10,15.713,15.9936,15.526,15.6205,1138800,16.7
2018-09-11,15.713,16.6483,15.6195,16.4624,3901853,17.6
2018-09-12,16.4613,17.0225,16.4613,16.6494,4664024,17.8
2018-09-13,16.7419,17.2095,16.7419,16.9301,2992641,18.1
2018-09-14,16.8354,16.9289,16.6483,16.8365,2439092,18
2018-09-17,16.8354,17.0225,16.5548,16.6494,2899341,17.8
2018-09-18,16.6483,16.7419,16.2742,16.743,2148183,17.9
2018-09-19,16.8354,18.0513,16.7419,17.6783,8285694,18.9
2018-09-20,18.3319,18.6125,17.5836,18.3331,5097730,19.6
2018-09-21,18.2384,18.5189,17.5836,18.0525,4545084,19.3
2018-09-24,18.2384,18.706,17.9578,18.6137,3437250,19.9
2018-09-25,18.6125,19.4542,18.6125,19.362,3912611,20.7
2018-09-26,19.3607,20.0154,18.8931,19.0814,5501055,20.4
2018-09-27,19.2672,19.5478,18.7995,19.5491,4418568,20.9
2018-09-28,19.6413,19.6413,18.5189,18.7072,6106055,20
2018-10-01,18.9866,19.4542,18.706,18.8943,5482504,20.2
2018-10-02,19.1737,19.4542,16.1807,18.9878,5267350,20.3
2018-10-03,18.9866,19.0801,18.2384,18.8943,4544530,20.2
2018-10-04,18.8931,19.2672,18.706,18.8943,4387431,20.2
2018-10-05,18.8931,18.8931,18.1448,18.3331,3729366,19.6
2018-10-08,18.3319,18.3319,17.7707,17.8654,3494942,19.1
2018-10-09,17.8642,18.1448,17.4901,17.5848,4541409,18.8
2018-10-10,17.5836,17.6772,17.116,17.3042,3458770,18.5
2018-10-11,17.2095,17.2095,15.0583,15.6205,8183266,16.7
2018-10-12,15.3389,16.1807,14.9648,16.0882,2660010,17.2
2018-10-15,15.9936,16.0872,15.4325,15.6205,1320970,16.7
2018-10-16,15.526,15.9001,15.526,15.8076,1269200,16.9
2018-10-17,15.9001,16.4613,15.9001,16.0882,2295195,17.2
2018-10-18,16.0872,16.0872,15.713,15.7141,1250590,16.8
2018-10-19,15.6195,16.1807,15.2454,15.8076,1357151,16.9
2018-10-22,15.713,16.1807,15.713,15.8076,1113580,16.9
2018-10-23,15.9001,15.9001,15.0583,15.4335,2149170,16.5
2018-10-24,15.4325,15.526,14.5907,14.8723,2477002,15.9
2018-10-25,14.7777,15.0583,14.0295,14.8723,2534474,15.9
2018-10-26,14.5907,15.3389,14.5907,14.6852,1463380,15.7
2018-10-29,14.7777,14.9648,14.4972,14.5916,1223802,15.6
2018-10-30,14.4972,14.8713,14.4972,14.6852,743209,15.7
2018-10-31,14.7777,15.4325,14.7777,15.4335,2635545,16.5
2018-11-01,15.4325,15.4325,14.8713,14.8723,1063610,15.9
2018-11-02,15.0583,15.3389,14.9648,15.3399,1507400,16.4
2018-11-05,15.2454,15.2454,14.7777,15.0593,980133,16.1
2018-11-06,15.1519,15.6195,15.1519,15.1529,2873338,16.2
2018-11-07,15.1519,15.2454,14.8713,15.0593,953910,16.1
2018-11-08,15.2454,15.4325,15.0583,15.1529,886250,16.2
2018-11-09,15.0583,15.0583,14.4972,14.5916,1760740,15.6
2018-11-12,14.4972,15.0583,14.3101,14.9658,1513688,16
2018-11-13,14.5907,14.7777,14.4036,14.4046,1364850,15.4
2018-11-14,14.3101,14.4036,13.8424,13.8434,2592291,14.8
2018-11-15,14.0295,14.3101,13.936,13.9369,856120,14.9
2018-11-16,14.0295,14.4036,14.0295,14.2175,2083251,15.2
2018-11-19,14.0295,14.4972,12.1589,14.4046,1225507,15.4
2018-11-20,14.3101,14.3101,14.0295,14.124,856630,15.1
2018-11-21,13.936,14.0295,13.7489,14.0304,1269820,15
2018-11-22,14.123,14.2166,13.4683,13.6563,3026508,14.6
2018-11-23,13.6554,13.7489,13.5619,13.6563,829211,14.6
2018-11-26,13.5619,14.2166,13.4683,14.124,1088643,15.1
2018-11-27,14.0295,14.4036,13.8424,14.0304,1702220,15
2018-11-28,14.0295,14.123,13.936,14.124,418400,15.1
2018-11-29,13.936,14.2166,13.7489,13.7498,936600,14.7
2018-11-30,13.936,13.936,13.6554,13.7498,934200,14.7
2018-12-03,13.936,14.4972,13.936,14.2175,2873919,15.2
2018-12-04,14.4036,14.5907,14.3101,14.4046,2011360,15.4
2018-12-05,14.3101,14.4036,14.123,14.4046,1842000,15.4
2018-12-06,14.3101,14.8713,14.2166,14.4981,3497078,15.5
2018-12-07,14.5907,14.7777,14.4036,14.4981,1182541,15.5
2018-12-10,14.5907,14.5907,14.123,14.311,1726479,15.3
2018-12-11,14.2166,14.3101,13.936,14.0304,1757610,15
2018-12-12,14.0295,14.6842,14.0295,14.5916,1701519,15.6
2018-12-13,14.4972,14.6842,14.3101,14.4046,1291380,15.4
2018-12-14,14.4036,14.4036,14.123,14.311,1031890,15.3
2018-12-17,14.123,14.2166,13.7489,13.9369,2463321,14.9
2018-12-18,13.7489,13.7489,13.4683,13.5627,2140710,14.5
2018-12-19,13.6554,13.6554,13.2813,13.3757,1442600,14.3
2018-12-20,13.2813,13.7489,13.1877,13.5627,1491185,14.5
2018-12-21,13.5619,13.5619,13.2813,13.4692,1146570,14.4
2018-12-24,13.4683,13.4683,12.9071,13.0015,1491200,13.9
2018-12-25,12.8136,12.8136,12.1589,12.5338,3285950,13.4
2018-12-26,12.6266,12.7201,12.2524,12.3468,1742000,13.2
2018-12-27,12.533,13.2813,12.533,13.0015,2097731,13.9
2018-12-28,12.9071,13.1877,12.6266,12.7209,1546117,13.6
2019-01-02,12.9071,12.9071,12.533,12.6274,688310,13.5
2019-01-03,12.6266,12.7201,12.1589,12.3468,1303200,13.2
2019-01-04,12.346,12.4395,11.9718,12.3468,1309060,13.2
2019-01-07,12.533,12.7201,12.2524,12.3468,1297910,13.2
2019-01-08,12.533,12.533,12.346,12.3468,614836,13.2
2019-01-09,12.533,12.7201,12.4395,12.6274,1388802,13.5
2019-01-10,12.6266,12.7201,12.4395,12.5338,1382350,13.4
2019-01-11,12.533,13.0007,12.4395,12.8145,2346200,13.7
2019-01-14,12.9071,12.9071,12.4395,12.5338,837109,13.4
2019-01-16,12.7201,12.8136,12.533,12.7209,1569100,13.6
2019-01-17,12.6266,12.7201,12.533,12.6274,893657,13.5
2019-01-18,12.6266,12.7201,12.346,12.5338,1245223,13.4
2019-01-21,11.9718,12.533,11.0365,11.4114,5107272,12.2
2019-01-22,11.4107,11.5977,11.3171,11.3179,1300297,12.1
2019-01-23,11.4107,12.533,11.1301,11.2243,1467160,12
2019-01-24,11.3171,11.5977,9.5401,11.505,1410920,12.3
2019-01-25,11.5042,11.5977,11.4107,11.505,702829,12.3
2019-01-28,11.6913,11.9718,11.4107,11.8791,1860290,12.7
2019-01-29,11.7848,11.7848,11.5977,11.7856,833930,12.6
2019-01-30,11.6913,12.2524,11.6913,12.1597,1518249,13
2019-01-31,12.1589,12.4395,12.1589,12.2532,1194630,13.1
2019-02-01,12.346,12.346,12.0654,12.1597,835950,13
2019-02-11,12.1589,12.4395,12.1589,12.4403,837710,13.3
2019-02-12,12.4395,12.7201,12.346,12.7209,1652785,13.6
2019-02-13,12.7201,13.3748,12.1589,13.1886,2775513,14.1
2019-02-14,13.0007,13.3748,13.0007,13.2821,1587930,14.2
2019-02-15,13.2813,13.3748,13.0942,13.3757,1566100,14.3
2019-02-18,13.3748,13.7489,12.6266,13.7498,2749513,14.7
2019-02-19,13.8424,13.8424,13.2813,13.3757,1903003,14.3
2019-02-20,13.3748,13.4683,13.1877,13.2821,1220876,14.2
2019-02-21,13.3748,13.4683,13.1877,13.2821,1359556,14.2
2019-02-22,13.2813,13.2813,13.0007,13.1886,1749016,14.1
2019-02-25,13.0942,13.3748,13.0942,13.2821,1622834,14.2
2019-02-26,13.2813,13.2813,12.9071,13.0015,1433335,13.9
2019-02-27,13.0007,14.2081,13.0007,13.0015,1088480,13.9
2019-02-28,13.0942,14.0295,12.7201,12.8145,1095695,13.7
2019-03-01,12.8136,12.9071,12.7201,12.8145,1591859,13.7
2019-03-04,12.8136,13.2813,12.8136,13.1886,2224778,14.1
2019-03-05,13.1877,13.6554,13.0942,13.5627,4438870,14.5
2019-03-06,13.6554,13.6554,13.1877,13.5627,1197088,14.5
2019-03-07,13.4683,13.8424,13.4683,13.4692,2994481,14.4
2019-03-08,13.5619,13.5619,13.1877,13.2821,1295348,14.2
2019-03-11,13.2813,13.2813,13.0007,13.1886,1228934,14.1
2019-03-12,13.2813,13.3748,13.0007,13.0951,1959470,14
2019-03-13,13.0942,13.1877,12.9071,13.0015,2996040,13.9
2019-03-14,13.0007,13.1877,12.8136,13.0951,1658266,14
2019-03-15,13.0942,13.2813,12.9071,13.1886,1745856,14.1
2019-03-18,13.0942,13.1877,12.9071,12.908,2044845,13.8
2019-03-19,13.0007,13.0942,12.7201,12.8145,2544226,13.7
2019-03-20,12.8136,12.8136,12.346,12.7209,2148752,13.6
2019-03-21,12.6266,13.0007,10.756,12.4403,2254420,13.3
2019-03-22,12.533,12.533,12.1589,12.3468,1312925,13.2
2019-03-25,12.1589,12.1589,11.8783,12.0662,2485053,12.9
2019-03-26,12.0654,12.2524,11.8783,12.0662,1330327,12.9
2019-03-27,12.1589,12.533,10.2883,12.3468,1935780,13.2
2019-03-28,12.2524,12.346,10.756,11.9726,1686846,12.8
2019-03-29,11.9718,12.0654,11.6913,11.8791,2299686,12.7
2019-04-01,11.8783,12.0654,11.5977,11.8791,2224700,12.7
2019-04-02,11.8783,12.1589,11.7848,11.8791,1842080,12.7
2019-04-03,11.9718,12.2524,11.8783,12.2532,1725600,13.1
2019-04-04,12.1589,12.533,12.1589,12.3468,2331987,13.2
2019-04-05,12.2524,12.346,12.0654,12.1597,1144330,13
2019-04-08,12.2524,12.6266,12.1589,12.4403,1530849,13.3
2019-04-09,12.4395,12.6266,12.346,12.4403,2037899,13.3
2019-04-10,12.346,12.346,12.0654,12.1597,1351690,13
2019-04-11,12.1589,12.2524,12.1589,12.1597,797400,13
2019-04-12,12.1589,12.2524,11.9718,12.2532,1720750,13.1
2019-04-16,12.0654,12.2524,11.8783,12.1597,1272548,13
2019-04-17,11.9718,12.2524,10.1948,12.0662,1404453,12.9
2019-04-18,12.0654,13.936,11.8783,11.8791,1321637,12.7
2019-04-19,11.8783,12.1589,11.8783,11.9726,931130,12.8
2019-04-22,11.9718,12.2524,11.9718,12.1597,1226478,13
2019-04-23,12.1589,12.346,12.0654,12.2532,1359333,13.1
2019-04-24,12.2524,13.936,12.2524,13.0015,5856991,13.9
2019-04-25,13.0942,13.3748,12.8136,13.1886,3290307,14.1
2019-04-26,13.0942,13.2813,13.0007,13.1886,2124762,14.1
2019-05-02,13.0942,13.1877,11.2236,13.0951,2089832,14
2019-05-03,13.0007,13.0007,12.7201,12.8145,2081146,13.7
2019-05-06,12.7201,12.7201,12.2524,12.4403,2338979,13.3
2019-05-07,12.4395,12.6266,12.346,12.5338,1112097,13.4
2019-05-08,12.4395,12.6266,12.2524,12.6274,2026450,13.5
2019-05-09,12.533,12.6266,12.2524,12.2532,1085670,13.1
2019-05-10,12.1589,12.8136,12.1589,12.5338,2647970,13.4
2019-05-13,12.6266,13.0942,12.533,12.908,2266031,13.8
2019-05-14,12.8136,13.1877,12.7201,13.0951,3365260,14
2019-05-15,13.0942,14.8713,13.0007,13.0951,2629995,14
2019-05-16,13.0942,13.1877,13.0007,13.0951,1970210,14
2019-05-17,13.0942,13.5619,13.0942,13.2821,4341429,14.2
2019-05-20,13.3748,13.5619,11.4107,13.3757,1897315,14.3
2019-05-21,13.3748,14.4972,13.0942,13.1886,1579822,14.1
2019-05-22,13.0942,13.1877,12.9071,13.0015,1974755,13.9
2019-05-23,13.0007,15.0583,12.7201,13.0951,2211670,14
2019-05-24,12.9071,12.9071,12.6266,12.7209,2431615,13.6
2019-05-27,12.7201,12.8136,12.6266,12.7209,1014950,13.6
2019-05-28,12.7201,13.0007,10.8495,13.0015,1995075,13.9
2019-05-29,12.9071,13.0007,12.8136,12.8145,984980,13.7
2019-05-30,12.8136,13.0007,12.8136,12.908,780441,13.8
2019-05-31,12.9071,14.7777,12.533,12.6274,1623180,13.5
2019-06-03,12.533,12.533,11.9718,12.0662,2279681,12.9
2019-06-04,12.1589,12.4395,12.0654,12.3468,1548750,13.2
2019-06-05,12.4395,12.4395,10.4754,12.2532,754489,13.1
2019-06-06,12.1589,12.346,12.0654,12.3468,1251713,13.2
2019-06-07,12.2524,12.533,12.2524,12.5338,780709,13.4
2019-06-10,12.533,14.123,12.346,12.3468,604183,13.2
2019-06-11,12.346,12.346,12.1589,12.2532,721584,13.1
2019-06-12,12.1589,12.6266,11.9718,12.0662,1047101,12.9
2019-06-13,12.0654,12.1589,10.2883,12.1597,827470,13
2019-06-14,12.1589,12.2524,12.0654,12.1597,1228050,13
2019-06-17,12.1589,12.2524,12.0654,12.1597,405284,13
2019-06-18,12.0654,13.936,11.7848,11.9726,1660400,12.8
2019-06-19,12.1589,12.2524,11.8783,11.9726,835260,12.8
2019-06-20,11.6913,12.1589,10.2883,11.9726,1570310,12.8
2019-06-21,12.2524,12.346,10.2883,12.1597,889350,13
2019-06-24,12.1589,12.1589,11.9718,12.0662,631050,12.9
2019-06-25,11.9718,12.0654,11.8783,11.9726,547490,12.8
2019-06-26,11.9718,13.7489,11.8783,11.8791,1197255,12.7
2019-06-27,11.9718,12.0654,11.5042,11.5985,2894410,12.4
2019-06-28,11.6913,12.0654,11.5042,12.0662,1487013,12.9
2019-07-01,11.7848,11.9718,10.0077,11.692,1188730,12.5
2019-07-02,11.6913,11.6913,11.5977,11.692,550200,12.5
2019-07-03,11.5977,11.7474,11.5042,11.5985,885915,12.4
2019-07-04,11.5977,11.6913,11.4107,11.5985,1134638,12.4
2019-07-05,11.5042,11.5042,11.2236,11.3179,1105932,12.1
2019-07-08,11.4107,11.5042,11.3171,11.3179,640079,12.1
2019-07-09,11.4107,11.4107,9.7271,11.2243,1116720,12
2019-07-10,11.2236,11.5977,11.2236,11.505,1491331,12.3
2019-07-11,11.5042,11.5977,11.3171,11.505,799984,12.3
2019-07-12,11.5042,11.5042,11.4107,11.4114,656180,12.2
2019-07-15,11.4107,11.4107,11.2236,11.3179,466980,12.1
2019-07-16,11.3171,11.3171,11.1301,11.1308,1261811,11.9
2019-07-17,11.1301,11.2236,10.943,11.0373,1227821,11.8
2019-07-18,11.0365,12.6266,10.943,11.0373,776725,11.8
2019-07-19,11.1301,11.1301,9.4465,10.8502,1845451,11.6
2019-07-22,10.756,12.533,10.4754,10.6631,1836297,11.4
2019-07-23,10.6624,10.6624,10.2883,10.3825,1624835,11.1
2019-07-24,10.3818,10.4754,8.9789,10.1954,2206108,10.9
2019-07-25,10.1948,10.756,10.1012,10.6631,2469220,11.4
2019-07-26,10.6624,10.8495,8.9789,10.7567,1910605,11.5
2019-07-29,10.756,10.756,10.4754,10.4761,904274,11.2
2019-07-30,10.5689,10.5689,10.1948,10.1954,1271920,10.9
2019-07-31,10.2883,10.2883,10.1012,10.1954,1546210,10.9
2019-08-01,10.1948,10.3818,10.1948,10.289,569160,11
2019-08-02,10.2883,10.2883,10.0077,10.1954,1249799,10.9
2019-08-05,10.1948,10.1948,9.5401,9.5407,2993706,10.2
2019-08-06,9.5401,9.5401,9.2595,9.3536,2649312,10
2019-08-07,9.353,9.4465,9.2595,9.2601,1168811,9.9
2019-08-08,9.353,9.5401,9.0724,9.1665,1663491,9.8
2019-08-09,9.1659,9.4465,9.1659,9.2601,1009856,9.9
2019-08-12,9.353,9.6336,9.353,9.4472,1203648,10.1
2019-08-13,9.4465,9.4465,9.1659,9.2601,1009984,9.9
2019-08-14,9.2595,9.4465,9.0724,9.1665,1506500,9.8
2019-08-15,9.1659,9.1659,7.9501,8.9795,1441650,9.6
2019-08-16,8.9789,9.0724,8.8854,9.073,1251144,9.7
2019-08-19,9.0724,9.2595,7.6695,9.073,1060620,9.7
2019-08-20,9.0724,9.0724,8.7918,8.8859,1707975,9.5
2019-08-21,8.8854,8.9789,8.7918,8.8859,1283112,9.5
2019-08-22,8.7918,8.8854,8.5112,8.6989,1845828,9.3
2019-08-23,8.6983,8.9789,8.5112,8.6989,2017830,9.3
2019-08-26,8.6983,8.6983,8.4177,8.6989,1845869,9.3
2019-08-27,8.6048,8.6983,8.5112,8.6053,1142000,9.2
2019-08-28,8.6048,9.8207,8.5112,8.6053,1164490,9.2
2019-08-29,8.6048,8.6983,8.4177,8.5118,629950,9.1
2019-08-30,8.6048,9.0724,8.5112,8.8859,2110682,9.5
2019-09-03,8.8854,8.9789,8.6048,8.7924,1085394,9.4
2019-09-04,8.7918,8.7918,8.5112,8.5118,825920,9.1
2019-09-05,8.6048,8.7918,8.4177,8.6053,1147710,9.2
2019-09-06,8.6048,8.6048,8.4177,8.5118,497604,9.1
2019-09-09,8.5112,8.6048,8.4177,8.4183,665714,9
2019-09-10,8.5112,8.5112,8.2306,8.3247,1237555,8.9
2019-09-11,8.3242,8.3242,8.0436,8.1376,1435413,8.7
2019-09-12,8.1371,8.3242,8.1371,8.1376,469720,8.7
2019-09-13,8.2306,8.3242,8.1371,8.3247,733450,8.9
2019-09-16,8.4177,8.7918,8.4177,8.6989,3753282,9.3
2019-09-17,8.7918,8.7918,8.6048,8.6053,991885,9.2
2019-09-18,8.7918,9.9142,8.6983,9.4472,7270257,10.1
2019-09-19,9.4465,9.5401,9.0724,9.2601,2378270,9.9
2019-09-20,9.1659,9.2595,8.9789,8.9795,1370145,9.6
2019-09-23,8.8854,9.0724,8.6983,8.7924,1886780,9.4
2019-09-24,8.8854,10.1948,8.6048,8.6989,2398500,9.3
2019-09-25,8.6983,8.6983,8.5112,8.6053,809954,9.2
2019-09-26,8.7918,8.8854,8.6048,8.7924,874720,9.4
2019-09-27,8.7918,8.8854,8.6048,8.6989,1335490,9.3
2019-09-30,8.6983,9.1659,8.6048,8.9795,4429925,9.6
2019-10-01,8.9789,9.0724,8.8854,8.8859,1360255,9.5
2019-10-02,8.9789,8.9789,8.6983,8.7924,1139454,9.4
2019-10-03,8.6983,8.6983,7.8565,8.6053,1269280,9.2
2019-10-04,8.6048,8.6983,8.5112,8.5118,1016755,9.1
2019-10-07,8.5112,9.8207,7.3889,8.6989,1138130,9.3
2019-10-08,8.6983,9.4465,8.6983,9.073,4095336,9.7
2019-10-09,9.0724,9.1659,8.8854,9.073,1243195,9.7
2019-10-10,8.9789,10.2883,8.8854,9.073,1328263,9.7
2019-10-11,9.0724,9.4465,9.0724,9.2601,3414347,9.9
2019-10-14,9.2595,9.353,8.9789,9.073,1126140,9.7
2019-10-16,9.0724,9.0724,7.9501,9.073,1321034,9.7
2019-10-17,9.0724,9.0724,8.7918,8.8859,1179110,9.5
2019-10-18,8.8854,8.9789,8.7918,8.9795,1031390,9.6
2019-10-21,8.9789,8.9789,8.7918,8.8859,1494825,9.5
2019-10-22,8.8854,10.1012,8.6983,8.8859,2009330,9.5
2019-10-23,8.8854,9.0724,8.8854,8.9795,1519570,9.6
2019-10-24,8.9789,9.0724,8.8854,8.9795,2417601,9.6
2019-10-25,8.9789,9.5401,7.763,9.2601,4684091,9.9
2019-10-28,9.2595,9.353,9.0724,9.073,797791,9.7
2019-10-29,9.0724,9.2595,8.9789,9.073,734733,9.7
2019-10-30,9.0724,10.2883,8.8854,8.9795,1323290,9.6
2019-10-31,9.0724,9.353,8.9789,9.073,2899950,9.7
2019-11-01,9.0724,9.1659,8.9789,9.1665,1429750,9.8
2019-11-04,9.1659,9.5401,7.8565,9.3536,4807099,10
2019-11-05,9.353,9.4465,9.2595,9.3536,2141491,10
2019-11-06,9.353,9.5401,9.2595,9.3536,2734645,10
2019-11-07,9.353,10.756,9.1659,9.3536,1429027,10
2019-11-08,9.353,9.5401,9.2595,9.3536,1371270,10
2019-11-11,9.353,9.4465,9.1659,9.2601,1142340,9.9
2019-11-12,9.2595,9.4465,8.0436,9.4472,2169688,10.1
2019-11-13,9.4465,9.6336,7.9501,9.3536,2277476,10
2019-11-14,9.4465,9.4465,9.2595,9.4472,2985402,10.1
2019-11-15,9.4465,10.756,9.2595,9.5407,3078541,10.2
2019-11-18,9.4465,9.7271,9.4465,9.5407,1587295,10.2
2019-11-19,9.5401,10.8495,9.4465,9.5407,3343278,10.2
2019-11-20,9.5401,9.5401,9.353,9.4472,883697,10.1
2019-11-21,9.4465,9.5401,9.2595,9.3536,1263300,10
2019-11-22,9.353,9.353,8.0436,9.073,3184631,9.7
2019-11-25,9.0724,9.1659,8.8854,8.9795,1302247,9.6
2019-11-26,9.0724,9.0724,8.8854,8.9795,1263205,9.6
2019-11-27,8.9789,10.1948,8.7918,8.8859,2172019,9.5
2019-11-28,8.8854,8.9789,8.6983,8.7924,1610126,9.4
2019-11-29,8.8854,8.8854,8.6983,8.7924,638900,9.4
2019-12-02,8.7918,8.7918,8.4177,8.7924,2301082,9.4
2019-12-03,8.6048,8.6048,8.3242,8.4183,1493969,9
2019-12-04,8.4177,8.6983,8.4177,8.6053,1904333,9.2
2019-12-05,8.6983,9.8207,8.4177,8.5118,1877347,9.1
2019-12-06,8.6048,8.6048,8.4177,8.6053,883466,9.2
2019-12-09,8.6048,8.6048,8.4177,8.5118,826065,9.1
2019-12-10,8.5112,8.5112,7.2953,8.4183,1458479,9
2019-12-11,8.3242,8.3242,7.9501,8.1376,2486692,8.7
2019-12-12,8.1371,8.2306,7.4824,8.1376,1052730,8.7
2019-12-13,8.3242,9.353,8.1371,8.2312,1005140,8.8
2019-12-16,8.2306,8.2306,8.0436,8.1376,506310,8.7
2019-12-17,8.1371,8.1371,7.763,7.9506,2708369,8.5
2019-12-18,7.9501,8.8854,6.8277,7.67,1775559,8.2
2019-12-19,7.6695,7.763,7.4824,7.5764,1240446,8.1
2019-12-20,7.5759,7.6695,7.4824,7.5764,893368,8.1
2019-12-23,7.5759,8.6983,6.4536,7.857,2040498,8.4
2019-12-24,7.8565,7.8565,7.6695,7.7635,828991,8.3
2019-12-25,7.763,7.8565,7.6695,7.7635,506548,8.3
2019-12-26,7.763,7.763,6.6406,7.5764,1536611,8.1
2019-12-27,7.5759,7.6695,7.4824,7.67,1463621,8.2
2019-12-30,7.6695,7.6695,7.4824,7.5764,876553,8.1
2019-12-31,7.5759,8.6048,7.4824,7.67,767594,8.2
2020-01-02,7.6695,7.6695,7.4824,7.67,1232420,8.2
2020-01-03,7.6695,7.763,7.4824,7.5764,2024568,8.1
2020-01-06,7.763,7.9501,7.6695,7.9506,3836947,8.5
2020-01-07,7.9501,7.9501,7.6695,7.7635,1378587,8.3
2020-01-08,7.8565,7.8565,7.4824,7.5764,3326547,8.1
2020-01-09,7.5759,7.5759,7.2953,7.3894,2652190,7.9
2020-01-10,7.3889,7.3889,7.1083,7.2023,2137026,7.7
2020-01-13,7.2018,7.2018,6.8277,7.0152,2759130,7.5
2020-01-14,7.0148,7.0148,6.7342,6.9217,1688991,7.4
2020-01-15,6.9212,7.0148,6.7342,6.8281,934445,7.3
2020-01-16,6.8277,7.1083,6.7342,6.9217,2902912,7.4
2020-01-17,6.9212,7.0148,6.7342,6.8281,1181300,7.3
2020-01-21,7.0148,7.9501,7.0148,7.9506,9879031,8.5
2020-01-22,8.0436,8.0436,7.763,7.857,2282520,8.4
2020-01-30,7.9501,7.9501,7.3889,7.67,2743532,8.2
2020-01-31,7.5759,7.5759,7.0148,7.1088,2822569,7.6
2020-02-03,7.1083,7.1083,6.36,6.9217,3747796,7.4
2020-02-04,6.8277,7.2018,6.8277,7.2023,2443762,7.7
2020-02-05,7.1083,7.2018,6.9212,7.1088,923440,7.6
2020-02-06,7.0148,7.4824,7.0148,7.2958,1826752,7.8
2020-02-07,7.2953,7.2953,6.173,7.1088,1135672,7.6
2020-02-10,7.1083,7.1083,6.9212,7.0152,1080915,7.5
2020-02-11,7.0148,7.1083,6.9212,7.1088,550993,7.6
2020-02-12,7.1083,7.3889,7.1083,7.2958,1453371,7.8
2020-02-13,7.2953,7.3889,7.2018,7.2958,824818,7.8
2020-02-14,7.2953,7.3889,7.2018,7.2958,565040,7.8
2020-02-17,7.2953,8.0436,7.2018,7.2958,901360,7.8
2020-02-18,7.2953,7.2953,7.0148,7.2023,940476,7.7
2020-02-19,7.1083,7.2953,7.1083,7.2023,521327,7.7
2020-02-20,7.2018,7.3889,6.173,7.2958,763481,7.8
2020-02-21,7.2953,7.3889,7.1083,7.2023,1067633,7.7
2020-02-24,7.2018,7.2018,6.7342,6.8281,2076235,7.3
2020-02-25,6.8277,6.9212,6.6406,6.9217,1895380,7.4
2020-02-26,6.8277,7.6695,6.6406,6.9217,1506840,7.4
2020-02-27,6.9212,7.0148,6.8277,6.9217,791522,7.4
2020-02-28,6.9212,7.0148,6.7342,6.9217,2431582,7.4
2020-03-02,6.9212,7.2018,5.8924,7.1088,2928755,7.6
2020-03-03,7.1083,7.6695,7.1083,7.3894,4877781,7.9
2020-03-04,7.4824,7.5759,6.36,7.5764,1678305,8.1
2020-03-05,7.5759,8.6048,6.36,7.7635,2911743,8.3
2020-03-06,7.6695,7.763,7.3889,7.5764,1852717,8.1
2020-03-09,7.2953,7.2953,6.36,6.5475,6939472,7
2020-03-10,6.0795,6.8277,5.6118,6.7346,2521792,7.2
2020-03-11,6.6406,6.9212,6.4536,6.6411,4072814,7.1
2020-03-12,6.5471,6.5471,6.2665,6.3605,5065041,6.8
2020-03-13,6.36,7.2953,5.9859,6.3605,2004446,6.8
2020-03-16,6.36,6.6406,6.2665,6.454,2839903,6.9
2020-03-17,6.36,6.5471,6.2665,6.5475,1249700,7
2020-03-18,6.5471,6.5471,5.5183,6.0799,5270301,6.5
2020-03-19,6.0795,6.173,5.7989,5.9863,3181479,6.4
2020-03-20,5.9859,6.0795,5.7053,5.7992,5539323,6.2
2020-03-23,5.7053,6.7342,5.0506,5.051,7326967,5.4
2020-03-24,5.7053,5.7053,4.77,5.3316,1470085,5.7
2020-03-25,5.3312,5.5183,5.2377,5.3316,2703274,5.7
2020-03-26,5.3312,5.3312,4.583,5.1445,1517984,5.5
2020-03-27,5.1442,5.2377,5.0506,5.1445,990510,5.5
2020-03-30,4.9571,5.8924,4.3959,4.5833,2159515,4.9
2020-03-31,4.3959,4.77,4.3959,4.4897,2202715,4.8
2020-04-01,4.3959,4.77,4.3024,4.6768,2092997,5
2020-04-03,4.8636,5.2377,4.6765,5.238,4006383,5.6
2020-04-06,5.2377,5.7053,5.1442,5.7057,4762754,6.1
2020-04-07,5.7053,5.7053,5.2377,5.3316,4013139,5.7
2020-04-08,5.4247,5.4247,5.0506,5.3316,2956727,5.7
2020-04-09,5.3312,5.5183,5.3312,5.4251,3914822,5.8
2020-04-10,5.3312,5.5183,5.3312,5.4251,4935592,5.8
2020-04-13,5.5183,5.6118,5.3312,5.4251,3111240,5.8
2020-04-14,5.5183,5.5183,5.1442,5.238,3486419,5.6
2020-04-15,5.2377,5.4247,5.1442,5.3316,2500874,5.7
2020-04-16,5.3312,5.4247,5.1442,5.3316,3552453,5.7
2020-04-17,5.3312,5.9859,5.3312,5.8928,14305861,6.3
2020-04-20,6.0795,6.36,5.7989,5.8928,9751302,6.3
2020-04-21,5.8924,5.8924,5.3312,5.4251,7437718,5.8
2020-04-22,5.1442,5.4247,4.9571,5.4251,4836352,5.8
2020-04-23,5.5183,5.7053,5.3312,5.6122,3418414,6
2020-04-24,5.6118,5.8924,5.6118,5.7057,4107975,6.1
2020-04-27,5.7053,5.7053,5.3312,5.4251,2424175,5.8
2020-04-28,5.4247,5.5183,5.3312,5.4251,2040923,5.8
2020-04-29,5.4247,5.6118,5.4247,5.6122,2205788,6
2020-05-04,5.6118,5.7053,5.4247,5.5186,1785660,5.9
2020-05-05,5.5183,5.6118,5.4247,5.6122,1753835,6
2020-05-06,5.6118,5.7989,5.5183,5.6122,4971490,6
2020-05-07,5.6118,5.7053,5.5183,5.6122,1699157,6
2020-05-08,5.6118,5.7989,5.6118,5.7057,4944384,6.1
2020-05-11,5.7053,5.9859,5.6118,5.8928,7933781,6.3
2020-05-12,5.8924,5.9859,5.7989,5.9863,5117555,6.4
2020-05-13,5.9859,6.0795,5.7989,5.9863,5364068,6.4
2020-05-14,5.9859,6.173,5.8924,6.0799,6662670,6.5
2020-05-15,6.173,6.2665,5.8924,6.0799,6803277,6.5
2020-05-18,6.0795,6.0795,5.8924,6.0799,2899270,6.5
2020-05-19,6.0795,6.36,5.9859,6.0799,5607514,6.5
2020-05-20,6.0795,6.173,5.9859,6.0799,2200890,6.5
2020-05-21,6.0795,6.173,5.9859,6.0799,3042092,6.5
2020-05-22,6.0795,6.173,5.7989,5.9863,5814350,6.4
2020-05-25,5.9859,5.9859,5.7989,5.9863,3993591,6.4
2020-05-26,5.8924,6.7342,5.7989,5.9863,4077920,6.4
2020-05-27,5.9859,6.0795,5.8924,5.9863,4015031,6.4
2020-05-28,5.9859,5.9859,5.7989,5.9863,2428988,6.4
2020-05-29,5.8924,5.9859,5.7989,5.7992,1665329,6.2
2020-06-01,5.8924,5.9859,5.8924,5.8928,4336806,6.3
2020-06-02,5.8924,6.6406,5.7989,6.1734,12354255,6.6
2020-06-03,6.2665,6.9212,6.2665,6.8281,12099175,7.3
2020-06-04,6.8277,7.4824,6.7342,7.2958,13822636,7.8
2020-06-05,7.2953,7.3889,7.1083,7.2958,7515624,7.8
2020-06-08,7.3889,7.5759,7.2953,7.3894,9701119,7.9
2020-06-09,7.3889,7.4824,7.0148,7.1088,10117125,7.6
2020-06-10,7.2018,7.2953,7.0148,7.2023,5805248,7.7
2020-06-11,7.2953,7.2953,6.5471,6.7346,8882886,7.2
2020-06-12,6.5471,6.7342,6.173,6.5475,7583632,7
2020-06-15,6.5471,6.6406,6.2665,6.454,4731448,6.9
2020-06-16,6.2665,6.7342,6.2665,6.6411,3224145,7.1
2020-06-17,6.9212,7.2953,6.4536,6.6411,2330853,7.1
2020-06-18,6.6406,6.7342,6.4536,6.6411,1669010,7.1
2020-06-19,6.6406,7.0148,6.6406,6.9217,6588753,7.4
2020-06-22,6.9212,7.1083,6.8277,6.9217,3344782,7.4
2020-06-23,6.9212,7.0148,5.8924,6.8281,2997559,7.3
2020-06-24,6.8277,6.9212,6.6406,6.7346,3923621,7.2
2020-06-25,6.6406,6.7342,6.5471,6.7346,2346097,7.2
2020-06-26,6.7342,6.8277,6.5471,6.7346,2225134,7.2
2020-06-29,6.6406,6.6406,6.2665,6.3605,5452663,6.8
2020-06-30,6.4536,6.5471,6.2665,6.454,2253069,6.9
2020-07-01,6.36,6.6406,6.36,6.5475,2022535,7
2020-07-02,6.5471,6.6406,6.4536,6.5475,1881751,7
2020-07-03,6.5471,6.6406,6.4536,6.454,1134101,6.9
2020-07-06,6.5471,6.6406,6.4536,6.6411,1825917,7.1
2020-07-07,6.6406,6.7342,6.5471,6.5475,1483794,7
2020-07-08,6.5471,6.6406,6.5471,6.6411,1353161,7.1
2020-07-09,6.6406,6.9212,6.6406,6.8281,5091477,7.3
2020-07-10,6.7342,6.8277,6.6406,6.6411,2412481,7.1
2020-07-13,6.6406,7.5759,6.5471,6.6411,1915346,7.1
2020-07-14,6.6406,6.6406,6.5471,6.6411,1530826,7.1
2020-07-15,6.6406,6.7342,6.5471,6.6411,1690706,7.1
2020-07-16,6.6406,6.7342,6.5471,6.5475,1748817,7
2020-07-17,6.6406,6.6406,6.5471,6.6411,957910,7.1
2020-07-20,6.5471,6.6406,6.0795,6.454,1732905,6.9
2020-07-21,6.4536,6.5471,6.2665,6.454,5247422,6.9
2020-07-22,6.36,7.2953,6.2665,6.3605,1522529,6.8
2020-07-23,6.2665,6.4536,6.2665,6.454,1446620,6.9
2020-07-24,6.36,6.36,5.7989,5.9863,4781245,6.4
2020-07-27,5.8924,5.8924,5.2377,5.3316,6828638,5.7
2020-07-28,5.3312,5.7989,5.2377,5.7992,2888612,6.2
2020-07-29,5.7989,5.7989,5.2377,5.4251,3248282,5.8
2020-07-30,5.4247,5.6118,5.4247,5.5186,1357431,5.9
2020-07-31,5.4247,5.7053,5.3312,5.5186,1855750,5.9
2020-08-03,5.6118,5.7053,5.5183,5.7057,1781208,6.1
2020-08-04,5.7053,5.8924,5.7053,5.7992,2710027,6.2
2020-08-05,5.7989,5.8924,5.7053,5.7992,1121315,6.2
2020-08-06,5.8924,6.6406,5.7989,5.9863,2889638,6.4
2020-08-07,5.9859,5.9859,5.7053,5.7992,1246570,6.2
2020-08-10,5.8924,5.8924,5.7989,5.8928,1193526,6.3
2020-08-11,5.8924,5.9859,5.7989,5.8928,1679028,6.3
2020-08-12,5.8924,6.0795,5.7989,5.9863,3078629,6.4
2020-08-13,6.0795,6.173,5.9859,6.0799,1989347,6.5
2020-08-14,6.0795,6.0795,5.8924,5.8928,1740840,6.3
2020-08-17,5.9859,5.9859,5.7989,5.9863,1343937,6.4
2020-08-18,5.9859,6.7342,5.8924,5.8928,1381005,6.3
2020-08-19,5.8924,6.0795,5.8924,5.9863,1584788,6.4
2020-08-20,5.9859,6.0795,5.8924,5.9863,1414046,6.4
2020-08-21,5.9859,6.0795,5.8924,6.0799,784278,6.5
2020-08-24,6.0795,6.173,5.9859,6.0799,2618441,6.5
2020-08-25,6.173,6.2665,5.7989,6.1734,2700855,6.6
2020-08-26,6.173,6.4536,6.173,6.3605,2368065,6.8
2020-08-27,6.36,6.36,6.173,6.1734,1398243,6.6
2020-08-28,6.2665,6.36,6.173,6.1734,1648672,6.6
2020-08-31,6.173,6.2665,6.0795,6.0799,2104814,6.5
2020-09-01,6.173,6.2665,6.0795,6.2669,1269897,6.7
2020-09-03,6.2665,6.36,6.173,6.2669,1435911,6.7
2020-09-04,6.2665,6.2665,6.0795,6.2669,1809142,6.7
2020-09-07,6.2665,7.0148,6.0795,6.1734,1738882,6.6
2020-09-08,6.0795,6.173,6.0795,6.1734,730749,6.6
2020-09-09,6.0795,6.173,5.9859,6.1734,1549786,6.6
2020-09-10,6.0795,6.2665,6.0795,6.1734,1630197,6.6
2020-09-11,6.173,6.2665,6.173,6.2669,2179209,6.7
2020-09-14,6.2665,6.36,6.173,6.3605,3063680,6.8
2020-09-15,6.36,6.4536,6.2665,6.3605,1775835,6.8
2020-09-16,6.36,6.4536,6.2665,6.3605,1936711,6.8
2020-09-17,6.2665,6.4536,6.2665,6.3605,1080850,6.8
2020-09-18,6.36,6.4536,6.2665,6.454,886246,6.9
2020-09-21,6.36,6.5471,6.36,6.454,2416577,6.9
2020-09-22,6.36,6.4536,6.2665,6.3605,1875710,6.8
2020-09-23,6.4536,6.4536,6.36,6.454,1542991,6.9
2020-09-24,6.36,6.4536,6.2665,6.2669,1977470,6.7
2020-09-25,6.36,6.4536,6.2665,6.3605,958920,6.8
2020-09-28,6.4536,6.8277,6.36,6.8281,6476461,7.3
2020-09-29,6.8277,6.9212,6.6406,6.8281,5556870,7.3
2020-09-30,6.8277,6.8277,6.6406,6.6411,1606542,7.1
2020-10-01,6.7342,6.8277,6.6406,6.8281,2880530,7.3
2020-10-02,6.7342,6.7342,6.4536,6.5475,5288948,7
2020-10-05,6.6406,6.8277,6.5471,6.8281,3661297,7.3
2020-10-06,6.9212,6.9212,6.6406,6.8281,3911969,7.3
2020-10-07,6.8277,6.8277,6.6406,6.7346,1799739,7.2
2020-10-08,6.7342,6.7342,6.6406,6.7346,1195617,7.2
2020-10-09,6.7342,6.8277,6.6406,6.8281,3381946,7.3
2020-10-12,6.8277,6.9212,6.6406,6.8281,3501240,7.3
2020-10-13,6.8277,6.8277,6.6406,6.7346,1499084,7.2
2020-10-14,6.7342,6.7342,6.5471,6.6411,1989040,7.1
2020-10-15,6.6406,6.7342,6.4536,6.5475,3974140,7
2020-10-19,6.5471,6.6406,6.0795,6.5475,1062730,7
2020-10-20,6.4536,7.0148,6.4536,6.8281,5258420,7.3
2020-10-21,6.8277,6.8277,6.6406,6.6411,2048777,7.1
2020-10-22,6.6406,7.5759,6.5471,6.6411,2105458,7.1
2020-10-23,6.6406,7.5759,6.5471,6.5475,1623195,7
2020-10-26,6.6406,6.9212,6.4536,6.454,3131161,6.9
2020-10-27,6.5471,6.5471,5.6118,6.454,2025436,6.9
2020-10-28,6.4536,6.4536,5.5183,6.2669,4756468,6.7
2020-10-29,6.173,6.2665,6.0795,6.2669,1464157,6.7
2020-10-30,6.2665,6.36,6.173,6.2669,1930559,6.7
2020-11-02,6.2665,7.2018,6.173,6.3605,863102,6.8
2020-11-03,6.36,6.36,6.2665,6.3605,495815,6.8
2020-11-04,6.36,6.4536,6.2665,6.454,1126430,6.9
2020-11-05,6.36,6.4536,5.4247,6.3605,565391,6.8
2020-11-06,6.36,6.36,6.2665,6.3605,343543,6.8
2020-11-09,6.2665,6.36,6.2665,6.3605,1310802,6.8
2020-11-10,6.4536,7.2953,6.4536,6.454,3801896,6.9
2020-11-11,6.5471,6.6406,6.4536,6.5475,1570100,7
2020-11-12,6.5471,6.6406,6.4536,6.5475,1310114,7
2020-11-13,6.5471,6.5471,5.6118,6.5475,892833,7
2020-11-16,6.5471,6.6406,6.4536,6.5475,2962290,7
2020-11-17,6.5471,6.9212,6.4536,6.8281,8674213,7.3
2020-11-18,6.8277,7.6695,6.7342,6.8281,2984935,7.3
2020-11-19,6.9212,7.0148,6.7342,7.0152,5252775,7.5
2020-11-20,6.9212,7.0148,6.7342,6.8281,3065785,7.3
2020-11-23,6.8277,7.2953,5.8924,7.2023,8130822,7.7
2020-11-24,7.2018,7.2953,7.0148,7.1088,4229615,7.6
2020-11-25,7.1083,7.4824,7.0148,7.1088,9083886,7.6
2020-11-26,7.0148,7.1083,6.7342,6.8281,10002358,7.3
2020-11-27,6.8277,6.9212,6.6406,6.8281,4693479,7.3
2020-11-30,6.8277,6.9212,6.6406,6.6411,4074703,7.1
2020-12-01,6.6406,7.6695,5.7989,6.7346,5688963,7.2
2020-12-02,6.7342,6.7342,6.5471,6.7346,2232331,7.2
2020-12-03,6.7342,7.5759,6.6406,6.9217,6252340,7.4
2020-12-04,6.9212,7.1083,5.8924,7.1088,7960116,7.6
2020-12-07,7.1083,7.2953,7.0148,7.2958,7180209,7.8
2020-12-08,7.2953,8.2306,6.173,7.2958,8878659,7.8
2020-12-09,7.2953,7.8565,7.2018,7.67,17235475,8.2
2020-12-10,7.5759,7.8565,7.4824,7.5764,7131723,8.1
2020-12-11,7.6695,7.8565,7.5759,7.7635,4038169,8.3
2020-12-14,7.763,8.2306,6.5471,8.2312,10783932,8.8
2020-12-15,8.1371,8.2306,7.9501,8.0441,9902449,8.6
2020-12-16,8.1371,9.353,7.9501,8.0441,4972727,8.6
2020-12-17,8.1371,8.4177,7.9501,8.2312,8479552,8.8
2020-12-18,8.2306,8.7918,8.2306,8.6053,6193985,9.2
2020-12-21,8.6983,9.4465,8.6048,9.1665,13838077,9.8
2020-12-22,9.0724,9.1659,8.8854,9.1665,9212372,9.8
2020-12-23,9.0724,9.2595,8.6048,8.9795,10337045,9.6
2020-12-24,8.9789,9.0724,8.2306,8.7924,13122063,9.4
2020-12-25,8.6983,8.9789,8.5112,8.9795,6838210,9.6
2020-12-28,8.8854,10.1012,8.7918,9.5407,14331021,10.2
2020-12-29,9.5401,9.7271,9.2595,9.4472,9118460,10.1
2020-12-30,9.6336,9.8207,9.2595,9.4472,5232070,10.1
2020-12-31,9.353,9.4465,7.9501,9.2601,6573192,9.9
2021-01-04,9.353,9.6336,9.2595,9.5407,7327963,10.2
2021-01-05,9.4465,9.4465,9.2595,9.3536,7046670,10
2021-01-06,9.4465,10.0077,8.1371,9.7278,11445066,10.4
2021-01-07,9.8207,10.1948,9.6336,10.1954,14177972,10.9
2021-01-08,10.1948,10.756,10.0077,10.6631,9549600,11.4
2021-01-11,10.4754,11.8783,10.4754,11.5985,12659475,12.4
2021-01-12,11.4107,11.7848,11.2236,11.7856,13531973,12.6
2021-01-13,11.7848,12.1589,11.5042,11.5985,10981725,12.4
2021-01-14,11.5977,11.7848,11.4107,11.692,7764465,12.5
2021-01-15,11.6913,11.9718,9.9142,11.7856,8071271,12.6
2021-01-18,11.5977,11.7848,11.3171,11.505,9417963,12.3
2021-01-19,11.4107,11.5977,9.8207,10.5696,16635014,11.3
2021-01-20,10.5689,11.1301,9.9142,11.0373,11321449,11.8
2021-01-21,11.0365,11.5042,11.0365,11.3179,6412479,12.1
2021-01-22,11.3171,11.4107,11.0365,11.1308,7802673,11.9
2021-01-25,10.943,11.0365,10.6624,10.7567,7422897,11.5
2021-01-26,10.8495,10.8495,9.9142,10.289,11771731,11
2021-01-27,10.2883,10.2883,9.353,9.5407,9153198,10.2
2021-01-28,8.3242,9.5401,8.3242,8.3247,10026116,8.9
2021-01-29,7.9501,9.353,7.2953,8.9795,9888607,9.6
2021-02-01,9.0724,9.0724,8.0436,8.4183,5935717,9
2021-02-02,8.3242,8.9789,8.3242,8.8859,5362720,9.5
2021-02-03,8.9789,9.9142,8.9789,9.9148,10952394,10.6
2021-02-04,9.9142,10.3818,9.9142,10.1954,9136085,10.9
2021-02-05,10.2883,10.4754,10.1012,10.289,6674009,11
2021-02-09,10.2883,10.6624,10.2883,10.6631,8729550,11.4
2021-02-17,10.2883,11.5977,10.2883,11.505,18919893,12.3
2021-02-18,11.7848,12.1589,11.4107,11.5985,23100408,12.4
2021-02-19,11.4107,11.5977,11.1301,11.3179,17605273,12.1
2021-02-22,11.3171,11.5042,11.1301,11.4114,10700535,12.2
2021-02-23,11.4107,11.8783,11.4107,11.692,16061241,12.5
2021-02-24,11.6913,11.6913,11.1301,11.3179,16698138,12.1
2021-02-25,11.5042,11.6913,11.3171,11.5985,10129231,12.4
2021-02-26,11.4107,11.5977,11.2236,11.505,10974313,12.3
2021-03-01,11.5042,13.0942,11.5042,13.0015,36722839,13.9
2021-03-02,12.9071,13.3748,12.7201,13.0015,18355410,13.9
2021-03-03,12.9071,13.3748,12.7201,13.0951,11209504,14
2021-03-04,13.0942,14.5907,13.0942,14.4981,36627073,15.5
2021-03-05,14.6842,15.2454,14.4036,15.0593,21472009,16.1
2021-03-09,15.3389,15.3389,14.4036,14.5916,27603028,15.6
2021-03-10,14.9648,15.1519,14.4036,15.0593,14478519,16.1
2021-03-11,15.1519,15.713,15.0583,15.7141,11431367,16.8
2021-03-12,15.713,15.9936,15.3389,15.4335,10640691,16.5
2021-03-15,15.6195,15.6195,15.0583,15.3399,9718374,16.4
2021-03-16,15.1519,15.2454,14.6842,14.9658,13177348,16
2021-03-17,14.9648,15.526,12.7201,15.4335,11290073,16.5
2021-03-18,15.3389,15.526,15.0583,15.3399,8308217,16.4
2021-03-19,15.2454,15.8066,13.0007,15.6205,23500478,16.7
2021-03-22,15.713,16.2742,15.6195,15.7141,13731597,16.8
2021-03-23,15.713,15.8066,15.2454,15.6205,9933405,16.7
2021-03-24,15.3389,15.4325,14.7777,15.3399,19977235,16.4
2021-03-25,15.4325,15.526,15.0583,15.3399,9565052,16.4
2021-03-26,15.2454,15.3389,14.5907,15.2464,16013626,16.3
2021-03-29,15.526,16.0872,15.3389,15.527,13492479,16.6
2021-03-30,15.526,15.713,15.2454,15.4335,9998441,16.5
2021-03-31,15.4325,16.5548,15.1519,16.5559,34894731,17.7
2021-04-01,16.5548,16.9289,16.1807,16.8365,16827977,18
2021-04-02,16.8354,17.116,16.5548,16.6494,9083120,17.8
2021-04-05,16.7419,19.1737,16.3678,16.8365,18835225,18
2021-04-06,16.6483,17.116,16.4613,17.0236,17500602,18.2
2021-04-07,17.116,17.2095,16.8354,16.9301,8862516,18.1
2021-04-08,17.0225,17.0225,16.4613,16.6494,18329217,17.8
2021-04-12,16.5548,16.7419,16.2742,16.3688,13360095,17.5
2021-04-13,16.4613,16.4613,14.4972,15.6205,26002911,16.7
2021-04-14,15.713,18.2384,15.3389,15.9947,10298424,17.1
2021-04-15,16.2742,16.5548,15.713,15.7141,10151929,16.8
2021-04-16,15.713,15.9001,15.0583,15.6205,13482380,16.7
2021-04-19,15.2454,15.713,13.1877,15.2464,8130447,16.3
2021-04-20,15.4325,15.713,12.9071,15.4335,8723713,16.5
2021-04-22,15.4325,15.4325,13.936,13.9369,17696796,14.9
2021-04-23,13.936,16.7419,13.7489,14.4046,10953456,15.4
2021-04-26,14.4972,14.6842,13.7489,13.9369,7200762,14.9
2021-04-27,14.0295,16.1807,12.9071,13.0951,11163774,14
2021-04-28,13.4683,13.6554,12.9071,13.3757,7262971,14.3
2021-04-29,13.4683,14.2166,11.4107,13.7498,9375715,14.7
2021-05-04,13.6554,13.6554,13.1877,13.3757,6982006,14.3
2021-05-05,13.4683,15.3389,11.4107,14.9658,19535101,16
2021-05-06,14.6842,15.1519,14.3101,14.4046,10341147,15.4
2021-05-07,14.3101,16.8354,13.7489,13.9369,12270722,14.9
2021-05-11,14.2166,14.8713,14.123,14.4046,10832496,15.4
2021-05-12,14.4972,15.0583,14.4036,14.8723,16830519,15.9
2021-05-13,14.9648,15.2454,12.7201,14.5916,12815711,15.6
2021-05-14,14.4972,14.6842,14.3101,14.4981,10333479,15.5
2021-05-17,14.5907,14.9648,12.346,14.311,10037598,15.3
2021-05-18,14.3101,16.7419,13.6554,14.4981,13695968,15.5
2021-05-19,14.4036,14.4972,13.936,14.124,7008893,15.1
2021-05-20,14.0295,16.1807,13.5619,13.6563,13157000,14.6
2021-05-21,13.6554,14.4036,11.6913,14.0304,18819897,15
2021-05-24,14.0295,14.4972,14.0295,14.4046,8519629,15.4
2021-05-25,14.4972,14.9648,12.2524,14.6852,15444891,15.7
2021-05-26,14.7777,16.9289,14.2166,14.4981,11107893,15.5
2021-05-27,14.4036,14.5907,13.8424,14.124,10566261,15.1
2021-05-28,14.123,16.1807,14.123,14.6852,21871299,15.7
2021-05-31,14.6842,16.2742,12.4395,16.0882,35549063,17.2
2021-06-01,16.1807,16.7419,16.0872,16.4624,20891459,17.6
2021-06-02,16.2742,17.2095,14.0295,17.1171,27536059,18.3
2021-06-03,17.3031,19.4542,14.4036,17.1171,25587696,18.3
2021-06-04,17.116,19.6413,16.8354,19.0814,41879253,20.4
2021-06-07,19.0801,19.8284,15.3389,18.9878,25999830,20.3
2021-06-08,18.6125,21.9796,16.5548,17.2107,35669577,18.4
2021-06-09,17.2095,18.5189,15.2454,18.0525,30048456,19.3
2021-06-10,18.0513,18.0513,17.0225,17.2107,14815488,18.4
2021-06-11,17.3031,18.3319,14.8713,18.0525,20012447,19.3
2021-06-14,18.0513,19.3607,18.0513,18.9878,27610276,20.3
2021-06-15,18.8931,21.699,18.6125,18.7072,20854554,20
2021-06-16,19.1737,20.3895,16.8354,19.6426,31312487,21
2021-06-17,19.6413,22.7278,18.706,19.9232,21339344,21.3
2021-06-18,19.9219,19.9219,18.706,19.6426,17241045,21
2021-06-22,20.2025,20.7637,17.0225,20.1103,18246648,21.5
2021-06-23,20.296,20.3895,19.4542,19.7361,22867429,21.1
2021-06-24,19.9219,20.109,19.4542,19.5491,12252536,20.9
2021-06-25,19.5478,22.6343,19.3607,20.0167,13379643,21.4
2021-06-28,20.0154,22.6343,20.0154,20.2038,13999174,21.6
2021-06-29,20.2025,20.2025,19.0801,19.9232,18230381,21.3
2021-06-30,19.8284,20.2025,16.9289,19.6426,13852403,21
2021-07-01,19.6413,19.8284,18.706,19.4555,29389541,20.8
2021-07-02,19.6413,20.109,19.3607,19.5491,12621285,20.9
2021-07-05,19.5478,19.6413,18.5189,18.8008,19732053,20.1
2021-07-06,18.9866,19.3607,16.0872,17.6783,20809112,18.9
2021-07-07,17.6772,17.8642,16.9289,17.5848,20331111,18.8
2021-07-08,17.3031,17.6772,16.9289,17.1171,10051596,18.3
2021-07-09,17.116,17.116,15.9001,16.1818,18088810,17.3
2021-07-12,16.3678,16.5548,14.9648,15.8076,21145739,16.9
2021-07-13,15.8066,16.7419,15.4325,16.743,13615318,17.9
2021-07-14,16.7419,16.8354,15.9936,16.4624,11179164,17.6
2021-07-15,16.1807,16.8354,15.9936,16.5559,10283528,17.7
2021-07-16,16.6483,17.116,16.3678,16.743,10717531,17.9
2021-07-19,16.5548,16.5548,15.2454,15.6205,16535434,16.7
2021-07-20,14.9648,15.8066,14.9648,15.8076,11655788,16.9
2021-07-21,15.8066,15.9936,13.0942,15.7141,5267105,16.8
2021-07-22,15.713,16.6483,15.713,16.5559,10271706,17.7
2021-07-23,16.5548,16.7419,16.0872,16.0882,12139615,17.2
2021-07-26,16.0872,16.5548,15.9001,16.4624,8130000,17.6
2021-07-27,16.4613,17.6772,16.4613,17.4913,24537541,18.7
2021-07-28,17.7707,19.8284,17.3966,17.5848,11910658,18.8
2021-07-29,17.6772,18.0513,17.3966,18.0525,10699542,19.3
2021-07-30,18.1448,18.1448,17.6772,17.8654,9712219,19.1
2021-08-02,17.8642,18.4254,15.2454,17.9589,14553102,19.2
2021-08-03,17.7707,18.0513,17.3031,17.8654,17418412,19.1
2021-08-04,17.6772,18.5189,17.5836,18.2396,15037483,19.5
2021-08-05,17.7707,20.8572,17.7707,18.3331,9374230,19.6
2021-08-06,18.2384,20.6701,18.1448,18.146,12925701,19.4
2021-08-09,17.7707,21.1378,17.7707,18.146,17338831,19.4
2021-08-10,18.0513,19.3607,15.4325,19.1749,28071718,20.5
2021-08-11,19.1737,19.4542,18.7995,18.8008,11301385,20.1
2021-08-12,18.706,18.9866,18.3319,18.4266,16626055,19.7
2021-08-13,18.3319,18.3319,17.2095,17.9589,39601261,19.2
2021-08-16,17.8642,18.2384,15.0583,17.9589,10665853,19.2
2021-08-17,17.9578,18.5189,17.7707,18.3331,10468555,19.6
2021-08-18,18.1448,18.3319,17.9578,18.146,8368086,19.4
2021-08-19,18.0513,18.1448,15.4325,17.8654,10601406,19.1
2021-08-20,17.7707,20.4831,15.9001,16.6494,27067626,17.8
2021-08-23,16.6483,16.7419,15.9001,15.9947,15015063,17.1
2021-08-24,15.9936,16.6483,15.9001,16.4624,8758086,17.6
2021-08-25,16.4613,16.6483,13.936,16.5559,5853058,17.7
2021-08-26,16.6483,16.6483,16.1807,16.2753,6927883,17.4
2021-08-27,16.2742,16.5548,15.9001,16.4624,7816506,17.6
2021-08-30,16.5548,17.116,16.5548,17.0236,6699618,18.2
2021-08-31,17.0225,17.3966,16.9289,17.2107,8335460,18.4
2021-09-01,17.116,17.2095,16.9289,17.1171,6096796,18.3
2021-09-06,17.116,17.5836,16.8354,17.3977,9650508,18.6
2021-09-07,17.3031,17.4901,16.8354,16.9301,7184403,18.1
2021-09-08,16.9289,17.0225,16.4613,16.5559,7988557,17.7
2021-09-09,16.5548,17.0225,16.5548,16.9301,5800881,18.1
2021-09-10,16.8354,17.0225,16.6483,16.8365,4723472,18
2021-09-13,16.8354,17.4901,16.8354,17.3042,13941303,18.5
2021-09-14,17.3031,19.7348,17.0225,17.1171,6577862,18.3
2021-09-15,17.2095,18.1448,16.9289,17.9589,18402917,19.2
2021-09-16,18.1448,18.4254,17.6772,17.8654,7106081,19.1
2021-09-17,17.8642,17.9578,17.6772,17.7719,7943070,19
2021-09-20,17.7707,17.8642,17.0225,17.0236,16795406,18.2
2021-09-21,17.3966,17.3966,16.4613,17.2107,11183758,18.4
2021-09-22,17.2095,17.6772,16.9289,17.3977,7888089,18.6
2021-09-23,17.4901,17.7707,17.2095,17.3977,7707477,18.6
2021-09-24,17.4901,17.8642,17.2095,17.4913,9218955,18.7
2021-09-27,17.5836,18.0513,17.3031,17.3042,14108411,18.5
2021-09-28,17.3031,18.8931,17.3031,18.6137,29683589,19.9
2021-09-29,18.6125,18.706,18.0513,18.3331,10819712,19.6
2021-09-30,18.3319,18.8931,18.1448,18.5202,13542662,19.8
2021-10-01,18.5189,19.0801,18.2384,18.8943,22388541,20.2
2021-10-04,19.1737,20.0154,18.8931,19.2685,23412828,20.6
2021-10-05,19.5478,20.109,19.3607,19.8297,16261165,21.2
2021-10-06,20.0154,20.2025,19.5478,19.8297,12575099,21.2
2021-10-07,19.7348,19.8284,19.0801,19.1749,19131902,20.5
2021-10-08,19.1737,19.8284,19.1737,19.8297,14093966,21.2
2021-10-11,19.9219,20.6701,19.8284,20.3909,14634501,21.8
2021-10-12,20.3895,21.4184,20.2025,21.2327,24717540,22.7
2021-10-13,21.2313,21.3248,20.8572,21.1392,11763578,22.6
2021-10-14,20.9507,21.5119,20.9507,21.2327,8389204,22.7
2021-10-15,21.2313,21.699,18.9866,21.5133,13717981,23
2021-10-18,21.9796,22.7278,21.699,22.2616,18069908,23.8
2021-10-19,22.1666,22.2601,21.7925,22.1681,10399172,23.7
2021-10-20,22.1666,22.5407,21.5119,21.981,14555412,23.5
2021-10-21,21.9796,25.2531,18.706,21.8875,12021447,23.4
2021-10-22,21.9796,21.9796,21.3248,21.6069,16947152,23.1
2021-10-25,21.886,22.2601,21.6054,21.7004,10004419,23.2
2021-10-26,21.7925,21.9796,21.4184,21.8875,8602385,23.4
2021-10-27,21.9796,23.289,18.5189,23.1034,19570530,24.7
2021-10-28,22.9149,23.0084,22.5407,22.8228,11806425,24.4
2021-10-29,22.7278,23.289,22.7278,23.197,12287174,24.8
2021-11-01,23.1019,23.8502,19.9219,22.9164,13342748,24.5
2021-11-02,23.1954,23.7566,22.7278,23.5711,12792299,25.2
2021-11-03,23.5696,23.6631,22.5407,22.6358,12645998,24.2
2021-11-04,21.9796,22.4472,21.9796,22.2616,14303305,23.8
2021-11-05,22.4472,22.8213,22.0731,22.6358,11859403,24.2
2021-11-08,22.8213,23.1019,19.1737,22.8228,7259687,24.4
2021-11-09,23.0084,23.0084,22.4472,22.8228,11837045,24.4
2021-11-10,22.8213,24.1307,22.8213,23.8517,20418743,25.5
2021-11-11,24.3178,24.3178,23.0084,23.197,11516424,24.8
2021-11-12,23.3825,23.3825,22.7278,23.1034,11570645,24.7
2021-11-15,23.0084,23.1019,22.2601,22.5422,20732575,24.1
2021-11-16,22.4472,22.9149,22.4472,22.6358,8257019,24.2
2021-11-17,22.6343,23.1019,22.2601,22.8228,11797981,24.4
2021-11-18,22.6343,22.6343,21.5119,21.6069,23382129,23.1
2021-11-19,21.6054,21.6054,19.7348,20.2974,32114596,21.7
2021-11-22,20.2025,20.2025,18.9866,19.1749,14184531,20.5
2021-11-23,19.1737,20.4831,18.9866,20.2974,7448151,21.7
2021-11-24,20.4831,20.9507,20.109,20.3909,8989900,21.8
2021-11-25,20.2025,20.8572,20.2025,20.578,7804548,22
2021-11-26,20.5766,20.5766,19.5478,19.7361,13384322,21.1
2021-11-29,19.1737,19.4542,18.3319,19.362,14099619,20.7
2021-11-30,19.4542,20.296,18.706,19.6426,10673525,21
2021-12-01,19.4542,20.109,18.9866,20.0167,6928991,21.4
2021-12-02,19.7348,20.3895,19.4542,20.0167,7571681,21.4
2021-12-03,20.0154,20.296,17.0225,19.4555,7298382,20.8
2021-12-06,19.4542,19.7348,18.7995,19.0814,8292891,20.4
2021-12-07,19.1737,20.3895,19.1737,20.2974,11965822,21.7
2021-12-08,20.3895,20.8572,20.109,20.2038,6158752,21.6
2021-12-09,20.3895,20.9507,20.0154,20.6715,8099215,22.1
2021-12-10,20.6701,23.476,20.109,20.2038,6575286,21.6
2021-12-13,20.5766,20.7637,20.2025,20.6715,6240053,22.1
2021-12-14,20.5766,20.5766,20.109,20.2974,6366946,21.7
2021-12-15,20.296,20.3895,17.3966,19.9232,7168913,21.3
2021-12-16,20.109,20.6701,20.0154,20.6715,6887596,22.1
2021-12-17,20.6701,21.3248,17.3031,21.0456,11633726,22.5
2021-12-20,20.9507,20.9507,20.2025,20.2974,7906131,21.7
2021-12-21,20.3895,20.7637,20.109,20.4844,5682188,21.9
2021-12-23,20.5766,21.886,20.296,21.4198,21646897,22.9
2021-12-24,21.5119,21.886,21.2313,21.5133,7182675,23
2021-12-27,21.5119,22.3537,18.3319,21.7939,8006343,23.3
2021-12-28,22.0731,22.3537,21.699,21.7939,11826444,23.3
2021-12-29,22.0731,22.2601,21.6054,21.7939,7580450,23.3
2021-12-30,21.9796,22.2601,21.699,21.7939,6304874,23.3
2021-12-31,21.9796,22.0731,21.3248,21.6069,7985296,23.1
2022-01-04,21.6054,22.5407,21.5119,22.4487,15555915,24
2022-01-05,22.5407,22.9149,22.1666,22.3551,9969719,23.9
2022-01-06,22.3537,22.8213,21.9796,22.5422,12958863,24.1
2022-01-07,22.8213,23.1019,22.5407,22.7293,10553724,24.3
2022-01-10,22.8213,22.8213,21.5119,21.7004,14213978,23.2
2022-01-11,21.7925,21.9796,21.3248,21.5133,7801512,23
2022-01-12,21.699,22.7278,21.6054,22.2616,11893696,23.8
2022-01-13,22.2601,22.8213,21.5119,21.8875,9549314,23.4
2022-01-14,21.886,22.0731,21.4184,21.7004,6121286,23.2
2022-01-18,21.9796,22.3537,21.4184,21.981,9612727,23.5
2022-01-19,22.1666,22.7278,21.886,21.8875,6714611,23.4
2022-01-20,22.1666,22.2601,21.699,22.2616,5311338,23.8
2022-01-21,22.1666,23.7566,21.9796,23.384,31997188,25
2022-01-24,22.9149,23.6631,22.7278,23.0099,11111253,24.6
2022-01-25,23.0084,23.5696,22.4472,23.384,10520211,25
2022-01-26,23.3825,24.1307,23.3825,23.7582,11673463,25.4
2022-01-27,24.0372,24.5049,23.5696,23.8517,9223629,25.5
2022-01-28,23.8502,24.2243,22.5407,22.9164,19954490,24.5
2022-02-07,23.5696,25.5337,23.5696,25.2548,18637487,27
2022-02-08,25.2531,25.3466,24.6919,24.7871,8356156,26.5
2022-02-09,24.9725,25.2531,24.4113,24.6936,10015356,26.4
2022-02-10,24.7855,25.6272,24.5984,25.5354,14873272,27.3
2022-02-11,25.5337,26.2819,25.3466,25.4418,16051404,27.2
2022-02-14,25.7208,26.469,25.6272,25.7225,16643209,27.5
2022-02-15,25.7208,25.9078,24.879,25.0677,16439501,26.8
2022-02-16,24.7855,24.879,24.1307,24.6936,19905304,26.4
2022-02-17,24.6919,24.879,24.3178,24.6936,6490954,26.4
2022-02-18,24.6919,24.7855,24.2243,24.6936,7395764,26.4
2022-02-21,25.4402,26.469,24.3178,24.6,9780847,26.3
2022-02-22,24.9725,25.2531,24.6919,25.0677,12285818,26.8
2022-02-23,25.066,26.6561,24.879,26.0966,23699031,27.9
2022-02-24,26.0949,27.4978,25.6272,26.6578,24652888,28.5
2022-02-25,27.0302,27.0302,25.6272,25.7225,14183226,27.5
2022-02-28,26.0013,26.469,25.7208,26.1901,13517462,28
2022-03-01,26.469,26.469,25.7208,26.0966,11802280,27.9
2022-03-02,26.469,27.4978,26.469,26.7514,14740807,28.6
2022-03-03,26.7496,27.2172,26.0949,26.5643,15277424,28.4
2022-03-04,26.3755,26.6561,25.9078,26.0031,10994091,27.8
2022-03-07,27.0302,27.9655,26.5625,27.5932,23418671,29.5
2022-03-08,27.5914,27.5914,26.3755,26.5643,13649299,28.4
2022-03-09,26.8431,27.6849,26.469,27.219,14684551,29.1
2022-03-10,27.1237,27.1237,24.879,26.6578,14676011,28.5
2022-03-11,26.8431,27.5914,25.5337,25.816,14702994,27.6
2022-03-14,25.8143,26.0013,24.0372,24.1323,23003507,25.8
2022-03-15,24.1307,24.2243,23.289,24.0388,12126250,25.7
2022-03-16,23.9437,24.2243,23.6631,24.2259,5338174,25.9
2022-03-17,24.2243,24.3178,23.6631,24.0388,5255199,25.7
2022-03-18,24.1307,24.879,24.0372,24.6936,7200257,26.4
2022-03-21,24.6919,25.066,24.5049,25.0677,7017278,26.8
2022-03-22,25.066,25.6272,25.066,25.2548,6219098,27
2022-03-23,25.3466,25.4402,24.879,25.0677,6804355,26.8
2022-03-24,25.2531,25.6272,25.1596,25.2548,4240449,27
2022-03-25,25.2531,25.2531,24.879,24.9742,4411074,26.7
2022-03-28,24.9725,25.2531,24.6919,25.2548,7069187,27
2022-03-29,24.879,25.4402,24.7855,25.2548,6306835,27
2022-03-30,25.1596,25.3466,24.5984,24.8806,7108343,26.6
2022-03-31,24.879,24.9725,24.3178,24.4129,4698248,26.1
2022-04-01,24.4113,24.5984,23.9437,24.3194,5757805,26
2022-04-04,24.3178,24.879,24.3178,24.5065,4510225,26.2
2022-04-05,24.6919,25.3466,24.6919,25.0677,7338788,26.8
2022-04-06,25.066,25.066,24.6919,25.0677,3565178,26.8
2022-04-07,25.066,25.5337,24.5984,25.2548,8190025,27
2022-04-08,25.1596,25.2531,24.5984,24.6936,5900162,26.4
2022-04-12,24.6919,24.879,23.3825,23.5711,7464474,25.2
2022-04-13,24.0372,24.1307,23.3825,24.0388,3972320,25.7
2022-04-14,24.2243,24.4113,23.8502,24.1323,2529434,25.8
2022-04-18,24.1307,24.5049,23.5696,23.6647,5389592,25.3
2022-04-19,23.6631,24.2243,23.3825,23.7582,4969974,25.4
2022-04-20,23.8502,23.8502,21.4184,21.8875,11863335,23.4
2022-04-21,22.3537,22.4472,19.7348,20.6715,9745407,22.1
2022-04-22,20.9507,21.699,19.4542,20.8586,8565246,22.3
2022-04-25,20.8572,21.0443,18.3319,18.5202,7869877,19.8
2022-04-26,19.5478,21.0443,17.5836,19.9232,9214279,21.3
2022-04-27,20.0154,20.2025,19.4542,20.1103,4181253,21.5
2022-04-28,20.109,20.4831,19.8284,20.1103,3566469,21.5
2022-04-29,19.9219,20.3895,19.8284,20.2974,4042060,21.7
2022-05-04,20.296,20.6701,20.109,20.4844,4912114,21.9
2022-05-05,20.6701,21.2313,20.109,20.4844,7161820,21.9
2022-05-06,20.5766,20.5766,19.8284,20.1103,4438616,21.5
2022-05-09,20.2025,20.2025,18.5189,18.8943,7239787,20.2
2022-05-10,17.2095,19.3607,16.3678,19.2685,5692344,20.6
2022-05-11,19.2672,19.5478,18.9866,19.1749,1610829,20.5
2022-05-12,19.1737,19.5478,17.7707,17.9589,4564794,19.2
2022-05-13,17.9578,18.5189,16.9289,17.3042,8617145,18.5
2022-05-16,17.4901,18.9866,17.3031,18.0525,4069557,19.3
2022-05-17,18.4254,20.0154,18.2384,19.8297,9360578,21.2
2022-05-18,19.8284,20.6701,19.7348,20.2974,7879794,21.7
2022-05-19,20.0154,21.7925,19.3607,21.3263,12397331,22.8
2022-05-20,21.3248,22.4472,21.1378,21.8875,9878740,23.4
2022-05-23,21.886,23.0084,21.5119,22.5422,10449420,24.1
2022-05-24,22.4472,22.5407,21.2313,22.3551,14089708,23.9
2022-05-25,21.9796,23.3825,21.9796,23.2905,10362778,24.9
2022-05-26,23.0084,23.3825,21.9796,22.2616,8260109,23.8
2022-05-27,22.2601,22.9149,21.9796,22.3551,7950331,23.9
2022-05-30,22.6343,23.8502,22.3537,23.197,11408340,24.8
2022-05-31,23.3825,25.4402,23.1954,24.8806,22264665,26.6
2022-06-01,24.7855,26.0013,24.2243,25.816,15606701,27.6
2022-06-02,25.8143,26.7496,25.2531,25.3483,18682169,27.1
2022-06-03,25.2531,26.3755,25.2531,25.9095,16941925,27.7
2022-06-06,25.7208,29.3684,25.7208,28.435,38289606,30.4
2022-06-07,28.5267,29.8361,27.3108,29.651,27578188,31.7
2022-06-08,29.5555,30.3973,28.7137,29.1833,13750322,31.2
2022-06-09,29.7425,30.5843,29.3684,30.1187,18251770,32.2
2022-06-10,30.1167,30.3973,27.9655,28.3415,32660153,30.3
2022-06-13,27.8719,28.7137,26.6561,27.1255,28099083,29
2022-06-14,26.9366,29.9296,26.9366,29.838,22793218,31.9
2022-06-15,29.8361,29.9296,28.5267,29.2768,22517546,31.3
2022-06-16,29.1814,31.3326,28.8072,30.1187,26579176,32.2
2022-06-17,29.7425,30.7714,29.0878,30.5863,19990534,32.7
2022-06-20,29.0878,29.5555,27.5914,28.3415,26730425,30.3
2022-06-21,28.4331,29.0878,25.2531,26.1901,23858603,28
2022-06-22,26.1884,26.6561,23.7566,23.9453,27406951,25.6
2022-06-23,23.8502,26.7496,23.5696,26.0966,15227199,27.9
2022-06-24,26.1884,26.7496,25.8143,26.1901,8622468,28
2022-06-27,26.1884,27.5914,26.1884,26.8449,12241578,28.7
2022-06-28,27.1237,28.4331,26.9366,27.8738,12310925,29.8
2022-06-29,27.8719,28.059,26.3755,26.8449,12028640,28.7
2022-06-30,26.8431,27.4043,26.1884,26.6578,8087617,28.5
2022-07-01,26.1884,26.2819,24.4113,25.7225,19215136,27.5
2022-07-04,25.7208,26.469,25.3466,25.5354,6517679,27.3
2022-07-05,25.7208,26.5625,24.2243,24.3194,15094081,26
2022-07-06,23.6631,23.8502,21.3248,21.4198,33948902,22.9
2022-07-07,20.5766,21.5119,20.2025,21.0456,11635020,22.5
2022-07-08,21.0443,22.4472,21.0443,21.981,6530077,23.5
2022-07-11,21.9796,21.9796,20.6701,21.0456,9413543,22.5
2022-07-12,20.9507,22.1666,20.4831,21.981,9765647,23.5
2022-07-13,21.5119,21.5119,20.109,21.1392,8486209,22.6
2022-07-14,21.0443,21.886,20.8572,21.6069,8124279,23.1
2022-07-15,21.5119,21.7925,21.1378,21.3263,8021489,22.8
2022-07-18,21.5119,22.2601,21.3248,22.0745,8098823,23.6
2022-07-19,22.1666,23.1019,22.0731,22.5422,12555923,24.1
2022-07-20,22.9149,23.289,22.4472,23.1034,12718104,24.7
2022-07-21,22.9149,23.476,22.4472,23.197,12333975,24.8
2022-07-22,23.1954,24.0372,23.0084,23.384,14887630,25
2022-07-25,23.3825,23.3825,22.2601,22.5422,10001523,24.1
2022-07-26,22.5407,23.7566,22.5407,22.7293,16867415,24.3
2022-07-27,22.8213,22.9149,22.4472,22.9164,3757517,24.5
2022-07-28,23.289,23.6631,23.1019,23.197,9982820,24.8
2022-07-29,23.1954,23.3825,22.7278,22.9164,10215360,24.5
2022-08-01,23.1019,23.1954,22.1666,22.8228,14744269,24.4
2022-08-02,22.5407,23.1019,22.1666,23.0099,9445952,24.6
2022-08-03,22.9149,23.289,22.4472,23.1034,7028623,24.7
2022-08-04,22.9149,23.1954,22.6343,22.7293,9985590,24.3
2022-08-05,22.6343,23.476,22.0731,22.9164,14661686,24.5
2022-08-08,22.7278,23.5696,22.7278,23.384,9678704,25
2022-08-09,23.3825,23.8502,23.1954,23.2905,6056516,24.9
2022-08-10,23.3825,23.7566,23.1954,23.384,9519207,25
2022-08-11,23.476,24.2243,23.3825,23.6647,14999019,25.3
2022-08-12,23.8502,24.0372,23.5696,23.9453,6793946,25.6
2022-08-15,23.9437,24.1307,23.6631,23.8517,6840642,25.5
2022-08-16,23.7566,23.8502,23.0084,23.2905,12500102,24.9
2022-08-17,23.1019,23.289,22.5407,22.6358,13207924,24.2
2022-08-18,22.7278,23.1019,22.5407,22.7293,5713422,24.3
2022-08-19,22.9149,23.5696,22.7278,23.1034,7566464,24.7
2022-08-22,23.0084,23.1954,22.5407,22.6358,5984482,24.2
2022-08-23,22.6343,23.6631,22.6343,23.6647,16435746,25.3
2022-08-24,23.6631,24.4113,23.6631,24.3194,15986388,26
2022-08-25,24.3178,24.7855,24.1307,24.3194,7617643,26
2022-08-26,24.3178,24.3178,23.7566,23.9453,9986702,25.6
2022-08-29,23.7566,24.5049,23.1019,24.4129,17647816,26.1
2022-08-30,24.6919,24.9725,24.1307,24.4129,9483250,26.1
2022-08-31,24.2243,24.2243,23.7566,24.0388,9186598,25.7
2022-09-05,24.0372,24.1307,23.5696,24.1323,6875979,25.8
2022-09-06,24.1307,24.4113,23.7566,23.8517,4880053,25.5
2022-09-07,23.7566,23.7566,22.1666,22.6358,19707085,24.2
2022-09-08,22.7278,22.7278,22.2601,22.3551,9956575,23.9
2022-09-09,22.2601,23.0084,22.2601,22.9164,6491739,24.5
2022-09-12,22.9149,23.289,22.6343,22.7293,5112670,24.3
2022-09-13,22.7278,22.9149,22.3537,22.7293,4334729,24.3
2022-09-14,22.5407,22.5407,21.6054,22.4487,8103692,24
2022-09-15,22.4472,22.7278,22.2601,22.6358,3100081,24.2
2022-09-16,22.4472,22.4472,21.7925,21.981,7382801,23.5
2022-09-19,21.9796,22.0731,20.7637,20.8586,9432133,22.3
2022-09-20,21.3248,21.3248,20.4831,21.1392,5780211,22.6
2022-09-21,21.1378,21.2313,20.6701,21.2327,3538732,22.7
2022-09-22,20.8572,21.0443,20.3895,21.0456,5914568,22.5
2022-09-23,21.1378,22.1666,20.9507,21.3263,8659295,22.8
2022-09-26,21.2313,21.2313,20.109,20.4844,8055100,21.9
2022-09-27,20.4831,20.6701,20.0154,20.2038,4739600,21.6
2022-09-28,20.2025,20.296,18.7995,19.0814,8245794,20.4
2022-09-29,19.6413,20.0154,18.7995,18.9878,5254342,20.3
2022-09-30,18.9866,19.6413,17.9578,18.8008,7402652,20.1
2022-10-03,18.706,19.0801,17.6772,17.7719,5643382,19
2022-10-04,17.9578,18.7995,17.8642,18.0525,6899963,19.3
2022-10-05,18.5189,18.9866,18.3319,18.8008,6792875,20.1
2022-10-06,18.8931,19.5478,18.3319,18.7072,8086582,20
2022-10-07,18.706,18.8931,17.3966,18.0525,7882071,19.3
2022-10-10,18.0513,19.0801,18.0513,19.0814,6654112,20.4
2022-10-11,18.8931,19.3607,17.9578,18.0525,9806329,19.3
2022-10-12,18.3319,19.0801,18.0513,18.6137,4827517,19.9
2022-10-13,18.706,18.706,18.0513,18.4266,4904012,19.7
2022-10-14,18.4254,19.0801,18.4254,18.8008,7296472,20.1
2022-10-17,18.706,19.1737,18.2384,18.9878,6165236,20.3
2022-10-18,19.0801,19.3607,18.7995,18.8008,4797120,20.1
2022-10-19,18.706,19.8284,18.6125,19.4555,10422796,20.8
2022-10-20,19.3607,19.6413,19.0801,19.2685,3677964,20.6
2022-10-21,19.2672,19.5478,17.3966,17.7719,12778238,19
2022-10-24,17.8642,18.2384,15.713,15.9947,9827745,17.1
2022-10-25,16.2742,17.3031,15.2454,16.5559,9030326,17.7
2022-10-26,16.5548,16.9289,15.9936,16.2753,2643958,17.4
2022-10-27,16.2742,17.116,16.1807,17.1171,4761788,18.3
2022-10-28,17.2095,17.4901,16.6483,16.743,5711173,17.9
2022-10-31,16.9289,17.0225,15.9936,16.5559,4472110,17.7
2022-11-01,16.6483,16.8354,16.4613,16.6494,2924965,17.8
2022-11-02,16.8354,17.116,16.5548,16.9301,5103649,18.1
2022-11-03,16.9289,16.9289,16.5548,16.6494,2636128,17.8
2022-11-04,16.7419,16.7419,15.713,16.0882,6745782,17.2
2022-11-07,16.2742,16.4613,15.8066,15.8076,4349733,16.9
2022-11-08,15.9936,16.1807,15.6195,16.1818,4584686,17.3
2022-11-09,15.9936,16.1807,15.9001,16.1818,3334318,17.3
2022-11-10,16.0872,16.0872,13.8424,14.311,10480400,15.3
2022-11-11,14.3101,15.3389,13.8424,14.0304,5998560,15
2022-11-14,14.3101,14.4036,12.346,12.3468,11560748,13.2
2022-11-15,12.7201,12.7201,10.756,10.7567,9258035,11.5
2022-11-16,9.2595,11.9718,9.2595,11.4114,23024170,12.2
2022-11-17,11.4107,11.7848,10.943,11.7856,6349428,12.6
2022-11-18,11.8783,12.346,10.943,12.0662,14689464,12.9
2022-11-21,12.0654,12.2524,11.7848,11.9726,5534850,12.8
2022-11-22,11.8783,13.7489,11.7848,13.0015,12733120,13.9
2022-11-23,13.0942,13.2813,12.2524,12.2532,5410758,13.1
2022-11-24,12.2524,12.533,11.5042,12.2532,8427849,13.1
2022-11-25,12.2524,12.7201,12.0654,12.6274,5035542,13.5
2022-11-28,12.8136,13.2813,12.346,13.2821,7799918,14.2
2022-11-29,13.1877,13.7489,12.7201,13.5627,10540000,14.5
2022-11-30,13.7489,13.8424,13.3748,13.8434,6999569,14.8
2022-12-01,13.936,14.4972,13.3748,13.4692,12543596,14.4
2022-12-02,13.5619,14.8713,13.0942,14.6852,19334437,15.7
2022-12-05,14.6842,15.1519,14.4972,14.7787,7816993,15.8
2022-12-06,14.6842,14.6842,13.3748,13.4692,16529576,14.4
2022-12-07,13.3748,13.5619,13.0007,13.2821,10523819,14.2
2022-12-08,13.2813,13.936,13.0007,13.4692,7774271,14.4
2022-12-09,13.5619,13.5619,13.0007,13.1886,6306143,14.1
2022-12-12,13.1877,13.6554,13.0942,13.1886,8168665,14.1
2022-12-13,13.1877,13.4683,13.0007,13.3757,6206652,14.3
2022-12-14,13.3748,14.0295,13.3748,13.8434,11035536,14.8
2022-12-15,13.936,14.4036,13.7489,13.9369,8775897,14.9
2022-12-16,13.936,13.936,13.5619,13.8434,7005725,14.8
2022-12-19,13.7489,14.123,13.1877,13.2821,8664654,14.2
2022-12-20,13.2813,13.4683,12.533,12.8145,14512063,13.7
2022-12-21,13.0007,13.0007,12.0654,12.4403,9067985,13.3
2022-12-22,12.6266,12.9071,12.2524,12.6274,3592565,13.5
2022-12-23,12.346,13.1877,12.346,12.908,10296291,13.8
2022-12-26,12.9071,13.2813,12.346,12.5338,5137853,13.4
2022-12-27,12.533,12.8136,12.2524,12.8145,4789851,13.7
2022-12-28,12.6266,12.8136,12.533,12.6274,3510389,13.5
2022-12-29,12.6266,12.6266,12.346,12.4403,2825513,13.3
2022-12-30,12.533,12.6266,12.2524,12.4403,2966315,13.3
2023-01-03,12.4395,13.2813,12.4395,13.1886,9926908,14.1
2023-01-04,13.1877,13.6554,13.0007,13.3757,9389877,14.3
2023-01-05,13.3748,13.4683,13.0942,13.3757,7183146,14.3
2023-01-06,13.3748,13.936,13.2813,13.6563,14043855,14.6
2023-01-09,13.7489,13.936,13.4683,13.6563,4827107,14.6
2023-01-10,13.6554,13.7489,13.1877,13.5627,6999155,14.5
2023-01-11,13.4683,13.7489,13.4683,13.5627,4516879,14.5
2023-01-12,13.5619,14.0295,13.5619,14.0304,12392119,15
2023-01-13,14.0295,14.3101,13.7489,14.0304,7588581,15
2023-01-16,14.2166,14.2166,13.6554,13.7498,5530335,14.7
2023-01-17,13.7489,14.0295,13.7489,13.9369,6170615,14.9
2023-01-18,13.936,14.7777,13.936,14.6852,17577426,15.7
2023-01-19,14.4972,15.0583,14.4036,14.9658,10462211,16
2023-01-27,15.2454,16.3678,15.1519,15.9012,13980978,17
2023-01-30,16.0872,16.1807,15.526,15.6205,12307992,16.7
2023-01-31,15.713,15.9001,15.3389,15.8076,10485276,16.9
2023-02-01,15.9001,16.2742,14.9648,15.1529,13587176,16.2
2023-02-02,15.1519,15.3389,14.6842,15.1529,11034291,16.2
2023-02-03,15.1519,15.1519,14.7777,15.0593,4730805,16.1
2023-02-06,15.0583,15.0583,14.5907,15.0593,5413616,16.1
2023-02-07,15.0583,15.4325,14.8713,14.9658,8165351,16
2023-02-08,15.1519,15.2454,14.7777,15.0593,4949523,16.1
2023-02-09,15.0583,15.9001,14.9648,15.527,18075556,16.6
2023-02-10,15.6195,15.713,15.1519,15.2464,5214893,16.3
2023-02-13,15.2454,15.4325,14.3101,14.7787,12697914,15.8
2023-02-14,14.6842,14.9648,14.3101,14.5916,4990554,15.6
2023-02-15,14.5907,14.8713,14.3101,14.7787,4235259,15.8
2023-02-16,14.7777,15.526,14.5907,15.527,11289858,16.6
2023-02-17,15.526,15.526,15.1519,15.2464,4483057,16.3
2023-02-20,15.2454,15.9936,15.1519,15.9947,12290705,17.1
2023-02-21,16.0872,16.1807,15.713,15.8076,10979165,16.9
2023-02-22,15.713,16.5548,15.3389,15.527,21079813,16.6
2023-02-23,15.4325,15.713,15.0583,15.6205,11374243,16.7
2023-02-24,15.526,15.713,14.9648,15.1529,6973761,16.2
2023-02-27,15.2454,15.2454,14.4972,14.5916,8114013,15.6
2023-02-28,14.5907,14.9648,14.5907,14.6852,3606674,15.7
2023-03-01,14.6842,15.2454,14.4972,15.1529,5416241,16.2
2023-03-02,15.2454,15.2454,14.8713,15.0593,3000338,16.1
2023-03-03,15.0583,15.6195,15.0583,15.1529,7450861,16.2
2023-03-06,15.2454,15.526,15.0583,15.4335,4216002,16.5
2023-03-07,15.4325,15.713,15.3389,15.6205,4999401,16.7
2023-03-08,15.4325,15.713,15.2454,15.6205,7265524,16.7
2023-03-09,15.526,15.8066,15.526,15.7141,5505551,16.8
2023-03-10,15.6195,15.6195,15.2454,15.3399,6576378,16.4
2023-03-13,15.2454,15.2454,14.9648,15.0593,5719233,16.1
2023-03-14,15.0583,15.0583,14.5907,14.5916,7229110,15.6
2023-03-15,14.7777,15.2454,14.6842,15.1529,7728430,16.2
2023-03-16,14.9648,14.9648,14.4972,14.5916,8901621,15.6
2023-03-17,14.6842,14.9648,14.5907,14.7787,3637302,15.8
2023-03-20,14.6842,14.7777,13.8424,13.9369,10330032,14.9
2023-03-21,14.123,14.2166,13.5619,13.9369,6782313,14.9
2023-03-22,13.936,14.2166,13.936,14.124,3457291,15.1
2023-03-23,14.123,14.2166,13.936,14.124,2357101,15.1
2023-03-24,14.0295,14.4972,14.0295,14.2175,5637764,15.2
2023-03-27,14.3101,14.4972,14.3101,14.4981,2501247,15.5
2023-03-28,14.4972,14.7777,14.4972,14.5916,4069560,15.6
2023-03-29,14.6842,14.6842,14.3101,14.4981,3088546,15.5
2023-03-30,14.6842,14.6842,14.2166,14.311,4505291,15.3
2023-03-31,14.5907,14.5907,14.2166,14.4981,5115215,15.5
2023-04-03,14.5907,15.3389,14.5907,15.3399,14553156,16.4
2023-04-04,15.3389,15.526,15.1519,15.2464,6157721,16.3
2023-04-05,15.4325,15.713,15.1519,15.527,9130160,16.6
2023-04-06,15.2454,15.6195,15.0583,15.0593,7753897,16.1
2023-04-07,15.0583,15.2454,14.8713,15.1529,6495022,16.2
2023-04-10,15.2454,15.3389,14.9648,15.1529,5885375,16.2
2023-04-11,14.9648,15.6195,14.9648,15.527,14687835,16.6
2023-04-12,15.526,15.8066,13.1877,15.527,5846946,16.6
2023-04-13,15.526,16.1807,15.526,15.9012,18205285,17
2023-04-14,15.9001,16.1807,15.2454,15.2464,7359380,16.3
2023-04-17,15.4325,15.526,15.1519,15.3399,4866553,16.4
2023-04-18,15.2454,15.4325,15.0583,15.4335,3979152,16.5
2023-04-19,15.4325,15.4325,15.0583,15.1529,4177155,16.2
2023-04-20,15.1519,15.1519,14.8713,14.9658,6586243,16
2023-04-21,14.9648,14.9648,14.6842,14.6852,4440055,15.7
2023-04-24,14.7777,14.8713,14.4972,14.6852,3659216,15.7
2023-04-25,14.7777,14.8713,14.5907,14.7787,2843181,15.8
2023-04-26,14.5907,15.0583,14.5907,15.0593,3347095,16.1
2023-04-27,15.0583,15.4325,14.7777,14.9658,2674222,16
2023-04-28,14.8713,15.1986,14.7777,15.0593,2908254,16.1
2023-05-04,14.7777,14.8713,14.5907,14.8723,6143417,15.9
2023-05-05,14.7777,14.8713,14.6842,14.8723,3728668,15.9
2023-05-08,14.9648,15.3389,14.8713,15.3399,6196983,16.4
2023-05-09,15.2454,15.6195,15.2454,15.3399,5959853,16.4
2023-05-10,15.4325,15.4325,15.1519,15.3399,4143474,16.4
2023-05-11,15.3389,15.6195,15.2454,15.4335,6273403,16.5
2023-05-12,15.4325,15.526,15.2454,15.4335,6239646,16.5
2023-05-15,15.4325,15.713,15.3389,15.527,11895542,16.6
2023-05-16,15.526,15.8066,15.526,15.6205,6281486,16.7
2023-05-17,15.6195,15.713,15.0583,15.2464,7312687,16.3
2023-05-18,15.3389,15.3389,15.0583,15.2464,4598426,16.3
2023-05-19,15.2454,15.713,15.1519,15.527,10065315,16.6
2023-05-22,15.6195,15.8066,15.4325,15.6205,5636445,16.7
2023-05-23,15.713,15.8066,15.3389,15.6205,7105265,16.7
2023-05-24,15.6195,15.713,15.3389,15.4335,3761762,16.5
2023-05-25,15.4325,15.6195,15.2454,15.527,5497821,16.6
2023-05-26,15.526,16.2742,15.3389,16.0882,22882617,17.2
2023-05-29,16.0872,16.1807,15.9001,16.0882,6268499,17.2
2023-05-30,16.1807,16.3678,15.9936,16.2753,12352880,17.4
2023-05-31,16.2742,16.2742,15.9001,15.9012,9516048,17
2023-06-01,15.9936,15.9936,15.713,15.9012,9098106,17
2023-06-02,15.9001,16.8354,15.8066,16.0882,11357997,17.2
2023-06-05,16.1807,16.7419,16.1807,16.4624,14978859,17.6
2023-06-06,16.4613,16.5548,16.1807,16.4624,8286969,17.6
2023-06-07,16.3678,16.5548,13.8424,16.4624,8988371,17.6
2023-06-08,16.4613,16.9289,16.1807,16.1818,14021084,17.3
2023-06-09,16.2742,16.3678,15.9001,16.2753,10746434,17.4
2023-06-12,16.2742,16.2742,15.8066,16.0882,7018889,17.2
2023-06-13,15.9936,16.1807,15.8066,16.1818,6214270,17.3
2023-06-14,16.1807,16.3678,15.9936,16.0882,8347169,17.2
2023-06-15,15.9936,16.4613,15.9936,16.3688,8865306,17.5
2023-06-16,16.3678,16.5548,16.0872,16.1818,9059923,17.3
2023-06-19,16.1807,16.2742,15.9936,16.0882,4044705,17.2
2023-06-20,16.0872,16.3678,15.9936,16.3688,6641525,17.5
2023-06-21,16.2742,16.4613,16.1807,16.4624,10600401,17.6
2023-06-22,16.5548,17.0225,16.4613,16.743,15419443,17.9
2023-06-23,16.6483,16.6483,16.2742,16.3688,11713488,17.5
2023-06-26,16.1807,16.4613,16.0872,16.3688,8863650,17.5
2023-06-27,16.3678,16.6483,16.2742,16.3688,7186908,17.5
2023-06-28,16.4613,16.4613,16.1807,16.3688,6517794,17.5
2023-06-29,16.3678,16.6483,16.1807,16.2753,8948151,17.4
2023-06-30,16.2742,16.3678,16.0872,16.1818,6284874,17.3
2023-07-03,16.1807,16.3678,16.0872,16.2753,3766642,17.4
2023-07-04,16.2742,16.6483,16.1807,16.5559,10994578,17.7
2023-07-05,16.5548,16.7419,16.3678,16.4624,5435451,17.6
2023-07-06,16.5548,16.6483,16.0872,16.2753,8463278,17.4
2023-07-07,16.3678,16.3678,16.0872,16.3688,5783971,17.5
2023-07-10,16.3678,17.0225,16.3678,16.9301,20621394,18.1
2023-07-11,16.8354,17.0225,16.6483,16.8365,7639053,18
2023-07-12,16.8354,17.116,16.7419,17.0236,12301174,18.2
2023-07-13,17.0225,17.4901,17.0225,17.2107,9425325,18.4
2023-07-14,17.3031,17.3966,16.8354,17.0236,8639519,18.2
2023-07-17,17.0225,17.116,16.8354,17.1171,7130329,18.3
2023-07-18,17.116,17.2095,16.9289,17.0236,5185750,18.2
2023-07-19,16.9289,17.2095,16.6483,16.743,8500025,17.9
2023-07-20,16.7419,17.0225,16.6483,16.9301,5495687,18.1
2023-07-21,16.9289,17.0225,16.7419,17.0236,5516087,18.2
2023-07-24,16.9289,17.3031,16.9289,17.3042,8979924,18.5
2023-07-25,17.3031,17.5836,17.116,17.2107,9060909,18.4
2023-07-26,17.3031,17.3031,17.0225,17.1171,6452574,18.3
2023-07-27,17.2095,17.3031,16.9289,17.2107,7545693,18.4
2023-07-28,17.116,17.4901,17.116,17.3977,9773118,18.6
2023-07-31,17.5836,18.4254,17.3966,18.3331,21688912,19.6
2023-08-02,18.2384,19.3607,18.0513,18.9878,19082380,20.3
2023-08-03,18.7995,19.2672,18.5189,18.8008,13080902,20.1
2023-08-04,18.8931,19.1737,18.7995,19.0814,8214047,20.4
2023-08-07,19.1737,19.5478,18.9866,19.1749,6997561,20.5
2023-08-08,19.1737,19.3607,18.8931,19.0814,8123416,20.4
2023-08-09,19.1737,19.4542,18.8931,19.1749,8033863,20.5
2023-08-10,19.2672,19.7348,19.1737,19.4555,13466453,20.8
2023-08-11,19.4542,19.8284,16.5548,19.4555,11037636,20.8
2023-08-14,19.5478,19.5478,19.2672,19.4555,7127507,20.8
2023-08-15,19.5478,19.6413,18.9866,19.2685,11720568,20.6
2023-08-16,19.1737,19.2672,18.7995,18.8943,12192930,20.2
2023-08-17,18.9866,18.9866,18.7995,18.8943,8273853,20.2
2023-08-18,18.8931,18.9866,17.2095,17.5848,18082084,18.8
2023-08-21,18.0513,18.0513,17.3966,17.9589,8260499,19.2
2023-08-22,18.2604,18.2604,17.192,17.9691,7180376,18.5
2023-08-23,17.9691,18.0662,17.7748,17.7748,5442547,18.3
2023-08-24,17.7748,17.9691,17.5805,17.9691,4933378,18.5
2023-08-25,17.9691,18.2604,17.7748,18.0662,6693129,18.6
2023-08-28,17.9691,18.5518,17.8719,18.4547,7400093,19
2023-08-29,18.5518,18.8432,18.3576,18.7461,8245299,19.3
2023-08-30,18.7442,18.9384,18.5499,18.8432,5928387,19.4
2023-08-31,18.8432,19.0375,18.7461,19.0375,6862677,19.6
2023-09-05,19.1326,19.6182,19.1326,19.5231,10252234,20.1
2023-09-06,19.5211,20.1038,19.5211,20.1059,14871798,20.7
2023-09-07,20.1038,20.2981,19.9096,20.1059,8677468,20.7
2023-09-08,20.1038,20.8808,19.9096,20.1059,12897232,20.7
2023-09-11,20.7837,21.2693,20.1038,20.203,12969383,20.8
2023-09-12,20.5894,20.7837,20.1038,20.7858,10105402,21.4
2023-09-13,20.7858,21.8543,20.6887,21.5629,20258691,22.2
2023-09-14,21.5629,21.7571,20.6887,20.883,13368880,21.5
2023-09-15,21.2693,22.0462,21.075,21.4657,11404344,22.1
2023-09-18,21.852,21.852,20.8808,21.1743,8867667,21.8
2023-09-19,21.1743,21.3686,20.6887,21.2715,7289899,21.9
2023-09-20,21.1722,21.3664,20.9779,21.1743,7644676,21.8
2023-09-21,21.1722,21.5606,20.7837,20.7858,11003584,21.4
2023-09-22,20.9801,21.0772,19.9117,20.3002,14915642,20.9
2023-09-25,19.9117,21.0772,19.9117,20.5916,15506680,21.2
2023-09-26,20.6887,20.6887,19.8145,20.0088,9517371,20.6
2023-09-27,20.1059,20.9801,19.7174,20.9801,13197907,21.6
2023-09-28,20.9779,21.7549,20.9779,21.7571,15847570,22.4
2023-09-29,21.4635,21.6578,20.9779,21.1743,8851947,21.8
2023-10-02,21.0772,21.2715,20.6887,20.9801,8266587,21.6
2023-10-03,20.7858,20.7858,19.7174,20.0088,19955286,20.6
2023-10-04,19.9096,20.2981,19.5211,20.1059,8571120,20.7
2023-10-05,19.8145,19.8145,19.1346,19.3289,14262588,19.9
2023-10-06,19.426,19.426,18.7461,19.3289,9790614,19.9
2023-10-09,19.7174,20.203,19.7174,20.0088,10609155,20.6
2023-10-10,20.1038,20.4923,20.0067,20.1059,11109812,20.7
2023-10-11,20.3002,20.9801,20.1059,20.6887,10692343,21.3
2023-10-12,20.5916,20.5916,20.1059,20.3002,6985556,20.9
2023-10-13,20.203,20.7858,20.0088,20.5916,8072932,21.2
2023-10-16,20.883,21.3686,20.7858,20.883,12557985,21.5
2023-10-17,21.075,21.075,19.8125,20.203,11430537,20.8
2023-10-18,20.2981,20.4923,19.424,20.1059,11904210,20.7
2023-10-19,20.1059,20.203,19.3289,19.6203,7202756,20.2
2023-10-20,19.5211,20.201,19.424,20.1059,6492927,20.7
2023-10-23,19.9117,20.203,19.3289,19.7174,5232861,20.3
2023-10-24,19.7154,19.8125,19.1326,19.5231,6976011,20.1
2023-10-25,19.424,19.5211,18.7442,18.8432,11346260,19.4
2023-10-26,18.8413,19.0355,17.1902,17.5805,16621666,18.1
2023-10-27,17.5805,18.0662,17.3863,18.0662,6784439,18.6
2023-10-30,17.9672,18.0643,17.2874,17.2891,5293643,17.8
2023-10-31,17.2874,17.773,16.7046,16.9006,10409215,17.4
2023-11-01,16.8035,17.5805,16.7064,17.4834,7000012,18
2023-11-02,17.5787,18.2586,17.4816,18.1633,10619217,18.7
2023-11-03,18.3576,18.3576,17.8719,18.0662,6803075,18.6
2023-11-06,18.0662,18.1633,17.7748,18.0662,4933279,18.6
2023-11-07,18.0662,18.649,17.8719,18.0662,8804768,18.6
2023-11-08,17.9691,18.7461,17.7748,18.649,12956017,19.2
2023-11-09,18.7442,18.7442,18.3557,18.5518,6937834,19.1
2023-11-10,18.4528,18.5499,18.1614,18.1633,7613038,18.7
2023-11-13,18.1633,18.5518,18.0662,18.4547,6090829,19
2023-11-14,18.4547,18.8432,18.3576,18.649,6253421,19.2
2023-11-15,18.8432,19.0375,18.5518,18.7461,7031659,19.3
2023-11-16,18.7442,18.8413,18.3557,18.8432,6888382,19.4
2023-11-17,18.649,18.8432,17.9691,18.0662,12438506,18.6
2023-11-20,17.9672,18.1614,17.773,18.1633,5286620,18.7
2023-11-21,18.1633,18.649,18.1633,18.649,7579993,19.2
2023-11-22,18.7461,18.8432,18.3576,18.649,6451811,19.2
2023-11-23,18.5499,18.9384,18.1614,18.2604,13354857,18.8
2023-11-24,18.4547,18.5518,17.8719,18.4547,6833498,19
2023-11-27,18.2586,18.4528,18.0643,18.1633,3429255,18.7
2023-11-28,18.2604,18.4547,17.7748,18.0662,5132099,18.6
2023-11-29,18.1633,18.5518,18.1633,18.4547,6431397,19
2023-11-30,18.4528,18.647,18.2586,18.2604,5577909,18.8
2023-12-01,18.3576,18.4547,18.1633,18.4547,3484370,19
2023-12-04,18.3576,18.9404,18.3576,18.7461,13308264,19.3
2023-12-05,18.7461,19.1346,18.649,18.7461,11249500,19.3
2023-12-06,18.8413,18.9384,18.5499,18.8432,5510239,19.4
2023-12-07,18.7461,18.8432,18.1633,18.3576,10654678,18.9
2023-12-08,18.3576,18.4547,18.2604,18.4547,3873238,19
2023-12-11,18.3576,18.5518,18.2604,18.4547,2799385,19
2023-12-12,18.2586,18.5499,18.2586,18.5518,4330628,19.1
2023-12-13,18.5499,18.5499,18.0643,18.1633,6434069,18.7
2023-12-14,18.2586,18.3557,17.773,17.8719,5150668,18.4
2023-12-15,17.8719,18.0662,17.8719,17.9691,4157732,18.5
2023-12-18,17.9691,18.0662,17.5805,17.6777,3252146,18.2
2023-12-19,17.773,17.8701,17.5787,17.8719,3004408,18.4
2023-12-20,17.8719,18.0662,17.8719,18.0662,2453896,18.6
2023-12-21,18.0662,18.0662,17.7748,17.9691,1729780,18.5
2023-12-22,17.8719,18.0662,17.7748,17.7748,2755004,18.3
2023-12-25,17.8719,18.1633,17.8719,18.0662,3106134,18.6
2023-12-26,18.0662,18.1633,17.8719,18.0662,2394053,18.6
2023-12-27,17.9691,18.2604,17.9691,18.0662,2137432,18.6
2023-12-28,18.0662,18.0662,17.8719,17.9691,3093256,18.5
2023-12-29,17.9691,18.0662,17.8719,18.0662,3245104,18.6
2024-01-02,18.0662,18.3576,17.9691,18.0662,5239081,18.6
2024-01-03,18.0643,18.1614,17.9672,18.1633,3452937,18.7
2024-01-04,18.1614,18.4528,18.0643,18.2604,9768360,18.8
2024-01-05,18.1633,18.5518,18.1633,18.3576,4182924,18.9
2024-01-08,18.3557,18.5499,18.1614,18.2604,4131159,18.8
2024-01-09,18.3557,18.3557,17.8701,17.8719,9344971,18.4
2024-01-10,17.9672,18.0643,17.6758,17.8719,4959307,18.4
2024-01-11,17.8719,17.9691,17.6777,17.9691,4676011,18.5
2024-01-12,17.8701,18.0643,17.6758,17.8719,5929875,18.4
2024-01-15,17.8701,17.9672,17.773,17.8719,2205020,18.4
2024-01-16,17.8701,17.8701,17.6758,17.8719,2557194,18.4
2024-01-17,17.8701,17.9672,17.6758,17.8719,2949870,18.4
2024-01-18,17.8719,18.1633,17.7748,18.0662,5249597,18.6
2024-01-19,17.9672,18.2586,17.9672,18.1633,5228233,18.7
2024-01-22,18.1614,18.2586,17.9672,18.2604,4197213,18.8
2024-01-23,18.0643,18.3557,18.0643,18.2604,2502051,18.8
2024-01-24,18.2604,18.4547,18.0662,18.3576,6577760,18.9
2024-01-25,18.3557,18.4528,18.0643,18.2604,1944665,18.8
2024-01-26,18.3576,18.5518,18.2604,18.4547,6685936,19
2024-01-29,18.4528,18.647,18.3557,18.5518,3550658,19.1
2024-01-30,18.5499,18.5499,18.2586,18.5518,3446798,19.1
2024-01-31,18.4528,18.647,18.1614,18.1633,3983184,18.7
2024-02-01,18.1633,18.2604,17.9691,18.0662,4432466,18.6
2024-02-02,18.1633,18.1633,17.9691,18.0662,3056179,18.6
2024-02-05,18.0662,18.1633,17.7748,17.9691,4435152,18.5
2024-02-06,17.9691,18.0662,17.8719,18.0662,2856860,18.6
2024-02-07,18.0662,18.1633,17.8719,18.0662,3537939,18.6
2024-02-15,18.0643,18.4528,18.0643,18.2604,5430167,18.8
2024-02-16,18.3576,18.4547,18.1633,18.3576,2716343,18.9
2024-02-19,18.3576,19.426,18.3576,19.426,21849084,20
2024-02-20,19.424,19.5211,19.0355,19.1346,5248660,19.7
2024-02-21,19.2317,19.2317,18.8432,19.0375,6044434,19.6
2024-02-22,19.0355,19.424,18.9384,19.1346,6404703,19.7
2024-02-23,19.1346,19.1346,18.4547,18.7461,7896552,19.3
2024-02-26,18.7461,18.8432,18.3576,18.649,5726230,19.2
2024-02-27,18.5499,19.3269,18.5499,19.1346,10916724,19.7
2024-02-28,19.1346,19.9117,19.1346,19.6203,13628302,20.2
2024-02-29,19.6203,19.7174,19.0375,19.3289,6275188,19.9
2024-03-01,19.426,19.426,19.0375,19.426,5346991,20
2024-03-04,19.426,19.7174,19.2317,19.3289,6286609,19.9
2024-03-05,19.426,19.426,19.0375,19.3289,5003426,19.9
2024-03-06,19.1346,19.3289,18.7461,19.0375,6556126,19.6
2024-03-07,19.0355,19.2298,18.8413,19.2317,5122716,19.8
2024-03-08,19.2298,19.424,18.7442,18.8432,5835857,19.4
2024-03-11,18.8432,18.9404,18.5518,18.649,4053764,19.2
2024-03-12,18.649,18.7461,18.3576,18.3576,5846788,18.9
2024-03-13,18.4547,18.7461,18.3576,18.7461,5973135,19.3
2024-03-14,18.7442,19.0355,18.5499,18.8432,8186911,19.4
2024-03-15,18.9384,19.0355,18.5499,18.8432,5265234,19.4
2024-03-18,18.8413,18.9384,17.8701,18.2604,9552625,18.8
2024-03-19,18.3576,18.4547,18.1633,18.4547,4397243,19
2024-03-20,18.5518,18.649,18.2604,18.649,4702702,19.2
2024-03-21,18.649,18.7461,18.4547,18.649,4757134,19.2
2024-03-22,18.7461,18.7461,18.4547,18.7461,6758256,19.3
2024-03-25,18.7461,19.0375,18.4547,18.649,6291374,19.2
2024-03-26,18.647,18.8413,18.5499,18.8432,4406087,19.4
2024-03-27,18.8413,19.0355,18.647,18.8432,4566904,19.4
2024-03-28,18.8413,18.8413,18.5499,18.8432,3693745,19.4
2024-03-29,18.649,18.9404,18.4547,18.7461,4767428,19.3
2024-04-01,18.8432,18.9404,18.5518,18.7461,4873828,19.3
2024-04-02,18.7442,19.1326,18.5499,19.1346,10264049,19.7
2024-04-03,19.1326,19.6182,19.0355,19.2317,13637359,19.8
2024-04-04,19.1326,19.3269,18.8413,18.8432,8100669,19.4
2024-04-05,18.8432,19.8145,18.7461,19.3289,23948866,19.9
2024-04-08,19.3269,19.424,19.1326,19.2317,6594846,19.8
2024-04-09,19.2317,19.426,19.1346,19.3289,7991839,19.9
2024-04-10,19.3289,19.3289,18.8432,18.9404,7411512,19.5
2024-04-11,18.9384,19.1326,18.7442,19.1346,5179154,19.7
2024-04-12,19.2298,19.2298,18.8413,19.1346,4704334,19.7
2024-04-15,19.1346,19.6203,18.3576,18.3576,17183894,18.9
2024-04-16,18.2604,18.649,17.9691,18.649,6978942,19.2
2024-04-17,18.4547,18.5518,17.8719,18.0662,7504035,18.6
2024-04-19,18.0662,18.3576,17.4834,17.4834,9489848,18
2024-04-22,17.5805,17.8719,17.4834,17.6777,5164495,18.2
2024-04-23,17.6758,17.9672,17.3845,17.5805,3398734,18.1
2024-04-24,17.5787,17.8701,17.4816,17.5805,3829875,18.1
2024-04-25,17.8719,17.8719,17.3863,17.6777,4492681,18.2
2024-04-26,17.4816,17.6758,17.3845,17.5805,2648207,18.1
2024-05-02,17.4816,17.5787,17.2874,17.5805,2829453,18.1
2024-05-03,17.5805,17.7748,17.4834,17.6777,4107518,18.2
2024-05-06,17.6758,18.3557,17.6758,18.2604,9202610,18.8
2024-05-07,18.2604,18.5518,18.1633,18.3576,6108819,18.9
2024-05-08,18.4547,18.9404,18.1633,18.7461,7565014,19.3
2024-05-09,18.7442,18.8413,18.4528,18.5518,4065217,19.1
2024-05-10,18.5518,18.649,18.1633,18.4547,4968859,19
2024-05-13,18.4528,18.5499,18.1614,18.2604,3653797,18.8
2024-05-14,18.2604,18.649,18.1633,18.4547,3394746,19
2024-05-15,18.4547,18.5518,18.3576,18.4547,2929128,19
2024-05-16,18.5518,19.1346,18.4547,18.9404,11631395,19.5
2024-05-17,18.9404,19.1346,18.9404,19.0375,6803393,19.6
2024-05-20,19.1346,19.6203,19.0375,19.3289,8481325,19.9
2024-05-21,19.3289,19.426,19.0375,19.426,6688138,20
2024-05-22,19.3289,21.3686,19.3289,20.9801,28921943,21.6
2024-05-23,20.9801,22.3399,20.883,21.8543,18968021,22.5
2024-05-24,22.0485,22.7284,21.3686,21.9514,23007794,22.6
2024-05-27,21.9514,22.3399,21.4657,21.9514,8218337,22.6
2024-05-28,21.9514,22.7284,21.9514,22.6313,11742399,23.3
2024-05-29,22.7261,23.4059,22.3376,22.437,14753508,23.1
2024-05-30,22.437,22.6313,21.66,22.3399,15809593,23
2024-05-31,22.2405,22.3376,21.852,22.1456,5052769,22.8
2024-06-03,22.1434,22.7261,22.1434,22.437,7137857,23.1
2024-06-04,22.5342,23.1169,22.1456,22.6313,12937499,23.3
2024-06-05,22.6313,22.9227,22.2428,22.6313,9316033,23.3
2024-06-06,22.629,23.6002,22.5318,23.0198,14451743,23.7
2024-06-07,23.0174,23.4059,22.7261,23.0198,6486388,23.7
2024-06-10,23.1146,23.3088,22.629,22.7284,5943765,23.4
2024-06-11,22.9227,23.0198,22.2428,22.5342,10520205,23.2
2024-06-12,22.3399,22.6313,22.1456,22.5342,8481873,23.2
2024-06-13,22.7284,23.2141,22.3399,22.5342,6046291,23.2
2024-06-14,22.4347,23.0174,22.0462,22.1456,13425402,22.8
2024-06-17,22.1456,22.6313,22.0485,22.6313,8478220,23.3
2024-06-18,22.6313,23.7969,22.5342,23.6026,21646447,24.3
2024-06-19,23.6002,23.8915,23.1146,23.6997,10818857,24.4
2024-06-20,23.6997,24.1854,23.4083,23.7969,11158135,24.5
2024-06-21,23.7944,24.0858,23.0174,23.4083,13333849,24.1
2024-06-24,23.3112,23.3112,22.0485,22.3399,17718742,23
2024-06-25,22.3376,22.4347,21.6578,22.1456,11495470,22.8
2024-06-26,22.1434,22.629,21.9491,22.437,6284543,23.1
2024-06-27,22.437,22.437,21.7571,21.9514,7539351,22.6
2024-06-28,21.4635,22.0462,19.9096,21.0772,12866626,21.7
2024-07-01,21.2693,21.4635,20.8808,21.4657,7745564,22.1
2024-07-02,21.5629,22.1456,21.2715,21.5629,5526836,22.2
2024-07-03,21.5606,21.7549,21.2693,21.4657,5599434,22.1
2024-07-04,21.4635,22.3376,21.4635,22.1456,10831586,22.8
2024-07-05,22.1434,22.2405,21.852,22.1456,4600040,22.8
2024-07-08,22.3399,22.6313,21.9514,22.5342,9559458,23.2
2024-07-09,22.6313,23.3112,22.437,23.2141,15113596,23.9
2024-07-10,23.1169,23.6026,22.7284,22.9227,9975049,23.6
2024-07-11,22.9203,23.2117,22.5318,22.7284,7684307,23.4
2024-07-12,22.7284,23.3112,22.6313,23.2141,10657877,23.9
2024-07-15,23.2141,23.6997,23.1169,23.5055,10297634,24.2
2024-07-16,23.5055,23.6026,22.8256,22.9227,8649308,23.6
2024-07-17,22.9227,23.0198,21.1743,21.9514,17212272,22.6
2024-07-18,22.2428,22.5342,21.7571,22.3399,8289224,23
2024-07-19,22.4347,22.629,21.852,22.0485,6817435,22.7
2024-07-22,22.0485,22.2428,21.3686,21.5629,8676843,22.2
2024-07-23,21.66,21.7571,20.5916,20.6887,12590333,21.3
2024-07-24,20.3973,21.0772,20.203,20.883,7433488,21.5
2024-07-25,20.6866,21.4635,20.5894,21.0772,5265019,21.7
2024-07-26,20.883,21.4657,20.883,21.3686,4205350,22
2024-07-29,21.5629,21.66,21.1743,21.3686,3353199,22
2024-07-30,20.7858,21.3686,19.9117,20.9801,5910766,21.6
2024-07-31,21.2693,22.5318,20.8808,22.1456,16418439,22.8
2024-08-01,22.3376,22.629,21.4635,21.7571,8712671,22.4
2024-08-02,21.7549,21.852,21.075,21.7571,9197285,22.4
2024-08-05,21.3664,22.1434,20.8808,21.0772,11918393,21.7
2024-08-06,21.0772,21.66,21.0772,21.5629,5425892,22.2
2024-08-07,21.5606,22.2405,21.3664,22.0485,10934356,22.7
2024-08-08,22.0485,22.6313,21.8543,22.2428,12465813,22.9
2024-08-09,22.2428,22.5342,21.9514,22.5342,7842998,23.2
2024-08-12,22.5342,23.1169,22.437,22.5342,7649366,23.2
2024-08-13,22.9227,23.4083,22.5342,22.8256,13731966,23.5
2024-08-14,22.9203,22.9203,22.2405,22.437,9091307,23.1
2024-08-15,22.3399,22.5342,22.1456,22.2428,5421651,22.9
2024-08-16,22.2405,23.6002,22.2405,23.4083,19056027,24.1
2024-08-19,23.3088,24.0858,23.3088,23.4083,9765823,24.1
2024-08-20,23.4059,23.6002,23.1146,23.4083,11817786,24.1
2024-08-21,23.6026,24.0882,23.3112,23.6026,14968212,24.3
2024-08-22,23.6026,23.894,23.3112,23.6026,5828313,24.3
2024-08-23,23.5055,23.6026,23.1169,23.3112,7064781,24
2024-08-26,23.3112,23.6997,23.1169,23.2141,7876483,23.9
2024-08-27,23.3112,23.6026,23.1169,23.6026,7654805,24.3
2024-08-28,23.6002,23.7944,23.3088,23.4083,5745850,24.1
2024-08-29,23.4083,23.5055,23.1169,23.2141,3465005,23.9
2024-08-30,23.2141,23.4083,23.1169,23.2141,4111638,23.9
2024-09-04,23.0198,23.2141,22.6313,22.6313,8180865,23.3
2024-09-05,22.7261,22.9203,22.1434,22.437,7489946,23.1
2024-09-06,22.4347,22.629,22.0462,22.437,5171330,23.1
2024-09-09,22.4347,22.8232,22.2405,22.7284,6413352,23.4
2024-09-10,22.8256,22.9227,22.3399,22.6313,5457714,23.3
2024-09-11,22.5342,22.6313,22.2428,22.6313,4870496,23.3
2024-09-12,22.629,22.7261,22.5318,22.7284,3589723,23.4
2024-09-13,22.7284,22.8256,22.3399,22.5342,5162851,23.2
2024-09-16,22.437,22.6313,22.437,22.5342,3621124,23.2
2024-09-17,22.5318,23.1146,22.4347,23.0198,5267605,23.7
2024-09-18,23.2141,23.2141,22.7284,22.9227,3776846,23.6
2024-09-19,22.9227,23.0198,22.6313,22.8256,3579011,23.5
2024-09-20,22.8256,23.5055,22.7284,23.2141,10812942,23.9
2024-09-23,23.2141,23.5055,23.1169,23.2141,3371103,23.9
2024-09-24,23.2141,23.4083,23.0198,23.3112,4834348,24
2024-09-25,23.3088,23.6002,23.2117,23.4083,5814383,24.1
2024-09-26,23.503,24.5714,23.4059,24.0882,16143770,24.8
2024-09-27,24.0882,24.1854,23.6026,23.7969,5806804,24.5
2024-09-30,23.8915,23.8915,23.3088,23.4083,8013770,24.1
2024-10-01,23.4083,23.6997,23.2141,23.3112,7455385,24
2024-10-02,23.2141,23.894,22.3399,23.6026,7431895,24.3
2024-10-03,23.6026,23.6997,23.1169,23.2141,7259874,23.9
2024-10-04,23.4083,23.6997,23.1169,23.3112,4954264,24
2024-10-07,23.3112,23.6026,23.2141,23.6026,3206762,24.3
2024-10-08,23.6002,23.9886,23.503,23.6997,6343669,24.4
2024-10-09,23.6026,23.6997,23.3112,23.6026,5393848,24.3
2024-10-10,23.5055,23.6997,23.4083,23.6026,5691873,24.3
2024-10-11,23.6002,23.9886,23.503,23.6997,6886297,24.4
2024-10-14,24.2,24.2,23.4,23.6,3510650,23.6
2024-10-15,23.5,23.5,22.7,22.8,10716050,22.8
2024-10-16,22.8,23,22.5,22.7,3777351,22.7
2024-10-17,22.6,22.8,22.2,22.7,5612828,22.7
2024-10-18,22.7,22.8,22.3,22.5,3172318,22.5
2024-10-21,22.7,22.7,21.8,21.9,4489036,21.9
2024-10-22,21.9,22.1,21.3,21.3,8779170,21.3
2024-10-23,21.3,21.8,21.3,21.5,2260350,21.5
2024-10-24,21.6,21.8,21.5,21.6,2658919,21.6
2024-10-25,21.6,21.7,21.3,21.4,2676629,21.4
2024-10-28,21.9,21.9,21.1,21.4,1965330,21.4
2024-10-29,21.3,21.5,21.2,21.5,2224877,21.5
2024-10-30,21.5,21.7,21.4,21.5,1485252,21.5
2024-10-31,21.3,21.3,20.5,21.2,7030948,21.2
2024-11-01,21.1,21.2,20.9,20.9,2180514,20.9
2024-11-04,20.9,21.1,20.7,20.9,2238401,20.9
2024-11-05,20.9,21,20.8,20.9,1391807,20.9
2024-11-06,21,21.4,20.9,21.4,2358263,21.4
2024-11-07,21.5,21.5,21.2,21.3,2075760,21.3
2024-11-08,21.3,21.4,21.1,21.2,2147464,21.2
2024-11-11,21.2,21.2,20.8,20.9,3233527,20.9
2024-11-12,20.9,21,20.5,20.6,3195981,20.6
2024-11-13,20.6,20.6,20,20.1,5544474,20.1
2024-11-14,20.1,20.2,19.5,19.5,5670562,19.5
2024-11-15,19.5,19.6,18.9,18.9,5007187,18.9
2024-11-18,18.9,19.2,18.6,19,3418614,19
2024-11-19,18.8,19.2,18.7,19,1660282,19
2024-11-20,19,19.4,18.8,19.4,2917646,19.4
2024-11-21,19.4,19.5,19.2,19.4,1565913,19.4
2024-11-22,19.3,19.6,19.2,19.4,2556331,19.4
2024-11-25,19.4,19.5,19.2,19.5,2063762,19.5
2024-11-26,19.5,19.7,19.4,19.6,2363435,19.6
2024-11-27,19.6,19.6,19.2,19.3,1699892,19.3
2024-11-28,19.3,19.9,19.3,19.6,3192172,19.6
2024-11-29,19.6,19.7,19.5,19.7,1416403,19.7
2024-12-02,19.7,19.7,19.4,19.6,1270104,19.6
2024-12-03,19.4,19.5,19.2,19.4,1752044,19.4
2024-12-04,19.3,19.6,19.3,19.5,2701304,19.5
2024-12-05,19.6,20.1,19.3,20,5602450,20
2024-12-06,20,21,20,21,9394517,21
2024-12-09,21,21.4,20.8,21.2,5703081,21.2
2024-12-10,21.2,21.4,21.1,21.3,4509920,21.3
2024-12-11,21.1,21.4,21,21.3,3655332,21.3
2024-12-12,21.1,21.7,21,21.5,3280453,21.5
2024-12-13,21.8,22.9,21.7,22.5,11398237,22.5
2024-12-16,22.5,22.8,21.8,22,4412393,22
2024-12-17,22,22.1,21.6,21.8,3030367,21.8
2024-12-18,21.8,22.4,21.7,22.3,3648896,22.3
2024-12-19,22.1,22.3,20.5,22.1,5530393,22.1
2024-12-20,21.7,22.4,21.7,22.4,3576195,22.4
2024-12-23,22.4,22.6,22.1,22.3,2964424,22.3
2024-12-24,22.3,22.4,22,22.3,3081961,22.3
2024-12-25,22.2,22.5,22.2,22.4,3003907,22.4
2024-12-26,22.4,23,22.3,22.6,5206674,22.6
2024-12-27,22.7,22.8,22.2,22.3,4179140,22.3
2024-12-30,22.3,22.6,22.2,22.5,2542557,22.5
2024-12-31,22.6,23,22.5,22.8,5591175,22.8
2025-01-02,22.8,23,22.5,22.7,3332030,22.7
2025-01-03,22.6,22.7,22.1,22.1,5023827,22.1
2025-01-06,22.4,22.8,21.6,21.9,4682451,21.9
2025-01-20,13.2235,13.2541,12.8562,12.8882,3740500,21.05
2025-01-21,12.8562,12.8562,12.3971,12.3984,7428700,20.25
2025-01-22,12.3052,12.6419,12.244,12.582,2778600,20.55
2025-01-23,12.5195,12.7032,12.4889,12.5514,1806800,20.5
2025-01-24,12.4889,12.5195,12.3664,12.429,3056400,20.3
2025-02-04,12.7032,12.795,12.6725,12.7657,2203700,20.85
2025-02-05,12.8256,12.8256,12.6725,12.7045,1347900,20.75
2025-02-06,12.7032,12.7338,12.4889,12.5514,2052900,20.5
2025-02-07,12.5501,12.6419,12.4277,12.4596,2531100,20.35
2025-02-10,12.4583,12.6113,12.3664,12.4902,1935900,20.4
2025-02-11,12.4889,12.5195,12.2746,12.3678,2865000,20.2
2025-02-12,12.3664,12.4277,12.3052,12.3371,1897100,20.15
2025-02-13,12.3664,12.3664,12.091,12.1535,3536100,19.85
2025-02-14,12.1828,12.4889,12.1828,12.3065,3058400,20.1
2025-02-17,12.3358,12.3664,12.2134,12.3065,2239800,20.1
2025-02-18,12.3971,12.3971,12.244,12.2759,2036800,20.05
2025-02-19,12.3052,12.5501,12.2746,12.4902,3247300,20.4
2025-02-20,12.4889,12.5501,12.3971,12.3984,1976600,20.25
2025-02-21,12.3971,12.4277,12.2746,12.3371,2438400,20.15
2025-02-24,12.2746,12.3358,12.244,12.3371,2102000,20.15
2025-02-25,12.3971,12.5501,12.3358,12.5208,3729900,20.45
2025-02-26,12.5195,12.5501,12.3971,12.3984,1829900,20.25
2025-02-27,12.3664,12.3971,12.3052,12.3984,2230100,20.25
2025-02-28,12.4889,12.7032,12.4583,12.5208,5278400,20.45
2025-03-03,12.4889,12.6419,12.4889,12.6127,2318800,20.6
2025-03-04,12.6113,12.6113,12.4277,12.4596,2516300,20.35
2025-03-05,12.4583,12.4889,12.2746,12.2759,3299100,20.05
2025-03-06,12.2746,12.3358,11.9991,12.1228,6588800,19.8
2025-03-07,12.1216,12.2746,11.9379,12.1841,5028400,19.9
2025-03-10,12.2134,12.244,12.0603,12.0922,2631500,19.75
2025-03-11,11.9685,11.9991,11.8155,11.9086,3959000,19.45
2025-03-12,11.9685,12.091,11.9073,12.0004,3052600,19.6
2025-03-13,11.9379,12.0297,11.8155,11.8167,2867400,19.3
2025-03-14,11.8155,11.8155,11.5706,11.6024,5312100,18.95
2025-03-17,11.5706,11.8461,11.5706,11.8167,2542300,19.3
2025-03-18,11.9379,12.3971,11.8767,12.1841,6490300,19.9
2025-03-19,12.3358,12.3358,12.0603,12.0616,2793400,19.7
2025-03-20,12.0603,12.091,11.8767,12.0004,2607600,19.6
2025-03-21,12.0603,12.1216,11.9379,11.9392,1742900,19.5
2025-03-24,11.9379,11.9379,11.7849,11.8473,1620600,19.35
2025-03-25,11.9073,12.0297,11.9073,11.9086,1209600,19.45
2025-03-26,11.9379,12.1522,11.9379,12.031,2317500,19.65
2025-03-27,12.0603,12.091,11.9685,11.9698,1064500,19.55
2025-03-28,11.9379,12.0297,11.7542,11.7555,2373700,19.2
2025-03-31,11.7236,11.7542,11.5706,11.6024,1939500,18.95
2025-04-01,11.8155,11.9991,11.7849,11.9086,1355300,19.45
2025-04-02,11.9073,11.9379,11.7849,11.8473,930900,19.35
2025-04-03,11.2951,11.4481,11.0196,11.0208,5260700,18
2025-04-04,10.2544,10.4074,10.2544,10.2554,9214800,16.75
2025-04-08,9.5503,9.7952,9.5503,9.5513,2455400,15.6
2025-04-09,8.9075,9.183,8.9075,8.9085,9397200,14.55
2025-04-10,9.5197,9.5197,9.5197,9.5207,774200,15.55
2025-04-11,9.734,9.9176,9.2136,9.8881,7790100,16.15
2025-04-14,10.0401,10.285,9.8564,10.1942,4016300,16.65
2025-04-15,9.9789,10.1013,9.6728,9.7656,3762300,15.95
2025-04-16,9.6115,9.7646,9.5503,9.5513,3041800,15.6
2025-04-17,9.3973,9.6422,9.3667,9.6432,1632900,15.75
2025-04-18,9.734,9.887,9.734,9.7656,2226200,15.95
2025-04-21,9.8258,9.8258,9.6115,9.6126,1404800,15.7
2025-04-22,9.6115,9.6115,8.9687,9.184,4805800,15
2025-04-23,9.5809,9.5809,9.3667,9.4289,1322500,15.4
2025-04-24,9.5503,9.7646,9.5197,9.6126,2114600,15.7
2025-04-25,9.6422,10.0095,9.6422,9.8269,3496300,16.05
2025-04-28,9.8564,9.887,9.7646,9.8881,1454400,16.15
2025-04-29,9.887,9.887,9.734,9.8269,1618400,16.05
2025-05-05,9.734,9.8564,9.734,9.8575,1917500,16.1
2025-05-06,9.887,10.2237,9.887,10.1024,3387800,16.5
2025-05-07,10.1013,10.8053,10.1013,10.8065,6780000,17.65
2025-05-08,11.1114,11.2033,10.989,10.9902,4449700,17.95
2025-05-09,11.0196,11.1727,10.8972,11.0208,2778400,18
2025-05-12,11.0196,11.142,10.9584,11.1126,2232400,18.15
2025-05-13,11.2033,11.2339,11.0502,11.1126,2752600,18.15
2025-05-14,11.142,11.2033,11.0196,11.1126,2463000,18.15
2025-05-15,11.1114,11.142,10.8053,11.0208,3842600,18
2025-05-16,11.0196,11.0196,10.8359,10.8677,1973300,17.75
2025-05-19,10.8053,10.989,10.6829,10.684,2202700,17.45
2025-05-20,10.8053,10.8053,10.6523,10.684,1203900,17.45
2025-05-21,10.7441,10.7441,10.4686,10.531,1938600,17.2
2025-05-22,10.5298,10.8359,10.3768,10.6228,2682300,17.35
2025-05-23,10.6523,10.8359,10.5298,10.7453,1408900,17.55
2025-05-26,10.6523,10.8359,10.438,10.7759,2324800,17.6
2025-05-27,10.8053,10.8972,10.7441,10.8065,2104700,17.65
2025-05-28,11.0808,11.2951,11.0196,11.1126,5641800,18.15
2025-05-29,11.1114,11.1727,10.8666,10.8983,1826700,17.8
2025-05-30,10.8666,11.0502,10.5605,10.5922,3287900,17.3
2025-06-02,10.5605,10.989,10.4992,10.9595,2988400,17.9
2025-06-03,11.0196,11.1114,10.8053,10.8371,2333800,17.7
2025-06-04,10.8972,11.1727,10.8666,11.0208,4249400,18
2025-06-05,11.0196,11.1727,10.8972,10.9902,2957200,17.95
2025-06-06,11.1114,11.2033,10.989,10.9902,4842300,17.95
2025-06-09,11.0196,11.0808,10.7747,10.7759,2082800,17.6
2025-06-10,10.7747,10.8666,10.6523,10.6534,2283100,17.4
2025-06-11,10.7135,10.7441,10.5605,10.6228,1905700,17.35
2025-06-12,10.8666,10.8666,10.6829,10.7453,1840200,17.55
2025-06-13,11.3257,11.3257,11.1114,11.3269,11032500,18.5
2025-06-16,11.8461,11.9685,11.7236,11.9392,8794300,19.5
2025-06-17,11.8767,11.8767,11.3869,11.633,6322000,19
2025-06-18,11.8461,11.8767,11.5706,11.6636,4575800,19.05
2025-06-19,11.7542,11.7542,11.3563,11.5106,4256100,18.8
2025-06-20,11.5706,11.6012,11.2033,11.2657,5142300,18.4
2025-06-23,11.9685,11.9685,11.4788,11.5106,8895100,18.8
2025-06-24,11.0196,11.2033,10.9584,10.9595,6976200,17.9
2025-06-25,10.9584,11.0196,10.8359,10.8677,2817600,17.75
2025-06-26,10.8972,10.9278,10.8053,10.8983,1736900,17.8
2025-06-27,10.9278,10.9584,10.8359,10.8677,2901600,17.75
2025-06-30,10.8666,10.9278,10.8359,10.9289,2506400,17.85
2025-07-01,10.9584,10.9584,10.8359,10.8983,2097300,17.8
2025-07-02,10.8972,10.8972,10.8359,10.8983,1582100,17.8
2025-07-03,10.9278,11.0808,10.8972,10.9289,2634000,17.85
2025-07-04,11.0196,11.142,10.9584,10.9902,2620400,17.95
2025-07-07,10.989,11.0808,10.9584,10.9902,2587700,17.95
2025-07-08,11.0502,11.2033,10.989,11.1738,4963700,18.25
2025-07-09,11.2645,11.2645,11.142,11.1738,3821100,18.25
2025-07-10,11.3257,11.5706,11.2033,11.48,7589700,18.75
2025-07-11,11.4788,11.5094,11.2645,11.2963,3709100,18.45
2025-07-14,11.3869,11.3869,11.142,11.3269,3948800,18.5
2025-07-15,11.3257,11.5094,11.2645,11.2963,4977600,18.45
2025-07-16,11.2951,11.3869,11.2645,11.3575,2810800,18.55
2025-07-17,11.3563,11.4788,11.3257,11.4187,5032200,18.65
2025-07-18,11.4481,11.7849,11.3257,11.633,9333300,19
2025-07-21,11.7236,11.7236,11.3563,11.3881,4266400,18.6
2025-07-22,11.3869,11.3869,11.2951,11.3881,3602900,18.6
2025-07-23,11.4175,11.6318,11.3563,11.4187,7295900,18.65
2025-07-24,11.5706,11.8767,11.4175,11.8779,13897700,19.4
2025-07-25,12.0297,12.3664,11.9991,12.1228,16043900,19.8
2025-07-28,12.3052,12.3052,12.0297,12.1228,15242600,19.8
2025-07-29,12.244,12.7338,12.0297,12.1841,22081300,19.9
2025-07-30,12.4277,12.4889,11.9073,12.031,12999600,19.65
2025-07-31,12.244,12.4889,11.9685,12.4902,15233200,20.4
2025-08-01,12.948,13.1623,12.5501,12.6739,18694600,20.7
2025-08-04,12.5501,12.8868,12.4583,12.5514,13157500,20.5
2025-08-05,12.6725,12.795,12.1828,12.4902,28020100,20.4
2025-08-06,12.6419,13.346,12.3971,13.3474,27534600,21.8
2025-08-07,13.7745,13.7745,13.1929,13.4086,16099400,21.9
2025-08-08,13.4378,13.9888,13.3154,13.776,24581600,22.5
2025-08-11,13.9582,13.9582,13.499,13.5617,13861100,22.15
2025-08-12,13.7133,14.05,13.5296,14.0515,18173000,22.95
2025-08-13,13.8663,14.1724,13.5908,13.776,15379900,22.5
2025-08-14,13.9276,13.9582,13.5908,13.929,13986800,22.75
2025-08-15,14.1112,14.8765,14.0806,14.878,35202800,24.3
2025-08-18,15.9172,15.9172,15.8254,15.9189,11908600,26
2025-08-19,17.0192,17.0192,17.0192,17.021,6043300,27.8
2025-08-20,17.5089,18.1823,16.407,18.1843,60028200,29.7
2025-08-21,19.2537,19.2537,18.0905,18.3067,17365800,29.9
2025-08-22,17.6314,18.3354,17.0498,17.0516,37060600,27.85
2025-08-25,17.2028,17.2028,15.8866,15.8883,26389500,25.95
2025-08-26,15.6417,16.8049,15.6417,16.8067,13992500,27.45
2025-08-27,16.9579,16.9579,16.1927,16.225,18944900,26.5
2025-08-28,16.407,16.7131,16.1621,16.623,8108700,27.15
2025-08-29,16.8355,16.8355,16.2233,16.225,16052800,26.5
2025-09-03,16.4682,17.1416,16.2845,16.8679,11413500,27.55
2025-09-04,17.0498,17.1416,16.6212,16.7454,10757100,27.35
2025-09-05,16.8967,17.6008,16.6212,16.6842,16506400,27.25
2025-09-08,16.5906,16.9273,15.5805,15.5821,15247000,25.45
2025-09-09,15.8866,15.8866,15.305,15.827,7851200,25.85
2025-09-10,16.1315,16.8049,15.856,16.5924,14417400,27.1
2025-09-11,16.6518,16.7743,16.1009,16.5312,9568500,27
2025-09-12,16.6825,17.1416,16.6212,16.6536,9618700,27.2
2025-09-15,16.8661,17.3253,16.6518,17.2046,11859300,28.1
2025-09-16,17.3559,17.3559,16.7437,16.8067,9655900,27.45
2025-09-17,16.7743,17.0804,16.5906,16.5924,7380300,27.1
2025-09-18,16.6825,16.7131,16.2539,16.4393,7072600,26.85
2025-09-19,16.5294,16.5294,15.9172,15.9189,5917800,26
2025-09-22,16.0396,16.407,15.6417,16.4087,9617100,26.8
2025-09-23,16.2845,16.4682,16.1009,16.4699,4457600,26.9
2025-09-24,16.407,16.5294,16.1927,16.5312,3943100,27
2025-09-25,16.6825,17.3253,16.5906,17.1128,14585800,27.95
2025-09-26,17.1416,17.6314,16.8355,16.8373,10700100,27.5
2025-09-29,16.8661,17.0498,16.407,16.4699,5676700,26.9
2025-09-30,16.5294,16.5294,15.9172,16.0413,6880500,26.2
2025-10-01,16.0703,16.3764,16.0703,16.2556,2106400,26.55
2025-10-02,16.4376,16.6518,16.1621,16.2862,4625800,26.6
2025-10-03,16.3764,16.3764,15.9172,15.9495,5553800,26.05
2025-10-06,16.2233,16.7131,15.9784,16.6842,5052600,27.25
2025-10-07,16.7437,16.7437,16.1621,16.1638,4786200,26.4
2025-10-08,16.2539,16.4376,15.9784,16.2862,5697800,26.6
2025-10-09,16.5294,17.4171,16.5294,17.4189,21019000,28.45
2025-10-10,17.9987,18.3048,17.7538,17.8781,15131400,29.2
2025-10-13,17.5701,18.0905,17.5701,17.6638,13741000,28.85
2025-10-14,17.6926,17.6926,17.1416,17.1434,17636000,28
2025-10-15,17.1722,17.5701,17.1722,17.3271,6709600,28.3
2025-10-16,17.5395,17.5395,17.111,17.174,7400300,28.05
2025-10-17,17.2028,17.5701,16.9579,16.9597,8948400,27.7
2025-10-20,17.0498,17.2947,15.7948,15.7964,13284700,25.8
2025-10-21,15.856,16.2845,15.3968,16.1026,8833700,26.3
2025-10-22,16.3457,16.7131,16.1621,16.7148,6036000,27.3
2025-10-23,17.0192,17.1722,16.8355,16.8985,6773600,27.6
2025-10-24,17.0804,17.3865,16.56,16.7148,7774400,27.3
2025-10-27,16.8967,16.9579,16.1315,16.1332,7733200,26.35
2025-10-28,16.009,16.1927,15.5805,15.9189,12881300,26
2025-10-29,17.0074,17.0074,17.0074,17.0074,4403000,17.2
2025-10-30,17.2546,17.2546,16.4141,16.4141,11935100,16.6
2025-10-31,16.4124,16.9562,16.363,16.4635,6817400,16.65
2025-11-03,16.6118,16.6118,15.8208,15.8208,4999200,16
2025-11-04,15.7698,16.2641,14.9294,16.1174,9461700,16.3
2025-11-05,16.1652,16.9562,15.9675,16.6118,10745900,16.8
2025-11-06,16.7602,16.7602,16.2163,16.3152,3847000,16.5
2025-11-07,16.3152,16.4635,15.6725,15.7714,4675600,15.95
2025-11-10,15.7698,15.9675,15.2754,15.3758,3593400,15.55
2025-11-11,15.5242,15.623,15.2275,15.4253,2802900,15.6
2025-11-12,15.4732,15.7698,15.4732,15.623,3270600,15.8
2025-11-13,15.6215,16.363,15.5226,15.8702,5694400,16.05
2025-11-14,15.8208,16.0186,15.8208,15.8208,3081200,16
2025-11-17,16.0186,16.2658,15.8208,16.2658,4617400,16.45
2025-11-18,16.363,16.363,16.0169,16.1174,3166100,16.3
2025-11-19,16.1174,16.3152,15.8208,16.0186,3353400,16.2
2025-11-20,16.1158,16.1158,15.7203,15.8702,2149100,16.05
2025-11-21,15.8192,15.8192,15.5226,15.623,2920700,15.8
2025-11-24,15.6215,15.7698,15.3743,15.3758,3110400,15.55
2025-11-25,15.572,15.6709,15.226,15.2275,3931800,15.4
2025-11-26,15.3758,15.7714,15.3264,15.5242,3227000,15.7
2025-11-27,15.6725,15.7219,15.3264,15.3264,3201600,15.5
2025-11-28,15.4253,15.623,15.3264,15.3264,2413700,15.5
2025-12-01,15.3743,15.4732,15.226,15.2275,2213600,15.4
2025-12-02,15.2275,15.277,14.7331,15.0792,5151400,15.25
2025-12-03,15.1271,15.226,14.9294,15.1286,2747400,15.3
2025-12-04,15.1781,15.3264,15.1286,15.277,2918800,15.45
2025-12-05,15.3264,15.3264,15.0298,15.0298,2148500,15.2
2025-12-08,14.9294,15.0282,14.6822,14.7331,8535400,14.9
2025-12-09,14.7331,14.7331,14.1398,14.2882,8990900,14.45
2025-12-10,14.2867,14.3856,14.1384,14.2387,3511200,14.4
2025-12-11,14.3376,14.4365,14.041,14.0904,2840200,14.25
2025-12-12,14.0904,14.1893,13.3488,13.3488,6877100,13.5
2025-12-15,13.3475,14.2373,13.3475,14.2387,11539300,14.4
2025-12-16,14.435,15.226,14.3362,15.2275,16692700,15.4
2025-12-17,15.3758,15.623,14.9309,15.0792,7112600,15.25
2025-12-18,15.1286,15.4253,14.5354,14.7826,7420600,14.95
2025-12-19,14.9803,15.7714,14.6342,15.7714,24803500,15.95
2025-12-22,15.6725,16.2658,15.4253,16.2658,13332800,16.45
2025-12-23,16.2163,16.4635,15.8702,16.0186,9958300,16.2
2025-12-24,16.0664,16.3136,15.8192,15.9691,6624400,16.15
2025-12-25,15.9675,16.0664,15.6709,15.7219,5374500,15.9
2025-12-26,15.7219,16.1174,15.5242,16.068,11687700,16.25
2025-12-29,16.2163,16.9579,16.068,16.513,17508200,16.7
2025-12-30,16.7107,16.7107,16.0186,16.0186,7348700,16.2
2025-12-31,16.1174,16.1669,15.9197,15.9197,5363600,16.1
2026-01-05,16.4141,16.7602,15.9691,16.068,16538300,16.25
2026-01-06,16.0169,16.9068,16.0169,16.6118,20485800,16.8
2026-01-07,16.7107,17.749,16.5624,17.749,31374900,17.95
2026-01-08,18.6389,18.985,18.0456,18.3917,44567300,18.6
2026-01-09,18.4906,19.6771,18.4906,19.4794,38812900,19.7
2026-01-12,19.8749,20.6165,18.8366,19.3805,34088000,19.6
2026-01-13,19.4299,20.7154,19.2816,20.7154,46664000,20.95
2026-01-14,21.3559,21.6525,20.1695,21.1603,38293200,21.4
2026-01-15,20.7648,21.3581,20.2704,20.4682,29699000,20.7
2026-01-16,20.6144,21.4054,19.774,19.9243,32240900,20.15
2026-01-19,20.0212,20.8616,19.8234,20.567,22521200,20.8
2026-01-20,20.7648,21.012,20.4682,20.5176,23609200,20.75
2026-01-21,20.221,21.9514,20.0726,21.9514,40775000,22.2
2026-01-22,22.8907,22.9402,21.7536,21.9514,31658700,22.2
2026-01-23,21.9986,22.0974,20.4167,20.4187,40730800,20.65
2026-01-26,20.6659,21.3086,20.3198,20.6165,24331600,20.85
2026-01-27,20.6659,21.7536,20.4187,21.2592,22591500,21.5
2026-01-28,21.7514,22.7401,21.2571,21.6547,41660200,21.9
2026-01-29,21.7536,21.803,20.8637,21.6053,16709600,21.85
2026-01-30,22.2458,22.6412,21.8008,22.1491,22201400,22.4
2026-02-02,22.4435,23.6299,22.1469,23.6323,32535700,23.9
2026-02-03,24.0254,24.5198,23.6299,23.6323,23657600,23.9
2026-02-04,23.5311,24.2232,23.1356,23.7806,18172400,24.05
2026-02-05,24.2726,24.8658,23.8771,24.1267,24530700,24.4
2026-02-06,23.5311,25.1624,22.9378,24.275,31341200,24.55
2026-02-09,24.7175,24.8164,24.1243,24.3739,10409100,24.65
2026-02-10,24.3245,24.8683,22.693,22.8413,37264600,23.1
2026-02-11,22.8413,23.4346,22.1491,23.1874,13784700,23.45
2026-02-12,23.5311,24.1243,23.5311,23.6323,10936300,23.9
2026-02-13,23.6818,24.5222,23.4346,24.2256,13364500,24.5
2026-02-23,25.0166,25.9066,24.8189,25.9066,14417700,26.2
2026-02-24,26.5493,27.6864,26.4998,27.6864,31801100,28
2026-02-25,28.3786,29.6146,27.192,29.0213,26335100,29.35
2026-02-26,28.9718,29.664,28.0325,29.664,23273900,30
2026-02-27,30.2078,31.6416,29.8618,30.8506,18188800,31.2
2026-03-02,32.9765,32.9765,32.9765,32.9765,4097400,33.35
2026-03-03,35.2472,35.2472,31.6878,35.2507,49024000,35.65
2026-03-04,35.6957,37.525,33.7181,37.4261,27427500,37.85
2026-03-05,37.4261,38.0194,35.2013,35.2013,27388400,35.6
2026-03-06,35.3955,37.3729,35.2966,36.635,21561100,37.05
2026-03-09,39.1565,39.1565,35.6957,35.6957,35545500,36.1
2026-03-10,35.0494,37.4717,33.3192,33.4214,31752600,33.8
2026-03-11,33.1215,35.7415,32.5777,35.7451,19019300,36.15
2026-03-12,36.8785,37.5706,36.0876,37.3766,17242000,37.8
2026-03-13,37.8216,39.0576,34.8058,34.8058,35612800,35.2
2026-03-16,34.6574,34.6574,32.3832,32.3832,18025800,32.75
2026-03-17,31.5427,32.3832,30.1584,30.1584,16522700,30.5
2026-03-18,28.1285,32.2316,28.1285,30.3067,37080100,30.65
2026-03-19,31.5395,31.6384,28.9689,28.9718,16049500,29.3
2026-03-20,28.6723,29.6116,26.9421,27.7358,34027800,28.05
2026-03-23,26.7965,28.6752,25.8077,25.8077,25169500,26.1
2026-03-24,26.4477,27.1398,24.3715,26.1043,20130400,26.4
2026-03-25,26.6482,27.8842,26.4998,27.192,16946200,27.5
2026-03-26,27.4392,27.4886,26.2032,26.9448,9550900,27.25
2026-03-27,27.0437,27.4392,26.6976,27.2909,10857200,27.6
2026-03-30,28.1285,28.9689,27.7825,28.8235,19698000,29.15
2026-03-31,29.2655,29.315,27.3376,27.3403,20456600,27.65
2026-04-01,27.3376,27.6836,25.8051,26.0054,23335900,26.3
2026-04-02,26.0522,26.9421,25.0635,25.6099,16030200,25.9
2026-04-03,26.1043,26.7965,26.0054,26.0549,9858500,26.35
2026-04-06,26.1043,26.2032,24.72,24.8189,9927300,25.1
2026-04-07,25.0141,25.9039,24.322,24.8683,10889200,25.15
2026-04-08,25.3133,25.6099,24.6706,25.4122,14571200,25.7
2026-04-09,25.511,25.7088,24.72,24.72,8885200,25
2026-04-10,25.1155,26.4504,24.8189,26.4504,20100100,26.75
2026-04-13,26.9448,27.5381,26.4998,27.0437,13428700,27.35
2026-04-14,27.5847,27.5847,25.8051,26.0054,16976800,26.3
2026-04-15,26.0028,26.6455,25.6073,25.8571,11319000,26.15
2026-04-16,25.8051,26.2006,25.5085,25.511,9596200,25.8
2026-04-17,26.0054,26.5987,25.511,26.401,10425100,26.7
2026-04-20,26.4477,26.5466,25.7062,25.8571,7862400,26.15
2026-04-21,25.9066,26.401,25.6099,25.8077,9310600,26.1
2026-04-22,26.0549,26.2032,25.6594,25.6594,5460700,25.95
2026-04-23,25.956,25.956,24.1762,24.72,16826400,25
2026-04-24,25.0166,25.511,24.6211,24.72,7701000,25
2026-04-28,24.5198,24.7175,23.0367,23.1379,20263700,23.4
2026-04-29,22.9402,23.6323,22.8907,23.3357,9691400,23.6
2026-05-04,24.9672,24.9672,24.4728,24.9672,8112800,25.25
2026-05-05,25.6594,26.6976,25.2144,26.4504,24544300,26.75
2026-05-06,26.3515,27.192,25.8077,26.401,19346900,26.7
2026-05-07,26.2032,26.3515,25.165,25.2144,15910000,25.5
2026-05-08,26.0054,26.1043,25.2638,25.6594,10019900,25.95
2026-05-11,26.0549,27.4392,25.511,27.4392,27083100,27.75
2026-05-12,27.8842,29.1202,27.2414,28.7741,27100600,29.1
2026-05-13,28.9718,30.7517,28.2797,29.8618,31372300,30.2
2026-05-14,30.1584,30.7517,29.3179,29.9112,15952800,30.25
2026-05-15,29.5651,31.5427,29.5651,31.3944,19692700,31.75
2026-05-18,31.6416,33.5698,31.5922,33.0754,20890200,33.45
2026-05-19,33.072,33.4675,30.798,30.8011,31727500,31.15
2026-05-20,30.007,31.935,28.6723,31.4438,27302800,31.8
2026-05-21,31.1472,31.1966,30.0101,30.3562,8311400,30.7
2026-05-22,30.6034,30.7517,29.2685,29.3674,12254000,29.7
2026-05-25,28.1808,28.873,27.7358,27.8842,15121000,28.2
2026-05-26,28.3786,28.9224,27.983,28.1808,7751100,28.5
2026-05-27,28.4774,28.8235,27.8842,27.9336,7027500,28.25
2026-05-28,27.9336,28.9224,27.192,28.1808,14151400,28.5
2026-05-29,28.0819,29.6146,27.6864,29.4168,14394100,29.75
2026-06-01,29.4662,29.5157,28.1808,28.2797,9001700,28.6
2026-06-02,28.5763,28.7741,27.1426,27.3898,10549500,27.7
2026-06-03,27.6864,28.0325,27.3898,27.5381,4898600,27.85
2026-06-04,27.9802,29.1667,27.9308,28.5763,7152700,28.9
2026-06-05,28.4774,29.0707,27.983,28.1808,6092200,28.5
2026-06-08,28.1314,28.7741,27.983,28.2797,7422600,28.6
2026-06-09,28.4746,28.4746,27.733,27.7358,5079800,28.05
2026-06-10,27.8347,28.1314,27.5875,27.637,4454200,27.95
2026-06-11,27.9802,28.3757,27.733,27.7358,4474400,28.05
2026-06-12,27.6864,28.2797,27.4392,27.7853,6629500,28.1
2026-06-15,26.4998,27.4886,25.9066,26.2032,14670800,26.5
2026-06-16,26.1511,26.6949,25.9039,26.4998,6795300,26.8
2026-06-17,26.1538,26.7965,26.0054,26.0549,8234600,26.35
2026-06-18,26.0028,26.6949,26.0028,26.1043,7942500,26.4
2026-06-19,26.2994,26.3489,25.7062,25.7582,7749900,26.05
2026-06-22,26.1017,26.5466,25.9534,26.1043,6723800,26.4
2026-06-23,26.2526,26.2526,24.8189,24.8189,15250800,25.1
2026-06-24,25.0141,25.459,24.0254,25.2638,13355000,25.55
2026-06-25,25.165,25.165,24.3245,24.3245,8790200,24.6
2026-06-26,24.4234,24.6211,23.9784,23.9784,5812700,24.25
2026-06-29,24.2232,24.5692,23.8771,24.1267,9405400,24.4
2026-06-30,24.322,24.3715,23.8277,23.8795,6224100,24.15
2026-07-01,23.9784,25.511,23.9784,25.165,11720300,25.45
2026-07-02,25.0141,25.113,24.6186,24.6211,5272300,24.9
2026-07-03,24.6211,25.0661,24.275,24.4234,4937400,24.7
2026-07-06,24.4234,24.5717,23.2368,23.2368,10575100,23.5
2026-07-07,23.6323,23.9784,23.0885,23.9784,6980100,24.25
2026-07-08,24.72,25.3133,24.5717,24.8189,12717700,25.1
2026-07-09,25.0166,26.3515,25.0166,26.0549,21213500,26.35
2026-07-10,26.1538,26.1538,25.2144,25.2144,7831100,25.5
2026-07-13,25.9066,26.2526,25.165,25.4616,8511100,25.75
2026-07-14,26.0549,27.1426,25.9066,26.8954,18606700,27.2
2026-07-15,26.7938,26.8432,25.7556,26.0054,9268800,26.3
2026-07-16,26.0054,26.2526,24.3739,25.7088,9466800,26
2026-07-17,25.7556,25.7556,24.5198,24.6211,7346100,24.9
2026-07-20,25.2119,25.2613,24.2232,24.3739,8075400,24.65
2026-07-21,23.8771,24.4209,22.6907,22.7918,14600800,23.05
2026-07-22,22.8907,23.4346,22.3469,22.7424,7633900,23
2026-07-23,23.2368,23.3851,22.693,23.0885,5798100,23.35
2026-07-24,23.4346,24.4728,23.3851,23.7312,10125300,24
2026-07-27,23.3851,24.4234,23.039,23.4346,8546000,23.7
2026-07-28,23.2368,24.1267,23.2368,23.9784,7215200,24.25
2026-07-29,24.2232,24.8164,23.976,24.5222,7133400,24.8
2026-07-30,24.8189,25.4122,24.4728,25.4122,7278800,25.7
2026-07-31,26.0054,26.1538,25.0661,25.0661,11087800,25.35
2026-08-03,24.72,25.4122,24.6706,25.2144,5597800,25.5
2026-08-04,25.2638,25.2638,24.6211,24.72,5822800,25
2026-08-05,24.7175,24.9152,24.0748,24.8683,10599600,25.15
2026-08-06,25.113,25.5085,24.6186,24.7694,4798200,25.05
2026-08-07,24.9672,26.401,24.8189,25.9066,19092500,26.2
2026-08-10,26.3983,27.2387,25.7556,26.5987,13079300,26.9
2026-08-11,26.95,27.15,26.05,26.05,8476500,26.05
2026-08-12,26.15,26.75,25.9,26.5,7412500,26.5
2026-08-13,26.6,27.2,26.25,26.5,9703200,26.5
2026-08-14,26.45,26.7,25.35,25.35,9790200,25.35
2026-08-17,25.4,26.2,24.9,26,7170500,26
2026-08-18,26.2,27.65,26.2,27.2,20592500,27.2
2026-08-19,27.15,27.45,26.55,26.7,7311800,26.7
2026-08-20,26.85,27.05,26.35,27,8275400,27
2026-08-21,27.2,27.2,26.7,26.85,8854800,26.85
2026-08-24,27,27.9,26.85,27.4,14135900,27.4
2026-08-25,27.2,27.3,26.6,26.7,10594600,26.7
2026-08-26,26.65,27.4,26.65,26.85,7544200,26.85
2026-08-27,26.9,26.9,26.4,26.5,6282300,26.5
2026-08-28,26.55,26.95,26.5,26.6,5985400,26.6
2026-09-03,27.3,27.8,26.9,26.9,11633400,26.9
