date,open,high,low,close,volume,close_raw
2014-09-29,4.386,4.386,4.269,4.3866,2604800,15
2014-09-30,4.8246,4.8246,4.8246,4.8253,425690,16.5
2014-10-01,5.2924,5.2924,5.2924,5.2932,1125625,18.1
2014-10-02,5.8188,5.8188,5.3217,5.7903,1980565,19.8
2014-10-03,5.848,6.1112,5.6726,5.7903,770850,19.8
2014-10-06,5.7895,5.848,5.3217,5.3224,801205,18.2
2014-10-07,5.3217,5.5556,5.1755,5.3809,1044220,18.4
2014-10-08,5.4094,5.4971,5,5.0007,963660,17.1
2014-10-09,5,5.117,4.8538,4.8838,776090,16.7
2014-10-10,4.9123,4.9123,4.6199,4.6206,1184660,15.8
2014-10-13,4.6199,4.6199,4.503,4.5621,603690,15.6
2014-10-14,4.5614,4.7661,4.5322,4.6498,473790,15.9
2014-10-15,4.6492,4.6784,4.2106,4.5621,634900,15.6
2014-10-16,4.5614,4.6199,4.386,4.5036,614740,15.4
2014-10-17,4.503,4.6784,4.503,4.6791,500900,16
2014-10-20,4.7661,4.7661,4.5322,4.6498,349900,15.9
2014-10-21,4.5907,4.6492,4.5322,4.6206,122700,15.8
2014-10-22,4.5614,4.6492,4.5614,4.6498,250410,15.9
2014-10-23,4.6492,4.9708,4.5907,4.7375,487603,16.2
2014-10-24,4.6784,4.8831,4.6784,4.7668,232410,16.3
2014-10-27,4.7369,4.8538,4.6784,4.7375,303500,16.2
2014-10-28,4.7369,4.7661,4.6199,4.7375,213800,16.2
2014-10-29,4.7076,5,4.7076,4.8838,821900,16.7
2014-10-30,4.8831,5.0878,4.8538,4.913,633930,16.8
2014-10-31,4.9708,5,4.8831,4.9715,676620,17
2014-11-03,5,5.1755,5,5.0885,1342200,17.4
2014-11-04,5.117,5.117,5,5.0007,555815,17.1
2014-11-05,5,5.0293,4.8538,4.9422,806800,16.9
2014-11-06,4.9416,4.9708,4.8246,4.8253,644140,16.5
2014-11-07,4.8538,4.9123,4.8246,4.8838,713500,16.7
2014-11-10,4.9123,5.117,4.9123,5.0592,1300900,17.3
2014-11-11,5.0585,5.0878,4.9708,4.9715,879740,17
2014-11-12,4.9708,5.0293,4.9416,4.9715,1040350,17
2014-11-13,4.9708,4.9708,4.9123,4.9715,615420,17
2014-11-14,4.9708,5.117,4.9416,5.03,1872510,17.2
2014-11-17,5.0585,5.2924,5.0585,5.147,1343903,17.6
2014-11-18,5.2047,5.3217,5.1462,5.1762,2361540,17.7
2014-11-19,5.1755,5.1755,4.6784,4.7083,4022600,16.1
2014-11-20,4.7369,4.8831,4.7076,4.796,1315013,16.4
2014-11-21,5.2212,5.2212,5.1101,5.1474,1574400,13.9
2014-11-24,5.0731,5.0731,4.8139,4.8141,388000,13
2014-11-25,4.8139,4.925,4.7769,4.8141,401400,13
2014-11-26,4.7769,4.8139,4.4436,4.5549,815400,12.3
2014-11-27,4.5547,4.6288,4.4436,4.592,654900,12.4
2014-11-28,4.5917,4.8139,4.5917,4.703,758200,12.7
2014-12-01,4.7398,4.888,4.6658,4.666,544100,12.6
2014-12-02,4.6658,4.7769,4.6288,4.703,620700,12.7
2014-12-03,4.7028,4.7398,4.6658,4.7401,578200,12.8
2014-12-04,4.7398,4.7398,4.6658,4.666,586800,12.6
2014-12-05,4.6658,4.7398,4.6288,4.703,667300,12.7
2014-12-08,4.7028,4.7028,4.5917,4.703,650700,12.7
2014-12-09,4.6658,4.6658,4.3325,4.592,842030,12.4
2014-12-10,4.5177,4.6658,4.4436,4.666,645610,12.6
2014-12-11,4.6288,4.6658,4.5547,4.592,704900,12.4
2014-12-12,4.5177,4.5917,4.4436,4.4438,633400,12
2014-12-15,4.4806,4.5547,4.4066,4.4438,561400,12
2014-12-16,4.4436,4.5177,4.3325,4.3327,586100,11.7
2014-12-17,4.3695,4.4066,3.9622,4.1476,707500,11.2
2014-12-18,4.2585,4.2955,4.1474,4.2957,349610,11.6
2014-12-19,4.2955,4.3325,4.0363,4.2957,298000,11.6
2014-12-22,4.2214,4.3325,4.2214,4.3327,457400,11.7
2014-12-23,4.2955,4.3695,4.2214,4.3698,491700,11.8
2014-12-24,4.3325,4.5547,4.3325,4.5179,795000,12.2
2014-12-25,4.5177,4.5547,4.3695,4.4809,583100,12.1
2014-12-26,4.4066,4.4066,4.1844,4.1846,527000,11.3
2014-12-29,4.1844,4.2585,3.9252,3.9254,547300,10.6
2014-12-30,3.9252,3.9622,3.8141,3.9254,108200,10.6
2014-12-31,3.9622,4.2955,3.9622,4.2957,463210,11.6
2015-01-05,4.3695,4.3695,4.2955,4.2957,72000,11.6
2015-01-06,4.0363,4.3325,4.0363,4.2957,123800,11.6
2015-01-07,4.2585,4.3325,4.1844,4.2587,125000,11.5
2015-01-08,4.2214,4.3325,4.1474,4.2957,227300,11.6
2015-01-09,4.2585,4.2955,4.2214,4.2587,96700,11.5
2015-01-12,4.2585,4.2585,4.1844,4.1846,100600,11.3
2015-01-13,4.1844,4.1844,4.0733,4.0735,153200,11
2015-01-14,4.2955,4.2955,4.1103,4.1846,388620,11.3
2015-01-15,4.0733,4.2955,4.0733,4.1846,107500,11.3
2015-01-16,4.1844,4.2214,4.1103,4.1846,168700,11.3
2015-01-19,4.2214,4.3325,4.1844,4.2957,364400,11.6
2015-01-20,4.2955,4.3695,4.2955,4.2957,288530,11.6
2015-01-21,4.2955,4.3325,4.2214,4.2957,207200,11.6
2015-01-22,4.2585,4.2955,4.2214,4.2957,222800,11.6
2015-01-23,4.2955,4.3695,4.2585,4.3327,310400,11.7
2015-01-26,4.4066,4.7398,4.3325,4.5179,1057200,12.2
2015-01-27,4.6288,4.6288,4.2214,4.3327,488600,11.7
2015-01-28,4.3325,4.4066,4.2585,4.2587,351500,11.5
2015-01-29,4.3325,4.4436,4.2585,4.3327,420600,11.7
2015-01-30,4.3325,4.3695,4.1844,4.2216,329900,11.4
2015-02-02,4.1844,4.2585,4.1103,4.1846,306300,11.3
2015-02-03,4.1474,4.1844,3.9992,3.9994,377400,10.8
2015-02-04,3.9992,3.9992,3.8511,3.9624,316800,10.7
2015-02-05,3.9252,4.2214,3.9252,4.1105,577200,11.1
2015-02-06,4.1474,4.1844,4.0733,4.1476,216100,11.2
2015-02-09,4.1103,4.1103,3.9992,4.0735,188700,11
2015-02-10,4.0363,4.1474,4.0363,4.1105,404600,11.1
2015-02-11,4.1103,4.2214,4.1103,4.1105,456000,11.1
2015-02-12,4.1474,4.2214,4.1474,4.1846,444600,11.3
2015-02-13,4.1844,4.2585,4.1474,4.2587,485600,11.5
2015-02-24,4.3695,4.5547,4.3325,4.4438,825390,12
2015-02-25,4.4066,4.4436,4.3325,4.3698,588900,11.8
2015-02-26,4.3695,4.3695,4.2955,4.3698,626000,11.8
2015-02-27,4.3695,4.5177,4.3695,4.4438,907510,12
2015-03-02,4.4436,4.4806,4.4066,4.4438,529050,12
2015-03-03,4.4806,4.6658,4.4436,4.592,1198430,12.4
2015-03-04,4.5917,4.6658,4.4806,4.592,899645,12.4
2015-03-05,4.6288,4.6288,4.5177,4.5179,793610,12.2
2015-03-06,4.5177,4.6658,4.4806,4.629,1085510,12.5
2015-03-09,4.6658,4.888,4.6288,4.8141,1541940,13
2015-03-10,4.888,4.888,4.7028,4.8141,972110,13
2015-03-11,4.8139,4.8139,4.7028,4.703,917700,12.7
2015-03-12,4.6658,4.7028,4.5917,4.703,735615,12.7
2015-03-13,4.7028,4.7398,4.6288,4.703,767605,12.7
2015-03-16,4.6658,4.7028,4.5547,4.629,601800,12.5
2015-03-17,4.7028,4.7028,4.5917,4.592,717936,12.4
2015-03-18,4.6288,4.7398,4.5917,4.703,893600,12.7
2015-03-19,4.7398,4.7398,4.6658,4.666,626210,12.6
2015-03-20,4.6658,4.7398,4.5917,4.7401,899399,12.8
2015-03-23,4.6658,4.7769,4.6288,4.629,600310,12.5
2015-03-24,4.6288,4.6658,4.5547,4.629,970425,12.5
2015-03-25,4.6288,4.7769,4.6288,4.703,1198710,12.7
2015-03-26,4.7028,4.925,4.7028,4.9252,1819069,13.3
2015-03-27,4.925,4.962,4.8139,4.8141,1355560,13
2015-03-30,4.8139,4.888,4.6658,4.703,693900,12.7
2015-03-31,4.7028,4.8139,4.7028,4.7771,1073640,12.9
2015-04-01,4.7769,4.8139,4.6288,4.666,1256205,12.6
2015-04-02,4.6658,4.7769,4.6658,4.7771,881909,12.9
2015-04-03,4.7769,4.8509,4.7769,4.8512,1117000,13.1
2015-04-06,4.8509,4.888,4.7769,4.8141,1030900,13
2015-04-07,4.8129,5.0102,4.8129,5.0112,1260600,12.7
2015-04-08,5.0102,5.2074,5.0102,5.0902,1761810,12.9
2015-04-09,5.0891,5.168,5.0496,5.1296,1448400,13
2015-04-10,5.1285,5.168,5.0891,5.0902,1336300,12.9
2015-04-13,5.0891,5.168,5.0102,5.0112,1447400,12.7
2015-04-14,5.0102,5.0496,4.9313,4.9323,1244000,12.5
2015-04-15,4.9313,5.0496,4.8918,5.0507,1186200,12.8
2015-04-16,5.0496,5.1285,5.0102,5.0507,1001600,12.8
2015-04-17,5.0891,5.2469,5.0496,5.1691,3396474,13.1
2015-04-20,5.168,5.2469,5.1285,5.1296,1176610,13
2015-04-21,5.1285,5.2074,5.0496,5.0507,1542000,12.8
2015-04-22,5.0102,5.0891,5.0102,5.0507,1129900,12.8
2015-04-23,5.0891,5.0891,4.9707,4.9718,1036900,12.6
2015-04-24,4.9707,5.0891,4.9707,5.0902,783000,12.9
2015-04-27,5.0891,5.0891,4.9707,5.0112,361500,12.7
2015-05-04,5.0102,5.0102,4.5368,4.5772,2291354,11.6
2015-05-05,4.5762,4.6551,4.3395,4.6167,739000,11.7
2015-05-06,4.4973,4.5762,4.379,4.4194,678200,11.2
2015-05-07,4.379,4.734,4.3395,4.6956,1264300,11.9
2015-05-08,4.734,4.7735,4.6551,4.6956,723800,11.9
2015-05-11,4.6946,4.8129,4.6946,4.735,567000,12
2015-05-12,4.734,4.7735,4.6157,4.6561,474800,11.8
2015-05-13,4.6551,4.6946,4.5762,4.6956,503600,11.9
2015-05-14,4.6551,4.734,4.6157,4.6956,370000,11.9
2015-05-15,4.6946,4.734,4.5762,4.5772,571900,11.6
2015-05-18,4.6551,4.6946,4.5368,4.5772,687200,11.6
2015-05-19,4.5762,4.6946,4.5762,4.6956,402300,11.9
2015-05-20,4.6946,4.9707,4.6551,4.8929,1173700,12.4
2015-05-21,4.8918,4.9313,4.7735,4.8139,513200,12.2
2015-05-22,4.8129,4.8918,4.7735,4.8139,601000,12.2
2015-05-25,4.734,4.8918,4.734,4.8534,582500,12.3
2015-05-26,4.9313,5.0102,4.8918,4.9718,1381100,12.6
2015-05-27,4.9313,5.0102,4.8918,4.9323,704700,12.5
2015-05-28,4.9313,5.168,4.8918,5.0112,1563200,12.7
2015-05-29,5.0102,5.0891,4.9313,4.9323,815100,12.5
2015-06-01,4.9707,4.9707,4.8524,4.8534,626800,12.3
2015-06-02,4.8524,4.9313,4.734,4.8139,1086300,12.2
2015-06-03,4.7735,4.8918,4.7735,4.8534,429800,12.3
2015-06-04,4.8918,4.9313,4.8524,4.9323,558000,12.5
2015-06-05,4.9313,4.9707,4.8918,4.9323,978000,12.5
2015-06-08,4.9707,5.2074,4.9707,5.0902,2142454,12.9
2015-06-09,5.0496,5.0891,4.9313,5.0112,636500,12.7
2015-06-10,4.9707,5.0102,4.9313,5.0112,596300,12.7
2015-06-11,5.0102,5.3652,5.0102,5.2874,2813010,13.4
2015-06-12,5.3258,5.4836,5.2863,5.4453,1918300,13.8
2015-06-15,5.4836,5.5625,5.2863,5.2874,786200,13.4
2015-06-16,5.3258,5.3652,5.2469,5.248,1065600,13.3
2015-06-17,5.168,5.2863,5.1285,5.1296,953700,13
2015-06-18,5.168,5.2469,5.1285,5.1691,738500,13.1
2015-06-19,5.2074,5.2074,5.0496,5.0902,789400,12.9
2015-06-22,5.0891,5.168,5.0102,5.0902,456700,12.9
2015-06-23,5.0891,5.1285,5.0496,5.0507,541500,12.8
2015-06-24,5.0891,5.0891,5.0102,5.0112,367600,12.7
2015-06-25,5.0102,5.2863,4.9707,5.1296,1200210,13
2015-06-26,5.168,5.168,5.0496,5.0507,510700,12.8
2015-06-29,5.0496,5.1285,4.9707,5.0902,407200,12.9
2015-06-30,5.0496,5.0891,4.9707,4.9718,867600,12.6
2015-07-01,4.9707,5.0102,4.8918,4.9718,566800,12.6
2015-07-02,4.9313,5.0496,4.9313,5.0507,664100,12.8
2015-07-03,5.0891,5.0891,4.9707,5.0112,1000210,12.7
2015-07-06,5.0496,5.0496,5.0102,5.0112,752974,12.7
2015-07-07,5.0496,5.168,5.0102,5.0902,1160110,12.9
2015-07-08,5.0891,5.1285,4.9707,5.0112,852400,12.7
2015-07-09,4.9707,5.2863,4.9707,5.2874,2328458,13.4
2015-07-10,5.3258,5.4047,5.2469,5.2874,1025616,13.4
2015-07-13,5.2863,5.7992,5.2863,5.7215,2730520,14.5
2015-07-14,5.7203,5.9175,5.6019,5.682,2674088,14.4
2015-07-15,5.6808,5.7992,5.523,5.5242,2249100,14
2015-07-16,5.4836,5.523,5.3652,5.4453,1019800,13.8
2015-07-17,5.3652,5.4836,5.3652,5.4058,837878,13.7
2015-07-20,5.4047,5.4836,5.2863,5.3664,844112,13.6
2015-07-21,5.4441,5.4441,5.3258,5.3269,629100,13.5
2015-07-22,5.3258,5.5625,5.2863,5.5637,862130,14.1
2015-07-23,5.6019,5.6808,5.4836,5.4847,894004,13.9
2015-07-24,5.4836,5.523,5.4441,5.4453,580100,13.8
2015-07-27,5.4047,5.523,5.3652,5.4847,617600,13.9
2015-07-28,5.523,5.5625,5.4441,5.4453,785030,13.8
2015-07-29,5.4836,5.4836,5.3652,5.3664,418800,13.6
2015-07-30,5.3258,5.4836,5.3258,5.4058,402728,13.7
2015-07-31,5.4441,5.523,5.3652,5.3664,403600,13.6
2015-08-03,5.3258,5.3652,5.2074,5.2874,878200,13.4
2015-08-04,5.2863,5.4047,5.2863,5.3664,737146,13.6
2015-08-05,5.3258,5.4441,5.3258,5.4453,357800,13.8
2015-08-06,5.4836,5.4836,5.3258,5.3269,380900,13.5
2015-08-07,5.3258,5.4047,5.2863,5.4058,439710,13.7
2015-08-10,5.4047,5.7203,5.4047,5.6031,1580124,14.2
2015-08-11,5.6019,5.6808,5.5625,5.5637,970600,14.1
2015-08-12,5.523,5.5625,5.2863,5.3664,1082300,13.6
2015-08-13,5.3652,5.4836,5.2469,5.3664,1123104,13.6
2015-08-14,5.3652,5.4441,5.2863,5.4453,706800,13.8
2015-08-17,5.4441,5.4836,5.2863,5.3269,1316000,13.5
2015-08-18,5.3652,5.4441,5.3258,5.4058,894500,13.7
2015-08-19,5.4047,5.4441,5.3258,5.3664,710500,13.6
2015-08-20,5.3652,5.4047,5.2863,5.3269,544900,13.5
2015-08-21,5.3258,5.3258,5.0102,5.2874,1501800,13.4
2015-08-24,5.2469,5.2469,4.9313,5.1296,2500834,13
2015-08-25,5.1285,5.3652,5.0891,5.3269,1148550,13.5
2015-08-26,5.2863,5.523,5.2469,5.5242,1096810,14
2015-08-27,5.5625,5.6808,5.5625,5.6031,2401124,14.2
2015-08-28,5.6019,6.0359,5.5625,5.9582,2453850,15.1
2015-08-31,5.9964,6.0359,5.7597,5.8793,758170,14.9
2015-09-01,5.8781,6.1937,5.8386,6.1161,1859870,15.5
2015-09-03,6.1148,6.3909,6.0753,6.2345,2700700,15.8
2015-09-04,6.1542,6.2726,6.1148,6.1161,867800,15.5
2015-09-07,6.0753,6.1148,5.9964,5.9977,1056360,15.2
2015-09-08,5.957,6.1937,5.9175,6.195,1279200,15.7
2015-09-09,6.2726,6.6671,6.2331,6.4317,2573185,16.3
2015-09-10,6.3909,6.5093,6.2726,6.4317,768300,16.3
2015-09-11,6.4304,6.4698,6.1542,6.195,1986510,15.7
2015-09-14,6.1937,6.312,6.0359,6.0766,605540,15.4
2015-09-15,6.0359,6.312,6.0359,6.2345,798200,15.8
2015-09-16,6.2331,6.3515,6.1937,6.2739,526800,15.9
2015-09-17,6.1937,6.3515,6.1937,6.2345,313200,15.8
2015-09-18,6.312,6.5093,6.2726,6.4317,1256600,16.3
2015-09-21,6.5093,6.6276,6.3909,6.5501,1203800,16.6
2015-09-22,6.5882,6.7854,6.5882,6.7474,1487072,17.1
2015-09-23,6.7065,6.9432,6.6276,6.8658,1917550,17.4
2015-09-24,6.8249,6.9432,6.5882,6.5896,2243180,16.7
2015-09-25,6.5487,6.6671,6.5093,6.629,1442900,16.8
2015-09-28,6.7065,6.9038,6.6276,6.6685,956100,16.9
2015-09-29,6.6276,6.6671,6.5093,6.6685,1450150,16.9
2015-09-30,6.6671,6.746,6.5882,6.5896,600445,16.7
2015-10-01,6.6276,6.7065,6.5093,6.5501,496000,16.6
2015-10-02,6.6276,6.6671,6.5093,6.5501,565800,16.6
2015-10-05,6.5487,6.6671,6.5487,6.629,598360,16.8
2015-10-06,6.7065,6.9432,6.6671,6.9447,1602660,17.6
2015-10-07,6.9827,7.0221,6.7065,6.708,1408069,17
2015-10-08,6.5093,6.8643,6.5093,6.7869,951110,17.2
2015-10-09,6.7854,6.8643,6.7065,6.8263,1516505,17.3
2015-10-12,6.8249,6.8643,6.7065,6.7474,716180,17.1
2015-10-13,6.7065,6.746,6.6276,6.6685,510720,16.9
2015-10-14,6.6276,6.746,6.6276,6.6685,257600,16.9
2015-10-15,6.6671,6.8643,6.6671,6.7474,835350,17.1
2015-10-16,6.746,6.8249,6.6671,6.6685,474700,16.9
2015-10-19,6.6671,6.7065,6.5882,6.629,361900,16.8
2015-10-20,6.6671,6.7065,6.4698,6.4712,897900,16.4
2015-10-21,6.4698,6.5487,6.312,6.3528,903300,16.1
2015-10-22,6.312,6.3515,6.1542,6.2739,870100,15.9
2015-10-23,6.312,6.5487,6.2726,6.4317,639300,16.3
2015-10-26,6.4698,6.4698,6.2726,6.3528,625227,16.1
2015-10-27,6.3515,6.3909,6.2726,6.3134,384458,16
2015-10-28,6.312,6.3909,6.2331,6.2739,621600,15.9
2015-10-29,6.2726,6.4698,6.2726,6.4712,518120,16.4
2015-10-30,6.5093,6.5093,6.3909,6.4712,257110,16.4
2015-11-02,6.4698,6.4698,6.2726,6.2739,496627,15.9
2015-11-03,6.312,6.3909,6.2331,6.3923,326200,16.2
2015-11-04,6.3909,6.4304,6.312,6.3528,323500,16.1
2015-11-05,6.3515,6.5093,6.3515,6.4317,561900,16.3
2015-11-06,6.3515,6.4304,6.312,6.3134,284700,16
2015-11-09,6.3515,6.3909,6.2726,6.3528,260200,16.1
2015-11-10,6.312,6.312,6.2331,6.2739,325000,15.9
2015-11-11,6.1937,6.2726,6.1937,6.2345,263905,15.8
2015-11-12,6.1937,6.1937,5.6414,5.7215,1383800,14.5
2015-11-13,5.6414,5.8781,5.523,5.8399,385220,14.8
2015-11-16,5.8386,5.8386,5.7203,5.7215,349220,14.5
2015-11-17,5.7597,5.7992,5.7203,5.7215,489800,14.5
2015-11-18,5.7203,5.7992,5.6808,5.8004,240800,14.7
2015-11-19,5.7992,5.7992,5.7203,5.761,119158,14.6
2015-11-20,5.7597,6.1148,5.7597,6.1161,946150,15.5
2015-11-23,6.1542,6.3909,6.1542,6.3923,646652,16.2
2015-11-24,6.3909,6.4698,6.1148,6.3134,472500,16
2015-11-25,6.1937,6.3909,6.1937,6.3134,932000,16
2015-11-26,6.1937,6.3515,6.0753,6.2345,160000,15.8
2015-11-27,6.2726,6.2726,6.1937,6.2345,528200,15.8
2015-11-30,6.1542,6.1542,5.9175,6.0766,249800,15.4
2015-12-01,6.0753,6.0753,5.957,5.9977,113000,15.2
2015-12-02,5.9175,6.0753,5.9175,6.0766,95700,15.4
2015-12-03,6.0359,6.1148,6.0359,6.0372,39200,15.3
2015-12-04,5.9964,6.0359,5.957,5.9977,38900,15.2
2015-12-07,5.9964,6.0359,5.957,6.0372,74000,15.3
2015-12-08,5.9175,6.1148,5.9175,6.0766,92400,15.4
2015-12-09,5.9175,6.0753,5.9175,5.9977,84500,15.2
2015-12-10,5.957,5.9964,5.9175,5.9188,103500,15
2015-12-11,5.9175,5.957,5.8781,5.9188,88600,15
2015-12-14,5.8781,5.8781,5.7597,5.761,87600,14.6
2015-12-15,5.7992,5.8781,5.7992,5.8793,40100,14.9
2015-12-16,5.8386,5.9175,5.8386,5.9188,41700,15
2015-12-17,5.9175,5.957,5.8781,5.9188,96600,15
2015-12-18,5.8781,5.957,5.8781,5.8793,68100,14.9
2015-12-21,5.8386,5.8386,5.7992,5.8399,75300,14.8
2015-12-22,5.7992,5.8386,5.7597,5.8399,51710,14.8
2015-12-23,5.8386,5.8386,5.6808,5.8399,102810,14.8
2015-12-24,5.8386,5.8386,5.7992,5.8004,14500,14.7
2015-12-25,5.7992,5.7992,5.7203,5.7215,46400,14.5
2015-12-28,5.7992,5.9175,5.6808,5.761,306800,14.6
2015-12-29,5.8386,5.957,5.8386,5.9582,105300,15.1
2015-12-30,5.9964,6.0359,5.9175,5.9582,220540,15.1
2015-12-31,5.957,6.1542,5.9175,6.1555,399100,15.6
2016-01-04,6.1937,6.1937,5.9175,5.9977,294000,15.2
2016-01-05,5.9175,5.9964,5.9175,5.9582,96600,15.1
2016-01-06,5.957,5.9964,5.9175,5.9977,54000,15.2
2016-01-07,5.9175,5.9175,5.7597,5.8793,135000,14.9
2016-01-08,5.7597,5.8386,5.6414,5.8004,174300,14.7
2016-01-11,5.7203,5.7992,5.6414,5.8004,94900,14.7
2016-01-12,5.7992,5.8386,5.7597,5.8399,110200,14.8
2016-01-13,5.8386,5.8781,5.7203,5.8004,89510,14.7
2016-01-14,5.7203,5.7992,5.6019,5.6426,93900,14.3
2016-01-15,5.6414,5.6414,5.4836,5.4847,156900,13.9
2016-01-18,5.4441,5.4441,5.0102,5.2085,278500,13.2
2016-01-19,5.0102,5.3652,5.0102,5.3664,200000,13.6
2016-01-20,5.3258,5.523,5.3258,5.3664,164600,13.6
2016-01-21,5.3258,5.3652,5.168,5.2874,123600,13.4
2016-01-22,5.2469,5.3652,5.168,5.3269,108000,13.5
2016-01-25,5.3652,5.8386,5.3258,5.8399,562720,14.8
2016-01-26,5.8386,5.8781,5.6808,5.761,769200,14.6
2016-01-27,5.7992,5.8781,5.7597,5.8399,117800,14.8
2016-01-28,5.7597,5.8386,5.7597,5.8004,241080,14.7
2016-01-29,5.8386,5.9964,5.7992,5.8399,88020,14.8
2016-02-01,5.8386,5.957,5.8386,5.8793,46500,14.9
2016-02-02,5.8386,5.8386,5.6019,5.761,100000,14.6
2016-02-03,5.7597,5.7992,5.6414,5.8004,37100,14.7
2016-02-04,5.8386,5.8386,5.7203,5.761,164400,14.6
2016-02-05,5.7597,5.7992,5.7203,5.761,34300,14.6
2016-02-15,5.7597,5.7597,5.6019,5.7215,43600,14.5
2016-02-16,5.7203,5.7597,5.6808,5.7215,109400,14.5
2016-02-17,5.7203,5.7597,5.6414,5.682,140600,14.4
2016-02-18,5.7203,5.7203,5.4441,5.5242,695100,14
2016-02-19,5.523,5.5625,5.4441,5.5242,153100,14
2016-02-22,6.0127,6.0562,5.6205,5.7079,296320,13.1
2016-02-23,5.7512,5.7512,5.577,5.6208,133500,12.9
2016-02-24,5.6205,5.6205,5.5334,5.5772,203700,12.8
2016-02-25,5.577,5.7948,5.577,5.6643,555400,13
2016-02-26,5.6641,5.6641,5.6205,5.6643,74400,13
2016-02-29,5.6641,5.7077,5.6205,5.6208,103120,12.9
2016-03-01,5.3591,5.6205,5.3591,5.5336,237100,12.7
2016-03-02,5.5334,5.6205,5.5334,5.6208,419507,12.9
2016-03-03,5.6205,5.6205,5.577,5.5772,172300,12.8
2016-03-04,5.577,5.577,5.5334,5.5336,127800,12.7
2016-03-07,5.5334,5.577,5.4898,5.5336,157100,12.7
2016-03-08,5.4463,5.4898,5.4027,5.4029,153900,12.4
2016-03-09,5.4027,5.577,5.4027,5.4465,358700,12.5
2016-03-10,5.4898,5.4898,5.4463,5.4465,84100,12.5
2016-03-11,5.4898,5.6205,5.4463,5.5336,410100,12.7
2016-03-14,5.4898,5.5334,5.4027,5.4465,125400,12.5
2016-03-15,5.4898,5.4898,5.4027,5.4465,571300,12.5
2016-03-16,5.4463,5.4463,5.3591,5.4029,181200,12.4
2016-03-17,5.4463,5.577,5.4463,5.5772,835000,12.8
2016-03-18,5.577,5.6205,5.4027,5.4029,229900,12.4
2016-03-21,5.4463,5.4463,5.3591,5.4029,137700,12.4
2016-03-22,5.3591,5.3591,5.3155,5.3593,42400,12.3
2016-03-23,5.3591,5.4898,5.3155,5.4465,383200,12.5
2016-03-24,5.4898,5.4898,5.4027,5.4029,142900,12.4
2016-03-25,5.0977,5.4463,5.0977,5.4029,366200,12.4
2016-03-28,5.4463,5.4898,5.4027,5.4465,241250,12.5
2016-03-29,5.4463,5.4463,5.3155,5.3593,153500,12.3
2016-03-30,5.4027,5.4027,5.272,5.3593,282700,12.3
2016-03-31,5.4027,5.4027,5.272,5.2722,389290,12.1
2016-04-01,4.8363,5.272,4.8363,5.0979,551840,11.7
2016-04-04,5.1413,5.3591,5.1413,5.185,196900,11.9
2016-04-05,5.2284,5.272,5.2284,5.2286,168600,12
2016-04-06,5.272,5.3155,5.2284,5.3158,196200,12.2
2016-04-07,5.5049,5.5049,5.2696,5.4118,156340,11.5
2016-04-08,5.3637,5.3637,5.2226,5.3176,65820,11.3
2016-04-11,5.2696,5.3167,5.2696,5.2706,140900,11.2
2016-04-12,5.2696,5.2696,5.1285,5.1765,96100,11
2016-04-13,5.1755,5.2226,5.1755,5.2235,181400,11.1
2016-04-14,5.1755,5.1755,5.1285,5.1765,122403,11
2016-04-15,5.1285,5.1755,5.0814,5.1294,99300,10.9
2016-04-19,5.0814,5.0814,4.9873,5.0353,101100,10.7
2016-04-20,5.0814,5.0814,4.9403,5.0353,140800,10.7
2016-04-21,5.0344,5.4578,5.0344,5.3647,424327,11.4
2016-04-22,5.3637,5.4108,5.3167,5.3647,239200,11.4
2016-04-25,5.4578,5.4578,5.2226,5.3176,191800,11.3
2016-04-26,5.2696,5.2696,5.1285,5.1765,275300,11
2016-04-27,5.1285,5.2696,5.0814,5.1765,130407,11
2016-04-28,5.1755,5.2226,5.0814,5.2235,368900,11.1
2016-04-29,5.1755,5.2226,5.1755,5.1765,106000,11
2016-05-04,5.1285,5.1755,5.0814,5.0823,88800,10.8
2016-05-05,5.0344,5.0814,4.9403,4.9882,148710,10.6
2016-05-06,5.0344,5.1285,5.0344,5.1294,110130,10.9
2016-05-09,5.1755,5.1755,4.9873,5.0823,120600,10.8
2016-05-10,5.0814,5.1285,4.9873,5.0353,35700,10.7
2016-05-11,5.0814,5.0814,4.9403,5.0353,104700,10.7
2016-05-12,5.0344,5.0344,4.9873,4.9882,85900,10.6
2016-05-13,5.0344,5.0814,4.9873,4.9882,245710,10.6
2016-05-16,4.9873,5.0344,4.8932,4.9882,39100,10.6
2016-05-17,5.0344,5.0344,4.9403,4.9882,93450,10.6
2016-05-18,4.9873,5.1285,4.9873,5.0353,155010,10.7
2016-05-19,5.0814,5.0814,5.0344,5.0823,49500,10.8
2016-05-20,5.0814,5.0814,4.9403,4.9882,93800,10.6
2016-05-23,4.5168,4.9873,4.5168,4.9412,126210,10.5
2016-05-24,4.9873,4.9873,4.8932,4.9412,26700,10.5
2016-05-25,4.9403,4.9873,4.9403,4.9882,257130,10.6
2016-05-26,4.9403,4.9873,4.9403,4.9412,47507,10.5
2016-05-27,4.8932,4.9403,4.7991,4.8941,228100,10.4
2016-05-30,5.0344,5.0814,4.8932,5.0823,837500,10.8
2016-05-31,5.1285,5.3637,5.1285,5.2706,646100,11.2
2016-06-01,5.2696,5.3167,4.7521,5.2706,339750,11.2
2016-06-02,5.2696,5.4108,5.2696,5.4118,449707,11.5
2016-06-03,5.4108,5.4108,5.3167,5.3176,298870,11.3
2016-06-06,5.3167,5.3637,5.1755,5.1765,332420,11
2016-06-07,5.1755,5.2696,5.1285,5.2235,165600,11.1
2016-06-08,5.2226,5.3167,5.1755,5.2235,491900,11.1
2016-06-09,5.2226,5.2696,5.1755,5.1765,355820,11
2016-06-10,5.2226,5.2696,5.1285,5.1294,271700,10.9
2016-06-13,5.1285,5.1285,4.9873,5.0353,312200,10.7
2016-06-14,4.9873,5.1285,4.9873,5.0823,224930,10.8
2016-06-15,5.0814,5.1285,5.0344,5.0823,191900,10.8
2016-06-16,5.0814,5.0814,5.0344,5.0353,195910,10.7
2016-06-17,5.0344,5.0344,4.9403,4.9412,153350,10.5
2016-06-20,4.9873,5.0814,4.9403,4.9882,67500,10.6
2016-06-21,5.0344,5.0344,4.9403,4.9882,85200,10.6
2016-06-22,4.9873,4.9873,4.8932,4.9412,215700,10.5
2016-06-23,4.9403,4.9873,4.8462,4.8941,300550,10.4
2016-06-24,4.8932,4.8932,4.4698,4.6588,606660,9.9
2016-06-27,4.6109,4.6109,4.4698,4.6118,98800,9.8
2016-06-28,4.4698,4.658,4.4698,4.6118,142100,9.8
2016-06-29,4.658,4.7991,4.658,4.7529,289050,10.1
2016-06-30,4.705,4.7991,4.658,4.7059,176680,10
2016-07-01,4.658,4.705,4.658,4.7059,239210,10
2016-07-04,4.705,4.705,4.658,4.6588,264120,9.9
2016-07-05,4.658,4.8462,4.658,4.8,1010990,10.2
2016-07-06,4.7991,4.9403,4.7521,4.9412,620410,10.5
2016-07-07,4.9403,5.2226,4.9403,5.1765,1054320,11
2016-07-08,5.2226,5.2226,5.0344,5.0823,495437,10.8
2016-07-11,5.0814,5.1285,4.8462,4.8471,613500,10.3
2016-07-12,4.8462,4.9403,4.7521,4.9412,406950,10.5
2016-07-13,4.9403,5.0344,4.8932,4.9412,282400,10.5
2016-07-14,4.9403,4.9873,4.7991,4.8941,294300,10.4
2016-07-15,4.8932,4.9403,4.7991,4.8471,227157,10.3
2016-07-18,4.8462,4.9403,4.8462,4.8941,195610,10.4
2016-07-19,4.8462,4.9873,4.8462,4.8941,327865,10.4
2016-07-20,4.8932,4.9403,4.8462,4.8471,230000,10.3
2016-07-21,4.8462,4.8932,4.658,4.7529,397400,10.1
2016-07-22,4.7521,4.8462,4.705,4.8471,319500,10.3
2016-07-25,4.7991,4.8932,4.7991,4.8941,335300,10.4
2016-07-26,4.8932,4.8932,4.7991,4.8,125700,10.2
2016-07-27,4.7991,4.8462,4.7521,4.8471,127000,10.3
2016-07-28,4.7991,4.8462,4.7521,4.8,165600,10.2
2016-07-29,4.7521,4.7991,4.705,4.7059,238920,10
2016-08-01,4.7521,4.7521,4.658,4.7059,228200,10
2016-08-02,4.658,4.7521,4.6109,4.7059,241200,10
2016-08-03,4.705,4.705,4.6109,4.7059,417550,10
2016-08-04,4.7991,4.7991,4.6109,4.7059,339300,10
2016-08-05,4.658,4.705,4.5639,4.6588,271310,9.9
2016-08-08,4.6109,4.658,4.5168,4.5176,267300,9.6
2016-08-09,4.5168,4.658,4.5168,4.6588,251400,9.9
2016-08-10,4.6109,4.658,4.6109,4.6118,194000,9.8
2016-08-11,4.5639,5.0344,4.5639,5.0353,1702150,10.7
2016-08-12,4.9403,5.1285,4.9403,4.9882,608800,10.6
2016-08-15,4.9873,4.9873,4.8462,4.9412,426305,10.5
2016-08-16,4.8932,4.9873,4.8462,4.8941,1058630,10.4
2016-08-17,4.8462,4.9873,4.7991,4.8471,653200,10.3
2016-08-18,4.8462,4.8932,4.7991,4.8471,555100,10.3
2016-08-19,4.8462,4.8462,4.658,4.7059,525350,10
2016-08-22,4.6109,4.7521,4.6109,4.7059,546430,10
2016-08-23,4.658,4.7521,4.658,4.7529,521720,10.1
2016-08-24,4.705,4.7521,4.705,4.7529,438910,10.1
2016-08-25,4.7521,4.7521,4.5639,4.6588,723300,9.9
2016-08-26,4.6109,4.705,4.6109,4.6588,393100,9.9
2016-08-29,4.705,4.7521,4.6109,4.6588,468500,9.9
2016-08-30,4.6109,4.658,4.5639,4.6588,698400,9.9
2016-08-31,4.5639,4.658,4.5639,4.6118,404725,9.8
2016-09-01,4.6109,4.705,4.6109,4.7059,561510,10
2016-09-05,4.705,4.705,4.6109,4.6588,290920,9.9
2016-09-06,4.658,4.705,4.6109,4.7059,187000,10
2016-09-07,4.658,4.705,4.6109,4.6588,313100,9.9
2016-09-08,4.658,4.658,4.6109,4.6588,123600,9.9
2016-09-09,4.6109,4.7991,4.6109,4.7529,1278600,10.1
2016-09-12,4.705,4.7521,4.6109,4.6588,493355,9.9
2016-09-13,4.6109,4.705,4.6109,4.6588,261500,9.9
2016-09-14,4.6109,4.705,4.6109,4.6118,596000,9.8
2016-09-15,4.6109,4.658,4.5639,4.5647,446500,9.7
2016-09-16,4.5639,4.6109,4.5168,4.5647,138600,9.7
2016-09-19,4.6109,4.6109,4.5168,4.5647,105225,9.7
2016-09-20,4.6109,4.6109,4.4227,4.5647,157474,9.7
2016-09-21,4.5168,4.5639,4.4698,4.5176,238430,9.6
2016-09-22,4.5168,4.5168,4.4227,4.5176,215500,9.6
2016-09-23,4.4698,4.5168,4.4698,4.4706,151900,9.5
2016-09-26,4.5639,4.658,4.4227,4.6588,406650,9.9
2016-09-27,4.658,4.705,4.5639,4.6118,129200,9.8
2016-09-28,4.6109,4.6109,4.5639,4.6118,138500,9.8
2016-09-29,4.5639,4.705,4.5639,4.7059,494040,10
2016-09-30,4.705,4.7991,4.658,4.7059,336340,10
2016-10-03,4.705,4.7521,4.658,4.7059,131500,10
2016-10-04,4.705,4.705,4.6109,4.6588,218200,9.9
2016-10-05,4.6109,4.658,4.6109,4.6588,102930,9.9
2016-10-06,4.658,4.705,4.6109,4.7059,113604,10
2016-10-07,4.705,4.705,4.658,4.6588,290220,9.9
2016-10-10,4.658,4.705,4.6109,4.7059,130105,10
2016-10-11,4.658,4.705,4.6109,4.7059,121925,10
2016-10-12,4.658,4.705,4.658,4.6588,74300,9.9
2016-10-13,4.658,4.705,4.658,4.7059,98200,10
2016-10-14,4.658,4.8462,4.658,4.8471,397560,10.3
2016-10-17,4.8462,4.8932,4.8462,4.8471,339180,10.3
2016-10-18,4.8932,5.1755,4.8932,5.1294,780545,10.9
2016-10-19,5.1285,5.1285,5.0344,5.0823,649450,10.8
2016-10-20,5.0814,5.1285,5.0344,5.1294,382300,10.9
2016-10-21,5.0814,5.1285,4.9873,4.9882,292065,10.6
2016-10-24,4.9403,5.2696,4.9403,5.2706,969200,11.2
2016-10-25,5.2696,5.2696,5.1285,5.1765,267320,11
2016-10-26,5.1285,5.1755,5.0344,5.0823,496400,10.8
2016-10-27,5.0814,5.2226,5.0814,5.0823,709300,10.8
2016-10-28,5.0814,5.1755,5.0344,5.0823,203800,10.8
2016-10-31,5.1285,5.2226,5.0814,5.1294,279700,10.9
2016-11-01,5.1285,5.1755,5.0814,5.1294,361490,10.9
2016-11-02,5.0814,5.0814,4.9403,4.9412,308600,10.5
2016-11-03,4.9403,4.9403,4.705,4.7529,653561,10.1
2016-11-04,4.7521,4.8462,4.705,4.8471,213700,10.3
2016-11-07,4.8462,4.9873,4.7991,4.9412,269040,10.5
2016-11-08,4.9403,5.2696,4.8932,5.2235,1756081,11.1
2016-11-09,5.2226,5.2696,4.9873,5.1765,1737160,11
2016-11-10,5.1755,5.4578,5.1755,5.3647,1538490,11.4
2016-11-11,5.3637,5.599,5.3637,5.4588,1915117,11.6
2016-11-14,5.4578,5.599,5.4108,5.4588,1681800,11.6
2016-11-15,5.4578,5.5049,5.3637,5.4588,1664010,11.6
2016-11-16,5.4578,5.6931,5.4578,5.6471,1618050,12
2016-11-17,5.599,5.7401,5.5519,5.6471,1712640,12
2016-11-18,5.646,5.6931,5.5519,5.6471,1530500,12
2016-11-21,5.646,5.646,5.5519,5.6471,1620950,12
2016-11-22,5.646,5.8342,5.599,5.7882,1935130,12.3
2016-11-23,5.7872,5.8342,5.6931,5.7882,1736800,12.3
2016-11-24,5.7872,5.7872,5.6931,5.7412,1714820,12.2
2016-11-25,5.7401,5.7401,5.5049,5.6,1682600,11.9
2016-11-28,5.599,5.599,5.4108,5.4118,1088900,11.5
2016-11-29,4.8932,5.5519,4.8932,5.4588,1233040,11.6
2016-11-30,5.9754,5.9754,5.3637,5.4588,1372400,11.6
2016-12-01,5.4578,5.6931,5.4578,5.5529,1912400,11.8
2016-12-02,5.5519,5.646,5.5519,5.6471,1724800,12
2016-12-05,5.646,5.646,5.5049,5.5529,1331240,11.8
2016-12-06,5.5519,5.6931,5.4578,5.5529,2048700,11.8
2016-12-07,5.5519,5.599,5.4578,5.4588,1351100,11.6
2016-12-08,5.4578,5.9754,5.4578,5.6471,1895020,12
2016-12-09,5.646,5.6931,5.5519,5.6471,1758200,12
2016-12-12,5.646,5.646,5.4578,5.4588,1440850,11.6
2016-12-13,5.4578,5.5049,5.3167,5.4588,1799500,11.6
2016-12-14,5.4578,5.6931,5.4108,5.6471,1574700,12
2016-12-15,5.646,5.7401,5.5049,5.6,716400,11.9
2016-12-16,5.599,5.646,5.5519,5.6471,462820,12
2016-12-19,5.646,6.1165,5.646,5.9765,2361587,12.7
2016-12-20,5.9283,6.1165,5.7872,5.8353,1790100,12.4
2016-12-21,5.8342,5.9283,5.6931,5.8353,1592000,12.4
2016-12-22,5.8342,5.9283,5.6931,5.7412,917400,12.2
2016-12-23,5.7872,5.8813,5.7401,5.8823,1825500,12.5
2016-12-26,5.8813,5.9283,5.7401,5.8353,2603600,12.4
2016-12-27,5.8342,5.8342,5.6931,5.8353,1518400,12.4
2016-12-28,5.8813,5.8813,5.7401,5.7882,1419910,12.3
2016-12-29,5.7401,5.7872,5.646,5.7882,1691900,12.3
2016-12-30,5.8342,5.9283,5.646,5.8823,2294360,12.5
2017-01-03,5.8813,5.8813,5.7401,5.8353,1661810,12.4
2017-01-04,5.8342,5.9754,5.7401,5.8353,1314907,12.4
2017-01-05,5.8342,5.9283,5.7401,5.8823,1696800,12.5
2017-01-06,5.8813,6.0224,5.8342,5.8823,1639750,12.5
2017-01-09,5.8813,5.9754,5.8342,5.8823,1309756,12.5
2017-01-10,5.8813,6.1636,5.8813,6.1647,3153550,13.1
2017-01-11,6.1165,6.2106,6.0695,6.1176,380375,13
2017-01-12,6.1165,6.2106,6.0695,6.1176,428570,13
2017-01-13,6.1165,6.1636,6.0224,6.0235,837900,12.8
2017-01-16,5.9754,6.587,5.9754,6.0706,889000,12.9
2017-01-17,6.0695,6.1636,5.9754,6.1647,884300,13.1
2017-01-18,6.1636,6.2106,6.0695,6.1176,639200,13
2017-01-19,6.0695,6.1165,5.9754,6.0235,1005100,12.8
2017-01-20,6.0224,6.0695,5.9754,6.0706,567000,12.9
2017-01-23,6.0695,6.1165,5.9754,6.0706,294700,12.9
2017-01-24,6.0695,6.1636,5.9754,6.1647,663400,13.1
2017-01-25,5.9754,6.2106,5.7872,6.1647,489100,13.1
2017-02-02,6.1636,6.2106,6.1165,6.2118,180160,13.2
2017-02-03,6.2106,6.2577,6.1636,6.2588,454810,13.3
2017-02-06,6.2577,6.4459,6.1636,6.4,958125,13.6
2017-02-07,6.3988,6.4459,6.3047,6.3529,801510,13.5
2017-02-08,6.3988,6.3988,6.2106,6.3059,524500,13.4
2017-02-09,6.3047,6.3518,6.2106,6.3059,695850,13.4
2017-02-10,6.3047,6.3047,6.1636,6.2118,436560,13.2
2017-02-13,6.2106,6.4459,6.1165,6.4471,1241410,13.7
2017-02-14,6.3988,6.3988,6.1636,6.3059,468650,13.4
2017-02-15,6.3047,6.3518,6.1636,6.2588,977731,13.3
2017-02-16,6.2577,6.2577,6.1636,6.1647,625910,13.1
2017-02-17,6.1636,6.2577,6.1165,6.1647,846660,13.1
2017-02-20,6.1636,6.3047,6.1636,6.3059,1415630,13.4
2017-02-21,6.3047,6.3518,6.2106,6.3059,1186957,13.4
2017-02-22,6.3047,6.3047,6.1636,6.2118,1252155,13.2
2017-02-23,6.2106,6.2106,6.0224,6.0706,759410,12.9
2017-02-24,6.0695,6.0695,5.9283,6.0235,2277670,12.8
2017-02-27,6.0224,6.2106,5.9283,6.0235,3168675,12.8
2017-02-28,6.0224,6.0695,5.9283,5.9765,1359240,12.7
2017-03-01,5.9754,6.0224,5.8813,5.9294,1301270,12.6
2017-03-02,5.8813,5.9754,5.8813,5.9765,1420250,12.7
2017-03-03,5.9283,5.9754,5.6931,5.8823,1132110,12.5
2017-03-06,5.8813,5.9754,5.7401,5.8823,1257300,12.5
2017-03-07,5.8813,5.9283,5.7401,5.8353,938565,12.4
2017-03-08,5.8342,5.8342,5.646,5.7412,1388810,12.2
2017-03-09,5.7401,5.9754,5.7401,5.9294,934623,12.6
2017-03-10,5.9283,5.9754,5.8342,5.9765,1265915,12.7
2017-03-13,5.9283,5.9754,5.8342,5.9294,969700,12.6
2017-03-14,5.8813,5.9283,5.7872,5.8823,834000,12.5
2017-03-15,5.8813,5.9754,5.7401,5.8353,1214225,12.4
2017-03-16,5.8342,5.9283,5.7872,5.9294,1106400,12.6
2017-03-17,5.9283,5.9754,5.8342,5.9294,1045510,12.6
2017-03-20,5.9283,5.9283,5.8342,5.8823,1002325,12.5
2017-03-21,5.8813,5.9283,5.7872,5.7882,1003705,12.3
2017-03-22,5.7872,5.7872,5.6931,5.7412,978800,12.2
2017-03-23,5.7401,5.7872,5.599,5.7882,1188400,12.3
2017-03-24,5.7872,5.8342,5.599,5.7412,928400,12.2
2017-03-27,5.7401,5.7401,5.646,5.7412,852300,12.2
2017-03-28,5.7401,5.7401,5.646,5.6941,773090,12.1
2017-03-29,5.6931,5.7401,5.5519,5.6941,876200,12.1
2017-03-30,5.646,5.6931,5.599,5.6471,950200,12
2017-03-31,5.646,5.646,5.5519,5.6,910300,11.9
2017-04-03,5.599,5.646,5.5519,5.6,1017100,11.9
2017-04-04,5.599,5.646,5.5049,5.5059,1188300,11.7
2017-04-05,5.5049,5.599,5.4578,5.5059,864400,11.7
2017-04-07,5.5049,5.5049,5.3637,5.4588,883300,11.6
2017-04-10,5.4578,5.6931,5.4578,5.5529,4510050,11.8
2017-04-11,5.599,5.7872,5.5519,5.6941,4210620,12.1
2017-04-12,5.7401,6.0224,5.6931,5.8823,4090950,12.5
2017-04-13,5.9754,6.3988,5.8813,6.0706,4255700,12.9
2017-04-14,6.0695,6.0695,5.8342,5.9765,2932230,12.7
2017-04-17,5.9754,6.1165,5.7401,5.8823,2536100,12.5
2017-04-18,5.8342,5.8342,5.599,5.8353,2313800,12.4
2017-04-19,5.8342,5.8342,5.646,5.7882,1748500,12.3
2017-04-20,5.7872,5.8813,5.599,5.6,1596700,11.9
2017-04-21,5.599,5.646,5.5519,5.6,1272900,11.9
2017-04-24,5.599,5.599,5.3637,5.3647,1516370,11.4
2017-04-25,5.3637,5.4108,5.2226,5.3647,1003900,11.4
2017-04-26,5.2696,5.5519,5.2226,5.4588,1270560,11.6
2017-04-27,5.4578,5.5049,5.2696,5.3647,1631600,11.4
2017-04-28,5.3167,5.3637,5.2226,5.3647,1042900,11.4
2017-05-03,5.3637,5.4578,5.2696,5.4588,1109710,11.6
2017-05-04,5.4578,5.646,5.4578,5.5059,1486680,11.7
2017-05-05,5.5049,5.8342,5.5049,5.8353,7013150,12.4
2017-05-08,5.9754,5.9754,5.6931,5.7882,4632110,12.3
2017-05-09,5.7872,5.7872,5.646,5.6471,3401400,12
2017-05-10,5.646,6.1636,5.599,5.9765,5837090,12.7
2017-05-11,5.9754,6.0695,5.7872,5.8823,3927000,12.5
2017-05-12,5.8813,5.9283,5.7401,5.8823,3209901,12.5
2017-05-15,5.8813,6.1165,5.7872,6.0706,4141020,12.9
2017-05-16,6.0695,6.2106,5.8342,5.8353,4394700,12.4
2017-05-17,5.8342,5.8813,5.6931,5.8353,3179520,12.4
2017-05-18,5.7872,5.7872,5.5519,5.5529,3439880,11.8
2017-05-19,5.5519,5.7401,5.5049,5.6941,2107180,12.1
2017-05-22,5.6931,5.7872,5.646,5.6941,2055000,12.1
2017-05-23,5.6931,5.6931,5.5519,5.5529,1554250,11.8
2017-05-24,5.5519,5.599,5.5049,5.6,1391200,11.9
2017-05-25,5.646,5.7401,5.5519,5.5529,1769700,11.8
2017-05-26,5.5519,5.646,5.5049,5.5529,1837900,11.8
2017-05-29,5.5519,5.646,5.5049,5.6,1520960,11.9
2017-05-30,5.599,5.599,5.4578,5.4588,1722110,11.6
2017-05-31,5.4578,5.5049,5.4108,5.4118,1258720,11.5
2017-06-01,5.4108,5.5049,5.3167,5.4118,1636000,11.5
2017-06-02,5.4108,5.4108,5.2696,5.3176,1376800,11.3
2017-06-05,5.3167,5.5049,5.3167,5.4588,1258580,11.6
2017-06-06,5.4578,5.5049,5.4108,5.4588,1293740,11.6
2017-06-07,5.4578,5.5049,5.4108,5.4588,2098582,11.6
2017-06-08,5.4578,5.7872,5.4108,5.4588,5471570,11.6
2017-06-09,5.7132,5.7629,5.5642,5.7134,1744210,11.5
2017-06-12,5.7132,5.7629,5.6138,5.6637,490600,11.4
2017-06-13,5.6635,5.6635,5.5145,5.5644,1164700,11.2
2017-06-14,5.5642,5.6635,5.4648,5.6637,1419400,11.4
2017-06-15,5.6635,5.7132,5.6138,5.6637,1516700,11.4
2017-06-16,5.6635,5.6635,5.5642,5.6637,1353400,11.4
2017-06-19,5.6635,5.6635,5.5642,5.6141,1552300,11.3
2017-06-20,5.5642,5.6635,5.5642,5.6141,1361660,11.3
2017-06-21,5.6138,5.6635,5.5145,5.6141,1607900,11.3
2017-06-22,5.5642,5.6138,5.4648,5.465,1500900,11
2017-06-23,5.4648,5.5642,5.4151,5.5644,1025500,11.2
2017-06-26,5.5642,5.6138,5.5145,5.5644,753700,11.2
2017-06-27,5.5642,5.5642,5.4648,5.5147,803800,11.1
2017-06-28,5.5145,5.5145,5.4648,5.465,616859,11
2017-06-29,5.4648,5.5642,5.4648,5.5147,643300,11.1
2017-06-30,5.5145,5.8126,5.4648,5.7134,2381360,11.5
2017-07-03,5.7629,5.8126,5.6635,5.7631,1005200,11.6
2017-07-04,5.7629,5.8126,5.6635,5.7134,1380770,11.5
2017-07-05,5.7132,5.7629,5.6635,5.6637,983880,11.4
2017-07-06,5.6635,6.0113,5.6635,6.0115,2916120,12.1
2017-07-07,6.0113,6.061,5.8622,5.8625,1930028,11.8
2017-07-10,5.8622,6.0113,5.8622,6.0115,1761550,12.1
2017-07-11,5.9119,6.21,5.9119,6.2103,2567520,12.5
2017-07-12,6.21,6.2597,6.1106,6.2599,1963570,12.6
2017-07-13,6.2597,6.2597,6.1106,6.2103,1430341,12.5
2017-07-14,6.21,6.21,5.9119,6.1109,2223828,12.3
2017-07-17,6.061,6.359,5.9119,5.9618,3089742,12
2017-07-18,5.9616,6.061,5.8126,5.9618,2060820,12
2017-07-19,6.0749,6.2376,5.8579,5.9126,1148450,10.9
2017-07-20,5.9664,5.9664,5.7494,5.9126,1392825,10.9
2017-07-21,5.9122,6.0206,5.7494,5.8041,1270640,10.7
2017-07-24,5.7494,5.8037,5.5325,5.6414,1196175,10.4
2017-07-25,5.641,5.7494,5.641,5.7499,1211122,10.6
2017-07-26,5.7494,5.8037,5.641,5.8041,1955320,10.7
2017-07-27,5.8037,5.8037,5.6952,5.8041,1526108,10.7
2017-07-28,5.8037,5.8037,5.6952,5.7499,987930,10.6
2017-07-31,5.8037,5.8037,5.5867,5.7499,1253250,10.6
2017-08-01,5.7494,5.9664,5.641,5.8041,2732078,10.7
2017-08-02,5.8037,5.8579,5.7494,5.7499,1247125,10.6
2017-08-03,5.7494,5.8037,5.6952,5.6956,1049030,10.5
2017-08-04,5.6952,5.7494,5.5325,5.6414,1060410,10.4
2017-08-07,5.641,5.8037,5.5325,5.7499,2279300,10.6
2017-08-08,5.8037,5.8037,5.641,5.7499,1787537,10.6
2017-08-09,5.7494,5.7494,5.5325,5.6956,1798050,10.5
2017-08-10,5.641,5.6952,5.5867,5.5871,1482720,10.3
2017-08-11,5.5867,5.641,5.5325,5.5871,1439390,10.3
2017-08-14,5.5867,5.6952,5.4782,5.6414,1721630,10.4
2017-08-15,5.641,5.6952,5.5867,5.6414,1441028,10.4
2017-08-16,5.641,5.641,5.5867,5.5871,1291740,10.3
2017-08-17,5.6952,5.6952,5.5325,5.5871,1513550,10.3
2017-08-18,5.5867,5.641,5.5325,5.5871,852600,10.3
2017-08-21,5.5867,5.641,5.4782,5.6414,1429100,10.4
2017-08-22,5.641,5.641,5.5325,5.6414,1323150,10.4
2017-08-23,5.5867,5.641,5.5325,5.6414,1355850,10.4
2017-08-24,5.641,5.6952,5.5867,5.5871,1341400,10.3
2017-08-25,5.5867,5.641,5.5325,5.5871,1248513,10.3
2017-08-28,5.5867,5.641,5.5325,5.5871,1346950,10.3
2017-08-29,5.5867,5.5867,5.5325,5.5329,1157900,10.2
2017-08-30,5.4782,5.641,5.4782,5.5329,1448950,10.2
2017-08-31,5.5867,5.641,5.5325,5.6414,1068625,10.4
2017-09-01,5.6952,5.6952,5.5325,5.6414,1428845,10.4
2017-09-05,5.5867,5.641,5.5325,5.5329,1422890,10.2
2017-09-06,5.5325,5.5867,5.424,5.5329,1753401,10.2
2017-09-07,5.5325,5.5867,5.4782,5.5329,1213950,10.2
2017-09-08,5.5325,5.5867,5.4782,5.5329,1205010,10.2
2017-09-11,5.5325,5.5867,5.424,5.4786,1121770,10.1
2017-09-12,5.4782,5.5325,5.424,5.4244,1365001,10
2017-09-13,5.424,5.5325,5.3698,5.4786,1946160,10.1
2017-09-14,5.4782,5.5325,5.424,5.5329,1235570,10.2
2017-09-15,5.5325,5.5325,5.424,5.5329,1579570,10.2
2017-09-18,5.4782,5.5325,5.424,5.5329,1482395,10.2
2017-09-19,5.5325,5.5867,5.424,5.5329,1828188,10.2
2017-09-20,5.4782,5.5325,5.424,5.4786,799890,10.1
2017-09-21,5.4782,5.5325,5.4782,5.4786,793760,10.1
2017-09-22,5.4782,5.5325,5.424,5.5329,574283,10.2
2017-09-25,5.4782,5.5325,5.424,5.5329,619880,10.2
2017-09-26,5.5325,5.5325,5.424,5.5329,646077,10.2
2017-09-27,5.5325,5.5325,5.424,5.5329,597017,10.2
2017-09-28,5.5325,5.5325,5.4782,5.4786,645615,10.1
2017-09-29,5.4782,5.4782,5.3698,5.4786,852775,10.1
2017-10-02,5.4782,5.4782,5.424,5.4244,740900,10
2017-10-03,5.424,5.4782,5.3155,5.4244,575250,10
2017-10-04,5.3698,5.424,5.3698,5.4244,617250,10
2017-10-05,5.424,5.4782,5.3698,5.3701,1113000,9.9
2017-10-06,5.3698,5.3698,5.3155,5.3159,793557,9.8
2017-10-09,5.3155,5.3698,5.207,5.2617,1155600,9.7
2017-10-10,5.2613,5.4782,5.2613,5.3701,1652511,9.9
2017-10-11,5.3698,5.424,5.3698,5.4244,1521939,10
2017-10-12,5.4782,5.4782,5.3698,5.4786,1912565,10.1
2017-10-13,5.4782,5.7494,5.424,5.6414,1457774,10.4
2017-10-16,5.641,5.6952,5.5867,5.6414,1687900,10.4
2017-10-17,5.641,5.6952,5.5867,5.6414,1241199,10.4
2017-10-18,5.641,5.641,5.5867,5.5871,1271690,10.3
2017-10-19,5.5867,5.641,5.5325,5.5871,1016914,10.3
2017-10-20,5.5325,5.641,5.5325,5.5329,1453500,10.2
2017-10-23,5.5325,5.5867,5.4782,5.5329,1372767,10.2
2017-10-24,5.4782,5.5325,5.424,5.5329,1049550,10.2
2017-10-25,5.5325,5.9664,5.5325,5.8041,5690850,10.7
2017-10-26,5.8037,5.9664,5.5867,5.8041,3825550,10.7
2017-10-27,5.8037,5.8037,5.7494,5.8041,2903750,10.7
2017-10-30,5.8037,5.9122,5.641,5.7499,3490860,10.6
2017-10-31,5.207,6.0749,5.207,5.8041,5003120,10.7
2017-11-01,5.8037,5.8037,5.641,5.6956,2757580,10.5
2017-11-02,5.641,5.8037,5.4782,5.5871,3424349,10.3
2017-11-03,5.5867,5.641,5.4782,5.6414,2405881,10.4
2017-11-06,5.641,5.6952,5.5325,5.6414,2428340,10.4
2017-11-07,5.641,5.8579,5.5867,5.8041,3678260,10.7
2017-11-08,5.8037,6.1291,5.8037,6.1296,4676900,11.3
2017-11-09,6.0749,6.1291,5.9664,6.0211,1782450,11.1
2017-11-10,5.9664,6.0749,5.8037,6.0211,3852960,11.1
2017-11-13,5.9664,6.0206,5.8037,5.9126,3845620,10.9
2017-11-14,5.9122,5.9122,5.7494,5.8041,3965140,10.7
2017-11-15,5.7494,5.8037,5.4782,5.7499,3924070,10.6
2017-11-16,5.7494,5.8037,5.5867,5.6414,3536200,10.4
2017-11-17,5.5867,5.8037,5.5867,5.7499,3564460,10.6
2017-11-20,5.6952,5.9122,5.6952,5.6956,3929859,10.5
2017-11-21,5.6952,5.7494,5.5867,5.7499,3333010,10.6
2017-11-22,5.7494,5.7494,5.641,5.7499,3372511,10.6
2017-11-23,5.6952,5.7494,5.641,5.6956,3223370,10.5
2017-11-24,5.6952,5.8037,5.641,5.6956,3523261,10.5
2017-11-27,5.6952,5.8037,5.6952,5.7499,2358760,10.6
2017-11-28,5.7494,5.8037,5.6952,5.7499,929243,10.6
2017-11-29,5.7494,5.7494,5.6952,5.6956,798045,10.5
2017-11-30,5.6952,5.9664,5.641,5.8583,2375810,10.8
2017-12-01,5.8579,6.0206,5.8037,5.9668,2141870,11
2017-12-04,6.0206,6.0749,5.8037,5.8583,2104792,10.8
2017-12-05,5.8579,5.8579,5.6952,5.6956,1441794,10.5
2017-12-06,5.7494,5.7494,5.641,5.7499,1832410,10.6
2017-12-07,5.6952,5.8037,5.641,5.6956,1568910,10.5
2017-12-08,5.6952,5.6952,5.641,5.6414,595350,10.4
2017-12-11,5.5867,5.6952,5.2613,5.5329,1021240,10.2
2017-12-12,5.5325,5.5867,5.3698,5.4786,1363130,10.1
2017-12-13,5.4782,5.641,5.4782,5.5871,513600,10.3
2017-12-14,5.5867,5.641,5.5325,5.5871,849120,10.3
2017-12-15,5.5867,5.641,5.5325,5.5329,755660,10.2
2017-12-18,5.5867,5.641,5.5867,5.5871,517710,10.3
2017-12-19,5.5867,5.6952,5.5867,5.6414,636720,10.4
2017-12-20,5.5867,5.5867,5.5325,5.5329,711820,10.2
2017-12-21,5.5867,5.5867,5.4782,5.5329,406020,10.2
2017-12-22,5.5325,5.5325,5.4782,5.4786,468740,10.1
2017-12-25,5.4782,5.4782,5.424,5.4786,537220,10.1
2017-12-26,5.4782,5.5325,5.424,5.5329,676133,10.2
2017-12-27,5.5325,5.5325,5.424,5.4786,364644,10.1
2017-12-28,5.4782,5.5325,5.424,5.4786,393006,10.1
2017-12-29,5.4782,5.641,5.424,5.6414,864020,10.4
2018-01-02,5.5867,5.641,5.5325,5.5871,473250,10.3
2018-01-03,5.5867,5.641,5.4782,5.5871,726331,10.3
2018-01-04,5.5867,5.8579,5.5867,5.8041,1463310,10.7
2018-01-05,5.8579,5.8579,5.7494,5.7499,692810,10.6
2018-01-08,5.6952,5.8037,5.6952,5.7499,547745,10.6
2018-01-09,5.7494,5.9664,5.641,5.9126,1543600,10.9
2018-01-10,5.9664,6.0749,5.8579,6.0753,1846065,11.2
2018-01-11,6.0206,6.0206,5.8579,5.9126,1103720,10.9
2018-01-12,5.9122,6.1291,5.8579,5.9126,880880,10.9
2018-01-15,5.9122,5.9664,5.8037,5.9126,255790,10.9
2018-01-16,5.9122,5.9122,5.8037,5.8583,508325,10.8
2018-01-17,5.9122,5.9122,5.6952,5.6956,706578,10.5
2018-01-18,5.641,5.7494,5.5867,5.6956,1064380,10.5
2018-01-19,5.8579,5.8579,5.641,5.6414,392000,10.4
2018-01-22,5.6952,5.7494,5.5867,5.7499,740108,10.6
2018-01-23,5.7494,5.9122,5.7494,5.8041,558047,10.7
2018-01-24,5.8037,5.9122,5.8037,5.8583,365950,10.8
2018-01-25,5.8037,5.8037,5.6952,5.6956,413300,10.5
2018-01-26,5.7494,5.7494,5.5867,5.5871,481027,10.3
2018-01-29,5.641,5.6952,5.5867,5.5871,238430,10.3
2018-01-30,5.5867,6.1291,5.5867,6.1296,1668040,11.3
2018-01-31,6.2918,6.563,6.1291,6.1838,2733792,11.4
2018-02-01,6.2376,6.2918,5.9664,6.0753,1170540,11.2
2018-02-02,5.9664,6.0749,5.9664,6.0753,450060,11.2
2018-02-05,5.9664,5.9664,5.5867,5.5871,1363133,10.3
2018-02-06,5.5867,5.6952,5.2613,5.6414,1690395,10.4
2018-02-07,5.6952,5.8037,5.641,5.7499,332000,10.6
2018-02-08,5.6952,5.7494,5.641,5.6956,318140,10.5
2018-02-09,5.5325,5.641,5.424,5.5871,593230,10.3
2018-02-12,5.6952,5.7494,5.641,5.7499,155770,10.6
2018-02-13,5.7494,5.9664,5.641,5.9126,536430,10.9
2018-02-21,5.9664,5.9664,5.8037,5.8041,205350,10.7
2018-02-22,5.7494,5.8579,5.6952,5.6956,349160,10.5
2018-02-23,5.8037,5.8037,5.7494,5.8041,224265,10.7
2018-02-26,5.8579,5.9122,5.6952,5.8583,1112309,10.8
2018-02-27,5.9122,5.9122,5.6952,5.6956,412836,10.5
2018-02-28,5.6952,5.7494,5.641,5.6956,219910,10.5
2018-03-01,5.641,5.7494,5.641,5.7499,276820,10.6
2018-03-02,5.6952,5.6952,5.6952,5.6956,317859,10.5
2018-03-05,5.6952,5.9122,5.6952,5.6956,999814,10.5
2018-03-06,5.7494,5.8037,5.6952,5.7499,431975,10.6
2018-03-07,5.7494,5.8037,5.641,5.6956,612412,10.5
2018-03-08,5.6952,5.7494,5.641,5.6414,201743,10.4
2018-03-09,5.6952,5.7494,5.641,5.6956,119324,10.5
2018-03-12,5.6952,5.7494,5.641,5.6956,381310,10.5
2018-03-13,5.6952,5.6952,5.641,5.6414,352150,10.4
2018-03-14,5.6952,5.8579,5.6952,5.8041,724080,10.7
2018-03-15,5.8037,5.8037,5.6952,5.6956,532325,10.5
2018-03-16,5.7494,5.8037,5.6952,5.7499,386180,10.6
2018-03-19,5.8037,6.1291,5.8037,5.9126,1732989,10.9
2018-03-20,5.9122,6.4546,5.8579,6.455,2136596,11.9
2018-03-21,6.4546,6.8885,6.4546,6.6178,4202454,12.2
2018-03-22,6.563,6.7258,6.4546,6.5093,1928278,12
2018-03-23,6.3461,6.3461,5.9664,6.2381,1814145,11.5
2018-03-26,6.3461,6.8342,6.2918,6.8347,3577070,12.6
2018-03-27,6.997,7.2139,6.78,6.889,3580926,12.7
2018-03-28,6.8342,7.0512,6.7258,6.9975,1646120,12.9
2018-03-29,6.997,7.5936,6.997,7.5399,4659173,13.9
2018-03-30,7.6478,7.7563,7.4851,7.5941,2963193,14
2018-04-02,7.5936,7.7563,7.4309,7.5941,2409880,14
2018-04-03,7.5936,8.353,7.4851,8.3536,5036352,15.4
2018-04-04,8.4614,8.7326,8.2445,8.4078,2138440,15.5
2018-04-05,8.5157,8.9496,8.2445,8.679,1665453,16
2018-04-06,8.7326,8.7869,8.353,8.4078,3184335,15.5
2018-04-09,8.4072,8.7326,8.2445,8.679,3325501,16
2018-04-10,8.7869,9.0581,8.5157,9.0045,2735660,16.6
2018-04-11,9.1123,9.2208,8.2987,8.4621,2906054,15.6
2018-04-12,8.4614,8.7869,8.2987,8.4621,2679993,15.6
2018-04-13,8.5157,8.6242,8.136,8.2993,2100744,15.3
2018-04-16,8.2445,8.5699,7.9733,8.3536,1346939,15.4
2018-04-17,8.4072,8.6784,8.2445,8.679,1661561,16
2018-04-18,8.6784,8.8954,8.4072,8.4078,1750178,15.5
2018-04-19,8.4072,8.6784,8.2987,8.679,2380560,16
2018-04-20,8.7326,9.5462,8.6242,9.5469,5175527,17.6
2018-04-23,9.7632,10.3056,9.4378,9.4384,5042318,17.4
2018-04-24,9.3293,9.8174,9.0038,9.4384,2385060,17.4
2018-04-26,9.4378,9.8174,9.1123,9.1672,3002188,16.9
2018-04-27,9.0581,9.4378,9.0581,9.0587,1231790,16.7
2018-05-02,8.9496,8.9496,8.1902,8.1908,2913851,15.1
2018-05-03,7.4851,7.9733,7.3766,7.4857,3573589,13.8
2018-05-04,7.5936,7.9733,7.5394,7.7569,941663,14.3
2018-05-07,7.8648,7.9733,7.6478,7.7026,1007447,14.2
2018-05-08,7.7021,8.4614,7.6478,8.0823,1602210,14.9
2018-05-09,8.136,8.2987,7.8648,7.9739,678200,14.7
2018-05-10,7.9733,8.1902,7.7021,7.8111,818413,14.4
2018-05-11,7.7563,7.7563,7.4309,7.7026,1016523,14.2
2018-05-14,7.7021,7.919,7.5936,7.7026,588110,14.2
2018-05-15,7.7021,7.8648,7.5936,7.6484,1068679,14.1
2018-05-16,7.6478,7.919,7.5936,7.8111,989238,14.4
2018-05-17,7.8648,8.353,7.8648,8.0281,1296515,14.8
2018-05-18,8.136,8.7869,8.0818,8.7875,3049064,16.2
2018-05-21,8.8954,9.3293,8.8954,9.0587,2289651,16.7
2018-05-22,9.0581,9.1123,8.5699,8.679,1975548,16
2018-05-23,8.6784,9.275,8.6784,9.113,2473265,16.8
2018-05-24,9.1666,9.9259,9.1666,9.7097,2427674,17.9
2018-05-25,9.709,10.0344,9.2208,9.2215,2464508,17
2018-05-28,8.9496,9.3293,8.2987,8.2993,3626201,15.3
2018-05-29,8.2987,8.9496,8.2987,8.679,1268580,16
2018-05-30,8.7326,8.8411,8.136,8.1366,1552320,15
2018-05-31,8.136,8.7326,8.136,8.679,1149956,16
2018-06-01,8.6242,8.7326,8.4072,8.4621,1221061,15.6
2018-06-04,8.2987,9.2208,8.1902,8.679,4569736,16
2018-06-05,8.6784,9.0581,8.5157,8.679,3026091,16
2018-06-06,8.7326,9.3293,8.6242,9.2757,2974107,17.1
2018-06-07,9.3293,9.5462,9.3293,9.4927,2726139,17.5
2018-06-08,9.5462,9.5462,9.1123,9.33,1807439,17.2
2018-06-11,8.4072,8.4614,8.4072,8.4078,291430,15.5
2018-06-12,7.5936,7.9733,7.5936,7.8654,6291520,14.5
2018-06-13,7.8648,8.136,7.7563,7.9739,1354561,14.7
2018-06-14,8.136,8.136,7.3766,7.3772,972824,13.6
2018-06-15,7.3224,8.0818,7.0512,8.0823,2794665,14.9
2018-06-18,8.136,8.353,7.5394,7.5941,1205197,14
2018-06-19,7.4851,7.5936,6.8342,7.2144,2420308,13.3
2018-06-20,7.2139,7.6478,7.2139,7.6484,1449853,14.1
2018-06-21,7.6478,7.7021,7.3224,7.5399,848801,13.9
2018-06-22,7.4851,7.5936,7.3224,7.4314,831287,13.7
2018-06-25,7.4309,7.6478,7.4309,7.4314,934156,13.7
2018-06-26,7.4309,7.7021,7.3766,7.5941,1115884,14
2018-06-27,7.5936,7.7021,7.3766,7.4857,735602,13.8
2018-06-28,7.4851,7.4851,7.2139,7.2687,818890,13.4
2018-06-29,7.2682,7.3224,7.1597,7.1602,656815,13.2
2018-07-02,7.1597,7.2139,6.563,6.672,1747315,12.3
2018-07-03,6.7258,6.8885,6.2376,6.4008,1253266,11.8
2018-07-04,5.8579,6.6173,5.8037,6.5093,503145,12
2018-07-05,6.6173,6.7258,6.1834,6.2923,885085,11.6
2018-07-06,6.2376,6.6715,6.1834,6.5093,794009,12
2018-07-09,6.563,6.78,6.5088,6.5093,933074,12
2018-07-10,6.5088,6.6715,6.5088,6.6178,478020,12.2
2018-07-11,6.5088,6.563,6.1291,6.1838,944106,11.4
2018-07-12,6.1834,6.4546,6.1834,6.3465,687420,11.7
2018-07-13,6.5088,6.7258,6.3461,6.6178,575501,12.2
2018-07-16,6.6173,6.6715,6.4003,6.5635,588857,12.1
2018-07-17,6.5088,6.563,6.4003,6.5635,623453,12.1
2018-07-18,6.6173,6.997,6.563,6.9432,999750,12.8
2018-07-19,6.9427,6.997,6.78,6.7805,682617,12.5
2018-07-20,6.78,7.2682,6.6715,7.2687,1576788,13.4
2018-07-23,7.2682,7.3224,7.0512,7.0517,677801,13
2018-07-24,7.0512,7.3224,6.9427,7.1602,973358,13.2
2018-07-25,7.1597,7.2139,6.8342,6.8347,1012725,12.6
2018-07-26,6.9427,6.9427,6.6715,6.672,944619,12.3
2018-07-27,6.6715,6.997,6.6715,6.8347,495601,12.6
2018-07-30,7.0512,7.2682,6.997,7.2144,564465,13.3
2018-07-31,7.2139,7.0512,7.2682,7.0517,810980,13
2018-08-01,7.0512,7.1597,6.9427,6.9975,637413,12.9
2018-08-02,6.9427,6.997,6.8342,6.9432,567402,12.8
2018-08-03,7.0512,7.0512,6.9427,6.9432,341823,12.8
2018-08-06,6.9427,6.9427,6.7258,6.7262,843948,12.4
2018-08-07,6.7258,6.8885,6.7258,6.7262,305240,12.4
2018-08-08,6.8885,6.9427,6.7258,6.8347,404631,12.6
2018-08-09,6.8885,6.9427,6.78,6.7805,389220,12.5
2018-08-10,6.78,6.8885,6.6715,6.7805,557002,12.5
2018-08-13,6.7258,6.8342,6.6715,6.8347,595941,12.6
2018-08-14,6.8885,7.2139,6.8342,7.106,844182,13.1
2018-08-15,7.1054,7.1054,6.8885,6.889,529189,12.7
2018-08-16,6.8342,7.0512,6.8342,6.9432,724900,12.8
2018-08-17,6.997,6.997,6.8885,6.889,329703,12.7
2018-08-20,6.997,6.997,6.8885,6.889,385940,12.7
2018-08-21,6.9427,7.5394,6.9427,7.5399,3631718,13.9
2018-08-22,7.5936,7.8648,7.5394,7.5399,1152200,13.9
2018-08-23,7.7021,7.7021,7.4309,7.6484,947480,14.1
2018-08-24,7.6478,8.4072,7.6478,8.2993,3915973,15.3
2018-08-27,8.1354,8.1354,7.6705,8.0198,2131850,13.8
2018-08-28,8.0192,8.1354,7.903,8.0779,798379,13.9
2018-08-29,8.0773,8.0773,7.7867,7.7873,1269070,13.4
2018-08-30,7.7286,8.0192,7.7286,7.9617,760267,13.7
2018-08-31,7.8449,8.2516,7.8449,8.0198,1040955,13.8
2018-09-04,8.0192,8.0773,7.7867,7.7873,758243,13.4
2018-09-05,7.7867,7.9611,7.7286,7.8454,602599,13.5
2018-09-06,7.8449,7.903,7.6705,7.7292,797560,13.3
2018-09-07,7.2638,7.7286,7.2638,7.6711,760939,13.2
2018-09-10,7.6705,7.7286,7.4381,7.4386,561941,12.8
2018-09-11,7.4381,7.6124,7.4381,7.613,955590,13.1
2018-09-12,7.6124,7.7867,7.5543,7.7292,704320,13.3
2018-09-13,7.6705,8.0773,7.4381,8.0198,1259423,13.8
2018-09-14,8.0192,8.0773,7.903,7.9035,466540,13.6
2018-09-17,7.8449,7.903,7.7286,7.7873,418650,13.4
2018-09-18,7.7867,8.1935,7.6124,8.1941,2511405,14.1
2018-09-19,8.0773,8.3097,8.0192,8.1941,1180582,14.1
2018-09-20,8.1935,8.1935,8.0773,8.1941,781390,14.1
2018-09-21,8.1935,8.3678,8.0192,8.0779,1176086,13.9
2018-09-24,8.0773,8.1935,8.0192,8.136,685942,14
2018-09-25,8.1354,8.4841,8.0773,8.2522,1397512,14.2
2018-09-26,8.2516,8.426,8.2516,8.2522,1682515,14.2
2018-09-27,8.3097,8.3678,8.1354,8.136,909221,14
2018-09-28,8.1935,8.3678,8.0773,8.136,1647494,14
2018-10-01,8.1354,8.2516,8.0192,8.0198,1127975,13.8
2018-10-02,8.0192,8.0773,7.8449,7.8454,984505,13.5
2018-10-03,7.903,8.1354,7.903,7.9035,882514,13.6
2018-10-04,7.903,8.0773,7.903,8.0779,535640,13.9
2018-10-05,8.0773,8.0773,7.9611,7.9617,686423,13.7
2018-10-08,7.903,8.0773,7.8449,7.9617,1088886,13.7
2018-10-09,8.0773,8.0773,7.903,7.9035,303307,13.6
2018-10-10,7.9611,7.9611,7.8449,7.8454,569510,13.5
2018-10-11,7.7286,7.7286,7.0894,7.1481,2865050,12.3
2018-10-12,7.1475,7.7286,7.0894,7.613,999127,13.1
2018-10-15,7.6705,7.6705,7.4381,7.5549,507310,13
2018-10-16,7.4962,7.5543,7.4381,7.4967,479255,12.9
2018-10-17,7.6705,7.7286,7.4962,7.4967,426960,12.9
2018-10-18,7.4962,7.6124,7.38,7.3805,500307,12.7
2018-10-19,7.3219,7.6705,7.2638,7.6711,558865,13.2
2018-10-22,7.6705,7.7286,7.5543,7.5549,662000,13
2018-10-23,7.5543,7.6705,7.2638,7.613,1128930,13.1
2018-10-24,7.6124,7.6705,7.4381,7.4386,265575,12.8
2018-10-25,7.4381,7.5543,7.0313,7.5549,698443,13
2018-10-26,7.5543,7.6705,7.38,7.3805,312800,12.7
2018-10-29,7.4381,7.4381,7.1475,7.1481,476200,12.3
2018-10-30,7.2056,7.3219,7.2056,7.2062,256820,12.4
2018-10-31,7.2056,7.5543,7.2056,7.4386,580452,12.8
2018-11-01,7.4381,7.4381,7.2638,7.3805,454820,12.7
2018-11-02,7.4962,7.6124,7.38,7.5549,629940,13
2018-11-05,7.7286,7.7286,7.38,7.3805,147290,12.7
2018-11-06,7.4381,7.4381,7.38,7.4386,392151,12.8
2018-11-07,7.38,7.4381,7.38,7.3805,121930,12.7
2018-11-08,7.38,7.5543,7.3219,7.3805,339360,12.7
2018-11-09,7.38,7.4381,7.3219,7.3224,124700,12.6
2018-11-12,7.3219,7.7286,7.2638,7.613,1272907,13.1
2018-11-13,7.6124,7.6124,7.4381,7.613,333763,13.1
2018-11-14,7.6124,7.6705,7.4962,7.5549,385485,13
2018-11-15,7.5543,7.6124,7.38,7.3805,275210,12.7
2018-11-16,7.4381,7.5543,7.38,7.4386,365780,12.8
2018-11-19,7.4962,7.6124,7.4962,7.5549,138623,13
2018-11-20,7.6124,7.6124,7.4381,7.4967,383100,12.9
2018-11-21,7.38,7.4962,7.3219,7.4967,343332,12.9
2018-11-22,7.4962,7.9611,7.4962,7.8454,2042678,13.5
2018-11-23,7.8449,7.9611,7.7286,7.7292,564850,13.3
2018-11-26,7.7286,8.1354,7.7286,8.0198,1299268,13.8
2018-11-27,8.0192,8.0773,7.7867,7.9035,993779,13.6
2018-11-28,7.9611,7.9611,7.8449,7.8454,368970,13.5
2018-11-29,7.903,8.0192,7.7867,7.7873,763210,13.4
2018-11-30,7.7867,7.8449,7.6705,7.6711,500190,13.2
2018-12-03,8.0192,8.0192,7.6705,7.9617,743099,13.7
2018-12-04,7.9611,8.0192,7.8449,7.8454,513599,13.5
2018-12-05,7.8449,8.2516,7.7867,8.0779,2599483,13.9
2018-12-06,8.1354,8.1935,7.9611,8.0198,899130,13.8
2018-12-07,7.9611,8.1354,7.9611,8.0779,1138520,13.9
2018-12-10,8.1354,8.1354,8.0192,8.0198,660260,13.8
2018-12-11,8.0192,8.1354,7.9611,8.0779,558773,13.9
2018-12-12,8.1354,8.426,8.0773,8.3103,1860400,14.3
2018-12-13,8.3097,8.6003,8.3097,8.4847,3005285,14.6
2018-12-14,8.4841,8.5422,8.3097,8.3103,671730,14.3
2018-12-17,8.3097,8.4841,8.0773,8.0779,1346340,13.9
2018-12-18,8.0192,8.0773,7.6705,7.9035,2006506,13.6
2018-12-19,7.903,8.0192,7.8449,7.9617,738170,13.7
2018-12-20,7.903,8.2516,7.903,8.0198,852471,13.8
2018-12-21,7.9611,8.0773,7.903,8.0779,929240,13.9
2018-12-24,8.0192,8.0773,7.903,7.9035,523420,13.6
2018-12-25,7.8449,7.8449,7.3219,7.4386,1798609,12.8
2018-12-26,7.4381,7.5543,7.3219,7.3805,444882,12.7
2018-12-27,7.6124,7.6705,7.5543,7.613,799210,13.1
2018-12-28,7.5543,7.6124,7.4381,7.4386,508700,12.8
2019-01-02,7.4381,7.5543,7.3219,7.3224,476342,12.6
2019-01-03,7.38,7.38,7.2056,7.2643,801660,12.5
2019-01-04,7.2638,7.4381,7.2056,7.3224,662275,12.6
2019-01-07,7.4381,7.5543,7.38,7.4386,278470,12.8
2019-01-08,6.7989,7.5543,6.7989,7.3805,211360,12.7
2019-01-09,7.4962,7.6705,7.38,7.6711,974730,13.2
2019-01-10,7.6705,7.6705,7.4962,7.4967,479255,12.9
2019-01-11,7.5543,7.6705,7.4962,7.4967,410380,12.9
2019-01-14,7.4962,7.4962,7.38,7.4386,364310,12.8
2019-01-15,7.4381,7.6124,7.4381,7.4967,332950,12.9
2019-01-16,7.5543,7.6124,7.4962,7.613,439510,13.1
2019-01-17,7.6124,7.6705,7.5543,7.5549,391450,13
2019-01-18,7.5543,7.6124,7.5543,7.5549,272295,13
2019-01-21,7.6124,7.8449,7.6124,7.6711,666285,13.2
2019-01-22,7.6705,7.7867,7.6124,7.613,313220,13.1
2019-01-23,7.6705,7.6705,7.6124,7.613,260135,13.1
2019-01-24,7.6705,7.7286,7.6124,7.6711,194545,13.2
2019-01-25,7.6705,7.7286,7.6124,7.613,303510,13.1
2019-01-28,7.6124,7.6705,7.5543,7.613,216520,13.1
2019-01-29,7.6124,7.6124,7.5543,7.5549,274150,13
2019-01-30,7.5543,7.6124,7.4962,7.5549,238030,13
2019-01-31,7.5543,7.5543,7.38,7.4386,1157570,12.8
2019-02-01,7.4381,7.5543,7.4381,7.4386,234669,12.8
2019-02-11,7.5543,7.6705,7.5543,7.613,306558,13.1
2019-02-12,7.6705,7.7867,7.6124,7.7292,780089,13.3
2019-02-13,7.7867,7.7867,7.6705,7.7292,570730,13.3
2019-02-14,7.7286,7.9611,7.7286,7.8454,1443881,13.5
2019-02-15,7.8449,7.9611,7.7867,7.7873,1125566,13.4
2019-02-18,7.8449,8.0773,7.8449,7.9617,789666,13.7
2019-02-19,8.0192,8.0192,7.7867,7.7873,1018391,13.4
2019-02-20,7.7867,7.9611,7.7867,7.7873,1043410,13.4
2019-02-21,7.7867,7.8449,7.7286,7.7292,332820,13.3
2019-02-22,7.7286,7.8449,7.6705,7.7292,639920,13.3
2019-02-25,7.7867,7.903,7.7286,7.7873,759850,13.4
2019-02-26,7.8449,7.8449,7.6705,7.6711,769210,13.2
2019-02-27,7.7286,7.903,7.6705,7.8454,1246620,13.5
2019-02-28,7.4381,7.8449,7.4381,7.6711,908626,13.2
2019-03-01,7.6705,7.8449,7.6705,7.8454,210401,13.5
2019-03-04,7.903,8.3678,7.8449,8.3103,3475727,14.3
2019-03-05,8.3097,8.426,8.1354,8.136,1393770,14
2019-03-06,8.3097,8.3097,8.0192,8.0779,1548495,13.9
2019-03-07,8.0773,8.2516,8.0192,8.0198,2102464,13.8
2019-03-08,7.9611,8.0192,7.7867,7.8454,1492769,13.5
2019-03-11,7.8449,7.903,7.7286,7.9035,641293,13.6
2019-03-12,7.903,8.0773,7.8449,7.8454,623650,13.5
2019-03-13,7.8449,7.9611,7.8449,7.8454,895350,13.5
2019-03-14,7.903,7.903,7.7867,7.8454,433560,13.5
2019-03-15,7.8449,7.903,7.7286,7.7873,652080,13.4
2019-03-18,7.9611,7.9611,7.4381,7.5549,2237512,13
2019-03-19,7.5543,7.6705,7.4962,7.4967,441000,12.9
2019-03-20,7.4962,7.4962,7.4381,7.4967,479123,12.9
2019-03-21,7.4962,7.4962,7.3219,7.3224,758225,12.6
2019-03-22,7.3219,7.38,7.2638,7.3224,387122,12.6
2019-03-25,7.2638,7.3219,7.0894,7.0899,703524,12.2
2019-03-26,7.0894,7.2638,7.0894,7.1481,441911,12.3
2019-03-27,7.2638,7.2638,7.2056,7.2062,83123,12.4
2019-03-28,7.2056,7.2638,7.1475,7.2643,246980,12.5
2019-03-29,7.2638,7.2638,7.1475,7.2062,159165,12.4
2019-04-01,7.2056,7.2056,7.1475,7.2062,150550,12.4
2019-04-02,7.2638,7.2638,7.0313,7.0899,688590,12.2
2019-04-03,7.0894,7.0894,6.9732,6.9737,417930,12
2019-04-04,7.0313,7.1475,6.9732,7.0899,242210,12.2
2019-04-05,7.1475,7.2638,7.0894,7.2062,298235,12.4
2019-04-08,7.2056,7.2056,7.1475,7.2062,117706,12.4
2019-04-09,7.2056,7.2056,7.0313,7.1481,295309,12.3
2019-04-10,7.0894,7.0894,6.9732,7.0318,320260,12.1
2019-04-11,7.0313,7.0313,6.857,6.9156,394520,11.9
2019-04-12,6.9151,7.0313,6.9151,6.9737,327110,12
2019-04-16,6.9732,7.0313,6.7989,6.9737,526095,12
2019-04-17,6.9732,7.0313,6.857,6.8575,236830,11.8
2019-04-18,6.7989,6.857,6.6827,6.7413,458723,11.6
2019-04-19,6.6827,6.7989,6.6827,6.7413,221342,11.6
2019-04-22,6.7408,6.7989,6.6827,6.7413,428708,11.6
2019-04-23,6.6827,6.857,6.6827,6.7994,187464,11.7
2019-04-24,6.857,6.9732,6.7989,6.9737,216010,12
2019-04-25,6.9732,6.9732,6.857,6.8575,146396,11.8
2019-04-26,6.857,7.0894,6.857,7.0318,283184,12.1
2019-05-02,7.0894,7.0894,6.9151,6.9737,61360,12
2019-05-03,6.9732,7.0313,6.9151,6.9156,164030,11.9
2019-05-06,6.9732,6.9732,6.857,6.8575,293118,11.8
2019-05-07,6.9151,6.9151,6.7989,6.8575,267340,11.8
2019-05-08,6.7989,6.9151,6.7989,6.8575,89960,11.8
2019-05-09,6.9151,6.9151,6.7989,6.8575,103951,11.8
2019-05-10,6.7989,6.857,6.7408,6.7994,138012,11.7
2019-05-13,6.857,6.9732,6.857,6.8575,280634,11.8
2019-05-14,6.857,6.9732,6.857,6.9737,90101,12
2019-05-15,6.9732,7.0894,6.9732,7.0318,223312,12.1
2019-05-16,7.0894,7.2056,6.9732,7.0899,157004,12.2
2019-05-17,7.0313,7.0313,6.9732,6.9737,235930,12
2019-05-20,6.9151,7.0313,6.9151,6.9156,218900,11.9
2019-05-21,6.9151,6.9732,6.857,6.8575,214450,11.8
2019-05-22,6.9151,6.9151,6.857,6.9156,191000,11.9
2019-05-23,6.857,6.9151,6.857,6.8575,92400,11.8
2019-05-24,6.857,7.0313,6.7989,6.9156,519664,11.9
2019-05-27,6.9151,6.9732,6.857,6.9156,27844,11.9
2019-05-28,6.9151,6.9151,6.857,6.9156,166400,11.9
2019-05-29,6.857,6.9151,6.857,6.8575,138500,11.8
2019-05-30,6.857,6.857,6.7989,6.8575,122700,11.8
2019-05-31,6.7989,6.857,6.6827,6.6831,217010,11.5
2019-06-03,6.7408,6.7989,6.6827,6.6831,204900,11.5
2019-06-04,6.7408,6.7408,6.6245,6.625,328850,11.4
2019-06-05,6.6245,6.7408,6.5664,6.5669,182450,11.3
2019-06-06,6.6245,6.6245,6.4502,6.4507,596510,11.1
2019-06-07,6.5083,6.6245,6.4502,6.625,159200,11.4
2019-06-10,6.6245,6.6245,6.5664,6.625,79500,11.4
2019-06-11,6.6245,6.7989,6.5664,6.625,298425,11.4
2019-06-12,6.6245,7.0894,6.6245,6.9156,694070,11.9
2019-06-13,6.9732,6.9732,6.857,6.9156,356110,11.9
2019-06-14,6.857,6.857,6.7989,6.7994,143699,11.7
2019-06-17,6.7408,6.7989,6.6827,6.6831,403902,11.5
2019-06-18,6.7408,6.7408,6.6245,6.6831,135730,11.5
2019-06-19,6.7408,6.857,6.6827,6.7413,231200,11.6
2019-06-20,6.7408,6.7989,6.7408,6.7413,142001,11.6
2019-06-21,6.7408,6.7989,6.5664,6.6831,240140,11.5
2019-06-24,6.6827,6.6827,6.5083,6.5088,342800,11.2
2019-06-25,6.5083,6.6827,6.5083,6.5669,360493,11.3
2019-06-26,6.5664,6.6245,6.5083,6.5088,256300,11.2
2019-06-27,6.5083,6.5664,6.3921,6.5088,326552,11.2
2019-06-28,6.5083,6.5083,6.4502,6.5088,167840,11.2
2019-07-01,6.5664,6.6245,6.4502,6.5669,243400,11.3
2019-07-02,6.5664,6.6245,6.5083,6.5669,374845,11.3
2019-07-03,6.5664,6.6245,6.5083,6.5088,209700,11.2
2019-07-04,6.782,7.1049,6.5236,6.6531,399485,10.3
2019-07-05,6.6528,6.6528,6.5236,6.5239,250830,10.1
2019-07-08,6.5236,6.5882,6.5236,6.5239,230359,10.1
2019-07-09,6.5236,6.5882,6.5236,6.5239,276920,10.1
2019-07-10,6.5882,6.8465,6.5882,6.7177,675610,10.4
2019-07-11,6.7174,6.782,6.6528,6.7177,510755,10.4
2019-07-12,6.7174,6.9111,6.7174,6.9115,795264,10.7
2019-07-15,6.9111,6.9111,6.782,6.8469,624152,10.6
2019-07-16,6.9111,7.1049,6.9111,7.1052,1496930,11
2019-07-17,7.1049,7.1695,7.0403,7.1052,866160,11
2019-07-18,7.1049,7.2341,7.0403,7.1052,1253242,11
2019-07-19,7.1049,7.1049,6.9111,7.0406,1149897,10.9
2019-07-22,7.0403,7.1049,6.782,7.0406,1681510,10.9
2019-07-23,7.0403,7.1049,6.782,6.7823,1655910,10.5
2019-07-24,6.782,6.8465,6.7174,6.7823,903050,10.5
2019-07-25,6.782,6.782,6.6528,6.7823,1681030,10.5
2019-07-26,6.782,6.782,6.5882,6.7823,2211207,10.5
2019-07-29,6.782,6.782,6.5882,6.5885,1246740,10.2
2019-07-30,6.6528,6.6528,6.5236,6.5885,2076290,10.2
2019-07-31,6.5882,6.8465,6.5882,6.7177,3739086,10.4
2019-08-01,6.782,6.782,6.5882,6.6531,980330,10.3
2019-08-02,6.7174,6.7174,6.5882,6.5885,530230,10.2
2019-08-05,6.6528,6.6528,6.5236,6.5885,936695,10.2
2019-08-06,6.5882,6.6528,6.459,6.5239,1352272,10.1
2019-08-07,6.5882,6.6528,6.5236,6.5885,925113,10.2
2019-08-08,6.5882,6.7174,6.5236,6.7177,1081490,10.4
2019-08-09,6.6528,6.782,6.6528,6.7177,888870,10.4
2019-08-12,6.7174,6.8465,6.6528,6.8469,1566190,10.6
2019-08-13,6.8465,6.9111,6.6528,6.6531,752625,10.3
2019-08-14,6.6528,6.782,6.5882,6.6531,867380,10.3
2019-08-15,6.6528,6.6528,6.5236,6.5885,995880,10.2
2019-08-16,6.5882,6.7174,6.5882,6.7177,510802,10.4
2019-08-19,6.7174,6.7174,6.5882,6.7177,292960,10.4
2019-08-20,6.7174,6.7174,6.5882,6.6531,289341,10.3
2019-08-21,6.6528,6.6528,6.5236,6.6531,781770,10.3
2019-08-22,6.5882,6.6528,6.5236,6.5885,317530,10.2
2019-08-23,6.5882,6.6528,6.5882,6.5885,194208,10.2
2019-08-26,6.5882,6.5882,6.459,6.5885,618500,10.2
2019-08-27,6.5236,6.5882,6.459,6.4593,376260,10
2019-08-28,6.459,6.5236,6.459,6.5239,320615,10.1
2019-08-29,6.5236,6.5882,6.459,6.5239,491052,10.1
2019-08-30,6.5236,6.5882,6.459,6.5239,291978,10.1
2019-09-03,6.5882,6.5882,6.3944,6.3947,591725,9.9
2019-09-04,6.459,6.5236,6.3944,6.3947,3214020,9.9
2019-09-05,6.459,6.5236,6.3944,6.4593,318271,10
2019-09-06,6.459,6.459,6.3944,6.4593,234458,10
2019-09-09,6.459,6.459,6.3944,6.4593,376071,10
2019-09-10,6.459,6.459,6.3298,6.4593,1126450,10
2019-09-11,6.459,6.5236,6.3944,6.5239,1643917,10.1
2019-09-12,6.5236,6.6528,6.459,6.6531,2139038,10.3
2019-09-13,6.6528,6.6528,6.5236,6.6531,1551560,10.3
2019-09-16,6.6528,6.6528,6.5236,6.6531,619304,10.3
2019-09-17,6.5882,6.5882,6.5236,6.5885,766441,10.2
2019-09-18,6.5882,6.6528,6.459,6.6531,1433121,10.3
2019-09-19,6.6528,6.6528,6.5236,6.5885,602926,10.2
2019-09-20,6.5882,6.5882,6.459,6.5239,2110931,10.1
2019-09-23,6.5882,6.5882,6.459,6.5239,1276100,10.1
2019-09-24,6.5236,6.5882,6.459,6.5239,1363463,10.1
2019-09-25,6.459,6.5236,6.459,6.5239,1112945,10.1
2019-09-26,6.459,6.5236,6.459,6.5239,312730,10.1
2019-09-27,6.459,6.5236,6.459,6.4593,280410,10
2019-09-30,6.459,6.5236,6.459,6.4593,985034,10
2019-10-01,6.459,6.5236,6.3944,6.5239,831735,10.1
2019-10-02,6.5236,6.5882,6.459,6.5239,902040,10.1
2019-10-03,6.459,6.5236,6.3944,6.5239,719100,10.1
2019-10-04,6.459,6.5236,6.3944,6.4593,430790,10
2019-10-07,6.459,6.459,6.3944,6.3947,717121,9.9
2019-10-08,6.3944,6.3944,6.1361,6.3301,3034360,9.8
2019-10-09,6.3298,6.3944,6.2006,6.3947,2243861,9.9
2019-10-10,6.3944,6.3944,6.2006,6.3301,1321737,9.8
2019-10-11,6.3298,6.3298,6.2006,6.2655,1324562,9.7
2019-10-14,6.2006,6.2652,6.1361,6.1363,666915,9.5
2019-10-15,6.1361,6.2006,6.1361,6.1363,379460,9.5
2019-10-16,6.1361,6.2652,6.1361,6.2655,357950,9.7
2019-10-17,6.2652,6.2652,6.1361,6.2009,221735,9.6
2019-10-18,6.1361,6.2652,6.1361,6.2009,133850,9.6
2019-10-21,6.1361,6.2006,6.0715,6.1363,572729,9.5
2019-10-22,6.1361,6.2006,6.0715,6.2009,260425,9.6
2019-10-23,6.2006,6.2006,6.0715,6.1363,331540,9.5
2019-10-24,6.2006,6.2006,6.0715,6.1363,441930,9.5
2019-10-25,6.1361,6.2006,6.0069,6.0072,395050,9.3
2019-10-28,6.0069,6.2006,6.0069,6.1363,377151,9.5
2019-10-29,6.0715,6.1361,6.0069,6.1363,269436,9.5
2019-10-30,6.0715,6.1361,6.0069,6.0717,366728,9.4
2019-10-31,6.2006,6.2652,5.9423,6.0072,788095,9.3
2019-11-01,6.0069,6.1361,6.0069,6.1363,800336,9.5
2019-11-04,6.1361,6.1361,6.0069,6.0717,383818,9.4
2019-11-05,6.0715,6.0715,5.9423,6.0072,719680,9.3
2019-11-06,6.0069,6.0715,5.9423,5.9426,211220,9.2
2019-11-07,6.0069,6.1361,6.0069,6.1363,1560328,9.5
2019-11-08,6.0715,6.2006,6.0715,6.1363,388900,9.5
2019-11-11,6.1361,6.1361,5.9423,6.0717,620640,9.4
2019-11-12,6.0069,6.1361,6.0069,6.1363,239280,9.5
2019-11-13,6.0715,6.1361,6.0069,6.0717,140633,9.4
2019-11-14,6.0715,6.0715,6.0069,6.0072,264866,9.3
2019-11-15,6.0069,6.0715,6.0069,6.0072,547550,9.3
2019-11-18,6.0715,6.0715,6.0069,6.0717,133032,9.4
2019-11-19,6.0715,6.0715,6.0069,6.0072,106890,9.3
2019-11-20,6.0069,6.0715,6.0069,6.0072,361430,9.3
2019-11-21,6.0069,6.0069,5.9423,5.9426,622035,9.2
2019-11-22,6.0069,6.1361,5.9423,6.0072,832405,9.3
2019-11-25,6.0069,6.0069,5.9423,5.9426,274900,9.2
2019-11-26,5.9423,6.0069,5.9423,5.9426,126900,9.2
2019-11-27,5.9423,6.0069,5.9423,5.9426,195186,9.2
2019-11-28,5.9423,6.0069,5.8777,5.9426,240450,9.2
2019-11-29,6.0069,6.0069,5.8777,6.0072,86100,9.3
2019-12-02,5.9423,5.9423,5.8131,5.8134,522910,9
2019-12-03,5.8777,5.8777,5.7485,5.8134,173730,9
2019-12-04,5.8131,5.8131,5.7485,5.7488,257678,8.9
2019-12-05,5.8131,5.8131,5.6839,5.6842,354730,8.8
2019-12-06,5.6839,5.7485,5.6839,5.7488,468200,8.9
2019-12-09,5.7485,5.8131,5.7485,5.7488,101950,8.9
2019-12-10,5.7485,5.7485,5.6839,5.6842,156166,8.8
2019-12-11,5.6839,5.7485,5.5547,5.6842,252873,8.8
2019-12-12,5.8777,5.8777,5.6193,5.6842,207251,8.8
2019-12-13,5.8131,6.2006,5.7485,6.0072,899550,9.3
2019-12-16,6.0715,6.0715,5.9423,5.9426,248120,9.2
2019-12-17,5.9423,5.9423,5.8777,5.9426,229512,9.2
2019-12-18,5.9423,6.0069,5.8131,5.8134,424770,9
2019-12-19,5.9423,5.9423,5.7485,5.878,336328,9.1
2019-12-20,5.8777,5.9423,5.8777,5.9426,277704,9.2
2019-12-23,5.9423,6.2652,5.8777,6.1363,1390820,9.5
2019-12-24,6.1361,6.2652,6.0715,6.1363,487625,9.5
2019-12-25,6.2006,6.2006,6.0715,6.2009,534580,9.6
2019-12-26,6.2006,6.2652,6.0715,6.2009,794132,9.6
2019-12-27,6.2006,6.2006,6.0715,6.1363,493710,9.5
2019-12-30,6.2006,6.2006,6.0069,6.1363,349036,9.5
2019-12-31,6.1361,6.1361,6.0069,6.0717,459820,9.4
2020-01-02,6.0715,6.0715,6.0069,6.0717,196058,9.4
2020-01-03,6.0715,6.0715,5.8777,5.9426,292541,9.2
2020-01-06,5.8777,5.9423,5.7485,5.7488,605544,8.9
2020-01-07,5.8131,5.8131,5.7485,5.7488,420210,8.9
2020-01-08,6.0069,6.0069,5.6193,5.6196,572340,8.7
2020-01-09,5.7485,5.7485,5.6193,5.7488,525500,8.9
2020-01-10,5.6839,5.7485,5.6839,5.7488,135050,8.9
2020-01-13,5.7485,5.7485,5.6193,5.6196,195909,8.7
2020-01-14,5.6839,5.7485,5.6839,5.7488,135148,8.9
2020-01-15,5.7485,5.8131,5.6839,5.8134,544293,9
2020-01-16,5.8131,5.8777,5.6839,5.6842,410900,8.8
2020-01-17,5.8131,5.8131,5.6839,5.6842,120300,8.8
2020-01-20,5.7485,5.7485,5.6839,5.7488,127005,8.9
2020-01-21,5.7485,5.8777,5.7485,5.878,219020,9.1
2020-01-22,5.8777,6.0069,5.8131,5.878,351360,9.1
2020-01-30,5.8131,5.8131,5.6193,5.6196,512310,8.7
2020-01-31,5.6193,5.6839,5.4256,5.4258,483000,8.4
2020-02-03,5.361,5.4256,4.9088,5.4258,972923,8.4
2020-02-04,5.361,5.4256,5.2318,5.2966,484730,8.2
2020-02-05,5.2964,5.4256,5.2318,5.4258,393979,8.4
2020-02-06,5.4256,5.4256,5.2964,5.3612,678613,8.3
2020-02-07,5.4256,5.6193,5.361,5.4904,817239,8.5
2020-02-10,5.4902,5.5547,5.361,5.555,224960,8.6
2020-02-11,5.4902,5.6193,5.4256,5.4258,370191,8.4
2020-02-12,5.4902,5.6193,5.4256,5.555,314710,8.6
2020-02-13,5.4902,5.5547,5.4256,5.4904,306210,8.5
2020-02-14,5.5547,5.5547,5.4256,5.4904,80030,8.5
2020-02-17,5.5547,5.8777,5.4902,5.6842,1552467,8.8
2020-02-18,5.7485,5.7485,5.6193,5.6842,290240,8.8
2020-02-19,5.6839,5.7485,5.6193,5.6842,121443,8.8
2020-02-20,5.6839,5.6839,5.4902,5.6196,784580,8.7
2020-02-21,5.6193,5.6193,5.4902,5.4904,410620,8.5
2020-02-24,5.4902,5.5547,5.1026,5.1028,1057260,7.9
2020-02-25,5.1026,5.2964,5.038,5.2966,409569,8.2
2020-02-26,5.1672,5.2964,5.1026,5.232,214900,8.1
2020-02-27,5.2318,5.361,5.1672,5.2966,348031,8.2
2020-02-28,5.1672,5.2318,5.1026,5.232,349987,8.1
2020-03-02,5.2318,5.2964,5.1672,5.232,132500,8.1
2020-03-03,5.2964,5.361,5.2318,5.232,246111,8.1
2020-03-04,5.2964,5.2964,5.1026,5.2966,342060,8.2
2020-03-05,5.2964,5.4902,5.2318,5.4258,912270,8.4
2020-03-06,5.4256,5.4256,5.2964,5.3612,296300,8.3
2020-03-09,5.2318,5.2964,4.8443,4.8445,1408050,7.5
2020-03-10,4.8443,4.9088,4.4567,4.8445,849210,7.5
2020-03-11,4.9734,5.038,4.6505,4.9091,754145,7.6
2020-03-12,4.9088,4.9088,4.4567,4.4569,852051,6.9
2020-03-13,4.0692,4.5213,4.0692,4.5215,866448,7
2020-03-16,4.5213,4.5859,4.3921,4.5215,290180,7
2020-03-17,4.4567,4.5213,4.3275,4.5215,324603,7
2020-03-18,4.6505,4.6505,4.4567,4.5215,286510,7
2020-03-19,4.6505,4.6505,4.3275,4.4569,355725,6.9
2020-03-20,4.4567,4.4567,4.3275,4.4569,198865,6.9
2020-03-23,4.1338,4.4567,4.0692,4.1985,1192043,6.5
2020-03-24,4.2629,4.2629,4.0692,4.134,334413,6.4
2020-03-25,4.3921,4.3921,4.0692,4.2631,1189350,6.6
2020-03-26,4.2629,4.2629,4.0692,4.0694,276701,6.3
2020-03-27,4.1338,4.1338,3.8754,4.0048,493886,6.2
2020-03-30,4.0046,4.0046,3.617,3.8756,1505738,6
2020-03-31,3.8754,4.0046,3.617,3.811,455559,5.9
2020-04-01,3.94,3.94,3.7462,3.9402,453560,6.1
2020-04-03,3.94,4.0046,3.8754,4.0048,1409051,6.2
2020-04-06,4.0692,4.3275,4.0046,4.3277,1006167,6.7
2020-04-07,4.3921,4.3921,4.1338,4.3277,918260,6.7
2020-04-08,4.3275,4.3275,4.0692,4.3277,660840,6.7
2020-04-09,4.3275,4.3921,4.1984,4.2631,1203623,6.6
2020-04-10,4.2629,4.2629,4.1338,4.2631,550100,6.6
2020-04-13,4.2629,4.3921,4.1338,4.3923,1422485,6.8
2020-04-14,4.3921,4.3921,4.2629,4.3277,493960,6.7
2020-04-15,4.3275,4.5213,4.2629,4.4569,1192540,6.9
2020-04-16,4.4567,4.4567,4.3275,4.3277,693736,6.7
2020-04-17,4.3275,4.6505,4.3275,4.5861,2277785,7.1
2020-04-20,4.5859,4.7797,4.5859,4.5861,764161,7.1
2020-04-21,4.6505,4.6505,4.3275,4.4569,1006835,6.9
2020-04-22,4.3921,4.4567,4.1984,4.4569,1071056,6.9
2020-04-23,4.4567,4.5213,4.3921,4.3923,439795,6.8
2020-04-24,4.3921,4.5213,4.3275,4.5215,1497125,7
2020-04-27,4.5213,4.5213,4.3921,4.5215,494893,7
2020-04-28,4.5213,4.5213,4.3921,4.5215,441950,7
2020-04-29,4.5213,4.5213,4.3921,4.3923,286590,6.8
2020-05-04,4.3921,4.4567,4.2629,4.3277,732559,6.7
2020-05-05,4.3921,4.3921,4.2629,4.3277,83930,6.7
2020-05-06,4.2629,4.3921,4.1984,4.3923,713700,6.8
2020-05-07,4.3921,4.5859,4.3275,4.5215,1848711,7
2020-05-08,4.5213,4.5859,4.4567,4.5215,1070350,7
2020-05-11,4.5213,4.6505,4.4567,4.6507,1278039,7.2
2020-05-12,4.5859,4.6505,4.5213,4.5861,814391,7.1
2020-05-13,4.5859,4.9734,4.5213,4.9737,2223810,7.7
2020-05-14,4.9734,4.9734,4.8443,4.8445,883390,7.5
2020-05-15,4.8443,4.9088,4.7797,4.8445,976833,7.5
2020-05-18,4.8443,4.9088,4.7151,4.8445,494101,7.5
2020-05-19,4.8443,4.9088,4.7797,4.9091,1014909,7.6
2020-05-20,4.9088,4.9088,4.7797,4.8445,476074,7.5
2020-05-21,4.8443,4.9734,4.8443,4.9737,2720089,7.7
2020-05-22,4.9734,5.038,4.9088,4.9737,893803,7.7
2020-05-25,4.9734,4.9734,4.8443,4.9091,334250,7.6
2020-05-26,4.9088,4.9734,4.8443,4.9737,1376493,7.7
2020-05-27,4.9734,4.9734,4.7797,4.7799,768052,7.4
2020-05-28,4.7797,4.8443,4.7797,4.7799,270505,7.4
2020-05-29,4.7797,4.9088,4.7797,4.9091,2131400,7.6
2020-06-01,4.9088,5.038,4.8443,4.9737,1987912,7.7
2020-06-02,4.9734,5.038,4.9088,4.9737,617440,7.7
2020-06-03,4.9734,4.9734,4.9088,4.9091,329078,7.6
2020-06-04,4.9734,5.038,4.9088,4.9737,1742721,7.7
2020-06-05,5.038,5.1026,4.9088,5.1028,2067986,7.9
2020-06-08,5.1026,5.5547,5.1026,5.555,4805471,8.6
2020-06-09,5.5547,6.0715,5.4256,6.0717,4526776,9.4
2020-06-10,6.1361,6.6528,5.9423,6.6531,5182966,10.3
2020-06-11,6.6528,6.6528,6.0069,6.2009,4374374,9.6
2020-06-12,6.2006,6.2652,5.6193,6.2655,3449577,9.7
2020-06-15,6.3298,6.3298,5.8131,6.0072,1944771,9.3
2020-06-16,5.9423,6.1361,5.8777,5.9426,2002981,9.2
2020-06-18,5.8777,5.8777,5.6839,5.7488,1063831,8.9
2020-06-19,5.7485,6.2006,5.6839,6.0072,4310636,9.3
2020-06-22,6.0715,6.2652,6.0069,6.0072,3750463,9.3
2020-06-23,6.0069,6.0715,5.7485,5.9426,2880552,9.2
2020-06-24,5.9423,5.9423,5.4256,5.4904,3431018,8.5
2020-06-25,5.4902,5.5547,5.1672,5.4904,2007063,8.5
2020-06-26,5.4902,5.6193,5.2318,5.232,1077692,8.1
2020-06-29,5.2318,5.2318,4.8443,4.9737,2630558,7.7
2020-06-30,4.9734,5.1672,4.5213,4.7153,2555746,7.3
2020-07-01,4.7797,5.1672,4.6505,5.1674,2267827,8
2020-07-02,5.1672,5.1672,4.9734,5.0383,1262991,7.8
2020-07-03,5.038,5.1026,4.9088,5.0383,953986,7.8
2020-07-06,5.1026,5.1026,4.9734,5.1028,706850,7.9
2020-07-07,5.1026,5.2318,5.038,5.0383,1485856,7.8
2020-07-08,5.038,5.1026,4.9734,5.0383,463938,7.8
2020-07-09,5.1026,5.4902,5.038,5.4904,3350416,8.5
2020-07-10,5.4902,5.4902,5.1672,5.1674,1704238,8
2020-07-13,5.1672,5.4256,5.1672,5.1674,1002050,8
2020-07-14,5.1672,5.2964,5.1672,5.1674,1695435,8
2020-07-15,5.1672,5.361,5.1672,5.2966,1752164,8.2
2020-07-16,5.2964,5.361,5.2318,5.232,653279,8.1
2020-07-17,5.2318,5.2964,5.1672,5.232,1045620,8.1
2020-07-20,5.2318,5.2318,5.038,5.1674,1638625,8
2020-07-21,5.1672,5.1672,5.038,5.0383,1081290,7.8
2020-07-22,5.038,5.1672,5.038,5.0383,1171740,7.8
2020-07-23,5.038,5.038,4.9088,4.9091,751201,7.6
2020-07-24,4.9088,4.9734,4.5213,4.6507,3809620,7.2
2020-07-27,4.5213,4.6505,4.1984,4.1985,2872560,6.5
2020-07-28,4.1984,4.5859,4.1338,4.5215,2351565,7
2020-07-29,4.3275,4.4567,4.1984,4.4569,2054983,6.9
2020-07-30,4.4567,4.4567,4.3275,4.3923,1111300,6.8
2020-07-31,4.2629,4.3921,4.0692,4.3923,1577290,6.8
2020-08-03,4.3275,4.5213,4.2629,4.4569,3148575,6.9
2020-08-04,4.4567,4.7151,4.4567,4.5861,1660250,7.1
2020-08-05,4.5859,4.6505,4.5213,4.6507,1661549,7.2
2020-08-06,4.6505,4.6505,4.4567,4.5215,1653967,7
2020-08-07,4.5213,4.5213,4.3921,4.4569,1170837,6.9
2020-08-10,4.5213,4.5859,4.4567,4.5215,1577949,7
2020-08-11,4.5859,4.5859,4.3921,4.4569,1172249,6.9
2020-08-12,4.5213,4.5213,4.3921,4.4569,1085130,6.9
2020-08-13,4.5213,4.5859,4.3921,4.5215,3202340,7
2020-08-14,4.5213,4.5213,4.3921,4.4569,1509170,6.9
2020-08-17,4.4567,4.4567,4.3275,4.3923,618109,6.8
2020-08-18,4.3921,4.4567,4.3921,4.4569,938742,6.9
2020-08-19,4.4567,4.4567,4.3921,4.4569,973428,6.9
2020-08-20,4.4567,4.4567,4.3921,4.4569,1133850,6.9
2020-08-21,4.4567,4.5859,4.3921,4.5215,2084217,7
2020-08-24,4.5213,4.7151,4.5213,4.5861,2427272,7.1
2020-08-25,4.6505,4.9734,4.5859,4.8445,4673285,7.5
2020-08-26,4.8443,4.9088,4.7151,4.7799,1539768,7.4
2020-08-27,4.7797,4.8443,4.7151,4.7153,1143238,7.3
2020-08-28,4.7797,4.8443,4.7151,4.7799,1284473,7.4
2020-08-31,4.7797,4.8443,4.5859,4.6507,2440090,7.2
2020-09-01,4.6505,4.7151,4.5859,4.6507,863101,7.2
2020-09-03,4.7151,4.7797,4.5859,4.5861,1088789,7.1
2020-09-04,4.5859,4.6505,4.5213,4.5861,1918753,7.1
2020-09-07,4.5859,4.7797,4.5859,4.5861,2581530,7.1
2020-09-08,4.5859,4.7151,4.5859,4.6507,1125255,7.2
2020-09-09,4.5859,4.6505,4.5213,4.6507,629430,7.2
2020-09-10,4.7151,4.7151,4.5859,4.5861,1185717,7.1
2020-09-11,4.5859,4.6505,4.5213,4.5215,1660419,7
2020-09-14,4.5859,4.7151,4.5213,4.6507,2229777,7.2
2020-09-15,4.7151,4.7151,4.5859,4.5861,1048185,7.1
2020-09-16,4.5859,4.6505,4.5213,4.6507,1126100,7.2
2020-09-17,4.6505,4.6505,4.5213,4.5861,2233591,7.1
2020-09-18,4.5859,4.8443,4.5859,4.7153,3468912,7.3
2020-09-21,4.7151,4.9088,4.6505,4.7153,2979152,7.3
2020-09-22,4.7151,4.8443,4.6505,4.7153,1557113,7.3
2020-09-23,4.7797,4.8443,4.7151,4.7153,916749,7.3
2020-09-24,4.7151,4.7797,4.6505,4.6507,1685070,7.2
2020-09-25,4.6505,4.7151,4.5859,4.5861,1536162,7.1
2020-09-28,4.6505,4.9734,4.6505,4.7799,4226755,7.4
2020-09-29,4.7797,4.9734,4.7151,4.7153,2542816,7.3
2020-09-30,4.7151,4.7797,4.6505,4.7153,1413419,7.3
2020-10-01,4.7151,4.8443,4.7151,4.7799,1215665,7.4
2020-10-02,4.7797,4.8443,4.5859,4.7799,2797450,7.4
2020-10-05,4.7797,5.1026,4.7797,4.9737,5835042,7.7
2020-10-06,5.038,5.038,4.9088,4.9091,2339813,7.6
2020-10-07,4.9088,4.9734,4.8443,4.8445,1770589,7.5
2020-10-08,4.9088,4.9088,4.7797,4.8445,2040754,7.5
2020-10-09,4.8443,4.9088,4.7797,4.9091,1123623,7.6
2020-10-12,4.9088,4.9088,4.7151,4.7799,1506310,7.4
2020-10-13,4.7797,4.7797,4.7151,4.7799,669243,7.4
2020-10-14,4.7797,4.7797,4.7151,4.7153,1498825,7.3
2020-10-15,4.7151,4.7797,4.6505,4.7153,1666406,7.3
2020-10-16,4.7151,4.8443,4.6505,4.7799,1620400,7.4
2020-10-19,4.7797,4.9734,4.7797,4.8445,3230278,7.5
2020-10-20,4.8443,4.9088,4.7797,4.8445,952775,7.5
2020-10-21,4.8443,4.9088,4.7797,4.7799,1452813,7.4
2020-10-22,4.7797,4.8443,4.6505,4.7799,1758393,7.4
2020-10-23,4.7797,4.8443,4.7151,4.7799,766395,7.4
2020-10-26,4.7797,4.7797,4.6505,4.6507,1715993,7.2
2020-10-27,4.6505,4.6505,4.5213,4.5215,1453907,7
2020-10-28,4.5213,4.5859,4.3921,4.5215,1505750,7
2020-10-29,4.4567,4.5213,4.3921,4.4569,718870,6.9
2020-10-30,4.4567,4.5213,4.3921,4.3923,714480,6.8
2020-11-02,4.3921,4.5859,4.3275,4.5215,968681,7
2020-11-03,4.5213,4.5213,4.4567,4.5215,322010,7
2020-11-04,4.4567,4.5859,4.4567,4.5215,1807610,7
2020-11-05,4.5213,4.5859,4.4567,4.5215,358660,7
2020-11-06,4.5213,4.5213,4.4567,4.4569,712620,6.9
2020-11-09,4.4567,4.5859,4.4567,4.5215,501219,7
2020-11-10,4.5859,4.7151,4.5213,4.7153,1969349,7.3
2020-11-11,4.7151,4.7151,4.5859,4.6507,505335,7.2
2020-11-12,4.6505,4.6505,4.5859,4.6507,274781,7.2
2020-11-13,4.6505,4.6505,4.5859,4.5861,635006,7.1
2020-11-16,4.5859,4.6505,4.5213,4.5215,911329,7
2020-11-17,4.5213,4.5859,4.5213,4.5861,404710,7.1
2020-11-18,4.5859,4.7151,4.5213,4.7153,1293188,7.3
2020-11-19,4.7151,4.7151,4.5859,4.6507,1698901,7.2
2020-11-20,4.6505,4.7151,4.5859,4.6507,1266879,7.2
2020-11-23,4.6505,4.7151,4.6505,4.6507,1334665,7.2
2020-11-24,4.6505,4.7151,4.5859,4.6507,1623478,7.2
2020-11-25,4.7151,4.7151,4.6505,4.7153,2129776,7.3
2020-11-26,4.7151,4.9088,4.6505,4.8445,3154631,7.5
2020-11-27,4.8443,4.8443,4.7151,4.7153,680720,7.3
2020-11-30,4.7151,4.7797,4.7151,4.7153,1047850,7.3
2020-12-01,4.7151,4.7151,4.5859,4.6507,1538627,7.2
2020-12-02,4.6505,4.8443,4.6505,4.7799,1747880,7.4
2020-12-03,4.7797,4.7797,4.6505,4.7153,1181650,7.3
2020-12-04,4.7151,5.1672,4.7151,5.0383,6024064,7.8
2020-12-07,5.038,5.2964,5.038,5.1028,5397622,7.9
2020-12-08,5.1672,5.1672,4.9734,5.0383,1892772,7.8
2020-12-09,5.038,5.2318,4.9734,5.1028,4490393,7.9
2020-12-10,5.1672,5.5547,5.1672,5.3612,10119830,8.3
2020-12-11,5.361,5.4256,5.2964,5.3612,2207079,8.3
2020-12-14,5.361,5.4256,5.2964,5.3612,3213753,8.3
2020-12-15,5.361,5.6193,5.2318,5.4258,6131541,8.4
2020-12-16,5.4256,5.5547,5.4256,5.4904,2973353,8.5
2020-12-17,5.4902,6.0069,5.4256,6.0072,9612930,9.3
2020-12-18,6.1361,6.5882,5.9423,6.2009,6979443,9.6
2020-12-21,6.2652,6.5882,6.2006,6.4593,9288055,10
2020-12-22,6.459,6.8465,6.3298,6.8469,9053709,10.6
2020-12-23,6.8465,7.4924,6.5882,7.4928,12069246,11.6
2020-12-24,7.557,8.1383,7.4279,8.0741,8212595,12.5
2020-12-25,8.0092,8.3321,7.7508,8.0095,6993786,12.4
2020-12-28,8.0092,8.0738,7.7508,7.9449,4573278,12.3
2020-12-29,7.9446,8.2675,7.9446,8.0741,3435688,12.5
2020-12-30,8.0738,8.4613,7.9446,7.9449,3727815,12.3
2020-12-31,7.9446,8.1383,7.9446,8.0741,2724886,12.5
2021-01-04,8.0738,8.8488,8.0738,8.7201,6543318,13.5
2021-01-05,8.8488,9.2364,8.6551,8.9138,3800560,13.8
2021-01-06,8.9134,9.0426,8.5905,8.7846,4435458,13.6
2021-01-07,8.7842,8.7842,7.9446,7.9449,11020006,12.3
2021-01-08,7.9446,8.3321,7.1695,7.9449,6892581,12.3
2021-01-11,8.0092,8.2029,7.7508,7.8158,3330392,12.1
2021-01-12,7.8154,7.9446,7.4924,7.8158,4716350,12.1
2021-01-13,7.8154,8.0738,7.6216,7.7512,3960405,12
2021-01-14,7.6862,7.7508,7.4924,7.6866,3598091,11.9
2021-01-15,7.7508,8.0092,7.557,7.8158,5146140,12.1
2021-01-18,7.88,8.0738,7.6862,7.7512,3713268,12
2021-01-19,7.7508,7.8154,6.9757,6.976,8021350,10.8
2021-01-20,6.5236,7.0403,6.3298,6.7177,6514401,10.4
2021-01-21,6.782,7.3633,6.5882,7.3636,3650546,11.4
2021-01-22,7.4279,7.6862,7.2987,7.4282,5900712,11.5
2021-01-25,7.4279,7.7508,7.1695,7.4282,5620483,11.5
2021-01-26,7.4279,7.4924,6.9111,7.1698,4884134,11.1
2021-01-27,7.1049,7.2341,6.459,6.4593,3847826,10
2021-01-28,6.3944,6.3944,5.8131,5.8134,4711632,9
2021-01-29,5.2964,6.3944,5.2318,6.3301,4431150,9.8
2021-02-01,6.2652,6.2652,5.7485,5.7488,4805760,8.9
2021-02-02,5.2964,5.7485,5.2318,5.7488,4131915,8.9
2021-02-03,5.7485,6.2652,5.4902,6.2655,5853768,9.7
2021-02-04,6.2652,6.5236,6.2006,6.2655,1322685,9.7
2021-02-05,6.2006,6.3944,6.0715,6.2009,1611482,9.6
2021-02-08,6.2652,6.2652,5.7485,5.7488,3759505,8.9
2021-02-09,5.2318,6.2652,5.2318,6.0072,1109148,9.3
2021-02-17,6.0069,6.3298,6.0069,6.3301,2018816,9.8
2021-02-18,6.3298,6.9111,6.1361,6.9115,7710339,10.7
2021-02-19,6.9757,7.4924,6.9111,7.2344,5262698,11.2
2021-02-22,7.2341,7.3633,6.8465,6.976,3839450,10.8
2021-02-23,7.1695,7.557,6.8465,7.2344,6012524,11.2
2021-02-24,7.4279,7.4279,6.8465,6.9115,5582504,10.7
2021-02-25,6.9111,7.0403,6.782,6.8469,3808298,10.6
2021-02-26,6.8465,7.1695,6.5882,6.976,2873191,10.8
2021-03-01,6.9111,7.2987,6.9111,7.1052,5527164,11
2021-03-02,7.2341,7.2987,7.0403,7.1052,2755924,11
2021-03-03,7.1049,7.3633,6.9111,7.299,7067539,11.3
2021-03-04,7.2987,7.4279,6.9111,7.1052,5307810,11
2021-03-05,7.2987,7.8154,6.9111,7.8158,13571151,12.1
2021-03-08,8.0738,8.3967,7.8154,8.0741,8689640,12.5
2021-03-09,8.0738,8.0738,7.6862,7.6866,5988410,11.9
2021-03-10,7.6862,7.8154,7.557,7.6866,5464770,11.9
2021-03-11,7.7508,7.9446,7.6862,7.8158,3972385,12.1
2021-03-12,7.8154,7.9446,7.6862,7.7512,2997187,12
2021-03-15,7.7508,8.1383,7.7508,7.8803,5298814,12.2
2021-03-16,7.88,7.9446,7.6862,7.8803,3862976,12.2
2021-03-17,7.88,8.2675,7.8154,8.0741,6622477,12.5
2021-03-18,8.0738,8.3967,7.9446,8.0095,3084325,12.4
2021-03-19,8.0092,8.0092,7.7508,7.8158,5002605,12.1
2021-03-22,7.8154,7.9446,7.7508,7.8158,4007472,12.1
2021-03-23,7.88,8.1383,7.7508,7.9449,6566486,12.3
2021-03-24,7.88,8.2675,7.7508,8.2033,9256728,12.7
2021-03-25,8.2029,8.2675,7.8154,7.8158,4188487,12.1
2021-03-26,7.8154,8.0092,7.3633,7.8803,7307033,12.2
2021-03-29,7.88,8.0738,7.8154,7.9449,4221210,12.3
2021-03-30,7.9446,8.1383,7.88,7.9449,4548188,12.3
2021-03-31,7.9446,8.0738,7.7508,7.8158,5029575,12.1
2021-04-01,7.8154,8.3967,7.8154,8.2033,11796103,12.7
2021-04-02,8.2675,8.3321,8.0738,8.1387,3925543,12.6
2021-04-05,8.2029,8.4613,8.1383,8.2679,5813283,12.8
2021-04-06,8.1383,8.8488,8.1383,8.7201,13981501,13.5
2021-04-07,8.7197,8.8488,8.5259,8.5909,4994341,13.3
2021-04-08,8.5905,8.8488,8.3967,8.3971,7563339,13
2021-04-09,8.3967,8.5259,8.2675,8.3971,5665086,13
2021-04-12,8.3967,8.5905,8.3321,8.5909,5346003,13.3
2021-04-13,8.5259,8.6551,8.0092,8.0741,9421639,12.5
2021-04-14,8.0738,8.2675,7.9446,8.0741,5083005,12.5
2021-04-15,8.0738,8.2029,7.8154,7.8158,5704296,12.1
2021-04-16,7.7508,7.88,7.1695,7.3636,13825398,11.4
2021-04-19,7.3633,7.3633,6.7174,7.0406,9128371,10.9
2021-04-20,7.0403,7.3633,6.9757,7.1052,3700567,11
2021-04-22,7.1049,7.1695,6.3944,6.3947,5804337,9.9
2021-04-23,6.3944,6.6528,6.1361,6.5885,4956533,10.2
2021-04-26,6.5882,6.6528,6.0715,6.1363,3767104,9.5
2021-04-27,6.0715,6.2006,5.8777,6.2009,2954518,9.6
2021-04-28,6.2652,6.3944,6.0715,6.3301,1860143,9.8
2021-04-29,6.3298,6.9111,6.3298,6.7177,4291602,10.4
2021-05-04,6.782,6.782,6.1361,6.3947,2106850,9.9
2021-05-05,6.3944,6.782,6.3944,6.5239,2912378,10.1
2021-05-06,6.5236,6.5882,6.2652,6.3301,2479456,9.8
2021-05-07,6.3298,6.3944,6.0069,6.1363,3314615,9.5
2021-05-10,6.1361,6.2006,6.0069,6.0717,2637651,9.4
2021-05-11,6.0715,6.3298,6.0715,6.2009,2651400,9.6
2021-05-12,6.2006,6.3944,6.1361,6.3947,1587789,9.9
2021-05-13,6.3944,6.5236,6.2652,6.3301,1969393,9.8
2021-05-14,6.3298,6.7174,6.2006,6.3947,3554534,9.9
2021-05-17,6.459,6.5236,6.2652,6.2655,1385121,9.7
2021-05-18,6.2652,6.3298,6.0715,6.2009,2577680,9.6
2021-05-19,6.0715,6.2006,6.0069,6.0717,2195000,9.4
2021-05-20,6.0715,6.1361,5.8777,5.878,3569059,9.1
2021-05-21,5.8131,6.1361,5.6839,6.0072,2646023,9.3
2021-05-24,6.0069,6.459,5.9423,6.3947,3689202,9.9
2021-05-25,6.459,6.5236,6.2006,6.2655,1870674,9.7
2021-05-26,6.2652,6.2652,6.0715,6.1363,2166240,9.5
2021-05-27,6.2006,6.2652,6.0069,6.0717,2447205,9.4
2021-05-28,6.0715,6.2006,6.0069,6.1363,4152864,9.5
2021-05-31,6.1361,6.6528,6.0715,6.5239,7646401,10.1
2021-06-01,6.3944,6.9757,6.3944,6.7823,5853108,10.5
2021-06-02,6.782,6.9111,6.5236,6.7177,5172524,10.4
2021-06-03,6.2006,6.9111,6.2006,6.7177,4749792,10.4
2021-06-04,6.782,7.1695,6.6528,6.976,8899954,10.8
2021-06-07,6.9757,7.557,6.9757,7.299,7365339,11.3
2021-06-08,7.2987,7.6862,6.5882,6.5885,6397331,10.2
2021-06-09,6.5882,6.9111,6.459,6.7177,4179140,10.4
2021-06-10,6.7174,6.9757,6.5882,6.6531,3879293,10.3
2021-06-11,6.6528,6.8465,6.459,6.7177,2047632,10.4
2021-06-14,6.782,6.9111,6.5882,6.7177,3627452,10.4
2021-06-15,6.2006,6.8465,6.2006,6.5885,2384550,10.2
2021-06-16,6.5882,6.8465,6.5236,6.7177,3892252,10.4
2021-06-17,6.7174,6.7174,6.5236,6.7177,2535231,10.4
2021-06-18,6.6528,7.1049,6.6528,6.976,7247477,10.8
2021-06-21,6.9757,7.1049,6.8465,6.976,3856114,10.8
2021-06-22,6.9757,7.2987,6.9111,7.1052,6902094,11
2021-06-23,7.1049,7.1695,6.782,6.7823,2949786,10.5
2021-06-24,6.8465,6.9111,6.6528,6.6531,2529534,10.3
2021-06-25,6.6528,6.8465,6.5236,6.6531,3217800,10.3
2021-06-28,6.6528,6.782,6.5882,6.6531,2514713,10.3
2021-06-29,6.459,6.782,6.1361,6.5239,3013906,10.1
2021-06-30,6.5236,6.5882,6.3298,6.3947,4335540,9.9
2021-07-01,6.3944,6.459,6.2652,6.4593,4078065,10
2021-07-02,6.459,6.5882,6.2652,6.3301,4403027,9.8
2021-07-05,6.459,6.459,6.0715,6.0717,4094061,9.4
2021-07-06,6.0715,6.2006,5.8777,5.878,4333535,9.1
2021-07-07,5.8777,5.9423,5.5547,5.7488,2936649,8.9
2021-07-08,5.7485,5.9423,5.7485,5.8134,1661242,9
2021-07-09,5.8131,5.8131,5.4256,5.4904,2199394,8.5
2021-07-12,5.4902,5.5547,4.9734,5.1028,4650649,7.9
2021-07-13,5.1026,5.2964,5.1026,5.2966,1909019,8.2
2021-07-14,5.2964,5.361,5.1026,5.232,1454715,8.1
2021-07-15,5.2318,5.4256,5.1672,5.4258,2006833,8.4
2021-07-16,5.4256,5.4256,5.2964,5.2966,1060548,8.2
2021-07-19,5.361,5.361,4.9734,4.9737,2005502,7.7
2021-07-20,4.9734,5.2318,4.9734,5.232,2127607,8.1
2021-07-21,5.2318,5.2964,5.1026,5.1028,1038808,7.9
2021-07-22,5.1026,5.5547,5.1026,5.555,4199564,8.6
2021-07-23,5.8131,5.8777,5.4902,5.555,3718659,8.6
2021-07-26,5.5547,5.6193,5.4256,5.555,1674160,8.6
2021-07-27,5.5547,5.6193,5.4256,5.6196,3134286,8.7
2021-07-28,5.6193,5.6193,5.4902,5.4904,1150625,8.5
2021-07-29,5.4902,5.6193,5.4902,5.555,2259362,8.6
2021-07-30,5.5547,5.6193,5.4902,5.555,2109857,8.6
2021-08-02,5.4902,5.4902,5.2964,5.3612,3007413,8.3
2021-08-03,5.361,5.6839,5.2964,5.555,3164514,8.6
2021-08-04,5.5547,5.5547,5.4256,5.4258,1850296,8.4
2021-08-05,5.4902,5.6839,5.361,5.6196,3460994,8.7
2021-08-06,5.6193,6.0069,5.6193,5.8134,7417671,9
2021-08-09,5.8131,6.0715,5.7485,6.0072,3248349,9.3
2021-08-10,6.0069,6.0715,5.8131,5.878,2751590,9.1
2021-08-11,5.8777,6.0069,5.8131,5.8134,3843217,9
2021-08-12,5.8131,6.2652,5.8131,6.1363,5608367,9.5
2021-08-13,6.1361,6.1361,5.8777,6.0717,2285697,9.4
2021-08-16,6.0715,6.2652,6.0069,6.2009,4251057,9.6
2021-08-17,6.2006,6.3298,6.0715,6.1363,2917428,9.5
2021-08-18,6.1361,6.2006,6.0715,6.0717,2164300,9.4
2021-08-19,6.0715,6.0715,5.9423,6.0072,2609159,9.3
2021-08-20,6.0069,6.0069,5.6193,5.6842,5869428,8.8
2021-08-23,5.6839,5.7485,5.4902,5.4904,2366084,8.5
2021-08-24,5.4902,5.6193,5.4256,5.555,2061979,8.6
2021-08-25,5.6193,5.6193,5.361,5.555,1653609,8.6
2021-08-26,5.5547,5.6193,5.4902,5.555,1052305,8.6
2021-08-27,5.4902,5.8131,5.4256,5.8134,2800321,9
2021-08-30,5.8131,5.9423,5.6839,5.8134,2651805,9
2021-08-31,5.8131,6.1361,5.7485,6.0072,3580986,9.3
2021-09-01,6.0069,6.0715,5.8777,6.0072,2139382,9.3
2021-09-06,6.0069,6.5882,6.0069,6.5239,13855682,10.1
2021-09-07,6.5882,6.6528,6.2006,6.2655,4744241,9.7
2021-09-08,6.2006,6.3944,6.1361,6.2009,2595682,9.6
2021-09-09,6.2006,6.782,6.2006,6.7823,12383751,10.5
2021-09-10,6.782,7.1695,6.782,6.7823,7204402,10.5
2021-09-13,6.782,6.9111,6.5236,6.5885,6811913,10.2
2021-09-14,6.5882,6.782,6.459,6.7177,4858447,10.4
2021-09-15,6.7174,7.1049,6.6528,6.7823,5281108,10.5
2021-09-16,6.782,6.9111,6.7174,6.9115,3333722,10.7
2021-09-17,6.8465,7.4279,6.8465,7.1052,11968275,11
2021-09-20,7.1695,7.3633,6.9111,6.9115,6097331,10.7
2021-09-21,6.9111,6.9111,6.5236,6.7823,7493800,10.5
2021-09-22,6.7174,7.1695,6.5882,7.1698,8517118,11.1
2021-09-23,7.1695,7.4279,6.782,6.9115,4087798,10.7
2021-09-24,6.9111,6.9757,6.6528,6.7177,3330507,10.4
2021-09-27,6.7174,6.782,6.2652,6.2655,6934283,9.7
2021-09-28,6.2652,6.459,6.0715,6.4593,3988979,10
2021-09-29,6.459,6.5882,6.2652,6.4593,2096580,10
2021-09-30,6.459,6.7174,6.3944,6.6531,2017272,10.3
2021-10-01,6.5882,6.6528,6.459,6.4593,2672404,10
2021-10-04,6.5236,6.7174,6.459,6.5885,3378875,10.2
2021-10-05,6.6528,6.9757,6.5236,6.976,7395370,10.8
2021-10-06,6.9757,7.1695,6.8465,6.976,5902861,10.8
2021-10-07,6.9757,7.2987,6.9757,7.2344,7906957,11.2
2021-10-08,7.2341,7.2987,6.9111,6.976,6303049,10.8
2021-10-11,6.3944,7.1049,6.3944,6.976,2206790,10.8
2021-10-12,6.9757,7.0403,6.8465,6.976,2524595,10.8
2021-10-13,6.782,7.2341,6.782,6.976,4058764,10.8
2021-10-14,6.9757,7.4279,6.9757,7.2344,8734971,11.2
2021-10-15,7.2341,7.3633,7.1049,7.2344,2950496,11.2
2021-10-18,7.2341,7.3633,7.1049,7.1052,3755015,11
2021-10-19,7.0403,7.1695,6.9757,7.0406,3692112,10.9
2021-10-20,7.1049,7.1049,6.8465,6.976,4729567,10.8
2021-10-21,6.9757,7.1049,6.8465,6.9115,2950418,10.7
2021-10-22,6.9757,7.4924,6.9111,7.4282,11585114,11.5
2021-10-25,7.4279,7.7508,7.4279,7.4928,6070870,11.6
2021-10-26,7.4924,7.4924,7.2987,7.4928,3589759,11.6
2021-10-27,7.4924,7.6216,7.4279,7.4928,6319161,11.6
2021-10-28,7.4924,7.6862,7.4924,7.622,5499798,11.8
2021-10-29,7.6216,8.1383,7.4924,7.9449,12717745,12.3
2021-11-01,8.0738,8.1383,7.8154,7.8158,7689189,12.1
2021-11-02,7.8154,8.5259,7.7508,8.3971,10684861,13
2021-11-03,8.4613,8.9134,7.6216,7.7512,15848411,12
2021-11-04,7.7508,8.1383,7.6862,8.0095,6593933,12.4
2021-11-05,8.0738,8.2029,7.9446,8.0741,3712382,12.5
2021-11-08,8.0738,8.8488,8.0738,8.8492,13383489,13.7
2021-11-09,8.9134,9.6885,8.9134,9.689,17022766,15
2021-11-10,9.6885,10.6574,9.6885,10.6578,6425683,16.5
2021-11-11,11.6908,11.6908,11.3033,11.6913,13161534,18.1
2021-11-12,12.8534,12.8534,12.5951,12.854,4461806,19.9
2021-11-15,14.0806,14.0806,14.0806,14.0813,3043078,21.8
2021-11-16,15.437,15.437,14.0806,15.4377,19569277,23.9
2021-11-17,16.9226,16.9226,15.437,16.9234,7294799,26.2
2021-11-18,18.6019,18.6019,17.1164,18.6028,3416188,28.8
2021-11-19,20.4104,20.4104,18.7311,20.3468,13201336,31.5
2021-11-22,21.6377,22.3481,18.3436,18.9903,11165428,29.4
2021-11-23,18.8603,20.8626,17.4393,20.6698,5309551,32
2021-11-24,20.6688,22.7357,20.6688,22.7367,3524375,35.2
2021-11-25,24.9963,24.9963,23.4462,24.9975,1681538,38.7
2021-11-26,27.4508,27.4508,25.836,27.452,5712234,42.5
2021-11-29,29.0655,30.0989,26.2235,29.0669,10762221,45
2021-11-30,29.0655,31.3262,26.159,26.1602,10305268,40.5
2021-12-01,23.5754,27.1278,23.5754,24.8037,6603180,38.4
2021-12-02,24.8026,27.257,24.8026,27.2583,4923884,42.2
2021-12-03,29.7114,29.9698,26.8049,28.098,7541814,43.5
2021-12-06,28.0967,28.0967,25.3193,25.3205,5692400,39.2
2021-12-07,24.6088,27.5153,23.6399,27.0645,6101415,41.9
2021-12-08,27.1278,27.8383,25.7714,25.7726,2869127,39.9
2021-12-09,25.836,26.4819,25.0609,25.3851,2353922,39.3
2021-12-10,25.3839,26.4173,24.5442,24.6099,3543005,38.1
2021-12-13,24.8672,26.9986,23.7691,26.4831,4685845,41
2021-12-14,27.7091,27.8383,26.2881,26.6123,3675957,41.2
2021-12-15,26.6111,29.2593,26.6111,29.2606,7808623,45.3
2021-12-16,30.0344,32.1658,29.7114,32.1027,10031258,49.7
2021-12-17,33.5868,34.9432,32.4242,34.2343,8520407,53
2021-12-20,34.2327,36.4934,32.1012,36.1721,7672375,56
2021-12-21,37.5914,39.7874,35.137,39.7893,9370475,61.6
2021-12-22,40.0458,43.7274,39.9812,42.5022,11348001,65.8
2021-12-23,42.6294,44.5671,38.3019,38.3037,13356546,59.3
2021-12-24,38.3019,39.9166,35.912,37.4639,9537493,58
2021-12-27,38.1081,41.2084,37.333,41.2103,8924462,63.8
2021-12-28,42.5648,45.2776,41.9835,45.2797,9852259,70.1
2021-12-29,48.4425,49.4114,44.2442,45.7319,9805210,70.8
2021-12-30,45.8589,47.0215,44.115,45.6673,5402587,70.7
2021-12-31,45.8589,46.9569,43.2753,45.7964,6625338,70.9
2022-01-04,45.8589,50.3156,45.8589,50.318,4285793,77.9
2022-01-05,50.3802,55.289,50.3802,55.2916,6618058,85.6
2022-01-06,55.6766,59.0353,51.672,55.8084,8924650,86.4
2022-01-07,56.8392,60.7146,54.2556,59.7485,6759445,92.5
2022-01-10,59.7458,64.59,53.8035,53.806,9699352,83.3
2022-01-11,53.8035,59.1644,51.7366,59.1672,9345198,91.6
2022-01-12,53.2868,60.7146,53.2868,53.2892,11170803,82.5
2022-01-13,53.2868,54.9015,47.9904,47.9926,5791411,74.3
2022-01-14,43.2107,50.3802,43.2107,45.9256,11441525,71.1
2022-01-17,46.1819,48.7655,41.3376,41.3395,7706641,64
2022-01-18,37.2038,41.2084,37.2038,37.2056,3375090,57.6
2022-01-19,33.5222,33.6514,33.5222,33.5238,737127,51.9
2022-01-20,30.2281,36.8163,30.2281,36.818,11359839,57
2022-01-21,40.4979,40.4979,40.3688,40.4998,3555688,62.7
2022-01-24,44.5025,44.5025,36.8163,36.818,10548732,57
2022-01-25,35.5245,40.4979,33.4576,40.4998,7706226,62.7
2022-01-26,42.9524,44.5025,40.6917,44.2462,5969069,68.5
2022-01-27,44.2442,45.8589,39.852,40.0477,5729606,62
2022-01-28,40.0458,40.9501,36.1704,40.0477,6641804,62
2022-02-07,40.3688,42.0481,36.0412,36.0429,4895488,55.8
2022-02-08,32.8117,36.1058,32.4888,32.4903,6916337,50.3
2022-02-09,29.3885,35.7183,29.2593,35.7199,9170327,55.3
2022-02-10,37.4622,39.2707,36.8809,39.2726,5510922,60.8
2022-02-11,39.3353,40.0458,35.5245,35.8491,4632485,55.5
2022-02-14,35.912,39.077,32.9409,37.7869,5591849,58.5
2022-02-15,38.4311,40.2396,37.4622,39.3371,4230967,60.9
2022-02-16,39.5291,43.2107,39.5291,43.2127,6304829,66.9
2022-02-17,43.2107,47.0861,41.9835,43.0189,6319033,66.6
2022-02-18,42.9524,47.1507,41.0147,46.184,5756266,71.5
2022-02-21,46.3756,50.1218,46.1819,47.5405,5582032,73.6
2022-02-22,47.5382,47.7966,42.8232,42.8252,14956046,66.3
2022-02-23,41.3376,46.2464,38.754,45.0213,5504330,69.7
2022-02-24,44.5671,45.3422,40.5625,41.8563,13472391,64.8
2022-02-25,41.8543,43.9212,41.8543,42.8252,3892091,66.3
2022-02-28,43.1461,43.5983,41.1438,42.4376,3740591,65.7
2022-03-01,42.5002,46.4402,42.1127,46.3778,8169767,71.8
2022-03-02,46.3756,46.9569,44.6317,45.2151,5977069,70
2022-03-03,45.213,46.311,44.5671,45.2797,4216129,70.1
2022-03-04,45.2776,47.7966,44.7609,45.6673,6595432,70.7
2022-03-07,45.6651,46.4402,44.7609,45.2151,4806397,70
2022-03-08,44.8901,45.213,40.9501,41.6625,8916240,64.5
2022-03-09,41.5314,43.2753,40.1104,42.0501,5986082,65.1
2022-03-10,42.6294,44.4379,42.6294,43.0189,3178429,66.6
2022-03-11,43.2753,43.2753,40.6917,41.5979,4243020,64.4
2022-03-14,41.596,45.213,40.3688,43.3419,6716469,67.1
2022-03-15,43.3399,44.9546,43.3399,44.5692,3989480,69
2022-03-16,44.5671,46.5048,44.0504,44.117,4307959,68.3
2022-03-17,44.5671,47.1507,43.9858,44.2462,3870835,68.5
2022-03-18,44.2442,46.4402,44.115,45.2151,7476724,70
2022-03-21,45.2776,48.3779,45.213,47.928,7640759,74.2
2022-03-22,49.4759,49.4759,47.1507,47.2821,7937295,73.2
2022-03-23,47.5382,47.9258,46.5048,47.0883,6337804,72.9
2022-03-24,47.0861,48.4425,46.5048,46.8299,7023978,72.5
2022-03-25,46.8278,47.0861,45.8589,45.861,5668769,71
2022-03-28,45.8589,45.8589,41.273,42.6314,14004870,66
2022-03-29,42.5002,46.3756,41.6606,45.2797,4258188,70.1
2022-03-30,44.5671,45.536,41.3376,42.5668,6646766,65.9
2022-03-31,40.1104,43.2753,40.1104,41.3395,3911429,64
2022-04-01,41.3376,43.2753,40.2396,43.2127,3786975,66.9
2022-04-04,43.2753,44.2442,41.9835,41.9855,3601065,65
2022-04-05,41.9835,43.1461,41.0792,41.9855,2676768,65
2022-04-06,40.8209,42.3065,39.0124,39.9831,5463664,61.9
2022-04-07,39.9812,40.0458,36.6871,37.9161,5463731,58.7
2022-04-08,37.8497,39.3999,37.7852,38.4974,2781865,59.6
2022-04-12,38.754,39.0124,34.8786,34.8802,3511044,54
2022-04-13,34.814,36.6225,32.9409,36.4951,5050899,56.5
2022-04-14,36.8163,37.7206,35.5245,35.5262,2317185,55
2022-04-18,34.2327,36.8163,30.6803,33.5884,4510296,52
2022-04-19,33.5868,34.8786,32.7471,33.0716,2474368,51.2
2022-04-20,33.2639,33.4576,30.3573,30.3587,2767540,47
2022-04-21,27.7091,30.3573,27.3216,27.3228,5507476,42.3
2022-04-22,24.6734,27.7737,24.6088,24.6099,6144339,38.1
2022-04-25,24.6088,25.836,22.1544,22.1554,3858712,34.3
2022-04-26,20.6688,24.3504,19.9583,24.3516,6952626,37.7
2022-04-27,24.5442,26.7403,24.415,26.7415,4542081,41.4
2022-04-28,27.7737,27.7737,25.2547,25.3851,4464434,39.3
2022-04-29,25.3839,27.6445,24.6088,26.6123,5697485,41.2
2022-05-04,26.6111,26.8694,24.5442,24.5453,3349960,38
2022-05-05,24.6088,25.7714,22.1544,23.5764,3334728,36.5
2022-05-06,23.5754,23.5754,21.5085,21.5095,3419462,33.3
2022-05-09,21.5085,21.5085,19.377,19.3779,6047941,30
2022-05-10,19.377,21.3147,17.7623,21.3157,4430546,33
2022-05-11,21.3147,23.4462,21.3147,23.4473,2789148,36.3
2022-05-12,23.7045,24.3504,21.1209,21.1219,6143898,32.7
2022-05-13,21.1209,21.5731,19.1186,19.8946,6600518,30.8
2022-05-16,19.377,21.8314,19.377,21.8324,4672798,33.8
2022-05-17,21.8314,23.9629,21.4439,23.964,3682111,37.1
2022-05-18,24.0275,25.9652,24.0275,24.6099,5164946,38.1
2022-05-19,24.738,25.1255,22.6065,24.6745,4591759,38.2
2022-05-20,24.5442,26.8049,24.5442,25.5142,4627547,39.5
2022-05-23,25.5776,26.7403,22.994,23.641,5280038,36.6
2022-05-24,23.6399,25.9652,22.6711,25.9664,5185440,40.2
2022-05-25,26.159,28.5488,26.0944,28.5501,7024067,44.2
2022-05-26,28.6134,29.0655,27.7091,27.9688,4575530,43.3
2022-05-27,27.9675,29.6468,27.5799,28.3563,4873614,43.9
2022-05-30,28.355,29.3239,27.8383,28.4855,3780452,44.1
2022-05-31,28.6134,29.0009,27.3216,28.5501,6139808,44.2
2022-06-01,28.5488,28.5488,26.8049,27.452,5666286,42.5
2022-06-02,27.4508,28.1612,25.836,25.8372,6167009,40
2022-06-03,25.7714,28.0321,25.3839,27.6458,5691829,42.8
2022-06-06,27.6445,28.0967,25.9006,25.9018,3544205,40.1
2022-06-07,25.7068,25.836,23.8983,25.2559,5491393,39.1
2022-06-08,25.3193,27.4508,25.3193,26.4831,4178846,41
2022-06-09,26.6111,26.934,26.0944,26.0956,2071459,40.4
2022-06-10,25.7068,26.0944,24.6088,24.6099,3751496,38.1
2022-06-13,24.6088,24.6088,22.1544,22.1554,6022172,34.3
2022-06-14,21.9606,23.2524,20.7334,22.22,3975437,34.4
2022-06-15,22.2836,22.7357,20.0229,20.3468,4476555,31.5
2022-06-16,20.3459,21.9606,19.7,20.3468,3562035,31.5
2022-06-17,20.3459,20.3459,18.3436,18.3444,7113035,28.4
2022-06-20,18.3436,19.0541,16.535,16.5358,5500562,25.6
2022-06-21,15.2432,16.7288,14.9203,14.921,5684007,23.1
2022-06-22,13.9514,16.4059,13.9514,16.4066,3479507,25.4
2022-06-23,16.535,18.0206,16.535,18.0215,3715463,27.9
2022-06-24,18.0852,19.1832,17.1809,17.2463,4881372,26.7
2022-06-27,17.1809,18.3436,16.7934,17.5693,3476795,27.2
2022-06-28,17.6977,19.3124,17.5685,19.3133,6382794,29.9
2022-06-29,19.3124,19.8291,18.4727,18.7966,3185260,29.1
2022-06-30,18.7957,19.1186,16.9226,16.988,4436493,26.3
2022-07-01,16.5996,18.6665,15.5662,18.086,6278725,28
2022-07-04,18.7311,18.8603,17.5685,17.8923,2383445,27.7
2022-07-05,17.8914,18.0852,16.858,16.9234,3085457,26.2
2022-07-06,16.7934,18.0852,16.1475,16.7942,4716492,26
2022-07-07,17.1164,17.5039,16.4705,17.2463,2449842,26.7
2022-07-08,18.0852,18.9249,17.4393,18.8612,6385693,29.2
2022-07-11,18.7311,19.5708,18.0852,18.6674,6485979,28.9
2022-07-12,18.6665,19.9583,18.2144,19.3779,6968918,30
2022-07-13,18.7957,19.8291,18.4082,18.6028,5873986,28.8
2022-07-14,18.6019,19.2478,18.0852,18.9258,4373031,29.3
2022-07-15,19.0541,20.2167,18.7311,19.6363,9800076,30.4
2022-07-18,19.8291,20.1521,18.7957,19.0549,6750277,29.5
2022-07-19,19.0541,20.0229,18.6019,19.3779,4672045,30
2022-07-20,19.7,21.2501,19.7,20.9927,10185385,32.5
2022-07-21,20.9272,21.3147,20.3459,20.476,6023042,31.7
2022-07-22,20.6688,20.6688,19.7645,19.8301,4936023,30.7
2022-07-25,19.8291,20.3459,19.0541,19.7655,5719128,30.6
2022-07-26,19.8291,20.2167,19.3124,19.3779,4417449,30
2022-07-27,19.2478,19.8291,19.0541,19.7655,3949108,30.6
2022-07-28,19.9583,21.5085,19.9583,20.5406,9963545,31.8
2022-07-29,20.6688,20.9918,20.2167,20.2822,4380073,31.4
2022-08-01,20.0229,21.2501,20.0229,21.1865,7136503,32.8
2022-08-02,21.2501,22.219,21.2501,21.5741,9107936,33.4
2022-08-03,21.1855,21.6377,20.9918,21.5095,5611420,33.3
2022-08-04,21.5731,22.1544,20.9918,21.1865,7261612,32.8
2022-08-05,21.1855,22.6065,20.9918,22.1554,7458566,34.3
2022-08-08,22.1544,22.9295,21.9606,22.22,5811201,34.4
2022-08-09,22.219,22.8649,22.0252,22.4784,5381640,34.8
2022-08-10,22.4773,23.8983,22.219,23.4473,9837969,36.3
2022-08-11,23.5754,24.0921,22.0252,22.2846,10381198,34.5
2022-08-12,22.2836,22.8003,21.9606,22.6721,4913299,35.1
2022-08-15,22.7357,23.0586,22.4773,22.543,4241541,34.9
2022-08-16,22.2836,22.8003,22.2836,22.6721,4439410,35.1
2022-08-17,22.7357,23.5108,22.5419,22.6076,7700160,35
2022-08-18,22.6065,22.7357,22.0898,22.3492,4266731,34.6
2022-08-19,22.3481,22.6711,22.0252,22.1554,3932375,34.3
2022-08-22,22.1544,22.1544,20.5396,20.6698,9436296,32
2022-08-23,20.6042,21.8314,20.0229,21.8324,4643601,33.8
2022-08-24,21.9606,22.0898,21.3147,21.5095,3147342,33.3
2022-08-25,21.5085,21.9606,21.3793,21.5741,3298651,33.4
2022-08-26,21.5731,22.0898,20.9272,21.3157,4712125,33
2022-08-29,20.6688,21.1209,19.7,20.6698,6277456,32
2022-08-30,20.6688,21.1209,20.1521,20.2176,3674006,31.3
2022-08-31,20.1521,20.6042,19.8937,20.4114,2798897,31.6
2022-09-05,20.4104,20.6042,20.2167,20.2176,2086172,31.3
2022-09-06,20.2167,20.9918,20.0229,20.6698,3552497,32
2022-09-07,20.6688,20.798,19.377,19.3779,4168389,30
2022-09-08,19.377,19.8291,19.0541,19.1841,4244787,29.7
2022-09-09,19.377,19.4416,17.956,19.3779,5245787,30
2022-09-12,19.377,19.7645,19.0541,19.0549,1930464,29.5
2022-09-13,19.1832,19.1832,18.4727,18.9903,2463919,29.4
2022-09-14,18.0852,19.377,18.0852,18.9903,4263899,29.4
2022-09-15,19.1186,19.2478,18.8603,18.8612,2052390,29.2
2022-09-16,18.8603,18.8603,17.2455,17.2463,5811507,26.7
2022-09-19,17.2455,18.0206,16.3413,16.665,4867015,25.8
2022-09-20,16.7934,17.2455,16.3413,17.2463,3166377,26.7
2022-09-21,17.2455,17.4393,16.9226,17.1171,1677715,26.5
2022-09-22,16.6642,17.6331,16.6642,17.4401,2428939,27
2022-09-23,17.4393,17.5685,16.7934,17.0526,2551612,26.4
2022-09-26,16.7288,16.7934,15.3724,15.4377,5195730,23.9
2022-09-27,15.437,15.8246,15.0495,15.1148,2145005,23.4
2022-09-28,14.8557,15.5662,14.016,14.9856,3122750,23.2
2022-09-29,14.9849,15.6308,14.7911,14.7918,2761569,22.9
2022-09-30,14.7911,14.7911,13.3701,14.0167,5440842,21.7
2022-10-03,14.016,14.1452,12.6596,12.6602,3784004,19.6
2022-10-04,12.918,13.0472,11.497,11.4976,5696506,17.8
2022-10-05,10.399,12.5951,10.399,12.5956,4145313,19.5
2022-10-06,12.5951,13.0472,11.6262,11.6267,3441550,18
2022-10-07,11.5616,11.6908,10.5282,10.6578,5045728,16.5
2022-10-10,10.6574,11.2387,9.6885,10.7224,3956991,16.6
2022-10-11,10.7865,10.8511,9.6885,9.689,4506851,15
2022-10-12,9.1072,10.399,9.0426,9.689,4643501,15
2022-10-13,10.0115,10.3344,9.8177,10.0765,3054304,15.6
2022-10-14,10.2052,10.6574,10.2052,10.3995,3676353,16.1
2022-10-17,10.4636,10.4636,9.7531,10.0119,2658190,15.5
2022-10-18,9.0426,10.9803,9.0426,10.9808,6338551,17
2022-10-19,11.0449,11.2387,10.7865,10.787,2873039,16.7
2022-10-20,10.7865,10.9157,10.3344,10.5287,2363553,16.3
2022-10-21,10.5282,10.5928,9.4947,9.4952,5780374,14.7
2022-10-24,9.4947,9.8177,8.5905,8.5909,4315067,13.3
2022-10-25,8.5905,9.0426,7.7508,7.7512,8979306,12
2022-10-26,7.7508,8.2675,6.9757,6.976,9288026,10.8
2022-10-27,6.3298,7.6216,6.3298,7.622,5334036,11.8
2022-10-28,6.9111,8.3321,6.9111,8.2033,8811525,12.7
2022-10-31,8.6551,8.7842,7.557,8.7201,8038131,13.5
2022-11-01,8.5905,9.3656,8.4613,9.1722,5418176,14.2
2022-11-02,9.2364,9.301,8.7197,8.7846,5522973,13.6
2022-11-03,8.7842,9.1718,8.3321,8.7846,5293894,13.6
2022-11-04,7.9446,8.7842,7.9446,7.9449,6971779,12.3
2022-11-07,7.1695,7.9446,7.1695,7.1698,5990536,11.1
2022-11-08,7.1695,7.6216,6.459,7.4282,7542010,11.5
2022-11-09,7.1049,8.1383,6.7174,7.8803,6045994,12.2
2022-11-10,7.7508,7.88,7.1049,7.1052,4688033,11
2022-11-11,6.3944,7.557,6.3944,6.4593,10103964,10
2022-11-14,6.2652,6.5236,5.8131,5.8134,5495233,9
2022-11-15,5.8131,5.8131,5.2318,5.232,4356681,8.1
2022-11-16,4.7151,5.7485,4.7151,5.7488,11028615,8.9
2022-11-17,6.2652,6.2652,5.7485,6.2655,6981872,9.7
2022-11-18,6.2652,6.8465,5.6839,6.8469,12362526,10.6
2022-11-21,6.9757,7.4924,6.9757,7.4928,4180000,11.6
2022-11-22,8.2029,8.2029,7.557,8.1387,14976238,12.6
2022-11-23,8.0092,8.3321,7.3633,7.4282,10479133,11.5
2022-11-24,7.1695,8.1383,7.0403,8.1387,10866400,12.6
2022-11-25,8.4613,8.9134,8.3967,8.9138,3775925,13.8
2022-11-28,9.0426,9.7531,9.0426,9.7535,2068471,15.1
2022-11-29,10.7219,10.7219,9.7531,10.7224,22602721,16.6
2022-11-30,11.3033,11.7554,10.8511,11.7559,7665732,18.2
2022-12-01,12.7888,12.918,12.0783,12.9186,11389821,20
2022-12-02,14.1452,14.2098,12.1429,14.2105,17586247,22
2022-12-05,15.437,15.6308,14.2098,15.6315,7126938,24.2
2022-12-06,17.1809,17.1809,14.0806,14.0813,26895274,21.8
2022-12-07,13.1764,14.2744,12.7242,12.7248,19622352,19.7
2022-12-08,11.6262,13.9514,11.6262,13.9521,3529005,21.6
2022-12-09,13.9514,15.3078,13.9514,15.3085,21668346,23.7
2022-12-12,16.0183,16.6642,13.8223,13.8229,13399944,21.4
2022-12-13,13.5639,15.0495,12.4659,15.0502,15685076,23.3
2022-12-14,15.5016,16.1475,14.5328,14.598,7144262,22.6
2022-12-15,14.5973,15.437,13.6931,14.8564,9625773,23
2022-12-16,15.0495,15.3724,14.1452,14.9856,8944970,23.2
2022-12-19,14.9849,15.8891,14.5328,14.5334,11717126,22.5
2022-12-20,14.5328,14.6619,13.1118,13.4353,14559747,20.8
2022-12-21,13.4347,13.8869,12.1429,12.1435,13951461,18.8
2022-12-22,12.1429,12.918,11.6908,12.7248,8997282,19.7
2022-12-23,12.918,12.918,12.1429,12.1435,4445157,18.8
2022-12-26,12.2075,12.2721,10.9803,10.9808,11952080,17
2022-12-27,9.9469,12.0783,9.9469,12.0789,9202066,18.7
2022-12-28,12.5305,13.0472,12.2721,12.854,9253467,19.9
2022-12-29,12.7242,13.0472,12.0137,12.0143,8488652,18.6
2022-12-30,11.9492,12.4013,11.4324,11.4976,5414011,17.8
2023-01-03,10.9803,12.5951,10.9803,12.5956,5987838,19.5
2023-01-04,12.918,13.7577,12.8534,13.177,11017377,20.4
2023-01-05,13.1764,13.8223,12.6596,13.5645,9327643,21
2023-01-06,13.5639,13.8869,12.918,12.9832,6320747,20.1
2023-01-09,13.1118,13.5639,12.3367,12.4665,7445711,19.3
2023-01-10,11.2387,13.3055,11.2387,13.0478,6884540,20.2
2023-01-11,13.241,13.7577,12.9826,13.177,7260873,20.4
2023-01-12,13.1764,13.3701,12.7242,12.9186,4625621,20
2023-01-13,12.918,13.241,12.6596,12.7248,5472120,19.7
2023-01-16,12.7888,12.918,12.4013,12.531,3733794,19.4
2023-01-17,12.5305,13.241,12.4659,13.2416,5936020,20.5
2023-01-18,13.4993,14.5328,13.241,14.5334,13685207,22.5
2023-01-19,14.5328,15.1141,14.1452,14.6626,8319179,22.7
2023-01-27,14.6619,15.3078,14.2098,14.2751,6837910,22.1
2023-01-30,14.339,15.5016,14.016,14.7272,12121661,22.8
2023-01-31,14.7911,15.8891,14.5973,15.8899,12088692,24.6
2023-02-01,15.8891,17.1164,14.339,14.3396,15018823,22.2
2023-02-02,14.339,14.7265,13.8869,14.598,11908079,22.6
2023-02-03,14.5973,15.1141,14.339,14.598,8261230,22.6
2023-02-06,14.5973,14.9849,14.1452,14.8564,6806328,23
2023-02-07,13.8869,14.9203,13.8869,14.0167,10121335,21.7
2023-02-08,13.6285,14.6619,13.3055,14.1459,9716095,21.9
2023-02-09,13.7577,14.339,13.6285,13.8229,3522188,21.4
2023-02-10,13.8223,14.1452,13.4347,13.6937,6564157,21.2
2023-02-13,13.5639,13.6931,12.4659,12.531,11503385,19.4
2023-02-14,12.5951,12.918,12.4659,12.7248,4227034,19.7
2023-02-15,12.7242,13.9514,12.4659,13.6291,7853484,21.1
2023-02-16,13.6931,13.8223,13.3701,13.7583,5682302,21.3
2023-02-17,13.7577,14.5328,13.5639,13.7583,9008735,21.3
2023-02-20,13.6285,15.1141,13.6285,15.1148,14388698,23.4
2023-02-21,15.1141,15.5662,14.7265,14.7272,10347231,22.8
2023-02-22,14.7265,14.8557,13.8869,13.8875,13412784,21.5
2023-02-23,13.8869,14.0806,12.918,13.8875,10572049,21.5
2023-02-24,13.8869,14.2098,13.3701,13.4353,3665272,20.8
2023-02-27,12.9826,13.4347,12.5951,12.5956,7447638,19.5
2023-02-28,12.6596,13.1118,12.5951,13.0478,5260388,20.2
2023-03-01,12.918,13.241,11.9492,13.177,8161201,20.4
2023-03-02,12.918,13.4347,12.918,12.9832,2693431,20.1
2023-03-03,12.9826,13.1118,12.4659,12.4665,5476645,19.3
2023-03-06,12.5951,13.6931,12.5951,13.3062,7358582,20.6
2023-03-07,13.5639,13.5639,12.9826,13.177,4696240,20.4
2023-03-08,13.0472,13.6931,12.7242,13.4999,6162978,20.9
2023-03-09,12.2075,13.6931,12.2075,13.3708,4159924,20.7
2023-03-10,13.3055,13.3701,13.0472,13.1124,3927563,20.3
2023-03-13,13.0472,13.3701,12.6596,12.9186,3229902,20
2023-03-14,12.5951,13.241,12.5951,12.6602,6186850,19.6
2023-03-15,12.918,13.8223,12.918,13.6937,7701007,21.2
2023-03-16,13.6285,13.6285,13.1764,13.3062,4295589,20.6
2023-03-17,13.4347,13.6931,13.1764,13.2416,4742761,20.5
2023-03-20,13.1118,13.6931,13.1118,13.2416,5025656,20.5
2023-03-21,13.3055,13.5639,13.241,13.5645,3554391,21
2023-03-22,13.6931,14.4682,13.5639,13.8229,11769277,21.4
2023-03-23,13.8223,14.016,13.6285,14.0167,6482349,21.7
2023-03-24,14.0806,14.4682,14.016,14.0167,8111688,21.7
2023-03-27,14.016,14.339,13.9514,14.0813,5647444,21.8
2023-03-28,14.2098,14.4036,13.8223,13.8229,7471593,21.4
2023-03-29,13.8223,14.016,13.6931,14.0167,4680395,21.7
2023-03-30,14.2098,14.4036,14.016,14.0167,7607650,21.7
2023-03-31,14.016,14.339,13.8869,14.3396,7441610,22.2
2023-04-03,14.6619,15.5016,14.5328,15.4377,14105497,23.9
2023-04-04,15.437,15.6954,15.2432,15.3085,8841956,23.7
2023-04-05,14.9849,16.1475,14.9849,15.8253,12078924,24.5
2023-04-06,15.5016,17.1164,15.5016,15.8253,19072990,24.5
2023-04-07,15.8246,16.4705,15.6954,16.4712,11657589,25.5
2023-04-10,16.4705,17.1809,15.9537,16.1483,11776515,25
2023-04-11,16.1475,16.4705,15.3078,16.4066,15408534,25.4
2023-04-12,16.4705,16.7288,16.1475,16.342,6440979,25.3
2023-04-13,16.535,16.6642,16.0183,16.0837,7870234,24.9
2023-04-14,16.1475,16.2121,14.9203,14.921,13977468,23.1
2023-04-17,14.9203,15.1141,14.7265,14.8564,5243787,23
2023-04-18,15.0495,15.6954,14.7911,15.5669,10043820,24.1
2023-04-19,15.6308,15.76,15.0495,15.1148,5249520,23.4
2023-04-20,15.1141,15.3078,14.8557,15.1794,4284267,23.5
2023-04-21,15.2432,15.437,14.9849,15.1148,4434529,23.4
2023-04-24,15.1787,15.2432,14.7911,15.1148,3885914,23.4
2023-04-25,15.2432,15.6308,15.0495,15.1148,6553030,23.4
2023-04-26,15.1141,15.5016,14.9849,15.5023,4430623,24
2023-04-27,15.6954,16.0829,15.5016,15.7607,10499721,24.4
2023-04-28,15.76,16.4705,15.76,16.342,10844589,25.3
2023-05-04,16.3413,16.7288,15.8246,16.0837,8308853,24.9
2023-05-05,14.5328,16.0829,14.5328,15.8253,7806524,24.5
2023-05-08,15.9537,16.2121,15.8246,16.0837,5939910,24.9
2023-05-09,16.0829,16.2121,15.6954,15.8899,6222404,24.6
2023-05-10,15.6954,16.7934,15.6954,16.5358,11760379,25.6
2023-05-11,16.5996,17.8268,16.4059,17.3755,16058662,26.9
2023-05-12,17.3747,17.5685,17.1164,17.4401,7398644,27
2023-05-15,17.4393,17.8268,16.7934,16.7942,10510729,26
2023-05-16,15.1141,17.0518,15.1141,16.9234,6593493,26.2
2023-05-17,16.9226,17.2455,16.2767,16.342,9569868,25.3
2023-05-18,16.3413,16.7288,16.1475,16.1483,7004697,25
2023-05-19,16.2121,16.4705,16.0183,16.4066,5825404,25.4
2023-05-22,16.4705,16.7934,16.2121,16.7942,5015921,26
2023-05-23,16.9226,17.2455,16.6642,16.8588,7440555,26.1
2023-05-24,16.9872,17.3101,16.6642,16.7296,7066666,25.9
2023-05-25,16.6642,16.7288,16.2767,16.4066,6225072,25.4
2023-05-26,16.5996,16.9226,16.2767,16.7296,5189651,25.9
2023-05-29,16.7934,17.1164,16.7934,17.0526,5912911,26.4
2023-05-30,17.1809,18.0852,17.1164,17.5693,13184262,27.2
2023-05-31,17.6977,17.7623,17.2455,17.4401,7483326,27
2023-06-01,17.4393,17.6977,17.1809,17.3755,6748914,26.9
2023-06-02,17.4393,17.7623,17.2455,17.3755,7795951,26.9
2023-06-05,17.4393,17.6977,17.1809,17.1817,7397408,26.6
2023-06-06,17.3747,17.3747,16.858,17.1817,7949296,26.6
2023-06-07,17.1809,17.956,17.1809,17.8277,11274333,27.6
2023-06-08,17.956,18.0206,16.9226,16.9234,10403400,26.2
2023-06-09,16.9226,17.0518,16.1475,16.7942,13118171,26
2023-06-12,16.7934,16.9226,16.2121,16.342,8316347,25.3
2023-06-13,16.3413,16.7934,16.3413,16.5358,6626072,25.6
2023-06-14,16.535,16.7288,16.2121,16.2774,5235718,25.2
2023-06-15,16.2767,16.3413,16.0183,16.0837,5543757,24.9
2023-06-16,16.1475,16.5996,16.0829,16.2128,7000557,25.1
2023-06-19,16.4059,16.4059,15.9537,16.1483,5199958,25
2023-06-20,16.1475,16.5996,16.1475,16.6004,4650550,25.7
2023-06-21,16.5996,16.7934,16.4059,16.665,5153996,25.8
2023-06-22,16.7288,17.4393,16.6642,17.1171,11228498,26.5
2023-06-23,17.2455,17.2455,16.858,16.9234,6100164,26.2
2023-06-26,17.0518,17.0518,16.3413,16.7296,10115289,25.9
2023-06-27,16.535,16.7934,16.4705,16.6004,3690745,25.7
2023-06-28,16.7288,16.9872,16.535,16.6004,4347803,25.7
2023-06-29,16.5996,16.6642,16.0829,16.0837,5514164,24.9
2023-06-30,14.5328,16.2121,14.5328,15.3731,12216023,23.8
2023-07-03,15.3724,15.6954,15.0495,15.1794,4119623,23.5
2023-07-04,15.1787,15.437,15.1787,15.4377,3627598,23.9
2023-07-05,15.5016,15.6954,15.3724,15.3731,3587781,23.8
2023-07-06,15.3724,15.437,14.7911,14.921,5901499,23.1
2023-07-07,14.9203,14.9203,13.6285,14.3396,11049454,22.2
2023-07-10,14.2744,14.4682,13.6285,14.1459,12539637,21.9
2023-07-11,14.1452,14.339,13.8869,14.0167,5801955,21.7
2023-07-12,14.016,14.0806,13.241,13.3062,14427314,20.6
2023-07-13,13.241,14.1452,12.7888,13.8229,18292271,21.4
2023-07-14,13.8223,14.2098,13.6285,13.6937,7743683,21.2
2023-07-17,13.6931,13.8869,13.4347,13.4999,11554001,20.9
2023-07-18,13.4347,13.5639,13.1118,13.177,14757765,20.4
2023-07-19,14.5118,14.5118,14.5118,14.5133,1263115,16.8
2023-07-20,15.462,15.8939,14.8574,15.4636,17001583,17.9
2023-07-21,15.462,15.7212,15.2029,15.55,7702330,18
2023-07-24,15.3756,15.7212,13.9936,15.55,9906537,18
2023-07-25,13.9936,16.7577,13.9936,16.1547,13317752,18.7
2023-07-26,15.8939,16.2394,15.6348,15.8956,7547408,18.4
2023-07-27,16.0667,16.4122,15.7212,16.1547,9312126,18.7
2023-07-28,16.2394,16.8441,15.9803,16.5867,13565690,19.2
2023-07-31,16.6713,17.276,16.4986,17.0186,9761808,19.7
2023-08-01,17.0169,17.3624,16.2394,16.2411,10814531,18.8
2023-08-02,16.2394,16.585,16.1531,16.5003,6822176,19.1
2023-08-03,16.4986,16.9305,16.3258,16.6731,9627808,19.3
2023-08-04,16.7577,17.276,16.6713,17.1914,11928824,19.9
2023-08-07,17.1032,17.8807,17.0169,17.4506,8853043,20.2
2023-08-08,17.5351,17.6215,16.9305,16.9322,9661819,19.6
2023-08-09,16.9305,17.1032,16.585,16.5867,7166359,19.2
2023-08-10,16.6713,17.0169,16.585,16.6731,5763336,19.3
2023-08-11,16.6713,16.9305,16.2394,16.7595,6553665,19.4
2023-08-14,16.7577,18.3989,16.7577,18.4008,15792630,21.3
2023-08-15,19.0036,20.2129,19.0036,20.215,28485217,23.4
2023-08-16,22.0269,22.1133,20.1265,21.8564,21155869,25.3
2023-08-17,21.8541,22.3724,21.3359,21.6836,16970045,25.1
2023-08-18,21.5086,22.8907,19.8674,20.7333,31397070,24
2023-08-21,20.7312,22.3724,18.6581,22.1156,17815617,25.6
2023-08-22,22.1133,22.6316,20.3857,21.5108,16453769,24.9
2023-08-23,21.7678,21.9405,20.5584,20.7333,11571814,24
2023-08-24,20.7312,22.5452,20.4721,22.5475,18008270,26.1
2023-08-25,22.7179,23.3226,22.4588,22.5475,18218180,26.1
2023-08-26,26.3,27,26,26.1,18218180,26.1
2023-08-28,22.7179,22.8043,21.9405,22.6339,15099470,26.2
2023-08-29,22.8043,23.3226,22.1133,22.1156,12754759,25.6
2023-08-30,22.1133,22.286,21.595,21.8564,15126322,25.3
2023-08-31,21.8541,22.8907,21.7678,22.5475,13255367,26.1
2023-09-05,22.4588,24.0136,20.2993,23.4978,16948963,27.2
2023-09-06,23.2362,23.8409,22.9771,23.757,9612018,27.5
2023-09-07,23.7545,24.4455,23.409,23.5842,10605767,27.3
2023-09-08,23.6681,23.8409,23.1498,23.4114,11421124,27.1
2023-09-11,23.7545,24.1864,23.0635,23.0658,12008927,26.7
2023-09-12,23.0635,23.8409,22.8043,23.8433,8324275,27.6
2023-09-13,24.1,25.5685,23.8409,24.5345,14638639,28.4
2023-09-14,24.5319,24.7047,23.3226,23.325,10061518,27
2023-09-15,23.3226,23.8409,22.9771,23.4114,6141561,27.1
2023-09-18,23.3226,23.4954,22.5452,22.8067,6894578,26.4
2023-09-20,21.6814,22.8907,21.5086,22.8931,10221397,26.5
2023-09-21,23.0635,23.3226,22.286,22.3747,6874657,25.9
2023-09-22,22.286,22.3724,20.2993,20.647,12549443,23.9
2023-09-25,20.5584,20.904,18.6581,18.66,12234822,21.6
2023-09-26,18.7445,19.2627,17.4488,17.8825,11109817,20.7
2023-09-27,17.7943,18.8308,17.3624,18.8328,8707649,21.8
2023-09-28,19.0036,19.1764,17.967,18.1417,5060235,21
2023-09-29,18.3126,18.8308,18.2262,18.4008,6053644,21.3
2023-10-02,18.3989,19.1764,18.3989,18.66,6882049,21.6
2023-10-03,18.6581,18.7445,16.8441,16.8458,14171219,19.5
2023-10-04,16.585,17.4488,15.6348,16.9322,8025282,19.6
2023-10-05,17.0169,17.3624,15.7212,15.8092,7369644,18.3
2023-10-06,15.8075,16.3258,15.1165,15.982,8738334,18.5
2023-10-09,16.2394,17.1896,15.9803,17.105,7764334,19.8
2023-10-10,17.276,17.7943,16.9305,16.9322,7171004,19.6
2023-10-11,16.9305,17.276,16.4122,17.2778,6619141,20
2023-10-12,17.3624,18.3126,17.3624,17.7961,11334191,20.6
2023-10-13,17.7943,18.1398,17.1032,18.0553,8621291,20.9
2023-10-16,18.0534,18.5717,17.7079,17.7097,8724225,20.5
2023-10-17,17.8807,18.0534,16.4122,16.4139,5554165,19
2023-10-18,16.6713,16.8441,15.1165,15.7228,10867376,18.2
2023-10-19,15.7212,16.4122,15.1165,15.7228,8983183,18.2
2023-10-20,15.7212,17.276,15.5484,17.2778,11377635,20
2023-10-23,15.5484,18.3126,15.5484,17.537,12738156,20.3
2023-10-24,17.1032,18.1398,17.1032,18.1417,8905742,21
2023-10-25,18.2262,18.4853,17.3624,17.4506,9573246,20.2
2023-10-26,17.4488,17.4488,15.7212,15.982,20852383,18.5
2023-10-30,17.3624,17.6215,16.7577,16.9322,9770085,19.6
2023-10-31,17.0169,17.7943,16.8441,17.0186,14236635,19.7
2023-11-01,17.0169,17.4488,16.2394,17.4506,10760413,20.2
2023-11-02,17.7079,19.1764,17.3624,19.092,18154138,22.1
2023-11-03,19.09,19.4355,18.5717,18.9192,12490448,21.9
2023-11-06,19.0036,19.4355,18.4853,19.1783,10068538,22.2
2023-11-07,19.1764,19.4355,18.6581,18.8328,10501693,21.8
2023-11-08,18.8308,20.6448,18.6581,20.647,20798138,23.9
2023-11-09,21.1631,22.0269,20.7312,20.8197,14727762,24.1
2023-11-10,20.8176,21.595,20.1265,20.3014,23598705,23.5
2023-11-13,20.3857,20.8176,19.5219,19.9558,14125299,23.1
2023-11-14,20.2993,20.5584,19.4355,19.6103,14293800,22.7
2023-11-15,19.781,20.6448,19.4355,19.5239,16995446,22.6
2023-11-16,19.09,20.4721,18.4853,20.3014,46940585,23.5
2023-11-17,20.2993,20.8176,19.5219,19.6967,26139595,22.8
2023-11-20,19.8674,20.0402,18.8308,19.7831,17824665,22.9
2023-11-21,17.8807,20.2993,17.8807,19.9558,16432028,23.1
2023-11-22,19.6946,20.4721,19.5219,20.215,20220451,23.4
2023-11-23,20.2129,20.9903,19.0036,19.0056,32945234,22
2023-11-24,18.8308,19.4355,17.1032,19.3511,22448044,22.4
2023-11-27,19.0036,19.5219,18.6581,18.66,11521225,21.6
2023-11-28,17.7079,18.8308,17.7079,18.66,17235960,21.6
2023-11-29,18.7445,19.09,18.6581,18.9192,10158052,21.9
2023-11-30,18.9172,19.4355,18.6581,18.66,12968147,21.6
2023-12-01,18.6581,19.0036,18.3989,18.66,9188151,21.6
2023-12-04,18.3989,20.1265,18.3989,19.7831,21337397,22.9
2023-12-05,19.781,20.1265,19.6083,19.6967,15538606,22.8
2023-12-06,19.6083,20.5584,19.6083,20.3878,20791558,23.6
2023-12-07,18.3989,21.0767,18.3989,20.215,28360957,23.4
2023-12-08,21.4222,21.4222,19.9538,20.215,16076922,23.4
2023-12-11,19.9538,20.7312,19.9538,20.647,14623752,23.9
2023-12-12,18.7445,20.9903,18.6581,20.5606,12335028,23.8
2023-12-13,19.9538,20.904,18.6581,19.8695,16119908,23
2023-12-14,19.8674,20.2993,19.4355,19.5239,14362276,22.6
2023-12-15,19.2627,19.9538,19.0036,19.6967,15055063,22.8
2023-12-18,19.5219,20.0402,17.967,19.2647,6758298,22.3
2023-12-19,18.3126,19.5219,17.3624,19.5239,10176411,22.6
2023-12-20,19.1764,19.781,19.1764,19.4375,4613358,22.5
2023-12-21,19.2627,19.6083,19.1764,19.5239,5244979,22.6
2023-12-22,19.6083,19.9538,19.4355,19.6103,8993085,22.7
2023-12-25,18.5717,20.1265,17.7079,19.8695,8535055,23
2023-12-26,17.8807,20.1265,17.8807,19.8695,6381009,23
2023-12-27,20.0402,20.0402,19.6946,19.6967,8090760,22.8
2023-12-28,19.8674,19.8674,19.5219,19.5239,7419177,22.6
2023-12-29,19.6083,19.781,19.5219,19.6103,6518709,22.7
2024-01-02,19.781,19.9538,19.4355,19.4375,6949166,22.5
2024-01-03,19.3491,19.6946,19.3491,19.6103,4340507,22.7
2024-01-04,19.6946,20.2129,19.6083,19.6967,17052437,22.8
2024-01-05,19.781,20.0402,19.6946,19.7831,8205753,22.9
2024-01-08,19.8674,20.3857,19.781,20.1286,14866751,23.3
2024-01-09,20.0402,20.2129,19.781,19.7831,9843985,22.9
2024-01-10,19.6083,19.9538,19.2627,19.3511,12910772,22.4
2024-01-11,19.4355,19.6946,19.1764,19.5239,7479203,22.6
2024-01-12,19.3491,19.6083,18.8308,19.0056,16179428,22
2024-01-15,18.5717,19.2627,18.5717,18.5736,7223186,21.5
2024-01-16,17.7943,18.8308,17.7943,18.8328,5838395,21.8
2024-01-17,19.0036,19.1764,18.8308,18.8328,5227201,21.8
2024-01-18,18.9172,19.2627,18.8308,19.0056,6123916,22
2024-01-19,19.2627,19.2627,18.7445,18.8328,5681085,21.8
2024-01-22,18.8308,19.1764,18.5717,19.1783,6680185,22.2
2024-01-23,19.4355,19.4355,18.8308,18.8328,4321253,21.8
2024-01-24,19.09,19.09,18.7445,18.7464,3547889,21.7
2024-01-25,18.8308,18.9172,18.6581,18.66,3708719,21.6
2024-01-26,18.6581,19.0036,18.6581,18.7464,4219559,21.7
2024-01-29,18.7445,18.9172,18.3989,18.66,4394421,21.6
2024-01-30,18.7445,18.7445,18.5717,18.66,3351141,21.6
2024-01-31,18.6581,18.8308,18.3989,18.4872,7972938,21.4
2024-02-01,18.4853,18.6581,18.4853,18.4872,3440645,21.4
2024-02-02,18.5717,19.2627,18.5717,18.66,8730317,21.6
2024-02-05,18.8308,19.0036,18.5717,18.5736,4092217,21.5
2024-02-06,18.5717,18.7445,18.4853,18.4872,5258695,21.4
2024-02-07,18.3989,18.5717,18.2262,18.2281,10316894,21.1
2024-02-15,18.0534,18.5717,18.0534,18.4008,7445165,21.3
2024-02-16,18.0534,19.1764,17.3624,18.7464,10835527,21.7
2024-02-19,18.6581,18.8308,18.4853,18.7464,7077587,21.7
2024-02-20,18.5717,19.1764,18.5717,18.9192,16036963,21.9
2024-02-21,18.9172,19.09,18.7445,18.8328,6221578,21.8
2024-02-22,18.9172,18.9172,18.5717,18.5736,6078453,21.5
2024-02-23,18.5717,18.7445,18.1398,18.3145,10830509,21.2
2024-02-26,18.3126,18.4853,18.1398,18.4872,5363479,21.4
2024-02-27,18.3989,19.4355,18.3989,19.2647,23002798,22.3
2024-02-28,19.3491,19.4355,18.8308,19.0056,7428209,22
2024-02-29,19.1764,19.6946,18.9172,19.1783,15436421,22.2
2024-03-01,19.2627,19.781,19.1764,19.5239,18660388,22.6
2024-03-04,19.781,20.1265,19.4355,19.5239,16513403,22.6
2024-03-05,19.5219,19.6083,19.1764,19.4375,11990493,22.5
2024-03-06,19.3491,19.5219,18.7445,19.0056,16081020,22
2024-03-07,18.8308,19.2627,18.7445,19.2647,10001219,22.3
2024-03-08,19.2627,19.4355,18.7445,18.7464,10704761,21.7
2024-03-11,18.7445,18.8308,18.2262,18.4008,7935150,21.3
2024-03-12,18.3989,18.6581,18.3126,18.4008,6579942,21.3
2024-03-13,17.3624,18.7445,17.3624,18.7464,9901411,21.7
2024-03-14,18.7445,19.1764,18.6581,19.0056,13709078,22
2024-03-15,19.0036,19.6946,18.8308,19.092,17736529,22.1
2024-03-18,19.09,20.5584,19.0036,19.7831,35310322,22.9
2024-03-19,19.8674,20.4721,19.3491,19.6103,12579375,22.7
2024-03-20,19.6083,19.781,19.3491,19.5239,12165699,22.6
2024-03-21,19.781,20.4721,19.5219,20.215,32623065,23.4
2024-03-22,20.2993,20.9903,20.2129,20.3878,24151470,23.6
2024-03-25,20.4721,20.9903,20.0402,20.215,20331389,23.4
2024-03-26,18.2262,20.4721,18.2262,20.3878,11675113,23.6
2024-03-27,20.4721,20.5584,20.0402,20.3878,13286089,23.6
2024-03-28,20.3857,20.7312,20.1265,20.215,9915909,23.4
2024-03-29,20.2129,20.2993,19.781,19.7831,11322713,22.9
2024-04-01,19.6946,20.2993,19.6083,19.9558,11328411,23.1
2024-04-02,19.09,20.5584,19.09,20.4742,18008355,23.7
2024-04-03,20.5584,21.1631,20.3857,20.4742,25672746,23.7
2024-04-04,20.5584,20.6448,19.9538,20.215,16015868,23.4
2024-04-05,20.2129,20.3857,19.781,19.7831,18091771,22.9
2024-04-08,19.4355,19.9538,19.4355,19.5239,10758579,22.6
2024-04-09,19.6083,19.781,19.3491,19.7831,5912136,22.9
2024-04-10,19.781,19.9538,19.4355,19.4375,6774444,22.5
2024-04-11,18.8308,19.5219,18.8308,19.2647,9879686,22.3
2024-04-12,19.1764,19.6083,19.09,19.4375,6288644,22.5
2024-04-15,19.4355,19.5219,17.5351,17.537,20951640,20.3
2024-04-16,17.5351,17.5351,16.1531,17.105,19075261,19.8
2024-04-17,17.1032,17.3624,16.4122,16.4139,8027177,19
2024-04-19,14.771,16.4122,14.771,15.2908,14570926,17.7
2024-04-22,15.2029,15.9803,15.2029,15.8092,8734589,18.3
2024-04-23,15.8939,15.8939,14.8574,15.0317,7925660,17.4
2024-04-24,15.1165,16.4122,15.1165,16.1547,11694057,18.7
2024-04-25,16.1531,16.2394,15.6348,15.8092,4761267,18.3
2024-04-26,15.7212,15.9803,15.462,15.6364,6955607,18.1
2024-05-02,15.5484,15.6348,15.2893,15.4636,4704068,17.9
2024-05-03,15.5484,15.9803,15.462,15.7228,5657420,18.2
2024-05-06,15.8075,16.2394,15.8075,16.2411,8431429,18.8
2024-05-07,16.2394,16.3258,15.8939,15.982,4846402,18.5
2024-05-08,15.9803,15.9803,15.6348,15.982,8590725,18.5
2024-05-09,16.0667,16.2394,15.8075,15.8092,5998780,18.3
2024-05-10,15.8939,16.0667,15.7212,15.8956,5352768,18.4
2024-05-13,15.8939,16.1531,15.8075,15.982,4421489,18.5
2024-05-14,15.9803,16.1531,15.8939,15.8956,3627845,18.4
2024-05-15,15.8939,16.585,15.8939,16.3275,11112722,18.9
2024-05-16,16.4986,16.9305,16.4986,16.5867,8896445,19.2
2024-05-17,16.585,16.8441,16.4122,16.6731,6223687,19.3
2024-05-20,16.7577,17.1032,16.585,16.5867,7387088,19.2
2024-05-21,14.9437,16.6713,14.9437,16.4139,7683939,19
2024-05-22,16.4122,16.9305,16.4122,16.5867,8313006,19.2
2024-05-23,16.585,16.7577,16.3258,16.5867,4716334,19.2
2024-05-24,16.585,16.8441,15.8939,15.982,9703514,18.5
2024-05-27,16.0667,16.1531,15.8075,15.982,4189957,18.5
2024-05-28,15.9803,16.3258,15.5484,16.2411,4002593,18.8
2024-05-29,16.2394,16.4122,15.9803,15.982,5501505,18.5
2024-05-30,15.9803,16.6713,15.8075,16.5003,11106108,19.1
2024-05-31,16.585,16.585,16.2394,16.2411,3251337,18.8
2024-06-03,16.3258,16.7577,16.3258,16.5003,6814034,19.1
2024-06-04,16.4122,16.6713,16.4122,16.5003,4544311,19.1
2024-06-05,16.4986,16.7577,16.3258,16.3275,5311130,18.9
2024-06-06,15.6348,16.4986,15.6348,16.1547,4330497,18.7
2024-06-07,16.1531,16.3258,16.0667,16.0683,4473304,18.6
2024-06-10,14.5982,16.2394,14.5982,15.982,3572980,18.5
2024-06-11,16.0667,16.2394,15.8075,15.8956,4577253,18.4
2024-06-12,15.9803,16.1531,15.8075,16.1547,4396684,18.7
2024-06-13,16.0667,16.4986,16.0667,16.1547,5751791,18.7
2024-06-14,16.2394,16.3258,15.8075,15.8092,4844136,18.3
2024-06-17,15.8075,15.8939,15.6348,15.6364,4435658,18.1
2024-06-18,15.6348,15.8075,15.5484,15.6364,3727371,18.1
2024-06-19,15.7212,15.7212,15.2893,15.3772,4931175,17.8
2024-06-20,15.3756,15.5484,15.0301,15.2045,5159073,17.6
2024-06-21,15.2029,15.3756,14.9437,15.0317,3854429,17.4
2024-06-24,13.5617,15.3756,13.5617,14.8589,5426618,17.2
2024-06-25,14.2527,15.0301,14.2527,14.8589,3329695,17.2
2024-06-26,14.3391,15.0301,14.3391,14.5997,3620136,16.9
2024-06-27,13.2161,14.9437,13.2161,14.7725,3833700,17.1
2024-06-28,14.8574,14.9437,14.2527,14.2542,2926974,16.5
2024-07-01,13.9072,14.5118,13.9072,14.427,2037472,16.7
2024-07-02,13.9072,14.771,13.9072,14.6861,3015544,17
2024-07-03,14.3391,14.771,14.3391,14.5997,1836240,16.9
2024-07-04,14.4255,14.771,14.4255,14.5997,1988487,16.9
2024-07-05,14.6846,14.771,14.4255,14.427,3061468,16.7
2024-07-08,14.2527,14.6846,14.2527,14.3406,2713630,16.6
2024-07-09,14.1663,14.5118,13.9072,14.427,2805938,16.7
2024-07-10,14.4255,14.6846,14.4255,14.5133,3433951,16.8
2024-07-11,14.5982,15.8939,14.5982,15.55,13464796,18
2024-07-12,15.6348,15.7212,15.2029,15.2045,3425474,17.6
2024-07-15,13.9936,15.462,13.9936,15.0317,4334086,17.4
2024-07-16,13.9072,15.2893,13.9072,14.7725,4034799,17.1
2024-07-17,14.8574,15.2029,14.1663,14.5997,9460898,16.9
2024-07-18,14.2527,14.8574,14.2527,14.7725,2950993,17.1
2024-07-19,14.771,14.8574,14.2527,14.3406,5813426,16.6
2024-07-22,14.2527,14.4255,13.0434,13.9086,6312939,16.1
2024-07-23,13.5617,14.0799,13.0434,13.5631,3023067,15.7
2024-07-24,13.2161,14.1663,13.0434,13.8222,6085124,16
2024-07-25,13.8771,14.2399,12.698,14.0595,2495637,15.5
2024-07-26,12.9701,14.2399,12.698,13.8781,2103894,15.3
2024-07-29,13.8771,14.3306,13.8771,13.9688,2861291,15.4
2024-07-30,13.605,14.1492,12.698,13.6967,3682198,15.1
2024-07-31,13.7864,14.3306,13.6957,13.9688,3891158,15.4
2024-08-01,13.6957,14.1492,12.9701,13.2432,5754076,14.6
2024-08-02,12.2445,13.5143,12.2445,13.3339,3474053,14.7
2024-08-05,13.3329,13.3329,12.0631,12.1547,10066349,13.4
2024-08-06,12.1538,12.698,10.9747,12.6989,5842988,14
2024-08-07,12.698,12.9701,12.4259,12.8803,3139279,14.2
2024-08-08,12.4259,13.0608,12.4259,12.6082,3600317,13.9
2024-08-09,12.3352,12.8794,12.3352,12.6082,3622708,13.9
2024-08-12,12.698,12.7887,12.3352,12.6082,2343833,13.9
2024-08-13,12.2445,13.1515,12.2445,12.8803,4571547,14.2
2024-08-14,12.8794,13.0608,12.698,12.6989,1897291,14
2024-08-15,12.7887,12.7887,12.5166,12.5175,1791882,13.8
2024-08-16,12.6073,13.6957,12.5166,13.6967,13942427,15.1
2024-08-19,13.6957,14.512,13.6957,14.0595,7252299,15.5
2024-08-20,13.7864,15.3283,13.1515,15.2387,15131247,16.8
2024-08-21,15.3283,15.6004,14.8748,15.148,8703592,16.7
2024-08-22,13.6957,15.6004,13.6957,15.148,8643891,16.7
2024-08-23,15.2376,15.5097,14.9655,15.3294,8281842,16.9
2024-08-26,15.5097,15.6911,15.1469,15.148,6076734,16.7
2024-08-27,13.6957,15.3283,13.6957,15.148,5520048,16.7
2024-08-28,15.1469,15.3283,14.2399,14.9666,10363255,16.5
2024-08-29,14.512,15.0562,14.512,14.6945,2557515,16.2
2024-08-30,14.1492,14.8748,14.1492,14.6038,5077499,16.1
2024-09-04,14.512,15.1469,14.3306,15.0573,8070730,16.6
2024-09-05,14.6027,15.2376,13.6957,14.7852,4720555,16.3
2024-09-06,14.3306,14.8748,14.3306,14.6038,3486282,16.1
2024-09-09,14.2399,14.7841,14.2399,14.4223,4139010,15.9
2024-09-10,13.0608,14.6934,13.0608,13.9688,8957878,15.4
2024-09-11,13.6957,14.1492,13.5143,13.8781,4976436,15.3
2024-09-12,13.6957,14.2399,13.5143,13.6967,2347324,15.1
2024-09-13,12.3352,13.9678,12.3352,13.8781,3624265,15.3
2024-09-16,13.6957,13.9678,13.3329,13.606,2587910,15
2024-09-17,13.605,14.1492,13.1515,14.0595,4245424,15.5
2024-09-18,13.6957,14.2399,13.5143,13.9688,3321389,15.4
2024-09-19,14.0585,14.6934,13.9678,14.2409,6894668,15.7
2024-09-20,14.3306,14.6027,14.0585,14.2409,5678362,15.7
2024-09-23,14.1492,14.3306,13.9678,14.0595,2888326,15.5
2024-09-24,13.8771,14.3306,13.8771,14.1502,2505370,15.6
2024-09-25,14.3306,14.9655,14.2399,14.6038,11177244,16.1
2024-09-26,14.6027,14.7841,14.512,14.6038,3926638,16.1
2024-09-27,14.6934,14.9655,14.512,14.6038,7751463,16.1
2024-09-30,14.6027,14.6027,14.4213,14.5131,3634083,16
2024-10-01,14.3306,14.8748,14.0585,14.6038,7474549,16.1
2024-10-02,14.4213,14.6027,14.1492,14.2409,5571942,15.7
2024-10-03,14.2399,14.4213,13.8771,13.9688,6443211,15.4
2024-10-04,13.9678,14.0585,13.7864,13.7874,3460018,15.2
2024-10-07,13.5143,13.9678,13.3329,13.7874,2118256,15.2
2024-10-08,13.6957,13.8771,13.5143,13.6967,3772887,15.1
2024-10-09,13.6957,13.9678,13.6957,13.8781,2006858,15.3
2024-10-10,13.9678,14.1492,13.7864,13.7874,2330557,15.2
2024-10-11,13.6957,13.9678,13.6957,13.8781,2473669,15.3
2024-10-14,13.8771,14.0585,13.6957,13.6967,4434742,15.1
2024-10-15,13.6957,13.8771,13.2422,13.3339,7823560,14.7
2024-10-16,13.1515,13.5143,13.1515,13.1525,2638735,14.5
2024-10-17,13.0608,14.0585,12.8794,13.9688,7633558,15.4
2024-10-18,13.9678,14.2399,13.6957,13.6967,2874063,15.1
2024-10-21,12.6073,13.9678,12.6073,13.6967,4300364,15.1
2024-10-22,13.4236,14.0585,13.2422,13.6967,5465354,15.1
2024-10-23,13.2422,14.1492,13.2422,13.8781,5344196,15.3
2024-10-24,12.5166,14.0585,12.5166,13.6967,3028090,15.1
2024-10-25,13.605,14.2399,13.5143,13.9688,9531532,15.4
2024-10-28,12.6073,14.0585,12.6073,13.9688,2109364,15.4
2024-10-29,13.9678,14.1492,13.6957,13.7874,4084810,15.2
2024-10-30,13.5143,13.8771,13.4236,13.7874,2652709,15.2
2024-10-31,13.7864,13.8771,13.605,13.6967,1846594,15.1
2024-11-01,13.6957,13.8771,13.5143,13.606,3363303,15
2024-11-04,13.605,13.6957,13.3329,13.4246,2886475,14.8
2024-11-05,13.4236,13.6957,13.4236,13.606,2391053,15
2024-11-06,13.605,13.7864,13.5143,13.7874,2435551,15.2
2024-11-07,13.8771,14.1492,13.6957,13.7874,7346398,15.2
2024-11-08,13.7864,13.9678,13.605,13.606,2557282,15
2024-11-11,13.4236,13.6957,13.2422,13.4246,3560033,14.8
2024-11-12,13.4236,13.6957,13.4236,13.5153,2100912,14.9
2024-11-13,13.5143,13.6957,13.3329,13.5153,3096211,14.9
2024-11-14,13.3329,13.605,13.1515,13.1525,2856370,14.5
2024-11-15,12.5166,13.3329,12.3352,12.7896,4612560,14.1
2024-11-18,12.7887,13.1515,12.698,12.971,2935175,14.3
2024-11-19,12.9701,13.0608,12.6073,12.6082,2001644,13.9
2024-11-20,11.4282,13.4236,11.4282,13.0617,7508535,14.4
2024-11-21,13.0608,13.2422,13.0608,13.1525,1688243,14.5
2024-11-22,13.1515,13.2422,12.8794,12.8803,2993689,14.2
2024-11-25,11.8817,13.0608,11.8817,12.6989,3379152,14
2024-11-26,12.6073,13.2422,12.3352,12.971,3603984,14.3
2024-11-27,11.8817,13.1515,11.7003,12.8803,1648326,14.2
2024-11-28,12.8794,13.0608,12.7887,12.8803,1810655,14.2
2024-11-29,12.8794,12.9701,12.698,12.8803,2591349,14.2
2024-12-02,12.8794,13.0608,12.698,12.7896,1866725,14.1
2024-12-03,12.698,12.8794,12.4259,12.6989,2352150,14
2024-12-04,12.6073,13.0608,12.3352,12.7896,4434539,14.1
2024-12-05,11.5189,13.4236,11.5189,13.2432,8270096,14.6
2024-12-06,13.2422,13.4236,13.0608,13.0617,3252234,14.4
2024-12-09,12.8794,13.3329,12.8794,13.1525,3379083,14.5
2024-12-10,13.1515,13.2422,13.0608,13.1525,2318328,14.5
2024-12-11,13.1515,13.2422,12.9701,12.971,2700803,14.3
2024-12-12,12.698,13.0608,12.5166,12.7896,3116849,14.1
2024-12-13,12.698,12.8794,12.6073,12.6989,3216136,14
2024-12-16,12.698,12.8794,12.6073,12.6989,2611366,14
2024-12-17,12.698,12.7887,12.6073,12.6082,1772685,13.9
2024-12-18,12.3352,12.698,12.3352,12.6989,1563670,14
2024-12-19,12.698,12.698,12.2445,12.4268,4513323,13.7
2024-12-20,12.3352,12.5166,12.3352,12.4268,2838344,13.7
2024-12-23,11.5189,12.6073,11.5189,12.4268,1719624,13.7
2024-12-24,11.8817,12.5166,11.5189,12.2454,5000014,13.5
2024-12-25,11.0654,12.5166,11.0654,12.3361,3157436,13.6
2024-12-26,12.2445,12.5166,12.2445,12.3361,2326831,13.6
2024-12-27,12.3352,12.4259,12.1538,12.2454,2115605,13.5
2024-12-30,11.8817,12.3352,11.8817,12.1547,2031138,13.4
2024-12-31,12.1538,12.2445,11.9724,11.9733,2222678,13.2
2025-01-02,11.7003,12.1538,11.7003,12.064,1155734,13.3
2025-01-03,11.7003,12.1538,10.884,11.7919,2319068,13
2025-01-06,10.9747,11.8817,10.9747,11.3383,3883874,12.5
2025-01-07,10.9747,11.4282,10.7026,10.8848,5126353,12
2025-01-08,10.4305,11.2468,10.0677,11.0662,4181731,12.2
2025-01-09,11.0654,11.1561,10.884,10.9755,1397163,12.1
2025-01-10,10.7026,11.0654,10.5212,10.7034,2959688,11.8
2025-01-13,10.4305,10.7933,10.2491,10.7034,3804284,11.8
2025-01-14,10.3398,10.884,10.2491,10.522,2629946,11.6
2025-01-15,9.5235,10.9747,9.5235,10.8848,3836130,12
2025-01-16,10.0677,11.2468,10.0677,10.9755,2274355,12.1
2025-01-17,10.9747,11.791,10.884,11.429,5492911,12.6
2025-01-20,11.0654,11.6096,10.6119,11.1569,1825012,12.3
2025-01-21,10.9747,11.4282,10.3398,11.2476,2495634,12.4
2025-01-22,11.0654,11.4282,10.884,11.0662,2192773,12.2
2025-01-23,10.2491,11.3375,10.2491,11.2476,1538728,12.4
2025-01-24,11.0654,11.5189,10.1584,11.2476,2861378,12.4
2025-02-04,10.2491,11.791,10.2491,11.7919,4044972,13
2025-02-05,10.9747,12.6073,10.9747,12.3361,10797346,13.6
2025-02-06,11.1561,12.4259,11.1561,12.064,2829926,13.3
2025-02-07,11.9724,12.4259,11.9724,12.064,6141390,13.3
2025-02-10,11.7003,12.1538,11.7003,11.7011,4879502,12.9
2025-02-11,11.4282,11.8817,11.4282,11.7011,2935126,12.9
2025-02-12,10.6119,11.8817,10.6119,11.6104,2135996,12.8
2025-02-13,10.5212,11.791,10.5212,11.7011,1899646,12.9
2025-02-14,10.6119,11.9724,10.6119,11.8826,3141278,13.1
2025-02-17,11.791,12.5166,11.6096,12.064,5756701,13.3
2025-02-18,11.791,12.698,11.791,12.4268,10224829,13.7
2025-02-19,12.1538,13.3329,12.1538,13.2432,15197162,14.6
2025-02-20,11.9724,13.4236,11.9724,12.8803,6740802,14.2
2025-02-21,12.698,13.3329,12.6073,13.1525,8391970,14.5
2025-02-24,12.8794,13.3329,12.8794,13.1525,4155424,14.5
2025-02-25,11.9724,13.605,11.9724,13.1525,7458748,14.5
2025-02-26,12.8794,13.3329,12.8794,13.1525,4094433,14.5
2025-02-27,13.1515,13.5143,12.8794,13.4246,8282031,14.8
2025-02-28,13.0608,13.5143,13.0608,13.2432,5533167,14.6
2025-03-03,13.3329,13.5143,13.2422,13.2432,6060898,14.6
2025-03-04,12.7887,13.5143,12.7887,13.2432,6129935,14.6
2025-03-05,12.0631,13.4236,12.0631,12.971,4868473,14.3
2025-03-06,12.7887,13.2422,12.7887,13.2432,6432745,14.6
2025-03-07,12.0631,14.0585,12.0631,13.606,15268486,15
2025-03-10,13.605,13.8771,13.5143,13.5153,5042114,14.9
2025-03-11,13.3329,13.605,13.2422,13.606,7164900,15
2025-03-12,13.605,13.7864,13.3329,13.5153,7560480,14.9
2025-03-13,13.1515,13.7864,13.1515,13.3339,7014434,14.7
2025-03-14,13.3329,13.8771,13.2422,13.5153,10457505,14.9
2025-03-18,13.8771,14.2399,13.7864,13.7874,6721523,15.2
2025-03-19,13.5143,13.8771,12.5166,13.6967,5126340,15.1
2025-03-20,13.7864,13.8771,13.4236,13.7874,5380958,15.2
2025-03-21,12.698,13.8771,12.698,13.606,2950551,15
2025-03-24,13.5143,13.6957,13.2422,13.5153,5514200,14.9
2025-03-25,13.4236,13.7864,13.4236,13.606,4685980,15
2025-03-26,13.2422,13.6957,13.2422,13.3339,3761297,14.7
2025-03-27,13.0608,13.4236,13.0608,13.2432,5057919,14.6
2025-03-28,13.1515,13.4236,12.8794,12.971,5266691,14.3
2025-03-31,12.8794,13.1515,12.698,12.8803,5743346,14.2
2025-04-01,12.7887,13.0608,12.698,13.0617,2361963,14.4
2025-04-02,13.0608,13.3329,13.0608,13.0617,3226353,14.4
2025-04-03,12.3352,12.8794,11.791,11.7919,15538090,13
2025-04-04,11.791,11.791,10.6119,11.429,16098497,12.6
2025-04-08,10.5212,11.4282,10.3398,10.3405,9856790,11.4
2025-04-09,9.3421,10.3398,9.3421,9.3428,15444974,10.3
2025-04-10,10.2491,10.2491,10.2491,10.2498,262308,11.3
2025-04-11,11.1561,11.2468,10.5212,11.2476,17199646,12.4
2025-04-14,11.2468,11.4282,10.3398,11.429,6233260,12.6
2025-04-15,11.3375,11.4282,10.9747,11.0662,6620662,12.2
2025-04-16,10.9747,11.3375,10.884,11.1569,4911683,12.3
2025-04-17,11.0654,11.6096,10.7026,11.5197,12259783,12.7
2025-04-18,11.5189,11.791,11.4282,11.5197,9777098,12.7
2025-04-21,11.4282,11.7003,11.2468,11.3383,6727115,12.5
2025-04-22,10.6119,11.3375,10.2491,11.0662,15484598,12.2
2025-04-23,11.0654,11.7003,11.0654,11.2476,7131462,12.4
2025-04-24,11.3375,11.6096,11.1561,11.3383,5610623,12.5
2025-04-25,11.4282,11.5189,11.1561,11.1569,4846590,12.3
2025-04-28,11.0654,11.3375,11.0654,11.2476,2924297,12.4
2025-04-29,11.2468,11.3375,11.0654,11.1569,3138859,12.3
2025-05-05,11.1561,11.4282,11.1561,11.3383,3075500,12.5
2025-05-06,11.3375,11.8817,11.3375,11.5197,9998100,12.7
2025-05-07,11.5189,11.9724,11.4282,11.7011,8197900,12.9
2025-05-08,11.791,11.8817,11.5189,11.6104,4469600,12.8
2025-05-09,11.7003,11.9724,11.4282,11.6104,8920200,12.8
2025-05-12,11.6096,11.791,11.5189,11.7011,3927400,12.9
2025-05-13,11.8817,11.9724,11.6096,11.7011,7567700,12.9
2025-05-14,11.7003,11.8817,11.5189,11.7919,7783600,13
2025-05-15,11.791,12.2445,11.791,11.9733,10644300,13.2
2025-05-16,12.0631,12.2445,11.8817,11.8826,6782400,13.1
2025-05-19,11.8817,12.0631,11.7003,11.7919,6179700,13
2025-05-20,11.791,11.9724,11.6096,11.7011,6275100,12.9
2025-05-21,11.791,11.791,11.4282,11.7011,8913200,12.9
2025-05-22,11.7003,11.8817,11.5189,11.6104,8046700,12.8
2025-05-23,11.5189,11.7003,11.4282,11.5197,3925100,12.7
2025-05-26,11.4282,12.1538,11.2468,12.064,13800800,13.3
2025-05-27,11.9724,13.2422,11.9724,13.2432,28738300,14.6
2025-05-28,13.3329,13.8771,13.1515,13.4246,16318000,14.8
2025-05-29,13.4236,14.4213,13.3329,14.1502,27535200,15.6
2025-05-30,13.5143,15.2376,13.1515,14.9666,27983600,16.5
2025-06-02,15.1469,16.4167,14.7841,16.2365,27474800,17.9
2025-06-03,16.326,17.233,15.8725,16.69,27851200,18.4
2025-06-04,16.6888,17.4144,16.4167,16.8714,19281900,18.6
2025-06-05,16.8702,17.6865,16.7795,17.0528,25279600,18.8
2025-06-06,17.0516,17.233,16.2353,16.4179,35454900,18.1
2025-06-09,16.4167,17.0516,16.0539,16.69,20020600,18.4
2025-06-10,16.4167,16.9609,15.9632,16.2365,17926100,17.9
2025-06-11,15.9632,16.5981,15.6004,16.3272,23375400,18
2025-06-12,16.4167,16.9609,16.2353,16.4179,16503700,18.1
2025-06-13,16.4167,16.4167,15.1469,15.7829,42989500,17.4
2025-06-16,15.419,16.1446,15.1469,16.0551,10262400,17.7
2025-06-17,16.0539,16.6888,16.0539,16.1458,19949100,17.8
2025-06-18,16.326,16.5074,15.6911,15.7829,13676500,17.4
2025-06-19,15.7818,16.6888,15.6004,16.5086,27833100,18.2
2025-06-20,16.5074,16.7795,16.1446,16.2365,9234000,17.9
2025-06-23,16.326,16.7795,15.8725,16.7807,20794400,18.5
2025-06-24,16.7795,17.233,16.5074,16.5086,17673000,18.2
2025-06-25,16.5981,16.7795,16.2353,16.2365,15007500,17.9
2025-06-26,16.2353,16.4167,16.0539,16.3272,10602500,18
2025-06-27,16.326,16.7795,16.1446,16.2365,15890500,17.9
2025-06-30,16.4167,16.7795,16.0539,16.2365,9803100,17.9
2025-07-01,14.7841,16.4167,14.7841,15.7829,20291800,17.4
2025-07-02,14.2399,16.0539,14.2399,16.0551,10853900,17.7
2025-07-03,16.0539,16.5074,15.7818,15.8737,21559200,17.5
2025-07-04,15.8725,16.7795,15.8725,16.3272,20553600,18
2025-07-07,16.326,17.4144,16.2353,17.1435,31855500,18.9
2025-07-08,17.233,17.3237,16.7795,17.0528,15294600,18.8
2025-07-09,17.0516,17.5958,16.8702,17.0528,24427400,18.8
2025-07-10,17.0516,17.9586,16.9609,17.2342,21120700,19
2025-07-11,17.233,17.3237,16.8702,16.9621,18954200,18.7
2025-07-14,16.9609,17.6865,16.326,17.5064,33873900,19.3
2025-07-15,17.5958,17.9586,17.1423,17.1435,19742900,18.9
2025-07-16,17.1423,17.6865,17.0516,17.325,23130200,19.1
2025-07-17,17.4144,19.047,17.233,19.0484,50021700,21
2025-07-18,19.047,20.9517,19.047,20.4997,33145500,22.6
2025-07-21,20.7703,20.7703,19.6819,19.8647,28985900,21.9
2025-07-22,19.3191,20.3168,19.3191,20.3183,24561500,22.4
2025-07-23,20.4075,21.6773,19.7726,19.9554,27018700,22
2025-07-24,19.954,20.5889,19.7726,20.1369,17934900,22.2
2025-07-25,20.1354,21.0424,20.0447,20.7718,26850800,22.9
2025-07-28,20.861,22.7657,20.7703,22.7674,35975400,25.1
2025-07-29,24.9425,25.0332,20.4982,20.4997,57817100,22.6
2025-07-30,20.4982,21.4052,20.2261,21.4068,26899600,23.6
2025-07-31,21.768,22.0401,20.3168,21.8603,32281100,24.1
2025-08-01,22.1308,22.2215,21.1331,21.1346,17328100,23.3
2025-08-04,21.2238,21.6773,20.5889,21.4068,19540900,23.6
2025-08-05,21.4959,23.1285,19.954,21.5882,48291000,23.8
2025-08-06,21.5866,21.8587,21.2238,21.4975,17287700,23.7
2025-08-07,21.9029,22.9504,21.9029,22.6671,18871200,23.8
2025-08-08,22.6647,24.855,22.4743,24.3814,46678100,25.6
2025-08-11,24.6646,26.1883,24.4741,24.8576,24177400,26.1
2025-08-12,24.8576,25.7148,23.6195,24.7624,29697900,26
2025-08-13,25.1434,25.9053,24.0957,24.7624,27016600,26
2025-08-14,24.7598,26.7596,24.5693,26.2862,35080500,27.6
2025-08-15,26.2835,26.5692,24.7598,25.0481,27264700,26.3
2025-08-18,25.0455,25.8073,24.2837,25.3338,29120100,26.6
2025-08-19,25.3338,27.4291,24.9529,25.7148,32358700,27
2025-08-20,25.7148,26.0958,23.3338,24.6672,31569600,25.9
2025-08-21,24.9503,24.9503,23.4266,23.6195,24705300,24.8
2025-08-22,23.6195,23.7148,21.6195,22.3814,42168100,23.5
2025-08-25,21.429,23.1433,21.429,22.2862,18637700,23.4
2025-08-26,22.2838,23.7123,22.1886,23.6195,16738600,24.8
2025-08-27,23.8075,24.6646,23.4266,23.429,21007800,24.6
2025-08-28,23.429,23.5243,22.7624,23.2386,10907600,24.4
2025-08-29,23.4266,24.1884,23.2361,23.429,15895100,24.6
2025-09-03,23.429,25.1434,23.3338,24.9529,23818900,26.2
2025-09-04,25.2386,25.81,24.5719,24.6672,17498100,25.9
2025-09-05,24.7598,26.093,24.5693,24.5719,31209800,25.8
2025-09-08,24.5719,24.7624,22.5719,22.5719,28920600,23.7
2025-09-09,22.5695,23.0457,22.2838,22.9528,14235500,24.1
2025-09-10,22.9528,23.2386,22.4766,22.5719,12375800,23.7
2025-09-11,22.5695,22.8552,21.3315,22.6671,18436300,23.8
2025-09-12,22.8552,23.8075,22.6647,22.9528,12364500,24.1
2025-09-15,22.9504,23.5218,22.9504,23.429,11264700,24.6
2025-09-16,23.7123,24.0932,22.9504,22.9528,14981300,24.1
2025-09-17,22.9504,23.3314,22.4743,22.4766,8415500,23.6
2025-09-18,22.5719,23.0481,22.1909,22.5719,8910100,23.7
2025-09-19,22.5719,23.81,22.5719,23.3338,16388700,24.5
2025-09-22,23.4266,24.5693,23.3314,24.0957,29666500,25.3
2025-09-23,24.2862,24.4767,23.5243,23.7148,10476900,24.9
2025-09-24,23.7148,25.7148,23.5243,25.7148,34974800,27
2025-09-25,26.191,26.4767,25.4291,25.4291,22583100,26.7
2025-09-26,25.4264,26.2835,25.1407,25.5243,27979800,26.8
2025-09-29,25.6196,26.0005,24.7624,24.9529,18457300,26.2
2025-09-30,24.9529,25.1434,23.3338,24.2862,28434800,25.5
2025-10-01,24.5719,24.6672,24.0005,24.4767,9847400,25.7
2025-10-02,24.4741,24.6646,23.4266,23.429,11619700,24.6
2025-10-03,23.429,23.429,22.3814,22.3814,24188700,23.5
2025-10-06,22.3814,24.2862,22.2862,24.191,11906400,25.4
2025-10-07,24.191,24.3814,23.2386,23.2386,13727200,24.4
2025-10-08,23.3338,24.191,22.6671,23.7148,16129600,24.9
2025-10-09,23.429,24.6672,23.429,24.6672,15018000,25.9
2025-10-10,24.6672,25.6196,24.6672,25.1434,22016500,26.4
2025-10-13,24.6672,27.6196,24.2862,27.6196,53340900,29
2025-10-14,28.572,29.8101,27.6196,28.953,28157100,30.4
2025-10-15,28.953,30.2863,28.2863,30.1911,22329700,31.7
2025-10-16,30.0927,31.2354,29.1404,30.2863,21764200,31.8
2025-10-17,30.2863,31.334,29.7149,30.3816,20710700,31.9
2025-10-20,30.3784,31.3307,27.4262,27.4291,48747900,28.8
2025-10-21,27.1406,28.0929,26.093,27.2386,42698400,28.6
2025-10-22,27.5244,29.9054,27.0482,29.9054,37611400,31.4
2025-10-23,29.9054,30.8578,28.572,28.572,28394000,30
2025-10-24,28.1881,29.9975,27.6167,29.3339,27401500,30.8
2025-10-27,29.807,30.4736,26.4739,26.4767,27584800,27.8
2025-10-28,26.4739,26.4739,23.998,25.81,42694300,27.1
2025-10-29,25.8073,26.6644,25.4264,25.81,10594100,27.1
2025-10-30,25.8073,27.0453,25.6169,26.0005,18412200,27.3
2025-10-31,26.191,26.2862,24.191,24.191,19331000,25.4
2025-11-03,24.4767,24.7624,21.81,21.81,40662600,22.9
2025-11-04,21.8077,23.9027,20.8554,23.9052,26111600,25.1
2025-11-05,24.0957,24.6672,22.9528,23.3338,12270400,24.5
2025-11-06,23.3338,24.0957,22.5719,23.3338,17887600,24.5
2025-11-07,22.8552,23.7123,22.3791,22.6671,14924000,23.8
2025-11-10,22.6671,23.429,22.0004,22.3814,14287000,23.5
2025-11-11,22.4766,23.3338,22.2862,23.3338,12650200,24.5
2025-11-12,23.3314,25.1407,23.3314,24.5719,19093600,25.8
2025-11-13,24.5719,24.7624,23.6195,24.191,12669900,25.4
2025-11-14,23.8075,25.236,23.8075,24.5719,11750600,25.8
2025-11-17,24.5719,25.81,24.5719,25.2386,14629400,26.5
2025-11-18,25.2386,25.3338,24.4767,24.7624,12046100,26
2025-11-19,24.7598,24.9503,23.617,24.0957,14966600,25.3
2025-11-20,24.191,24.2862,23.429,23.81,9599700,25
2025-11-21,23.9052,24.7624,23.5243,24.7624,15963300,26
2025-11-24,24.855,25.0455,24.2837,24.3814,6715600,25.6
2025-11-25,24.4767,24.8576,22.1909,23.5243,17348800,24.7
2025-11-26,23.6195,25.0481,23.5243,24.4767,12882400,25.7
2025-11-27,24.7624,24.9529,24.0005,24.4767,8061500,25.7
2025-11-28,24.3814,24.9529,23.81,24.4767,13828100,25.7
2025-12-01,24.4767,24.7624,23.81,23.81,7274900,25
2025-12-02,23.81,24.191,23.0481,24.191,13332700,25.4
2025-12-03,24.2862,24.9529,23.5243,24.6672,11158700,25.9
2025-12-04,24.7598,25.5216,24.5693,25.0481,14293700,26.3
2025-12-05,22.6671,25.2386,22.6671,24.2862,10094900,25.5
2025-12-08,24.2837,24.4741,23.5218,23.6195,10856000,24.8
2025-12-09,23.6195,23.81,23.0481,23.5243,12296400,24.7
2025-12-10,23.6195,23.7148,23.0481,23.0481,6076200,24.2
2025-12-11,23.3338,23.7148,22.9528,23.0481,6851200,24.2
2025-12-12,23.1409,23.3314,20.8554,21.048,21351400,22.1
2025-12-15,21.1433,21.3338,19.5242,19.9052,18973200,20.9
2025-12-16,20.0004,21.81,19.1432,21.81,17725900,22.9
2025-12-17,21.9052,22.1909,20.9528,20.9528,8546900,22
2025-12-18,20.4745,21.522,20.3792,21.2385,9292700,22.3
2025-12-19,21.2363,21.6172,21.1411,21.5242,6824800,22.6
2025-12-22,21.6195,22.2862,21.6195,22.2862,9577500,23.4
2025-12-23,22.3791,22.4743,21.3315,21.5242,11393900,22.6
2025-12-24,21.522,22.1886,21.4268,21.7147,10660500,22.8
2025-12-25,21.9029,22.1886,21.2363,21.2385,9872000,22.3
2025-12-26,21.2385,21.429,20.0004,21.1433,16384700,22.2
2025-12-29,21.0458,21.8077,20.284,21.5242,7003500,22.6
2025-12-30,21.522,21.7124,21.0458,21.048,5091300,22.1
2025-12-31,21.2363,21.2363,20.0935,20.0956,15996100,21.1
2026-01-05,20.0956,20.5718,19.429,19.9052,11110500,20.9
2026-01-06,19.8099,20.1909,18.8575,19.048,15237300,20
2026-01-07,19.046,19.6174,18.8555,19.1432,10563800,20.1
2026-01-08,19.429,19.8099,19.048,19.2385,11691400,20.2
2026-01-09,19.3337,19.429,17.4289,17.5242,37674700,18.4
2026-01-12,17.5242,19.1432,16.7622,18.7623,18210800,19.7
2026-01-13,18.8555,19.5222,18.2842,18.667,17200900,19.6
2026-01-14,18.7603,19.1412,17.9985,18.1908,22399200,19.1
2026-01-15,18.2861,19.2385,17.7146,18.5718,17787900,19.5
2026-01-16,18.5699,18.8555,18.0937,18.1908,11076700,19.1
2026-01-19,18.1908,18.7623,18.0956,18.2861,9673400,19.2
2026-01-20,18.2861,18.5718,17.7146,17.8099,13561500,18.7
2026-01-21,17.808,18.4746,17.4271,17.9051,12672300,18.8
2026-01-22,18.0937,19.6174,17.6176,19.6194,31687400,20.6
2026-01-23,19.6194,20.2861,18.2861,18.4766,14727200,19.4
2026-01-26,18.8575,18.8575,17.048,17.3337,15536700,18.2
2026-01-27,17.4271,17.808,16.4748,17.4289,7652700,18.3
2026-01-28,17.4271,18.7603,16.8557,18.1908,17779400,19.1
2026-01-29,18.1889,18.9508,17.9032,18.3813,8137800,19.3
2026-01-30,18.4766,19.5242,18.3813,19.048,24228600,20
2026-02-02,19.048,19.5242,18.2861,18.7623,10335000,19.7
2026-02-03,18.7623,19.3337,18.4766,18.4766,10106200,19.4
2026-02-04,18.4766,18.9528,18.1908,18.5718,10996000,19.5
2026-02-05,18.5699,19.3317,18.3794,18.3813,11942800,19.3
2026-02-06,18.3794,18.4746,17.4271,17.4289,14705100,18.3
2026-02-09,17.6194,17.9051,17.4289,17.6194,6139300,18.5
2026-02-10,17.6194,17.9051,17.2384,17.5242,5619100,18.4
2026-02-11,17.5223,18.8555,17.5223,18.3813,13216800,19.3
2026-02-12,18.4766,18.5718,18.0956,18.0956,4017400,19
2026-02-13,18.0956,18.5718,17.9051,18.0004,8208700,18.9
2026-02-23,18.0956,18.667,17.9051,18.2861,6545000,19.2
2026-02-24,18.1889,18.6651,16.9509,18.3813,9019900,19.3
2026-02-25,18.3794,18.5699,17.9032,17.9051,10759800,18.8
2026-02-26,17.9051,18.1908,17.7146,17.8099,6432500,18.7
2026-02-27,17.9032,17.9032,17.1414,17.2384,16080000,18.1
2026-03-02,17.3337,17.3337,15.6194,15.7146,23277500,16.5
2026-03-03,15.7146,16.286,15.2384,15.7146,10512700,16.5
2026-03-04,15.6194,16.0956,14.4765,15.4289,15128300,16.2
2026-03-05,15.4289,16.0003,14.8574,15.2384,8898400,16
2026-03-06,15.1416,15.9034,15.0463,15.3336,9248100,16.1
2026-03-09,14.7622,14.8574,13.8098,13.8098,9567600,14.5
2026-03-10,13.8098,14.286,12.4764,13.5241,16334300,14.2
2026-03-11,13.7146,14.5717,12.8574,14.286,10897000,15
2026-03-12,14.3797,14.8559,13.9036,14.3812,10037300,15.1
2026-03-13,13.5241,15.1432,13.5241,14.4765,10950100,15.2
2026-03-16,14.475,15.4273,14.475,14.8574,12285800,15.6
2026-03-17,15.2368,15.2368,14.475,14.5717,7166600,15.3
2026-03-18,15.0479,15.0479,14.0955,14.286,8968300,15
2026-03-19,14.0955,15.1432,13.905,14.667,9969700,15.4
2026-03-20,14.667,14.9527,14.4765,14.4765,5949200,15.2
2026-03-23,14.475,14.475,13.3322,13.6193,13849600,14.3
2026-03-24,14.1908,14.9527,13.8098,14.9527,12964800,15.7
2026-03-25,15.4289,15.9051,14.667,15.6194,17780400,16.4
2026-03-26,15.6194,15.9051,15.3336,15.4289,8764000,16.2
2026-03-27,15.4289,16.4765,15.3336,16.0956,20228000,16.9
2026-03-30,16.0003,16.286,15.4289,15.9051,10265900,16.7
2026-03-31,15.9051,16.286,15.6194,15.9051,12151900,16.7
2026-04-01,16.0956,16.667,15.8098,15.9051,11879700,16.7
2026-04-02,15.8082,15.9986,15.4273,16.0003,10127500,16.8
2026-04-03,15.9051,16.5718,15.3336,15.7146,11369400,16.5
2026-04-06,15.7146,16.0956,14.9527,15.2384,7281600,16
2026-04-07,15.3336,15.7146,15.1432,15.6194,7928000,16.4
2026-04-08,15.9051,16.8575,15.9051,16.667,18827800,17.5
2026-04-09,16.6653,17.3319,16.2843,16.4765,18671400,17.3
2026-04-10,16.57,17.0462,16.2843,16.286,10058600,17.1
2026-04-13,16.2843,17.2366,15.9986,16.4765,15133600,17.3
2026-04-14,16.667,16.9527,16.0956,16.3813,15495200,17.2
2026-04-15,16.4748,16.8557,16.3796,16.4765,15152700,17.3
2026-04-16,16.4748,16.8557,15.9986,16.7622,16950800,17.6
2026-04-17,16.9509,17.2366,16.4748,16.4765,14109200,17.3
2026-04-20,15.5241,16.7622,15.5241,16.3813,6022800,17.2
2026-04-21,16.3813,16.667,16.0956,16.0956,9042100,16.9
2026-04-22,16.0956,16.4765,16.0956,16.1908,6625900,17
2026-04-23,16.1908,16.5718,15.6194,16.1908,9802600,17
2026-04-24,16.0939,16.57,15.8082,16.286,7043800,17.1
2026-04-28,16.286,16.667,16.1908,16.3813,6901000,17.2
2026-04-29,16.3796,17.3319,16.1891,16.9527,20099400,17.8
2026-05-04,16.9527,17.6194,16.8575,16.8575,13935000,17.7
2026-05-05,16.8557,17.0462,16.0939,16.286,13182900,17.1
2026-05-06,16.286,16.7622,16.1908,16.667,6504900,17.5
2026-05-07,16.8575,17.048,16.3813,16.3813,10249400,17.2
2026-05-08,16.286,16.5718,16.1908,16.1908,8303600,17
2026-05-11,16.1891,16.8557,16.0939,16.4765,12989900,17.3
2026-05-12,16.3813,17.048,16.3813,16.5718,7858000,17.4
2026-05-13,16.667,16.7622,16.286,16.3813,6492200,17.2
2026-05-14,16.4748,16.8557,16.3796,16.4765,4316500,17.3
2026-05-15,16.4765,17.2384,16.4765,16.8575,15770100,17.7
2026-05-18,17.048,17.3337,16.5718,17.048,12928500,17.9
2026-05-19,17.1432,17.4289,16.5718,16.667,13226600,17.5
2026-05-20,16.667,16.667,15.1432,15.9051,26057200,16.7
2026-05-21,15.9051,16.1908,15.5241,15.6194,6195200,16.4
2026-05-22,15.6194,16.0003,15.3336,15.9051,9001900,16.7
2026-05-25,15.9051,16.286,15.7146,15.7146,5329700,16.5
2026-05-26,15.8082,16.3796,15.6177,16.0003,10797600,16.8
2026-05-27,15.9986,16.2843,15.8082,15.8098,5145300,16.6
2026-05-28,15.8082,15.9986,15.4273,15.5241,6409900,16.3
2026-05-29,15.5241,15.7146,15.2384,15.2384,6054400,16
2026-06-01,15.4273,15.9986,15.4273,15.8098,8698300,16.6
2026-06-02,15.8098,15.9051,15.0479,15.2384,9115900,16
2026-06-03,15.2384,15.6194,15.0479,15.4289,3272800,16.2
2026-06-04,15.4289,15.4289,15.1432,15.1432,4128500,15.9
2026-06-05,15.1432,15.4289,14.7622,14.7622,5968100,15.5
2026-06-08,14.7607,15.0463,14.2845,14.5717,8418300,15.3
2026-06-09,15.2,15.2,14.6,14.8,2960600,14.8
2026-06-10,14.8,15.7,14.6,15.3,6711500,15.3
2026-06-11,15.2,15.3,15,15.1,2169500,15.1
2026-06-12,15.2,15.4,15,15.1,2827200,15.1
2026-06-15,15.2,15.5,15.2,15.3,3687500,15.3
2026-06-16,15.3,15.8,14.2,15.6,6951100,15.6
2026-06-17,15.5,16.1,15.2,15.7,7167200,15.7
2026-06-18,15.7,15.9,15.5,15.6,3851500,15.6
2026-06-19,15.6,16.1,15.4,15.6,9011300,15.6
2026-06-22,15.6,15.7,15.3,15.4,4160400,15.4
2026-06-23,15.4,15.6,14.8,14.9,9033800,14.9
2026-06-24,14.9,15.1,14.7,14.8,4257700,14.8
2026-06-25,14.7,15.1,14.6,14.7,3784000,14.7
2026-06-26,14.5,14.9,14.5,14.7,2542700,14.7
2026-06-29,14.7,14.9,14.6,14.9,2740100,14.9
2026-06-30,14.9,15,14.7,14.7,3109400,14.7
2026-07-01,14.7,15.1,14,14.9,3624600,14.9
2026-07-02,14.9,15,14.7,14.7,3445400,14.7
2026-07-03,14.7,14.8,14.3,14.4,6175200,14.4
2026-07-06,14.4,14.6,13.7,13.9,6286900,13.9
2026-07-07,14,14.1,13.8,14,3249000,14
2026-07-08,14,14.7,13.8,14.5,6810600,14.5
2026-07-09,14.5,14.6,14.1,14.1,2775800,14.1
2026-07-10,14,14.4,14,14,3167400,14
2026-07-13,14,14.3,13.7,14,5523400,14
2026-07-14,13.8,14.4,13.7,14.3,4607400,14.3
2026-07-15,14.3,14.3,13.7,13.8,3003000,13.8
2026-07-16,13.8,13.9,13.1,13.7,6633900,13.7
2026-07-17,13.4,13.8,13,13.1,3049400,13.1
2026-07-20,13.1,13.1,11.9,11.9,8982000,11.9
2026-07-21,11.9,12.4,11.1,11.9,4765400,11.9
2026-07-22,12,12.4,11.2,11.9,8049200,11.9
2026-07-23,11.9,12.4,11.2,11.9,9355900,11.9
2026-07-24,12,12.3,11.6,11.6,4090300,11.6
2026-07-27,11.6,11.8,10.6,10.8,7755100,10.8
2026-07-28,10,11.5,10,11.1,8681900,11.1
2026-07-29,11.1,11.4,11.1,11.2,2800600,11.2
2026-07-30,11.2,11.9,11.1,11.7,8360600,11.7
2026-07-31,11.7,12,11.4,11.4,4518200,11.4
2026-08-03,11.4,12.2,11.4,12,8161800,12
