date,open,high,low,close,volume,close_raw
2009-07-16,7.472,8.406,7.472,7.4923,2401900,40.1
2009-07-17,7.2105,7.2852,7.1171,7.1186,1002480,38.1
2009-07-20,6.7622,6.7622,6.7622,6.7636,156560,36.2
2009-07-21,6.4259,6.6314,6.4259,6.5207,2133390,34.9
2009-07-22,6.6314,6.7061,6.538,6.6141,949090,35.4
2009-07-23,6.5754,6.9303,6.5754,6.9318,758310,37.1
2009-07-24,7.2665,7.2665,7.2665,7.2681,640060,38.9
2009-07-27,7.6214,7.6214,7.3786,7.6231,3264870,40.8
2009-07-28,7.6214,7.8082,7.416,7.4362,2008120,39.8
2009-07-29,7.472,7.5654,7.2105,7.212,1060730,38.6
2009-07-30,7.061,7.1918,6.9116,7.0812,830120,37.9
2009-07-31,7.1918,7.416,7.1731,7.4176,1807290,39.7
2009-08-03,7.472,7.6214,7.3786,7.4736,1203870,40
2009-08-04,7.6588,7.6588,7.472,7.5297,1428170,40.3
2009-08-05,7.4533,7.528,7.3973,7.4736,1130020,40
2009-08-06,7.472,7.528,7.3786,7.3802,1483460,39.5
2009-08-07,7.3786,7.4346,7.3226,7.3615,668260,39.4
2009-08-10,7.416,7.472,7.3786,7.4549,730910,39.9
2009-08-11,7.416,7.4533,7.3412,7.3615,557710,39.4
2009-08-12,7.4346,7.4533,7.3226,7.3241,1001200,39.2
2009-08-13,7.4346,7.4346,7.3226,7.3615,1161040,39.4
2009-08-14,7.3786,7.4533,7.3599,7.4176,878140,39.7
2009-08-17,7.472,7.5094,7.3786,7.3802,1534900,39.5
2009-08-18,7.2852,7.3786,7.2665,7.3054,778860,39.1
2009-08-19,7.3039,7.3599,7.2852,7.3054,713790,39.1
2009-08-20,7.2852,7.3039,7.2478,7.2494,867530,38.8
2009-08-21,7.3786,7.472,7.2852,7.3054,1127700,39.1
2009-08-24,7.2852,7.3412,7.2852,7.3054,684140,39.1
2009-08-25,7.2852,7.2852,7.2292,7.2494,715430,38.8
2009-08-26,7.2105,7.2478,7.2105,7.212,635150,38.6
2009-08-27,7.1918,7.2105,7.1544,7.1747,609730,38.4
2009-08-28,7.1918,7.2105,7.1731,7.212,928800,38.6
2009-08-31,7.3412,7.3599,7.1918,7.2681,763090,38.9
2009-09-01,7.2105,7.2478,7.1918,7.2307,628060,38.7
2009-09-03,7.1358,7.2478,7.1358,7.156,659050,38.3
2009-09-04,7.1358,7.2105,7.005,7.0065,683440,37.5
2009-09-07,6.7622,6.949,6.7248,6.8757,737000,36.8
2009-09-08,6.9116,7.005,6.9116,7.0065,477720,37.5
2009-09-09,7.061,7.061,6.9676,6.9691,324240,37.3
2009-09-10,6.9116,6.949,6.8556,6.8757,373890,36.8
2009-09-11,6.8742,6.9116,6.8369,6.8383,570170,36.6
2009-09-14,6.8369,6.8556,6.7995,6.801,598780,36.4
2009-09-15,6.7622,6.9116,6.7622,6.8197,776350,36.5
2009-09-16,7.0984,7.1544,7.0237,7.156,1260580,38.3
2009-09-17,7.2852,7.2852,7.061,7.0999,1075010,38
2009-09-18,6.9116,7.0984,6.9116,7.0999,876100,38
2009-09-21,7.0984,7.0984,7.061,7.0812,852040,37.9
2009-09-22,7.005,7.0424,6.9116,6.9878,702320,37.4
2009-09-23,7.0984,7.0984,6.9863,6.9878,885880,37.4
2009-09-24,6.9303,6.9676,6.9116,6.9131,444170,37
2009-09-25,6.8742,7.0984,6.8742,7.0439,608020,37.7
2009-09-28,7.0984,7.0984,6.9676,6.9691,469480,37.3
2009-09-29,6.9303,6.9676,6.8929,6.9131,484260,37
2009-09-30,6.8556,6.9116,6.8556,6.8757,449040,36.8
2009-10-01,6.8369,6.9116,6.7995,6.801,434790,36.4
2009-10-02,6.6501,6.7248,6.594,6.6328,592860,35.5
2009-10-05,6.6314,6.7248,6.594,6.6141,364210,35.4
2009-10-06,6.6314,6.6874,6.594,6.5955,309510,35.3
2009-10-07,6.594,6.6874,6.594,6.6141,245860,35.4
2009-10-08,6.6314,6.6314,6.594,6.6141,333010,35.4
2009-10-09,6.6314,6.6501,6.6127,6.6328,488560,35.5
2009-10-12,6.6501,6.6874,6.6314,6.6889,448330,35.8
2009-10-13,6.6874,6.7061,6.6501,6.6515,336930,35.6
2009-10-14,6.6314,6.949,6.6127,6.9505,929480,37.2
2009-10-15,7.1544,7.1731,6.9116,7.0065,1060150,37.5
2009-10-16,6.8369,6.949,6.8369,6.857,347270,36.7
2009-10-19,6.8742,6.8742,6.8182,6.857,454800,36.7
2009-10-20,6.8742,6.8742,6.8182,6.857,433970,36.7
2009-10-21,6.7622,6.7995,6.7435,6.7636,384800,36.2
2009-10-22,6.7622,6.8369,6.7622,6.8383,448640,36.6
2009-10-23,6.9116,7.1731,6.8556,6.9131,2529720,37
2009-10-26,6.9116,6.9863,6.8182,6.8197,322910,36.5
2009-10-27,6.7248,6.8182,6.6501,6.6889,470240,35.8
2009-10-28,6.7248,6.8182,6.6501,6.6702,428140,35.7
2009-10-29,6.538,6.6127,6.4633,6.4834,815460,34.7
2009-10-30,6.594,6.594,6.4446,6.502,523470,34.8
2009-11-02,6.2391,6.4259,6.1831,6.2031,641990,33.2
2009-11-03,6.1644,6.2018,5.9029,5.9041,606340,31.6
2009-11-04,5.8095,6.1644,5.8095,5.9602,466720,31.9
2009-11-05,6.071,6.2391,6.0523,6.2405,261170,33.4
2009-11-06,6.2578,6.3138,6.1644,6.1657,296090,33
2009-11-09,6.0336,6.127,5.8842,5.8855,291820,31.5
2009-11-10,5.8842,5.9029,5.6974,5.6986,242450,30.5
2009-11-11,5.6974,5.7908,5.6974,5.792,255010,31
2009-11-12,5.7908,5.9776,5.7908,5.9415,221650,31.8
2009-11-13,5.9402,5.9776,5.9216,5.9602,244650,31.9
2009-11-16,5.9589,5.9589,5.8655,5.8668,121650,31.4
2009-11-17,5.8655,5.8655,5.7534,5.7547,151170,30.8
2009-11-18,5.7534,5.7908,5.7348,5.7547,187600,30.8
2009-11-19,5.7161,5.7721,5.7161,5.736,234250,30.7
2009-11-20,5.7348,5.7721,5.6974,5.6986,129660,30.5
2009-11-23,5.6227,5.6414,5.4919,5.4931,201440,29.4
2009-11-24,5.4172,5.4732,5.2304,5.2315,260020,28
2009-11-25,5.0436,5.081,4.9689,4.9699,239410,26.6
2009-11-26,4.7447,4.8568,4.726,4.7271,505360,25.3
2009-11-27,4.5392,4.9502,4.5392,4.9513,257220,26.5
2009-11-30,5.1744,5.193,5.137,5.1942,367620,27.8
2009-12-01,5.4359,5.4359,5.4359,5.437,54280,29.1
2009-12-02,5.604,5.604,5.3612,5.3623,722530,28.7
2009-12-03,5.3425,5.4546,5.3425,5.4184,308130,29
2009-12-04,5.4172,5.4546,5.3612,5.3997,353490,28.9
2009-12-07,5.4172,5.4546,5.3985,5.4557,199070,29.2
2009-12-08,5.4546,5.4546,5.3798,5.437,302510,29.1
2009-12-09,5.2304,5.2678,5.1744,5.1755,341100,27.7
2009-12-10,5.3238,5.3238,5.1557,5.1755,116540,27.7
2009-12-11,5.0623,5.2304,4.9502,4.9699,305170,26.6
2009-12-14,5.193,5.2117,5.1557,5.2128,291760,27.9
2009-12-15,5.2678,5.4546,5.2117,5.4557,526060,29.2
2009-12-16,5.4546,5.5106,5.4172,5.4184,1193260,29
2009-12-17,5.4172,5.5106,5.3238,5.5118,358600,29.5
2009-12-18,5.5293,5.7721,5.5293,5.7734,936240,30.9
2009-12-21,5.8655,5.8842,5.7534,5.8668,272050,31.4
2009-12-22,5.7908,5.8468,5.6787,5.6986,297960,30.5
2009-12-23,5.6227,5.6974,5.5106,5.5118,253280,29.5
2009-12-24,5.5853,5.5853,5.4172,5.4184,664560,29
2009-12-25,5.604,5.6227,5.4172,5.4931,379320,29.4
2009-12-28,5.4359,5.4919,5.4359,5.4744,185620,29.3
2009-12-29,5.4172,5.5106,5.4172,5.5118,226520,29.5
2009-12-30,5.4732,5.604,5.4732,5.5305,154710,29.6
2009-12-31,5.5293,5.548,5.5106,5.5118,227140,29.5
2010-01-04,5.604,5.7721,5.5106,5.7734,273690,30.9
2010-01-05,5.9776,5.9776,5.8282,5.8855,412620,31.5
2010-01-06,5.604,5.7348,5.604,5.6239,395370,30.1
2010-01-07,5.548,5.5853,5.5293,5.5305,175450,29.6
2010-01-08,5.604,5.604,5.4732,5.4744,258380,29.3
2010-01-11,5.5106,5.5293,5.4546,5.5305,237870,29.6
2010-01-12,5.5666,5.5666,5.4359,5.437,247870,29.1
2010-01-13,5.4359,5.5106,5.3238,5.437,190590,29.1
2010-01-14,5.5106,5.5106,5.4359,5.437,77050,29.1
2010-01-15,5.4172,5.4732,5.4172,5.4184,199230,29
2010-01-18,5.4172,5.4172,5.3425,5.3436,143420,28.6
2010-01-19,5.4172,5.4172,5.3798,5.3997,101580,28.9
2010-01-20,5.4172,5.4172,5.2304,5.2315,96630,28
2010-01-21,5.3425,5.3425,5.2304,5.2315,191590,28
2010-01-22,5.2304,5.2491,5.193,5.2315,135450,28
2010-01-25,5.2304,5.3051,5.2304,5.3063,130190,28.4
2010-01-26,5.3985,5.4172,5.3238,5.4184,120710,29
2010-01-27,5.2678,5.3238,5.2491,5.2502,47270,28.1
2010-01-28,5.2491,5.3425,5.2304,5.3249,154950,28.5
2010-01-29,5.3238,5.3238,5.2304,5.2315,101600,28
2010-02-01,5.2304,5.3238,5.2117,5.2128,38590,27.9
2010-02-02,5.1744,5.2304,5.1744,5.2128,52450,27.9
2010-02-03,5.2117,5.2304,5.193,5.1942,93970,27.8
2010-02-04,5.2304,5.2304,5.193,5.2315,88290,28
2010-02-05,5.193,5.2304,5.1744,5.1755,99030,27.7
2010-02-08,5.137,5.137,5.081,5.1381,116890,27.5
2010-02-09,5.137,5.137,5.0996,5.1007,51270,27.3
2010-02-10,5.193,5.193,5.1744,5.1942,46160,27.8
2010-02-11,5.2678,5.4172,5.193,5.4184,148930,29
2010-02-12,5.4546,5.4546,5.3798,5.4184,103980,29
2010-02-22,5.5853,5.5853,5.4172,5.5865,265740,29.9
2010-02-23,5.5853,5.604,5.5106,5.6052,523330,30
2010-02-24,5.6227,5.7908,5.5666,5.792,717780,31
2010-02-25,5.7908,5.8468,5.66,5.8481,729340,31.3
2010-02-26,5.7908,6.0523,5.7534,6.0536,1249980,32.4
2010-03-01,6.127,6.3512,6.127,6.3339,1230530,33.9
2010-03-02,6.2204,6.2578,6.0523,6.0536,553510,32.4
2010-03-03,6.0523,6.0523,5.7908,5.9415,407930,31.8
2010-03-04,5.9402,6.1457,5.9402,6.0536,336880,32.4
2010-03-05,5.9776,6.0523,5.8842,5.8855,291420,31.5
2010-03-08,5.8842,5.8842,5.7908,5.8668,627100,31.4
2010-03-09,5.7908,5.9776,5.7908,5.9789,304670,32
2010-03-10,6.015,6.0336,5.9589,5.9789,306080,32
2010-03-11,5.8842,5.9776,5.8282,5.8481,116510,31.3
2010-03-12,5.8468,5.8842,5.8282,5.8668,166190,31.4
2010-03-15,5.8842,5.9216,5.7908,5.792,248500,31
2010-03-16,5.604,5.7721,5.5666,5.5678,364920,29.8
2010-03-17,5.4919,5.5666,5.3051,5.3063,883980,28.4
2010-03-18,5.3238,5.3985,5.3238,5.3997,1031040,28.9
2010-03-19,5.4359,5.4359,5.1557,5.1568,2030350,27.6
2010-03-22,5.3985,5.3985,5.3985,5.3997,194560,28.9
2010-03-23,5.5106,5.5666,5.4359,5.4557,297510,29.2
2010-03-24,5.4546,5.4732,5.3798,5.4184,292750,29
2010-03-25,5.3051,5.3051,5.2117,5.2689,386700,28.2
2010-03-26,5.2678,5.3985,5.2491,5.3997,372210,28.9
2010-03-29,5.3238,5.3985,5.3051,5.3997,161680,28.9
2010-03-30,5.3798,5.3798,5.2864,5.2876,69320,28.3
2010-03-31,5.2491,5.3238,5.2304,5.2315,138370,28
2010-04-01,5.2491,5.2864,5.2304,5.2876,87970,28.3
2010-04-02,5.3612,5.3612,5.2678,5.2689,146450,28.2
2010-04-05,5.3798,5.3798,5.2678,5.2689,222300,28.2
2010-04-06,5.2678,5.3425,5.2678,5.3249,241450,28.5
2010-04-07,5.3425,5.3425,5.3051,5.3063,80420,28.4
2010-04-08,5.3051,5.3051,5.2491,5.2689,120420,28.2
2010-04-09,5.2678,5.2864,5.2678,5.2689,146760,28.2
2010-04-12,5.2864,5.4172,5.2678,5.4184,341420,29
2010-04-13,5.3985,5.3985,5.3238,5.3249,245110,28.5
2010-04-14,5.2864,5.3238,5.2678,5.2876,90650,28.3
2010-04-15,5.3051,5.3238,5.3051,5.3063,114260,28.4
2010-04-16,5.3238,5.3238,5.2678,5.2689,75220,28.2
2010-04-19,5.2678,5.2678,5.2117,5.2315,138640,28
2010-04-20,5.193,5.2678,5.193,5.2128,154100,27.9
2010-04-21,5.2117,5.2304,5.2117,5.2315,138730,28
2010-04-22,5.2491,5.3798,5.2491,5.3063,194350,28.4
2010-04-26,5.3238,5.3612,5.2864,5.2876,158330,28.3
2010-04-27,5.3051,5.3238,5.2678,5.2876,156700,28.3
2010-04-28,5.3051,5.3051,5.2678,5.2876,79400,28.3
2010-04-29,5.2304,5.2864,5.2304,5.2876,207600,28.3
2010-05-04,5.3425,5.4732,5.2864,5.4557,579990,29.2
2010-05-05,5.4172,5.4172,5.3425,5.3623,151250,28.7
2010-05-06,5.3238,5.3612,5.3051,5.3249,98780,28.5
2010-05-07,5.2304,5.2678,5.2117,5.2502,226080,28.1
2010-05-10,5.2117,5.2117,5.1557,5.1755,314450,27.7
2010-05-11,5.2678,5.2678,5.1744,5.1942,124700,27.8
2010-05-12,5.193,5.193,5.137,5.1381,219260,27.5
2010-05-13,5.137,5.193,5.137,5.1942,169180,27.8
2010-05-14,5.137,5.2117,5.137,5.1381,115190,27.5
2010-05-17,5.137,5.137,5.0436,5.0447,246590,27
2010-05-18,5.0436,5.0436,4.9876,5.026,186380,26.9
2010-05-19,5.0062,5.0062,4.8568,4.8765,196010,26.1
2010-05-20,4.8568,5.0062,4.8568,5.0073,195960,26.8
2010-05-21,4.8568,4.9502,4.8381,4.8392,336410,25.9
2010-05-24,4.8568,4.9502,4.8568,4.9139,112220,26.3
2010-05-25,4.9128,4.9502,4.8942,4.9139,96940,26.3
2010-05-26,4.9128,4.9502,4.9128,4.9139,231810,26.3
2010-05-27,4.9128,5.0249,4.9128,5.026,152920,26.9
2010-05-28,5.0436,5.0996,5.0436,5.0447,76160,27
2010-05-31,5.0436,5.0436,5.0249,5.0447,143180,27
2010-06-01,4.9689,5.0436,4.9689,5.026,279280,26.9
2010-06-02,5.0249,5.0249,4.9689,4.9699,72770,26.6
2010-06-03,4.9689,4.9876,4.9502,4.9513,110530,26.5
2010-06-04,4.9502,5.0062,4.9315,4.9513,57430,26.5
2010-06-07,4.7821,4.8942,4.7821,4.8578,134870,26
2010-06-08,4.8008,4.9128,4.8008,4.8578,181780,26
2010-06-09,4.8568,4.8568,4.8381,4.8578,106340,26
2010-06-10,4.8381,4.8755,4.8381,4.8578,121660,26
2010-06-11,4.9502,4.9502,4.8755,4.8952,61810,26.2
2010-06-14,4.8381,4.9128,4.8381,4.8578,42350,26
2010-06-15,4.8568,4.8755,4.8568,4.8765,121890,26.1
2010-06-16,4.8755,4.9502,4.8755,4.9513,248340,26.5
2010-06-17,4.9502,4.9876,4.9315,4.9886,158790,26.7
2010-06-18,5.0062,5.1183,4.9876,5.1194,453850,27.4
2010-06-21,5.0623,5.0623,5.0249,5.0447,72800,27
2010-06-22,4.9502,5.0249,4.9502,5.0073,53050,26.8
2010-06-23,4.9315,5.0062,4.9315,5.0073,66660,26.8
2010-06-24,5.0062,5.0623,5.0062,5.026,120120,26.9
2010-06-25,5.0062,5.0062,4.9502,4.9513,85840,26.5
2010-06-28,4.9128,5.0062,4.9128,5.0073,71220,26.8
2010-06-29,4.9502,5.0249,4.9502,5.026,64010,26.9
2010-06-30,4.8942,4.9502,4.8942,4.9326,117230,26.4
2010-07-01,4.9502,4.9502,4.8381,4.8392,101880,25.9
2010-07-02,4.8568,4.8568,4.8008,4.8205,279720,25.8
2010-07-05,4.8568,4.8568,4.8008,4.8018,57680,25.7
2010-07-06,4.8008,4.8381,4.8008,4.8018,48010,25.7
2010-07-07,4.8194,4.8194,4.7634,4.7644,54420,25.5
2010-07-08,4.7634,4.8008,4.7634,4.7831,51830,25.6
2010-07-09,4.7821,4.8008,4.7634,4.7831,40390,25.6
2010-07-12,4.7634,4.8568,4.7634,4.8018,62350,25.7
2010-07-13,4.8942,4.8942,4.8008,4.8952,101260,26.2
2010-07-14,4.8942,4.8942,4.8381,4.8392,39630,25.9
2010-07-15,4.8008,4.8194,4.7821,4.8018,61030,25.7
2010-07-16,4.7447,4.8381,4.7447,4.7644,20260,25.5
2010-07-19,4.7447,4.8194,4.7447,4.7831,81620,25.6
2010-07-20,4.7634,4.8381,4.7634,4.7831,48980,25.6
2010-07-21,4.7634,4.8008,4.7634,4.7831,96840,25.6
2010-07-22,4.7447,4.7821,4.726,4.7271,48490,25.3
2010-07-23,4.7447,4.7447,4.7074,4.7271,54320,25.3
2010-07-26,4.67,4.7074,4.67,4.6897,78480,25.1
2010-07-27,4.7821,4.7821,4.67,4.7084,154660,25.2
2010-07-28,4.7074,4.726,4.7074,4.7084,171370,25.2
2010-07-29,4.6887,4.7074,4.6513,4.6523,61200,24.9
2010-07-30,4.6513,4.6887,4.6326,4.671,78150,25
2010-08-02,4.6326,4.67,4.6326,4.6336,21560,24.8
2010-08-03,4.6326,4.6326,4.5953,4.5963,57630,24.6
2010-08-04,4.5953,4.614,4.5579,4.5589,76150,24.4
2010-08-05,4.5953,4.5953,4.4832,4.4842,68090,24
2010-08-06,4.4832,4.5392,4.4832,4.5215,119770,24.2
2010-08-09,4.5766,4.5766,4.4832,4.4842,73630,24
2010-08-10,4.3898,4.4458,4.3151,4.316,78680,23.1
2010-08-11,4.2964,4.3711,4.2964,4.3347,115100,23.2
2010-08-12,4.2964,4.3338,4.203,4.2039,179110,22.5
2010-08-13,4.0349,4.259,4.0349,4.2039,119450,22.5
2010-08-16,4.3151,4.3524,4.2964,4.3347,45260,23.2
2010-08-17,4.3338,4.3338,4.2404,4.3347,74390,23.2
2010-08-18,4.3338,4.3338,4.2964,4.2973,49890,23
2010-08-19,4.2777,4.3151,4.2777,4.316,96700,23.1
2010-08-20,4.2404,4.3151,4.2404,4.316,33870,23.1
2010-08-23,4.203,4.2964,4.203,4.2039,132630,22.5
2010-08-24,4.0536,4.1096,4.0349,4.0357,160760,21.6
2010-08-25,3.9228,3.9788,3.8481,3.8676,359790,20.7
2010-08-26,3.8668,3.9602,3.8668,3.905,293440,20.9
2010-08-27,3.9228,4.0909,3.9228,4.0171,344830,21.5
2010-08-30,4.203,4.203,4.1283,4.1479,597690,22.2
2010-08-31,4.259,4.2777,4.1283,4.1292,751120,22.1
2010-09-01,4.2217,4.3338,4.147,4.3347,445820,23.2
2010-09-06,4.5389,4.5389,4.494,4.5406,161540,20.2
2010-09-07,4.5614,4.5839,4.5389,4.5406,188960,20.2
2010-09-08,4.5614,4.5614,4.4715,4.4732,107540,19.9
2010-09-09,4.494,4.5389,4.4715,4.4957,128460,20
2010-09-10,4.494,4.5165,4.4491,4.4507,161890,19.8
2010-09-13,4.4491,4.494,4.3817,4.4507,132550,19.8
2010-09-14,4.3142,4.4491,4.3142,4.3608,211480,19.4
2010-09-15,4.3367,4.3592,4.3142,4.3158,311830,19.2
2010-09-16,4.2019,4.2918,4.2019,4.2484,329770,18.9
2010-09-17,4.157,4.2693,4.157,4.2259,467510,18.8
2010-09-20,4.2244,4.2468,4.2019,4.2035,382100,18.7
2010-09-21,4.2019,4.2019,4.157,4.181,306690,18.6
2010-09-22,4.1794,4.1794,4.157,4.181,187210,18.6
2010-09-23,4.1794,4.1794,4.1345,4.1585,184030,18.5
2010-09-24,4.1345,4.2244,4.1345,4.2259,169800,18.8
2010-09-27,4.2244,4.2244,4.1794,4.2259,156810,18.8
2010-09-28,4.2019,4.2693,4.2019,4.2709,210230,19
2010-09-29,4.2693,4.2918,4.2468,4.2709,154060,19
2010-09-30,4.2693,4.2918,4.2468,4.2484,303920,18.9
2010-10-01,4.2693,4.2693,4.2019,4.2035,154730,18.7
2010-10-04,4.2244,4.2244,4.1345,4.1585,236510,18.5
2010-10-05,4.0895,4.2019,4.0895,4.2035,158300,18.7
2010-10-06,4.2468,4.2693,4.1794,4.2035,134930,18.7
2010-10-07,4.1794,4.2468,4.1794,4.2035,105870,18.7
2010-10-08,4.2019,4.2244,4.1794,4.2035,156610,18.7
2010-10-11,4.2019,4.2244,4.2019,4.2259,115140,18.8
2010-10-12,4.2244,4.2244,4.2019,4.2035,124740,18.7
2010-10-13,4.2244,4.2244,4.2019,4.2259,153730,18.8
2010-10-14,4.2244,4.2693,4.2019,4.2709,109250,19
2010-10-15,4.2468,4.2693,4.2244,4.2709,67650,19
2010-10-18,4.2693,4.2918,4.2693,4.2709,147110,19
2010-10-19,4.2693,4.2918,4.2244,4.2484,225100,18.9
2010-10-20,4.2693,4.2693,4.2244,4.2709,173760,19
2010-10-21,4.2468,4.2918,4.2244,4.2709,172580,19
2010-10-22,4.2468,4.3142,4.2468,4.2934,221670,19.1
2010-10-25,4.3142,4.3142,4.2468,4.2934,65250,19.1
2010-10-26,4.2918,4.3142,4.2468,4.2934,107620,19.1
2010-10-27,4.2468,4.2918,4.2468,4.2934,59420,19.1
2010-10-28,4.2918,4.2918,4.2468,4.2709,58460,19
2010-10-29,4.2693,4.3142,4.2468,4.3158,165450,19.2
2010-11-01,4.3817,4.3817,4.2918,4.3158,43270,19.2
2010-11-02,4.2244,4.2918,4.2244,4.2934,44300,19.1
2010-11-03,4.2244,4.2918,4.2244,4.2934,89570,19.1
2010-11-04,4.3142,4.3367,4.2918,4.3383,206550,19.3
2010-11-05,4.3142,4.3817,4.3142,4.3608,120520,19.4
2010-11-08,4.4041,4.4041,4.3367,4.3383,61960,19.3
2010-11-09,4.2693,4.2918,4.2693,4.2934,83610,19.1
2010-11-10,4.2693,4.2918,4.2693,4.2709,51260,19
2010-11-11,4.2918,4.2918,4.2244,4.2934,288780,19.1
2010-11-12,4.2918,4.2918,4.2244,4.2709,257340,19
2010-11-15,4.2244,4.2693,4.2244,4.2484,437790,18.9
2010-11-16,4.0895,4.2244,4.0895,4.1135,379580,18.3
2010-11-17,4.0895,4.157,4.0446,4.1585,219710,18.5
2010-11-18,4.112,4.1794,4.112,4.136,82200,18.4
2010-11-19,4.1345,4.1345,4.112,4.136,77110,18.4
2010-11-22,4.157,4.157,4.0895,4.0911,82940,18.2
2010-11-23,4.0671,4.1794,4.0671,4.136,254720,18.4
2010-11-24,4.0895,4.1345,4.0671,4.1135,369250,18.3
2010-11-25,4.0895,4.157,4.0895,4.136,160540,18.4
2010-11-26,4.157,4.157,4.1345,4.136,47730,18.4
2010-11-29,4.112,4.1345,4.112,4.136,66290,18.4
2010-11-30,4.1345,4.2244,4.1345,4.181,206730,18.6
2010-12-01,4.2244,4.2244,4.157,4.1585,103770,18.5
2010-12-02,4.157,4.1794,4.1345,4.181,112870,18.6
2010-12-03,4.2244,4.3817,4.2019,4.3383,324140,19.3
2010-12-06,4.3592,4.3592,4.2693,4.2934,210310,19.1
2010-12-07,4.2468,4.2468,4.1794,4.181,137460,18.6
2010-12-08,4.157,4.2019,4.1345,4.136,131030,18.4
2010-12-09,4.0895,4.157,4.0895,4.1135,301470,18.3
2010-12-10,4.112,4.157,4.112,4.136,577590,18.4
2010-12-13,4.3367,4.3367,4.3367,4.3383,845980,19.3
2010-12-14,4.5389,4.5389,4.5165,4.5406,1134050,20.2
2010-12-15,4.7636,4.7636,4.7636,4.7654,467900,21.2
2010-12-16,4.9883,4.9883,4.8535,4.9902,2682740,22.2
2010-12-17,5.1681,5.2355,4.9434,5.2375,1922380,23.3
2010-12-20,5.2355,5.4827,5.2355,5.4173,1548680,24.1
2010-12-21,5.2805,5.5276,5.258,5.4398,914760,24.2
2010-12-22,5.3928,5.4602,5.2805,5.2824,994800,23.5
2010-12-23,5.2805,5.2805,5.1232,5.1475,672410,22.9
2010-12-24,5.1456,5.3254,5.1007,5.1251,643250,22.8
2010-12-27,5.1232,5.258,5.1232,5.2599,348570,23.4
2010-12-28,5.258,5.3479,5.2355,5.2599,489870,23.4
2010-12-29,5.258,5.2805,5.1681,5.17,389720,23
2010-12-30,5.1456,5.258,5.1456,5.17,338780,23
2010-12-31,5.2355,5.2355,5.1681,5.17,344420,23
2011-01-04,5.1681,5.2355,5.1681,5.215,127030,23.2
2011-01-05,5.2805,5.2805,5.1906,5.1925,158660,23.1
2011-01-06,5.1906,5.2355,5.1906,5.2375,151820,23.3
2011-01-07,5.258,5.2805,5.1906,5.215,393290,23.2
2011-01-10,5.1906,5.258,5.1681,5.1925,256630,23.1
2011-01-11,5.1456,5.1906,5.1007,5.1026,396810,22.7
2011-01-12,5.1681,5.1681,5.1007,5.1026,240270,22.7
2011-01-13,5.1681,5.2355,5.1456,5.215,185580,23.2
2011-01-14,5.4162,5.4162,5.1538,5.3219,281980,22.3
2011-01-17,5.3685,5.4162,5.2731,5.2741,232860,22.1
2011-01-18,5.2015,5.2731,5.2015,5.2264,117920,21.9
2011-01-19,5.2253,5.2969,5.2015,5.2026,195290,21.8
2011-01-20,5.2015,5.2492,5.1776,5.2503,192900,22
2011-01-21,5.2492,5.5117,5.2492,5.4889,1409540,23
2011-01-24,5.6787,5.7025,5.4639,5.5844,1478260,23.4
2011-01-25,5.6071,5.6071,5.3924,5.3935,233110,22.6
2011-01-26,5.4401,5.6071,5.4162,5.6083,469470,23.5
2011-01-27,5.5117,5.6787,5.4639,5.5844,865340,23.4
2011-01-28,5.6787,5.8218,5.6548,5.7992,1690480,24.3
2011-02-08,5.965,6.0843,5.8696,6.0856,1210110,25.5
2011-02-09,6.3706,6.3706,6.2036,6.3719,1881260,26.7
2011-02-10,6.2275,6.4422,6.1559,6.3242,943810,26.5
2011-02-11,6.3229,6.3229,6.0843,6.181,1230720,25.9
2011-02-14,6.1797,6.1797,5.9411,5.9424,870260,24.9
2011-02-15,5.8457,6.1559,5.8457,6.1571,462530,25.8
2011-02-16,6.0604,6.1797,5.965,5.9662,325170,25
2011-02-17,5.965,6.0604,5.8696,6.0617,557970,25.4
2011-02-18,6.0604,6.0843,5.9411,5.9424,546530,24.9
2011-02-21,5.7741,5.7741,5.6548,5.656,1108370,23.7
2011-02-22,5.4639,5.631,5.4639,5.6321,277300,23.6
2011-02-23,5.7264,5.798,5.631,5.7992,550520,24.3
2011-02-24,5.798,5.8696,5.5594,5.823,561740,24.4
2011-02-25,5.8696,6.0604,5.8218,6.0378,1045180,25.3
2011-02-28,6.0843,6.3229,6.0366,6.3242,2280700,26.5
2011-03-01,6.2036,6.2036,6.0604,6.0856,424300,25.5
2011-03-02,6.0366,6.0366,5.8218,5.9185,514310,24.8
2011-03-03,5.7503,5.9411,5.7503,5.823,273650,24.4
2011-03-04,5.8218,6.0127,5.8218,5.9901,452360,25.1
2011-03-07,6.0127,6.2275,6.0127,6.181,621490,25.9
2011-03-08,6.2036,6.2036,6.0127,6.014,670440,25.2
2011-03-09,6.0127,6.1797,5.8457,6.1571,641370,25.8
2011-03-10,6.1559,6.3468,6.1559,6.3242,2153520,26.5
2011-03-11,6.3229,6.5615,6.3229,6.4197,2201140,26.9
2011-03-14,6.4183,6.4899,6.3468,6.4674,2142030,27.1
2011-03-15,6.4183,6.5615,6.4183,6.5629,2368090,27.5
2011-03-16,6.6569,6.8717,6.6569,6.8731,2671060,28.8
2011-03-17,7.1819,7.2057,7.0626,7.2072,4292470,30.2
2011-03-18,7.5159,7.5636,7.2534,7.5652,4538720,31.7
2011-03-21,7.6113,7.8738,7.3489,7.5413,1614780,31.6
2011-03-22,7.3489,7.5875,7.325,7.3743,1969620,30.9
2011-03-23,7.2773,7.325,7.0148,7.0163,1419370,29.4
2011-03-24,6.9433,6.9671,6.6808,6.7299,1083040,28.2
2011-03-25,6.7285,6.9671,6.6808,6.8015,366950,28.5
2011-03-28,6.7047,7.0387,6.7047,7.0163,834290,29.4
2011-03-29,7.0387,7.158,6.8717,6.8731,561180,28.8
2011-03-30,6.7047,6.9194,6.6808,6.8254,377870,28.6
2011-03-31,6.9194,6.9194,6.7285,6.7299,433170,28.2
2011-04-01,6.7047,6.824,6.7047,6.706,650460,28.1
2011-04-04,6.6808,6.7524,6.6569,6.6822,578490,28
2011-04-05,6.6808,6.9433,6.6569,6.9447,503670,29.1
2011-04-06,6.9433,7.1819,6.9433,7.1595,883900,30
2011-04-07,7.1103,7.158,6.9194,6.9208,330950,29
2011-04-08,6.9194,7.0387,6.8478,6.9924,466940,29.3
2011-04-13,6.9671,7.0148,6.8717,6.897,236160,28.9
2011-04-14,6.8955,6.8955,6.7524,6.7538,284360,28.3
2011-04-15,6.824,6.824,6.7524,6.7538,232830,28.3
2011-04-18,6.824,6.824,6.7285,6.7538,456440,28.3
2011-04-19,6.7524,6.8717,6.7285,6.8492,230600,28.7
2011-04-20,6.8717,6.9194,6.8478,6.9208,306290,29
2011-04-21,6.9194,6.9194,6.8001,6.8015,150940,28.5
2011-04-22,6.8955,6.8955,6.5376,6.5629,410710,27.5
2011-04-25,6.6808,6.8001,6.6569,6.706,201340,28.1
2011-04-26,6.7047,6.7762,6.6808,6.7299,206000,28.2
2011-04-27,6.6808,6.8001,6.6808,6.8015,303910,28.5
2011-04-28,6.8001,6.8001,6.6808,6.6822,126260,28
2011-04-29,6.7524,6.8001,6.6808,6.8015,281890,28.5
2011-05-04,6.8001,6.8001,6.7285,6.7776,183930,28.4
2011-05-05,6.7762,6.7762,6.7285,6.7538,271880,28.3
2011-05-06,6.6808,6.7524,6.6808,6.7538,316840,28.3
2011-05-09,6.7524,6.7762,6.7047,6.7776,206700,28.4
2011-05-10,6.8001,6.8001,6.7762,6.8015,202490,28.5
2011-05-11,6.7524,6.9194,6.7047,6.9208,259640,29
2011-05-12,6.8478,6.9194,6.8478,6.8731,241180,28.8
2011-05-13,6.8717,6.8955,6.8001,6.8731,251090,28.8
2011-05-16,6.8955,7.2057,6.8955,7.0401,937120,29.5
2011-05-17,7.0626,7.2057,7.0148,7.1117,595190,29.8
2011-05-18,7.0626,7.0864,6.9194,7.0879,375770,29.7
2011-05-19,7.0626,7.0626,6.8001,6.8731,404730,28.8
2011-05-20,6.7524,6.7762,6.7047,6.706,438320,28.1
2011-05-23,6.5615,6.6331,6.3706,6.3719,827840,26.7
2011-05-24,6.0843,6.1082,6.0604,6.0856,654260,25.5
2011-05-25,5.798,5.8457,5.798,5.7992,877240,24.3
2011-05-26,5.5117,6.0843,5.5117,6.0856,412960,25.5
2011-05-27,6.1797,6.3706,6.132,6.3719,195610,26.7
2011-05-30,6.4422,6.4422,6.2513,6.2526,186080,26.2
2011-05-31,6.132,6.4183,5.965,6.4197,234950,26.9
2011-06-01,6.4183,6.7285,6.3945,6.7299,334960,28.2
2011-06-02,6.9194,7.0626,6.8478,7.064,1318300,29.6
2011-06-03,7.158,7.158,6.7285,6.7299,311510,28.2
2011-06-06,6.4661,6.7285,6.4661,6.5867,150390,27.6
2011-06-07,6.5854,6.8955,6.5854,6.8492,180530,28.7
2011-06-08,6.9194,6.9194,6.6569,6.6583,182890,27.9
2011-06-09,6.5615,6.7285,6.5615,6.6822,68670,28
2011-06-10,6.824,6.824,6.5854,6.6106,189140,27.7
2011-06-13,6.5615,6.6092,6.3468,6.4435,347020,27
2011-06-14,6.4422,6.7524,6.4422,6.4913,299740,27.2
2011-06-15,6.4899,6.6808,6.4183,6.6822,513450,28
2011-06-16,6.6808,6.9194,6.6808,6.9208,548420,29
2011-06-17,6.9194,6.9194,6.5854,6.5867,1001360,27.6
2011-06-20,6.3945,6.6808,6.3945,6.5629,122070,27.5
2011-06-21,6.5615,6.6808,6.5615,6.6583,88990,27.9
2011-06-22,6.6569,6.7047,6.6331,6.706,256640,28.1
2011-06-23,6.7047,6.7047,6.4422,6.5151,241270,27.3
2011-06-24,6.5138,6.6331,6.5138,6.6344,128780,27.8
2011-06-27,6.5138,6.6808,6.5138,6.6822,241990,28
2011-06-28,6.5138,6.6331,6.5138,6.5151,70740,27.3
2011-06-29,6.6092,6.6092,6.5138,6.539,146740,27.4
2011-06-30,6.5376,6.5376,6.4899,6.4913,98560,27.2
2011-07-01,6.4422,6.5138,6.3945,6.4435,202260,27
2011-07-04,6.3468,6.4899,6.3468,6.3719,79150,26.7
2011-07-05,6.3706,6.5376,6.3706,6.3958,50280,26.8
2011-07-06,6.3945,6.4661,6.3945,6.3958,32150,26.8
2011-07-07,6.3945,6.4183,6.3229,6.3958,18490,26.8
2011-07-08,6.3706,6.4183,6.3706,6.3958,175800,26.8
2011-07-11,6.3229,6.4183,6.3229,6.3958,53530,26.8
2011-07-12,6.3945,6.3945,6.3229,6.3242,22300,26.5
2011-07-13,6.3468,6.3706,6.299,6.3242,175250,26.5
2011-07-14,6.3229,6.4899,6.299,6.3958,65260,26.8
2011-07-15,6.4899,6.4899,6.1559,6.1571,303000,25.8
2011-07-18,6.0366,6.1082,6.0366,6.0617,207310,25.4
2011-07-19,6.0127,6.132,6.0127,6.0856,168150,25.5
2011-07-20,6.0843,6.3706,6.0843,6.3719,149110,26.7
2011-07-21,6.3229,6.4183,6.299,6.3242,70000,26.5
2011-07-22,6.3229,6.3229,6.1559,6.1571,169350,25.8
2011-07-25,6.0366,6.1559,6.0366,6.1094,71120,25.6
2011-07-26,6.2513,6.2513,6.132,6.1333,90630,25.7
2011-07-27,6.2036,6.3945,6.1797,6.3958,223290,26.8
2011-07-28,6.4183,6.4661,6.3468,6.3481,100870,26.6
2011-07-29,6.299,6.3706,6.1797,6.3719,170800,26.7
2011-08-01,6.3706,6.3706,6.2036,6.2287,186680,26.1
2011-08-02,6.2036,6.2752,6.1797,6.181,210920,25.9
2011-08-03,6.1559,6.1559,6.1082,6.1571,31520,25.8
2011-08-04,6.1559,6.4183,6.1559,6.1571,111900,25.8
2011-08-05,6.1559,6.299,6.1559,6.181,46180,25.9
2011-08-08,6.0843,6.1559,6.0843,6.0856,243770,25.5
2011-08-09,5.965,6.0366,5.8457,5.9662,205700,25
2011-08-10,6.1082,6.1559,5.965,5.9662,334640,25
2011-08-11,5.798,5.965,5.798,5.9185,104320,24.8
2011-08-12,6.0604,6.0604,5.965,6.0378,65680,25.3
2011-08-15,6.1082,6.1082,6.0366,6.0378,30970,25.3
2011-08-16,6.0366,6.0843,6.0366,6.0617,44990,25.4
2011-08-17,6.1082,6.1559,6.0604,6.1571,89490,25.8
2011-08-18,6.2513,6.4183,6.2513,6.4197,261970,26.9
2011-08-19,6.2275,6.4183,6.2036,6.2049,224210,26
2011-08-22,6.2036,6.2752,6.2036,6.2287,193700,26.1
2011-08-23,6.1797,6.2275,6.132,6.1571,107040,25.8
2011-08-24,6.1559,6.2036,5.9411,5.9424,251820,24.9
2011-08-25,6.0127,6.0843,6.0127,6.0617,113980,25.4
2011-08-26,6.0604,6.132,6.0127,6.0617,146750,25.4
2011-08-29,6.0604,6.1797,6.0366,6.181,224570,25.9
2011-08-30,6.2275,6.299,6.1797,6.181,263200,25.9
2011-08-31,6.1797,6.3468,6.1797,6.3481,719980,26.6
2011-09-01,6.4183,6.6569,6.3945,6.6583,1683540,27.9
2011-09-05,6.6808,6.7524,6.4661,6.5151,284410,27.3
2011-09-06,6.3229,6.4422,6.3229,6.3958,129750,26.8
2011-09-07,6.6092,6.6092,6.3945,6.4197,353810,26.9
2011-09-08,6.4661,6.6808,6.3945,6.4197,689710,26.9
2011-09-09,6.4183,6.4661,6.4183,6.4435,263080,27
2011-09-12,6.3468,6.4422,6.299,6.3003,210630,26.4
2011-09-13,6.299,6.3706,6.2513,6.2765,441860,26.3
2011-09-14,6.2036,6.2513,6.1082,6.1333,656080,25.7
2011-09-15,6.132,6.132,6.0366,6.0856,705990,25.5
2011-09-16,6.2036,6.2752,6.0366,6.0378,743610,25.3
2011-09-19,6.1797,6.3229,6.0604,6.3242,180020,26.5
2011-09-20,6.3229,6.3229,6.0843,6.1571,297570,25.8
2011-09-21,6.1559,6.2036,6.1082,6.1571,204020,25.8
2011-09-22,6.2036,6.2036,6.0843,6.181,492740,25.9
2011-09-23,6.1082,6.132,6.0604,6.0856,544950,25.5
2011-09-26,6.0843,6.1082,6.0604,6.0617,358950,25.4
2011-09-27,6.0604,6.1797,6.0366,6.1094,123450,25.6
2011-09-28,6.2275,6.2513,6.0604,6.0617,345530,25.4
2011-09-29,6.0604,6.0604,5.9889,6.014,177580,25.2
2011-09-30,6.0127,6.0843,6.0127,6.014,250870,25.2
2011-10-03,5.9889,6.0127,5.9411,5.9424,317030,24.9
2011-10-04,5.8457,5.9173,5.7741,5.7992,258450,24.3
2011-10-05,5.798,5.8696,5.631,5.6321,524710,23.6
2011-10-06,5.7503,5.8218,5.631,5.6798,586330,23.8
2011-10-07,5.7264,5.7503,5.631,5.6798,521840,23.8
2011-10-10,5.7741,5.7741,5.6787,5.7753,262370,24.2
2011-10-11,5.7503,5.7741,5.7025,5.7276,235600,24
2011-10-12,5.6787,5.6787,5.5594,5.5605,314470,23.3
2011-10-13,5.5594,5.5832,5.5355,5.5844,278030,23.4
2011-10-14,5.6071,5.6071,5.5117,5.5128,266040,23.1
2011-10-17,5.5117,5.5117,5.3924,5.3935,392620,22.6
2011-10-18,5.2731,5.4162,5.2492,5.3696,256850,22.5
2011-10-19,5.4162,5.4162,5.3208,5.3219,291970,22.3
2011-10-20,5.3446,5.3685,5.3208,5.3457,203940,22.4
2011-10-21,5.3446,5.6071,5.3446,5.6083,477940,23.5
2011-10-24,5.6071,5.631,5.4878,5.5367,194970,23.2
2011-10-25,5.5117,5.6071,5.4878,5.5128,266000,23.1
2011-10-26,5.5594,5.7264,5.5594,5.7276,277110,24
2011-10-27,5.798,5.9889,5.798,5.9901,388140,25.1
2011-10-28,6.0366,6.0366,5.8457,5.8946,120320,24.7
2011-10-31,5.8934,6.0127,5.7741,5.7753,128220,24.2
2011-11-01,5.7741,5.8218,5.7025,5.7514,126750,24.1
2011-11-02,5.7025,5.8457,5.6548,5.7514,244880,24.1
2011-11-03,5.7264,5.7503,5.6787,5.7037,112610,23.9
2011-11-04,5.7025,5.7264,5.6548,5.656,35370,23.7
2011-11-07,5.631,5.7264,5.5117,5.5128,111440,23.1
2011-11-08,5.4639,5.5117,5.4162,5.4651,281740,22.9
2011-11-09,5.4639,5.4639,5.4162,5.4651,311260,22.9
2011-11-10,5.3924,5.4401,5.3685,5.4173,91590,22.7
2011-11-11,5.4401,5.4878,5.4162,5.4173,210610,22.7
2011-11-14,5.4162,5.4162,5.2731,5.298,236000,22.2
2011-11-15,5.2969,5.4639,5.2969,5.3219,99550,22.3
2011-11-16,5.4162,5.4878,5.2969,5.3457,191030,22.4
2011-11-17,5.3924,5.4639,5.3685,5.3935,477870,22.6
2011-11-18,5.4162,5.4162,5.2969,5.3696,234340,22.5
2011-11-21,5.2731,5.3446,5.2731,5.3219,289180,22.3
2011-11-22,5.3208,5.3924,5.3208,5.3219,483510,22.3
2011-11-23,5.5594,5.5832,5.4878,5.5844,333130,23.4
2011-11-24,5.5832,5.6071,5.4162,5.4173,114180,22.7
2011-11-25,5.3924,5.4401,5.3685,5.3935,223120,22.6
2011-11-28,5.3924,5.4639,5.3446,5.3457,349390,22.4
2011-11-29,5.5472,5.5735,5.442,5.4687,122550,20.8
2011-11-30,5.3369,5.3632,5.2054,5.2057,331300,19.8
2011-12-01,5.074,5.1266,4.9688,5.0217,234470,19.1
2011-12-02,5.1266,5.1266,4.9951,5.048,204510,19.2
2011-12-05,5.0477,5.2317,5.0477,5.2057,207660,19.8
2011-12-06,5.3106,5.3632,5.2317,5.3109,337210,20.2
2011-12-07,5.258,5.258,5.1528,5.1532,164040,19.6
2011-12-08,5.074,5.1003,4.9688,4.9954,604470,19
2011-12-09,4.9951,5.0477,4.9688,4.9691,244220,18.9
2011-12-12,4.9425,4.9688,4.7322,4.7588,291080,18.1
2011-12-13,4.7059,4.7322,4.5219,4.5485,765880,17.3
2011-12-14,4.5482,4.5745,4.3379,4.417,754590,16.8
2011-12-15,4.4167,4.4167,4.2064,4.233,639760,16.1
2011-12-16,4.3641,4.443,4.3116,4.3907,794370,16.7
2011-12-19,4.5219,4.6008,4.4167,4.601,678020,17.5
2011-12-20,4.7059,4.7059,4.5482,4.5485,300270,17.3
2011-12-21,4.5745,4.5745,4.4693,4.4959,470090,17.1
2011-12-22,4.4693,4.4956,4.3116,4.3118,1029030,16.4
2011-12-23,4.3116,4.4167,4.2853,4.3644,381970,16.6
2011-12-26,4.4693,4.4693,4.3379,4.3907,200830,16.7
2011-12-27,4.3641,4.3904,4.3379,4.3644,532960,16.6
2011-12-28,4.443,4.5745,4.4167,4.5747,399920,17.4
2011-12-29,4.5219,4.6533,4.4956,4.5222,162450,17.2
2011-12-30,4.5745,4.7322,4.5745,4.6536,504850,17.7
2012-01-03,4.7322,4.7322,4.4693,4.4696,147320,17
2012-01-04,4.4956,4.6796,4.4693,4.6799,294380,17.8
2012-01-05,4.6008,4.6796,4.6008,4.6536,194610,17.7
2012-01-06,4.7059,4.7848,4.6533,4.7325,330690,18
2012-01-09,4.7322,4.8111,4.627,4.7588,109050,18.1
2012-01-10,4.7585,4.9688,4.7585,4.9165,287390,18.7
2012-01-11,5.0477,5.0477,4.9162,4.9165,114740,18.7
2012-01-12,4.9425,5.1528,4.9162,5.1532,743880,19.6
2012-01-13,5.3369,5.3895,5.2843,5.3898,534240,20.5
2012-01-16,5.5998,5.5998,5.3895,5.4161,233990,20.6
2012-01-17,5.5209,5.6786,5.5209,5.679,546790,21.6
2012-01-18,5.8101,5.8364,5.7049,5.7842,135260,22
2012-01-19,5.7838,6.073,5.7838,6.0734,329010,23.1
2012-01-20,6.2833,6.2833,5.7838,6.0471,391390,23
2012-01-30,6.1519,6.2307,5.9941,6.2311,206400,23.7
2012-01-31,6.2833,6.2833,6.0204,6.0471,276260,23
2012-02-01,5.9678,6.1256,5.8101,6.1259,314370,23.3
2012-02-02,6.257,6.4148,6.2044,6.4152,585640,24.4
2012-02-03,6.704,6.704,6.4148,6.4152,541300,24.4
2012-02-06,6.1519,6.4148,6.0993,6.0997,241780,23.2
2012-02-07,6.2307,6.3885,6.0467,6.3889,275360,24.3
2012-02-08,6.3885,6.5462,6.3096,6.5466,587450,24.9
2012-02-09,6.6251,6.6251,6.4411,6.5203,192800,24.8
2012-02-10,6.257,6.4411,6.257,6.31,401230,24
2012-02-13,6.3096,6.3096,5.9941,5.9945,517940,22.8
2012-02-14,5.9941,6.1782,5.9415,6.1785,451040,23.5
2012-02-15,6.1256,6.1256,6.0204,6.0208,219740,22.9
2012-02-16,6.0467,6.0993,5.9678,6.0471,316300,23
2012-02-17,6.0467,6.1519,6.0467,6.1522,207090,23.4
2012-02-20,6.3622,6.4411,6.3096,6.4414,1076470,24.5
2012-02-21,6.5725,6.5725,6.3622,6.4677,481440,24.6
2012-02-22,6.4673,6.6251,6.4673,6.5729,739030,25
2012-02-23,6.5725,6.6514,6.4936,6.6255,691220,25.2
2012-02-24,6.6777,6.6777,6.4936,6.494,518480,24.7
2012-02-27,6.5199,6.6777,6.4936,6.6255,700700,25.2
2012-02-28,6.6514,6.7828,6.5199,6.5992,834560,25.1
2012-02-29,6.5988,6.5988,6.3622,6.3626,1392490,24.2
2012-03-01,6.4411,6.6514,6.3622,6.6518,788430,25.3
2012-03-02,6.6777,6.888,6.6514,6.8884,1049070,26.2
2012-03-05,6.9669,7.2298,6.9669,7.2302,2629030,27.5
2012-03-06,7.5715,7.5715,6.9143,7.1513,1084870,27.2
2012-03-07,7.0983,7.1509,6.888,7.1513,938930,27.2
2012-03-08,6.9669,7.0457,6.8091,6.8095,1374000,25.9
2012-03-09,6.6514,6.9669,6.5725,6.7044,755350,25.5
2012-03-12,6.704,6.704,6.3885,6.3889,864880,24.3
2012-03-13,6.4411,6.5725,6.4148,6.494,447270,24.7
2012-03-14,6.6514,6.6514,6.3096,6.5729,703670,25
2012-03-15,6.4411,6.7828,6.4411,6.7832,686250,25.8
2012-03-16,6.7828,6.8354,6.4673,6.4677,2023710,24.6
2012-03-19,6.3885,6.6777,6.3885,6.5992,436650,25.1
2012-03-20,6.5988,6.7565,6.5988,6.7307,539210,25.6
2012-03-21,6.7828,6.9143,6.7565,6.7569,727310,25.7
2012-03-22,6.704,6.8617,6.704,6.7569,635250,25.7
2012-03-23,6.8354,6.9143,6.7828,6.8358,1275730,26
2012-03-26,7.1772,7.1772,7.1509,7.1776,3953870,27.3
2012-03-27,7.4401,7.4401,7.0983,7.1776,1253900,27.3
2012-03-28,7.1772,7.3349,7.1246,7.2565,640640,27.6
2012-03-29,7.3612,7.3612,7.0457,7.1513,869890,27.2
2012-03-30,7.4954,7.4954,7.3591,7.4963,1888480,22
2012-04-03,7.5976,7.7339,7.4954,7.7348,644120,22.7
2012-04-04,7.8361,7.8361,7.5635,7.5645,442910,22.2
2012-04-05,7.4954,7.5976,7.3932,7.4963,736690,22
2012-04-06,7.4954,7.5976,7.4613,7.4622,850080,21.9
2012-04-09,7.5976,7.5976,7.4954,7.5304,394750,22.1
2012-04-10,7.5295,7.5295,7.4613,7.4963,578750,22
2012-04-11,7.5295,7.5976,7.4613,7.5304,730470,22.1
2012-04-12,7.5635,7.8361,7.5295,7.803,1786450,22.9
2012-04-13,7.768,7.802,7.6317,7.6326,962420,22.4
2012-04-16,7.6658,7.8361,7.5976,7.7689,827910,22.8
2012-04-17,7.802,7.9042,7.6998,7.7689,1823830,22.8
2012-04-18,7.768,7.8361,7.6998,7.7008,974900,22.6
2012-04-19,7.768,7.768,7.5976,7.6326,707910,22.4
2012-04-20,7.768,7.768,7.6317,7.7008,437840,22.6
2012-04-23,7.7339,7.7339,7.6317,7.6326,289090,22.4
2012-04-24,7.6317,7.6317,7.5295,7.5645,612460,22.2
2012-04-25,7.6317,7.6658,7.5976,7.5985,440310,22.3
2012-04-26,7.5976,7.6317,7.4954,7.4963,534860,22
2012-04-27,7.4273,7.5635,7.4273,7.5304,701600,22.1
2012-05-02,7.5295,7.5295,7.4273,7.4963,538310,22
2012-05-03,7.4954,7.4954,7.3932,7.3941,290160,21.7
2012-05-04,7.4273,7.5635,7.3932,7.4622,708910,21.9
2012-05-07,7.4954,7.5635,7.4613,7.5304,575380,22.1
2012-05-08,7.4954,7.8702,7.4954,7.6667,1055940,22.5
2012-05-09,7.7339,7.7339,7.6317,7.6326,280840,22.4
2012-05-10,7.6317,7.8361,7.5635,7.6667,812360,22.5
2012-05-11,7.6998,7.8361,7.6317,7.6667,1286970,22.5
2012-05-14,7.768,8.0405,7.7339,7.9393,2665900,23.3
2012-05-15,7.9383,7.9724,7.5635,7.5645,878750,22.2
2012-05-16,7.5635,7.6658,7.4954,7.5645,585780,22.2
2012-05-17,7.5976,7.6658,7.4273,7.4963,795510,22
2012-05-18,7.3591,7.3932,7.1206,7.3259,1973860,21.5
2012-05-21,7.4273,7.5295,7.291,7.4963,754880,22
2012-05-22,7.4954,7.4954,7.2569,7.2919,315560,21.4
2012-05-23,7.1547,7.3932,7.0866,7.0874,823090,20.8
2012-05-24,6.9503,7.0866,6.8481,6.883,439160,20.2
2012-05-25,6.8821,7.2228,6.8821,7.2237,661680,21.2
2012-05-28,7.3591,7.3591,7.1206,7.1215,193680,20.9
2012-05-29,6.9844,7.0866,6.9503,6.9852,617310,20.5
2012-05-30,7.0184,7.1547,6.9844,7.0534,319040,20.7
2012-05-31,7.0184,7.1206,6.9162,6.9511,289030,20.4
2012-06-01,7.1547,7.1547,6.9503,6.9852,251160,20.5
2012-06-04,6.9503,6.9503,6.7459,6.7808,876750,19.9
2012-06-05,6.814,6.8821,6.7799,6.7808,452550,19.9
2012-06-06,6.814,6.9503,6.814,6.9511,178690,20.4
2012-06-07,7.0525,7.1547,6.9844,6.9852,548180,20.5
2012-06-08,7.1206,7.1547,6.9844,6.9852,449680,20.5
2012-06-11,7.0184,7.3251,6.9844,7.3259,1645920,21.5
2012-06-12,7.4613,7.4954,7.2569,7.36,395170,21.6
2012-06-13,7.3932,7.4273,7.2569,7.4282,546000,21.8
2012-06-14,7.4273,7.4273,7.3251,7.3259,459940,21.5
2012-06-15,7.3251,7.3932,7.2569,7.2578,860980,21.3
2012-06-18,7.291,7.3251,7.1547,7.2237,487750,21.2
2012-06-19,7.1888,7.2569,7.0866,7.0874,221170,20.8
2012-06-20,7.0866,7.1547,7.0866,7.0874,275890,20.8
2012-06-21,7.0866,7.1547,7.0866,7.1556,221100,21
2012-06-22,7.1547,7.1888,7.1206,7.1215,331940,20.9
2012-06-25,7.1547,7.1547,6.9844,6.9852,215760,20.5
2012-06-26,6.9162,6.9844,6.8821,6.883,456890,20.2
2012-06-27,6.8821,6.9844,6.8481,6.8489,379230,20.1
2012-06-28,6.8481,6.8821,6.814,6.8489,165970,20.1
2012-06-29,6.8481,6.9162,6.8481,6.8489,200100,20.1
2012-07-02,6.8481,6.8821,6.814,6.8148,181190,20
2012-07-03,6.814,6.8481,6.7459,6.7808,325610,19.9
2012-07-04,6.7799,6.8481,6.7799,6.7808,77410,19.9
2012-07-05,6.7799,6.814,6.7459,6.7808,84710,19.9
2012-07-06,6.7799,6.8481,6.7799,6.8148,123690,20
2012-07-09,6.814,6.8481,6.7799,6.8148,270750,20
2012-07-10,6.7459,6.814,6.7459,6.7467,563870,19.8
2012-07-11,6.7459,6.8481,6.7459,6.8489,779730,20.1
2012-07-12,6.8481,6.9162,6.814,6.9171,288260,20.3
2012-07-13,6.9162,7.0866,6.9162,7.0193,238200,20.6
2012-07-16,7.0525,7.2228,6.9844,7.2237,478410,21.2
2012-07-17,7.0866,7.2569,7.0525,7.2237,488080,21.2
2012-07-18,7.1547,7.3591,7.1547,7.3259,451600,21.5
2012-07-19,7.3591,7.3932,7.2569,7.3941,485870,21.7
2012-07-20,7.3932,7.4273,7.0866,7.0874,382370,20.8
2012-07-23,7.0525,7.1206,7.0184,7.0874,192080,20.8
2012-07-24,7.0866,7.0866,6.9844,6.9852,105640,20.5
2012-07-25,6.9162,7.0525,6.9162,6.9852,92390,20.5
2012-07-26,6.9844,7.0866,6.9844,7.0193,129260,20.6
2012-07-27,7.0184,7.0866,7.0184,7.0193,231050,20.6
2012-07-30,6.9844,7.0184,6.9844,7.0193,87680,20.6
2012-07-31,7.0184,7.1206,7.0184,7.0874,182030,20.8
2012-08-01,7.0866,7.0866,7.0184,7.0193,178350,20.6
2012-08-02,7.0525,7.1206,7.0525,7.0874,128670,20.8
2012-08-03,7.0525,7.1206,7.0525,7.0534,65970,20.7
2012-08-06,7.0184,7.0525,7.0184,7.0534,132500,20.7
2012-08-07,7.0525,7.1547,7.0525,7.0534,247070,20.7
2012-08-08,7.0866,7.1206,7.0866,7.0874,44380,20.8
2012-08-09,7.0866,7.2569,7.0866,7.2578,347470,21.3
2012-08-10,7.1206,7.2228,7.1206,7.2237,292450,21.2
2012-08-13,7.1888,7.2569,7.1888,7.2237,200830,21.2
2012-08-14,7.2228,7.2569,7.1888,7.1897,291990,21.1
2012-08-15,7.1888,7.2228,7.1547,7.2237,685800,21.2
2012-08-16,7.2228,7.291,7.2228,7.2578,398610,21.3
2012-08-17,7.291,7.3251,7.291,7.3259,431320,21.5
2012-08-20,7.291,7.3932,7.291,7.3941,368780,21.7
2012-08-21,7.3591,7.3591,7.0525,7.0534,634940,20.7
2012-08-22,6.8821,7.1547,6.8821,7.0534,631740,20.7
2012-08-23,6.9162,6.9503,6.7118,6.7126,605850,19.7
2012-08-24,6.4052,7.0184,6.4052,6.9852,525270,20.5
2012-08-27,6.9844,6.9844,6.6437,6.6445,593040,19.5
2012-08-28,6.4392,6.6437,6.4392,6.4741,247370,19
2012-08-29,6.5755,6.7118,6.5074,6.5082,276880,19.1
2012-08-30,6.4733,6.6437,6.4733,6.5763,165570,19.3
2012-08-31,6.5755,6.6437,6.5074,6.5082,430290,19.1
2012-09-04,6.5414,6.6777,6.5414,6.6104,48830,19.4
2012-09-05,6.7118,6.7118,6.5414,6.6445,322860,19.5
2012-09-06,6.5755,6.6437,6.5755,6.6445,124450,19.5
2012-09-07,6.6777,6.6777,6.6096,6.6445,158750,19.5
2012-09-10,6.6437,6.6437,6.337,6.3378,941750,18.6
2012-09-11,6.2348,6.4733,6.2348,6.4059,138760,18.8
2012-09-12,6.4733,6.5074,6.4052,6.4059,223650,18.8
2012-09-13,6.4052,6.4733,6.337,6.4059,221120,18.8
2012-09-14,6.5414,6.7118,6.5414,6.7126,750200,19.7
2012-09-17,6.7118,6.9162,6.6777,6.7467,383360,19.8
2012-09-18,6.7118,6.814,6.5074,6.5082,142980,19.1
2012-09-19,6.3711,6.4733,6.303,6.3378,488920,18.6
2012-09-20,6.2348,6.303,6.0645,6.0993,429580,17.9
2012-09-21,6.1326,6.303,6.1326,6.2356,866180,18.3
2012-09-24,6.1667,6.1667,6.0304,6.0993,137930,17.9
2012-09-25,6.0985,6.1667,6.0985,6.0993,119970,17.9
2012-09-26,6.1667,6.1667,6.0985,6.1674,334470,18.1
2012-09-27,6.1667,6.1667,6.0645,6.0652,237630,17.8
2012-09-28,6.0645,6.0645,5.9282,5.9971,259830,17.6
2012-10-01,5.9963,5.9963,5.7919,5.8267,112820,17.1
2012-10-02,5.826,5.8941,5.7238,5.7245,134500,16.8
2012-10-03,5.7238,5.7578,5.6897,5.7585,451160,16.9
2012-10-04,5.7578,5.7578,5.7238,5.7245,427630,16.8
2012-10-05,5.7238,5.7578,5.6897,5.7245,658440,16.8
2012-10-08,5.7919,5.826,5.7578,5.8267,570680,17.1
2012-10-09,5.826,5.826,5.7578,5.7926,430120,17
2012-10-10,5.7578,5.826,5.7578,5.7926,163970,17
2012-10-11,5.86,5.8941,5.7919,5.7926,424720,17
2012-10-12,5.7919,5.7919,5.7578,5.7926,107720,17
2012-10-15,5.7919,5.7919,5.7238,5.7585,222130,16.9
2012-10-16,5.7578,5.9623,5.7578,5.963,841970,17.5
2012-10-17,5.9623,5.9623,5.7578,5.7585,235120,16.9
2012-10-18,5.86,5.86,5.7578,5.8608,352120,17.2
2012-10-19,5.8941,5.8941,5.6897,5.7245,300960,16.8
2012-10-22,5.7238,5.8941,5.7238,5.8948,737460,17.3
2012-10-23,5.9623,5.9623,5.8941,5.8948,260140,17.3
2012-10-24,5.9282,5.9623,5.86,5.8948,190790,17.3
2012-10-25,5.86,5.86,5.7919,5.8608,83370,17.2
2012-10-26,5.86,5.86,5.826,5.8267,155100,17.1
2012-10-29,5.826,5.86,5.7919,5.8267,71810,17.1
2012-10-30,5.826,5.826,5.7919,5.7926,76040,17
2012-10-31,5.7919,5.826,5.7578,5.8267,131060,17.1
2012-11-01,5.86,5.86,5.7919,5.8267,167150,17.1
2012-11-02,5.5534,5.7578,5.5534,5.7245,479030,16.8
2012-11-05,5.7238,5.86,5.6897,5.8267,291310,17.1
2012-11-06,5.7919,5.826,5.7238,5.7585,61920,16.9
2012-11-07,5.7578,6.0304,5.7578,6.0311,847790,17.7
2012-11-08,6.0304,6.2689,5.9623,6.2696,605310,18.4
2012-11-09,6.1667,6.4733,6.0645,6.4741,703630,19
2012-11-12,6.4733,6.5414,6.4052,6.4741,518430,19
2012-11-13,6.4733,6.4733,6.2348,6.2356,142040,18.3
2012-11-14,6.2348,6.4733,6.2007,6.4741,743050,19
2012-11-15,6.5414,6.6096,6.4052,6.5422,568110,19.2
2012-11-16,6.337,6.4733,6.337,6.44,57540,18.9
2012-11-19,6.4392,6.4392,6.303,6.3037,107960,18.5
2012-11-20,6.2007,6.4052,6.2007,6.3378,40960,18.6
2012-11-21,6.337,6.5074,6.337,6.44,356010,18.9
2012-11-22,6.3711,6.4392,6.3711,6.44,57350,18.9
2012-11-23,6.4052,6.4733,6.3711,6.4059,262050,18.8
2012-11-26,6.4052,6.4052,6.2007,6.2356,68210,18.3
2012-11-27,6.2348,6.2348,6.2007,6.2356,118230,18.3
2012-11-28,6.2348,6.2689,6.2007,6.2356,59850,18.3
2012-11-29,6.2348,6.303,6.2007,6.2696,68770,18.4
2012-11-30,6.2689,6.303,6.2689,6.2696,146080,18.4
2012-12-03,6.2007,6.5414,6.2007,6.5422,217180,19.2
2012-12-04,6.4733,6.4733,6.3711,6.44,129250,18.9
2012-12-05,6.4733,6.5755,6.4392,6.4741,243500,19
2012-12-06,6.5414,6.5414,6.4733,6.5082,256780,19.1
2012-12-07,6.5414,6.7118,6.5414,6.6104,639750,19.4
2012-12-10,6.7118,6.7118,6.6096,6.6445,303170,19.5
2012-12-11,6.6096,6.7459,6.5755,6.7467,568110,19.8
2012-12-12,6.7459,6.814,6.7118,6.7808,311000,19.9
2012-12-13,6.814,6.9162,6.7459,6.9171,536730,20.3
2012-12-14,7.0184,7.1206,6.9503,6.9511,210880,20.4
2012-12-17,6.6096,6.6096,6.6096,6.6104,316550,19.4
2012-12-18,6.303,6.303,6.303,6.3037,133350,18.5
2012-12-19,5.9963,6.303,5.9963,6.0311,7534040,17.7
2012-12-20,6.1326,6.303,6.1326,6.3037,2640050,18.5
2012-12-21,6.6096,6.6096,6.303,6.6104,6004380,19.4
2012-12-24,6.4392,6.5755,6.4052,6.44,2016560,18.9
2012-12-25,6.4733,6.7459,6.4733,6.6785,2648700,19.6
2012-12-26,6.6437,6.9844,6.6437,6.9171,3165690,20.3
2012-12-27,7.0525,7.1206,6.9162,6.9171,2588200,20.3
2012-12-28,7.0184,7.0866,6.8481,7.0534,1621810,20.7
2013-01-02,7.0866,7.1888,6.9503,7.1897,885890,21.1
2013-01-03,7.1547,7.1547,6.9844,7.1215,935770,20.9
2013-01-04,7.0866,7.2569,7.0184,7.1556,627400,21
2013-01-07,7.3251,7.3251,7.1206,7.1897,1796680,21.1
2013-01-08,7.1547,7.2569,7.1206,7.2578,756690,21.3
2013-01-09,7.4954,7.4954,7.2228,7.4963,1476400,22
2013-01-10,7.3251,7.768,7.3251,7.7689,1530930,22.8
2013-01-11,7.8361,7.9042,7.5976,7.5985,870080,22.3
2013-01-14,7.4613,7.5635,7.3932,7.5304,384230,22.1
2013-01-15,7.5635,7.6317,7.3932,7.6326,473080,22.4
2013-01-16,7.6658,7.8361,7.6317,7.6667,323980,22.5
2013-01-17,7.7339,7.7339,7.5295,7.5645,205190,22.2
2013-01-18,7.5635,7.5635,7.4273,7.4622,400750,21.9
2013-01-21,7.4613,7.4613,7.291,7.2919,257050,21.4
2013-01-22,7.2569,7.3251,7.1547,7.1556,290790,21
2013-01-23,7.2569,7.3251,7.0866,7.1215,307960,20.9
2013-01-24,7.1547,7.291,7.0866,7.2237,187140,21.2
2013-01-25,7.3251,7.6998,7.3251,7.7008,1073500,22.6
2013-01-28,7.9042,7.9383,7.768,7.803,796030,22.9
2013-01-29,7.5976,8.0065,7.5976,8.0074,954260,23.5
2013-01-30,8.0065,8.0405,7.9383,7.9734,1153000,23.4
2013-01-31,7.9383,7.9383,7.802,7.8371,974180,23
2013-02-01,7.802,7.9724,7.6998,7.9734,677210,23.4
2013-02-04,8.0065,8.0065,7.8361,7.8371,252500,23
2013-02-05,7.8361,7.8361,7.6998,7.7689,228640,22.8
2013-02-06,7.9042,7.9724,7.9042,7.9734,788620,23.4
2013-02-07,7.9383,8.0065,7.9383,7.9734,261460,23.4
2013-02-08,8.0065,8.0746,8.0065,8.0756,423540,23.7
2013-02-18,8.0746,8.1427,8.0065,8.0074,285890,23.5
2013-02-19,7.9383,7.9724,7.768,7.9052,1032760,23.2
2013-02-20,7.9042,7.9042,7.7339,7.9052,796150,23.2
2013-02-21,7.802,7.9383,7.7339,7.7348,250660,22.7
2013-02-22,7.7339,7.802,7.6317,7.6326,552820,22.4
2013-02-25,7.6658,7.6998,7.3932,7.4963,609200,22
2013-02-26,7.4954,7.4954,6.9844,6.9852,1472580,20.5
2013-02-27,7.0866,7.291,7.0184,7.1897,790150,21.1
2013-02-28,7.1888,7.2228,6.814,6.8148,2846940,20
2013-03-01,6.8821,7.0525,6.8821,6.9171,1126250,20.3
2013-03-04,6.814,6.814,6.5414,6.5422,1034400,19.2
2013-03-05,6.5414,6.5414,6.2689,6.3378,1249550,18.6
2013-03-06,6.4392,6.4733,6.3711,6.4059,898730,18.8
2013-03-07,6.3711,6.6437,6.337,6.44,1253400,18.9
2013-03-08,6.4733,6.6437,6.4733,6.6104,1051530,19.4
2013-03-11,6.6777,6.8821,6.6437,6.7467,972860,19.8
2013-03-12,6.7459,6.7459,6.5755,6.6785,788400,19.6
2013-03-13,6.6777,6.814,6.6096,6.6445,1442410,19.5
2013-03-14,6.6437,6.6437,6.4052,6.4741,5217320,19
2013-03-15,6.5414,6.6777,6.4733,6.4741,17309950,19
2013-03-18,6.6437,6.814,6.6437,6.7808,1244790,19.9
2013-03-19,6.6777,6.6777,6.6096,6.6104,1304850,19.4
2013-03-20,6.5755,6.6437,6.5074,6.6104,3396540,19.4
2013-03-21,6.6437,6.6777,6.5414,6.5422,2565290,19.2
2013-03-22,6.5755,6.6096,6.4052,6.4741,2934160,19
2013-03-25,6.4392,6.5074,6.4052,6.4741,1560180,19
2013-03-26,6.5414,6.6096,6.5074,6.5082,1531810,19.1
2013-03-27,6.5074,6.5074,6.4392,6.4741,887760,19
2013-03-28,6.4392,6.4733,6.3711,6.4059,2356650,18.8
2013-03-29,6.337,6.4392,6.2689,6.4059,1574920,18.8
2013-04-01,6.4052,6.5074,6.337,6.5082,1465880,19.1
2013-04-02,6.5755,6.9503,6.5414,6.8148,7467840,20
2013-04-03,6.8481,6.9844,6.6777,6.7467,2332800,19.8
2013-04-04,6.7459,6.9162,6.7118,6.8148,2442380,20
2013-04-05,6.814,6.814,6.7118,6.7808,1293510,19.9
2013-04-08,6.814,6.8821,6.7459,6.7808,1314000,19.9
2013-04-09,6.7799,6.7799,6.7118,6.7126,1196470,19.7
2013-04-10,6.7118,6.814,6.6096,6.6104,1537340,19.4
2013-04-11,6.6437,6.6437,6.5414,6.5763,1246210,19.3
2013-04-12,6.5755,6.7118,6.4733,6.5422,1074450,19.2
2013-04-15,6.5755,6.5755,6.337,6.3378,2221500,18.6
2013-04-16,6.303,6.3711,6.2007,6.3378,1465120,18.6
2013-04-17,6.3711,6.4052,6.337,6.3719,1117050,18.7
2013-04-18,6.303,6.337,6.2348,6.2696,1372850,18.4
2013-04-22,6.2689,6.303,6.1667,6.1674,1511270,18.1
2013-04-23,6.2007,6.303,6.2007,6.2356,607130,18.3
2013-04-24,6.2348,6.303,6.2007,6.2015,680410,18.2
2013-04-25,6.2689,6.2689,6.2007,6.2356,386680,18.3
2013-04-26,6.2689,6.303,6.2348,6.2696,404400,18.4
2013-05-02,6.2348,6.303,6.2348,6.2356,371770,18.3
2013-05-03,6.2689,6.3711,6.2689,6.3719,1120000,18.7
2013-05-06,6.4392,6.5074,6.4052,6.4741,671320,19
2013-05-07,6.4733,6.5074,6.3711,6.4059,679310,18.8
2013-05-08,6.4052,6.4052,6.2689,6.2696,449640,18.4
2013-05-09,6.337,6.3711,6.303,6.3037,473710,18.5
2013-05-10,6.337,6.337,6.303,6.3037,520240,18.5
2013-05-13,6.3711,6.3711,6.303,6.3037,249070,18.5
2013-05-14,6.303,6.337,6.2348,6.3378,436380,18.6
2013-05-15,6.337,6.3711,6.303,6.3719,357570,18.7
2013-05-16,6.337,6.4733,6.337,6.3719,884210,18.7
2013-05-17,6.4052,6.4392,6.3711,6.4059,408850,18.8
2013-05-20,6.4052,6.4392,6.3711,6.4059,510370,18.8
2013-05-21,6.4392,6.5074,6.4052,6.44,1104670,18.9
2013-05-22,6.5074,6.5414,6.4052,6.4059,900730,18.8
2013-05-23,6.4052,6.4052,6.303,6.3037,708390,18.5
2013-05-24,6.303,6.3711,6.2689,6.3378,557530,18.6
2013-05-27,6.3711,6.4052,6.303,6.3378,913120,18.6
2013-05-28,6.3711,6.4052,6.303,6.3378,708060,18.6
2013-05-29,6.3711,6.4052,6.303,6.3378,1172200,18.6
2013-05-30,6.303,6.337,6.303,6.3378,436920,18.6
2013-05-31,6.4052,6.5414,6.4052,6.4059,2503790,18.8
2013-06-03,6.4392,6.5074,6.3711,6.4059,1071360,18.8
2013-06-04,6.4052,6.4392,6.337,6.3378,949760,18.6
2013-06-05,6.337,6.337,6.2348,6.3037,1121260,18.5
2013-06-06,6.4052,6.7118,6.3711,6.7126,4857410,19.7
2013-06-07,6.9503,7.1547,6.8481,7.1215,4224740,20.9
2013-06-10,7.1547,7.1547,6.814,6.8148,1680130,20
2013-06-11,6.7799,6.7799,6.6437,6.6445,1852170,19.5
2013-06-12,6.5755,6.7459,6.5755,6.6445,920610,19.5
2013-06-13,6.6437,6.6777,6.5414,6.5763,883280,19.3
2013-06-14,6.6437,6.6777,6.5414,6.5763,1194500,19.3
2013-06-17,6.5755,6.5755,6.4392,6.44,1217160,18.9
2013-06-18,6.4052,6.4733,6.3711,6.44,616920,18.9
2013-06-19,6.4733,6.7459,6.4733,6.6785,1449960,19.6
2013-06-20,6.6437,6.7118,6.5755,6.6104,1246830,19.4
2013-06-21,6.5755,6.6437,6.5414,6.6445,831160,19.5
2013-06-24,6.6777,6.814,6.6096,6.6785,1769760,19.6
2013-06-25,6.6777,6.6777,6.4052,6.5082,2185700,19.1
2013-06-26,6.5074,6.7799,6.5074,6.6785,2026210,19.6
2013-06-27,6.7799,6.9503,6.7118,6.8489,3602320,20.1
2013-06-28,6.8481,6.9503,6.7799,6.8148,3422360,20
2013-07-01,6.814,6.814,6.6437,6.6445,265280,19.5
2013-07-02,6.6437,6.7118,6.6437,6.6445,385640,19.5
2013-07-03,6.7118,6.7459,6.6777,6.6785,169360,19.6
2013-07-04,6.7459,6.7459,6.6437,6.6445,264250,19.5
2013-07-05,6.6777,6.7118,6.6437,6.6445,290270,19.5
2013-07-08,6.6777,6.7118,6.6437,6.6785,197290,19.6
2013-07-09,6.7118,6.7459,6.6437,6.7126,203500,19.7
2013-07-10,6.7118,6.7459,6.6777,6.6785,123670,19.6
2013-07-11,6.6777,6.6777,6.6437,6.6445,95050,19.5
2013-07-12,6.6777,6.7459,6.6777,6.7467,165520,19.8
2013-07-15,6.8481,6.9503,6.814,6.8148,578440,20
2013-07-16,6.8821,6.8821,6.7799,6.7808,345610,19.9
2013-07-17,6.814,6.814,6.7459,6.8148,218120,20
2013-07-18,6.814,6.814,6.7118,6.7126,345750,19.7
2013-07-19,6.8481,6.8481,6.7118,6.7467,327670,19.8
2013-07-22,6.7799,6.814,6.6777,6.6785,169320,19.6
2013-07-23,6.6777,6.7799,6.6777,6.7808,394020,19.9
2013-07-24,6.7799,6.7799,6.6437,6.6445,498330,19.5
2013-07-25,6.6777,6.7118,6.6437,6.6445,241440,19.5
2013-07-26,6.6777,6.6777,6.5755,6.6445,279050,19.5
2013-07-29,6.6437,6.6437,6.5414,6.5422,323740,19.2
2013-07-30,6.5414,6.6096,6.5414,6.5763,202530,19.3
2013-07-31,6.5755,6.5755,6.5414,6.5422,158790,19.2
2013-08-01,6.5074,6.6096,6.5074,6.5763,50980,19.3
2013-08-02,6.5755,6.6437,6.5755,6.5763,60970,19.3
2013-08-05,6.5755,6.5755,6.5414,6.5422,135220,19.2
2013-08-06,6.5414,6.5414,6.5074,6.5422,207710,19.2
2013-08-07,6.5414,6.5414,6.5074,6.5082,135890,19.1
2013-08-08,6.5414,6.5414,6.5074,6.5082,219910,19.1
2013-08-09,6.5414,6.5414,6.4733,6.5082,114210,19.1
2013-08-12,6.5414,6.5414,6.4733,6.4741,217870,19
2013-08-13,6.4733,6.5074,6.4733,6.4741,596500,19
2013-08-14,6.4733,6.5074,6.4733,6.5082,389760,19.1
2013-08-15,6.6096,6.6777,6.5755,6.6104,577360,19.4
2013-08-16,6.6437,6.6437,6.5755,6.6104,358260,19.4
2013-08-19,6.6437,6.6777,6.6096,6.6445,265510,19.5
2013-08-20,6.6437,6.6437,6.5755,6.5763,396750,19.3
2013-08-21,6.5755,6.5755,6.5414,6.5422,276770,19.2
2013-08-22,6.5414,6.5755,6.4733,6.4741,382960,19
2013-08-23,6.5414,6.5414,6.4392,6.4741,691490,19
2013-08-26,6.5074,6.5074,6.4052,6.44,428470,18.9
2013-08-27,6.4733,6.5755,6.4392,6.5422,396000,19.2
2013-08-28,6.5414,6.5414,6.3711,6.44,636480,18.9
2013-08-29,6.6777,6.7459,6.5755,6.6104,1829100,19.4
2013-08-30,6.6437,6.6437,6.5414,6.6445,864080,19.5
2013-09-03,6.6777,6.7118,6.5755,6.5763,692370,19.3
2013-09-04,6.5414,6.6437,6.5414,6.6104,515960,19.4
2013-09-05,6.6096,6.6777,6.6096,6.6445,585110,19.5
2013-09-06,6.3846,6.3846,6.199,6.1994,1151800,16.7
2013-09-09,6.2362,6.2733,6.1248,6.1251,435470,16.5
2013-09-10,6.1619,6.2362,6.1248,6.1622,364320,16.6
2013-09-11,6.199,6.2362,6.1248,6.1251,389180,16.5
2013-09-12,6.1248,6.1619,6.0877,6.088,456860,16.4
2013-09-13,6.0877,6.1248,6.0506,6.0509,475590,16.3
2013-09-16,6.0877,6.0877,5.9763,5.9766,353770,16.1
2013-09-17,5.9763,5.9763,5.9021,5.9395,450970,16
2013-09-18,5.9021,5.9392,5.7907,5.8281,702540,15.7
2013-09-19,5.865,5.9763,5.865,5.9395,286620,16
2013-09-20,5.9763,6.0134,5.9392,5.9395,306090,16
2013-09-23,5.9392,5.9763,5.9021,5.9766,278410,16.1
2013-09-24,5.9763,6.0506,5.9392,5.9766,380100,16.1
2013-09-25,6.0134,6.0877,5.9763,6.088,422120,16.4
2013-09-26,6.0877,6.0877,6.0134,6.088,147890,16.4
2013-09-27,6.0877,6.0877,6.0134,6.0137,230060,16.2
2013-09-30,6.0506,6.2733,6.0506,6.1622,814480,16.6
2013-10-01,6.199,6.3846,6.199,6.3107,1603090,17
2013-10-02,6.3104,6.3475,6.2733,6.3107,479020,17
2013-10-03,6.3104,6.3104,6.2362,6.3107,589400,17
2013-10-04,6.2733,6.3104,6.2362,6.2736,501140,16.9
2013-10-07,6.3104,6.5331,6.2733,6.5335,1211440,17.6
2013-10-08,6.5331,6.6445,6.496,6.5706,1218540,17.7
2013-10-09,6.5331,6.5702,6.4589,6.4592,584850,17.4
2013-10-10,6.4218,6.496,6.4218,6.4592,573940,17.4
2013-10-11,6.4589,6.496,6.4218,6.4221,524950,17.3
2013-10-14,6.4218,6.4589,6.3846,6.4221,313530,17.3
2013-10-15,6.4218,6.4589,6.3846,6.4221,546740,17.3
2013-10-16,6.3846,6.6074,6.3846,6.5335,1610260,17.6
2013-10-17,6.6074,6.6445,6.5331,6.5706,1146020,17.7
2013-10-18,6.5702,6.5702,6.5331,6.5706,261130,17.7
2013-10-21,6.5702,6.6074,6.5331,6.5706,930340,17.7
2013-10-22,6.5702,6.5702,6.4589,6.4592,270550,17.4
2013-10-23,6.4589,6.496,6.4589,6.4592,267190,17.4
2013-10-24,6.4589,6.5702,6.4218,6.4963,665300,17.5
2013-10-25,6.4589,6.5331,6.4218,6.4963,395240,17.5
2013-10-28,6.496,6.496,6.4218,6.4221,231680,17.3
2013-10-29,6.4218,6.4589,6.4218,6.4592,287200,17.4
2013-10-30,6.4589,6.6074,6.4589,6.5706,1079510,17.7
2013-10-31,6.5702,6.5702,6.4589,6.4592,209580,17.4
2013-11-01,6.5331,6.5331,6.4589,6.4963,244880,17.5
2013-11-04,6.496,6.496,6.4218,6.4592,432580,17.4
2013-11-05,6.4589,6.4589,6.3846,6.4221,277730,17.3
2013-11-06,6.4218,6.4589,6.3846,6.4221,412070,17.3
2013-11-07,6.4218,6.4589,6.3846,6.4221,322950,17.3
2013-11-08,6.4218,6.4218,6.3475,6.4221,368550,17.3
2013-11-11,6.3475,6.4218,6.3475,6.4221,698170,17.3
2013-11-12,6.3846,6.4218,6.3475,6.385,495820,17.2
2013-11-13,6.3846,6.3846,6.3475,6.3478,328310,17.1
2013-11-14,6.3475,6.3846,6.3104,6.3478,240560,17.1
2013-11-15,6.3475,6.4218,6.3475,6.385,428120,17.2
2013-11-18,6.3475,6.4218,6.3475,6.385,373520,17.2
2013-11-19,6.4218,6.4218,6.3846,6.385,313400,17.2
2013-11-20,6.3846,6.3846,6.3104,6.3478,385430,17.1
2013-11-21,6.3475,6.4218,6.3475,6.3478,987420,17.1
2013-11-22,6.3846,6.3846,6.3475,6.3478,302800,17.1
2013-11-25,6.3846,6.3846,6.3475,6.3478,225870,17.1
2013-11-26,6.3846,6.3846,6.3104,6.385,1100920,17.2
2013-11-27,6.3846,6.4218,6.3475,6.385,579030,17.2
2013-11-28,6.3846,6.4589,6.3475,6.385,471800,17.2
2013-11-29,6.4218,6.4218,6.3846,6.385,373380,17.2
2013-12-02,6.3846,6.4218,6.3846,6.4221,251300,17.3
2013-12-03,6.4218,6.4218,6.3104,6.3478,909460,17.1
2013-12-04,6.3475,6.3846,6.3475,6.385,776500,17.2
2013-12-05,6.3846,6.3846,6.3104,6.3478,575030,17.1
2013-12-06,6.3475,6.3846,6.3104,6.385,1092140,17.2
2013-12-09,6.3846,6.3846,6.3475,6.3478,272670,17.1
2013-12-10,6.3475,6.3475,6.3104,6.3478,332260,17.1
2013-12-11,6.3475,6.3475,6.2733,6.2736,596550,16.9
2013-12-12,6.2362,6.2733,6.2362,6.2736,466380,16.9
2013-12-13,6.3104,6.3104,6.2362,6.2736,332290,16.9
2013-12-16,6.2733,6.3104,6.2362,6.2736,191020,16.9
2013-12-17,6.2733,6.2733,6.1619,6.2365,894590,16.8
2013-12-18,6.199,6.2362,6.1619,6.1994,358020,16.7
2013-12-19,6.199,6.2733,6.1619,6.1994,572270,16.7
2013-12-20,6.199,6.2362,6.1619,6.1994,260420,16.7
2013-12-23,6.199,6.2362,6.199,6.1994,173680,16.7
2013-12-24,6.199,6.199,6.1248,6.1622,768970,16.6
2013-12-25,6.1248,6.1619,6.0877,6.1251,212740,16.5
2013-12-26,6.1248,6.1619,6.0877,6.1251,267420,16.5
2013-12-27,6.1248,6.1248,6.0506,6.0509,334940,16.3
2013-12-30,6.0506,6.0506,5.9392,5.9395,695450,16
2013-12-31,5.9021,6.0506,5.9021,6.0137,375050,16.2
2014-01-02,6.1248,6.1248,6.0506,6.088,156420,16.4
2014-01-03,6.0877,6.0877,5.9763,6.0509,405640,16.3
2014-01-06,6.0877,6.0877,6.0134,6.0137,323570,16.2
2014-01-07,6.1619,6.2733,6.1248,6.1251,1544480,16.5
2014-01-08,6.1619,6.1619,6.0506,6.088,861290,16.4
2014-01-09,6.0506,6.0877,6.0506,6.0509,639000,16.3
2014-01-10,6.0134,6.0877,6.0134,6.0137,1561860,16.2
2014-01-13,6.0134,6.0506,5.9763,6.0137,945410,16.2
2014-01-14,6.0134,6.0506,5.9763,6.0137,555810,16.2
2014-01-15,6.0134,6.0134,5.9763,6.0137,777170,16.2
2014-01-16,5.9763,6.0134,5.9392,5.9395,862350,16
2014-01-17,6.0134,6.1619,5.9392,6.0509,2208550,16.3
2014-01-20,6.0506,6.1248,6.0506,6.0509,680960,16.3
2014-01-21,6.1248,6.1248,6.0506,6.1251,439370,16.5
2014-01-22,6.1248,6.199,6.0506,6.1994,1524570,16.7
2014-01-23,6.199,6.4589,6.1619,6.3478,1869230,17.1
2014-01-24,6.4218,6.4218,6.2362,6.2736,979250,16.9
2014-01-27,6.2733,6.3475,6.2362,6.2736,421920,16.9
2014-02-06,6.2362,6.2733,6.1619,6.2365,740790,16.8
2014-02-07,6.199,6.2733,6.1619,6.1994,573240,16.7
2014-02-10,6.1619,6.2362,6.1248,6.1622,1136920,16.6
2014-02-11,6.199,6.2733,6.1248,6.1622,1443630,16.6
2014-02-12,6.199,6.2362,6.1619,6.1994,882890,16.7
2014-02-13,6.2362,6.2733,6.199,6.2736,1328140,16.9
2014-02-14,6.2733,6.3475,6.2362,6.2736,1317080,16.9
2014-02-17,6.2733,6.2733,6.199,6.2365,814840,16.8
2014-02-18,6.2362,6.2733,6.1619,6.2365,1753240,16.8
2014-02-19,6.2362,6.2733,6.1619,6.1994,1594050,16.7
2014-02-20,6.199,6.4589,6.199,6.2736,2711220,16.9
2014-02-21,6.2733,6.2733,6.1619,6.2365,526060,16.8
2014-02-24,6.2733,6.3104,6.199,6.2365,531630,16.8
2014-02-25,6.2362,6.2733,6.1619,6.1994,1149450,16.7
2014-02-26,6.2733,6.3846,6.2362,6.3107,2460830,17
2014-02-27,6.3475,6.6074,6.3104,6.4221,5154590,17.3
2014-02-28,6.4218,6.5331,6.4218,6.5335,2137060,17.6
2014-03-03,6.496,6.496,6.3104,6.3478,1523820,17.1
2014-03-04,6.3104,6.3475,6.199,6.2736,1303770,16.9
2014-03-05,6.3104,6.3475,6.2362,6.2736,709390,16.9
2014-03-06,6.2733,6.3104,6.2362,6.2736,1282230,16.9
2014-03-07,6.2733,6.3475,6.2362,6.3107,1247120,17
2014-03-10,6.3475,6.3475,6.3104,6.3107,1135680,17
2014-03-11,6.3475,6.3475,6.2733,6.3107,1241880,17
2014-03-12,6.3104,6.3104,6.2362,6.2365,1042030,16.8
2014-03-13,6.2362,6.2733,6.199,6.2365,806990,16.8
2014-03-14,6.2362,6.3104,6.2362,6.2365,919120,16.8
2014-03-17,6.2733,6.3104,6.2362,6.2736,1207050,16.9
2014-03-18,6.2733,6.3104,6.2362,6.2365,1222190,16.8
2014-03-19,6.2733,6.4218,6.2733,6.385,1601500,17.2
2014-03-20,6.4218,6.4589,6.3104,6.3478,1122840,17.1
2014-03-21,6.3846,6.4589,6.3846,6.4221,1469890,17.3
2014-03-24,6.4589,6.5702,6.4589,6.5706,2435290,17.7
2014-03-25,6.5702,6.6074,6.496,6.5335,2245650,17.6
2014-03-26,6.496,6.5331,6.3475,6.3478,1870400,17.1
2014-03-27,6.3475,6.3475,6.2362,6.3107,1340050,17
2014-03-28,6.3475,6.3846,6.2733,6.3478,796870,17.1
2014-03-31,6.3475,6.3475,6.2362,6.2736,717040,16.9
2014-04-01,6.2733,6.2733,6.1619,6.1622,767310,16.6
2014-04-02,6.199,6.2362,6.1248,6.1622,1336010,16.6
2014-04-03,6.2362,6.2733,6.1619,6.2365,387770,16.8
2014-04-04,6.2733,6.2733,6.199,6.2365,308550,16.8
2014-04-07,6.2362,6.2362,6.1619,6.1994,2084000,16.7
2014-04-08,6.199,6.2362,6.199,6.1994,830580,16.7
2014-04-10,6.199,6.2362,6.1619,6.2365,516120,16.8
2014-04-11,6.199,6.199,6.1619,6.1622,651650,16.6
2014-04-14,6.199,6.199,6.1248,6.1251,483100,16.5
2014-04-15,6.1248,6.1619,6.0134,6.0137,915260,16.2
2014-04-16,6.0134,6.0134,5.865,5.9395,1513510,16
2014-04-17,5.9392,6.0506,5.9392,5.9766,547020,16.1
2014-04-18,6.0134,6.0134,5.865,5.8653,581360,15.8
2014-04-21,5.9021,5.9021,5.7907,5.791,768040,15.6
2014-04-22,5.7907,5.9392,5.7907,5.9395,587700,16
2014-04-23,5.9392,6.0134,5.9021,5.9395,405570,16
2014-04-24,5.9021,5.9392,5.865,5.9024,152630,15.9
2014-04-25,5.9021,5.9392,5.865,5.8653,304020,15.8
2014-04-28,5.9021,5.9021,5.8278,5.8653,146390,15.8
2014-04-29,5.8278,5.9021,5.8278,5.8653,412680,15.8
2014-05-05,5.8278,5.9021,5.7536,5.7539,452070,15.5
2014-05-06,5.7907,5.7907,5.6422,5.7539,777820,15.5
2014-05-07,5.7536,5.8278,5.6794,5.8281,252730,15.7
2014-05-08,5.7165,5.7165,5.4566,5.5312,1202350,14.9
2014-05-09,5.5309,5.7536,5.5309,5.7539,707540,15.5
2014-05-12,5.7165,5.7165,5.4938,5.5312,877670,14.9
2014-05-13,5.4938,5.568,5.4938,5.5312,648740,14.9
2014-05-14,5.5309,5.7907,5.5309,5.791,657380,15.6
2014-05-15,5.6794,5.8278,5.6422,5.6425,580130,15.2
2014-05-16,5.6051,5.7165,5.568,5.7168,356220,15.4
2014-05-19,5.7165,5.7536,5.6794,5.6796,588870,15.3
2014-05-20,5.6794,5.7165,5.6422,5.6796,464210,15.3
2014-05-21,5.8374,5.9565,5.7977,5.9579,575560,15
2014-05-22,5.8771,5.9565,5.7977,5.7991,482210,14.6
2014-05-23,5.8374,5.8771,5.7977,5.8388,151990,14.7
2014-05-26,5.8374,5.8374,5.758,5.7991,260610,14.6
2014-05-27,5.8374,5.9168,5.7977,5.8785,523080,14.8
2014-05-28,5.9168,5.9565,5.8771,5.8785,323250,14.8
2014-05-29,5.8771,5.9168,5.8771,5.8785,309790,14.8
2014-05-30,5.8771,5.9168,5.8374,5.9182,233090,14.9
2014-06-02,5.9565,5.9565,5.8374,5.8785,208430,14.8
2014-06-03,5.8771,5.8771,5.7977,5.7991,127840,14.6
2014-06-04,5.8374,5.8374,5.758,5.7593,221210,14.5
2014-06-05,5.758,5.7977,5.7182,5.7991,149210,14.6
2014-06-06,5.758,5.7977,5.758,5.7991,123700,14.6
2014-06-09,5.7977,5.8771,5.758,5.8388,307390,14.7
2014-06-10,5.758,5.8374,5.758,5.7593,267910,14.5
2014-06-11,5.758,5.7977,5.758,5.7991,105820,14.6
2014-06-12,5.7977,5.8374,5.7977,5.7991,472840,14.6
2014-06-13,5.7977,5.8771,5.758,5.8388,268700,14.7
2014-06-16,5.8771,5.8771,5.7977,5.7991,189300,14.6
2014-06-17,5.7977,5.8374,5.7977,5.8388,145730,14.7
2014-06-18,5.8374,5.8771,5.8374,5.8785,384560,14.8
2014-06-19,5.8374,5.8771,5.7977,5.8388,238390,14.7
2014-06-20,5.8374,5.8374,5.7977,5.8388,203700,14.7
2014-06-23,5.7977,5.8374,5.7977,5.8388,108700,14.7
2014-06-24,5.8374,5.8771,5.7977,5.8785,348350,14.8
2014-06-25,5.8374,5.8771,5.8374,5.8388,206200,14.7
2014-06-26,5.7977,5.8771,5.7977,5.7991,400430,14.6
2014-06-27,5.7977,5.8374,5.758,5.7991,152870,14.6
2014-06-30,5.7977,5.8374,5.758,5.7593,324720,14.5
2014-07-01,5.758,5.7977,5.7182,5.7991,253680,14.6
2014-07-02,5.7977,5.7977,5.7182,5.7593,306790,14.5
2014-07-03,5.758,5.8374,5.758,5.8388,445310,14.7
2014-07-04,5.8374,5.8771,5.7977,5.8388,476310,14.7
2014-07-07,5.8374,5.8771,5.7977,5.8388,334300,14.7
2014-07-08,5.8374,5.8771,5.7977,5.8388,450930,14.7
2014-07-09,5.8374,5.8771,5.7977,5.8785,351780,14.8
2014-07-10,5.8771,5.8771,5.7977,5.7991,464290,14.6
2014-07-11,5.8374,5.8374,5.758,5.7991,255060,14.6
2014-07-14,5.8374,5.8374,5.7977,5.8388,99620,14.7
2014-07-15,5.8374,5.8771,5.7977,5.8388,420890,14.7
2014-07-16,5.8771,5.9168,5.8374,5.8388,460700,14.7
2014-07-17,5.7977,5.8771,5.7977,5.7991,213390,14.6
2014-07-18,5.7977,5.9168,5.7977,5.8785,542890,14.8
2014-07-21,5.8771,5.9168,5.7977,5.8388,348410,14.7
2014-07-22,5.8374,5.8374,5.7977,5.7991,208540,14.6
2014-07-23,5.8374,5.8374,5.7977,5.7991,94260,14.6
2014-07-24,5.7977,5.9168,5.7977,5.8785,548350,14.8
2014-07-25,5.8374,5.8771,5.7977,5.7991,289720,14.6
2014-07-28,5.7977,5.8374,5.758,5.7991,303680,14.6
2014-07-29,5.7977,5.7977,5.758,5.7991,169860,14.6
2014-07-30,5.758,5.8374,5.758,5.7593,187060,14.5
2014-07-31,5.758,5.8374,5.758,5.8388,169480,14.7
2014-08-01,5.8374,5.8374,5.7977,5.8388,187800,14.7
2014-08-04,5.7977,5.8374,5.7977,5.7991,259070,14.6
2014-08-05,5.7977,5.8374,5.758,5.8388,254720,14.7
2014-08-06,5.8374,5.8374,5.7977,5.7991,122680,14.6
2014-08-07,5.7977,5.8374,5.758,5.7991,94090,14.6
2014-08-08,5.7977,5.8374,5.758,5.7991,221280,14.6
2014-08-11,5.7977,5.8374,5.7977,5.7991,194320,14.6
2014-08-12,5.758,5.8374,5.758,5.7991,204510,14.6
2014-08-13,5.7977,5.8374,5.758,5.7991,256380,14.6
2014-08-14,5.7977,5.8374,5.758,5.7991,242900,14.6
2014-08-15,5.7977,5.8374,5.758,5.7991,389270,14.6
2014-08-18,5.7977,5.7977,5.758,5.7593,289510,14.5
2014-08-19,5.758,5.8374,5.758,5.7593,255530,14.5
2014-08-20,5.758,5.7977,5.758,5.7593,285330,14.5
2014-08-21,5.758,5.7977,5.7182,5.7593,211340,14.5
2014-08-22,5.758,5.7977,5.758,5.7593,325950,14.5
2014-08-25,5.7977,5.8374,5.7977,5.7991,377990,14.6
2014-08-26,5.7977,5.8374,5.758,5.8388,223200,14.7
2014-08-27,5.7977,5.8374,5.758,5.7593,210550,14.5
2014-08-28,5.7977,5.8374,5.758,5.7991,180230,14.6
2014-08-29,5.8374,6.0756,5.8374,5.8785,2808010,14.8
2014-09-03,5.9962,6.0756,5.9962,6.0374,1229060,15.2
2014-09-04,5.9962,6.0359,5.9168,5.9182,201170,14.9
2014-09-05,5.9168,5.9565,5.8771,5.9182,369190,14.9
2014-09-08,5.9168,5.9565,5.8771,5.8785,385630,14.8
2014-09-09,5.8771,5.9168,5.758,5.7991,651620,14.6
2014-09-10,5.7977,5.8374,5.758,5.7991,299570,14.6
2014-09-11,5.7977,5.7977,5.758,5.7991,225600,14.6
2014-09-12,5.7977,5.8771,5.7977,5.7991,304830,14.6
2014-09-15,5.7977,5.8374,5.758,5.7991,223240,14.6
2014-09-16,5.758,5.7977,5.7182,5.7991,428090,14.6
2014-09-17,5.7977,5.8374,5.758,5.7991,492400,14.6
2014-09-18,5.758,5.7977,5.758,5.7593,340060,14.5
2014-09-19,5.758,5.7977,5.758,5.7593,515740,14.5
2014-09-22,5.758,5.8374,5.758,5.7593,353380,14.5
2014-09-23,5.758,5.8374,5.758,5.7991,456610,14.6
2014-09-24,5.7977,5.8374,5.7977,5.7991,514550,14.6
2014-09-25,5.758,5.8374,5.758,5.7991,557480,14.6
2014-09-26,5.8374,5.8374,5.758,5.7991,383720,14.6
2014-09-29,5.7977,5.7977,5.758,5.7593,236700,14.5
2014-09-30,5.758,5.7977,5.7182,5.7196,275270,14.4
2014-10-01,5.7977,5.7977,5.7182,5.7196,253820,14.4
2014-10-02,5.758,5.8374,5.7182,5.8388,485150,14.7
2014-10-03,5.7977,5.8374,5.758,5.7991,125140,14.6
2014-10-06,5.7977,5.7977,5.758,5.7991,181140,14.6
2014-10-07,5.7977,5.8374,5.758,5.7991,287600,14.6
2014-10-08,5.7977,5.8374,5.758,5.7991,361860,14.6
2014-10-09,5.758,5.8374,5.758,5.7593,139960,14.5
2014-10-10,5.7977,5.8374,5.758,5.7991,213050,14.6
2014-10-14,5.7977,5.7977,5.6785,5.6799,374970,14.3
2014-10-15,5.7182,5.758,5.6785,5.7593,488280,14.5
2014-10-16,5.7182,5.758,5.6785,5.6799,337090,14.3
2014-10-17,5.6785,5.7182,5.6785,5.6799,224080,14.3
2014-10-20,5.7182,5.7182,5.6785,5.6799,193160,14.3
2014-10-21,5.6785,5.7182,5.6785,5.6799,261580,14.3
2014-10-22,5.6785,5.7182,5.6785,5.6799,234770,14.3
2014-10-23,5.6785,5.7182,5.6388,5.6799,83760,14.3
2014-10-24,5.6785,5.6785,5.5991,5.6402,436910,14.2
2014-10-27,5.6388,5.6785,5.5594,5.6005,236630,14.1
2014-10-28,5.5991,5.6388,5.5594,5.5607,514620,14
2014-10-29,5.6388,5.6388,5.5594,5.5607,560130,14
2014-10-30,5.5594,5.6388,5.5594,5.5607,540780,14
2014-10-31,5.5594,5.8374,5.5197,5.8388,1091960,14.7
2014-11-03,5.8374,5.8374,5.7977,5.7991,507890,14.6
2014-11-04,5.7977,5.8374,5.758,5.7991,237890,14.6
2014-11-05,5.758,5.8374,5.758,5.7991,191740,14.6
2014-11-06,5.7977,5.8374,5.758,5.7991,103530,14.6
2014-11-07,5.8374,5.8374,5.758,5.7991,75820,14.6
2014-11-10,5.7977,5.8374,5.7182,5.7196,325200,14.4
2014-11-11,5.7182,5.758,5.6785,5.6799,119340,14.3
2014-11-12,5.7182,5.758,5.6785,5.7196,47750,14.4
2014-11-13,5.7182,5.758,5.7182,5.7196,37910,14.4
2014-11-14,5.7182,5.7182,5.6785,5.6799,143790,14.3
2014-11-17,5.6785,5.7182,5.6388,5.6799,105000,14.3
2014-11-18,5.7182,5.758,5.6388,5.6402,198890,14.2
2014-11-19,5.6388,5.6785,5.5991,5.6005,71930,14.1
2014-11-20,5.5991,5.6785,5.5991,5.6402,131480,14.2
2014-11-21,5.6785,5.7182,5.5991,5.6799,89270,14.3
2014-11-24,5.6388,5.6388,5.5991,5.6005,75010,14.1
2014-11-25,5.5991,5.6785,5.5991,5.6005,163850,14.1
2014-11-26,5.5991,5.6388,5.5991,5.6005,87890,14.1
2014-11-27,5.6388,5.6388,5.5594,5.6005,155020,14.1
2014-11-28,5.5991,5.6388,5.5594,5.5607,222420,14
2014-12-01,5.5991,5.6388,5.5594,5.5607,229340,14
2014-12-02,5.5991,5.5991,5.5594,5.5607,228410,14
2014-12-03,5.5594,5.6388,5.5197,5.5607,519090,14
2014-12-04,5.5594,5.758,5.5594,5.7593,490330,14.5
2014-12-05,5.7977,5.8771,5.758,5.7593,512610,14.5
2014-12-08,5.7182,5.7182,5.6388,5.7196,209000,14.4
2014-12-09,5.6785,5.7182,5.6388,5.6402,322960,14.2
2014-12-10,5.6388,5.6785,5.5991,5.6402,410030,14.2
2014-12-11,5.6388,5.6785,5.6388,5.6402,188440,14.2
2014-12-12,5.6785,5.6785,5.6388,5.6799,73430,14.3
2014-12-15,5.6785,5.6785,5.6388,5.6402,30400,14.2
2014-12-16,5.6388,5.6388,5.5594,5.5607,192150,14
2014-12-17,5.5991,5.5991,5.4403,5.4813,584830,13.8
2014-12-18,5.48,5.5594,5.48,5.521,59140,13.9
2014-12-19,5.5197,5.5594,5.48,5.521,165770,13.9
2014-12-22,5.48,5.6388,5.48,5.6005,112650,14.1
2014-12-23,5.6388,5.6388,5.5197,5.5607,39840,14
2014-12-24,5.6388,5.6388,5.48,5.4813,252400,13.8
2014-12-25,5.4403,5.48,5.4403,5.4813,215550,13.8
2014-12-26,5.48,5.5197,5.4006,5.4416,215910,13.7
2014-12-29,5.48,5.48,5.4006,5.4416,151140,13.7
2014-12-30,5.4403,5.4403,5.4006,5.4416,140600,13.7
2014-12-31,5.4403,5.5197,5.4403,5.4813,94340,13.8
2015-01-05,5.48,5.5594,5.48,5.521,60490,13.9
2015-01-06,5.5197,5.6785,5.48,5.5607,125010,14
2015-01-07,5.5594,5.758,5.5594,5.7196,467590,14.4
2015-01-08,5.6785,5.7182,5.5991,5.6005,303670,14.1
2015-01-09,5.6785,5.8374,5.6388,5.7593,867510,14.5
2015-01-12,5.7977,5.9962,5.758,5.8388,2085400,14.7
2015-01-13,5.9168,6.2345,5.8771,6.1565,1432010,15.5
2015-01-14,6.2345,6.3139,5.9962,6.1168,1305200,15.4
2015-01-15,6.1153,6.2742,6.0359,6.0374,711250,15.2
2015-01-16,6.0359,6.1551,5.9565,6.0771,1185270,15.3
2015-01-19,6.2742,6.3139,6.1551,6.236,1796540,15.7
2015-01-20,6.1948,6.2345,6.1153,6.1168,414530,15.4
2015-01-21,6.1153,6.1153,5.9962,5.9976,809640,15.1
2015-01-22,5.9962,6.3933,5.9168,6.3948,2685500,16.1
2015-01-23,6.6316,6.7507,6.5124,6.5934,1957260,16.6
2015-01-26,6.6713,6.8698,6.6316,6.792,2945000,17.1
2015-01-27,6.7904,7.0684,6.6713,6.9509,4379550,17.5
2015-01-28,6.9493,7.4258,6.9493,7.4276,5743830,18.7
2015-01-29,7.5449,7.7435,7.3464,7.4673,4276430,18.8
2015-01-30,7.3464,7.4258,7.0684,7.1495,3180240,18
2015-02-02,7.0684,7.3464,6.989,7.1495,2519910,18
2015-02-03,7.1875,7.2272,6.6713,6.6729,3433500,16.8
2015-02-04,6.4727,6.5522,6.2345,6.4346,3613050,16.2
2015-02-05,6.5522,6.7904,6.4727,6.792,3311850,17.1
2015-02-06,6.7904,7.1081,6.7904,7.0304,3178500,17.7
2015-02-09,6.989,7.2272,6.9493,7.0701,3786930,17.8
2015-02-10,7.1478,7.3464,7.0684,7.3084,2715190,18.4
2015-02-11,7.1875,7.3861,7.1875,7.3084,2654890,18.4
2015-02-12,7.1875,7.3861,7.0684,7.1098,2652870,17.9
2015-02-13,7.1081,7.1875,7.0287,7.0701,2026230,17.8
2015-02-24,7.1875,7.4258,7.1478,7.3878,1821450,18.6
2015-02-25,7.4655,7.7435,7.4655,7.4673,5562180,18.8
2015-02-26,7.5052,7.7037,7.5052,7.7056,4149580,19.4
2015-02-27,7.7435,7.7832,7.5449,7.7056,4198410,19.4
2015-03-02,7.6243,7.664,7.4655,7.5864,3074520,19.1
2015-03-03,7.6243,7.7435,7.5449,7.6262,3722080,19.2
2015-03-04,7.6243,7.7037,7.5052,7.6262,2945900,19.2
2015-03-05,7.664,7.7037,7.4655,7.4673,2596370,18.8
2015-03-06,7.4258,7.7435,7.3464,7.5864,3719690,19.1
2015-03-09,7.6243,7.6243,7.4258,7.4276,1474230,18.7
2015-03-10,7.3861,7.5449,7.3861,7.4673,1198040,18.8
2015-03-11,7.4655,7.664,7.3861,7.4673,2729100,18.8
2015-03-12,7.5449,7.5846,7.4655,7.507,1449350,18.9
2015-03-13,7.5846,7.664,7.5449,7.5864,2384000,19.1
2015-03-16,7.5449,7.5846,7.4655,7.4673,1271600,18.8
2015-03-17,7.4655,7.5449,7.4258,7.4276,1352350,18.7
2015-03-18,7.3861,7.3861,7.1875,7.229,3107150,18.2
2015-03-19,7.3861,7.3066,7.1478,7.1495,1435880,18
2015-03-20,7.2669,7.2272,7.1081,7.1892,1861370,18.1
2015-03-23,7.1478,7.2669,6.989,6.9906,2208570,17.6
2015-03-24,6.989,7.0287,6.7904,6.9509,2480420,17.5
2015-03-25,6.989,7.1478,6.9493,7.0701,1890350,17.8
2015-03-26,6.989,7.2272,6.989,7.0304,2959950,17.7
2015-03-27,7.1478,7.1478,6.9493,6.9906,1610890,17.6
2015-03-30,6.9493,7.0287,6.7507,6.8318,1767530,17.2
2015-03-31,6.7904,6.9493,6.7904,6.8715,1826250,17.3
2015-04-01,6.7904,6.9493,6.711,6.7523,1875640,17
2015-04-02,6.7507,6.9493,6.711,6.9509,1971180,17.5
2015-04-03,6.9493,7.0287,6.9095,6.9112,1682620,17.4
2015-04-06,6.9095,6.9493,6.8301,6.8318,1371940,17.2
2015-04-07,6.7904,6.9493,6.7507,6.8715,4400850,17.3
2015-04-08,6.9493,6.989,6.8301,6.8715,3135460,17.3
2015-04-09,6.9095,7.0684,6.8301,7.0701,3777930,17.8
2015-04-10,7.0684,7.3066,7.0684,7.1495,3715810,18
2015-04-13,7.1875,7.2272,7.0684,7.1892,2438300,18.1
2015-04-14,7.2669,7.3464,7.1081,7.1098,4305010,17.9
2015-04-15,7.0684,7.2272,7.0287,7.1892,2260390,18.1
2015-04-16,7.1875,7.3066,7.1478,7.3084,3375990,18.4
2015-04-17,7.2669,7.3464,7.2272,7.229,2598370,18.2
2015-04-20,7.1875,7.2272,7.1081,7.1892,1836360,18.1
2015-04-21,7.2272,7.3066,7.1478,7.1495,2514940,18
2015-04-22,7.0684,7.1478,6.9095,6.9906,3611600,17.6
2015-04-23,6.9493,7.0684,6.9095,7.0304,1926830,17.7
2015-04-24,6.989,7.1081,6.989,7.0304,1127530,17.7
2015-04-27,7.0287,7.2272,7.0287,7.1495,2147400,18
2015-05-04,7.0684,7.1478,6.7507,6.7523,2061730,17
2015-05-05,6.7507,7.0684,6.711,7.0304,2319480,17.7
2015-05-06,7.0287,7.1081,6.9493,6.9906,1862860,17.6
2015-05-07,6.989,7.1478,6.9095,7.1098,812500,17.9
2015-05-08,7.1081,7.2272,7.0287,7.229,1917700,18.2
2015-05-11,7.2272,7.2272,7.1081,7.1098,531620,17.9
2015-05-12,7.1081,7.1081,6.9095,7.0304,1294400,17.7
2015-05-13,6.9493,7.0287,6.8301,6.9509,974300,17.5
2015-05-14,6.9095,7.1081,6.9095,7.1098,884200,17.9
2015-05-15,7.1081,7.1081,6.9095,6.9112,310460,17.4
2015-05-18,6.9493,6.9493,6.711,6.7126,1826210,16.9
2015-05-19,6.7507,6.8698,6.7507,6.8715,553960,17.3
2015-05-20,6.8698,7.1478,6.8301,6.9906,1165710,17.6
2015-05-21,6.9493,7.1478,6.9493,7.0701,1532780,17.8
2015-05-22,7.1478,7.2272,7.0287,7.1892,1733660,18.1
2015-05-25,7.1875,7.3066,7.1875,7.3084,1249000,18.4
2015-05-26,7.2669,7.5052,7.2669,7.4673,2748290,18.8
2015-05-27,7.3861,7.5846,7.3861,7.507,2088700,18.9
2015-05-28,7.5052,8.0214,7.4258,7.8247,2942590,19.7
2015-05-29,7.8229,7.942,7.7037,7.7453,2915260,19.5
2015-06-01,7.7037,8.0214,7.7037,7.8247,2563900,19.7
2015-06-02,7.8229,7.942,7.5846,7.5864,3005220,19.1
2015-06-03,7.5449,7.7037,7.4655,7.4673,2400730,18.8
2015-06-04,7.5052,7.5846,7.3464,7.4276,3134610,18.7
2015-06-05,7.4258,7.8626,7.4258,7.785,1983710,19.6
2015-06-08,7.8626,8.1008,7.8626,7.9042,3490520,19.9
2015-06-09,7.8626,8.0214,7.7037,7.785,2453280,19.6
2015-06-10,7.7832,7.8229,7.5449,7.7056,2395630,19.4
2015-06-11,7.7435,7.8229,7.6243,7.6659,1632620,19.3
2015-06-12,7.7832,7.8626,7.7037,7.785,1950860,19.6
2015-06-15,7.8229,8.2597,7.8229,8.2617,4816390,20.8
2015-06-16,8.3391,8.4582,8.1803,8.1822,2937050,20.6
2015-06-17,8.1008,8.2994,8.0611,8.2617,1595450,20.8
2015-06-18,8.22,8.2994,8.1008,8.2219,1667290,20.7
2015-06-19,8.2994,8.4185,8.22,8.2617,2629920,20.8
2015-06-22,8.2994,8.4582,8.2994,8.4205,2318820,21.2
2015-06-23,8.6278,8.6694,8.5027,8.5876,3156940,20.6
2015-06-24,8.5861,8.5861,8.4194,8.4625,3586680,20.3
2015-06-25,8.4194,8.461,8.2943,8.2957,3857340,19.9
2015-06-26,8.2943,8.336,8.0026,8.0039,3404590,19.2
2015-06-29,7.8358,8.0859,7.8358,8.0873,2102880,19.4
2015-06-30,8.0026,8.1693,7.9609,8.0039,1842780,19.2
2015-07-01,7.9192,8.0026,7.7108,7.8372,3646570,18.8
2015-07-02,7.7525,8.336,7.7525,8.2541,4173150,19.8
2015-07-03,8.336,8.7111,8.336,8.3791,4068250,20.1
2015-07-06,8.4194,8.5444,8.336,8.4625,3852320,20.3
2015-07-07,8.461,8.9612,8.2943,8.6709,5002440,20.8
2015-07-08,8.7528,9.0446,8.5027,8.8377,5140610,21.2
2015-07-09,8.7111,8.8778,8.5861,8.7543,2720190,21
2015-07-10,8.8778,9.2946,8.8362,9.2962,5603650,22.3
2015-07-13,9.2946,9.7114,9.2113,9.588,3761920,23
2015-07-14,9.5864,9.6698,9.253,9.463,3737550,22.7
2015-07-15,9.4614,9.5864,9.1696,9.1712,8953790,22
2015-07-16,9.0029,9.1279,8.8778,9.0044,5208580,21.6
2015-07-17,9.0446,9.253,9.0029,9.0878,2211460,21.8
2015-07-20,8.9612,9.2946,8.8778,9.2546,3056220,22.2
2015-07-21,9.253,9.4614,9.1696,9.2546,4134150,22.2
2015-07-22,9.253,9.5864,9.1696,9.588,3956220,23
2015-07-23,9.6281,9.7948,9.503,9.5047,5116250,22.8
2015-07-24,9.4614,9.5447,9.378,9.463,2210800,22.7
2015-07-27,9.4197,9.7114,9.4197,9.588,2852930,23
2015-07-28,9.5864,9.7531,9.5864,9.588,4370370,23
2015-07-29,9.5864,9.6698,9.378,9.3796,3538220,22.5
2015-07-30,9.4197,9.5447,9.2946,9.5047,2077440,22.8
2015-07-31,9.6281,9.6281,9.378,9.3796,2175520,22.5
2015-08-03,9.2946,9.378,9.0862,9.2129,3681980,22.1
2015-08-04,9.2113,9.2946,9.0862,9.0878,1873320,21.8
2015-08-05,9.2113,9.2946,9.1279,9.2129,1402730,22.1
2015-08-06,9.2946,9.2946,8.9612,9.0044,1634990,21.6
2015-08-07,9.0029,9.0446,8.8778,8.9627,1793590,21.5
2015-08-10,8.9612,9.1696,8.9612,9.1295,1107160,21.9
2015-08-11,9.1696,9.4197,9.0862,9.1712,2263780,22
2015-08-12,9.1279,9.1696,8.9612,9.0461,1848380,21.7
2015-08-13,9.0446,9.0446,8.7111,8.796,2008760,21.1
2015-08-14,8.7528,8.8362,8.5444,8.6292,1259280,20.7
2015-08-17,8.5861,8.6694,8.0442,8.0456,3234770,19.3
2015-08-18,8.0026,8.336,8.0026,8.3374,2154410,20
2015-08-19,8.2526,8.5027,8.1276,8.2541,1156260,19.8
2015-08-20,8.211,8.2943,8.0442,8.0456,1576460,19.3
2015-08-21,7.8775,7.9192,7.5024,7.8372,4507110,18.8
2015-08-24,7.7942,7.7942,7.294,7.2953,4033750,17.5
2015-08-25,7.169,7.5024,7.169,7.462,2225480,17.9
2015-08-26,7.4607,7.7942,7.419,7.7955,2015290,18.7
2015-08-27,7.7942,8.336,7.7942,8.0873,3333470,19.4
2015-08-28,8.2943,8.336,8.1276,8.2957,2698450,19.9
2015-08-31,8.336,8.336,8.0442,8.0456,2893780,19.3
2015-09-01,8.1276,8.1276,7.9192,7.9622,1983550,19.1
2015-09-03,7.9192,8.0442,7.8775,8.0039,2262090,19.2
2015-09-04,8.0026,8.1276,8.0026,8.0456,1022830,19.3
2015-09-07,8.0859,8.211,8.0442,8.0873,1195190,19.4
2015-09-08,8.0859,8.5444,8.0442,8.5042,5622950,20.4
2015-09-09,8.7528,8.7945,8.5444,8.5459,2742100,20.5
2015-09-10,8.3777,8.5861,8.3777,8.4625,1936800,20.3
2015-09-11,8.461,8.5027,8.2526,8.2957,1932700,19.9
2015-09-14,8.461,8.6694,8.336,8.3374,2589220,20
2015-09-15,8.336,8.5027,8.2943,8.2957,2118080,19.9
2015-09-16,8.2943,8.336,8.1276,8.2124,1387360,19.7
2015-09-17,8.211,8.2526,8.0442,8.0456,1488950,19.3
2015-09-18,8.2943,8.3777,8.211,8.3374,2477510,20
2015-09-21,8.4194,8.461,8.336,8.4208,2274340,20.2
2015-09-22,8.4194,8.5027,8.2943,8.3374,1240520,20
2015-09-23,8.2943,8.4194,8.2526,8.4208,1477530,20.2
2015-09-24,8.461,8.6278,8.461,8.5042,4264220,20.4
2015-09-25,8.5444,8.5444,8.3777,8.4625,1390470,20.3
2015-09-28,8.4194,8.461,8.336,8.3374,1428010,20
2015-09-29,8.0859,8.2526,8.0859,8.2124,2922080,19.7
2015-09-30,8.2526,8.2943,8.1693,8.1707,780510,19.6
2015-10-01,8.211,8.211,8.1276,8.1707,626890,19.6
2015-10-02,8.211,8.211,8.0859,8.129,780570,19.5
2015-10-05,8.211,8.3777,8.1693,8.3374,1129910,20
2015-10-06,8.461,8.5027,8.3777,8.4625,3176750,20.3
2015-10-07,8.461,8.5027,8.336,8.3374,1649740,20
2015-10-08,8.336,8.5027,8.2943,8.4625,3609910,20.3
2015-10-09,8.5444,8.6278,8.5027,8.5042,3440530,20.4
2015-10-12,8.461,8.5861,8.461,8.5042,2117090,20.4
2015-10-13,8.461,8.5027,8.4194,8.5042,945280,20.4
2015-10-14,8.4194,8.5027,8.4194,8.4208,1604230,20.2
2015-10-15,8.461,8.6694,8.4194,8.6292,4435440,20.7
2015-10-16,8.7945,8.9195,8.6694,8.796,5436700,21.1
2015-10-19,8.7528,8.9195,8.7111,8.8377,1986760,21.2
2015-10-20,8.8362,8.8362,8.5861,8.7126,2264460,20.9
2015-10-21,8.6694,8.7528,8.5861,8.6709,2161940,20.8
2015-10-22,8.6278,8.7111,8.5861,8.6709,793320,20.8
2015-10-23,8.7528,8.8778,8.6694,8.796,2182270,21.1
2015-10-26,8.8778,8.8778,8.7111,8.7126,1456540,20.9
2015-10-27,8.7111,8.7528,8.6278,8.7126,1027720,20.9
2015-10-28,8.7111,8.7111,8.6278,8.6292,1329310,20.7
2015-10-29,8.6694,8.7528,8.5861,8.7126,1719090,20.9
2015-10-30,8.7111,8.7945,8.6694,8.6709,1748110,20.8
2015-11-02,8.6694,8.7528,8.6278,8.7126,1353930,20.9
2015-11-03,8.7111,8.7528,8.6278,8.7543,1116870,21
2015-11-04,8.7528,8.8362,8.6694,8.7126,1402290,20.9
2015-11-05,8.6278,8.7111,8.6278,8.7126,1007490,20.9
2015-11-06,8.6694,8.7111,8.5444,8.6709,1208400,20.8
2015-11-09,8.6694,8.7111,8.5861,8.6292,716880,20.7
2015-11-10,8.5444,8.5861,8.461,8.4625,1068830,20.3
2015-11-11,8.4194,8.5444,8.4194,8.4625,1086670,20.3
2015-11-12,8.4194,8.5861,8.3777,8.5876,1434490,20.6
2015-11-13,8.5027,8.5861,8.4194,8.5876,887880,20.6
2015-11-16,8.5444,8.5444,8.3777,8.4625,429910,20.3
2015-11-17,8.4194,8.461,8.3777,8.3791,930680,20.1
2015-11-18,8.3777,8.4194,8.336,8.3374,506460,20
2015-11-19,8.4194,8.4194,8.2943,8.2957,554600,19.9
2015-11-20,8.2943,8.336,8.2526,8.2957,781130,19.9
2015-11-23,8.3777,8.3777,8.211,8.2124,537990,19.7
2015-11-24,8.1693,8.211,8.0859,8.1707,970280,19.6
2015-11-25,8.1693,8.1693,8.0442,8.1707,682440,19.6
2015-11-26,8.1276,8.1276,8.0442,8.129,588680,19.5
2015-11-27,8.0442,8.1276,7.9609,7.9622,644630,19.1
2015-11-30,7.9192,7.9192,7.5024,7.6704,871270,18.4
2015-12-01,7.6691,7.7525,7.5858,7.6288,576900,18.3
2015-12-02,7.6691,7.7942,7.6691,7.7538,809600,18.6
2015-12-03,7.7525,7.7942,7.7108,7.7538,202200,18.6
2015-12-04,7.7525,7.7525,7.6274,7.6704,849460,18.4
2015-12-07,7.7108,7.7108,7.5441,7.5871,286410,18.2
2015-12-08,7.5441,7.8358,7.4607,7.7955,1018460,18.7
2015-12-09,7.8358,7.8358,7.6691,7.6704,281150,18.4
2015-12-10,7.7108,7.7108,7.5024,7.5454,647590,18.1
2015-12-11,7.5441,7.6274,7.5024,7.5037,497990,18
2015-12-14,7.4607,7.5858,7.3774,7.3786,382340,17.7
2015-12-15,7.419,7.5858,7.3774,7.5871,610350,18.2
2015-12-16,7.6274,7.7942,7.5858,7.7121,655480,18.5
2015-12-17,7.7942,7.9609,7.7525,7.8372,744030,18.8
2015-12-18,7.7942,7.8358,7.7108,7.7121,535760,18.5
2015-12-21,7.7108,7.7108,7.6274,7.7121,440600,18.5
2015-12-22,7.6691,7.7942,7.6274,7.6288,426610,18.3
2015-12-23,7.6274,7.6691,7.5441,7.5454,556450,18.1
2015-12-24,7.6274,7.6274,7.5441,7.5454,194940,18.1
2015-12-25,7.5858,7.6274,7.5024,7.5454,286400,18.1
2015-12-28,7.5441,7.6691,7.5024,7.5454,395650,18.1
2015-12-29,7.5441,7.7108,7.4607,7.7121,604950,18.5
2015-12-30,7.7525,7.7942,7.6691,7.7538,638890,18.6
2015-12-31,7.7942,7.7942,7.6691,7.7538,407840,18.6
2016-01-04,7.6274,7.7525,7.5441,7.6288,404050,18.3
2016-01-05,7.5441,7.6274,7.5024,7.5454,319920,18.1
2016-01-06,7.5441,7.6691,7.5441,7.6288,544940,18.3
2016-01-07,7.5441,7.6691,7.419,7.5454,1592360,18.1
2016-01-08,7.5024,7.5024,7.3774,7.3786,992590,17.7
2016-01-11,7.3774,7.4607,7.3357,7.3786,667790,17.7
2016-01-12,7.3774,7.4607,7.3357,7.4203,591100,17.8
2016-01-13,7.4607,7.5024,7.3774,7.3786,458080,17.7
2016-01-14,7.3774,7.3774,7.2106,7.3786,853540,17.7
2016-01-15,7.3774,7.419,7.2523,7.3369,648830,17.6
2016-01-18,7.169,7.169,6.8355,7.0034,1397320,16.8
2016-01-19,6.9606,7.2523,6.9606,7.2536,1027250,17.4
2016-01-20,7.2106,7.2106,7.0439,7.0451,608350,16.9
2016-01-21,7.0022,7.0856,6.7938,6.8367,1144260,16.4
2016-01-22,6.8355,6.8772,6.5854,6.7116,874560,16.1
2016-01-25,6.8772,7.169,6.8772,7.1702,879160,17.2
2016-01-26,7.0856,7.2523,7.0022,7.2536,974540,17.4
2016-01-27,7.2523,7.419,7.2523,7.2953,390160,17.5
2016-01-28,7.294,7.3357,7.169,7.1702,168290,17.2
2016-01-29,7.169,7.2106,7.0856,7.1702,220720,17.2
2016-02-01,7.3357,7.3357,7.1273,7.1285,325280,17.1
2016-02-02,7.1273,7.2523,7.0856,7.1285,163090,17.1
2016-02-03,7.0439,7.1273,6.9606,7.0868,182840,17
2016-02-04,7.169,7.169,7.0856,7.1702,242050,17.2
2016-02-05,7.169,7.2106,7.169,7.1702,223150,17.2
2016-02-15,7.0439,7.2106,7.0439,7.1702,153830,17.2
2016-02-16,7.169,7.2106,7.1273,7.1285,168880,17.1
2016-02-17,7.1273,7.169,7.0856,7.1285,264310,17.1
2016-02-18,7.1273,7.2523,7.0856,7.2536,462570,17.4
2016-02-19,7.2106,7.2523,7.169,7.1702,464980,17.2
2016-02-22,7.2106,7.2523,7.0856,7.1702,798720,17.2
2016-02-23,7.2106,7.2523,7.1273,7.1285,547820,17.1
2016-02-24,7.0856,7.5858,7.0856,7.5871,3102090,18.2
2016-02-25,7.6691,7.7108,7.5024,7.6704,1745900,18.4
2016-02-26,7.6274,7.6691,7.5858,7.6288,391080,18.3
2016-02-29,7.5858,7.5858,7.419,7.4203,927670,17.8
2016-03-01,7.419,7.5024,7.3357,7.3369,795250,17.6
2016-03-02,7.3774,7.5024,7.3774,7.462,600340,17.9
2016-03-03,7.5024,7.5441,7.419,7.5037,908900,18
2016-03-04,7.5024,7.5441,7.419,7.4203,988840,17.8
2016-03-07,7.419,7.5024,7.3774,7.4203,738230,17.8
2016-03-08,7.3774,7.4607,7.294,7.3786,1265670,17.7
2016-03-09,7.3774,7.419,7.2523,7.2536,848880,17.4
2016-03-10,7.294,7.3357,7.2523,7.2953,337750,17.5
2016-03-11,7.3357,7.3774,7.2523,7.2536,599880,17.4
2016-03-14,7.3357,7.3357,7.2106,7.2536,556200,17.4
2016-03-15,7.2523,7.2523,7.1273,7.2119,749470,17.3
2016-03-16,7.2106,7.294,7.169,7.2119,661310,17.3
2016-03-17,7.2523,7.3357,7.2106,7.2536,948590,17.4
2016-03-18,7.2523,7.294,7.2106,7.2119,210600,17.3
2016-03-21,7.2523,7.3774,7.2106,7.2119,633320,17.3
2016-03-22,7.169,7.2523,7.1273,7.1285,478150,17.1
2016-03-23,7.1273,7.2106,7.1273,7.1702,206120,17.2
2016-03-24,7.2106,7.2106,7.0439,7.0451,549240,16.9
2016-03-25,7.0439,7.0856,6.9189,7.0451,653890,16.9
2016-03-28,7.1273,7.1273,7.0022,7.0451,260810,16.9
2016-03-29,7.0439,7.0439,6.9189,6.9201,531710,16.6
2016-03-30,6.9606,6.9606,6.8772,6.9618,693910,16.7
2016-03-31,6.9606,6.9606,6.7938,6.8367,573010,16.4
2016-04-01,6.8355,6.8772,6.7522,6.795,499970,16.3
2016-04-04,6.7938,6.8772,6.7522,6.8784,341700,16.5
2016-04-05,6.8355,6.9189,6.7938,6.8367,316480,16.4
2016-04-06,6.8355,6.9606,6.7938,6.9618,1125710,16.7
2016-04-07,7.0022,7.0022,6.8772,6.9618,1000690,16.7
2016-04-08,7.0022,7.0022,6.9189,6.9618,485640,16.7
2016-04-11,7.0022,7.0022,6.8355,6.8784,1579920,16.5
2016-04-12,6.8772,6.9189,6.7105,6.7533,1469180,16.2
2016-04-13,6.7522,6.7938,6.6688,6.7533,889370,16.2
2016-04-14,6.7522,6.8355,6.7105,6.7116,479910,16.1
2016-04-15,6.7105,6.7938,6.7105,6.7533,1575310,16.2
2016-04-19,6.7938,6.7938,6.6271,6.6699,593650,16
2016-04-20,6.6688,6.7105,6.5854,6.6699,809560,16
2016-04-21,6.7105,6.7105,6.6271,6.6699,436360,16
2016-04-22,6.6688,7.1273,6.6271,7.0034,2636290,16.8
2016-04-25,7.0856,7.2523,7.0856,7.1285,2999940,17.1
2016-04-26,7.1273,7.169,7.0022,7.0451,644470,16.9
2016-04-27,7.0856,7.0856,6.8772,6.8784,1759290,16.5
2016-04-28,6.8355,6.8772,6.7105,6.7533,1137280,16.2
2016-04-29,6.7105,7.0439,6.7105,6.9201,1345320,16.6
2016-05-04,6.9189,6.9606,6.7938,6.8367,775300,16.4
2016-05-05,6.9189,7.0439,6.8355,6.9618,1517550,16.7
2016-05-06,6.9606,7.2523,6.9606,7.2119,3576280,17.3
2016-05-09,7.294,7.419,7.169,7.2119,2398820,17.3
2016-05-10,7.1273,7.3357,7.0856,7.2536,1709950,17.4
2016-05-11,7.294,7.5024,7.2106,7.5037,3463790,18
2016-05-12,7.5858,7.5858,7.3357,7.3786,1282940,17.7
2016-05-13,7.3774,7.5441,7.294,7.3786,1600710,17.7
2016-05-16,7.3774,7.3774,7.2523,7.2953,894230,17.5
2016-05-17,7.3774,7.5024,7.3357,7.5037,1847570,18
2016-05-18,7.4607,7.5858,7.419,7.462,1645270,17.9
2016-05-19,7.4607,7.5024,7.3774,7.3786,555110,17.7
2016-05-20,7.3774,7.419,7.2523,7.2953,774760,17.5
2016-05-23,7.3357,7.3357,7.1273,7.1285,938770,17.1
2016-05-24,7.1273,7.2106,7.0856,7.2119,1147300,17.3
2016-05-25,7.2106,7.294,7.2106,7.2119,1056090,17.3
2016-05-26,7.169,7.2106,7.0439,7.1285,1542950,17.1
2016-05-27,7.1273,7.294,7.0856,7.2536,928400,17.4
2016-05-30,7.2523,7.3774,7.2106,7.3369,614250,17.6
2016-05-31,7.3357,7.4607,7.3357,7.4203,1127520,17.8
2016-06-01,7.419,7.5024,7.3774,7.4203,1117640,17.8
2016-06-02,7.419,7.4607,7.3774,7.462,386210,17.9
2016-06-03,7.4607,7.4607,7.3774,7.4203,580270,17.8
2016-06-06,7.3774,7.419,7.2523,7.3369,802850,17.6
2016-06-07,7.3357,7.3357,7.2523,7.2536,537710,17.4
2016-06-08,7.294,7.3774,7.294,7.3369,493650,17.6
2016-06-09,7.3357,7.4607,7.294,7.4203,890310,17.8
2016-06-10,7.3357,7.4607,7.3357,7.4203,1063080,17.8
2016-06-13,7.419,7.419,7.294,7.3369,584150,17.6
2016-06-14,7.294,7.294,7.169,7.2536,976830,17.4
2016-06-15,7.2523,7.294,7.169,7.2536,497500,17.4
2016-06-16,7.2106,7.294,7.169,7.1702,428580,17.2
2016-06-17,7.2106,7.2106,7.0439,7.0451,632060,16.9
2016-06-20,7.0856,7.1273,7.0439,7.0868,429240,17
2016-06-21,7.1273,7.169,7.0439,7.0868,281970,17
2016-06-22,7.169,7.169,7.0022,7.0451,513610,16.9
2016-06-23,7.0856,7.169,7.0439,7.1702,479790,17.2
2016-06-24,7.1273,7.169,6.6688,6.9618,1093710,16.7
2016-06-27,6.8355,6.9606,6.8355,6.9618,334300,16.7
2016-06-28,6.9189,6.9606,6.8772,6.8784,182440,16.5
2016-06-29,6.9606,7.1273,6.9606,7.0451,513620,16.9
2016-06-30,7.0856,7.1273,7.0022,7.0034,398700,16.8
2016-07-01,7.0022,7.1273,7.0022,7.0868,269590,17
2016-07-04,7.1273,7.169,7.0439,7.1285,470750,17.1
2016-07-05,7.1273,7.3357,7.1273,7.2536,797750,17.4
2016-07-06,7.2523,7.2523,7.1273,7.1702,299650,17.2
2016-07-07,7.169,7.2106,7.0856,7.2119,337740,17.3
2016-07-08,7.2523,7.2523,7.1273,7.1702,260560,17.2
2016-07-11,7.169,7.419,7.169,7.2536,1215260,17.4
2016-07-12,7.294,7.3774,7.2523,7.3786,2088690,17.7
2016-07-13,7.419,7.8775,7.3774,7.8789,5165290,18.9
2016-07-14,8.0442,8.4194,7.7525,7.7538,5103110,18.6
2016-07-15,7.9192,8.0442,7.7942,7.7955,1463810,18.7
2016-07-18,7.7108,7.9192,7.6274,7.7955,1084130,18.7
2016-07-19,7.9192,7.9192,7.419,7.5871,1644370,18.2
2016-07-20,7.5858,7.5858,7.3774,7.4203,1757120,17.8
2016-07-21,7.3774,7.5024,7.3357,7.4203,785170,17.8
2016-07-22,7.419,7.419,7.2523,7.4203,1243490,17.8
2016-07-25,7.4607,7.4607,7.294,7.2953,463360,17.5
2016-07-26,7.294,7.3357,7.2523,7.3369,271180,17.6
2016-07-27,7.5024,7.5858,7.294,7.5037,1495190,18
2016-07-28,7.5024,7.5024,7.419,7.4203,292440,17.8
2016-07-29,7.4607,7.5024,7.3774,7.4203,435450,17.8
2016-08-01,7.419,7.419,7.3357,7.3786,609860,17.7
2016-08-02,7.3774,7.3774,7.1273,7.1702,1344970,17.2
2016-08-03,7.1273,7.2106,7.0856,7.1285,449320,17.1
2016-08-04,7.0856,7.294,7.0856,7.2119,610370,17.3
2016-08-05,7.0856,7.2523,7.0856,7.1285,550230,17.1
2016-08-08,7.169,7.169,7.0856,7.1702,225100,17.2
2016-08-09,7.1273,7.2106,7.0439,7.0451,434340,16.9
2016-08-10,7.0856,7.2523,7.0856,7.2536,452530,17.4
2016-08-11,7.2523,7.419,7.2106,7.3369,670610,17.6
2016-08-12,7.3357,7.3774,7.169,7.2953,399590,17.5
2016-08-15,7.294,7.294,7.169,7.2953,278040,17.5
2016-08-16,7.2106,7.294,7.2106,7.2119,317960,17.3
2016-08-17,7.2523,7.2523,7.169,7.2119,263760,17.3
2016-08-18,7.2106,7.2523,7.169,7.2119,269640,17.3
2016-08-19,7.169,7.2106,7.0856,7.1285,602920,17.1
2016-08-22,7.169,7.169,7.1273,7.1702,495890,17.2
2016-08-23,7.169,7.169,7.1273,7.1285,242430,17.1
2016-08-24,7.1273,7.2106,7.1273,7.2119,427180,17.3
2016-08-25,7.2106,7.2106,7.1273,7.1285,173020,17.1
2016-08-26,7.169,7.3357,7.169,7.2536,622140,17.4
2016-08-29,7.2523,7.294,7.2106,7.2119,214620,17.3
2016-08-30,7.2106,7.294,7.2106,7.2536,667880,17.4
2016-08-31,7.2523,7.294,7.2106,7.2536,594530,17.4
2016-09-01,7.169,7.2523,7.1273,7.1702,376080,17.2
2016-09-05,7.2106,7.2106,7.1273,7.1285,314130,17.1
2016-09-06,7.2106,7.2106,7.0856,7.1285,395250,17.1
2016-09-07,7.0856,7.2106,7.0856,7.1702,183110,17.2
2016-09-08,7.2106,7.2106,7.1273,7.1702,321780,17.2
2016-09-09,7.2106,7.2523,7.169,7.2536,376440,17.4
2016-09-12,7.2523,7.2523,7.1273,7.191,396750,17.25
2016-09-13,7.2106,7.2106,7.1273,7.1493,166890,17.15
2016-09-14,7.1481,7.1481,6.9606,7.0034,420360,16.8
2016-09-15,7.0022,7.1273,7.0022,7.066,304460,16.95
2016-09-16,7.0856,7.0856,7.0439,7.066,156080,16.95
2016-09-19,7.0648,7.1481,7.0648,7.1285,510530,17.1
2016-09-20,7.0856,7.1273,7.0856,7.1077,254580,17.05
2016-09-21,7.1064,7.1273,7.0856,7.0868,133310,17
2016-09-22,7.1273,7.1273,7.0856,7.0868,328080,17
2016-09-23,7.0856,7.1273,7.0439,7.0451,192340,16.9
2016-09-26,7.0439,7.0856,7.0439,7.0451,220590,16.9
2016-09-27,7.0231,7.169,7.0231,7.1493,756460,17.15
2016-09-28,7.169,7.3357,7.1481,7.2536,841370,17.4
2016-09-29,7.294,7.294,7.1481,7.1493,104510,17.15
2016-09-30,7.1273,7.1481,7.0648,7.066,431170,16.95
2016-10-03,7.0856,7.169,7.0648,7.066,157380,16.95
2016-10-04,7.0648,7.2523,7.0439,7.2119,701650,17.3
2016-10-05,7.2106,7.4399,7.169,7.3369,1470580,17.6
2016-10-06,7.3774,7.419,7.3148,7.3369,846960,17.6
2016-10-07,7.3357,7.3357,7.2106,7.2119,294700,17.3
2016-10-10,7.2106,7.294,7.1273,7.1285,556460,17.1
2016-10-11,7.1273,7.169,7.0856,7.1493,477450,17.15
2016-10-12,7.1898,7.2523,7.1273,7.1493,305200,17.15
2016-10-13,7.1898,7.1898,7.1064,7.1493,324480,17.15
2016-10-14,7.169,7.2106,7.1064,7.1077,640770,17.05
2016-10-17,7.1064,7.1481,7.0856,7.1077,371450,17.05
2016-10-18,7.1064,7.1273,7.0648,7.1077,323370,17.05
2016-10-19,7.1273,7.294,7.1064,7.2327,1147690,17.35
2016-10-20,7.2523,7.2732,7.1898,7.2119,301740,17.3
2016-10-21,7.2315,7.2315,7.1481,7.1493,239110,17.15
2016-10-24,7.1481,7.2732,7.1481,7.2119,825040,17.3
2016-10-25,7.2523,7.2523,7.1273,7.1702,632230,17.2
2016-10-26,7.169,7.169,7.0648,7.066,378010,16.95
2016-10-27,7.0648,7.0856,6.9189,6.9201,818220,16.6
2016-10-28,7.0439,7.0856,6.9189,7.0868,997730,17
2016-10-31,7.0231,7.169,7.0022,7.0243,248850,16.85
2016-11-01,7.0231,7.0648,6.9189,6.9826,279000,16.75
2016-11-02,6.9814,7.0231,6.9397,6.9618,401560,16.7
2016-11-03,6.9397,6.9606,6.9189,6.9201,346580,16.6
2016-11-04,6.9606,6.9606,6.9189,6.9201,155210,16.6
2016-11-07,6.9189,6.9814,6.9189,6.9618,230230,16.7
2016-11-08,6.9606,7.0022,6.898,6.8992,302960,16.55
2016-11-09,6.9189,6.9606,6.8147,6.8575,482840,16.45
2016-11-10,6.8564,6.9397,6.8564,6.9201,669330,16.6
2016-11-11,6.9189,6.9397,6.8564,6.8575,316350,16.45
2016-11-14,6.898,6.898,6.8564,6.8784,303890,16.5
2016-11-15,6.8772,6.898,6.8564,6.8784,225170,16.5
2016-11-16,6.9189,6.9189,6.8355,6.8367,167420,16.4
2016-11-17,6.8355,6.8772,6.773,6.7742,569800,16.25
2016-11-18,6.773,6.8147,6.7313,6.7742,284580,16.25
2016-11-21,6.773,6.898,6.773,6.8992,591420,16.55
2016-11-22,6.8772,6.9814,6.8564,6.9826,532560,16.75
2016-11-23,6.9606,7.0022,6.9397,6.9826,412630,16.75
2016-11-24,6.9397,6.9814,6.7938,6.8367,322620,16.4
2016-11-25,6.8772,6.8772,6.7522,6.7742,728280,16.25
2016-11-28,6.7938,6.7938,6.6896,6.7116,334410,16.1
2016-11-29,6.6896,6.773,6.6896,6.6908,452340,16.05
2016-11-30,6.6896,6.7522,6.6688,6.7116,379010,16.1
2016-12-01,6.7105,6.773,6.7105,6.7533,441510,16.2
2016-12-02,6.773,6.8147,6.7313,6.7325,589230,16.15
2016-12-05,6.7938,6.7938,6.6896,6.6908,687550,16.05
2016-12-06,6.6896,6.7522,6.5438,6.5449,692140,15.7
2016-12-07,6.5438,6.5854,6.5021,6.524,607910,15.65
2016-12-08,6.5229,6.6688,6.4812,6.4824,562000,15.55
2016-12-09,6.4812,6.5438,6.4187,6.4198,581760,15.4
2016-12-12,6.4604,6.4604,6.1686,6.2531,894390,15
2016-12-13,6.2937,6.2937,6.0644,6.0863,675590,14.6
2016-12-14,6.0853,6.1895,6.0853,6.1072,453960,14.65
2016-12-15,6.1686,6.4187,6.127,6.1905,616860,14.85
2016-12-16,6.2312,6.252,6.1895,6.2531,465860,15
2016-12-19,6.3354,6.5021,6.3145,6.3781,882180,15.3
2016-12-20,6.377,6.5021,6.3562,6.3573,555100,15.25
2016-12-21,6.3562,6.4187,6.2937,6.3364,702700,15.2
2016-12-22,6.3562,6.377,6.252,6.2948,517150,15.1
2016-12-23,6.2728,6.3354,6.2312,6.3364,481330,15.2
2016-12-26,6.3354,6.377,6.2728,6.3156,326280,15.15
2016-12-27,6.3145,6.3562,6.2937,6.3364,263280,15.2
2016-12-28,6.3354,6.3562,6.2937,6.3364,538430,15.2
2016-12-29,6.2937,6.377,6.252,6.2531,882870,15
2016-12-30,6.252,6.3562,6.2103,6.2739,430500,15.05
2017-01-03,6.3562,6.7105,6.3562,6.7116,1008370,16.1
2017-01-04,6.8355,6.9189,6.7105,6.8367,1006570,16.4
2017-01-05,6.7938,6.8772,6.6688,6.8784,892010,16.5
2017-01-06,6.7105,7.1273,6.7105,6.9409,1151370,16.65
2017-01-09,7.0856,7.2106,7.0022,7.1285,1335810,17.1
2017-01-10,7.0856,7.0856,7.0022,7.0451,693510,16.9
2017-01-11,7.0439,7.3774,7.0439,7.3786,2008310,17.7
2017-01-12,7.3774,7.419,7.2523,7.3369,739950,17.6
2017-01-13,7.3357,7.3357,7.1898,7.2119,623490,17.3
2017-01-16,7.3848,7.3848,7.1676,7.1687,815390,16.5
2017-01-17,7.2979,7.6672,7.2762,7.6684,3003990,17.65
2017-01-18,7.6672,7.9278,7.4717,7.5163,1624550,17.3
2017-01-19,7.4282,7.6672,7.4282,7.6684,1088370,17.65
2017-01-20,7.6672,7.9061,7.6454,7.777,2339900,17.9
2017-01-23,7.7758,8.2753,7.754,7.9508,2995710,18.3
2017-01-24,8.0798,8.145,7.8626,8.0594,2109910,18.55
2017-01-25,8.0364,8.145,7.8626,8.0594,2442780,18.55
2017-02-02,8.0798,8.2536,7.993,8.1245,1314520,18.7
2017-02-03,8.1233,8.2102,7.9061,8.0159,2070490,18.45
2017-02-06,7.9712,8.0581,7.8844,7.9508,1384570,18.3
2017-02-07,7.9061,8.1016,7.8626,7.8856,3218470,18.15
2017-02-08,7.8844,7.9278,7.7323,7.7552,2904010,17.85
2017-02-09,7.7975,7.9061,7.7975,7.8421,1592330,18.05
2017-02-10,7.8409,8.1233,7.8192,8.0594,3566190,18.55
2017-02-13,8.0581,8.1016,7.9712,8.0377,1937220,18.5
2017-02-14,8.0147,8.1667,8.0147,8.1028,2680990,18.65
2017-02-15,8.1016,8.4274,8.1016,8.3852,4804180,19.3
2017-02-16,8.4274,8.536,8.2536,8.3852,5808080,19.3
2017-02-17,8.3405,8.3839,8.1884,8.2114,2778190,18.9
2017-02-20,8.145,8.2536,7.993,8.0377,2694060,18.5
2017-02-21,8.1233,8.1884,7.9495,7.9508,2330830,18.3
2017-02-22,7.993,7.993,7.754,7.8204,3853650,18
2017-02-23,7.8626,7.8844,7.602,7.777,2473690,17.9
2017-02-24,7.7323,7.993,7.6889,7.8421,1407370,18.05
2017-02-27,7.9495,8.0147,7.754,7.9508,1522540,18.3
2017-02-28,7.9495,8.0364,7.8626,7.929,2586140,18.25
2017-03-01,7.9061,7.9278,7.7106,7.8204,1182670,18
2017-03-02,7.9061,7.9061,7.7758,7.7987,816410,17.95
2017-03-03,7.7975,7.9712,7.6889,7.9508,1754040,18.3
2017-03-06,8.0147,8.1233,7.9495,7.9942,1718240,18.4
2017-03-07,7.9278,8.0364,7.9278,7.9508,844680,18.3
2017-03-08,7.9278,8.1884,7.8409,7.9725,1972150,18.35
2017-03-09,7.9712,8.1233,7.9712,7.9942,1281380,18.4
2017-03-10,7.9061,8.1016,7.9061,7.9073,969700,18.2
2017-03-13,7.9061,7.9278,7.7975,7.7987,1059150,17.95
2017-03-14,7.7758,7.8626,7.7323,7.777,1001120,17.9
2017-03-15,7.7758,7.8626,7.7106,7.7335,1048050,17.8
2017-03-16,7.7758,7.8626,7.7323,7.7552,886330,17.85
2017-03-17,7.8192,7.9495,7.8192,7.8421,696990,18.05
2017-03-20,7.9061,7.993,7.8192,7.9508,1679060,18.3
2017-03-21,8.0147,8.1233,7.993,8.0377,2470110,18.5
2017-03-22,8.1233,8.2102,7.9712,7.9725,2382120,18.35
2017-03-23,7.9712,8.0581,7.9278,8.0377,932740,18.5
2017-03-24,8.0798,8.1884,8.0364,8.1245,2471790,18.7
2017-03-27,8.2536,8.3622,8.1233,8.168,1622690,18.8
2017-03-28,8.1667,8.2102,7.993,8.0377,992200,18.5
2017-03-29,8.0147,8.0364,7.9495,7.9725,1098970,18.35
2017-03-30,7.993,8.0798,7.9712,7.9725,992300,18.35
2017-03-31,8.0147,8.0147,7.8192,7.8639,1445170,18.1
2017-04-03,7.8844,7.9061,7.7758,7.8204,1573370,18
2017-04-04,7.8626,7.8844,7.7975,7.7987,775940,17.95
2017-04-05,7.8409,7.8844,7.7758,7.8204,798240,18
2017-04-07,7.7975,7.8626,7.754,7.8204,681240,18
2017-04-10,7.8192,7.8844,7.7758,7.777,447310,17.9
2017-04-11,7.7758,7.8844,7.7106,7.8639,1238960,18.1
2017-04-12,7.8192,7.9495,7.7323,7.7335,1144700,17.8
2017-04-13,7.7758,7.8409,7.7106,7.7118,954120,17.75
2017-04-14,7.6454,7.7106,7.5586,7.6032,1645800,17.5
2017-04-17,7.602,7.7323,7.3848,7.3859,1623170,17
2017-04-18,7.3848,7.5151,7.3631,7.5163,1077960,17.3
2017-04-19,7.4934,7.5586,7.4934,7.5163,497490,17.3
2017-04-20,7.5586,7.6237,7.45,7.5597,453700,17.4
2017-04-21,7.5586,7.5586,7.4065,7.4294,652400,17.1
2017-04-24,7.4282,7.4717,7.3848,7.3859,363620,17
2017-04-25,7.3848,7.5151,7.3631,7.4294,286970,17.1
2017-04-26,7.3848,7.5151,7.3848,7.4728,475310,17.2
2017-04-27,7.4717,7.5586,7.4717,7.5163,410720,17.3
2017-04-28,7.5151,7.6672,7.4717,7.538,692930,17.35
2017-05-03,7.6237,7.6454,7.5368,7.6032,474500,17.5
2017-05-04,7.602,7.8192,7.5586,7.7335,973500,17.8
2017-05-05,7.6889,7.754,7.6672,7.7118,421560,17.75
2017-05-08,7.6889,7.7758,7.6454,7.7118,703620,17.75
2017-05-09,7.6672,7.8192,7.6454,7.7987,844220,17.95
2017-05-10,7.7975,8.0364,7.7758,7.9508,1931930,18.3
2017-05-11,7.993,7.993,7.8626,7.8639,641050,18.1
2017-05-12,7.8192,8.0147,7.8192,7.8856,703260,18.15
2017-05-15,7.8844,7.9061,7.754,7.8639,1110290,18.1
2017-05-16,7.7975,7.9061,7.6889,7.7335,815770,17.8
2017-05-17,7.7106,7.8409,7.6454,7.7118,654830,17.75
2017-05-18,7.7323,7.9278,7.7106,7.7987,933490,17.95
2017-05-19,7.8192,7.993,7.8192,7.9073,1091650,18.2
2017-05-22,8.0364,8.4491,7.9495,8.3418,5170640,19.2
2017-05-23,8.3405,8.4491,8.1233,8.1245,1965190,18.7
2017-05-24,8.1667,8.4491,8.0364,8.3635,2068710,19.25
2017-05-25,8.3622,8.4274,8.1884,8.2114,2220180,18.9
2017-05-26,8.2102,8.3405,8.1667,8.2114,1376370,18.9
2017-05-29,8.3188,8.6446,8.3188,8.4938,5590140,19.55
2017-05-30,8.4925,8.5577,8.2102,8.2114,2589230,18.9
2017-05-31,8.2102,8.3188,8.1233,8.168,1058830,18.8
2017-06-01,8.1667,8.297,8.1016,8.1028,1658360,18.65
2017-06-02,8.1233,8.145,8.0147,8.1245,1569140,18.7
2017-06-05,8.2536,8.297,8.145,8.168,968510,18.8
2017-06-06,8.1884,8.3622,8.1233,8.3418,1433850,19.2
2017-06-07,8.3839,8.7097,8.3839,8.6459,6095440,19.9
2017-06-08,8.6011,8.6446,8.4274,8.4938,1285490,19.55
2017-06-09,8.4925,8.6228,8.4274,8.4287,1210820,19.4
2017-06-12,8.4708,8.5577,8.3839,8.4721,1164340,19.5
2017-06-13,8.4708,8.6446,8.4056,8.6025,1257110,19.8
2017-06-14,8.688,8.8835,8.688,8.798,3179340,20.25
2017-06-15,8.7749,9.079,8.7749,8.8849,2805430,20.45
2017-06-16,8.7966,8.9486,8.7966,8.8631,982090,20.4
2017-06-19,8.9269,9.0355,8.8618,8.9935,1575050,20.7
2017-06-20,9.079,9.1007,8.9704,9.0804,1962690,20.9
2017-06-21,9.079,9.079,8.6446,8.798,2667760,20.25
2017-06-22,8.8183,8.8835,8.6663,8.6676,1834770,19.95
2017-06-23,8.6446,8.688,8.536,8.6894,1351710,20
2017-06-26,8.6663,8.9269,8.6663,8.798,1228390,20.25
2017-06-27,8.8183,8.8618,8.688,8.6894,1475230,20
2017-06-28,8.7314,8.7749,8.5577,8.7545,1301680,20.15
2017-06-29,8.688,8.9052,8.688,8.7545,1535240,20.15
2017-06-30,8.7749,8.7966,8.7314,8.798,860890,20.25
2017-07-03,8.8183,8.9704,8.7749,8.9718,2640680,20.65
2017-07-04,8.9921,8.9921,8.7966,8.8414,708720,20.35
2017-07-05,8.9052,8.9052,8.7966,8.8631,1118490,20.4
2017-07-06,8.8618,8.9052,8.7966,8.798,1606330,20.25
2017-07-07,8.84,8.9052,8.6446,8.6459,1805000,19.9
2017-07-10,8.6446,8.7314,8.1667,8.5156,2645310,19.6
2017-07-11,8.4708,8.5577,8.3405,8.5156,1082800,19.6
2017-07-12,8.5577,8.5577,8.3839,8.4721,682010,19.5
2017-07-13,8.5142,8.5577,8.3839,8.559,1014010,19.7
2017-07-14,8.5577,8.6011,8.3839,8.4069,904080,19.35
2017-07-17,8.4056,8.4274,8.0798,8.168,2136590,18.8
2017-07-18,8.1667,8.2536,8.0798,8.0811,2311940,18.6
2017-07-19,8.1884,8.2102,8.1233,8.2114,1650820,18.9
2017-07-20,8.2102,8.2536,8.0581,8.2549,1705080,19
2017-07-21,8.2536,8.3622,8.0798,8.0811,1833150,18.6
2017-07-24,8.0798,8.145,8.0364,8.0811,752680,18.6
2017-07-25,8.1233,8.297,8.1233,8.2983,1131570,19.1
2017-07-26,8.3622,8.536,8.297,8.4504,2445580,19.45
2017-07-27,8.3622,8.4708,8.3405,8.3852,1928880,19.3
2017-07-28,8.3839,8.5794,8.3622,8.4721,2971010,19.5
2017-07-31,8.5577,8.8618,8.5577,8.8631,3214090,20.4
2017-08-01,8.8618,8.8618,8.688,8.6894,2763120,20
2017-08-02,8.5577,8.9269,8.5142,8.7545,4382970,20.15
2017-08-03,8.7966,8.9486,8.7314,8.7545,5127760,20.15
2017-08-04,8.7749,8.8183,8.536,8.6676,3531350,19.95
2017-08-07,8.7097,8.7314,8.5794,8.6676,2733760,19.95
2017-08-08,8.6663,8.7532,8.536,8.5373,3342970,19.65
2017-08-09,8.4708,8.5142,8.1233,8.168,4404510,18.8
2017-08-10,8.1233,8.2536,8.0364,8.0594,3819510,18.55
2017-08-11,8.1016,8.2536,8.0364,8.2549,2764010,19
2017-08-14,8.2319,8.4056,8.2319,8.3635,1354330,19.25
2017-08-15,8.3622,8.4056,8.2536,8.2766,1433540,19.05
2017-08-16,8.2319,8.2753,8.1884,8.2114,1198460,18.9
2017-08-17,8.1884,8.2536,8.0581,8.0594,1664970,18.55
2017-08-18,8.0364,8.145,7.9495,8.0811,1447350,18.6
2017-08-21,8.0581,8.1233,8.0364,8.0594,982260,18.55
2017-08-22,8.0581,8.0581,7.9278,7.929,1344850,18.25
2017-08-23,7.9278,7.993,7.8626,7.929,1722930,18.25
2017-08-24,7.9495,8.2319,7.9278,8.2114,2585570,18.9
2017-08-25,8.2319,8.2753,8.145,8.1897,1455800,18.85
2017-08-28,8.1884,8.2102,8.1016,8.1897,1047150,18.85
2017-08-29,8.1667,8.2102,8.1016,8.1245,1485040,18.7
2017-08-30,8.0798,8.1233,8.0581,8.0594,624790,18.55
2017-08-31,8.1016,8.3405,8.0798,8.2766,2375340,19.05
2017-09-01,8.2753,8.4056,8.2319,8.2766,2074380,19.05
2017-09-05,8.2536,8.2753,8.1667,8.2114,855200,18.9
2017-09-06,8.2102,8.2102,8.1016,8.1463,1004380,18.75
2017-09-07,8.145,8.2753,8.145,8.2114,925180,18.9
2017-09-08,8.2102,8.2536,8.145,8.1463,1102880,18.75
2017-09-11,8.145,8.1884,8.0364,8.0594,1130490,18.55
2017-09-12,8.0798,8.145,8.0581,8.1028,711660,18.65
2017-09-13,8.1016,8.145,8.0581,8.0811,1068550,18.6
2017-09-14,8.0798,8.1667,8.0798,8.1463,1563930,18.75
2017-09-15,8.145,8.145,8.1016,8.1245,561770,18.7
2017-09-18,8.2102,8.4056,8.2102,8.3201,3083780,19.15
2017-09-19,8.2753,8.4708,8.2753,8.3852,2042660,19.3
2017-09-20,8.4056,8.5142,8.3622,8.4721,1592350,19.5
2017-09-21,8.4274,8.6011,8.4274,8.6025,2217490,19.8
2017-09-22,8.6011,8.6663,8.4925,8.4938,3031000,19.55
2017-09-25,8.4925,8.5142,8.4056,8.4287,1507280,19.4
2017-09-26,8.4274,8.536,8.3622,8.4504,1487760,19.45
2017-09-27,8.6065,8.6065,8.4713,8.473,1170000,18.8
2017-09-28,8.4262,8.5163,8.3361,8.3378,875410,18.5
2017-09-29,8.3361,8.4037,8.291,8.3378,740690,18.5
2017-10-02,8.3361,8.4713,8.3136,8.3153,627190,18.45
2017-10-03,8.3136,8.3812,8.246,8.2927,648210,18.4
2017-10-04,8.3136,8.4713,8.291,8.473,856890,18.8
2017-10-05,8.5614,8.6741,8.4938,8.5181,2000400,18.9
2017-10-06,8.4488,8.629,8.4488,8.6082,1040800,19.1
2017-10-09,8.6515,8.7191,8.629,8.6533,1696810,19.2
2017-10-10,8.6065,8.629,8.5389,8.6082,1683150,19.1
2017-10-11,8.6065,8.6515,8.4938,8.5181,1764540,18.9
2017-10-12,8.5163,8.5614,8.4938,8.4956,617660,18.85
2017-10-13,8.4938,8.5614,8.4262,8.5632,601900,19
2017-10-16,8.5614,8.6515,8.5614,8.6308,1573280,19.15
2017-10-17,8.6065,8.7642,8.6065,8.7434,3031680,19.4
2017-10-18,8.8318,8.9444,8.7416,8.7885,3831330,19.5
2017-10-19,8.7867,8.8318,8.7191,8.7885,1161020,19.5
2017-10-20,8.7642,8.8543,8.6966,8.766,1536340,19.45
2017-10-23,8.5389,8.8543,8.5163,8.5406,1928540,18.95
2017-10-24,8.4713,8.5839,8.4713,8.4956,932500,18.85
2017-10-25,8.5389,8.629,8.4938,8.6082,1403530,19.1
2017-10-26,8.629,8.629,8.4713,8.473,1340130,18.8
2017-10-27,8.4488,8.6065,8.4488,8.6082,757670,19.1
2017-10-30,8.6741,8.7416,8.5389,8.5406,2370310,18.95
2017-10-31,8.5163,8.5614,8.4488,8.4505,928260,18.75
2017-11-01,8.4488,8.5389,8.4262,8.473,833680,18.8
2017-11-02,8.4938,8.6065,8.3361,8.3378,1511390,18.5
2017-11-03,8.3361,8.4488,8.291,8.4505,1098240,18.75
2017-11-06,8.5389,8.7416,8.4488,8.7434,2844000,19.4
2017-11-07,8.6966,8.8994,8.6966,8.7885,3253350,19.5
2017-11-08,8.7416,9.012,8.7416,8.9688,4277710,19.9
2017-11-09,8.9669,8.9895,8.8092,8.8786,1263570,19.7
2017-11-10,8.9219,9.2824,8.8318,9.1941,4956130,20.4
2017-11-13,9.2824,9.2824,9.1247,9.1941,3130510,20.4
2017-11-14,9.2148,9.4626,9.1922,9.4195,2725640,20.9
2017-11-15,9.3725,9.4175,9.3049,9.3744,2307390,20.8
2017-11-16,9.3274,9.4626,9.3274,9.4645,3825870,21
2017-11-17,9.5077,9.5527,9.2598,9.2843,3115450,20.6
2017-11-20,9.3274,9.4401,9.2824,9.3744,1631580,20.8
2017-11-21,9.4626,9.733,9.4175,9.5547,5021360,21.2
2017-11-22,9.5978,10.2061,9.5753,10.2082,4538190,22.65
2017-11-23,10.4089,10.8595,10.2737,10.6814,4993910,23.7
2017-11-24,10.4539,10.8144,10.4539,10.5462,6220670,23.4
2017-11-27,10.4765,10.5891,10.4314,10.5462,3818950,23.4
2017-11-28,10.544,10.544,10.2286,10.411,3515960,23.1
2017-11-29,10.4089,10.8595,10.3863,10.8617,6301250,24.1
2017-11-30,10.9946,11.265,10.8144,10.9518,5558850,24.3
2017-12-01,10.9496,10.9946,10.7919,10.8392,2577080,24.05
2017-12-04,10.9496,10.9946,10.8369,10.9293,5980970,24.25
2017-12-05,10.9271,11.0397,10.5666,10.5913,4035460,23.5
2017-12-06,10.5891,10.6567,10.3187,10.5913,3331870,23.5
2017-12-07,10.5891,10.6342,10.3187,10.5011,1344350,23.3
2017-12-08,10.4539,10.5215,10.2737,10.3659,1735210,23
2017-12-11,10.1836,10.3187,9.6428,9.6448,2925210,21.4
2017-12-12,9.6428,9.8681,8.9895,9.6448,4351440,21.4
2017-12-13,9.733,9.733,9.395,9.3969,1512990,20.85
2017-12-14,9.4626,9.9583,9.395,9.9152,2318980,22
2017-12-15,9.778,10.0033,9.778,9.8702,2132900,21.9
2017-12-18,9.9808,10.2061,9.9583,10.1406,2289700,22.5
2017-12-19,10.2286,10.2286,9.9132,9.9378,2591650,22.05
2017-12-20,9.9132,10.1836,9.733,10.118,1899870,22.45
2017-12-21,10.1836,10.1836,9.9583,9.9603,1430880,22.1
2017-12-22,9.8006,10.0934,9.8006,10.0504,2121410,22.3
2017-12-25,10.0709,10.1385,9.9132,10.0054,923090,22.2
2017-12-26,10.0934,10.4539,10.0033,10.4335,3050860,23.15
2017-12-27,10.499,10.6792,10.4314,10.5011,3245260,23.3
2017-12-28,10.5891,10.9271,10.4539,10.9293,2726960,24.25
2017-12-29,10.9946,11.0172,10.7018,10.9068,3806720,24.2
2018-01-02,10.9045,11.265,10.7468,11.2448,3966440,24.95
2018-01-03,11.3101,11.3777,11.0172,11.1772,3941230,24.8
2018-01-04,11.1749,11.5804,11.1073,11.5828,4995490,25.7
2018-01-05,11.4903,11.5354,11.265,11.3124,3071940,25.1
2018-01-08,11.3101,11.6705,11.2425,11.5828,5017740,25.7
2018-01-09,11.6255,11.648,10.8144,11.5828,6561230,25.7
2018-01-10,11.5354,11.8057,11.3551,11.4927,9619750,25.5
2018-01-11,11.3551,11.6705,11.265,11.5603,4187120,25.65
2018-01-12,11.5804,11.8733,11.4678,11.5377,5148990,25.6
2018-01-15,11.4903,11.8733,11.2425,11.7631,4812150,26.1
2018-01-16,11.7607,12.1437,11.7607,11.9884,7707220,26.6
2018-01-17,11.986,12.0761,11.3551,11.3575,5012930,25.2
2018-01-18,11.265,11.4903,10.9045,11.4927,4941490,25.5
2018-01-19,11.4903,11.603,11.2875,11.4025,4243980,25.3
2018-01-22,11.5354,11.6705,11.4452,11.6053,2806440,25.75
2018-01-25,11.7607,12.3915,11.6705,12.056,12632930,26.75
2018-01-26,12.3464,12.5042,12.0986,12.3039,8629440,27.3
2018-01-29,12.3464,12.9548,12.3014,12.7546,9535190,28.3
2018-01-30,12.3915,12.7069,12.3014,12.6419,6537380,28.05
2018-01-31,12.9097,13.1125,12.2563,12.2588,8587080,27.2
2018-02-01,12.4816,12.797,12.2113,12.2814,7765160,27.25
2018-02-02,12.4366,12.7295,12.3014,12.6194,8967630,28
2018-02-05,12.3915,12.6168,11.7381,11.7405,7735310,26.05
2018-02-06,10.9721,11.4903,10.9271,10.9744,11384030,24.35
2018-02-07,11.4903,11.7381,11.3101,11.6053,5755430,25.75
2018-02-08,11.4002,11.603,11.0397,11.042,3171590,24.5
2018-02-09,10.4089,11.1298,10.3863,11.042,4778760,24.5
2018-02-12,11.4903,11.8057,11.4452,11.8081,3613760,26.2
2018-02-13,12.1662,12.2563,11.986,12.2588,4107030,27.2
2018-02-21,12.6168,13.0223,12.369,12.5518,11195110,27.85
2018-02-22,12.3915,13.3152,12.3915,12.9123,18022260,28.65
2018-02-23,13.2476,13.6982,13.0674,13.7011,13718750,30.4
2018-02-26,14.0587,14.239,13.6982,13.8363,15151800,30.7
2018-02-27,13.8785,14.4643,13.6532,14.4672,18420040,32.1
2018-02-28,14.1939,15.4331,14.1939,15.1433,18780330,33.6
2018-03-01,14.8698,15.5682,14.622,14.7376,20611220,32.7
2018-03-02,14.3741,15.005,14.3291,14.7376,16332340,32.7
2018-03-05,14.9599,14.9599,13.7433,13.7461,14397300,30.5
2018-03-06,14.1038,14.5544,13.8334,14.5574,8655290,32.3
2018-03-07,14.5544,14.7572,14.0362,14.1968,8743530,31.5
2018-03-08,14.0587,14.4643,14.0587,14.287,4450530,31.7
2018-03-09,14.5544,14.8473,14.4643,14.6024,9019810,32.4
2018-03-12,15.0726,15.2303,14.8698,15.0757,9131840,33.45
2018-03-13,15.0951,16.0864,15.0726,16.0897,14039020,35.7
2018-03-14,16.2216,16.492,15.9062,16.0221,8598930,35.55
2018-03-15,15.8611,16.6722,15.771,16.4953,9348680,36.6
2018-03-16,16.537,16.7623,16.2892,16.5404,7631290,36.7
2018-03-19,16.8299,16.8299,16.1315,16.3601,11655870,36.3
2018-03-20,16.154,16.4469,16.1315,16.2249,9728470,36
2018-03-21,16.4469,16.537,16.1765,16.3151,8752910,36.2
2018-03-22,16.4018,16.4244,15.9963,16.1348,9074600,35.8
2018-03-23,15.6358,15.9512,15.2528,15.7517,13238950,34.95
2018-03-26,15.6809,16.1315,15.5908,16.1348,7784740,35.8
2018-03-27,16.4469,16.537,16.109,16.1348,7589490,35.8
2018-03-28,15.9512,16.1765,15.8161,15.8644,4854050,35.2
2018-03-29,15.9963,15.9963,15.6809,15.7742,4348190,35
2018-03-30,15.771,15.7935,15.3429,15.594,5396860,34.6
2018-04-02,15.8161,16.3568,15.8161,16.3151,7508660,36.2
2018-04-03,16.3117,16.4469,16.1765,16.3601,5850150,36.3
2018-04-04,16.492,16.537,16.1315,16.1799,6987490,35.9
2018-04-05,16.3117,16.3117,15.9963,16.0447,4491490,35.6
2018-04-06,16.2667,16.4018,16.0639,16.0897,5822740,35.7
2018-04-09,16.1765,16.9876,16.0414,16.9911,12738930,37.7
2018-04-10,17.1228,17.2355,16.6947,16.8108,6795480,37.3
2018-04-11,16.8975,17.0327,16.0864,16.0897,9276770,35.7
2018-04-12,15.9512,16.2441,15.7935,16.0897,6157460,35.7
2018-04-13,16.2216,16.2667,15.388,15.4137,8955730,34.2
2018-04-16,15.4105,15.7259,14.9599,15.3235,4681650,34
2018-04-17,15.3655,15.6809,15.1627,15.6841,3718370,34.8
2018-04-18,15.8611,15.8837,15.1176,15.1207,3917470,33.55
2018-04-19,15.0951,15.1176,14.1488,14.2419,9517160,31.6
2018-04-20,14.5093,15.0951,14.1488,15.0982,4349720,33.5
2018-04-23,15.0951,15.2303,14.0587,14.0616,5666300,31.2
2018-04-24,13.6532,14.284,13.4279,13.6785,5706980,30.35
2018-04-26,13.6757,13.7433,12.7295,12.7321,8261420,28.25
2018-04-27,12.7295,13.3152,12.5492,13.2053,5541550,29.3
2018-05-02,12.2789,13.3828,12.2789,12.2814,5398180,27.25
2018-05-03,12.2789,13.0674,11.6255,13.0701,9431320,29
2018-05-04,13.1575,13.2476,12.752,12.8447,4309260,28.5
2018-05-07,12.8872,13.7208,12.8196,13.7236,6311980,30.45
2018-05-08,13.5405,14.1038,13.518,13.7011,8128930,30.4
2018-05-09,13.518,13.8334,13.3152,13.5208,4247880,30
2018-05-10,13.4279,13.6081,12.6168,12.6194,7044560,28
2018-05-11,12.5717,13.4955,12.369,13.2504,8676620,29.4
2018-05-14,13.4504,13.4729,13.1125,13.2954,3612060,29.5
2018-05-15,13.3152,13.6081,13.2251,13.4532,5313260,29.85
2018-05-16,13.3828,13.4504,12.9773,13.1152,6053700,29.1
2018-05-17,13.1575,13.3152,12.9773,13.1602,4363180,29.2
2018-05-18,13.2927,13.3603,12.6844,13.2729,5007410,29.45
2018-05-21,13.3378,13.3828,12.9773,12.9799,2892620,28.8
2018-05-22,12.7069,12.9548,12.1662,12.2138,6389160,27.1
2018-05-23,12.031,12.6168,12.0085,12.6194,5200740,28
2018-05-24,12.6168,12.7069,12.2113,12.3264,2609650,27.35
2018-05-25,12.3915,12.4816,11.7607,11.7856,4572900,26.15
2018-05-28,11.4903,11.6705,10.9721,10.9744,7903690,24.35
2018-05-29,11.4002,11.7381,11.0172,11.7405,6822120,26.05
2018-05-30,11.7156,12.0085,11.5128,11.5603,4720830,25.65
2018-05-31,11.5354,12.2789,11.5354,12.2138,5455510,27.1
2018-06-01,12.0761,12.6844,12.031,12.3715,7380970,27.45
2018-06-04,12.3464,12.6619,12.1887,12.5969,5865720,27.95
2018-06-05,12.5943,12.9322,12.5267,12.7997,7849780,28.4
2018-06-06,12.797,13.1801,12.6619,13.0475,5455670,28.95
2018-06-07,13.1125,13.1125,12.752,12.7771,5969420,28.35
2018-06-08,12.6168,12.9548,12.6168,12.8673,4767490,28.55
2018-06-11,12.7069,12.9548,12.6393,12.6419,4624690,28.05
2018-06-12,12.5267,12.5717,11.9634,12.349,8799030,27.4
2018-06-13,12.3464,12.5042,12.1887,12.3715,2888490,27.45
2018-06-14,12.3464,12.4591,12.0761,12.0786,3232350,26.8
2018-06-15,11.9409,12.2563,11.8508,12.2138,2911510,27.1
2018-06-18,12.1662,12.3014,11.648,11.6504,4602800,25.85
2018-06-19,11.4903,11.5128,10.8369,11.4476,8256400,25.4
2018-06-20,11.5354,11.8283,11.3101,11.7856,3539880,26.15
2018-06-21,11.7607,11.8057,11.4002,11.4251,2439860,25.35
2018-06-22,11.265,11.6705,11.265,11.6729,3017090,25.9
2018-06-25,11.8958,12.0536,11.8057,11.8757,3968730,26.35
2018-06-26,11.7156,11.8283,11.603,11.718,2269630,26
2018-06-27,11.7381,11.8508,11.265,11.2673,2295230,25
2018-06-28,11.265,11.3777,10.8369,10.9518,5529200,24.3
2018-06-29,11.0848,11.1974,10.8595,10.9293,3131100,24.25
2018-07-02,10.8144,10.9045,10.2286,10.411,5922700,23.1
2018-07-03,10.4089,10.499,9.6879,9.6899,12604080,21.5
2018-07-04,9.8681,9.8681,9.4626,9.8702,4173250,21.9
2018-07-05,9.778,9.8681,9.2148,9.2392,5581570,20.5
2018-07-06,9.2373,9.8681,9.1472,9.8702,7482830,21.9
2018-07-09,10.161,10.3187,9.9132,9.9603,5856660,22.1
2018-07-10,10.0033,10.2286,9.9132,10.073,4742620,22.35
2018-07-11,9.6879,9.8231,9.395,9.4195,6419960,20.9
2018-07-12,9.8231,10.0709,9.395,9.8251,4607140,21.8
2018-07-13,10.0934,10.3638,10.0259,10.1857,5166290,22.6
2018-07-16,10.3638,10.4539,10.1836,10.2758,5097690,22.8
2018-07-17,10.1836,10.8595,10.0709,10.8166,9663380,24
2018-07-18,10.9045,11.2199,10.8595,11.2222,5547380,24.9
2018-07-19,11.0397,11.2425,10.9496,10.9969,6561280,24.4
2018-07-20,10.8144,11.1524,10.6342,11.1321,7175250,24.7
2018-07-23,10.6342,11.265,10.6342,10.6363,4660480,23.6
2018-07-24,10.6792,10.7693,10.4314,10.6138,4694830,23.55
2018-07-25,10.7693,10.7693,10.2737,10.2758,4438080,22.8
2018-07-26,10.2737,10.4089,10.1836,10.3659,3833150,23
2018-07-27,10.499,10.7243,10.3413,10.5462,3661800,23.4
2018-07-30,10.6792,10.7693,10.5666,10.749,3005450,23.85
2018-07-31,10.7243,10.9045,10.5666,10.6363,5360140,23.6
2018-08-01,10.6342,10.7018,10.3638,10.4561,4143490,23.2
2018-08-02,10.3638,10.4314,10.1836,10.3434,4459080,22.95
2018-08-03,10.4314,10.5215,10.2737,10.2983,3338160,22.85
2018-08-06,10.2737,10.499,10.1836,10.2983,3045600,22.85
2018-08-07,10.1836,10.5891,10.1836,10.3885,3590660,23.05
2018-08-08,10.4314,10.7919,10.4089,10.7941,5566440,23.95
2018-08-09,10.9045,11.0622,10.8144,10.8392,7031950,24.05
2018-08-10,10.7693,10.9496,10.7243,10.9293,4512160,24.25
2018-08-13,10.9271,11.603,10.882,11.6053,11399080,25.75
2018-08-14,11.6255,11.7381,11.4002,11.4025,5458820,25.3
2018-08-15,11.648,11.8508,11.265,11.3575,9774410,25.2
2018-08-16,11.1749,11.8508,11.0397,11.7856,11227630,26.15
2018-08-17,12.031,12.0986,11.7156,11.718,8647290,26
2018-08-20,11.6931,11.8283,11.5804,11.5828,5328040,25.7
2018-08-21,11.5354,11.9409,11.4452,11.9434,7109240,26.5
2018-08-22,11.9634,12.0761,11.7381,11.8307,6502340,26.25
2018-08-23,11.8283,11.9184,11.648,11.7631,6138470,26.1
2018-08-24,11.7381,11.986,11.5128,11.7631,8362470,26.1
2018-08-27,11.9184,12.3464,11.8733,12.2588,9437840,27.2
2018-08-28,12.3014,12.369,12.2113,12.2814,6284270,27.25
2018-08-29,12.2789,12.3014,12.1211,12.1687,5534930,27
2018-08-30,12.1662,12.5943,12.1211,12.4391,7422130,27.6
2018-08-31,12.414,12.4816,12.1437,12.2363,5595720,27.15
2018-09-04,12.1437,12.2113,11.6705,11.6729,8071290,25.9
2018-09-05,11.6705,11.8508,11.5804,11.7405,6678740,26.05
2018-09-06,11.7607,11.8283,11.5804,11.6729,3629360,25.9
2018-09-07,11.6255,11.9634,11.603,11.9434,4308610,26.5
2018-09-10,11.9184,11.986,11.7607,11.8081,2733190,26.2
2018-09-11,11.7607,12.2113,11.7607,12.1462,6257740,26.95
2018-09-12,12.2338,12.2563,11.9409,11.9434,4889210,26.5
2018-09-13,12.0761,12.2113,11.9634,12.011,4491540,26.65
2018-09-14,12.1211,12.3239,12.0761,12.1462,6677120,26.95
2018-09-17,12.1437,12.1437,11.986,11.9884,2912850,26.6
2018-09-18,11.9409,12.1211,11.8283,12.1236,3675180,26.9
2018-09-19,12.2563,12.3014,12.0761,12.0786,5157360,26.8
2018-09-20,12.1211,12.369,12.031,12.3715,5641050,27.45
2018-09-21,12.4366,12.752,12.3915,12.6645,11683350,28.1
2018-09-24,12.6619,12.752,12.5267,12.6194,4332530,28
2018-09-25,12.5267,12.7069,12.4591,12.5293,5786020,27.8
2018-09-26,12.5042,12.7069,12.4591,12.4616,5824170,27.65
2018-09-27,12.5267,12.5943,12.414,12.4391,4772170,27.6
2018-09-28,12.4816,12.6619,12.414,12.4166,6073370,27.55
2018-10-01,12.4366,12.5267,12.0761,12.1912,6461870,27.05
2018-10-02,12.1887,12.369,12.0085,12.2138,7746060,27.1
2018-10-03,12.3014,12.4816,12.2789,12.394,4127150,27.5
2018-10-04,12.5492,12.5717,12.414,12.4842,3473930,27.7
2018-10-05,12.4816,12.5267,12.2113,12.2138,5198350,27.1
2018-10-08,12.1211,12.2789,12.0761,12.1011,4657990,26.85
2018-10-09,12.0986,12.1662,11.986,12.0335,3336170,26.7
2018-10-10,12.0761,12.0986,11.8733,11.9208,3546520,26.45
2018-10-11,11.0848,11.5804,11.0848,11.087,12082520,24.6
2018-10-12,10.9045,11.4452,10.8595,11.4476,5389190,25.4
2018-10-15,11.4452,11.4903,11.1524,11.1546,2884750,24.75
2018-10-16,11.1749,11.3326,11.1298,11.3349,2005520,25.15
2018-10-17,11.5354,11.5804,11.3777,11.4025,3206460,25.3
2018-10-18,11.265,11.4903,11.1974,11.1997,3109490,24.85
2018-10-19,11.0397,11.2199,10.9045,11.1321,3112080,24.7
2018-10-22,11.2199,11.265,11.0172,11.0194,2097350,24.45
2018-10-23,10.9946,10.9946,10.4765,10.6589,5920090,23.65
2018-10-24,10.6567,10.7919,10.4539,10.4561,3019740,23.2
2018-10-25,10.0934,10.4314,9.9583,10.3659,4766130,23
2018-10-26,10.544,10.544,10.1385,10.1406,1995490,22.5
2018-10-29,10.0484,10.2512,9.9583,9.9603,3684150,22.1
2018-10-30,9.9583,10.161,9.9132,10.0054,2528950,22.2
2018-10-31,10.1836,10.544,10.0934,10.5462,5805250,23.4
2018-11-01,10.5891,10.6116,10.2737,10.2983,2567210,22.85
2018-11-02,10.3638,10.7243,10.3413,10.5913,4558920,23.5
2018-11-05,10.4539,10.6116,10.4314,10.5913,2120240,23.5
2018-11-06,10.6792,10.7243,10.4765,10.4786,2694510,23.25
2018-11-07,10.4765,10.5891,10.2962,10.4786,2753710,23.25
2018-11-08,10.6792,10.7018,10.4539,10.4561,2690030,23.2
2018-11-09,10.3187,10.4765,10.161,10.1857,3077020,22.6
2018-11-12,10.1385,10.2061,9.9583,10.118,2365260,22.45
2018-11-13,9.9132,10.0934,9.9132,9.9152,3311180,22
2018-11-14,9.9132,10.0709,9.4401,9.5547,5671640,21.2
2018-11-15,9.5527,9.778,9.4626,9.5772,3721830,21.25
2018-11-16,9.733,9.9808,9.6428,9.8927,3063290,21.95
2018-11-19,9.9808,10.3863,9.8907,10.3885,5513170,23.05
2018-11-20,10.2286,10.5666,10.2061,10.4561,4890140,23.2
2018-11-21,10.2737,10.5891,10.2512,10.5011,3479650,23.3
2018-11-22,10.6342,10.6342,10.3413,10.3434,3322210,22.95
2018-11-23,10.2962,10.4089,10.116,10.118,3174400,22.45
2018-11-26,10.0934,10.2061,10.0934,10.1406,1762420,22.5
2018-11-27,10.2286,10.2962,9.9808,10.0504,2219900,22.3
2018-11-28,10.0484,10.2512,10.0484,10.2533,2457300,22.75
2018-11-29,10.3413,10.4539,10.2286,10.2983,4180120,22.85
2018-11-30,10.2512,10.4765,10.2286,10.3659,3545150,23
2018-12-03,10.6342,10.9045,10.5891,10.8842,6826140,24.15
2018-12-04,10.8369,10.9496,10.6792,10.7716,4049780,23.9
2018-12-05,10.5891,10.9946,10.5891,10.8617,5058040,24.1
2018-12-06,10.7919,10.882,10.7018,10.7941,4251890,23.95
2018-12-07,10.8369,10.9946,10.7919,10.8392,4313800,24.05
2018-12-10,10.6342,10.7018,10.4089,10.411,6683070,23.1
2018-12-11,10.4089,10.544,10.3863,10.5011,3255860,23.3
2018-12-12,10.5666,10.5891,10.499,10.5913,2314550,23.5
2018-12-13,10.6116,10.6792,10.4314,10.4335,4164600,23.15
2018-12-14,10.3638,10.4539,9.9583,10.073,11320020,22.35
2018-12-17,9.9132,9.9808,9.733,9.7575,5481050,21.65
2018-12-18,9.5978,9.8456,9.5527,9.6674,4927320,21.45
2018-12-19,9.6203,9.6654,8.9895,9.1941,11210140,20.4
2018-12-20,9.2373,9.4175,9.0345,9.104,6187230,20.2
2018-12-21,9.0571,9.395,9.0345,9.3969,3621750,20.85
2018-12-24,9.2824,9.4626,9.1472,9.1716,2764900,20.35
2018-12-25,8.9219,8.9669,8.629,8.8786,4603010,19.7
2018-12-26,8.9669,9.012,8.629,8.6984,3119010,19.3
2018-12-27,9.012,9.0345,8.7191,8.7209,3841050,19.35
2018-12-28,8.7867,8.8768,8.6741,8.6984,2310660,19.3
2019-01-02,8.5614,8.7642,8.5614,8.5632,2420340,19
2019-01-03,8.5614,8.6515,8.1333,8.1575,5513360,18.1
2019-01-04,8.1333,8.3586,7.9756,8.2702,3804290,18.35
2019-01-07,8.4713,8.4713,8.1784,8.1801,3982660,18.15
2019-01-08,8.2235,8.2235,8.0207,8.0674,5636280,17.9
2019-01-09,8.1108,8.4262,8.0657,8.2702,5954880,18.35
2019-01-10,8.291,8.629,8.246,8.4956,7326460,18.85
2019-01-11,8.4713,8.6741,8.4262,8.473,4025750,18.8
2019-01-14,8.3812,8.5839,8.3586,8.473,4808180,18.8
2019-01-15,8.4713,8.6065,8.4488,8.5181,3074470,18.9
2019-01-16,8.4262,8.6065,8.3812,8.428,3652310,18.7
2019-01-17,8.4262,8.5163,8.3136,8.3153,3172300,18.45
2019-01-18,8.3812,8.3812,8.2009,8.2026,3403750,18.2
2019-01-21,8.2685,8.7642,8.246,8.766,11448210,19.45
2019-01-22,8.8768,9.0571,8.7642,8.811,9145450,19.55
2019-01-23,8.7642,9.0345,8.6966,8.9913,6937940,19.95
2019-01-24,9.012,9.2373,8.9669,9.2167,8813040,20.45
2019-01-25,9.1922,9.2824,9.0345,9.104,5976710,20.2
2019-01-28,9.1021,9.2148,9.0571,9.1716,4441160,20.35
2019-01-29,9.1247,9.3725,9.0571,9.3519,6598310,20.75
2019-01-30,9.35,9.395,9.2148,9.2167,2573630,20.45
2019-01-31,9.2598,9.3049,8.8318,8.8786,9039900,19.7
2019-02-01,8.7867,9.0796,8.7867,9.0589,3635060,20.1
2019-02-11,9.2824,9.4175,9.1472,9.3293,3647470,20.7
2019-02-12,9.3274,9.5753,9.2824,9.3969,7612990,20.85
2019-02-13,9.3725,9.5753,9.35,9.3969,7588170,20.85
2019-02-14,9.4175,9.5077,9.3725,9.3969,5036130,20.85
2019-02-15,9.3274,9.5077,9.2824,9.3744,4246880,20.8
2019-02-18,9.4175,9.5527,9.3725,9.4195,6827190,20.9
2019-02-19,9.395,9.4851,9.2373,9.2392,8892610,20.5
2019-02-20,9.2373,9.4175,9.2148,9.2843,5477410,20.6
2019-02-21,9.3049,9.3049,9.1472,9.1941,7146910,20.4
2019-02-22,9.1922,9.5527,9.1021,9.5096,13187550,21.1
2019-02-25,9.6879,9.733,9.5978,9.5998,5931030,21.3
2019-02-26,9.5527,9.6654,9.4626,9.6223,6554030,21.35
2019-02-27,9.6654,9.6654,9.5077,9.5321,5029720,21.15
2019-02-28,9.5302,9.5753,9.3049,9.3744,8048820,20.8
2019-03-01,9.4175,9.4401,9.3049,9.3744,4475980,20.8
2019-03-04,9.4175,9.6203,9.395,9.5547,6800970,21.2
2019-03-05,9.5527,9.778,9.4851,9.5772,7944430,21.25
2019-03-06,9.5978,9.6428,9.5077,9.5998,3602700,21.3
2019-03-07,9.6879,9.778,9.6203,9.6899,8034740,21.5
2019-03-08,9.5978,9.6879,9.5302,9.5547,5363050,21.2
2019-03-11,9.5527,9.5978,9.4626,9.5096,3180430,21.1
2019-03-12,9.5978,9.9583,9.4626,9.9603,9098570,22.1
2019-03-13,10.0709,10.2512,9.9583,10.1631,14616340,22.55
2019-03-14,10.1385,10.2512,10.0709,10.1406,5173620,22.5
2019-03-15,10.0484,10.3187,10.0033,10.2307,8573740,22.7
2019-03-18,10.3187,10.5666,10.2962,10.5462,10114160,23.4
2019-03-19,10.544,10.544,10.3413,10.411,7499460,23.1
2019-03-20,10.3187,10.4314,10.161,10.3659,9015900,23
2019-03-21,10.3638,10.4089,9.9583,9.9603,7177690,22.1
2019-03-22,10.0709,10.1836,9.9357,10.1406,6185060,22.5
2019-03-25,9.9132,10.0033,9.7555,9.9828,7191300,22.15
2019-03-26,10.116,10.2061,10.0033,10.073,2997150,22.35
2019-03-27,10.1385,10.2737,10.0484,10.1406,3367730,22.5
2019-03-28,10.0484,10.2512,10.0484,10.2082,2594400,22.65
2019-03-29,10.2512,10.2737,10.0934,10.118,4161570,22.45
2019-04-01,10.161,10.161,9.9808,10.0279,2773610,22.25
2019-04-02,10.1385,10.161,9.9132,9.9152,2530940,22
2019-04-03,9.8456,9.8907,9.733,9.8251,5020300,21.8
2019-04-04,9.9583,10.0484,9.778,9.9152,2028650,22
2019-04-05,9.9583,10.0259,9.8681,9.8702,2353340,21.9
2019-04-08,9.8681,10.0484,9.8456,10.0504,2617240,22.3
2019-04-09,10.0934,10.1836,9.9808,9.9828,3894020,22.15
2019-04-10,9.8681,9.9808,9.8456,9.8702,2240010,21.9
2019-04-11,9.8681,10.0259,9.8456,9.8927,2063740,21.95
2019-04-12,9.8681,9.9357,9.8456,9.8476,1535700,21.85
2019-04-16,9.733,9.778,9.5978,9.7124,3150240,21.55
2019-04-17,9.7555,9.8456,9.6654,9.6674,2156930,21.45
2019-04-18,9.6203,9.6879,9.4175,9.4645,3812000,21
2019-04-19,9.5302,9.5753,9.3725,9.3744,2009050,20.8
2019-04-22,9.3725,9.4626,9.2148,9.2392,2309880,20.5
2019-04-23,9.3274,9.5527,9.2373,9.3969,2447700,20.85
2019-04-24,9.5077,9.7104,9.4626,9.6448,2446780,21.4
2019-04-25,9.5978,9.6428,9.4851,9.4871,1295490,21.05
2019-04-26,9.4851,9.5978,9.4626,9.5772,1447680,21.25
2019-05-02,9.5978,9.5978,9.4175,9.4645,1919560,21
2019-05-03,9.4175,9.5302,9.395,9.4195,1724730,20.9
2019-05-06,9.2824,9.3274,9.1697,9.2167,2472430,20.45
2019-05-07,9.2373,9.3725,9.1247,9.1941,1493980,20.4
2019-05-08,9.0796,9.2148,9.0571,9.2167,1787060,20.45
2019-05-09,9.1922,9.2824,9.0345,9.0589,1996910,20.1
2019-05-10,9.1021,9.2373,9.0796,9.1491,1696620,20.3
2019-05-13,9.1922,9.395,9.1472,9.2167,1929660,20.45
2019-05-14,9.1247,9.3049,9.1247,9.2617,2101030,20.55
2019-05-15,9.3049,9.5302,9.3049,9.5321,3676840,21.15
2019-05-16,9.5302,9.6203,9.4626,9.5096,2446250,21.1
2019-05-17,9.5077,9.6203,9.4626,9.5547,2576280,21.2
2019-05-20,9.5527,9.6879,9.5077,9.6223,2854020,21.35
2019-05-21,9.6203,9.6879,9.5527,9.5772,2301740,21.25
2019-05-22,9.7104,9.778,9.5753,9.7124,4998510,21.55
2019-05-23,9.6879,9.733,9.5978,9.6899,1878120,21.5
2019-05-24,9.6203,9.6879,9.5527,9.5547,2200020,21.2
2019-05-27,9.5302,9.5753,9.4626,9.5547,1710820,21.2
2019-05-28,9.5527,9.5527,9.4175,9.4645,2024820,21
2019-05-29,9.4175,9.4401,9.3049,9.3068,2326330,20.65
2019-05-30,9.2824,9.395,9.2373,9.3068,1569920,20.65
2019-05-31,9.35,9.35,9.1472,9.1491,2022410,20.3
2019-06-03,9.0571,9.1697,8.9669,8.9688,3077110,19.9
2019-06-04,9.012,9.1021,8.9669,9.0139,2031330,20
2019-06-05,9.1472,9.2598,9.0571,9.0589,1915720,20.1
2019-06-06,9.0571,9.1697,8.9895,9.1491,1981740,20.3
2019-06-07,9.1922,9.2148,9.1472,9.2167,1389360,20.45
2019-06-10,9.3274,9.35,9.2148,9.2392,2476670,20.5
2019-06-11,9.2373,9.2598,9.2148,9.2392,1143400,20.5
2019-06-12,9.2148,9.2373,9.1247,9.1265,1213370,20.25
2019-06-13,9.1021,9.1697,9.0796,9.0815,1334410,20.15
2019-06-14,9.1247,9.2824,9.0796,9.1491,2793720,20.3
2019-06-17,9.1922,9.2824,9.1697,9.2167,2429080,20.45
2019-06-18,9.2373,9.2824,9.1247,9.1265,1778110,20.25
2019-06-19,9.1247,9.2373,9.1247,9.1265,1428770,20.25
2019-06-20,9.1247,9.4626,9.1021,9.4645,5390770,21
2019-06-21,9.5527,9.6428,9.4401,9.6448,4663670,21.4
2019-06-24,9.6203,9.6879,9.5302,9.6448,3859260,21.4
2019-06-25,9.5302,9.6428,9.4851,9.4871,3629470,21.05
2019-06-26,9.4401,9.6203,9.4175,9.4195,3109850,20.9
2019-06-27,9.3049,9.4175,9.2824,9.3068,4239030,20.65
2019-06-28,8.7867,9.35,8.7867,8.7885,4143360,19.5
2019-07-01,9.395,9.395,9.1472,9.3969,3636530,20.85
2019-07-02,9.3725,9.5302,9.35,9.3744,2581680,20.8
2019-07-03,9.3274,9.5302,9.3049,9.4871,4071120,21.05
2019-07-04,9.5302,9.5753,9.4401,9.5321,2421940,21.15
2019-07-05,9.5302,9.6654,9.4626,9.5321,3183640,21.15
2019-07-08,9.5302,9.5302,9.35,9.4195,3247610,20.9
2019-07-09,9.4175,9.5077,9.395,9.442,2437260,20.95
2019-07-10,9.4626,9.5978,9.4626,9.4645,2666090,21
2019-07-11,9.5077,9.7555,9.5077,9.7124,5419950,21.55
2019-07-12,9.733,9.8006,9.6203,9.6674,3416020,21.45
2019-07-15,9.6654,9.733,9.6203,9.6899,1998860,21.5
2019-07-16,9.6879,9.8006,9.6879,9.78,5202320,21.7
2019-07-17,9.8231,9.9132,9.7555,9.8702,4406650,21.9
2019-07-18,9.778,9.8681,9.7555,9.7575,2817020,21.65
2019-07-19,9.8907,9.9808,9.8231,9.8476,6736500,21.85
2019-07-22,9.8456,9.9357,9.7104,9.735,3295120,21.6
2019-07-23,9.733,9.8006,9.7104,9.7575,2923250,21.65
2019-07-24,9.8006,9.8231,9.5753,9.5772,3844740,21.25
2019-07-25,9.5753,9.6654,9.5527,9.5772,2757240,21.25
2019-07-26,9.6203,9.6428,9.5527,9.5547,2030860,21.2
2019-07-29,9.5527,9.5753,9.3725,9.4195,2591880,20.9
2019-07-30,9.5077,9.5302,9.3274,9.3293,2545270,20.7
2019-07-31,9.3274,9.395,9.3049,9.3519,2200930,20.75
2019-08-01,9.3725,9.3725,9.1472,9.1941,2806750,20.4
2019-08-02,9.1021,9.3274,9.0796,9.1716,3314870,20.35
2019-08-05,9.2148,9.2148,9.1247,9.1716,2811330,20.35
2019-08-06,8.9895,9.1472,8.9895,9.104,3546800,20.2
2019-08-07,9.1021,9.1922,9.0345,9.104,1426570,20.2
2019-08-08,9.1472,9.2148,9.0571,9.2167,2257320,20.45
2019-08-09,9.2148,9.3274,9.1697,9.2392,2169710,20.5
2019-08-12,9.2373,9.2598,9.1247,9.1716,2294430,20.35
2019-08-13,9.1021,9.2824,9.0796,9.2843,2312360,20.6
2019-08-14,9.3725,9.395,9.2373,9.2392,2708730,20.5
2019-08-15,9.0571,9.1922,9.0571,9.1941,2300810,20.4
2019-08-16,9.2598,9.3725,9.1472,9.2392,3255150,20.5
2019-08-19,9.2824,9.3725,9.2373,9.2392,1255700,20.5
2019-08-20,9.2373,9.3049,9.2148,9.2843,2188250,20.6
2019-08-21,9.2824,9.4401,9.2373,9.3519,4601730,20.75
2019-08-22,9.4401,9.4401,9.2824,9.2843,1977380,20.6
2019-08-23,9.2824,9.3274,9.2373,9.2392,1872130,20.5
2019-08-26,9.1247,9.1922,9.0796,9.1491,3443430,20.3
2019-08-27,9.2148,9.2373,9.1021,9.1491,1948770,20.3
2019-08-28,9.1472,9.1697,9.1021,9.1265,910800,20.25
2019-08-29,9.1472,9.1472,9.0571,9.104,972120,20.2
2019-08-30,9.1021,9.1697,9.1021,9.104,1443900,20.2
2019-09-03,9.1021,9.1472,8.9895,8.9913,1643850,19.95
2019-09-04,9.012,9.0796,8.9444,9.0139,1681830,20
2019-09-05,9.0796,9.1021,8.9895,8.9913,1321560,19.95
2019-09-06,8.9895,9.0796,8.9669,8.9688,1224750,19.9
2019-09-09,8.9669,9.0345,8.9669,8.9913,1119280,19.95
2019-09-10,9.012,9.0345,8.8768,8.9012,2170690,19.75
2019-09-11,8.9219,8.9444,8.8768,8.9237,1106570,19.8
2019-09-12,8.9444,9.1021,8.9219,9.0815,1076510,20.15
2019-09-13,9.0796,9.4175,9.0345,9.3969,6366050,20.85
2019-09-16,9.3274,9.5302,9.3274,9.3519,3335520,20.75
2019-09-17,9.3274,9.3725,9.2824,9.3519,1413640,20.75
2019-09-18,9.3274,9.5077,9.3049,9.3744,4935270,20.8
2019-09-19,9.395,9.5978,9.395,9.5772,4698360,21.25
2019-09-20,9.5753,9.5978,9.4851,9.5096,1829910,21.1
2019-09-23,9.5077,9.5753,9.4626,9.4645,2356580,21
2019-09-24,9.4626,9.5077,9.35,9.3519,3494440,20.75
2019-09-25,9.3274,9.4175,9.3049,9.3744,1672570,20.8
2019-09-26,9.4175,9.5302,9.4175,9.5321,2309330,21.15
2019-09-27,9.5302,9.5978,9.5302,9.5321,2404330,21.15
2019-09-30,9.5753,9.6654,9.5077,9.5321,3543070,21.15
2019-10-01,9.5978,9.5978,9.4851,9.5998,2506360,21.3
2019-10-02,9.5753,9.6428,9.4401,9.4645,2310670,21
2019-10-03,9.395,9.4626,9.35,9.4645,2030560,21
2019-10-04,9.4851,9.4851,9.2824,9.2843,2187870,20.6
2019-10-07,9.3049,9.35,9.2598,9.2617,1892500,20.55
2019-10-08,9.2824,9.3725,9.2373,9.3519,1145820,20.75
2019-10-09,9.3725,9.6654,9.3725,9.5998,6132090,21.3
2019-10-10,9.5978,9.6428,9.5302,9.5321,2285400,21.15
2019-10-11,9.5302,9.6203,9.5302,9.5321,1561780,21.15
2019-10-14,9.6654,9.8907,9.6203,9.78,7099870,21.7
2019-10-15,9.778,9.8231,9.733,9.78,2489320,21.7
2019-10-16,9.8456,9.9583,9.8231,9.8702,4123220,21.9
2019-10-17,9.8456,9.9132,9.8231,9.8702,3322020,21.9
2019-10-18,9.8681,9.8907,9.6879,9.735,2938470,21.6
2019-10-21,9.6879,9.733,9.5753,9.5772,3510490,21.25
2019-10-22,9.5753,9.733,9.5753,9.735,1925300,21.6
2019-10-23,9.733,9.8231,9.6203,9.6674,1940210,21.45
2019-10-24,9.6879,9.733,9.6428,9.6899,1579900,21.5
2019-10-25,9.6879,9.9132,9.6428,9.9152,4362760,22
2019-10-28,9.9583,10.0709,9.9132,9.9152,3023720,22
2019-10-29,9.9583,10.116,9.9132,9.9378,3264130,22.05
2019-10-30,9.9132,10.0709,9.9132,9.9828,3029000,22.15
2019-10-31,10.0484,10.0934,9.9132,9.9152,2389060,22
2019-11-01,9.8681,10.0484,9.8456,10.0504,4250320,22.3
2019-11-04,10.0934,10.2512,10.0709,10.118,5847460,22.45
2019-11-05,10.1385,10.161,10.0934,10.0955,2659250,22.4
2019-11-06,10.0934,10.1836,10.0484,10.0504,3253010,22.3
2019-11-07,10.0484,10.0934,9.9808,10.0279,2959680,22.25
2019-11-08,10.0934,10.1385,10.0259,10.0504,2175750,22.3
2019-11-11,10.0709,10.161,9.8907,9.8927,3877190,21.95
2019-11-12,9.8907,9.9808,9.8681,9.9152,2746490,22
2019-11-13,9.9357,10.116,9.733,9.8476,8802490,21.85
2019-11-14,9.8231,9.8231,9.733,9.735,2281670,21.6
2019-11-15,9.733,9.8681,9.6879,9.78,2515020,21.7
2019-11-18,9.7555,9.7555,9.6428,9.6448,5830220,21.4
2019-11-19,9.6654,9.733,9.6428,9.6899,3701630,21.5
2019-11-20,9.6879,9.7104,9.5978,9.5998,2914790,21.3
2019-11-21,9.5978,9.6879,9.5302,9.5998,4749840,21.3
2019-11-22,9.6428,9.6654,9.3725,9.5096,4060050,21.1
2019-11-25,9.5527,9.5527,9.4175,9.5321,2228300,21.15
2019-11-26,9.5753,9.5753,9.4851,9.5547,2125800,21.2
2019-11-27,9.5527,9.5978,9.4851,9.4871,1670250,21.05
2019-11-28,9.4851,9.4851,9.2148,9.2167,3637750,20.45
2019-11-29,9.2373,9.2598,9.1247,9.2167,3157760,20.45
2019-12-02,9.1922,9.2148,8.9219,8.9237,3939590,19.8
2019-12-03,8.7867,9.012,8.7867,8.8336,3746930,19.6
2019-12-04,8.8768,9.2373,8.8092,9.2167,3727730,20.45
2019-12-05,9.2373,9.2373,9.0571,9.0589,1382950,20.1
2019-12-06,9.0345,9.1697,9.0345,9.1491,1845310,20.3
2019-12-09,9.1021,9.1697,9.0796,9.0815,2198400,20.15
2019-12-10,9.1021,9.1021,8.9895,9.0364,2293020,20.05
2019-12-11,9.0345,9.0796,8.8768,8.9462,2570270,19.85
2019-12-12,8.9669,9.1247,8.9669,9.0815,1909480,20.15
2019-12-13,9.1247,9.3274,9.1247,9.2843,3962760,20.6
2019-12-16,9.2824,9.2824,9.1472,9.1491,1437460,20.3
2019-12-17,9.1697,9.2598,9.1247,9.1265,1689580,20.25
2019-12-18,9.1021,9.1922,9.0796,9.0815,1746820,20.15
2019-12-19,9.1021,9.1472,9.012,9.0815,1339070,20.15
2019-12-20,9.0796,9.2148,9.0571,9.1716,1068060,20.35
2019-12-23,9.1922,9.3725,9.1922,9.2617,3308670,20.55
2019-12-24,9.3049,9.3049,9.1922,9.2843,1254620,20.6
2019-12-25,9.2373,9.3725,9.2373,9.2843,1381280,20.6
2019-12-26,9.2824,9.3274,9.2148,9.2843,2075490,20.6
2019-12-27,9.3049,9.3049,9.1697,9.3068,1589060,20.65
2019-12-30,9.3274,9.5077,9.3049,9.4871,4624920,21.05
2019-12-31,9.5302,9.5527,9.395,9.4195,1742690,20.9
2020-01-02,9.4175,9.8006,9.395,9.6899,4347610,21.5
2020-01-03,9.8006,9.8456,9.5753,9.5998,3626640,21.3
2020-01-06,9.5527,9.778,9.5077,9.6223,3173480,21.35
2020-01-07,9.733,9.8456,9.6654,9.78,4163600,21.7
2020-01-08,9.7104,9.9808,9.5978,9.7575,9864300,21.65
2020-01-09,9.8456,10.1836,9.8456,10.118,8592300,22.45
2020-01-10,10.1385,10.8144,10.1385,10.6138,14701830,23.55
2020-01-13,10.499,10.8144,10.4539,10.4561,5317470,23.2
2020-01-14,10.4765,10.7243,10.4539,10.5913,7040780,23.5
2020-01-15,10.5891,10.6792,10.4765,10.6363,4364850,23.6
2020-01-16,10.6792,11.2425,10.6567,11.2222,8002680,24.9
2020-01-17,11.3551,11.4452,11.0848,11.2448,6412750,24.95
2020-01-20,11.2199,11.4002,11.1524,11.3124,4737420,25.1
2020-01-21,11.3551,11.6255,11.3101,11.4025,6063350,25.3
2020-01-22,11.4002,11.603,11.2875,11.5377,4747210,25.6
2020-01-30,11.2199,11.4227,10.8144,10.9744,11319200,24.35
2020-01-31,11.0848,11.3777,10.9946,10.9969,11815850,24.4
2020-02-03,11.3326,11.3551,10.4765,11.3349,13869450,25.15
2020-02-04,11.4452,12.1211,11.4227,12.1236,14852770,26.9
2020-02-05,12.3464,12.5267,11.9634,11.9659,11732260,26.55
2020-02-06,12.031,12.6619,11.8733,12.5067,10566600,27.75
2020-02-07,12.3915,12.4591,12.0085,12.1236,8960350,26.9
2020-02-10,11.8283,12.3014,11.8057,11.9884,6287560,26.6
2020-02-11,12.1211,12.5042,12.0986,12.5067,6762320,27.75
2020-02-12,12.8196,12.8196,12.2563,12.2588,10390830,27.2
2020-02-13,12.3239,12.4366,11.9409,12.2814,9485770,27.25
2020-02-14,12.3239,12.3239,12.031,12.0786,6108570,26.8
2020-02-17,12.1211,12.1887,11.8958,11.9659,5818090,26.55
2020-02-18,12.031,12.2789,11.986,12.0335,7231540,26.7
2020-02-19,12.0761,12.2563,12.0761,12.1687,5895360,27
2020-02-20,12.3239,12.4816,12.0085,12.1236,9011120,26.9
2020-02-21,12.0761,12.1211,11.5579,11.6504,12049570,25.85
2020-02-24,11.3101,11.4452,10.9721,10.9969,12317180,24.4
2020-02-25,10.9946,11.7607,10.9721,11.7631,9764100,26.1
2020-02-26,11.5128,11.8057,11.4452,11.6279,6229210,25.8
2020-02-27,11.603,11.8057,11.5354,11.8081,5524580,26.2
2020-02-28,11.4903,11.7381,11.265,11.6053,7892390,25.75
2020-03-02,11.6931,11.7381,11.4452,11.4927,4873970,25.5
2020-03-03,11.8057,12.1437,11.6931,11.9208,9514110,26.45
2020-03-04,11.8508,11.9184,11.7156,11.9208,4587660,26.45
2020-03-05,12.0761,12.0986,11.7832,11.7856,5997630,26.15
2020-03-06,11.6255,11.7381,11.4678,11.6279,5353340,25.8
2020-03-09,10.8595,11.1298,10.8144,10.8166,10773760,24
2020-03-10,10.8144,11.2875,10.4314,11.042,11071330,24.5
2020-03-11,11.1749,11.265,10.2962,10.4561,8522410,23.2
2020-03-12,9.9132,10.0934,9.733,9.8251,11314020,21.8
2020-03-13,9.2373,10.0934,9.1472,9.8927,10540670,21.95
2020-03-16,9.8907,9.9357,9.2373,9.2392,7506240,20.5
2020-03-17,9.4626,9.5527,8.7416,9.4645,7946050,21
2020-03-18,9.5978,9.7104,9.4401,9.442,6424470,20.95
2020-03-19,9.2373,9.2824,8.9444,9.0589,4724410,20.1
2020-03-20,9.1922,9.2373,8.8543,8.9237,6426820,19.8
2020-03-23,8.4713,8.5614,8.3136,8.3153,6448830,18.45
2020-03-24,8.3136,8.4262,7.9531,8.2477,6361270,18.3
2020-03-25,8.5614,8.8092,8.4713,8.811,7041040,19.55
2020-03-26,8.5839,8.8318,8.4713,8.473,5121770,18.8
2020-03-27,8.5839,8.6065,8.4262,8.5632,6261510,19
2020-03-30,8.0432,8.1108,7.9756,7.9773,7331160,17.7
2020-03-31,8.1108,8.3361,7.48,7.7519,6102570,17.2
2020-04-01,7.6602,8.2685,7.6602,8.2477,5514550,18.3
2020-04-03,8.3812,8.5614,8.3361,8.473,4625590,18.8
2020-04-06,8.6966,9.0571,8.5614,9.0589,10557010,20.1
2020-04-07,9.1021,9.1247,8.8318,8.9462,7256090,19.85
2020-04-08,8.6966,9.012,8.6065,8.8786,4637260,19.7
2020-04-09,9.012,9.1697,8.9219,8.9237,7265280,19.8
2020-04-10,8.9219,9.0571,8.6966,8.766,5700980,19.45
2020-04-13,8.7416,9.012,8.6741,8.8336,4183300,19.6
2020-04-14,8.8092,8.8994,8.4713,8.6533,7389910,19.2
2020-04-15,8.6515,8.9895,8.6515,8.9462,6758040,19.85
2020-04-16,8.8318,8.9669,8.7416,8.9237,3710320,19.8
2020-04-17,9.2373,9.2373,9.012,9.0589,8578720,20.1
2020-04-20,9.1472,9.2148,8.9444,8.9462,6291720,19.85
2020-04-21,8.8543,8.8994,8.4488,8.473,9299890,18.8
2020-04-22,8.291,8.8768,8.291,8.6758,6363800,19.25
2020-04-23,8.7867,8.8768,8.6515,8.6533,2950110,19.2
2020-04-24,8.6515,8.6966,8.5614,8.6533,2871100,19.2
2020-04-27,8.7416,8.7416,8.4938,8.4956,4305890,18.85
2020-04-28,8.4938,8.6966,8.4262,8.5857,3942840,19.05
2020-04-29,9.012,9.012,8.6065,9.0139,9337270,20
2020-05-04,8.8994,9.2148,8.8092,9.0364,7526760,20.05
2020-05-05,9.0345,9.0796,8.8543,8.9462,2976380,19.85
2020-05-06,8.9895,9.1472,8.8092,9.104,6890670,20.2
2020-05-07,9.1021,9.3049,9.0571,9.1941,7523830,20.4
2020-05-08,9.3274,9.7555,9.2824,9.4195,12666220,20.9
2020-05-11,9.5753,9.7104,9.4175,9.5772,7654090,21.25
2020-05-12,9.5302,9.8231,9.395,9.7575,6576780,21.65
2020-05-13,9.6428,9.8907,9.5302,9.7575,6959000,21.65
2020-05-14,9.6428,9.8006,9.6203,9.6223,5828440,21.35
2020-05-15,9.7104,9.733,9.395,9.4195,7303040,20.9
2020-05-18,9.4401,9.6203,9.3274,9.6223,5204650,21.35
2020-05-19,9.9132,10.116,9.8231,10.0504,11023040,22.3
2020-05-20,9.9132,10.0484,9.8681,10.0504,5342980,22.3
2020-05-21,10.0709,10.4765,10.0484,10.3434,10616250,22.95
2020-05-22,10.2737,10.6342,10.2061,10.2758,7637850,22.8
2020-05-25,10.3187,10.5215,10.2286,10.3885,6731270,23.05
2020-05-26,10.3863,10.499,10.2962,10.4335,6282980,23.15
2020-05-27,10.499,10.5666,10.0934,10.0955,8420990,22.4
2020-05-28,10.161,10.3413,10.0709,10.1631,5936110,22.55
2020-05-29,10.116,10.2286,10.116,10.1406,3561630,22.5
2020-06-01,10.2737,10.5891,10.2286,10.5913,7120400,23.5
2020-06-02,10.7243,10.9496,10.544,10.5687,9588410,23.45
2020-06-03,10.6342,10.8369,10.6116,10.8166,6901900,24
2020-06-04,10.9045,11.2199,10.8595,11.1096,8945730,24.65
2020-06-05,11.0397,11.1298,10.9045,11.0194,5424300,24.45
2020-06-08,11.1974,11.3551,11.0848,11.2222,7059480,24.9
2020-06-09,11.265,11.265,10.9045,10.9068,6702380,24.2
2020-06-10,10.9045,11.265,10.8595,11.1096,8248360,24.65
2020-06-11,11.1298,11.1749,10.3413,10.3434,9257760,22.95
2020-06-12,9.9583,10.499,9.9583,10.5011,7094300,23.3
2020-06-15,10.4539,10.5891,9.9583,10.0504,7929180,22.3
2020-06-16,10.3638,10.4765,10.2286,10.4786,4034460,23.25
2020-06-17,10.3638,10.4765,10.3187,10.3659,2469120,23
2020-06-18,10.2286,10.4539,10.2286,10.3209,1954210,22.9
2020-06-19,10.4314,10.544,10.3413,10.5237,2865250,23.35
2020-06-22,10.499,10.6792,10.4765,10.5687,2986770,23.45
2020-06-23,10.544,10.6116,10.3863,10.4786,2896760,23.25
2020-06-24,10.544,10.6116,10.2286,10.2758,3055390,22.8
2020-06-25,10.1385,10.2962,10.0934,10.2307,2550180,22.7
2020-06-26,10.3638,10.3863,10.0934,10.1631,2337220,22.55
2020-06-29,10.0934,10.161,9.7555,9.8702,4603180,21.9
2020-06-30,10.0259,10.0934,9.6428,9.7124,2812450,21.55
2020-07-01,9.7555,10.0484,9.7104,10.0504,2104360,22.3
2020-07-02,10.0934,10.1385,9.9583,10.0504,1743240,22.3
2020-07-03,10.0709,10.116,10.0484,10.0504,2149960,22.3
2020-07-06,10.1836,10.499,10.116,10.3885,4849180,23.05
2020-07-07,10.499,10.6792,10.4539,10.5687,6656300,23.45
2020-07-08,10.5666,10.8144,10.499,10.6589,5304630,23.65
2020-07-09,10.6792,10.9045,10.6116,10.8617,6047940,24.1
2020-07-10,10.8144,10.882,10.6116,10.7265,4645000,23.8
2020-07-13,10.8144,11.0848,10.7919,10.7941,6127280,23.95
2020-07-14,10.7919,10.9496,10.7243,10.8392,4016980,24.05
2020-07-15,10.9496,10.9721,10.8595,10.8617,2637330,24.1
2020-07-16,10.8144,10.8595,10.6792,10.8617,3780830,24.1
2020-07-17,10.8144,10.9496,10.7243,10.8617,3452100,24.1
2020-07-20,10.7243,10.8595,10.7018,10.7265,2923970,23.8
2020-07-21,10.7693,10.7919,10.5666,10.749,2745180,23.85
2020-07-22,10.7919,10.7919,10.5215,10.5237,2698500,23.35
2020-07-23,10.5891,10.5891,10.3638,10.5237,2989960,23.35
2020-07-24,10.3863,10.4765,9.8231,10.0279,8461420,22.25
2020-07-27,9.5978,9.8681,9.3274,9.3293,7535580,20.7
2020-07-28,9.5302,9.8231,9.4626,9.78,4278520,21.7
2020-07-29,9.5527,9.5978,9.1922,9.3969,4708610,20.85
2020-07-30,9.4851,9.6654,9.4626,9.6223,2574820,21.35
2020-07-31,9.4626,9.6879,9.4175,9.5547,2928540,21.2
2020-08-03,9.5527,9.8231,9.5302,9.8026,2692490,21.75
2020-08-04,9.9583,10.0484,9.8681,9.9378,3115850,22.05
2020-08-05,9.9583,10.2286,9.9132,10.2082,4575550,22.65
2020-08-06,10.2061,10.2737,10.0709,10.0955,2859860,22.4
2020-08-07,10.1836,10.3187,10.116,10.2533,3870640,22.75
2020-08-10,10.4089,10.544,10.2737,10.2758,4070190,22.8
2020-08-11,10.4765,10.499,10.2737,10.4561,3873130,23.2
2020-08-12,10.499,10.7243,10.4539,10.5462,4361920,23.4
2020-08-13,10.7243,10.7693,10.6792,10.7039,5131270,23.75
2020-08-14,10.6567,10.7468,10.4765,10.5913,5238720,23.5
2020-08-17,10.5891,10.6116,10.4314,10.5913,2898140,23.5
2020-08-18,10.5891,10.6116,10.4089,10.4561,2681950,23.2
2020-08-19,10.4539,10.5891,10.4314,10.5011,2560050,23.3
2020-08-20,10.544,10.6116,10.4765,10.5011,4210180,23.3
2020-08-21,10.5891,10.9946,10.5891,10.9518,9577820,24.3
2020-08-24,11.1298,11.1749,10.9946,10.9969,4407840,24.4
2020-08-25,11.0622,11.1974,10.9946,11.1321,5203350,24.7
2020-08-26,11.0397,11.3101,11.0172,11.1321,6796160,24.7
2020-08-27,11.0848,11.2875,11.0848,11.1546,3085280,24.75
2020-08-28,11.2199,11.4452,11.1749,11.3124,9589990,25.1
2020-08-31,11.5804,11.8057,11.3551,11.5828,7359810,25.7
2020-09-01,11.5804,11.7832,11.5354,11.7856,4773840,26.15
2020-09-03,11.8733,11.986,11.648,11.6955,8343610,25.95
2020-09-04,11.5354,11.8958,11.5354,11.718,6578630,26
2020-09-07,11.7607,11.7832,11.265,11.2673,8021370,25
2020-09-08,11.3777,11.5128,11.1749,11.5152,5505960,25.55
2020-09-09,11.3101,11.4903,11.2875,11.4025,3872280,25.3
2020-09-10,11.4452,11.5579,11.4002,11.4025,2655550,25.3
2020-09-11,11.3326,11.5804,11.3326,11.5377,3472470,25.6
2020-09-14,11.7156,11.7156,11.5128,11.5377,2823060,25.6
2020-09-15,11.5579,11.603,11.4452,11.4476,3265100,25.4
2020-09-16,11.4678,11.4678,11.3326,11.3575,3970480,25.2
2020-09-17,11.4002,11.5579,11.3777,11.4025,3996280,25.3
2020-09-18,11.4903,11.648,11.4452,11.6279,4213030,25.8
2020-09-21,11.7156,11.7832,11.5354,11.6053,5072680,25.75
2020-09-22,11.5354,11.648,11.4903,11.6279,4239110,25.8
2020-09-23,11.6931,11.986,11.6705,11.8307,6418220,26.25
2020-09-24,11.8057,11.8508,11.648,11.718,3582600,26
2020-09-25,11.7607,11.8057,11.5804,11.8081,4630970,26.2
2020-09-28,11.8958,12.369,11.8958,12.2363,12014920,27.15
2020-09-29,12.3464,12.3464,11.986,11.9884,5950290,26.6
2020-09-30,11.986,12.0536,11.8283,11.9659,4764680,26.55
2020-10-01,12.0986,12.1662,11.9634,11.9884,5391110,26.6
2020-10-02,12.2113,12.3464,11.8508,12.1462,13241830,26.95
2020-10-05,12.3915,12.4591,12.2789,12.394,5939210,27.5
2020-10-06,12.4366,12.4591,12.2563,12.2588,5909080,27.2
2020-10-07,12.2113,12.5042,12.1662,12.1687,8357770,27
2020-10-08,12.2563,12.3464,12.0761,12.2363,6514330,27.15
2020-10-09,12.2563,12.5267,12.2563,12.4616,10113630,27.65
2020-10-12,13.3152,13.3152,12.9548,13.1152,16827340,29.1
2020-10-13,13.0674,13.9686,12.9548,13.7687,10920290,30.55
2020-10-14,13.8334,13.901,13.518,13.5208,8338720,30
2020-10-15,13.6081,13.7433,13.518,13.5433,10107170,30.05
2020-10-16,13.7433,14.1714,13.6081,14.0391,12956750,31.15
2020-10-19,14.4643,14.622,14.3741,14.4898,9648680,32.15
2020-10-20,14.3516,14.5544,14.284,14.4672,9963500,32.1
2020-10-21,14.5093,14.622,13.9911,13.994,9191450,31.05
2020-10-22,13.9686,14.4192,13.8785,14.4222,8715860,32
2020-10-23,14.5093,14.5319,14.239,14.332,6636530,31.8
2020-10-26,14.3741,14.3741,13.7433,13.7461,8904630,30.5
2020-10-27,13.7433,14.0137,13.6307,13.8588,11228060,30.75
2020-10-28,13.7433,13.9461,13.4729,13.4757,7936180,29.9
2020-10-29,13.3828,13.6081,13.1125,13.1152,11708930,29.1
2020-10-30,13.2026,13.2927,12.7069,13.0701,9099270,29
2020-11-02,13.2026,13.6982,13.1575,13.7011,5194990,30.4
2020-11-03,13.8109,13.8334,13.5631,13.6109,4957760,30.2
2020-11-04,13.6532,13.9686,13.5631,13.7912,7152600,30.6
2020-11-05,13.7433,13.9235,13.6307,13.6334,5810810,30.25
2020-11-06,13.6532,13.8109,13.6081,13.6334,5382100,30.25
2020-11-09,13.8109,14.0137,13.8109,13.9489,7890820,30.95
2020-11-10,14.0587,14.1714,13.7884,13.7912,8706210,30.6
2020-11-11,13.856,13.9235,13.6982,13.7461,6063870,30.5
2020-11-12,13.7884,14.0813,13.7884,13.9715,5609690,31
2020-11-13,14.0587,14.4192,14.0587,14.3996,10712410,31.95
2020-11-16,14.622,14.7346,14.3291,14.3771,15774840,31.9
2020-11-17,14.5093,14.7121,14.4192,14.6475,8707180,32.5
2020-11-18,14.6445,14.8247,14.5769,14.7602,7298690,32.75
2020-11-19,14.7572,15.005,14.667,15.0081,13599610,33.3
2020-11-20,15.0275,15.0726,14.8473,14.963,7237750,33.2
2020-11-23,14.9599,14.9599,14.6896,14.8278,7136380,32.9
2020-11-24,14.9374,14.9374,14.6445,14.7602,8848310,32.75
2020-11-25,14.9599,15.0951,14.8247,14.8729,10715800,33
2020-11-26,14.8698,15.4331,14.8473,15.3461,11623080,34.05
2020-11-27,15.4105,15.5457,15.3204,15.3461,6224220,34.05
2020-11-30,15.3429,15.4105,15.0951,15.0982,11002280,33.5
2020-12-01,14.8698,15.3204,14.8247,15.2785,9713470,33.9
2020-12-02,15.2753,15.4105,15.1402,15.2109,8657370,33.75
2020-12-03,15.2303,15.3429,15.1852,15.2334,6256350,33.8
2020-12-04,15.3204,15.7259,15.2753,15.639,18959210,34.7
2020-12-07,15.6358,15.8161,15.5908,15.639,7312770,34.7
2020-12-08,15.6358,15.6584,15.4556,15.5489,8604990,34.5
2020-12-09,15.5457,15.7259,15.5232,15.5489,8148750,34.5
2020-12-10,15.5457,15.7259,15.3204,15.3235,10188750,34
2020-12-11,15.5006,15.6809,15.2979,15.6616,8093800,34.75
2020-12-14,15.9062,16.0414,15.7259,15.9545,10847590,35.4
2020-12-15,15.9512,15.9512,15.6133,15.7742,10988240,35
2020-12-16,15.8161,15.9963,15.8161,15.9545,7708110,35.4
2020-12-17,15.9528,16.0442,15.5871,15.5884,14327750,34.1
2020-12-18,15.6785,15.8157,15.5871,15.817,5660480,34.6
2020-12-21,15.8385,16.2042,15.77,15.9313,7880530,34.85
2020-12-22,16.0442,16.1813,15.8842,15.9084,6431410,34.8
2020-12-23,15.9985,15.9985,15.7242,15.7713,5748780,34.5
2020-12-24,15.77,15.9071,14.7186,15.5198,8307780,33.95
2020-12-25,15.5871,15.8614,15.2214,15.8627,8006910,34.7
2020-12-28,15.9985,16.0899,15.6328,15.6798,6379650,34.3
2020-12-29,15.6785,15.7928,15.5871,15.6113,5009810,34.15
2020-12-30,15.7014,15.9756,15.61,15.7027,5580940,34.35
2020-12-31,15.7471,15.8842,15.7014,15.7941,4513160,34.55
2021-01-04,15.9985,16.4556,15.9528,16.2284,14041500,35.5
2021-01-05,16.1813,16.4327,16.0899,16.1827,9215200,35.4
2021-01-06,16.4556,17.3012,16.3185,17.3027,15419900,37.85
2021-01-07,17.5984,18.124,17.5526,17.7598,10679600,38.85
2021-01-08,18.0555,18.0555,17.5984,17.6912,8380100,38.7
2021-01-11,17.7812,18.1012,17.6441,17.6912,10911700,38.7
2021-01-12,17.6898,17.7812,17.4155,17.5998,9154200,38.5
2021-01-13,17.6669,18.0326,17.5984,17.6684,9063900,38.65
2021-01-14,17.8269,17.9869,17.5984,17.897,8275700,39.15
2021-01-15,18.0555,18.3297,17.964,18.057,11321800,39.5
2021-01-18,18.1012,18.2154,17.6441,17.6455,7197000,38.6
2021-01-19,17.5984,17.6441,16.4099,16.4113,14466500,35.9
2021-01-20,16.4556,16.6384,15.45,16.297,11184000,35.65
2021-01-21,16.5013,16.9127,16.2271,16.9141,7568900,37
2021-01-22,16.8898,17.5069,16.7756,17.1884,11333200,37.6
2021-01-25,17.0498,17.1641,16.6842,16.8227,6580500,36.8
2021-01-26,16.6842,16.707,15.77,15.7713,8285900,34.5
2021-01-27,15.6328,16.0671,14.8558,14.9027,9544300,32.6
2021-01-28,14.0558,14.5815,13.873,13.8741,13297400,30.35
2021-01-29,13.1645,14.81,13.1645,13.9427,14819400,30.5
2021-02-01,14.5358,14.9015,14.3987,14.6284,12315100,32
2021-02-02,14.5358,15.5414,14.4901,15.497,7767300,33.9
2021-02-03,15.77,16.1128,15.5414,15.9541,10075600,34.9
2021-02-04,15.9071,16.0214,15.6557,15.8627,9413200,34.7
2021-02-05,15.9756,16.3642,15.8842,16.3655,8496700,35.8
2021-02-08,15.5643,16.5013,15.4957,15.5656,12845300,34.05
2021-02-09,15.7471,16.2042,15.5414,16.1827,8069900,35.4
2021-02-17,16.6384,16.8213,16.387,16.8227,9896400,36.8
2021-02-18,16.7756,16.9356,16.5927,16.8227,10032300,36.8
2021-02-19,16.5927,17.1413,16.5013,16.9141,12154600,37
2021-02-22,16.9127,17.3927,16.8213,16.9141,11349900,37
2021-02-23,16.9584,17.187,16.9127,16.937,8347300,37.05
2021-02-24,17.1184,17.4384,16.9356,17.1427,14250600,37.5
2021-02-25,17.2784,17.3241,16.9356,17.0513,8490300,37.3
2021-02-26,16.7984,17.0727,16.6842,17.0284,8851000,37.25
2021-03-01,17.2784,17.4612,17.187,17.417,13954000,38.1
2021-03-02,17.5984,17.6441,17.3698,17.3713,7320600,38
2021-03-03,17.5526,17.7355,17.5069,17.6455,13074300,38.6
2021-03-04,17.8269,17.8269,17.1413,17.5084,10315800,38.3
2021-03-05,17.4155,17.5755,17.1413,17.3713,10156400,38
2021-03-08,17.5526,17.6441,17.1641,17.3255,7574900,37.9
2021-03-09,17.3241,17.3241,16.9584,17.0055,10113900,37.2
2021-03-10,17.027,17.2784,16.9356,17.1655,7468500,37.55
2021-03-11,17.3469,17.5755,17.2784,17.4627,7639300,38.2
2021-03-12,17.5298,17.5984,17.3469,17.3484,6997500,37.95
2021-03-15,17.3698,17.4612,17.2555,17.3713,6762100,38
2021-03-16,17.4384,17.4612,17.2098,17.2341,7061600,37.7
2021-03-17,17.2555,18.1012,17.187,18.0798,23685900,39.55
2021-03-18,18.8325,18.9468,18.3754,18.5141,16047000,40.5
2021-03-19,18.444,18.6954,18.4211,18.4912,8287200,40.45
2021-03-22,18.7182,19.0839,18.5126,18.7884,20682100,41.1
2021-03-23,18.8325,18.8554,18.3754,18.5141,14649900,40.5
2021-03-24,18.284,18.4897,17.7812,17.8284,18260600,39
2021-03-25,18.0555,18.3526,17.7812,18.0112,14674100,39.4
2021-03-26,17.964,18.1926,17.2784,17.8512,16252400,39.05
2021-03-29,18.1012,18.3069,17.964,18.2855,11589800,40
2021-03-30,18.4211,18.6497,18.2154,18.4684,11152600,40.4
2021-03-31,18.4668,18.6725,18.284,18.3541,11841600,40.15
2021-04-01,18.4211,18.9011,18.4211,18.7655,18695800,41.05
2021-04-02,18.9697,18.9925,18.7411,18.8798,12198800,41.3
2021-04-05,19.1982,19.3353,18.9697,19.1998,16216000,42
2021-04-06,19.1753,19.9067,19.0154,19.6569,22526100,43
2021-04-07,19.6553,20.021,19.5639,19.6569,12150700,43
2021-04-08,19.6553,19.7924,19.4725,19.4741,11652100,42.6
2021-04-09,19.4268,19.5182,19.3353,19.4284,14650600,42.5
2021-04-12,19.4725,19.7924,19.4039,19.7484,13503200,43.2
2021-04-13,19.8839,19.8839,19.1982,19.2227,15121500,42.05
2021-04-14,19.1525,19.6553,18.9697,19.5427,14310200,42.75
2021-04-15,19.6096,19.6553,19.1982,19.2912,13938300,42.2
2021-04-16,19.381,19.7467,18.6497,19.1998,21441800,42
2021-04-19,19.2896,19.4268,18.8782,19.4284,16032000,42.5
2021-04-20,19.4953,19.7239,18.9697,19.1998,23241600,42
2021-04-22,19.0839,19.1753,17.8955,17.897,21428500,39.15
2021-04-23,18.0326,18.9239,17.8269,18.8798,17558700,41.3
2021-04-26,18.8782,18.8782,18.124,18.1484,12681700,39.7
2021-04-27,18.0783,18.3297,17.964,18.1255,7161800,39.65
2021-04-28,18.1012,18.4897,18.0783,18.1712,7986500,39.75
2021-04-29,18.284,18.6725,18.1697,18.6512,14195400,40.8
2021-05-04,18.3069,19.6553,18.3069,19.6569,25413700,43
2021-05-05,19.9296,20.2952,19.8153,19.8169,22165900,43.35
2021-05-06,19.6553,19.9753,19.5182,19.6112,19927200,42.9
2021-05-07,19.4496,20.0667,19.3353,20.0227,25587800,43.8
2021-05-10,20.5695,20.6152,20.341,20.4798,25185800,44.8
2021-05-11,20.4552,20.5238,20.2038,20.2055,15717800,44.2
2021-05-12,20.0667,20.5695,20.0438,20.5712,19602800,45
2021-05-13,20.4324,21.5523,20.4095,21.2569,34020000,46.5
2021-05-14,21.4837,21.6894,21.3237,21.4855,17062600,47
2021-05-17,21.5066,21.758,21.2094,21.3712,17025300,46.75
2021-05-18,21.3237,21.4608,21.118,21.2798,17653600,46.55
2021-05-19,21.3923,22.0551,21.2552,21.9426,17470800,48
2021-05-20,22.2379,22.3522,21.9637,22.3541,14056500,48.9
2021-05-21,22.3522,22.535,22.0322,22.0569,15853000,48.25
2021-05-24,22.3065,23.5864,22.2151,23.4055,30504900,51.2
2021-05-25,23.5407,23.7692,23.3578,23.3598,10875800,51.1
2021-05-26,23.4035,23.6778,23.2207,23.5426,13860100,51.5
2021-05-27,23.5864,23.6321,22.855,22.9483,19716800,50.2
2021-05-28,23.1293,23.4492,22.9007,23.4055,16908700,51.2
2021-05-31,23.4035,24.272,23.3121,24.274,17663200,53.1
2021-06-01,24.4549,24.6377,23.9978,24.0455,10726300,52.6
2021-06-02,23.6778,24.1806,23.5864,23.7712,14835300,52
2021-06-03,24.2263,24.7748,23.7692,24.5026,17478700,53.6
2021-06-04,24.5463,25.0948,24.5006,24.6855,12980000,54
2021-06-07,24.5463,24.592,23.3121,23.7712,17794800,52
2021-06-08,23.5864,23.9978,22.3979,22.3998,16100500,49
2021-06-09,22.6265,23.3121,22.1694,23.0855,14885700,50.5
2021-06-10,23.0836,23.2664,22.6265,22.6283,11556800,49.5
2021-06-11,22.855,24.1806,22.6722,24.1826,17955900,52.9
2021-06-14,24.3634,24.6834,23.7692,23.9998,14106200,52.5
2021-06-15,23.9978,24.2263,23.6778,23.8169,16190500,52.1
2021-06-16,23.5864,23.5864,23.0836,23.0855,21380600,50.5
2021-06-17,22.6265,23.3121,22.5807,23.0855,17430700,50.5
2021-06-18,23.4949,23.9978,23.3121,23.4055,13217400,51.2
2021-06-21,23.175,23.5407,22.855,22.9941,11267800,50.3
2021-06-22,23.175,23.952,22.9007,23.7255,21910600,51.9
2021-06-23,23.8606,24.4549,23.7235,24.0912,16906300,52.7
2021-06-24,24.6834,25.0034,24.272,24.4112,24594800,53.4
2021-06-25,24.3177,24.592,23.952,24.594,14298400,53.8
2021-06-28,24.912,25.0491,24.592,24.8683,13909500,54.4
2021-06-29,24.8662,25.0034,24.4549,24.6397,18646000,53.9
2021-06-30,24.6834,24.912,23.9978,24.0912,31366000,52.7
2021-07-01,24.0892,24.3634,23.7235,23.954,29241200,52.4
2021-07-02,24.0892,24.3177,23.952,24.0912,16549400,52.7
2021-07-05,24.0892,24.2263,23.5407,23.9083,19600400,52.3
2021-07-06,23.9978,24.3177,22.1694,22.1712,26003500,48.5
2021-07-07,22.892,23.128,22.184,23.0398,26836900,39.05
2021-07-08,23.187,23.6,22.774,22.7743,14109100,38.6
2021-07-09,22.538,22.892,21.83,22.1843,18298100,37.6
2021-07-12,21.8595,21.889,20.65,20.6503,27996400,35
2021-07-13,20.945,21.2105,19.942,20.4143,11766000,34.6
2021-07-14,20.4435,20.8565,19.883,19.8833,16349700,33.7
2021-07-15,19.942,20.9155,19.824,20.6503,15110200,35
2021-07-16,20.886,20.886,20.4435,20.4438,9668600,34.65
2021-07-19,19.765,20.0305,19.0275,19.0278,20727100,32.25
2021-07-20,19.057,19.647,18.6735,19.6178,20034800,33.25
2021-07-21,19.7355,19.9715,19.293,19.3818,9944500,32.85
2021-07-22,19.3815,20.0305,19.3225,19.7653,13304000,33.5
2021-07-23,19.5585,19.883,19.175,19.1753,16262300,32.5
2021-07-26,18.998,19.175,18.762,18.9688,10150900,32.15
2021-07-27,19.175,19.6765,19.116,19.1753,15896500,32.5
2021-07-28,19.175,19.529,19.175,19.4113,7149800,32.9
2021-07-29,19.647,20.1485,19.588,20.0013,17023000,33.9
2021-07-30,20.06,20.473,20.0305,20.2963,20779300,34.4
2021-08-02,19.942,20.178,19.8535,19.9128,25104900,33.75
2021-08-03,19.9125,20.119,19.6175,20.1193,22282600,34.1
2021-08-04,20.237,20.3255,20.001,20.0603,15227700,34
2021-08-05,20.001,20.178,19.824,20.1783,13354900,34.2
2021-08-06,20.2665,20.591,20.119,20.1488,18941900,34.15
2021-08-09,20.119,20.414,20.0305,20.3848,15498800,34.55
2021-08-10,20.6205,20.6205,20.3255,20.4438,12035700,34.65
2021-08-11,20.4435,20.709,20.237,20.2373,17304500,34.3
2021-08-12,20.355,20.5025,20.237,20.2963,13117700,34.4
2021-08-13,20.296,20.414,19.883,20.2373,12211300,34.3
2021-08-16,20.237,20.9155,20.119,20.7093,21662500,35.1
2021-08-17,20.886,20.945,20.3845,20.4143,11928200,34.6
2021-08-18,20.473,20.532,20.237,20.3553,11145200,34.5
2021-08-19,20.2665,20.355,20.1485,20.2373,11372200,34.3
2021-08-20,20.237,20.5025,18.88,19.2933,23431900,32.7
2021-08-23,19.293,19.7355,19.2635,19.2933,19696000,32.7
2021-08-24,19.411,19.588,19.2635,19.3228,11178500,32.75
2021-08-25,19.293,19.352,18.703,18.9688,18206800,32.15
2021-08-26,19.057,19.293,18.349,18.4082,21097200,31.2
2021-08-27,18.113,18.408,17.759,18.3787,19888900,31.15
2021-08-30,18.526,19.057,18.467,19.0573,13238800,32.3
2021-08-31,19.175,19.2045,18.762,18.7623,12240800,31.8
2021-09-01,18.762,19.057,18.644,18.9098,15294300,32.05
2021-09-06,18.9095,19.057,18.762,18.9098,11552700,32.05
2021-09-07,18.9685,19.4405,18.9685,19.2638,10817600,32.65
2021-09-08,19.352,19.4995,18.88,18.9688,8356000,32.15
2021-09-09,18.9685,19.116,18.939,19.1163,7646900,32.4
2021-09-10,19.175,19.293,19.057,19.0573,6653200,32.3
2021-09-13,19.0275,19.0865,18.762,18.7918,8458400,31.85
2021-09-14,18.821,18.9095,18.408,18.4082,8996700,31.2
2021-09-15,18.29,18.585,18.29,18.3787,7128400,31.15
2021-09-16,18.585,18.9095,18.526,18.6738,6372600,31.65
2021-09-17,18.7325,18.9685,18.703,18.7623,6833300,31.8
2021-09-20,19.057,19.057,18.7915,18.7918,8741100,31.85
2021-09-21,18.585,18.703,18.467,18.5853,8136200,31.5
2021-09-22,18.526,18.6145,18.3785,18.4968,7714100,31.35
2021-09-23,18.585,18.821,18.526,18.6443,8174400,31.6
2021-09-24,18.703,18.821,18.644,18.7033,6347500,31.7
2021-09-27,18.762,18.821,18.29,18.2902,7758400,31
2021-09-28,18.172,18.3195,18.113,18.2607,6725900,30.95
2021-09-29,18.2605,18.29,17.9065,17.9362,10281500,30.4
2021-09-30,17.936,18.2015,17.936,17.9362,6717000,30.4
2021-10-01,17.936,18.0245,17.523,17.5527,12094000,29.75
2021-10-04,17.464,17.523,16.933,16.9332,20181900,28.7
2021-10-05,17.11,17.4345,17.11,17.4052,8712300,29.5
2021-10-06,17.5525,17.582,17.1395,17.2872,6885600,29.3
2021-10-07,17.346,17.4935,17.2575,17.3167,7918400,29.35
2021-10-08,17.405,17.4935,17.3165,17.3757,6603500,29.45
2021-10-11,17.464,18.29,17.464,18.2902,16940800,31
2021-10-12,18.3785,18.585,18.1425,18.1722,10815800,30.8
2021-10-13,18.172,18.467,18.113,18.1132,7013200,30.7
2021-10-14,18.113,18.231,17.995,18.0542,8529700,30.6
2021-10-15,18.113,18.2605,17.995,18.0837,8245800,30.65
2021-10-18,18.1425,18.2015,17.7885,17.8182,9758400,30.2
2021-10-19,17.936,18.0245,17.818,17.8772,6920900,30.3
2021-10-20,17.936,17.936,17.4345,17.7002,9264000,30
2021-10-21,17.7295,17.759,17.5525,17.5527,7367500,29.75
2021-10-22,17.582,17.641,17.4935,17.4937,4273800,29.65
2021-10-25,17.4935,17.7885,17.3165,17.6412,8168800,29.9
2021-10-26,17.641,17.877,17.523,17.6412,5963000,29.9
2021-10-27,17.818,18.408,17.6705,18.3492,19607500,31.1
2021-10-28,18.4965,18.526,18.29,18.4673,14396300,31.3
2021-10-29,18.585,18.7325,18.4375,18.5853,13017400,31.5
2021-11-01,18.762,19.116,18.644,18.9983,17976000,32.2
2021-11-02,18.998,19.234,18.9095,19.1163,11821700,32.4
2021-11-03,19.175,19.6175,19.0865,19.4703,20780600,33
2021-11-04,19.588,19.588,19.2045,19.2343,11372800,32.6
2021-11-05,19.3225,19.352,18.998,19.2933,10491300,32.7
2021-11-08,19.293,19.4405,18.88,19.3523,11218800,32.8
2021-11-09,19.4405,19.6765,19.3225,19.4408,15592100,32.95
2021-11-10,19.47,19.529,19.175,19.1753,8512900,32.5
2021-11-11,19.116,19.175,18.585,18.8508,14020000,31.95
2021-11-12,18.7325,19.293,18.644,19.2933,10871900,32.7
2021-11-15,19.47,19.5585,19.0275,19.1753,9553400,32.5
2021-11-16,19.057,19.3225,18.998,19.1163,8840900,32.4
2021-11-17,19.1455,19.175,18.9685,19.0278,6723600,32.25
2021-11-18,19.0275,19.175,18.821,18.9688,9932800,32.15
2021-11-19,18.998,19.588,18.9685,19.3523,21682100,32.8
2021-11-22,19.4995,20.5615,19.47,20.3553,27853200,34.5
2021-11-23,20.3255,20.3255,19.883,20.1193,9854300,34.1
2021-11-24,20.178,20.886,20.0895,20.8863,25476800,35.4
2021-11-25,21.122,21.122,20.6795,20.7388,14250500,35.15
2021-11-26,20.768,20.9155,20.119,20.2373,15203800,34.3
2021-11-29,19.7945,20.473,19.7945,20.2078,13763700,34.25
2021-11-30,20.65,20.709,19.647,19.7948,11067800,33.55
2021-12-01,19.7945,20.06,19.6175,20.0603,9082700,34
2021-12-02,20.296,20.5025,19.942,19.9423,7856200,33.8
2021-12-03,20.178,20.178,19.47,19.4703,9828100,33
2021-12-06,19.47,19.6765,18.644,18.9393,12851200,32.1
2021-12-07,19.175,19.411,19.0865,19.2933,6319600,32.7
2021-12-08,19.4405,19.6175,19.293,19.4703,6394700,33
2021-12-09,19.47,19.9125,19.411,19.9128,5943400,33.75
2021-12-10,19.942,20.178,19.765,19.7948,5905600,33.55
2021-12-13,20.001,20.119,19.765,19.7653,8116600,33.5
2021-12-14,19.9452,19.9754,19.5523,19.5843,7281800,32.4
2021-12-15,19.5826,19.7639,19.4617,19.4937,5399900,32.25
2021-12-16,19.6128,19.7639,19.4617,19.6448,6675900,32.5
2021-12-17,19.643,20.0661,19.5221,19.9168,8037200,32.95
2021-12-20,19.8848,19.9452,19.5826,19.6145,4919500,32.45
2021-12-21,19.5826,19.7639,19.3408,19.3425,6860700,32
2021-12-22,19.4919,19.4919,19.0688,19.131,9342300,31.65
2021-12-23,19.1595,19.4617,18.7666,19.4634,8936500,32.2
2021-12-24,19.3106,19.9452,19.2501,19.8866,6638300,32.9
2021-12-27,19.9452,20.2172,19.8545,20.1888,8106900,33.4
2021-12-28,20.2474,20.7007,20.187,20.491,13587500,33.9
2021-12-29,20.5496,20.8216,20.4892,20.6421,10226000,34.15
2021-12-30,20.61,20.7914,20.4287,20.4306,6289300,33.8
2021-12-31,20.5496,21.0936,20.4892,20.491,13259300,33.9
2022-01-04,20.8216,21.1238,20.6705,21.0048,12031300,34.75
2022-01-05,21.154,21.2749,20.9727,21.0048,10443800,34.75
2022-01-06,20.8518,20.882,20.4589,20.5515,11753800,34
2022-01-07,20.5496,20.8216,20.0056,20.0679,12412400,33.2
2022-01-10,20.1265,20.3381,19.9754,20.1283,8306400,33.3
2022-01-11,20.2474,20.3683,19.7941,19.947,7061400,33
2022-01-12,19.9452,20.6705,19.4919,20.6421,12781800,34.15
2022-01-13,20.7914,21.8793,20.6403,21.2466,35122100,35.15
2022-01-14,21.154,21.6375,20.9122,21.4279,9258500,35.45
2022-01-17,21.5166,22.2117,20.7309,21.1559,27495800,35
2022-01-18,20.9727,21.5469,20.6705,20.8839,15069400,34.55
2022-01-19,21.0936,21.2447,20.3985,20.4608,7922500,33.85
2022-01-20,20.2474,20.6705,20.0056,20.5515,9417300,34
2022-01-21,21.2144,22.0606,21.0331,21.4884,15424600,35.55
2022-01-24,21.4562,22.0304,21.3655,21.5488,17475400,35.65
2022-01-25,21.5166,22.3628,21.5166,22.3648,18851200,37
2022-01-26,22.665,23.0881,22.393,22.7577,21981300,37.65
2022-01-27,22.4535,22.7557,22.1815,22.3044,11740400,36.9
2022-01-28,22.2419,22.6046,22.1815,22.3044,8727700,36.9
2022-02-07,22.6046,22.6046,21.9397,21.9417,14883200,36.3
2022-02-08,21.8793,22.3628,21.7886,22.0626,9097100,36.5
2022-02-09,22.0606,22.4232,21.9699,21.9719,9201900,36.35
2022-02-10,22.0002,22.3024,21.8188,22.2137,8989600,36.75
2022-02-11,22.2721,22.5441,22.2419,22.2439,10407100,36.8
2022-02-14,21.9699,22.0606,20.9122,20.9141,15118300,34.6
2022-02-15,21.0331,21.2749,20.8518,21.1257,13310400,34.95
2022-02-16,21.3353,21.3958,20.882,20.9443,7858400,34.65
2022-02-17,21.0029,21.2447,20.9425,21.0955,5945600,34.9
2022-02-18,20.9425,21.1238,20.882,20.9141,8303800,34.6
2022-02-21,20.9122,21.0633,20.4287,20.7932,12018600,34.4
2022-02-22,20.5496,20.9727,20.3985,20.9141,9003800,34.6
2022-02-23,21.0936,21.2447,20.9727,21.0652,6729000,34.85
2022-02-24,20.9122,20.9727,20.0056,20.4608,16477000,33.85
2022-02-25,20.61,20.7309,20.3683,20.4608,10212900,33.85
2022-02-28,20.4589,20.4589,20.0359,20.0377,12721000,33.15
2022-03-01,20.1265,20.3078,20.0359,20.1283,7737300,33.3
2022-03-02,20.0661,20.0963,19.2804,19.3425,20423400,32
2022-03-03,19.4012,19.7034,19.371,19.7052,6542200,32.6
2022-03-04,19.7337,19.915,19.5826,19.7959,5933800,32.75
2022-03-07,19.4012,19.643,19.4012,19.4332,9901400,32.15
2022-03-08,19.3408,19.6128,19.3106,19.3728,7175000,32.05
2022-03-09,19.4012,19.5523,19.1595,19.3425,5732700,32
2022-03-10,19.643,19.7639,19.4012,19.403,3810500,32.1
2022-03-11,19.4012,19.5826,19.371,19.4937,3733000,32.25
2022-03-14,19.5221,19.5826,19.2199,19.2821,4982400,31.9
2022-03-15,19.3106,19.4919,19.2501,19.3123,3683000,31.95
2022-03-16,19.4919,19.5523,19.3408,19.3425,4339000,32
2022-03-17,19.5221,19.915,19.4617,19.7657,8350900,32.7
2022-03-18,19.8848,20.0661,19.8243,19.8261,4224200,32.8
2022-03-21,19.8243,19.915,19.6732,19.8563,3447300,32.85
2022-03-22,19.8243,20.0963,19.8243,19.947,6091300,33
2022-03-23,19.9452,20.2172,19.8545,19.8563,4020700,32.85
2022-03-24,19.8243,19.8848,19.6732,19.675,4490100,32.55
2022-03-25,19.643,19.7639,19.4012,19.4634,5555200,32.2
2022-03-28,19.4617,19.6732,19.2199,19.2217,6380700,31.8
2022-03-29,19.3408,19.4012,19.2804,19.3425,2982900,32
2022-03-30,19.2804,19.6732,19.2501,19.3728,5038200,32.05
2022-03-31,19.4012,19.7034,19.4012,19.6145,4793800,32.45
2022-04-01,19.643,20.0359,19.6128,19.9772,8660000,33.05
2022-04-04,20.187,20.187,19.8545,19.8563,6673500,32.85
2022-04-05,19.643,19.8243,19.5523,19.5541,6075100,32.35
2022-04-06,19.4012,19.7337,19.4012,19.7052,5774800,32.6
2022-04-07,19.7639,19.9452,19.5523,19.675,6080300,32.55
2022-04-08,19.643,19.6732,19.371,19.3728,5331500,32.05
2022-04-12,19.4315,19.4617,18.7364,18.7381,5690000,31
2022-04-13,18.8573,19.1293,18.8573,19.0403,4187400,31.5
2022-04-14,19.0386,19.2804,18.8271,18.859,2929200,31.2
2022-04-15,19.0084,19.0084,18.676,18.7381,5073900,31
2022-04-18,18.676,18.676,17.6485,17.6501,8403800,29.2
2022-04-19,17.8298,18.0716,17.3765,17.3781,4637100,28.75
2022-04-20,17.3765,17.7089,17.2556,17.3478,4259300,28.7
2022-04-21,17.2858,17.8298,17.165,17.5292,5307000,29
2022-04-22,17.7996,17.8902,17.4672,17.771,3585200,29.4
2022-04-25,17.7391,17.7391,16.5303,16.5318,6285600,27.35
2022-04-26,16.3188,16.7721,15.4122,16.7132,5977600,27.65
2022-04-27,16.7117,17.1045,16.621,17.1061,3380800,28.3
2022-04-28,17.1045,17.1952,16.893,17.0456,2072300,28.2
2022-04-29,16.8325,17.1347,16.7721,16.7736,5947200,27.75
2022-05-04,16.7721,16.9232,16.2584,16.3203,4604700,27
2022-05-05,16.5606,16.8628,16.3188,16.8643,4604600,27.9
2022-05-06,16.5001,16.8628,16.3188,16.3203,2335600,27
2022-05-09,16.1375,16.1979,15.2007,15.202,5432800,25.15
2022-05-10,14.5056,15.2913,14.5056,15.2323,6494400,25.2
2022-05-11,15.3215,16.2584,15.2309,16.1389,5667100,26.7
2022-05-12,15.7446,16.077,15.0193,15.1114,6370800,25
2022-05-13,15.11,15.2007,14.2034,14.4465,8034400,23.9
2022-05-16,15.11,15.3215,14.8078,14.8394,5223400,24.55
2022-05-17,14.7474,15.8655,14.7474,15.8669,5909200,26.25
2022-05-18,16.0468,16.4699,15.8957,16.0785,6426500,26.6
2022-05-19,15.7144,15.9562,15.5935,15.7763,4270100,26.1
2022-05-20,15.7748,15.9864,15.6237,15.6554,5051800,25.9
2022-05-23,15.6842,15.8353,15.11,15.1114,4208800,25
2022-05-24,15.11,15.7144,15.11,15.7158,4449100,26
2022-05-25,15.7144,16.3188,15.7144,16.2598,4502000,26.9
2022-05-26,16.4699,16.4699,16.0468,16.1389,3780600,26.7
2022-05-27,16.3188,16.4699,16.1375,16.3203,3929200,27
2022-05-30,16.349,16.5606,16.3188,16.5016,2818400,27.3
2022-05-31,16.349,16.893,16.3188,16.8643,6057500,27.9
2022-06-01,16.6512,16.9232,16.621,16.7736,4137200,27.75
2022-06-02,16.7721,16.9232,16.5001,16.7736,4391900,27.75
2022-06-03,16.5606,16.6814,16.2281,16.5621,2219500,27.4
2022-06-06,16.5606,16.7721,16.4397,16.4412,3756100,27.2
2022-06-07,16.4397,16.5606,16.0166,16.5621,2889500,27.4
2022-06-08,16.5606,16.9836,16.5001,16.7434,5333400,27.7
2022-06-09,16.8628,16.8628,16.621,16.7434,2574700,27.7
2022-06-10,16.621,16.6814,16.3792,16.3807,3096400,27.1
2022-06-13,16.0166,16.077,15.2611,15.2625,6906600,25.25
2022-06-14,15.11,15.5633,14.9287,15.2625,2866700,25.25
2022-06-15,15.11,15.3518,14.5358,14.8091,3205400,24.5
2022-06-16,14.9891,15.2309,14.8078,14.93,2216700,24.7
2022-06-17,14.5056,14.5963,13.9314,14.2349,3151800,23.55
2022-06-20,14.143,14.4149,13.6594,13.6607,4733900,22.6
2022-06-21,13.599,14.2336,13.599,13.9327,4588400,23.05
2022-06-22,14.1127,14.5056,14.1127,14.2651,2772500,23.6
2022-06-23,14.2034,15.2611,14.2034,15.2625,4669100,25.25
2022-06-24,15.2611,15.4122,14.9287,14.9602,2945000,24.75
2022-06-27,14.9589,15.5029,14.9287,15.474,3897800,25.6
2022-06-28,15.4122,16.5303,15.0798,16.1389,8843000,26.7
2022-06-29,16.0468,16.3188,16.0468,16.2296,3769100,26.85
2022-06-30,16.1979,16.2886,15.7748,15.8065,2996800,26.15
2022-07-01,15.8353,16.3188,15.4424,16.29,3534400,26.95
2022-07-04,16.4095,16.4095,16.077,16.0785,4009200,26.6
2022-07-05,16.0468,16.621,16.0468,16.3203,4934900,27
2022-07-06,15.8655,16.2584,15.5935,15.6251,4211400,25.85
2022-07-07,15.654,16.1979,15.5935,15.8972,3333500,26.3
2022-07-08,16.0166,16.1073,15.5633,15.6554,2655300,25.9
2022-07-11,15.6237,15.6237,15.382,15.4136,2432300,25.5
2022-07-12,15.4122,15.7144,15.3518,15.5345,3615500,25.7
2022-07-13,15.5633,16.2886,15.5633,16.0483,3868900,26.55
2022-07-14,16.0166,16.4397,15.8957,16.3203,5262300,27
2022-07-15,16.4397,16.621,16.3188,16.3203,7024300,27
2022-07-18,16.3792,16.4397,16.2584,16.2598,3476500,26.9
2022-07-19,16.1677,16.2584,15.8957,16.0483,2702900,26.55
2022-07-20,16.2886,16.5303,16.077,16.3505,4316400,27.05
2022-07-21,16.349,16.621,16.349,16.6225,4824700,27.5
2022-07-22,16.6814,16.7117,16.2584,16.2598,3253000,26.9
2022-07-25,16.1677,16.3792,16.077,16.0785,2220100,26.6
2022-07-26,16.2281,16.2584,16.0166,16.0483,2166000,26.55
2022-07-27,15.9562,16.3188,15.8655,16.3203,1598200,27
2022-07-28,16.4397,17.0441,16.3188,16.6829,9197200,27.6
2022-07-29,16.7721,16.9232,16.4397,16.4412,5464700,27.2
2022-08-01,16.6512,17.3463,16.6512,17.3478,8637900,28.7
2022-08-02,17.2858,17.4974,17.1347,17.2874,4570600,28.6
2022-08-03,17.165,17.6787,17.1045,17.5896,6140900,29.1
2022-08-04,17.6485,17.7089,17.3765,17.4385,5240900,28.85
2022-08-05,17.4672,17.588,17.3463,17.5292,2954300,29
2022-08-08,17.5578,17.6787,17.4369,17.5292,3121700,29
2022-08-09,17.5578,17.588,17.3161,17.4083,3507800,28.8
2022-08-10,17.2858,17.4369,17.1347,17.1967,3664500,28.45
2022-08-11,17.3765,17.5276,17.165,17.227,4325400,28.5
2022-08-12,17.2556,17.3463,17.165,17.3176,1821500,28.65
2022-08-15,17.4369,17.7996,17.4067,17.8012,6225200,29.45
2022-08-16,17.7996,17.8298,17.588,17.6501,3835600,29.2
2022-08-17,17.7089,17.7996,17.588,17.5896,3662100,29.1
2022-08-18,17.588,17.6183,17.3765,17.3781,3643900,28.75
2022-08-19,17.3161,17.5578,17.0441,17.0758,4899700,28.25
2022-08-22,17.0743,17.165,16.8325,16.9247,5539300,28
2022-08-23,16.8023,17.0139,16.7117,16.9247,4282500,28
2022-08-24,17.1347,17.2556,17.0139,17.0456,3127900,28.2
2022-08-25,17.1347,17.3463,16.9836,17.3478,4170600,28.7
2022-08-26,17.4672,17.4672,17.1347,17.1967,3915700,28.45
2022-08-29,17.0139,17.0441,16.6814,16.8643,4119900,27.9
2022-08-30,16.8628,17.2556,16.8628,17.1665,3595400,28.4
2022-08-31,17.1045,17.2254,16.8628,17.0758,2075300,28.25
2022-09-05,17.0743,17.1347,16.8628,16.8945,1755800,27.95
2022-09-06,16.8628,17.3161,16.8628,17.0758,3020400,28.25
2022-09-07,17.0743,17.165,16.5303,16.5318,4257500,27.35
2022-09-08,16.621,16.6814,16.2281,16.2296,3659100,26.85
2022-09-09,16.2886,16.4397,15.9259,16.2296,1820400,26.85
2022-09-12,16.3188,16.4699,16.3188,16.3505,1603900,27.05
2022-09-13,16.3792,16.7117,16.349,16.6225,2408900,27.5
2022-09-14,16.3188,16.4397,16.2584,16.3203,2113200,27
2022-09-15,16.3188,16.5001,16.2584,16.2598,1275100,26.9
2022-09-16,16.077,16.2584,15.8353,15.8367,1983400,26.2
2022-09-19,15.6842,15.8051,15.2611,15.4136,2347600,25.5
2022-09-20,15.4726,15.7144,15.4726,15.7158,2001200,26
2022-09-21,15.654,15.6842,15.4122,15.4438,1250900,25.55
2022-09-22,15.2913,15.4726,15.11,15.3531,3206900,25.4
2022-09-23,15.3518,15.4726,15.11,15.1114,1588100,25
2022-09-26,14.9287,14.9287,14.0523,14.2047,6442500,23.5
2022-09-27,14.2034,14.4452,14.0825,14.1745,2446800,23.45
2022-09-28,14.143,14.3545,14.0825,14.0838,2714800,23.3
2022-09-29,14.2336,14.4452,13.6594,13.6607,3417400,22.6
2022-09-30,13.6897,14.0523,13.5688,14.0233,5377300,23.2
2022-10-03,13.7199,13.9012,13.055,13.0562,5690400,21.6
2022-10-04,13.2968,13.7199,12.3902,12.5424,5635700,20.75
2022-10-05,12.8737,13.4177,12.8737,13.298,4275300,22
2022-10-06,13.2968,13.4479,12.8435,12.9353,4256200,21.4
2022-10-07,12.8737,12.8737,12.0578,12.0589,8381600,19.95
2022-10-10,11.9067,12.6622,11.7858,12.5122,4923200,20.7
2022-10-11,12.5111,12.5413,11.7858,11.9682,5492200,19.8
2022-10-12,12.088,12.7831,12.0276,12.7842,4719200,21.15
2022-10-13,12.8737,13.5386,12.7831,13.5398,6243400,22.4
2022-10-14,13.8105,13.871,13.5688,13.7211,5662200,22.7
2022-10-17,13.6594,13.7501,13.2364,13.6304,4715300,22.55
2022-10-18,13.8408,14.143,13.8105,13.9025,3895400,23
2022-10-19,13.9012,14.1127,13.6292,14.0233,4115800,23.2
2022-10-20,14.0221,14.3243,13.6897,14.0536,3878500,23.25
2022-10-21,14.0523,14.0523,13.0853,13.0864,6658600,21.65
2022-10-24,13.1155,13.2968,12.5715,12.6935,4945000,21
2022-10-25,12.8133,13.5688,12.6622,13.57,8645300,22.45
2022-10-26,13.5688,14.0221,13.5083,13.5398,3449600,22.4
2022-10-27,13.7501,14.4754,13.599,14.4767,8005600,23.95
2022-10-28,14.6869,15.0496,14.5056,14.5371,7631500,24.05
2022-10-31,14.6869,14.8985,14.1127,14.8696,10121500,24.6
2022-11-01,14.9287,15.382,14.7474,14.7789,8831500,24.45
2022-11-02,14.5358,14.838,14.4149,14.5069,5390300,24
2022-11-03,14.2336,14.566,14.2034,14.2651,7489200,23.6
2022-11-04,14.143,14.8078,13.2968,14.8091,13957000,24.5
2022-11-07,14.6869,14.8078,13.9314,14.114,7033100,23.35
2022-11-08,13.9012,14.5963,13.9012,14.4162,6274600,23.85
2022-11-09,14.566,15.0193,14.5056,14.7789,10208700,24.45
2022-11-10,14.566,14.6869,13.7501,13.7513,9623300,22.75
2022-11-11,14.3545,14.6869,14.143,14.2651,9790500,23.6
2022-11-14,14.0221,14.7171,13.7501,14.4465,9034900,23.9
2022-11-15,14.2638,14.4452,13.4479,14.1442,10692800,23.4
2022-11-16,13.4781,15.0496,13.4479,14.9905,13029200,24.8
2022-11-17,15.11,15.5935,14.8985,15.1114,11677400,25
2022-11-18,14.838,15.11,14.2034,14.93,11616200,24.7
2022-11-21,14.9287,14.9891,14.566,14.5674,5680300,24.1
2022-11-22,14.4452,15.0496,14.2034,14.4465,7649900,23.9
2022-11-23,14.4452,14.9589,14.3847,14.7487,5920300,24.4
2022-11-24,14.6567,14.8682,14.3847,14.8696,4141700,24.6
2022-11-25,15.0496,15.5935,14.8985,15.5949,14164700,25.8
2022-11-28,15.7748,16.5908,15.7748,16.5016,11090400,27.3
2022-11-29,16.3188,16.5606,15.7748,16.5621,9674400,27.4
2022-11-30,16.349,16.9232,16.1073,16.4714,6374800,27.25
2022-12-01,16.5303,16.7419,15.7144,15.8065,10765700,26.15
2022-12-02,15.8957,16.893,15.7446,16.8945,8942500,27.95
2022-12-05,17.2254,17.2858,16.8023,17.2874,7687500,28.6
2022-12-06,16.9836,17.2858,16.2281,16.3203,7661900,27
2022-12-07,16.2584,16.8023,16.1677,16.5318,4099300,27.35
2022-12-08,16.6814,17.4672,16.5606,16.8038,5282700,27.8
2022-12-09,16.8023,16.9534,16.349,16.9549,4989800,28.05
2022-12-12,16.9232,17.0441,16.5908,16.5923,3851100,27.45
2022-12-13,16.5001,17.0441,16.3792,17.0154,3912200,28.15
2022-12-14,17.165,17.1952,16.8325,16.8643,2422900,27.9
2022-12-15,16.8628,17.0743,16.8628,17.0758,3529300,28.25
2022-12-16,16.7721,17.0743,16.7721,16.9549,3220100,28.05
2022-12-19,16.9232,17.2254,16.6512,16.6527,5166900,27.55
2022-12-20,16.6512,16.9232,16.077,16.9247,6578800,28
2022-12-21,16.9232,16.9232,16.3188,16.6225,3061700,27.5
2022-12-22,16.621,17.0139,16.621,16.6829,3346000,27.6
2022-12-23,16.621,16.893,16.5001,16.7132,2821500,27.65
2022-12-26,16.7117,16.7419,15.7144,15.746,2958900,26.05
2022-12-27,15.7748,16.1677,15.7144,16.0785,2592900,26.6
2022-12-28,16.077,16.4397,15.8957,16.4109,1890200,27.15
2022-12-29,16.3792,16.621,16.2584,16.3203,1718100,27
2022-12-30,16.3188,16.5303,16.1677,16.4714,1394100,27.25
2023-01-03,16.5303,16.9232,16.4699,16.9247,3477200,28
2023-01-04,16.9232,17.4672,16.8628,17.227,5783700,28.5
2023-01-05,17.2254,17.3765,17.0743,17.227,2113300,28.5
2023-01-06,17.2254,17.6787,16.9534,17.2874,6735200,
2023-01-09,17.3463,17.588,17.3463,17.5896,4251600,
2023-01-10,17.6485,17.6485,17.2556,17.2572,3055300,
2023-01-11,17.2858,17.6183,17.2858,17.5896,3425200,
2023-01-12,17.588,17.6485,17.3765,17.4687,2471500,
2023-01-13,17.588,17.6485,17.165,17.5896,2974400,29.1
2023-01-16,17.588,18.132,17.4672,18.1336,5345500,30
2023-01-17,18.1924,18.5249,18.1924,18.4963,3475900,30.6
2023-01-18,18.4946,18.6457,18.3738,18.587,3204700,30.75
2023-01-19,18.5551,18.7968,18.2227,18.7985,5008400,31.1
2023-01-27,18.7968,18.8875,18.2529,18.3452,3426200,30.35
2023-01-30,18.132,18.2227,17.9507,17.9825,3739500,29.75
2023-01-31,17.9507,18.4342,17.8298,18.4359,3448000,30.5
2023-02-01,18.4342,18.5249,17.2254,17.5292,4346000,29
2023-02-02,17.5276,17.7996,17.3463,17.6501,3143700,29.2
2023-02-03,17.6485,17.7694,17.5578,17.5594,3617300,29.05
2023-02-06,17.4067,18.0716,17.2556,18.0732,2630000,29.9
2023-02-07,18.0111,18.2529,17.6183,17.6501,3254700,29.2
2023-02-08,17.6787,18.2529,17.6485,18.0732,3158400,29.9
2023-02-09,18.0716,18.2529,17.7694,17.771,2699300,29.4
2023-02-10,17.7694,18.0111,17.588,17.5896,2103300,29.1
2023-02-13,17.4369,17.7089,17.4067,17.6198,2133600,29.15
2023-02-14,17.7089,17.7694,17.3463,17.3478,1752200,28.7
2023-02-15,17.3463,17.7391,17.2858,17.4687,1473700,28.9
2023-02-16,17.5578,18.1018,17.4974,17.9523,2901100,29.7
2023-02-17,17.9507,18.0716,17.7694,17.9221,2237100,29.65
2023-02-20,18.0413,18.404,17.9507,18.4056,4573900,30.45
2023-02-21,18.3738,18.4342,18.0413,18.043,2955300,29.85
2023-02-22,17.8902,17.9507,17.4672,17.4687,3944800,28.9
2023-02-23,17.2254,17.5276,17.1045,17.5292,4083200,29
2023-02-24,17.4672,17.4672,17.0743,17.0758,2188200,28.25
2023-02-27,17.0441,17.0441,16.5908,16.6527,1748800,27.55
2023-02-28,16.8023,16.9232,16.5606,16.5621,1275600,27.4
2023-03-01,16.5303,17.0743,16.3792,17.0758,2168600,28.25
2023-03-02,17.1045,17.1347,16.7721,16.8038,1829900,27.8
2023-03-03,16.9232,16.9232,16.5908,16.8038,1748100,27.8
2023-03-06,16.8325,17.3765,16.8325,17.1363,3193600,28.35
2023-03-07,17.1347,17.5276,17.1347,17.5292,2882600,29
2023-03-08,17.2254,17.8298,17.1952,17.771,3416500,29.4
2023-03-09,17.7694,17.9507,17.6787,17.771,2363600,29.4
2023-03-10,17.6787,17.6787,17.3463,17.6501,1614000,29.2
2023-03-13,17.3161,17.7694,17.2858,17.7105,1859400,29.3
2023-03-14,17.6787,17.6787,17.1347,17.5292,2143800,29
2023-03-15,17.7089,17.8902,17.5578,17.8314,2796300,29.5
2023-03-16,17.5276,17.6485,17.2254,17.499,2150600,28.95
2023-03-17,17.5578,17.7089,17.4067,17.5292,1136900,29
2023-03-20,17.4974,17.4974,16.9232,16.9247,1611400,28
2023-03-21,17.2858,17.2858,16.9232,17.1061,1056300,28.3
2023-03-22,17.1952,17.3463,17.0441,17.227,1379500,28.5
2023-03-23,17.0441,17.3463,16.9836,17.3478,1606100,28.7
2023-03-24,17.3463,17.4369,17.1045,17.227,2539100,28.5
2023-03-27,17.2254,17.4672,17.1045,17.3781,1392700,28.75
2023-03-28,17.3765,17.5276,17.3765,17.4687,1898500,28.9
2023-03-29,17.4067,17.5578,17.4067,17.5292,1729300,29
2023-03-30,17.588,17.6485,17.4067,17.5292,1446300,29
2023-03-31,17.4672,17.6485,17.3463,17.6501,2331800,29.2
2023-04-03,17.8298,18.1622,17.7694,18.1034,3732300,29.95
2023-04-04,18.1018,18.1018,17.86,17.9221,2220100,29.65
2023-04-05,17.9205,18.1924,17.7391,18.1336,3438900,30
2023-04-06,18.132,18.132,17.86,17.8616,1930300,29.55
2023-04-07,17.8298,17.86,17.7089,17.8314,1541600,29.5
2023-04-10,17.8298,17.9507,17.7089,17.7407,1849500,29.35
2023-04-11,17.7996,17.8902,17.6485,17.8919,1160200,29.6
2023-04-12,17.9507,17.9507,17.7694,17.8314,1372800,29.5
2023-04-13,17.7694,17.8298,17.588,17.771,1310900,29.4
2023-04-14,17.7996,17.8298,17.588,17.5896,1512400,29.1
2023-04-17,17.588,17.7089,17.4067,17.6501,1298300,29.2
2023-04-18,17.6485,17.7089,17.5276,17.5896,1177200,29.1
2023-04-19,17.5578,17.6183,17.3161,17.3478,1613300,28.7
2023-04-20,17.3161,17.3765,17.165,17.3781,1328400,28.75
2023-04-21,17.2254,17.3765,17.2254,17.2874,935900,28.6
2023-04-24,17.2556,17.6485,17.0441,17.4687,2652900,28.9
2023-04-25,17.5276,17.5276,17.2254,17.227,1280600,28.5
2023-04-26,17.2254,17.4067,16.893,17.1665,3781400,28.4
2023-04-27,17.165,17.3463,17.1347,17.1363,1978300,28.35
2023-04-28,17.2254,17.4369,17.2254,17.4385,4375900,28.85
2023-05-04,17.2858,17.2858,17.0441,17.0758,2094900,28.25
2023-05-05,17.0743,17.1045,16.8023,16.8341,3720400,27.85
2023-05-08,16.9232,16.9534,16.8325,16.8643,3291900,27.9
2023-05-09,16.9534,17.0743,16.9232,16.9247,2869400,28
2023-05-10,16.9534,17.0743,16.893,17.0758,5544200,28.25
2023-05-11,17.165,17.1952,17.0743,17.1363,2978300,28.35
2023-05-12,17.1347,17.165,17.0139,17.1665,3865800,28.4
2023-05-15,17.2254,17.3161,16.9836,16.9852,6832500,28.1
2023-05-16,17.0441,17.0743,16.893,16.8945,3037900,27.95
2023-05-17,16.9232,16.9836,16.621,16.6225,5242300,27.5
2023-05-18,16.7419,16.8628,16.621,16.7736,4644700,27.75
2023-05-19,16.8628,17.0441,16.7117,16.9247,2085300,28
2023-05-22,16.9232,17.0441,16.893,16.8945,3067100,27.95
2023-05-23,16.9836,16.9836,16.7419,16.8643,4048500,27.9
2023-05-24,16.9232,16.9232,16.6814,16.7736,3821700,27.75
2023-05-25,16.7117,16.8023,16.6512,16.6829,3099700,27.6
2023-05-26,16.6814,16.8023,16.621,16.8038,1781900,27.8
2023-05-29,16.8023,17.0139,16.8023,16.9247,2860900,28
2023-05-30,16.9836,17.0139,16.8628,16.9549,2948100,28.05
2023-05-31,16.9534,16.9534,16.8023,16.9247,2714900,28
2023-06-01,16.9232,16.9836,16.8325,16.8945,2395200,27.95
2023-06-02,16.9534,17.3765,16.9232,17.3176,8931900,28.65
2023-06-05,17.4672,17.5578,17.3161,17.3781,4445800,28.75
2023-06-06,17.4369,17.5276,17.2858,17.3478,5306600,28.7
2023-06-07,17.4369,17.6485,17.3765,17.4687,6346700,28.9
2023-06-08,17.4672,17.5276,17.2556,17.2572,5165700,28.55
2023-06-09,17.2556,17.3161,16.9836,17.1363,6111000,28.35
2023-06-12,17.165,17.1952,16.8325,17.1665,5634400,28.4
2023-06-13,17.1347,17.1952,17.0441,17.1061,3213200,28.3
2023-06-14,17.1952,17.6485,17.1952,17.3478,8423300,28.7
2023-06-15,17.3463,17.7391,17.3463,17.5292,7183600,29
2023-06-16,17.5578,17.6485,17.2254,17.227,7432700,28.5
2023-06-19,17.2556,17.4369,17.2556,17.2874,3404700,28.6
2023-06-20,17.3161,17.6485,17.2556,17.6501,2781600,29.2
2023-06-21,17.588,17.7089,17.4369,17.6198,4570200,29.15
2023-06-22,17.7089,17.9205,17.6485,17.8012,5102500,29.45
2023-06-23,17.8298,17.86,17.6183,17.6803,4983700,29.25
2023-06-26,17.5578,17.7996,17.4672,17.6803,6462100,29.25
2023-06-27,17.7089,17.7391,17.5276,17.7407,3656100,29.35
2023-06-28,17.7694,18.2529,17.7391,18.1336,8631900,30
2023-06-29,18.132,18.1924,17.8298,18.0732,5201200,29.9
2023-06-30,17.9507,17.9809,17.7391,17.8314,5601900,29.5
2023-07-03,17.8298,17.8902,17.6485,17.6803,3179400,29.25
2023-07-04,17.6183,17.8298,17.5578,17.8012,5105500,29.45
2023-07-05,17.86,17.9507,17.7391,17.8616,3596500,29.55
2023-07-06,17.86,17.8902,17.4369,17.7407,6343400,29.35
2023-07-07,17.6787,17.8902,17.5578,17.8919,3913600,29.6
2023-07-10,17.9809,18.0111,17.8298,17.9523,6962300,29.7
2023-07-11,18.1018,18.4946,18.1018,18.315,14508800,30.3
2023-07-12,18.3133,18.3738,18.0111,18.1336,6313800,30
2023-07-13,18.2529,18.2529,18.0413,18.1336,5302700,30
2023-07-14,18.132,18.2529,17.7694,18.0732,7967000,29.9
2023-07-17,18.0716,18.1018,17.86,17.9523,6581700,29.7
2023-07-18,17.9507,18.132,17.9507,18.043,4570900,29.85
2023-07-19,18.132,18.1622,17.8298,18.0732,6740400,29.9
2023-07-20,18.0716,18.0716,17.86,17.9221,4593800,29.65
2023-07-21,17.9205,18.0111,17.8298,17.9523,5537400,29.7
2023-07-24,18.0716,18.1924,17.9809,18.043,5164400,29.85
2023-07-25,18.1018,18.3133,18.0413,18.0732,6091900,29.9
2023-07-26,18.1018,18.1622,17.9507,18.0127,5544100,29.8
2023-07-27,18.0413,18.0716,17.7089,17.7407,7921500,29.35
2023-07-28,17.7694,17.8298,17.7089,17.8314,5219800,29.5
2023-07-31,18.0716,18.132,17.8902,18.1336,5765900,30
2023-08-01,18.2529,18.6155,18.1924,18.3754,14243700,30.4
2023-08-02,18.4342,18.8271,18.4342,18.7683,13339400,31.05
2023-08-03,18.7062,18.7968,18.5551,18.6776,8078000,30.9
2023-08-04,18.7364,18.7364,18.5249,18.7381,7557300,31
2023-08-07,19.0084,19.7034,18.8875,19.7052,13001900,32.6
2023-08-08,19.8545,19.8545,19.5221,19.7052,8764800,32.6
2023-08-09,19.643,19.7034,19.371,19.6448,8014100,32.5
2023-08-10,19.643,19.7337,19.099,19.131,7995700,31.65
2023-08-11,19.1897,19.4315,18.9177,19.403,6909000,32.1
2023-08-14,19.4012,19.5826,19.1595,19.5239,6370100,32.3
2023-08-15,19.5221,19.5826,19.371,19.5843,5240600,32.4
2023-08-16,19.4617,19.7639,19.2804,19.5541,6372500,32.35
2023-08-17,19.5826,19.8848,19.4919,19.7052,9762600,32.6
2023-08-18,19.5221,19.6128,18.5551,18.5568,13696200,30.7
2023-08-21,18.676,19.5221,18.4946,19.3425,9913500,32
2023-08-22,19.3408,19.371,18.676,19.0705,5795100,31.55
2023-08-23,19.1293,19.1897,18.7666,18.9194,4377400,31.3
2023-08-24,19.0386,19.2804,18.7968,19.1914,5036900,31.75
2023-08-25,19.1897,19.1897,18.7666,18.8288,8626800,31.15
2023-08-28,18.7666,18.9177,18.7364,18.8288,5411300,31.15
2023-08-29,18.9782,19.2199,18.8875,18.8892,3726400,31.25
2023-08-30,19.0084,19.4012,19.0084,19.403,7395200,32.1
2023-08-31,19.4315,19.7034,19.4315,19.6145,5272800,32.45
2023-09-05,19.643,19.9452,19.643,19.7354,5968600,32.65
2023-09-06,19.7639,19.7941,19.4919,19.7354,4463900,32.65
2023-09-07,19.7639,20.1265,19.7337,19.7354,7773500,32.65
2023-09-08,19.7639,19.7639,19.5221,19.5239,3674400,32.3
2023-09-11,19.643,19.7941,19.2199,19.2821,7492500,31.9
2023-09-12,19.3408,19.5221,19.1897,19.5239,3929100,32.3
2023-09-13,19.5221,19.7941,19.3106,19.675,7999400,32.55
2023-09-14,19.7941,20.3381,19.7941,20.0679,14125200,33.2
2023-09-15,20.0056,20.2474,19.7337,19.7959,6484800,32.75
2023-09-18,19.7941,19.7941,19.2199,19.3728,8699100,32.05
2023-09-19,19.371,19.4919,19.0688,19.403,4883200,32.1
2023-09-20,19.4012,19.5523,19.1897,19.3728,6669400,32.05
2023-09-21,19.4012,19.4315,19.1595,19.1612,5997300,31.7
2023-09-22,19.0386,19.1897,18.7364,19.131,8222000,31.65
2023-09-25,19.0084,19.1595,18.0111,18.0127,6721400,29.8
2023-09-26,18.0716,18.6457,17.9809,18.315,5255800,30.3
2023-09-27,18.3738,18.7364,18.132,18.7381,3648100,31
2023-09-28,18.5551,18.7364,17.4369,18.6474,7874400,30.85
2023-09-29,18.4644,18.7666,18.1622,18.1639,5350700,30.05
2023-10-02,18.1924,18.3435,16.893,18.1034,5334700,29.95
2023-10-03,17.8298,17.8298,17.3765,17.5896,7705100,29.1
2023-10-04,17.3463,17.588,17.2858,17.4687,3077200,28.9
2023-10-05,17.5578,17.6183,16.9836,16.9852,4884500,28.1
2023-10-06,17.2254,17.3765,16.8325,17.3478,3154500,28.7
2023-10-09,17.3161,17.6485,17.3161,17.6198,1901900,29.15
2023-10-10,17.7391,17.86,17.6485,17.7105,2970400,29.3
2023-10-11,17.7089,17.8298,17.5578,17.8314,1759400,29.5
2023-10-12,17.9507,17.9809,17.7391,17.8919,2092400,29.6
2023-10-13,17.7089,17.8902,17.5276,17.7105,1457500,29.3
2023-10-16,17.6787,17.7089,17.4067,17.4083,2025200,28.8
2023-10-17,17.5276,17.6183,17.2858,17.2874,1650400,28.6
2023-10-18,17.2858,17.4067,16.9534,17.1363,2125400,28.35
2023-10-19,17.1347,17.2858,16.9232,17.2874,1810200,28.6
2023-10-20,17.1952,17.9809,16.8628,17.771,3602000,29.4
2023-10-23,17.7694,17.7694,17.4067,17.7105,1587400,29.3
2023-10-24,17.7089,17.8298,17.5578,17.8314,2467900,29.5
2023-10-25,17.7089,17.8298,17.4974,17.5292,1749000,29
2023-10-26,17.1347,17.2556,16.6512,17.1363,5974000,28.35
2023-10-27,17.1347,17.1952,16.7721,17.0456,2901000,28.2
2023-10-30,16.7117,17.0441,16.7117,16.7132,1730500,27.65
2023-10-31,16.7721,16.9232,16.6814,16.7434,2833300,27.7
2023-11-01,16.8023,16.8023,16.5001,16.5621,3039100,27.4
2023-11-02,16.6814,17.2254,16.6814,17.0758,2371900,28.25
2023-11-03,17.165,17.1952,16.9232,16.9247,3559600,28
2023-11-06,17.1347,17.3463,17.1347,17.2572,2337400,28.55
2023-11-07,17.165,17.3463,17.1045,17.2572,2277600,28.55
2023-11-08,17.2858,17.6787,17.0743,17.6803,2934800,29.25
2023-11-09,17.7391,17.9809,17.6485,17.8314,4606900,29.5
2023-11-10,17.6787,17.7694,17.4974,17.771,3477700,29.4
2023-11-13,17.7089,17.86,17.6485,17.771,3129500,29.4
2023-11-14,18.0413,18.1924,17.8902,18.0127,3732500,29.8
2023-11-15,18.1924,18.4946,18.1924,18.2545,5373200,30.2
2023-11-16,18.1018,18.3133,18.0716,18.2847,2244100,30.25
2023-11-17,18.2529,18.3133,17.7996,17.9523,4281100,29.7
2023-11-20,17.6485,17.9809,17.588,17.8616,2168700,29.55
2023-11-21,18.0413,18.0413,17.7694,17.771,1837700,29.4
2023-11-22,17.8298,17.9507,17.7391,17.8919,1850000,29.6
2023-11-23,17.9809,17.9809,17.6485,17.6501,1913600,29.2
2023-11-24,17.6485,17.8902,17.3463,17.8919,3088400,29.6
2023-11-27,17.9205,17.9205,17.588,17.771,1431700,29.4
2023-11-28,17.7089,17.7089,17.4369,17.7105,2068800,29.3
2023-11-29,17.7089,17.86,17.6485,17.771,2549800,29.4
2023-11-30,17.763,18.0332,17.6617,17.7642,2651700,26.3
2023-12-01,17.8643,17.8643,17.5604,17.7642,1962600,26.3
2023-12-04,17.8643,17.9656,17.7293,17.933,7638100,26.55
2023-12-05,17.9656,18.0332,17.8981,17.8993,2549300,26.5
2023-12-06,17.8981,18.0332,17.8981,18.0006,3205700,26.65
2023-12-07,18.067,18.3033,17.9319,18.1694,5656600,26.9
2023-12-08,18.2358,18.3033,18.0332,18.1694,3718900,26.9
2023-12-11,18.202,18.2696,18.0332,18.1357,2203100,26.85
2023-12-12,18.1683,18.2358,18.0332,18.237,3346200,27
2023-12-13,18.3371,18.4722,18.0332,18.0681,3629800,26.75
2023-12-14,18.202,18.202,17.8643,18.0681,3873600,26.75
2023-12-15,17.8981,18.1345,17.7968,18.0343,3969300,26.7
2023-12-18,17.8981,18.0332,17.5942,17.5953,3836500,26.05
2023-12-19,17.6279,17.8981,17.5266,17.8993,2308300,26.5
2023-12-20,17.763,17.9656,17.6955,17.933,2388300,26.55
2023-12-21,17.8306,17.9656,17.7293,17.933,2581300,26.55
2023-12-22,17.8981,17.9656,17.7968,17.8655,2169200,26.45
2023-12-25,17.9319,18.1683,17.8981,18.1694,4083500,26.9
2023-12-26,18.1345,18.202,18.1007,18.1019,3247900,26.8
2023-12-27,18.1007,18.1683,18.067,18.1357,3008900,26.85
2023-12-28,18.1345,18.3033,18.067,18.3045,2983700,27.1
2023-12-29,18.3709,18.4722,18.3033,18.3045,4655000,27.1
2024-01-02,18.3371,18.4047,18.2696,18.3721,3300000,27.2
2024-01-03,18.3709,18.641,18.2696,18.6422,3123600,27.6
2024-01-04,18.6748,19.9243,18.6073,19.3177,14693100,28.6
2024-01-05,19.4178,19.6879,19.384,19.5879,8765200,29
2024-01-08,19.9243,20.1269,19.6204,19.9594,12113500,29.55
2024-01-09,19.9918,20.3633,19.7892,20.2633,14351600,30
2024-01-10,20.262,21.0387,20.1607,20.9388,13924900,31
2024-01-11,21.0049,21.2751,20.5322,20.9388,9746100,31
2024-01-12,20.8023,21.5115,20.6672,21.2765,17184500,31.5
2024-01-15,21.3089,21.4102,20.9374,21.2089,6951700,31.4
2024-01-16,20.9712,21.2076,20.8023,21.2089,7442400,31.4
2024-01-17,20.9712,21.2751,20.9374,21.0401,6739800,31.15
2024-01-18,21.0387,21.3426,20.8699,21.2765,8842000,31.5
2024-01-19,21.4102,22.018,21.2413,22.0195,14108300,32.6
2024-01-22,21.9843,22.0518,21.579,22.0532,8679800,32.65
2024-01-23,22.0518,22.1531,21.5453,21.7493,9136000,32.2
2024-01-24,21.579,21.883,21.5453,21.6142,4997700,32
2024-01-25,21.6128,21.6803,21.3426,21.648,5164700,32.05
2024-01-26,21.6803,21.7817,21.579,21.6817,3676400,32.1
2024-01-29,21.6803,22.1194,21.6128,21.8168,5875800,32.3
2024-01-30,21.8492,21.9167,21.6466,21.7493,3741900,32.2
2024-01-31,21.9167,21.9505,21.14,21.344,11925100,31.6
2024-02-01,21.2413,21.6803,21.2413,21.648,5126100,32.05
2024-02-02,21.6128,21.7141,21.3089,21.4116,4536600,31.7
2024-02-05,21.444,22.8961,21.444,22.8975,21679700,33.9
2024-02-06,22.9636,23.2675,22.8623,23.2353,8645600,34.4
2024-02-07,23.2338,24.517,23.2338,23.9782,13534000,35.5
2024-02-15,24.0442,24.1793,23.639,23.6405,8849700,35
2024-02-16,23.8416,23.8416,23.4026,23.8094,7504900,35.25
2024-02-19,23.7065,23.9767,23.3013,23.9107,10677500,35.4
2024-02-20,23.8416,24.0442,23.4364,23.7756,6832100,35.2
2024-02-21,23.8079,24.4495,23.6728,24.012,10391600,35.55
2024-02-22,24.1118,24.1456,23.8079,24.1133,7056000,35.7
2024-02-23,24.1793,25.0911,23.639,23.7756,25763100,35.2
2024-02-26,23.7741,24.2131,23.7065,24.0796,6391800,35.65
2024-02-27,24.1118,24.517,23.9429,24.4173,9066000,36.15
2024-02-28,24.5846,24.6183,24.078,24.2822,9809600,35.95
2024-02-29,24.4495,24.517,23.7741,24.012,12798100,35.55
2024-03-01,24.1118,24.1118,23.639,24.0458,9179700,35.6
2024-03-04,24.0442,24.9223,23.7403,24.316,17569600,36
2024-03-05,24.3144,24.6183,24.1456,24.6199,7378300,36.45
2024-03-06,24.5846,24.956,24.2469,24.316,7996800,36
2024-03-07,24.3144,24.3482,23.9429,24.1809,8882900,35.8
2024-03-08,24.1793,24.2131,23.3013,23.3028,20828300,34.5
2024-03-11,23.3013,23.4702,22.8961,23.0664,7842600,34.15
2024-03-12,22.9636,23.3688,22.9298,23.3028,6760600,34.5
2024-03-13,23.3688,23.7403,23.0987,23.7418,6141800,35.15
2024-03-14,23.7741,23.7741,23.0987,23.269,7010100,34.45
2024-03-15,23.2338,23.9092,22.9298,23.4717,9586500,34.75
2024-03-18,23.4702,23.639,21.8492,22.4923,11387200,33.3
2024-03-19,22.5584,22.8285,22.2544,22.4923,7149600,33.3
2024-03-20,22.4233,23.3013,22.2882,23.2015,9484900,34.35
2024-03-21,23.3688,23.5715,22.9974,23.573,9087700,34.9
2024-03-22,23.7065,24.5846,23.639,24.1133,15958000,35.7
2024-03-25,23.9767,24.1118,23.3013,23.4379,9577000,34.7
2024-03-26,23.4702,23.9092,23.4026,23.7756,3801300,35.2
2024-03-27,23.639,23.9767,23.5039,23.9782,5066600,35.5
2024-03-28,24.2469,24.2469,23.8416,24.1471,7031500,35.75
2024-03-29,24.1456,24.1456,23.7403,24.012,4490100,35.55
2024-04-01,23.9092,23.9092,23.4702,23.6405,7918200,35
2024-04-02,23.3013,23.7741,23.0311,23.6405,6979000,35
2024-04-03,23.5715,23.639,22.8961,22.9989,9109200,34.05
2024-04-04,23.0987,23.1662,22.6259,22.6611,7104500,33.55
2024-04-05,22.4233,22.6934,22.3557,22.4247,9834200,33.2
2024-04-08,22.4908,23.1325,22.2544,22.6274,12007900,33.5
2024-04-09,22.8961,23.1325,22.6597,23.1339,5238500,34.25
2024-04-10,23.2,23.2,22.7272,22.7287,4301500,33.65
2024-04-11,22.4908,22.761,22.4571,22.7624,4179700,33.7
2024-04-12,22.8285,24.3482,22.7272,24.2484,23775200,35.9
2024-04-15,24.1793,24.517,22.5584,22.5936,29292700,33.45
2024-04-16,22.8961,22.9974,22.1531,22.9989,15414300,34.05
2024-04-17,23.1325,23.1325,22.0518,22.087,19095700,32.7
2024-04-19,21.6803,22.1194,21.1063,21.344,13040500,31.6
2024-04-22,21.6466,21.883,21.4102,21.8168,7768100,32.3
2024-04-23,21.7817,21.9505,21.0387,21.2765,10689200,31.5
2024-04-24,21.6128,22.2544,21.4102,22.2559,9012800,32.95
2024-04-25,22.1869,22.2882,21.7817,22.2896,4863800,33
2024-04-26,21.9843,22.3895,21.7141,22.1545,8972900,32.8
2024-05-02,22.1531,22.1531,21.6128,21.8506,6361000,32.35
2024-05-03,21.9167,22.1869,21.7141,21.8844,6160500,32.4
2024-05-06,22.018,22.4571,21.8492,22.4247,7627200,33.2
2024-05-07,22.4233,22.4571,22.1531,22.1545,4941700,32.8
2024-05-08,22.0518,22.2882,21.8492,22.0195,8398000,32.6
2024-05-09,22.1531,22.5584,21.9167,22.2221,7196700,32.9
2024-05-10,22.3895,22.3895,21.9843,22.1883,4656700,32.85
2024-05-13,22.1869,22.1869,21.7817,21.8168,7004000,32.3
2024-05-14,21.883,22.0856,21.7817,21.8168,5643900,32.3
2024-05-15,21.9167,22.2882,21.7817,21.8506,7928800,32.35
2024-05-16,22.1531,22.761,21.9843,22.4247,14193700,33.2
2024-05-17,22.5246,22.5584,22.2207,22.3572,5948500,33.1
2024-05-20,22.4908,22.8961,22.322,22.526,12148300,33.35
2024-05-21,22.5921,23.0311,22.5246,22.7287,6079100,33.65
2024-05-22,22.8623,22.8961,22.0856,22.2896,11642900,33
2024-05-23,22.2544,22.4571,22.018,22.4585,5573500,33.25
2024-05-24,22.3557,22.8961,21.8154,21.9519,13921600,32.5
2024-05-27,22.0856,22.0856,21.6803,21.8844,8217500,32.4
2024-05-28,21.9167,21.9505,21.4102,21.7493,24685700,32.2
2024-05-29,21.7479,21.7479,21.3764,21.3778,15631900,31.65
2024-05-30,21.1738,21.6803,21.1738,21.4791,9617600,31.8
2024-05-31,21.4777,21.7479,21.4777,21.5467,6190100,31.9
2024-06-03,21.7817,22.1531,21.6466,22.0195,9928600,32.6
2024-06-04,22.0856,22.2544,21.9167,22.1545,8842900,32.8
2024-06-05,22.2207,22.2544,21.883,21.8844,8383500,32.4
2024-06-06,21.9505,22.0856,21.8492,22.0195,7437100,32.6
2024-06-07,22.1531,22.2207,22.0518,22.1545,4307200,32.8
2024-06-10,22.2544,22.9298,22.2207,22.6274,13316000,33.5
2024-06-11,22.9298,22.9298,22.3895,22.4247,10714500,33.2
2024-06-12,22.4571,22.7272,22.1869,22.6274,7591300,33.5
2024-06-13,22.9636,23.0649,22.6259,22.8975,14006900,33.9
2024-06-14,22.8961,22.9298,22.1531,22.1545,10429800,32.8
2024-06-17,22.1531,22.2544,21.8154,22.1208,8417900,32.75
2024-06-18,22.1194,22.1869,21.8492,21.8506,7746400,32.35
2024-06-19,21.883,21.9843,21.579,21.9519,6704200,32.5
2024-06-20,21.8154,21.9843,21.6128,21.7493,7044100,32.2
2024-06-21,21.883,21.9167,21.7141,21.7493,4903100,32.2
2024-06-24,21.7479,21.8492,21.3089,21.3778,8439100,31.65
2024-06-25,21.5453,21.5453,21.2413,21.344,5413400,31.6
2024-06-26,21.3426,21.3764,20.9712,21.1414,6556300,31.3
2024-06-27,21.14,21.2076,21.0387,21.1414,4084600,31.3
2024-06-28,21.14,21.2413,20.9374,20.9388,4521600,31
2024-07-01,20.8361,21.6128,20.8361,21.6142,3924600,32
2024-07-02,21.6128,21.8492,21.5453,21.8168,5122200,32.3
2024-07-03,21.8492,21.9505,21.6466,21.8506,3316100,32.35
2024-07-04,21.883,21.9505,21.6466,21.8168,2526600,32.3
2024-07-05,21.8492,22.1869,21.6803,22.087,5590000,32.7
2024-07-08,22.1194,22.1194,21.8154,22.0195,3851700,32.6
2024-07-09,22.018,22.1531,21.883,22.087,4731800,32.7
2024-07-10,22.0856,22.1869,21.883,21.8844,5205400,32.4
2024-07-11,21.9505,22.018,21.7479,21.7493,3867400,32.2
2024-07-12,21.7479,21.8154,21.5453,21.6142,3874000,32
2024-07-15,21.6466,21.7479,21.6128,21.6817,2451000,32.1
2024-07-16,21.7141,22.1869,21.6803,21.9519,6589100,32.5
2024-07-17,22.0856,22.8285,21.9843,22.2896,22598600,33
2024-07-18,22.4908,22.5921,22.1194,22.5936,8111000,33.45
2024-07-19,22.4571,22.8285,22.1194,22.5598,10147600,33.4
2024-07-22,22.4233,23.0311,22.3895,22.7287,15868100,33.65
2024-07-23,22.761,22.761,21.6466,21.8844,9825700,32.4
2024-07-24,21.8492,21.9505,21.4102,21.7493,10316300,32.2
2024-07-25,21.6128,21.6128,21.2076,21.3102,6106000,31.55
2024-07-26,21.3089,21.7141,21.3089,21.648,3281100,32.05
2024-07-29,21.7141,21.8492,21.6803,21.6817,3120200,32.1
2024-07-30,21.6128,21.6803,21.4777,21.6142,4284300,32
2024-07-31,21.6128,21.8154,21.4777,21.6142,6542400,32
2024-08-01,21.6128,21.9167,21.14,21.2427,8811100,31.45
2024-08-02,20.9712,21.3089,20.4309,21.3102,10408500,31.55
2024-08-05,20.8699,20.9036,20.262,20.3646,10630500,30.15
2024-08-06,20.5997,20.6672,20.2282,20.6348,4871100,30.55
2024-08-07,20.701,20.701,20.2958,20.3984,3892500,30.2
2024-08-08,20.3971,20.5659,20.2958,20.3984,5155000,30.2
2024-08-09,20.4984,21.2751,20.4984,21.2765,7179900,31.5
2024-08-12,21.3089,21.444,21.0725,21.4116,3052300,31.7
2024-08-13,21.5115,21.5115,21.1738,21.5129,3764400,31.85
2024-08-14,21.5115,21.6128,21.3426,21.4791,4668000,31.8
2024-08-15,21.4777,21.579,21.2413,21.5129,4421800,31.85
2024-08-16,21.5115,21.9505,21.4777,21.9519,7856100,32.5
2024-08-19,21.9505,22.0856,21.8492,22.0532,5863100,32.65
2024-08-20,22.0518,22.5246,22.018,22.4247,10766100,33.2
2024-08-21,22.4571,23.0987,22.2882,23.1002,27480100,34.2
2024-08-22,23.2,23.639,23.1662,23.3703,11485500,34.6
2024-08-23,23.2338,23.6052,23.0649,23.6068,9860800,34.95
2024-08-26,23.639,23.639,23.2338,23.3703,9584400,34.6
2024-08-27,23.3688,23.639,23.1325,23.5392,11698100,34.85
2024-08-28,23.5715,23.6052,23.3013,23.573,5938900,34.9
2024-08-29,23.6052,23.8754,23.3013,23.6405,12531200,35
2024-08-30,23.639,23.7065,23.4026,23.6743,8124100,35.05
2024-09-04,23.3688,23.8416,23.2675,23.8432,10446800,35.3
2024-09-05,23.7741,23.9767,23.3688,23.6405,8504400,35
2024-09-06,23.5039,23.9767,23.3688,23.9782,9157300,35.5
2024-09-09,23.7741,23.9429,23.639,23.9445,5375600,35.45
2024-09-10,23.9092,24.0105,23.5039,23.6068,7474100,34.95
2024-09-11,23.6052,23.7065,23.2675,23.6068,5494300,34.95
2024-09-12,23.8079,23.8079,23.4364,23.6405,4999600,35
2024-09-13,23.5039,23.639,23.4026,23.573,3439800,34.9
2024-09-16,23.6052,23.6052,23.3013,23.4041,5810800,34.65
2024-09-17,23.3351,23.6052,23.2,23.6068,5230100,34.95
2024-09-18,23.6052,24.517,23.5039,24.1133,17487600,35.7
2024-09-19,24.1456,24.4495,24.0442,24.316,5835500,36
2024-09-20,24.3482,24.7534,24.2806,24.316,13164300,36
2024-09-23,24.2806,24.517,24.078,24.2484,4440300,35.9
2024-09-24,24.2469,24.4495,24.078,24.3497,5546400,36.05
2024-09-25,24.6521,24.7196,24.3144,24.316,9797800,36
2024-09-26,24.3144,24.6183,23.9429,24.5861,22830200,36.4
2024-09-27,24.6183,25.3613,24.6183,24.9914,15617800,37
2024-09-30,24.9223,25.1249,24.7534,24.9576,4842500,36.95
2024-10-01,24.956,25.0573,24.5508,24.6537,12315100,36.5
2024-10-02,24.4157,24.6183,24.2806,24.316,11271900,36
2024-10-03,24.3144,24.821,24.2469,24.4511,9111600,36.2
2024-10-04,24.4157,24.4157,24.0442,24.0458,8545600,35.6
2024-10-07,24.2469,24.2806,23.9767,24.1809,5298700,35.8
2024-10-08,24.1793,24.4157,24.0105,24.1471,6638700,35.75
2024-10-09,24.1793,24.7196,24.1118,24.3835,9143500,36.1
2024-10-10,24.6183,24.7534,24.3482,24.4173,6226000,36.15
2024-10-11,24.4833,24.517,24.1793,24.4848,4217800,36.25
2024-10-14,24.5846,24.6183,24.3482,24.3497,4041500,36.05
2024-10-15,24.4833,24.8547,24.3819,24.4173,10587200,36.15
2024-10-16,24.3819,24.6183,24.2469,24.5186,3778300,36.3
2024-10-17,24.6521,24.6859,24.3482,24.6875,6200700,36.55
2024-10-18,24.8547,24.9223,24.4833,24.4848,7054400,36.25
2024-10-21,24.3819,24.5508,23.9767,23.9782,8242100,35.5
2024-10-22,23.9767,24.078,23.5039,23.6405,9519000,35
2024-10-23,23.639,23.7403,23.4702,23.6743,4488500,35.05
2024-10-24,23.639,23.7403,22.9974,23.5392,6405900,34.85
2024-10-25,23.4702,23.5039,23.3013,23.3703,4448300,34.6
2024-10-28,23.4026,23.5039,23.3351,23.4379,2288100,34.7
2024-10-29,23.4364,23.6052,23.4364,23.6068,2890000,34.95
2024-10-30,23.5715,23.639,23.3013,23.4717,2626400,34.75
2024-10-31,23.5715,24.1456,23.5039,24.1133,8400500,35.7
2024-11-01,24.0105,24.2806,23.9767,24.0458,7983200,35.6
2024-11-04,24.0105,24.2806,23.8754,24.1133,5247600,35.7
2024-11-05,23.9767,24.1118,23.6728,23.6743,4093100,35.05
2024-11-06,23.7741,24.2469,23.7065,24.2484,3543500,35.9
2024-11-07,24.2469,24.4157,24.0442,24.0458,3822400,35.6
2024-11-08,24.1118,24.3144,23.5039,23.6405,4916300,35
2024-11-11,23.639,23.639,22.8623,23.6068,16325500,34.95
2024-11-12,23.5039,23.5377,23.0987,23.3028,3342200,34.5
2024-11-13,23.2675,23.3013,22.9298,23.2015,4244200,34.35
2024-11-14,23.1662,23.1662,22.6934,22.6949,5270200,33.6
2024-11-15,22.6934,22.6934,22.1531,22.3572,8350400,33.1
2024-11-18,22.3557,22.7272,22.0856,22.4923,4072900,33.3
2024-11-19,22.6259,22.6934,22.2882,22.526,5280700,33.35
2024-11-20,22.322,22.9636,22.322,22.9651,6494000,34
2024-11-21,22.9636,23.639,22.6934,23.6405,7810800,35
2024-11-22,23.5715,23.7741,23.4364,23.6405,6181600,35
2024-11-25,23.6052,23.7065,23.4364,23.7081,3824500,35.1
2024-11-26,23.639,23.8754,23.5715,23.8432,4538800,35.3
2024-11-27,23.7065,23.8416,23.6052,23.7418,2761100,35.15
2024-11-28,23.8416,23.9092,23.6052,23.9107,3289800,35.4
2024-11-29,23.9767,24.2131,23.8079,24.1471,5142400,35.75
2024-12-02,24.2469,24.3144,24.1118,24.2147,4468300,35.85
2024-12-03,24.2806,24.2806,23.9429,24.2484,5261300,35.9
2024-12-04,24.0442,24.1118,23.8416,23.8432,4137800,35.3
2024-12-05,23.8416,24.6521,23.6728,24.5861,10395100,36.4
2024-12-06,24.6521,24.7534,24.4833,24.4848,5625800,36.25
2024-12-09,24.4157,24.6521,24.3482,24.6199,4392500,36.45
2024-12-10,24.6183,24.6521,24.3819,24.5524,3293400,36.35
2024-12-11,24.517,24.7196,24.4495,24.5524,4390000,36.35
2024-12-12,24.5846,24.8547,24.4495,24.5186,5010500,36.3
2024-12-13,24.4157,24.6521,24.3819,24.5524,4180300,36.35
2024-12-16,24.5508,24.7872,24.4495,24.4848,2866500,36.25
2024-12-17,24.4833,24.5508,24.3482,24.4848,3429900,36.25
2024-12-18,24.4495,24.5846,24.1793,24.4848,2933300,36.25
2024-12-19,24.2131,24.4495,24.0442,24.4511,6319500,36.2
2024-12-20,24.3144,24.4157,24.1118,24.4173,3418200,36.15
2024-12-23,24.4495,24.517,24.3819,24.4848,3097200,36.25
2024-12-24,24.3819,24.4495,24.2469,24.4511,2831100,36.2
2024-12-25,24.4495,26.138,24.4495,25.8019,25190700,38.2
2024-12-26,25.9354,25.9354,25.6652,25.8019,4847100,38.2
2024-12-27,25.9016,26.2055,25.6652,26.2072,9539300,38.8
2024-12-30,26.0029,26.2731,25.9016,26.2748,7210600,38.9
2024-12-31,26.0704,26.138,25.5301,25.5318,5449700,37.8
2025-01-02,25.6652,25.8678,25.395,25.7344,5742600,38.1
2025-01-03,25.5301,25.6652,25.1249,25.1265,10284500,37.2
2025-01-06,25.1587,25.4288,25.0236,25.1265,6045300,37.2
2025-01-07,25.3275,25.6652,25.0911,25.2954,6267400,37.45
2025-01-08,25.26,25.5977,25.1587,25.5318,3664700,37.8
2025-01-09,25.5301,25.5977,25.1587,25.2616,4056700,37.4
2025-01-10,25.26,25.8003,25.1249,25.3291,7501000,37.5
2025-01-13,25.1249,25.4626,24.4495,25.4642,9377500,37.7
2025-01-14,25.2937,25.5977,24.9223,24.9576,3716700,36.95
2025-01-15,24.9898,25.0573,24.7196,24.8226,4980700,36.75
2025-01-16,24.8885,25.1249,24.5846,24.8563,6641100,36.8
2025-01-17,24.8547,25.1249,24.7196,25.1265,3948300,37.2
2025-01-20,25.1587,25.4626,25.0911,25.194,4400000,37.3
2025-01-21,25.2937,25.5301,25.0236,25.194,5502600,37.3
2025-01-22,25.395,25.395,25.1587,25.194,4497700,37.3
2025-01-23,25.26,25.8003,25.1924,25.7344,7583800,38.1
2025-01-24,25.7327,25.7665,25.4964,25.6669,5047600,38
2025-02-04,25.8341,26.8472,25.699,26.6125,14538400,39.4
2025-02-05,26.7796,26.8134,26.4081,26.5787,6686000,39.35
2025-02-06,26.6108,26.9147,26.4757,26.68,6527700,39.5
2025-02-07,26.6783,27.8265,26.5095,27.5581,14973700,40.8
2025-02-10,27.5563,27.7589,27.0498,27.2204,9535800,40.3
2025-02-11,27.2524,27.6239,27.1173,27.4906,7621400,40.7
2025-02-12,27.4888,27.5563,27.2862,27.3555,4835000,40.5
2025-02-13,27.2186,27.894,27.2186,27.5919,6945200,40.85
2025-02-14,27.6914,27.9278,27.3537,27.3892,5515600,40.55
2025-02-17,27.3537,27.455,27.1173,27.1191,5951900,40.15
2025-02-18,27.1173,27.6914,27.0498,27.2204,6539300,40.3
2025-02-19,27.3875,27.6576,27.3199,27.3555,6136000,40.5
2025-02-20,27.7252,27.7252,27.3199,27.5919,5265200,40.85
2025-02-21,27.5901,28.0291,27.3537,28.0309,7710600,41.5
2025-02-24,28.0291,28.333,27.9278,28.3011,6764800,41.9
2025-02-25,28.333,28.4343,27.9616,28.2673,5728900,41.85
2025-02-26,28.2317,28.2317,27.7589,27.9296,9430900,41.35
2025-02-27,27.8603,28.0629,27.5901,28.0309,6079700,41.5
2025-02-28,27.894,28.0966,27.6914,28.0309,5529300,41.5
2025-03-03,27.8265,27.8603,27.5901,27.862,7674500,41.25
2025-03-04,27.6914,28.2317,27.5563,28.0985,7443800,41.6
2025-03-05,28.0966,28.5357,27.7927,27.8283,7812100,41.2
2025-03-06,27.9616,28.198,27.8265,28.1322,5639200,41.65
2025-03-07,28.1642,28.637,28.1304,28.6388,10858900,42.4
2025-03-10,28.8396,28.8396,28.4343,28.6726,9163000,42.45
2025-03-11,28.3668,28.772,28.2317,28.7739,6943500,42.6
2025-03-12,28.9071,29.2448,28.5694,28.8077,9350500,42.65
2025-03-13,28.8396,28.8396,28.4681,28.5713,7914900,42.3
2025-03-14,28.4006,28.5694,28.2317,28.5713,7787700,42.3
2025-03-17,28.5694,28.772,28.5019,28.7739,3459900,42.6
2025-03-18,28.9747,28.9747,28.333,28.3686,5406700,42
2025-03-19,28.2993,28.3668,27.9616,28.0647,8668600,41.55
2025-03-20,28.0629,28.2317,27.6914,28.0985,8810000,41.6
2025-03-21,28.0966,28.1304,27.7252,28.1322,7361100,41.65
2025-03-24,27.9616,28.2317,27.7589,28.2335,6851700,41.8
2025-03-25,28.333,28.5694,28.1642,28.5713,5036300,42.3
2025-03-26,28.5357,28.6707,28.0966,28.1998,5469500,41.75
2025-03-27,27.9616,28.198,27.8603,28.0985,3508800,41.6
2025-03-28,28.0291,28.0629,27.7927,27.9296,4092900,41.35
2025-03-31,27.8265,27.9953,27.6239,27.9971,4619700,41.45
2025-04-01,28.1304,28.2655,27.7252,28.2673,4737500,41.85
2025-04-02,28.333,28.5694,28.1642,28.3349,5575900,41.95
2025-04-03,27.4888,27.4888,26.3744,26.3761,19835700,39.05
2025-04-04,24.5508,26.138,24.5508,26.1397,17693000,38.7
2025-04-08,24.3819,25.8003,24.3144,24.316,18688600,36
2025-04-09,22.8285,24.9898,22.8285,22.83,17505900,33.8
2025-04-10,24.4157,24.4157,24.4157,24.4173,2907100,36.15
2025-04-11,24.9898,26.0029,24.6859,25.937,20246200,38.4
2025-04-14,26.0704,26.0704,25.5639,25.8695,9750200,38.3
2025-04-15,25.5301,25.6652,25.1249,25.498,10253700,37.75
2025-04-16,25.4964,25.7327,25.1249,25.1265,6581500,37.2
2025-04-17,24.9898,25.2262,24.7534,25.1603,8698900,37.25
2025-04-18,25.5639,25.699,25.2937,25.2954,8510000,37.45
2025-04-21,25.3613,25.5639,24.7872,25.1603,10033700,37.25
2025-04-22,24.9223,25.0911,23.4026,25.059,15064300,37.1
2025-04-23,25.26,25.4288,24.9898,25.194,6705500,37.3
2025-04-24,25.2937,25.2937,24.8885,25.2616,6793100,37.4
2025-04-25,25.1249,25.3275,25.0236,25.0927,6465300,37.15
2025-04-28,25.1587,25.1587,24.7872,24.8901,5105100,36.85
2025-04-29,24.821,25.1249,24.7872,25.1265,4933700,37.2
2025-05-05,25.1924,25.3275,25.0236,25.2278,3621800,37.35
2025-05-06,25.2262,25.5639,25.1249,25.3967,7236200,37.6
2025-05-07,25.3275,25.3613,25.0911,25.2954,6127600,37.45
2025-05-08,25.26,25.395,25.1249,25.3629,7941300,37.55
2025-05-09,25.4288,25.5301,25.26,25.2954,6244100,37.45
2025-05-12,25.3275,25.6314,25.2937,25.5655,8966900,37.85
2025-05-13,25.7327,26.6108,25.7327,26.6125,15748400,39.4
2025-05-14,26.6445,26.7458,26.4081,26.7476,9319800,39.6
2025-05-15,26.7458,27.1173,26.5095,26.8489,9780500,39.75
2025-05-16,26.8809,26.8809,26.3406,26.3423,6562600,39
2025-05-19,26.1718,26.4757,26.0367,26.4098,7238400,39.1
2025-05-20,26.138,26.6783,26.138,26.68,6572100,39.5
2025-05-21,26.5432,27.2862,26.5432,26.6462,8638000,39.45
2025-05-22,26.577,26.6783,26.1042,26.241,7061000,38.85
2025-05-23,26.2393,26.3406,26.0704,26.2072,4339900,38.8
2025-05-26,26.1718,26.5095,25.6652,26.5112,7007300,39.25
2025-05-27,26.5095,26.7458,26.3406,26.7476,7752400,39.6
2025-05-28,26.8134,26.8472,26.4081,26.7138,5580900,39.55
2025-05-29,26.6445,26.6783,26.2731,26.2748,7448200,38.9
2025-05-30,26.4419,26.4419,25.8003,25.8695,7680600,38.3
2025-06-02,25.8341,26.1042,25.6314,25.937,4412100,38.4
2025-06-03,26.1042,26.1718,25.9354,26.0384,4295200,38.55
2025-06-04,26.138,26.2731,25.9691,26.0046,4155400,38.5
2025-06-05,26.0029,26.1718,25.6652,26.0384,4332000,38.55
2025-06-06,25.9691,25.9691,25.699,25.8019,3467900,38.2
2025-06-09,25.8003,25.8341,25.5977,25.6669,3172600,38
2025-06-10,25.6652,25.8003,25.5639,25.5655,4647300,37.85
2025-06-11,25.6652,25.6652,25.3613,25.6669,5975400,38
2025-06-12,25.699,26.0367,25.5977,26.0046,8242800,38.5
2025-06-13,25.9354,27.5226,25.7665,26.9502,23868500,39.9
2025-06-16,26.9822,27.2186,26.9485,27.2204,6086700,40.3
2025-06-17,27.3199,27.3199,26.8809,27.2541,7871100,40.35
2025-06-18,27.1511,27.2862,26.9822,27.1191,5524700,40.15
2025-06-19,27.1511,27.7252,27.0498,27.4906,10136000,40.7
2025-06-20,27.5563,28.2317,27.455,27.8958,12449200,41.3
2025-06-23,27.6576,27.9278,27.3875,27.9296,4848400,41.35
2025-06-24,28.0629,28.2317,27.9278,28.0647,9812700,41.55
2025-06-25,28.1642,28.3668,28.0291,28.166,8585000,41.7
2025-06-26,28.2317,28.2993,27.894,28.3011,6038700,41.9
2025-06-27,28.3668,28.4681,28.0629,28.3349,5913500,41.95
2025-06-30,28.3668,28.3668,28.0629,28.3011,5913500,41.9
2025-07-01,28.1642,28.3668,28.0629,28.3011,4088100,41.9
2025-07-02,28.2655,28.4343,28.2317,28.3011,4277400,41.9
2025-07-03,28.2655,28.8734,28.2317,28.7064,10203700,42.5
2025-07-04,28.8396,28.9071,28.5019,28.8414,4477100,42.7
2025-07-07,29.0422,29.9878,29.0084,29.9897,11497400,44.4
2025-07-08,30.0553,30.1228,29.7514,29.9897,3982800,44.4
2025-07-09,29.9878,30.5281,29.9202,30.395,7568100,45
2025-07-10,30.3255,30.393,29.9202,30.395,6547000,45
2025-07-11,30.3592,30.3592,30.0891,30.1248,5736700,44.6
2025-07-14,30.0553,30.0891,29.515,29.9222,12064300,44.3
2025-07-15,29.9202,30.2917,29.7851,29.8208,7167000,44.15
2025-07-16,29.8189,30.3592,29.6501,30.3612,5688900,44.95
2025-07-17,30.3255,30.4943,30.1228,30.395,7521100,45
2025-07-18,30.393,30.7645,30.0891,30.4287,8291000,45.05
2025-07-21,30.7982,30.8996,30.1904,30.5301,6559900,45.2
2025-07-22,30.5281,30.7982,30.1904,30.8002,4817800,45.6
2025-07-23,30.8658,30.9671,30.2579,30.834,6335800,45.65
2025-07-24,30.832,31.0346,30.5281,30.8678,5070900,45.7
2025-07-25,30.9333,31.2035,30.6969,30.8002,5534900,45.6
2025-07-28,30.7307,31.0684,30.6632,30.8002,10570000,45.6
2025-07-29,30.9333,31.1022,29.5825,29.5844,14733900,43.8
2025-07-30,29.7176,31.6425,29.6163,31.2055,22468200,46.2
2025-07-31,32.0815,32.0815,30.4268,31.0029,19391700,45.9
2025-08-01,31.0684,31.0684,29.8189,29.9222,16224400,44.3
2025-08-04,29.7176,30.8996,29.4474,30.834,9698200,45.65
2025-08-05,31.0346,32.9258,30.7982,31.4081,24076700,46.5
2025-08-06,31.8789,32.2504,31.4399,32.0836,9566100,47.5
2025-08-07,32.4192,32.4192,31.71,32.32,9156800,47.85
2025-08-08,32.3854,32.4192,31.6087,32.2187,12368000,47.7
2025-08-11,32.2841,32.3179,31.8451,32.0836,8862900,47.5
2025-08-12,32.0815,32.7231,31.7438,32.4213,14358400,48
2025-08-13,32.4867,33.4998,31.8451,33.502,17697600,49.6
2025-08-14,33.9051,34.5129,33.4998,33.9073,18688000,50.2
2025-08-15,34.3103,34.3779,32.9595,33.0967,15808500,49
2025-08-18,33.1284,33.3648,32.5543,32.759,12393300,48.5
2025-08-19,33.0271,33.6349,32.9933,33.502,11749300,49.6
2025-08-20,33.5336,35.1208,33.1621,34.1774,15736000,50.6
2025-08-21,34.648,35.5936,34.4454,34.988,17837200,51.8
2025-08-22,34.7831,36.0664,33.7025,34.3801,24276800,50.9
2025-08-25,34.7831,34.8506,32.9595,33.1643,15712700,49.1
2025-08-26,32.7907,34.5805,32.7569,34.5827,9948500,51.2
2025-08-27,35.1208,35.9313,34.3103,34.5152,18567600,51.1
2025-08-28,34.5805,34.9857,34.0402,34.8529,8229700,51.6
2025-08-29,35.0533,35.0533,34.3779,34.6503,12260700,51.3
2025-09-03,34.5129,34.5805,34.0402,34.1774,10168900,50.6
2025-09-04,34.1752,34.9857,34.0402,34.4476,9019200,51
2025-09-05,34.5805,34.8506,33.9726,33.9748,11199800,50.3
2025-09-08,33.77,33.8375,33.1284,33.4345,14767400,49.5
2025-09-09,33.4323,33.6349,32.9933,33.502,7573900,49.6
2025-09-10,33.4998,34.7156,33.4998,34.1099,11991700,50.5
2025-09-11,33.9051,34.1752,32.9933,34.1774,6899500,50.6
2025-09-12,34.2428,34.7156,34.0402,34.0424,8089000,50.4
2025-09-15,34.1752,34.8506,33.7362,34.8529,12875800,51.6
2025-09-16,35.1208,35.8637,34.9857,35.4608,18522800,52.5
2025-09-17,35.4585,35.4585,34.7156,34.7178,7654000,51.4
2025-09-18,34.7831,34.8506,34.1752,34.5827,8197900,51.2
2025-09-19,34.5129,34.7156,33.9726,34.5827,8134800,51.2
2025-09-22,34.2428,34.3779,33.1284,33.2994,11674200,49.3
2025-09-23,33.4323,33.77,33.3648,33.7722,4299500,50
2025-09-24,33.5674,34.1077,33.2972,34.1099,5150700,50.5
2025-09-25,34.1077,34.3103,33.8375,33.9748,4692600,50.3
2025-09-26,33.9726,34.8506,33.7362,34.245,10287000,50.7
2025-09-29,34.2428,34.5805,34.0402,34.4476,4392900,51
2025-09-30,34.3103,34.4454,33.77,34.3125,6496500,50.8
2025-10-01,34.4454,35.0533,34.0402,34.7853,7104100,51.5
2025-10-02,34.9857,35.391,34.5805,34.7853,8398200,51.5
2025-10-03,34.648,34.7156,33.9726,34.3125,7606900,50.8
2025-10-06,34.648,35.5936,34.4454,35.3932,9569400,52.4
2025-10-07,35.6611,35.6611,34.8506,34.8529,6054100,51.6
2025-10-08,35.2559,36.0664,35.1208,35.731,11976900,52.9
2025-10-09,35.7287,37.147,35.526,37.1494,21543800,55
2025-10-10,37.6198,38.1601,37.0795,37.2845,13398000,55.2
2025-10-13,36.9444,38.025,36.8768,37.8248,10943600,56
2025-10-14,38.0567,38.0567,37.0355,37.0405,13689600,54.4
2025-10-15,37.1036,37.5802,36.8313,37.3128,8091900,54.8
2025-10-16,37.3759,37.444,36.4228,36.6319,10973700,53.8
2025-10-17,36.559,36.8994,35.5378,35.5425,17820200,52.2
2025-10-20,35.9462,36.3547,33.223,33.2956,25108500,48.9
2025-10-21,33.3592,34.3123,33.2911,34.0105,13428900,49.95
2025-10-22,34.3804,34.3804,33.0188,34.385,11664700,50.5
2025-10-23,34.04,34.3123,33.7677,33.8403,8497000,49.7
2025-10-24,33.5975,33.9719,32.6784,33.9084,11649500,49.8
2025-10-27,33.9038,33.9379,33.0869,33.0913,5362100,48.6
2025-10-28,33.0528,33.3592,32.5082,33.3636,6253500,49
2025-10-29,33.4954,34.2442,33.3932,33.8062,6411600,49.65
2025-10-30,33.9038,33.9379,33.4273,33.4998,4840500,49.2
2025-10-31,33.9379,34.3804,33.3592,33.3636,8858400,49
2025-11-03,33.5634,33.7677,33.0188,33.0232,5620800,48.5
2025-11-04,32.8486,34.04,32.5763,34.0105,7379300,49.95
2025-11-05,33.9038,35.1293,33.6996,34.9297,10623400,51.3
2025-11-06,34.857,34.857,34.1081,34.7935,7255500,51.1
2025-11-07,34.3804,34.857,32.9848,33.3636,13056800,49
2025-11-10,33.155,33.3592,32.4401,32.6828,7671700,48
2025-11-11,32.7805,33.0188,31.9976,33.0232,8811100,48.5
2025-11-12,33.0188,33.6996,32.7465,33.4998,6635000,49.2
2025-11-13,33.4613,33.4613,32.9507,33.2615,5628500,48.85
2025-11-14,33.0188,33.0869,32.7124,33.0572,6523600,48.55
2025-11-17,33.189,33.3252,32.9167,33.2615,5014800,48.85
2025-11-18,33.2911,33.7336,33.2571,33.636,5458400,49.4
2025-11-19,33.6315,33.6315,33.189,33.602,5019700,49.35
2025-11-20,33.5634,33.5634,33.1209,33.4317,4543200,49.1
2025-11-21,33.0869,33.4954,32.8826,33.4317,6520900,49.1
2025-11-24,33.4273,33.4954,33.189,33.2275,3617800,48.8
2025-11-25,33.155,33.3252,32.7805,32.7849,5568500,48.15
2025-11-26,32.8826,33.2911,32.6103,33.2956,7071200,48.9
2025-11-27,33.3592,33.7677,33.223,33.2615,7632300,48.85
2025-11-28,33.1209,33.3592,32.8146,33.3636,4673400,49
2025-12-01,33.2911,33.3252,32.9507,32.9551,2739600,48.4
2025-12-02,33.3252,33.4954,32.9507,33.3977,8947700,49.05
2025-12-03,33.6996,35.6739,33.6996,35.4063,22667700,52
2025-12-04,35.5378,35.8101,35.1974,35.4063,7554000,52
2025-12-05,35.4697,35.5378,34.857,35.0659,6459700,51.5
2025-12-08,34.9931,34.9931,34.4485,34.7935,6112900,51.1
2025-12-09,34.6527,34.6527,34.006,34.1126,9538100,50.1
2025-12-10,34.3123,34.5846,34.1081,34.385,3867500,50.5
2025-12-11,34.5166,34.5166,34.04,34.1126,4553200,50.1
2025-12-12,34.2442,34.4485,33.6996,33.7041,8014400,49.5
2025-12-15,33.7677,33.8698,33.3932,33.8403,5440100,49.7
2025-12-16,34.04,34.7208,33.3932,34.7254,15094400,51
2025-12-17,34.9604,35.0096,33.8279,34.1726,10665100,34.7
2025-12-18,34.1726,34.2218,33.434,33.8279,5822900,34.35
2025-12-19,33.8279,34.0741,33.5324,33.9264,7234100,34.45
2025-12-22,33.9722,34.7107,33.7752,34.6157,11776100,35.15
2025-12-23,34.7634,35.0096,34.1233,34.468,9893700,35
2025-12-24,34.4645,34.7599,34.1691,34.7634,9502300,35.3
2025-12-25,34.8619,35.896,34.468,34.468,13969300,35
2025-12-26,34.3695,34.7142,33.7294,34.665,10622300,35.2
2025-12-29,34.4645,34.8091,34.366,34.7634,7192400,35.3
2025-12-30,34.8091,35.4,34.6614,35.1081,8456300,35.65
2025-12-31,35.1574,35.2558,34.8619,35.2066,7920700,35.75
2026-01-05,35.2558,35.5513,34.0248,34.9604,10427300,35.5
2026-01-06,34.8619,35.6498,34.271,35.6498,14857900,36.2
2026-01-07,35.8467,36.93,35.7975,36.8808,22144400,37.45
2026-01-08,36.9792,38.8996,36.5361,37.6194,31939500,38.2
2026-01-09,38.4072,40.2291,38.1118,40.1306,38922900,40.75
2026-01-12,41.3616,42.8388,40.7215,40.8692,37246900,41.5
2026-01-13,40.8651,41.702,39.388,40.6722,32378300,41.3
2026-01-14,40.1798,42.5926,40.0321,40.82,30568900,41.45
2026-01-15,39.8844,40.3768,38.9981,39.392,28177000,40
2026-01-16,40.0814,40.9184,38.8996,38.9981,21678400,39.6
2026-01-19,39.0473,39.7367,38.9488,39.392,13549500,40
2026-01-20,39.8311,39.9788,39.0434,39.0473,18904200,39.65
2026-01-21,38.9488,39.9336,38.4072,39.589,20390200,40.2
2026-01-22,39.7819,40.6681,39.2403,39.2935,21656100,39.9
2026-01-23,39.392,39.4412,38.2595,38.4072,17979800,39
2026-01-26,38.4564,38.5549,37.4716,37.6194,17221600,38.2
2026-01-27,37.6194,38.0625,37.5209,37.6686,12601700,38.25
2026-01-28,37.7632,39.0434,37.714,37.8163,15308300,38.4
2026-01-29,37.911,38.3048,37.5171,37.7178,10027200,38.3
2026-01-30,37.6194,38.4072,37.2254,38.161,28474900,38.75
2026-02-02,38.2102,39.195,38.1118,38.7519,23383000,39.35
2026-02-03,39.1458,39.6874,38.7026,39.0966,23670600,39.7
2026-02-04,39.2935,39.2935,38.5549,38.9981,18233300,39.6
2026-02-05,39.0473,39.0966,38.0133,38.0133,16072100,38.6
2026-02-06,37.6155,37.7632,36.8278,36.8315,24838700,37.4
2026-02-09,37.127,37.2747,36.2406,36.5361,9918300,37.1
2026-02-10,36.93,37.0285,36.0929,36.5361,12648100,37.1
2026-02-11,36.877,37.6648,36.7293,37.3239,13723100,37.9
2026-02-12,37.7178,37.7178,37.1762,37.4224,8656700,38
2026-02-13,37.4224,38.0133,37.127,38.0133,9259700,38.6
2026-02-23,38.358,38.4072,37.964,38.1118,8379600,38.7
2026-02-24,37.964,38.1118,37.4716,37.6194,12133300,38.2
2026-02-25,37.7671,38.5057,37.6194,37.9148,10573600,38.5
2026-02-26,37.964,38.161,37.4716,37.9148,11489400,38.5
2026-02-27,37.8656,37.8656,37.4716,37.6686,8888400,38.25
2026-03-02,36.93,37.2747,36.2899,36.2899,25730000,36.85
2026-03-03,36.237,36.7293,35.3507,35.3543,21254700,35.9
2026-03-04,35.203,36.1385,34.9076,35.8467,19451000,36.4
2026-03-05,36.4376,36.5361,35.6498,35.6498,8015700,36.2
2026-03-06,35.3507,35.7446,35.1046,35.1081,8532000,35.65
2026-03-09,32.6954,32.9908,32.6954,32.6954,17770800,33.2
2026-03-10,33.6767,34.6122,33.0859,34.5172,24975700,35.05
2026-03-11,34.468,35.0589,34.1726,34.5665,12877000,35.1
2026-03-12,34.2676,34.366,33.726,33.7786,12913700,34.3
2026-03-13,33.7786,33.9756,33.434,33.4832,8278900,34
2026-03-16,33.529,33.9722,33.4798,33.6309,5159300,34.15
2026-03-17,33.9229,34.2676,33.8737,33.8771,7184200,34.4
2026-03-18,34.0741,35.2066,34.0741,34.468,12546300,35
2026-03-19,33.9722,34.2676,33.7752,34.1233,7530900,34.65
2026-03-20,34.0248,34.0741,33.0893,33.0893,10708700,33.6
2026-03-23,32.6954,32.6954,31.5136,32.006,13238000,32.5
2026-03-24,32.7905,33.4306,32.5936,33.04,6410500,33.55
2026-03-25,33.2336,33.5783,33.1844,33.5324,6241100,34.05
2026-03-26,33.529,33.5783,32.9382,33.2862,5738200,33.8
2026-03-27,33.1844,34.4645,33.0859,34.271,12073500,34.8
2026-03-30,33.5783,34.2183,33.3813,33.5324,6061900,34.05
2026-03-31,33.8771,34.1233,33.5817,34.0741,7394400,34.6
2026-04-01,34.665,34.7634,34.1233,34.2218,8257700,34.75
2026-04-02,33.9229,34.0214,33.5783,33.7786,6251200,34.3
2026-04-03,33.8737,33.9722,33.2829,33.2862,8626800,33.8
2026-04-06,33.237,33.5324,33.04,33.1878,6070500,33.7
2026-04-07,33.237,33.3355,32.9908,33.1878,4955000,33.7
2026-04-08,34.271,34.9604,33.7786,34.9604,13337900,35.5
2026-04-09,34.5172,34.7634,34.271,34.468,6309300,35
2026-04-10,34.7142,35.2558,34.468,34.468,8029500,35
2026-04-13,34.2676,34.4645,34.0214,34.271,4304400,34.8
2026-04-14,34.563,34.6122,34.2676,34.3695,5465100,34.9
2026-04-15,34.6614,34.7599,34.3168,34.5172,5586500,35.05
2026-04-16,34.6157,34.6157,33.9756,34.0741,5773800,34.6
2026-04-17,34.1726,34.3695,34.0248,34.3203,3775800,34.85
2026-04-20,34.4188,34.7634,34.3695,34.5665,6020100,35.1
2026-04-21,34.7634,34.9112,34.3203,34.3203,5807100,34.85
2026-04-22,34.366,34.563,34.2676,34.3695,3997500,34.9
2026-04-23,34.271,36.2406,34.271,34.9604,22296200,35.5
2026-04-24,35.0589,35.1574,34.468,34.468,4783100,35
2026-04-28,34.7599,34.8091,34.1691,34.271,6945200,34.8
2026-04-29,34.468,34.5665,34.2218,34.4188,6648700,34.95
2026-05-04,34.8619,35.1574,34.665,34.8127,8318000,35.35
2026-05-05,34.7599,34.7599,34.3168,34.7634,5731700,35.3
2026-05-06,34.7599,35.0061,34.4645,35.0096,10173500,35.55
2026-05-07,35.1046,35.4492,34.9569,35.2558,10661200,35.8
2026-05-08,35.4036,36.1422,35.3543,35.6498,18248400,36.2
2026-05-11,35.7482,35.7482,35.0589,35.0589,7072000,35.6
2026-05-12,35.1081,35.1081,34.468,34.7142,8809000,35.25
2026-05-13,34.7107,35.203,34.4645,35.0096,9697200,35.55
2026-05-14,35.1081,35.6498,35.0589,35.4036,9116900,35.95
2026-05-15,35.6954,35.7446,34.8584,35.2558,10368400,35.8
2026-05-18,35.0553,36.1385,34.7107,35.7482,18917500,36.3
2026-05-19,35.9908,36.237,34.9569,35.2558,15681600,35.8
2026-05-20,35.2066,35.3543,33.7786,34.665,12361700,35.2
2026-05-21,34.8619,34.9604,34.3203,34.4188,9575600,34.95
2026-05-22,34.366,34.4153,34.0706,34.271,8751400,34.8
2026-05-25,34.6122,34.7107,34.2676,34.271,4091100,34.8
2026-05-26,34.3695,34.7634,34.3695,34.7142,6372000,35.25
2026-05-27,34.7634,34.9604,34.665,34.8127,7372900,35.35
2026-05-28,34.8127,34.9604,34.3203,34.3203,6013300,34.85
2026-05-29,34.366,34.4645,34.1691,34.271,8348100,34.8
2026-06-01,34.5137,34.5137,34.0214,34.0248,5790000,34.55
2026-06-02,34.0248,34.1726,33.2862,33.3355,16869000,33.85
2026-06-03,33.2862,33.5817,33.1878,33.434,6502700,33.95
2026-06-04,33.4832,33.8771,33.3847,33.5817,4285800,34.1
2026-06-05,33.5783,33.8244,33.3813,33.3847,4082400,33.9
2026-06-08,32.8431,33.1878,32.7446,32.7446,10716000,33.25
2026-06-09,32.7905,32.9382,32.7413,32.8923,3609500,33.4
2026-06-10,33.0893,33.2862,32.9416,32.9908,3636500,33.5
2026-06-11,32.8431,32.9416,32.7446,32.8431,3911700,33.35
2026-06-12,33.0367,33.1352,32.889,32.8923,4908900,33.4
2026-06-15,33.237,33.434,33.04,33.1878,7018000,33.7
2026-06-16,33.3355,33.3847,33.1385,33.1878,4929500,33.7
2026-06-17,33.1844,33.9229,33.0859,33.7786,11477900,34.3
2026-06-18,33.8279,33.9264,33.3355,33.434,4520800,33.95
2026-06-19,33.4832,33.5324,33.1878,33.237,3725600,33.75
2026-06-22,33.3847,33.4832,33.2862,33.3355,3163900,33.85
2026-06-23,33.4832,33.9756,33.4832,33.4832,9422800,34
2026-06-24,33.3813,33.5783,33.0367,33.3847,7488700,33.9
2026-06-25,33.237,33.2862,32.9908,32.9908,8587100,33.5
2026-06-26,32.9908,33.0893,32.8923,33.0893,4005400,33.6
2026-06-29,33.1352,33.529,33.1352,33.3847,9088800,33.9
2026-06-30,33.3847,33.7786,33.3847,33.434,6865000,33.95
2026-07-01,33.529,34.1199,33.529,33.8771,7093300,34.4
2026-07-02,33.9264,34.0248,33.5324,33.7294,5071200,34.25
2026-07-03,33.8244,33.9229,33.4798,33.6309,7209500,34.15
2026-07-06,33.8737,34.2183,33.1352,33.6309,10591800,34.15
2026-07-07,33.6309,33.7294,33.3847,33.7294,4770700,34.25
2026-07-08,33.7294,34.1726,33.7294,33.9756,8712700,34.5
2026-07-09,33.8737,33.9722,33.529,33.5324,5374200,34.05
2026-07-10,33.6802,33.7786,33.1878,33.1878,5505900,33.7
2026-07-13,33.1878,33.1878,32.006,32.1045,17292700,32.6
2026-07-14,32.0552,32.3014,31.6121,32.1045,11189700,32.6
2026-07-15,32.1997,32.2489,31.6581,31.6613,6516900,32.15
2026-07-16,31.6089,31.855,30.9688,31.809,10470800,32.3
2026-07-17,31.7598,31.8583,31.4644,31.5136,3654100,32
2026-07-20,31.4119,31.4119,30.0334,30.3318,11369200,30.8
2026-07-21,30.1318,30.6734,30.1318,30.4303,5591400,30.9
2026-07-22,30.6765,30.6765,29.2486,29.2486,15790100,29.7
2026-07-23,29.15,29.85,28.4,29.05,11433200,29.05
2026-07-24,29.05,29.6,28.65,29,7636700,29
2026-07-27,29.3,29.6,28.75,28.75,6451500,28.75
2026-07-28,28.4,29.2,28.4,29,4953400,29
2026-07-29,29.25,29.5,29.1,29.35,9178500,29.35
2026-07-30,29.45,30.6,29.35,30.45,11105400,30.45
2026-07-31,30.8,32,30.55,30.8,15291900,30.8
2026-08-03,31.2,32,31.05,31.8,11302600,31.8
