date,open,high,low,close,volume,close_raw
2015-07-17,1.4297,1.5456,1.288,1.3542,25500,21
2015-07-20,1.3846,1.3846,1.2172,1.2253,2500,19
2015-07-21,1.2236,1.2751,1.2236,1.2768,11000,19.8
2015-07-22,1.2751,1.3395,1.2751,1.3413,23950,20.8
2015-07-23,1.2558,1.2687,1.2558,1.2575,11700,19.5
2015-07-24,1.2558,1.2751,1.2494,1.2768,6300,19.8
2015-07-27,1.288,1.3138,1.288,1.2897,4100,20
2015-07-28,1.288,1.3138,1.288,1.3091,7600,20.3
2015-07-29,1.288,1.3395,1.288,1.2962,6000,20.1
2015-07-30,1.288,1.2944,1.288,1.2962,700,20.1
2015-07-31,1.2944,1.2944,1.2944,1.2962,1000,20.1
2015-08-03,1.2944,1.3202,1.2944,1.322,8000,20.5
2015-08-04,1.3202,1.3331,1.3202,1.3349,2200,20.7
2015-08-05,1.346,1.3524,1.346,1.3542,3300,21
2015-08-07,1.2816,1.2816,1.2816,1.2833,100,19.9
2015-08-10,1.288,1.288,1.288,1.2897,200,20
2015-08-12,1.288,1.288,1.288,1.2897,200,20
2015-08-13,1.288,1.288,1.288,1.2897,700,20
2015-08-17,1.288,1.288,1.288,1.2897,2000,20
2015-08-18,1.3009,1.3009,1.3009,1.3026,1000,20.2
2015-08-19,1.3202,1.3524,1.3202,1.3542,3800,21
2015-08-24,1.3524,1.3524,1.3524,1.3542,1100,21
2015-08-25,1.3524,1.3653,1.3524,1.3607,24400,21.1
2015-08-27,1.3653,1.3653,1.3653,1.3671,5000,21.2
2015-08-28,1.3717,1.4168,1.3717,1.4187,2100,22
2015-08-31,1.449,1.449,1.449,1.451,800,22.5
2015-09-03,1.4168,1.4168,1.4168,1.4187,300,22
2015-09-04,1.4232,1.4297,1.4232,1.4316,2000,22.2
2015-09-07,1.449,1.449,1.449,1.451,1000,22.5
2015-09-08,1.3588,1.4812,1.3588,1.4832,900,23
2015-09-09,1.4748,1.4812,1.4748,1.4832,1600,23
2015-09-10,1.449,1.449,1.449,1.451,1000,22.5
2015-09-11,1.3846,1.5198,1.3846,1.5219,5100,23.6
2015-09-18,1.449,1.4683,1.449,1.4703,2400,22.8
2015-09-23,1.4683,1.4683,1.4683,1.4703,500,22.8
2015-09-24,1.5134,1.5134,1.5134,1.5154,100,23.5
2015-10-02,1.3846,1.4812,1.3717,1.4832,10600,23
2015-10-05,1.4812,1.6036,1.4812,1.6057,1100,24.9
2015-10-06,1.6036,1.6036,1.6036,1.6057,37,24.9
2015-10-07,1.4683,1.4748,1.4683,1.4767,6500,22.9
2015-10-08,1.5392,1.5456,1.5392,1.5477,300,24
2015-10-09,1.5907,1.5907,1.5907,1.5928,500,24.7
2015-10-14,1.4683,1.4683,1.4683,1.4703,4900,22.8
2015-10-19,1.3331,1.5649,1.3331,1.567,200,24.3
2015-10-20,1.4168,1.4168,1.4168,1.4187,100,22
2015-10-22,1.288,1.288,1.288,1.2897,100,20
2015-10-26,1.4168,1.4168,1.4168,1.4187,100,22
2015-11-03,1.5456,1.5456,1.5456,1.5477,100,24
2015-11-05,1.4104,1.4104,1.4104,1.4123,500,21.9
2015-11-11,1.449,1.449,1.449,1.451,100,22.5
2015-11-13,1.4812,1.4812,1.4812,1.4832,100,23
2015-11-16,1.4812,1.4812,1.4812,1.4832,25600,23
2015-11-17,1.4812,1.4812,1.4812,1.4832,400,23
2015-11-18,1.4812,1.4812,1.4812,1.4832,100,23
2015-11-20,1.6293,1.6293,1.6293,1.6315,400,25.3
2015-11-24,1.4683,1.4683,1.4683,1.4703,100,22.8
2015-11-25,1.3395,1.4812,1.3395,1.4832,500,23
2015-11-26,1.6293,1.6293,1.6293,1.6315,100,25.3
2015-11-30,1.4812,1.4812,1.4812,1.4832,600,23
2015-12-01,1.3717,1.3717,1.3717,1.3736,100,21.3
2015-12-03,1.2365,1.5005,1.2365,1.5025,600,23.3
2015-12-07,1.5392,1.5392,1.5392,1.5412,200,23.9
2015-12-08,1.4039,1.4039,1.4039,1.4058,600,21.8
2015-12-09,1.4168,1.4168,1.4168,1.4187,11000,22
2015-12-10,1.4426,1.4426,1.4168,1.4187,18200,22
2015-12-11,1.2751,1.4748,1.2751,1.4767,600,22.9
2015-12-15,1.4812,1.6036,1.4812,1.5477,600,24
2015-12-16,1.5456,1.5456,1.5456,1.5477,500,24
2015-12-21,1.391,1.5392,1.391,1.5412,600,23.9
2015-12-23,1.4812,1.507,1.4812,1.509,2400,23.4
2015-12-24,1.6036,1.6036,1.6036,1.6057,500,24.9
2015-12-25,1.5456,1.5456,1.5327,1.5348,2900,23.8
2015-12-28,1.5263,1.5263,1.5198,1.5219,1600,23.6
2015-12-29,1.5263,1.5263,1.507,1.509,2100,23.4
2015-12-30,1.507,1.61,1.5005,1.6122,4900,25
2015-12-31,1.4168,1.4168,1.2043,1.2059,12300,18.7
2016-01-04,1.3158,1.3158,1.3158,1.3165,100,17
2016-01-06,1.3081,1.3081,1.2616,1.2623,3800,16.3
2016-01-08,1.3855,1.3855,1.3855,1.3862,100,17.9
2016-01-13,1.2616,1.2771,1.2616,1.2778,700,16.5
2016-01-14,1.1533,1.1997,1.1533,1.1616,2000,15
2016-01-20,1.161,1.161,1.161,1.1616,1000,15
2016-01-21,1.1687,1.2307,1.161,1.2313,3500,15.9
2016-01-22,1.1765,1.339,1.1765,1.3398,400,17.3
2016-01-25,1.2152,1.2152,1.2074,1.2159,1300,15.7
2016-01-26,1.2384,1.3081,1.1455,1.1462,1500,14.8
2016-01-27,1.2539,1.2539,1.2539,1.2546,300,16.2
2016-01-29,1.2616,1.2616,1.2616,1.2623,7000,16.3
2016-02-01,1.2616,1.2616,1.2616,1.2623,33,16.3
2016-02-02,1.1378,1.2074,1.1378,1.2081,200,15.6
2016-02-03,1.1223,1.2074,1.1223,1.1616,2600,15
2016-02-19,1.161,1.161,1.161,1.1616,2000,15
2016-02-25,1.1223,1.1223,1.1223,1.1229,500,14.5
2016-02-29,1.161,1.161,1.161,1.1616,2000,15
2016-03-01,1.1997,1.2074,1.1997,1.2081,1900,15.6
2016-03-02,1.2229,1.3158,1.2229,1.3165,4100,17
2016-03-03,1.3003,1.3545,1.3003,1.3553,3100,17.5
2016-03-04,1.3545,1.3545,1.3545,1.3553,400,17.5
2016-03-07,1.3855,1.3855,1.3545,1.3862,1000,17.9
2016-03-09,1.3313,1.3545,1.3158,1.3553,2800,17.5
2016-03-10,1.3622,1.3622,1.3545,1.3553,1600,17.5
2016-03-11,1.3158,1.3158,1.3158,1.3165,3000,17
2016-03-15,1.3545,1.3545,1.3545,1.3553,500,17.5
2016-03-17,1.3545,1.3545,1.3545,1.3553,2100,17.5
2016-03-18,1.3622,1.3622,1.3622,1.363,800,17.6
2016-03-21,1.3777,1.4319,1.3777,1.4327,300,18.5
2016-03-23,1.4319,1.4319,1.3158,1.3165,2500,17
2016-03-24,1.2771,1.2771,1.2771,1.2778,1000,16.5
2016-03-29,1.3932,1.3932,1.3932,1.394,200,18
2016-03-30,1.3158,1.3545,1.3158,1.3553,1700,17.5
2016-03-31,1.3622,1.3932,1.3622,1.363,5700,17.6
2016-04-01,1.3932,1.4087,1.2771,1.2778,400,16.5
2016-04-04,1.3158,1.3158,1.3158,1.3165,200,17
2016-04-05,1.3545,1.4164,1.3545,1.4017,6000,18.1
2016-04-06,1.4164,1.5403,1.4164,1.5411,5500,19.9
2016-04-07,1.4319,1.548,1.4319,1.5489,5900,20
2016-04-11,1.5093,1.548,1.4706,1.4714,2900,19
2016-04-12,1.3545,1.4706,1.3545,1.4637,2950,18.9
2016-04-13,1.4319,1.4319,1.4319,1.4327,100,18.5
2016-04-14,1.4396,1.548,1.4396,1.5489,4900,20
2016-04-15,1.5403,1.5403,1.5403,1.5411,1000,19.9
2016-04-20,1.548,1.5944,1.5248,1.5489,13617,20
2016-04-21,1.6641,1.6641,1.6641,1.665,100,21.5
2016-04-22,1.548,1.548,1.548,1.5489,6000,20
2016-04-25,1.548,1.7028,1.548,1.7037,23100,22
2016-04-26,1.8421,1.8731,1.8034,1.8586,26899,24
2016-04-27,1.8731,1.8731,1.8576,1.8586,30500,24
2016-04-28,1.8266,2.0434,1.6718,2.0445,18663,26.4
2016-04-29,1.8421,1.8421,1.8421,1.8431,23000,23.8
2016-05-04,1.8576,1.9737,1.8576,1.9748,13900,25.5
2016-05-05,1.935,1.9737,1.8576,1.8974,58499,24.5
2016-05-06,1.8963,1.935,1.8963,1.9361,10900,25
2016-05-09,1.935,1.935,1.8576,1.9361,32100,25
2016-05-10,1.9273,1.9273,1.9273,1.9283,100,24.9
2016-05-11,1.8886,1.9118,1.8266,1.9128,300,24.7
2016-05-12,1.8963,1.8963,1.8189,1.8896,26200,24.4
2016-05-13,1.8886,1.9195,1.8499,1.8896,14300,24.4
2016-05-16,1.8576,1.8576,1.8499,1.8509,6500,23.9
2016-05-17,1.8499,1.8963,1.8499,1.8586,58600,24
2016-05-18,1.8653,1.8653,1.8576,1.8586,47700,24
2016-05-19,1.8653,1.8886,1.8576,1.8896,37400,24.4
2016-05-20,1.8576,1.8576,1.8576,1.8586,4500,24
2016-05-23,1.8808,1.8963,1.8189,1.8431,24850,23.8
2016-05-24,1.8421,1.935,1.8421,1.8586,45400,24
2016-05-25,1.8886,1.9737,1.8576,1.9748,15611,25.5
2016-05-26,2.0124,2.0124,1.9427,1.9748,2400,25.5
2016-05-27,1.935,2.0047,1.935,1.998,18300,25.8
2016-05-30,1.935,1.9814,1.935,1.9825,11400,25.6
2016-05-31,1.935,1.9737,1.935,1.9593,7600,25.3
2016-06-01,1.9737,2.1517,1.9737,2.1529,64000,27.8
2016-06-02,2.1285,2.3607,2.0898,2.362,12566,30.5
2016-06-03,2.3452,2.4149,2.2833,2.4007,12300,31
2016-06-06,2.2446,2.3684,2.2446,2.3155,24200,29.9
2016-06-07,2.2446,2.3143,2.1827,2.1839,38400,28.2
2016-06-08,2.1827,2.2214,2.1595,2.1916,38000,28.3
2016-06-09,2.2833,2.4071,2.2059,2.4007,93566,31
2016-06-10,2.3994,2.4768,2.3994,2.4782,44300,32
2016-06-13,2.3452,2.5542,2.3143,2.4007,30840,31
2016-06-14,2.3917,2.3917,2.3607,2.393,17600,30.9
2016-06-15,2.3607,2.6084,2.322,2.6021,92700,33.6
2016-06-16,2.6084,2.7864,2.6006,2.6718,66600,34.5
2016-06-17,2.6703,2.8638,2.6703,2.8576,47361,36.9
2016-06-20,2.9025,2.9025,2.7477,2.8267,19300,36.5
2016-06-21,2.7554,2.8174,2.6703,2.695,57066,34.8
2016-06-22,2.6935,2.8251,2.6935,2.788,55300,36
2016-06-23,2.7864,2.9412,2.7864,2.9351,54100,37.9
2016-06-24,2.9335,2.9799,2.6471,2.788,84500,36
2016-06-27,2.7709,2.8019,2.709,2.788,24499,36
2016-06-28,2.709,2.7477,2.709,2.7183,71300,35.1
2016-06-29,2.7167,2.7941,2.7167,2.7492,167300,35.5
2016-06-30,2.7864,2.7864,2.7167,2.7183,39700,35.1
2016-07-01,2.7864,2.7864,2.709,2.7802,75627,35.9
2016-07-04,2.7864,2.7941,2.74,2.7647,126100,35.7
2016-07-05,2.7632,2.7632,2.74,2.7492,67150,35.5
2016-07-06,2.709,2.74,2.6858,2.7028,48298,34.9
2016-07-07,2.6858,2.7477,2.6316,2.7415,78659,35.4
2016-07-08,2.7554,2.8715,2.7477,2.8499,120030,36.8
2016-07-11,2.8251,2.8715,2.7941,2.8112,178400,36.3
2016-07-12,2.7864,2.8019,2.7322,2.7647,21800,35.7
2016-07-13,2.8251,2.8328,2.7477,2.8034,43087,36.2
2016-07-14,2.8019,2.8174,2.7477,2.7492,58500,35.5
2016-07-15,2.74,2.74,2.6393,2.6408,57000,34.1
2016-07-18,2.7013,2.7013,2.6393,2.6486,17300,34.2
2016-07-19,2.6626,2.709,2.6316,2.7028,14720,34.9
2016-07-20,2.6935,2.6935,2.6084,2.6408,48100,34.1
2016-07-21,2.6471,2.6471,2.5387,2.5556,24920,33
2016-07-22,2.5542,2.5542,2.322,2.3465,35800,30.3
2016-07-25,2.3452,2.3452,2.322,2.3233,29600,30
2016-07-26,2.322,2.322,2.3065,2.3155,9900,29.9
2016-07-27,2.3143,2.3684,2.3143,2.362,14205,30.5
2016-07-28,2.353,2.353,2.3143,2.331,26800,30.1
2016-07-29,2.322,2.3375,2.322,2.3388,6800,30.2
2016-08-01,2.322,2.322,2.3065,2.3078,12300,29.8
2016-08-02,2.291,2.291,2.0898,2.1065,13000,27.2
2016-08-03,2.1053,2.1362,2.0898,2.1297,81405,27.5
2016-08-04,2.1285,2.144,2.1285,2.1374,12000,27.6
2016-08-05,2.1285,2.1285,2.0975,2.1297,27300,27.5
2016-08-08,2.113,2.113,2.0588,2.091,7967,27
2016-08-09,2.0898,2.0898,2.0898,2.091,15400,27
2016-08-10,2.0975,2.2988,2.0975,2.2071,49100,28.5
2016-08-11,2.1904,2.2678,2.1904,2.2613,27702,29.2
2016-08-12,2.2446,2.2833,2.2291,2.2846,19300,29.5
2016-08-15,2.2678,2.2678,2.1904,2.2071,31500,28.5
2016-08-16,2.2059,2.3607,2.2059,2.3078,67400,29.8
2016-08-17,2.3143,2.3452,2.2833,2.3465,34900,30.3
2016-08-18,2.3375,2.353,2.291,2.2923,23500,29.6
2016-08-19,2.2833,2.2988,2.2446,2.2458,16000,29
2016-08-22,2.2678,2.2678,2.2136,2.2458,4400,29
2016-08-23,2.2446,2.2601,2.2136,2.2458,28568,29
2016-08-24,2.2523,2.2523,2.2136,2.2226,13000,28.7
2016-08-25,2.2446,2.2446,2.2059,2.2458,12200,29
2016-08-26,2.2059,2.3143,2.2059,2.2923,22852,29.6
2016-08-29,2.2988,2.3065,2.2291,2.2458,13900,29
2016-08-30,2.2446,2.3065,2.2446,2.3078,9800,29.8
2016-08-31,2.2601,2.2678,2.2446,2.2458,15000,29
2016-09-01,2.2446,2.2833,2.2369,2.2691,16700,29.3
2016-09-05,2.2678,2.2678,2.2601,2.2691,2900,29.3
2016-09-06,2.2678,2.4381,2.2678,2.4007,33800,31
2016-09-07,2.353,2.3684,2.3375,2.3698,10400,30.6
2016-09-08,2.3607,2.3994,2.3297,2.4007,29000,31
2016-09-09,2.3839,2.4768,2.3839,2.424,18102,31.3
2016-09-12,2.3607,2.3684,2.3297,2.3698,4500,30.6
2016-09-13,2.3607,2.3839,2.322,2.3852,7800,30.8
2016-09-14,2.3607,2.3607,2.3297,2.331,7500,30.1
2016-09-15,2.3297,2.353,2.3297,2.3388,6600,30.2
2016-09-16,2.3375,2.353,2.3297,2.3543,12800,30.4
2016-09-19,2.3375,2.3684,2.3297,2.3698,13300,30.6
2016-09-20,2.353,2.3607,2.3297,2.3388,12000,30.2
2016-09-21,2.3375,2.3994,2.3375,2.4007,8900,31
2016-09-22,2.3839,2.4071,2.3452,2.393,1100,30.9
2016-09-23,2.3375,2.353,2.3297,2.331,6500,30.1
2016-09-26,2.3375,2.3917,2.322,2.3465,28000,30.3
2016-09-27,2.3452,2.3839,2.3452,2.3852,14400,30.8
2016-09-28,2.3684,2.4071,2.3684,2.3775,12700,30.7
2016-09-29,2.3839,2.3839,2.3607,2.3698,8600,30.6
2016-09-30,2.3684,2.6006,2.3684,2.5556,41802,33
2016-10-03,2.5542,2.5619,2.4768,2.5169,16108,32.5
2016-10-04,2.5155,2.5155,2.3762,2.3852,4510,30.8
2016-10-05,2.3839,2.4149,2.3607,2.393,6932,30.9
2016-10-06,2.3839,2.5542,2.3839,2.4782,12600,32
2016-10-07,2.3994,2.4768,2.3917,2.4782,16500,32
2016-10-10,2.3994,2.5155,2.3994,2.4782,20600,32
2016-10-11,2.4768,2.5,2.4768,2.4937,24400,32.2
2016-10-12,2.4923,2.6703,2.4923,2.6718,53610,34.5
2016-10-13,2.5542,2.6703,2.5542,2.6331,5640,34
2016-10-14,2.5929,2.678,2.5929,2.6253,17800,33.9
2016-10-17,2.4923,2.6239,2.4923,2.5556,11800,33
2016-10-18,2.5542,2.6161,2.5232,2.5943,19220,33.5
2016-10-19,2.5929,2.6316,2.5619,2.6253,11800,33.9
2016-10-20,2.5155,2.5929,2.3994,2.5169,80500,32.5
2016-10-21,2.5232,2.5232,2.2678,2.2691,48010,29.3
2016-10-24,2.0588,2.3839,2.0511,2.3852,7500,30.8
2016-10-25,2.2523,2.322,2.2446,2.3155,800,29.9
2016-10-26,2.2988,2.2988,2.2136,2.2149,11000,28.6
2016-10-27,2.2059,2.353,2.1749,2.3155,7500,29.9
2016-10-28,2.2446,2.322,2.2446,2.3233,3200,30
2016-11-01,2.3143,2.3375,2.2446,2.3078,9000,29.8
2016-11-02,2.2446,2.3065,2.2446,2.3078,1200,29.8
2016-11-03,2.2446,2.2601,2.2446,2.2613,9510,29.2
2016-11-04,2.291,2.291,2.291,2.2923,100,29.6
2016-11-07,2.2523,2.2523,2.2446,2.2458,8600,29
2016-11-08,2.2446,2.2446,2.2136,2.2149,13900,28.6
2016-11-09,2.2988,2.2988,2.2988,2.3001,100,29.7
2016-11-10,2.2059,2.2756,2.2059,2.2768,1100,29.4
2016-11-11,2.2446,2.2446,2.2291,2.2304,12000,28.8
2016-11-14,2.2059,2.2059,2.2059,2.2071,100,28.5
2016-11-15,2.2446,2.2446,2.1362,2.2071,1300,28.5
2016-11-16,2.2059,2.2059,2.1672,2.1994,6400,28.4
2016-11-17,2.1904,2.2291,2.1672,2.1684,5400,28
2016-11-18,2.1672,2.2446,2.1672,2.2071,10000,28.5
2016-11-21,2.1672,2.2214,2.1672,2.2226,5300,28.7
2016-11-22,2.1672,2.1672,2.1672,2.1684,3800,28
2016-11-23,2.1517,2.1672,2.1517,2.1684,14700,28
2016-11-24,2.2214,2.2446,2.1672,2.2458,4400,29
2016-11-25,2.2059,2.2446,2.2059,2.2458,8400,29
2016-11-28,2.2446,2.2446,2.2446,2.2458,1000,29
2016-11-29,2.1827,2.2291,2.1362,2.2226,3500,28.7
2016-11-30,2.1672,2.1672,2.1672,2.1684,7610,28
2016-12-01,2.1672,2.1672,2.1672,2.1684,17000,28
2016-12-02,2.1749,2.1749,2.1749,2.1762,5000,28.1
2016-12-05,2.1672,2.1982,2.1672,2.1994,5100,28.4
2016-12-06,2.1827,2.2059,2.1672,2.1994,17600,28.4
2016-12-07,2.1904,2.1982,2.1749,2.1994,12500,28.4
2016-12-08,2.1672,2.1982,2.1672,2.1994,1000,28.4
2016-12-09,2.1672,2.1827,2.1672,2.1839,12000,28.2
2016-12-12,2.1749,2.1749,2.1749,2.1762,1900,28.1
2016-12-13,2.1672,2.1904,2.1672,2.1916,23200,28.3
2016-12-14,2.2059,2.2059,2.2059,2.2071,100,28.5
2016-12-15,2.2059,2.2059,2.2059,2.2071,5400,28.5
2016-12-16,2.2059,2.2369,2.2059,2.2226,8200,28.7
2016-12-19,2.2446,2.2446,2.2446,2.2458,100,29
2016-12-20,2.2446,2.2446,2.2446,2.2458,3000,29
2016-12-21,2.2446,2.2833,2.2446,2.2768,10100,29.4
2016-12-22,2.2601,2.2601,2.2446,2.2458,1600,29
2016-12-23,2.2446,2.2678,2.2446,2.2691,1000,29.3
2016-12-26,2.3065,2.3065,2.2446,2.2846,4900,29.5
2016-12-27,2.2833,2.2833,2.2833,2.2846,10100,29.5
2016-12-28,2.2833,2.2833,2.2833,2.2846,10600,29.5
2016-12-29,2.2756,2.2833,2.2756,2.2846,13900,29.5
2016-12-30,2.291,2.4923,2.2833,2.4937,1210,32.2
2017-01-03,2.291,2.3994,2.291,2.3543,6400,30.4
2017-01-04,2.4381,2.4381,2.1749,2.3233,4200,30
2017-01-05,2.2833,2.2833,2.2833,2.2846,3900,29.5
2017-01-06,2.3143,2.3143,2.3143,2.3155,100,29.9
2017-01-09,2.2833,2.2833,2.2833,2.2846,4400,29.5
2017-01-10,2.2833,2.322,2.2833,2.3233,11900,30
2017-01-11,2.291,2.291,2.2833,2.2846,3200,29.5
2017-01-12,2.2833,2.322,2.2833,2.2846,2470,29.5
2017-01-13,2.3452,2.3452,2.3452,2.3465,100,30.3
2017-01-16,2.291,2.322,2.2833,2.3233,8600,30
2017-01-17,2.322,2.3917,2.322,2.393,10200,30.9
2017-01-19,2.2833,2.2833,2.2833,2.2846,500,29.5
2017-01-20,2.2446,2.3994,2.2446,2.362,13001,30.5
2017-01-23,2.3684,2.3684,2.3607,2.362,500,30.5
2017-01-24,2.322,2.3994,2.322,2.4007,300,31
2017-01-25,2.3994,2.6239,2.3297,2.4782,1800,32
2017-02-02,2.6316,2.6316,2.5542,2.5556,300,33
2017-02-03,2.3994,2.3994,2.3994,2.4007,2109,31
2017-02-07,2.3607,2.3994,2.322,2.4007,10300,31
2017-02-08,2.322,2.3994,2.322,2.4007,4600,31
2017-02-09,2.3607,2.3839,2.322,2.3852,2600,30.8
2017-02-10,2.3607,2.4304,2.3607,2.4007,12600,31
2017-02-13,2.5542,2.5542,2.3994,2.4007,17800,31
2017-02-14,2.4381,2.4381,2.3607,2.362,3600,30.5
2017-02-15,2.3607,2.3607,2.322,2.3465,5300,30.3
2017-02-16,2.3994,2.3994,2.3994,2.4007,100,31
2017-02-17,2.322,2.3917,2.322,2.393,1500,30.9
2017-02-20,2.3297,2.3297,2.3297,2.331,8800,30.1
2017-02-21,2.3452,2.3452,2.3452,2.3465,3200,30.3
2017-02-22,2.3684,2.3684,2.3684,2.3698,2000,30.6
2017-02-23,2.3994,2.3994,2.3994,2.4007,100,31
2017-02-24,2.4768,2.4768,2.3994,2.4395,1900,31.5
2017-02-27,2.3994,2.4381,2.3607,2.4395,6100,31.5
2017-02-28,2.3607,2.3994,2.3607,2.4007,3300,31
2017-03-01,2.3607,2.4226,2.3452,2.424,31600,31.3
2017-03-02,2.3994,2.3994,2.3994,2.4007,1100,31
2017-03-03,2.4071,2.4071,2.4071,2.4085,6100,31.1
2017-03-06,2.4071,2.4071,2.3994,2.4085,2700,31.1
2017-03-07,2.4071,2.4071,2.4071,2.4085,4800,31.1
2017-03-08,2.4071,2.4071,2.4071,2.4085,2210,31.1
2017-03-09,2.4071,2.4071,2.4071,2.4085,500,31.1
2017-03-10,2.4071,2.4071,2.4071,2.4085,4100,31.1
2017-03-13,2.4613,2.4613,2.4613,2.4627,100,31.8
2017-03-14,2.3994,2.3994,2.3994,2.4007,6700,31
2017-03-15,2.3994,2.4071,2.3994,2.4085,1800,31.1
2017-03-16,2.4071,2.4071,2.4071,2.4085,2500,31.1
2017-03-17,2.4304,2.4304,2.4304,2.4317,1100,31.4
2017-03-20,2.4149,2.4149,2.4071,2.4085,3500,31.1
2017-03-21,2.3994,2.4381,2.3994,2.4395,3308,31.5
2017-03-22,2.5542,2.5929,2.5542,2.5943,4500,33.5
2017-03-27,2.4381,2.5542,2.4149,2.5556,8300,33
2017-03-28,2.7864,2.7864,2.4149,2.4162,1300,31.2
2017-03-29,2.5155,2.5155,2.4149,2.4162,3700,31.2
2017-03-30,2.5078,2.5078,2.4613,2.4627,8300,31.8
2017-03-31,2.4613,2.6703,2.4613,2.5479,2200,32.9
2017-04-03,2.5542,2.5542,2.5155,2.5401,14700,32.8
2017-04-04,2.5232,2.5387,2.4923,2.4937,3400,32.2
2017-04-05,2.4768,2.5155,2.4768,2.5169,2900,32.5
2017-04-07,2.4768,2.5155,2.4768,2.5169,3800,32.5
2017-04-11,2.4768,2.5542,2.4768,2.5479,2800,32.9
2017-04-12,2.7941,2.7941,2.7941,2.7957,100,36.1
2017-04-13,2.5542,2.5542,2.5155,2.5169,5651,32.5
2017-04-14,2.5155,2.5155,2.5155,2.5169,400,32.5
2017-04-17,2.5155,2.5155,2.5155,2.5169,1200,32.5
2017-04-18,2.5155,2.5155,2.5155,2.5169,6600,32.5
2017-04-19,2.5155,2.5542,2.4845,2.5556,9800,33
2017-04-20,2.5542,2.5929,2.5465,2.5866,38600,33.4
2017-04-21,2.5852,2.678,2.5852,2.6795,20850,34.6
2017-04-24,2.6316,2.6471,2.6316,2.6486,1900,34.2
2017-04-25,2.678,2.7864,2.5542,2.5556,3300,33
2017-04-26,2.5929,2.6548,2.5929,2.6331,5200,34
2017-04-27,2.7477,2.7477,2.7013,2.7028,3300,34.9
2017-04-28,2.6703,2.7477,2.6703,2.7105,18800,35
2017-05-03,2.6703,2.7554,2.6703,2.7337,20910,35.3
2017-05-04,2.7322,2.7322,2.7245,2.726,3900,35.2
2017-05-05,2.7709,2.7709,2.74,2.7492,11900,35.5
2017-05-08,2.7554,2.8019,2.7245,2.7957,37501,36.1
2017-05-09,2.7554,2.8638,2.7554,2.8499,41900,36.8
2017-05-10,2.8328,2.8328,2.7864,2.788,12900,36
2017-05-11,2.7787,2.8251,2.7787,2.8189,15860,36.4
2017-05-12,2.8096,2.8096,2.7864,2.8112,11309,36.3
2017-05-15,2.7864,2.8251,2.7864,2.8112,18700,36.3
2017-05-16,2.8251,2.8251,2.7864,2.8112,17600,36.3
2017-05-17,2.9484,2.9484,2.7109,2.827,3308,34.5
2017-05-18,2.801,2.801,2.7027,2.7696,8600,33.8
2017-05-19,2.7846,2.7846,2.629,2.6549,2000,32.4
2017-05-22,2.8665,2.8665,2.6208,2.6385,13200,32.2
2017-05-23,2.6372,2.6945,2.6372,2.6959,9000,32.9
2017-05-24,2.8665,2.8665,2.76,2.786,3300,34
2017-05-25,2.8256,2.8256,2.7846,2.8024,10800,34.2
2017-05-26,2.8419,2.8419,2.7846,2.786,200,34
2017-05-29,2.7027,2.7846,2.7027,2.786,4601,34
2017-05-30,2.7846,2.8256,2.7191,2.786,18800,34
2017-05-31,3.0467,3.0467,2.7846,2.786,7400,34
2017-06-01,2.801,2.8665,2.7846,2.868,3200,35
2017-06-02,2.8665,2.8665,2.7846,2.8598,1800,34.9
2017-06-05,2.8583,2.9484,2.8256,2.827,1700,34.5
2017-06-06,2.8256,2.8501,2.7846,2.8516,10700,34.8
2017-06-07,2.8501,2.8829,2.8501,2.868,1200,35
2017-06-08,2.9075,2.9484,2.8256,2.8598,2700,34.9
2017-06-09,2.8583,2.8583,2.8583,2.8598,600,34.9
2017-06-12,2.8256,2.8501,2.8256,2.8352,15500,34.6
2017-06-13,2.8337,2.8665,2.8337,2.868,6700,35
2017-06-14,2.8665,3.0303,2.8665,3.0318,8450,37
2017-06-15,3.0303,3.1286,3.0303,3.0728,48310,37.5
2017-06-16,3.0713,3.1286,3.0713,3.1138,15900,38
2017-06-19,3.1941,3.1941,3.0303,3.0974,5500,37.8
2017-06-20,3.0713,3.0713,2.973,3.0728,16450,37.5
2017-06-21,3.0713,3.1122,3.0713,3.1138,21800,38
2017-06-22,3.1532,3.1532,3.0713,3.0728,9100,37.5
2017-06-23,3.0794,3.1122,3.0713,3.1138,21200,38
2017-06-26,3.1122,3.276,3.1122,3.2367,19001,39.5
2017-06-27,3.2678,3.276,3.2187,3.2367,21289,39.5
2017-06-28,3.1286,3.1941,3.1204,3.1957,3211,39
2017-06-29,3.1941,3.2023,3.1941,3.2039,10200,39.1
2017-06-30,3.2023,3.276,3.2023,3.2777,13200,40
2017-07-03,3.3579,3.4398,3.276,3.4416,7200,42
2017-07-04,3.276,3.5217,3.276,3.4416,18600,42
2017-07-05,3.5627,3.5627,3.5627,3.5645,100,43.5
2017-07-06,3.3743,3.4808,3.2842,3.4825,18400,42.5
2017-07-07,3.3579,3.3579,3.3579,3.3596,1810,41
2017-07-10,3.5217,3.5217,3.3579,3.3596,16500,41
2017-07-11,3.3661,3.3661,3.3579,3.3678,9900,41.1
2017-07-12,3.4316,3.4316,3.3661,3.3924,3500,41.4
2017-07-13,3.3579,3.3579,3.3579,3.3596,800,41
2017-07-14,3.3579,3.3661,3.3497,3.3596,10062,41
2017-07-17,3.3579,3.4398,3.3579,3.3596,17190,41
2017-07-18,3.3579,3.4234,3.3415,3.4006,14680,41.5
2017-07-19,3.3579,3.3989,3.3579,3.4006,5100,41.5
2017-07-20,3.3989,3.7265,3.3579,3.6792,51638,44.9
2017-07-21,3.7674,4.0131,3.7674,3.8349,31428,46.8
2017-07-24,3.5381,3.7674,3.5381,3.6874,28600,45
2017-07-25,3.6855,3.8084,3.6855,3.7529,21400,45.8
2017-07-26,3.7674,3.7674,3.6855,3.7365,31300,45.6
2017-07-27,3.7101,3.7265,3.7101,3.7283,5600,45.5
2017-07-28,3.7265,3.7265,3.6446,3.6874,8112,45
2017-07-31,3.6855,3.6855,3.6118,3.6874,18100,45
2017-08-01,3.7101,3.7265,3.6773,3.6874,3040,45
2017-08-02,3.6855,3.6855,3.6855,3.6874,24100,45
2017-08-03,3.751,3.964,3.6937,3.7283,8100,45.5
2017-08-04,3.7265,3.8493,3.7265,3.8103,3400,46.5
2017-08-07,3.7756,3.8411,3.751,3.8431,1952,46.9
2017-08-08,3.8411,3.8411,3.7428,3.8349,4235,46.8
2017-08-09,3.8329,3.8329,3.7265,3.7365,9300,45.6
2017-08-10,3.6937,3.7265,3.6855,3.7283,3400,45.5
2017-08-11,3.7265,3.8493,3.7265,3.8349,3878,46.8
2017-08-14,3.8247,3.9312,3.8247,3.8349,3900,46.8
2017-08-15,3.8329,4.2097,3.8329,4.1872,44747,51.1
2017-08-16,4.6028,4.6028,4.1851,4.3429,1650,53
2017-08-17,4.3407,4.3407,4.2998,4.3429,3400,53
2017-08-18,4.3407,4.7748,4.3407,4.7772,26600,58.3
2017-08-21,5.1515,5.2416,4.5864,5.2279,33669,63.8
2017-08-22,5.2252,5.7412,4.7912,5.1787,12234,63.2
2017-08-23,5.3071,5.3071,4.914,5.0394,3810,61.5
2017-08-24,4.8321,4.9877,4.5373,4.556,41492,55.6
2017-08-25,4.3653,4.4636,4.3653,4.4658,4210,54.5
2017-08-28,4.7502,4.8239,4.4226,4.8264,6720,58.9
2017-08-29,4.8321,4.914,4.7093,4.9165,5100,60
2017-08-30,4.8731,4.9058,4.611,4.6133,22020,56.3
2017-08-31,4.611,4.7502,4.611,4.728,7000,57.7
2017-09-01,4.6847,4.8157,4.6847,4.8182,200,58.8
2017-09-05,4.8321,5.0778,4.8321,5.0804,11800,62
2017-09-06,5.0778,5.2416,5.0205,5.0804,17000,62
2017-09-07,5.1188,5.1597,5.0778,5.1623,800,63
2017-09-08,5.1188,5.3645,5.0778,5.1623,11908,63
2017-09-11,5.1597,5.3153,5.0778,5.1541,4140,62.9
2017-09-12,5.2826,5.2826,5.2826,5.2852,550,64.5
2017-09-13,5.0778,5.0778,4.914,4.9739,2108,60.7
2017-09-14,4.9631,4.9631,4.7748,4.8755,6200,59.5
2017-09-15,4.8321,4.914,4.7502,4.9165,3002,60
2017-09-18,4.7993,4.8321,4.6028,4.8346,1720,59
2017-09-19,4.7093,4.8239,4.6274,4.8264,4400,58.9
2017-09-21,4.6683,4.6683,4.6274,4.6707,13700,57
2017-09-22,4.6355,4.8321,4.6355,4.8346,3700,59
2017-09-25,4.7912,4.7912,4.7912,4.7936,600,58.5
2017-09-26,4.7912,4.8157,4.7502,4.7936,9180,58.5
2017-09-27,4.6765,4.6765,4.6683,4.6707,2400,57
2017-09-28,4.6683,4.9058,4.6683,4.9083,500,59.9
2017-09-29,4.9058,4.9058,4.8976,4.9001,2300,59.8
2017-10-02,4.9795,4.9795,4.9795,4.9821,120,60.8
2017-10-03,4.8731,4.8731,4.7912,4.7936,2000,58.5
2017-10-05,4.6683,4.6683,4.6683,4.6707,500,57
2017-10-06,4.6765,4.8321,4.6683,4.8346,1000,59
2017-10-10,4.7093,4.8239,4.7093,4.8264,1200,58.9
2017-10-11,4.7093,4.8403,4.7093,4.8428,11380,59.1
2017-10-12,4.8403,4.8403,4.8403,4.8428,200,59.1
2017-10-13,4.8485,4.9058,4.8403,4.9083,2800,59.9
2017-10-16,4.8321,4.9468,4.8321,4.9493,5100,60.4
2017-10-17,4.9713,5.1597,4.9631,5.0886,7000,62.1
2017-10-18,5.086,5.2334,5.086,5.2033,22500,63.5
2017-10-19,5.2334,5.7166,5.2334,5.7195,20800,69.8
2017-10-20,5.6511,5.8968,5.6511,5.7851,19321,70.6
2017-10-23,5.8149,6.1425,5.8149,6.1047,23000,74.5
2017-10-24,6.1097,6.38,5.9787,6.3505,14800,77.5
2017-10-25,6.1425,6.1425,6.0606,6.0637,8200,74
2017-10-26,5.8968,6.0115,5.8968,6.0145,8400,73.4
2017-10-27,5.8968,5.9378,5.8968,5.8998,4600,72
2017-10-30,5.8968,6.2244,5.8968,6.2276,3300,76
2017-10-31,6.0606,6.3063,5.9378,6.2276,17850,76
2017-11-01,6.2817,6.593,6.2244,6.5144,17500,79.5
2017-11-02,6.5192,6.5192,6.3554,6.3587,16800,77.6
2017-11-03,6.1425,6.2244,6.0606,6.2276,4850,76
2017-11-06,6.1425,6.1835,6.1425,6.1866,2500,75.5
2017-11-07,5.9787,6.1016,5.8968,6.1047,6730,74.5
2017-11-08,6.0606,6.1016,5.9951,6.0637,18400,74
2017-11-09,5.8968,6.1425,5.8968,6.1456,4700,75
2017-11-10,5.9378,6.1835,5.5283,6.1456,5800,75
2017-11-13,6.1425,6.1425,5.9787,5.9817,6400,73
2017-11-14,5.9787,5.9869,5.9787,5.9899,10330,73.1
2017-11-15,5.9459,6.0197,5.9459,6.0227,3100,73.5
2017-11-16,5.9787,6.1016,5.9787,6.1047,2400,74.5
2017-11-17,6.1835,6.1835,6.1016,6.1866,6830,75.5
2017-11-20,6.2244,6.2408,6.2244,6.2358,15800,76.1
2017-11-21,6.4701,6.4701,6.3882,6.3915,210,78
2017-11-22,6.4701,6.4701,6.0606,6.3095,900,77
2017-11-23,6.3063,6.5111,6.2654,6.2685,9000,76.5
2017-11-24,6.2326,6.3882,6.1835,6.2685,24800,76.5
2017-11-27,6.2244,6.3882,6.2244,6.3341,3440,77.3
2017-11-28,6.2326,6.3309,6.2244,6.3341,13900,77.3
2017-11-29,6.2654,6.3882,6.2244,6.2276,35400,76
2017-11-30,6.2244,6.2244,6.0606,6.0719,6800,74.1
2017-12-01,6.1016,6.1425,6.0606,6.1456,8100,75
2017-12-04,5.9787,6.1016,5.9705,5.9735,16800,72.9
2017-12-05,5.9705,5.9705,5.8968,5.9408,16400,72.5
2017-12-06,5.905,5.9296,5.8968,5.9326,4300,72.4
2017-12-07,5.9378,5.9541,5.9378,5.949,6900,72.6
2017-12-08,5.9869,6.1097,5.9787,6.1128,1300,74.6
2017-12-11,6.1097,6.1097,6.0278,6.0637,7600,74
2017-12-12,6.0606,6.0606,6.0033,6.0063,10000,73.3
2017-12-13,6.0197,6.0524,6.0033,6.0145,5400,73.4
2017-12-14,6.0197,6.0606,6.0197,6.0637,12110,74
2017-12-15,6.077,6.6339,6.077,6.5553,14500,80
2017-12-18,6.552,6.552,6.4701,6.4734,4800,79
2017-12-19,6.3964,6.5438,6.3473,6.5471,6488,79.9
2017-12-21,6.3882,6.3882,6.3473,6.3505,800,77.5
2017-12-22,6.1835,6.1835,6.1425,6.1456,3300,75
2017-12-25,6.1507,6.1507,6.1016,6.1047,4300,74.5
2017-12-26,6.0606,6.1016,5.9787,6.0309,6200,73.6
2017-12-27,5.9787,6.0606,5.9787,6.0637,7000,74
2017-12-28,6.142,6.142,6.142,6.1467,100,74
2017-12-29,6.142,6.474,6.142,6.4789,500,78
2018-01-03,6.391,6.391,6.142,6.1799,2100,74.4
2018-01-04,6.1752,6.1835,6.0673,6.0719,3700,73.1
2018-01-05,6.1503,6.225,6.1503,6.2297,1550,75
2018-01-08,6.142,6.225,6.1005,6.1467,16400,74
2018-01-09,6.225,6.4325,6.225,6.4374,200,77.5
2018-01-10,6.225,6.225,6.142,6.1467,2800,74
2018-01-11,6.142,6.142,6.1005,6.1467,6900,74
2018-01-12,6.142,6.142,6.1088,6.1134,4500,73.6
2018-01-15,6.225,6.391,6.225,6.3128,12100,76
2018-01-16,6.3163,6.391,6.308,6.3543,23382,76.5
2018-01-17,6.3495,6.3495,6.308,6.3543,6700,76.5
2018-01-18,6.225,6.3495,6.225,6.3128,1137,76
2018-01-19,6.391,6.9388,6.391,6.4789,34510,78
2018-01-22,6.474,6.474,5.8266,5.8559,31600,70.5
2018-01-23,5.8266,5.8515,5.81,5.8559,8700,70.5
2018-01-24,5.81,5.81,5.5195,5.5237,12100,66.5
2018-01-25,5.727,5.727,5.312,5.316,16400,64
2018-01-26,5.3203,5.4116,5.312,5.4157,5350,65.2
2018-01-29,5.4116,5.4116,5.395,5.3991,900,65
2018-01-30,5.395,5.395,5.146,5.233,15600,63
2018-01-31,5.4697,5.4697,5.146,5.4406,4980,65.5
2018-02-01,5.4365,5.4365,5.4365,5.4406,20,65.5
2018-02-05,5.2788,5.395,5.2705,5.3991,1100,65
2018-02-06,5.0215,5.1875,4.897,5.1914,9500,62.5
2018-02-07,5.146,5.1875,5.146,5.1914,200,62.5
2018-02-08,5.312,5.312,5.312,5.316,1400,64
2018-02-09,5.312,5.312,5.312,5.316,610,64
2018-02-12,5.5942,5.5942,5.5942,5.5984,100,67.4
2018-02-13,5.6025,5.8017,5.561,5.8061,700,69.9
2018-02-21,5.395,5.395,5.395,5.3991,2100,65
2018-02-22,5.395,5.395,5.3203,5.3243,1900,64.1
2018-02-23,5.644,5.644,5.644,5.6483,300,68
2018-02-26,5.6772,5.6772,5.6772,5.6815,310,68.4
2018-02-27,5.7519,5.7519,5.7519,5.7563,100,69.3
2018-02-28,5.7519,5.7519,5.7519,5.7563,10,69.3
2018-03-01,5.395,5.395,5.395,5.3991,100,65
2018-03-02,5.395,5.395,5.395,5.3991,2000,65
2018-03-06,5.395,5.395,5.395,5.3991,3700,65
2018-03-07,5.395,5.5942,5.395,5.5984,500,67.4
2018-03-12,5.5942,5.5942,5.395,5.3991,4300,65
2018-03-13,5.3535,5.395,5.312,5.3991,6700,65
2018-03-14,5.561,5.727,5.4033,5.7313,15625,69
2018-03-15,5.727,5.727,5.644,5.6483,2500,68
2018-03-16,5.6855,5.6855,5.6689,5.6732,1000,68.3
2018-03-19,5.6191,5.81,5.6191,5.6732,5400,68.3
2018-03-20,5.727,5.727,5.727,5.7313,1820,69
2018-03-21,5.727,5.727,5.7021,5.7064,6700,68.7
2018-03-23,5.644,5.727,5.644,5.7313,5000,69
2018-03-26,5.644,5.644,5.644,5.6483,300,68
2018-03-27,5.644,5.6855,5.644,5.6898,2200,68.5
2018-03-28,5.6938,5.727,5.6855,5.7313,2600,69
2018-03-29,5.727,6.059,5.727,6.0636,7700,73
2018-04-02,5.8888,5.8888,5.8888,5.8904,500,68
2018-04-03,5.8888,5.8888,5.4558,5.4659,1000,63.1
2018-04-09,5.629,5.629,5.629,5.6305,1100,65
2018-04-10,5.3865,5.3952,5.3865,5.388,3200,62.2
2018-04-11,5.7156,5.7156,5.7156,5.7171,1000,66
2018-04-12,5.4385,5.7156,5.4385,5.7171,200,66
2018-04-16,5.6636,5.7156,5.2047,5.6305,3300,65
2018-04-17,5.629,5.629,5.5424,5.6305,1900,65
2018-04-18,5.6377,5.8022,5.5337,5.5352,4500,63.9
2018-04-19,5.5424,6.0793,5.3692,6.055,13600,69.9
2018-04-20,6.1486,6.495,5.9408,6.4967,16600,75
2018-04-23,6.495,6.495,5.8455,6.3148,8500,72.9
2018-04-24,6.3131,6.3131,6.3131,6.3148,1000,72.9
2018-04-26,5.8888,6.1486,5.8022,6.055,1700,69.9
2018-04-27,6.062,6.062,5.8022,5.8038,8100,67
2018-05-02,5.8022,6.0533,5.7935,5.8124,1410,67.1
2018-05-03,5.8109,5.8109,5.8109,5.8124,200,67.1
2018-05-04,5.8022,5.8455,5.8022,5.8038,1000,67
2018-05-07,5.8195,5.8455,5.8022,5.8471,2910,67.5
2018-05-08,6.4084,6.4084,5.8109,6.055,2100,69.9
2018-05-15,5.8022,5.8888,5.8022,5.8904,1100,68
2018-05-16,5.8022,6.1053,5.8022,6.1069,2300,70.5
2018-05-18,5.8022,6.062,5.8022,6.0636,400,70
2018-05-23,5.8022,5.8022,5.8022,5.8038,300,67
2018-05-24,6.1486,6.1486,6.1486,6.1503,100,71
2018-05-25,5.8888,5.9754,5.8022,5.977,18150,69
2018-05-28,5.9321,5.9321,5.8455,5.8471,22500,67.5
2018-05-29,5.8542,6.0533,5.8542,6.055,6000,69.9
2018-05-30,6.062,6.062,6.062,6.0636,4500,70
2018-05-31,6.6509,6.6509,6.062,6.1936,2210,71.5
2018-06-04,6.062,6.062,6.062,6.0636,3300,70
2018-06-06,6.062,6.062,6.062,6.0636,600,70
2018-06-07,6.062,6.1832,6.062,6.1849,1900,71.4
2018-06-08,6.1486,6.2698,6.1486,6.2715,14750,72.4
2018-06-13,6.1486,6.1486,6.1486,6.1503,1000,71
2018-06-14,6.062,6.062,6.062,6.0636,1800,70
2018-06-15,6.062,6.1486,6.062,6.1503,8100,71
2018-06-19,5.9754,6.1313,5.9754,6.1329,400,70.8
2018-06-20,5.9754,6.1486,5.9754,6.1503,2500,71
2018-06-22,5.9754,6.1486,5.9754,6.1503,300,71
2018-06-25,6.1486,6.1486,6.1486,6.1503,3000,71
2018-06-26,6.1486,6.1486,6.1486,6.1503,2600,71
2018-06-27,6.1486,6.1486,6.1486,6.1503,5500,71
2018-06-28,6.1486,6.1486,6.1486,6.1503,2000,71
2018-06-29,6.1486,6.1486,6.1399,6.1416,1000,70.9
2018-07-03,6.062,6.062,5.9754,5.977,1000,69
2018-07-04,6.1486,6.1486,6.1486,6.1503,100,71
2018-07-06,5.9754,5.9754,5.9754,5.977,900,69
2018-07-10,6.062,6.1053,6.062,6.1069,3000,70.5
2018-07-11,6.062,6.1053,6.062,6.1069,2700,70.5
2018-07-12,6.1053,6.3218,6.1053,6.1069,25000,70.5
2018-07-13,6.1659,6.3218,6.1486,6.3235,12800,73
2018-07-16,6.2352,6.6682,6.2352,6.67,17700,77
2018-07-17,6.7115,6.8847,6.6595,6.8779,34700,79.4
2018-07-18,6.876,6.876,6.6682,6.67,11000,77
2018-07-19,6.7115,6.928,6.5816,6.9299,11700,80
2018-07-20,7.1012,7.6208,7.1012,7.6228,126100,88
2018-07-23,8.3136,8.3829,7.846,7.8827,37331,91
2018-07-24,7.7161,8.0538,7.6208,8.056,10085,93
2018-07-25,8.0538,8.2183,7.9672,8.056,13730,93
2018-07-26,8.1837,8.1837,8.0971,8.1426,19757,94
2018-07-27,8.0538,8.0538,7.794,7.8827,2100,91
2018-07-30,7.8806,7.8806,7.7074,7.7095,3136,89
2018-07-31,7.6208,7.4476,7.6208,7.1031,2955,82
2018-08-01,7.4476,7.6035,7.2311,7.4409,3400,85.9
2018-08-02,7.4389,8.0971,7.2744,7.6662,1110,88.5
2018-08-03,7.6641,7.6641,7.361,7.4496,3200,86
2018-08-06,7.2744,7.2744,7.1878,7.1897,4110,83
2018-08-07,7.2311,7.2311,7.1878,7.1897,2410,83
2018-08-08,7.1878,7.2311,7.1012,7.233,11800,83.5
2018-08-09,7.2311,7.2311,7.0752,7.1031,1651,82
2018-08-10,7.0319,7.0319,6.495,6.7133,24000,77.5
2018-08-13,7.0579,7.2744,7.0492,7.2764,11010,84
2018-08-14,7.1878,7.2311,7.1445,7.233,12200,83.5
2018-08-15,7.2311,7.2311,7.0146,7.2157,1800,83.3
2018-08-16,7.0319,7.1965,7.0059,7.1897,14300,83
2018-08-17,7.0579,7.1878,7.0579,7.1897,1700,83
2018-08-20,7.1185,7.1185,7.1012,7.1031,2000,82
2018-08-21,7.1878,7.4476,7.1878,7.4496,4800,86
2018-08-22,7.4476,7.4476,7.4476,7.4496,100,86
2018-08-23,7.1878,7.1878,7.1878,7.1897,500,83
2018-08-24,7.2744,7.2744,7.1878,7.1897,1451,83
2018-08-27,7.1878,7.1878,7.1012,7.1204,2043,82.2
2018-08-28,7.1532,7.2744,7.1532,7.2764,1320,84
2018-08-29,7.1618,7.2744,7.1532,7.2764,1100,84
2018-08-30,7.1618,7.1618,7.1532,7.1551,650,82.6
2018-08-31,7.1878,7.1878,7.1532,7.1551,5110,82.6
2018-09-04,7.1532,7.1532,7.1532,7.1551,23,82.6
2018-09-05,7.1532,7.1532,7.1099,7.1118,1811,82.1
2018-09-06,7.1012,7.1099,7.1012,7.1031,3300,82
2018-09-07,7.1012,7.1012,6.9453,7.1031,1800,82
2018-09-11,6.954,7.0579,6.954,7.0511,3400,81.4
2018-09-12,7.0059,7.0146,6.928,7.0165,6200,81
2018-09-13,7.0146,7.0146,7.0146,7.0165,500,81
2018-09-14,6.9713,6.9713,6.8501,6.8519,14300,79.1
2018-09-17,6.8414,6.8414,6.7548,6.7913,3800,78.4
2018-09-18,6.7894,6.7894,6.7894,6.7913,600,78.4
2018-09-19,6.8501,7.1532,6.7808,7.1551,3500,82.6
2018-09-20,6.928,6.9973,6.8414,6.9992,3800,80.8
2018-09-21,6.928,6.9713,6.928,6.9732,2200,80.5
2018-09-24,7.0146,7.0146,6.928,7.0078,1700,80.9
2018-09-25,7.0146,7.0146,6.9713,6.9905,2300,80.7
2018-09-26,6.9626,7.0146,6.9626,7.0078,7000,80.9
2018-09-27,6.928,6.9973,6.928,6.9558,12800,80.3
2018-09-28,6.954,7.2744,6.954,7.1031,10410,82
2018-10-01,7.1878,7.3437,7.1878,7.2937,13600,84.2
2018-10-02,7.361,7.4822,7.3177,7.3197,3500,84.5
2018-10-03,7.361,7.4909,7.2398,7.3197,10400,84.5
2018-10-04,7.361,7.7767,7.3177,7.7008,54955,88.9
2018-10-05,7.6987,7.7507,7.6208,7.7008,15944,88.9
2018-10-08,7.6208,7.6208,7.4043,7.4496,21200,86
2018-10-09,7.4389,7.4909,7.4303,7.4669,13300,86.2
2018-10-10,7.2831,7.4476,7.2831,7.4409,11500,85.9
2018-10-11,7.2744,7.2744,6.928,7.0165,15915,81
2018-10-12,7.0146,7.1012,6.928,7.1031,7800,82
2018-10-15,7.0579,7.1012,7.0146,7.1031,13415,82
2018-10-16,7.0146,7.3177,7.0146,7.1118,16215,82.1
2018-10-17,7.4085,7.4085,7.2379,7.3609,15200,81.9
2018-10-18,7.3546,7.4354,7.0942,7.1003,6900,79
2018-10-19,7.184,7.2379,7.1391,7.1991,13300,80.1
2018-10-22,7.9114,7.9114,7.7228,7.8642,91245,87.5
2018-10-23,7.8575,7.8575,7.5522,7.6845,12900,85.5
2018-10-24,7.6779,7.8036,7.4983,7.5137,19700,83.6
2018-10-25,7.5073,7.5073,7.2738,7.3699,29300,82
2018-10-26,7.4085,7.4534,7.3636,7.4598,3600,83
2018-10-29,7.3636,7.4983,7.3636,7.4328,7012,82.7
2018-10-30,7.4534,7.4534,7.3636,7.4598,10100,83
2018-10-31,7.4534,7.4534,7.3636,7.3789,16200,82.1
2018-11-01,7.4534,7.4534,7.3277,7.3339,5512,81.6
2018-11-02,7.3277,7.4085,7.3007,7.3699,17700,82
2018-11-05,7.2828,7.4444,7.2738,7.4418,2410,82.8
2018-11-06,7.3456,7.3636,7.3277,7.3429,5100,81.7
2018-11-07,7.4085,7.4085,7.2828,7.3699,10700,82
2018-11-08,7.3636,7.3636,7.2738,7.325,8900,81.5
2018-11-09,7.3007,7.3995,7.2738,7.28,3900,81
2018-11-12,7.2738,7.5791,7.2738,7.5676,24600,84.2
2018-11-13,7.4085,7.5522,7.3187,7.3789,29200,82.1
2018-11-14,7.3816,7.5432,7.3726,7.3879,5600,82.2
2018-11-15,7.5252,7.5252,7.4534,7.4598,4800,83
2018-11-16,7.3726,7.5073,7.3726,7.5137,18751,83.6
2018-11-19,7.5432,7.5791,7.5073,7.5496,5210,84
2018-11-20,7.5701,7.642,7.5432,7.6395,8910,85
2018-11-21,7.633,7.633,7.5432,7.6395,6636,85
2018-11-22,7.5881,7.633,7.5881,7.6395,12700,85
2018-11-23,7.633,7.633,7.5881,7.5946,9600,84.5
2018-11-26,7.5791,7.633,7.5791,7.5946,12610,84.5
2018-11-27,7.6779,7.6779,7.5881,7.6665,7920,85.3
2018-11-28,7.6689,7.6689,7.5881,7.5946,4330,84.5
2018-11-29,7.633,7.8844,7.633,7.7743,31620,86.5
2018-11-30,7.8126,7.8485,7.7587,7.8552,10750,87.4
2018-12-03,7.9024,8.0461,7.9024,7.999,12700,89
2018-12-04,8.082,8.082,7.9922,7.999,5000,89
2018-12-05,7.9922,8.0281,7.9922,8.035,9127,89.4
2018-12-06,7.9922,7.9922,7.8306,7.9811,1000,88.8
2018-12-07,7.9832,7.9832,7.8126,7.8193,7803,87
2018-12-10,7.5612,7.8126,7.5432,7.6395,4210,85
2018-12-11,7.624,7.6779,7.5522,7.6845,2020,85.5
2018-12-12,7.633,7.7138,7.6061,7.6395,4860,85
2018-12-13,7.633,7.6599,7.5522,7.6665,4920,85.3
2018-12-14,7.5971,7.651,7.5881,7.6575,1700,85.2
2018-12-17,7.633,7.651,7.5881,7.6575,5800,85.2
2018-12-18,7.642,7.642,7.4085,7.5496,2100,84
2018-12-19,7.5432,7.7228,7.5432,7.7204,11800,85.9
2018-12-20,7.651,7.7228,7.651,7.7204,1200,85.9
2018-12-21,7.7138,7.8216,7.651,7.7923,10240,86.7
2018-12-24,7.7767,7.9922,7.7228,7.7294,6320,86
2018-12-25,7.3636,7.6869,7.3636,7.6845,3280,85.5
2018-12-26,7.5432,7.633,7.4354,7.6395,3700,85
2018-12-27,7.4534,7.6779,7.4534,7.6845,6800,85.5
2018-12-28,7.633,7.633,7.633,7.6395,10010,85
2019-01-02,7.633,8.2616,7.633,7.6845,12700,85.5
2019-01-03,7.642,7.8934,7.642,7.7743,6400,86.5
2019-01-04,7.7857,7.9024,7.7767,7.9002,4866,87.9
2019-01-07,7.7857,7.8934,7.7857,7.9002,5100,87.9
2019-01-08,7.9024,8.2616,7.9024,8.2507,19400,91.8
2019-01-09,8.2167,8.4861,8.1718,8.1788,18820,91
2019-01-10,8.1,8.1718,7.9024,7.9181,8900,88.1
2019-01-11,7.8844,7.9293,7.8755,7.8822,2525,87.7
2019-01-14,7.8216,7.8575,7.7228,7.8193,13770,87
2019-01-15,7.7677,7.8575,7.6779,7.8642,11930,87.5
2019-01-16,7.8575,7.9473,7.8126,7.9541,5705,88.5
2019-01-17,7.9024,7.9024,7.8216,7.9092,6500,88
2019-01-18,7.7677,7.7677,7.1122,7.1182,79750,79.2
2019-01-21,6.4027,7.0044,6.4027,6.4082,112318,71.3
2019-01-22,6.6452,6.6452,6.5105,6.534,6940,72.7
2019-01-23,6.5554,6.5554,6.304,6.3363,13800,70.5
2019-01-24,6.3309,6.3489,5.9627,6.2554,15655,69.6
2019-01-25,6.1872,6.5374,6.1872,6.4172,6880,71.4
2019-01-28,6.4117,6.4656,6.3399,6.4711,4400,72
2019-01-29,6.3758,6.3848,6.1962,6.3813,23800,71
2019-01-30,6.3668,6.3668,6.1782,6.3453,5216,70.6
2019-01-31,6.1064,6.4117,6.1064,6.2914,16602,70
2019-02-01,6.3668,6.4387,6.286,6.4442,8558,71.7
2019-02-11,6.4656,6.4656,6.295,6.3094,5300,70.2
2019-02-12,6.2597,6.4722,6.2597,6.3756,1187,66
2019-02-13,6.4722,6.6654,6.2887,6.5688,6057,68
2019-02-14,6.6654,6.6654,6.4722,6.4819,11235,67.1
2019-02-15,6.5688,6.762,6.5688,6.6171,10524,68.5
2019-02-18,6.6074,6.6074,6.6074,6.6075,1000,68.4
2019-02-19,6.4722,6.6074,6.4722,6.5688,9140,68
2019-02-20,6.5688,6.6557,6.5012,6.6558,5265,68.9
2019-02-21,6.6557,6.6557,6.5688,6.5688,2934,68
2019-02-22,6.6654,6.9552,6.6654,6.8103,23444,70.5
2019-02-25,6.8586,7.1291,6.8103,7.0035,13096,72.5
2019-02-26,7.0035,7.3706,7.0035,7.2933,11540,75.5
2019-02-27,7.3126,7.3126,7.0518,7.2354,2200,74.9
2019-02-28,7.1001,7.1001,7.0518,7.0905,15850,73.4
2019-03-01,7.0518,7.1387,7.0518,7.1291,1540,73.8
2019-03-04,7.1291,7.2643,7.1291,7.2354,8340,74.9
2019-03-05,7.245,7.245,7.1484,7.1871,7326,74.4
2019-03-06,7.1507,7.2375,7.141,7.216,3810,74.7
2019-03-07,7.245,7.4285,7.216,7.3706,11570,76.3
2019-03-08,7.4382,7.5155,7.4382,7.4962,6220,77.6
2019-03-11,7.4962,7.4962,7.3416,7.4865,6410,77.5
2019-03-12,7.3416,7.3899,7.303,7.3899,14210,76.5
2019-03-13,7.3416,7.3416,7.303,7.3416,7409,76
2019-03-14,7.4382,7.4382,7.3126,7.332,9671,75.9
2019-03-15,7.728,7.728,7.3416,7.3899,2800,76.5
2019-03-18,7.3899,7.3899,7.3899,7.3899,336,76.5
2019-03-19,7.3899,7.3899,7.303,7.3706,1409,76.3
2019-03-20,7.1967,7.3416,7.1967,7.3416,1551,76
2019-03-21,7.3416,7.3416,7.3416,7.3416,440,76
2019-03-22,7.303,7.3416,7.303,7.3416,2800,76
2019-03-25,7.3416,7.3416,7.3416,7.3416,4638,76
2019-03-26,7.3513,7.3513,7.2933,7.3416,4214,76
2019-03-27,7.4865,7.4865,7.4865,7.4865,100,77.5
2019-03-28,7.4382,7.4382,7.4382,7.4382,100,77
2019-03-29,7.3802,7.4189,7.3802,7.4189,500,76.8
2019-04-01,6.6847,7.728,6.6847,7.728,11100,80
2019-04-02,7.728,7.728,7.5348,7.6314,1200,79
2019-04-03,7.5831,7.6314,7.5348,7.6314,3729,79
2019-04-04,7.728,7.728,7.6797,7.6797,1020,79.5
2019-04-05,7.6797,7.6797,7.5155,7.5155,4920,77.8
2019-04-08,7.4865,7.4865,7.1967,7.4672,6249,77.3
2019-04-09,7.2547,7.4575,7.2547,7.4286,1001,76.9
2019-04-10,7.4285,7.5348,7.4285,7.5348,1000,78
2019-04-11,7.5348,7.728,7.5348,7.728,6731,80
2019-04-12,7.728,7.728,7.6314,7.6701,742,79.4
2019-04-16,7.6314,7.6314,7.6217,7.6218,1500,78.9
2019-04-17,7.6314,7.6314,7.4768,7.5638,3629,78.3
2019-04-19,7.4498,7.5463,7.4305,7.5541,2620,78.2
2019-04-22,7.4092,7.4189,7.3802,7.3899,4512,76.5
2019-04-23,7.3899,7.3899,7.3416,7.3416,2110,76
2019-04-24,7.2643,7.3416,7.245,7.3416,4400,76
2019-04-25,7.2836,7.4285,7.245,7.2547,7700,75.1
2019-04-26,7.3416,7.3899,7.3416,7.3803,1900,76.4
2019-05-02,7.3726,7.3823,7.3051,7.3126,7022,75.7
2019-05-03,7.6516,7.6516,7.3414,7.3425,4310,71
2019-05-06,7.3414,7.3414,7.3414,7.3425,900,71
2019-05-08,7.1346,7.1346,7.0312,7.0322,3880,68
2019-05-09,7.0312,7.0829,7.0209,7.0322,5000,68
2019-05-10,7.0312,7.1346,7.0312,7.0839,1900,68.5
2019-05-13,7.0312,7.1139,7.0312,7.0426,2135,68.1
2019-05-14,7.0415,7.0415,6.9485,6.9495,3600,67.2
2019-05-15,6.8761,6.9278,6.8761,6.8771,6600,66.5
2019-05-16,6.9175,6.9175,6.8244,6.8254,2000,66
2019-05-17,6.9278,6.9898,6.9278,6.9909,800,67.6
2019-05-20,7.0312,7.0312,6.9278,6.9288,1318,67
2019-05-21,6.8244,6.8244,6.721,6.8254,2549,66
2019-05-22,6.8761,6.8968,6.8347,6.8357,3110,66.1
2019-05-23,6.8347,6.9278,6.8347,6.9288,1800,67
2019-05-24,6.9071,6.9278,6.8244,6.8771,1100,66.5
2019-05-27,6.8244,6.9071,6.8244,6.8978,6700,66.7
2019-05-28,6.8347,6.8347,6.721,6.722,6830,65
2019-05-29,6.721,6.721,6.7107,6.722,3300,65
2019-05-30,6.721,6.721,6.721,6.722,15,65
2019-05-31,6.721,6.8658,6.6176,6.6703,1900,64.5
2019-06-03,6.6693,6.6693,6.6176,6.6186,300,64
2019-06-04,6.4625,6.5142,6.3281,6.36,5514,61.5
2019-06-05,6.3591,6.4625,6.3591,6.36,12910,61.5
2019-06-06,6.3074,6.4625,6.3074,6.36,7240,61.5
2019-06-07,6.3074,6.3591,6.3074,6.36,3163,61.5
2019-06-10,6.3591,6.4108,6.3591,6.4117,7590,62
2019-06-11,6.4108,6.4211,6.4108,6.4221,3299,62.1
2019-06-12,6.6176,6.6176,6.6176,6.6186,110,64
2019-06-13,6.4625,6.6176,6.4625,6.4841,4320,62.7
2019-06-14,6.4108,6.6176,6.3591,6.5152,3956,63
2019-06-17,6.4315,6.6073,6.4108,6.6082,1600,63.9
2019-06-18,6.4315,6.4315,6.4315,6.4324,200,62.2
2019-06-19,6.4108,6.5969,6.3591,6.5979,2100,63.8
2019-06-20,6.5969,6.5969,6.5969,6.5979,5,63.8
2019-06-21,6.5142,6.5142,6.5142,6.5152,3000,63
2019-06-24,6.5659,6.5659,6.4108,6.5048,4968,62.9
2019-06-25,6.5142,6.5142,6.3591,6.36,14201,61.5
2019-06-26,6.4108,6.4108,6.3694,6.3911,3500,61.8
2019-06-27,6.3901,6.3901,6.3901,6.3911,100,61.8
2019-06-28,6.3901,6.3901,6.3901,6.3911,3147,61.8
2019-07-01,6.4108,6.4108,6.4108,6.4117,2300,62
2019-07-02,6.5142,6.5142,6.4108,6.4117,1300,62
2019-07-03,6.4108,6.4108,6.4108,6.4117,2575,62
2019-07-04,6.4108,6.4108,6.3901,6.4117,5159,62
2019-07-05,6.4108,6.4108,6.3798,6.4117,7160,62
2019-07-08,6.4108,6.4108,6.4108,6.4117,3262,62
2019-07-09,6.4108,6.4108,6.3798,6.4117,4610,62
2019-07-10,6.4108,6.5866,6.4108,6.5875,1100,63.7
2019-07-11,6.5142,6.5142,6.5142,6.5152,220,63
2019-07-12,6.4108,6.4625,6.4108,6.4117,1430,62
2019-07-15,6.4108,6.4625,6.4108,6.4635,460,62.5
2019-07-16,6.4625,6.5142,6.4625,6.5152,2732,63
2019-07-17,6.5142,6.5142,6.5142,6.5152,100,63
2019-07-18,6.4211,6.4211,6.4108,6.4117,2763,62
2019-07-19,6.4108,6.6176,6.4108,6.5152,8300,63
2019-07-22,6.4625,6.6176,6.4522,6.5669,10810,63.5
2019-07-23,6.5969,6.5969,6.4108,6.4117,1270,62
2019-07-24,6.4108,6.4108,6.4108,6.4117,4700,62
2019-07-25,6.4108,6.4211,6.4108,6.4117,18900,62
2019-07-26,6.4108,6.4108,6.3074,6.4117,6426,62
2019-07-29,6.4108,6.4108,6.4108,6.4117,2060,62
2019-07-30,6.4108,6.4108,6.3488,6.3497,3200,61.4
2019-07-31,6.3901,6.4108,6.3901,6.4117,4470,62
2019-08-01,6.4108,6.721,6.4108,6.722,12815,65
2019-08-02,6.721,6.721,6.6693,6.7013,3150,64.8
2019-08-05,6.5142,6.721,6.5142,6.722,1810,65
2019-08-06,6.721,6.7727,6.6176,6.6186,9610,64
2019-08-07,6.5142,6.5142,6.5142,6.5152,378,63
2019-08-08,6.5142,6.5142,6.4418,6.4428,7552,62.3
2019-08-09,6.4315,6.4625,6.4211,6.4635,312,62.5
2019-08-12,6.4522,6.4728,6.4418,6.4738,2130,62.6
2019-08-13,6.5039,6.5142,6.4625,6.4635,2200,62.5
2019-08-14,6.4625,6.5142,6.4625,6.5152,5300,63
2019-08-15,6.5142,6.5142,6.5142,6.5152,2070,63
2019-08-16,6.5349,6.5659,6.5142,6.5669,4264,63.5
2019-08-19,6.6176,6.6176,6.5039,6.5669,6700,63.5
2019-08-20,6.5659,6.5659,6.4625,6.5565,1650,63.4
2019-08-21,6.5556,6.5556,6.5556,6.5565,2915,63.4
2019-08-22,6.4728,6.4728,6.4728,6.4738,1705,62.6
2019-08-23,6.4625,6.4625,6.4522,6.4531,264,62.4
2019-08-26,6.4522,6.4522,6.4522,6.4531,10,62.4
2019-08-27,6.4625,6.4625,6.3694,6.4221,5100,62.1
2019-08-28,6.4625,6.4728,6.4625,6.4635,6010,62.5
2019-08-29,6.4625,6.4625,6.4108,6.4635,4210,62.5
2019-08-30,6.4625,6.4625,6.4108,6.4117,3352,62
2019-09-03,6.4108,6.4625,6.4108,6.4117,5220,62
2019-09-04,6.4108,6.4418,6.4108,6.4428,1504,62.3
2019-09-05,6.4418,6.5039,6.4418,6.4428,3300,62.3
2019-09-06,6.4625,6.4625,6.4418,6.4428,1712,62.3
2019-09-09,6.4625,6.4935,6.4625,6.4945,1520,62.8
2019-09-10,6.5142,6.5142,6.4625,6.4635,940,62.5
2019-09-11,6.4625,6.4625,6.4315,6.4324,700,62.2
2019-09-12,6.4315,6.4315,6.4108,6.4117,5060,62
2019-09-13,6.5142,6.5142,6.4108,6.4117,1310,62
2019-09-16,6.4108,6.4108,6.4005,6.4117,5332,62
2019-09-17,6.4108,6.4418,6.4108,6.4117,1941,62
2019-09-18,6.4108,6.4108,6.4108,6.4117,1200,62
2019-09-19,6.4108,6.4108,6.4108,6.4117,827,62
2019-09-20,6.4108,6.4211,6.4108,6.4221,1650,62.1
2019-09-23,6.4108,6.4108,6.3798,6.3807,2707,61.7
2019-09-24,6.4108,6.4108,6.3798,6.4014,4600,61.9
2019-09-25,6.4005,6.4728,6.4005,6.4738,2610,62.6
2019-09-26,6.4728,6.6176,6.4728,6.6186,8456,64
2019-09-27,6.6176,6.8037,6.6176,6.6289,1195,64.1
2019-09-30,6.8244,6.8244,6.721,6.7737,2100,65.5
2019-10-02,6.6796,6.6796,6.6176,6.6186,2207,64
2019-10-03,6.6176,6.6693,6.6176,6.6703,3310,64.5
2019-10-04,6.7624,6.7624,6.6176,6.6186,2700,64
2019-10-08,6.5659,6.6176,6.5659,6.6186,1970,64
2019-10-09,6.5659,6.5659,6.5659,6.5669,781,63.5
2019-10-10,6.721,6.721,6.721,6.722,226,65
2019-10-11,6.7624,6.7624,6.721,6.722,325,65
2019-10-14,6.721,6.721,6.6693,6.6703,4850,64.5
2019-10-15,6.5349,6.5349,6.5349,6.5358,110,63.2
2019-10-16,6.5659,6.7624,6.5659,6.7634,200,65.4
2019-10-17,6.721,6.721,6.6693,6.6703,3610,64.5
2019-10-18,6.6693,6.6693,6.6693,6.6703,800,64.5
2019-10-21,6.6796,6.6796,6.6176,6.6186,3564,64
2019-10-22,6.6176,6.6176,6.6176,6.6186,1711,64
2019-10-23,6.5659,6.6176,6.5659,6.6186,3500,64
2019-10-24,6.5762,6.6176,6.5762,6.6186,1900,64
2019-10-28,6.6176,6.6176,6.6176,6.6186,2406,64
2019-10-29,6.6693,6.6693,6.6176,6.6186,2930,64
2019-10-30,6.5866,6.6693,6.5866,6.6703,1600,64.5
2019-10-31,6.6176,6.6693,6.6176,6.6703,500,64.5
2019-11-01,6.6176,6.721,6.6176,6.722,5010,65
2019-11-04,6.721,6.721,6.721,6.722,2257,65
2019-11-05,6.8244,6.8244,6.8244,6.8254,200,66
2019-11-06,6.7003,6.7003,6.7003,6.7013,800,64.8
2019-11-08,6.6693,6.6693,6.6693,6.6703,509,64.5
2019-11-11,6.721,6.7934,6.721,6.7944,3500,65.7
2019-11-12,6.8141,6.9278,6.8141,6.9288,4600,67
2019-11-14,7.0312,7.0622,7.0312,7.0633,400,68.3
2019-11-15,7.1346,7.1346,7.1346,7.1356,3800,69
2019-11-18,7.1346,7.4965,7.1346,7.4873,9000,72.4
2019-11-19,7.4965,7.4965,7.4448,7.4459,2100,72
2019-11-20,7.3414,7.3414,7.3414,7.3425,200,71
2019-11-21,7.3414,7.3414,7.238,7.2391,6700,70
2019-11-22,7.238,7.238,7.238,7.2391,1490,70
2019-11-26,7.1346,7.2897,7.1346,7.2908,3400,70.5
2019-11-27,7.2897,7.4448,7.2897,7.4459,5506,72
2019-11-28,7.238,7.5275,7.238,7.5286,3341,72.8
2019-11-29,7.4448,7.9618,7.4448,7.963,6500,77
2019-12-02,7.238,7.6516,7.238,7.6527,2310,74
2019-12-03,7.5999,7.5999,7.5999,7.601,262,73.5
2019-12-04,7.4448,7.5482,7.4448,7.5493,360,73
2019-12-09,7.5482,7.5482,7.5482,7.5493,100,73
2019-12-11,6.8761,8.1479,6.8761,8.1491,450,78.8
2019-12-12,8.1479,8.1479,8.1479,8.1491,81,78.8
2019-12-16,7.4965,7.5482,7.4965,7.5493,1700,73
2019-12-17,7.6516,7.6516,7.5482,7.6527,10410,74
2019-12-18,7.6516,7.6619,7.6516,7.6631,3325,74.1
2019-12-20,7.6619,7.6619,7.6619,7.6631,300,74.1
2019-12-23,7.6516,7.6516,7.6413,7.6527,3287,74
2019-12-24,7.6516,7.6516,7.6516,7.6527,2000,74
2019-12-25,7.6516,7.6516,7.6516,7.6527,100,74
2019-12-26,7.6516,7.6516,7.6516,7.6527,2000,74
2019-12-27,7.6516,7.6516,7.6516,7.6527,520,74
2019-12-31,7.6516,7.6516,7.6516,7.6527,48,74
2020-01-02,7.1346,7.1346,7.1346,7.1356,102,69
2020-01-03,7.3414,7.3414,7.3414,7.3425,200,71
2020-01-07,7.6413,7.6516,7.3414,7.3425,300,71
2020-01-08,7.3414,7.6516,7.3414,7.6527,650,74
2020-01-09,7.6516,7.6516,7.6516,7.6527,2500,74
2020-01-10,7.6516,7.755,7.6516,7.7561,4500,75
2020-01-13,7.3414,7.3414,7.3414,7.3425,212,71
2020-01-14,7.7033,7.755,7.7033,7.7561,2000,75
2020-01-15,7.7033,7.755,7.7033,7.7561,9510,75
2020-01-16,7.755,7.755,7.755,7.7561,100,75
2020-01-17,8.0652,8.0652,7.755,7.7561,6012,75
2020-01-20,7.755,7.755,7.755,7.7561,10,75
2020-01-21,7.755,7.755,7.6516,7.6527,5900,74
2020-01-22,7.6516,7.755,7.6516,7.7561,14600,75
2020-02-03,7.6516,7.6516,7.6516,7.6527,124,74
2020-02-04,7.755,7.755,7.3414,7.3425,1121,71
2020-02-05,7.3414,7.3414,7.3414,7.3425,300,71
2020-02-07,7.7447,7.7447,7.7447,7.7458,127,74.9
2020-02-14,7.7343,7.7343,7.7343,7.7355,243,74.8
2020-02-17,7.7343,7.7343,7.7343,7.7355,10,74.8
2020-02-18,7.724,7.724,7.724,7.7251,110,74.7
2020-02-19,7.6516,7.7447,7.6516,7.7458,3600,74.9
2020-02-21,7.238,7.269,7.238,7.2391,1602,70
2020-02-24,7.2897,7.2897,7.2897,7.2908,110,70.5
2020-02-25,7.3414,7.3414,7.3414,7.3425,1900,71
2020-02-26,7.2897,7.2897,7.2897,7.2908,510,70.5
2020-02-28,7.5068,7.5068,7.5068,7.5079,100,72.6
2020-03-02,7.5068,7.5068,7.3414,7.3425,16400,71
2020-03-03,7.3414,7.3414,7.3414,7.3425,7100,71
2020-03-04,7.3414,7.3414,7.3414,7.3425,110,71
2020-03-05,7.2587,7.2587,7.2587,7.2597,100,70.2
2020-03-06,7.3414,7.3414,7.3414,7.3425,10100,71
2020-03-09,7.2587,7.2587,7.238,7.2391,1340,70
2020-03-10,7.1346,7.1346,7.1346,7.1356,4351,69
2020-03-11,7.1346,7.1346,7.0829,7.0839,3400,68.5
2020-03-12,6.7727,6.783,6.7727,6.7737,800,65.5
2020-03-13,6.721,6.721,6.7107,6.7116,4345,64.9
2020-03-16,6.721,6.7417,6.721,6.722,5010,65
2020-03-17,6.721,6.721,6.721,6.722,20,65
2020-03-19,6.8244,6.9795,6.8244,6.9288,2610,67
2020-03-20,6.9278,6.9278,6.9278,6.9288,16000,67
2020-03-23,6.6176,6.6176,6.6176,6.6186,800,64
2020-03-24,6.5142,6.5142,6.4108,6.4117,5190,62
2020-03-25,6.721,6.721,6.721,6.722,574,65
2020-03-26,6.721,6.7313,6.721,6.722,6100,65
2020-03-27,6.721,6.721,6.4108,6.4117,230,62
2020-03-30,6.4108,6.5142,6.3074,6.5152,18409,63
2020-03-31,6.5142,6.5142,6.5142,6.5152,185,63
2020-04-03,6.5142,6.5142,6.5142,6.5152,3500,63
2020-04-06,6.5142,7.1346,6.5142,7.1356,1377,69
2020-04-08,6.6176,6.6176,6.6176,6.6186,4746,64
2020-04-10,6.5142,6.5142,6.2971,6.298,500,60.9
2020-04-14,6.5659,6.6176,6.5659,6.6186,700,64
2020-04-16,6.6693,6.6693,6.6176,6.6186,1301,64
2020-04-17,6.721,6.721,6.721,6.722,800,65
2020-04-20,6.721,6.721,6.721,6.722,5300,65
2020-04-21,6.721,6.721,6.721,6.722,1111,65
2020-04-22,6.721,6.721,6.721,6.722,410,65
2020-04-23,6.7417,6.7417,6.7417,6.7427,250,65.2
2020-04-24,6.721,6.721,6.721,6.722,210,65
2020-04-27,6.9278,6.9278,6.8244,6.8254,1211,66
2020-04-28,6.8244,6.8244,6.7417,6.7427,1790,65.2
2020-04-29,6.7727,6.7727,6.7727,6.7737,100,65.5
2020-05-04,6.7727,6.7727,6.7727,6.7737,400,65.5
2020-05-05,6.7727,6.7727,6.7727,6.7737,30,65.5
2020-05-06,6.9278,7.1346,6.9278,7.1356,1700,69
2020-05-07,7.1139,7.1346,7.1139,7.1356,3000,69
2020-05-08,6.9278,6.9278,6.9278,6.9288,102,67
2020-05-11,7.0312,7.2277,7.0312,7.2287,3270,69.9
2020-05-12,7.1449,7.1863,7.1449,7.1874,210,69.5
2020-05-13,7.1346,7.1863,7.1036,7.1874,3100,69.5
2020-05-14,7.1863,7.4758,7.1863,7.4769,2311,72.3
2020-05-15,7.4758,7.7033,7.4758,7.7044,5610,74.5
2020-05-18,7.7033,7.7033,7.7033,7.7044,515,74.5
2020-05-19,7.9515,7.9515,7.7033,7.7561,1841,75
2020-05-20,7.755,7.755,7.755,7.7561,2000,75
2020-05-21,7.7757,8.5305,7.7757,8.5214,63896,82.4
2020-05-22,8.6339,9.368,8.6339,8.8213,20630,85.3
2020-05-25,8.8924,8.9441,8.5822,8.5835,15810,83
2020-05-26,8.5822,8.5822,8.4788,8.5318,13012,82.5
2020-05-27,8.2203,8.4995,8.2203,8.3766,11120,81
2020-05-28,8.4271,8.4271,8.3754,8.3766,4620,81
2020-05-29,8.3754,8.789,8.3754,8.6352,5047,83.5
2020-06-01,8.789,8.8717,8.5305,8.7282,15650,84.4
2020-06-02,8.5822,8.6339,8.5719,8.5835,21300,83
2020-06-03,8.8062,8.8062,8.0949,8.3572,6080,74
2020-06-04,8.3546,8.3546,8.2078,8.2217,4440,72.8
2020-06-05,8.1288,8.1288,7.7901,8.0184,10190,71
2020-06-08,8.0159,8.0159,7.6772,7.8039,13260,69.1
2020-06-09,7.903,7.903,7.8127,7.8942,2854,69.9
2020-06-10,7.8917,7.8917,7.5643,7.5667,18875,67
2020-06-11,7.6772,7.6772,7.4401,7.4425,13830,65.9
2020-06-12,7.3611,7.3611,7.3611,7.3634,3675,65.2
2020-06-15,7.3611,7.5643,7.3611,7.5667,2042,67
2020-06-16,7.5643,7.5643,7.553,7.5554,752,66.9
2020-06-17,7.5643,7.5643,7.4514,7.5554,6375,66.9
2020-06-18,7.4288,7.6772,7.4288,7.6796,12200,68
2020-06-19,7.7337,7.7337,7.6772,7.7361,3300,68.5
2020-06-22,7.7337,7.7562,7.6208,7.7361,4930,68.5
2020-06-23,7.903,7.903,7.6772,7.6796,1100,68
2020-06-24,7.6772,7.6772,7.6772,7.6796,300,68
2020-06-25,7.6433,7.6772,7.5982,7.6796,1312,68
2020-06-26,7.6772,7.6772,7.6772,7.6796,60,68
2020-06-29,7.4514,7.4514,7.3385,7.4538,3950,66
2020-06-30,7.4401,7.6208,7.4401,7.6232,11550,67.5
2020-07-01,7.6772,7.7337,7.6772,7.6796,6500,68
2020-07-02,7.6659,7.6772,7.6659,7.6796,760,68
2020-07-03,7.6772,8.0159,7.6772,8.0184,1100,71
2020-07-06,7.8466,8.0159,7.6772,8.0184,4459,71
2020-07-07,8.0159,8.0159,7.7901,8.0184,3200,71
2020-07-08,7.903,8.1288,7.903,8.0184,5220,71
2020-07-09,8.0159,8.1288,8.0159,8.1314,2920,72
2020-07-10,8.1288,8.1288,8.1288,8.1314,10,72
2020-07-13,8.1288,8.1853,7.8466,7.849,2200,69.5
2020-07-14,8.0159,8.0159,8.0159,8.0184,500,71
2020-07-15,7.903,7.903,7.903,7.9055,200,70
2020-07-16,7.903,7.903,7.903,7.9055,20,70
2020-07-17,8.0046,8.0046,7.903,7.9055,2760,70
2020-07-20,7.903,7.9595,7.903,7.9055,10137,70
2020-07-21,7.9595,7.9595,7.9595,7.962,1500,70.5
2020-07-22,7.6772,7.903,7.3385,7.9055,3048,70
2020-07-23,7.903,7.903,7.903,7.9055,500,70
2020-07-24,7.903,7.903,7.6772,7.9055,2325,70
2020-07-27,7.8917,7.903,7.4514,7.5667,4800,67
2020-07-28,7.6772,7.6772,7.6208,7.6232,240,67.5
2020-07-29,7.6208,7.9595,7.6208,7.962,240,70.5
2020-07-30,7.6772,7.8014,7.6772,7.8039,1142,69.1
2020-07-31,7.8127,7.8127,7.8014,7.8039,4400,69.1
2020-08-04,7.8466,7.903,7.8466,7.9055,1310,70
2020-08-05,7.9143,8.0724,7.9143,8.0749,5200,71.5
2020-08-06,8.0724,8.2304,8.0724,8.2104,2076,72.7
2020-08-07,8.2078,8.2078,8.2078,8.2104,10,72.7
2020-08-10,8.2078,8.2078,8.1175,8.1201,200,71.9
2020-08-11,7.8014,7.903,7.8014,7.8942,730,69.9
2020-08-12,8.0159,8.0159,7.903,7.9055,200,70
2020-08-14,8.0159,8.1853,8.0159,8.0184,2390,71
2020-08-17,8.0159,8.0272,8.0159,8.0297,630,71.1
2020-08-18,8.0159,8.1288,8.0159,8.0749,1100,71.5
2020-08-19,8.0724,8.0724,8.0724,8.0749,420,71.5
2020-08-20,8.0724,8.0724,8.0724,8.0749,35,71.5
2020-08-21,7.9595,8.0724,7.9595,8.0749,550,71.5
2020-08-24,8.1175,8.1853,8.1175,8.1878,3750,72.5
2020-08-25,8.2417,8.2417,8.0159,8.1314,1331,72
2020-08-26,8.1288,8.1288,8.1288,8.1314,10,72
2020-08-27,8.1288,8.2417,8.0724,8.2443,2331,73
2020-08-28,8.2417,8.2869,8.2417,8.2895,3500,73.4
2020-08-31,8.2078,8.2982,8.2078,8.3008,3450,73.5
2020-09-01,8.3546,8.3546,8.3546,8.3572,3179,74
2020-09-03,8.3546,8.4111,8.3546,8.3572,4045,74
2020-09-04,8.4111,8.4675,8.3546,8.4702,6150,75
2020-09-07,8.4675,8.4675,8.4675,8.4702,400,75
2020-09-08,8.253,8.253,8.253,8.2556,100,73.1
2020-09-09,8.253,8.253,8.253,8.2556,215,73.1
2020-09-10,8.253,8.253,8.253,8.2556,11608,73.1
2020-09-11,8.2643,8.2643,8.2643,8.2669,100,73.2
2020-09-15,8.3546,8.3546,8.2643,8.3008,2592,73.5
2020-09-17,8.2982,8.4562,8.2982,8.4589,8000,74.9
2020-09-18,8.4562,8.4675,8.4562,8.4702,502,75
2020-09-21,8.4562,8.4675,8.4562,8.4589,1405,74.9
2020-09-22,8.4562,8.4675,8.4562,8.4702,3900,75
2020-09-23,8.5804,8.5804,8.4675,8.4702,500,75
2020-09-24,8.4675,8.524,8.4675,8.4702,12500,75
2020-09-25,8.5804,8.5804,8.4901,8.4928,3138,75.2
2020-09-28,8.5014,8.5804,8.4901,8.5831,8700,76
2020-09-29,8.5804,8.8288,8.5804,8.8316,6000,78.2
2020-09-30,8.6707,8.6707,8.6707,8.6735,2205,76.8
2020-10-01,8.6933,8.8514,8.6933,8.809,4150,78
2020-10-02,8.8627,9.3707,8.8627,9.3737,12260,83
2020-10-05,9.382,9.3933,9.3707,9.3737,2850,83
2020-10-06,9.3707,9.4497,9.3707,9.4527,13200,83.7
2020-10-07,8.5127,8.8062,8.5127,8.809,200,78
2020-10-09,8.253,9.4723,8.253,9.3737,300,83
2020-10-12,8.4336,8.7046,8.4336,8.7073,200,77.1
2020-10-13,9.1449,9.1449,8.9191,9.0349,750,80
2020-10-14,8.9191,8.9191,8.9191,8.9219,1200,79
2020-10-15,8.0272,8.9191,8.0272,8.9219,600,79
2020-10-16,9.3255,9.3255,9.3255,9.3285,100,82.6
2020-10-19,8.7498,9.3255,8.7498,9.3059,7400,82.4
2020-10-20,9.303,9.3143,9.1449,9.1478,14400,81
2020-10-21,9.1449,9.1449,8.6933,8.7073,8147,77.1
2020-10-22,9.2014,9.2014,9.2014,9.2043,5000,81.5
2020-10-23,9.3143,9.3143,9.2014,9.2043,2100,81.5
2020-10-26,9.3143,9.3707,9.2578,9.2607,2347,82
2020-10-27,8.4788,9.2014,8.4788,9.2043,400,81.5
2020-10-28,9.2126,9.2126,9.2014,9.2043,5303,81.5
2020-10-29,9.1449,9.1449,9.1449,9.1478,500,81
2020-10-30,9.0207,9.3707,9.0207,9.2607,7400,82
2020-11-02,9.2578,9.3143,9.2578,9.2833,400,82.2
2020-11-03,9.3707,9.3707,9.3707,9.3737,2300,83
2020-11-04,9.4272,9.4272,9.2691,9.272,400,82.1
2020-11-05,9.2691,9.2691,9.2578,9.2607,2100,82
2020-11-06,9.2578,9.2578,8.6933,8.696,1700,77
2020-11-09,8.9191,8.9191,8.9191,8.9219,536,79
2020-11-10,9.032,9.3707,9.032,9.3737,400,83
2020-11-11,8.5917,9.4836,8.5917,9.4866,7300,84
2020-11-12,9.4836,9.5965,9.4836,9.5995,14137,85
2020-11-13,9.5965,9.7094,9.4836,9.4866,1700,84
2020-11-16,9.4723,9.4723,9.4723,9.4753,210,83.9
2020-11-18,9.4723,9.4723,9.4723,9.4753,10,83.9
2020-11-19,8.9304,8.9304,8.9304,8.9332,126,79.1
2020-11-20,8.9304,8.9304,8.9304,8.9332,10,79.1
2020-11-23,9.032,9.2578,9.032,9.2607,1409,82
2020-11-24,9.2578,9.2578,9.2578,9.2607,1124,82
2020-11-25,9.2578,9.2578,9.2578,9.2607,1600,82
2020-11-26,9.2578,9.3707,9.2578,9.272,9350,82.1
2020-11-27,9.3707,9.3707,9.3707,9.3737,3700,83
2020-11-30,9.3707,9.3707,9.3707,9.3737,2000,83
2020-12-02,9.2014,9.2014,9.2014,9.2043,110,81.5
2020-12-03,9.2014,9.2014,9.2014,9.2043,100,81.5
2020-12-04,9.2578,9.2578,9.2014,9.2156,2600,81.6
2020-12-07,9.2352,9.2578,9.2126,9.2607,2303,82
2020-12-08,9.3594,9.3594,9.2578,9.2607,2207,82
2020-12-09,9.3594,9.3594,9.2578,9.3172,5400,82.5
2020-12-10,9.3594,9.3594,9.3594,9.3624,100,82.9
2020-12-11,9.3143,9.3707,9.3143,9.3737,1263,83
2020-12-14,9.3933,9.5401,9.3933,9.5431,2800,84.5
2020-12-15,9.5513,9.7094,9.5513,9.7125,3700,86
2020-12-16,9.6078,9.6304,9.5965,9.5995,1345,85
2020-12-17,9.5965,9.5965,9.5965,9.5995,200,85
2020-12-18,9.5965,9.5965,9.5965,9.5995,50,85
2020-12-21,9.7094,9.7094,9.7094,9.7125,110,86
2020-12-22,9.2578,9.2578,9.2578,9.2607,103,82
2020-12-23,9.3707,9.3707,9.3707,9.3737,150,83
2020-12-24,9.5965,9.7094,9.5965,9.7125,6100,86
2020-12-28,8.7385,9.5062,8.7385,9.5092,536,84.2
2020-12-29,9.5062,9.5062,9.5062,9.5092,115,84.2
2020-12-30,9.653,9.811,9.653,9.8028,10788,86.8
2020-12-31,8.8288,9.7997,8.8288,9.8028,790,86.8
2021-01-04,9.7997,9.8223,9.7997,9.8028,1425,86.8
2021-01-05,9.8223,9.8223,9.8223,9.8254,330,87
2021-01-06,8.8401,9.8223,8.8401,9.8254,910,87
2021-01-07,9.8788,9.8788,9.8223,9.8819,1000,87.5
2021-01-08,9.7659,10.161,9.7094,10.1642,8400,90
2021-01-11,9.9352,9.9917,9.9352,9.9948,300,88.5
2021-01-12,9.9917,9.9917,9.9917,9.9948,2800,88.5
2021-01-13,9.9917,9.9917,9.9352,9.9383,4701,88
2021-01-14,9.9352,9.9352,9.4836,9.4866,12840,84
2021-01-15,9.9352,10.0481,9.9352,10.0513,20000,89
2021-01-18,9.9465,10.0594,9.9465,10.0626,5885,89.1
2021-01-19,10.0707,10.161,9.9691,10.1642,18805,90
2021-01-20,10.161,10.432,10.161,10.4353,3601,92.4
2021-01-21,10.1046,10.4997,10.1046,10.503,1939,93
2021-01-22,11.0642,11.0642,11.0642,11.0677,2033,98
2021-01-25,11.0642,12.1706,11.0642,11.6324,2250,103
2021-01-26,11.7416,12.1819,11.7416,11.8582,1223,105
2021-01-27,11.4029,11.4029,11.1658,11.1693,300,98.9
2021-01-28,10.161,10.6126,10.0594,10.616,3810,94
2021-01-29,11.1658,11.1658,11.1658,11.1693,130,98.9
2021-02-01,11.1771,11.5158,11.1771,11.1806,1500,99
2021-02-02,11.29,11.29,11.1771,11.1806,1180,99
2021-02-03,11.1432,11.1884,11.1432,11.1919,600,99.1
2021-02-04,10.6578,10.6578,10.6578,10.6611,100,94.4
2021-02-05,10.6691,11.1771,10.6691,11.1806,400,99
2021-02-08,11.1658,11.29,11.1658,11.2936,2110,100
2021-02-09,11.1884,11.29,11.1884,11.2484,310,99.6
2021-02-17,10.861,11.2448,10.861,11.2484,1360,99.6
2021-02-18,11.2336,11.4029,11.2336,11.3952,4035,100.9
2021-02-19,11.5045,11.7416,11.5045,11.7453,1510,104
2021-02-22,11.8545,12.1932,11.8545,11.8582,1240,105
2021-02-23,11.9674,12.3851,11.9674,12.389,2700,109.7
2021-02-24,12.1932,12.2497,12.1932,12.2535,1659,108.5
2021-02-25,12.2384,12.5206,12.2384,12.4229,2631,110
2021-02-26,12.7577,12.7577,12.6448,12.6488,1700,112
2021-03-01,12.6448,12.9835,12.6448,12.6714,608,112.2
2021-03-02,12.6674,12.9835,12.6448,12.9876,1700,115
2021-03-03,12.8706,12.8706,12.8706,12.8747,1015,114
2021-03-04,12.9045,12.9835,12.8932,12.9876,1200,115
2021-03-05,12.8706,12.8932,12.8706,12.8973,420,114.2
2021-03-08,13.198,13.9432,13.198,13.5523,1050,120
2021-03-09,13.977,14.9028,13.977,14.9075,28078,132
2021-03-10,15.5802,16.3931,15.5802,16.3983,35395,145.2
2021-03-11,16.7092,18.0301,16.7092,16.7145,24949,148
2021-03-12,16.7092,16.7092,15.4673,15.7997,17500,139.9
2021-03-15,16.0318,16.2463,15.5238,15.7997,15585,139.9
2021-03-16,15.806,15.9189,15.5802,15.811,6801,140
2021-03-17,15.9189,15.9189,15.7834,15.8675,8530,140.5
2021-03-18,15.6479,15.806,15.6141,15.7432,10600,139.4
2021-03-19,15.806,15.806,15.6028,15.6077,6010,138.2
2021-03-22,15.6141,16.2576,15.6141,16.1046,10131,142.6
2021-03-23,16.0995,16.2124,16.0318,16.1498,12200,143
2021-03-24,16.3028,16.3028,16.0544,16.1498,18942,143
2021-03-25,16.1447,16.2012,16.0318,16.2063,14910,143.5
2021-03-26,16.9832,16.9832,16.134,16.4361,6950,137.4
2021-03-29,16.0384,16.2058,15.9188,16.0294,6300,134
2021-03-30,15.5958,15.8231,15.4284,15.4433,8605,129.1
2021-03-31,15.4404,15.4404,14.2324,15.4313,7200,129
2021-04-01,14.5912,15.3088,14.5912,15.2519,3631,127.5
2021-04-02,15.1294,15.548,14.8304,15.2638,3500,127.6
2021-04-05,15.0696,15.249,15.0098,15.0724,3508,126
2021-04-06,15.0696,15.0696,14.9978,15.0007,1900,125.4
2021-04-07,14.9978,15.0696,14.7108,14.8811,1681,124.4
2021-04-08,14.8902,14.8902,14.8902,14.893,1710,124.5
2021-04-09,14.9022,15.3088,14.8902,14.893,12711,124.5
2021-04-12,14.8902,14.95,14.8663,14.8811,6441,124.4
2021-04-13,14.8782,14.8782,14.4716,14.4743,2000,121
2021-04-14,14.4716,14.95,14.3281,14.3427,5065,119.9
2021-04-15,14.352,14.3759,14.352,14.3786,1112,120.2
2021-04-16,14.352,14.352,14.1248,14.3547,1900,120
2021-04-19,14.352,14.352,13.9932,14.1155,4907,118
2021-04-20,14.352,14.352,14.1367,14.1394,1600,118.2
2021-04-22,14.1367,14.1367,13.9932,13.9958,4410,117
2021-04-23,14.053,14.053,13.455,13.5174,2001,113
2021-04-26,13.5148,13.9812,13.5148,13.637,3200,114
2021-04-27,13.6344,13.6344,13.5148,13.637,2300,114
2021-04-28,13.6344,13.9932,13.5148,13.9958,1320,117
2021-04-29,13.754,13.754,13.754,13.7566,1000,115
2021-05-04,13.766,13.766,13.6344,13.637,3800,114
2021-05-05,12.271,13.9932,12.271,13.9839,2747,116.9
2021-05-06,13.754,13.8736,13.754,13.8762,3108,116
2021-05-07,13.754,13.8138,13.754,13.7566,2200,115
2021-05-10,12.3786,14.1128,12.3786,13.2183,5600,110.5
2021-05-11,13.2756,13.2756,13.2756,13.2781,265,111
2021-05-12,13.3952,13.443,13.3952,13.4456,500,112.4
2021-05-13,13.5148,13.754,13.5148,13.7566,1133,115
2021-05-14,13.754,13.754,13.5268,13.7566,6400,115
2021-05-17,13.754,13.754,13.6464,13.7566,4223,115
2021-05-18,13.754,13.754,13.754,13.7566,2100,115
2021-05-19,12.4504,13.754,12.4504,13.7566,2303,115
2021-05-20,13.754,13.754,13.6344,13.7566,10300,115
2021-05-21,13.754,13.8736,13.754,13.8762,18510,116
2021-05-24,13.754,14.352,13.754,14.3427,413,119.9
2021-05-25,14.2324,14.352,14.2324,14.2351,700,119
2021-05-26,14.2324,14.2324,14.053,14.1155,1310,118
2021-05-27,12.7015,13.754,12.7015,13.7566,2400,115
2021-05-28,13.754,13.754,13.6942,13.6968,2032,114.5
2021-05-31,13.6942,13.7062,13.5746,13.5772,4300,113.5
2021-06-01,13.6344,13.6344,13.5387,13.5891,3700,113.6
2021-06-02,13.5866,13.5866,13.5866,13.5891,100,113.6
2021-06-03,13.5866,13.5866,13.5148,13.5293,1010,113.1
2021-06-04,13.5268,14.352,13.5268,14.3547,9080,120
2021-06-07,14.4716,14.7108,14.3998,14.4145,4154,120.5
2021-06-08,14.352,14.352,14.2324,14.2351,4300,119
2021-06-09,13.754,14.352,13.754,14.3547,700,120
2021-06-10,13.9932,14.0052,13.9932,13.9958,1302,117
2021-06-11,14.053,14.053,13.8736,13.9958,500,117
2021-06-14,13.7779,13.7779,13.7779,13.7805,100,115.2
2021-06-15,13.7899,13.8258,13.6942,13.6968,4400,114.5
2021-06-16,13.9573,13.9573,13.2278,13.5293,900,113.1
2021-06-17,13.6344,14.0769,13.6344,14.0796,337,117.7
2021-06-18,14.0889,14.0889,14.0889,14.0915,100,117.8
2021-06-21,13.8736,13.8736,13.8736,13.8762,443,116
2021-06-22,13.754,13.8736,13.754,13.8762,800,116
2021-06-23,13.8736,13.8736,13.8736,13.8762,1601,116
2021-06-24,13.754,13.766,13.754,13.7566,1213,115
2021-06-25,13.754,13.8138,13.6942,13.8164,1402,115.5
2021-06-28,13.8138,13.9334,13.8138,13.936,300,116.5
2021-06-29,13.754,13.9095,13.754,13.9121,1930,116.3
2021-06-30,13.9334,14.1128,13.9095,14.1155,1600,118
2021-07-01,14.053,14.352,14.053,14.3547,1131,120
2021-07-02,14.352,14.7108,14.2922,14.7136,10200,123
2021-07-05,14.4357,14.4357,14.352,14.4145,800,120.5
2021-07-06,14.352,14.352,14.2444,14.2471,710,119.1
2021-07-07,13.8736,14.7108,13.8736,14.7136,6510,123
2021-07-08,14.7228,14.7706,13.2397,14.7734,2740,123.5
2021-07-09,14.7706,14.7706,14.7706,14.7734,57,123.5
2021-07-12,14.352,14.352,14.2324,14.3547,8300,120
2021-07-13,14.7108,14.7108,14.352,14.6538,400,122.5
2021-07-14,14.4716,14.4716,14.352,14.3547,1600,120
2021-07-15,13.8377,13.8377,13.8258,13.8284,2000,115.6
2021-07-16,14.352,14.352,14.1128,14.1155,400,118
2021-07-19,13.9932,13.9932,13.754,13.7566,1500,115
2021-07-20,13.8138,14.053,13.754,14.0557,1200,117.5
2021-07-21,14.053,14.053,14.053,14.0557,10,117.5
2021-07-22,14.053,14.053,14.053,14.0557,25,117.5
2021-07-23,14.053,14.053,14.053,14.0557,670,117.5
2021-07-26,14.053,14.1128,14.053,14.1155,300,118
2021-07-28,14.1128,14.1128,14.1128,14.1155,710,118
2021-07-30,12.7494,13.1799,12.7494,13.1824,1400,110.2
2021-08-02,13.9334,13.9932,13.9334,13.9958,3710,117
2021-08-03,13.6344,13.6344,13.6344,13.637,100,114
2021-08-04,13.5148,13.7301,13.5148,13.7327,300,114.8
2021-08-05,13.754,13.754,13.754,13.7566,100,115
2021-08-09,13.9932,13.9932,13.754,13.9958,900,117
2021-08-10,13.9812,14.8065,13.9812,14.7136,8300,123
2021-08-11,14.7108,14.7108,14.7108,14.7136,405,123
2021-08-13,14.6869,14.6869,14.6869,14.6897,1100,122.8
2021-08-16,13.8138,13.8138,13.8138,13.8164,200,115.5
2021-08-17,13.8856,13.9454,13.8856,13.948,210,116.6
2021-08-18,13.9454,14.1128,13.9454,14.1155,400,118
2021-08-20,13.8736,14.352,13.8736,14.1155,500,118
2021-08-23,14.2324,14.2324,14.2324,14.2351,200,119
2021-08-24,14.2324,14.2324,14.2324,14.2351,100,119
2021-08-25,14.2324,14.2324,14.2324,14.2351,101,119
2021-08-26,14.2324,14.2324,13.8736,13.8762,600,116
2021-08-27,13.5148,13.754,12.5341,12.6202,5600,105.5
2021-08-30,13.8736,13.8736,13.8736,13.8762,1210,116
2021-08-31,14.352,14.352,14.041,14.3547,1800,120
2021-09-01,13.766,14.053,13.754,13.9001,1400,116.2
2021-09-06,13.9334,13.9454,13.9214,13.936,1330,116.5
2021-09-07,13.9454,13.9454,13.9334,13.936,300,116.5
2021-09-08,13.9334,14.364,13.9334,14.2351,802,119
2021-09-09,14.34,14.352,14.34,14.3547,1503,120
2021-09-10,14.352,14.352,14.352,14.3547,112,120
2021-09-14,14.352,14.352,14.352,14.3547,1036,120
2021-09-16,14.352,14.352,14.352,14.3547,1,120
2021-09-17,14.053,14.053,14.053,14.0557,800,117.5
2021-09-20,14.1128,14.1128,13.9932,14.1155,1910,118
2021-09-21,14.1128,14.1128,13.9334,14.1035,1000,117.9
2021-09-22,13.9932,13.9932,13.9932,13.9958,500,117
2021-09-23,14.1128,14.1846,14.1128,14.1872,210,118.6
2021-09-24,14.1128,14.1128,14.1128,14.1155,1710,118
2021-09-27,14.1128,14.1128,14.0889,14.0915,800,117.8
2021-09-28,13.9334,13.9334,13.9334,13.936,100,116.5
2021-09-29,13.9334,13.9334,13.9334,13.936,100,116.5
2021-10-01,14.1128,14.1128,14.1128,14.1155,200,118
2021-10-04,14.1128,14.1128,14.1128,14.1155,1300,118
2021-10-05,14.1008,14.1008,14.1008,14.1035,400,117.9
2021-10-06,14.1008,14.1008,14.1008,14.1035,34,117.9
2021-10-07,14.1008,14.1008,13.9932,13.9958,1015,117
2021-10-08,13.9932,13.9932,13.9932,13.9958,200,117
2021-10-11,14.0889,14.0889,14.0889,14.0915,100,117.8
2021-10-12,13.8736,13.8736,13.8736,13.8762,1003,116
2021-10-13,13.8736,13.8736,13.8736,13.8762,300,116
2021-10-14,13.754,13.754,13.754,13.7566,200,115
2021-10-15,15.1294,15.1294,14.1128,14.3547,3760,120
2021-10-19,15.7872,15.7872,13.754,13.7566,200,115
2021-10-20,13.5148,14.2324,13.467,13.8762,600,116
2021-10-22,13.6344,13.8736,13.6344,13.8762,200,116
2021-10-25,13.8736,13.8736,13.8497,13.8762,1600,116
2021-10-26,13.8736,13.8736,13.8736,13.8762,100,116
2021-10-27,13.8736,13.8736,13.8736,13.8762,322,116
2021-10-28,13.8736,13.8736,13.8736,13.8762,100,116
2021-10-29,13.8736,13.8736,13.8736,13.8762,1000,116
2021-11-01,13.8736,14.1008,13.8736,14.1035,422,117.9
2021-11-03,13.8736,13.8736,13.8138,13.8762,400,116
2021-11-04,12.4862,13.8856,12.4862,13.8882,510,116.1
2021-11-05,13.8856,13.8856,13.8856,13.8882,42,116.1
2021-11-08,12.57,12.57,12.57,12.5723,100,105.1
2021-11-09,13.8258,13.8258,13.8258,13.8284,601,115.6
2021-11-10,12.4623,13.8258,12.4623,13.8284,3202,115.6
2021-11-11,13.8258,13.8258,13.754,13.8284,4107,115.6
2021-11-12,12.4504,14.2324,12.4504,14.2351,300,119
2021-11-15,14.2324,14.2324,14.2324,14.2351,27,119
2021-11-16,13.754,13.754,13.754,13.7566,100,115
2021-11-17,13.766,13.9334,13.754,13.7566,4532,115
2021-11-18,13.766,13.766,13.742,13.7446,1200,114.9
2021-11-19,12.3786,14.053,12.3786,13.7446,1400,114.9
2021-11-22,13.742,13.742,13.742,13.7446,6510,114.9
2021-11-23,13.742,13.742,13.6942,13.6968,10182,114.5
2021-11-24,13.7062,13.8736,13.6942,13.7087,8001,114.6
2021-11-25,13.754,13.754,13.7301,13.7327,1337,114.8
2021-11-26,13.7301,13.9932,13.7301,13.9958,2700,117
2021-11-29,13.9932,13.9932,13.9932,13.9958,400,117
2021-12-02,13.4909,13.4909,13.4909,13.4934,400,112.8
2021-12-03,13.4909,13.4909,13.467,13.4695,500,112.6
2021-12-06,13.467,13.467,13.455,13.4575,400,112.5
2021-12-07,13.455,13.455,13.3952,13.4575,300,112.5
2021-12-08,13.5148,13.5148,13.5148,13.5174,200,113
2021-12-09,13.5148,13.5148,13.5148,13.5174,1300,113
2021-12-10,13.455,13.5148,13.455,13.5174,500,113
2021-12-14,13.5148,13.754,13.5148,13.7566,1000,115
2021-12-15,13.754,13.754,13.754,13.7566,200,115
2021-12-16,13.8736,13.8736,13.8736,13.8762,130,116
2021-12-17,13.156,13.455,13.156,13.4575,416,112.5
2021-12-20,13.455,13.455,13.455,13.4575,3,112.5
2021-12-21,13.3474,13.3474,13.3474,13.3499,200,111.6
2021-12-22,13.156,13.5148,13.156,13.5174,1100,113
2021-12-23,13.156,13.156,13.156,13.1585,200,110
2021-12-27,13.5148,13.5148,13.5148,13.5174,700,113
2021-12-28,13.5148,13.5148,13.5148,13.5174,220,113
2021-12-29,13.5148,13.5148,13.5148,13.5174,10,113
2022-01-04,12.5341,13.8736,12.5341,13.8762,2510,116
2022-01-05,13.8736,13.8736,13.8736,13.8762,100,116
2022-01-07,13.8736,13.8736,13.8736,13.8762,55,116
2022-01-10,13.168,13.8736,12.5819,13.1585,3400,110
2022-01-12,13.156,13.156,13.156,13.1585,157,110
2022-01-13,13.156,13.6344,12.4384,12.4408,8200,104
2022-01-14,13.6344,13.6344,13.6344,13.637,100,114
2022-01-17,13.6344,13.6344,12.57,13.4934,450,112.8
2022-01-18,12.9168,12.9168,12.9168,12.9192,400,108
2022-01-19,12.9168,12.9168,12.9168,12.9192,101,108
2022-01-20,12.9168,12.9168,12.9168,12.9192,100,108
2022-01-21,13.2636,13.2636,13.2636,13.2661,349,110.9
2022-01-26,13.156,13.156,13.156,13.1585,400,110
2022-01-28,12.558,13.156,12.558,13.1465,313,109.9
2022-02-07,13.144,13.144,13.144,13.1465,100,109.9
2022-02-08,13.144,13.156,13.144,13.1585,310,110
2022-02-09,13.156,13.156,13.156,13.1585,17,110
2022-02-10,13.156,13.156,13.156,13.1585,1,110
2022-02-11,13.156,13.156,13.156,13.1585,35,110
2022-02-14,13.156,13.156,13.156,13.1585,500,110
2022-02-15,12.6776,12.6776,12.6776,12.68,100,106
2022-02-17,12.6776,12.6776,12.6776,12.68,2,106
2022-02-18,12.6776,12.6776,12.6776,12.68,60,106
2022-02-21,13.156,13.156,13.156,13.1585,100,110
2022-02-23,13.3952,13.3952,13.3952,13.3977,100,112
2022-02-24,13.3952,13.3952,13.3952,13.3977,500,112
2022-02-25,13.2756,13.6344,13.2756,13.637,2200,114
2022-02-28,13.5148,13.5148,13.5148,13.5174,650,113
2022-03-01,13.5148,13.5148,13.5148,13.5174,126,113
2022-03-02,13.5028,13.5028,13.4789,13.4815,920,112.7
2022-03-03,13.6344,13.6344,13.6344,13.637,1100,114
2022-03-04,13.6344,13.6344,13.5866,13.5891,300,113.6
2022-03-07,13.6344,13.6942,13.6344,13.6968,1701,114.5
2022-03-08,14.352,14.8065,14.2324,14.2471,3412,119.1
2022-03-10,14.4238,14.4238,14.2802,14.2829,300,119.4
2022-03-11,14.2802,14.2802,13.6942,13.7207,1010,114.7
2022-03-14,13.6344,13.7181,13.455,13.7207,4601,114.7
2022-03-15,13.5746,14.34,13.5148,13.7087,2200,114.6
2022-03-16,13.7062,13.7181,13.6344,13.637,1613,114
2022-03-17,13.754,13.754,13.6344,13.637,1111,114
2022-03-18,13.6464,13.754,13.6464,13.6489,1341,114.1
2022-03-21,13.6942,13.9334,13.6344,13.8762,19232,116
2022-03-22,13.8975,13.9214,13.8736,13.8762,6823,116
2022-03-23,13.8736,13.8736,13.8736,13.8762,5600,116
2022-03-24,13.9341,13.9341,13.871,13.9137,3711,110.3
2022-03-25,13.9088,13.9088,13.8332,13.838,504,109.7
2022-03-28,13.9341,13.9341,13.3666,13.4974,3800,107
2022-03-29,13.7197,13.7197,13.4927,13.4974,5100,107
2022-03-30,13.5558,13.6188,13.5558,13.5605,3016,107.5
2022-03-31,13.5558,13.5936,13.5179,13.5857,5200,107.7
2022-04-01,13.581,13.9214,13.581,13.8759,3300,110
2022-04-04,13.8836,13.8836,13.871,13.8885,8222,110.1
2022-04-05,13.7449,13.7449,13.3666,13.6236,9802,108
2022-04-06,13.6188,13.6188,13.6188,13.6236,600,108
2022-04-07,13.6188,13.6188,13.6062,13.6236,2000,108
2022-04-08,13.6188,13.6188,13.4927,13.6236,10200,108
2022-04-12,13.2405,13.6062,13.2405,13.611,1100,107.9
2022-04-13,13.6188,13.6188,13.6188,13.6236,106,108
2022-04-14,13.6188,13.6188,13.1144,13.611,2800,107.9
2022-04-18,13.2405,13.2405,12.7613,13.2451,1300,105
2022-04-19,12.8748,13.0009,12.8622,13.0055,2404,103.1
2022-04-20,12.1056,13.2405,12.1056,13.0433,801,103.4
2022-04-21,12.8622,13.0261,12.8622,13.0307,1000,103.3
2022-04-22,12.7361,13.2279,12.4209,13.2325,1209,104.9
2022-04-25,12.61,12.61,12.1056,12.1098,1500,96
2022-04-26,11.349,12.4335,11.349,12.4378,1201,98.6
2022-04-27,12.4461,12.61,12.4209,12.6144,1500,100
2022-04-29,12.61,12.61,12.61,12.6144,300,100
2022-05-04,12.61,12.61,12.1308,12.1351,1600,96.2
2022-05-05,11.9795,12.5848,11.7904,12.5892,500,99.8
2022-05-09,13.8332,13.8332,11.349,11.353,2500,90
2022-05-10,11.349,11.7399,11.349,11.744,200,93.1
2022-05-11,11.7399,11.7399,11.7399,11.744,400,93.1
2022-05-12,11.7399,11.7651,11.7399,11.7566,2900,93.2
2022-05-13,11.7399,11.7525,11.349,11.4791,19400,91
2022-05-16,11.4751,11.4751,11.349,11.353,600,90
2022-05-17,12.2317,12.2317,12.2191,12.2234,200,96.9
2022-05-18,11.349,11.6643,11.349,11.6683,8100,92.5
2022-05-20,12.156,12.156,11.7147,12.1098,19900,96
2022-05-23,11.4373,11.4373,11.4247,11.4287,1800,90.6
2022-05-24,12.1056,12.1056,12.1056,12.1098,200,96
2022-05-25,12.2317,12.2317,12.2317,12.236,2800,97
2022-05-26,11.4751,12.1687,11.4751,12.1729,200,96.5
2022-05-30,11.8534,11.8534,11.8534,11.8576,100,94
2022-06-01,11.8408,11.8534,11.8408,11.8576,4000,94
2022-06-02,11.6769,11.8534,11.6769,11.8576,7200,94
2022-06-03,11.8534,11.8534,11.8534,11.8576,14800,94
2022-06-07,13.0387,13.0387,13.0387,13.0433,100,103.4
2022-06-09,11.8534,12.1182,11.8534,11.9963,1287,95.1
2022-06-13,11.4751,11.4751,11.349,11.353,12100,90
2022-06-14,11.7147,11.7147,11.7147,11.7188,100,92.9
2022-06-15,11.7904,11.7904,11.7904,11.7945,400,93.5
2022-06-16,11.4121,11.5634,11.4121,11.5422,3500,91.5
2022-06-17,11.4121,11.4121,11.4121,11.4161,300,90.5
2022-06-21,11.4121,11.4121,11.4121,11.4161,1000,90.5
2022-06-22,11.349,11.4751,11.349,11.4791,400,91
2022-06-23,11.4751,11.4751,11.4751,11.4791,18,91
2022-06-24,11.7904,11.7904,11.7904,11.7945,100,93.5
2022-06-27,11.349,11.349,11.349,11.353,1000,90
2022-06-28,11.349,11.349,11.349,11.353,100,90
2022-06-29,11.349,11.349,11.349,11.353,2,90
2022-07-04,11.7904,11.7904,11.7273,11.7314,200,93
2022-07-05,11.7273,11.7273,11.349,11.6053,802,92
2022-07-06,11.6012,11.6012,11.6012,11.6053,2000,92
2022-07-07,11.4751,11.6012,11.4751,11.4791,2303,91
2022-07-08,11.6012,11.6643,11.5382,11.6053,7800,92
2022-07-11,11.4751,11.6012,11.4751,11.6053,1500,92
2022-07-12,11.6012,11.7904,11.6012,11.7314,28600,93
2022-07-13,11.6012,11.6012,11.6012,11.6053,711,92
2022-07-14,11.6138,11.6138,11.6138,11.6179,102,92.1
2022-07-15,12.3578,12.3578,12.3578,12.3621,225,98
2022-07-19,12.3578,12.3578,11.6012,11.6053,200,92
2022-07-20,12.3578,12.3578,11.349,11.6053,19300,92
2022-07-21,11.6012,11.6012,11.6012,11.6053,2,92
2022-07-22,12.3578,12.3578,12.3578,12.3621,100,98
2022-07-25,11.4751,11.6138,11.4121,11.4161,2800,90.5
2022-07-26,11.4121,11.4121,11.349,11.353,5000,90
2022-07-27,11.349,11.349,11.349,11.353,2400,90
2022-07-28,11.4121,11.4121,11.3616,11.4161,4100,90.5
2022-07-29,11.4121,11.4121,11.349,11.353,500,90
2022-08-01,11.3616,11.4121,11.349,11.4161,4600,90.5
2022-08-02,11.3616,11.3616,11.349,11.353,900,90
2022-08-04,11.3616,11.3616,11.349,11.353,5600,90
2022-08-05,11.349,11.349,10.9707,11.3151,10709,89.7
2022-08-08,11.349,11.349,11.349,11.353,8500,90
2022-08-09,11.349,11.349,11.349,11.353,17700,90
2022-08-10,11.349,11.3616,11.349,11.353,4404,90
2022-08-11,11.4751,11.7904,11.349,11.353,4000,90
2022-08-12,11.349,11.349,11.349,11.353,25001,90
2022-08-15,11.4121,11.4121,11.3616,11.4161,4100,90.5
2022-08-16,11.5886,11.5886,11.349,11.3782,6100,90.2
2022-08-17,11.3616,11.4121,11.3616,11.4161,3000,90.5
2022-08-18,11.4751,11.4751,11.349,11.4791,1520,91
2022-08-22,11.349,11.3616,11.349,11.353,14100,90
2022-08-23,11.349,11.3742,11.349,11.3782,3700,90.2
2022-08-24,11.3742,11.3742,11.3742,11.3782,400,90.2
2022-08-25,11.3616,11.3616,11.3616,11.3656,700,90.1
2022-08-26,11.4121,11.4121,11.3616,11.3656,3300,90.1
2022-08-29,11.349,11.349,11.349,11.353,500,90
2022-08-30,11.3616,11.3616,11.3616,11.3656,1000,90.1
2022-08-31,11.3616,11.3616,11.3616,11.3656,1900,90.1
2022-09-05,11.3742,11.3742,11.3742,11.3782,1000,90.2
2022-09-06,11.349,11.349,11.349,11.353,702,90
2022-09-07,11.4751,11.4751,11.4751,11.4791,200,91
2022-09-09,11.3616,11.3616,11.3616,11.3656,100,90.1
2022-09-12,11.3616,11.4121,11.3616,11.4161,637,90.5
2022-09-13,11.3742,11.3742,11.3742,11.3782,100,90.2
2022-09-14,11.3616,11.3742,11.3616,11.3656,500,90.1
2022-09-16,11.3616,11.3616,11.3616,11.3656,3,90.1
2022-09-19,11.4121,11.4751,11.3742,11.3782,800,90.2
2022-09-20,11.3742,11.4751,11.3742,11.4791,300,91
2022-09-21,11.5382,11.5382,11.5382,11.5422,400,91.5
2022-09-22,11.3742,11.4247,11.3742,11.4287,330,90.6
2022-09-26,11.4247,11.4247,11.2229,11.2268,1800,89
2022-09-28,11.2229,11.3616,11.2229,11.3656,400,90.1
2022-09-29,11.349,11.3742,11.349,11.3782,600,90.2
2022-09-30,11.349,11.349,11.349,11.353,1005,90
2022-10-03,11.4247,11.4247,11.4247,11.4287,1002,90.6
2022-10-04,11.349,11.4247,11.349,11.4287,4400,90.6
2022-10-05,11.4499,11.4499,11.4499,11.4539,100,90.8
2022-10-06,11.3742,11.3742,11.3742,11.3782,200,90.2
2022-10-07,11.3742,11.3742,11.349,11.353,3100,90
2022-10-10,11.2355,11.349,11.2229,11.2268,2900,89
2022-10-14,11.349,11.349,11.349,11.353,1000,90
2022-10-17,11.349,11.3616,11.349,11.3656,1107,90.1
2022-10-20,11.349,11.349,11.349,11.353,2602,90
2022-10-21,11.349,11.349,11.349,11.353,2002,90
2022-10-24,11.3112,11.3112,11.286,11.2899,4900,89.5
2022-10-25,11.286,11.286,11.286,11.2899,51,89.5
2022-10-26,11.286,11.286,11.286,11.2899,1,89.5
2022-10-27,11.1599,11.1599,11.1599,11.1638,100,88.5
2022-10-28,11.1725,11.1725,11.1599,11.1638,1215,88.5
2022-10-31,11.2355,11.2355,11.2355,11.2395,100,89.1
2022-11-01,11.2355,11.2355,11.2229,11.2268,1602,89
2022-11-02,11.2355,11.2355,11.2229,11.2268,400,89
2022-11-03,11.2355,11.2355,11.2355,11.2395,100,89.1
2022-11-04,11.2355,11.2355,11.2355,11.2395,400,89.1
2022-11-07,11.2229,11.2481,11.2229,11.2521,3100,89.2
2022-11-08,11.349,11.349,11.349,11.353,100,90
2022-11-09,11.349,11.4751,11.349,11.4791,1700,91
2022-11-10,11.286,11.349,11.286,11.353,800,90
2022-11-14,11.2355,11.349,11.2229,11.2268,10900,89
2022-11-15,11.286,11.4751,11.2229,11.4791,2901,91
2022-11-16,11.2229,11.2229,11.2229,11.2268,300,89
2022-11-17,11.286,11.286,11.286,11.2899,100,89.5
2022-11-18,11.4751,11.6012,11.4751,11.6053,1000,92
2022-11-23,11.3616,11.3616,11.3616,11.3656,2752,90.1
2022-11-25,11.2355,11.349,11.2229,11.353,4102,90
2022-11-28,11.349,11.349,11.349,11.353,44,90
2022-11-29,11.3616,11.3616,11.3616,11.3656,100,90.1
2022-11-30,11.4121,11.4121,11.4121,11.4161,285,90.5
2022-12-01,11.349,11.4751,11.349,11.353,600,90
2022-12-06,11.349,11.349,11.286,11.2899,200,89.5
2022-12-07,11.349,11.349,11.349,11.353,200,90
2022-12-09,11.349,11.349,11.349,11.353,100,90
2022-12-13,11.2229,11.2229,11.2229,11.2268,200,89
2022-12-14,11.4121,11.4121,11.2355,11.2395,700,89.1
2022-12-15,11.8534,11.8534,11.8534,11.8576,582,94
2022-12-16,11.6012,12.4713,11.6012,12.4757,500,98.9
2022-12-19,11.7273,11.7273,11.7273,11.7314,100,93
2022-12-23,11.7273,11.7273,11.7273,11.7314,2,93
2022-12-26,11.7273,11.7273,11.7273,11.7314,84,93
2022-12-28,11.7273,11.7273,11.7273,11.7314,420,93
2022-12-30,11.8534,11.8534,11.8534,11.8576,200,94
2023-01-06,11.7273,11.7273,11.7273,11.7314,200,93
2023-01-12,11.7273,11.7273,11.7273,11.7314,86,93
2023-01-16,11.4751,11.4751,11.4751,11.4791,125,91
2023-01-17,11.4751,11.4751,11.4751,11.4791,2,91
2023-01-18,11.4751,11.4751,11.4751,11.4791,10,91
2023-01-19,11.9795,11.9795,11.9165,11.9206,200,94.5
2023-01-27,11.9795,11.9795,11.9795,11.9837,1100,95
2023-01-30,12.0804,12.0804,12.0804,12.0846,316,95.8
2023-01-31,12.61,12.61,12.1056,12.236,701,97
2023-02-01,12.2317,12.2317,12.2317,12.236,100,97
2023-02-02,12.2317,12.2948,12.2317,12.2991,3510,97.5
2023-02-03,11.349,12.2948,11.349,12.2991,200,97.5
2023-02-06,12.2948,12.2948,12.2948,12.2991,11,97.5
2023-02-07,11.349,12.9883,11.349,12.9929,412,103
2023-02-08,11.7273,11.7273,11.7273,11.7314,100,93
2023-02-09,11.7525,11.7525,11.7399,11.744,200,93.1
2023-02-10,12.0426,12.0426,12.0426,12.0468,1100,95.5
2023-02-13,12.0552,12.1056,12.0426,12.1098,600,96
2023-02-15,11.7904,11.866,11.7904,11.8702,330,94.1
2023-02-16,11.9795,11.9795,11.9795,11.9837,1728,95
2023-02-17,12.3578,12.4209,12.1056,12.1098,300,96
2023-02-20,12.3578,12.3578,12.3578,12.3621,430,98
2023-02-21,12.3578,12.4839,12.3578,12.4883,504,99
2023-02-22,12.5974,12.5974,12.5974,12.6018,300,99.9
2023-02-23,12.61,12.8622,12.61,12.8667,1929,102
2023-02-24,12.9883,14.1232,12.9883,14.1282,3200,112
2023-02-28,12.8118,12.8118,12.7109,12.7406,1900,101
2023-03-02,11.9795,14.0097,11.9795,14.0146,3000,111.1
2023-03-03,14.0097,14.8798,13.9971,14.0146,1430,111.1
2023-03-06,12.61,12.6731,12.61,12.627,3001,100.1
2023-03-07,12.1687,12.1687,12.1687,12.1729,517,96.5
2023-03-09,12.4839,12.4839,12.4839,12.4883,601,99
2023-03-10,12.61,12.61,12.61,12.6144,1621,100
2023-03-13,12.9883,12.9883,12.9883,12.9929,1200,103
2023-03-14,12.9883,12.9883,12.9883,12.9929,8,103
2023-03-15,12.9883,12.9883,12.9883,12.9929,1,103
2023-03-16,12.8622,12.9883,12.8622,12.9929,222,103
2023-03-17,12.9883,12.9883,12.9883,12.9929,10,103
2023-03-20,12.9883,14.1232,12.9757,13.0433,6000,103.4
2023-03-21,14.0801,14.0801,13.67,13.6757,3110,100
2023-03-22,14.4355,14.4355,13.8067,14.0859,2602,103
2023-03-23,13.67,13.8751,13.67,13.8808,203,101.5
2023-03-24,13.8751,13.8751,13.8751,13.8808,14,101.5
2023-03-27,13.0002,13.0138,13.0002,13.0192,504,95.2
2023-03-28,13.0138,13.0138,13.0138,13.0192,1,95.2
2023-03-29,13.0138,13.0138,13.0138,13.0192,400,95.2
2023-03-30,12.7951,13.6017,12.7951,13.6073,201,99.5
2023-03-31,12.9865,12.9865,12.9865,12.9919,100,95
2023-04-03,12.9182,12.9865,12.9182,12.9919,2501,95
2023-04-04,13.6017,13.6017,13.6017,13.6073,2841,99.5
2023-04-05,13.67,13.67,13.6427,13.6757,1700,100
2023-04-06,13.67,13.6837,13.67,13.6893,700,100.1
2023-04-07,13.6837,13.6837,13.6837,13.6893,9,100.1
2023-04-10,13.0002,13.0002,12.9865,13.0055,1001,95.1
2023-04-11,13.67,13.67,13.6427,13.6483,200,99.8
2023-04-12,12.7951,13.1095,12.7951,13.115,210,95.9
2023-04-13,13.6427,13.67,13.588,13.5936,708,99.4
2023-04-14,13.5606,13.5743,13.5606,13.5799,600,99.3
2023-04-17,13.67,13.67,13.67,13.6757,1215,100
2023-04-18,13.67,13.67,13.67,13.6757,201,100
2023-04-19,13.67,13.67,13.67,13.6757,1,100
2023-04-21,13.67,13.67,13.67,13.6757,2700,100
2023-04-24,13.67,13.67,13.67,13.6757,2301,100
2023-04-25,13.67,13.67,13.67,13.6757,500,100
2023-04-27,13.67,13.67,13.67,13.6757,1,100
2023-04-28,13.67,13.67,13.67,13.6757,400,100
2023-05-04,13.67,13.67,13.67,13.6757,13,100
2023-05-05,13.67,13.67,13.67,13.6757,411,100
2023-05-08,13.7384,13.7794,13.7384,13.7851,1117,100.8
2023-05-09,13.7794,13.7794,13.7657,13.7714,325,100.7
2023-05-10,13.752,13.752,13.752,13.7577,114,100.6
2023-05-11,13.9434,14.873,13.9434,14.7971,3215,108.2
2023-05-12,13.4103,13.4103,13.4103,13.4158,100,98.1
2023-05-15,14.3535,14.3535,14.3535,14.3594,103,105
2023-05-16,13.465,13.5333,13.465,13.5389,200,99
2023-05-19,13.1916,13.1916,13.1642,13.1697,200,96.3
2023-05-24,13.1642,13.1642,13.1642,13.1697,1,96.3
2023-05-29,13.67,13.67,13.67,13.6757,114,100
2023-05-30,13.67,13.67,13.67,13.6757,204,100
2023-05-31,14.0801,14.4219,14.0801,14.2364,703,104.1
2023-06-01,14.9003,15.6522,14.873,15.5902,2501,114
2023-06-02,17.1422,17.1422,16.6774,16.6843,1210,122
2023-06-05,15.1737,16.6637,15.1737,15.7954,1507,115.5
2023-06-06,16.3903,16.3903,16.3903,16.3971,1301,119.9
2023-06-07,16.6774,16.6774,16.6774,16.6843,102,122
2023-06-08,15.8435,15.8435,15.8435,15.8501,124,115.9
2023-06-09,15.7342,15.8435,15.7342,15.8501,306,115.9
2023-06-14,16.3357,17.0738,16.3357,16.7937,401,122.8
2023-06-15,15.119,16.9508,15.119,16.9578,214,124
2023-06-16,15.9939,18.0444,15.9939,18.0519,1006,132
2023-06-19,16.2536,19.8488,16.2536,19.8297,15234,145
2023-06-20,18.4545,20.505,18.4545,20.3767,1317,149
2023-06-21,19.9582,19.9582,18.3315,19.5972,10400,143.3
2023-06-22,18.0444,19.8078,17.6343,18.4348,9613,134.8
2023-06-23,18.4272,19.8215,18.4272,19.8297,2560,145
2023-06-26,19.8215,19.8215,19.5481,19.5562,307,143
2023-06-27,19.5481,19.9309,18.4818,19.9391,1650,145.8
2023-06-28,19.9582,21.8037,19.9582,20.4998,30770,149.9
2023-06-29,20.505,21.3252,20.3683,20.8417,13021,152.4
2023-06-30,20.9835,21.1885,20.6417,20.6502,12300,151
2023-07-03,20.9151,22.7059,20.9151,21.5392,24986,157.5
2023-07-04,21.5986,21.872,20.2316,20.4861,28768,149.8
2023-07-05,21.4619,21.4619,19.8215,20.1716,22600,147.5
2023-07-06,20.1769,20.2043,18.8646,19.1186,41113,139.8
2023-07-07,19.097,21.0108,19.097,20.787,44613,152
2023-07-10,22.8562,22.8562,20.9151,22.8657,85913,167.2
2023-07-11,25.1223,25.1223,25.1223,25.129,18275,73.5
2023-07-12,69.0598,69.0598,64.1025,67.9509,100780,79.5
2023-07-13,67.9487,67.9487,63.2478,66.2415,22903,77.5
2023-07-14,64.9572,64.9572,61.7093,61.7114,42000,72.2
2023-07-17,61.8803,64.1025,61.7093,62.7371,22574,73.4
2023-07-18,63.0769,63.2478,60.7692,61.5405,19710,72
2023-07-19,61.8803,62.564,61.1111,61.8823,20402,72.4
2023-07-20,61.8803,62.564,61.3675,61.3695,6359,71.8
2023-07-21,61.3675,61.5384,58.9743,58.9763,30527,69
2023-07-24,58.9743,58.9743,56.4102,58.1215,28705,68
2023-07-25,58.6324,58.8888,58.2905,58.8908,11500,68.9
2023-07-26,58.9743,58.9743,58.1196,58.1215,7640,68
2023-07-27,58.1196,58.376,57.7777,58.1215,10647,68
2023-07-28,57.8632,58.1196,57.1794,57.6087,7406,67.4
2023-07-31,56.7521,57.6923,56.7521,57.2668,3800,67
2023-08-01,58.1196,58.376,58.1196,58.1215,17436,68
2023-08-02,57.2649,57.6068,57.2649,57.4378,7775,67.2
2023-08-03,57.7777,57.8632,55.5555,56.8394,5300,66.5
2023-08-04,56.4102,56.8376,56.4102,56.583,6538,66.2
2023-08-07,56.4957,57.3504,56.4957,57.1813,6800,66.9
2023-08-08,51.5384,57.9487,51.5384,56.4121,10406,66
2023-08-09,56.4102,57.2649,56.4102,56.4976,2800,66.1
2023-08-10,57.1794,57.1794,56.5811,56.583,700,66.2
2023-08-11,56.4102,56.4102,55.9829,56.4121,6804,66
2023-08-14,56.4102,56.5811,55.1282,56.4976,12510,66.1
2023-08-15,56.4102,56.4957,54.9572,56.4121,2400,66
2023-08-16,56.4102,56.4102,55.7264,56.2411,2774,65.8
2023-08-17,55.5555,55.9829,55.5555,55.9847,7704,65.5
2023-08-18,55.1282,55.9829,54.3589,54.3607,11882,63.6
2023-08-21,54.3589,54.3589,53.5042,53.8479,3867,63
2023-08-22,55.3846,55.3846,52.9914,54.6172,5470,63.9
2023-08-23,53.8461,54.2735,53.8461,54.2753,2206,63.5
2023-08-24,53.9316,54.188,53.9316,54.0188,3131,63.2
2023-08-25,54.017,55.5555,54.017,55.3009,4956,64.7
2023-08-26,63.2,65,63.2,64.7,4956,64.7
2023-08-28,55.47,59.4017,55.47,58.5489,23623,68.5
2023-08-29,58.9743,60.6837,58.9743,59.831,8858,70
2023-08-30,59.829,59.9145,56.8376,58.1215,4633,68
2023-08-31,58.1196,58.8888,54.7008,58.8908,16219,68.9
2023-09-05,59.4871,62.9914,56.0683,59.831,19427,70
2023-09-06,59.829,60.4273,59.829,60.4293,6597,70.7
2023-09-07,60.6837,60.6837,58.9743,59.831,6302,70
2023-09-08,59.6581,59.829,58.9743,59.0617,3882,69.1
2023-09-11,58.8034,58.9743,58.376,58.378,6388,68.3
2023-09-12,58.9743,58.9743,58.2051,58.2925,4460,68.2
2023-09-13,58.2905,58.9743,57.6923,58.2925,2724,68.2
2023-09-14,58.2905,58.2905,57.3504,58.1215,3700,68
2023-09-15,57.3504,58.9743,57.3504,58.9763,1114,69
2023-09-18,58.9743,58.9743,58.1196,58.1215,3700,68
2023-09-20,58.2051,58.2051,57.2649,58.1215,3717,68
2023-09-21,58.8034,58.8034,57.6923,58.1215,3600,68
2023-09-22,55.7264,56.8376,53.6752,55.5574,77020,65
2023-09-25,55.3846,55.3846,52.8205,52.8222,30412,61.8
2023-09-26,55.1282,55.1282,51.5384,51.7965,37167,60.6
2023-09-27,51.7948,51.7948,49.5726,50.5999,37963,59.2
2023-09-28,50.5982,52.1367,50.4273,50.7709,12144,59.4
2023-09-29,53.2478,53.2478,51.282,52.7368,10341,61.7
2023-10-02,52.9914,52.9914,52.735,52.7368,3874,61.7
2023-10-03,52.735,52.735,49.4871,51.2837,43700,60
2023-10-04,51.282,51.3675,50.4273,51.2837,7100,60
2023-10-05,51.282,51.282,50.2564,50.258,13603,58.8
2023-10-06,50,50.1709,49.1453,50.0016,7507,58.5
2023-10-09,50.0854,51.282,50,51.2837,10261,60
2023-10-10,51.7094,53.4188,51.7094,52.9932,17508,62
2023-10-11,52.9914,55.5555,52.9914,53.8479,7601,63
2023-10-12,53.9316,54.7008,53.9316,54.1043,5098,63.3
2023-10-13,54.017,54.6153,53.5897,53.7624,11993,62.9
2023-10-16,54.017,54.017,53.5042,53.506,5274,62.6
2023-10-17,53.5897,53.9316,53.4188,53.5915,5252,62.7
2023-10-18,53.5897,53.8461,52.3076,52.3094,8259,61.2
2023-10-19,52.5641,53.4188,52.3076,52.7368,9345,61.7
2023-10-20,52.735,53.2478,52.4786,52.7368,5105,61.7
2023-10-23,52.5641,52.5641,51.282,52.3949,12318,61.3
2023-10-24,52.3931,52.3931,51.282,52.1384,3389,61
2023-10-25,52.1367,52.1367,49.5726,52.053,11400,60.9
2023-10-26,50.4273,51.9658,50.1709,51.7111,15998,60.5
2023-10-30,52.9059,52.9914,52.1367,52.1384,4749,61
2023-10-31,52.1367,52.9914,51.4529,51.5401,10824,60.3
2023-11-01,51.5384,52.1367,51.282,52.1384,4236,61
2023-11-02,52.2222,53.2478,52.1367,52.4803,6610,61.4
2023-11-03,52.1367,53.6752,51.282,52.6513,2893,61.6
2023-11-06,52.4786,52.6495,52.1367,52.2239,4416,61.1
2023-11-07,52.1367,52.3076,52.0512,52.053,2000,60.9
2023-11-08,52.8205,52.8205,51.7094,52.4803,5703,61.4
2023-11-09,52.4786,52.9059,52.3076,52.3949,2834,61.3
2023-11-10,52.9059,52.9059,51.8803,51.882,3224,60.7
2023-11-13,51.8803,52.4786,51.8803,52.1384,1601,61
2023-11-14,52.9059,53.8461,52.9059,52.9932,16278,62
2023-11-15,55.1282,58.2905,54.7008,54.7026,28902,64
2023-11-16,55.5555,55.5555,54.7863,55.13,2914,64.5
2023-11-17,55.5555,55.5555,54.7008,54.7026,5337,64
2023-11-20,54.2735,54.7008,54.2735,54.7026,6389,64
2023-11-21,54.7008,55.0427,54.7008,55.0445,1910,64.4
2023-11-22,55.1282,55.5555,55.1282,55.4719,9700,64.9
2023-11-23,55.5555,56.3247,55.47,55.4719,4149,64.9
2023-11-24,55.1282,55.47,54.7008,54.7026,4805,64
2023-11-27,54.8717,54.8717,54.7008,54.8736,785,64.2
2023-11-28,55.47,55.47,54.7008,54.7026,601,64
2023-11-29,54.2735,54.7008,54.2735,54.4462,6211,63.7
2023-11-30,54.4444,54.7863,54.4444,54.7026,1900,64
2023-12-01,55.1282,55.1282,55.0427,55.13,14166,64.5
2023-12-04,55.9829,55.9829,55.1282,55.2155,7221,64.6
2023-12-05,54.7863,55.1282,54.7008,55.13,1200,64.5
2023-12-06,54.8717,55.8119,54.8717,54.959,5081,64.3
2023-12-07,55.1282,55.641,54.9572,54.959,7022,64.3
2023-12-08,55.1282,55.5555,55.1282,55.2155,3328,64.6
2023-12-11,55.2136,55.5555,54.8717,54.8736,1411,64.2
2023-12-12,54.9572,55.5555,54.7008,55.5574,6642,65
2023-12-13,55.1282,55.47,55.1282,55.3864,5544,64.8
2023-12-14,55.5555,55.8974,55.3846,55.8138,6200,65.3
2023-12-15,55.8119,55.8119,55.2991,55.3009,1300,64.7
2023-12-18,55.2991,55.2991,54.7863,54.8736,6000,64.2
2023-12-19,54.8717,54.8717,54.8717,54.8736,2357,64.2
2023-12-20,55.8119,55.9829,55.0427,55.0445,11550,64.4
2023-12-21,55.0427,55.1282,54.8717,55.13,4704,64.5
2023-12-22,55.1282,55.1282,54.7863,54.8736,3220,64.2
2023-12-25,55.1282,55.1282,54.9572,55.13,1200,64.5
2023-12-26,55.8119,55.8119,55.5555,55.7283,7300,65.2
2023-12-27,55.8119,55.8119,55.5555,55.5574,5424,65
2023-12-28,55.8119,55.9829,55.8119,55.9847,4135,65.5
2023-12-29,55.9829,56.1538,55.9829,55.9847,1849,65.5
2024-01-02,56.4102,56.4102,55.9829,56.4121,3596,66
2024-01-03,56.4102,57.9487,56.4102,57.9506,10501,67.8
2024-01-04,58.547,61.7948,58.547,60.7712,34771,71.1
2024-01-05,60.9401,61.5384,60.9401,61.455,12315,71.9
2024-01-08,61.4529,61.5384,59.4017,59.4036,4945,69.5
2024-01-09,58.9743,59.4017,58.9743,59.3182,3541,69.4
2024-01-10,60.6837,60.6837,59.3162,59.3182,2801,69.4
2024-01-11,58.9743,59.4017,58.2905,58.2925,12435,68.2
2024-01-12,59.829,59.829,58.9743,58.9763,1398,69
2024-01-15,58.9743,63.1623,58.1196,63.1644,15360,73.9
2024-01-16,63.1623,63.1623,60.6837,61.0276,3691,71.4
2024-01-17,61.1111,61.8803,61.1111,61.1131,4978,71.5
2024-01-18,61.1965,61.1965,61.1965,61.1986,1201,71.6
2024-01-19,61.3675,61.9658,60.6837,60.7712,7677,71.1
2024-01-22,60.7692,61.4529,60.2564,60.2584,1812,70.5
2024-01-23,60.2564,61.1111,59.9145,60.6857,2450,71
2024-01-24,60.6837,61.282,60.6837,60.7712,2601,71.1
2024-01-25,60.7692,60.7692,60.7692,60.7712,1401,71.1
2024-01-26,60.8546,60.9401,60.8546,60.9421,2310,71.3
2024-01-29,61.0256,61.8803,60.6837,61.5405,20586,72
2024-01-30,61.5384,61.6239,60.9401,61.6259,4805,72.1
2024-01-31,61.7948,61.7948,61.3675,61.3695,8111,71.8
2024-02-01,60.6837,61.8803,60.6837,61.5405,2802,72
2024-02-02,61.6239,61.6239,61.5384,61.6259,5562,72.1
2024-02-05,61.6239,61.7093,61.6239,61.7114,7494,72.2
2024-02-06,61.5384,61.9658,61.5384,61.9678,4200,72.5
2024-02-07,63.5042,63.5042,62.1367,62.3952,4206,73
2024-02-15,62.3931,62.3931,61.5384,62.3952,5556,73
2024-02-16,61.9658,62.3931,61.9658,62.3097,3941,72.9
2024-02-19,62.3076,65.8119,61.9658,62.3097,15273,72.9
2024-02-20,62.3931,62.3931,61.282,61.284,15000,71.7
2024-02-21,61.1111,62.8205,61.1111,62.8225,3928,73.5
2024-02-22,62.735,62.8205,61.1111,61.1131,49254,71.5
2024-02-23,61.1111,61.9658,60.6837,60.6857,26915,71
2024-02-26,62.3931,62.3931,60.4273,61.5405,4425,72
2024-02-27,62.3931,62.3931,61.5384,61.6259,6331,72.1
2024-02-28,62.3931,62.8205,62.0512,62.3952,22929,73
2024-02-29,62.3931,62.8205,61.5384,61.6259,36807,72.1
2024-03-01,61.9658,61.9658,61.3675,61.5405,21900,72
2024-03-04,61.5384,62.735,61.5384,62.7371,27936,73.4
2024-03-05,62.735,63.0769,62.3076,62.908,20540,73.6
2024-03-06,62.9059,63.2478,62.4786,62.8225,8128,73.5
2024-03-07,62.8205,63.3333,62.6495,63.2499,15874,74
2024-03-08,63.2478,63.6752,63.2478,63.6773,12334,74.5
2024-03-11,63.6752,63.6752,62.6495,63.079,13559,73.8
2024-03-12,63.2478,63.2478,63.0769,63.2499,6100,74
2024-03-13,63.2478,63.6752,62.564,63.2499,8261,74
2024-03-14,63.2478,63.6752,63.2478,63.5063,16185,74.3
2024-03-15,63.5042,63.6752,63.1623,63.4209,1800,74.2
2024-03-18,63.1623,64.017,62.9914,63.1644,24460,73.9
2024-03-19,63.2478,63.2478,62.9059,62.9935,8897,73.7
2024-03-20,62.9914,62.9914,61.5384,61.9678,10430,72.5
2024-03-21,63.2965,64.6338,63.2965,63.7458,13274,71.5
2024-03-22,63.7423,63.7423,63.0291,63.0326,12958,70.7
2024-03-25,63.1182,63.4748,63.0291,63.3,3991,71
2024-03-26,63.1182,63.1182,62.6725,62.8542,2968,70.5
2024-03-27,62.8508,63.0291,62.4942,62.8542,3389,70.5
2024-03-28,63.0291,63.2074,62.7616,62.8542,7676,70.5
2024-03-29,62.8508,62.8508,62.405,62.4976,8016,70.1
2024-04-01,62.8508,63.1182,62.8508,62.8542,13834,70.5
2024-04-02,62.8508,62.8508,62.5833,62.6759,11005,70.3
2024-04-03,62.8508,62.9399,62.7616,62.7651,15179,70.4
2024-04-04,62.7616,63.0291,62.405,62.4085,2804,70
2024-04-05,62.405,62.405,60.1763,62.4085,10245,70
2024-04-08,62.405,62.405,60.622,62.3193,6301,69.9
2024-04-09,62.8508,62.8508,61.6027,61.6061,2472,69.1
2024-04-10,61.9593,61.9593,61.9593,61.9627,2300,69.5
2024-04-11,61.9593,61.9593,60.8003,61.4278,5356,68.9
2024-04-12,61.4244,61.781,61.4244,61.7844,3006,69.3
2024-04-15,61.781,61.781,60.622,61.0711,14224,68.5
2024-04-16,61.1569,61.1569,59.6414,60.6254,10761,68
2024-04-17,60.622,60.8895,60.622,60.6254,8906,68
2024-04-19,60.1763,60.1763,59.3739,60.1796,10853,67.5
2024-04-22,60.1763,60.2654,60.1763,60.1796,1335,67.5
2024-04-23,60.622,60.622,59.7305,59.823,11100,67.1
2024-04-24,58.6607,60.5329,58.6607,60.0904,2604,67.4
2024-04-25,60.0871,60.0871,59.2848,59.288,8478,66.5
2024-04-26,59.3739,60.622,58.839,58.9314,5856,66.1
2024-05-02,59.2848,59.3739,59.1065,59.1989,11221,66.4
2024-05-03,59.1956,59.1956,57.5909,57.9507,34013,65
2024-05-06,58.0367,58.0367,57.056,57.0592,46837,64
2024-05-07,57.056,57.056,53.4009,53.4038,193044,59.9
2024-05-08,53.49,53.5792,53.4009,53.493,48603,60
2024-05-09,53.9358,55.5405,53.49,55.0978,27067,61.8
2024-05-10,55.273,55.273,54.3815,54.7411,31235,61.4
2024-05-13,54.5598,54.9164,54.1141,54.9195,12351,61.6
2024-05-14,55.0947,55.0947,54.3815,54.8303,14912,61.5
2024-05-15,54.649,55.0056,54.649,54.7411,6327,61.4
2024-05-16,55.0947,55.1839,54.8273,55.0978,7875,61.8
2024-05-17,55.0947,55.273,54.8273,55.2761,4940,62
2024-05-20,55.273,55.273,54.9164,55.1869,6105,61.9
2024-05-21,55.273,55.273,55.0056,55.0086,15513,61.7
2024-05-22,55.0056,55.7188,54.9164,55.7218,18319,62.5
2024-05-23,55.7188,55.7188,55.273,55.6327,10805,62.4
2024-05-24,55.6296,55.6296,54.3815,54.3845,22639,61
2024-05-27,55.0056,55.0056,54.2924,54.2954,12671,60.9
2024-05-28,54.3815,55.0947,54.2924,54.3845,7903,61
2024-05-29,55.273,55.273,54.3815,54.3845,7300,61
2024-05-30,54.3815,54.8273,54.1141,54.8303,5110,61.5
2024-05-31,54.8273,55.0056,54.8273,54.9195,10505,61.6
2024-06-03,54.9164,55.1839,54.649,54.7411,9101,61.4
2024-06-04,54.7381,55.0056,54.7381,55.0086,4924,61.7
2024-06-05,55.0947,55.273,55.0056,55.2761,20380,62
2024-06-06,55.273,57.056,55.1839,56.5242,10739,63.4
2024-06-07,56.6103,58.3933,56.6103,57.9507,26719,65
2024-06-10,58.3933,58.7499,57.9475,57.9507,18020,65
2024-06-11,57.9475,58.3933,57.1452,57.1483,5667,64.1
2024-06-12,57.1452,57.9475,57.1452,57.4158,8013,64.4
2024-06-13,57.4126,57.9475,56.8777,56.8809,8254,63.8
2024-06-14,56.8777,57.7692,56.1645,56.1676,4825,63
2024-06-17,56.1645,56.6103,54.3815,56.6134,9810,63.5
2024-06-18,57.9475,57.9475,56.1645,56.6134,11643,63.5
2024-06-19,56.6994,56.6994,56.1645,56.1676,10950,63
2024-06-20,56.1645,56.1645,55.273,55.5435,5564,62.3
2024-06-21,56.7886,56.7886,55.5405,56.1676,3900,63
2024-06-24,56.1645,56.3428,55.8079,56.1676,16501,63
2024-06-25,56.6103,56.6103,55.7188,55.7218,5272,62.5
2024-06-26,56.1645,56.1645,55.9862,56.1676,2201,63
2024-06-27,57.4126,57.4126,55.8079,55.811,2940,62.6
2024-06-28,55.8079,55.9862,55.7188,55.9893,2663,62.8
2024-07-01,55.9862,55.9862,55.5405,55.5435,1600,62.3
2024-07-02,55.3622,56.0754,55.3622,56.0785,1510,62.9
2024-07-03,56.0754,56.1645,54.5598,56.1676,5170,63
2024-07-04,56.5211,56.5211,55.8079,56.4351,5696,63.3
2024-07-05,56.432,56.6103,55.7188,55.9893,16245,62.8
2024-07-08,55.9862,56.6103,55.9862,56.2568,4504,63.1
2024-07-09,56.2537,56.5211,56.1645,56.1676,5191,63
2024-07-10,56.1645,56.1645,55.9862,56.1676,12839,63
2024-07-11,56.1645,56.3428,56.1645,56.2568,4051,63.1
2024-07-12,56.2537,56.432,55.7188,56.3459,7411,63.2
2024-07-15,56.5211,61.5135,56.5211,61.3386,45003,68.8
2024-07-16,61.0678,66.1493,59.3739,64.9048,67481,72.8
2024-07-17,64.9012,65.5253,59.6414,60.0013,27260,67.3
2024-07-18,59.998,60.622,56.1645,57.6833,20401,64.7
2024-07-19,56.2537,59.7305,56.2537,57.9507,4409,65
2024-07-22,57.9475,57.9475,54.8273,55.0086,41710,61.7
2024-07-23,56.432,59.7305,55.5405,56.6134,8705,63.5
2024-07-24,56.6103,56.6994,55.3622,56.7026,6666,63.6
2024-07-25,56.6994,56.6994,55.8971,56.6134,8526,63.5
2024-07-26,56.6103,57.2343,56.1645,57.2375,6600,64.2
2024-07-29,61.5135,61.5135,57.056,57.1483,2012,64.1
2024-07-30,57.1452,57.1452,56.6103,56.6134,3206,63.5
2024-07-31,56.6994,57.9475,56.432,56.4351,3147,63.3
2024-08-01,57.6801,57.6801,55.7188,55.7218,5219,62.5
2024-08-02,55.6296,57.5018,55.273,57.2375,5905,64.2
2024-08-05,57.2343,57.2343,55.6296,55.811,10800,62.6
2024-08-06,55.7188,56.0754,55.273,56.0785,9800,62.9
2024-08-07,55.7188,56.1645,55.7188,56.1676,1130,63
2024-08-08,56.1645,56.1645,55.0947,55.811,8455,62.6
2024-08-09,57.4126,57.4126,57.056,57.3266,4448,64.3
2024-08-12,55.8079,56.432,55.7188,56.4351,9570,63.3
2024-08-13,57.056,57.056,55.9862,55.9893,2123,62.8
2024-08-14,55.9862,56.8777,55.9862,55.9893,6401,62.8
2024-08-15,55.9862,56.1645,55.9862,56.1676,5400,63
2024-08-16,56.1645,56.1645,55.9862,56.1676,5926,63
2024-08-19,56.1645,57.6801,55.9862,57.0592,6792,64
2024-08-20,57.056,57.056,56.6103,56.6134,2251,63.5
2024-08-21,56.6103,56.6103,56.1645,56.2568,3401,63.1
2024-08-22,57.3235,57.5018,56.0754,56.6134,5600,63.5
2024-08-23,56.5211,56.5211,56.1645,56.2568,3417,63.1
2024-08-26,56.1645,56.8777,56.1645,56.5242,9300,63.4
2024-08-27,56.5211,56.6994,56.1645,56.7026,4702,63.6
2024-08-28,57.056,57.056,56.1645,56.4351,6363,63.3
2024-08-29,56.5211,56.8777,56.5211,56.8809,905,63.8
2024-08-30,56.3428,57.8584,56.3428,57.2375,5914,64.2
2024-09-04,57.2343,57.2343,56.9669,56.97,10490,63.9
2024-09-05,57.056,57.056,56.432,56.5242,7302,63.4
2024-09-06,56.5211,56.9669,56.5211,56.97,3436,63.9
2024-09-09,56.9669,57.8584,56.1645,57.0592,22675,64
2024-09-10,56.3428,57.056,56.3428,56.97,1449,63.9
2024-09-11,56.6994,56.6994,56.2537,56.5242,5300,63.4
2024-09-12,57.056,57.056,56.5211,56.5242,3215,63.4
2024-09-13,56.5211,57.056,56.2537,56.7026,6516,63.6
2024-09-16,56.6994,56.8777,56.6103,56.7026,5700,63.6
2024-09-17,56.6994,57.056,56.2537,57.0592,8400,64
2024-09-18,57.056,57.2343,56.6103,57.0592,4300,64
2024-09-19,57.056,57.056,56.5211,56.6134,7900,63.5
2024-09-20,57.056,57.056,56.432,56.4351,20801,63.3
2024-09-23,56.1645,56.2537,55.7188,55.811,68044,62.6
2024-09-24,55.9862,56.1645,55.9862,56.0785,6590,62.9
2024-09-25,56.1645,56.1645,55.9862,56.1676,22933,63
2024-09-26,56.1645,56.1645,55.7188,55.9893,19425,62.8
2024-09-27,55.9862,55.9862,55.1839,55.2761,61003,62
2024-09-30,55.273,56.6103,55.273,55.3652,20722,62.1
2024-10-01,55.3622,55.4513,55.1839,55.4544,32246,62.2
2024-10-02,55.4513,55.4513,54.9164,55.2761,44093,62
2024-10-03,55.273,55.3622,55.0947,55.1869,11476,61.9
2024-10-04,55.273,55.273,55.0947,55.1869,3500,61.9
2024-10-07,55.1839,56.1645,54.8273,55.9002,18353,62.7
2024-10-08,55.8971,55.8971,54.8273,55.2761,24700,62
2024-10-09,55.273,55.273,54.8273,54.8303,8653,61.5
2024-10-10,54.8273,54.8273,53.9358,54.5628,49801,61.2
2024-10-11,54.3815,54.3815,53.4009,53.493,61600,60
2024-10-14,53.49,53.9358,53.4009,53.493,25100,60
2024-10-15,53.5792,53.6683,53.4009,53.493,9619,60
2024-10-16,53.49,53.9358,53.3117,53.4038,5952,59.9
2024-10-17,53.4009,53.49,53.3117,53.4038,15700,59.9
2024-10-18,53.4009,53.5792,53.3117,53.3147,11469,59.8
2024-10-21,53.3117,53.49,53.2226,53.2255,24114,59.7
2024-10-22,53.2226,53.4009,52.9551,53.4038,18300,59.9
2024-10-23,53.4009,53.4009,52.9551,53.1364,7710,59.6
2024-10-24,53.1334,53.6683,52.9551,53.2255,19200,59.7
2024-10-25,53.2226,53.49,53.0443,53.3147,9800,59.8
2024-10-28,53.6683,55.273,53.3117,53.493,21340,60
2024-10-29,54.2924,54.2924,53.49,53.5821,6614,60.1
2024-10-30,53.5792,53.5792,53.49,53.493,10400,60
2024-10-31,53.49,53.49,53.3117,53.3147,5940,59.8
2024-11-01,53.49,53.49,53.0443,53.3147,7200,59.8
2024-11-04,52.866,53.2226,51.707,51.7099,20648,58
2024-11-05,51.8853,53.2226,51.707,53.2255,18531,59.7
2024-11-06,53.1334,53.2226,52.5094,53.2255,6977,59.7
2024-11-07,52.866,53.3117,52.6877,52.6906,4931,59.1
2024-11-08,52.6877,52.6877,51.707,51.7099,19390,58
2024-11-11,51.707,52.5985,51.2613,51.7099,8252,58
2024-11-12,51.8853,51.8853,51.5287,51.7099,11380,58
2024-11-13,52.1528,52.1528,51.5287,51.7099,6202,58
2024-11-14,51.707,51.707,51.5287,51.7099,5901,58
2024-11-15,51.707,56.6103,51.707,51.7099,45117,58
2024-11-18,51.6179,51.707,51.4396,51.7099,5803,58
2024-11-19,51.7962,52.3311,51.4396,51.6207,23310,57.9
2024-11-20,51.707,51.707,51.3504,51.7099,14002,58
2024-11-21,51.707,51.707,51.4396,51.7099,5201,58
2024-11-22,51.707,51.707,51.6179,51.6207,4720,57.9
2024-11-25,51.707,51.707,51.4396,51.4424,3960,57.7
2024-11-26,51.707,51.7962,51.3504,51.5316,9268,57.8
2024-11-27,52.1528,52.1528,51.2613,51.3533,3864,57.6
2024-11-28,51.5287,53.49,51.3504,51.5316,25214,57.8
2024-11-29,51.6179,51.707,51.4396,51.5316,6805,57.8
2024-12-02,51.8853,51.8853,51.4396,51.4424,28000,57.7
2024-12-03,51.707,51.7962,51.5287,51.7099,11612,58
2024-12-04,51.7962,55.273,51.707,53.493,42319,60
2024-12-05,54.3815,54.3815,51.707,52.5123,44425,58.9
2024-12-06,52.5985,52.5985,52.1528,52.5123,5010,58.9
2024-12-09,52.5985,52.866,51.5287,51.5316,50803,57.8
2024-12-10,51.707,53.1334,51.707,51.7099,22732,58
2024-12-11,52.3311,52.3311,51.707,51.7099,25244,58
2024-12-12,51.707,52.4202,51.707,51.7099,26122,58
2024-12-13,51.707,51.707,51.5287,51.6207,15852,57.9
2024-12-16,51.707,52.2419,51.6179,51.6207,22834,57.9
2024-12-17,51.707,51.7962,51.5287,51.7099,17784,58
2024-12-18,51.707,51.7962,51.707,51.7099,11773,58
2024-12-19,51.707,51.7962,51.707,51.7099,10649,58
2024-12-20,51.707,52.0636,51.6179,51.7099,8004,58
2024-12-23,51.8853,52.0636,51.5287,51.6207,17550,57.9
2024-12-24,51.6179,52.2419,51.5287,51.5316,21853,57.8
2024-12-25,51.6179,51.7962,51.5287,51.7099,32304,58
2024-12-26,51.7962,51.7962,51.6179,51.7099,8625,58
2024-12-27,51.707,52.5094,51.4396,51.5316,25415,57.8
2024-12-30,51.5287,51.707,51.4396,51.4424,22263,57.7
2024-12-31,51.5287,51.9745,51.5287,51.9773,8897,58.3
2025-01-02,52.0636,56.5211,51.4396,51.5316,24569,57.8
2025-01-03,51.5287,51.9745,51.3504,51.6207,15102,57.9
2025-01-06,51.6179,51.6179,51.2613,51.3533,10502,57.6
2025-01-07,51.3504,51.3504,50.7264,50.7292,13415,56.9
2025-01-08,50.8155,51.2613,50.6372,50.8183,2113,57
2025-01-09,50.8155,50.9047,50.7264,50.7292,5224,56.9
2025-01-10,50.7264,50.7264,50.6372,50.7292,1048,56.9
2025-01-13,50.7264,50.8155,50.2806,50.3725,11457,56.5
2025-01-14,50.5481,50.6372,50.3698,50.3725,8717,56.5
2025-01-15,50.3698,50.8155,50.3698,50.4617,7200,56.6
2025-01-16,51.6179,51.6179,50.3698,50.5509,8657,56.7
2025-01-17,51.1721,51.1721,50.6372,50.64,410,56.8
2025-01-20,50.8155,50.8155,50.3698,50.3725,9324,56.5
2025-01-21,50.3698,50.7264,50.1915,50.1942,15900,56.3
2025-01-22,50.4589,50.6372,50.1023,50.1942,10879,56.3
2025-01-23,50.6372,51.6179,49.924,51.2641,35500,57.5
2025-01-24,51.2613,51.2613,50.7264,51.2641,4504,57.5
2025-02-04,51.2613,51.2613,50.9938,51.0858,11103,57.3
2025-02-05,51.1721,51.6179,51.083,51.4424,11051,57.7
2025-02-06,51.6179,52.0636,51.4396,51.4424,14238,57.7
2025-02-07,51.7962,52.9551,51.7962,52.334,28940,58.7
2025-02-10,52.866,53.9358,52.6877,53.493,33910,60
2025-02-11,53.8466,56.6103,53.2226,54.8303,37109,61.5
2025-02-12,55.273,55.5405,54.3815,54.8303,23536,61.5
2025-02-13,54.8273,55.273,53.7575,54.7411,21307,61.4
2025-02-14,54.7381,54.8273,54.7381,54.7411,21222,61.4
2025-02-17,54.7381,54.7381,53.1334,54.3845,13954,61
2025-02-18,54.3815,54.3815,53.3117,53.9387,7523,60.5
2025-02-19,53.9358,53.9358,53.0443,53.2255,26115,59.7
2025-02-20,53.2226,53.5792,53.2226,53.5821,6206,60.1
2025-02-21,53.49,53.49,53.4009,53.4038,7000,59.9
2025-02-24,53.4009,54.0249,53.4009,54.0279,22656,60.6
2025-02-25,54.0249,54.0249,53.7575,53.8496,11709,60.4
2025-02-26,53.9358,54.2032,53.8466,53.8496,11257,60.4
2025-02-27,53.9358,53.9358,53.6683,53.9387,21217,60.5
2025-02-28,53.9358,54.3815,53.9358,54.2954,6334,60.9
2025-03-03,54.2924,54.3815,53.9358,53.9387,8536,60.5
2025-03-04,54.649,55.0947,54.3815,54.5628,20782,61.2
2025-03-05,54.5598,54.8273,54.0249,54.5628,9067,61.2
2025-03-06,55.0056,55.6296,54.9164,55.0978,36569,61.8
2025-03-07,55.1839,55.4513,55.0056,55.4544,29139,62.2
2025-03-10,55.5405,56.0754,55.273,55.9002,31343,62.7
2025-03-11,55.8079,55.9862,55.4513,55.811,27893,62.6
2025-03-12,55.8971,55.9862,55.4513,55.7218,21095,62.5
2025-03-13,55.5405,55.7188,55.1839,55.2761,21438,62
2025-03-14,55.1839,55.7188,55.1839,55.4544,38445,62.2
2025-03-18,55.5405,56.6103,55.5405,55.9893,60021,62.8
2025-03-19,55.8079,55.9862,55.273,55.5435,29421,62.3
2025-03-20,55.5405,55.9862,55.273,55.2761,32665,62
2025-03-21,55.2594,57.1326,54.3228,54.6038,40189,58.3
2025-03-24,54.6038,54.6974,54.0418,54.3228,27551,58
2025-03-25,54.317,54.6916,54.2234,54.6974,22453,58.4
2025-03-26,54.6916,54.9726,54.598,54.9784,30300,58.7
2025-03-27,54.9784,55.5404,54.9784,55.0721,24617,58.8
2025-03-28,55.2535,55.2535,54.6916,54.9784,14366,58.7
2025-03-31,54.9784,54.9784,54.6974,54.7911,9255,58.5
2025-04-01,54.7853,55.2535,54.6916,54.9784,16766,58.7
2025-04-02,54.9726,55.4408,54.8789,55.4467,17125,59.2
2025-04-03,55.2594,55.2594,52.2623,52.5433,57307,56.1
2025-04-04,52.5377,53.0996,51.5075,53.1052,31318,56.7
2025-04-08,52.8242,52.9179,49.9208,50.1081,32092,53.5
2025-04-09,48.7032,50.2018,45.8934,49.6398,29996,53
2025-04-10,50.1081,54.6038,50.1081,54.6038,38926,58.3
2025-04-11,55.2594,55.2594,52.9179,53.3862,12754,57
2025-04-14,53.3805,53.3805,52.5377,52.8242,12134,56.4
2025-04-15,52.8242,52.8242,51.4193,51.513,30199,55
2025-04-16,51.513,51.513,48.7032,50.5764,56244,54
2025-04-17,49.2652,51.7003,48.8905,51.3257,14600,54.8
2025-04-18,51.513,52.6369,50.951,51.3257,6635,54.8
2025-04-21,51.513,51.513,50.2018,50.5764,6517,54
2025-04-22,50.571,51.1329,49.4472,49.5461,23580,52.9
2025-04-23,50.5764,51.1384,49.9208,49.9208,2677,53.3
2025-04-24,49.9208,50.5764,49.9208,50.5764,8028,54
2025-04-25,50.5764,50.6701,50.3891,50.6701,7332,54.1
2025-04-28,50.6701,51.1384,49.1715,50.8574,9700,54.3
2025-04-29,50.8574,51.0447,50.6701,50.6701,2000,54.1
2025-05-05,50.6701,0,50.2954,50.8574,6100,54.3
2025-05-06,50.6701,50.8574,50.2954,50.8574,7500,54.3
2025-05-07,50.571,50.852,49.8218,49.8271,6400,53.2
2025-05-08,50.5764,50.5764,49.8271,50.3891,2600,53.8
2025-05-09,50.3837,50.4774,50.1028,50.4827,7600,53.9
2025-05-12,50.4827,50.7637,50.3891,50.6701,6700,54.1
2025-05-13,50.7583,50.7583,50.6647,50.7637,5800,54.2
2025-05-14,50.7583,50.9456,50.4774,50.4827,13300,53.9
2025-05-15,50.8574,51.1384,50.8574,50.8574,10300,54.3
2025-05-16,50.8574,50.8574,50.5764,50.6701,5900,54.1
2025-05-19,50.8574,50.951,50.6701,50.6701,5400,54.1
2025-05-20,50.5764,50.6701,50.4827,50.5764,10400,54
2025-05-21,50.5764,50.6701,50.4827,50.5764,9100,54
2025-05-22,50.4774,50.571,50.1964,50.4827,14900,53.9
2025-05-23,50.3837,50.6647,50.0091,50.4827,23500,53.9
2025-05-26,50.1081,50.6701,50.1081,50.5764,3200,54
2025-05-27,50.5764,51.0447,50.5764,50.6701,14300,54.1
2025-05-28,50.6647,51.0393,50.2901,50.2954,11200,53.7
2025-05-29,50.2954,50.6701,50.2018,50.6701,6900,54.1
2025-05-30,50.3891,50.4827,50.2018,50.2018,8900,53.6
2025-06-02,50.2018,50.3891,50.1081,50.2018,9100,53.6
2025-06-03,50.2018,50.2954,50.1081,50.1081,2800,53.5
2025-06-04,50.2901,50.2901,50.0091,50.2954,5800,53.7
2025-06-05,50.2954,50.2954,50.1081,50.2018,4100,53.6
2025-06-06,50.2018,50.2018,50.0144,50.2018,3200,53.6
2025-06-09,50.2018,50.3891,50.2018,50.2018,2100,53.6
2025-06-10,50.4774,50.4774,50.2901,50.2954,2500,53.7
2025-06-11,50.0091,50.1028,49.9155,50.0144,5300,53.4
2025-06-12,50.0091,50.3837,49.7282,50.0144,6800,53.4
2025-06-13,50.0144,50.0144,49.1715,49.4525,13500,52.8
2025-06-16,48.7969,49.2652,48.7032,49.1715,7500,52.5
2025-06-17,49.2652,50.2018,49.2652,49.4525,5500,52.8
2025-06-18,49.3588,49.6398,48.9842,49.6398,3800,53
2025-06-19,49.9155,49.9155,49.6345,49.8271,2300,53.2
2025-06-20,49.8218,49.9155,49.8218,49.8271,4300,53.2
2025-06-23,49.8271,49.9208,49.6398,49.6398,10000,53
2025-06-24,49.6345,49.8218,49.5409,49.5461,2500,52.9
2025-06-25,49.5461,49.7335,49.5461,49.7335,1000,53.1
2025-06-26,49.4525,49.4525,49.3588,49.4525,1000,52.8
2025-06-27,49.2599,49.3536,49.2599,49.3588,2100,52.7
2025-06-30,50.4827,51.0447,49.9208,49.9208,6300,53.3
2025-07-01,49.9155,50.0091,49.9155,50.0144,8400,53.4
2025-07-02,50.1081,50.1081,49.7335,49.9208,2700,53.3
2025-07-03,50.1964,50.1964,50.0091,50.0144,3600,53.4
2025-07-04,50.0091,50.1028,50.0091,50.0144,1400,53.4
2025-07-07,50.0091,50.0091,49.6345,49.8271,15100,53.2
2025-07-08,49.8271,49.8271,49.5461,49.6398,16700,53
2025-07-09,44.6711,49.6345,44.6711,49.5461,17800,52.9
2025-07-10,49.4472,50.0091,49.4472,50.0144,10900,53.4
2025-07-11,50.1081,50.2018,49.8271,49.9208,8500,53.3
2025-07-14,49.9208,50.1081,49.5461,49.6398,16600,53
2025-07-15,49.5409,49.6345,49.5409,49.5461,14500,52.9
2025-07-16,49.5461,49.8271,49.4525,49.4525,17900,52.8
2025-07-17,49.6398,49.6398,49.4525,49.6398,10000,53
2025-07-18,49.6398,49.6398,49.4525,49.6398,7400,53
2025-07-21,49.6345,49.6345,49.3536,49.5461,6300,52.9
2025-07-22,49.4525,49.6398,49.4525,49.4525,7600,52.8
2025-07-23,49.4472,49.5409,49.4472,49.5461,9600,52.9
2025-07-24,49.5409,49.6345,49.4472,49.5461,12900,52.9
2025-07-25,49.4525,49.6398,49.4525,49.6398,10200,53
2025-07-28,49.9208,49.9208,49.4525,49.6398,24400,53
2025-07-29,49.6398,49.6398,49.2652,49.2652,20500,52.6
2025-07-30,49.3536,49.4472,48.698,49.3588,10700,52.7
2025-07-31,48.8905,49.3588,48.7032,49.1715,7500,52.5
2025-08-01,49.1715,49.3588,49.1715,49.1715,1500,52.5
2025-08-04,49.1663,49.3536,49.1663,49.3588,5500,52.7
2025-08-05,49.1663,49.1663,48.7917,48.8905,22200,52.2
2025-08-06,48.979,48.979,48.698,48.8905,9600,52.2
2025-08-07,48.8905,49.6398,48.8905,48.9842,15600,52.3
2025-08-08,48.979,49.0726,48.7917,49.0778,11700,52.4
2025-08-11,49.0778,49.0778,48.8905,48.9842,12400,52.3
2025-08-12,48.9842,49.0778,48.8905,48.9842,24500,52.3
2025-08-13,48.979,48.979,48.7917,48.8905,11300,52.2
2025-08-14,48.8853,48.979,48.698,48.8905,21700,52.2
2025-08-15,48.8905,48.9842,48.6095,48.7032,18000,52
2025-08-18,48.9842,49.3588,47.9539,49.1715,41200,52.5
2025-08-19,48.9842,49.0778,48.6095,48.7032,14700,52
2025-08-20,48.698,48.698,48.2298,48.4222,9200,51.7
2025-08-21,48.0476,53.0116,48.0476,49.6398,122500,53
2025-08-22,50.2018,50.2018,48.7969,48.7969,2300,52.1
2025-08-25,48.7917,49.8218,48.7917,49.0778,20300,52.4
2025-08-26,49.0778,49.0778,48.7032,48.9842,5800,52.3
2025-08-27,48.9842,49.0778,48.7032,48.9842,5800,52.3
2025-08-28,49.1663,49.1663,48.698,49.0778,11000,52.4
2025-08-29,48.8853,49.0726,48.8853,49.0778,3600,52.4
2025-09-03,47.8603,49.0778,46.9237,48.7969,4700,52.1
2025-09-04,48.7969,48.7969,48.6095,48.7969,7000,52.1
2025-09-05,48.7969,48.7969,48.7032,48.7032,5200,52
2025-09-08,48.698,49.4472,48.5107,49.3588,24800,52.7
2025-09-09,48.7917,49.3536,48.698,48.8905,5500,52.2
2025-09-10,48.9842,49.0778,48.9842,48.9842,19200,52.3
2025-09-11,49.5461,49.7335,49.1715,49.6398,15900,53
2025-09-12,50.0144,50.1081,49.5461,50.1081,27200,53.5
2025-09-15,50.5764,51.513,50.5764,51.0447,27600,54.5
2025-09-16,51.0393,51.1329,50.3837,50.7637,8700,54.2
2025-09-17,50.951,50.951,50.5764,50.5764,2600,54
2025-09-18,50.2954,50.3891,50.1081,50.3891,12200,53.8
2025-09-19,50.3891,50.5764,50.1081,50.2018,4400,53.6
2025-09-22,50.2954,50.4827,50.2018,50.2018,20400,53.6
2025-09-23,50.1964,50.571,50.1964,50.2954,9400,53.7
2025-09-24,50.2954,50.7637,50.2954,50.5764,7400,54
2025-09-25,50.852,50.852,50.2901,50.2954,11900,53.7
2025-09-26,50.6647,50.6647,50.2901,50.2954,9300,53.7
2025-09-29,50.3837,50.571,50.2901,50.2954,56000,53.7
2025-09-30,50.6701,50.6701,50.1081,50.1081,9000,53.5
2025-10-01,50.1081,50.5764,50.1081,50.5764,5400,54
2025-10-02,50.5764,50.5764,50.1081,50.1081,9200,53.5
2025-10-03,49.7282,49.7282,49.4472,49.5461,4200,52.9
2025-10-06,49.5409,49.9155,49.5409,49.8271,13000,53.2
2025-10-07,49.8271,49.8271,49.5461,49.6398,4400,53
2025-10-08,49.4525,50.0144,48.7032,49.6398,22500,53
2025-10-09,47.8603,50.5764,44.9568,49.6398,213800,53
2025-10-10,50.571,50.571,49.8218,49.8271,15000,53.2
2025-10-13,49.7282,49.8218,46.825,49.5461,15500,52.9
2025-10-14,49.5409,49.5409,49.1663,49.3588,15400,52.7
2025-10-15,49.3536,49.3536,49.1663,49.3588,14200,52.7
2025-10-16,49.3536,49.3536,48.698,49.3588,11000,52.7
2025-10-17,48.7917,49.3536,48.698,48.8905,5700,52.2
2025-10-20,49.2599,49.2599,48.0425,48.8905,5000,52.2
2025-10-21,48.979,48.979,47.5742,48.6095,29900,51.9
2025-10-22,50.1028,50.1028,44.0155,48.6095,12900,51.9
2025-10-23,48.6095,49.1715,48.5159,48.9842,8700,52.3
2025-10-24,48.7032,48.9842,48.0476,48.7032,6200,52
2025-10-27,48.698,48.698,48.0425,48.6095,4700,51.9
2025-10-28,48.4171,48.6044,47.6679,48.4222,6900,51.7
2025-10-29,48.2298,48.5107,47.7615,48.4222,4600,51.7
2025-10-30,48.4222,48.4222,47.7666,48.3286,9200,51.6
2025-10-31,48.0476,48.3286,47.8603,48.3286,9200,51.6
2025-11-03,48.2349,48.6095,47.7666,47.7666,2400,51
2025-11-04,47.8603,47.8603,47.5793,47.7666,6000,51
2025-11-05,48.7032,48.7032,47.392,47.5793,13400,50.8
2025-11-06,48.698,50.1028,47.5742,47.6729,4200,50.9
2025-11-07,50.1081,50.1081,46.83,46.83,37200,50
2025-11-10,47.2046,47.2046,46.83,46.83,12200,50
2025-11-11,46.83,46.9237,46.4554,46.83,6100,50
2025-11-12,46.83,46.83,46.549,46.6427,7800,49.8
2025-11-13,47.2046,50.5764,47.2046,48.5159,217900,51.8
2025-11-14,48.7032,48.7032,48.5159,48.5159,5200,51.8
2025-11-17,49.4525,49.4525,47.7666,47.7666,3900,51
2025-11-18,47.7666,48.7032,47.7666,48.5159,5700,51.8
2025-11-19,48.3286,48.5159,48.3286,48.5159,600,51.8
2025-11-20,47.7615,48.8853,47.7615,48.8905,6600,52.2
2025-11-21,48.8905,48.8905,47.8603,48.7032,600,52
2025-11-24,47.7666,48.7032,47.7666,48.7032,5000,52
2025-11-25,48.7032,48.7032,48.2349,48.2349,2100,51.5
2025-11-26,48.7032,48.7032,48.2349,48.2349,12600,51.5
2025-11-28,48.4222,48.4222,48.0476,48.2349,5700,51.5
2025-12-01,48.2349,48.2349,48.2349,48.2349,1200,51.5
2025-12-02,48.1412,48.1412,48.0476,48.0476,1000,51.3
2025-12-03,48.0476,48.0476,47.9539,48.0476,3100,51.3
2025-12-04,48.0425,48.1361,48.0425,48.1412,1000,51.4
2025-12-05,48.3286,48.3286,48.0476,48.0476,6700,51.3
2025-12-08,48.0476,48.6095,48.0476,48.3286,700,51.6
2025-12-09,48.3286,48.3286,47.9539,48.2349,12300,51.5
2025-12-10,48.2349,48.3286,47.7666,48.3286,4200,51.6
2025-12-11,47.9539,48.0476,47.9539,48.0476,300,51.3
2025-12-12,48.0476,48.0476,47.7666,47.7666,4300,51
2025-12-15,47.7666,48.2349,47.7666,47.8603,2500,51.1
2025-12-16,48.2349,48.2349,47.7666,48.0476,3100,51.3
2025-12-17,48.0425,48.0425,47.9488,47.9539,2900,51.2
2025-12-18,47.9488,48.1361,47.6679,48.1412,18200,51.4
2025-12-19,48.1361,48.2298,44.4838,48.1412,104400,51.4
2025-12-22,48.2298,48.2298,47.9488,47.9539,4000,51.2
2025-12-23,47.9539,48.3286,47.9539,48.2349,13100,51.5
2025-12-24,48.2349,48.5159,48.0476,48.5159,5700,51.8
2025-12-25,48.6095,48.7969,48.5159,48.7969,21100,52.1
2025-12-26,48.2349,48.7032,48.2349,48.7032,6600,52
2025-12-29,48.5107,48.5107,48.4171,48.4222,2800,51.7
2025-12-30,48.5107,48.6044,48.5107,48.6095,1800,51.9
2025-12-31,48.7032,49.6398,48.7032,49.4525,13700,52.8
2026-01-05,48.9842,49.6398,48.7032,49.6398,17600,53
2026-01-06,49.7335,49.7335,49.6398,49.6398,500,53
2026-01-07,48.7969,49.7335,48.7969,49.7335,9500,53.1
2026-01-08,49.7282,50.1028,49.6345,49.8271,16600,53.2
2026-01-09,49.2652,49.7335,49.2652,49.7335,1400,53.1
2026-01-12,49.6398,49.9208,49.1715,49.9208,7100,53.3
2026-01-13,49.9208,50.2018,49.6398,50.1081,9100,53.5
2026-01-14,50.1081,51.0447,50.1081,51.0447,28000,54.5
2026-01-15,51.1384,51.513,50.6701,51.0447,5600,54.5
2026-01-16,51.4193,51.4193,51.0447,51.0447,8400,54.5
2026-01-19,50.7583,51.2266,50.7583,51.232,13000,54.7
2026-01-20,51.2266,51.6948,51.2266,51.7003,20600,55.2
2026-01-21,51.9813,56.196,51.9813,55.0721,48900,58.8
2026-01-22,54.6038,56.5706,54.5101,55.2594,28600,59
2026-01-23,55.2535,59.936,55.2535,59.1931,100700,63.2
2026-01-26,58.9121,58.9121,55.2594,56.196,36500,60
2026-01-27,56.196,57.1326,55.4467,57.1326,48400,61
2026-01-28,57.1326,57.1326,56.1023,56.9453,12400,60.8
2026-01-29,56.9392,57.0329,56.19,56.8516,11900,60.7
2026-01-30,56.2897,57.0389,56.196,56.9453,24500,60.8
2026-02-02,56.9392,57.0329,56.19,57.0389,15500,60.9
2026-02-03,57.1326,58.5375,57.1326,58.3502,27400,62.3
2026-02-04,58.344,58.344,57.8757,58.2565,21900,62.2
2026-02-05,58.4376,58.5313,57.2202,58.4438,25600,62.4
2026-02-06,58.4438,59.2868,57.2263,59.2868,43800,63.3
2026-02-09,59.2805,59.4678,58.6249,59.3804,31400,63.4
2026-02-10,59.3741,59.3741,58.7186,59.3804,26800,63.4
2026-02-11,59.3741,60.1233,58.9995,59.3804,85500,63.4
2026-02-12,59.3804,59.3804,58.5375,59.2868,32400,63.3
2026-02-13,59.2868,59.2868,58.8185,58.8185,14200,62.8
2026-02-23,58.8185,59.6614,58.8185,59.0995,48000,63.1
2026-02-24,59.0058,59.0058,58.3502,59.0058,25400,63
2026-02-25,58.3502,59.0058,58.2565,58.8185,15900,62.8
2026-02-26,58.6312,58.9121,58.5375,58.8185,9700,62.8
2026-02-27,58.6249,59.7487,58.5313,58.9121,23000,62.9
2026-03-02,58.0692,58.4438,55.7277,58.0692,19400,62
2026-03-03,58.0692,58.3502,57.6009,58.1629,17000,62.1
2026-03-04,58.1629,58.3502,57.4136,58.3502,19000,62.3
2026-03-05,58.9121,59.0058,58.5375,59.0058,22300,63
2026-03-06,56.9392,59.1868,56.9392,58.9121,18100,62.9
2026-03-09,53.1052,61.7219,53.1052,57.1326,21100,61
2026-03-10,53.4742,60.4043,53.4742,59.1931,45500,63.2
2026-03-11,59.0995,59.4741,56.2897,59.2868,3800,63.3
2026-03-12,58.0692,59.0058,58.0692,58.8185,4200,62.8
2026-03-13,57.0389,58.9121,57.0389,58.5375,4500,62.5
2026-03-16,58.5375,59.4741,58.0692,58.6312,26300,62.6
2026-03-17,58.7248,59.0995,58.5375,58.6312,21500,62.6
2026-03-18,58.8185,59.9424,58.4438,59.5678,59000,63.6
2026-03-19,59.5678,59.9424,59.0058,59.0995,14800,63.1
2026-03-20,59.1,59.3,54,59.3,77300,59.3
2026-03-23,57.3,57.3,55.8,56.2,13000,56.2
2026-03-24,57.5,57.5,54.7,54.7,7300,54.7
2026-03-25,54.6,55.5,54.5,55.5,12500,55.5
2026-03-26,55.3,55.6,55.3,55.3,8000,55.3
2026-03-27,55.1,55.3,55.1,55.2,4000,55.2
2026-03-30,55.3,55.3,54.5,54.7,3400,54.7
2026-03-31,54.7,54.9,54.5,54.8,2900,54.8
2026-04-01,54.9,55.9,54.9,55.9,3600,55.9
2026-04-02,55.9,55.9,54.8,55.3,6700,55.3
2026-04-03,55.3,55.4,54.8,55.2,2200,55.2
2026-04-06,56,56,54.8,55.2,1200,55.2
2026-04-07,54.9,54.9,54.7,54.9,2900,54.9
2026-04-08,54.9,55,54.7,54.9,6000,54.9
2026-04-09,54.8,55.1,54.7,55.1,3600,55.1
2026-04-10,55,55,54.2,54.4,8800,54.4
2026-04-13,54.4,55,53.9,55,5600,55
2026-04-14,55,56.9,54.5,54.5,6000,54.5
2026-04-15,54.5,54.5,54,54.4,8000,54.4
2026-04-16,54.4,55,54.1,54.9,2100,54.9
2026-04-17,54.9,54.9,54.5,54.9,500,54.9
2026-04-20,54.5,55.1,54.5,54.9,3900,54.9
2026-04-21,55,57.5,55,57,43300,57
2026-04-22,57.9,57.9,57.2,57.2,16400,57.2
2026-04-23,57.5,57.8,57,57.8,18900,57.8
2026-04-24,57.9,59,57.9,58.1,10700,58.1
2026-04-28,58.1,59.4,58.1,58.3,6300,58.3
2026-04-29,58.3,58.5,58.2,58.5,12100,58.5
2026-05-04,60,60.5,59.3,59.7,21400,59.7
2026-05-05,59.5,59.7,58.9,59.5,13100,59.5
2026-05-06,59.4,59.7,59.1,59.2,7100,59.2
2026-05-07,60,60,59.2,59.4,5500,59.4
2026-05-08,59.4,59.9,59.3,59.5,7000,59.5
2026-05-11,58.3,59.8,58.3,59.4,8200,59.4
2026-05-12,59.4,59.4,59.3,59.3,1400,59.3
2026-05-13,59.3,59.5,59.3,59.3,11700,59.3
2026-05-14,59.4,59.4,59.1,59.1,1000,59.1
2026-05-15,58.5,58.9,58.2,58.6,4700,58.6
2026-05-18,58.7,58.7,58.2,58.7,4800,58.7
2026-05-19,58,59.1,57.8,58,9500,58
2026-05-20,57.1,59,57,57.2,6800,57.2
2026-05-21,57.2,58.5,57.2,58.5,1200,58.5
2026-05-22,57.1,58.5,57.1,58.3,2200,58.3
2026-05-25,58.3,58.8,57.6,58.8,2000,58.8
2026-05-26,58.8,59,58,58.1,3200,58.1
2026-05-27,58.1,58.1,57.9,57.9,4200,57.9
2026-05-28,57.9,58.4,57.6,57.8,1200,57.8
2026-05-29,57.8,57.8,57.7,57.8,3100,57.8
2026-06-01,58,58.6,57.5,58.4,16100,58.4
2026-06-02,58.2,59.1,58.2,58.6,4800,58.6
2026-06-03,58,58.7,58,58,3500,58
2026-06-04,58.7,58.9,57.7,58.9,8600,58.9
2026-06-05,59,59,58.2,58.6,5700,58.6
2026-06-08,58.3,59,58.3,59,18500,59
2026-06-09,59,60,59,60,18300,60
2026-06-10,59.8,60.4,59.3,60.2,7000,60.2
2026-06-11,59.8,62.6,59.8,62.4,19400,62.4
2026-06-12,62.4,62.4,61.8,61.9,4500,61.9
2026-06-15,62,62.4,61.6,62.4,12900,62.4
2026-06-16,61.5,61.9,61.1,61.9,4300,61.9
2026-06-17,61.9,61.9,61.5,61.9,1500,61.9
2026-06-18,62.3,62.3,62,62.1,11100,62.1
2026-06-19,62.3,62.5,61.3,62.5,15300,62.5
2026-06-22,62.5,62.8,62.5,62.7,11700,62.7
2026-06-23,62.7,62.7,62.3,62.3,13400,62.3
2026-06-24,62.2,62.3,62,62,6100,62
2026-06-25,62,62.5,62,62.1,6900,62.1
2026-06-26,62.1,62.1,61.5,61.5,3500,61.5
2026-06-29,61.9,62.8,61.9,62.8,18500,62.8
2026-06-30,62.8,64,62.8,63.5,7400,63.5
2026-07-01,63.6,63.7,63.1,63.6,4700,63.6
2026-07-02,63.8,63.8,62.5,63.5,6800,63.5
2026-07-03,63,63.5,62.7,63.5,109800,63.5
2026-07-06,63.5,64,62.4,63.5,3400,63.5
2026-07-07,62.7,63.5,62.7,63.5,700,63.5
2026-07-08,62.7,66,62.6,63.8,2100,63.8
2026-07-09,63,63.5,63,63,2200,63
2026-07-10,62.8,63.6,62.5,63.6,4600,63.6
2026-07-13,62.4,62.7,61,62,8500,62
2026-07-14,62,62.7,61.9,62.7,4800,62.7
2026-07-15,62,63.3,62,62,5900,62
2026-07-16,61.4,62.8,61.3,62,6600,62
2026-07-17,62,62.8,61.1,61.6,8400,61.6
2026-07-20,61.6,67.5,60.5,61.6,3800,61.6
2026-07-21,62.9,62.9,61.6,62.4,8100,62.4
2026-07-22,62.6,62.6,61,61.1,6800,61.1
2026-07-23,61.9,61.9,60.8,61.1,13000,61.1
2026-07-24,61,61.5,61,61.2,3100,61.2
2026-07-27,61.3,61.3,61.1,61.1,1700,61.1
2026-07-28,61.1,61.1,61,61,13300,61
2026-07-29,61,61,60.3,60.8,5300,60.8
2026-07-30,60.6,60.8,60.3,60.7,3600,60.7
2026-07-31,60.7,60.8,59.3,60.7,12000,60.7
2026-08-03,61,61,60.1,60.9,1100,60.9
2026-08-04,60.4,60.4,59.5,59.7,17000,59.7
2026-08-05,59.6,60.2,58.1,59.8,4200,59.8
2026-08-06,59.6,59.6,59,59.5,5900,59.5
