date,open,high,low,close,volume,close_raw
2017-11-16,4.524,4.524,4.35,4.5245,1174500,15.6
2017-11-17,4.959,4.959,4.524,4.8145,650800,16.6
2017-11-20,4.814,4.901,4.785,4.7855,228400,16.5
2017-11-21,4.64,4.698,4.524,4.6115,492500,15.9
2017-11-22,4.582,4.64,4.176,4.3214,77700,14.9
2017-11-23,4.321,4.64,4.118,4.2634,76500,14.7
2017-11-24,4.263,4.495,4.263,4.4954,150500,15.5
2017-11-27,4.466,4.466,4.379,4.4084,91600,15.2
2017-11-28,4.408,4.437,4.35,4.4374,113700,15.3
2017-11-29,4.408,4.408,4.35,4.4084,88800,15.2
2017-11-30,4.408,4.495,4.408,4.4954,100800,15.5
2017-12-01,4.495,4.524,4.495,4.5245,104900,15.6
2017-12-04,4.553,4.553,4.495,4.5245,102400,15.6
2017-12-05,4.495,4.495,4.466,4.4954,86600,15.5
2017-12-06,4.06,4.466,4.06,4.4084,101300,15.2
2017-12-07,4.437,4.437,4.321,4.3794,94400,15.1
2017-12-08,4.408,4.408,4.321,4.3794,104700,15.1
2017-12-11,4.4074,4.4074,4.3778,4.3791,36100,14.8
2017-12-12,4.3778,4.3778,4.3778,4.3791,18500,14.8
2017-12-13,4.3778,4.3778,4.3778,4.3791,34900,14.8
2017-12-14,4.3483,4.3483,4.2595,4.2904,34300,14.5
2017-12-15,4.2595,4.2595,4.2004,4.2016,137000,14.2
2017-12-18,4.2004,4.2891,4.2004,4.2904,100600,14.5
2017-12-19,4.3187,4.3778,4.3187,4.3791,89200,14.8
2017-12-20,4.3778,4.3778,4.3187,4.32,99800,14.6
2017-12-21,4.3187,4.3187,4.2299,4.2312,21200,14.3
2017-12-25,4.2299,4.2595,4.2299,4.2608,74400,14.4
2017-12-26,4.2891,4.2891,4.2595,4.2904,88400,14.5
2017-12-27,4.2891,4.2891,4.2891,4.2904,98000,14.5
2017-12-28,4.2299,4.2299,4.1708,4.172,100100,14.1
2017-12-29,4.1708,4.2299,4.1708,4.2016,135500,14.2
2018-01-02,4.2299,4.2299,4.2004,4.2312,109300,14.3
2018-01-03,4.2299,4.2299,4.1708,4.172,113000,14.1
2018-01-04,4.2004,4.2004,4.1708,4.2016,102800,14.2
2018-01-05,4.2299,4.2891,4.2299,4.2904,64500,14.5
2018-01-08,4.3187,4.3778,4.3187,4.32,207500,14.6
2018-01-09,4.3778,4.4074,4.3187,4.32,150500,14.6
2018-01-10,4.2891,4.3187,4.2891,4.32,145300,14.6
2018-01-11,4.2891,4.2891,4.2595,4.2904,163500,14.5
2018-01-12,4.2595,4.2891,4.2595,4.2904,140000,14.5
2018-01-15,4.2595,4.2595,4.1708,4.172,72200,14.1
2018-01-16,4.2595,4.2595,4.2004,4.2312,163100,14.3
2018-01-17,4.2004,4.2004,4.1116,4.1128,111700,13.9
2018-01-18,4.1708,4.1708,4.082,4.0832,83000,13.8
2018-01-19,4.0229,4.0229,3.9933,4.0241,122300,13.6
2018-01-22,4.0229,4.0229,3.9637,3.9649,208500,13.4
2018-01-23,3.9637,3.9637,3.875,3.8761,91900,13.1
2018-01-24,3.875,3.9046,3.875,3.9057,114400,13.2
2018-01-25,3.9046,3.9046,3.875,3.8761,153200,13.1
2018-01-26,3.9046,3.9341,3.875,3.8761,155500,13.1
2018-01-29,3.875,3.875,3.8454,3.8465,101000,13
2018-01-30,3.7862,3.7862,3.6383,3.6394,142000,12.3
2018-01-31,3.6088,3.6088,3.5496,3.5507,137600,12
2018-02-01,3.5496,3.5496,3.5496,3.5507,61000,12
2018-02-02,3.5496,3.5496,3.52,3.5211,74000,11.9
2018-02-05,3.4904,3.4904,3.4904,3.4915,35600,11.8
2018-02-06,3.52,3.5496,3.52,3.5507,101000,12
2018-02-07,3.4904,3.5496,3.4904,3.5507,53700,12
2018-02-08,3.5496,3.5496,3.52,3.5211,30000,11.9
2018-02-09,3.52,3.52,3.52,3.5211,19000,11.9
2018-02-12,3.52,3.5496,3.52,3.5507,35100,12
2018-02-13,3.5792,3.5792,3.5792,3.5802,100,12.1
2018-02-21,3.5792,3.6088,3.5792,3.6098,99000,12.2
2018-02-22,3.5496,3.5496,3.5496,3.5507,15000,12
2018-02-23,3.5496,3.5496,3.5496,3.5507,30000,12
2018-02-26,3.52,3.5496,3.52,3.5507,35300,12
2018-02-27,3.52,3.5496,3.52,3.5507,25100,12
2018-02-28,3.5496,3.6088,3.5496,3.6098,85000,12.2
2018-03-01,3.5496,3.5792,3.5496,3.5802,55000,12.1
2018-03-02,3.52,3.52,3.52,3.5211,20000,11.9
2018-03-06,3.52,3.52,3.52,3.5211,30000,11.9
2018-03-08,3.4904,3.5496,3.4904,3.5507,65000,12
2018-03-09,3.52,3.5792,3.52,3.5802,56000,12.1
2018-03-12,3.5792,3.5792,3.5792,3.5802,81000,12.1
2018-03-13,3.5792,3.5792,3.5792,3.5802,32000,12.1
2018-03-14,3.6088,3.6975,3.5496,3.6986,50200,12.5
2018-03-15,3.5792,3.5792,3.5792,3.5802,109500,12.1
2018-03-16,3.5496,3.6088,3.5496,3.6098,72000,12.2
2018-03-19,3.6383,3.6383,3.6383,3.6394,28400,12.3
2018-03-20,3.6679,3.6679,3.6383,3.6394,69300,12.3
2018-03-21,3.6088,3.6088,3.6088,3.6098,40000,12.2
2018-03-22,3.6088,3.6088,3.6088,3.6098,5000,12.2
2018-03-23,3.6383,3.6383,3.6088,3.6098,101000,12.2
2018-03-26,3.6383,3.6383,3.6383,3.6394,15000,12.3
2018-03-28,3.6383,3.6383,3.6383,3.6394,37200,12.3
2018-03-30,3.6679,3.6679,3.6383,3.669,62000,12.4
2018-04-02,3.6679,3.6679,3.6383,3.669,37900,12.4
2018-04-03,3.52,3.52,3.52,3.5211,100,11.9
2018-04-04,3.6088,3.6383,3.6088,3.6394,111700,12.3
2018-04-05,3.6679,3.6975,3.6679,3.669,48300,12.4
2018-04-06,3.7271,3.7271,3.7271,3.7282,14500,12.6
2018-04-09,3.7271,3.7862,3.7271,3.7874,28700,12.8
2018-04-10,3.7271,3.7271,3.7271,3.7282,22000,12.6
2018-04-11,3.6975,3.7567,3.6975,3.7578,130700,12.7
2018-04-12,3.7862,4.1116,3.7567,4.1128,1400,13.9
2018-04-13,3.9933,3.9933,3.875,3.8761,13100,13.1
2018-04-16,3.9341,3.9341,3.9341,3.9353,100,13.3
2018-04-17,3.9046,3.9341,3.9046,3.9353,57700,13.3
2018-04-18,3.9637,3.9933,3.9341,3.9945,44800,13.5
2018-04-19,4.0229,4.0229,4.0229,4.0241,59000,13.6
2018-04-20,4.0229,4.1116,4.0229,4.1128,92100,13.9
2018-04-23,4.1412,4.1412,4.1116,4.1128,32600,13.9
2018-04-24,4.0525,4.082,4.0525,4.0537,20900,13.7
2018-04-26,3.9637,3.9637,3.9341,3.9353,20500,13.3
2018-04-27,3.5792,3.9341,3.5792,3.9353,1400,13.3
2018-05-03,3.9046,3.9046,3.8454,3.8465,300,13
2018-05-07,3.6975,3.6975,3.6975,3.6986,100,12.5
2018-05-11,3.3721,3.3721,3.3721,3.3731,100,11.4
2018-05-16,3.6975,3.6975,3.6975,3.6986,100,12.5
2018-05-21,3.3425,3.3425,3.3425,3.3435,200,11.3
2018-05-22,3.3721,3.3721,3.3721,3.3731,1000,11.4
2018-05-31,3.6975,3.6975,3.6975,3.6986,100,12.5
2018-06-01,3.6679,3.6679,3.6679,3.669,100,12.4
2018-06-04,3.313,3.313,3.313,3.3139,100,11.2
2018-06-11,3.4904,3.6383,3.4904,3.6394,115500,12.3
2018-06-12,3.9933,3.9933,3.9933,3.9945,76100,13.5
2018-06-13,4.3778,4.3778,4.3778,4.3791,47900,14.8
2018-06-14,4.792,4.792,4.6736,4.7934,272800,16.2
2018-06-15,5.0286,5.2061,4.5553,4.5863,361600,15.5
2018-06-18,4.3778,4.437,4.1708,4.2904,126400,14.5
2018-06-19,4.1412,4.2299,4.082,4.1424,128800,14
2018-06-20,4.1412,4.3187,4.082,4.2904,150300,14.5
2018-06-21,4.2891,4.4666,4.2891,4.4383,171900,15
2018-06-22,4.437,4.6736,4.3778,4.4383,317300,15
2018-06-25,4.3778,4.437,4.2891,4.32,138300,14.6
2018-06-26,4.2891,4.3187,4.1412,4.2904,177900,14.5
2018-06-27,4.2891,4.4074,4.2004,4.3791,200100,14.8
2018-06-28,4.3483,4.4074,4.2595,4.2904,135400,14.5
2018-06-29,4.2595,4.3778,4.2004,4.3791,171300,14.8
2018-07-02,4.3187,4.3778,4.2595,4.32,103100,14.6
2018-07-03,4.2891,4.3483,4.2299,4.32,172900,14.6
2018-07-04,4.2891,4.437,4.2891,4.4383,226900,15
2018-07-05,4.437,4.5257,4.4074,4.5271,147600,15.3
2018-07-06,4.4962,4.6441,4.4962,4.6158,201700,15.6
2018-07-09,4.6145,4.6145,4.4074,4.4679,140200,15.1
2018-07-10,4.3778,4.4666,4.3187,4.3495,156800,14.7
2018-07-11,4.3483,4.3778,4.3187,4.3495,125500,14.7
2018-07-12,4.3778,4.437,4.3187,4.4383,198700,15
2018-07-13,4.4074,4.5553,4.3778,4.5567,232700,15.4
2018-07-16,4.5553,4.5849,4.437,4.4975,138800,15.2
2018-07-17,4.4666,4.5257,4.3778,4.4679,135900,15.1
2018-07-18,4.437,4.4962,4.3483,4.4975,170500,15.2
2018-07-19,4.4666,4.5849,4.437,4.5567,188300,15.4
2018-07-20,4.5257,4.5849,4.437,4.4679,147600,15.1
2018-07-23,4.437,4.4962,4.3778,4.4383,142400,15
2018-07-24,4.4074,4.4666,4.3778,4.4679,153200,15.1
2018-07-25,4.4666,4.5849,4.4074,4.5567,204400,15.4
2018-07-26,4.5257,4.5849,4.437,4.4975,146800,15.2
2018-07-27,4.4666,4.5257,4.3778,4.4383,138200,15
2018-07-30,4.4074,4.4962,4.3778,4.4087,145600,14.9
2018-07-31,4.4074,4.4962,4.4962,4.4087,185100,14.9
2018-08-01,4.4905,4.5556,4.4254,4.4915,161700,13.8
2018-08-02,4.4905,4.5231,4.4254,4.4915,134300,13.8
2018-08-03,4.4905,4.9135,4.458,4.9146,709200,15.1
2018-08-06,5.0112,5.4016,4.9135,5.4029,509100,16.6
2018-08-07,5.4993,5.5969,5.0762,5.1425,294700,15.8
2018-08-08,4.9135,5.0437,4.6532,4.7194,205500,14.5
2018-08-09,4.4254,4.6207,4.3278,4.4915,181200,13.8
2018-08-10,4.4905,4.5556,4.3929,4.4915,170900,13.8
2018-08-13,4.4905,4.6532,4.458,4.6217,213800,14.2
2018-08-14,4.5881,4.6858,4.4905,4.5241,148800,13.9
2018-08-15,4.4905,4.5881,4.4254,4.4915,140800,13.8
2018-08-16,4.5881,4.5881,4.2953,4.3939,169200,13.5
2018-08-17,4.3604,4.4254,4.2302,4.3939,164800,13.5
2018-08-20,4.3604,4.5556,4.3278,4.5566,208500,14
2018-08-21,4.5231,4.6532,4.4905,4.6543,188900,14.3
2018-08-22,4.6532,4.7508,4.5556,4.5892,178300,14.1
2018-08-23,4.5556,4.6207,4.4905,4.5566,164800,14
2018-08-24,4.5231,4.5556,4.3929,4.459,160200,13.7
2018-08-27,4.458,4.5231,4.3929,4.459,136600,13.7
2018-08-28,4.458,4.5881,4.3929,4.5566,208400,14
2018-08-29,4.5231,4.6532,4.458,4.5566,171200,14
2018-08-30,4.5881,4.5881,4.458,4.4915,177800,13.8
2018-08-31,4.4905,4.5231,4.458,4.4915,140100,13.8
2018-09-04,4.4905,4.5556,4.458,4.5566,190100,14
2018-09-05,4.5231,4.5556,4.4905,4.5241,162300,13.9
2018-09-06,4.5556,4.6207,4.5231,4.6217,190300,14.2
2018-09-07,4.5881,4.6207,4.5231,4.5892,138700,14.1
2018-09-10,4.5881,4.6532,4.5556,4.6543,204000,14.3
2018-09-11,4.6532,4.7183,4.5881,4.7194,189900,14.5
2018-09-12,4.7183,5.1739,4.4254,5.175,1158800,15.9
2018-09-13,5.2064,5.2715,4.9135,5.0448,377200,15.5
2018-09-14,4.5556,4.881,4.5556,4.5566,185800,14
2018-09-17,4.3929,4.4905,4.1,4.101,107500,12.6
2018-09-18,3.8397,4.035,3.7421,3.9057,212400,12
2018-09-19,3.8723,3.9373,3.8072,3.8731,138300,11.9
2018-09-20,3.9048,4.1326,3.8397,4.101,300700,12.6
2018-09-21,4.1,4.1,3.9373,4.0033,197400,12.3
2018-09-24,4.0024,4.035,3.9048,3.9382,221800,12.1
2018-09-25,3.9048,3.9699,3.8723,3.9057,177700,12
2018-09-26,3.9373,4.0024,3.8723,4.0033,267700,12.3
2018-09-27,3.9699,4.0024,3.8723,3.9057,187600,12
2018-09-28,3.8723,3.9048,3.8072,3.8406,176000,11.8
2018-10-01,3.8072,3.8072,3.7421,3.7755,207500,11.6
2018-10-02,3.7746,3.9048,3.7421,3.8406,218900,11.8
2018-10-03,3.8072,3.9048,3.7421,3.9057,210630,12
2018-10-04,3.8723,3.9699,3.8397,3.9708,303500,12.2
2018-10-05,3.9699,4.0024,3.9048,3.9382,223100,12.1
2018-10-08,3.9048,3.9048,3.8397,3.8731,177120,11.9
2018-10-09,3.8397,3.8723,3.8072,3.8406,161600,11.8
2018-10-10,3.8723,4.0024,3.8397,3.9382,325330,12.1
2018-10-11,3.9373,3.9699,3.7421,3.7755,284250,11.6
2018-10-12,3.7746,3.9048,3.7421,3.9057,378280,12
2018-10-15,3.8723,3.9048,3.8072,3.8406,209900,11.8
2018-10-16,3.8397,3.8723,3.8072,3.8406,177420,11.8
2018-10-17,3.8397,3.9048,3.8397,3.8731,214360,11.9
2018-10-18,3.8723,3.9699,3.8397,3.9382,305500,12.1
2018-10-19,3.9373,3.9373,3.8723,3.9057,187400,12
2018-10-22,3.8723,4.1651,3.8397,4.1661,334400,12.8
2018-10-23,4.1977,4.4254,4.1651,4.3939,352820,13.5
2018-10-24,4.4905,4.8159,4.4254,4.817,467400,14.8
2018-10-25,4.8159,4.8159,4.3929,4.6217,216300,14.2
2018-10-26,4.5881,4.6207,4.5231,4.5566,211120,14
2018-10-29,4.5556,4.5881,4.4905,4.5566,147420,14
2018-10-30,4.5556,4.6207,4.5231,4.5892,203640,14.1
2018-10-31,4.5881,4.6858,4.5556,4.6543,252900,14.3
2018-11-01,4.7183,5.1088,4.6532,5.1099,680100,15.7
2018-11-02,5.2064,5.5969,5.1413,5.5981,576200,17.2
2018-11-05,5.662,6.1501,5.5969,6.1514,881800,18.9
2018-11-06,6.1826,6.5731,6.085,6.5095,514260,20
2018-11-07,6.508,6.5731,5.8572,5.8585,178420,18
2018-11-08,5.5318,5.6945,5.2715,5.533,230600,17
2018-11-09,5.4993,5.6294,5.4342,5.5981,288010,17.2
2018-11-12,5.5969,5.662,5.5643,5.6632,245100,17.4
2018-11-13,5.6294,5.662,5.5318,5.5981,203740,17.2
2018-11-14,5.5643,5.5969,5.4016,5.533,177610,17
2018-11-15,5.5318,5.6294,5.4993,5.5981,230100,17.2
2018-11-16,5.5969,5.6294,5.5643,5.5981,164100,17.2
2018-11-19,5.5643,5.6945,5.5643,5.6632,214200,17.4
2018-11-20,5.6294,5.662,5.5643,5.6307,148700,17.3
2018-11-21,5.5969,5.6294,5.5643,5.5981,129900,17.2
2018-11-22,5.5969,6.1501,5.5318,6.1514,763930,18.9
2018-11-23,6.2477,6.4429,5.5643,5.7283,365000,17.6
2018-11-26,5.5318,5.727,5.1739,5.175,232500,15.9
2018-11-27,4.9461,4.9461,4.6858,4.6868,79660,14.4
2018-11-28,4.5556,4.6207,4.2302,4.5566,343700,14
2018-11-29,4.5556,4.9135,4.4905,4.8821,432600,15
2018-11-30,4.8485,4.9135,4.4254,4.5566,274610,14
2018-12-03,4.5556,4.6207,4.1,4.1661,311900,12.8
2018-12-04,4.0675,4.1977,3.7746,3.9057,318550,12
2018-12-05,3.8723,3.9048,3.7421,3.8731,141900,11.9
2018-12-06,3.8397,3.9373,3.7746,3.9057,224600,12
2018-12-07,3.8723,4.0024,3.8397,3.9708,203530,12.2
2018-12-10,3.9373,4.0024,3.8723,3.9057,126600,12
2018-12-11,3.8723,3.9699,3.8723,3.8731,138400,11.9
2018-12-12,3.8397,4.0024,3.8397,3.9057,175600,12
2018-12-13,3.9048,3.9699,3.8723,3.9382,177200,12.1
2018-12-14,3.9373,3.9699,3.9048,3.9057,155800,12
2018-12-17,3.8723,3.9048,3.8072,3.8731,125600,11.9
2018-12-18,3.8723,3.9373,3.7421,3.8406,155400,11.8
2018-12-19,3.8072,3.8397,3.7746,3.808,142200,11.7
2018-12-20,3.7746,3.8397,3.7746,3.7755,109400,11.6
2018-12-21,3.7421,3.8072,3.7421,3.7755,113100,11.6
2018-12-24,3.7746,3.8723,3.7421,3.8731,99200,11.9
2018-12-25,3.8397,3.8397,3.7421,3.7755,130500,11.6
2018-12-26,3.7746,3.8723,3.7421,3.8731,148400,11.9
2018-12-27,3.9048,3.9373,3.8397,3.9382,183900,12.1
2018-12-28,3.9373,3.9699,3.8723,3.9057,102900,12
2019-01-02,3.8723,3.9699,3.8723,3.9057,100900,12
2019-01-03,3.9048,3.9048,3.8397,3.8731,103700,11.9
2019-01-04,3.8397,3.9373,3.8397,3.9057,143500,12
2019-01-07,3.8723,4.0675,3.8723,4.0359,165900,12.4
2019-01-08,4.035,4.0675,3.9373,3.9382,71500,12.1
2019-01-09,3.9048,4.035,3.9048,4.0033,103600,12.3
2019-01-10,3.9699,4.035,3.9048,3.9382,81600,12.1
2019-01-11,3.9048,3.9373,3.8723,3.9382,109300,12.1
2019-01-14,3.9373,3.9699,3.8723,3.9057,341600,12
2019-01-15,3.9048,3.9699,3.9048,3.9057,77800,12
2019-01-16,3.9048,3.9048,3.8397,3.8731,76300,11.9
2019-01-17,3.9048,3.9699,3.8723,3.9057,91200,12
2019-01-18,3.9048,3.9373,3.8723,3.9382,113700,12.1
2019-01-21,4.0675,4.0675,3.9048,3.9708,211900,12.2
2019-01-22,3.9373,3.9699,3.9048,3.9057,93100,12
2019-01-23,3.9048,3.9373,3.8723,3.9057,165500,12
2019-01-24,3.9048,3.9699,3.8397,3.8406,243800,11.8
2019-01-25,3.8723,3.9048,3.8072,3.9057,257900,12
2019-01-28,3.8723,3.9699,3.8723,3.9382,191900,12.1
2019-01-29,3.9373,3.9699,3.8723,3.9057,65100,12
2019-01-30,3.9048,3.9699,3.8723,3.9057,80800,12
2019-01-31,3.9373,3.9699,3.8397,3.9057,41400,12
2019-02-01,3.9373,3.9699,3.9048,3.9708,30600,12.2
2019-02-11,3.9373,3.9699,3.9048,3.9382,54500,12.1
2019-02-12,3.9048,4.0024,3.9048,3.9382,77200,12.1
2019-02-13,3.9373,3.9699,3.9048,3.9057,69900,12
2019-02-14,3.9048,3.9373,3.9048,3.9057,65900,12
2019-02-15,3.9048,3.9699,3.8723,3.9708,102400,12.2
2019-02-18,3.9373,4.1,3.9048,4.0684,131200,12.5
2019-02-19,4.1326,4.1326,4.035,4.101,39700,12.6
2019-02-20,4.0675,4.1977,4.035,4.1661,151200,12.8
2019-02-21,4.1326,4.2302,4.1326,4.2311,164100,13
2019-02-22,4.1977,4.2302,4.1326,4.1986,98500,12.9
2019-02-25,4.1977,4.2627,4.1326,4.2637,140600,13.1
2019-02-26,4.1977,4.2302,4.1651,4.1986,76100,12.9
2019-02-27,4.1651,4.2627,4.1651,4.2311,99500,13
2019-02-28,4.2302,4.3278,4.1977,4.2962,176600,13.2
2019-03-01,4.2627,4.3929,4.2302,4.3613,161600,13.4
2019-03-04,4.3604,4.7834,4.2302,4.7845,553100,14.7
2019-03-05,4.7834,4.8159,4.4905,4.6543,153700,14.3
2019-03-06,4.6532,5.1088,4.6207,5.1099,488400,15.7
2019-03-07,4.9461,5.2064,4.6207,5.0448,735600,15.5
2019-03-08,4.9786,5.0437,4.5556,4.7194,239600,14.5
2019-03-11,4.3929,4.6207,4.2627,4.3939,181400,13.5
2019-03-12,4.1651,4.2953,3.9699,3.9708,356600,12.2
2019-03-13,3.8397,4.0024,3.5794,3.5802,525500,11
2019-03-14,3.3842,3.5794,3.2215,3.3849,325000,10.4
2019-03-15,3.3842,3.6445,3.2215,3.6128,541100,11.1
2019-03-18,3.5794,3.6445,3.254,3.2547,242240,10
2019-03-19,3.2215,3.3842,3.1889,3.2547,73400,10
2019-03-20,3.3191,3.3191,3.1889,3.2547,72900,10
2019-03-21,3.2865,3.3191,3.2215,3.2222,46400,9.9
2019-03-22,3.2215,3.3191,3.2215,3.3198,39760,10.2
2019-03-25,3.3191,3.3516,3.254,3.2547,50428,10
2019-03-26,3.2865,3.2865,3.254,3.2547,59150,10
2019-03-27,3.2865,3.2865,3.254,3.2547,6900,10
2019-03-28,3.2865,3.3191,3.254,3.2547,25100,10
2019-03-29,3.254,3.254,3.2215,3.2222,21700,9.9
2019-04-01,3.254,3.5143,3.254,3.5151,249600,10.8
2019-04-02,3.5143,3.5143,3.3516,3.3524,48600,10.3
2019-04-03,3.3516,3.4492,3.3191,3.45,38800,10.6
2019-04-04,3.3842,3.4492,3.3191,3.3524,180500,10.3
2019-04-05,3.3516,3.3842,3.3191,3.3198,50822,10.2
2019-04-08,3.3516,3.3516,3.254,3.3524,41200,10.3
2019-04-09,3.3191,3.3516,3.254,3.3198,36102,10.2
2019-04-10,3.2865,3.3191,3.2215,3.2222,30300,9.9
2019-04-11,3.254,3.3191,3.254,3.3198,33298,10.2
2019-04-12,3.2865,3.2865,3.2215,3.2222,34110,9.9
2019-04-16,3.2215,3.254,3.2215,3.2222,36300,9.9
2019-04-17,3.2215,3.2215,2.9937,3.1896,57968,9.8
2019-04-18,3.0588,3.1564,2.9937,3.1571,35200,9.7
2019-04-19,3.0262,3.254,3.0262,3.2547,24000,10
2019-04-22,3.2215,3.254,3.2215,3.2222,4400,9.9
2019-04-23,3.2215,3.2215,3.0913,3.2222,2710,9.9
2019-04-24,3.1564,3.1564,3.1238,3.1245,2800,9.6
2019-04-25,3.1238,3.3191,3.1238,3.2873,49400,10.1
2019-04-26,3.2865,3.2865,3.254,3.2873,21100,10.1
2019-05-02,3.254,3.3842,3.254,3.3849,110900,10.4
2019-05-03,3.3842,3.3842,3.2865,3.2873,59000,10.1
2019-05-06,3.2865,3.4167,3.254,3.4175,137722,10.5
2019-05-07,3.4167,3.7421,3.4167,3.6778,208710,11.3
2019-05-08,3.677,3.7096,3.5794,3.7104,76600,11.4
2019-05-09,3.677,4.0675,3.677,4.0684,373300,12.5
2019-05-10,4.2302,4.2627,4.0675,4.1986,118500,12.9
2019-05-13,4.1977,4.1977,3.8397,4.0684,173700,12.5
2019-05-14,4.0024,4.458,4.0024,4.3288,278000,13.3
2019-05-15,4.3278,4.3929,4.2302,4.2962,113114,13.2
2019-05-16,4.2953,4.2953,3.9699,3.9708,170402,12.2
2019-05-17,3.9048,4.2302,3.9048,4.0684,252400,12.5
2019-05-20,4.0675,4.1,3.9048,3.9708,203100,12.2
2019-05-21,3.9699,4.1651,3.9699,4.0033,92220,12.3
2019-05-22,4.0024,4.035,3.9373,4.0033,97000,12.3
2019-05-23,4.0024,4.1326,4.0024,4.1335,90900,12.7
2019-05-24,4.1651,4.4254,4.1326,4.3613,174200,13.4
2019-05-27,4.3604,4.6532,4.3278,4.5241,177090,13.9
2019-05-28,4.5881,4.6858,4.5556,4.6217,157830,14.2
2019-05-29,4.6207,4.6207,4.3929,4.4264,252011,13.6
2019-05-30,4.3929,4.458,4.3604,4.4264,115010,13.6
2019-05-31,4.458,4.6858,4.458,4.6217,136900,14.2
2019-06-03,4.5556,4.5556,4.4254,4.459,115940,13.7
2019-06-04,4.458,4.5231,4.2953,4.3613,148702,13.4
2019-06-05,4.4254,4.458,4.1326,4.3288,149500,13.3
2019-06-06,4.2302,4.2627,4.0675,4.101,99535,12.6
2019-06-07,4.1,4.4254,4.0675,4.4264,100810,13.6
2019-06-10,4.4254,4.6532,4.4254,4.459,181900,13.7
2019-06-11,4.458,4.5556,4.3604,4.459,106405,13.7
2019-06-12,4.458,4.881,4.4254,4.8821,430820,15
2019-06-13,4.881,4.9461,4.7183,4.7845,162149,14.7
2019-06-14,4.7508,4.9135,4.6532,4.7194,116000,14.5
2019-06-17,4.6858,4.6858,4.4905,4.6543,97240,14.3
2019-06-18,4.6207,4.8485,4.6207,4.8495,233130,14.9
2019-06-19,4.8485,4.881,4.6532,4.7194,169950,14.5
2019-06-20,4.6532,4.7508,4.6532,4.6868,80200,14.4
2019-06-21,4.4254,4.6858,4.3278,4.4264,223550,13.6
2019-06-24,4.4254,4.458,4.3604,4.3613,71200,13.4
2019-06-25,4.5466,4.5824,4.5108,4.5826,60420,12.8
2019-06-26,4.4392,4.5824,4.3676,4.4394,97900,12.4
2019-06-27,4.2244,4.4392,4.2244,4.4036,44000,12.3
2019-06-28,4.4034,4.654,4.3676,4.511,94610,12.6
2019-07-01,4.5466,4.5824,4.5108,4.511,55830,12.6
2019-07-02,4.3676,4.5466,4.3676,4.5468,60320,12.7
2019-07-03,4.475,4.5108,4.475,4.4752,65300,12.5
2019-07-04,4.475,4.6182,4.475,4.5468,113120,12.7
2019-07-05,4.5824,4.654,4.5466,4.5826,117600,12.8
2019-07-08,4.5824,4.5824,4.5108,4.511,51100,12.6
2019-07-09,4.5108,4.5108,4.3676,4.511,91600,12.6
2019-07-10,4.5108,4.654,4.475,4.6184,85600,12.9
2019-07-11,4.6182,5.0478,4.6182,5.048,292520,14.1
2019-07-12,5.1194,5.4058,5.012,5.0122,287300,14
2019-07-15,5.012,5.191,5.012,5.0838,138800,14.2
2019-07-16,5.0836,5.1552,4.9762,5.1196,102850,14.3
2019-07-17,5.1194,5.5132,5.1194,5.3344,375120,14.9
2019-07-18,5.3342,5.5848,5.2984,5.5135,170810,15.4
2019-07-19,5.4774,5.549,5.4058,5.4777,102370,15.3
2019-07-22,5.4416,5.4774,5.2984,5.2986,236470,14.8
2019-07-23,5.2984,5.4416,5.2626,5.3344,156330,14.9
2019-07-24,5.3342,5.6922,5.3342,5.5851,208510,15.6
2019-07-25,5.5848,5.6564,5.5132,5.5135,109515,15.4
2019-07-26,5.5132,5.5132,5.37,5.3703,81380,15
2019-07-29,5.37,5.6206,5.3342,5.4777,144947,15.3
2019-07-30,5.4774,5.4774,5.37,5.4419,82190,15.2
2019-07-31,5.4416,5.4774,4.9046,4.9048,458310,13.7
2019-08-01,4.654,4.9404,4.475,4.7258,204520,13.2
2019-08-02,4.7614,5.191,4.7256,5.1912,149465,14.5
2019-08-05,5.3342,5.6922,5.2268,5.6925,443660,15.9
2019-08-06,5.728,6.2292,5.3342,6.2295,533995,17.4
2019-08-07,6.2292,6.2292,5.907,6.0863,213059,17
2019-08-08,6.086,6.3366,5.7996,6.1579,272810,17.2
2019-08-09,6.1576,6.1576,6.0144,6.0505,135215,16.9
2019-08-12,6.0502,6.2292,6.0502,6.1221,123310,17.1
2019-08-13,6.086,6.086,5.7996,5.9431,143870,16.6
2019-08-14,5.9428,6.0144,5.7996,5.8357,123810,16.3
2019-08-15,5.8354,5.8354,5.5848,5.7283,200100,16
2019-08-16,5.6922,6.1218,5.6922,6.0147,151130,16.8
2019-08-19,6.0144,6.0502,5.8712,5.8715,134160,16.4
2019-08-20,5.8712,6.0502,5.8354,5.9431,168980,16.6
2019-08-21,5.9428,6.1934,5.9428,6.0505,218181,16.9
2019-08-22,6.0502,6.086,5.9786,6.0863,122495,17
2019-08-23,6.086,6.086,5.9786,6.0505,81195,16.9
2019-08-26,5.9786,6.5872,5.9786,6.4443,403851,18
2019-08-27,6.444,6.444,6.2292,6.2295,236662,17.4
2019-08-28,6.2292,6.4082,6.1934,6.2653,211950,17.5
2019-08-29,6.1576,6.2292,6.0144,6.1221,208520,17.1
2019-08-30,6.1218,6.444,6.1218,6.3011,155980,17.6
2019-09-03,6.265,6.3366,6.0502,6.0505,269439,16.9
2019-09-04,6.0144,6.0144,5.4774,5.7283,337238,16
2019-09-05,5.6922,6.0144,5.6922,5.9789,143255,16.7
2019-09-06,5.9786,5.9786,5.7638,5.8715,52487,16.4
2019-09-09,5.8712,5.8712,5.6922,5.7283,125079,16
2019-09-10,5.728,5.728,5.1552,5.2986,371753,14.8
2019-09-11,5.2984,5.2984,4.9762,5.0122,236480,14
2019-09-12,5.012,5.5132,5.012,5.5135,254473,15.4
2019-09-13,6.0502,6.0502,5.5132,5.5851,155826,15.6
2019-09-16,5.0478,5.5848,5.0478,5.4419,122036,15.2
2019-09-17,5.549,5.549,5.37,5.4419,130050,15.2
2019-09-18,5.4058,5.4774,5.37,5.4419,103710,15.2
2019-09-19,5.4058,5.4416,5.2984,5.3344,111835,14.9
2019-09-20,5.2626,5.4058,5.191,5.4061,115467,15.1
2019-09-23,5.37,5.5848,5.37,5.5135,189031,15.4
2019-09-24,5.4774,5.5132,5.37,5.4061,92740,15.1
2019-09-25,5.4058,5.6206,5.4058,5.5493,180857,15.5
2019-09-26,5.549,5.7996,5.549,5.6925,122051,15.9
2019-09-27,5.6564,5.728,5.5848,5.6209,45570,15.7
2019-09-30,5.6206,5.6922,5.549,5.6209,88235,15.7
2019-10-01,5.6206,5.6564,5.3342,5.3703,233476,15
2019-10-02,5.37,5.4058,5.191,5.2628,121470,14.7
2019-10-03,5.2268,5.4416,5.1552,5.4061,126421,15.1
2019-10-04,5.191,5.5132,5.191,5.3703,115680,15
2019-10-07,5.2268,5.4058,5.2268,5.3344,89060,14.9
2019-10-08,5.2626,5.37,5.2626,5.3344,52873,14.9
2019-10-09,5.3342,5.37,5.2268,5.3344,40550,14.9
2019-10-10,5.3342,5.549,5.3342,5.4419,103500,15.2
2019-10-11,5.37,5.4058,5.2984,5.2986,74250,14.8
2019-10-14,5.2984,5.4058,5.2626,5.3344,96250,14.9
2019-10-15,5.2626,5.3342,5.191,5.3344,49770,14.9
2019-10-16,5.2984,5.3342,5.2626,5.2986,23200,14.8
2019-10-17,5.2984,5.2984,5.2626,5.2628,19370,14.7
2019-10-18,5.2626,5.2984,4.7972,5.0838,110140,14.2
2019-10-21,5.0836,5.191,5.012,5.1912,123050,14.5
2019-10-22,5.191,5.191,4.9404,5.1554,62805,14.4
2019-10-23,5.0836,5.1194,4.9046,4.9764,81740,13.9
2019-10-24,4.9762,5.0836,4.9046,4.9764,31184,13.9
2019-10-25,4.9046,4.9762,4.9046,4.9764,43620,13.9
2019-10-28,4.9762,5.012,4.8688,5.0122,48560,14
2019-10-29,5.012,5.012,4.9046,4.9764,40080,13.9
2019-10-30,4.9404,4.9762,4.8688,4.9764,52100,13.9
2019-10-31,4.9404,4.9404,4.7614,4.869,69810,13.6
2019-11-01,4.8688,4.8688,4.4034,4.5826,254860,12.8
2019-11-04,4.5824,4.6182,4.5108,4.5826,49140,12.8
2019-11-05,4.5824,4.5824,4.296,4.2962,167200,12
2019-11-06,4.296,4.5466,4.2602,4.3678,93510,12.2
2019-11-07,4.3676,4.5824,4.296,4.5826,75270,12.8
2019-11-08,4.5824,4.5824,4.4392,4.4752,57700,12.5
2019-11-11,4.475,4.5108,4.3676,4.4752,62701,12.5
2019-11-12,4.4392,4.5108,4.3676,4.4394,52320,12.4
2019-11-13,4.4034,4.4392,4.3318,4.332,93600,12.1
2019-11-14,4.3318,4.3676,3.938,3.974,214600,11.1
2019-11-15,3.9738,4.1886,3.6516,3.9024,143230,10.9
2019-11-18,3.9022,4.1528,3.9022,4.0098,49820,11.2
2019-11-19,4.0096,4.1528,3.9738,3.974,115300,11.1
2019-11-20,4.0096,4.0454,3.9738,4.0098,61150,11.2
2019-11-21,4.0812,4.0812,3.938,3.974,93000,11.1
2019-11-22,4.0454,4.0812,3.9022,3.974,90200,11.1
2019-11-25,4.0096,4.0454,3.938,4.0456,44400,11.3
2019-11-26,4.0812,4.0812,3.9738,3.974,53900,11.1
2019-11-27,4.0454,4.0812,3.9738,4.0098,55400,11.2
2019-11-28,4.0454,4.0812,3.938,4.0098,94100,11.2
2019-11-29,3.938,4.0454,3.9022,4.0456,26860,11.3
2019-12-02,4.0454,4.0454,4.0096,4.0098,136700,11.2
2019-12-03,4.0454,4.0454,3.938,3.9382,63800,11
2019-12-04,3.938,3.9738,3.9022,3.974,31000,11.1
2019-12-05,3.9738,3.9738,3.8306,3.9024,86100,10.9
2019-12-06,3.9022,3.938,3.7948,3.9024,75400,10.9
2019-12-09,3.9022,3.9022,3.759,3.8308,143800,10.7
2019-12-10,3.7948,3.7948,3.6874,3.7234,66975,10.4
2019-12-11,3.759,3.759,3.6158,3.616,68700,10.1
2019-12-12,3.6516,3.7232,3.58,3.6876,99510,10.3
2019-12-13,3.7232,3.759,3.6874,3.6876,50650,10.3
2019-12-16,3.7232,3.7232,3.6516,3.6518,40000,10.2
2019-12-17,3.6874,3.6874,3.5442,3.5444,64100,9.9
2019-12-18,3.58,3.58,3.4726,3.4728,64400,9.7
2019-12-19,3.5084,3.5084,3.401,3.4728,66270,9.7
2019-12-20,3.5084,3.6874,3.4368,3.616,77339,10.1
2019-12-23,3.6516,3.9738,3.6516,3.974,200354,11.1
2019-12-24,4.0096,4.117,3.9738,4.0098,88260,11.2
2019-12-25,4.0096,4.0096,3.8664,3.8666,59700,10.8
2019-12-26,3.8664,3.9022,3.7948,3.8308,71830,10.7
2019-12-27,3.8306,3.8306,3.6874,3.7592,50300,10.5
2019-12-30,3.759,3.938,3.759,3.7592,85910,10.5
2019-12-31,3.8664,3.8664,3.759,3.8308,70632,10.7
2020-01-02,3.8306,3.8664,3.7948,3.8308,61600,10.7
2020-01-03,3.8664,3.938,3.7948,3.795,71100,10.6
2020-01-06,3.7948,3.8306,3.6874,3.7592,59516,10.5
2020-01-07,3.759,3.7948,3.7232,3.795,48400,10.6
2020-01-08,3.759,3.759,3.58,3.616,125830,10.1
2020-01-09,3.6516,3.8664,3.6516,3.8308,86600,10.7
2020-01-10,3.8306,3.8306,3.7232,3.7234,62300,10.4
2020-01-13,3.7232,3.759,3.6516,3.6518,19900,10.2
2020-01-14,3.6516,3.759,3.6158,3.616,32800,10.1
2020-01-15,3.6158,3.6516,3.58,3.616,34800,10.1
2020-01-16,3.6158,3.759,3.58,3.616,80210,10.1
2020-01-17,3.6158,3.6874,3.6158,3.616,39600,10.1
2020-01-20,3.6158,3.6516,3.58,3.5802,62500,10
2020-01-21,3.58,3.6516,3.5442,3.616,87190,10.1
2020-01-22,3.6158,3.6874,3.5442,3.6876,86800,10.3
2020-01-30,3.6874,3.6874,3.5442,3.5802,42441,10
2020-01-31,3.58,3.58,3.4726,3.5802,127300,10
2020-02-03,3.58,3.6516,3.222,3.2938,101800,9.2
2020-02-04,3.3294,3.4726,3.2578,3.3296,81205,9.3
2020-02-05,3.401,3.4726,3.3294,3.437,30734,9.6
2020-02-06,3.4726,3.58,3.4726,3.5444,57502,9.9
2020-02-07,3.58,3.58,3.4726,3.5444,26900,9.9
2020-02-10,3.5442,3.5442,3.5084,3.5086,19400,9.8
2020-02-11,3.4368,3.5442,3.4368,3.5444,39600,9.9
2020-02-12,3.4726,3.6158,3.4726,3.616,41300,10.1
2020-02-13,3.58,3.6516,3.5442,3.5802,51500,10
2020-02-14,3.6158,3.6158,3.5084,3.5802,19300,10
2020-02-17,3.58,3.6158,3.4726,3.5086,47300,9.8
2020-02-18,3.6158,3.6158,3.4726,3.5444,34950,9.9
2020-02-19,3.5084,3.8664,3.4726,3.8666,164200,10.8
2020-02-20,3.9022,4.2244,3.9022,4.0814,106410,11.4
2020-02-21,4.117,4.1886,3.9022,3.9382,73390,11
2020-02-24,3.9022,3.9022,3.58,3.7234,138900,10.4
2020-02-25,3.6874,3.938,3.6516,3.9382,75428,11
2020-02-26,3.9022,3.938,3.6874,3.8666,53900,10.8
2020-02-27,3.8664,4.2244,3.8306,4.2246,244770,11.8
2020-02-28,4.296,4.5824,4.1528,4.4394,241594,12.4
2020-03-02,4.5108,4.5108,4.3318,4.4752,83500,12.5
2020-03-03,4.475,4.5824,4.3318,4.5826,141108,12.8
2020-03-04,4.5108,4.5466,4.4034,4.4394,144820,12.4
2020-03-05,4.4392,4.6898,4.4034,4.5826,73640,12.8
2020-03-06,4.475,4.475,4.4034,4.4752,56210,12.5
2020-03-09,4.296,4.296,4.0454,4.0456,117400,11.3
2020-03-10,3.6874,4.0454,3.6516,3.8666,167000,10.8
2020-03-11,3.9738,4.0454,3.759,3.9024,142120,10.9
2020-03-12,3.759,3.8664,3.5442,3.5802,269365,10
2020-03-13,3.58,3.58,3.222,3.3654,184775,9.4
2020-03-16,3.4726,3.5084,3.3652,3.437,67000,9.6
2020-03-17,3.3652,3.6874,3.3294,3.6876,30558,10.3
2020-03-18,3.58,3.759,3.58,3.6876,47035,10.3
2020-03-19,3.58,3.58,3.3294,3.5802,47800,10
2020-03-20,3.58,3.6158,3.5084,3.5802,55100,10
2020-03-23,3.5084,3.5084,3.222,3.2222,132811,9
2020-03-24,3.2578,3.3652,3.2578,3.3296,47010,9.3
2020-03-25,3.401,3.6158,3.3294,3.5444,96300,9.9
2020-03-26,3.5084,3.5442,3.3652,3.3654,52000,9.4
2020-03-27,3.401,3.4368,3.3294,3.3654,74300,9.4
2020-03-30,3.3294,3.401,3.2936,3.3296,50900,9.3
2020-03-31,3.4368,3.4368,3.3294,3.4012,60640,9.5
2020-04-01,3.401,3.5084,3.401,3.5086,30518,9.8
2020-04-03,3.5084,3.6158,3.5084,3.616,26963,10.1
2020-04-06,3.6158,3.7232,3.58,3.7234,64750,10.4
2020-04-07,3.759,3.7948,3.58,3.7234,57100,10.4
2020-04-08,3.6516,3.6516,3.58,3.616,106800,10.1
2020-04-09,3.6158,3.759,3.58,3.6876,66120,10.3
2020-04-10,3.7232,3.7232,3.6516,3.6876,32681,10.3
2020-04-13,3.6874,3.7948,3.6516,3.7592,79100,10.5
2020-04-14,3.7948,3.7948,3.6516,3.795,20781,10.6
2020-04-15,3.7948,3.8664,3.7232,3.7592,56911,10.5
2020-04-16,3.759,3.7948,3.7232,3.795,41340,10.6
2020-04-17,3.7948,4.1528,3.7948,4.153,218818,11.6
2020-04-20,4.3676,4.5108,4.296,4.332,136382,12.1
2020-04-21,4.2602,4.2602,3.9738,4.0456,98740,11.3
2020-04-22,4.0096,4.117,3.938,4.1172,76300,11.5
2020-04-23,4.2244,4.4392,4.1886,4.2604,107490,11.9
2020-04-24,4.2244,4.3318,4.1886,4.332,106700,12.1
2020-04-27,4.3676,4.5466,4.3318,4.5468,168860,12.7
2020-04-28,4.5466,4.5466,4.4034,4.4752,70338,12.5
2020-04-29,4.3676,4.3676,4.0454,4.0456,364125,11.3
2020-05-04,3.7232,4.117,3.6516,4.0098,85204,11.2
2020-05-05,4.0096,4.1886,4.0096,4.1172,40830,11.5
2020-05-06,4.117,4.2244,4.0812,4.2246,157815,11.8
2020-05-07,4.2244,4.4392,4.2244,4.4036,221507,12.3
2020-05-08,4.4034,4.475,4.3318,4.4036,103840,12.3
2020-05-11,4.4034,4.4034,4.2602,4.2962,53000,12
2020-05-12,4.296,4.3676,4.2244,4.332,58163,12.1
2020-05-13,4.3318,4.3676,4.296,4.2962,50151,12
2020-05-14,4.296,4.3318,4.2602,4.2962,49710,12
2020-05-15,4.296,4.4034,4.2244,4.2604,64260,11.9
2020-05-18,4.2602,4.475,4.2602,4.4752,139260,12.5
2020-05-19,4.5108,4.5108,4.3318,4.4036,135260,12.3
2020-05-20,4.4034,4.4392,4.3676,4.4036,48395,12.3
2020-05-21,4.4034,4.4392,4.3676,4.3678,47300,12.2
2020-05-22,4.4392,4.4392,4.296,4.332,81360,12.1
2020-05-25,4.3318,4.6898,4.3318,4.6184,191978,12.9
2020-05-26,4.6898,4.6898,4.5108,4.6184,51735,12.9
2020-05-27,4.654,4.654,4.4034,4.4036,41980,12.3
2020-05-28,4.296,4.5108,4.0812,4.4394,176949,12.4
2020-05-29,4.4392,4.4392,4.3676,4.4394,37800,12.4
2020-06-01,4.4034,4.5108,4.4034,4.511,78630,12.6
2020-06-02,4.5108,4.5108,4.296,4.2962,91366,12
2020-06-03,4.296,4.3318,4.2244,4.2962,63625,12
2020-06-04,4.3318,4.5108,4.3318,4.332,51970,12.1
2020-06-05,4.3318,4.475,4.3318,4.4752,46051,12.5
2020-06-08,4.4392,4.5108,4.3676,4.4394,100660,12.4
2020-06-09,4.4392,4.4392,4.3676,4.4394,49535,12.4
2020-06-10,4.4034,4.475,4.3318,4.4752,91900,12.5
2020-06-11,4.4392,4.475,4.1886,4.1888,116508,11.7
2020-06-12,4.117,4.1886,4.0096,4.1888,147711,11.7
2020-06-15,4.1886,4.2602,4.0096,4.0098,73115,11.2
2020-06-16,4.0812,4.1528,4.0454,4.1172,23960,11.5
2020-06-17,4.117,4.117,4.117,4.1172,38802,11.5
2020-06-18,4.117,4.117,4.0454,4.1172,37900,11.5
2020-06-19,4.1528,4.1886,4.1528,4.1888,77905,11.7
2020-06-22,4.1886,4.2244,4.1886,4.1888,24700,11.7
2020-06-23,4.1886,4.1886,4.117,4.1172,44400,11.5
2020-06-24,4.117,4.2244,4.0812,4.0814,59400,11.4
2020-06-25,4.0454,4.117,4.0454,4.1172,10000,11.5
2020-06-26,4.117,4.117,4.0812,4.0814,7000,11.4
2020-06-29,4.0812,4.117,4.0454,4.0456,67000,11.3
2020-06-30,4.117,4.3676,4.117,4.2246,177100,11.8
2020-07-01,4.2244,4.4034,4.2244,4.4036,194100,12.3
2020-07-02,4.4034,4.7256,4.3676,4.511,107620,12.6
2020-07-03,4.5108,4.6182,4.5108,4.5468,161850,12.7
2020-07-06,4.5466,4.5824,4.5108,4.5468,89241,12.7
2020-07-07,4.5824,4.6898,4.5466,4.5826,166710,12.8
2020-07-08,4.5466,5.012,4.5466,4.869,269064,13.6
2020-07-09,4.833,5.0836,4.833,4.9764,236298,13.9
2020-07-10,4.9404,4.9762,4.7256,4.8332,180809,13.5
2020-07-13,4.8688,5.012,4.833,4.8332,129740,13.5
2020-07-14,4.833,4.9046,4.7972,4.8332,81120,13.5
2020-07-15,4.8688,5.012,4.833,4.8332,127565,13.5
2020-07-16,4.833,4.8688,4.7614,4.7616,78404,13.3
2020-07-17,4.7972,4.9046,4.7972,4.869,83050,13.6
2020-07-20,4.9404,5.2984,4.9404,5.1912,315700,14.5
2020-07-21,5.1552,5.2626,5.1552,5.1912,136846,14.5
2020-07-22,5.191,5.2268,5.1194,5.1912,114535,14.5
2020-07-23,5.191,5.191,5.0836,5.1912,104640,14.5
2020-07-24,5.191,5.4058,4.9046,5.2628,379570,14.7
2020-07-27,5.1194,5.2268,4.833,4.9406,186900,13.8
2020-07-28,4.9404,5.4058,4.9046,5.4061,259342,15.1
2020-07-29,5.4416,5.8354,5.37,5.8357,520924,16.3
2020-07-30,5.8712,5.9786,5.6564,5.7999,188720,16.2
2020-07-31,5.6922,5.9428,5.6206,5.6209,332990,15.7
2020-08-03,5.6206,6.1576,5.6206,6.1579,582589,17.2
2020-08-04,6.4082,6.6588,6.1934,6.2653,295033,17.5
2020-08-05,6.265,6.4798,6.265,6.3727,258306,17.8
2020-08-06,6.265,6.6588,6.1218,6.5875,270040,18.4
2020-08-07,6.623,6.981,6.5514,6.7307,194657,18.8
2020-08-10,6.7304,6.9452,6.623,6.8023,193024,19
2020-08-11,6.9094,6.9094,6.623,6.7665,334640,18.9
2020-08-12,6.7304,6.7304,6.3366,6.5875,344985,18.4
2020-08-13,6.5156,6.7304,6.4798,6.7307,163717,18.8
2020-08-14,6.802,6.802,6.444,6.5875,142142,18.4
2020-08-17,6.7552,7.2001,6.7552,7.1611,238210,17.7
2020-08-18,7.2001,7.6046,7.2001,7.3634,96190,18.2
2020-08-19,7.3619,7.6046,7.3215,7.5657,157752,18.7
2020-08-20,7.5642,7.5642,7.3215,7.4444,136220,18.4
2020-08-21,7.4024,7.5642,7.3619,7.5253,152171,18.6
2020-08-24,7.5642,7.9282,7.5237,7.8085,213785,19.3
2020-08-25,7.8878,8.09,7.6855,7.6871,139710,19
2020-08-26,7.6855,7.8069,7.5237,7.5657,280480,18.7
2020-08-27,7.6046,7.7664,7.4428,7.6466,192251,18.9
2020-08-28,7.6451,7.6855,7.4428,7.4444,184630,18.4
2020-08-31,7.4428,7.4428,6.9574,7.2825,395033,18
2020-09-01,7.281,7.3215,7.1192,7.1207,100630,17.6
2020-09-03,7.281,7.281,6.9979,7.2421,117130,17.9
2020-09-04,7.1597,7.6046,7.0788,7.4039,194250,18.3
2020-09-07,7.5642,7.5642,7.0788,7.0802,193600,17.5
2020-09-08,7.2001,7.2001,6.9574,7.2016,175220,17.8
2020-09-09,7.0788,7.1597,6.9979,7.0802,81651,17.5
2020-09-10,7.1192,7.4428,7.1192,7.2825,137510,18
2020-09-11,7.281,7.4428,7.1597,7.2825,120810,18
2020-09-14,7.281,7.4428,7.281,7.3634,93295,18.2
2020-09-15,7.3619,7.726,7.281,7.5657,315760,18.7
2020-09-16,7.6451,7.6451,7.4024,7.4848,109859,18.5
2020-09-17,7.5642,7.5642,7.3619,7.5253,103250,18.6
2020-09-18,7.4428,7.4428,7.281,7.2825,102360,18
2020-09-21,7.281,7.3215,7.0788,7.0802,263436,17.5
2020-09-22,7.0788,7.1597,6.917,7.0802,250808,17.5
2020-09-23,7.0788,7.1192,7.0383,7.0802,60156,17.5
2020-09-24,7.0383,7.1597,6.9979,7.0398,77860,17.4
2020-09-25,7.0383,7.2001,7.0383,7.1611,93864,17.7
2020-09-28,7.1597,7.2001,7.0788,7.1611,62260,17.7
2020-09-29,7.2001,7.2406,6.9979,7.0802,112916,17.5
2020-09-30,7.0383,7.2001,7.0383,7.2016,74880,17.8
2020-10-01,7.2406,7.4428,7.2406,7.4444,177073,18.4
2020-10-02,7.4428,7.4428,7.1597,7.323,147099,18.1
2020-10-05,7.3619,7.8473,7.3215,7.8489,212161,19.4
2020-10-06,7.8473,8.09,7.8473,7.9299,241632,19.6
2020-10-07,7.8878,7.9282,7.6855,7.7276,118520,19.1
2020-10-08,7.726,8.0496,7.726,7.9299,271620,19.6
2020-10-09,7.8878,8.6968,7.8878,8.6986,345732,21.5
2020-10-12,8.899,9.1417,8.7777,8.8604,160400,21.9
2020-10-13,8.899,8.9395,8.4945,8.9009,255495,22
2020-10-14,8.899,9.6676,8.8586,9.265,158850,22.9
2020-10-15,9.344,9.5867,9.1013,9.1841,206058,22.7
2020-10-16,9.1822,9.2226,8.2923,8.294,480668,20.5
2020-10-19,8.2923,8.6159,8.0091,8.4558,278895,20.9
2020-10-20,8.4136,8.4136,8.0091,8.2535,135170,20.4
2020-10-21,9.0608,9.0608,8.4541,9.0627,466141,22.4
2020-10-22,9.0608,9.708,9.0608,9.4268,192341,23.3
2020-10-23,9.5867,9.6676,9.3035,9.6291,130202,23.8
2020-10-26,9.2631,9.8698,9.2631,9.5482,191882,23.6
2020-10-27,9.4653,9.708,9.2226,9.71,199633,24
2020-10-28,9.708,9.708,8.7372,9.1031,208585,22.5
2020-10-29,8.899,9.3844,8.8586,9.3864,138860,23.2
2020-10-30,9.2631,9.3844,8.4541,8.739,371410,21.6
2020-11-02,8.6968,8.899,8.09,8.5772,117227,21.2
2020-11-03,8.5754,8.9395,8.4945,8.5772,108492,21.2
2020-11-04,8.6159,9.0204,8.5754,9.0222,172021,22.3
2020-11-05,8.9799,9.0204,8.6159,8.8604,157947,21.9
2020-11-06,8.8586,8.8586,8.6159,8.739,120988,21.6
2020-11-09,8.6968,8.7777,8.535,8.6581,204950,21.4
2020-11-10,8.6968,9.1013,8.6563,8.8199,263045,21.8
2020-11-11,8.8586,8.9395,8.7372,8.9009,132280,22
2020-11-12,8.899,9.3035,8.899,9.1841,136399,22.7
2020-11-13,9.1822,9.2631,8.9395,9.2245,152941,22.8
2020-11-16,9.2226,9.2631,9.0204,9.1031,148661,22.5
2020-11-17,9.1013,9.3035,8.9799,9.2245,204110,22.8
2020-11-18,9.2631,9.6271,9.1013,9.5077,276242,23.5
2020-11-19,9.5058,9.6676,9.3035,9.4673,155020,23.4
2020-11-20,9.4653,9.5058,9.3035,9.4673,125871,23.4
2020-11-23,9.4653,9.6271,9.3844,9.5482,151004,23.6
2020-11-24,9.5462,9.5867,9.3844,9.5482,209414,23.6
2020-11-25,9.5462,10.4766,9.5462,10.4787,406713,25.9
2020-11-26,10.4766,11.1238,10.4766,10.8833,274098,26.9
2020-11-27,10.6384,10.9215,10.4361,10.9238,125990,27
2020-11-30,10.7193,10.8406,10.4361,10.5192,153532,26
2020-12-01,10.3148,10.9215,10.1934,10.5192,169306,26
2020-12-02,10.517,10.7193,10.3552,10.7215,164980,26.5
2020-12-03,10.9215,11.0429,10.7193,10.7215,117664,26.5
2020-12-04,10.8811,10.8811,10.6384,10.7215,103440,26.5
2020-12-07,10.7193,10.8811,10.6788,10.7215,109830,26.5
2020-12-08,10.7193,10.962,10.7193,10.9642,220762,27.1
2020-12-09,10.962,11.326,10.962,11.0856,95517,27.4
2020-12-10,11.0833,11.0833,10.6384,10.7619,157921,26.6
2020-12-11,10.7193,10.8406,10.5979,10.8429,107772,26.8
2020-12-14,10.8406,11.2451,10.7193,11.2474,304100,27.8
2020-12-15,11.2047,11.6901,11.2047,11.5307,236315,28.5
2020-12-16,11.6901,11.6901,11.2047,11.4093,158270,28.2
2020-12-17,11.3665,11.3665,10.8406,11.2474,300030,27.8
2020-12-18,11.2451,11.326,11.1238,11.3284,126211,28
2020-12-21,11.326,11.4474,11.2451,11.2879,151640,27.9
2020-12-22,11.2451,11.8114,11.2451,11.8139,293031,29.2
2020-12-23,11.771,11.9328,11.3665,11.6925,141371,28.9
2020-12-24,11.6901,11.7305,10.9215,11.6116,228172,28.7
2020-12-25,11.4878,11.6901,11.1642,11.652,133975,28.8
2020-12-28,11.326,11.7305,10.9215,11.2474,108740,27.8
2020-12-29,11.2451,11.4474,11.1238,11.4497,124425,28.3
2020-12-30,11.4474,11.4474,11.2451,11.4497,73741,28.3
2020-12-31,11.4474,11.4878,11.2856,11.2879,100618,27.9
2021-01-04,11.326,11.8114,11.326,11.652,194880,28.8
2021-01-05,11.7305,12.0541,11.7305,11.8948,298831,29.4
2021-01-06,11.9328,11.9328,11.6901,11.7329,139699,29
2021-01-07,11.6496,12.135,11.6092,12.0162,176954,29.7
2021-01-08,12.0137,12.0541,11.771,11.7734,164432,29.1
2021-01-11,11.771,12.0541,11.6901,11.9757,177000,29.6
2021-01-12,11.9732,12.4586,11.771,12.2184,172728,30.2
2021-01-13,12.2159,12.5395,12.0541,12.4207,178600,30.7
2021-01-14,12.4182,12.4991,12.135,12.4207,83930,30.7
2021-01-15,12.4182,12.7822,12.2564,12.5421,161729,31
2021-01-18,12.4586,12.7418,12.0137,12.2589,203390,30.3
2021-01-19,12.2564,12.2968,11.0833,12.0162,276530,29.7
2021-01-20,11.8923,11.9732,11.2856,11.7329,176980,29
2021-01-21,11.7305,11.8923,11.5687,11.8948,163700,29.4
2021-01-22,11.8519,11.8923,11.6092,11.6925,82259,28.9
2021-01-25,11.5687,11.6901,11.4878,11.4902,54249,28.4
2021-01-26,11.326,11.6496,11.0833,11.652,214088,28.8
2021-01-27,11.6496,11.6496,11.1238,11.2474,175511,27.8
2021-01-28,11.0024,11.0429,10.153,10.1551,167300,25.1
2021-01-29,9.1822,11.1642,9.1417,10.9238,228610,27
2021-02-01,10.9215,10.9215,9.8294,9.8314,105850,24.3
2021-02-02,9.8294,10.0721,9.1417,10.0742,54156,24.9
2021-02-03,10.153,10.3957,9.9507,10.1551,136300,25.1
2021-02-04,10.153,10.517,10.153,10.236,74100,25.3
2021-02-05,10.2743,10.3552,10.1934,10.3169,69001,25.5
2021-02-08,10.517,10.8406,10.3148,10.7215,113350,26.5
2021-02-09,10.6788,10.8406,10.517,10.8429,76641,26.8
2021-02-17,10.5575,11.0833,10.5575,11.0452,91360,27.3
2021-02-18,11.0429,11.5283,10.8406,11.5307,172839,28.5
2021-02-19,11.5283,12.0137,11.4069,11.9352,168204,29.5
2021-02-22,11.9328,12.0946,11.4878,11.4902,129803,28.4
2021-02-23,11.5283,11.5687,11.1642,11.4902,113502,28.4
2021-02-24,11.4878,11.5283,11.2047,11.3284,111663,28
2021-02-25,11.3665,11.5283,11.326,11.4497,63100,28.3
2021-02-26,11.0429,11.2856,11.0429,11.2879,125500,27.9
2021-03-01,11.2451,11.326,11.1642,11.3284,110500,28
2021-03-02,11.4069,11.6496,11.326,11.652,154400,28.8
2021-03-03,11.6496,11.9328,11.4878,11.8139,169344,29.2
2021-03-04,12.944,12.944,11.3665,11.6925,107533,28.9
2021-03-05,11.6496,11.7305,11.4474,11.7329,74000,29
2021-03-08,11.7305,12.2968,11.6496,12.2184,349581,30.2
2021-03-09,12.2968,12.6204,11.9732,12.5421,315793,31
2021-03-10,12.58,13.7935,12.58,13.7963,522238,34.1
2021-03-11,13.7935,14.9261,13.7935,14.3627,436739,35.5
2021-03-12,14.3598,14.9261,13.753,14.2414,220236,35.2
2021-03-15,14.2384,14.3598,13.9957,14.1605,162260,35
2021-03-16,14.1575,14.198,13.6317,13.9582,213935,34.5
2021-03-17,13.7935,15.3306,13.7935,15.1315,391700,37.4
2021-03-18,15.1688,16.625,15.1688,16.6284,478487,41.1
2021-03-19,16.989,18.2834,16.7868,17.7613,335956,43.9
2021-03-22,17.7576,17.7576,16.3014,16.7903,219860,41.5
2021-03-23,16.5845,16.5845,15.1283,15.1719,614002,37.5
2021-03-24,14.7643,15.371,14.1575,15.3337,283420,37.9
2021-03-25,15.371,16.7868,14.8047,15.7788,306460,39
2021-03-26,15.7755,15.7755,14.6834,15.6574,147696,38.7
2021-03-29,15.4924,15.6542,14.9665,15.3337,134102,37.9
2021-03-30,15.2092,15.3306,14.9665,15.1719,120910,37.5
2021-03-31,15.1688,15.1688,14.6834,14.8482,174503,36.7
2021-04-01,14.7643,15.4519,14.7643,15.4147,154020,38.1
2021-04-02,15.6946,15.8564,14.7643,15.3337,148344,37.9
2021-04-05,15.3306,15.371,15.0879,15.1719,92712,37.5
2021-04-06,15.1688,15.1688,14.8856,15.091,107300,37.3
2021-04-07,14.9261,15.816,14.6025,15.4551,116251,38.2
2021-04-08,15.5733,15.5733,15.2092,15.2124,62600,37.6
2021-04-09,15.2092,15.5733,15.0474,15.3742,115735,38
2021-04-12,15.371,15.5733,15.1688,15.4956,113250,38.3
2021-04-13,15.5328,15.9373,15.2497,15.2528,179800,37.7
2021-04-14,15.1688,15.2901,15.0879,15.2124,81300,37.6
2021-04-15,15.2092,15.2901,15.007,15.1719,101200,37.5
2021-04-16,15.2497,15.371,13.8744,14.7673,183500,36.5
2021-04-19,14.7643,14.9665,14.562,14.6055,84800,36.1
2021-04-20,14.6025,14.6834,14.1575,14.5246,101050,35.9
2021-04-22,14.5216,14.562,13.389,13.3917,147521,33.1
2021-04-23,13.1867,13.6721,12.9845,13.5536,99300,33.5
2021-04-26,13.5508,13.9148,12.8631,13.2299,99600,32.7
2021-04-27,13.5508,13.5508,12.5395,12.5421,93213,31
2021-04-28,12.5395,12.6609,12.3373,12.623,155410,31.2
2021-04-29,12.7013,13.3081,12.7013,12.9872,67100,32.1
2021-05-04,12.5395,12.8227,12.2564,12.7444,49300,31.5
2021-05-05,12.7418,13.0654,12.5395,12.8658,65320,31.8
2021-05-06,12.8631,13.3485,12.8631,13.1085,102424,32.4
2021-05-07,13.3081,13.4294,12.944,13.1085,140900,32.4
2021-05-10,13.1463,13.1463,12.7418,12.9467,93703,32
2021-05-11,12.944,12.944,12.7013,12.8253,76800,31.7
2021-05-12,12.7418,13.753,12.4991,13.5131,180600,33.4
2021-05-13,13.5103,13.5103,13.1867,13.1895,122622,32.6
2021-05-14,13.2272,13.2676,12.8227,12.8253,118000,31.7
2021-05-17,12.944,12.944,12.4991,12.5421,94830,31
2021-05-18,12.4586,12.4991,11.8923,11.8948,178957,29.4
2021-05-19,11.8923,12.4586,11.8923,12.0971,104470,29.9
2021-05-20,12.135,12.3777,12.0946,12.2994,104500,30.4
2021-05-21,12.2968,12.7013,12.135,12.623,106659,31.2
2021-05-24,12.5395,12.7418,12.4182,12.7444,99866,31.5
2021-05-25,12.7418,13.0249,12.7418,12.9062,80503,31.9
2021-05-26,12.9036,12.944,12.6609,12.6635,75651,31.3
2021-05-27,12.6609,12.6609,12.2968,12.4612,75068,30.8
2021-05-28,12.4586,12.6609,12.3373,12.4612,66635,30.8
2021-05-31,12.5395,12.5395,12.0946,12.2589,131600,30.3
2021-06-01,12.135,12.944,12.0541,12.9062,193700,31.9
2021-06-02,12.9036,13.9148,12.9036,13.8368,297334,34.2
2021-06-03,13.7935,14.0766,13.4294,13.7559,154600,34
2021-06-04,13.8339,13.9148,13.3485,13.4727,127000,33.3
2021-06-07,13.4699,13.4699,12.944,13.3108,159870,32.9
2021-06-08,13.3081,14.3598,13.1867,13.7559,318600,34
2021-06-09,13.753,14.1171,13.5508,13.8772,116700,34.3
2021-06-10,13.8744,13.8744,13.5508,13.5536,67761,33.5
2021-06-11,13.5508,13.7126,13.4294,13.675,96939,33.8
2021-06-14,13.753,14.7643,13.6721,14.3627,432218,35.5
2021-06-15,14.4002,15.1688,14.198,14.8887,236651,36.8
2021-06-16,14.9665,14.9665,14.562,14.7269,92015,36.4
2021-06-17,14.6834,14.6834,14.3193,14.6864,185000,36.3
2021-06-18,14.6834,15.0879,14.562,14.8078,221000,36.6
2021-06-21,14.562,14.7643,14.3598,14.6055,161420,36.1
2021-06-22,14.562,15.1688,14.562,14.565,180964,36
2021-06-23,14.562,14.6834,13.6317,13.7154,283414,33.9
2021-06-24,13.7126,13.753,13.2676,13.5131,197400,33.4
2021-06-25,13.5103,13.5508,13.1867,13.4727,168268,33.3
2021-06-28,13.4699,13.5103,13.0654,13.3513,150864,33
2021-06-29,13.4294,13.4294,13.2676,13.3108,136900,32.9
2021-06-30,13.389,13.389,12.944,13.149,83200,32.5
2021-07-01,13.1867,13.1867,13.0249,13.149,138626,32.5
2021-07-02,13.1463,13.3081,13.1058,13.1085,119530,32.4
2021-07-05,13.1058,13.1058,12.4586,12.7849,208549,31.6
2021-07-06,12.6609,12.7418,12.4991,12.5017,114400,30.9
2021-07-07,12.3373,12.5395,11.7305,12.5421,134053,31
2021-07-08,12.58,12.7418,12.2159,12.623,116371,31.2
2021-07-09,12.4586,12.6204,12.3373,12.5421,61400,31
2021-07-12,12.3777,12.5395,11.5283,12.5421,146229,31
2021-07-13,12.9906,13.1254,12.5411,13.0366,41230,29
2021-07-14,13.0805,13.7098,12.8108,13.0816,70533,29.1
2021-07-15,13.1254,13.1254,12.8557,13.0366,34487,29
2021-07-16,13.0355,13.0805,12.8557,13.0366,33650,29
2021-07-19,12.9007,12.9456,12.4062,12.677,79920,28.2
2021-07-20,12.586,12.8108,12.3613,12.8118,52795,28.5
2021-07-21,12.8108,13.0355,12.7658,12.8118,41100,28.5
2021-07-22,12.8108,13.1254,12.8108,13.0366,92310,29
2021-07-23,13.0805,13.8446,12.9906,13.8458,192452,30.8
2021-07-26,13.8446,14.1593,13.3052,14.1605,191190,31.5
2021-07-27,14.2042,14.5638,14.0244,14.2054,147988,31.6
2021-07-28,14.1593,14.2492,13.6199,13.8907,119042,30.9
2021-07-29,13.9345,13.9345,13.3502,13.8907,131138,30.9
2021-07-30,13.8446,13.8896,13.3951,13.8458,124130,30.8
2021-08-02,13.8446,13.9795,13.6648,13.8907,188071,30.9
2021-08-03,13.8896,14.8335,13.7997,14.8348,581126,33
2021-08-04,14.8785,15.5078,14.8335,15.1045,271450,33.6
2021-08-05,15.0583,15.0583,14.7436,14.9247,149370,33.2
2021-08-06,14.8335,15.5078,14.6088,14.9247,401870,33.2
2021-08-09,14.8335,15.4628,14.8335,15.2393,432900,33.9
2021-08-10,15.2381,15.9123,15.2381,15.9137,571782,35.4
2021-08-11,15.9123,15.9573,14.8335,14.8348,553577,33
2021-08-12,14.8335,15.5078,14.384,15.2393,467164,33.9
2021-08-13,15.2381,15.283,14.5189,15.2843,332247,34
2021-08-16,15.328,16.5866,15.283,16.4981,826039,36.7
2021-08-17,16.4967,16.5416,15.9573,16.0036,298618,35.6
2021-08-18,16.0472,16.0472,15.5527,16.0485,244756,35.7
2021-08-19,16.0472,16.0472,15.7325,16.0485,161688,35.7
2021-08-20,16.0921,16.6315,14.8335,15.7788,595150,35.1
2021-08-23,15.7325,15.7775,14.6088,14.61,305010,32.5
2021-08-24,14.4739,14.6088,13.7547,14.0256,330790,31.2
2021-08-25,14.0244,14.4739,13.7098,14.4751,166664,32.2
2021-08-26,14.5189,14.6088,13.9345,14.4302,202220,32.1
2021-08-27,14.3391,14.6088,14.1143,14.61,140647,32.5
2021-08-30,14.6088,15.1931,14.6088,15.1494,269110,33.7
2021-08-31,15.1931,15.6876,14.8335,15.1944,395575,33.8
2021-09-01,15.283,15.9573,15.1931,15.9586,487944,35.5
2021-09-06,15.9573,16.6315,15.9573,16.4081,480418,36.5
2021-09-07,16.4068,16.4517,15.283,15.554,389288,34.6
2021-09-08,15.5527,15.8224,15.1032,15.554,187715,34.6
2021-09-09,15.5527,15.6426,15.283,15.554,229170,34.6
2021-09-10,15.5527,15.9573,15.4179,15.4192,185691,34.3
2021-09-13,15.4628,15.4628,14.6088,14.61,470250,32.5
2021-09-14,14.6088,14.9684,14.384,14.8348,232320,33
2021-09-15,14.8785,14.9684,14.6088,14.8797,128990,33.1
2021-09-16,14.7436,15.0133,14.7436,14.9247,117167,33.2
2021-09-17,14.9234,14.9684,14.6987,14.7449,288248,32.8
2021-09-20,14.7436,15.283,14.6088,15.1045,318839,33.6
2021-09-21,15.1032,15.8224,14.6088,15.554,400911,34.6
2021-09-22,15.5527,15.8224,15.5527,15.7338,380187,35
2021-09-23,15.7325,16.182,15.283,15.3742,468997,34.2
2021-09-24,15.283,15.4179,14.9684,15.0146,198591,33.4
2021-09-27,15.0133,15.0133,14.384,14.3852,300916,32
2021-09-28,14.384,14.5638,13.9795,14.4751,290794,32.2
2021-09-29,14.4739,14.7436,14.384,14.61,83881,32.5
2021-09-30,14.6088,14.8785,14.6088,14.8348,70173,33
2021-10-01,14.8335,14.8335,14.4739,14.5201,176284,32.3
2021-10-04,14.384,14.6987,14.2941,14.61,189239,32.5
2021-10-05,14.6088,14.7436,14.5189,14.61,140510,32.5
2021-10-06,14.6537,15.2381,14.6088,15.2393,215088,33.9
2021-10-07,15.2381,15.7325,15.2381,15.5091,356302,34.5
2021-10-08,15.5078,15.5078,15.0583,15.0595,227509,33.5
2021-10-11,15.1032,15.4628,15.0583,15.2843,145520,34
2021-10-12,15.328,16.8113,15.328,16.8127,1277997,37.4
2021-10-13,16.8113,17.6654,16.6315,16.8127,597555,37.4
2021-10-14,16.7664,17.3058,16.7664,17.1274,328860,38.1
2021-10-15,17.081,17.3058,16.8113,16.9476,523035,37.7
2021-10-18,16.9012,17.5755,16.9012,17.2173,406928,38.3
2021-10-19,17.2608,17.8002,17.126,17.3522,250128,38.6
2021-10-20,17.3957,17.7553,17.3507,17.6219,299717,39.2
2021-10-21,17.6204,18.2048,17.5755,18.2063,334574,40.5
2021-10-22,18.1598,19.1038,18.1598,18.7008,381356,41.6
2021-10-25,18.6992,19.6881,18.6992,18.9705,321900,42.2
2021-10-26,18.879,18.9689,18.0699,18.8806,411149,42
2021-10-27,18.879,19.5533,18.879,19.2852,200193,42.9
2021-10-28,18.9689,21.1715,18.9689,21.1732,547460,47.1
2021-10-29,21.1715,23.2841,21.1715,22.9264,609381,51
2021-11-01,22.9245,23.7786,22.6998,23.0613,753232,51.3
2021-11-02,23.0594,23.6887,23.0594,23.5558,373248,52.4
2021-11-03,23.5538,25.7114,21.2164,21.2182,922074,47.2
2021-11-04,21.2164,22.475,21.0816,22.0274,608252,49
2021-11-05,22.0705,22.7447,22.0255,22.2072,282853,49.4
2021-11-08,22.2503,22.4301,21.8008,22.2072,362658,49.4
2021-11-09,22.2053,22.3851,21.9356,22.387,385223,49.8
2021-11-10,22.3851,24.1382,22.3851,24.1402,553406,53.7
2021-11-11,24.4978,26.071,24.273,25.4439,721965,56.6
2021-11-12,25.4867,25.5316,24.273,24.2751,456954,54
2021-11-15,24.4978,24.4978,22.1154,23.0613,867031,51.3
2021-11-16,23.1043,23.1493,21.8907,22.1173,546128,49.2
2021-11-17,22.1604,22.1604,20.9467,21.6228,632389,48.1
2021-11-18,21.621,22.4301,21.5311,22.0723,427979,49.1
2021-11-19,22.3402,22.475,21.576,21.8476,474414,48.6
2021-11-22,21.8457,21.8457,20.0028,20.0044,778457,44.5
2021-11-23,19.778,20.5871,18.4295,20.5439,224141,45.7
2021-11-24,20.5871,21.3063,20.4523,21.1283,211821,47
2021-11-25,21.1265,21.6659,21.0816,21.443,138706,47.7
2021-11-26,21.8008,21.8008,20.3174,20.5439,294404,45.7
2021-11-29,20.5422,20.9467,20.0477,20.7687,215493,46.2
2021-11-30,20.8119,21.5311,20.8119,21.1283,240654,47
2021-12-01,21.1265,21.2164,20.677,21.0833,138484,46.9
2021-12-02,20.8568,21.1715,20.677,21.1283,248128,47
2021-12-03,21.1265,21.1265,20.2275,20.2292,209236,45
2021-12-06,20.2275,20.2275,18.6543,19.3301,282880,43
2021-12-07,19.3285,19.8679,19.1038,19.7797,196790,44
2021-12-08,19.8679,19.9129,19.5533,19.7797,87932,44
2021-12-09,19.778,21.7558,19.6432,21.7576,446532,48.4
2021-12-10,22.0255,23.1043,21.8457,22.4769,404191,50
2021-12-13,22.475,23.4639,22.0255,23.1512,343472,51.5
2021-12-14,23.1493,23.1493,22.1604,22.432,249130,49.9
2021-12-15,22.4301,22.4301,21.7558,22.0274,167478,49
2021-12-16,22.0255,22.475,21.8008,22.2521,209881,49.5
2021-12-17,22.2503,23.4639,22.2503,23.1512,331089,51.5
2021-12-20,23.3291,24.0483,22.1154,23.6008,352020,52.5
2021-12-21,23.374,23.5988,22.9245,23.376,240805,52
2021-12-22,23.374,23.6887,23.2392,23.376,328905,52
2021-12-23,23.374,23.374,21.8008,22.2072,333246,49.4
2021-12-24,22.2503,23.5089,22.1154,22.4769,244003,50
2021-12-27,22.475,22.52,22.0255,22.432,127336,49.9
2021-12-28,22.4301,22.6998,22.0705,22.1622,215350,49.3
2021-12-29,22.2503,24.1831,22.0255,23.8255,505715,53
2021-12-30,23.8235,23.8235,23.3291,23.331,152060,51.9
2021-12-31,23.3291,23.374,22.8796,23.0613,92080,51.3
2022-01-04,23.0594,23.2841,22.6099,22.9714,242870,51.1
2022-01-05,22.9695,23.0144,22.52,22.5219,205651,50.1
2022-01-06,22.5649,24.7675,22.4301,24.7696,924085,55.1
2022-01-07,27.1948,27.1948,24.7675,26.1182,505833,58.1
2022-01-10,26.116,26.3407,25.172,25.1741,336078,56
2022-01-11,24.4978,25.172,24.273,24.4549,449176,54.4
2022-01-12,24.318,24.4528,22.0255,23.331,513283,51.9
2022-01-13,23.374,23.5988,21.0366,21.0384,423944,46.8
2022-01-14,21.0366,21.8907,19.5982,21.8026,240204,48.5
2022-01-17,21.8008,21.8457,19.6881,19.6898,245880,43.8
2022-01-18,19.6881,19.6881,17.98,18.4311,369120,41
2022-01-19,18.4295,19.5533,17.5305,19.465,203951,43.3
2022-01-20,19.4634,21.1265,18.879,20.8586,184857,46.4
2022-01-21,20.9917,21.621,20.4523,20.454,151114,45.5
2022-01-24,20.4523,20.4523,18.4295,18.6109,303852,41.4
2022-01-25,18.5194,19.7331,17.5305,19.7347,161970,43.9
2022-01-26,19.778,19.9578,18.0699,18.9705,144200,42.2
2022-01-27,18.4295,19.1937,18.0699,18.2962,195707,40.7
2022-01-28,18.2497,18.5644,18.2048,18.3412,142700,40.8
2022-02-07,18.3846,19.1937,18.3846,18.8357,119969,41.9
2022-02-08,18.879,20.0028,18.8341,19.5999,158144,43.6
2022-02-09,19.778,19.9129,19.1038,19.8696,114058,44.2
2022-02-10,19.823,20.2275,19.4184,19.6898,72936,43.8
2022-02-11,19.5982,19.5982,19.2836,19.5549,251509,43.5
2022-02-14,19.5083,19.5083,18.924,19.2852,141252,42.9
2022-02-15,19.3285,19.3735,18.7442,19.2402,108547,42.8
2022-02-16,19.2836,20.1826,19.2836,20.1843,204061,44.9
2022-02-17,20.2275,20.4972,19.823,20.0944,102803,44.7
2022-02-18,19.9578,20.3174,19.778,20.3191,146592,45.2
2022-02-21,20.3174,21.3513,20.0927,20.7237,268574,46.1
2022-02-22,20.677,20.722,19.3285,20.0044,206870,44.5
2022-02-23,19.6881,20.4073,19.6881,20.2292,150926,45
2022-02-24,20.2275,20.2275,18.7442,19.2852,274556,42.9
2022-02-25,19.3285,19.778,19.2836,19.51,132703,43.4
2022-02-28,19.5083,19.5083,19.1937,19.2402,127504,42.8
2022-03-01,19.2386,19.5533,19.0139,19.51,181131,43.4
2022-03-02,19.5083,19.823,19.2836,19.7797,147543,44
2022-03-03,19.778,19.778,19.4634,19.6898,137840,43.8
2022-03-04,19.6881,20.677,19.5533,20.2742,305271,45.1
2022-03-07,20.2275,20.2275,19.778,19.7797,156277,44
2022-03-08,19.7331,20.1826,19.5083,19.6448,257310,43.7
2022-03-09,19.5982,19.778,18.7442,19.3301,209751,43
2022-03-10,19.3735,19.6432,18.7891,19.3751,184814,43.1
2022-03-11,19.4184,19.5982,18.879,19.1054,141159,42.5
2022-03-14,19.1038,19.4184,18.6543,18.6558,284540,41.5
2022-03-15,18.6992,19.1038,18.6543,19.1054,116400,42.5
2022-03-16,19.1038,19.5533,19.1038,19.1503,79255,42.6
2022-03-17,19.1937,19.4184,19.1038,19.1953,106009,42.7
2022-03-18,19.2386,19.778,19.2386,19.6898,168954,43.8
2022-03-21,19.778,20.1376,19.5982,19.8696,193114,44.2
2022-03-22,19.8679,20.1376,19.778,19.8696,220191,44.2
2022-03-23,19.8679,19.9578,19.6432,19.6448,179470,43.7
2022-03-24,19.6432,19.6432,19.3735,19.5549,112936,43.5
2022-03-25,19.5533,19.6881,19.4184,19.5999,124600,43.6
2022-03-28,19.5982,19.5982,18.879,19.2402,301160,42.8
2022-03-29,19.2386,19.6432,18.879,19.51,187400,43.4
2022-03-30,19.3285,19.4634,19.1038,19.1503,129600,42.6
2022-03-31,19.1937,20.5871,19.1487,20.0494,496516,44.6
2022-04-01,20.0477,20.2275,19.6881,20.0044,186181,44.5
2022-04-04,20.0927,20.9917,20.0477,20.5439,312798,45.7
2022-04-05,20.5422,20.5422,20.0927,20.1393,184010,44.8
2022-04-06,20.1376,21.0816,19.778,20.1843,391255,44.9
2022-04-07,20.1826,20.2275,19.5533,19.5549,236811,43.5
2022-04-08,19.5533,19.5982,19.1038,19.3301,155500,43
2022-04-12,19.3285,19.3735,18.6543,18.6558,153320,41.5
2022-04-13,18.6543,18.8341,17.3957,18.3861,363106,40.9
2022-04-14,19.1038,19.1038,18.2048,18.2513,164425,40.6
2022-04-18,17.5305,17.5305,15.7775,16.1834,416251,36
2022-04-19,16.182,16.4068,14.8335,14.8797,244326,33.1
2022-04-20,14.8785,14.8785,13.9345,13.9357,177702,31
2022-04-21,13.7098,13.7098,12.5411,12.677,253920,28.2
2022-04-22,12.6759,13.4401,12.4961,13.1715,238023,29.3
2022-04-25,13.2603,13.7997,12.1365,12.4522,196306,27.7
2022-04-26,12.3613,13.5749,11.8219,13.5761,193343,30.2
2022-04-27,13.5749,14.2941,13.4401,14.2504,137436,31.7
2022-04-28,14.2492,14.4739,14.0244,14.1155,95500,31.4
2022-04-29,13.9345,14.384,13.9345,14.2504,104800,31.7
2022-05-04,14.2941,14.2941,13.9345,14.1155,128330,31.4
2022-05-05,14.1143,14.1143,13.3951,13.621,253274,30.3
2022-05-06,13.6199,13.6199,12.9456,12.9467,105300,28.8
2022-05-09,12.9456,12.9456,11.687,11.688,224905,26
2022-05-10,11.1926,11.7769,10.8779,11.5981,170765,25.8
2022-05-11,11.687,12.2714,11.4623,12.2724,137407,27.3
2022-05-12,12.2714,12.2714,11.2375,11.2385,127600,25
2022-05-13,11.2375,11.3274,10.1587,10.1596,431710,22.6
2022-05-16,10.1587,10.5633,9.4395,10.1146,186200,22.5
2022-05-17,10.2936,11.1027,9.1249,11.0586,263300,24.6
2022-05-18,11.1027,11.687,11.0577,11.1935,94508,24.9
2022-05-19,10.788,10.9678,10.6082,10.7889,83834,24
2022-05-20,10.788,11.4623,10.788,11.2385,263982,25
2022-05-23,11.2375,11.6421,11.0128,11.3284,130000,25.2
2022-05-24,11.0128,11.3724,11.0128,11.2385,53925,25
2022-05-25,11.2375,11.9118,11.2375,11.5082,330910,25.6
2022-05-26,11.687,12.1365,11.5971,11.9577,161862,26.6
2022-05-27,12.0017,12.3613,11.9567,12.1375,140934,27
2022-05-30,12.1365,12.3613,12.0017,12.2724,176900,27.3
2022-05-31,12.2714,12.3163,11.9118,11.9128,156742,26.5
2022-06-01,11.8668,12.1365,11.8219,11.9128,81226,26.5
2022-06-02,11.9118,12.1365,11.8219,12.0926,191700,26.9
2022-06-03,12.0916,12.0916,11.5072,11.8678,80000,26.4
2022-06-06,11.8668,11.9118,11.687,11.7779,220600,26.2
2022-06-07,11.687,12.1365,11.4623,11.8229,361600,26.3
2022-06-08,11.8668,12.9906,11.8219,12.8568,722101,28.6
2022-06-09,12.9007,13.0355,12.6759,12.9017,243200,28.7
2022-06-10,12.8557,12.9456,12.3613,12.4073,193211,27.6
2022-06-13,12.1365,12.2714,11.1926,11.1935,325301,24.9
2022-06-14,10.788,11.5522,10.5633,11.1935,115600,24.9
2022-06-15,11.1476,11.2375,10.1587,10.4293,218400,23.2
2022-06-16,10.4284,10.9229,10.2936,10.2944,174600,22.9
2022-06-17,10.2037,10.2037,9.3496,9.71,198357,21.6
2022-06-20,9.7092,9.8441,8.99,9.3054,170024,20.7
2022-06-21,8.99,9.4395,8.99,9.2155,135427,20.5
2022-06-22,9.2148,9.6643,8.99,9.4403,136358,21
2022-06-23,9.4395,9.5744,9.3047,9.5752,117705,21.3
2022-06-24,10.3385,10.3385,9.6193,9.755,228884,21.7
2022-06-27,9.8441,10.1587,9.7542,9.7999,197100,21.8
2022-06-28,9.8441,10.4734,9.8441,10.3394,210205,23
2022-06-29,10.4284,10.4284,10.0688,10.2944,192740,22.9
2022-06-30,10.2486,10.3385,9.889,10.0697,149200,22.4
2022-07-01,9.6643,10.1138,9.4395,10.1146,271840,22.5
2022-07-04,10.1587,10.3385,9.889,10.1596,109509,22.6
2022-07-05,9.889,10.1587,9.889,9.9797,140200,22.2
2022-07-06,9.9789,9.9789,9.3946,9.4403,198630,21
2022-07-07,9.4845,9.5294,9.1698,9.3953,127134,20.9
2022-07-08,9.4395,10.1138,9.4395,10.0697,270706,22.4
2022-07-11,10.0688,10.1138,9.8441,10.0697,193400,22.4
2022-07-12,10.0239,10.8779,10.0239,10.7889,205446,24
2022-07-13,10.833,10.9229,10.6532,10.699,198200,23.8
2022-07-14,10.5633,10.6981,10.4284,10.6541,121900,23.7
2022-07-15,10.6082,10.788,10.4734,10.6541,139715,23.7
2022-07-18,10.6532,10.833,10.4734,10.5192,187972,23.4
2022-07-19,10.5183,10.6082,10.3835,10.5641,114900,23.5
2022-07-20,10.6082,10.9678,10.6082,10.7889,211200,24
2022-07-21,10.788,10.9229,10.6532,10.7889,167117,24
2022-07-22,10.7431,10.8779,10.6532,10.7889,209410,24
2022-07-25,10.6532,10.788,10.5183,10.744,144700,23.9
2022-07-26,10.7431,10.7431,10.2037,10.2045,117000,22.7
2022-07-27,10.1138,10.4284,10.0688,10.4293,127800,23.2
2022-07-28,10.4734,11.1476,10.4734,10.8788,189500,24.2
2022-07-29,10.8779,11.0128,10.788,10.8788,111411,24.2
2022-08-01,10.8779,11.1476,10.833,11.1036,201710,24.7
2022-08-02,11.1476,11.6421,11.1476,11.3284,281884,25.2
2022-08-03,11.3274,11.6421,11.1926,11.4183,192550,25.4
2022-08-04,11.4623,11.5971,11.0577,11.2385,299308,25
2022-08-05,11.2375,11.2825,11.0128,11.2834,159401,25.1
2022-08-08,11.2825,11.4623,11.1027,11.1935,275603,24.9
2022-08-09,11.2375,11.2825,11.1027,11.1935,310704,24.9
2022-08-10,11.2375,11.5971,11.1476,11.5082,313904,25.6
2022-08-11,11.5072,12.0017,11.4623,11.7779,436100,26.2
2022-08-12,11.7769,11.9118,11.5971,11.8678,372900,26.4
2022-08-15,11.9118,12.0017,11.5971,11.8678,228417,26.4
2022-08-16,11.8219,12.0017,11.687,11.7329,259904,26.1
2022-08-17,11.732,11.9118,11.6421,11.7779,390611,26.2
2022-08-18,11.732,11.732,11.5072,11.5082,196700,25.6
2022-08-19,11.2825,11.7769,11.2375,11.5082,197800,25.6
2022-08-22,11.4173,11.5522,11.3274,11.5531,222900,25.7
2022-08-23,11.5522,11.9567,11.3724,11.9577,275653,26.6
2022-08-24,11.9567,12.3613,11.9567,12.1825,600045,27.1
2022-08-25,12.2264,12.4512,12.0466,12.1375,267305,27
2022-08-26,12.0916,12.2264,11.9567,12.0476,245953,26.8
2022-08-29,11.9118,11.9118,11.0128,11.688,333000,26
2022-08-30,11.732,11.9118,11.4623,11.4632,234600,25.5
2022-08-31,11.4623,11.5971,11.2375,11.5981,186303,25.8
2022-09-05,11.4623,11.5971,11.3274,11.4632,204400,25.5
2022-09-06,11.4623,11.4623,11.3274,11.4632,136011,25.5
2022-09-07,11.4623,11.4623,10.9229,10.9238,393600,24.3
2022-09-08,10.9678,11.2375,10.788,11.1036,258801,24.7
2022-09-09,11.1027,11.1926,10.8779,11.1485,143300,24.8
2022-09-12,11.1476,11.2825,11.1476,11.2385,106384,25
2022-09-13,11.2375,11.3274,11.0577,11.2385,170865,25
2022-09-14,11.0128,11.1926,10.833,11.1036,176536,24.7
2022-09-15,11.1027,11.5971,11.0577,11.4632,327412,25.5
2022-09-16,11.6421,11.6421,11.1926,11.2385,228309,25
2022-09-19,11.2375,11.3274,10.7431,11.0137,193605,24.5
2022-09-20,11.0128,11.0577,10.5633,11.0137,228749,24.5
2022-09-21,11.0128,11.0577,10.788,10.9687,100800,24.4
2022-09-22,10.9229,11.0128,10.6981,11.0137,170497,24.5
2022-09-23,11.0128,11.1027,10.833,11.1036,218297,24.7
2022-09-26,11.1027,11.2375,10.7431,10.9238,334658,24.3
2022-09-27,11.6339,11.7486,10.3731,11.0622,214597,19.3
2022-09-28,11.0608,11.3474,10.8889,11.1768,201102,19.5
2022-09-29,11.1755,11.2901,10.6597,10.8903,225649,19
2022-09-30,9.8,11.0035,9.8,10.661,187301,18.6
2022-10-03,10.7743,10.7743,10.0293,10.0878,160095,17.6
2022-10-04,10.0866,10.2585,9.8,10.1451,249836,17.7
2022-10-05,10.2012,10.3731,10.0293,10.3171,228814,18
2022-10-06,10.3158,10.3158,9.4562,9.4573,176800,16.5
2022-10-07,9.4562,10.0293,8.5392,8.5976,376650,15
2022-10-10,8.4819,9.3415,7.7369,8.9415,114121,15.6
2022-10-11,9.055,9.055,8.0807,8.0817,240741,14.1
2022-10-12,8.138,8.4246,7.5076,8.311,157000,14.5
2022-10-13,8.31,8.5392,8.0234,8.311,168318,14.5
2022-10-14,8.4246,8.5965,8.31,8.4256,106401,14.7
2022-10-17,8.4246,8.4246,8.1953,8.2537,66300,14.4
2022-10-18,8.0234,8.5965,8.0234,8.4829,135975,14.8
2022-10-19,8.3673,8.6538,8.3673,8.5403,81310,14.9
2022-10-20,8.5392,8.5965,8.31,8.3683,72800,14.6
2022-10-21,8.4246,8.4819,7.5649,7.7951,225960,13.6
2022-10-24,7.7942,7.7942,7.0491,7.05,149200,12.3
2022-10-25,6.9918,7.2211,6.3614,7.05,298474,12.3
2022-10-26,6.9918,7.4503,6.8772,7.05,104345,12.3
2022-10-27,7.0491,7.4503,7.0491,7.3939,167902,12.9
2022-10-28,7.4503,7.5649,7.2211,7.222,87511,12.6
2022-10-31,7.2211,7.2784,6.5333,7.1646,174750,12.5
2022-11-01,7.2211,7.3357,7.0491,7.222,226610,12.6
2022-11-02,7.1064,7.2211,6.9345,7.05,146403,12.3
2022-11-03,7.0491,7.1064,6.8772,7.05,162801,12.3
2022-11-04,7.0491,7.1064,6.476,6.8781,208760,12
2022-11-07,6.8199,6.9345,6.1895,6.3622,216800,11.1
2022-11-08,6.3041,6.476,5.8456,6.1902,135320,10.8
2022-11-09,5.6164,6.3614,5.6164,6.2476,369920,10.9
2022-11-10,5.6737,6.1895,5.6737,5.9037,182455,10.3
2022-11-11,5.6737,6.0176,5.5018,5.789,268601,10.1
2022-11-14,5.2152,5.7883,5.2152,5.2159,288746,9.1
2022-11-15,4.6994,5.1579,4.6994,4.7,472446,8.2
2022-11-16,4.2409,5.1006,4.2409,5.1012,282220,8.9
2022-11-17,4.9287,5.5591,4.9287,5.5598,349559,9.7
2022-11-18,5.6164,6.0176,5.3871,5.961,281272,10.4
2022-11-21,6.0176,6.476,6.0176,6.3049,310991,11
2022-11-22,6.3041,6.9345,6.1322,6.8781,719237,12
2022-11-23,6.8199,7.0491,6.8199,6.8781,295093,12
2022-11-24,6.8199,6.8772,6.648,6.8781,166013,12
2022-11-25,6.9918,7.2211,6.9918,7.1646,156204,12.5
2022-11-28,7.1638,7.8515,6.9345,7.8524,401257,13.7
2022-11-29,7.5649,8.4246,7.1064,8.0817,257965,14.1
2022-11-30,7.7369,8.2526,7.7369,8.0244,252664,14
2022-12-01,8.0234,8.8257,7.9661,8.2537,649798,14.4
2022-12-02,8.138,8.6538,7.8515,8.3683,363539,14.6
2022-12-05,8.4246,8.6538,8.138,8.2537,232412,14.4
2022-12-06,8.138,8.1953,7.4503,7.4512,441647,13
2022-12-07,7.3357,7.9661,6.8772,6.8781,343074,12
2022-12-08,6.7053,7.5649,6.648,7.5659,169913,13.2
2022-12-09,7.5649,7.9661,7.1638,7.5659,186367,13.2
2022-12-12,7.3357,7.8515,7.2784,7.2793,193326,12.7
2022-12-13,6.8772,7.7369,6.8772,7.7378,160749,13.5
2022-12-14,7.7942,7.9088,7.6795,7.8524,93587,13.7
2022-12-15,7.7942,7.9661,7.393,7.7378,254244,13.5
2022-12-16,7.7369,7.9661,7.4503,7.7951,119656,13.6
2022-12-19,7.6222,7.8515,7.2784,7.3939,252694,12.9
2022-12-20,7.3357,7.4503,6.9918,7.222,236613,12.6
2022-12-21,7.2784,7.3357,6.7626,7.1073,211065,12.4
2022-12-22,7.1638,7.3357,6.7626,6.9354,258894,12.1
2022-12-23,6.9345,7.1064,6.8772,6.9927,103549,12.2
2022-12-26,6.9918,7.393,6.5333,6.5342,287049,11.4
2022-12-27,6.3041,6.8199,5.9029,6.8207,203773,11.9
2022-12-28,6.1895,7.0491,6.1895,6.7634,194393,11.8
2022-12-29,6.8772,6.9345,6.5333,6.5342,86550,11.4
2022-12-30,6.7053,6.8199,6.2468,6.2476,416343,10.9
2023-01-03,6.4187,6.8199,6.3041,6.8207,364043,11.9
2023-01-04,6.8772,7.4503,6.8199,7.3366,421682,12.8
2023-01-05,7.1638,7.6222,7.1638,7.3939,265636,12.9
2023-01-06,7.4503,7.7369,7.1064,7.222,276409,12.6
2023-01-09,7.1638,7.4503,6.9918,7.1646,222479,12.5
2023-01-10,7.2211,7.2784,6.9345,7.1646,134426,12.5
2023-01-11,7.1064,7.5649,6.9918,7.2793,254300,12.7
2023-01-12,7.2784,7.6795,7.1638,7.5659,414783,13.2
2023-01-13,7.6222,7.7942,7.4503,7.5659,406821,13.2
2023-01-16,7.4503,7.7369,7.393,7.4512,134760,13
2023-01-17,7.4503,7.6795,7.4503,7.6232,342220,13.3
2023-01-18,7.6222,7.6795,7.4503,7.5659,348363,13.2
2023-01-19,7.6795,8.1953,7.6795,8.0817,998423,14.1
2023-01-27,8.0807,8.4246,7.9661,8.0817,323322,14.1
2023-01-30,8.0807,8.4246,8.0234,8.139,614973,14.2
2023-01-31,8.1953,8.2526,7.9661,8.2537,428202,14.4
2023-02-01,8.3673,8.5392,7.7369,7.8524,763438,13.7
2023-02-02,7.7942,8.0234,7.5076,7.5085,348921,13.1
2023-02-03,7.5076,8.0234,7.393,7.6232,316418,13.3
2023-02-06,7.6222,7.8515,7.393,7.8524,614333,13.7
2023-02-07,7.8515,7.9088,7.5076,7.5085,343532,13.1
2023-02-08,7.5076,7.7942,7.2211,7.3939,523652,12.9
2023-02-09,7.2784,7.5649,7.1638,7.3366,391183,12.8
2023-02-10,7.3357,7.393,7.1064,7.1073,153623,12.4
2023-02-13,6.8772,7.1064,6.5907,6.8207,458303,11.9
2023-02-14,6.8199,6.9345,6.648,6.9354,172947,12.1
2023-02-15,6.9345,7.2784,6.8199,7.222,361005,12.6
2023-02-16,7.3357,7.393,7.1638,7.222,146798,12.6
2023-02-17,7.2784,7.5076,7.2211,7.3939,344216,12.9
2023-02-20,7.393,7.6795,7.3357,7.6805,168451,13.4
2023-02-21,7.6795,7.9088,7.5649,7.6805,203870,13.4
2023-02-22,7.7942,7.9088,7.1638,7.2793,367685,12.7
2023-02-23,7.2211,7.3357,6.9918,7.3366,199641,12.8
2023-02-24,7.393,7.4503,7.0491,7.1646,128111,12.5
2023-02-27,7.2211,7.2211,6.9918,6.9927,205421,12.2
2023-02-28,6.9345,7.2211,6.9345,7.05,167290,12.3
2023-03-01,7.0491,7.3357,6.8772,7.3366,222498,12.8
2023-03-02,7.3357,7.3357,7.1638,7.1646,64179,12.5
2023-03-03,7.2784,7.2784,7.1638,7.2793,63400,12.7
2023-03-06,7.1064,7.5076,7.0491,7.3939,291390,12.9
2023-03-07,7.393,7.393,7.2784,7.3939,66138,12.9
2023-03-08,7.3357,7.4503,7.2784,7.4512,144200,13
2023-03-09,7.4503,7.6795,7.4503,7.6805,332587,13.4
2023-03-10,7.6222,7.6795,7.5076,7.5659,203604,13.2
2023-03-13,7.4503,7.5076,7.393,7.4512,157208,13
2023-03-14,7.4503,7.8515,7.2211,7.5659,535804,13.2
2023-03-15,7.6222,8.138,7.6222,8.139,741473,14.2
2023-03-16,8.0807,8.31,7.9661,8.0817,426250,14.1
2023-03-17,8.0807,8.138,7.9088,7.9098,190209,13.8
2023-03-20,7.9661,8.138,7.7942,7.8524,223923,13.7
2023-03-21,7.8515,7.9088,7.6795,7.9098,259481,13.8
2023-03-22,8.0234,8.0234,7.8515,7.9671,139005,13.9
2023-03-23,7.7942,8.7111,7.7942,8.7122,852568,15.2
2023-03-24,8.7111,9.055,8.5965,8.8842,558896,15.5
2023-03-27,8.8831,9.3988,8.8831,9.1134,441469,15.9
2023-03-28,9.1123,9.2842,8.9404,9.0561,227515,15.8
2023-03-29,8.9404,9.5135,8.8257,9.5146,491005,16.6
2023-03-30,9.6281,9.7427,9.3988,9.5146,295839,16.6
2023-03-31,9.5135,9.5708,9.2842,9.4,383299,16.4
2023-04-03,9.3988,10.1439,9.3988,10.1451,529047,17.7
2023-04-04,10.1439,10.2585,9.8573,10.1451,183709,17.7
2023-04-05,10.1439,10.2585,9.8573,9.9732,293447,17.4
2023-04-06,9.9719,9.9719,9.5708,9.6293,421214,16.8
2023-04-07,9.6281,9.8,9.2842,9.5146,438908,16.6
2023-04-10,8.5965,9.9719,8.5965,9.2854,856438,16.2
2023-04-11,9.2269,9.3988,8.9977,9.4,437945,16.4
2023-04-12,9.3415,9.6281,9.2842,9.4,443927,16.4
2023-04-13,9.4562,9.8,9.3415,9.4573,534900,16.5
2023-04-14,9.5135,9.5708,9.055,9.0561,253003,15.8
2023-04-17,9.055,9.2269,8.8831,9.0561,232168,15.8
2023-04-18,9.1696,9.9146,8.9404,9.9159,812341,17.3
2023-04-19,9.9146,10.2585,9.6281,9.7439,412971,17
2023-04-20,9.5708,9.9719,9.5708,9.7439,421989,17
2023-04-21,9.7427,9.8573,9.7427,9.7439,692708,17
2023-04-24,9.7427,9.7427,9.3415,9.3427,560044,16.3
2023-04-25,9.3415,9.5708,8.8257,9.1707,944179,16
2023-04-26,9.1696,9.4562,8.9404,9.4573,176492,16.5
2023-04-27,9.5135,10.1439,8.9977,9.4573,433031,16.5
2023-04-28,9.6854,10.3731,9.3988,10.3744,1215836,18.1
2023-05-04,11.4047,11.4047,11.1755,11.4061,901977,19.9
2023-05-05,11.8632,12.2643,11.462,11.8073,937354,20.6
2023-05-08,11.9205,12.9521,11.8632,12.9537,1430888,22.6
2023-05-09,13.124,14.2129,13.124,14.2146,1484018,24.8
2023-05-10,14.3275,15.5883,14.3275,15.5903,1758227,27.2
2023-05-11,15.9895,17.0784,15.7603,15.9915,1563187,27.9
2023-05-12,15.9895,16.0468,14.786,15.361,1466147,26.8
2023-05-15,15.4737,16.8491,15.1872,16.45,1477040,28.7
2023-05-16,16.3334,17.0784,16.0468,16.9086,1117824,29.5
2023-05-17,16.9638,17.7088,16.3907,17.2525,1287909,30.1
2023-05-18,17.2503,17.4796,16.3907,16.3927,1424022,28.6
2023-05-19,16.3907,16.5626,15.2445,16.2781,820450,28.4
2023-05-22,16.276,16.7345,15.7029,16.7366,926327,29.2
2023-05-23,16.9065,17.4222,16.3907,16.622,1122351,29
2023-05-24,16.6772,17.1357,16.1614,16.1634,701873,28.2
2023-05-25,16.1614,16.5626,16.0468,16.1634,528885,28.2
2023-05-26,16.1614,17.0211,16.1041,16.2207,543453,28.3
2023-05-29,16.2187,17.1357,16.2187,16.6793,757758,29.1
2023-05-30,16.9638,18.2819,16.7918,18.2842,1506953,31.9
2023-05-31,18.3392,19.1989,17.7661,18.1695,898405,31.7
2023-06-01,18.1673,18.6258,17.8807,18.1695,679627,31.7
2023-06-02,18.2246,18.3392,17.193,17.1951,991134,30
2023-06-05,17.193,17.5942,16.6199,16.9659,1046543,29.6
2023-06-06,16.9638,17.6515,16.9065,17.5964,928592,30.7
2023-06-07,17.7661,17.7661,17.193,17.3671,694693,30.3
2023-06-08,17.3649,17.5369,16.3334,16.3354,1142130,28.5
2023-06-09,16.3907,16.7345,16.1041,16.622,818486,29
2023-06-12,16.6199,18.2246,16.5626,18.0549,1222455,31.5
2023-06-13,18.0527,18.6258,17.8234,17.8829,926759,31.2
2023-06-14,17.938,17.9953,17.0211,17.0232,668393,29.7
2023-06-15,17.0211,17.6515,16.8491,17.539,524541,30.6
2023-06-16,17.5942,17.938,17.193,17.1951,538639,30
2023-06-19,17.4222,17.8807,16.9065,17.5964,488041,30.7
2023-06-20,17.7088,19.0269,17.5942,18.6281,1562432,32.5
2023-06-21,18.6831,18.9123,18.2819,18.6281,552994,32.5
2023-06-22,18.6258,19.1415,18.4538,18.5134,742550,32.3
2023-06-23,18.5111,18.6831,17.6515,17.711,1862559,30.9
2023-06-26,17.7661,18.3392,16.9065,17.4817,933189,30.5
2023-06-27,17.5942,17.6515,17.2503,17.5964,389902,30.7
2023-06-28,17.6515,17.7088,17.3076,17.6537,421719,30.8
2023-06-29,17.5942,17.938,17.2503,17.3098,566441,30.2
2023-06-30,15.5883,17.3649,15.5883,17.0232,428175,29.7
2023-07-03,17.0211,17.7088,16.8491,17.0232,325924,29.7
2023-07-04,17.1357,17.4222,16.9638,17.1951,298776,30
2023-07-05,17.3076,17.4796,16.6772,17.1378,474401,29.9
2023-07-06,17.1357,17.5369,16.9065,17.539,642446,30.6
2023-07-07,17.5369,19.2562,17.4796,19.2586,2200849,33.6
2023-07-10,19.4854,20.9182,19.3708,20.5195,1022913,35.8
2023-07-11,20.517,21.4913,20.1158,20.5195,733425,35.8
2023-07-12,20.517,21.0901,20.1158,20.9208,704155,36.5
2023-07-13,20.9182,21.2047,20.5743,20.7488,583690,36.2
2023-07-14,20.7462,20.9182,20.1158,20.4622,723032,35.7
2023-07-17,20.517,20.6316,19.4854,19.9464,1016069,34.8
2023-07-18,20.0012,20.9182,19.772,20.1756,475940,35.2
2023-07-19,20.2304,20.7462,19.9439,20.3476,477391,35.5
2023-07-20,20.3451,20.3451,19.772,19.889,678175,34.7
2023-07-21,19.8866,20.517,19.8293,20.1183,449541,35.1
2023-07-24,20.3451,20.3451,20.1158,20.1183,467255,35.1
2023-07-25,20.1731,21.5486,20.1731,21.0354,1086696,36.7
2023-07-26,20.9182,21.1474,20.517,20.5768,342900,35.9
2023-07-27,20.5743,20.7462,19.8866,20.4049,817780,35.6
2023-07-28,20.4024,20.517,20.1158,20.2329,367672,35.3
2023-07-31,20.0585,20.2304,18.3392,19.0866,1846506,33.3
2023-08-01,19.0842,19.0842,18.3392,18.3415,841454,32
2023-08-02,18.3392,18.6258,18.3392,18.6281,534058,32.5
2023-08-03,18.7404,18.7977,18.3392,18.5707,310169,32.4
2023-08-04,18.5684,18.5684,17.7088,18.3415,1185467,32
2023-08-07,18.3392,19.8293,17.7661,17.8256,1474671,31.1
2023-08-08,17.5942,18.1673,17.5942,17.9403,544281,31.3
2023-08-09,17.938,18.5111,17.7088,18.2268,531378,31.8
2023-08-10,18.3392,18.4538,17.6515,17.711,824316,30.9
2023-08-11,17.7088,17.7661,17.193,17.711,554303,30.9
2023-08-14,17.7088,18.3965,17.5369,18.1122,512963,31.6
2023-08-15,18.3392,18.3965,17.4796,17.539,705402,30.6
2023-08-16,17.5369,18.1673,17.2503,17.5964,488436,30.7
2023-08-17,17.5942,17.8807,17.0784,17.1378,698576,29.9
2023-08-18,17.1357,17.4796,15.4737,15.4756,1086432,27
2023-08-21,15.4737,15.531,14.6714,14.9025,593185,26
2023-08-22,14.9579,15.1872,14.3275,15.189,742704,26.5
2023-08-23,15.3018,15.531,15.0725,15.189,250440,26.5
2023-08-24,15.2445,16.3334,14.786,16.3354,1002449,28.5
2023-08-25,16.3334,16.3334,15.8749,16.1061,473516,28.1
2023-08-26,28.5,28.5,27.7,28.1,473516,28.1
2023-08-28,16.1041,16.1614,15.7603,15.9342,479523,27.8
2023-08-29,15.9322,16.5053,15.4737,15.9915,778191,27.9
2023-08-30,16.0468,17.0784,15.9895,17.0805,864775,29.8
2023-08-31,17.1357,17.5942,17.0211,17.2525,609523,30.1
2023-09-05,17.3076,17.4796,16.7345,17.0232,713412,29.7
2023-09-06,17.0211,17.7088,16.7918,17.711,1045854,30.9
2023-09-07,17.7661,17.9953,17.3649,17.6537,675805,30.8
2023-09-08,17.6515,18.3392,17.5369,17.711,602685,30.9
2023-09-11,17.7661,18.11,16.7918,16.7939,1127573,29.3
2023-09-12,16.7345,17.193,16.448,17.1951,510370,30
2023-09-13,17.193,17.4796,16.7918,16.9659,549475,29.6
2023-09-14,16.9638,16.9638,15.8749,15.9915,911034,27.9
2023-09-15,15.9322,16.3907,15.8176,16.1634,429901,28.2
2023-09-18,16.2187,16.276,15.5883,15.7049,321435,27.4
2023-09-20,16.0468,16.7918,15.9322,16.6793,481805,29.1
2023-09-21,16.7345,16.8491,16.448,16.6793,671766,29.1
2023-09-22,16.6772,16.6772,15.3591,15.7622,664351,27.5
2023-09-25,15.7029,16.0468,14.2129,14.2146,659860,24.8
2023-09-26,14.0983,14.5567,13.3532,13.4695,675405,23.5
2023-09-27,13.1813,14.2129,12.9521,14.2146,452461,24.8
2023-09-28,14.3275,14.3275,13.8117,14.0427,273112,24.5
2023-09-29,14.2702,14.8433,14.0983,14.1573,290235,24.7
2023-10-02,14.1556,15.531,13.8117,15.5329,808928,27.1
2023-10-03,15.531,16.6772,15.1872,15.7049,1606348,27.4
2023-10-04,15.0152,16.0468,15.0152,15.8195,425811,27.6
2023-10-05,15.8176,16.8491,15.8176,16.3354,897086,28.5
2023-10-06,16.3907,16.3907,15.5883,16.0488,740003,28
2023-10-09,16.0468,16.1614,15.6456,15.8768,561225,27.7
2023-10-10,15.8749,17.0784,15.8749,16.2781,893834,28.4
2023-10-11,16.3334,16.9638,16.276,16.6793,620789,29.1
2023-10-12,15.7603,17.0211,15.0152,16.7939,771330,29.3
2023-10-13,16.9065,17.4796,16.2187,17.4817,971519,30.5
2023-10-16,17.4796,18.3392,17.3649,17.3671,1202744,30.3
2023-10-17,17.3649,17.4796,15.6456,15.6476,1068203,27.3
2023-10-18,15.7029,15.9322,14.2129,14.5585,1306047,25.4
2023-10-19,14.5567,14.6141,13.8117,13.8707,912298,24.2
2023-10-20,13.9263,14.6714,13.0094,14.6159,1301523,25.5
2023-10-23,14.6714,15.1298,14.4421,14.6732,715395,25.6
2023-10-24,14.6714,15.0725,14.5567,15.0171,564442,26.2
2023-10-25,15.0725,15.2445,14.5567,14.6159,660775,25.5
2023-10-26,14.6141,14.6141,13.1813,13.1829,1585830,23
2023-10-30,13.9729,15.0934,13.182,13.1824,437435,20
2023-10-31,13.5116,13.5116,11.9956,11.996,690379,18.2
2023-11-01,11.9297,12.8525,11.2047,12.6551,586161,19.2
2023-11-02,12.7206,13.907,12.7206,13.9074,1058275,21.1
2023-11-03,14.8298,14.8298,13.5775,13.7756,774875,20.9
2023-11-06,13.8411,14.0388,13.5775,13.9074,644656,21.1
2023-11-07,14.0388,14.3684,13.4456,13.6438,609973,20.7
2023-11-08,13.6434,14.8957,13.5775,14.8961,946790,22.6
2023-11-09,15.0275,16.148,14.7638,15.2257,1353193,23.1
2023-11-10,15.1593,15.9502,14.9616,15.4893,1181585,23.5
2023-11-13,15.4889,15.7525,14.8957,15.4893,543651,23.5
2023-11-14,15.6866,15.8184,15.2252,15.4893,528453,23.5
2023-11-15,15.7525,16.3457,15.4229,15.4893,686615,23.5
2023-11-16,15.4889,15.8184,15.2252,15.8189,371165,24
2023-11-17,15.8184,16.6752,15.5548,15.5552,1927532,23.6
2023-11-20,15.2252,16.082,14.6979,15.8189,901568,24
2023-11-21,15.9502,16.4116,15.6866,15.753,582118,23.9
2023-11-22,15.6866,16.0161,15.5548,15.753,719651,23.9
2023-11-23,15.8843,16.4775,15.1593,15.1598,1591631,23
2023-11-24,15.0275,15.7525,14.5002,15.2916,864456,23.2
2023-11-27,15.357,15.5548,14.6979,14.6984,566484,22.3
2023-11-28,14.5661,14.9616,14.1707,14.8961,752565,22.6
2023-11-29,15.0934,15.357,14.8298,14.962,558565,22.7
2023-11-30,15.2911,15.4889,14.9616,14.962,565448,22.7
2023-12-01,15.0275,15.2911,14.9616,15.1598,402728,23
2023-12-04,15.357,15.9502,15.2911,15.8189,1475007,24
2023-12-05,15.9502,16.873,15.8843,16.6098,2058133,25.2
2023-12-06,16.6093,17.0048,16.6093,16.8735,1095165,25.6
2023-12-07,16.873,17.0048,15.9502,16.3462,1911448,24.8
2023-12-08,16.4775,17.4662,16.2139,17.269,1430928,26.2
2023-12-11,17.3343,17.7298,17.0707,17.3349,1104624,26.3
2023-12-12,17.3343,17.3343,16.8071,17.0053,1011562,25.8
2023-12-13,17.0048,17.1366,16.082,16.2144,1870687,24.6
2023-12-14,16.2139,16.6093,16.0161,16.2144,1159213,24.6
2023-12-15,16.2139,16.5434,15.9502,16.2144,765670,24.6
2023-12-18,16.2798,16.3457,15.7525,15.8189,649713,24
2023-12-19,15.7525,16.082,15.357,16.0825,825141,24.4
2023-12-20,16.148,16.148,15.8184,16.0825,405097,24.4
2023-12-21,16.0161,16.6093,15.8184,16.6098,1408278,25.2
2023-12-22,16.6093,17.3343,16.4116,16.6758,1284860,25.3
2023-12-25,16.873,17.2025,16.6752,16.7417,742359,25.4
2023-12-26,16.873,17.2025,16.6093,16.8735,1058574,25.6
2023-12-27,16.8071,17.0048,16.2139,16.2803,2401008,24.7
2023-12-28,16.2798,16.4775,16.082,16.0825,1111742,24.4
2023-12-29,16.082,16.3457,16.0161,16.2144,777144,24.6
2024-01-02,16.2798,16.4775,16.082,16.1485,742120,24.5
2024-01-03,16.2798,16.873,16.082,16.8735,1266371,25.6
2024-01-04,17.0707,17.0707,16.6752,16.7417,1168108,25.4
2024-01-05,16.8071,17.4662,16.7411,17.0053,1930796,25.8
2024-01-08,17.0707,17.2684,16.9389,16.9394,1078471,25.7
2024-01-09,16.9389,17.0707,16.6093,16.7417,887301,25.4
2024-01-10,16.7411,16.9389,16.5434,16.5439,632257,25.1
2024-01-11,16.4775,16.7411,16.4775,16.6758,650067,25.3
2024-01-12,16.6752,16.6752,16.0161,16.0825,1516163,24.4
2024-01-15,16.082,16.2798,15.8184,15.8189,659414,24
2024-01-16,15.8184,16.2139,15.6207,16.2144,513901,24.6
2024-01-17,16.2798,16.4116,16.148,16.2803,474319,24.7
2024-01-18,16.2139,16.4116,16.148,16.2803,358037,24.7
2024-01-19,16.4116,16.7411,16.2139,16.2803,622460,24.7
2024-01-22,16.3457,16.5434,15.9502,16.2144,440423,24.6
2024-01-23,16.2798,16.2798,15.9502,16.0166,360958,24.3
2024-01-24,16.0161,16.2139,15.9502,16.1485,294477,24.5
2024-01-25,16.148,16.2798,16.082,16.2144,323807,24.6
2024-01-26,16.2798,16.4116,16.148,16.4121,436713,24.9
2024-01-29,16.4116,17.3343,16.4116,17.0712,2901632,25.9
2024-01-30,17.0707,18.3889,17.0048,18.3236,2390962,27.8
2024-01-31,18.323,18.4548,17.5321,17.6644,1810415,26.8
2024-02-01,17.598,18.9162,17.5321,18.8508,2113244,28.6
2024-02-02,18.9162,19.4435,18.3889,18.5213,1013135,28.1
2024-02-05,18.5207,18.7844,18.1253,18.3236,1204731,27.8
2024-02-06,18.4548,18.7184,18.1253,18.4554,849856,28
2024-02-07,18.5866,18.9162,18.4548,18.4554,584245,28
2024-02-15,18.5207,19.2457,18.4548,18.7849,1697631,28.5
2024-02-16,18.8503,19.3775,18.5866,18.6531,1030462,28.3
2024-02-19,18.7844,18.9821,18.1253,18.719,1665423,28.4
2024-02-20,18.7184,19.1139,18.6525,18.9827,897802,28.8
2024-02-21,18.9821,19.6412,18.8503,19.3781,1709721,29.4
2024-02-22,19.3775,19.5094,18.9821,18.9827,848923,28.8
2024-02-23,18.9821,19.1139,18.0593,18.1917,2030708,27.6
2024-02-26,18.1912,18.5866,17.9934,18.5213,879698,28.1
2024-02-27,18.6525,19.1139,18.3889,18.8508,1457933,28.6
2024-02-28,18.9821,19.1139,18.5866,18.8508,869122,28.6
2024-02-29,18.8503,18.9821,18.323,18.5213,1333203,28.1
2024-03-01,18.5207,19.5753,18.4548,19.3122,1531025,29.3
2024-03-04,19.2457,19.9707,19.1798,19.3781,1364630,29.4
2024-03-05,19.3775,19.5094,18.9821,19.0486,927739,28.9
2024-03-06,19.1139,19.1139,18.5207,18.6531,1351105,28.3
2024-03-07,18.5866,18.8503,18.5866,18.7849,757372,28.5
2024-03-08,18.8503,19.3775,18.5207,18.9168,1817496,28.7
2024-03-11,18.9162,19.3775,18.6525,18.719,1140225,28.4
2024-03-12,18.7184,19.6412,18.5866,19.2463,2402594,29.2
2024-03-13,19.3775,20.6957,19.3775,20.5646,2293689,31.2
2024-03-14,20.5639,20.8935,20.1026,20.5646,1429216,31.2
2024-03-15,20.5639,20.5639,19.9048,20.4327,1064526,31
2024-03-18,20.4321,20.5639,18.5207,19.1145,2785462,29
2024-03-19,19.1798,19.3116,18.7184,19.1145,855921,29
2024-03-20,19.1139,19.3775,18.7844,19.2463,657209,29.2
2024-03-21,19.3775,19.5753,19.2457,19.3781,1012747,29.4
2024-03-22,19.3775,19.773,19.2457,19.3122,1250736,29.3
2024-03-25,19.5094,19.5094,18.9162,18.9827,1157102,28.8
2024-03-26,18.9821,19.5094,18.7184,19.4441,888317,29.5
2024-03-27,19.5753,19.5753,19.1798,19.4441,415039,29.5
2024-03-28,19.5753,20.0366,19.3775,19.9054,1013004,30.2
2024-03-29,19.9707,20.1026,19.6412,19.6418,579567,29.8
2024-04-01,19.6412,20.2344,19.4435,19.6418,1078146,29.8
2024-04-02,19.5094,20.0366,19.1139,19.51,722402,29.6
2024-04-03,19.5094,19.9707,19.2457,19.3781,995583,29.4
2024-04-04,19.5753,19.5753,18.9821,19.0486,844631,28.9
2024-04-05,18.9162,19.3775,18.5207,18.5872,1420581,28.2
2024-04-08,18.7184,19.048,18.1912,18.1917,1028921,27.6
2024-04-09,18.1912,18.5866,18.1253,18.5872,619901,28.2
2024-04-10,18.7184,18.9162,18.3889,18.4554,526526,28
2024-04-11,18.323,18.5207,18.1912,18.3236,363385,27.8
2024-04-12,18.4548,18.8503,18.2571,18.719,536067,28.4
2024-04-15,18.1253,18.7184,16.873,16.8735,955586,25.6
2024-04-16,16.873,16.9389,16.148,16.478,951874,25
2024-04-17,16.6752,17.2684,16.5434,16.6098,807248,25.2
2024-04-19,16.8071,16.8071,15.357,15.6871,966659,23.8
2024-04-22,15.6866,16.2798,15.6866,16.2144,392467,24.6
2024-04-23,16.2798,16.6752,15.9502,16.2144,803308,24.6
2024-04-24,16.4116,16.9389,16.3457,16.8076,466267,25.5
2024-04-25,16.8071,17.3343,16.6093,17.0053,592432,25.8
2024-04-26,16.873,17.4662,16.8071,16.8735,524777,25.6
2024-05-02,16.873,16.9389,16.6093,16.8076,349083,25.5
2024-05-03,18.3889,18.3889,16.8071,16.8076,339139,25.5
2024-05-06,17.1366,17.2684,16.873,17.1371,481788,26
2024-05-07,17.2025,17.4662,17.0707,17.3349,426215,26.3
2024-05-08,17.3343,17.4662,17.0048,17.203,422673,26.1
2024-05-09,17.2025,17.7957,17.2025,17.203,522631,26.1
2024-05-10,17.3343,17.7298,17.0048,17.3349,362063,26.3
2024-05-13,17.3343,17.4002,17.0048,17.203,387648,26.1
2024-05-14,17.2025,17.598,17.0707,17.3349,523894,26.3
2024-05-15,17.5321,17.5321,17.2025,17.4008,372636,26.4
2024-05-16,17.598,18.0593,17.598,17.994,1006053,27.3
2024-05-17,18.0593,18.7184,17.9934,18.6531,961454,28.3
2024-05-20,18.6525,18.9162,18.4548,18.4554,692429,28
2024-05-21,18.4548,20.3003,18.2571,20.3009,2771587,30.8
2024-05-22,22.2776,22.2776,20.4321,22.2783,3466082,33.8
2024-05-23,22.2776,24.3208,21.4867,22.8715,1681718,34.7
2024-05-24,22.8049,22.8708,20.6298,20.8282,2489246,31.6
2024-05-27,20.8276,22.4094,20.6957,21.8828,1639470,33.2
2024-05-28,21.8821,23.2662,21.6844,22.5419,1510164,34.2
2024-05-29,22.673,23.0685,21.6185,21.9487,1582034,33.3
2024-05-30,21.7503,22.0139,20.8935,21.6192,1592592,32.8
2024-05-31,21.6185,21.6844,20.9594,21.3555,1091711,32.4
2024-06-03,21.4208,22.6071,21.4208,22.2124,1053184,33.7
2024-06-04,22.2117,22.739,21.948,22.0805,1346857,33.5
2024-06-05,22.1458,23.5299,22.1458,22.6737,2141706,34.4
2024-06-06,23.0026,23.0026,22.0799,22.2783,864692,33.8
2024-06-07,22.4753,23.3981,21.6185,22.2124,1322086,33.7
2024-06-10,22.2776,22.739,22.0799,22.3442,717018,33.9
2024-06-11,22.4753,23.464,22.2117,23.3988,2177535,35.5
2024-06-12,23.464,24.189,23.0026,23.1351,1275904,35.1
2024-06-13,23.2003,23.3981,22.2776,22.2783,2074508,33.8
2024-06-14,24.177,24.4044,21.6002,21.6018,1356426,28.5
2024-06-17,21.2212,21.9033,20.9938,20.9954,1049483,27.7
2024-06-18,20.9938,21.5244,20.5391,21.2228,614885,28
2024-06-19,21.297,21.9033,21.0696,21.8292,707033,28.8
2024-06-20,21.9033,22.0549,21.297,21.6018,557109,28.5
2024-06-21,21.6002,22.5854,21.6002,22.0566,861712,29.1
2024-06-24,22.0549,22.1307,20.4633,20.9196,1263822,27.6
2024-06-25,21.1454,21.3728,20.918,21.3744,409245,28.2
2024-06-26,21.3728,21.9791,20.9938,21.9808,582701,29
2024-06-27,21.9791,22.9644,21.9033,22.284,2429306,29.4
2024-06-28,22.2823,22.737,21.2212,21.4502,912529,28.3
2024-07-01,21.4486,21.6002,20.8423,21.4502,567314,28.3
2024-07-02,21.4486,22.2065,21.2212,22.0566,737846,29.1
2024-07-03,22.0549,22.0549,21.4486,21.8292,691779,28.8
2024-07-04,21.8275,22.6612,21.8275,22.3598,733378,29.5
2024-07-05,22.3581,22.9644,21.6759,22.3598,947403,29.5
2024-07-08,22.3581,23.4949,22.3581,23.4967,2083109,31
2024-07-09,23.7223,25.8444,23.7223,25.8464,2031068,34.1
2024-07-10,26.5265,27.3602,25.5412,25.5432,1989436,33.7
2024-07-11,25.5412,25.8444,24.7833,24.861,1523345,32.8
2024-07-12,25.0865,25.3139,24.556,25.3158,1035543,33.4
2024-07-15,25.3139,26.3749,25.0107,25.5432,856855,33.7
2024-07-16,25.5412,25.9202,24.8591,24.9368,1018775,32.9
2024-07-17,24.9349,25.0865,22.5096,22.663,2898994,29.9
2024-07-18,22.6612,23.8739,22.5096,23.8757,1124266,31.5
2024-07-19,23.8739,23.9496,22.8128,23.1935,771873,30.6
2024-07-22,23.3433,23.4949,22.2065,22.5114,1471137,29.7
2024-07-23,22.8128,22.8128,21.3728,21.4502,1434663,28.3
2024-07-24,21.2212,22.5096,20.8423,22.4356,1067419,29.6
2024-07-25,21.9791,22.4338,21.7517,22.2082,445061,29.3
2024-07-26,22.0549,22.8886,21.9791,22.7387,633168,30
2024-07-29,22.737,22.737,21.3728,21.8292,2549097,28.8
2024-07-30,21.8275,21.9791,21.1454,21.6018,1261010,28.5
2024-07-31,21.6002,21.7517,20.8423,20.9196,924145,27.6
2024-08-01,20.9938,21.0696,19.3265,19.4037,2014791,25.6
2024-08-02,19.3265,20.1601,18.2654,20.0101,710363,26.4
2024-08-05,20.0086,20.0086,18.2654,18.2668,1055148,24.1
2024-08-06,18.2654,18.8717,18.2654,18.7974,892344,24.8
2024-08-07,18.7959,19.1749,18.1896,18.7974,987821,24.8
2024-08-08,18.7959,19.2507,18.3412,18.7216,878734,24.7
2024-08-09,18.9475,19.1749,18.3412,18.949,827222,25
2024-08-12,18.9475,19.5538,18.7201,19.4795,1066970,25.7
2024-08-13,19.7054,20.0844,18.9475,19.1005,759412,25.2
2024-08-14,19.0991,19.478,18.7201,19.0248,658926,25.1
2024-08-15,18.9475,18.9475,18.3412,18.3426,1032745,24.2
2024-08-16,18.3412,20.0086,18.3412,20.0101,1707166,26.4
2024-08-19,19.4022,20.3117,19.4022,20.0101,1036444,26.4
2024-08-20,19.857,20.7665,19.7054,20.6923,1288047,27.3
2024-08-21,20.6149,20.7665,20.3117,20.4649,903823,27
2024-08-22,20.5391,20.7665,20.0844,20.2375,714694,26.7
2024-08-23,20.2359,20.4633,19.9328,20.4649,727451,27
2024-08-26,20.4633,20.8423,20.0086,20.2375,644862,26.7
2024-08-27,20.0844,20.2359,19.857,20.0101,561489,26.4
2024-08-28,20.0844,20.1601,19.4022,19.7069,1001833,26
2024-08-29,19.7054,19.7054,19.3265,19.3279,396136,25.5
2024-08-30,19.478,19.5538,19.3265,19.5553,275243,25.8
2024-09-04,19.5538,19.5538,19.0233,19.4795,655109,25.7
2024-09-05,19.478,19.7054,19.0991,19.2521,412375,25.4
2024-09-06,19.0233,19.3265,19.0233,19.2521,252533,25.4
2024-09-09,18.9475,19.2507,18.9475,18.949,352477,25
2024-09-10,17.0528,19.1749,17.0528,18.57,597578,24.5
2024-09-11,18.5686,18.5686,17.8107,18.191,788098,24
2024-09-12,18.1896,18.6443,18.1896,18.2668,335401,24.1
2024-09-13,18.1138,18.5686,18.1138,18.4942,249507,24.4
2024-09-16,18.6443,18.7201,18.1896,18.191,225275,24
2024-09-17,18.1896,18.5686,18.038,18.57,369802,24.5
2024-09-18,18.5686,18.8717,18.4928,18.57,385414,24.5
2024-09-19,18.7201,19.5538,18.6443,19.4037,743734,25.6
2024-09-20,19.4022,20.0844,19.0991,19.3279,642246,25.5
2024-09-23,19.3265,19.3265,18.8717,18.8732,326596,24.9
2024-09-24,18.9475,19.5538,18.7959,19.4795,684367,25.7
2024-09-25,19.6296,19.9328,19.478,19.4795,607076,25.7
2024-09-26,19.478,19.6296,19.1749,19.3279,562336,25.5
2024-09-27,19.3265,19.6296,19.1749,19.2521,434383,25.4
2024-09-30,19.2507,19.3265,19.0991,19.1763,314035,25.3
2024-10-01,19.3265,19.7054,19.0991,19.4795,690807,25.7
2024-10-02,19.6296,19.6296,19.1749,19.2521,271434,25.4
2024-10-03,19.4022,19.4022,18.5686,18.7216,699461,24.7
2024-10-04,18.7201,18.7201,18.4928,18.4942,348502,24.4
2024-10-07,18.6443,18.7201,18.417,18.4942,204920,24.4
2024-10-08,18.5686,18.8717,18.4928,18.6458,264652,24.6
2024-10-09,18.7959,19.1749,18.7959,19.1763,443942,25.3
2024-10-10,19.1749,19.3265,19.0233,19.1005,227670,25.2
2024-10-11,19.0991,19.1749,18.9475,19.1005,156566,25.2
2024-10-14,17.4317,19.7054,17.2043,19.2521,652959,25.4
2024-10-15,19.3265,19.478,18.7201,18.7974,345949,24.8
2024-10-16,18.9475,18.9475,18.5686,18.57,223978,24.5
2024-10-17,18.7201,19.4022,18.4928,19.2521,673577,25.4
2024-10-18,19.3265,19.7054,19.1749,19.1763,754915,25.3
2024-10-21,19.1749,19.478,19.0233,19.1763,426853,25.3
2024-10-22,19.1749,19.2507,18.7959,18.7974,627574,24.8
2024-10-23,18.8717,19.2507,18.6443,18.8732,392866,24.9
2024-10-24,19.0233,19.0233,18.6443,18.6458,238970,24.6
2024-10-25,18.7959,18.7959,18.5686,18.6458,266604,24.6
2024-10-28,18.7959,18.8717,18.6443,18.7216,262434,24.7
2024-10-29,18.7959,19.2507,18.4928,19.1005,599642,25.2
2024-10-30,19.2507,19.6296,19.2507,19.4795,1092766,25.7
2024-10-31,19.478,19.7054,19.2507,19.4037,254088,25.6
2024-11-01,19.3265,19.478,18.7959,18.8732,668342,24.9
2024-11-04,18.8717,19.0233,18.5686,18.949,487838,25
2024-11-05,18.7959,19.0991,18.6443,18.8732,365205,24.9
2024-11-06,19.0233,20.5391,19.0233,20.5407,3057641,27.1
2024-11-07,20.7665,20.7665,20.0844,20.0859,873211,26.5
2024-11-08,20.2359,20.6907,20.0844,20.6165,1861095,27.2
2024-11-11,18.7959,21.2212,18.7959,20.6923,1429162,27.3
2024-11-12,20.8423,21.3728,20.4633,20.4649,1700526,27
2024-11-13,20.4633,20.8423,20.0844,20.8439,1503655,27.5
2024-11-14,20.7665,21.3728,20.4633,20.4649,1575563,27
2024-11-15,20.4633,20.9938,20.0844,20.3133,2076290,26.8
2024-11-18,20.2359,20.3117,19.1749,19.2521,2043363,25.4
2024-11-19,19.3265,19.6296,18.7959,18.7974,1054781,24.8
2024-11-20,18.7959,19.6296,18.6443,19.2521,1042211,25.4
2024-11-21,19.2507,19.478,19.1749,19.4037,346911,25.6
2024-11-22,19.4022,19.5538,19.1749,19.4037,567529,25.6
2024-11-25,19.478,19.7054,19.2507,19.5553,522817,25.8
2024-11-26,19.6296,20.1601,19.5538,19.8585,971906,26.2
2024-11-27,20.0086,20.0086,19.5538,20.0101,572438,26.4
2024-11-28,20.1601,20.3117,19.7812,20.0859,734379,26.5
2024-11-29,20.0086,20.6907,19.857,20.2375,1261417,26.7
2024-12-02,20.2359,20.6149,20.2359,20.2375,670034,26.7
2024-12-03,20.0844,20.6149,20.0086,20.1617,908420,26.6
2024-12-04,20.1601,20.3117,19.7812,19.7827,1176441,26.1
2024-12-05,19.7812,20.9938,19.478,20.9196,1732293,27.6
2024-12-06,20.918,21.5244,20.7665,20.8439,2202394,27.5
2024-12-09,20.918,21.0696,20.6149,20.6923,797203,27.3
2024-12-10,18.8717,20.9938,18.8717,20.6165,841163,27.2
2024-12-11,20.6149,20.6149,20.3117,20.3891,657200,26.9
2024-12-12,20.3117,20.7665,20.1601,20.1617,743936,26.6
2024-12-13,20.3117,20.3117,20.0086,20.0859,448035,26.5
2024-12-16,20.2359,20.5391,20.1601,20.4649,554556,27
2024-12-17,20.5391,20.7665,20.4633,20.5407,735533,27.1
2024-12-18,20.5391,20.6907,20.3117,20.4649,506606,27
2024-12-19,20.3875,20.3875,19.7812,19.9343,1355588,26.3
2024-12-20,19.9328,20.0844,19.7812,20.0101,596265,26.4
2024-12-23,20.1601,20.8423,20.1601,20.6165,1082403,27.2
2024-12-24,20.6907,21.5244,20.6907,21.2228,3211949,28
2024-12-25,21.297,21.6002,20.9938,20.9954,920104,27.7
2024-12-26,20.9938,21.2212,20.7665,20.7681,958566,27.4
2024-12-27,20.6907,20.8423,20.3117,20.3891,1346281,26.9
2024-12-30,20.3875,20.6149,20.3117,20.4649,374831,27
2024-12-31,20.4633,20.6149,20.3875,20.4649,338840,27
2025-01-02,20.4633,20.6149,20.2359,20.3891,420855,26.9
2025-01-03,20.4633,20.7665,20.3875,20.5407,886196,27.1
2025-01-06,20.5391,20.6149,18.9475,19.6311,1290311,25.9
2025-01-07,19.5538,20.0844,19.3265,19.4037,1121118,25.6
2025-01-08,19.4022,19.6296,19.2507,19.6311,584572,25.9
2025-01-09,19.6296,19.857,19.4022,19.4795,500608,25.7
2025-01-10,19.478,19.5538,18.3412,18.3426,1388397,24.2
2025-01-13,18.3412,18.417,17.8107,18.2668,804694,24.1
2025-01-14,18.417,18.7201,18.1896,18.3426,688443,24.2
2025-01-15,18.417,18.7959,18.3412,18.7216,345340,24.7
2025-01-16,18.7959,18.9475,18.4928,18.4942,432801,24.4
2025-01-17,18.6443,19.0991,18.4928,18.949,646280,25
2025-01-20,18.9475,19.0233,18.7201,18.7974,208183,24.8
2025-01-21,17.4317,19.3265,16.977,18.4184,734813,24.3
2025-01-22,18.5686,18.6443,18.2654,18.3426,324396,24.2
2025-01-23,18.5686,18.5686,18.3412,18.4942,360746,24.4
2025-01-24,16.6738,18.7201,16.6738,18.4184,272268,24.3
2025-02-04,18.1896,18.1896,17.8107,17.812,1272196,23.5
2025-02-05,17.8107,18.3412,17.8107,18.0394,845477,23.8
2025-02-06,18.1896,18.1896,17.8864,17.8878,508014,23.6
2025-02-07,18.038,18.038,17.2043,17.2057,1740432,22.7
2025-02-10,17.2043,17.2043,16.8254,16.8267,854437,22.2
2025-02-11,16.977,17.2043,16.8254,17.0541,503988,22.5
2025-02-12,17.0528,17.3559,17.0528,17.1299,407805,22.6
2025-02-13,17.1285,17.4317,17.1285,17.1299,330604,22.6
2025-02-14,17.3559,17.7349,17.1285,17.5088,812902,23.1
2025-02-17,16.0675,17.5833,16.0675,17.1299,609235,22.6
2025-02-18,17.2043,17.5833,17.2043,17.2814,398660,22.8
2025-02-19,17.4317,17.8107,17.2801,17.7362,1030472,23.4
2025-02-20,17.7349,17.9622,17.5075,17.5088,665168,23.1
2025-02-21,17.6591,17.6591,17.3559,17.3572,473838,22.9
2025-02-24,17.2043,17.4317,17.2043,17.3572,411640,22.9
2025-02-25,17.2801,17.8864,17.2801,17.5846,871346,23.2
2025-02-26,17.7349,18.1896,17.5833,18.0394,1064046,23.8
2025-02-27,18.038,18.1896,17.7349,17.8878,826455,23.6
2025-02-28,18.038,18.1138,17.8107,17.9636,636651,23.7
2025-03-03,17.8864,18.1138,17.8107,17.9636,641070,23.7
2025-03-04,17.8107,18.417,17.4317,18.1152,836899,23.9
2025-03-05,18.1896,18.2654,17.5833,17.5846,919121,23.2
2025-03-06,17.7349,17.8107,17.5075,17.812,459957,23.5
2025-03-07,17.8107,18.038,17.7349,17.8878,629788,23.6
2025-03-10,17.9622,18.1896,17.8107,17.8878,518193,23.6
2025-03-11,17.7349,17.8107,17.5833,17.812,545553,23.5
2025-03-12,17.9622,17.9622,17.5833,17.7362,483610,23.4
2025-03-13,17.5833,17.7349,17.1285,17.3572,925386,22.9
2025-03-14,17.3559,17.5075,17.2043,17.2057,375549,22.7
2025-03-18,17.5833,17.5833,17.3559,17.3572,236723,22.9
2025-03-19,17.3559,17.5075,17.2043,17.2814,225659,22.8
2025-03-20,17.2801,17.4317,17.1285,17.2814,182200,22.8
2025-03-21,17.1285,17.3559,15.8401,17.2814,185295,22.8
2025-03-24,17.2801,17.3559,17.0528,17.2057,151890,22.7
2025-03-25,17.2043,17.6591,17.1285,17.5846,384519,23.2
2025-03-26,17.6591,17.6591,17.2801,17.3572,281164,22.9
2025-03-27,17.3559,17.4317,17.2043,17.2057,242848,22.7
2025-03-28,17.2801,17.2801,16.977,16.9783,376211,22.4
2025-03-31,16.977,16.977,16.6738,16.6751,362521,22
2025-04-01,16.6738,16.6738,15.2338,15.9171,1896526,21
2025-04-02,15.9159,16.0675,15.537,15.6139,336608,20.6
2025-04-03,15.158,15.537,14.0969,14.098,974350,18.6
2025-04-04,12.7327,13.6422,12.7327,12.7337,1274066,16.8
2025-04-08,11.5201,12.278,11.5201,11.521,765002,15.2
2025-04-09,10.3832,10.838,10.3832,10.384,1168262,13.7
2025-04-10,11.3685,11.3685,10.7622,11.3694,166826,15
2025-04-11,10.2317,12.5054,10.2317,11.5968,1133626,15.3
2025-04-14,12.278,12.5054,11.9748,12.4305,894826,16.4
2025-04-15,12.4296,12.5054,11.7475,11.9757,526391,15.8
2025-04-16,11.9748,12.1264,11.7475,11.7484,516093,15.5
2025-04-17,11.7475,11.899,11.1411,11.8999,240461,15.7
2025-04-18,11.899,12.8085,11.899,12.5821,780000,16.6
2025-04-21,12.5054,12.9601,12.3538,12.4305,274817,16.4
2025-04-22,12.4296,12.4296,11.2169,11.7484,655006,15.5
2025-04-23,11.8232,12.2022,11.6717,12.2031,231538,16.1
2025-04-24,12.2022,12.9601,12.2022,12.5063,357156,16.5
2025-04-25,12.5054,12.7327,12.2022,12.2789,218458,16.2
2025-04-28,12.3538,12.7327,12.0506,12.2031,282988,16.1
2025-04-29,12.2022,12.4296,12.1264,12.3547,231386,16.3
2025-05-05,12.9601,0,12.5054,12.8095,386200,16.9
2025-05-06,13.0359,13.2633,12.8085,13.0369,395500,17.2
2025-05-07,12.8843,13.0359,12.7327,12.8853,172800,17
2025-05-08,12.9601,13.9454,12.9601,13.7948,992100,18.2
2025-05-09,13.8696,14.0969,13.339,13.719,330400,18.1
2025-05-12,13.8696,13.8696,13.4148,13.7948,463200,18.2
2025-05-13,13.8696,14.3243,13.8696,14.0222,742800,18.5
2025-05-14,14.0969,14.5517,13.8696,13.8706,411900,18.3
2025-05-15,13.9454,14.2485,13.6422,13.7948,365000,18.2
2025-05-16,13.8696,14.0969,13.7938,13.9464,452500,18.4
2025-05-19,13.9454,14.4759,13.5664,14.098,559400,18.6
2025-05-20,14.0969,14.3243,14.0212,14.2496,261200,18.8
2025-05-21,14.2485,14.4001,13.9454,14.0222,428500,18.5
2025-05-22,13.9454,14.2485,13.8696,13.8706,378000,18.3
2025-05-23,13.8696,14.0969,13.718,13.8706,180400,18.3
2025-05-26,14.0212,14.5517,13.6422,14.5528,766300,19.2
2025-05-27,14.5517,14.6275,14.4759,14.477,418400,19.1
2025-05-28,14.5517,14.7033,14.2485,14.4012,549300,19
2025-05-29,14.5517,14.5517,14.1727,14.4012,697800,19
2025-05-30,15.0326,15.0326,14.5052,14.6826,343100,16.7
2025-06-02,14.6826,15.2102,14.5068,14.9464,465700,17
2025-06-03,14.9464,15.386,14.8585,15.2981,543600,17.4
2025-06-04,15.4722,15.8238,15.0326,15.5618,538700,17.7
2025-06-05,15.5618,16.1773,15.4739,15.7377,683900,17.9
2025-06-06,15.9135,16.0014,14.243,14.9464,968900,17
2025-06-09,14.9447,14.9447,14.5931,14.5947,182100,16.6
2025-06-10,14.5052,15.0326,14.5052,14.5947,162400,16.6
2025-06-11,14.5931,14.8568,14.3293,14.5947,273700,16.6
2025-06-12,14.5947,14.7706,13.8914,14.7706,275700,16.8
2025-06-13,14.5068,14.7706,13.9793,14.331,564200,16.3
2025-06-16,14.4172,15.1205,14.4172,14.5947,279200,16.6
2025-06-17,15.2963,15.2963,14.2414,14.6826,328200,16.7
2025-06-18,14.8568,14.8568,14.4172,14.5947,181600,16.6
2025-06-19,14.5947,14.6826,14.4189,14.5068,268700,16.5
2025-06-20,14.5947,14.5947,14.243,14.4189,208300,16.4
2025-06-23,14.3293,14.8568,14.1535,14.6826,456900,16.7
2025-06-24,14.5931,14.8568,14.5052,14.5947,296300,16.6
2025-06-25,14.7689,14.9447,14.5052,14.6826,513400,16.7
2025-06-26,14.7706,15.2102,14.6826,15.2102,861800,17.3
2025-06-27,15.2963,15.2963,14.8568,15.0343,401000,17.1
2025-06-30,15.0326,15.5601,14.8568,15.0343,351500,17.1
2025-07-01,14.9464,15.1222,14.6826,14.7706,409100,16.8
2025-07-02,14.681,15.5601,14.681,15.1222,947200,17.2
2025-07-03,14.9464,15.2102,14.7706,14.8585,534600,16.9
2025-07-04,14.8585,15.0343,14.6826,14.8585,416500,16.9
2025-07-07,14.8585,15.2981,14.7706,15.2102,419000,17.3
2025-07-08,15.2963,15.9117,15.2084,15.5618,801200,17.7
2025-07-09,15.5601,15.9996,15.4722,15.4739,548300,17.6
2025-07-10,15.4722,15.8238,15.1205,15.4739,390200,17.6
2025-07-11,15.4739,15.7377,15.1222,15.2981,655900,17.4
2025-07-14,15.3843,15.648,14.9447,15.5618,793500,17.7
2025-07-15,15.5601,15.9117,15.5601,15.5618,678100,17.7
2025-07-16,15.5618,16.2652,15.4739,16.2652,1472300,18.5
2025-07-17,16.2652,16.8806,16.0014,16.7048,1416200,19
2025-07-18,16.7927,16.8806,16.3531,16.529,898100,18.8
2025-07-21,16.5271,16.615,15.9996,16.0014,771700,18.2
2025-07-22,15.9996,16.4392,15.8238,16.441,662900,18.7
2025-07-23,16.615,16.7908,16.2634,16.441,866000,18.7
2025-07-24,16.441,16.7927,16.2652,16.6169,828700,18.9
2025-07-25,16.7048,16.7048,16.3531,16.529,585900,18.8
2025-07-28,16.6169,16.9686,16.441,16.9686,1499900,19.3
2025-07-29,16.9686,17.4082,15.2981,15.2981,2058900,17.4
2025-07-30,15.2963,16.7908,15.0326,16.7927,1411900,19.1
2025-07-31,17.6699,18.4611,17.4941,17.7598,2466200,20.2
2025-08-01,17.7578,18.0216,17.1425,17.2323,1076400,19.6
2025-08-04,17.4082,18.0236,17.2323,18.0236,1453100,20.5
2025-08-05,18.2853,18.8127,17.0545,17.6719,2845700,20.1
2025-08-06,17.6719,18.1115,17.6719,17.9357,679300,20.4
2025-08-07,18.2874,18.9028,18.0236,18.2874,1458900,20.8
2025-08-08,18.2853,19.6039,18.2853,19.5182,2500900,22.2
2025-08-11,19.6062,20.6612,19.6062,20.2216,1651900,23
2025-08-12,20.2193,20.3951,19.3402,20.3095,1755700,23.1
2025-08-13,20.3072,20.6589,19.6039,19.9578,1517100,22.7
2025-08-14,20.2193,20.483,19.6039,19.9578,1395300,22.7
2025-08-15,20.1337,20.2216,19.2545,19.6062,1516200,22.3
2025-08-18,19.6039,20.3072,19.3402,19.9578,924800,22.7
2025-08-19,19.9556,20.8347,19.9556,20.3974,1842600,23.2
2025-08-20,20.5709,20.5709,18.9007,19.0786,1646300,21.7
2025-08-21,19.1666,19.782,18.639,19.3424,1463000,22
2025-08-22,19.3402,19.3402,17.4941,17.7598,1613200,20.2
2025-08-25,17.7598,18.2874,17.584,18.0236,982300,20.5
2025-08-26,18.0216,18.6369,17.9336,18.639,445200,21.2
2025-08-27,18.727,18.9028,18.1994,18.3753,606300,20.9
2025-08-28,17.9336,18.6369,17.9336,18.1115,565800,20.6
2025-08-29,18.1974,18.549,18.1095,18.1994,1143200,20.7
2025-09-03,18.3732,18.8127,18.2853,18.639,677400,21.2
2025-09-04,18.7248,19.2523,18.6369,19.0786,1066700,21.7
2025-09-05,19.2545,19.9578,19.2545,19.3424,2215800,22
2025-09-08,19.6039,19.6039,18.4611,18.5511,916100,21.1
2025-09-09,18.549,18.7248,18.1974,18.5511,521100,21.1
2025-09-10,18.8127,18.9007,18.1974,18.1994,367500,20.7
2025-09-11,18.1994,18.2874,17.4082,18.2874,945600,20.8
2025-09-12,18.3753,18.639,18.2874,18.3753,487800,20.9
2025-09-15,18.3753,19.2545,18.2874,19.2545,975600,21.9
2025-09-16,19.2545,19.6941,18.8149,18.8149,614800,21.4
2025-09-17,18.8149,18.9028,18.4632,18.4632,423000,21
2025-09-18,18.4632,18.639,18.1994,18.2874,335900,20.8
2025-09-19,18.639,18.639,18.1994,18.4632,241200,21
2025-09-22,18.549,18.549,17.8457,18.1115,641400,20.6
2025-09-23,18.2874,18.2874,17.8478,18.0236,313600,20.5
2025-09-24,18.0216,18.1974,17.8457,18.1994,336200,20.7
2025-09-25,18.2853,18.6369,18.2853,18.639,408300,21.2
2025-09-26,18.727,20.2216,18.639,19.6062,2766900,22.3
2025-09-29,19.6941,19.9578,19.1666,19.1666,655700,21.8
2025-09-30,19.1666,19.3424,18.5511,19.3424,1141600,22
2025-10-01,19.4303,19.5182,19.0786,19.3424,430000,22
2025-10-02,19.3424,19.782,18.8149,18.9028,597600,21.5
2025-10-03,18.9028,19.0786,18.1994,18.4632,594400,21
2025-10-06,18.3732,19.0765,18.3732,18.9907,790300,21.6
2025-10-07,18.9907,19.6062,18.727,18.727,290200,21.3
2025-10-08,18.9028,19.3424,18.639,18.9028,400000,21.5
2025-10-09,18.9028,19.6941,18.8149,19.6941,1123000,22.4
2025-10-10,19.6941,20.1337,19.3424,19.3424,826800,22
2025-10-13,18.9907,20.1337,18.639,20.1337,1541800,22.9
2025-10-14,20.2216,20.5733,19.1666,19.2545,1463100,21.9
2025-10-15,19.2545,19.4303,18.9028,18.9028,710600,21.5
2025-10-16,18.9028,19.4303,18.9028,19.3424,603400,22
2025-10-17,19.4303,19.5182,18.727,18.727,631000,21.3
2025-10-20,18.6369,18.9007,16.8787,16.8806,1508700,19.2
2025-10-21,16.8806,17.4961,16.529,17.1444,996600,19.5
2025-10-22,17.1444,17.584,16.8806,17.584,414600,20
2025-10-23,17.6719,17.7598,17.1444,17.1444,236300,19.5
2025-10-24,17.1444,17.584,16.7048,17.1444,549000,19.5
2025-10-27,17.1444,17.7598,17.1444,17.1444,289400,19.5
2025-10-28,17.1444,17.584,16.9686,17.4082,388000,19.8
2025-10-29,17.4082,17.7598,17.2323,17.4961,425100,19.9
2025-10-30,17.4062,17.9336,17.4062,17.7598,438200,20.2
2025-10-31,17.7598,17.7598,17.4082,17.4961,288400,19.9
2025-11-03,17.4941,17.4941,16.7908,16.8806,424400,19.2
2025-11-04,16.7927,17.1444,16.0014,17.0565,589200,19.4
2025-11-05,16.9686,17.1444,16.6169,16.6169,200700,18.9
2025-11-06,16.7048,16.9686,16.529,16.7048,86100,19
2025-11-07,16.615,16.7908,16.0875,16.3531,331600,18.6
2025-11-10,16.3513,16.3513,15.9117,15.9135,233900,18.1
2025-11-11,16.0875,16.2634,15.7359,16.0014,307500,18.2
2025-11-12,16.0875,16.3513,15.9117,16.3531,135200,18.6
2025-11-13,16.4392,16.4392,15.9117,16.3531,397900,18.6
2025-11-14,16.1773,16.529,16.0894,16.2652,155800,18.5
2025-11-17,15.8256,16.7927,15.8256,16.529,435300,18.8
2025-11-18,16.5271,16.5271,16.0875,16.3531,262300,18.6
2025-11-19,16.441,16.441,15.9135,16.1773,524100,18.4
2025-11-20,15.9135,16.2652,15.8256,16.0894,187800,18.3
2025-11-21,16.0875,16.1754,15.7359,15.9135,340100,18.1
2025-11-24,15.7377,16.0894,15.7377,15.7377,132000,17.9
2025-11-25,15.7377,16.0014,15.386,15.6498,334600,17.8
2025-11-26,15.648,15.9117,15.4722,15.9135,112200,18.1
2025-11-27,15.9135,16.0894,15.6498,15.8256,174600,18
2025-11-28,15.7377,15.8256,15.7377,15.7377,193500,17.9
2025-12-01,15.8256,15.8256,15.4739,15.6498,112000,17.8
2025-12-02,15.6498,15.7377,15.4739,15.6498,160100,17.8
2025-12-03,15.8256,15.8256,15.4739,15.7377,136100,17.9
2025-12-04,15.5601,15.9117,15.4722,15.9135,205800,18.1
2025-12-05,15.9135,16.1773,15.7377,15.7377,122700,17.9
2025-12-08,15.8238,15.8238,15.2963,15.5618,226500,17.7
2025-12-09,15.5618,15.5618,15.1222,15.2981,365200,17.4
2025-12-10,14.0672,15.386,14.0672,15.2102,121300,17.3
2025-12-11,15.2981,15.2981,15.1222,15.2102,164800,17.3
2025-12-12,15.2981,15.2981,14.8585,14.8585,272200,16.9
2025-12-15,14.8585,15.0343,14.6826,14.7706,109000,16.8
2025-12-16,14.9447,15.1205,14.5931,15.1222,122100,17.2
2025-12-17,15.1222,15.1222,14.6826,14.8585,195600,16.9
2025-12-18,14.8585,14.9464,14.5947,14.7706,55800,16.8
2025-12-19,14.8568,14.8568,14.5931,14.6826,102600,16.7
2025-12-22,14.7706,14.9464,14.5947,14.8585,119800,16.9
2025-12-23,14.9464,15.0343,14.4189,14.8585,221000,16.9
2025-12-24,14.8585,14.9464,14.5947,14.7706,105800,16.8
2025-12-25,14.681,14.8568,14.5931,14.5947,124300,16.6
2025-12-26,14.5052,14.681,14.0656,14.243,491100,16.2
2025-12-29,14.331,14.4189,14.243,14.331,92700,16.3
2025-12-30,14.331,14.5947,13.9793,14.331,282800,16.3
2025-12-31,14.2414,14.4172,14.0656,14.1551,115300,16.1
2026-01-05,14.1535,14.4172,13.8019,13.8034,214300,15.7
2026-01-06,13.8019,14.1535,13.1865,13.8034,344700,15.7
2026-01-07,13.9793,14.1551,13.7155,14.0672,185700,16
2026-01-08,14.1551,14.243,13.8034,13.8914,160800,15.8
2026-01-09,13.9793,14.1551,13.8034,13.8914,259500,15.8
2026-01-12,14.1551,14.7706,13.6276,14.7706,675800,16.8
2026-01-13,14.7706,15.2981,14.5947,15.2981,481600,17.4
2026-01-14,15.2981,15.2981,14.7706,14.9464,254600,17
2026-01-15,14.9447,15.3843,14.9447,15.1222,217500,17.2
2026-01-16,15.2102,15.2981,14.8585,14.8585,295900,16.9
2026-01-19,14.9464,16.0014,14.9464,15.8256,636600,18
2026-01-20,15.7359,15.9996,15.2963,15.5618,422400,17.7
2026-01-21,15.5618,15.6498,14.9464,15.2981,325500,17.4
2026-01-22,15.2963,15.9117,14.7689,15.5618,538000,17.7
2026-01-23,15.5601,15.5601,15.0326,15.0343,153400,17.1
2026-01-26,15.0343,15.2981,14.5947,14.7706,177700,16.8
2026-01-27,14.7706,14.8585,14.5947,14.7706,46400,16.8
2026-01-28,14.7706,15.1222,14.5947,14.7706,167600,16.8
2026-01-29,14.8568,14.9447,14.681,14.6826,233300,16.7
2026-01-30,15.386,15.8256,14.9464,15.2981,833200,17.4
2026-02-02,15.386,16.0014,15.386,15.8256,661200,18
2026-02-03,15.8238,16.9666,15.8238,16.7927,1108600,19.1
2026-02-04,16.9686,16.9686,16.3531,16.529,465500,18.8
2026-02-05,16.5271,16.7908,15.9996,16.0014,461300,18.2
2026-02-06,15.9996,15.9996,15.1205,15.1222,909500,17.2
2026-02-09,15.2084,15.4722,15.0326,15.1222,267200,17.2
2026-02-10,15.1205,15.2084,14.8568,15.1222,304200,17.2
2026-02-11,15.1205,15.4722,15.1205,15.4739,216700,17.6
2026-02-12,15.5601,15.5601,15.3843,15.4739,85000,17.6
2026-02-13,15.5601,15.7359,15.4722,15.5618,160600,17.7
2026-02-23,15.5601,16.0875,15.5601,16.0014,258500,18.2
2026-02-24,15.9135,16.0014,15.5618,15.7377,201700,17.9
2026-02-25,15.7377,16.2652,15.7377,16.0894,370900,18.3
2026-02-26,16.1773,16.1773,15.5618,15.8256,410100,18
2026-02-27,15.8238,15.9117,15.4722,15.5618,307600,17.7
2026-03-02,15.4739,15.6498,14.8585,15.2102,754500,17.3
2026-03-03,15.3843,15.3843,15.0326,15.1222,214400,17.2
2026-03-04,15.1222,15.2102,14.331,14.7706,718000,16.8
2026-03-05,14.8568,15.1205,14.8568,15.0343,410100,17.1
2026-03-06,14.9464,15.1222,14.9464,14.9464,466100,17
2026-03-09,14.8585,14.8585,13.4518,13.4518,1122500,15.3
2026-03-10,13.6276,13.9793,13.6276,13.9793,368400,15.9
2026-03-11,14.0656,14.3293,13.9777,14.243,83600,16.2
2026-03-12,14.331,14.331,13.8914,13.9793,254200,15.9
2026-03-13,14.0672,14.0672,13.8914,13.9793,207200,15.9
2026-03-16,13.8019,14.1535,13.8019,13.8034,197500,15.7
2026-03-17,13.8914,14.0672,13.8914,13.8914,142700,15.8
2026-03-18,13.714,13.9777,13.6261,13.8034,107200,15.7
2026-03-19,13.8019,13.8898,13.6261,13.8034,193000,15.7
2026-03-20,13.8019,13.8898,13.714,13.7155,89400,15.6
2026-03-23,13.6261,13.6261,12.659,12.8363,581000,14.6
2026-03-24,12.9242,13.7155,12.9242,13.4518,183100,15.3
2026-03-25,13.5397,13.8914,13.5397,13.8914,143100,15.8
2026-03-26,13.9793,14.0672,13.5397,13.9793,147300,15.9
2026-03-27,13.8898,14.2414,13.8019,14.243,129500,16.2
2026-03-30,14.0672,14.4189,13.8914,14.4189,192600,16.4
2026-03-31,14.4189,14.5068,14.243,14.4189,105400,16.4
2026-04-01,14.5068,14.7706,14.4189,14.4189,199000,16.4
2026-04-02,14.331,14.5947,14.243,14.4189,96400,16.4
2026-04-03,14.4172,15.2084,14.0656,15.1222,355200,17.2
2026-04-06,15.0343,15.0343,14.5947,14.7706,245300,16.8
2026-04-07,14.7706,15.0343,14.7706,14.9464,158800,17
2026-04-08,15.1205,15.7359,15.0326,15.5618,546100,17.7
2026-04-09,15.4739,15.4739,14.8585,14.9464,388800,17
2026-04-10,14.9464,15.2981,14.8585,14.9464,131800,17
2026-04-13,14.9447,15.2084,14.8568,15.0343,168400,17.1
2026-04-14,15.0343,15.2102,14.6826,14.9464,205200,17
2026-04-15,15.0343,15.386,14.8585,14.9464,273200,17
2026-04-16,14.9464,15.0343,14.6826,14.9464,124700,17
2026-04-17,14.9464,15.0343,14.8585,14.9464,82900,17
2026-04-20,15.0343,15.0343,14.5947,14.7706,228000,16.8
2026-04-21,14.7706,14.8585,14.5947,14.7706,159500,16.8
2026-04-22,14.6826,15.1222,14.5947,14.9464,218000,17
2026-04-23,14.8585,15.4739,14.6826,15.2102,572500,17.3
2026-04-24,15.1222,15.4739,14.7706,15.2981,456000,17.4
2026-04-28,15.2963,15.2963,15.0326,15.1222,108900,17.2
2026-04-29,14.9447,14.9447,14.0656,14.243,1056700,16.2
2026-05-04,14.2414,14.4172,14.0656,14.1551,186700,16.1
2026-05-05,14.0656,14.1535,13.8019,13.8034,199600,15.7
2026-05-06,14.0672,14.0672,13.188,13.4518,518000,15.3
2026-05-07,13.5397,13.7155,13.2759,13.4518,121800,15.3
2026-05-08,13.4518,13.4518,13.1001,13.1001,295600,14.9
2026-05-11,13.188,13.2759,12.8363,13.1001,281400,14.9
2026-05-12,13.8019,13.8019,12.8349,12.8363,245000,14.6
2026-05-13,12.9242,13.188,12.7484,13.188,148100,15
2026-05-14,13.188,13.2759,13.0122,13.1001,116300,14.9
2026-05-15,13.188,13.188,12.9242,13.1001,49800,14.9
2026-05-18,13.0122,13.1001,12.8363,13.0122,197100,14.8
2026-05-19,12.8349,13.0986,12.8349,12.9242,123700,14.7
2026-05-20,12.9242,13.1001,12.3088,13.1001,358900,14.9
2026-05-21,13.0122,13.188,12.9242,13.1001,73200,14.9
2026-05-22,13.1001,13.1001,12.9242,13.0122,30000,14.8
2026-05-25,13.0107,13.0986,12.5711,12.8363,134100,14.6
2026-05-26,12.747,12.9228,12.659,12.8363,134300,14.6
2026-05-27,12.8363,12.8363,12.6605,12.7484,357600,14.5
2026-05-28,12.8363,12.9242,12.6605,12.7484,86900,14.5
2026-05-29,12.747,12.747,12.3074,12.4846,270600,14.2
2026-06-01,12.7484,12.9242,12.5726,12.7484,64300,14.5
2026-06-02,12.7484,12.8363,12.5726,12.6605,128300,14.4
2026-06-03,12.6605,12.7484,12.5726,12.7484,73400,14.5
2026-06-04,12.7484,12.9242,12.6605,12.6605,100400,14.4
2026-06-05,12.7484,12.8363,12.6605,12.6605,101100,14.4
2026-06-08,12.6605,12.7484,12.4846,12.6605,67300,14.4
2026-06-09,12.7484,12.8363,12.5726,12.7484,29400,14.5
2026-06-10,12.747,13.0107,12.747,12.9242,89200,14.7
2026-06-11,12.9228,13.0107,12.747,12.9242,44700,14.7
2026-06-12,12.9228,13.0107,12.8349,12.9242,73200,14.7
2026-06-15,12.9242,13.1001,12.9242,13.0122,56000,14.8
2026-06-16,13.0122,13.3638,13.0122,13.188,136600,15
2026-06-17,13.2759,13.4518,13.188,13.188,107100,15
2026-06-18,13.2759,13.5397,12.9242,13.4518,236800,15.3
2026-06-19,13.4502,13.5381,13.1865,13.3638,86000,15.2
2026-06-22,13.4,13.9,13.2,13.4,52000,13.4
2026-06-23,13.3,13.5,13.3,13.3,33500,13.3
2026-06-24,13.3,13.3,13,13.1,48800,13.1
2026-06-25,13.1,13.2,12.8,13.1,50600,13.1
2026-06-26,13.1,13.3,13.1,13.3,40700,13.3
2026-06-29,13.3,13.3,13.1,13.1,47700,13.1
2026-06-30,13.2,13.3,13,13,32100,13
2026-07-01,13,13.9,13,13.6,217000,13.6
2026-07-02,13.6,14,13.4,13.7,174000,13.7
2026-07-03,13.7,13.9,13.5,13.7,97800,13.7
2026-07-06,13.8,13.8,13.4,13.6,127900,13.6
2026-07-07,13.5,13.7,13.5,13.7,172500,13.7
2026-07-08,13.7,13.9,13.6,13.9,186200,13.9
2026-07-09,13.8,13.9,13.7,13.9,42700,13.9
2026-07-10,13.9,13.9,13.7,13.9,193000,13.9
2026-07-13,13.8,13.9,13.7,13.8,142500,13.8
2026-07-14,13.8,13.8,13.5,13.6,66000,13.6
2026-07-15,13.7,13.8,13.4,13.5,68800,13.5
2026-07-16,13.5,13.8,13.3,13.7,272100,13.7
2026-07-17,14,14,13.5,13.7,90000,13.7
2026-07-20,13.7,13.7,13.1,13.1,119500,13.1
2026-07-21,13.1,13.3,12.8,13,127500,13
2026-07-22,12.3,13.3,12.3,12.8,81300,12.8
2026-07-23,13.2,13.2,12.5,12.5,67800,12.5
2026-07-24,12.4,12.8,12.4,12.5,83200,12.5
2026-07-27,12.5,12.7,12,12.1,142500,12.1
2026-07-28,12.1,13,11.7,12.2,227500,12.2
2026-07-29,12.2,12.7,12,12.2,55100,12.2
2026-07-30,12,12.4,12,12.4,189600,12.4
2026-07-31,12.4,12.4,12.1,12.1,134800,12.1
2026-08-03,12.4,12.4,12.1,12.2,154600,12.2
2026-08-04,12.1,12.3,12.1,12.2,44800,12.2
