date,open,high,low,close,volume,close_raw
2018-01-05,5.7135,5.8014,5.3473,5.8033,32205910,39.6
2018-01-08,5.86,5.86,5.8014,5.818,3321420,39.7
2018-01-09,5.8161,5.8307,5.6989,5.8253,4537340,39.75
2018-01-10,5.7428,5.904,5.7282,5.9059,8726070,40.3
2018-01-11,5.9186,6.2263,5.904,6.2283,9874500,42.5
2018-01-12,6.2409,6.6584,6.2409,6.6606,18714750,45.45
2018-01-15,6.6658,6.6951,6.446,6.6679,6559820,45.5
2018-01-16,6.5339,6.6218,6.5119,6.5873,6271100,44.95
2018-01-17,6.5779,6.5852,6.2556,6.2576,5794700,42.7
2018-01-18,6.2409,6.446,6.1091,6.4481,5371340,44
2018-01-19,6.5193,6.7537,6.5193,6.624,6728810,45.2
2018-01-22,6.5632,6.6511,6.49,6.6386,4402360,45.3
2018-01-25,6.6658,7.076,6.5925,7.005,10284390,47.8
2018-01-26,7.0027,7.0467,6.783,6.8878,5637470,47
2018-01-29,6.9002,6.9588,6.783,6.8951,6592140,47.05
2018-01-30,6.8928,6.8928,6.6951,6.8878,6121930,47
2018-01-31,6.8709,6.8709,6.739,6.8291,5581950,46.6
2018-02-01,6.8269,6.8416,6.7097,6.7412,3428660,46
2018-02-02,6.739,6.739,6.6365,6.7412,4567580,46
2018-02-05,6.6218,6.6804,6.2702,6.3016,3353170,43
2018-02-06,6.0065,6.0505,5.86,6.0085,3906020,41
2018-02-07,6.2116,6.424,6.197,6.4261,4238270,43.85
2018-02-08,6.424,6.717,6.3728,6.58,4667920,44.9
2018-02-09,6.4167,6.5486,6.1677,6.536,3454800,44.6
2018-02-12,6.5486,6.8855,6.5412,6.8145,3436010,46.5
2018-02-13,6.8782,6.8782,6.6658,6.8291,5066980,46.6
2018-02-21,6.8709,6.9002,6.6658,6.8438,3263200,46.7
2018-02-22,6.7683,6.7683,6.5925,6.5947,2243860,45
2018-02-23,6.5925,6.8123,6.4973,6.5287,2175420,44.55
2018-02-26,6.5266,6.739,6.3947,6.4481,2378080,44
2018-02-27,6.5193,6.5339,6.2702,6.5214,1579540,44.5
2018-02-28,6.446,6.5193,6.2995,6.5067,2241390,44.4
2018-03-01,6.3435,6.446,6.3288,6.4408,2739770,43.95
2018-03-02,6.3728,6.3801,6.3288,6.3822,1808640,43.55
2018-03-05,6.3874,6.4021,6.2849,6.3016,2578830,43
2018-03-06,6.2995,6.3801,6.2702,6.3309,2479350,43.2
2018-03-07,6.3288,6.4314,6.1823,6.2283,1357460,42.5
2018-03-08,6.2995,6.3728,6.1237,6.2283,2182740,42.5
2018-03-09,6.1677,6.3581,6.1384,6.2283,1018640,42.5
2018-03-12,6.2263,6.2849,6.1823,6.2283,1427550,42.5
2018-03-13,6.2263,6.2263,6.1603,6.199,1687940,42.3
2018-03-14,6.2263,6.4826,6.2116,6.4481,5974370,44
2018-03-15,6.446,6.5339,6.446,6.5214,4347760,44.5
2018-03-16,6.5632,6.5632,6.5193,6.5653,2863300,44.8
2018-03-19,6.5632,6.6438,6.49,6.624,4333110,45.2
2018-03-20,6.5705,6.5779,6.446,6.4481,2666350,44
2018-03-21,6.446,6.4753,6.3215,6.3748,2119630,43.5
2018-03-22,6.3728,6.446,6.2263,6.2283,2881270,42.5
2018-03-23,6.153,6.1823,5.9919,6.155,2122680,42
2018-03-26,6.0212,6.4021,6.0212,6.4041,3490240,43.7
2018-03-27,6.4021,6.5852,6.4021,6.5653,4513810,44.8
2018-03-28,6.5339,6.6584,6.5119,6.6606,3904720,45.45
2018-03-29,6.6658,6.783,6.6584,6.7412,3603320,46
2018-03-30,6.739,6.739,6.5925,6.7266,2358520,45.9
2018-04-02,6.739,6.7537,6.6658,6.6826,2317540,45.6
2018-04-03,6.6511,6.7097,6.6145,6.6826,2115830,45.6
2018-04-04,6.7244,6.8269,6.6804,6.8145,5350390,46.5
2018-04-05,6.8123,6.8562,6.7683,6.8072,2804190,46.45
2018-04-06,6.8049,6.8123,6.7537,6.8072,2975100,46.45
2018-04-09,6.8123,7.1346,6.783,7.1369,7770500,48.7
2018-04-10,7.1785,7.4129,7.1785,7.4153,9215650,50.6
2018-04-11,7.4129,7.4422,7.2078,7.3421,5630290,50.1
2018-04-12,7.2518,7.3104,7.1785,7.1955,2705590,49.1
2018-04-13,7.2591,7.3397,7.1932,7.3274,3033930,50
2018-04-16,7.325,7.5155,7.2078,7.4739,2836140,51
2018-04-17,7.5448,7.5741,7.4129,7.4446,1678660,50.8
2018-04-18,7.4569,7.6766,7.4129,7.5912,4624790,51.8
2018-04-19,7.6034,7.6034,7.1785,7.2102,3452260,49.2
2018-04-20,7.1785,7.3397,7.1346,7.3421,1802740,50.1
2018-04-23,7.2518,7.2811,6.8269,6.8291,3902200,46.6
2018-04-24,6.739,6.7976,6.3508,6.5947,3013200,45
2018-04-26,6.5925,6.6658,6.1384,6.1843,3073110,42.2
2018-04-27,6.153,6.3068,6.1237,6.2723,1706640,42.8
2018-05-02,6.153,6.2849,6.0065,6.155,1017430,42
2018-05-03,6.0798,6.3728,6.0138,6.3748,2085150,43.5
2018-05-04,6.446,6.446,6.2702,6.3016,646170,43
2018-05-07,6.3728,6.446,6.2263,6.3748,1601930,43.5
2018-05-08,6.3728,6.3728,6.2849,6.3309,1157790,43.2
2018-05-09,6.2995,6.3142,6.153,6.2869,525060,42.9
2018-05-10,6.2849,6.2849,5.86,5.8619,961790,40
2018-05-11,5.86,6.0651,5.7282,6.0671,819170,41.4
2018-05-14,6.0798,6.153,5.904,5.9352,550760,40.5
2018-05-15,5.9919,6.0505,5.9113,5.9938,1347990,40.9
2018-05-16,5.9919,5.9919,5.8307,5.8839,999600,40.15
2018-05-17,5.9333,5.9772,5.8893,5.9352,701400,40.5
2018-05-18,5.9919,6.0724,5.8893,5.9425,1552940,40.55
2018-05-21,6.0065,6.0505,5.9333,6.0231,1746750,41.1
2018-05-22,5.8893,5.9479,5.6036,5.7154,1406120,39
2018-05-23,5.7135,5.7575,5.3912,5.5249,959240,37.7
2018-05-24,5.567,5.611,5.1422,5.2025,2368050,35.5
2018-05-25,5.2008,5.2301,5.025,5.1658,2692400,35.25
2018-05-28,5.1275,5.1275,4.8052,4.8068,2696050,32.8
2018-05-29,4.981,5.1348,4.9004,5.1365,3943980,35.05
2018-05-30,5.274,5.4791,5.1129,5.3783,4462960,36.7
2018-05-31,5.3033,5.7282,5.3033,5.7154,1875240,39
2018-06-01,5.7868,6.1017,5.6842,6.0378,2692760,41.2
2018-06-04,6.0212,6.2995,5.9479,6.3016,2343110,43
2018-06-05,6.2995,6.446,6.2556,6.3309,2204580,43.2
2018-06-06,6.3288,6.3728,6.2702,6.3309,1099960,43.2
2018-06-07,6.3142,6.5632,6.2849,6.536,1512020,44.6
2018-06-08,6.5193,6.5412,6.3288,6.3602,863640,43.4
2018-06-11,6.2263,6.2702,6.1384,6.1404,1676050,41.9
2018-06-12,6.0798,6.0798,5.7135,5.9938,2322470,40.9
2018-06-13,5.9919,6.153,5.9919,6.0085,377960,41
2018-06-14,6.0798,6.0798,5.7428,5.7447,348610,39.2
2018-06-15,5.7428,5.8014,5.5963,5.73,1092080,39.1
2018-06-18,5.6403,5.7868,5.3326,5.393,1403380,36.8
2018-06-19,5.0689,5.4791,5.0689,5.393,3075220,36.8
2018-06-20,5.0279,5.6051,5.0279,5.5143,932640,36.3
2018-06-21,5.5444,5.5899,5.4684,5.5447,406740,36.5
2018-06-22,5.5444,5.6811,5.4684,5.6814,1144370,37.4
2018-06-25,5.7266,5.7342,5.6507,5.6663,299190,37.3
2018-06-26,5.4684,5.5975,5.4684,5.5903,427490,36.8
2018-06-27,5.5899,5.6811,5.4988,5.4992,336910,36.2
2018-06-28,5.4532,5.4836,5.2406,5.2561,757470,34.6
2018-06-29,5.3621,5.4912,5.2861,5.4916,1234320,36.15
2018-07-02,5.4912,5.5292,5.3013,5.4992,862020,36.2
2018-07-03,5.514,5.5444,5.2254,5.2713,2350580,34.7
2018-07-04,5.1646,5.3013,5.1038,5.2105,1296750,34.3
2018-07-05,5.2709,5.3013,4.9368,4.9827,1595010,32.8
2018-07-06,4.9823,5.3165,4.8,5.3169,3135130,35
2018-07-09,5.3317,5.4076,5.3013,5.3472,1255590,35.2
2018-07-10,5.3165,5.476,5.3013,5.3321,598240,35.1
2018-07-11,5.2406,5.2557,4.9595,4.9827,1553920,32.8
2018-07-12,5.0127,5.0887,4.9368,5.013,1495050,33
2018-07-13,5.0127,5.1038,5.0051,5.0814,1692220,33.45
2018-07-16,5.1038,5.1266,5.0507,5.0966,1286340,33.55
2018-07-17,5.0962,5.0962,4.9823,5.0966,1614890,33.55
2018-07-18,5.1114,5.4,5.1114,5.3548,2167560,35.25
2018-07-19,5.3621,5.4836,5.3317,5.3321,1856420,35.1
2018-07-20,5.3773,5.3773,5.1646,5.3776,1708540,35.4
2018-07-23,5.3469,5.4,5.2861,5.3472,1336380,35.2
2018-07-24,5.3165,5.3393,5.1646,5.165,1170400,34
2018-07-25,5.1646,5.2481,5.0583,5.089,951530,33.5
2018-07-26,5.0887,5.0962,4.9368,4.9827,1232550,32.8
2018-07-27,5.1038,5.1038,5.0127,5.0738,804460,33.4
2018-07-30,5.2102,5.3469,5.1798,5.3472,846700,35.2
2018-07-31,5.3469,5.4456,5.2254,5.408,1501400,35.6
2018-08-01,5.4228,5.4836,5.4076,5.4308,2113740,35.75
2018-08-02,5.4304,5.4304,5.2861,5.3472,1148030,35.2
2018-08-03,5.3545,5.4684,5.3317,5.446,2661080,35.85
2018-08-06,5.4456,5.4684,5.3925,5.446,1511810,35.85
2018-08-07,5.4456,5.5747,5.4228,5.4992,2250840,36.2
2018-08-08,5.5064,5.5747,5.4684,5.5447,1205980,36.5
2018-08-09,5.5595,5.6203,5.5292,5.5295,1752060,36.4
2018-08-10,5.5292,5.6355,5.4988,5.6359,2193310,37.1
2018-08-13,5.6355,5.6811,5.5899,5.6814,1514640,37.4
2018-08-14,5.6431,5.6963,5.5292,5.6814,1311490,37.4
2018-08-15,5.6811,5.7418,5.514,5.5447,1012930,36.5
2018-08-16,5.4684,5.6203,5.4228,5.5675,1176710,36.65
2018-08-17,5.5747,5.6051,5.4532,5.4536,937170,35.9
2018-08-20,5.4532,5.4608,5.2481,5.3169,1385060,35
2018-08-21,5.3165,5.3925,5.3013,5.3928,1140970,35.5
2018-08-22,5.4,5.4988,5.3925,5.4688,1105020,36
2018-08-23,5.4684,5.4988,5.438,5.4536,1091800,35.9
2018-08-24,5.4532,5.476,5.4228,5.4688,1640170,36
2018-08-27,5.476,5.4912,5.4532,5.4688,904340,36
2018-08-28,5.4684,5.4912,5.4608,5.4764,1050000,36.05
2018-08-29,5.4836,5.6507,5.4684,5.6511,2510990,37.2
2018-08-30,5.6507,5.8102,5.6355,5.803,2950700,38.2
2018-08-31,5.8026,5.8102,5.7418,5.7954,1595260,38.15
2018-09-04,5.7722,5.7722,5.6659,5.6814,1424210,37.4
2018-09-05,5.6811,5.6963,5.5519,5.6207,1248240,37
2018-09-06,5.6203,5.6355,5.514,5.5447,822860,36.5
2018-09-07,5.5444,5.5975,5.514,5.5675,1175460,36.65
2018-09-10,5.5671,5.6507,5.5671,5.6207,935940,37
2018-09-11,5.6431,5.6811,5.6127,5.6359,1228580,37.1
2018-09-12,5.6431,5.6963,5.6279,5.6359,956470,37.1
2018-09-13,5.6431,5.8709,5.6431,5.8637,3510820,38.6
2018-09-14,5.8633,5.9165,5.8254,5.8637,1760330,38.6
2018-09-17,5.8633,5.8785,5.8178,5.8334,1118330,38.4
2018-09-18,5.7722,5.8102,5.7266,5.8106,1235490,38.25
2018-09-19,5.8102,5.8633,5.8102,5.8486,1400510,38.5
2018-09-20,5.8482,5.9013,5.8178,5.9017,1453330,38.85
2018-09-21,5.9089,5.9165,5.8026,5.9017,1531720,38.85
2018-09-24,5.9013,5.9697,5.9013,5.9245,1568970,39
2018-09-25,5.9089,5.9317,5.8861,5.9093,1583720,38.9
2018-09-26,5.9089,5.9165,5.8178,5.8637,1776240,38.6
2018-09-27,5.8633,5.9013,5.8406,5.8561,1612480,38.55
2018-09-28,5.8557,5.9165,5.8482,5.9017,1933300,38.85
2018-10-01,5.9013,6.038,5.9013,5.9853,2572230,39.4
2018-10-02,5.9849,6.0001,5.9393,5.9549,1651980,39.2
2018-10-03,5.9545,6.0001,5.9393,5.9929,1658100,39.45
2018-10-04,6.0001,6.0228,5.795,5.8865,2438910,38.75
2018-10-05,5.8861,5.9013,5.7722,5.7726,1302170,38
2018-10-08,5.7114,5.7722,5.6203,5.7422,1623300,37.8
2018-10-09,5.7418,5.7722,5.6963,5.727,1567140,37.7
2018-10-10,5.7266,5.757,5.6963,5.7422,1622700,37.8
2018-10-11,5.4836,5.6203,5.3621,5.484,1148170,36.1
2018-10-12,5.438,5.5671,5.4076,5.5447,1451810,36.5
2018-10-15,5.5444,5.5519,5.2937,5.3928,1388600,35.5
2018-10-16,5.3925,5.6203,5.3317,5.6207,1748130,37
2018-10-17,5.6431,5.6811,5.6203,5.6435,1543500,37.15
2018-10-18,5.6431,5.6431,5.5444,5.6131,1439970,36.95
2018-10-19,5.5444,5.5444,5.438,5.5143,1584310,36.3
2018-10-22,5.514,5.5975,5.514,5.5447,1527490,36.5
2018-10-23,5.4684,5.5444,5.4076,5.4688,1139000,36
2018-10-24,5.4684,5.5064,5.3165,5.3169,2303360,35
2018-10-25,5.1646,5.2406,5.1646,5.2105,2373490,34.3
2018-10-26,5.233,5.3393,5.2102,5.2257,2942910,34.4
2018-10-29,5.2254,5.2633,5.0887,5.1801,1778800,34.1
2018-10-30,5.1798,5.2178,5.0127,5.0434,1712920,33.2
2018-10-31,5.0507,5.0811,4.876,4.9827,2159860,32.8
2018-11-01,4.9823,5.0431,4.9747,4.9903,1827130,32.85
2018-11-02,5.0051,5.1038,5.0051,5.089,3382980,33.5
2018-11-05,5.0887,5.1038,4.9519,5.0738,2500890,33.4
2018-11-06,5.0735,5.0811,4.9823,4.9903,1838820,32.85
2018-11-07,4.9368,5.0811,4.9368,5.0434,2098090,33.2
2018-11-08,5.0507,5.1038,5.0279,5.0434,2025730,33.2
2018-11-09,5.0127,5.0507,4.9671,4.9827,1871680,32.8
2018-11-12,4.9823,4.9823,4.8456,4.8611,1842290,32
2018-11-13,4.8,4.8,4.557,4.5573,1993330,30
2018-11-14,4.5646,4.6937,4.3292,4.375,1979430,28.8
2018-11-15,4.3975,4.3975,4.1773,4.2535,2278550,28
2018-11-16,4.2912,4.5494,4.2608,4.5497,3333630,29.95
2018-11-19,4.5874,4.7621,4.5874,4.694,2280300,30.9
2018-11-20,4.6178,4.633,4.557,4.6257,1090170,30.45
2018-11-21,4.5114,4.595,4.4886,4.5953,1449600,30.25
2018-11-22,4.6026,4.7165,4.5646,4.6788,1664180,30.8
2018-11-23,4.6785,4.6861,4.6026,4.6029,1370910,30.3
2018-11-26,4.6026,4.6481,4.5114,4.6333,1255750,30.5
2018-11-27,4.633,4.6633,4.557,4.5877,1472370,30.2
2018-11-28,4.5874,4.6102,4.557,4.6105,1560030,30.35
2018-11-29,4.633,4.6937,4.5798,4.5953,1592500,30.25
2018-11-30,4.595,4.6026,4.5038,4.5573,1497920,30
2018-12-03,4.5874,4.8684,4.5798,4.8611,2937000,32
2018-12-04,4.8912,4.8988,4.7317,4.8156,2077930,31.7
2018-12-05,4.7089,4.8152,4.6633,4.7396,1881730,31.2
2018-12-06,4.7393,4.7393,4.5722,4.6333,1717980,30.5
2018-12-07,4.6481,4.7089,4.6405,4.6485,2250550,30.6
2018-12-10,4.6481,4.6633,4.6026,4.6561,2314250,30.65
2018-12-11,4.6557,4.6785,4.5874,4.5877,2216610,30.2
2018-12-12,4.595,4.6785,4.595,4.6409,2216500,30.55
2018-12-13,4.6481,4.6861,4.6178,4.6485,2248960,30.6
2018-12-14,4.633,4.6481,4.5646,4.5877,1580250,30.2
2018-12-17,4.557,4.5874,4.4811,4.4814,1586390,29.5
2018-12-18,4.4051,4.4735,4.3747,4.4662,2075950,29.4
2018-12-19,4.4735,4.4811,4.3292,4.4054,1481420,29
2018-12-20,4.3595,4.4279,4.3292,4.413,1487030,29.05
2018-12-21,4.3899,4.4583,4.3443,4.4586,1768200,29.35
2018-12-24,4.4659,4.4811,4.3064,4.4054,1750920,29
2018-12-25,4.3292,4.3747,4.2228,4.3674,1557180,28.75
2018-12-26,4.4051,4.4127,4.3367,4.375,1122440,28.8
2018-12-27,4.4507,4.4811,4.4127,4.4814,1242120,29.5
2018-12-28,4.4811,4.6026,4.4507,4.6029,1558390,30.3
2019-01-02,4.2836,4.6026,4.2836,4.2839,723350,28.2
2019-01-03,4.3975,4.4051,4.2684,4.2763,1222860,28.15
2019-01-04,4.2988,4.4051,4.2532,4.4054,1129350,29
2019-01-07,4.4051,4.4811,4.3292,4.3902,727640,28.9
2019-01-08,4.3899,4.3975,4.2532,4.3294,1063470,28.5
2019-01-09,4.3443,4.4203,4.3443,4.3902,1246940,28.9
2019-01-10,4.3975,4.4203,4.3975,4.4054,1859370,29
2019-01-11,4.4051,4.4811,4.3975,4.4358,2231760,29.2
2019-01-14,4.4355,4.4659,4.3899,4.4206,715340,29.1
2019-01-15,4.4355,4.4431,4.3975,4.4358,717930,29.2
2019-01-16,4.4355,4.4355,4.3899,4.4358,895390,29.2
2019-01-17,4.4355,4.4355,4.3899,4.3902,998480,28.9
2019-01-18,4.4051,4.4659,4.3899,4.4206,1417600,29.1
2019-01-21,4.4279,4.5114,4.4203,4.5041,1233280,29.65
2019-01-22,4.5114,4.6102,4.5114,4.5725,1369310,30.1
2019-01-23,4.557,4.6026,4.5494,4.5573,850650,30
2019-01-24,4.557,4.5798,4.5114,4.5497,725150,29.95
2019-01-25,4.557,4.5722,4.5266,4.5497,891440,29.95
2019-01-28,4.5494,4.5722,4.5266,4.5573,876970,30
2019-01-29,4.557,4.5646,4.5342,4.5573,934570,30
2019-01-30,4.557,4.5646,4.5342,4.5573,768110,30
2019-01-31,4.5722,4.633,4.5722,4.6333,762510,30.5
2019-02-01,4.633,4.6481,4.6026,4.6333,1336610,30.5
2019-02-11,4.6481,4.6633,4.6178,4.6561,1150140,30.65
2019-02-12,4.6557,4.7545,4.6481,4.7244,1889530,31.1
2019-02-13,4.7317,4.7849,4.7241,4.7396,1299260,31.2
2019-02-14,4.7241,4.7469,4.6481,4.6788,944710,30.8
2019-02-15,4.6785,4.6785,4.5874,4.6181,1126100,30.4
2019-02-18,4.6178,4.6557,4.5798,4.6485,1482140,30.6
2019-02-19,4.6481,4.6481,4.519,4.5573,1535000,30
2019-02-20,4.557,4.557,4.5114,4.5117,840490,29.7
2019-02-21,4.5114,4.5494,4.4659,4.5269,1427590,29.8
2019-02-22,4.5266,4.633,4.5038,4.5725,1237000,30.1
2019-02-25,4.5874,4.7241,4.5874,4.7092,1776680,31
2019-02-26,4.7089,4.7165,4.6254,4.6561,1122230,30.65
2019-02-27,4.6557,4.6709,4.633,4.6485,951480,30.6
2019-02-28,4.6481,4.6481,4.557,4.5573,1478660,30
2019-03-01,4.557,4.6254,4.557,4.6181,963400,30.4
2019-03-04,4.6178,4.6481,4.5874,4.6181,1085020,30.4
2019-03-05,4.6178,4.6861,4.6026,4.6636,1303000,30.7
2019-03-06,4.6709,4.7089,4.633,4.6636,1108670,30.7
2019-03-07,4.6633,4.6861,4.6178,4.6636,1620040,30.7
2019-03-08,4.6254,4.6481,4.557,4.6181,1212760,30.4
2019-03-11,4.633,4.633,4.5722,4.6181,626150,30.4
2019-03-12,4.6178,4.7089,4.6026,4.694,1505510,30.9
2019-03-13,4.6937,4.7469,4.6937,4.7092,2043280,31
2019-03-14,4.7089,4.7165,4.6633,4.694,1310490,30.9
2019-03-15,4.6937,4.8532,4.6861,4.8308,3064820,31.8
2019-03-18,4.8456,4.9064,4.8076,4.8308,1392510,31.8
2019-03-19,4.8304,4.914,4.8304,4.8459,1696390,31.9
2019-03-20,4.8304,4.8456,4.7089,4.8232,931480,31.75
2019-03-21,4.8228,4.8532,4.7013,4.7092,972860,31
2019-03-22,4.7089,4.7697,4.6785,4.7092,1239450,31
2019-03-25,4.6026,4.6633,4.5646,4.6029,1271210,30.3
2019-03-26,4.6026,4.6557,4.5874,4.6029,1421400,30.3
2019-03-27,4.6102,4.6405,4.5646,4.6105,1492830,30.35
2019-03-28,4.5874,4.6633,4.557,4.5801,1479130,30.15
2019-03-29,4.557,4.5874,4.519,4.5573,1153030,30
2019-04-01,4.557,4.5646,4.4811,4.489,1097250,29.55
2019-04-02,4.4962,4.5114,4.3292,4.375,1518730,28.8
2019-04-03,4.3292,4.3367,4.276,4.2915,1140200,28.25
2019-04-04,4.3292,4.4431,4.3292,4.4358,1613920,29.2
2019-04-05,4.4203,4.4431,4.3899,4.4434,1364970,29.25
2019-04-08,4.4203,4.4279,4.3671,4.3902,1065960,28.9
2019-04-09,4.3899,4.4431,4.3216,4.3674,1880540,28.75
2019-04-10,4.3367,4.3443,4.2532,4.2687,1714100,28.1
2019-04-11,4.2836,4.2988,4.2456,4.2459,1056670,27.95
2019-04-12,4.2456,4.2608,4.1773,4.2079,1429660,27.7
2019-04-16,4.2,4.3443,4.1773,4.3446,1465250,28.6
2019-04-17,4.3595,4.3823,4.3292,4.3294,1064030,28.5
2019-04-18,4.2988,4.314,4.238,4.2687,1155030,28.1
2019-04-19,4.2684,4.276,4.2304,4.2687,938990,28.1
2019-04-22,4.2836,4.2836,4.2076,4.2687,1243600,28.1
2019-04-23,4.2836,4.314,4.2456,4.2915,1394220,28.25
2019-04-24,4.2988,4.314,4.276,4.3067,1127760,28.35
2019-04-25,4.314,4.314,4.2152,4.2687,1239480,28.1
2019-04-26,4.2912,4.2988,4.2532,4.2687,944690,28.1
2019-05-02,4.2836,4.2836,4.2228,4.2611,1303850,28.05
2019-05-03,4.2608,4.2684,4.1924,4.2535,1351590,28
2019-05-06,4.2304,4.2304,4.1317,4.1472,992700,27.3
2019-05-07,4.1469,4.1697,3.9646,3.9649,1855910,26.1
2019-05-08,3.9494,3.995,3.8886,3.9952,2118830,26.3
2019-05-09,3.995,4.0633,3.957,4.0636,1578090,26.75
2019-05-10,4.0709,4.1773,4.0329,4.132,1642950,27.2
2019-05-13,4.1317,4.1924,4.0557,4.1927,3370690,27.6
2019-05-14,4.1621,4.1924,4.0709,4.132,1545870,27.2
2019-05-15,4.1013,4.2,4.0557,4.1927,2499810,27.6
2019-05-16,4.1621,4.2,4.0709,4.1472,2217020,27.3
2019-05-17,4.1393,4.1393,4.0633,4.1016,1413840,27
2019-05-20,4.1241,4.1317,4.0785,4.1244,1315780,27.15
2019-05-21,4.1241,4.1393,4.0785,4.1168,1555260,27.1
2019-05-22,4.1013,4.1317,4.0785,4.1016,665200,27
2019-05-23,4.1013,4.1089,3.9798,4.0256,1685350,26.5
2019-05-24,4.0102,4.0557,3.9874,4.0256,883450,26.5
2019-05-27,4.0254,4.1013,4.0178,4.094,961600,26.95
2019-05-28,4.0861,4.1013,4.0102,4.0864,1003730,26.9
2019-05-29,4.0709,4.1089,4.0254,4.094,1761010,26.95
2019-05-30,4.0861,4.1621,4.0709,4.1547,2254410,27.35
2019-05-31,4.1393,4.1621,4.0861,4.1472,1768000,27.3
2019-06-03,4.1393,4.1393,4.0178,4.0636,1491650,26.75
2019-06-04,4.0405,4.0709,3.995,4.0408,1348200,26.6
2019-06-05,4.0481,4.0937,4.0405,4.0864,1688710,26.9
2019-06-06,4.0557,4.1013,4.0557,4.0712,779490,26.8
2019-06-07,4.0633,4.0861,4.0254,4.0864,941190,26.9
2019-06-10,4.0861,4.1013,4.0178,4.0712,1287780,26.8
2019-06-11,4.0405,4.0861,4.0329,4.0636,865430,26.75
2019-06-12,4.0709,4.0861,4.0329,4.0712,1192730,26.8
2019-06-13,4.0557,4.0785,4.0254,4.0408,1028590,26.6
2019-06-14,4.0633,4.0861,4.0102,4.0408,1780120,26.6
2019-06-17,4.0557,4.0709,4.0026,4.0256,1006060,26.5
2019-06-18,4.0329,4.0557,3.9114,3.9497,1248130,26
2019-06-19,3.9874,4.0102,3.7975,3.9876,1856260,26.25
2019-06-20,4.0254,4.0937,4.0102,4.0864,1786910,26.9
2019-06-21,4.0861,4.1089,4.0254,4.0408,1912930,26.6
2019-06-24,4.0557,4.0709,4.0329,4.0484,846740,26.65
2019-06-25,4.0405,4.0709,4.0329,4.056,641150,26.7
2019-06-26,4.0405,4.0709,4.0178,4.0408,1348500,26.6
2019-06-27,4.0329,4.0709,4.0178,4.0332,720990,26.55
2019-06-28,4.1773,4.1773,3.9342,4.1775,1728220,27.5
2019-07-01,4.0861,4.1773,4.0557,4.0864,1206760,26.9
2019-07-02,4.0254,4.0785,3.9874,4.0256,1672670,26.5
2019-07-03,4.0102,4.0405,3.9722,3.9952,1192780,26.3
2019-07-04,4.0102,4.0254,3.9798,4.0256,1596370,26.5
2019-07-05,4.0254,4.0481,3.9874,3.9876,1051800,26.25
2019-07-08,3.9798,3.9798,3.9266,3.9497,1276780,26
2019-07-09,3.9494,3.9722,3.8962,3.9725,1465910,26.15
2019-07-10,3.9646,3.9646,3.9114,3.9421,1818100,25.95
2019-07-11,3.9418,3.9874,3.9418,3.9649,1058820,26.1
2019-07-12,3.9646,3.9798,3.9342,3.9725,1058860,26.15
2019-07-15,3.9646,3.9874,3.9266,3.9649,971410,26.1
2019-07-16,3.957,3.9798,3.9494,3.9573,1018830,26.05
2019-07-17,3.9646,4.0102,3.9494,4.0104,1838690,26.4
2019-07-18,4.0178,4.0254,3.9494,4.0028,1073860,26.35
2019-07-19,4.0026,4.0178,3.9798,4.0104,910900,26.4
2019-07-22,4.0102,4.0254,3.9418,3.9649,775190,26.1
2019-07-23,3.9646,3.9722,3.9342,3.9725,892560,26.15
2019-07-24,3.9798,3.995,3.9418,3.9649,507930,26.1
2019-07-25,3.9646,3.9874,3.919,3.9725,1259970,26.15
2019-07-26,3.9646,3.9798,3.919,3.9573,1269290,26.05
2019-07-29,3.9494,3.9646,3.9342,3.9497,924560,26
2019-07-30,3.957,3.957,3.9266,3.9497,1082500,26
2019-07-31,3.9646,3.9646,3.919,3.9421,1225140,25.95
2019-08-01,3.9494,3.9494,3.9266,3.9497,1079040,26
2019-08-02,3.9342,3.957,3.9038,3.9573,1994450,26.05
2019-08-05,3.9494,3.957,3.881,3.8889,1080940,25.6
2019-08-06,3.8886,3.8886,3.714,3.7978,2045940,25
2019-08-07,3.8886,3.7975,3.7216,3.7978,1645830,25
2019-08-08,3.7975,3.7975,3.7367,3.7978,1542970,25
2019-08-09,3.7975,3.995,3.7899,3.9952,3855360,26.3
2019-08-12,4.0178,4.0254,3.919,3.9725,1252920,26.15
2019-08-13,3.957,3.9646,3.8886,3.9573,1066250,26.05
2019-08-14,3.957,3.995,3.9038,3.9952,1459040,26.3
2019-08-15,3.9114,4.0026,3.9038,4.0028,1724750,26.35
2019-08-16,3.995,4.0254,3.9722,4.0104,1822580,26.4
2019-08-19,4.0102,4.0254,3.9798,4.0028,623530,26.35
2019-08-20,3.995,4.0026,3.957,3.9952,995850,26.3
2019-08-21,3.9874,4.0254,3.9646,4.0256,1292810,26.5
2019-08-22,4.0102,4.0178,3.995,4.018,914360,26.45
2019-08-23,4.0102,4.0102,3.9874,4.0104,893370,26.4
2019-08-26,3.995,3.995,3.919,3.9952,1276690,26.3
2019-08-27,3.995,4.0254,3.9874,4.0256,2423010,26.5
2019-08-28,4.0254,4.0254,3.9874,4.0104,720970,26.4
2019-08-29,4.0026,4.0102,3.8659,3.9876,2307000,26.25
2019-08-30,3.9722,4.0026,3.919,3.9497,1027180,26
2019-09-03,3.9342,3.9418,3.8886,3.9041,1398210,25.7
2019-09-04,3.9342,3.9266,3.8659,3.8813,976200,25.55
2019-09-05,3.8886,3.8886,3.8355,3.8813,909790,25.55
2019-09-06,3.8735,3.8886,3.8355,3.8737,996760,25.5
2019-09-09,3.8735,3.8886,3.8355,3.8737,806820,25.5
2019-09-10,3.881,3.881,3.7747,3.8585,1230850,25.4
2019-09-11,3.8583,3.8659,3.7823,3.8585,1300750,25.4
2019-09-12,3.8583,3.9114,3.8431,3.9041,1301200,25.7
2019-09-13,3.8962,3.9798,3.881,3.9497,1831310,26
2019-09-16,3.8962,4.0102,3.9418,3.9952,2225270,26.3
2019-09-17,3.9874,3.995,3.9494,3.9801,1571630,26.2
2019-09-18,3.9722,3.9874,3.957,3.9649,905560,26.1
2019-09-19,3.957,4.0178,3.957,4.0028,1610140,26.35
2019-09-20,4.0026,4.0254,3.995,4.0028,1212560,26.35
2019-09-23,4.0026,4.0102,3.9874,4.0104,924710,26.4
2019-09-24,4.0026,4.0102,3.9646,3.9876,1312330,26.25
2019-09-25,3.9874,4.0178,3.9798,4.018,1218460,26.45
2019-09-26,4.0102,4.0405,4.0026,4.0256,1921770,26.5
2019-09-27,4.0254,4.0557,4.0102,4.0484,2109570,26.65
2019-09-30,4.0481,4.2608,4.0481,4.2079,3492130,27.7
2019-10-01,4.2076,4.314,4.2076,4.2915,4476330,28.25
2019-10-02,4.2836,4.314,4.2608,4.2687,2485740,28.1
2019-10-03,4.2456,4.276,4.1773,4.2231,2394270,27.8
2019-10-04,4.2228,4.2608,4.1621,4.1775,1733690,27.5
2019-10-07,4.1773,4.2076,4.1469,4.1623,1407810,27.4
2019-10-08,4.1621,4.2,4.1469,4.1927,1646150,27.6
2019-10-09,4.1848,4.2,4.1697,4.1775,1299340,27.5
2019-10-10,4.1848,4.2,4.1621,4.2003,1538160,27.65
2019-10-11,4.2076,4.276,4.2,4.2535,2265090,28
2019-10-14,4.276,4.314,4.276,4.3143,2796220,28.4
2019-10-15,4.3216,4.3367,4.276,4.2991,1432200,28.3
2019-10-16,4.2988,4.3064,4.2684,4.2839,1068290,28.2
2019-10-17,4.276,4.2836,4.238,4.2383,1948760,27.9
2019-10-18,4.2532,4.2608,4.2228,4.2459,1281060,27.95
2019-10-21,4.238,4.2608,4.2304,4.2535,1170010,28
2019-10-22,4.2532,4.2912,4.2304,4.2459,1251450,27.95
2019-10-23,4.238,4.2912,4.2228,4.2915,2508290,28.25
2019-10-24,4.2836,4.4355,4.2684,4.4358,4608210,29.2
2019-10-25,4.4279,4.4431,4.3671,4.3902,1586170,28.9
2019-10-28,4.4051,4.4127,4.3519,4.3902,1730470,28.9
2019-10-29,4.3747,4.3975,4.3367,4.375,1446260,28.8
2019-10-30,4.3671,4.3975,4.3595,4.3902,2171950,28.9
2019-10-31,4.3899,4.4962,4.3899,4.4738,4007290,29.45
2019-11-01,4.4583,4.4735,4.3975,4.451,1528630,29.3
2019-11-04,4.4431,4.4811,4.4279,4.4814,2666690,29.5
2019-11-05,4.4659,4.4811,4.4431,4.4814,1544260,29.5
2019-11-06,4.4811,4.4811,4.4203,4.4206,1981650,29.1
2019-11-07,4.4203,4.4431,4.3899,4.4282,1764160,29.15
2019-11-08,4.4507,4.5418,4.4431,4.5041,4099020,29.65
2019-11-11,4.4962,4.5114,4.4203,4.4965,2449980,29.6
2019-11-12,4.4811,4.4962,4.4279,4.4814,2025350,29.5
2019-11-13,4.4735,4.4811,4.4279,4.4814,2306790,29.5
2019-11-14,4.4659,4.4811,4.4051,4.4054,1800960,29
2019-11-15,4.4051,4.4127,4.3064,4.3067,2507740,28.35
2019-11-18,4.3216,4.4507,4.2988,4.3598,3249280,28.7
2019-11-19,4.3671,4.3823,4.3443,4.375,1798650,28.8
2019-11-20,4.3747,4.4127,4.3292,4.3902,1671860,28.9
2019-11-21,4.3671,4.3899,4.3216,4.3219,1711790,28.45
2019-11-22,4.3292,4.3519,4.1773,4.2231,1596730,27.8
2019-11-25,4.2228,4.2608,4.1848,4.2231,961390,27.8
2019-11-26,4.238,4.2608,4.2,4.2231,1420590,27.8
2019-11-27,4.2228,4.238,4.1013,4.1016,1153210,27
2019-11-28,4.1013,4.1089,3.9494,3.9725,1211930,26.15
2019-11-29,3.9646,4.0329,3.9646,4.0256,957640,26.5
2019-12-02,4.0254,4.0254,3.881,3.8813,954080,25.55
2019-12-03,3.881,3.919,3.8431,3.8813,1045380,25.55
2019-12-04,3.8886,4.1469,3.8886,4.1472,2051210,27.3
2019-12-05,4.2152,4.314,4.2076,4.2383,1719780,27.9
2019-12-06,4.2228,4.2456,4.1924,4.2231,811470,27.8
2019-12-09,4.2152,4.2684,4.1773,4.2535,1648450,28
2019-12-10,4.2532,4.2684,4.1924,4.2079,1009950,27.7
2019-12-11,4.1773,4.2684,4.1773,4.2535,1296400,28
2019-12-12,4.2532,4.2684,4.2304,4.2535,1185500,28
2019-12-13,4.2532,4.2684,4.2152,4.2459,1360290,27.95
2019-12-16,4.2456,4.2456,4.1773,4.1851,1188090,27.55
2019-12-17,4.1317,4.1773,4.0557,4.094,1362410,26.95
2019-12-18,4.0329,4.0937,3.9722,4.018,1218070,26.45
2019-12-19,4.0178,4.0254,3.9418,3.9801,1276510,26.2
2019-12-20,3.9798,3.9874,3.9646,3.9801,895980,26.2
2019-12-23,3.9798,4.0026,3.9646,3.9952,1102710,26.3
2019-12-24,4.0026,4.1013,4.0026,4.0712,1607030,26.8
2019-12-25,4.0633,4.1013,4.0405,4.056,833500,26.7
2019-12-26,4.0405,4.0557,4.0102,4.0256,660670,26.5
2019-12-27,4.0254,4.1013,4.0178,4.1016,2205190,27
2019-12-30,4.1013,4.1089,4.0709,4.0864,898050,26.9
2019-12-31,4.0861,4.1848,4.0709,4.1851,2151310,27.55
2020-01-02,4.1773,4.2228,4.1241,4.2231,2142970,27.8
2020-01-03,4.2152,4.2152,4.1621,4.1851,1305640,27.55
2020-01-06,4.1773,4.1773,4.0709,4.1016,1309500,27
2020-01-07,4.1013,4.1013,4.0405,4.056,865630,26.7
2020-01-08,4.0405,4.0861,3.9722,4.056,1954710,26.7
2020-01-09,4.0557,4.1924,4.0481,4.1775,2024450,27.5
2020-01-10,4.1848,4.314,4.1848,4.2687,1917360,28.1
2020-01-13,4.2684,4.276,4.2,4.2383,866380,27.9
2020-01-14,4.2076,4.276,4.1924,4.2535,813000,28
2020-01-15,4.2532,4.2608,4.2,4.2155,712440,27.75
2020-01-16,4.2152,4.3595,4.2076,4.3522,2717120,28.65
2020-01-17,4.3595,4.3975,4.3367,4.337,2061530,28.55
2020-01-20,4.3367,4.3367,4.2684,4.2915,939700,28.25
2020-01-21,4.2912,4.4203,4.2836,4.3978,1656380,28.95
2020-01-22,4.3975,4.4127,4.3292,4.4054,2241630,29
2020-01-30,4.3595,4.3595,4.2456,4.2459,1695770,27.95
2020-01-31,4.2304,4.238,3.9494,4.1016,1891250,27
2020-02-03,4.1013,4.1697,3.881,4.1016,1825080,27
2020-02-04,4.1089,4.2076,4.0785,4.1851,1620490,27.55
2020-02-05,4.1848,4.3292,4.1393,4.3143,1330510,28.4
2020-02-06,4.3216,4.557,4.3064,4.5421,3301040,29.9
2020-02-07,4.5418,4.5722,4.4962,4.5497,1757480,29.95
2020-02-10,4.5342,4.5418,4.4279,4.4814,1230340,29.5
2020-02-11,4.4659,4.4962,4.3823,4.4054,2634890,29
2020-02-12,4.4127,4.5418,4.4127,4.4358,1790130,29.2
2020-02-13,4.4431,4.4811,4.4203,4.4358,1237040,29.2
2020-02-14,4.4431,4.4886,4.3443,4.3446,2113640,28.6
2020-02-17,4.3443,4.3671,4.3367,4.3674,2070830,28.75
2020-02-18,4.3595,4.4051,4.3519,4.3522,1079920,28.65
2020-02-19,4.3519,4.3519,4.2684,4.3294,1704650,28.5
2020-02-20,4.3367,4.3519,4.2988,4.3143,1144200,28.4
2020-02-21,4.3064,4.3595,4.2836,4.3143,1193560,28.4
2020-02-24,4.2532,4.2608,4.1393,4.1396,1366630,27.25
2020-02-25,4.1013,4.2608,4.0937,4.2535,1834510,28
2020-02-26,4.2076,4.2912,4.1545,4.2079,1200270,27.7
2020-02-27,4.2152,4.2684,4.2,4.2535,1243660,28
2020-02-28,4.1848,4.2228,4.1317,4.2231,1033040,27.8
2020-03-02,4.2076,4.2532,4.1621,4.2079,1320040,27.7
2020-03-03,4.2532,4.2988,4.1924,4.2079,2539510,27.7
2020-03-04,4.2076,4.2912,4.2076,4.2763,1566000,28.15
2020-03-05,4.2912,4.3519,4.2152,4.2535,1184690,28
2020-03-06,4.238,4.2532,4.1773,4.2535,720180,28
2020-03-09,4.0709,4.0785,3.957,3.9573,1611800,26.05
2020-03-10,3.8051,4.0481,3.7975,3.9193,2498670,25.8
2020-03-11,3.9494,3.9494,3.6456,3.7218,1355180,24.5
2020-03-12,3.6684,3.6684,3.4633,3.4636,2178450,22.8
2020-03-13,3.2279,3.5621,3.2279,3.4939,3270420,23
2020-03-16,3.395,3.4937,3.2507,3.2965,2497160,21.7
2020-03-17,3.2203,3.4253,3.0836,3.2205,3084830,21.2
2020-03-18,3.3342,3.3342,3.1975,3.2357,1712110,21.3
2020-03-19,3.1899,3.1899,3.0152,3.1749,2289340,20.9
2020-03-20,3.1443,3.1747,3,3.1749,1539210,20.9
2020-03-23,2.9772,2.9772,2.9545,2.9547,695880,19.45
2020-03-24,2.9545,2.9924,2.8405,2.8863,1649110,19
2020-03-25,3.0228,3.0228,2.9089,3.023,2066330,19.9
2020-03-26,3.0076,3.0228,2.8709,2.9774,3422990,19.6
2020-03-27,2.9621,2.9621,2.7722,2.7724,1966000,18.25
2020-03-30,2.6583,2.6583,2.5823,2.6205,1797420,17.25
2020-03-31,2.7266,2.7798,2.4456,2.704,1498980,17.8
2020-04-01,2.719,2.8785,2.7114,2.8787,752190,18.95
2020-04-03,2.9013,2.9696,2.8861,2.9698,1133750,19.55
2020-04-06,2.9772,3.114,2.9772,3.1142,2020520,20.5
2020-04-07,3.114,3.1747,3.0532,3.1521,1134650,20.75
2020-04-08,3.114,3.1443,3.0456,3.1369,1080520,20.65
2020-04-09,3.1367,3.1595,3.0608,3.1369,2083860,20.65
2020-04-10,3.0608,3.114,3.0076,3.0382,1576090,20
2020-04-13,3.0304,3.0684,2.9393,3.0686,1621270,20.2
2020-04-14,3.076,3.076,2.9696,3.0382,1069550,20
2020-04-15,3.038,3.1367,3.038,3.1369,1176120,20.65
2020-04-16,3.1291,3.2203,3.0988,3.1825,1764670,20.95
2020-04-17,3.2962,3.3418,3.2583,3.2661,2464460,21.5
2020-04-20,3.3114,3.3342,3.2279,3.2433,1505740,21.35
2020-04-21,3.1595,3.1899,3.0304,3.0534,2215800,20.1
2020-04-22,2.9621,3.1747,2.9317,3.1597,1488030,20.8
2020-04-23,3.1899,3.2203,3.0684,3.1294,2254760,20.6
2020-04-24,3.1291,3.1291,3.0456,3.1294,2076040,20.6
2020-04-27,3.0988,3.1595,3.076,3.1142,1764890,20.5
2020-04-28,3.114,3.1443,3.0532,3.1218,1656080,20.55
2020-04-29,3.1367,3.1443,3.1064,3.1369,2104730,20.65
2020-05-04,3.1367,3.2886,3.1215,3.2737,1813200,21.55
2020-05-05,3.281,3.2962,3.2051,3.2889,1177050,21.65
2020-05-06,3.281,3.281,3.2127,3.2509,393860,21.4
2020-05-07,3.3114,3.3114,3.2203,3.2357,1204160,21.3
2020-05-08,3.2355,3.4557,3.2355,3.4028,2216860,22.4
2020-05-11,3.4253,3.4785,3.3418,3.4256,1469200,22.55
2020-05-12,3.4253,3.4785,3.4102,3.4484,1016600,22.7
2020-05-13,3.4329,3.6304,3.3722,3.6003,2269340,23.7
2020-05-14,3.5241,3.5697,3.4937,3.4939,860840,23
2020-05-15,3.4937,3.5697,3.4253,3.4712,561390,22.85
2020-05-18,3.4481,3.5241,3.4253,3.5243,880590,23.2
2020-05-19,3.6,3.6304,3.5393,3.5775,1318090,23.55
2020-05-20,3.5393,3.5772,3.5393,3.5623,435170,23.45
2020-05-21,3.5165,3.8051,3.5165,3.8054,1123550,25.05
2020-05-22,3.6456,3.7216,3.6228,3.6307,1046640,23.9
2020-05-25,3.6456,3.7064,3.6152,3.661,942600,24.1
2020-05-26,3.6,3.6988,3.6,3.699,755080,24.35
2020-05-27,3.7671,3.7671,3.6,3.6003,850800,23.7
2020-05-28,3.6456,3.6456,3.5924,3.6003,510180,23.7
2020-05-29,3.5848,3.676,3.5317,3.6762,937900,24.2
2020-06-01,3.6836,3.7975,3.6836,3.7902,890790,24.95
2020-06-02,4.0481,4.0481,4.0254,4.0484,2242700,26.65
2020-06-03,4.3292,4.3292,4.1013,4.3294,1999730,28.5
2020-06-04,4.3292,4.3595,4.2228,4.2231,943650,27.8
2020-06-05,4.1621,4.2228,4.0861,4.1775,931870,27.5
2020-06-08,4.1924,4.238,4.1393,4.1623,1490380,27.4
2020-06-09,4.1621,4.2684,4.1393,4.2611,1001390,28.05
2020-06-10,4.2608,4.2684,4.1621,4.2535,719230,28
2020-06-11,4.2228,4.238,4.0861,4.132,1803480,27.2
2020-06-12,3.8886,4.1013,3.8886,4.0864,926890,26.9
2020-06-15,4.3292,4.3519,4.0254,4.1472,2666010,27.3
2020-06-16,4.1773,4.1924,4.1013,4.1472,1728880,27.3
2020-06-17,4.1469,4.1469,4.0709,4.0788,589790,26.85
2020-06-18,4.0254,4.0633,3.995,4.0332,683790,26.55
2020-06-19,4.0026,4.0709,4.0026,4.0712,456590,26.8
2020-06-22,4.0937,4.0937,3.9722,4.0256,644540,26.5
2020-06-23,4.0709,4.0709,4.0026,4.0256,616470,26.5
2020-06-24,4.0254,4.0405,3.9798,3.9876,463340,26.25
2020-06-25,3.957,3.957,3.8735,3.9041,730410,25.7
2020-06-26,3.9494,3.9646,3.8203,3.8509,929440,25.35
2020-06-29,3.7975,3.8203,3.6228,3.7522,1592010,24.7
2020-06-30,3.7823,3.8051,3.6228,3.7674,1007010,24.8
2020-07-01,3.6988,3.7671,3.6608,3.7294,926460,24.55
2020-07-02,3.7975,3.8279,3.714,3.7522,707210,24.7
2020-07-03,3.7899,4.0102,3.7671,3.9497,1696380,26
2020-07-06,3.9494,3.995,3.8962,3.9497,776970,26
2020-07-07,3.9874,3.995,3.9494,3.9497,674050,26
2020-07-08,3.9494,3.9646,3.9038,3.9573,514700,26.05
2020-07-09,3.957,4.1469,3.957,4.132,1668270,27.2
2020-07-10,4.0709,4.1545,4.0405,4.0484,1022700,26.65
2020-07-13,4.0557,4.1013,4.0102,4.0484,799240,26.65
2020-07-14,4.0405,4.0633,3.9874,4.056,1155520,26.7
2020-07-15,4.0557,4.1317,4.0557,4.0788,726130,26.85
2020-07-16,4.0785,4.1317,4.0405,4.132,828530,27.2
2020-07-17,4.0785,4.1089,4.0785,4.094,600150,26.95
2020-07-20,4.0633,4.1317,4.0557,4.0636,735140,26.75
2020-07-21,4.0937,4.0937,4.0254,4.0332,658420,26.55
2020-07-22,4.0329,4.0785,3.9646,3.9952,681160,26.3
2020-07-23,3.995,4.0405,3.9646,4.0408,567900,26.6
2020-07-24,3.995,4.0254,3.7671,3.8433,1302970,25.3
2020-07-27,3.6,3.7671,3.5772,3.5775,1665640,23.55
2020-07-28,3.5772,3.6912,3.5013,3.6458,1964660,24
2020-07-29,3.5241,3.6456,3.4785,3.6155,960200,23.8
2020-07-30,3.5848,3.6836,3.5848,3.661,500710,24.1
2020-07-31,3.5013,3.6608,3.5013,3.6383,691900,23.95
2020-08-03,3.6076,3.7367,3.6076,3.7066,575950,24.4
2020-08-04,3.7823,3.7823,3.7064,3.7446,477290,24.65
2020-08-05,3.7443,3.8886,3.7291,3.8737,803780,25.5
2020-08-06,3.8735,3.9874,3.8127,3.9497,960720,26
2020-08-07,3.9494,3.9646,3.9038,3.9573,619710,26.05
2020-08-10,3.9646,4.0709,3.9646,4.0256,1042010,26.5
2020-08-11,4.0557,4.0861,4.0026,4.056,932030,26.7
2020-08-12,4.0557,4.0785,4.0329,4.0788,543490,26.85
2020-08-13,4.0861,4.1165,4.0557,4.1168,999550,27.1
2020-08-14,4.1469,4.2076,4.1165,4.1623,1990240,27.4
2020-08-17,4.1924,4.2152,4.1545,4.1927,1633730,27.6
2020-08-18,4.2152,4.2152,4.1317,4.1623,848890,27.4
2020-08-19,4.1621,4.1697,4.1089,4.1244,736570,27.15
2020-08-20,4.1241,4.1393,4.0785,4.0788,1319990,26.85
2020-08-21,4.0861,4.1469,4.0861,4.132,485010,27.2
2020-08-24,4.1317,4.2836,4.1317,4.2839,1508410,28.2
2020-08-25,4.2836,4.3443,4.2836,4.2839,1061180,28.2
2020-08-26,4.2532,4.3216,4.238,4.2915,661770,28.25
2020-08-27,4.2836,4.314,4.2684,4.2763,555190,28.15
2020-08-28,4.276,4.3292,4.276,4.2839,739830,28.2
2020-08-31,4.2836,4.3216,4.276,4.3067,730390,28.35
2020-09-01,4.2988,4.3443,4.2912,4.3294,912390,28.5
2020-09-03,4.4051,4.5266,4.3899,4.5269,2106380,29.8
2020-09-04,4.5114,4.5494,4.4659,4.5117,1737350,29.7
2020-09-07,4.557,4.557,4.4355,4.4358,1500260,29.2
2020-09-08,4.4355,4.5114,4.3443,4.4662,979100,29.4
2020-09-09,4.3899,4.4811,4.3747,4.4206,967490,29.1
2020-09-10,4.4583,4.4811,4.4203,4.451,510410,29.3
2020-09-11,4.557,4.6937,4.5418,4.6105,2980530,30.35
2020-09-14,4.6785,4.6785,4.5722,4.5953,1657830,30.25
2020-09-15,4.5874,4.6102,4.5418,4.5421,1578100,29.9
2020-09-16,4.5418,4.5798,4.5114,4.5345,1270990,29.85
2020-09-17,4.5342,4.5494,4.4962,4.4965,1138420,29.6
2020-09-18,4.4962,4.5418,4.4962,4.5193,1007690,29.75
2020-09-21,4.5798,4.6937,4.5798,4.6636,2060410,30.7
2020-09-22,4.6633,4.6937,4.6026,4.694,1851750,30.9
2020-09-23,4.7089,4.7469,4.6861,4.7168,1057680,31.05
2020-09-24,4.7089,4.7241,4.6937,4.7168,875340,31.05
2020-09-25,4.7165,4.7317,4.6633,4.732,1459450,31.15
2020-09-28,4.8152,4.8152,4.7393,4.7776,1091890,31.45
2020-09-29,4.7849,4.8608,4.7469,4.7472,2066420,31.25
2020-09-30,4.7697,4.7773,4.7241,4.7548,2597730,31.3
2020-10-01,4.8758,4.9547,4.8659,4.8978,2899450,24.8
2020-10-02,4.935,4.9449,4.7771,4.878,1937670,24.7
2020-10-05,4.9153,4.935,4.8758,4.8978,1003200,24.8
2020-10-06,4.9054,4.935,4.8659,4.878,1594250,24.7
2020-10-07,4.8363,4.8955,4.8264,4.878,1388290,24.7
2020-10-08,4.856,4.8857,4.7968,4.8385,1506280,24.5
2020-10-09,4.8659,4.8659,4.8363,4.8385,1414530,24.5
2020-10-12,4.856,4.8758,4.7968,4.8089,1352010,24.35
2020-10-13,4.8067,4.8166,4.7376,4.7398,1414340,24
2020-10-14,4.7376,4.8166,4.7179,4.7892,1323940,24.25
2020-10-15,4.8166,4.856,4.7771,4.8583,1323190,24.6
2020-10-16,4.856,4.935,4.8166,4.8978,1495300,24.8
2020-10-19,4.9153,4.9153,4.856,4.8879,1258750,24.75
2020-10-20,4.8758,5.0534,4.8758,4.9965,2366670,25.3
2020-10-21,5.0534,5.0929,4.9844,4.9965,2268450,25.3
2020-10-22,4.9942,5.0238,4.935,4.9867,1653550,25.25
2020-10-23,4.9942,5.0238,4.9547,5.0262,1969110,25.45
2020-10-26,4.9942,5.0238,4.935,4.9373,1907620,25
2020-10-27,4.935,4.935,4.8462,4.8484,1834730,24.55
2020-10-28,4.8363,4.8363,4.5402,4.5423,3275210,23
2020-10-29,4.5402,4.708,4.5205,4.6608,2158770,23.6
2020-10-30,4.7771,4.7968,4.6488,4.7793,1919800,24.2
2020-11-02,4.7771,4.8166,4.6981,4.8188,1431070,24.4
2020-11-03,4.8363,4.856,4.7573,4.8089,1538860,24.35
2020-11-04,4.935,5.0436,4.935,4.9768,5034090,25.2
2020-11-05,4.9646,5.0831,4.935,4.9768,3137940,25.2
2020-11-06,5.014,5.014,4.935,4.957,1300350,25.1
2020-11-09,5.014,5.0238,4.9745,5.0262,1689360,25.45
2020-11-10,5.1127,5.1324,5.0238,5.036,3570080,25.5
2020-11-11,5.0337,5.0929,5.0041,5.0953,3470730,25.8
2020-11-12,5.0929,5.1225,5.0831,5.115,1765850,25.9
2020-11-13,5.1324,5.1324,5.0633,5.1052,3920880,25.85
2020-11-16,5.1324,5.1324,4.9745,4.9768,6750870,25.2
2020-11-17,5.0929,5.0929,5.0436,5.0755,8312310,25.7
2020-11-18,5.0929,5.0929,5.0238,5.0657,5909160,25.65
2020-11-19,5.0238,5.0534,5.014,5.0262,4863700,25.45
2020-11-20,5.0238,5.1324,5.0238,5.0953,3751000,25.8
2020-11-23,5.1324,5.1719,5.0732,5.0854,4563820,25.75
2020-11-25,5.0436,5.0534,4.9745,5.0163,4575840,25.4
2020-11-26,5.0337,5.0633,4.9844,5.036,4176820,25.5
2020-11-27,5.225,5.3754,5.1373,5.3766,10500540,21.45
2020-11-30,5.4631,5.7513,5.4506,5.5144,7093650,22
2020-12-01,5.4004,5.6009,5.3879,5.5896,5994270,22.3
2020-12-02,5.5132,5.5759,5.5007,5.527,5158140,22.05
2020-12-03,5.5132,5.5633,5.4631,5.4643,4923230,21.8
2020-12-04,5.4631,5.4881,5.438,5.4392,3959250,21.7
2020-12-07,5.4756,5.4881,5.438,5.4768,2691150,21.85
2020-12-08,5.4881,5.5633,5.4756,5.5646,2911860,22.2
2020-12-09,5.6385,5.7137,5.6009,5.6773,5148570,22.65
2020-12-10,5.6886,5.6886,5.5759,5.5771,4914350,22.25
2020-12-11,5.5884,5.6385,5.5633,5.5771,3316850,22.25
2020-12-14,5.5884,5.6385,5.5633,5.6021,3219050,22.35
2020-12-15,5.6009,5.6134,5.5132,5.5771,4717840,22.25
2020-12-16,5.5633,5.6385,5.5383,5.6147,4559460,22.4
2020-12-17,5.6134,5.7763,5.5383,5.7024,6299430,22.75
2020-12-18,5.7012,5.9392,5.6886,5.9405,9509510,23.7
2020-12-21,6.0144,6.265,6.0144,6.2539,6290050,24.95
2020-12-22,6.265,6.265,6.0896,6.1661,4163730,24.6
2020-12-23,6.1397,6.1648,6.0144,6.0157,6361130,24
2020-12-24,6.0144,6.0269,5.6385,5.8152,6630420,23.2
2020-12-25,5.8265,6.0395,5.8014,6.0157,5078510,24
2020-12-28,6.0645,6.1272,5.9016,5.9781,5670670,23.85
2020-12-29,5.9768,5.9893,5.9016,5.928,3524870,23.65
2020-12-30,5.9142,5.9893,5.9142,5.9155,3005990,23.6
2020-12-31,5.9392,6.0019,5.9142,5.9531,2587530,23.75
2021-01-04,6.052,6.0645,5.9893,6.0408,6829000,24.1
2021-01-05,6.0395,6.2399,6.0395,6.2037,7231800,24.75
2021-01-06,6.2149,6.5407,6.2149,6.4293,11331100,25.65
2021-01-07,6.5156,6.7537,6.5031,6.7176,8328800,26.8
2021-01-08,6.8163,6.8915,6.7161,6.7928,6924700,27.1
2021-01-11,6.8163,6.879,6.6409,6.7301,6768300,26.85
2021-01-12,6.691,6.7411,6.5908,6.705,5101900,26.75
2021-01-13,6.7036,6.7662,6.691,6.7301,6388800,26.85
2021-01-14,6.7662,6.7662,6.6409,6.7176,3675000,26.8
2021-01-15,6.7662,7.0168,6.7537,6.9933,7103500,27.9
2021-01-18,6.9917,6.9917,6.7662,6.8304,5150200,27.25
2021-01-19,6.7662,6.7662,6.3527,6.3541,5782200,25.35
2021-01-20,6.3527,6.478,6.0144,6.3917,6660300,25.5
2021-01-21,6.4404,6.5908,6.265,6.4669,4714900,25.8
2021-01-22,6.4655,6.6284,6.4404,6.5421,2937200,26.1
2021-01-25,6.5407,6.5407,6.3903,6.4293,2373100,25.65
2021-01-26,6.3652,6.3652,6.0144,6.1411,3770100,24.5
2021-01-27,6.0269,6.2024,5.7638,5.8403,4373100,23.3
2021-01-28,5.438,5.5884,5.438,5.4392,4508900,21.7
2021-01-29,5.0621,5.8139,5.0621,5.5896,5395400,22.3
2021-02-01,5.6134,5.8014,5.4631,5.5646,3380300,22.2
2021-02-02,5.5633,5.8891,5.5007,5.8152,3057100,23.2
2021-02-03,5.864,6.0395,5.8139,6.0157,4470000,24
2021-02-04,6.0144,6.052,5.8515,5.9029,3323600,23.55
2021-02-05,5.9142,6.0395,5.9016,6.0408,3084000,24.1
2021-02-08,5.8766,6.0395,5.7262,5.8779,3918400,23.45
2021-02-09,5.9142,6.0395,5.839,6.0408,3156000,24.1
2021-02-17,6.0896,6.3652,6.0395,6.3666,4203900,25.4
2021-02-18,6.3652,6.4655,6.265,6.3917,4632300,25.5
2021-02-19,6.2901,6.453,6.2399,6.4042,4034000,25.55
2021-02-22,6.4028,6.5657,6.4028,6.4669,6535800,25.8
2021-02-23,6.4154,6.5783,6.3903,6.5045,4611000,25.95
2021-02-24,6.5156,6.5532,6.3151,6.3792,4438700,25.45
2021-02-25,6.4279,6.4404,6.2149,6.3917,4931000,25.5
2021-02-26,6.265,6.3652,6.2525,6.304,4328500,25.15
2021-03-01,6.3402,6.4655,6.3402,6.4669,3271800,25.8
2021-03-02,6.5407,6.7662,6.4905,6.6925,8274900,26.7
2021-03-03,6.7036,6.8414,6.6409,6.7552,5701400,26.95
2021-03-04,6.7411,6.7662,6.4655,6.5672,4433800,26.2
2021-03-05,6.5657,6.5908,6.4154,6.4794,5045400,25.85
2021-03-08,6.5657,6.5908,6.478,6.5045,2950800,25.95
2021-03-09,6.478,6.5407,6.3277,6.5045,2548600,25.95
2021-03-10,6.5031,6.5657,6.4154,6.5421,2806700,26.1
2021-03-11,6.6409,6.666,6.5407,6.6173,3621700,26.4
2021-03-12,6.6409,6.7286,6.6284,6.68,4051500,26.65
2021-03-15,6.6785,6.7161,6.6534,6.68,2840700,26.65
2021-03-16,6.7161,6.7411,6.6409,6.7176,4549400,26.8
2021-03-17,6.7411,6.9166,6.7411,6.893,7798100,27.5
2021-03-18,6.9667,6.9667,6.7662,6.893,7237000,27.5
2021-03-19,6.8414,6.8664,6.7537,6.8053,4935200,27.15
2021-03-22,6.8038,6.8038,6.691,6.7552,3963200,26.95
2021-03-23,6.7537,6.7537,6.5908,6.6424,3947000,26.5
2021-03-24,6.5407,6.5908,6.265,6.3917,5338200,25.5
2021-03-25,6.3903,6.4905,6.3652,6.4168,4130500,25.6
2021-03-26,6.3903,6.5031,6.2149,6.4544,4007600,25.75
2021-03-29,6.5156,6.5657,6.4404,6.517,3149300,26
2021-03-30,6.5407,6.6033,6.478,6.5672,4092000,26.2
2021-03-31,6.666,6.7161,6.5908,6.6173,3883700,26.4
2021-04-01,6.666,6.7411,6.6158,6.7176,3531500,26.8
2021-04-02,6.7787,6.8664,6.7662,6.8304,6221100,27.25
2021-04-05,7.092,7.092,6.904,6.9306,5898700,27.65
2021-04-06,6.9291,6.9667,6.8163,6.9181,5343500,27.6
2021-04-07,6.9291,6.9667,6.8664,6.9557,4333600,27.75
2021-04-08,7.0168,7.0669,6.9917,7.0309,5669400,28.05
2021-04-09,7.0544,7.0544,6.9917,7.0184,3890400,28
2021-04-12,7.0419,7.0419,6.7662,6.9933,9500100,27.9
2021-04-13,7.092,7.092,6.8915,6.9306,5844900,27.65
2021-04-14,6.9291,6.9917,6.8539,6.9933,2954300,27.9
2021-04-15,6.9917,6.9917,6.8539,6.8554,4656800,27.35
2021-04-16,6.8163,6.8664,6.6409,6.68,4639500,26.65
2021-04-19,6.8414,6.8414,6.6785,6.8429,3695000,27.3
2021-04-20,6.904,6.9166,6.7787,6.8178,3470400,27.2
2021-04-22,6.8163,6.8163,6.5908,6.5922,4280300,26.3
2021-04-23,6.5908,6.7537,6.5156,6.7426,4256300,26.9
2021-04-26,6.7411,6.7913,6.5407,6.6424,3955800,26.5
2021-04-27,6.6409,6.7537,6.5156,6.7176,3175700,26.8
2021-04-28,6.7161,6.7537,6.691,6.7301,2933300,26.85
2021-04-29,6.7286,6.879,6.7286,6.8304,4836700,27.25
2021-05-04,6.6785,6.8414,6.666,6.8178,4476200,27.2
2021-05-05,6.8414,7.2925,6.8414,7.2815,17394400,29.05
2021-05-06,7.3426,7.3802,7.1672,7.2189,5442700,28.8
2021-05-07,7.117,7.6433,7.117,7.5197,15743900,30
2021-05-10,7.4679,7.8313,7.4679,7.7202,9105400,30.8
2021-05-11,7.7185,7.7686,7.518,7.5197,5377400,30
2021-05-12,7.4679,7.5932,7.3927,7.5698,9313400,30.2
2021-05-13,7.5681,7.7811,7.5431,7.5949,9057200,30.3
2021-05-14,7.7185,7.8939,7.6433,7.8204,7556800,31.2
2021-05-17,7.8814,7.9941,7.7185,7.8079,8422100,31.15
2021-05-18,7.8062,7.8187,7.6433,7.6701,7207100,30.6
2021-05-19,7.6684,7.9064,7.6558,7.8831,7076700,31.45
2021-05-20,7.8814,8.0944,7.7686,8.021,9768400,32
2021-05-21,8.0192,8.1696,7.944,7.9959,5745200,31.9
2021-05-24,7.9941,8.0443,7.919,7.9583,5478200,31.75
2021-05-25,7.8939,8.1445,7.8939,8.1463,5954400,32.5
2021-05-26,8.2197,8.2823,8.1194,8.2215,4418200,32.8
2021-05-27,8.2698,8.37,7.9941,8.021,6586700,32
2021-05-28,8.0693,8.2698,7.9941,8.234,6061000,32.85
2021-05-31,8.2698,8.4953,8.1194,8.4722,10124400,33.8
2021-06-01,8.5204,8.771,8.5204,8.5975,5188000,34.3
2021-06-02,8.5204,8.6206,8.3951,8.5223,4972900,34
2021-06-03,8.6582,9.0717,8.5956,8.9735,8524500,35.8
2021-06-04,8.9965,9.0216,8.771,8.8857,9321600,35.45
2021-06-07,8.9464,8.9965,8.5204,8.6852,6948800,34.65
2021-06-08,8.6833,8.6833,8.0944,8.0962,6496800,32.3
2021-06-09,8.0944,8.4828,7.7686,8.3719,5641300,33.4
2021-06-10,8.345,8.5204,8.1445,8.1964,4044400,32.7
2021-06-11,8.2197,8.7084,8.1946,8.6351,6158200,34.45
2021-06-14,8.6457,8.6708,8.5204,8.5474,4570000,34.1
2021-06-15,8.5455,8.9214,8.5204,8.7103,5603100,34.75
2021-06-16,8.5705,8.7084,8.2949,8.4722,3846900,33.8
2021-06-17,8.1946,8.4828,8.1946,8.422,4396000,33.6
2021-06-18,8.5455,8.6582,8.4703,8.5849,3838700,34.25
2021-06-21,8.5079,8.5329,8.3951,8.4346,2916200,33.65
2021-06-22,8.4703,8.6708,8.4202,8.61,4849100,34.35
2021-06-23,8.6958,8.6958,8.5831,8.5849,3058700,34.25
2021-06-24,8.5831,8.7084,8.5329,8.5849,2880700,34.25
2021-06-25,8.6332,8.8462,8.5831,8.8481,4996600,35.3
2021-06-28,9.0091,9.0467,8.9464,9.0236,5338200,36
2021-06-29,8.984,9.0717,8.8963,8.9985,4712300,35.9
2021-06-30,8.9965,9.0216,8.8963,8.8983,3412100,35.5
2021-07-01,8.8462,9.1344,8.8462,9.1364,5516400,36.45
2021-07-02,9.1469,9.3474,9.1469,9.3244,4656100,37.2
2021-07-05,9.4727,9.4727,9.1469,9.3745,5016800,37.4
2021-07-06,9.4226,9.4977,8.7209,8.7729,5968500,35
2021-07-07,8.8963,9.1469,8.6708,9.1489,6200500,36.5
2021-07-08,9.1218,9.197,8.9715,9.0111,3761000,35.95
2021-07-09,8.8211,9.0467,8.7459,8.7729,3486500,35
2021-07-12,8.7209,8.8211,8.157,8.4722,6482700,33.8
2021-07-13,8.5455,8.5705,8.2197,8.5098,2913100,33.95
2021-07-14,8.5079,8.5204,8.0443,8.1839,2836700,32.65
2021-07-15,8.0944,8.4076,8.0944,8.3218,2865600,33.2
2021-07-16,8.4703,8.4703,8.3074,8.3844,2882400,33.45
2021-07-19,8.2322,8.2322,7.8187,7.9959,3417800,31.9
2021-07-20,7.9941,8.3951,7.8438,8.3719,2367200,33.4
2021-07-21,8.345,8.3951,8.0317,8.0711,2619400,32.2
2021-07-22,8.0192,8.1696,8.0192,8.1212,2413500,32.4
2021-07-23,8.0944,8.3199,8.0819,8.1087,4378800,32.35
2021-07-26,8.1069,8.1696,7.944,8.1463,1469100,32.5
2021-07-27,8.1696,8.2447,8.0693,8.1463,3511000,32.5
2021-07-28,8.2197,8.2698,8.157,8.2466,3266600,32.9
2021-07-29,8.345,8.3826,8.2698,8.3719,2044800,33.4
2021-07-30,8.3951,8.4953,8.345,8.4471,3336400,33.7
2021-08-02,8.4452,8.6332,8.37,8.5724,3844500,34.2
2021-08-03,8.5705,8.7459,8.5329,8.7479,3680900,34.9
2021-08-04,8.771,8.8462,8.7209,8.7855,3243000,35.05
2021-08-05,8.7084,8.9088,8.6708,8.8983,3369900,35.5
2021-08-06,8.8963,8.9214,8.7334,8.7729,2688800,35
2021-08-09,8.7459,8.8963,8.6708,8.8983,2588600,35.5
2021-08-10,8.9965,9.0216,8.8462,8.9484,3089700,35.7
2021-08-11,8.9214,8.984,8.8712,8.8857,2101700,35.45
2021-08-12,8.8462,8.8963,8.771,8.7855,2057200,35.05
2021-08-13,8.771,8.8587,8.5831,8.7103,2666100,34.75
2021-08-16,8.7084,8.959,8.6708,8.9609,3287100,35.75
2021-08-17,9.0091,9.1469,8.8963,8.9609,2284000,35.75
2021-08-18,8.959,9.0091,8.8963,8.9233,1655200,35.6
2021-08-19,8.9214,9.0216,8.8086,9.0236,2429400,36
2021-08-20,8.7961,8.9464,8.5204,8.6476,3131500,34.5
2021-08-23,8.5956,8.5956,8.37,8.422,2670700,33.6
2021-08-24,8.4202,8.558,8.3325,8.4471,2542400,33.7
2021-08-25,8.5204,8.5204,8.4327,8.4722,3519700,33.8
2021-08-26,8.5374,8.7411,8.4121,8.4126,2801300,26.85
2021-08-27,8.3651,8.3964,8.0518,8.303,2571400,26.5
2021-08-30,8.3338,8.3808,8.2868,8.3656,2054800,26.7
2021-08-31,8.3651,8.3808,8.1301,8.1306,1949100,25.95
2021-09-01,8.1145,8.2398,8.0205,8.0366,3120000,25.65
2021-09-06,8.0518,8.3338,8.0361,8.256,2910800,26.35
2021-09-07,8.3338,8.3651,8.2555,8.3656,1952300,26.7
2021-09-08,8.4591,8.4591,8.3338,8.3813,2319700,26.75
2021-09-09,8.3338,8.3808,8.1771,8.2716,1965900,26.4
2021-09-10,8.2398,8.2711,8.1145,8.115,2605000,25.9
2021-09-13,8.1301,8.1301,7.8952,7.8956,2737500,25.2
2021-09-14,7.8638,7.9735,7.7698,7.7703,2116200,24.8
2021-09-15,7.7698,7.8325,7.7385,7.7547,1936900,24.75
2021-09-16,7.8325,7.8952,7.7698,7.8643,1698800,25.1
2021-09-17,7.8952,7.9735,7.8952,7.974,2214400,25.45
2021-09-20,8.0831,8.1458,8.0518,8.0523,1862600,25.7
2021-09-21,8.0361,8.0361,7.9265,8.0053,1870000,25.55
2021-09-22,8.0048,8.0048,7.8638,7.974,1509200,25.45
2021-09-23,7.9892,8.0361,7.8952,7.9583,1697000,25.4
2021-09-24,7.9735,8.0361,7.9265,7.9896,1608800,25.5
2021-09-27,8.0205,8.1301,7.9892,7.9896,2164500,25.5
2021-09-28,7.9892,8.0205,7.9108,7.974,3032800,25.45
2021-09-29,7.9892,8.0361,7.8952,7.9583,2055500,25.4
2021-09-30,7.9108,7.9892,7.8952,7.9583,2452100,25.4
2021-10-01,7.9422,7.9735,7.7698,7.786,2094800,24.85
2021-10-04,7.7385,7.8012,7.5349,7.551,1978700,24.1
2021-10-05,7.5662,7.7072,7.5192,7.6763,1150700,24.5
2021-10-06,7.7385,7.7542,7.5819,7.598,1221300,24.25
2021-10-07,7.6445,7.6445,7.5349,7.551,1458700,24.1
2021-10-08,7.5819,7.6289,7.5349,7.6293,1393200,24.35
2021-10-11,7.6759,8.0518,7.6759,8.0366,2705000,25.65
2021-10-12,8.0361,8.0675,7.9422,8.0053,1745400,25.55
2021-10-13,8.0518,8.1771,8.0048,8.0523,2856800,25.7
2021-10-14,8.0205,8.1771,7.9578,8.1306,2589000,25.95
2021-10-15,8.1301,8.1458,8.0205,8.0366,2792100,25.65
2021-10-18,8.0518,8.0988,8.0048,8.0523,3820900,25.7
2021-10-19,8.0831,8.0988,7.9265,7.974,2329900,25.45
2021-10-20,7.9578,8.0518,7.8482,7.8486,2493600,25.05
2021-10-21,7.8638,7.9265,7.7072,7.7077,2785600,24.6
2021-10-22,7.8325,7.8638,7.6915,7.692,2476900,24.55
2021-10-25,7.8012,7.8012,7.6602,7.6763,2215300,24.5
2021-10-26,7.6915,7.7385,7.6132,7.739,2018200,24.7
2021-10-27,7.7385,7.9892,7.7072,7.8956,3190200,25.2
2021-10-28,7.9578,8.0205,7.9108,8.0053,4112200,25.55
2021-10-29,8.0048,8.0048,7.9108,7.9113,2942400,25.25
2021-11-01,7.9735,7.9892,7.9108,7.927,3126200,25.3
2021-11-02,7.9265,8.0205,7.9265,8.021,4944500,25.6
2021-11-03,8.0361,8.5688,8.0205,8.5223,12652600,27.2
2021-11-04,8.5688,8.5844,8.4434,8.4753,5169100,27.05
2021-11-05,8.4748,8.4904,8.3025,8.3656,3229100,26.7
2021-11-08,8.3964,8.5218,8.2868,8.4596,5282700,27
2021-11-09,8.5218,8.7411,8.5218,8.6789,7774000,27.7
2021-11-10,8.7097,8.8664,8.6941,8.7729,4761000,28
2021-11-11,8.7724,8.8037,8.5218,8.6789,5559400,27.7
2021-11-12,8.6784,8.8194,8.6001,8.7729,4222900,28
2021-11-15,8.8977,9.2267,8.8351,9.0393,8997600,28.85
2021-11-16,9.07,9.1484,8.7411,8.7416,6752700,27.9
2021-11-17,8.7724,8.7724,8.5844,8.7103,4405400,27.8
2021-11-18,8.7411,9.0857,8.7411,8.8513,7022000,28.25
2021-11-19,8.976,9.4617,8.9604,9.4622,20848700,30.2
2021-11-22,9.6496,10.1196,9.6496,10.1202,13191900,32.3
2021-11-23,10.1196,10.1196,9.8376,9.9636,5900600,31.8
2021-11-24,9.9943,10.6365,9.9786,10.4962,11827300,33.5
2021-11-25,10.4642,10.4956,10.1823,10.1829,8648900,32.5
2021-11-26,10.2762,10.4016,9.822,9.8226,7905600,31.35
2021-11-29,9.7123,10.1666,9.5243,9.8696,11772200,31.5
2021-11-30,10.1196,10.1196,9.5557,9.5562,8085900,30.5
2021-12-01,9.587,10.0256,9.5713,10.0262,6340200,32
2021-12-02,10.1509,10.1823,9.869,9.8696,6081500,31.5
2021-12-03,9.9943,10.1039,9.7123,9.7129,9937000,31
2021-12-06,9.6496,9.775,9.0387,9.1176,9007300,29.1
2021-12-07,9.211,9.54,9.1014,9.3996,4231300,30
2021-12-08,9.4617,9.775,9.2893,9.4936,6574700,30.3
2021-12-09,9.3363,9.681,9.3363,9.6346,3420900,30.75
2021-12-10,9.587,9.8376,9.5713,9.6189,4162000,30.7
2021-12-13,9.6183,9.728,9.399,9.4152,6201300,30.05
2021-12-14,9.399,9.5557,9.2737,9.2743,4900600,29.6
2021-12-15,9.2424,9.6653,9.164,9.4152,4567700,30.05
2021-12-16,9.5243,9.5557,9.2424,9.3056,3467900,29.7
2021-12-17,9.3677,9.4617,9.211,9.2429,5496100,29.5
2021-12-20,9.2424,9.399,9.117,9.2743,4979300,29.6
2021-12-21,9.2737,9.3363,9.1797,9.2116,3182800,29.4
2021-12-22,9.305,9.305,8.7097,8.7416,10243600,27.9
2021-12-23,8.7724,8.8821,8.3338,8.4126,7168600,26.85
2021-12-24,8.6001,8.9917,8.5218,8.9923,3390900,28.7
2021-12-27,9.1954,9.258,8.9917,9.0079,4551200,28.75
2021-12-28,9.023,9.634,8.976,9.5562,8552300,30.5
2021-12-29,9.5557,9.8376,9.5557,9.5876,6732400,30.6
2021-12-30,9.587,9.7593,9.5243,9.5876,3794800,30.6
2021-12-31,9.587,9.9943,9.4617,9.6659,7209800,30.85
2022-01-04,9.7593,9.9473,9.7123,9.7442,6809800,31.1
2022-01-05,9.7123,9.7906,9.5557,9.5562,6545900,30.5
2022-01-06,9.4303,9.728,9.3833,9.5562,6758800,30.5
2022-01-07,9.5557,9.6653,9.4773,9.4936,4097600,30.3
2022-01-10,9.4303,9.587,9.2737,9.2743,5767800,29.6
2022-01-11,9.2424,9.399,9.0857,9.1803,4728700,29.3
2022-01-12,9.1484,9.775,9.0857,9.6972,5575800,30.95
2022-01-13,9.8063,10.1823,9.6496,9.6502,10388600,30.8
2022-01-14,9.493,9.7123,9.4617,9.5876,2685100,30.6
2022-01-17,9.6496,9.869,9.0857,9.0863,7549400,29
2022-01-18,9.164,9.3677,8.9291,9.2586,4770700,29.55
2022-01-19,9.258,9.3363,8.9917,9.0079,2704200,28.75
2022-01-20,8.9917,9.1797,8.8977,9.1176,2442200,29.1
2022-01-21,9.0857,9.399,9.023,9.1489,3996600,29.2
2022-01-24,9.1484,9.3363,8.9917,9.0863,4631300,29
2022-01-25,9.0857,9.4147,9.07,9.4152,4307300,30.05
2022-01-26,9.5243,9.869,9.4303,9.6189,8119600,30.7
2022-01-27,9.6183,9.869,9.5557,9.6502,4975900,30.8
2022-01-28,9.681,9.8063,9.634,9.6816,4433000,30.9
2022-02-07,9.8376,9.9943,9.7436,9.7442,5636100,31.1
2022-02-08,9.7593,9.9629,9.681,9.8382,5773600,31.4
2022-02-09,9.9316,10.1823,9.869,9.9009,7762300,31.6
2022-02-10,9.8063,9.9159,9.6966,9.8696,5831800,31.5
2022-02-11,9.8376,9.9159,9.7436,9.7756,4089300,31.2
2022-02-14,9.5557,9.6496,9.1484,9.1489,15851700,29.2
2022-02-15,9.1484,9.305,9.0387,9.2429,5535200,29.5
2022-02-16,9.3363,9.352,9.117,9.1646,4300300,29.25
2022-02-17,9.211,9.3207,9.1484,9.3212,3130000,29.75
2022-02-18,9.211,9.2737,9.1484,9.2429,3744200,29.5
2022-02-21,9.1797,9.2893,9.0387,9.2743,6166700,29.6
2022-02-22,9.1327,9.2893,9.07,9.2586,4648000,29.55
2022-02-23,9.2737,9.3677,9.2424,9.2899,4830000,29.65
2022-02-24,9.2424,9.258,8.7724,9.0236,14817600,28.8
2022-02-25,9.1484,9.258,9.117,9.1646,4047700,29.25
2022-02-28,9.1797,9.1954,8.976,9.0236,4814300,28.8
2022-03-01,9.023,9.0544,8.8821,8.9453,6802600,28.55
2022-03-02,8.8507,8.8977,8.5531,8.5693,11479300,27.35
2022-03-03,8.6784,8.8507,8.5531,8.8513,4099800,28.25
2022-03-04,8.9291,8.9291,8.7724,8.7729,3674300,28
2022-03-07,8.6784,8.6784,8.5061,8.5849,6996500,27.4
2022-03-08,8.5844,8.6471,8.5531,8.5693,4817700,27.35
2022-03-09,8.5531,8.6158,8.4591,8.4596,4310900,27
2022-03-10,8.6314,8.6314,8.4434,8.444,4006000,26.95
2022-03-11,8.4434,8.5844,8.4278,8.5536,2941600,27.3
2022-03-14,8.5374,8.5688,8.4434,8.491,2358200,27.1
2022-03-15,8.5061,8.6001,8.4904,8.5223,2024200,27.2
2022-03-16,8.5844,8.5844,8.4591,8.5066,3690400,27.15
2022-03-17,8.6001,8.7097,8.5374,8.6163,3335700,27.5
2022-03-18,8.7254,8.8194,8.6471,8.6476,2331600,27.6
2022-03-21,8.6471,8.8664,8.6471,8.8669,3361200,28.3
2022-03-22,8.9134,8.9291,8.8194,8.8669,3100400,28.3
2022-03-23,8.8977,8.9291,8.7724,8.7729,2676600,28
2022-03-24,8.7724,8.8664,8.7097,8.8043,2563200,28.1
2022-03-25,8.8037,8.8351,8.7567,8.7573,2374000,27.95
2022-03-28,8.6784,8.8351,8.5531,8.5849,3373300,27.4
2022-03-29,8.6001,8.6784,8.5374,8.6319,1820800,27.55
2022-03-30,8.6784,8.8977,8.6471,8.8669,5840700,28.3
2022-03-31,8.976,8.9917,8.8194,8.8826,2562900,28.35
2022-04-01,8.8037,9.2267,8.7724,9.2273,7510400,29.45
2022-04-04,9.3677,9.3677,9.0857,9.1176,5171400,29.1
2022-04-05,9.117,9.2424,9.0074,9.0079,2532700,28.75
2022-04-06,8.9604,9.164,8.9447,9.0863,4630400,29
2022-04-07,9.1327,9.2424,9.0544,9.0549,6900400,28.9
2022-04-08,9.0857,9.164,8.8507,8.8513,2462900,28.25
2022-04-12,8.8507,8.8664,8.6471,8.7103,3126000,27.8
2022-04-13,8.7097,8.8507,8.6158,8.7729,3384900,28
2022-04-14,8.7724,8.8037,8.5531,8.5536,3783800,27.3
2022-04-15,8.5531,8.6158,8.2241,8.2403,5895200,26.3
2022-04-18,8.2398,8.3651,8.0205,8.1463,3617400,26
2022-04-19,8.2711,8.3025,8.0988,8.115,3081000,25.9
2022-04-20,8.1145,8.2085,8.0518,8.068,3150300,25.75
2022-04-21,8.0518,8.0831,7.5505,7.8017,4749600,24.9
2022-04-22,7.8795,8.0518,7.7385,7.88,3343400,25.15
2022-04-25,7.8795,7.9578,7.3312,7.3787,4043700,23.55
2022-04-26,7.2059,7.7072,7.1119,7.6763,4387900,24.5
2022-04-27,7.6132,7.8952,7.5035,7.833,2477600,25
2022-04-28,7.8325,7.9735,7.8325,7.8956,2841700,25.2
2022-04-29,7.9422,7.9735,7.8325,7.927,2248100,25.3
2022-05-04,7.9108,7.9265,7.7698,7.7703,2188600,24.8
2022-05-05,7.8325,7.8952,7.6759,7.88,1473300,25.15
2022-05-06,7.6132,7.7698,7.5192,7.5353,2186300,24.05
2022-05-09,7.3782,7.5035,7.1432,7.2063,4028300,23
2022-05-10,7.0806,7.5819,7.0179,7.5353,3446700,24.05
2022-05-11,7.5505,7.6759,7.4409,7.598,1473500,24.25
2022-05-12,7.5192,7.5349,7.1432,7.1907,2914500,22.95
2022-05-13,7.1746,7.2999,6.736,6.9557,4888300,22.2
2022-05-16,7.1746,7.1902,6.8926,7.0497,2452800,22.5
2022-05-17,7.1746,7.5192,6.9083,7.5197,2515100,24
2022-05-18,7.5192,7.6289,7.3939,7.5197,2847700,24
2022-05-19,7.4095,7.6445,7.2842,7.6137,3109400,24.3
2022-05-20,7.6132,7.7385,7.5192,7.6293,2321500,24.35
2022-05-23,7.7072,7.7228,7.4095,7.5823,2385600,24.2
2022-05-24,7.5505,7.7072,7.4722,7.7077,2350200,24.6
2022-05-25,7.7072,8.0361,7.7072,8.0366,3348900,25.65
2022-05-26,7.9265,8.0831,7.9265,8.0053,1879100,25.55
2022-05-27,7.9892,8.0988,7.9265,8.0836,1672700,25.8
2022-05-30,8.1771,8.1771,8.0518,8.0993,1969700,25.85
2022-05-31,8.0988,8.1771,8.0518,8.1776,2242700,26.1
2022-06-01,8.1771,8.2868,8.0205,8.1933,2355800,26.15
2022-06-02,8.1928,8.2085,8.0988,8.1463,1996500,26
2022-06-03,8.1145,8.1458,7.8952,7.9583,1109800,25.4
2022-06-06,7.8952,8.0675,7.8325,7.927,1590300,25.3
2022-06-07,7.9265,8.0048,7.7698,7.927,1542300,25.3
2022-06-08,7.9892,8.2241,7.8482,8.1306,2656600,25.95
2022-06-09,8.0675,8.1458,8.0518,8.0836,865000,25.8
2022-06-10,8.0831,8.2711,7.9892,8.115,3244500,25.9
2022-06-13,7.8325,8.0205,7.6759,7.692,2229000,24.55
2022-06-14,7.5505,7.9265,7.5505,7.8017,2729000,24.9
2022-06-15,7.8325,7.8325,7.5035,7.6763,3231500,24.5
2022-06-16,7.7072,7.9892,7.6445,7.8173,2201600,24.95
2022-06-17,7.6445,7.7542,7.4879,7.7077,2041400,24.6
2022-06-20,7.7072,7.7072,7.3312,7.4413,1923600,23.75
2022-06-21,7.2686,7.5192,7.2686,7.3943,1663100,23.6
2022-06-22,7.3939,7.5505,7.3939,7.3943,1570400,23.6
2022-06-23,7.3939,7.4252,7.2842,7.363,997000,23.5
2022-06-24,7.5192,7.5192,7.2059,7.2063,2243200,23
2022-06-27,7.2372,7.3469,7.2059,7.316,1268100,23.35
2022-06-28,7.2999,7.7072,7.2686,7.598,2159200,24.25
2022-06-29,7.3939,7.7385,7.3939,7.645,1397100,24.4
2022-06-30,7.7072,7.7855,7.5192,7.5197,2399900,24
2022-07-01,7.4879,7.6759,7.3469,7.6763,2049800,24.5
2022-07-04,7.7385,7.7698,7.6602,7.692,1048500,24.55
2022-07-05,7.6602,7.8168,7.6602,7.7547,2225700,24.75
2022-07-06,7.6759,7.7228,7.3626,7.4727,3078000,23.85
2022-07-07,7.4722,7.5819,7.4565,7.5197,1007500,24
2022-07-08,7.5349,7.5662,7.4252,7.4257,1115300,23.7
2022-07-11,7.3469,7.4095,7.1746,7.175,1518800,22.9
2022-07-12,7.2059,7.3626,7.2059,7.363,770300,23.5
2022-07-13,7.3626,7.5192,7.3312,7.4257,1282900,23.7
2022-07-14,7.4252,7.4409,7.2842,7.4257,1603600,23.7
2022-07-15,7.4252,7.5035,7.3782,7.3943,1566300,23.6
2022-07-18,7.5035,7.5035,7.3626,7.363,787300,23.5
2022-07-19,7.3626,7.3782,7.2842,7.3317,848900,23.4
2022-07-20,7.4565,7.5035,7.4095,7.4727,1318300,23.85
2022-07-21,7.5192,7.6445,7.5192,7.5353,2225400,24.05
2022-07-22,7.5349,7.5819,7.4565,7.457,1149300,23.8
2022-07-25,7.3782,7.4565,7.3782,7.3943,793000,23.6
2022-07-26,7.3939,7.4409,7.3626,7.3943,823200,23.6
2022-07-27,7.3939,7.4879,7.3469,7.4883,692700,23.9
2022-07-28,7.5662,7.6759,7.5035,7.645,2767900,24.4
2022-07-29,7.7228,7.7228,7.5662,7.5667,1777600,24.15
2022-08-01,7.5819,7.7698,7.5819,7.739,2445900,24.7
2022-08-02,7.7072,7.8482,7.7072,7.786,2238100,24.85
2022-08-03,7.7698,7.8012,7.7072,7.786,1828300,24.85
2022-08-04,7.8325,7.9422,7.7385,7.8017,2244800,24.9
2022-08-05,7.7698,7.7698,7.6759,7.739,1668400,24.7
2022-08-08,7.8012,7.8638,7.7385,7.833,2331400,25
2022-08-09,7.8325,7.8952,7.8012,7.88,3084200,25.15
2022-08-10,7.8795,7.8952,7.8012,7.8486,1973800,25.05
2022-08-11,7.9265,8.0205,7.9108,7.927,4795700,25.3
2022-08-12,7.9578,7.9735,7.9108,7.9583,1486600,25.4
2022-08-15,8.0205,8.2398,7.9735,8.2403,4823100,26.3
2022-08-16,8.2398,8.2711,8.1458,8.256,2330800,26.35
2022-08-17,8.2555,8.3964,8.2555,8.3813,4696900,26.75
2022-08-18,8.4121,8.4278,8.3025,8.397,5013300,26.8
2022-08-19,8.2711,8.3651,8.2241,8.2246,3826300,26.25
2022-08-22,8.1928,8.1928,7.9735,7.974,2751700,25.45
2022-08-23,7.9735,8.0675,7.8482,8.0523,2488600,25.7
2022-08-24,8.1458,8.1771,8.0518,8.115,1560000,25.9
2022-08-25,8.0518,8.2868,8.0518,8.2873,2176200,26.45
2022-08-26,8.3651,8.3651,8.2398,8.2403,2083700,26.3
2022-08-29,8.1145,8.1458,7.9265,8.1306,2814100,25.95
2022-08-30,8.1458,8.2555,8.1145,8.2403,1632200,26.3
2022-08-31,8.1928,8.3651,8.1458,8.3656,2386100,26.7
2022-09-05,8.3181,8.3651,8.1615,8.2716,1320000,26.4
2022-09-06,8.2711,8.4121,8.2085,8.3656,2019300,26.7
2022-09-07,8.3808,8.5374,8.1771,8.1776,4550200,26.1
2022-09-08,8.4591,8.4591,7.9892,7.9896,1921700,25.5
2022-09-09,8.1458,8.1458,7.8325,8.0836,1653200,25.8
2022-09-12,8.2711,8.2711,8.0361,8.0366,1065300,25.65
2022-09-13,8.1458,8.1458,7.9892,8.115,743300,25.9
2022-09-14,7.8952,7.9735,7.8638,7.8956,1933100,25.2
2022-09-15,8.0831,8.0831,7.8482,7.88,1009300,25.15
2022-09-16,7.9265,7.9892,7.8325,7.833,987900,25
2022-09-19,7.9265,7.9265,7.6132,7.6763,1335900,24.5
2022-09-20,7.8012,7.8012,7.5819,7.7703,672700,24.8
2022-09-21,7.8168,7.8168,7.6289,7.739,818200,24.7
2022-09-22,7.6915,7.7385,7.6132,7.739,664200,24.7
2022-09-23,7.6759,7.7698,7.6132,7.6137,833900,24.3
2022-09-26,7.5662,7.5662,7.2999,7.3473,2621100,23.45
2022-09-27,7.3621,7.6362,7.3621,7.5588,1594200,19.3
2022-09-28,7.3621,7.5383,7.3621,7.5001,866700,19.15
2022-09-29,7.4991,7.5775,7.4796,7.5001,1383700,19.15
2022-09-30,7.2642,7.597,7.2642,7.5001,2310500,19.15
2022-10-03,7.2838,7.4991,7.1663,7.2063,1385800,18.4
2022-10-04,7.225,7.4404,7.1663,7.2455,2228800,18.5
2022-10-05,7.4404,7.46,7.2446,7.2455,1523000,18.5
2022-10-06,7.1859,7.4404,7.0488,7.1084,1398600,18.15
2022-10-07,6.8726,7.0488,6.6572,6.8343,3189500,17.45
2022-10-10,6.7355,6.7551,6.4027,6.6189,3301800,16.9
2022-10-11,6.5397,6.6572,6.2264,6.3447,4543200,16.2
2022-10-12,6.3831,6.6572,6.2852,6.5797,2042400,16.8
2022-10-13,6.7747,6.7943,6.5201,6.5797,1504700,16.8
2022-10-14,6.7551,6.8334,6.5985,6.658,1021900,17
2022-10-17,6.5789,6.618,6.3243,6.4622,1415900,16.5
2022-10-18,6.6376,6.6376,6.4614,6.5797,1121300,16.8
2022-10-19,6.6572,6.7159,6.5006,6.5405,658800,16.7
2022-10-20,6.6572,6.6572,6.0894,6.5797,2614200,16.8
2022-10-21,6.6572,6.6572,6.3439,6.4622,1821700,16.5
2022-10-24,6.4614,6.5006,6.1677,6.2468,2220500,15.95
2022-10-25,6.2264,6.4614,6.0306,6.2664,1694800,16
2022-10-26,6.2656,6.3048,6.109,6.2468,920400,15.95
2022-10-27,6.246,6.5006,6.1285,6.5014,2175400,16.6
2022-10-28,6.5201,6.5789,6.3831,6.4622,1395000,16.5
2022-10-31,6.3831,6.5006,6.2656,6.423,1557600,16.4
2022-11-01,6.4614,6.6768,6.4222,6.5014,3493500,16.6
2022-11-02,6.5006,6.5201,6.3635,6.4426,1795400,16.45
2022-11-03,6.3048,6.4418,6.2656,6.2664,1892200,16
2022-11-04,6.1481,6.2656,5.8348,6.0314,7049900,15.4
2022-11-07,6.1481,6.1481,5.6195,5.6202,4888900,14.35
2022-11-08,5.2279,5.6782,5.2279,5.6789,6443500,14.5
2022-11-09,5.639,5.874,5.639,5.7964,4329300,14.8
2022-11-10,5.6782,5.7761,5.4432,5.7181,3820600,14.6
2022-11-11,5.7174,5.8544,5.7174,5.7964,2205600,14.8
2022-11-14,5.4041,5.7565,5.4041,5.7181,6647100,14.6
2022-11-15,5.6782,5.7174,5.3453,5.4831,3659800,14
2022-11-16,5.3258,5.8348,5.1104,5.8356,3977400,14.9
2022-11-17,5.7565,6.0894,5.7565,5.9922,3941100,15.3
2022-11-18,5.9915,5.9915,5.639,5.8747,2423900,15
2022-11-21,5.9915,5.9915,5.7369,5.7964,1269200,14.8
2022-11-22,5.874,5.9523,5.7174,5.7377,1480900,14.65
2022-11-23,5.874,5.874,5.7174,5.7377,939500,14.65
2022-11-24,5.8348,5.8348,5.639,5.7964,912700,14.8
2022-11-25,5.8544,5.8544,5.7761,5.8552,945600,14.95
2022-11-28,5.874,6.0894,5.874,6.051,1754000,15.45
2022-11-29,6.0698,6.1677,5.874,6.051,1844100,15.45
2022-11-30,6.0698,6.1677,5.9327,6.0901,2034700,15.55
2022-12-01,6.2656,6.3243,6.1285,6.2468,3183800,15.95
2022-12-02,6.3048,6.4614,6.3048,6.4622,2276600,16.5
2022-12-05,6.6964,6.7159,6.5201,6.6385,3911000,16.95
2022-12-06,6.8334,6.8334,6.4222,6.423,5460300,16.4
2022-12-07,6.4027,6.4614,6.2069,6.2272,1569900,15.9
2022-12-08,6.3831,6.5593,6.3439,6.4622,4564600,16.5
2022-12-09,6.6572,6.6572,6.4614,6.5797,2828900,16.8
2022-12-12,6.7159,6.7159,6.3439,6.3447,3855500,16.2
2022-12-13,6.5789,6.5789,6.3048,6.4426,3731900,16.45
2022-12-14,6.5201,6.5201,6.4222,6.4426,2416000,16.45
2022-12-15,6.5397,6.5789,6.4418,6.5601,5372600,16.75
2022-12-16,6.5593,6.8334,6.5593,6.7755,6009700,17.3
2022-12-19,6.853,7.0096,6.7943,6.7951,4321600,17.35
2022-12-20,6.8138,6.853,6.4027,6.521,6344800,16.65
2022-12-21,6.6572,6.6572,6.4614,6.5797,2288900,16.8
2022-12-22,6.6572,6.7159,6.5397,6.5993,1303400,16.85
2022-12-23,6.618,6.6572,6.5593,6.658,1302300,17
2022-12-26,6.6572,6.7355,6.3243,6.3643,2065400,16.25
2022-12-27,6.4222,6.4614,6.3439,6.4035,2151200,16.35
2022-12-28,6.4222,6.4614,6.2656,6.3447,1180400,16.2
2022-12-29,6.246,6.4222,6.2264,6.2272,1361200,15.9
2022-12-30,6.2264,6.246,6.1285,6.2468,1525800,15.95
2023-01-03,6.3048,6.4614,6.2264,6.4622,946300,16.5
2023-01-04,6.5789,6.5789,6.4027,6.4035,1634700,16.35
2023-01-05,6.4222,6.4614,6.3831,6.423,2027600,
2023-01-06,6.4222,6.618,6.4027,6.4426,1712400,
2023-01-09,6.5006,6.5985,6.481,6.5601,1219200,
2023-01-10,6.5985,6.5985,6.4614,6.5601,1018300,
2023-01-11,6.5593,6.618,6.5006,6.5405,2548800,
2023-01-12,6.5397,6.618,6.5006,6.5014,752000,
2023-01-13,6.5789,6.6376,6.5006,6.521,1976100,16.65
2023-01-16,6.5985,6.6572,6.5397,6.6189,2329200,16.9
2023-01-17,6.6964,6.7551,6.6572,6.7559,1924400,17.25
2023-01-18,6.8138,6.9509,6.7551,6.8343,2425400,17.45
2023-01-19,6.8922,6.9705,6.8138,6.8539,2909600,17.5
2023-01-27,7.0292,7.0488,6.9117,6.9322,1546900,17.7
2023-01-30,7.0096,7.1663,6.9313,7.1476,3766500,18.25
2023-01-31,7.1467,7.3033,7.0684,7.3043,3538500,18.65
2023-02-01,7.3229,7.6362,7.3229,7.4413,5421700,19
2023-02-02,7.4404,7.46,7.1859,7.1868,2459300,18.35
2023-02-03,7.2446,7.2642,6.9705,7.2651,2494000,18.55
2023-02-06,7.1663,7.2446,7.0684,7.2455,1709800,18.5
2023-02-07,7.2446,7.2838,7.0488,7.0497,1096800,18
2023-02-08,6.9705,7.2054,6.9313,7.1672,1806900,18.3
2023-02-09,7.1663,7.225,6.9705,7.128,1714800,18.2
2023-02-10,7.0488,7.1663,7.0096,7.1084,1596100,18.15
2023-02-13,7.0488,7.0684,6.8334,7.0693,1903400,18.05
2023-02-14,7.0488,7.1271,6.9117,6.9126,1486800,17.65
2023-02-15,6.9117,7.0684,6.8922,6.9714,1811500,17.8
2023-02-16,6.9509,7.2446,6.9509,7.2455,2971500,18.5
2023-02-17,7.1467,7.225,7.088,7.2259,1997300,18.45
2023-02-20,7.225,7.3621,7.1663,7.363,2806900,18.8
2023-02-21,7.3621,7.4404,7.2838,7.4413,3492800,19
2023-02-22,7.4012,7.4404,7.2446,7.2455,1912300,18.5
2023-02-23,7.1859,7.1859,6.8922,7.0693,2996200,18.05
2023-02-24,6.9901,7.1271,6.853,6.8539,1578400,17.5
2023-02-27,6.853,6.853,6.618,6.6189,1971100,16.9
2023-02-28,6.6572,6.8334,6.6572,6.6776,1218400,17.05
2023-03-01,6.6768,6.9705,6.5201,6.9322,1535500,17.7
2023-03-02,6.8922,7.0488,6.8726,7.0497,1843400,18
2023-03-03,7.0488,7.0684,6.8138,6.9714,1240100,17.8
2023-03-06,6.9901,7.1467,6.853,7.0497,3111700,18
2023-03-07,7.0096,7.2838,7.0096,7.2455,3500800,18.5
2023-03-08,7.0488,7.2838,7.0488,7.2847,2053200,18.6
2023-03-09,7.2446,7.3229,7.1271,7.2455,1197800,18.5
2023-03-10,7.1271,7.2446,7.0684,7.2455,1476300,18.5
2023-03-13,7.1271,7.2838,7.088,7.2259,2748900,18.45
2023-03-14,7.1075,7.225,7.0684,7.0693,1783200,18.05
2023-03-15,7.1467,7.3229,7.1467,7.2455,1620500,18.5
2023-03-16,7.2446,7.3229,6.8922,6.9909,2118500,17.85
2023-03-17,7.1271,7.2446,7.0096,7.2455,2990200,18.5
2023-03-20,7.088,7.1075,6.8922,6.9714,2908600,17.8
2023-03-21,7.0488,7.0488,6.7943,6.8147,5107700,17.4
2023-03-22,6.9313,6.9705,6.8138,6.9126,3366300,17.65
2023-03-23,6.9117,6.9509,6.853,6.9126,1840000,17.65
2023-03-24,6.9313,7.1271,6.9313,7.0693,1377400,18.05
2023-03-27,7.1271,7.1467,7.0096,7.128,1265000,18.2
2023-03-28,7.1271,7.1663,7.0292,7.1084,2171200,18.15
2023-03-29,7.1271,7.1859,7.0684,7.0888,1069700,18.1
2023-03-30,7.1663,7.4012,7.1663,7.3238,5788600,18.7
2023-03-31,7.3229,7.597,7.3229,7.5392,5629100,19.25
2023-04-03,7.6166,7.6362,7.4404,7.5784,2932500,19.35
2023-04-04,7.5187,7.5579,7.46,7.5001,2250600,19.15
2023-04-05,7.5579,7.7145,7.5187,7.7155,4710400,19.7
2023-04-06,7.7145,7.8712,7.6558,7.6959,5187200,19.65
2023-04-07,7.6362,7.6949,7.5187,7.6176,2687600,19.45
2023-04-10,7.6362,7.7341,7.6362,7.7155,3730900,19.7
2023-04-11,7.6754,7.7145,7.5579,7.6567,2261800,19.55
2023-04-12,7.6558,7.7145,7.6558,7.6959,2952300,19.65
2023-04-13,7.6949,7.7145,7.5579,7.7155,2446000,19.7
2023-04-14,7.7341,7.7341,7.6362,7.6372,2385600,19.5
2023-04-17,7.5775,7.6362,7.5579,7.5588,1407200,19.3
2023-04-18,7.5579,7.597,7.4796,7.5784,2131800,19.35
2023-04-19,7.5775,7.5775,7.46,7.4609,1205500,19.05
2023-04-20,7.46,7.5579,7.4404,7.5197,914500,19.2
2023-04-21,7.5187,7.5187,7.3621,7.363,1674000,18.8
2023-04-24,7.4796,7.5187,7.3033,7.3434,1244700,18.75
2023-04-25,7.3425,7.3817,7.1663,7.1868,1497000,18.35
2023-04-26,7.1859,7.4012,7.1663,7.4022,1420500,18.9
2023-04-27,7.4012,7.46,7.3033,7.4413,962100,19
2023-04-28,7.4404,7.4796,7.3621,7.363,1177200,18.8
2023-05-04,7.3229,7.4208,7.3229,7.363,810600,18.8
2023-05-05,7.3621,7.46,7.3033,7.4609,1320900,19.05
2023-05-08,7.4796,7.597,7.46,7.5197,2453900,19.2
2023-05-09,7.5579,7.597,7.46,7.4609,1228900,19.05
2023-05-10,7.5187,7.5187,7.4404,7.5001,976300,19.15
2023-05-11,7.5187,7.5579,7.4796,7.5197,1270700,19.2
2023-05-12,7.597,7.597,7.5187,7.598,1479700,19.4
2023-05-15,7.597,7.6949,7.597,7.598,2679100,19.4
2023-05-16,7.6362,7.6558,7.597,7.6372,1586300,19.5
2023-05-17,7.6362,7.6754,7.6166,7.6763,1869100,19.6
2023-05-18,7.6754,7.6754,7.5775,7.598,1943200,19.4
2023-05-19,7.6558,7.6558,7.5383,7.598,1478700,19.4
2023-05-22,7.5579,7.6362,7.5579,7.6176,1826800,19.45
2023-05-23,7.6362,7.6558,7.5775,7.6372,1760700,19.5
2023-05-24,7.6362,7.6754,7.597,7.6372,1704900,19.5
2023-05-25,7.6362,7.6362,7.5775,7.6372,1669200,19.5
2023-05-26,7.6558,7.6558,7.597,7.6372,1205500,19.5
2023-05-29,7.6781,7.8019,7.6781,7.7612,2299100,18.8
2023-05-30,7.8019,7.8019,7.6781,7.7612,2316000,18.8
2023-05-31,7.6987,7.7194,7.5749,7.596,1943600,18.4
2023-06-01,7.5955,7.6781,7.4717,7.6786,2472700,18.6
2023-06-02,7.7194,7.8845,7.6987,7.8644,4897100,19.05
2023-06-05,7.9258,7.967,7.8226,7.8644,3207300,19.05
2023-06-06,7.8432,7.9258,7.8019,7.9263,3518300,19.2
2023-06-07,7.9258,7.9258,7.8226,7.8437,1879500,19
2023-06-08,7.8845,7.8845,7.7194,7.7199,2181900,18.7
2023-06-09,7.6987,7.74,7.5955,7.6373,2312200,18.5
2023-06-12,7.7194,7.7194,7.5749,7.596,2593000,18.4
2023-06-13,7.6162,7.6781,7.5955,7.6786,1137000,18.6
2023-06-14,7.6368,7.7813,7.6368,7.6992,2281900,18.65
2023-06-15,7.6987,7.7194,7.6368,7.6992,1730300,18.65
2023-06-16,7.6987,7.8226,7.6781,7.6786,3510800,18.6
2023-06-19,7.6368,7.6781,7.5749,7.5754,2289700,18.35
2023-06-20,7.5749,7.7194,7.513,7.7199,2589900,18.7
2023-06-21,7.6574,7.6987,7.5955,7.6992,1644700,18.65
2023-06-22,7.7194,7.7813,7.6781,7.7199,2142600,18.7
2023-06-23,7.7194,7.7813,7.6574,7.6992,2048700,18.65
2023-06-26,7.6987,7.8019,7.6781,7.7612,1944200,18.8
2023-06-27,7.74,7.7606,7.6987,7.7199,1765100,18.7
2023-06-28,7.7194,7.7606,7.6781,7.7405,1909900,18.75
2023-06-29,7.74,7.7606,7.5542,7.5754,3030800,18.35
2023-06-30,7.6368,7.74,7.5542,7.6786,3043000,18.6
2023-07-03,7.6987,7.74,7.6162,7.6167,1849600,18.45
2023-07-04,7.6368,7.7194,7.6162,7.6579,1666900,18.55
2023-07-05,7.6987,7.6987,7.6162,7.6167,2811300,18.45
2023-07-06,7.6162,7.6368,7.4717,7.5135,4066200,18.2
2023-07-07,7.513,7.5955,7.4923,7.5754,2186200,18.35
2023-07-10,7.5955,7.6368,7.5336,7.5754,3252500,18.35
2023-07-11,7.5749,7.6781,7.5749,7.6786,2771300,18.6
2023-07-12,7.6987,7.6987,7.6162,7.6579,1461900,18.55
2023-07-13,7.6574,7.6987,7.6162,7.6786,1681400,18.6
2023-07-14,7.7194,7.8019,7.6574,7.8024,4626100,18.9
2023-07-17,7.8432,7.8432,7.7606,7.8024,2931400,18.9
2023-07-18,7.8226,7.8226,7.7606,7.8024,3376800,18.9
2023-07-19,8.0224,8.0224,7.9275,7.9992,3317800,16.85
2023-07-20,8.0462,8.0699,7.9987,8.0704,4674400,17
2023-07-21,8.0699,8.1648,7.975,8.1654,3817000,17.2
2023-07-24,8.2123,8.2123,8.1174,8.1891,2302500,17.25
2023-07-25,8.1411,8.2123,8.0936,8.1654,3664100,17.2
2023-07-26,8.1648,8.1648,8.0936,8.1654,2965200,17.2
2023-07-27,8.1648,8.4259,8.1174,8.1654,7347400,17.2
2023-07-28,8.1886,8.2123,8.1411,8.1891,2838800,17.25
2023-07-31,8.1648,8.2598,8.1648,8.2366,3003900,17.35
2023-08-01,8.3547,8.3785,8.2598,8.3316,4472400,17.55
2023-08-02,8.331,8.331,8.236,8.2603,1483100,17.4
2023-08-03,8.2598,8.331,8.1648,8.1654,2243400,17.2
2023-08-04,8.1886,8.236,8.1411,8.1417,3101900,17.15
2023-08-07,8.2123,8.3073,8.1886,8.2366,3127800,17.35
2023-08-08,8.2598,8.3073,8.2123,8.2366,3477800,17.35
2023-08-09,8.2598,8.2598,8.1411,8.2129,2485900,17.3
2023-08-10,8.236,8.2835,8.1411,8.1654,1974900,17.2
2023-08-11,8.1886,8.1886,8.0462,8.0942,2731900,17.05
2023-08-14,8.0936,8.1411,8.0699,8.1417,2092200,17.15
2023-08-15,8.1648,8.1886,8.0699,8.0942,1809300,17.05
2023-08-16,8.1174,8.1648,8.0699,8.1417,1760000,17.15
2023-08-17,8.1411,8.1886,8.0699,8.1417,2543900,17.15
2023-08-18,8.1174,8.1174,7.6664,7.6907,4760000,16.2
2023-08-21,7.5952,7.8326,7.5952,7.6907,4696500,16.2
2023-08-22,7.6901,7.7851,7.524,7.7856,3152000,16.4
2023-08-23,7.7139,7.7851,7.6189,7.6432,1948100,16.1
2023-08-24,7.6427,7.7851,7.6189,7.6907,2153600,16.2
2023-08-25,7.6427,7.7613,7.6427,7.7144,1763200,16.25
2023-08-28,7.6664,7.7376,7.6664,7.7381,1827900,16.3
2023-08-29,7.6901,7.7376,7.6427,7.6907,2955000,16.2
2023-08-30,7.7139,7.7613,7.6901,7.7619,2390100,16.35
2023-08-31,7.7376,7.9987,7.7376,7.9992,3855000,16.85
2023-09-05,8.0224,8.1411,7.9512,8.1179,5114500,17.1
2023-09-06,8.1174,8.1648,8.0462,8.1654,3689900,17.2
2023-09-07,8.1648,8.236,8.1411,8.2129,4474200,17.3
2023-09-08,8.1648,8.236,8.1174,8.2366,5683200,17.35
2023-09-11,8.2835,8.3073,8.1174,8.1179,8078300,17.1
2023-09-12,8.1411,8.2598,8.0699,8.2603,6726100,17.4
2023-09-13,8.2598,8.3073,8.1886,8.2841,8030300,17.45
2023-09-14,8.2835,8.3547,8.2123,8.3078,6838600,17.5
2023-09-15,8.331,8.5446,8.3073,8.5452,10132500,18
2023-09-18,8.5446,8.5683,8.3073,8.3553,11791700,17.6
2023-09-19,8.3785,8.4022,8.236,8.4028,10940200,17.7
2023-09-20,8.4022,8.5446,8.3547,8.474,8736000,17.85
2023-09-21,8.4734,8.4734,8.331,8.3316,8719500,17.55
2023-09-22,8.2835,8.3547,8.1174,8.3316,7117400,17.55
2023-09-25,8.2835,8.3547,8.1886,8.2603,8750100,17.4
2023-09-26,8.2123,8.3073,8.1174,8.2603,9384000,17.4
2023-09-27,8.1886,8.2598,8.1174,8.2603,6437000,17.4
2023-09-28,8.236,8.2598,8.0224,8.2129,11970300,17.3
2023-09-29,8.236,8.2598,8.1648,8.2366,10383800,17.35
2023-10-02,8.236,8.2835,8.1174,8.1179,7123300,17.1
2023-10-03,8.1174,8.1174,7.9512,8.1179,10069400,17.1
2023-10-04,8.0936,8.1174,7.9987,8.1179,9190400,17.1
2023-10-05,8.1174,8.1411,7.9987,8.0467,9319700,16.95
2023-10-06,8.0462,8.1174,7.9987,8.1179,7610000,17.1
2023-10-09,8.0936,8.1411,8.0224,8.0942,8401500,17.05
2023-10-10,8.1411,8.3073,8.1174,8.2603,7854100,17.4
2023-10-11,8.2835,8.3547,8.1886,8.3553,8956800,17.6
2023-10-12,8.3785,8.4022,8.2598,8.3078,6639300,17.5
2023-10-13,8.2835,8.3547,8.2123,8.3553,8262000,17.6
2023-10-16,8.331,8.3785,8.236,8.2603,7670600,17.4
2023-10-17,8.4022,8.4497,8.3073,8.3316,9323500,17.55
2023-10-18,8.3547,8.3785,8.236,8.3316,8172200,17.55
2023-10-19,8.3073,8.331,8.236,8.3078,7931200,17.5
2023-10-20,8.3073,8.4259,8.2598,8.4265,8989100,17.75
2023-10-23,8.4259,8.4259,8.1648,8.3078,8449800,17.5
2023-10-24,8.3073,8.3547,8.1886,8.3316,7780000,17.55
2023-10-25,8.331,8.3547,8.2123,8.3078,7664200,17.5
2023-10-26,8.236,8.2598,7.8563,8.0704,5933000,17
2023-10-27,8.0936,8.236,7.9987,8.1891,7208200,17.25
2023-10-30,8.1648,8.2835,8.1174,8.1654,7632500,17.2
2023-10-31,8.2835,8.2835,8.0699,8.1654,7865700,17.2
2023-11-01,8.1648,8.1886,8.0936,8.1891,7256900,17.25
2023-11-02,8.2123,8.3547,8.1411,8.3553,9040800,17.6
2023-11-03,8.3547,8.7107,8.331,8.7113,15668700,18.35
2023-11-06,8.7107,8.7345,8.5921,8.6639,9612600,18.25
2023-11-07,8.6633,8.6633,8.5446,8.5452,9459300,18
2023-11-08,8.5446,8.9244,8.5209,8.925,10381300,18.8
2023-11-09,8.9718,8.9718,8.8769,8.9012,10084300,18.75
2023-11-10,8.8769,8.9481,8.7345,8.9487,11128800,18.85
2023-11-13,8.9481,8.9718,8.7345,8.925,10662200,18.8
2023-11-14,8.9481,8.9956,8.8057,8.9012,9038100,18.75
2023-11-15,9.0193,9.0905,8.9718,8.9724,10047000,18.9
2023-11-16,9.043,9.043,8.9006,8.9962,7934600,18.95
2023-11-17,8.9956,9.0193,8.6633,8.7825,7864400,18.5
2023-11-20,8.6395,8.9244,8.6158,8.8775,7708400,18.7
2023-11-21,8.9006,8.9244,8.782,8.8775,6718100,18.7
2023-11-22,8.9006,8.9244,8.7582,8.83,6671100,18.6
2023-11-23,8.8532,8.8532,8.5683,8.5689,7224200,18.05
2023-11-24,8.5921,8.7345,8.5683,8.6876,5753900,18.3
2023-11-27,8.7345,8.7345,8.4734,8.5927,6316400,18.1
2023-11-28,8.5921,8.6158,8.4497,8.5689,5363700,18.05
2023-11-29,8.5921,8.7345,8.5209,8.5689,6975600,18.05
2023-11-30,8.5446,8.6158,8.4971,8.5452,5982100,18
2023-12-01,8.5683,8.6395,8.4734,8.6401,6751200,18.2
2023-12-04,8.6633,8.8294,8.5921,8.7825,6760300,18.5
2023-12-05,8.782,8.782,8.6158,8.7588,6510300,18.45
2023-12-06,8.8294,8.9244,8.7582,8.83,7980800,18.6
2023-12-07,8.8769,8.9244,8.687,8.8775,9195000,18.7
2023-12-08,8.8769,8.9244,8.8294,8.9012,7912100,18.75
2023-12-11,8.9244,8.9481,8.782,8.9012,6788500,18.75
2023-12-12,8.9244,8.9244,8.8294,8.925,7046000,18.8
2023-12-13,8.9244,8.9718,8.8532,8.9487,7051100,18.85
2023-12-14,8.9481,9.0193,8.9006,8.9724,6708900,18.9
2023-12-15,8.9718,9.043,8.9244,9.0199,7306900,19
2023-12-18,9.043,9.043,8.6395,8.7351,7224800,18.4
2023-12-19,8.7345,8.9956,8.6158,8.9962,6933300,18.95
2023-12-20,8.9956,8.9956,8.7345,8.925,7029100,18.8
2023-12-21,8.8532,8.9481,8.7107,8.9012,6504600,18.75
2023-12-22,8.9006,8.9956,8.8057,8.9962,7004900,18.95
2023-12-25,8.9956,9.0905,8.9481,9.0911,6814400,19.15
2023-12-26,9.1142,9.1142,8.9956,9.1149,6645500,19.2
2023-12-27,9.1142,9.1617,9.0905,9.1623,6479900,19.3
2023-12-28,9.1142,9.1854,9.0193,9.1861,8523600,19.35
2023-12-29,9.2092,9.6364,9.0905,9.6371,12437600,20.3
2024-01-02,9.494,9.6127,9.3516,9.4472,6716700,19.9
2024-01-03,9.4465,9.494,9.3991,9.4946,8191900,20
2024-01-04,9.5177,9.7551,9.4703,9.6845,11205900,20.4
2024-01-05,9.6839,9.7314,9.5889,9.732,6534200,20.5
2024-01-08,9.7551,9.85,9.7076,9.7557,5512500,20.55
2024-01-09,9.7551,9.7788,9.6839,9.7557,6278100,20.55
2024-01-10,9.7551,9.8263,9.6839,9.827,6372700,20.7
2024-01-11,9.8263,9.8975,9.8026,9.8744,5494800,20.8
2024-01-12,9.8738,9.9212,9.7314,9.9219,5939300,20.9
2024-01-15,9.945,9.9687,9.8026,9.9694,6596800,21
2024-01-16,9.945,9.9924,9.8738,9.9694,6365800,21
2024-01-17,9.9687,9.9687,9.7551,9.8982,7111200,20.85
2024-01-18,9.8975,9.9212,9.8263,9.8744,5720600,20.8
2024-01-19,9.8738,9.945,9.85,9.9456,7102600,20.95
2024-01-22,9.9687,10.0636,9.8738,10.0643,7951600,21.2
2024-01-23,10.0636,10.0874,9.8738,9.9694,6413600,21
2024-01-24,9.9687,10.0399,9.8975,10.0406,7038900,21.15
2024-01-25,10.0399,10.0399,9.9212,9.9931,5419800,21.05
2024-01-26,9.9924,10.1348,9.9924,10.1118,6671900,21.3
2024-01-29,10.1111,10.1586,10.0874,10.1593,5915200,21.4
2024-01-30,10.1823,10.4197,10.1586,10.3729,6298600,21.85
2024-01-31,10.3722,10.4434,10.2061,10.3492,5774700,21.8
2024-02-01,10.3485,10.3959,10.301,10.3492,6251200,21.8
2024-02-02,10.3485,10.6095,10.3485,10.6103,9315300,22.35
2024-02-05,10.6095,10.7757,10.5383,10.7527,9564100,22.65
2024-02-06,10.752,10.9418,10.7282,10.9188,6045600,23
2024-02-07,10.9418,11.1792,10.8944,11.1799,5967300,23.55
2024-02-15,11.2267,11.2979,11.0368,11.2274,6878100,23.65
2024-02-16,11.2029,11.2267,11.013,11.0613,6111700,23.3
2024-02-19,11.0605,11.0842,10.8944,11.085,6618400,23.35
2024-02-20,11.0605,11.2267,10.9181,11.2037,6840900,23.6
2024-02-21,11.1792,11.2741,11.013,11.1562,6161800,23.5
2024-02-22,11.1555,11.1555,10.8706,10.8714,7166400,22.9
2024-02-23,10.8706,10.9418,10.6808,10.6815,7478000,22.5
2024-02-26,10.6808,10.8706,10.657,10.7764,5605100,22.7
2024-02-27,10.7757,10.9181,10.7045,10.7764,6314600,22.7
2024-02-28,10.7757,11.013,10.7757,11.0138,6189000,23.2
2024-02-29,11.013,11.108,10.9893,11.0613,6024000,23.3
2024-03-01,11.0605,11.0842,10.8944,11.0613,6105500,23.3
2024-03-04,11.0605,11.0842,10.9656,11.0613,5918000,23.3
2024-03-05,11.0605,11.1555,10.9181,11.1562,6840800,23.5
2024-03-06,11.0842,11.1555,11.0368,11.085,3480400,23.35
2024-03-07,10.9656,11.108,10.9656,10.9901,5641400,23.15
2024-03-08,10.9893,10.9893,10.7994,10.9188,6184400,23
2024-03-11,10.9181,10.9893,10.7994,10.9663,6432300,23.1
2024-03-12,10.9418,10.9418,10.657,10.8951,6583000,22.95
2024-03-13,10.8944,11.013,10.7282,10.9663,6348800,23.1
2024-03-14,10.9893,10.9893,10.7994,10.8951,5685700,22.95
2024-03-15,10.8232,10.9656,10.752,10.9188,5970800,23
2024-03-18,10.9181,10.9418,10.5858,10.5865,6625200,22.3
2024-03-19,10.5858,10.6095,10.2298,10.6103,8886200,22.35
2024-03-20,10.6333,10.8232,10.3485,10.7289,6221500,22.6
2024-03-21,10.752,11.3453,10.7045,11.3461,11192400,23.9
2024-03-22,11.3453,11.3691,11.2267,11.2986,6529100,23.8
2024-03-25,11.2979,11.2979,11.0842,11.1799,6285100,23.55
2024-03-26,11.1555,11.4877,11.108,11.4885,7234100,24.2
2024-03-27,11.5352,11.6302,11.3691,11.4648,5709200,24.15
2024-03-28,11.3928,11.5115,11.3928,11.5123,5404000,24.25
2024-03-29,11.5352,11.5352,11.2979,11.441,6435200,24.1
2024-04-01,11.4403,11.464,11.2267,11.3936,6006100,24
2024-04-02,11.2504,11.3691,11.1555,11.3461,5775100,23.9
2024-04-03,11.3216,11.3453,11.0842,11.1087,6572300,23.4
2024-04-04,11.108,11.2979,11.0842,11.085,6108000,23.35
2024-04-05,11.0605,11.2504,11.013,11.085,6316400,23.35
2024-04-08,11.0842,11.3928,11.0605,11.3461,8077300,23.9
2024-04-09,11.3453,11.4165,11.2504,11.3698,5817400,23.95
2024-04-10,11.3928,11.4165,11.2029,11.3698,6265700,23.95
2024-04-11,11.2504,11.3928,11.1555,11.3936,5637400,24
2024-04-12,11.3928,11.5827,11.2267,11.536,8521700,24.3
2024-04-15,11.5115,11.5589,11.0605,11.1562,9741700,23.5
2024-04-16,11.1555,11.2267,10.9181,11.1562,7196500,23.5
2024-04-17,11.1792,11.1792,10.6333,10.9188,8715000,23
2024-04-19,10.7757,10.7994,10.3959,10.5628,9469500,22.25
2024-04-22,10.5858,10.752,10.5383,10.634,8545200,22.4
2024-04-23,10.5383,10.657,10.2535,10.5391,8711200,22.2
2024-04-24,10.5858,10.7282,10.5383,10.634,9415200,22.4
2024-04-25,10.6333,10.752,10.5621,10.6815,7367500,22.5
2024-04-26,10.6808,11.2029,10.6095,11.2037,9976900,23.6
2024-05-02,11.2029,11.2267,11.0842,11.2274,6123700,23.65
2024-05-03,11.2267,11.6064,11.2267,11.6072,11392400,24.45
2024-05-06,11.6302,11.6302,11.3216,11.536,9083800,24.3
2024-05-07,11.5827,11.5827,11.3216,11.536,6996600,24.3
2024-05-08,11.5115,11.5352,11.3216,11.441,6259500,24.1
2024-05-09,11.4403,11.4877,11.1792,11.2512,7124300,23.7
2024-05-10,11.2741,11.2979,11.108,11.2512,6753500,23.7
2024-05-13,11.2504,11.2741,11.0368,11.0375,6528400,23.25
2024-05-14,11.0605,11.2504,11.0605,11.0613,6836900,23.3
2024-05-15,11.0842,11.2029,11.0605,11.1562,6983600,23.5
2024-05-16,11.2029,11.5115,11.1792,11.4885,9088200,24.2
2024-05-17,11.5115,11.6539,11.4165,11.536,8257100,24.3
2024-05-20,11.5589,11.915,11.5589,11.7971,10556100,24.85
2024-05-21,11.7963,11.82,11.5827,11.7259,6284700,24.7
2024-05-22,11.7488,11.7488,11.5589,11.5597,5713600,24.35
2024-05-23,11.5827,11.7251,11.3928,11.7259,5823600,24.7
2024-05-24,11.6302,11.7488,11.3928,11.4885,7296000,24.2
2024-05-27,11.4877,11.5352,11.2504,11.2986,6142300,23.8
2024-05-28,11.3453,11.464,11.1792,11.4648,7228400,24.15
2024-05-29,11.464,11.464,11.1317,11.1325,11282600,23.45
2024-05-30,11.0605,11.0842,10.8232,10.9663,8706000,23.1
2024-05-31,10.9893,11.0605,10.9656,11.0375,4346800,23.25
2024-06-03,11.0842,11.3928,11.0605,11.3936,6683600,24
2024-06-04,11.4403,11.464,11.2979,11.3698,4858200,23.95
2024-06-05,11.3928,11.464,11.2504,11.2512,5265400,23.7
2024-06-06,11.2504,11.3691,11.1555,11.2512,5849100,23.7
2024-06-07,11.2741,11.3216,11.1792,11.2512,4588000,23.7
2024-06-10,11.2741,11.3453,11.2267,11.3461,5190200,23.9
2024-06-11,11.3691,11.3928,11.1555,11.1799,6377300,23.55
2024-06-12,11.2029,11.3928,11.108,11.3936,6457000,24
2024-06-13,11.4877,11.5115,11.3453,11.441,8022300,24.1
2024-06-14,11.4877,11.5115,11.3691,11.3698,7372600,23.95
2024-06-17,11.3691,11.3928,11.0605,11.1799,8354900,23.55
2024-06-18,11.2029,11.2741,11.1555,11.2512,6053600,23.7
2024-06-19,11.2741,11.2741,11.0605,11.2512,6746800,23.7
2024-06-20,11.2267,11.2741,11.0605,11.2037,7769900,23.6
2024-06-21,11.2029,11.2029,10.9893,10.9901,7157200,23.15
2024-06-24,10.9893,11.0368,10.6095,10.6103,9514100,22.35
2024-06-25,10.6095,10.7757,10.5858,10.7289,10135900,22.6
2024-06-26,10.7282,10.7757,10.6808,10.7764,6524500,22.7
2024-06-27,10.7757,11.0368,10.6808,10.8951,8826400,22.95
2024-06-28,10.8944,10.9181,10.7757,10.9188,7278900,23
2024-07-01,10.9181,10.9893,10.8232,10.9663,5484400,23.1
2024-07-02,10.9893,11.4877,10.9893,11.441,16713500,24.1
2024-07-03,11.4877,11.6302,11.4877,11.6309,11840200,24.5
2024-07-04,11.6776,11.6776,11.5352,11.6547,8139900,24.55
2024-07-05,11.6776,11.6776,11.4877,11.5835,8580700,24.4
2024-07-08,11.6302,11.6302,11.4877,11.5835,7293100,24.4
2024-07-09,11.5352,12.0099,11.5352,11.987,14658800,25.25
2024-07-10,11.9862,12.0574,11.7726,11.8446,8233300,24.95
2024-07-11,11.8438,12.0574,11.8438,12.0107,11689900,25.3
2024-07-12,12.0832,12.1079,11.8361,11.9363,8646200,24.15
2024-07-15,11.9596,12.0832,11.9102,12.0598,8550900,24.4
2024-07-16,12.0832,12.2562,12.0338,12.2328,7322900,24.75
2024-07-17,12.2562,12.5527,12.1573,12.4552,16292100,25.2
2024-07-18,12.4786,12.5033,12.1573,12.4058,8493000,25.1
2024-07-19,12.4291,12.4538,12.2067,12.3317,6972800,24.95
2024-07-22,12.2809,12.5033,12.1573,12.5047,10027300,25.3
2024-07-23,12.528,12.5527,12.2562,12.3811,8620200,25.05
2024-07-24,12.2809,12.4044,12.1573,12.3811,8709800,25.05
2024-07-25,12.3303,12.3797,12.182,12.3811,5506500,25.05
2024-07-26,12.3797,12.5033,12.3303,12.4058,5576500,25.1
2024-07-29,12.4291,12.4786,12.3797,12.4799,5021800,25.25
2024-07-30,12.4786,12.5033,12.3797,12.5047,4972000,25.3
2024-07-31,12.5527,12.9975,12.528,12.9989,9079800,26.3
2024-08-01,13.0222,13.1951,12.7009,12.7518,8071100,25.8
2024-08-02,12.6515,12.8986,12.3056,12.9001,9696000,26.1
2024-08-05,12.7009,12.8492,12.0091,12.1093,10161400,24.5
2024-08-06,12.355,12.5033,12.0338,12.2822,6422100,24.85
2024-08-07,12.3056,12.355,11.9844,12.2822,6343600,24.85
2024-08-08,12.1326,12.6021,12.1326,12.3317,8031000,24.95
2024-08-09,12.5033,12.6762,12.3797,12.6035,5239300,25.5
2024-08-12,12.6515,12.8492,12.4538,12.6282,9878100,25.55
2024-08-13,12.6762,12.8986,12.5527,12.8259,5394200,25.95
2024-08-14,12.948,12.948,12.7257,12.8012,4991000,25.9
2024-08-15,12.7998,13.2446,12.7998,12.9248,6473900,26.15
2024-08-16,13.0469,13.3681,12.8245,13.3696,8742200,27.05
2024-08-19,13.4175,13.5411,13.2693,13.3449,5279700,27
2024-08-20,13.3187,13.4175,13.1951,13.246,4932200,26.8
2024-08-21,13.2446,13.467,13.1951,13.3943,6467600,27.1
2024-08-22,13.3928,13.4422,13.2199,13.3943,5339600,27.1
2024-08-23,13.3928,13.4175,13.2693,13.3943,4869600,27.1
2024-08-26,13.4175,13.4422,13.2693,13.3943,6164700,27.1
2024-08-27,13.4175,13.4422,13.3187,13.3943,5215000,27.1
2024-08-28,13.4422,13.467,13.3187,13.3696,5199200,27.05
2024-08-29,13.3928,13.6646,13.3681,13.5179,7434500,27.35
2024-08-30,13.5658,13.6893,13.4917,13.6909,5893000,27.7
2024-09-04,13.5658,13.5905,13.2693,13.3943,5516300,27.1
2024-09-05,13.4422,13.4422,13.1951,13.3202,5827700,26.95
2024-09-06,13.3187,13.3434,13.1951,13.2213,5215000,26.75
2024-09-09,13.2446,13.2446,12.9233,13.0978,5326000,26.5
2024-09-10,13.1457,13.1457,12.8986,12.9989,6282900,26.3
2024-09-11,12.9975,13.0469,12.8245,13.0236,5068700,26.35
2024-09-12,13.0716,13.0716,12.9233,12.9495,4889300,26.2
2024-09-13,12.9975,13.0963,12.9233,13.0483,4032600,26.4
2024-09-16,13.0469,13.0469,12.8739,12.9495,4191800,26.2
2024-09-17,12.9728,13.1457,12.8492,13.1472,4479300,26.6
2024-09-18,13.121,13.2199,13.0716,13.1966,5821600,26.7
2024-09-19,13.1951,13.294,13.1457,13.2708,6303300,26.85
2024-09-20,13.294,13.4422,13.2693,13.3696,8364200,27.05
2024-09-23,13.3928,13.4175,13.2446,13.3449,6282800,27
2024-09-24,13.3434,13.3681,13.2446,13.3449,6297900,27
2024-09-25,13.3928,13.5164,13.3434,13.4685,7297900,27.25
2024-09-26,13.467,14.0353,13.4422,13.9874,18888500,28.3
2024-09-27,14.0353,14.1341,13.887,13.9874,10545600,28.3
2024-09-30,14.0353,14.0353,13.7141,13.938,9164400,28.2
2024-10-01,13.9364,13.9612,13.7635,13.8391,9913000,28
2024-10-02,13.7882,13.8376,13.5658,13.6167,9025400,27.55
2024-10-03,13.6399,13.8376,13.5905,13.6662,9384500,27.65
2024-10-04,13.6893,13.6893,13.4917,13.4932,8692200,27.3
2024-10-07,13.4917,13.4917,13.1951,13.2708,9450800,26.85
2024-10-08,13.294,13.5905,13.1704,13.4437,10072500,27.2
2024-10-09,13.467,13.467,13.294,13.3449,11084500,27
2024-10-10,13.3928,13.6152,13.3928,13.5673,10627400,27.45
2024-10-11,13.5658,13.5658,13.3928,13.5179,7401900,27.35
2024-10-14,13.5411,13.5658,13.3434,13.3449,7891200,27
2024-10-15,13.3681,13.4422,13.3187,13.419,7200200,27.15
2024-10-16,13.3681,13.3681,13.1704,13.3696,10507300,27.05
2024-10-17,13.3434,13.3434,13.1457,13.1472,10759100,26.6
2024-10-18,13.1951,13.3434,13.1704,13.3449,8427200,27
2024-10-21,13.3434,13.3681,13.2693,13.3202,5196000,26.95
2024-10-22,13.3187,13.3434,13.1951,13.3449,7158800,27
2024-10-23,13.3434,13.3434,13.1457,13.3202,7162200,26.95
2024-10-24,13.3187,13.3187,13.1457,13.2955,5794800,26.9
2024-10-25,13.294,13.294,13.1704,13.2955,5776300,26.9
2024-10-28,13.2693,13.294,13.0963,13.1719,6196300,26.65
2024-10-29,13.2199,13.5411,13.1951,13.4932,8177200,27.3
2024-10-30,13.4917,13.5164,13.3681,13.4437,6908500,27.2
2024-10-31,13.4422,13.4422,13.294,13.2955,8318800,26.9
2024-11-01,13.294,13.3187,13.121,13.1225,8688200,26.55
2024-11-04,13.1457,13.1457,12.8739,12.8754,7428000,26.05
2024-11-05,12.8492,12.9728,12.7998,12.8754,5509200,26.05
2024-11-06,12.8739,13.0469,12.8739,13.0483,6167600,26.4
2024-11-07,13.0716,13.0963,12.948,12.9742,6379400,26.25
2024-11-08,12.9728,12.9728,12.7998,12.9742,7433500,26.25
2024-11-11,12.9728,12.9728,12.528,12.6282,8246300,25.55
2024-11-12,12.5033,12.7998,12.5033,12.7518,6514900,25.8
2024-11-13,12.7009,12.8245,12.6021,12.6776,7335200,25.65
2024-11-14,12.6762,12.6762,12.4538,12.4799,7753800,25.25
2024-11-15,12.4786,12.4786,12.1573,12.2081,9616400,24.7
2024-11-18,12.182,12.3056,11.9844,12.134,10096600,24.55
2024-11-19,12.1573,12.2809,12.0832,12.1834,8273100,24.65
2024-11-20,12.1573,12.2809,12.0091,12.1834,9631000,24.65
2024-11-21,12.182,12.2562,12.0585,12.2575,8075200,24.8
2024-11-22,12.2562,12.3056,12.182,12.2081,7859300,24.7
2024-11-25,12.2067,12.2562,12.182,12.2081,7384100,24.7
2024-11-26,12.2067,12.4538,12.182,12.3811,6538600,25.05
2024-11-27,12.3797,12.528,12.355,12.4305,7045500,25.15
2024-11-28,12.4538,12.6268,12.3303,12.5047,7320300,25.3
2024-11-29,12.528,12.6021,12.4291,12.5294,5931800,25.35
2024-12-02,12.5527,12.6021,12.4786,12.5541,5374800,25.4
2024-12-03,12.7998,12.9233,12.6515,12.8754,11353100,26.05
2024-12-04,12.8739,12.9233,12.7504,12.8012,6699700,25.9
2024-12-05,12.8245,13.1951,12.7998,13.1966,9434400,26.7
2024-12-06,13.2199,13.294,13.121,13.2708,7606400,26.85
2024-12-09,13.294,13.3928,13.1951,13.3449,9301700,27
2024-12-10,13.3434,13.8376,13.3187,13.8391,19907400,28
2024-12-11,13.9972,14.0565,13.8192,13.9979,14899100,23.6
2024-12-12,14.0268,14.2047,14.0268,14.1758,12025700,23.9
2024-12-13,14.2047,14.2344,13.8489,14.0572,8994700,23.7
2024-12-16,14.0268,14.0861,13.9379,14.0868,7804900,23.75
2024-12-17,14.1454,14.1751,14.0268,14.1165,8721000,23.8
2024-12-18,14.1158,14.2344,14.0268,14.1165,8357500,23.8
2024-12-19,13.9972,13.9972,13.7599,13.9386,10108500,23.5
2024-12-20,13.9379,13.9972,13.7303,13.8792,7031200,23.4
2024-12-23,13.9379,13.9379,13.7896,13.8792,4864700,23.4
2024-12-24,13.8785,13.8785,13.671,13.8792,5349600,23.4
2024-12-25,13.9082,14.2047,13.8785,14.1758,10201000,23.9
2024-12-26,14.1751,14.3234,14.0565,14.3241,7888400,24.15
2024-12-27,14.3234,14.7978,14.2937,14.7986,12436100,24.95
2024-12-30,14.7978,15.8061,14.4716,15.8069,10589200,26.65
2024-12-31,15.6282,15.6282,14.9758,15.1248,9184500,25.5
2025-01-02,15.0944,15.1241,14.5013,14.8876,12600700,25.1
2025-01-03,14.8275,14.8275,14.3827,14.502,7212300,24.45
2025-01-06,14.5013,14.5903,14.3234,14.5317,6407500,24.5
2025-01-07,14.5606,14.5606,14.2937,14.3834,8626500,24.25
2025-01-08,14.353,14.3827,13.7896,13.8199,18480600,23.3
2025-01-09,13.7006,13.8192,13.2261,13.2565,18307900,22.35
2025-01-10,13.2261,13.2558,12.811,12.8116,16004300,21.6
2025-01-13,12.5737,12.9592,12.5737,12.8709,14703300,21.7
2025-01-14,12.8999,12.9296,12.5144,12.5447,12557900,21.15
2025-01-15,12.5441,12.8406,12.5441,12.8413,7970900,21.65
2025-01-16,12.8703,12.9592,12.722,12.8709,11703600,21.7
2025-01-17,12.811,13.3448,12.6923,13.3454,13331000,22.5
2025-01-20,13.3448,13.7006,13.0482,13.642,20689500,23
2025-01-21,13.7896,13.8489,13.2558,13.4344,13007200,22.65
2025-01-22,13.4634,13.4634,13.0482,13.0489,19175000,22
2025-01-23,13.0185,13.6116,12.9889,13.2861,13211500,22.4
2025-01-24,13.3151,13.7303,13.3151,13.4344,11218800,22.65
2025-02-04,13.3151,13.5227,13.2854,13.4047,7138100,22.6
2025-02-05,13.4041,13.5227,13.3744,13.4047,6231800,22.6
2025-02-06,13.4634,13.671,13.4337,13.6123,12839500,22.95
2025-02-07,13.7006,13.7006,13.5523,13.5827,8903300,22.9
2025-02-10,13.3448,13.5523,13.3448,13.4047,8572100,22.6
2025-02-11,13.493,13.5523,13.3448,13.3751,9757100,22.55
2025-02-12,13.4634,13.5227,13.3744,13.3751,8276900,22.55
2025-02-13,13.3744,13.4634,13.3448,13.4641,6936600,22.7
2025-02-14,13.5523,13.582,13.493,13.553,8445600,22.85
2025-02-17,13.6116,13.6116,13.4041,13.4344,9434400,22.65
2025-02-18,13.4337,13.5227,13.4041,13.4641,8806800,22.7
2025-02-19,13.4634,13.5523,13.4041,13.5234,7816600,22.8
2025-02-20,13.5523,13.582,13.493,13.553,10818400,22.85
2025-02-21,13.5523,13.7599,13.5227,13.6716,11653000,23.05
2025-02-24,13.6413,13.9379,13.582,13.9089,13634400,23.45
2025-02-25,13.9379,13.9379,13.671,13.7606,12021400,23.2
2025-02-26,13.7896,13.8192,13.671,13.6716,7301400,23.05
2025-02-27,13.671,13.7599,13.5523,13.7606,8369500,23.2
2025-02-28,13.7303,13.7599,13.5227,13.6716,10152100,23.05
2025-03-03,13.671,13.7006,13.5523,13.642,8238400,23
2025-03-04,13.582,13.6413,13.493,13.6123,10016700,22.95
2025-03-05,13.582,13.8192,13.582,13.5827,9704300,22.9
2025-03-06,13.582,13.671,13.5523,13.6716,8485600,23.05
2025-03-07,13.671,13.9972,13.6413,13.8792,19968000,23.4
2025-03-10,13.9675,14.1751,13.9379,14.0572,13562300,23.7
2025-03-11,13.9379,14.1158,13.8192,14.1165,9309000,23.8
2025-03-12,14.1751,14.2047,13.9675,14.0275,8340600,23.65
2025-03-13,14.0565,14.0565,13.7006,13.731,13362800,23.15
2025-03-14,13.7303,13.8489,13.671,13.7606,7050600,23.2
2025-03-17,13.7896,13.9675,13.7303,13.8792,8013500,23.4
2025-03-18,13.9082,13.9379,13.7599,13.7903,5957600,23.25
2025-03-19,13.7599,13.8489,13.6413,13.6716,8624500,23.05
2025-03-20,13.7896,13.9675,13.6116,13.7013,10874000,23.1
2025-03-21,13.7006,13.7303,13.6116,13.642,7987900,23
2025-03-24,13.6413,13.671,13.3744,13.4344,10740300,22.65
2025-03-25,13.4634,13.6116,13.4337,13.4937,13384000,22.75
2025-03-26,13.5227,13.671,13.4041,13.4937,12167900,22.75
2025-03-27,13.4634,13.493,13.3448,13.4344,8182700,22.65
2025-03-28,13.4041,13.4337,13.1965,13.1971,8945200,22.25
2025-03-31,13.1075,13.1668,13.0482,13.1082,7904200,22.1
2025-04-01,13.1668,13.3151,13.0779,13.3158,5803500,22.45
2025-04-02,13.3151,13.4634,13.2261,13.3158,12189400,22.45
2025-04-03,12.9296,13.0185,12.3958,12.3964,26249100,20.9
2025-04-04,11.5655,12.5144,11.5655,12.3371,19444300,20.8
2025-04-08,12.0992,12.2179,11.4765,11.4771,17300000,19.35
2025-04-09,10.7055,11.6544,10.6758,10.795,19245500,18.2
2025-04-10,11.5358,11.5358,11.5358,11.5364,231700,19.45
2025-04-11,12.2772,12.3365,11.8027,12.2778,16370600,20.7
2025-04-14,12.633,12.633,12.4254,12.4557,11261200,21
2025-04-15,12.3068,12.4848,12.1586,12.1888,12695100,20.55
2025-04-16,12.2179,12.3661,12.1289,12.2481,6250400,20.65
2025-04-17,12.2179,12.2772,12.0696,12.2778,8625000,20.7
2025-04-18,12.3365,12.4254,12.3365,12.3371,7456700,20.8
2025-04-21,12.3365,12.3958,12.0992,12.0999,8383100,20.4
2025-04-22,12.0399,12.0992,11.3579,12.0405,12392100,20.3
2025-04-23,12.1586,12.3068,12.0696,12.0702,9158800,20.35
2025-04-24,12.3365,12.6034,12.2772,12.604,13382600,21.25
2025-04-25,12.6034,12.633,12.3958,12.604,14533500,21.25
2025-04-28,12.6923,12.7517,12.5144,12.7523,7440900,21.5
2025-04-29,12.722,12.7813,12.5737,12.7226,6862700,21.45
2025-05-05,12.7517,12.7813,12.5441,12.5744,7796700,21.2
2025-05-06,12.6034,12.7517,12.5441,12.604,7788000,21.25
2025-05-07,12.5441,12.633,12.3958,12.4261,11737700,20.95
2025-05-08,12.4551,12.6923,12.4254,12.604,9147200,21.25
2025-05-09,12.6034,12.633,12.5144,12.5744,6217300,21.2
2025-05-12,12.5441,12.7517,12.5441,12.7523,11104300,21.5
2025-05-13,12.811,13.1075,12.811,12.9302,12592000,21.8
2025-05-14,12.9592,13.1965,12.9592,13.1675,12593800,22.2
2025-05-15,13.1372,13.2854,13.0185,13.1971,11950400,22.25
2025-05-16,13.1965,13.2261,13.0185,13.0192,6790700,21.95
2025-05-19,12.9592,13.2261,12.8406,13.0489,13180500,22
2025-05-20,13.0482,13.2854,13.0482,13.2268,12793500,22.3
2025-05-21,13.2261,13.4634,13.1668,13.2861,10021100,22.4
2025-05-22,13.1668,13.2558,13.0779,13.0785,11961400,22.05
2025-05-23,13.1075,13.1965,13.0482,13.1082,6900600,22.1
2025-05-26,13.1668,13.4041,13.1372,13.4047,20206400,22.6
2025-05-27,13.4041,13.493,13.3448,13.4047,9757700,22.6
2025-05-28,13.4337,13.4634,13.1965,13.1971,11600500,22.25
2025-05-29,13.2261,13.3744,13.0779,13.0785,11318800,22.05
2025-05-30,13.1075,13.1372,12.8703,12.8709,11909000,21.7
2025-06-02,12.7813,12.8999,12.6923,12.8116,8581300,21.6
2025-06-03,12.8406,13.0779,12.811,12.9599,8974600,21.85
2025-06-04,13.0185,13.0482,12.8999,12.9599,6875500,21.85
2025-06-05,12.9592,12.9889,12.7813,12.8413,8856700,21.65
2025-06-06,12.7813,12.9296,12.722,12.9302,8459900,21.8
2025-06-09,12.9296,12.9296,12.722,12.7226,6800200,21.45
2025-06-10,12.7517,12.8999,12.6923,12.7523,8468900,21.5
2025-06-11,12.7813,12.7813,12.6627,12.693,6441200,21.4
2025-06-12,12.7517,12.9296,12.722,12.9006,8674000,21.75
2025-06-13,12.811,12.8999,12.6627,12.8116,10917900,21.6
2025-06-16,12.7813,12.9592,12.722,12.9006,7597600,21.75
2025-06-17,12.9592,13.0185,12.8703,12.9895,8869100,21.9
2025-06-18,12.9889,13.1075,12.9296,13.0192,13318000,21.95
2025-06-19,13.0482,13.1372,12.9592,13.0489,8180400,22
2025-06-20,13.0779,13.2558,13.0185,13.1378,15339900,22.15
2025-06-23,13.0482,13.1075,12.9592,13.0192,10204700,21.95
2025-06-24,13.1075,13.1668,12.9889,13.0192,12944000,21.95
2025-06-25,13.0482,13.0779,12.9296,12.9302,10449900,21.8
2025-06-26,12.9592,12.9889,12.811,12.8709,8625800,21.7
2025-06-27,12.8999,12.9889,12.811,12.9302,7992100,21.8
2025-06-30,12.9296,12.9889,12.8999,12.9302,6655700,21.8
2025-07-01,12.9592,13.2261,12.9296,13.1082,23738800,22.1
2025-07-02,13.1372,13.3448,13.0779,13.2268,15269100,22.3
2025-07-03,13.2261,13.493,13.1668,13.3751,18408700,22.55
2025-07-04,13.4337,13.5227,13.2854,13.3751,13207400,22.55
2025-07-07,13.4337,13.8192,13.4041,13.8199,24883700,23.3
2025-07-08,13.8785,13.9675,13.7896,13.9386,17331200,23.5
2025-07-09,13.9972,14.6496,13.9379,14.3537,34196100,24.2
2025-07-10,14.442,14.4716,14.2641,14.4427,14924700,24.35
2025-07-11,14.442,14.5013,14.2047,14.502,16447300,24.45
2025-07-14,14.531,14.531,14.2641,14.4724,13079300,24.4
2025-07-15,14.4716,14.6792,14.3234,14.3241,31224600,24.15
2025-07-16,14.3234,14.4123,14.2937,14.3834,16039400,24.25
2025-07-17,14.442,14.5013,14.3234,14.4427,13060100,24.35
2025-07-18,14.5013,14.531,14.2937,14.4724,14310500,24.4
2025-07-21,14.531,14.6199,14.4123,14.5317,16139900,24.5
2025-07-22,14.531,15.0944,14.442,15.0952,27414100,25.45
2025-07-23,15.2427,15.8358,15.213,15.7179,35013700,26.5
2025-07-24,16.1027,16.8144,15.9247,16.3704,50977800,27.6
2025-07-25,16.3696,16.844,16.2509,16.7559,20693800,28.25
2025-07-28,16.8144,17.3482,16.5475,16.8746,24563900,28.45
2025-07-29,16.844,16.844,15.7172,15.7179,33545700,26.5
2025-07-30,15.7172,15.8951,15.2723,15.8069,20473700,26.65
2025-07-31,16.1027,16.3992,15.3909,15.6883,32374600,26.45
2025-08-01,15.6875,16.1027,15.6578,16.0145,18626300,27
2025-08-04,16.0434,16.6068,15.9544,16.6076,19050400,28
2025-08-05,17.022,17.2592,16.0137,16.5483,30151000,27.9
2025-08-06,16.9034,16.9627,16.6068,16.7559,15361500,28.25
2025-08-07,17.022,17.022,16.5771,16.9042,24722700,28.5
2025-08-08,16.9627,17.022,16.5475,16.6373,19461300,28.05
2025-08-11,16.8144,16.8144,16.5475,16.5483,28021300,27.9
2025-08-12,16.6068,17.1702,16.5475,17.1415,25359400,28.9
2025-08-13,17.4371,17.4668,16.8737,17.1711,24756500,28.95
2025-08-14,17.7337,18.3564,17.3185,18.3574,59894000,30.95
2025-08-15,18.7716,18.8013,18.0302,18.387,29073000,31
2025-08-18,18.5047,18.5047,17.793,18.0905,23448300,30.5
2025-08-19,18.3268,19.3351,18.1785,19.2767,34111300,32.5
2025-08-20,19.3351,19.424,18.3564,18.8912,28103300,31.85
2025-08-21,18.9792,20.1357,18.9792,19.7216,35245400,33.25
2025-08-22,19.7206,19.7206,18.6827,19.1878,29128400,32.35
2025-08-25,19.513,19.513,18.1192,18.565,21416800,31.3
2025-08-26,18.564,19.1571,18.3564,19.1581,11352400,32.3
2025-08-27,19.513,19.5723,19.0089,19.2471,14028400,32.45
2025-08-28,19.2758,19.3054,18.8309,19.2767,12879100,32.5
2025-08-29,19.513,20.0468,19.3944,19.8402,25018200,33.45
2025-09-03,19.8689,19.8985,19.5723,19.6326,10789600,33.1
2025-09-04,19.6613,19.6909,19.3054,19.6623,17396900,33.15
2025-09-05,19.8689,19.8985,18.9199,19.1581,21623800,32.3
2025-09-08,18.9199,18.9495,18.0896,18.3277,25521200,30.9
2025-09-09,18.2082,18.7123,18.1192,18.7133,13478200,31.55
2025-09-10,18.742,18.7716,18.3564,18.7429,11920800,31.6
2025-09-11,18.5047,18.742,18.0896,18.6836,11434200,31.5
2025-09-12,18.6827,18.7123,18.4158,18.6836,10852000,31.5
2025-09-15,18.6827,18.742,18.4158,18.5353,11467700,31.25
2025-09-16,18.6233,18.7123,18.3268,18.565,15901800,31.3
2025-09-17,18.5047,18.5344,18.3268,18.3277,9467800,30.9
2025-09-18,18.3564,18.3564,17.9116,18.2091,13216800,30.7
2025-09-19,18.1489,18.1489,17.793,17.9125,10787200,30.2
2025-09-22,17.9116,17.9116,17.1999,17.2008,15324800,29
2025-09-23,17.2296,17.3778,17.022,17.0228,10542100,28.7
2025-09-24,17.0813,18.2082,16.7551,18.2091,22756700,30.7
2025-09-25,18.6827,18.742,18.3268,18.387,14404600,31
2025-09-26,18.3861,18.4158,17.882,17.8829,12495800,30.15
2025-09-29,17.882,18.4454,17.6744,18.3277,13058200,30.9
2025-09-30,18.2082,18.3861,17.882,18.387,13407300,31
2025-10-01,18.3861,18.4454,18.2082,18.3277,9573200,30.9
2025-10-02,18.3861,18.564,18.1489,18.2981,11170800,30.85
2025-10-03,18.2675,18.2971,17.9116,17.9125,9123800,30.2
2025-10-06,18.0896,18.8606,18.0006,18.6836,23427600,31.5
2025-10-07,18.8309,18.8309,18.4751,18.565,9742000,31.3
2025-10-08,18.8013,18.8013,18.3861,18.6539,16332400,31.45
2025-10-09,18.653,18.8902,18.5047,18.7726,15346800,31.65
2025-10-10,18.9199,18.9495,18.8013,18.8912,14960500,31.85
2025-10-13,18.653,19.3647,18.5937,19.3657,27220300,32.65
2025-10-14,19.513,19.8392,19.0385,19.3657,27956100,32.65
2025-10-15,19.3351,19.9282,19.2758,19.6326,23703400,33.1
2025-10-16,19.7206,19.8095,19.513,19.8105,17013200,33.4
2025-10-17,19.8985,19.8985,19.2758,19.2767,19439000,32.5
2025-10-20,18.9792,19.0978,17.9413,17.9422,26891500,30.25
2025-10-21,18.0302,19.1868,18.0302,19.1878,24467900,32.35
2025-10-22,19.2758,19.3054,18.8013,19.2767,12369900,32.5
2025-10-23,19.2461,20.3137,19.2164,19.5733,34268900,33
2025-10-24,19.424,19.602,18.9792,19.3954,17222100,32.7
2025-10-27,19.5426,19.5426,18.4454,18.4463,17556400,31.1
2025-10-28,18.1192,19.0978,18.1192,19.0988,14459200,32.2
2025-10-29,19.2461,20.2247,19.1868,19.8105,31358500,33.4
2025-10-30,19.8392,20.373,19.6909,19.8105,23301200,33.4
2025-10-31,19.8985,19.8985,18.9792,18.9802,22262400,32
2025-11-03,18.9792,19.0385,18.0896,18.1201,23596600,30.55
2025-11-04,18.1192,18.4454,17.3482,18.4463,34423800,31.1
2025-11-05,18.4454,18.8606,18.2675,18.4167,8534600,31.05
2025-11-06,18.4454,18.4454,17.8227,17.8532,12158000,30.1
2025-11-07,17.7633,17.882,17.3482,17.7939,22588600,30
2025-11-10,17.7337,17.8227,17.3778,17.5567,12893500,29.6
2025-11-11,17.5558,17.6151,17.2296,17.5567,11097100,29.6
2025-11-12,17.6151,17.8523,17.3778,17.7939,14650300,30
2025-11-13,17.793,17.882,17.6151,17.7642,11503300,29.95
2025-11-14,17.704,17.793,17.4965,17.7049,14810200,29.85
2025-11-17,17.793,18.0896,17.6744,17.8236,12131900,30.05
2025-11-18,17.882,18.0896,17.793,18.0608,13963400,30.45
2025-11-19,18.0896,18.6827,17.793,18.565,20946700,31.3
2025-11-20,18.6233,18.9199,18.5047,18.8615,21414900,31.8
2025-11-21,18.7716,18.8902,18.3861,18.5057,13878700,31.2
2025-11-24,18.564,18.9792,18.4158,18.4463,16462700,31.1
2025-11-25,18.5344,19.0385,18.5344,18.8615,22337300,31.8
2025-11-26,18.8606,19.1571,18.742,19.1581,14640700,32.3
2025-11-27,19.2461,19.2461,18.742,18.9802,11302600,32
2025-11-28,18.9199,18.9792,18.653,18.9802,12460800,32
2025-12-01,19.0089,19.0089,18.653,18.6836,7633800,31.5
2025-12-02,18.6827,18.9792,18.3564,18.9802,14736300,32
2025-12-03,18.9792,19.2758,18.8309,19.1284,14169900,32.25
2025-12-04,19.4537,19.6316,19.2164,19.5436,15110300,32.95
2025-12-05,19.5723,19.5723,19.2461,19.5436,9205900,32.95
2025-12-08,19.4833,19.5426,19.2164,19.425,9934700,32.75
2025-12-09,19.3647,19.3647,18.6827,18.6836,20452400,31.5
2025-12-10,19.1571,19.5723,18.742,19.0691,24010400,32.15
2025-12-11,19.0978,19.1275,18.742,18.8319,6731800,31.75
2025-12-12,18.8606,18.9199,17.9116,17.9125,15587400,30.2
2025-12-15,17.9413,18.0302,17.7337,17.7939,11805900,30
2025-12-16,17.8227,19.0385,17.704,19.0395,17054100,32.1
2025-12-17,18.9792,19.3054,18.8013,19.0395,23353800,32.1
2025-12-18,19.2275,19.9966,19.0352,19.6915,27159300,25.6
2025-12-19,19.689,19.9966,19.5736,19.9607,21301200,25.95
2025-12-22,19.9992,20.8453,19.8069,20.7684,39574300,27
2025-12-23,20.7684,21.5376,20.7299,21.153,32590800,27.5
2025-12-24,21.1887,21.5348,21.0733,21.4222,25185800,27.85
2025-12-25,21.3068,21.4607,20.7299,21.1915,16421500,27.55
2025-12-26,20.7657,21.5348,20.6119,21.2299,21297400,27.6
2025-12-29,21.3041,21.3041,20.8811,21.2299,14634000,27.6
2025-12-30,21.2272,21.4963,20.7657,21.4991,29039500,27.95
2025-12-31,21.381,22.8423,21.3425,22.8452,43989500,29.7
2026-01-05,22.6885,22.6885,21.5348,22.2683,24967900,28.95
2026-01-06,22.153,22.3453,21.6145,22.3453,14635600,29.05
2026-01-07,22.3424,22.7269,21.804,22.3837,23080000,29.1
2026-01-08,22.4222,22.4606,21.9222,22.153,17601200,28.8
2026-01-09,22.1914,22.3837,21.153,21.4607,29852300,27.9
2026-01-12,21.3041,21.804,20.958,21.6914,23631100,28.2
2026-01-13,21.6886,21.8809,21.5348,21.8837,16194800,28.45
2026-01-14,21.9222,21.9222,21.1915,21.2684,21961000,27.65
2026-01-15,21.153,22.7299,20.6146,22.7299,32989100,29.55
2026-01-16,22.6885,22.6885,21.8809,21.8837,15902500,28.45
2026-01-19,21.9222,22.3068,21.6914,22.1145,16574300,28.75
2026-01-20,22.3039,22.9192,22.1116,22.2683,19555100,28.95
2026-01-21,22.0376,23.076,21.7684,22.3453,24503900,29.05
2026-01-22,22.3808,22.8807,22.3424,22.4606,18695900,29.2
2026-01-23,22.4962,22.7654,22.0347,22.7683,16077900,29.6
2026-01-26,22.6115,22.6115,21.7655,21.8068,11703400,28.35
2026-01-27,21.8068,22.3068,21.3838,22.3068,15743500,29
2026-01-28,21.9222,22.1914,21.8068,21.9222,24360600,28.5
2026-01-29,21.9578,21.9963,21.381,21.4222,13587000,27.85
2026-01-30,21.4607,21.8453,21.3838,21.7684,15990600,28.3
2026-02-02,21.5376,21.7299,20.9607,21.3838,16113700,27.8
2026-02-03,21.4607,21.5376,21.0376,21.1915,20463600,27.55
2026-02-04,21.1915,21.2299,20.9222,21.1915,13382500,27.55
2026-02-05,21.1915,21.4607,20.9607,21.1915,17052600,27.55
2026-02-06,20.9222,21.153,20.3838,20.3838,27190700,26.5
2026-02-09,20.5761,20.6146,20.1915,20.6146,13142300,26.8
2026-02-10,20.653,20.6915,19.9992,20.6146,12368700,26.8
2026-02-11,20.5761,21.4991,20.4992,21.3838,29253800,27.8
2026-02-12,21.4194,21.5348,21.2656,21.4222,9614300,27.85
2026-02-13,21.3425,21.6886,21.3041,21.6914,14478600,28.2
2026-02-23,21.7655,21.9194,21.5733,21.6914,10138800,28.2
2026-02-24,21.6145,21.9222,21.3453,21.9222,22582600,28.5
2026-02-25,21.9194,22.1885,21.6886,21.8837,18493700,28.45
2026-02-26,21.9222,21.9607,21.4991,21.8453,14130400,28.4
2026-02-27,21.8424,21.8424,21.4963,21.4991,13120700,27.95
2026-03-02,20.9964,21.2656,20.7272,20.7299,23024400,26.95
2026-03-03,20.7684,20.8453,20.23,20.3838,19337900,26.5
2026-03-04,20.3042,20.4581,19.7659,20.2684,17900500,26.35
2026-03-05,20.3812,20.4581,19.9581,19.9607,18266100,25.95
2026-03-06,19.9223,20.153,19.6915,19.9223,11697700,25.9
2026-03-09,18.5353,19.6121,18.5353,18.5377,28176000,24.1
2026-03-10,19.23,19.8069,18.9223,19.3454,24488200,25.15
2026-03-11,19.3454,19.9992,19.1915,19.8069,14822800,25.75
2026-03-12,19.4582,19.8043,19.3044,19.7684,11637800,25.7
2026-03-13,19.4582,19.8043,19.3813,19.6915,8896300,25.6
2026-03-16,19.6121,19.7274,19.3813,19.6915,6905100,25.6
2026-03-17,19.7659,20.1504,19.7274,19.7684,11718400,25.7
2026-03-18,19.7659,19.9966,19.4198,19.7684,9744800,25.7
2026-03-19,19.6146,19.7684,19.4223,19.73,13069900,25.65
2026-03-20,19.6146,19.6146,19.1531,19.23,12201400,25
2026-03-23,19.0377,19.0377,18.307,18.6916,24481200,24.3
2026-03-24,18.8454,19.1531,18.6531,18.6916,13461800,24.3
2026-03-25,18.8454,19.23,18.8454,19.1531,11108800,24.9
2026-03-26,19.1915,19.23,18.8454,18.8839,9142400,24.55
2026-03-27,18.9223,19.4992,18.8839,19.4608,14613100,25.3
2026-03-30,19.0737,19.4582,18.8814,19.3838,14532900,25.2
2026-03-31,19.3044,19.6121,19.2275,19.5761,17460200,25.45
2026-04-01,19.8428,19.9966,19.689,19.6915,13765700,25.6
2026-04-02,19.689,19.7274,19.4198,19.6915,13794100,25.6
2026-04-03,19.7274,19.7659,19.3429,19.6915,13990500,25.6
2026-04-06,19.6121,19.7659,19.4198,19.6915,13406100,25.6
2026-04-07,19.6505,19.6505,19.266,19.3069,14276900,25.1
2026-04-08,19.7659,20.3812,19.6505,20.2684,23664600,26.35
2026-04-09,20.1915,20.1915,19.9223,20.0377,9923000,26.05
2026-04-10,20.2684,20.5376,20.1146,20.1146,10812000,26.15
2026-04-13,19.9992,20.1146,19.8069,19.9223,9426200,25.9
2026-04-14,20.112,20.3427,20.0351,20.0761,11232700,26.1
2026-04-15,20.3042,20.3812,20.112,20.2684,11295700,26.35
2026-04-16,20.2658,20.3042,20.0735,20.0761,7878000,26.1
2026-04-17,20.2273,20.3812,20.0351,20.153,12053200,26.2
2026-04-20,20.153,20.7299,20.153,20.6915,19167600,26.9
2026-04-21,20.7657,20.8426,20.4965,20.5376,9480200,26.7
2026-04-22,20.4607,20.5376,20.1915,20.4223,11107400,26.55
2026-04-23,20.3812,20.7272,20.2658,20.4607,10532500,26.6
2026-04-24,20.4992,20.7684,20.3838,20.6915,14997400,26.9
2026-04-28,20.535,20.7272,20.4581,20.4607,7827300,26.6
2026-04-29,20.4196,20.4581,20.1504,20.4607,10196800,26.6
2026-05-04,20.4607,20.5761,20.3453,20.3838,6985200,26.5
2026-05-05,20.3069,20.3838,19.9992,20.3069,10206900,26.4
2026-05-06,20.3427,20.5734,20.2658,20.4607,13555700,26.6
2026-05-07,20.4992,21.3838,20.4992,21.153,29836500,27.5
2026-05-08,21.1503,21.2272,20.958,21.0376,10899600,27.35
2026-05-11,21.0376,21.153,20.6915,20.6915,11526600,26.9
2026-05-12,20.6888,21.1118,20.6119,21.0376,12280300,27.35
2026-05-13,21.0733,21.381,20.958,21.3068,16286000,27.7
2026-05-14,21.3453,21.6145,21.2299,21.3838,13977800,27.8
2026-05-15,21.4222,21.6145,21.153,21.1915,13065500,27.55
2026-05-18,21.0349,21.1887,20.8811,21.1145,10510600,27.45
2026-05-19,21.1503,21.1503,20.4965,20.5376,14045500,26.7
2026-05-20,20.3453,20.3838,19.3454,19.8454,19024500,25.8
2026-05-21,19.9966,20.1889,19.8043,19.8838,10622300,25.85
2026-05-22,19.8812,19.9197,19.689,19.8838,7651700,25.85
2026-05-25,19.9223,20.4607,19.9223,20.3069,12112000,26.4
2026-05-26,20.3069,20.4992,20.1915,20.3838,8573600,26.5
2026-05-27,20.4581,20.535,20.1889,20.5376,10431600,26.7
2026-05-28,20.5734,20.7657,19.8812,19.8838,15591700,25.85
2026-05-29,19.8838,19.9992,19.6531,19.9223,14130900,25.9
2026-06-01,19.8838,19.8838,19.73,19.8069,6492100,25.75
2026-06-02,19.8069,19.8069,19.1531,19.1531,14726000,24.9
2026-06-03,19.1506,19.689,19.0737,19.3838,10671100,25.2
2026-06-04,19.4582,19.6121,19.2275,19.5761,6622800,25.45
2026-06-05,19.6146,19.6531,19.4223,19.6146,6811600,25.5
2026-06-08,19.4198,19.4198,19.189,19.3069,6508900,25.1
2026-06-09,19.3813,19.4582,19.3044,19.3069,6205100,25.1
2026-06-10,19.3838,19.5761,19.3069,19.4608,7331700,25.3
2026-06-11,19.4198,19.4967,19.266,19.3069,4989700,25.1
2026-06-12,19.4967,19.5351,19.2275,19.3838,8151600,25.2
2026-06-15,19.5351,19.5351,19.3044,19.3838,8187000,25.2
2026-06-16,19.4992,19.4992,19.3069,19.4223,9770800,25.25
2026-06-17,19.4223,19.5377,19.23,19.4223,9778100,25.25
2026-06-18,19.4608,19.5377,19.3069,19.3454,6607400,25.15
2026-06-19,19.3454,19.3838,19.1915,19.3454,8990000,25.15
2026-06-22,19.3069,19.4608,19.23,19.4223,6448700,25.25
2026-06-23,19.4608,20.0761,19.3838,19.73,18110700,25.65
2026-06-24,19.7274,19.8043,19.5351,19.7684,8182000,25.7
2026-06-25,19.7659,19.9966,19.689,19.6915,9201800,25.6
2026-06-26,19.6531,19.73,19.4223,19.5377,7697500,25.4
2026-06-29,19.5377,19.8454,19.5377,19.8454,8446300,25.8
2026-06-30,19.9197,19.9966,19.8428,19.8838,9491800,25.85
2026-07-01,19.8812,20.5734,19.8812,20.4607,20462000,26.6
2026-07-02,20.4965,20.535,20.3427,20.4607,7855100,26.6
2026-07-03,20.535,20.7272,20.3812,20.7299,16241300,26.95
2026-07-06,20.6888,21.0733,20.5734,20.9222,17386600,27.2
2026-07-07,20.8426,21.381,20.8426,21.3068,18795400,27.7
2026-07-08,21.3068,21.3453,21.0761,21.1915,7623800,27.55
2026-07-09,21.0761,21.153,20.8838,20.9992,7072900,27.3
2026-07-10,20.8453,21.1145,20.7684,20.7684,11150500,27
2026-07-13,20.6119,20.6503,19.9966,20.5376,15616400,26.7
2026-07-14,20.4223,20.6146,20.1915,20.6146,9627000,26.8
2026-07-15,20.7657,20.7657,20.1889,20.2684,8384000,26.35
2026-07-16,20.23,20.8838,20.0377,20.8838,13607200,27.15
2026-07-17,20.8453,21.0761,20.653,20.9607,9883200,27.25
2026-07-20,20.8811,20.958,20.3812,20.653,15270800,26.85
2026-07-21,20.6503,20.7657,20.4581,20.7299,11346700,26.95
2026-07-22,20.7684,20.8453,19.5377,19.8454,20862800,25.8
2026-07-23,19.8428,19.9581,19.3429,19.9607,11625200,25.95
2026-07-24,19.8043,19.8812,19.5736,19.8838,7790800,25.85
2026-07-27,19.8454,19.9992,19.4608,19.4608,8996000,25.3
2026-07-28,19.3429,19.4582,18.8045,19.3069,11492300,25.1
2026-07-29,19.2685,19.6531,18.8454,19.6146,12884000,25.5
2026-07-30,19.5351,19.9197,19.3429,19.7684,8988900,25.7
2026-07-31,19.7659,19.8428,19.3813,19.3838,8862700,25.2
2026-08-03,19.4608,19.9992,19.4223,19.9992,7651800,26
2026-08-04,20.0735,20.5734,19.9197,20.5376,11276100,26.7
2026-08-05,20.5761,20.5761,20.153,20.4223,9378200,26.55
2026-08-06,20.4223,20.4992,20.1915,20.4223,7703200,26.55
2026-08-07,20.3838,20.6915,20.23,20.4223,9863000,26.55
2026-08-10,20.4965,20.7657,20.2658,20.7299,10622700,26.95
2026-08-11,20.7299,20.8453,20.6146,20.6915,8298300,26.9
2026-08-12,20.6888,21.0733,20.4965,20.9222,12857900,27.2
2026-08-13,20.9964,21.2272,20.535,20.5376,10389500,26.7
2026-08-14,20.5734,20.6888,20.1504,20.3453,8262000,26.45
2026-08-17,20.3042,20.7657,20.1504,20.653,7343800,26.85
2026-08-18,20.6503,20.9195,20.4581,20.7299,8433500,26.95
2026-08-19,20.7657,20.7657,20.3042,20.5376,7068400,26.7
2026-08-20,20.6119,20.7657,20.535,20.653,8925400,26.85
2026-08-21,20.6915,20.9992,20.4223,20.9992,13429400,27.3
2026-08-24,21.2684,21.5376,21.0376,21.0761,14298600,27.4
2026-08-25,21.0761,21.153,20.7684,20.7684,11433300,27
2026-08-26,20.7684,21.3838,20.653,21.3453,13487600,27.75
2026-08-27,21.4222,21.5761,21.2299,21.3838,11713600,27.8
2026-08-28,21.4222,21.4222,21.153,21.3838,8500100,27.8
2026-09-03,21.3425,21.4194,20.8042,20.9222,9829900,27.2
2026-09-04,20.958,21.0733,20.7272,20.9222,8992100,27.2
2026-09-07,20.9195,21.2656,20.8042,21.0376,7974600,27.35
2026-09-08,21.0733,21.1503,20.8811,21.0376,6472400,27.35
2026-09-09,21.0761,21.2299,20.9607,21.153,11462000,27.5
2026-09-10,20.9964,21.1503,20.7657,21.1145,8914400,27.45
2026-09-11,20.8453,20.9222,20.4607,20.6146,9354300,26.8
2026-09-14,20.5376,20.7684,20.3838,20.6146,9753600,26.8
2026-09-15,20.6119,20.8426,20.5734,20.8453,7863900,27.1
2026-09-16,20.7657,20.8426,20.6119,20.8453,9625600,27.1
2026-09-17,20.7657,21.2272,20.6888,21.2299,14772600,27.6
2026-09-18,21.3453,21.5761,21.153,21.153,25719400,27.5
2026-09-21,21.2656,21.3041,20.8426,21.2299,11479500,27.6
2026-09-22,21.1145,21.2299,20.9992,21.1915,7768500,27.55
2026-09-23,21.2684,22.0376,21.153,21.5376,20648300,28
2026-09-24,21.5376,21.5376,21.1145,21.2684,9212400,27.65
2026-09-25,21.153,21.5376,21.0376,21.3838,10048600,27.8
2026-09-28,21.4607,21.4607,20.9607,21.153,10258000,27.5
2026-09-29,21.153,21.2299,20.8453,21.0761,8092500,27.4
2026-09-30,21.153,21.3453,21.0761,21.153,8447100,27.5
2026-10-01,21.6145,21.6914,21.3453,21.5376,12687500,28
2026-10-02,21.6117,21.8809,21.2656,21.8837,15620900,28.45
2026-10-05,21.8453,21.8837,21.5376,21.5761,8008300,28.05
2026-10-06,21.5761,21.6145,21.0376,21.5761,13844700,28.05
2026-10-07,21.6117,21.6502,21.2272,21.6145,10183500,28.1
2026-10-08,21.5376,21.653,21.3453,21.5376,24274000,28
2026-10-09,21.65,23.05,21.35,22.4,34772500,22.4
