date,open,high,low,close,volume,close_raw
2012-02-15,3.2235,3.2235,3.0393,3.2252,57520,35
2012-02-16,3.1775,3.2235,3.1314,3.1331,40310,34
2012-02-17,3.0854,3.1498,3.0854,3.087,38440,33.5
2012-02-20,3.0669,3.0946,3.0393,3.0409,27100,33
2012-02-21,3.0301,3.0301,2.9472,2.9488,25160,32
2012-02-22,2.9472,2.9564,2.938,2.9488,8540,32
2012-02-23,2.9472,2.9472,2.9196,2.9303,4700,31.8
2012-02-24,2.9012,2.9012,2.9012,2.9027,20,31.5
2012-02-27,2.8275,3.0117,2.8275,3.0133,7900,32.7
2012-02-28,3.0393,3.1314,3.0117,3.1331,11640,34
2012-02-29,3.0117,3.1314,2.9933,3.1146,5060,33.8
2012-03-01,3.1222,3.2235,3.0393,3.2252,12310,35
2012-03-02,3.2419,3.3801,3.1222,3.3634,8190,36.5
2012-03-05,3.3617,3.4998,3.3617,3.5017,3160,38
2012-03-06,3.6287,3.6287,3.3248,3.3266,9240,36.1
2012-03-07,3.3248,3.3248,3.159,3.1607,5880,34.3
2012-03-08,3.0025,3.113,3.0025,3.0041,19060,32.6
2012-03-09,2.8735,3.113,2.8735,3.1146,12200,33.8
2012-03-12,3.113,3.2235,2.9748,3.2252,7480,35
2012-03-13,3.3524,3.3524,3.0854,3.345,4180,36.3
2012-03-14,3.4169,3.4169,3.1775,3.1791,11120,34.5
2012-03-15,3.0946,3.2235,3.0301,3.2252,1430,35
2012-03-16,3.2972,3.3064,3.2972,3.3082,13460,35.9
2012-03-19,3.1498,3.3064,3.1498,3.1884,2930,34.6
2012-03-20,3.2143,3.2235,3.0301,3.0317,6550,32.9
2012-03-21,2.9104,3.1775,2.9104,3.1791,4820,34.5
2012-03-22,3.2235,3.2235,3.2235,3.2252,500,35
2012-03-23,3.2235,3.2327,3.1314,3.216,205040,34.9
2012-03-26,3.2235,3.2235,3.0577,3.0594,1250,33.2
2012-03-27,2.984,3.2051,2.984,3.2068,370,34.8
2012-03-28,3.2051,3.2972,3.2051,3.2713,69550,35.5
2012-03-29,3.2511,3.2511,3.2143,3.2436,143090,35.2
2012-03-30,3.2235,3.2511,3.1498,3.1515,5730,34.2
2012-04-03,3.2788,3.3064,3.0669,3.1515,61270,34.2
2012-04-04,3.1406,3.1775,3.1406,3.1791,1730,34.5
2012-04-05,3.1314,3.2051,3.1314,3.2068,1090,34.8
2012-04-06,3.1682,3.2235,3.1682,3.2252,1240,35
2012-04-09,3.0946,3.2511,3.0761,3.2529,3020,35.3
2012-04-10,3.1038,3.2696,3.1038,3.2621,10150,35.4
2012-04-11,3.2603,3.2603,3.113,3.2529,2320,35.3
2012-04-12,3.2511,3.2696,3.1038,3.2713,8590,35.5
2012-04-13,3.2603,3.2972,3.2603,3.2805,75110,35.6
2012-04-16,3.2972,3.3617,3.1314,3.3634,330,36.5
2012-04-17,3.3617,3.3617,3.3617,3.3634,120,36.5
2012-04-18,3.3801,3.4077,3.3801,3.4095,970,37
2012-04-19,3.2511,3.2511,3.2419,3.2436,660,35.2
2012-04-20,3.3617,3.3617,3.0854,3.1146,12560,33.8
2012-04-23,3.113,3.113,3.113,3.1146,310,33.8
2012-04-24,2.9656,3.1314,2.9656,2.9948,70130,32.5
2012-04-25,3.1406,3.1406,3.0209,3.0409,630,33
2012-04-26,3.0854,3.1406,2.9656,2.9672,2960,32.2
2012-04-27,2.9104,2.9104,2.9104,2.9119,20,31.6
2012-05-02,3.0393,3.0485,2.9656,2.9672,40,32.2
2012-05-03,2.9656,2.9748,2.9656,2.9764,5070,32.3
2012-05-04,3.1222,3.1222,3.0946,3.1239,170,33.9
2012-05-07,3.2696,3.2696,3.2696,3.2713,1630,35.5
2012-05-08,3.4261,3.4261,3.4261,3.4279,8240,37.2
2012-05-09,3.4261,3.5919,3.2788,3.5938,3000,39
2012-05-10,3.5919,3.5919,3.4169,3.5938,46220,39
2012-05-11,3.5919,3.7485,3.5827,3.7505,25430,40.7
2012-05-14,3.5643,3.5735,3.5643,3.5662,1320,38.7
2012-05-15,3.5643,3.5643,3.4169,3.4279,28060,37.2
2012-05-16,3.463,3.4998,3.4538,3.5017,5450,38
2012-05-17,3.4998,3.6748,3.4998,3.6767,7680,39.9
2012-05-18,3.8498,3.8498,3.4998,3.7689,23160,40.9
2012-05-21,3.9419,3.9419,3.7761,3.7781,5260,41
2012-05-22,3.7761,3.7761,3.7577,3.7781,490,41
2012-05-23,3.684,3.684,3.684,3.686,30,40
2012-05-24,3.4998,3.7761,3.4998,3.7781,33470,41
2012-05-25,3.9663,3.9663,3.9663,3.9668,6480,28.7
2012-05-28,3.9663,4.1598,3.9663,4.1465,10420,30
2012-05-29,4.1598,4.3395,4.1598,4.34,16840,31.4
2012-05-30,4.533,4.533,4.2289,4.5335,31520,32.8
2012-05-31,4.4224,4.7126,4.4224,4.7132,12120,34.1
2012-06-01,4.8232,4.9061,4.8094,4.9067,10060,35.5
2012-06-04,4.9752,5.0305,4.6712,5.0311,1100,36.4
2012-06-05,4.7955,5.0305,4.7817,5.0311,3770,36.4
2012-06-06,5.0305,5.2792,4.7817,4.9758,7880,36
2012-06-07,4.7403,5.1825,4.7264,5.1831,7000,37.5
2012-06-08,4.9337,4.9476,4.9337,4.9482,630,35.8
2012-06-11,4.7126,4.8923,4.7126,4.8929,5280,35.4
2012-06-12,4.8094,4.8094,4.6712,4.6717,230,33.8
2012-06-13,4.5744,4.6435,4.45,4.4506,12720,32.2
2012-06-14,4.2289,4.6297,4.2289,4.6303,23130,33.5
2012-06-15,4.4224,4.6988,4.4224,4.6441,90630,33.6
2012-06-18,4.7817,4.7817,4.685,4.6855,44490,33.9
2012-06-19,4.6573,4.685,4.4639,4.6303,4860,33.5
2012-06-20,4.685,4.8508,4.4086,4.8376,9610,35
2012-06-21,4.8094,4.8094,4.8094,4.8099,38000,34.8
2012-06-22,4.7955,4.7955,4.5882,4.5888,2100,33.2
2012-06-25,4.7955,4.7955,4.5606,4.5612,12210,33
2012-06-26,4.4224,4.533,4.4224,4.5335,10010,32.8
2012-06-27,4.5468,4.5468,4.5468,4.5473,10,32.9
2012-06-28,4.6573,4.6573,4.5468,4.6164,20050,33.4
2012-06-29,4.6159,4.6159,4.4362,4.6164,71030,33.4
2012-07-02,4.5606,4.5606,4.5606,4.5612,40,33
2012-07-03,4.6988,4.6988,4.6712,4.6717,11010,33.8
2012-07-04,4.4639,4.6988,4.4639,4.6994,5100,34
2012-07-05,4.6988,4.6988,4.6988,4.6994,30,34
2012-07-06,4.7817,4.7817,4.7817,4.7823,10,34.6
2012-07-09,4.7403,4.7403,4.685,4.6855,17080,33.9
2012-07-10,4.6988,4.6988,4.6988,4.6994,33300,34
2012-07-11,4.6988,4.6988,4.6712,4.6717,3570,33.8
2012-07-12,4.45,4.6159,4.45,4.5888,1750,33.2
2012-07-13,4.5606,4.5606,4.3671,4.5612,6440,33
2012-07-16,4.6988,4.6988,4.5606,4.5612,38000,33
2012-07-17,4.685,4.685,4.6021,4.6026,13510,33.3
2012-07-18,4.4224,4.6159,4.3948,4.6164,310,33.4
2012-07-19,4.5606,4.6297,4.5606,4.6303,16020,33.5
2012-07-20,4.4362,4.5606,4.4224,4.5612,38690,33
2012-07-23,4.6573,4.6573,4.6573,4.6579,13500,33.7
2012-07-25,4.6435,4.6435,4.4362,4.5612,10060,33
2012-07-26,4.4224,4.4915,4.3395,4.4506,19290,32.2
2012-07-27,4.6573,4.6573,4.3533,4.492,63060,32.5
2012-07-30,4.533,4.6573,4.5191,4.6579,19410,33.7
2012-07-31,4.6573,4.8232,4.6573,4.8238,34540,34.9
2012-08-01,4.7679,5.0167,4.7679,5.0173,6850,36.3
2012-08-02,5.1134,5.2654,5.0167,5.2661,9390,38.1
2012-08-03,5.1134,5.4589,5.0167,5.3905,20910,39
2012-08-06,5.528,5.528,5.1272,5.1278,7920,37.1
2012-08-07,5.3069,5.376,5.1272,5.3766,21470,38.9
2012-08-08,5.6386,5.6386,5.6386,5.639,750,27.2
2012-08-09,5.9081,5.9081,5.9081,5.9085,110,28.5
2012-08-10,6.1983,6.1983,6.1983,6.1987,3560,29.9
2012-08-13,6.4885,6.4885,6.4678,6.4682,630,31.2
2012-08-14,6.6336,6.758,6.4678,6.7585,3800,32.6
2012-08-15,7.0275,7.0275,6.4678,7.028,2650,33.9
2012-08-16,7.2348,7.2348,6.7165,7.2146,670,34.8
2012-08-17,7.2348,7.2348,7.214,7.2146,20,34.8
2012-08-21,7.0689,7.0689,7.0689,7.0694,50,34.1
2012-08-27,6.7165,7.1311,6.7165,7.1316,2490,34.4
2012-08-28,6.7787,6.7787,6.7787,6.7792,10,32.7
2012-08-29,6.447,7.0275,6.447,6.9036,25740,33.3
2012-08-30,6.9446,7.0275,6.9446,7.0072,770,33.8
2012-08-31,7.0275,7.0275,7.0067,7.0072,70,33.8
2012-09-04,7.0067,7.0067,7.0067,7.0072,500,33.8
2012-09-05,7.0275,7.0275,6.6751,6.9658,350,33.6
2012-09-06,6.9031,6.9031,6.8409,6.8414,850,33
2012-09-07,6.8409,6.9446,6.5507,6.945,400,33.5
2012-09-10,6.9031,6.9031,6.8409,6.8414,18200,33
2012-09-11,6.8202,6.8202,6.8202,6.8207,300,32.9
2012-09-12,6.6336,6.7165,6.6336,6.717,16010,32.4
2012-09-13,6.6129,6.6336,6.6129,6.6341,310,32
2012-09-14,6.6129,6.6336,6.3227,6.6341,20010,32
2012-09-17,6.8409,6.8409,6.3019,6.3024,50,30.4
2012-09-18,6.3019,6.6129,5.991,6.6133,80,31.9
2012-09-19,6.7373,6.8202,6.3019,6.3024,580,30.4
2012-09-20,5.991,6.2812,5.991,6.2402,20920,30.1
2012-09-21,6.2812,6.3019,5.9288,5.9292,740,28.6
2012-09-24,5.9288,6.1983,5.9081,6.1365,3030,29.6
2012-09-25,6.3227,6.3227,6.1983,6.1987,8370,29.9
2012-09-26,6.219,6.219,6.1154,6.1158,6270,29.5
2012-09-27,6.2812,6.2812,6.2605,6.2609,18520,30.2
2012-09-28,6.219,6.2605,6.1983,6.2194,10710,30
2012-10-01,6.1983,6.219,6.1983,6.2194,1610,30
2012-10-02,6.1983,6.219,5.9081,6.1987,2040,29.9
2012-10-03,6.1983,6.219,6.0117,6.2194,8190,30
2012-10-04,6.1983,6.219,6.1983,6.2194,20110,30
2012-10-05,6.1983,6.219,6.1983,6.2194,3730,30
2012-10-08,6.1775,6.1983,6.0117,6.1987,21900,29.9
2012-10-09,6.1775,6.1983,6.1775,6.1987,2480,29.9
2012-10-10,6.1568,6.1775,6.1154,6.178,44060,29.8
2012-10-11,6.1154,6.1154,6.0946,6.1158,9590,29.5
2012-10-12,5.991,6.3848,5.8251,6.3853,23200,30.8
2012-10-15,6.3434,6.3434,6.0739,6.3438,5460,30.6
2012-10-16,6.3434,6.3434,6.1775,6.1987,16210,29.9
2012-10-17,6.1775,6.219,6.1775,6.2194,7320,30
2012-10-18,6.219,6.3227,6.1568,6.3231,7160,30.5
2012-10-19,6.3227,6.5092,6.0946,6.4268,10350,31
2012-10-22,6.1775,6.7165,6.1361,6.717,14700,32.4
2012-10-23,6.8202,6.8202,6.8202,6.8207,17460,32.9
2012-10-24,6.53,6.8202,6.5092,6.8207,250,32.9
2012-10-25,6.6129,6.6129,6.6129,6.6133,2480,31.9
2012-10-26,6.3019,6.5507,6.3019,6.5097,6970,31.4
2012-10-29,6.219,6.4056,6.219,6.406,2110,30.9
2012-10-30,6.3227,6.6958,6.1775,6.5097,3020,31.4
2012-10-31,6.5092,6.53,6.3227,6.5097,37510,31.4
2012-11-01,6.5092,6.5092,6.5092,6.5097,200,31.4
2012-11-02,6.4056,6.4056,6.219,6.2194,590,30
2012-11-05,6.5092,6.53,6.219,6.406,65360,30.9
2012-11-06,6.5921,6.5921,6.5714,6.5926,25510,31.8
2012-11-07,6.9031,6.9031,6.7787,6.7792,510,32.7
2012-11-08,7.0275,7.0275,6.9653,6.9658,10720,33.6
2012-11-09,6.9653,6.9653,6.9653,6.9658,50,33.6
2012-11-12,6.9653,6.9653,6.9238,6.9243,13050,33.4
2012-11-13,6.9238,6.9238,6.5921,6.9036,210,33.3
2012-11-14,7.1933,7.1933,6.8409,6.8414,27120,33
2012-11-15,6.5092,6.7994,6.5092,6.717,440,32.4
2012-11-16,6.7165,6.7165,6.3848,6.3853,740,30.8
2012-11-19,6.4885,6.4885,6.219,6.489,120,31.3
2012-11-20,6.758,6.758,6.4885,6.6755,1660,32.2
2012-11-22,7.0067,7.0067,6.6751,6.6755,1550,32.2
2012-11-23,6.3641,6.6543,6.3641,6.6548,640,32.1
2012-11-26,6.6543,6.6543,6.6543,6.6548,50,32.1
2012-11-27,6.8409,6.8409,6.8409,6.8414,30,33
2012-11-28,6.5092,6.5092,6.5092,6.5097,80,31.4
2012-11-29,6.5092,6.6129,6.1983,6.5304,13140,31.5
2012-11-30,6.8409,6.8409,6.8409,6.8414,20,33
2012-12-03,7.0897,7.0897,6.5092,6.5097,30,31.4
2012-12-04,6.5092,6.5092,6.4885,6.489,36530,31.3
2012-12-05,6.1775,6.4885,6.1775,6.489,110,31.3
2012-12-06,6.1775,6.4885,6.1775,6.489,160,31.3
2012-12-07,6.7994,6.7994,6.7994,6.7999,30,32.8
2012-12-10,6.4678,6.758,6.4678,6.7585,440,32.6
2012-12-11,7.0897,7.0897,7.0897,7.0902,10,34.2
2012-12-14,6.7373,6.7373,6.7373,6.7377,80,32.5
2012-12-17,7.0482,7.0482,7.0482,7.0487,20,34
2012-12-18,6.6958,7.2348,6.6958,7.2353,38570,34.9
2012-12-26,7.2348,7.2348,6.8824,6.8829,1050,33.2
2012-12-27,6.8824,6.8824,6.5507,6.8621,690,33.1
2012-12-28,7.0482,7.0482,7.0275,7.028,48810,33.9
2013-01-02,6.6958,7.0067,6.6958,7.0072,210,33.8
2013-01-07,7.3384,7.3384,7.2555,7.2767,26130,35.1
2013-01-08,7.1726,7.1726,7.1726,7.1731,14500,34.6
2013-01-09,7.2348,7.525,6.8202,6.8207,9900,32.9
2013-01-10,7.0482,7.0482,6.6336,6.6341,190,32
2013-01-11,6.9653,6.9653,6.7373,6.7377,30010,32.5
2013-01-14,7.0482,7.0482,7.0482,7.0487,1020,34
2013-01-15,7.1311,7.1933,7.1311,7.1938,6020,34.7
2013-01-16,6.7373,7.2348,6.7373,7.2146,27570,34.8
2013-01-17,6.7165,6.7165,6.7165,6.717,10,32.4
2013-01-18,7.1519,7.1519,6.2605,6.9865,40,33.7
2013-01-21,7.4628,7.4628,6.5092,7.2353,29400,34.9
2013-01-22,6.7373,6.8616,6.7373,6.8621,110,33.1
2013-01-25,6.3848,6.8202,6.3848,6.8207,440,32.9
2013-01-28,6.8616,6.8616,6.447,6.7999,36170,32.8
2013-01-29,6.7787,6.7787,6.7787,6.7792,20000,32.7
2013-01-30,6.3227,6.6336,6.3227,6.6133,19160,31.9
2013-01-31,7.0482,7.0482,6.1568,6.4682,23700,31.2
2013-02-01,6.4056,6.4263,6.2812,6.3853,51990,30.8
2013-02-04,5.9495,6.6336,5.9495,6.6133,11110,31.9
2013-02-05,6.6129,6.6129,6.5092,6.5097,26500,31.4
2013-02-06,6.4056,6.4056,6.0739,6.406,22010,30.9
2013-02-07,6.3641,6.8409,6.3641,6.6341,55550,32
2013-02-08,6.7165,6.7165,6.3848,6.717,3120,32.4
2013-02-18,7.1519,7.1519,6.2605,6.8207,43460,32.9
2013-02-19,6.4263,6.6336,6.4263,6.6341,60,32
2013-02-20,6.219,6.219,6.1775,6.1987,3440,29.9
2013-02-21,6.219,6.219,5.8044,5.8048,50,28
2013-02-22,6.1568,6.1983,5.4105,6.178,4720,29.8
2013-02-25,6.53,6.53,5.7629,5.9914,820,28.9
2013-02-27,6.3434,6.3434,5.5764,6.3438,4730,30.6
2013-02-28,6.3434,6.758,6.3434,6.7585,20,32.6
2013-03-01,6.3227,6.3227,6.3019,6.3024,770,30.4
2013-03-04,6.6336,6.6336,6.4263,6.4268,12480,31
2013-03-05,6.3227,6.3227,6.3227,6.3231,10030,30.5
2013-03-06,6.6129,6.6129,5.8873,5.8877,460,28.4
2013-03-07,6.219,6.219,6.1154,6.1987,17510,29.9
2013-03-08,6.3227,6.3227,5.8044,6.3231,60,30.5
2013-03-11,6.3848,6.3848,6.2605,6.2609,37920,30.2
2013-03-12,6.6336,6.6336,5.8251,5.8255,1720,28.1
2013-03-13,6.1568,6.1568,6.1154,6.1158,20,29.5
2013-03-14,6.0117,6.1568,6.0117,6.1572,10010,29.7
2013-03-15,6.1568,6.1568,5.8044,6.0951,9580,29.4
2013-03-18,5.8044,5.9702,5.7215,5.7219,15030,27.6
2013-03-19,6.0117,6.0117,5.5971,5.5975,20220,27
2013-03-20,5.5971,5.7629,5.5971,5.7219,10030,27.6
2013-03-21,5.7215,5.7629,5.5971,5.7634,21050,27.8
2013-03-22,5.7215,5.7629,5.3691,5.7634,3530,27.8
2013-03-25,5.7629,5.7629,5.5971,5.639,27710,27.2
2013-03-26,5.9081,5.9081,5.8459,5.8463,20,28.2
2013-03-27,5.9081,5.9081,5.452,5.8048,920,28
2013-03-29,5.8044,5.8044,5.8044,5.8048,1510,28
2013-04-01,5.8044,5.8044,5.8044,5.8048,160,28
2013-04-02,5.5971,5.7837,5.4105,5.7634,12010,27.8
2013-04-03,5.7008,5.7008,5.7008,5.7012,500,27.5
2013-04-04,5.8044,5.8044,5.8044,5.8048,10,28
2013-04-05,5.8044,5.8044,5.8044,5.8048,180,28
2013-04-08,5.8044,6.1983,5.7837,5.7841,1230,27.9
2013-04-09,5.7837,5.7837,5.7837,5.7841,520,27.9
2013-04-10,5.9081,6.1775,5.9081,6.178,19440,29.8
2013-04-11,6.5714,6.5921,6.2397,6.2816,15640,30.3
2013-04-12,6.2812,6.5921,6.0739,6.5511,260,31.6
2013-04-15,6.0946,6.1775,6.0946,6.0951,4130,29.4
2013-04-16,6.0117,6.0946,5.9495,5.9499,180,28.7
2013-04-17,5.9495,6.0117,5.8459,5.9085,8050,28.5
2013-04-18,6.2896,6.2896,6.2567,6.2902,4060,19.1
2013-04-22,6.4214,6.4214,6.4214,6.422,10,19.5
2013-04-23,6.5531,6.5531,5.9933,6.5537,640,19.9
2013-04-24,6.1579,6.5201,6.125,6.422,1540,19.5
2013-04-25,6.4214,6.4214,6.2896,6.422,440,19.5
2013-04-26,5.9933,6.5531,5.9933,5.9939,370,18.2
2013-05-02,5.664,6.2238,5.664,6.2244,270,18.9
2013-05-03,6.125,6.2567,6.125,6.2573,21540,19
2013-05-06,6.3884,6.3884,6.3226,6.389,36070,19.4
2013-05-07,6.4543,6.4543,6.3555,6.3561,1070,19.3
2013-05-08,5.9603,5.9603,5.9603,5.9609,660,18.1
2013-05-09,6.2896,6.2896,5.9933,5.9939,15410,18.2
2013-05-10,5.9933,5.9933,5.9933,5.9939,100,18.2
2013-05-14,6.2567,6.2567,6.0921,6.0927,1050,18.5
2013-05-15,6.2896,6.2896,6.2896,6.2902,10,19.1
2013-05-16,5.8615,6.2567,5.8615,6.2573,410,19
2013-05-17,5.8286,6.6189,5.8286,6.6196,7780,20.1
2013-05-20,6.2567,6.4872,6.1579,6.2573,13420,19
2013-05-21,6.6848,6.6848,6.6848,6.6854,10,20.3
2013-05-22,6.586,7.08,6.586,7.0148,5020,21.3
2013-05-23,6.8824,6.8824,6.5531,6.8501,31010,20.8
2013-05-24,6.9153,6.9153,6.3884,6.8501,17530,20.8
2013-05-27,6.8824,6.8824,6.8824,6.883,10,20.9
2013-05-28,6.8824,6.8824,6.8824,6.883,110,20.9
2013-05-29,6.8824,6.8824,6.8824,6.883,10,20.9
2013-05-30,6.8824,6.8824,6.4214,6.7513,460,20.5
2013-05-31,6.7507,6.7507,6.2896,6.5866,220,20
2013-06-03,6.8824,6.8824,6.8824,6.883,10,20.9
2013-06-04,6.7177,6.7177,6.7177,6.7184,1020,20.4
2013-06-05,6.2567,6.6848,6.2567,6.6196,1100,20.1
2013-06-06,6.6189,6.6189,6.1579,6.5866,230,20
2013-06-07,6.8494,6.8494,6.4214,6.5866,130,20
2013-06-10,6.8165,6.8165,6.8165,6.8172,10,20.7
2013-06-11,6.8165,6.8165,6.6848,6.6854,12040,20.3
2013-06-13,6.5531,6.586,6.5531,6.5866,1850,20
2013-06-14,6.7507,6.7507,6.2567,6.2573,210,19
2013-06-17,6.5201,6.5201,6.5201,6.5208,10,19.8
2013-06-25,6.0921,6.4872,6.0921,6.3232,2030,19.2
2013-06-27,5.8945,5.8945,5.8945,5.8951,130,17.9
2013-06-28,6.125,6.125,5.4993,5.928,2990,18
2013-07-02,6.0591,6.0591,5.5322,5.5328,540,16.8
2013-07-03,5.7628,5.7628,5.7628,5.7633,240,17.5
2013-07-04,5.7628,5.7628,5.4335,5.7304,4670,17.4
2013-07-05,5.9274,5.9274,5.7628,5.7633,210,17.5
2013-07-08,5.8945,5.8945,5.8945,5.8951,900,17.9
2013-07-09,5.8945,5.8945,5.8945,5.8951,10,17.9
2013-07-10,5.5322,5.8615,5.4993,5.4999,840,16.7
2013-07-11,5.7298,5.7298,5.5322,5.5328,1410,16.8
2013-07-12,5.5981,5.5981,5.5981,5.5987,10,17
2013-07-15,5.7957,5.7957,5.4993,5.4999,230,16.7
2013-07-16,5.664,5.664,5.4993,5.4999,750,16.7
2013-07-17,5.2029,5.5322,5.2029,5.4669,530,16.6
2013-07-22,5.1042,5.4005,5.1042,5.3352,19630,16.2
2013-07-23,5.3347,5.4335,5.0054,5.3352,170,16.2
2013-07-24,5.3347,5.3347,5.1042,5.1047,16850,15.5
2013-07-25,5.0712,5.1042,4.8736,5.1047,740,15.5
2013-07-26,5.0383,5.0383,5.0383,5.0388,100,15.3
2013-07-29,4.709,5.0054,4.709,4.7424,9370,14.4
2013-07-30,4.9395,4.9395,4.7419,4.7753,2690,14.5
2013-07-31,4.8078,4.9724,4.7749,4.9071,40750,14.9
2013-08-01,4.8078,4.9395,4.709,4.9071,11480,14.9
2013-08-02,4.9066,4.9066,4.8736,4.9071,3340,14.9
2013-08-05,4.9066,5.0054,4.9066,4.94,8560,15
2013-08-06,4.9395,4.9724,4.9395,4.9729,11320,15.1
2013-08-07,4.9724,5.2359,4.9395,5.2364,27760,15.9
2013-08-08,5.1371,5.4664,5.1371,5.4011,41460,16.4
2013-08-09,5.4664,5.7628,5.4335,5.6975,53910,17.3
2013-08-12,5.7957,5.8286,5.5322,5.8292,69550,17.7
2013-08-13,5.9603,6.2238,5.9603,6.2244,61930,18.9
2013-08-14,6.4543,6.4543,6.125,6.2573,49530,19
2013-08-15,6.3555,6.3884,6.125,6.2902,46750,19.1
2013-08-16,6.2567,6.7177,6.1579,6.7184,156000,20.4
2013-08-19,7.08,7.1787,7.047,7.1794,128530,21.8
2013-08-20,7.4093,7.6727,7.2117,7.6734,258930,23.3
2013-08-21,7.9032,7.9032,7.541,7.7393,137000,23.5
2013-08-22,7.6398,7.9691,7.5739,7.7722,122770,23.6
2013-08-23,7.7056,8.2325,7.541,8.2333,137470,25
2013-08-26,8.3642,8.3642,8.0349,8.2333,75920,25
2013-08-27,8.2325,8.2984,7.6727,8.1674,90360,24.8
2013-08-28,7.6727,8.1337,7.6727,8.0686,154010,24.5
2013-08-29,8.1337,8.1666,7.9361,8.0686,98890,24.5
2013-08-30,8.0679,8.1666,7.6727,8.1674,71480,24.8
2013-09-03,8.0679,8.7265,8.0679,8.7273,246240,26.5
2013-09-04,9.0558,9.2204,8.957,9.2213,175280,28
2013-09-05,9.3851,9.8461,9.3851,9.847,164750,29.9
2013-09-06,9.9119,10.4059,9.8461,10.4069,154690,31.6
2013-09-09,11.0645,11.0645,10.5376,10.8021,204480,32.8
2013-09-10,10.5047,10.5376,10.0766,10.0776,156580,30.6
2013-09-11,9.3851,9.7473,9.3851,9.386,47430,28.5
2013-09-12,8.7594,9.5168,8.7594,9.1554,72790,27.8
2013-09-13,8.8911,9.3192,8.8911,9.2872,27380,28.2
2013-09-16,9.2863,9.7144,9.2863,9.6494,61940,29.3
2013-09-17,9.8131,10.1754,9.7473,10.1764,67750,30.9
2013-09-18,10.2742,10.34,9.4838,9.6824,40090,29.4
2013-09-19,9.2204,9.6156,9.0228,9.4518,39930,28.7
2013-09-20,9.0558,9.4509,8.8911,9.1225,34240,27.7
2013-09-23,9.1216,9.2863,9.0228,9.1884,50080,27.9
2013-09-24,9.2204,9.418,9.1875,9.2213,114850,28
2013-09-25,9.1216,9.3851,9.1216,9.353,61420,28.4
2013-09-26,9.2863,9.3851,9.0558,9.2872,42490,28.2
2013-09-27,9.2863,9.5168,9.2863,9.4189,103600,28.6
2013-09-30,8.7923,9.5826,8.7923,9.4518,80580,28.7
2013-10-01,9.4838,9.4838,9.2533,9.353,30290,28.4
2013-10-02,9.3192,9.5168,9.1545,9.5177,55340,28.9
2013-10-03,9.5168,9.6485,9.3192,9.6165,45070,29.2
2013-10-04,9.7144,9.879,9.6485,9.6494,85580,29.3
2013-10-07,10.0107,10.0107,9.4838,9.6824,92550,29.4
2013-10-08,9.6814,9.7473,9.5168,9.6824,71970,29.4
2013-10-09,9.5497,9.6485,9.4838,9.6165,57330,29.2
2013-10-10,9.6156,9.8131,9.6156,9.6165,71910,29.2
2013-10-11,9.6814,9.879,9.6814,9.7153,194280,29.5
2013-10-14,9.879,9.879,9.3851,9.6824,61080,29.4
2013-10-15,9.5497,9.8461,9.5497,9.7153,66820,29.5
2013-10-16,9.5497,9.7802,9.5168,9.7482,78490,29.6
2013-10-17,9.7473,9.8131,9.5497,9.6824,81810,29.4
2013-10-18,9.6156,9.7144,9.3851,9.6824,52750,29.4
2013-10-21,9.8131,9.8131,9.6485,9.6824,65600,29.4
2013-10-22,9.6814,9.7144,9.5497,9.6824,82120,29.4
2013-10-23,9.7144,9.7802,9.5497,9.6165,93480,29.2
2013-10-24,9.6485,9.7144,9.6485,9.6824,74620,29.4
2013-10-25,9.6814,9.7144,9.6156,9.6824,70030,29.4
2013-10-28,9.6485,9.6485,9.6156,9.6494,93550,29.3
2013-10-29,9.6485,9.7144,9.6485,9.6824,39260,29.4
2013-10-30,9.6485,9.6814,9.5826,9.6165,43720,29.2
2013-10-31,9.5826,9.6485,9.2863,9.4848,88070,28.8
2013-11-01,9.5497,9.5497,9.0887,9.5177,810,28.9
2013-11-04,9.3851,9.418,9.3192,9.353,57850,28.4
2013-11-05,9.0887,9.3521,8.9899,9.2872,77170,28.2
2013-11-06,9.3192,9.3521,9.2204,9.3201,24150,28.3
2013-11-07,9.3521,9.3521,9.2863,9.3201,62890,28.3
2013-11-08,9.3192,9.3192,9.2533,9.2872,68130,28.2
2013-11-11,9.2204,9.8131,9.2204,9.8141,81890,29.8
2013-11-12,9.5497,9.879,9.5497,9.8141,109180,29.8
2013-11-13,9.6485,9.6485,9.6156,9.6494,105510,29.3
2013-11-14,9.6485,9.6485,9.3851,9.6494,73540,29.3
2013-11-15,9.5497,9.7144,9.5497,9.7153,106790,29.5
2013-11-18,9.6814,9.7473,9.6814,9.7153,60990,29.5
2013-11-19,9.7144,9.7802,9.6814,9.7812,126210,29.7
2013-11-20,9.7802,9.8131,9.6814,9.7482,85430,29.6
2013-11-21,9.7473,9.7802,9.7473,9.7482,39460,29.6
2013-11-22,9.7473,9.8131,9.7473,9.8141,85430,29.8
2013-11-25,9.8131,9.8461,9.7473,9.847,118450,29.9
2013-11-26,9.8461,9.879,9.2863,9.847,85720,29.9
2013-11-27,9.8131,9.9119,9.8131,9.847,89050,29.9
2013-11-28,9.8131,9.8461,9.7802,9.8141,90590,29.8
2013-11-29,9.7802,9.8131,9.7144,9.8141,105570,29.8
2013-12-02,9.8131,9.8131,9.8131,9.8141,32350,29.8
2013-12-03,9.8461,10.0437,9.8131,10.0446,41650,30.5
2013-12-04,10.0437,10.0766,10.0437,10.0776,50150,30.6
2013-12-05,10.0107,10.0437,9.9119,9.9129,20520,30.1
2013-12-06,9.879,9.879,9.2533,9.2542,21150,28.1
2013-12-09,9.3851,9.3851,9.3521,9.353,21200,28.4
2013-12-10,9.3521,9.4838,9.3521,9.4848,51870,28.8
2013-12-11,9.5497,9.6156,9.5497,9.6165,35640,29.2
2013-12-12,9.5497,9.6156,9.5497,9.6165,43210,29.2
2013-12-13,9.6156,9.6485,9.5497,9.6494,50260,29.3
2013-12-16,9.5497,9.6485,9.5497,9.5836,64740,29.1
2013-12-17,9.5497,9.5826,9.5497,9.5836,45100,29.1
2013-12-18,9.5497,9.5826,9.5497,9.5506,63630,29
2013-12-19,9.5497,9.6156,9.5497,9.6165,34070,29.2
2013-12-20,9.6156,9.6814,9.6156,9.6824,20200,29.4
2013-12-23,9.6814,9.7473,9.6485,9.7482,27550,29.6
2013-12-24,9.6814,9.7473,9.6814,9.7482,30620,29.6
2013-12-25,9.7144,9.7473,9.7144,9.7482,27050,29.6
2013-12-26,9.7473,9.7802,9.7473,9.7812,29040,29.7
2013-12-27,9.7473,9.8131,9.2533,9.8141,28940,29.8
2013-12-30,9.8131,9.8131,9.7802,9.7812,23010,29.7
2013-12-31,9.7802,9.8131,9.7802,9.8141,55090,29.8
2014-01-02,9.8131,9.8461,9.8131,9.8141,27750,29.8
2014-01-03,9.8131,9.8131,9.8131,9.8141,29450,29.8
2014-01-06,9.8131,9.8131,9.7802,9.8141,40110,29.8
2014-01-07,9.7802,9.8131,9.7802,9.7812,21300,29.7
2014-01-08,9.7802,9.7802,9.7473,9.7482,11800,29.6
2014-01-09,9.7473,9.7473,9.6485,9.6494,30730,29.3
2014-01-10,9.5168,9.6814,9.4838,9.6824,35000,29.4
2014-01-13,9.6814,9.7144,9.6814,9.7153,62510,29.5
2014-01-14,9.7144,9.7473,9.7144,9.7482,50970,29.6
2014-01-15,9.7802,9.7802,9.7473,9.7812,18650,29.7
2014-01-16,9.8131,9.8461,9.7802,9.8141,14100,29.8
2014-01-17,9.8131,9.879,9.8131,9.88,53210,30
2014-01-20,9.879,9.9449,9.879,9.9458,50900,30.2
2014-01-21,9.9449,9.9778,9.9119,9.9788,50730,30.3
2014-01-22,9.9778,9.9778,9.9449,9.9788,45900,30.3
2014-01-23,9.9778,9.9778,9.8461,9.847,35800,29.9
2014-01-24,9.7473,9.9119,9.7473,9.9129,39720,30.1
2014-01-27,9.9119,9.9119,9.879,9.9129,38150,30.1
2014-02-06,9.879,9.9449,9.879,9.9458,90600,30.2
2014-02-07,9.9449,9.9778,9.879,9.9788,68690,30.3
2014-02-10,9.8461,9.9119,9.8461,9.9129,73570,30.1
2014-02-11,9.9119,10.0437,9.9119,10.0446,75050,30.5
2014-02-12,10.7352,10.7352,10.1754,10.4728,63200,31.8
2014-02-13,10.4717,10.5047,10.2083,10.4728,60520,31.8
2014-02-14,10.4717,10.5047,10.2412,10.4398,33550,31.7
2014-02-17,10.4717,10.4717,9.9449,10.3081,37510,31.3
2014-02-18,9.9449,10.3071,9.879,10.2093,53950,31
2014-02-19,10.2083,10.2412,10.0437,10.2422,52610,31.1
2014-02-20,10.2412,10.2412,10.0437,10.1764,56810,30.9
2014-02-21,10.1424,10.1754,10.1095,10.1764,49130,30.9
2014-02-24,10.1754,10.2412,10.1424,10.2093,62310,31
2014-02-25,10.1754,10.2412,10.0437,10.2093,68130,31
2014-02-26,10.1754,10.2083,10.1424,10.1764,61120,30.9
2014-02-27,10.1424,10.1754,10.0437,10.0776,76430,30.6
2014-02-28,10.0766,10.0766,10.0437,10.0776,63050,30.6
2014-03-03,10.0766,10.0766,10.0107,10.0446,101290,30.5
2014-03-04,9.9778,10.0107,9.9119,9.9458,100010,30.2
2014-03-05,9.9449,10.0107,9.879,10.0117,97250,30.4
2014-03-06,10.0107,10.1754,9.9778,10.1764,105040,30.9
2014-03-07,10.1424,10.2083,10.1095,10.1434,87850,30.8
2014-03-10,10.1424,10.1754,10.1095,10.1434,81960,30.8
2014-03-11,10.1095,10.1424,10.0766,10.1105,101400,30.7
2014-03-12,10.0766,10.1754,10.0766,10.1434,84070,30.8
2014-03-13,10.1095,10.1424,10.0766,10.1105,87190,30.7
2014-03-14,10.0766,10.1754,10.0437,10.1764,100980,30.9
2014-03-17,10.1754,10.2412,10.0107,10.2422,108980,31.1
2014-03-18,10.1754,10.373,10.1754,10.374,119020,31.5
2014-03-19,10.3071,10.4388,10.2083,10.4398,117910,31.7
2014-03-20,10.4059,10.5047,10.373,10.4069,143150,31.6
2014-03-21,9.9119,10.5376,9.9119,10.5386,91380,32
2014-03-24,10.5376,10.7023,10.5376,10.7033,115340,32.5
2014-03-25,10.5705,10.7352,10.5705,10.7033,110680,32.5
2014-03-26,10.5705,10.7352,10.5376,10.7033,107110,32.5
2014-03-27,10.5047,10.7352,10.5047,10.7362,103310,32.6
2014-03-28,10.5376,10.7681,10.5376,10.6704,107860,32.4
2014-03-31,10.6693,10.6693,9.9449,10.6374,159360,32.3
2014-04-01,10.6035,10.6035,10.5047,10.6045,101500,32.2
2014-04-02,10.6364,10.6693,10.5047,10.5386,108410,32
2014-04-03,10.5376,10.5705,10.5047,10.5386,75760,32
2014-04-04,10.373,10.5376,10.1424,10.5386,93840,32
2014-04-07,10.4717,10.6364,10.4717,10.6045,109680,32.2
2014-04-08,10.801,10.801,10.4717,10.4728,101950,31.8
2014-04-10,10.5047,10.5376,10.4717,10.4728,43250,31.8
2014-04-11,10.4388,10.4388,10.373,10.4069,37160,31.6
2014-04-14,10.4717,10.4717,10.4059,10.4398,52630,31.7
2014-04-15,10.34,10.4059,10.2742,10.4069,31100,31.6
2014-04-16,10.373,10.4059,10.3071,10.341,34610,31.4
2014-04-17,10.34,10.34,10.3071,10.341,38940,31.4
2014-04-18,10.3071,10.34,10.3071,10.3081,44370,31.3
2014-04-21,10.3071,10.3071,10.2412,10.2752,25050,31.2
2014-04-22,10.2742,10.6693,10.2742,10.6704,32200,32.4
2014-04-23,10.6364,10.6693,10.6035,10.6704,36870,32.4
2014-04-24,10.6693,10.7023,10.1754,10.2752,28290,31.2
2014-04-25,10.373,10.5047,10.373,10.5057,24350,31.9
2014-04-28,10.2083,10.7023,10.2083,10.7033,12800,32.5
2014-04-29,10.1095,10.6693,10.1095,10.6704,5060,32.4
2014-05-05,10.6364,10.6364,10.5705,10.6045,15410,32.2
2014-05-06,10.6035,10.6035,10.5047,10.5386,20900,32
2014-05-07,10.5376,10.5376,10.373,10.4069,21720,31.6
2014-05-08,9.8461,10.5376,9.6814,10.5057,16070,31.9
2014-05-09,10.5047,10.5047,10.5047,10.5057,10110,31.9
2014-05-12,10.5376,10.5376,10.5376,10.5386,14810,32
2014-05-13,10.5376,10.5376,10.5376,10.5386,16000,32
2014-05-14,10.5376,10.5376,10.5376,10.5386,14000,32
2014-05-15,10.5376,10.5376,10.4717,10.5057,15730,31.9
2014-05-16,10.4717,10.4717,10.4388,10.4728,11510,31.8
2014-05-19,10.373,10.4059,10.3071,10.4069,18020,31.6
2014-05-20,10.4059,10.4717,10.4059,10.4728,29230,31.8
2014-05-21,10.4717,11.1633,10.0437,11.1644,34040,33.9
2014-05-22,11.0316,11.5914,10.4059,11.5925,41510,35.2
2014-05-23,11.5255,11.6902,11.5255,11.5925,21180,35.2
2014-05-26,11.0645,11.5914,11.0645,11.5266,25640,35
2014-05-27,11.1633,12.1841,11.1633,12.1853,21730,37
2014-05-28,11.8548,12.1512,11.6902,11.856,39040,36
2014-05-29,11.7231,11.9536,11.5914,11.7572,57720,35.7
2014-05-30,11.5255,11.9207,11.4267,11.856,32290,36
2014-06-02,11.8548,11.9865,11.756,11.7901,57270,35.8
2014-06-03,11.756,12.0195,11.6902,11.823,63190,35.9
2014-06-04,11.8548,11.9207,11.7231,11.7242,58130,35.6
2014-06-05,11.6902,12.1512,11.6572,12.1524,83300,36.9
2014-06-06,11.9865,12.3158,11.7889,12.2841,83730,37.3
2014-06-09,11.4267,11.4267,11.4267,11.4278,122770,34.7
2014-06-10,10.6364,10.6364,10.6364,10.6374,33620,32.3
2014-06-11,9.9119,9.9119,9.9119,9.9129,40330,30.1
2014-06-12,9.2204,9.2204,9.2204,9.2213,33720,28
2014-06-13,8.5947,8.5947,8.5947,8.5956,353700,26.1
2014-06-16,8.002,8.002,8.002,8.0028,107340,24.3
2014-06-17,7.4422,8.5618,7.4422,8.5626,583200,26
2014-06-18,8.3313,8.5947,8.3313,8.5626,358180,26
2014-06-19,8.3972,8.463,8.0679,8.4638,409140,25.7
2014-06-20,8.2325,8.2325,7.9032,7.904,390460,24
2014-06-23,7.5739,7.7715,7.3763,7.377,214360,22.4
2014-06-24,7.4751,7.7715,7.4422,7.6405,395590,23.2
2014-06-25,7.6727,7.8044,7.6068,7.6734,194420,23.3
2014-06-26,7.7056,7.7056,7.4751,7.5417,258800,22.9
2014-06-27,7.4093,7.541,7.3105,7.4429,189400,22.6
2014-06-30,7.4751,7.6398,7.4093,7.5746,337980,23
2014-07-01,7.6398,7.6727,7.4751,7.6076,275360,23.1
2014-07-02,7.5739,7.5739,7.08,7.2453,501900,22
2014-07-03,7.3105,7.4093,7.2446,7.2782,300100,22.1
2014-07-04,7.3105,7.3105,6.8824,7.2782,555660,22.1
2014-07-07,7.3434,7.7715,7.3434,7.7722,782150,23.6
2014-07-08,7.8703,7.9691,7.8703,7.904,522590,24
2014-07-09,8.002,8.002,7.6068,7.6076,461460,23.1
2014-07-10,7.5739,7.5739,7.2446,7.41,494180,22.5
2014-07-11,7.4422,7.7056,7.4093,7.5746,683740,23
2014-07-14,7.6398,7.7386,7.6398,7.6734,563630,23.3
2014-07-15,7.7056,7.7056,7.4751,7.5746,308790,23
2014-07-16,7.6398,7.6727,7.4093,7.4758,421440,22.7
2014-07-17,7.4093,7.4422,7.2775,7.3441,421380,22.3
2014-07-18,7.3434,7.4093,7.047,7.41,577780,22.5
2014-07-21,7.3763,7.4093,7.047,7.1465,441150,21.7
2014-07-22,6.8824,7.2117,6.7177,7.1794,784810,21.8
2014-07-23,7.6419,7.6419,7.3814,7.469,640450,17.2
2014-07-24,7.4248,7.5551,7.2511,7.5559,494460,17.4
2014-07-25,7.5551,7.5551,7.338,7.3388,383130,16.9
2014-07-28,7.2946,7.3814,6.8604,6.8611,526730,15.8
2014-07-29,6.7735,6.9906,6.6433,6.9045,492430,15.9
2014-07-30,6.9038,6.9472,6.8604,6.9045,269440,15.9
2014-07-31,6.9472,7.1643,6.9472,7.1651,342440,16.5
2014-08-01,7.034,7.1643,7.034,7.1651,370760,16.5
2014-08-04,7.1643,7.1643,7.034,7.1651,331610,16.5
2014-08-05,7.2077,7.5985,7.2077,7.5559,1140240,17.4
2014-08-06,7.7288,7.859,7.6853,7.773,1080040,17.9
2014-08-07,7.5985,7.7288,7.5985,7.6862,388940,17.7
2014-08-08,7.6419,7.6853,7.4248,7.5993,701420,17.5
2014-08-11,7.6419,7.8156,7.6419,7.8164,1102850,18
2014-08-12,7.9024,8.0761,7.859,8.0336,1427530,18.5
2014-08-13,7.9893,8.1195,7.8156,8.077,864760,18.6
2014-08-14,8.0327,8.0761,7.859,7.9467,876960,18.3
2014-08-15,7.9893,7.9893,7.8156,7.8599,620420,18.1
2014-08-18,7.9024,7.9024,7.6419,7.6427,1005230,17.6
2014-08-19,7.5985,7.7722,7.5985,7.6427,796350,17.6
2014-08-20,7.6853,7.8156,7.5985,7.773,672400,17.9
2014-08-21,7.7288,7.7722,7.5985,7.6862,867700,17.7
2014-08-22,7.6853,7.7722,7.6419,7.6862,552640,17.7
2014-08-25,7.7288,7.7722,7.6419,7.6427,901870,17.6
2014-08-26,7.6853,7.7722,7.5985,7.7296,660060,17.8
2014-08-27,7.7288,7.7288,7.5985,7.6427,491150,17.6
2014-08-28,7.6853,7.6853,7.6419,7.6862,399450,17.7
2014-08-29,7.7288,7.8156,7.6853,7.773,965390,17.9
2014-09-03,7.8156,7.859,7.7722,7.8164,667340,18
2014-09-04,7.8156,8.2498,7.7722,8.077,1123810,18.6
2014-09-05,8.1195,8.3801,8.1195,8.3375,3063040,19.2
2014-09-08,8.4235,8.9011,8.4235,8.9021,879860,20.5
2014-09-09,9.3353,9.4221,8.5537,8.5981,2411150,19.8
2014-09-10,8.3801,8.6406,8.0761,8.5547,1415380,19.7
2014-09-11,8.5537,8.8577,8.5103,8.6849,873400,20
2014-09-12,8.5972,8.8577,8.5103,8.8152,999320,20.3
2014-09-15,8.8143,8.8577,8.5537,8.5547,894030,19.7
2014-09-16,8.4235,8.5103,8.2064,8.5112,932720,19.6
2014-09-17,8.4669,8.5537,8.163,8.3375,1168590,19.2
2014-09-18,8.163,8.2498,7.7722,7.773,1122470,17.9
2014-09-19,7.7288,7.9893,7.6419,7.773,439580,17.9
2014-09-22,7.9024,7.9024,7.3814,7.3822,610840,17
2014-09-23,7.4248,7.5551,7.338,7.3388,570370,16.9
2014-09-24,7.4248,7.5117,7.338,7.3822,326680,17
2014-09-25,7.5117,7.7288,7.4248,7.6862,383540,17.7
2014-09-26,7.7722,7.7722,7.5551,7.5559,416970,17.4
2014-09-29,7.4682,7.5985,7.4248,7.5559,191920,17.4
2014-09-30,7.5551,7.5551,7.4248,7.4256,525850,17.1
2014-10-01,7.5117,7.6853,7.5117,7.5993,392760,17.5
2014-10-02,7.6419,7.6853,7.5985,7.6427,325150,17.6
2014-10-03,7.5551,7.859,7.5551,7.773,756910,17.9
2014-10-06,7.7722,8.2932,7.7722,8.2507,791450,19
2014-10-07,8.2498,8.3801,8.0327,8.0336,578770,18.5
2014-10-08,8.0327,8.0761,7.8156,7.9033,682810,18.2
2014-10-09,7.9459,8.0327,7.7288,7.773,505530,17.9
2014-10-10,7.7722,7.8156,7.6419,7.6427,460190,17.6
2014-10-13,7.5551,7.6419,7.5117,7.6427,361160,17.6
2014-10-14,7.6853,7.7288,7.5985,7.5993,323120,17.5
2014-10-15,7.5551,7.5985,7.4248,7.5993,1000020,17.5
2014-10-16,7.5985,7.6419,7.338,7.3822,986990,17
2014-10-17,7.4248,7.5117,7.2946,7.3822,1095180,17
2014-10-20,7.5117,7.7288,7.5117,7.6427,1422070,17.6
2014-10-21,7.6419,7.7288,7.5117,7.5559,628200,17.4
2014-10-22,7.5551,7.8156,7.5117,7.773,2152480,17.9
2014-10-23,7.7288,7.859,7.5117,7.5559,2177300,17.4
2014-10-24,7.5117,7.5985,7.4248,7.5125,489150,17.3
2014-10-27,7.3814,7.5117,7.0775,7.1216,731190,16.4
2014-10-28,7.0775,7.2511,6.8169,7.2085,947380,16.6
2014-10-29,7.2511,7.4248,7.2511,7.3822,1069840,17
2014-10-30,7.2511,7.3814,7.2077,7.2085,708050,16.6
2014-10-31,7.2511,7.3814,7.2077,7.3822,745180,17
2014-11-03,7.4682,7.7722,7.4682,7.773,5034490,17.9
2014-11-04,7.7722,8.0761,7.7722,7.9033,3123380,18.2
2014-11-05,7.859,7.9893,7.6419,7.8164,1792240,18
2014-11-06,7.8156,7.859,7.6853,7.773,1295540,17.9
2014-11-07,7.7288,7.9459,7.5985,7.8599,2611910,18.1
2014-11-10,7.9024,7.9893,7.8156,7.8164,1607040,18
2014-11-11,7.8156,7.8156,7.6853,7.6862,1193120,17.7
2014-11-12,7.7288,7.8156,7.6419,7.7296,880700,17.8
2014-11-13,7.7722,7.9893,7.7722,7.773,1040380,17.9
2014-11-14,7.7722,7.8156,7.6419,7.7296,1189750,17.8
2014-11-17,7.7288,7.859,7.7288,7.7296,990970,17.8
2014-11-18,7.7722,8.1195,7.7288,7.9901,3148120,18.4
2014-11-19,8.0327,8.0761,7.8156,7.8599,1249950,18.1
2014-11-20,7.9459,7.9459,7.859,7.9033,496140,18.2
2014-11-21,7.9024,8.2064,7.859,7.9467,2352660,18.3
2014-11-24,7.9459,7.9459,7.7288,7.8599,1168630,18.1
2014-11-25,7.9024,7.9459,7.8156,7.9033,818410,18.2
2014-11-26,7.9459,7.9893,7.6853,7.6862,1379160,17.7
2014-11-27,7.6419,7.7722,7.5985,7.773,969310,17.9
2014-11-28,7.7722,7.9459,7.7288,7.9033,913440,18.2
2014-12-01,7.9024,7.9459,7.859,7.9467,694560,18.3
2014-12-02,7.9893,8.0327,7.9024,8.0336,993730,18.5
2014-12-03,8.163,8.4669,8.163,8.381,2175950,19.3
2014-12-04,8.4235,8.4235,8.2064,8.381,1231580,19.3
2014-12-05,8.3801,8.5972,8.3366,8.5112,2414760,19.6
2014-12-08,8.7274,8.8577,8.5537,8.6415,3338230,19.9
2014-12-09,8.5103,8.684,8.0761,8.1204,2270550,18.7
2014-12-10,8.1195,8.3801,7.9893,8.381,1028490,19.3
2014-12-11,8.2498,8.5537,8.163,8.381,1374780,19.3
2014-12-12,8.3801,8.9011,8.3366,8.9021,2629490,20.5
2014-12-15,8.9011,8.9011,8.5537,8.5547,2410660,19.7
2014-12-16,8.5537,8.5537,8.0761,8.077,2955270,18.6
2014-12-17,8.1195,8.163,7.5117,7.7296,3169560,17.8
2014-12-18,7.7722,8.0327,7.6853,7.9033,1005140,18.2
2014-12-19,7.859,7.9024,7.4682,7.5125,1696650,17.3
2014-12-22,7.5117,7.5551,7.2946,7.5559,1007450,17.4
2014-12-23,7.5117,7.6419,7.2946,7.3822,838580,17
2014-12-24,7.4682,7.6853,7.4682,7.6427,1057780,17.6
2014-12-25,7.5551,7.6419,7.4682,7.5559,550490,17.4
2014-12-26,7.5117,7.5551,7.338,7.3822,974690,17
2014-12-29,7.4248,7.5117,7.0775,7.1651,648220,16.5
2014-12-30,7.1643,7.4248,6.9906,7.3822,845120,17
2014-12-31,7.4248,7.6853,7.3814,7.5559,714880,17.4
2015-01-05,7.5551,7.8156,7.5551,7.6427,778650,17.6
2015-01-06,7.4682,7.7722,7.4682,7.7296,641320,17.8
2015-01-07,7.7288,7.859,7.6853,7.6862,1128730,17.7
2015-01-08,7.6853,7.7288,7.5985,7.6862,768160,17.7
2015-01-09,7.6853,7.7288,7.5985,7.6862,507770,17.7
2015-01-12,7.6853,7.9459,7.6853,7.6862,971870,17.7
2015-01-13,7.6853,7.9459,7.5985,7.8599,2126600,18.1
2015-01-14,7.9893,7.9893,7.7288,7.773,1140460,17.9
2015-01-15,7.7722,7.9024,7.6853,7.8164,730950,18
2015-01-16,7.8156,7.859,7.6419,7.6862,804090,17.7
2015-01-19,7.7722,7.859,7.6419,7.6862,866150,17.7
2015-01-20,7.7288,7.8156,7.6853,7.773,546350,17.9
2015-01-21,7.8156,7.9024,7.7288,7.773,680410,17.9
2015-01-22,7.7288,7.7722,7.6853,7.7296,689010,17.8
2015-01-23,7.7288,7.9024,7.6853,7.8599,1052640,18.1
2015-01-26,7.9024,8.2064,7.859,8.2073,1287990,18.9
2015-01-27,8.2064,8.3366,7.859,7.9901,1377620,18.4
2015-01-28,8.0327,8.163,7.9893,8.077,965270,18.6
2015-01-29,8.0761,8.0761,7.859,7.9467,756090,18.3
2015-01-30,7.9459,7.9459,7.6853,7.6862,943540,17.7
2015-02-02,7.6419,7.6853,7.4248,7.4256,557870,17.1
2015-02-03,7.4682,7.5551,7.2077,7.2085,721910,16.6
2015-02-04,7.2077,7.4682,7.1643,7.469,916390,17.2
2015-02-05,7.4682,7.5551,7.3814,7.3822,296960,17
2015-02-06,7.3814,7.5551,7.3814,7.4256,282110,17.1
2015-02-09,7.4248,7.4682,7.338,7.3388,431400,16.9
2015-02-10,7.338,7.5117,7.338,7.4256,539930,17.1
2015-02-11,7.4682,7.5551,7.4248,7.5559,269280,17.4
2015-02-12,7.5551,7.859,7.5551,7.6862,862060,17.7
2015-02-13,7.6853,7.859,7.6853,7.773,377640,17.9
2015-02-24,7.8156,7.9459,7.7722,7.9467,510880,18.3
2015-02-25,7.9459,8.0761,7.859,7.9033,932470,18.2
2015-02-26,7.859,7.9024,7.7288,7.8164,462880,18
2015-02-27,7.9459,7.9459,7.8156,7.8599,547560,18.1
2015-03-02,7.9893,8.2064,7.9893,8.077,1602820,18.6
2015-03-03,8.0761,8.4235,8.0761,8.4244,1368580,19.4
2015-03-04,8.4669,8.5537,8.2498,8.381,1420750,19.3
2015-03-05,8.3801,8.4235,8.2932,8.3375,2388970,19.2
2015-03-06,8.6671,8.7679,8.5159,8.6174,1487240,17.1
2015-03-09,8.5663,8.6167,8.3144,8.4662,926180,16.8
2015-03-10,8.4151,8.5663,8.3647,8.567,693900,17
2015-03-11,8.5663,8.5663,8.3647,8.4158,481960,16.7
2015-03-12,8.4151,8.4151,8.3144,8.3654,716770,16.6
2015-03-13,8.4655,8.4655,8.264,8.2646,664960,16.4
2015-03-16,8.2136,8.264,8.1128,8.1639,658350,16.2
2015-03-17,8.1632,8.4151,8.1632,8.4158,635450,16.7
2015-03-18,8.4151,8.4655,8.3647,8.4158,788560,16.7
2015-03-19,8.4151,8.6671,8.3647,8.567,1355520,17
2015-03-20,8.5159,8.6671,8.4655,8.567,673680,17
2015-03-23,8.5159,8.7679,8.5159,8.567,1115660,17
2015-03-24,8.5159,8.7175,8.4151,8.7182,1282810,17.3
2015-03-25,8.8183,9.0198,8.7679,8.8694,1620850,17.6
2015-03-26,8.8686,8.919,8.8183,8.8694,469250,17.6
2015-03-27,8.8183,8.8686,8.6671,8.6678,989460,17.2
2015-03-30,8.6167,8.6671,8.3647,8.3654,1027260,16.6
2015-03-31,8.3647,8.5663,8.3647,8.4158,320960,16.7
2015-04-01,8.3647,8.6671,8.3647,8.5166,1046310,16.9
2015-04-02,8.5159,8.7679,8.5159,8.7686,507060,17.4
2015-04-03,8.7679,8.8686,8.7175,8.7182,493210,17.3
2015-04-06,8.7679,9.0198,8.7175,8.819,2353370,17.5
2015-04-07,8.8183,8.9694,8.7175,8.8694,863020,17.6
2015-04-08,8.919,9.2214,8.8183,9.1717,2067330,18.2
2015-04-09,9.171,9.6749,9.171,9.6253,2113970,19.1
2015-04-10,9.6749,9.6749,9.3725,9.3733,1555350,18.6
2015-04-13,9.2718,9.4229,9.0702,9.1213,1253130,18.1
2015-04-14,9.1206,9.2718,9.0702,9.1213,856050,18.1
2015-04-15,9.171,9.5237,9.171,9.5245,2513800,18.9
2015-04-16,9.5741,10.1284,9.5741,9.8269,6810940,19.5
2015-04-17,9.9268,10.4811,9.8764,10.4316,5412090,20.7
2015-04-20,10.2796,10.5315,10.0276,10.4316,6262800,20.7
2015-04-21,10.4811,10.6323,10.078,10.2804,3630990,20.4
2015-04-22,10.33,10.4811,10.078,10.3812,3016600,20.6
2015-04-23,10.3803,10.4307,9.9772,10.0788,3336630,20
2015-04-24,10.078,10.33,9.6749,10.1796,4258610,20.2
2015-04-27,10.2292,10.2796,10.1284,10.1796,1409800,20.2
2015-05-04,10.2796,10.2796,9.4733,9.6757,3570210,19.2
2015-05-05,9.5741,10.0276,9.171,10.0284,5181740,19.9
2015-05-06,10.1788,10.3803,10.1284,10.3812,9227180,20.6
2015-05-07,10.2796,11.0858,10.2796,11.0867,3729080,22
2015-05-08,11.2874,11.2874,10.7835,10.7843,2471750,21.4
2015-05-11,10.7835,11.4889,10.7835,11.4899,2577360,22.8
2015-05-12,11.6905,12.0432,11.237,11.641,2176830,23.1
2015-05-13,11.6905,11.9928,11.4889,11.8426,1560450,23.5
2015-05-14,11.7913,12.6479,11.7409,12.2458,2470970,24.3
2015-05-15,12.2448,12.2952,11.8417,11.8426,2166530,23.5
2015-05-18,11.8417,11.9928,11.3378,11.4899,2077460,22.8
2015-05-19,11.6401,12.2448,11.5897,12.2458,4276860,24.3
2015-05-20,12.5975,13.051,12.4463,12.6489,2462720,25.1
2015-05-21,12.4463,12.7991,12.3959,12.6489,2047690,25.1
2015-05-22,12.6479,13.3534,12.6479,13.1025,3010110,26
2015-05-25,13.2526,14.0084,13.1518,14.0096,2367790,27.8
2015-05-26,14.1092,14.7643,13.9076,14.1104,2624500,28
2015-05-27,13.958,14.4619,13.8573,14.4631,2794880,28.7
2015-05-28,14.7139,14.9658,14.0084,14.0096,2409320,27.8
2015-05-29,14.1092,14.5123,13.6557,13.8584,3196450,27.5
2015-06-01,13.9076,14.5123,13.9076,14.3119,1721340,28.4
2015-06-02,14.5627,14.8147,14.3108,14.7151,1827040,29.2
2015-06-03,14.7139,15.3186,14.7139,15.1182,2335150,30
2015-06-04,15.2682,15.7721,15.2178,15.2694,2464250,30.3
2015-06-05,15.2178,15.4193,14.8147,14.9167,2944910,29.6
2015-06-08,14.6635,15.9232,14.3612,15.3702,3983370,30.5
2015-06-09,15.2682,15.6713,14.3108,14.3119,5855360,28.4
2015-06-10,14.0588,14.0588,13.3534,13.3544,4444070,26.5
2015-06-11,12.8495,13.5045,12.6479,13.3544,4658150,26.5
2015-06-12,13.4037,13.6053,12.9502,13.3544,2257240,26.5
2015-06-15,13.4037,13.8573,13.3534,13.6064,2361790,27
2015-06-16,13.5045,13.5549,13.0006,13.0017,2852190,25.8
2015-06-17,12.8495,13.5549,12.6983,13.2537,2858680,26.3
2015-06-18,13.4037,13.4037,12.8495,13.1025,1984540,26
2015-06-19,13.1014,13.1014,12.8495,12.8505,1802190,25.5
2015-06-22,12.6983,13.2022,12.6983,13.0017,2426800,25.8
2015-06-23,13.1518,13.1518,13.0006,13.0521,1884120,25.9
2015-06-24,13.1014,13.303,13.1014,13.1025,1900050,26
2015-06-25,13.1518,13.2022,12.5975,13.2033,2440310,26.2
2015-06-26,13.303,13.4541,13.0006,13.0017,2462520,25.8
2015-06-29,12.8495,12.9502,12.6983,12.7497,1705490,25.3
2015-06-30,12.6983,12.6983,11.892,11.893,4009810,23.6
2015-07-01,11.0858,11.0858,11.0858,11.0867,594620,22
2015-07-02,10.33,10.33,10.33,10.3308,163580,20.5
2015-07-03,9.6245,10.985,9.6245,10.8347,7672070,21.5
2015-07-06,11.0858,11.5897,11.0858,11.5907,1912480,23
2015-07-07,11.6401,12.144,11.4385,11.5403,2559340,22.9
2015-07-08,11.2874,11.4385,10.7835,10.9355,3309830,21.7
2015-07-09,10.6827,10.8842,10.1788,10.8347,2351200,21.5
2015-07-10,10.8842,11.0858,10.7835,10.7843,980350,21.4
2015-07-13,10.7835,10.7835,10.078,10.0788,1988510,20
2015-07-14,9.5741,10.3803,9.3725,9.8269,4986050,19.5
2015-07-15,10.0276,10.2292,9.9772,10.23,1929580,20.3
2015-07-16,10.1788,10.5315,10.1284,10.4316,1639730,20.7
2015-07-17,10.2796,10.5819,10.1788,10.482,1866300,20.8
2015-07-20,10.4811,10.5819,10.1788,10.1796,1253600,20.2
2015-07-21,10.2796,10.4307,10.1284,10.3308,1707500,20.5
2015-07-22,10.2796,10.4811,10.2292,10.482,1463850,20.8
2015-07-23,10.5819,10.7835,10.5819,10.6332,2383340,21.1
2015-07-24,10.5819,10.7835,10.5315,10.7843,1717140,21.4
2015-07-27,10.8339,11.4889,10.8339,11.4899,2088920,22.8
2015-07-28,11.7913,12.0432,11.4889,11.4899,2169470,22.8
2015-07-29,11.4889,11.6905,11.0858,11.0867,2111370,22
2015-07-30,11.1866,11.3378,11.0858,11.2379,1272860,22.3
2015-07-31,11.3378,11.4889,11.237,11.2379,1273750,22.3
2015-08-03,11.0354,11.0354,10.5819,10.5828,1860660,21
2015-08-04,10.6323,10.8842,10.5819,10.7843,954820,21.4
2015-08-05,11.0858,11.1866,10.8842,11.0867,1169540,22
2015-08-06,11.1362,11.1866,10.8842,10.9859,1633770,21.8
2015-08-07,10.985,11.0354,10.7835,10.8347,946500,21.5
2015-08-10,10.9346,11.237,10.8842,11.0867,1422920,22
2015-08-11,11.1866,11.237,10.9346,11.0363,1240360,21.9
2015-08-12,11.0354,11.0858,10.6827,11.0867,1445620,22
2015-08-13,11.237,11.3378,10.8842,11.1875,3875440,22.2
2015-08-14,11.1362,11.1866,10.8842,10.8851,1047020,21.6
2015-08-17,10.985,10.985,10.33,10.3308,1201030,20.5
2015-08-18,10.2292,10.3803,9.8764,9.8773,2231060,19.6
2015-08-19,9.8764,10.0276,9.8261,10.0284,2157090,19.9
2015-08-20,10.078,10.078,9.5741,9.6757,1048550,19.2
2015-08-21,9.6749,9.6749,9.0198,9.1717,2589660,18.2
2015-08-24,8.8686,8.9694,8.5663,8.567,1855340,17
2015-08-25,8.012,8.6671,8.012,8.315,3751090,16.5
2015-08-26,8.8293,8.8952,8.6975,8.8954,1777300,13.5
2015-08-27,9.2905,9.4882,9.2905,9.4884,652780,14.4
2015-08-28,10.0812,10.1471,9.6858,10.1474,3030200,15.4
2015-08-31,10.0812,10.4106,9.7517,10.2791,1989430,15.6
2015-09-01,10.2788,10.4765,10.213,10.4109,1081870,15.8
2015-09-03,10.1471,10.3447,9.8835,10.0156,1480710,15.2
2015-09-04,10.1471,10.4106,10.1471,10.345,1603380,15.7
2015-09-07,10.213,10.3447,10.0153,10.1474,983590,15.4
2015-09-08,10.0812,10.3447,10.0153,10.2791,1612950,15.6
2015-09-09,10.4106,10.4765,9.8176,9.8179,2112910,14.9
2015-09-10,9.7517,9.8176,9.4882,9.752,1274340,14.8
2015-09-11,9.7517,9.9494,9.7517,9.8838,885040,15
2015-09-14,9.8835,10.0153,9.6199,9.6202,876750,14.6
2015-09-15,9.6199,9.6858,9.4223,9.5543,791070,14.5
2015-09-16,9.5541,9.6858,9.2905,9.6861,1560700,14.7
2015-09-17,9.6858,9.9494,9.6858,9.8838,1679170,15
2015-09-18,9.9494,10.0812,9.9494,10.0156,1584600,15.2
2015-09-21,10.0153,10.0812,9.8176,10.0156,1274220,15.2
2015-09-22,10.0812,10.3447,10.0153,10.2791,3426580,15.6
2015-09-23,10.213,10.5424,10.0812,10.5427,2551310,16
2015-09-24,10.5424,10.7401,10.5424,10.6086,2092460,16.1
2015-09-25,10.3447,10.4765,10.213,10.4768,3090460,15.9
2015-09-28,10.5424,10.6742,10.4765,10.6745,2208570,16.2
2015-09-29,10.6083,10.6742,10.4106,10.5427,1325180,16
2015-09-30,10.6083,11.0036,10.5424,10.8722,4580780,16.5
2015-10-01,10.9377,11.1354,10.9377,11.0698,2084560,16.8
2015-10-02,11.2013,11.2013,10.9377,11.1357,2163510,16.9
2015-10-05,11.2013,11.2672,11.0695,11.2675,2649340,17.1
2015-10-06,11.3331,11.8602,10.806,11.8605,3928970,18
2015-10-07,11.7943,11.992,11.5308,11.597,1846700,17.6
2015-10-08,11.5308,11.6625,11.2672,11.6629,1728040,17.7
2015-10-09,11.7284,11.7284,11.1354,11.1357,2361220,16.9
2015-10-12,11.0695,11.2672,10.9377,11.2016,839970,17
2015-10-13,11.0695,11.2013,11.0695,11.2016,474820,17
2015-10-14,11.0695,11.2013,11.0695,11.0698,517190,16.8
2015-10-15,11.0695,11.4649,11.0695,11.3993,1275360,17.3
2015-10-16,11.2672,11.5308,11.2013,11.2675,1201500,17.1
2015-10-19,11.2672,11.3331,11.0695,11.3334,1635340,17.2
2015-10-20,11.2672,11.3331,10.806,11.3334,4880400,17.2
2015-10-21,11.3331,11.7943,11.3331,11.6629,5343350,17.7
2015-10-22,11.7284,12.1897,11.5308,12.19,3897470,18.5
2015-10-23,12.1897,12.2555,11.992,11.9923,2389230,18.2
2015-10-26,11.992,12.1238,11.7284,11.7288,2720750,17.8
2015-10-27,11.5966,11.992,11.5966,11.9264,2148030,18.1
2015-10-28,11.992,12.5191,11.992,12.19,2216760,18.5
2015-10-29,12.3214,12.3873,12.0579,12.1241,1556040,18.4
2015-10-30,12.1238,12.1897,11.9261,11.9264,1637960,18.1
2015-11-02,11.9261,12.0579,11.5308,11.5311,2132580,17.5
2015-11-03,11.4649,11.6625,11.3331,11.597,1586900,17.6
2015-11-04,11.5966,11.6625,11.1354,11.1357,2515000,16.9
2015-11-05,11.0695,11.399,11.0695,11.2675,1183580,17.1
2015-11-06,11.2672,11.3331,10.806,11.2675,1334830,17.1
2015-11-09,11.2013,11.2672,11.0036,11.2016,708800,17
2015-11-10,11.0695,11.1354,10.806,11.004,944500,16.7
2015-11-11,11.0036,11.1354,10.8719,11.0698,993960,16.8
2015-11-12,10.6742,10.9377,10.5424,10.9381,9157770,16.6
2015-11-13,11.0036,11.0036,10.806,11.004,3450630,16.7
2015-11-16,10.9377,11.0036,10.6742,10.7404,2563130,16.3
2015-11-17,10.6742,10.806,10.1471,10.8063,9565120,16.4
2015-11-18,10.9377,11.0695,10.8719,11.004,6038510,16.7
2015-11-19,11.0036,11.0036,10.806,10.8063,1021320,16.4
2015-11-20,10.806,11.0695,10.6742,11.004,2955900,16.7
2015-11-23,11.1354,11.5308,11.1354,11.5311,6456280,17.5
2015-11-24,11.5308,11.5966,11.2013,11.2675,6242880,17.1
2015-11-25,11.2672,11.2672,10.5424,10.5427,16005940,16
2015-11-26,10.2788,10.7401,9.8835,10.5427,6063410,16
2015-11-27,10.6083,10.6083,10.3447,10.5427,3074470,16
2015-11-30,10.4106,10.4765,10.0812,10.345,3489770,15.7
2015-12-01,10.213,10.4106,10.1471,10.2791,2426720,15.6
2015-12-02,10.4106,10.4765,10.2788,10.4109,4625000,15.8
2015-12-03,10.4106,10.4106,10.2788,10.2791,1587350,15.6
2015-12-04,10.2788,10.4765,10.213,10.4768,2735720,15.9
2015-12-07,10.213,10.2788,9.9494,10.0156,3205410,15.2
2015-12-08,9.8176,10.0812,9.6199,10.0815,5082730,15.3
2015-12-09,10.0812,10.1471,9.8176,10.1474,2483430,15.4
2015-12-10,10.0812,10.2788,10.0812,10.2132,2916270,15.5
2015-12-11,10.0812,10.213,10.0153,10.1474,1724080,15.4
2015-12-14,10.3447,10.4106,10.213,10.345,5677240,15.7
2015-12-15,10.3447,10.3447,10.0153,10.0156,1834450,15.2
2015-12-16,10.1471,10.213,9.9494,10.1474,1979180,15.4
2015-12-17,10.213,10.2788,10.1471,10.2791,2435320,15.6
2015-12-18,10.213,10.213,9.6199,9.6202,13467640,14.6
2015-12-21,9.6858,9.8176,8.961,8.9613,6429550,13.6
2015-12-22,8.961,9.0269,8.4998,8.9613,3758810,13.6
2015-12-23,9.0269,9.0269,8.6975,8.8295,2101610,13.4
2015-12-24,8.7634,8.961,8.7634,8.7636,1064640,13.3
2015-12-25,8.7634,8.8293,8.3021,8.3683,2502600,12.7
2015-12-28,8.368,8.5657,8.1045,8.1047,2469660,12.3
2015-12-29,8.1045,8.1045,7.6432,7.8411,4495750,11.9
2015-12-30,8.368,8.368,7.8409,8.3683,3033780,12.7
2015-12-31,8.4998,8.8293,8.4998,8.5001,2412010,12.9
2016-01-04,8.1704,8.5657,8.1045,8.1706,2107010,12.4
2016-01-05,8.0386,8.1045,7.775,7.907,3472050,12
2016-01-06,7.9727,8.0386,7.8409,7.907,2158770,12
2016-01-07,7.8409,7.9068,7.3797,7.3799,4526330,11.2
2016-01-08,7.3138,7.3797,6.9185,7.0504,6571590,10.7
2016-01-11,6.9185,7.182,6.9185,7.0504,1752330,10.7
2016-01-12,7.0502,7.5115,7.0502,7.5117,3122810,11.4
2016-01-13,7.8409,7.9727,7.5115,7.5117,4357130,11.4
2016-01-14,7.3797,7.5115,7.1161,7.5117,3323740,11.4
2016-01-15,7.5774,7.7091,7.2479,7.2481,1825510,11
2016-01-18,6.9843,7.0502,6.7867,6.7869,4148860,10.3
2016-01-19,6.9185,7.0502,6.8526,7.0504,2510990,10.7
2016-01-20,6.9843,7.182,6.9185,6.9187,1704800,10.5
2016-01-21,6.8526,6.9843,6.5231,6.5892,2740380,10
2016-01-22,6.7208,6.7867,6.1937,6.3256,3337660,9.6
2016-01-25,6.4572,6.7208,6.4572,6.721,3131860,10.2
2016-01-26,6.5231,6.7867,6.3913,6.5233,2215830,9.9
2016-01-27,6.7208,6.8526,6.7208,6.7869,1873200,10.3
2016-01-28,6.7867,6.9185,6.7208,6.721,1925330,10.2
2016-01-29,6.7208,6.7867,6.589,6.6551,2219930,10.1
2016-02-01,6.7867,6.8526,6.589,6.5892,1587810,10
2016-02-02,6.589,6.7208,6.589,6.5892,1388930,10
2016-02-03,6.589,6.6549,6.4572,6.6551,1050880,10.1
2016-02-04,6.7208,6.7208,6.589,6.5892,999220,10
2016-02-05,6.589,6.7208,6.5231,6.5892,1052330,10
2016-02-15,6.5231,6.589,6.4572,6.5233,779920,9.9
2016-02-16,6.589,6.8526,6.5231,6.8528,1945930,10.4
2016-02-17,6.8526,6.9185,6.589,6.6551,3553030,10.1
2016-02-18,6.7208,6.7867,6.6549,6.7869,1455150,10.3
2016-02-19,6.7208,6.8526,6.7208,6.7869,2329250,10.3
2016-02-22,6.9185,7.2479,6.8526,7.2481,9985300,11
2016-02-23,7.4456,7.5115,7.182,7.2481,4297130,11
2016-02-24,7.1161,7.3138,7.1161,7.2481,2913600,11
2016-02-25,7.2479,7.4456,7.182,7.2481,7245320,11
2016-02-26,7.3138,7.3138,7.1161,7.1822,2403550,10.9
2016-02-29,7.0502,7.1161,6.9185,6.9187,3904710,10.5
2016-03-01,6.9185,7.1161,6.8526,6.9187,2557530,10.5
2016-03-02,6.9843,6.9843,6.7867,6.8528,4212760,10.4
2016-03-03,6.7208,6.9185,6.7208,6.721,2639870,10.2
2016-03-04,6.7867,6.9185,6.7208,6.7869,1631140,10.3
2016-03-07,6.9185,7.0502,6.9185,6.9187,3657540,10.5
2016-03-08,6.9185,6.9185,6.7867,6.8528,1604780,10.4
2016-03-09,6.8526,6.9185,6.7867,6.8528,1449000,10.4
2016-03-10,6.8526,6.9185,6.7867,6.9187,1507350,10.5
2016-03-11,6.9185,7.0502,6.9185,7.0504,4341220,10.7
2016-03-14,7.2639,7.3331,7.1255,7.2644,3347650,10.5
2016-03-15,7.1947,7.3331,7.1947,7.1953,2054520,10.4
2016-03-16,7.1947,7.2639,7.0564,7.1953,1722630,10.4
2016-03-17,7.1255,7.2639,7.1255,7.1261,1525260,10.3
2016-03-18,7.1947,7.1947,7.0564,7.0569,5104550,10.2
2016-03-21,7.0564,7.0564,6.6413,6.6418,4756290,9.6
2016-03-22,6.7105,6.8488,6.5721,6.711,2485380,9.7
2016-03-23,6.7796,6.8488,6.6413,6.711,1383390,9.7
2016-03-24,6.7105,6.7796,6.5721,6.5726,1581920,9.5
2016-03-25,6.5721,6.6413,6.2954,6.2958,3562470,9.1
2016-03-28,6.4337,6.4337,6.2954,6.365,1606990,9.2
2016-03-29,6.4337,6.4337,6.2262,6.2267,1580540,9
2016-03-30,6.2262,6.2954,6.0878,6.0883,2896910,8.8
2016-03-31,6.157,6.157,5.9495,5.9499,2251030,8.6
2016-04-01,5.9495,6.0187,5.6728,5.7424,2757980,8.3
2016-04-04,5.7419,5.7419,5.396,5.3964,3862850,7.8
2016-04-05,5.5344,5.7419,5.5344,5.7424,3225950,8.3
2016-04-06,5.8803,6.0187,5.8803,6.0191,2589560,8.7
2016-04-07,5.9495,6.0187,5.8803,6.0191,1608660,8.7
2016-04-08,5.9495,6.0187,5.8803,5.9499,1355620,8.6
2016-04-11,5.9495,6.0187,5.7419,5.8807,1867470,8.5
2016-04-12,5.8803,5.8803,5.6728,5.6732,1308110,8.2
2016-04-13,5.8803,5.9495,5.7419,5.8807,3292540,8.5
2016-04-14,5.8803,6.0187,5.8803,5.8807,1267990,8.5
2016-04-15,5.8803,5.9495,5.8111,5.9499,913270,8.6
2016-04-19,5.8803,5.8803,5.7419,5.7424,1279000,8.3
2016-04-20,5.8111,5.8803,5.6728,5.7424,1724770,8.3
2016-04-21,5.7419,5.8111,5.6728,5.7424,977450,8.3
2016-04-22,5.7419,5.8803,5.7419,5.8116,1756220,8.4
2016-04-25,5.8111,5.9495,5.7419,5.8116,1208840,8.4
2016-04-26,5.8111,6.0187,5.7419,5.9499,2983040,8.6
2016-04-27,6.0878,6.157,5.8111,5.8807,1971590,8.5
2016-04-28,5.8803,5.9495,5.7419,5.7424,1301590,8.3
2016-04-29,5.7419,5.8111,5.6728,5.7424,1783230,8.3
2016-05-04,5.8803,6.0878,5.8803,6.0191,4256260,8.7
2016-05-05,6.0187,6.0187,5.8111,5.8807,1791490,8.5
2016-05-06,5.8803,5.9495,5.8111,5.8116,754150,8.4
2016-05-09,5.8111,5.8803,5.6728,5.6732,1457060,8.2
2016-05-10,5.6728,5.8111,5.6036,5.7424,1117000,8.3
2016-05-11,5.7419,5.9495,5.6728,5.8807,3175440,8.5
2016-05-12,5.9495,5.9495,5.8111,5.8807,2028020,8.5
2016-05-13,5.8803,5.8803,5.6728,5.8116,1731960,8.4
2016-05-16,5.8111,5.8111,5.6728,5.8116,3275980,8.4
2016-05-17,5.7419,5.8803,5.6728,5.8116,5402900,8.4
2016-05-18,5.8111,5.8803,5.7419,5.8116,1388260,8.4
2016-05-19,5.8111,5.8803,5.7419,5.8116,1857130,8.4
2016-05-20,5.8111,5.8111,5.6728,5.6732,1628520,8.2
2016-05-23,5.6728,5.8111,5.6728,5.7424,1511790,8.3
2016-05-24,5.7419,5.8803,5.6728,5.8807,2744950,8.5
2016-05-25,5.9495,6.0187,5.8111,5.8116,2436660,8.4
2016-05-26,5.8111,5.8803,5.7419,5.7424,1319250,8.3
2016-05-27,5.7419,5.8111,5.6728,5.7424,619600,8.3
2016-05-30,5.7419,5.8111,5.7419,5.8116,711320,8.4
2016-05-31,5.8111,5.8111,5.6728,5.6732,1117860,8.2
2016-06-01,5.7419,5.8111,5.6728,5.7424,1231190,8.3
2016-06-02,5.7419,5.8111,5.6728,5.7424,876070,8.3
2016-06-03,5.8111,6.0878,5.8111,6.0883,7067020,8.8
2016-06-06,6.2954,6.5029,6.2954,6.2958,5038110,9.1
2016-06-07,6.2954,6.3646,6.157,6.2958,2055010,9.1
2016-06-08,6.2954,6.5721,6.2262,6.365,4288530,9.2
2016-06-09,6.4337,6.7796,6.4337,6.7801,6158100,9.8
2016-06-10,6.918,7.1947,6.8488,6.9877,6597970,10.1
2016-06-13,6.6413,6.7796,6.5029,6.5034,5686010,9.4
2016-06-14,6.2954,6.5029,6.157,6.4342,3870100,9.3
2016-06-15,6.3646,6.5029,6.3646,6.4342,1757330,9.3
2016-06-16,6.5029,6.8488,6.4337,6.7801,9800260,9.8
2016-06-17,6.7796,7.0564,6.7105,6.711,13580490,9.7
2016-06-20,6.9872,7.1255,6.918,6.9877,3663210,10.1
2016-06-21,7.0564,7.2639,6.918,6.9185,4446940,10
2016-06-22,6.8488,6.9872,6.8488,6.8493,3096580,9.9
2016-06-23,6.8488,6.9872,6.7796,6.9185,3904230,10
2016-06-24,6.8488,6.8488,6.4337,6.5034,10268120,9.4
2016-06-27,6.5029,6.5029,6.157,6.365,2266710,9.2
2016-06-28,6.3646,6.4337,6.2954,6.365,1157030,9.2
2016-06-29,6.4337,6.5029,6.2954,6.2958,2851250,9.1
2016-06-30,6.3646,6.3646,6.0878,6.1575,3660720,8.9
2016-07-01,6.157,6.2262,6.0878,6.0883,2929350,8.8
2016-07-04,6.157,6.5029,6.0878,6.365,3053910,9.2
2016-07-05,6.3646,6.3646,6.2262,6.2267,2378560,9
2016-07-06,6.157,6.2262,6.0878,6.1575,4213370,8.9
2016-07-07,6.157,6.2954,6.157,6.1575,3708740,8.9
2016-07-08,6.2262,6.5721,6.2262,6.4342,3990700,9.3
2016-07-11,6.4337,6.5029,6.157,6.1575,1672990,8.9
2016-07-12,6.2262,6.2954,6.157,6.2267,2788800,9
2016-07-13,6.2954,6.3646,6.2262,6.2958,1900920,9.1
2016-07-14,6.2954,6.3646,6.2262,6.2267,2466820,9
2016-07-15,6.2262,6.2954,6.157,6.2267,1497570,9
2016-07-18,6.2262,6.4337,6.2262,6.365,1725030,9.2
2016-07-19,6.2954,6.3646,6.2262,6.2958,1628820,9.1
2016-07-20,6.2954,6.2954,6.157,6.1575,2532310,8.9
2016-07-21,6.157,6.2262,5.9495,5.9499,3463830,8.6
2016-07-22,5.8803,5.9495,5.5344,5.604,8892170,8.1
2016-07-25,5.5344,5.6728,5.396,5.4656,2525200,7.9
2016-07-26,5.4652,5.5344,5.3269,5.3273,2031740,7.7
2016-07-27,4.981,5.3269,4.981,4.9813,4796840,7.2
2016-07-28,4.9118,5.0501,4.6351,4.6354,6266010,6.7
2016-07-29,4.4967,4.6351,4.3583,4.4278,7895950,6.4
2016-08-01,4.4967,4.7042,4.3583,4.3587,4228440,6.3
2016-08-02,4.3583,4.3583,4.0816,4.1511,4319810,6
2016-08-03,4.1508,4.2892,4.0124,4.0819,2466990,5.9
2016-08-04,4.22,4.22,4.0816,4.0819,2890250,5.9
2016-08-05,4.0816,4.1508,3.9433,3.9436,1462950,5.7
2016-08-08,3.9433,4.0816,3.8741,3.9436,2038310,5.7
2016-08-09,3.9433,4.0124,3.8741,3.9436,1531590,5.7
2016-08-10,3.9433,4.1508,3.9433,4.1511,1989880,6
2016-08-11,4.2892,4.4275,4.2892,4.4278,4073260,6.4
2016-08-12,4.5659,4.5659,4.2892,4.3587,3027360,6.3
2016-08-15,4.3583,4.4275,4.2892,4.2895,1602390,6.2
2016-08-16,4.2892,4.3583,4.1508,4.1511,2711520,6
2016-08-17,4.1508,4.22,4.0816,4.1511,1690890,6
2016-08-18,4.1508,4.1508,4.0816,4.0819,735420,5.9
2016-08-19,4.0124,4.3583,4.0124,4.2203,2600010,6.1
2016-08-22,4.22,4.2892,4.1508,4.1511,781100,6
2016-08-23,4.1508,4.22,4.0816,4.1511,438620,6
2016-08-24,4.1508,4.2892,4.0816,4.1511,2072530,6
2016-08-25,4.1508,4.22,4.0816,4.1511,888520,6
2016-08-26,4.1508,4.22,4.1508,4.1511,782310,6
2016-08-29,4.1508,4.22,4.0124,4.0127,1200190,5.8
2016-08-30,4.0124,4.0816,3.9433,4.0819,749590,5.9
2016-08-31,4.0124,4.0816,3.9433,4.0127,874510,5.8
2016-09-01,4.0124,4.0816,3.9433,3.9436,732900,5.7
2016-09-05,3.9433,4.0124,3.8741,3.9436,1538910,5.7
2016-09-06,4.0816,4.1508,4.0124,4.1511,2747850,6
2016-09-07,4.22,4.22,4.0124,4.0127,877150,5.8
2016-09-08,4.0816,4.1508,4.0124,4.0127,1592790,5.8
2016-09-09,4.0124,4.0816,4.0124,4.0127,1152140,5.8
2016-09-12,4.0124,4.0747,3.9294,3.9436,953200,5.7
2016-09-13,3.9433,3.9779,3.881,3.8813,592300,5.61
2016-09-14,3.8741,3.8879,3.6112,3.6115,2387930,5.22
2016-09-15,3.4659,3.5904,3.3621,3.3624,4346700,4.86
2016-09-16,3.1823,3.2999,3.1269,3.1272,3753790,4.52
2016-09-19,2.9747,3.3414,2.9747,3.3416,2510790,4.83
2016-09-20,3.4244,3.5213,3.4244,3.5077,2145990,5.07
2016-09-21,3.5143,3.7496,3.4936,3.7498,3249680,5.42
2016-09-22,3.8464,4.0055,3.7772,3.9643,3564040,5.73
2016-09-23,3.9363,4.0955,3.881,3.9989,12346700,5.78
2016-09-26,4.0055,4.0055,3.798,3.9297,9710590,5.68
2016-09-27,3.8049,3.8741,3.6665,3.6668,1888680,5.3
2016-09-28,3.6665,3.7357,3.5282,3.5492,2297020,5.13
2016-09-29,3.7911,3.7911,3.7911,3.7913,251960,5.48
2016-09-30,4.0539,4.0539,4.0539,4.0542,832840,5.86
2016-10-03,4.3307,4.3376,4.22,4.2756,6695520,6.18
2016-10-04,4.2892,4.2892,4.1508,4.1788,1948730,6.04
2016-10-05,4.2892,4.469,4.2546,4.4694,3554980,6.46
2016-10-06,4.7042,4.7803,4.6143,4.7807,5848300,6.91
2016-10-07,4.8426,5.0986,4.8426,4.9744,4767910,7.19
2016-10-10,4.981,5.1124,4.8426,4.8499,4944550,7.01
2016-10-11,4.8495,4.9118,4.5313,4.8222,4323760,6.97
2016-10-12,4.8288,4.974,4.7181,4.8914,3325840,7.07
2016-10-13,4.8426,5.1055,4.7388,5.0782,4945170,7.34
2016-10-14,5.0778,5.0916,4.7665,4.7669,7811350,6.89
2016-10-17,4.7596,4.8426,4.6351,4.67,2884280,6.75
2016-10-18,4.6697,4.6835,4.4967,4.497,4063740,6.5
2016-10-19,4.4967,4.4967,4.2892,4.3241,5393030,6.25
2016-10-20,4.2892,4.5659,4.2892,4.4901,3126090,6.49
2016-10-21,4.4414,4.4414,4.2615,4.2618,4748790,6.16
2016-10-24,4.22,4.3583,4.0747,4.2203,2481130,6.1
2016-10-25,4.1716,4.1992,3.9294,3.9505,7003510,5.71
2016-10-26,3.8741,3.8741,3.7357,3.736,4510020,5.4
2016-10-27,3.7911,3.8672,3.7772,3.8259,1844930,5.53
2016-10-28,3.8395,3.9779,3.8118,3.9436,2407780,5.7
2016-10-31,3.6735,4.0055,3.6735,3.6737,2793360,5.31
2016-11-01,3.7357,3.8326,3.7011,3.7568,2231430,5.43
2016-11-02,3.8049,3.8326,3.7565,3.7706,1834620,5.45
2016-11-03,3.7703,3.7703,3.632,3.6737,1687880,5.31
2016-11-04,3.6735,3.7565,3.6735,3.6806,1198780,5.32
2016-11-07,3.6596,3.7841,3.6596,3.7429,2164980,5.41
2016-11-08,3.7841,3.7911,3.7565,3.7775,1187990,5.46
2016-11-09,3.8594,3.8743,3.5832,3.703,3506820,4.96
2016-11-10,3.8221,3.8818,3.8072,3.8822,1290950,5.2
2016-11-11,3.9042,3.9788,3.8445,3.8449,1789300,5.15
2016-11-14,3.837,3.837,3.74,3.7403,2159490,5.01
2016-11-15,3.74,3.7922,3.74,3.7702,1088330,5.05
2016-11-16,3.74,3.7848,3.74,3.7478,1217630,5.02
2016-11-17,3.7624,3.8743,3.7474,3.8075,2294830,5.1
2016-11-18,3.8295,3.8818,3.8072,3.8299,1166010,5.13
2016-11-21,3.8669,3.8669,3.7624,3.7627,1997230,5.04
2016-11-22,3.7624,3.8445,3.7624,3.815,1991680,5.11
2016-11-23,3.8295,3.837,3.7549,3.7851,1182510,5.07
2016-11-24,3.8146,3.8146,3.7698,3.7777,1139990,5.06
2016-11-25,3.7773,3.7922,3.7325,3.7403,1922880,5.01
2016-11-28,3.7325,3.74,3.6205,3.6209,1621270,4.85
2016-11-29,3.6504,3.8445,3.6205,3.7329,1810580,5
2016-11-30,3.7325,3.7624,3.6429,3.6582,926250,4.9
2016-12-01,3.6579,3.725,3.5832,3.5836,1006890,4.8
2016-12-02,3.516,3.5757,3.4115,3.4566,2119120,4.63
2016-12-05,3.4414,3.4414,3.3518,3.3596,1763190,4.5
2016-12-06,3.3593,3.3593,3.1278,3.1282,3561860,4.19
2016-12-07,3.0756,3.2323,3.0756,3.2028,1625350,4.29
2016-12-08,3.21,3.2622,3.1502,3.1505,846390,4.22
2016-12-09,3.1428,3.1801,3.098,3.0983,1163060,4.15
2016-12-12,3.098,3.098,2.9188,2.9191,1708980,3.91
2016-12-13,2.8815,2.9188,2.7322,2.7325,2545510,3.66
2016-12-14,2.6949,2.9188,2.6949,2.9191,2736250,3.91
2016-12-15,2.9188,3.0084,2.9114,2.9266,1537110,3.92
2016-12-16,2.8815,2.9337,2.8516,2.934,5888350,3.93
2016-12-19,3.0009,3.0532,2.986,2.9863,1407920,4
2016-12-20,3.0084,3.0084,2.9337,2.949,943420,3.95
2016-12-21,2.9188,2.9711,2.8964,2.9191,893940,3.91
2016-12-22,2.9114,2.9337,2.7994,2.7997,1527350,3.75
2016-12-23,2.7994,2.8516,2.7919,2.7997,818610,3.75
2016-12-26,2.8068,2.8367,2.7471,2.7698,887190,3.71
2016-12-27,2.7695,2.7695,2.6725,2.725,3087090,3.65
2016-12-28,2.7322,2.8218,2.7173,2.7549,758610,3.69
2016-12-29,2.7994,2.7994,2.7471,2.7474,563210,3.68
2016-12-30,2.7471,2.7621,2.7098,2.7175,582540,3.64
2017-01-03,2.7994,2.8292,2.7247,2.7997,1164880,3.75
2017-01-04,2.7844,2.8218,2.6874,2.7549,705540,3.69
2017-01-05,2.7471,2.7695,2.7397,2.7623,461970,3.7
2017-01-06,2.7621,2.777,2.7322,2.7623,883110,3.7
2017-01-09,2.7546,2.7695,2.7322,2.7325,471180,3.66
2017-01-10,2.7322,2.7546,2.7322,2.7325,437170,3.66
2017-01-11,2.7546,2.7546,2.7023,2.7101,604020,3.63
2017-01-12,2.7098,2.7173,2.6202,2.6503,2396930,3.55
2017-01-13,2.6277,2.6575,2.6128,2.6205,477700,3.51
2017-01-16,2.6128,2.6501,2.5456,2.5458,784820,3.41
2017-01-17,2.5157,2.5456,2.4261,2.4338,1441410,3.26
2017-01-18,2.4112,2.4635,2.4037,2.404,552890,3.22
2017-01-19,2.3142,2.456,2.3142,2.4413,657600,3.27
2017-01-20,2.3291,2.5008,2.3291,2.4786,1044940,3.32
2017-01-23,2.4784,2.5306,2.4784,2.5085,876400,3.36
2017-01-24,2.4485,2.6426,2.4411,2.613,1586090,3.5
2017-01-25,2.6351,2.7322,2.6128,2.7325,1294790,3.66
2017-02-02,2.7322,2.777,2.6799,2.7325,580770,3.66
2017-02-03,2.7322,2.8815,2.7098,2.837,2004520,3.8
2017-02-06,2.8292,2.9114,2.8218,2.8594,2950350,3.83
2017-02-07,2.8666,2.8666,2.8143,2.8221,1421670,3.78
2017-02-08,2.8218,2.8292,2.7844,2.8071,1530270,3.76
2017-02-09,2.8143,2.8292,2.7994,2.8071,864170,3.76
2017-02-10,2.8068,2.8367,2.7994,2.8071,893380,3.76
2017-02-13,2.8367,2.889,2.8143,2.8743,1748190,3.85
2017-02-14,2.874,2.9263,2.8367,2.8445,2423090,3.81
2017-02-15,2.8516,2.8964,2.8292,2.8445,1334480,3.81
2017-02-16,2.8516,2.9487,2.8442,2.8519,1997240,3.82
2017-02-17,2.8442,2.8815,2.8143,2.837,983130,3.8
2017-02-20,2.8591,2.874,2.8218,2.8519,2256410,3.82
2017-02-21,2.8666,3.0383,2.8666,3.0087,3722490,4.03
2017-02-22,3.1204,3.1278,3.0457,3.061,3550910,4.1
2017-02-23,3.0233,3.0756,2.986,3.0236,2165660,4.05
2017-02-24,3.0233,3.2323,3.0233,3.2028,4212110,4.29
2017-02-27,3.1652,3.2398,3.1278,3.1655,1990240,4.24
2017-02-28,3.1502,3.1652,3.0308,3.046,2097320,4.08
2017-03-01,3.0233,3.0607,2.874,2.9564,2429060,3.96
2017-03-02,2.9561,2.986,2.8815,2.8818,1565920,3.86
2017-03-03,2.8815,2.9188,2.874,2.8967,1016710,3.88
2017-03-06,2.874,2.9337,2.874,2.8818,1012460,3.86
2017-03-07,2.8815,3.0084,2.8815,2.949,1995110,3.95
2017-03-08,2.9487,2.986,2.889,2.8967,1526240,3.88
2017-03-09,2.8964,2.9412,2.889,2.8967,1122540,3.88
2017-03-10,2.874,2.9263,2.8591,2.8743,2364570,3.85
2017-03-13,2.9114,2.9412,2.8666,2.8892,1442080,3.87
2017-03-14,2.8815,2.9114,2.8591,2.8668,1321530,3.84
2017-03-15,2.8666,2.889,2.8591,2.8668,943110,3.84
2017-03-16,2.8591,2.9785,2.8442,2.9564,3392350,3.96
2017-03-17,2.9711,3.0009,2.9337,2.9564,1983060,3.96
2017-03-20,2.9636,2.9636,2.9114,2.9116,1093450,3.9
2017-03-21,2.9188,2.9785,2.9188,2.934,2428800,3.93
2017-03-22,2.9337,2.9636,2.9114,2.9191,2128980,3.91
2017-03-23,2.9114,2.9487,2.9039,2.9042,1250480,3.89
2017-03-24,2.9263,2.9263,2.8815,2.9042,1585540,3.89
2017-03-27,2.9114,3.1054,2.9114,3.1058,3853770,4.16
2017-03-28,3.3145,3.3145,3.1428,3.1879,6048660,4.27
2017-03-29,3.195,3.404,3.1428,3.4044,7170430,4.56
2017-03-30,3.4339,3.6355,3.4339,3.5462,5915400,4.75
2017-03-31,3.5086,3.6355,3.4488,3.4566,4165610,4.63
2017-04-03,3.5683,3.6056,3.516,3.5388,3723250,4.74
2017-04-04,3.5384,3.5384,3.4339,3.479,3131580,4.66
2017-04-05,3.4936,3.6056,3.4638,3.5238,4940280,4.72
2017-04-07,3.5011,3.5011,3.3891,3.4716,5451730,4.65
2017-04-10,3.4488,3.4638,3.307,3.3073,3336680,4.43
2017-04-11,3.2771,3.3593,3.1876,3.1879,2752160,4.27
2017-04-12,3.1726,3.2771,3.0607,3.061,2720720,4.1
2017-04-13,3.0607,3.1726,3.0607,3.0684,3086860,4.11
2017-04-14,3.098,3.2249,3.0607,3.1431,6116400,4.21
2017-04-17,3.1801,3.1801,3.0383,3.0386,2848370,4.07
2017-04-18,3.0233,3.083,3.0233,3.061,4085760,4.1
2017-04-19,3.0457,3.0681,3.0308,3.0386,3914400,4.07
2017-04-20,3.0383,3.0383,2.986,2.9863,2818920,4
2017-04-21,2.986,3.0233,2.9711,2.9788,4700260,3.99
2017-04-24,3.0233,3.0233,2.9711,2.9788,1920040,3.99
2017-04-25,2.986,2.986,2.9636,2.9788,1221560,3.99
2017-04-26,3.0009,3.1278,3.0009,3.0684,3198800,4.11
2017-04-27,3.0905,3.1652,3.0457,3.0983,3175850,4.15
2017-04-28,3.0905,3.1054,3.0457,3.061,1492550,4.1
2017-05-03,3.0159,3.2697,3.0009,3.27,8801510,4.38
2017-05-04,3.2846,3.4339,3.2846,3.3223,6003430,4.45
2017-05-05,3.2921,3.307,3.2249,3.2327,4827930,4.33
2017-05-08,3.2473,3.4115,3.2249,3.2775,5484140,4.39
2017-05-09,3.3219,3.4638,3.0756,3.0759,5557220,4.12
2017-05-10,3.2846,3.2846,3.2398,3.2551,7505240,4.36
2017-05-11,3.2846,3.3593,3.2697,3.27,3398960,4.38
2017-05-12,3.2697,3.4712,3.2622,3.4716,6732070,4.65
2017-05-15,3.4712,3.628,3.4712,3.5985,6072360,4.82
2017-05-16,3.6205,3.6205,3.3966,3.4492,4862340,4.62
2017-05-17,3.4339,3.5086,3.3667,3.382,2179440,4.53
2017-05-18,3.3593,3.3742,3.2622,3.2625,3330140,4.37
2017-05-19,3.2547,3.3443,3.2547,3.2849,1733530,4.4
2017-05-22,3.3219,3.4264,3.2846,3.3148,1545000,4.44
2017-05-23,3.2995,3.3443,3.21,3.2103,2320360,4.3
2017-05-24,3.21,3.307,3.21,3.2551,1037240,4.36
2017-05-25,3.2846,3.2921,3.21,3.2252,846320,4.32
2017-05-26,3.2249,3.3593,3.2249,3.2476,1204030,4.35
2017-05-29,3.2473,3.3145,3.2473,3.27,1439380,4.38
2017-05-30,3.2846,3.4488,3.2547,3.3671,3025870,4.51
2017-05-31,3.3667,3.419,3.3443,3.3447,2327610,4.48
2017-06-01,3.3443,3.3667,3.307,3.3148,1275120,4.44
2017-06-02,3.3294,3.3294,3.2547,3.2924,1382430,4.41
2017-06-05,3.2846,3.3145,3.2697,3.2849,1134650,4.4
2017-06-06,3.2846,3.3145,3.2697,3.2999,1021540,4.42
2017-06-07,3.3145,3.3966,3.3145,3.3447,2543140,4.48
2017-06-08,3.3518,3.4862,3.3518,3.3969,3458520,4.55
2017-06-09,3.3966,3.4563,3.3593,3.3596,1513490,4.5
2017-06-12,3.3742,3.3891,3.2697,3.27,1529090,4.38
2017-06-13,3.2697,3.3593,3.2323,3.3596,1484010,4.5
2017-06-14,3.3593,3.3593,3.2921,3.3372,920630,4.47
2017-06-15,3.3369,3.4339,3.2995,3.2999,1101610,4.42
2017-06-16,3.2921,3.3369,3.2921,3.2999,453170,4.42
2017-06-19,3.2995,3.3443,3.2622,3.27,1096340,4.38
2017-06-20,3.2697,3.2846,3.2398,3.2476,1266160,4.35
2017-06-21,3.2398,3.2473,3.1577,3.158,2700010,4.23
2017-06-22,3.1577,3.195,3.0607,3.1058,1808560,4.16
2017-06-23,3.1054,3.1876,3.1054,3.1431,1288120,4.21
2017-06-26,3.1502,3.21,3.1428,3.158,1049170,4.23
2017-06-27,3.1876,3.1876,3.1129,3.1132,1638640,4.17
2017-06-28,3.1129,3.1502,3.098,3.1132,1496060,4.17
2017-06-29,3.1129,3.1876,3.1054,3.1356,1467680,4.2
2017-06-30,3.1652,3.1876,3.1054,3.1058,1416430,4.16
2017-07-03,3.1353,3.1428,3.1054,3.1207,1068830,4.18
2017-07-04,3.1353,3.2473,3.1278,3.2252,3861300,4.32
2017-07-05,3.2249,3.3443,3.21,3.2999,2534090,4.42
2017-07-06,3.3593,3.3816,3.2995,3.3073,1907400,4.43
2017-07-07,3.2921,3.3443,3.1801,3.2028,2766660,4.29
2017-07-10,3.2025,3.2622,3.1502,3.1505,2481620,4.22
2017-07-11,3.1502,3.3294,3.1502,3.3223,3377830,4.45
2017-07-12,3.3667,3.3667,3.2697,3.27,1086360,4.38
2017-07-13,3.2697,3.3742,3.2697,3.3073,2292150,4.43
2017-07-14,3.3369,3.4936,3.3219,3.4641,5409890,4.64
2017-07-17,3.5459,3.7026,3.516,3.6732,10837550,4.92
2017-07-18,3.5832,3.7026,3.5309,3.5462,2388580,4.75
2017-07-19,3.5683,3.7922,3.5683,3.7179,5882480,4.98
2017-07-20,3.7325,3.9117,3.725,3.8001,4215250,5.09
2017-07-21,3.7474,3.8445,3.5384,3.5388,4768900,4.74
2017-07-24,3.3966,3.4712,3.2995,3.2999,4899970,4.42
2017-07-25,3.2771,3.4488,3.2771,3.382,2007330,4.53
2017-07-26,3.3816,3.4264,3.3518,3.4118,1484870,4.57
2017-07-27,3.3891,3.419,3.2846,3.3148,1670650,4.44
2017-07-28,3.2995,3.3816,3.2995,3.3223,1536940,4.45
2017-07-31,3.3219,3.3667,3.2846,3.2924,1763670,4.41
2017-08-01,3.2846,3.3667,3.2846,3.3223,1474640,4.45
2017-08-02,3.3219,3.3816,3.307,3.3372,1275520,4.47
2017-08-03,3.3369,3.5235,3.3369,3.4716,2605630,4.65
2017-08-04,3.4712,3.5459,3.4488,3.4566,1978260,4.63
2017-08-07,3.4712,3.5832,3.4712,3.5836,2348800,4.8
2017-08-08,3.6653,3.7101,3.5832,3.6209,3314140,4.85
2017-08-09,3.6205,3.6877,3.4339,3.4865,4076470,4.67
2017-08-10,3.4787,3.5384,3.4339,3.4342,1966310,4.6
2017-08-11,3.4115,3.4488,3.3443,3.4193,1471430,4.58
2017-08-14,3.404,3.4712,3.404,3.4193,1390910,4.58
2017-08-15,3.4638,3.4638,3.3518,3.3671,1959030,4.51
2017-08-16,3.3667,3.4563,3.3593,3.3969,1278930,4.55
2017-08-17,3.3966,3.4414,3.3816,3.382,1019970,4.53
2017-08-18,3.3593,3.3966,3.3593,3.382,1167370,4.53
2017-08-21,3.3966,3.419,3.3742,3.3745,623600,4.52
2017-08-22,3.3742,3.3966,3.3443,3.3521,1128480,4.49
2017-08-23,3.3518,3.3593,3.2473,3.2551,1906460,4.36
2017-08-24,3.2473,3.3294,3.2473,3.2849,1698130,4.4
2017-08-25,3.2846,3.3145,3.2473,3.2625,1344100,4.37
2017-08-28,3.2622,3.3294,3.2473,3.2849,1786280,4.4
2017-08-29,3.2846,3.3443,3.2846,3.2924,1494100,4.41
2017-08-30,3.2995,3.307,3.2697,3.27,692430,4.38
2017-08-31,3.2846,3.2846,3.2473,3.2476,1002220,4.35
2017-09-01,3.2473,3.2846,3.2473,3.2625,456350,4.37
2017-09-05,3.2473,3.2697,3.21,3.2103,1195740,4.3
2017-09-06,3.21,3.2249,3.1652,3.1953,595970,4.28
2017-09-07,3.2025,3.2249,3.1801,3.2103,883020,4.3
2017-09-08,3.2174,3.2398,3.195,3.2103,639620,4.3
2017-09-11,3.2174,3.2174,3.1353,3.1356,936770,4.2
2017-09-12,3.1353,3.1577,3.098,3.1058,1061360,4.16
2017-09-13,3.1054,3.1577,3.1054,3.1356,851990,4.2
2017-09-14,3.1428,3.195,3.1353,3.1505,697820,4.22
2017-09-15,3.1502,3.1726,3.1353,3.1431,337620,4.21
2017-09-18,3.1652,3.2249,3.1353,3.2028,1317240,4.29
2017-09-19,3.2249,3.3294,3.2174,3.2849,1442350,4.4
2017-09-20,3.2846,3.2921,3.2025,3.2252,682450,4.32
2017-09-21,3.2697,3.2697,3.195,3.1953,836950,4.28
2017-09-22,3.2174,3.2174,3.1577,3.1655,936150,4.24
2017-09-25,3.1652,3.195,3.1353,3.1431,673500,4.21
2017-09-26,3.1428,3.1502,3.1129,3.1356,1154510,4.2
2017-09-27,3.1428,3.1652,3.1278,3.1356,551600,4.2
2017-09-28,3.1278,3.1652,3.1204,3.1282,635860,4.19
2017-09-29,3.1278,3.1577,3.1054,3.1132,561800,4.17
2017-10-02,3.1129,3.1278,3.083,3.0908,537300,4.14
2017-10-03,3.098,3.098,2.986,3.0386,639140,4.07
2017-10-04,3.0308,3.0607,3.0308,3.046,854990,4.08
2017-10-05,3.0607,3.083,3.0457,3.0535,411040,4.09
2017-10-06,3.21,3.2547,3.1502,3.1804,1655730,4.26
2017-10-09,3.1726,3.1801,3.1204,3.1207,537210,4.18
2017-10-10,3.1129,3.1652,3.1129,3.1356,411570,4.2
2017-10-11,3.1353,3.1502,3.1129,3.1356,610990,4.2
2017-10-12,3.1353,3.1502,3.1054,3.1058,467700,4.16
2017-10-13,3.1353,3.1726,3.0905,3.1132,975800,4.17
2017-10-16,3.1353,3.1876,3.1204,3.1729,1038310,4.25
2017-10-17,3.1652,3.3518,3.1577,3.2849,3600520,4.4
2017-10-18,3.2846,3.419,3.2771,3.3223,2889500,4.45
2017-10-19,3.3742,3.3742,3.2846,3.3223,1224220,4.45
2017-10-20,3.3219,3.3219,3.195,3.1953,834670,4.28
2017-10-23,3.1502,3.2473,3.1502,3.1505,1083490,4.22
2017-10-24,3.1726,3.1876,3.1428,3.1655,658690,4.24
2017-10-25,3.1876,3.2025,3.1652,3.1953,701060,4.28
2017-10-26,3.3966,3.4115,3.3219,3.3745,4753330,4.52
2017-10-27,3.3593,3.4339,3.3145,3.3223,1358060,4.45
2017-10-30,3.3219,3.3294,3.1801,3.1953,1125960,4.28
2017-10-31,3.1353,3.2473,3.1054,3.1953,1767750,4.28
2017-11-01,3.21,3.2323,3.1054,3.1132,1238040,4.17
2017-11-02,3.1054,3.1801,3.098,3.0983,900920,4.15
2017-11-03,3.098,3.1278,2.9711,3.0236,2058430,4.05
2017-11-06,3.0457,3.1353,3.0457,3.0908,901210,4.14
2017-11-07,3.083,3.2846,3.0607,3.1879,1807120,4.27
2017-11-08,3.1726,3.2174,3.1353,3.1505,845270,4.22
2017-11-09,3.1428,3.1876,3.1204,3.1356,850770,4.2
2017-11-10,3.1428,3.1502,3.1054,3.1207,611200,4.18
2017-11-13,3.3294,3.3294,3.21,3.2252,3101440,4.32
2017-11-14,3.2398,3.2398,3.1577,3.2103,830690,4.3
2017-11-15,3.1577,3.2249,3.1577,3.158,823490,4.23
2017-11-16,3.1428,3.2697,3.1428,3.2327,1473460,4.33
2017-11-17,3.2249,3.3145,3.1801,3.1879,1217970,4.27
2017-11-20,3.2025,3.307,3.1876,3.2551,1100280,4.36
2017-11-21,3.2697,3.3443,3.2249,3.27,2384910,4.38
2017-11-22,3.2697,3.307,3.2398,3.2476,1576990,4.35
2017-11-23,3.2473,3.2995,3.21,3.2103,2132940,4.3
2017-11-24,3.21,3.2921,3.195,3.2775,1003930,4.39
2017-11-27,3.3593,3.5011,3.2846,3.5014,4080040,4.69
2017-11-28,3.5832,3.7101,3.3966,3.4342,3600390,4.6
2017-11-29,3.4638,3.4638,3.3593,3.3671,1989440,4.51
2017-11-30,3.4712,3.5011,3.3667,3.3969,1962380,4.55
2017-12-01,3.3966,3.628,3.3966,3.5836,6734020,4.8
2017-12-04,3.6579,3.7176,3.6205,3.6955,3095360,4.95
2017-12-05,3.7176,3.7176,3.5608,3.5612,3313760,4.77
2017-12-06,3.5683,3.6131,3.5086,3.5238,1962320,4.72
2017-12-07,3.5459,3.6056,3.5235,3.5836,2025850,4.8
2017-12-08,3.6131,3.8295,3.5832,3.8075,5401600,5.1
2017-12-11,3.8072,4.0684,3.7325,4.0315,6248230,5.4
2017-12-12,4.0311,4.0684,3.7549,3.8673,4244080,5.18
2017-12-13,3.8893,4.0983,3.8221,4.0315,4063470,5.4
2017-12-14,4.0311,4.2849,3.9565,4.2182,3628720,5.65
2017-12-15,4.1953,4.3596,4.1058,4.1062,4386680,5.5
2017-12-18,4.1804,4.2551,3.9565,3.9568,4201490,5.3
2017-12-19,3.9565,4.0311,3.7624,3.8075,4650420,5.1
2017-12-20,3.7922,3.9565,3.7698,3.927,2165170,5.26
2017-12-21,3.9565,3.9565,3.8072,3.8075,1511470,5.1
2017-12-22,3.837,3.8445,3.7325,3.7329,1797440,5
2017-12-25,3.6877,3.7474,3.5459,3.5537,3772610,4.76
2017-12-26,3.5832,3.6728,3.5608,3.6433,1263980,4.88
2017-12-27,3.7026,3.7026,3.5832,3.606,918360,4.83
2017-12-28,3.6056,3.6504,3.5608,3.5985,1124100,4.82
2017-12-29,3.5907,3.6205,3.5683,3.5836,1139430,4.8
2018-01-03,3.7624,3.837,3.6952,3.7851,1880850,5.07
2018-01-04,3.7997,4.0236,3.7773,4.0016,4054040,5.36
2018-01-05,4.0236,4.0236,3.8818,3.8971,2623280,5.22
2018-01-08,3.8967,3.9341,3.8445,3.8822,1367370,5.2
2018-01-09,3.8818,4.1281,3.8818,4.039,2970810,5.41
2018-01-10,4.0535,4.1058,3.9565,3.9568,2438370,5.3
2018-01-11,3.9788,4.1431,3.9639,4.0838,2310780,5.47
2018-01-12,4.1655,4.1655,3.9341,3.9345,2856730,5.27
2018-01-15,3.9341,4.1729,3.9117,4.0315,6410570,5.4
2018-01-16,4.0012,4.1132,3.9938,4.0091,2359610,5.37
2018-01-17,4.0311,4.0535,3.8072,3.8075,2321530,5.1
2018-01-18,3.8445,3.8893,3.7325,3.8897,2355280,5.21
2018-01-19,3.8967,3.9117,3.8221,3.8523,1309410,5.16
2018-01-22,3.8893,3.8893,3.74,3.7403,1548740,5.01
2018-01-25,3.74,3.8445,3.7325,3.7403,2469620,5.01
2018-01-26,3.8072,3.8072,3.6579,3.6657,1955880,4.91
2018-01-29,3.6802,3.7698,3.5981,3.5985,2805380,4.82
2018-01-30,3.5832,3.6952,3.5832,3.606,1190240,4.83
2018-01-31,3.6056,3.6579,3.4936,3.5014,2266110,4.69
2018-02-01,3.5086,3.5757,3.4712,3.4865,1143380,4.67
2018-02-02,3.5309,3.5309,3.4488,3.4716,701390,4.65
2018-02-05,3.4563,3.4712,3.2323,3.2327,3466610,4.33
2018-02-06,3.0159,3.1353,3.0084,3.0162,2433420,4.04
2018-02-07,3.21,3.2249,3.1353,3.2252,1417810,4.32
2018-02-08,3.2697,3.2921,3.21,3.2103,929540,4.3
2018-02-09,3.0681,3.1876,3.0681,3.1282,1137910,4.19
2018-02-12,3.2846,3.2846,3.1726,3.2252,421360,4.32
2018-02-13,3.1801,3.2846,3.1353,3.1729,1616390,4.25
2018-02-21,3.1726,3.2697,3.1726,3.2401,512540,4.34
2018-02-22,3.2473,3.3891,3.2249,3.2849,679060,4.4
2018-02-23,3.3294,3.3294,3.2697,3.2775,417200,4.39
2018-02-26,3.2846,3.2846,3.1502,3.1729,1037930,4.25
2018-02-27,3.1726,3.2025,3.083,3.1356,1259210,4.2
2018-02-28,3.1129,3.195,3.0905,3.1282,880290,4.19
2018-03-01,3.1278,3.1428,3.098,3.1058,978140,4.16
2018-03-02,3.1278,3.1278,3.0681,3.0834,494820,4.13
2018-03-05,3.083,3.1652,3.083,3.1058,897330,4.16
2018-03-06,3.1054,3.1353,3.0159,3.0236,2402020,4.05
2018-03-07,3.0681,3.2323,3.0532,3.2028,3067810,4.29
2018-03-08,3.2025,3.2622,3.1428,3.1431,554990,4.21
2018-03-09,3.1726,3.1876,3.1278,3.1431,487680,4.21
2018-03-12,3.0383,3.1577,3.0308,3.0386,1544350,4.07
2018-03-13,3.098,3.1054,3.0383,3.0908,884300,4.14
2018-03-14,3.098,3.1278,3.0607,3.0983,960710,4.15
2018-03-15,3.098,3.21,3.0681,3.0759,792400,4.12
2018-03-16,3.0607,3.1129,3.0607,3.061,959150,4.1
2018-03-19,3.0681,3.1054,3.0532,3.0908,1602280,4.14
2018-03-20,3.0756,3.1204,3.0532,3.0535,696680,4.09
2018-03-21,3.0532,3.083,3.0308,3.0386,1766330,4.07
2018-03-22,3.0607,3.0681,3.0308,3.0311,1452920,4.06
2018-03-23,2.9935,3.0159,2.9785,2.9863,2403810,4
2018-03-26,2.986,3.0159,2.9785,2.9863,825750,4
2018-03-27,3.0233,3.0233,2.9487,2.949,987410,3.95
2018-03-28,2.9487,2.9785,2.9337,2.9415,469710,3.94
2018-03-29,2.9412,2.9785,2.9114,2.9266,463560,3.92
2018-03-30,2.9412,2.9487,2.9114,2.9266,752730,3.92
2018-04-02,2.9561,2.9561,2.8964,2.9116,901220,3.9
2018-04-03,2.777,2.9039,2.777,2.8295,1168590,3.79
2018-04-04,2.8367,2.9114,2.8367,2.8743,628120,3.85
2018-04-05,2.9039,2.9114,2.8591,2.8668,510890,3.84
2018-04-06,2.8666,2.9487,2.8666,2.9415,865810,3.94
2018-04-09,2.9337,2.9412,2.8815,2.8967,518690,3.88
2018-04-10,2.8815,2.9114,2.7994,2.8071,1260040,3.76
2018-04-11,2.8218,2.8367,2.6874,2.7325,1041090,3.66
2018-04-12,2.7546,2.7844,2.7247,2.7773,1034020,3.72
2018-04-13,2.777,2.7994,2.7471,2.7549,629880,3.69
2018-04-16,2.7546,2.9412,2.7247,2.9415,1519000,3.94
2018-04-17,3.0233,3.1353,3.0084,3.1282,2196940,4.19
2018-04-18,3.1278,3.1353,2.986,2.9863,1404180,4
2018-04-19,2.986,2.986,2.874,2.9042,871640,3.89
2018-04-20,2.9114,2.9412,2.8367,2.8594,897330,3.83
2018-04-23,2.8516,2.9114,2.8367,2.837,487910,3.8
2018-04-24,2.8442,3.0308,2.8143,3.0087,2693130,4.03
2018-04-26,3.0905,3.1726,3.0457,3.1207,3398410,4.18
2018-04-27,3.1801,3.2622,3.1353,3.2625,1602070,4.37
2018-05-02,3.4115,3.4488,3.2771,3.4118,3201630,4.57
2018-05-03,3.4339,3.4339,3.2547,3.2775,1919170,4.39
2018-05-04,3.2771,3.4264,3.2697,3.3148,1085930,4.44
2018-05-07,3.3593,3.5086,3.3145,3.4716,2638950,4.65
2018-05-08,3.4712,3.6205,3.4563,3.5985,2454230,4.82
2018-05-09,3.5907,3.5981,3.4339,3.4865,4269740,4.67
2018-05-10,3.4862,3.5011,3.2771,3.2775,3955210,4.39
2018-05-11,3.2323,3.3593,3.2323,3.3223,3274280,4.45
2018-05-14,3.3518,3.5459,3.3518,3.5313,4442040,4.73
2018-05-15,3.5309,3.6579,3.4712,3.5537,4308430,4.76
2018-05-16,3.5533,3.5608,3.419,3.4865,3160320,4.67
2018-05-17,3.4787,3.5384,3.419,3.4193,3173070,4.58
2018-05-18,3.419,3.4936,3.3816,3.4268,3554360,4.59
2018-05-21,3.4563,3.5384,3.4115,3.4118,3803300,4.57
2018-05-22,3.3966,3.4414,3.1801,3.2401,3250940,4.34
2018-05-23,3.2323,3.2398,3.0756,3.0759,3220710,4.12
2018-05-24,3.2025,3.2025,3.0532,3.061,865940,4.1
2018-05-25,3.0681,3.1278,2.9487,2.949,1480850,3.95
2018-05-28,2.874,2.9487,2.7471,2.7474,3428730,3.68
2018-05-29,2.7546,2.9337,2.7546,2.934,1240620,3.93
2018-05-30,2.9114,3.0308,2.9039,2.9863,791990,4
2018-05-31,2.986,3.1353,2.9785,3.0759,1232390,4.12
2018-06-01,3.0681,3.1726,3.0607,3.061,1887150,4.1
2018-06-04,3.0756,3.1726,3.0756,3.1058,910080,4.16
2018-06-05,3.1054,3.1278,3.0607,3.0684,1810450,4.11
2018-06-06,3.0681,3.098,2.986,3.0311,1221070,4.06
2018-06-07,3.0681,3.1129,3.0383,3.0386,987760,4.07
2018-06-08,3.0383,3.1129,3.0308,3.046,874260,4.08
2018-06-11,3.0457,3.0905,2.9935,3.0535,621740,4.09
2018-06-12,3.0308,3.0607,2.9487,2.9938,1022260,4.01
2018-06-13,3.0233,3.0532,2.9935,3.0162,712560,4.04
2018-06-14,3.0532,3.0532,3.0009,3.0311,502420,4.06
2018-06-15,3.0159,3.0905,3.0159,3.046,610430,4.08
2018-06-18,3.0457,3.0607,2.9785,2.9788,788380,3.99
2018-06-19,2.986,2.986,2.8292,2.8818,1373470,3.86
2018-06-20,2.8815,2.9487,2.8815,2.9116,594080,3.9
2018-06-21,2.9337,2.9487,2.8964,2.9042,479790,3.89
2018-06-22,2.8964,2.9263,2.889,2.9191,591170,3.91
2018-06-25,2.9263,2.986,2.9263,2.934,499580,3.93
2018-06-26,2.9188,2.9487,2.9039,2.949,427750,3.95
2018-06-27,2.9711,3.098,2.9711,3.0236,1681990,4.05
2018-06-28,3.0233,3.0607,2.986,2.9863,437010,4
2018-06-29,2.986,3.0233,2.9636,2.9639,382330,3.97
2018-07-02,2.9636,2.986,2.8591,2.8668,943070,3.84
2018-07-03,2.8666,2.9039,2.7621,2.7698,968960,3.71
2018-07-04,2.7695,2.8666,2.7546,2.7623,801520,3.7
2018-07-05,2.7621,2.8143,2.6202,2.6205,685580,3.51
2018-07-06,2.6874,2.7621,2.6202,2.7474,614350,3.68
2018-07-09,2.7621,2.8367,2.7621,2.7623,670380,3.7
2018-07-10,2.7844,2.8292,2.777,2.7922,357850,3.74
2018-07-11,2.7695,2.8068,2.6725,2.7101,718940,3.63
2018-07-12,2.7173,2.7621,2.6725,2.7175,462190,3.64
2018-07-13,2.7471,2.7695,2.6949,2.725,446830,3.65
2018-07-16,2.7621,2.7994,2.6874,2.6877,773390,3.6
2018-07-17,2.7247,2.7546,2.6949,2.7399,291570,3.67
2018-07-18,2.7621,2.874,2.7546,2.8743,1013340,3.85
2018-07-19,2.874,2.8964,2.8367,2.837,642700,3.8
2018-07-20,2.8666,3.0009,2.8218,2.9788,1950600,3.99
2018-07-23,3.0308,3.098,2.986,3.0311,1471390,4.06
2018-07-24,3.0308,3.1278,3.0084,3.0311,1349720,4.06
2018-07-25,3.0383,3.2398,3.0383,3.1729,2668930,4.25
2018-07-26,3.2025,3.21,2.986,2.9938,1925350,4.01
2018-07-27,3.0233,3.098,3.0009,3.0535,1686730,4.09
2018-07-30,3.0607,3.1502,3.0532,3.061,1891210,4.1
2018-07-31,3.2323,3.2697,3.1876,3.27,4494890,4.38
2018-08-01,3.2921,3.4339,3.2697,3.3148,2388460,4.44
2018-08-02,3.2622,3.3443,3.1577,3.1804,1935600,4.26
2018-08-03,3.2174,3.2547,3.1353,3.2103,1907710,4.3
2018-08-06,3.2771,3.2771,3.1204,3.1356,1786190,4.2
2018-08-07,3.1353,3.1577,3.0233,3.0236,1333620,4.05
2018-08-08,3.0233,3.0905,2.9935,3.046,1376820,4.08
2018-08-09,3.0457,3.1353,3.0233,3.0983,943070,4.15
2018-08-10,3.098,3.098,2.986,3.0236,1388470,4.05
2018-08-13,3.0233,3.098,3.0009,3.061,1066900,4.1
2018-08-14,3.0308,3.1129,3.0308,3.0684,871220,4.11
2018-08-15,3.0681,3.1204,3.0383,3.0386,1032390,4.07
2018-08-16,3.0383,3.0532,3.0009,3.0386,576730,4.07
2018-08-17,3.0607,3.0905,3.0308,3.0311,680210,4.06
2018-08-20,3.0681,3.0681,3.0084,3.0311,688200,4.06
2018-08-21,3.0532,3.0681,3.0233,3.061,1378300,4.1
2018-08-22,3.083,3.0905,3.0308,3.0311,710020,4.06
2018-08-23,3.0308,3.098,3.0233,3.061,835750,4.1
2018-08-24,3.0756,3.083,3.0383,3.0386,698500,4.07
2018-08-27,3.0607,3.0756,3.0457,3.0535,1086880,4.09
2018-08-28,3.0532,3.083,3.0532,3.061,1136070,4.1
2018-08-29,3.0532,3.2025,3.0532,3.158,2015450,4.23
2018-08-30,3.1876,3.195,3.1204,3.158,762580,4.23
2018-08-31,3.1353,3.1577,3.0905,3.0908,945820,4.14
2018-09-04,3.0905,3.1054,3.0607,3.061,1026780,4.1
2018-09-05,3.0607,3.0905,3.0084,3.0087,1238960,4.03
2018-09-06,3.0084,3.0607,3.0084,3.0236,736160,4.05
2018-09-07,3.0233,3.0457,2.9935,3.0087,597860,4.03
2018-09-10,3.0084,3.0457,2.9935,2.9938,831520,4.01
2018-09-11,2.9935,3.0532,2.986,3.0087,668330,4.03
2018-09-12,3.0383,3.0383,3.0009,3.0012,871570,4.02
2018-09-13,3.0084,3.1204,3.0084,3.061,1419660,4.1
2018-09-14,3.0607,3.21,3.0383,3.1804,1887850,4.26
2018-09-17,3.195,3.195,3.1054,3.1356,1137580,4.2
2018-09-18,3.1353,3.1353,3.0233,3.0908,735290,4.14
2018-09-19,3.0905,3.1129,3.0607,3.0834,819490,4.13
2018-09-20,3.0756,3.1204,3.0607,3.0759,689180,4.12
2018-09-21,3.0756,3.2025,3.0607,3.1505,1424840,4.22
2018-09-24,3.1652,3.2622,3.1428,3.1505,965040,4.22
2018-09-25,3.1428,3.1876,3.1428,3.1431,654930,4.21
2018-09-26,3.1428,3.195,3.1428,3.1804,1242020,4.26
2018-09-27,3.1876,3.2995,3.1726,3.2327,2509240,4.33
2018-09-28,3.2846,3.3443,3.2473,3.2625,1629710,4.37
2018-10-01,3.2622,3.307,3.21,3.2401,1780400,4.34
2018-10-02,3.2398,3.2473,3.1502,3.1729,1562940,4.25
2018-10-03,3.1577,3.2025,3.1502,3.1729,1053990,4.25
2018-10-04,3.195,3.2398,3.1801,3.2177,576660,4.31
2018-10-05,3.21,3.2921,3.2025,3.2177,1336260,4.31
2018-10-08,3.2174,3.2473,3.1652,3.1879,1008680,4.27
2018-10-09,3.1876,3.2323,3.1726,3.1879,1001210,4.27
2018-10-10,3.1801,3.21,3.1353,3.1431,730540,4.21
2018-10-11,2.9263,3.098,2.9263,2.9266,3245540,3.92
2018-10-12,2.9114,3.0159,2.874,2.949,1083150,3.95
2018-10-15,2.9487,3.0009,2.9263,2.949,520700,3.95
2018-10-16,2.986,3.0084,2.9561,2.9863,556350,4
2018-10-17,3.0457,3.0457,3.0084,3.046,496850,4.08
2018-10-18,3.0457,3.0532,2.986,2.9863,415650,4
2018-10-19,2.9561,3.0084,2.9487,2.9788,702950,3.99
2018-10-22,2.9636,3.0084,2.9561,2.9788,542750,3.99
2018-10-23,3.0009,3.0009,2.874,2.8892,659010,3.87
2018-10-24,2.889,2.9487,2.8815,2.8892,468590,3.87
2018-10-25,2.777,2.889,2.7621,2.8892,840730,3.87
2018-10-26,2.9114,3.0457,2.9114,3.0087,1405770,4.03
2018-10-29,3.0084,3.0457,2.9561,2.9938,492780,4.01
2018-10-30,3.0233,3.195,2.9487,3.1356,2013580,4.2
2018-10-31,3.2398,3.2473,3.1353,3.1804,2428040,4.26
2018-11-01,3.195,3.195,3.0756,3.0834,984010,4.13
2018-11-02,3.1278,3.1353,3.0905,3.1058,1290140,4.16
2018-11-05,3.1129,3.2323,3.083,3.1879,1883040,4.27
2018-11-06,3.195,3.195,3.1502,3.1505,502100,4.22
2018-11-07,3.1502,3.1652,3.1054,3.1356,598340,4.2
2018-11-08,3.1726,3.2174,3.1204,3.1207,2661150,4.18
2018-11-09,3.1204,3.1353,3.0607,3.0759,915330,4.12
2018-11-12,3.0756,3.1502,3.0607,3.1356,1054660,4.2
2018-11-13,3.0905,3.1278,3.0756,3.0834,638330,4.13
2018-11-14,3.0905,3.1054,3.0532,3.0535,788730,4.09
2018-11-15,3.0532,3.083,2.9935,3.0087,1164920,4.03
2018-11-16,3.0233,3.0607,3.0009,3.0311,568190,4.06
2018-11-19,3.0308,3.0756,3.0308,3.0311,782910,4.06
2018-11-20,3.0233,3.0532,3.0084,3.0311,479470,4.06
2018-11-21,3.0308,3.0457,3.0159,3.0236,759850,4.05
2018-11-22,3.0532,3.0681,3.0308,3.046,690170,4.08
2018-11-23,3.0607,3.0607,3.0383,3.046,644500,4.08
2018-11-26,3.0532,3.0532,3.0159,3.0311,199270,4.06
2018-11-27,3.0383,3.0532,3.0159,3.0162,907790,4.04
2018-11-28,3.0383,3.0383,2.9785,3.0087,604630,4.03
2018-11-29,3.0233,3.0457,2.986,2.9863,567250,4
2018-11-30,2.9785,3.0233,2.9636,3.0087,438360,4.03
2018-12-03,3.0159,3.0457,3.0009,3.0236,773840,4.05
2018-12-04,3.0308,3.0308,3.0009,3.0087,326570,4.03
2018-12-05,3.0009,3.098,2.986,3.0759,1419410,4.12
2018-12-06,3.0681,3.098,3.0383,3.0759,744330,4.12
2018-12-07,3.0756,3.1129,3.0607,3.0908,1111040,4.14
2018-12-10,3.0607,3.1801,3.0607,3.1207,1327810,4.18
2018-12-11,3.1204,3.1502,3.098,3.0983,572830,4.15
2018-12-12,3.1278,3.1502,3.083,3.1505,935630,4.22
2018-12-13,3.1502,3.2473,3.1129,3.1132,2523250,4.17
2018-12-14,3.1129,3.1577,3.083,3.0983,1051590,4.15
2018-12-17,3.1204,3.1204,3.0383,3.0386,1055580,4.07
2018-12-18,3.0159,3.0532,2.986,3.0386,811240,4.07
2018-12-19,3.0457,3.0532,2.9935,3.0012,520360,4.02
2018-12-20,3.0009,3.0233,2.986,3.0236,546210,4.05
2018-12-21,3.0233,3.0233,3.0009,3.0087,606610,4.03
2018-12-24,3.0159,3.0457,2.9785,2.9863,2328610,4
2018-12-25,2.9561,2.9561,2.8815,2.9415,1055520,3.94
2018-12-26,2.9487,2.9487,2.9114,2.9116,292430,3.9
2018-12-27,2.9711,2.986,2.9412,2.9415,757410,3.94
2018-12-28,2.9412,2.9636,2.9412,2.9415,888750,3.94
2019-01-02,2.9412,2.9711,2.9337,2.9415,512600,3.94
2019-01-03,2.9561,2.9561,2.9337,2.949,661430,3.95
2019-01-04,2.9188,2.9487,2.9114,2.9415,932610,3.94
2019-01-07,2.9636,3.0383,2.9412,2.9564,483630,3.96
2019-01-08,2.9711,2.9935,2.9337,2.934,560020,3.93
2019-01-09,2.9487,2.9935,2.9412,2.9564,194100,3.96
2019-01-10,2.9561,2.9785,2.9263,2.934,241220,3.93
2019-01-11,2.9412,2.9487,2.9114,2.9191,409950,3.91
2019-01-14,2.9188,2.9412,2.9114,2.9116,269090,3.9
2019-01-15,2.9337,2.9412,2.9114,2.9266,519430,3.92
2019-01-16,2.9263,2.9711,2.9263,2.9266,199620,3.92
2019-01-17,2.9263,2.9636,2.9263,2.934,240460,3.93
2019-01-18,2.9561,2.9935,2.9337,2.9788,402260,3.99
2019-01-21,2.9785,2.9935,2.9337,2.9564,216800,3.96
2019-01-22,2.9561,3.0233,2.9561,2.9639,959080,3.97
2019-01-23,2.9935,3.0084,2.9636,2.9938,460330,4.01
2019-01-24,2.9711,3.0084,2.9711,2.9863,126470,4
2019-01-25,2.986,3.0009,2.9487,2.9639,369960,3.97
2019-01-28,2.9636,2.9636,2.9337,2.934,533760,3.93
2019-01-29,2.9487,2.9487,2.9188,2.9191,520770,3.91
2019-01-30,2.9263,2.9412,2.8666,2.8668,688860,3.84
2019-01-31,2.9039,2.9039,2.8367,2.8967,788180,3.88
2019-02-01,2.8964,2.9263,2.8815,2.9116,140820,3.9
2019-02-11,2.9114,2.9412,2.9114,2.9415,396260,3.94
2019-02-12,2.9412,2.986,2.9114,2.9639,684930,3.97
2019-02-13,2.9636,3.0084,2.9636,3.0012,977120,4.02
2019-02-14,2.986,3.0084,2.9785,2.9938,723010,4.01
2019-02-15,2.9935,3.0159,2.9785,2.9938,742670,4.01
2019-02-18,2.9935,3.083,2.9935,3.046,610260,4.08
2019-02-19,3.0457,3.0756,3.0084,3.0087,545060,4.03
2019-02-20,3.0084,3.0233,2.986,3.0087,504170,4.03
2019-02-21,2.9935,3.0159,2.986,2.9938,348970,4.01
2019-02-22,2.9935,3.0084,2.986,2.9938,706610,4.01
2019-02-25,2.9935,3.0532,2.9935,3.0087,624950,4.03
2019-02-26,3.0159,3.0532,3.0084,3.0236,1777920,4.05
2019-02-27,3.0308,3.0457,3.0159,3.0162,582420,4.04
2019-02-28,3.0233,3.0233,2.986,2.9863,1292330,4
2019-03-01,2.986,3.0084,2.9636,2.9863,730130,4
2019-03-04,2.986,3.0308,2.986,3.0162,1100240,4.04
2019-03-05,3.0383,3.195,3.0308,3.1132,3480040,4.17
2019-03-06,3.1353,3.1726,3.0607,3.1058,733020,4.16
2019-03-07,3.1278,3.21,3.1129,3.1356,1952240,4.2
2019-03-08,3.1353,3.1428,3.0756,3.0983,955460,4.15
2019-03-11,3.098,3.098,3.0457,3.061,806040,4.1
2019-03-12,3.0756,3.1129,3.0233,3.0535,1298520,4.09
2019-03-13,3.0532,3.0681,3.0233,3.0311,679240,4.06
2019-03-14,3.0308,3.098,3.0233,3.0311,1277020,4.06
2019-03-15,3.0308,3.0756,3.0233,3.0236,749770,4.05
2019-03-18,3.0233,3.0532,3.0233,3.0311,799770,4.06
2019-03-19,3.0308,3.1428,3.0308,3.061,2696960,4.1
2019-03-20,3.098,3.1204,3.0756,3.1058,1266020,4.16
2019-03-21,3.1054,3.1353,3.0383,3.061,982900,4.1
2019-03-22,3.0607,3.1652,3.0607,3.0983,2112920,4.15
2019-03-25,3.0681,3.0681,3.0084,3.0236,1457510,4.05
2019-03-26,3.0532,3.0532,3.0009,3.0236,431140,4.05
2019-03-27,3.0233,3.0532,3.0159,3.0162,816520,4.04
2019-03-28,3.0159,3.0383,3.0084,3.0087,1119060,4.03
2019-03-29,3.0159,3.0383,3.0084,3.0236,724950,4.05
2019-04-01,3.0308,3.0308,2.9785,3.0087,1129180,4.03
2019-04-02,3.0084,3.0233,2.9935,3.0087,1069600,4.03
2019-04-03,2.9935,3.0159,2.9935,3.0012,650760,4.02
2019-04-04,3.0009,3.098,3.0009,3.046,1417990,4.08
2019-04-05,3.0457,3.0607,3.0084,3.0087,930120,4.03
2019-04-08,3.0084,3.0308,3.0009,3.0087,1644120,4.03
2019-04-09,3.0233,3.0383,3.0009,3.0087,835780,4.03
2019-04-10,3.0009,3.0159,2.986,3.0012,1507290,4.02
2019-04-11,2.9935,3.0009,2.9785,3.0012,1507430,4.02
2019-04-12,2.9935,3.0009,2.9711,2.9863,604390,4
2019-04-16,2.9785,2.9935,2.9337,2.9788,995450,3.99
2019-04-17,2.9785,2.9935,2.9711,2.9714,705940,3.98
2019-04-18,2.9711,2.9711,2.874,2.9116,530160,3.9
2019-04-19,2.8964,2.9561,2.8964,2.9042,377550,3.89
2019-04-22,2.8591,2.9039,2.8591,2.8818,626430,3.86
2019-04-23,2.8815,2.8964,2.874,2.8818,305910,3.86
2019-04-24,2.8815,2.9561,2.8815,2.9564,413210,3.96
2019-04-25,2.9561,2.9561,2.9114,2.9191,314680,3.91
2019-04-26,2.9188,2.9412,2.9039,2.9042,270300,3.89
2019-05-02,2.9114,2.9785,2.889,2.9042,527960,3.89
2019-05-03,2.9039,2.9263,2.8666,2.9042,324170,3.89
2019-05-06,2.874,2.8815,2.7994,2.837,696690,3.8
2019-05-07,2.8367,2.889,2.8367,2.8743,676510,3.85
2019-05-08,2.8292,2.874,2.8218,2.8221,535510,3.78
2019-05-09,2.8367,2.8442,2.7919,2.7997,351770,3.75
2019-05-10,2.8218,2.8218,2.7546,2.7847,353900,3.73
2019-05-13,2.7844,2.7919,2.7621,2.7922,189820,3.74
2019-05-14,2.777,2.7994,2.7546,2.7773,144290,3.72
2019-05-15,2.7919,2.8218,2.7695,2.7922,357290,3.74
2019-05-16,2.8143,2.8143,2.777,2.7773,215420,3.72
2019-05-17,2.8068,2.8068,2.7471,2.7474,414160,3.68
2019-05-20,2.7546,2.7844,2.7322,2.7325,597710,3.66
2019-05-21,2.7322,2.7695,2.7322,2.7325,332980,3.66
2019-05-22,2.7322,2.7621,2.7322,2.7325,172900,3.66
2019-05-23,2.7322,2.7546,2.7098,2.7101,205430,3.63
2019-05-24,2.7098,2.7247,2.6874,2.6877,488900,3.6
2019-05-27,2.7098,2.7322,2.6874,2.6877,256500,3.6
2019-05-28,2.6949,2.7173,2.6725,2.6802,339600,3.59
2019-05-29,2.6725,2.7023,2.6725,2.6727,276260,3.58
2019-05-30,2.6799,2.7023,2.6725,2.6877,638780,3.6
2019-05-31,2.7023,2.7844,2.6874,2.725,459440,3.65
2019-06-03,2.7471,2.7471,2.6799,2.6877,405470,3.6
2019-06-04,2.6949,2.7023,2.6725,2.7026,636300,3.62
2019-06-05,2.7173,2.7397,2.6799,2.6877,656470,3.6
2019-06-06,2.6874,2.6874,2.6128,2.613,671060,3.5
2019-06-07,2.6128,2.6575,2.6128,2.6205,128390,3.51
2019-06-10,2.6202,2.7023,2.6202,2.6877,355620,3.6
2019-06-11,2.6874,2.7173,2.6501,2.6503,474650,3.55
2019-06-12,2.6575,2.6874,2.6501,2.6503,273020,3.55
2019-06-13,2.665,2.7247,2.6575,2.6877,421320,3.6
2019-06-14,2.7023,2.7471,2.7023,2.7101,433630,3.63
2019-06-17,2.7322,2.7322,2.6725,2.6877,336170,3.6
2019-06-18,2.6874,2.7247,2.6575,2.6578,266060,3.56
2019-06-19,2.6426,2.7023,2.6277,2.6429,406410,3.54
2019-06-20,2.6501,2.6575,2.6128,2.6354,461420,3.53
2019-06-21,2.6351,2.665,2.6277,2.6279,163610,3.52
2019-06-24,2.6277,2.6501,2.5456,2.5608,1003840,3.43
2019-06-25,2.5306,2.5754,2.4858,2.5085,795810,3.36
2019-06-26,2.4933,2.5306,2.4858,2.4936,562040,3.34
2019-06-27,2.4411,2.5232,2.4411,2.4413,316390,3.27
2019-06-28,2.5008,2.5008,2.4112,2.501,484730,3.35
2019-07-01,2.5381,2.553,2.5232,2.5384,832360,3.4
2019-07-02,2.4933,2.5456,2.4933,2.4936,267970,3.34
2019-07-03,2.4933,2.5008,2.4635,2.4786,155140,3.32
2019-07-04,2.4933,2.5232,2.4411,2.5234,361250,3.38
2019-07-05,2.5232,2.553,2.5157,2.5384,230290,3.4
2019-07-08,2.5381,2.5381,2.4933,2.5234,122580,3.38
2019-07-09,2.5232,2.5306,2.4933,2.516,319030,3.37
2019-07-10,2.5381,2.5754,2.5306,2.5384,486310,3.4
2019-07-11,2.5829,2.5829,2.5456,2.5832,285870,3.46
2019-07-12,2.6128,2.6426,2.5904,2.613,682220,3.5
2019-07-15,2.6128,2.6128,2.5754,2.5832,146790,3.46
2019-07-16,2.568,2.6128,2.568,2.5906,358400,3.47
2019-07-17,2.6053,2.6053,2.5754,2.5757,133370,3.45
2019-07-18,2.5605,2.5754,2.5381,2.5608,156660,3.43
2019-07-19,2.5754,2.5754,2.5157,2.516,247360,3.37
2019-07-22,2.5157,2.5306,2.5008,2.501,290220,3.35
2019-07-23,2.5008,2.5008,2.4709,2.4712,422870,3.31
2019-07-24,2.4709,2.4933,2.456,2.4562,110560,3.29
2019-07-25,2.456,2.4858,2.4485,2.4488,237160,3.28
2019-07-26,2.456,2.4933,2.4485,2.4637,244590,3.3
2019-07-29,2.4635,2.4635,2.4485,2.4637,135170,3.3
2019-07-30,2.4635,2.4635,2.3963,2.4488,345870,3.28
2019-07-31,2.4485,2.456,2.3888,2.4413,329910,3.27
2019-08-01,2.4411,2.4411,2.3739,2.3741,561400,3.18
2019-08-02,2.3739,2.3739,2.3216,2.3218,453250,3.11
2019-08-05,2.3291,2.344,2.2395,2.2472,810880,3.01
2019-08-06,2.2171,2.3216,2.2022,2.2397,484550,3
2019-08-07,2.2171,2.2843,2.247,2.2771,152490,3.05
2019-08-08,2.2768,2.3142,2.247,2.3069,445830,3.09
2019-08-09,2.3067,2.3813,2.3067,2.3592,318560,3.16
2019-08-12,2.3365,2.3515,2.3142,2.3293,210950,3.12
2019-08-13,2.3142,2.3291,2.2768,2.292,240990,3.07
2019-08-14,2.2918,2.3142,2.2694,2.2696,129710,3.04
2019-08-15,2.2694,2.2843,2.232,2.2472,140670,3.01
2019-08-16,2.2694,2.2768,2.2395,2.2696,238780,3.04
2019-08-19,2.2694,2.2768,2.2395,2.2696,141490,3.04
2019-08-20,2.2768,2.2768,2.2395,2.2696,164070,3.04
2019-08-21,2.2694,2.2694,2.232,2.2472,468140,3.01
2019-08-22,2.247,2.3067,2.2395,2.2397,736150,3
2019-08-23,2.2619,2.2619,2.2246,2.2323,353340,2.99
2019-08-26,2.232,2.232,2.1947,2.1949,253450,2.94
2019-08-27,2.1947,2.2395,2.1947,2.2024,382080,2.95
2019-08-28,2.2022,2.2246,2.1872,2.2248,123940,2.98
2019-08-29,2.2246,2.2694,2.2096,2.2323,173830,2.99
2019-08-30,2.2395,2.2619,2.2171,2.2323,293130,2.99
2019-09-03,2.2246,2.2246,2.1947,2.1949,326490,2.94
2019-09-04,2.2246,2.2096,2.1425,2.1949,652120,2.94
2019-09-05,2.1947,2.1947,2.1499,2.18,144930,2.92
2019-09-06,2.1649,2.1798,2.1574,2.1576,197750,2.89
2019-09-09,2.1649,2.1649,2.1275,2.1277,245720,2.85
2019-09-10,2.1275,2.1499,2.0902,2.0979,497710,2.81
2019-09-11,2.1051,2.135,2.0902,2.1128,180320,2.83
2019-09-12,2.1051,2.1723,2.1051,2.1725,350540,2.91
2019-09-13,2.1723,2.2096,2.1574,2.1875,118360,2.93
2019-09-16,2.1723,2.1872,2.1425,2.1501,187230,2.88
2019-09-17,2.1574,2.2096,2.135,2.2024,594390,2.95
2019-09-18,2.2022,2.2992,2.2022,2.2696,674720,3.04
2019-09-19,2.2619,2.3888,2.2619,2.3517,1480210,3.15
2019-09-20,2.3813,2.4037,2.3515,2.3517,425090,3.15
2019-09-23,2.3515,2.3888,2.3067,2.3368,354740,3.13
2019-09-24,2.3142,2.3291,2.2694,2.2696,311990,3.04
2019-09-25,2.2694,2.3888,2.2246,2.389,913600,3.2
2019-09-26,2.3888,2.3888,2.2395,2.3592,439610,3.16
2019-09-27,2.3589,2.3589,2.3142,2.3144,264900,3.1
2019-09-30,2.3067,2.344,2.3067,2.3144,513980,3.1
2019-10-01,2.344,2.344,2.2992,2.3293,451290,3.12
2019-10-02,2.3291,2.3365,2.3142,2.3368,176500,3.13
2019-10-03,2.3291,2.3365,2.2992,2.3368,302510,3.13
2019-10-04,2.3142,2.3739,2.3142,2.3592,352580,3.16
2019-10-07,2.3515,2.3739,2.3365,2.3592,187050,3.16
2019-10-08,2.3664,2.3813,2.344,2.3442,382460,3.14
2019-10-09,2.3365,2.4261,2.3365,2.3741,840730,3.18
2019-10-10,2.3739,2.4187,2.3739,2.4189,412470,3.24
2019-10-11,2.4336,2.5157,2.4336,2.5085,657590,3.36
2019-10-14,2.5306,2.553,2.4784,2.501,690730,3.35
2019-10-15,2.5008,2.5008,2.4635,2.4936,368550,3.34
2019-10-16,2.5157,2.5157,2.4858,2.501,262830,3.35
2019-10-17,2.5082,2.5082,2.3888,2.4637,567740,3.3
2019-10-18,2.4485,2.4933,2.4261,2.4264,325220,3.25
2019-10-21,2.4037,2.456,2.4037,2.4338,308150,3.26
2019-10-22,2.4336,2.568,2.4261,2.501,477710,3.35
2019-10-23,2.5306,2.5306,2.4858,2.5085,328030,3.36
2019-10-24,2.5306,2.5306,2.4709,2.501,256900,3.35
2019-10-25,2.5008,2.5008,2.3515,2.3592,777760,3.16
2019-10-28,2.3515,2.3888,2.3142,2.3293,535260,3.12
2019-10-29,2.3291,2.3739,2.3216,2.3442,517220,3.14
2019-10-30,2.3515,2.3664,2.3216,2.3666,260230,3.17
2019-10-31,2.3664,2.4187,2.3515,2.3666,344040,3.17
2019-11-01,2.3664,2.3664,2.3291,2.3592,438810,3.16
2019-11-04,2.3664,2.3664,2.3291,2.3293,83830,3.12
2019-11-05,2.3216,2.3365,2.232,2.2845,1292400,3.06
2019-11-06,2.2843,2.2918,2.2395,2.2845,345350,3.06
2019-11-07,2.2918,2.2918,2.2022,2.2248,1062310,2.98
2019-11-08,2.2395,2.2768,2.2395,2.2621,438630,3.03
2019-11-11,2.2619,2.2694,2.232,2.2472,724450,3.01
2019-11-12,2.2619,2.2768,2.2395,2.2696,376620,3.04
2019-11-13,2.2544,2.2918,2.2544,2.2547,386500,3.02
2019-11-14,2.2768,2.2843,2.2544,2.2547,357670,3.02
2019-11-15,2.2544,2.2768,2.2544,2.2696,201510,3.04
2019-11-18,2.2843,2.2843,2.2544,2.2547,138290,3.02
2019-11-19,2.2768,2.2992,2.2694,2.292,288240,3.07
2019-11-20,2.2918,2.2918,2.247,2.292,432650,3.07
2019-11-21,2.2619,2.2992,2.2619,2.2771,328750,3.05
2019-11-22,2.2918,2.2918,2.2544,2.2845,278350,3.06
2019-11-25,2.2843,2.2843,2.2395,2.2621,341390,3.03
2019-11-26,2.2619,2.3067,2.2619,2.292,554320,3.07
2019-11-27,2.2918,2.2992,2.2768,2.2995,206390,3.08
2019-11-28,2.2992,2.456,2.2992,2.4562,2573700,3.29
2019-11-29,2.4411,2.5232,2.4261,2.4338,735400,3.26
2019-12-02,2.4485,2.4485,2.3813,2.4114,291130,3.23
2019-12-03,2.3888,2.3888,2.3142,2.3666,557340,3.17
2019-12-04,2.3365,2.3739,2.3142,2.3218,750130,3.11
2019-12-05,2.3291,2.3664,2.2843,2.2845,478740,3.06
2019-12-06,2.3142,2.344,2.2843,2.292,340150,3.07
2019-12-09,2.2918,2.3664,2.2918,2.3442,372110,3.14
2019-12-10,2.3589,2.3589,2.2843,2.2845,445240,3.06
2019-12-11,2.2843,2.4411,2.2843,2.4413,1447130,3.27
2019-12-12,2.4485,2.4933,2.3888,2.389,634190,3.2
2019-12-13,2.4112,2.4187,2.3589,2.3965,490820,3.21
2019-12-16,2.4187,2.5605,2.3739,2.5608,2863940,3.43
2019-12-17,2.5605,2.7397,2.5605,2.6503,2496640,3.55
2019-12-18,2.6501,2.6501,2.5381,2.5384,614740,3.4
2019-12-19,2.5008,2.5232,2.4187,2.4189,1251450,3.24
2019-12-20,2.4037,2.5008,2.4037,2.4413,729380,3.27
2019-12-23,2.4411,2.5157,2.4411,2.4861,791360,3.33
2019-12-24,2.5008,2.5082,2.4485,2.4488,699200,3.28
2019-12-25,2.4485,2.4933,2.4336,2.4488,629820,3.28
2019-12-26,2.4485,2.4709,2.3963,2.3965,840460,3.21
2019-12-27,2.4112,2.4411,2.3589,2.3592,734810,3.16
2019-12-30,2.3963,2.4037,2.344,2.3592,382740,3.16
2019-12-31,2.3589,2.3739,2.3365,2.3368,408420,3.13
2020-01-02,2.3365,2.4037,2.3365,2.404,224210,3.22
2020-01-03,2.4187,2.4187,2.3664,2.3965,616370,3.21
2020-01-06,2.3739,2.3813,2.3216,2.3517,635420,3.15
2020-01-07,2.344,2.4037,2.344,2.3741,319700,3.18
2020-01-08,2.3739,2.3739,2.2171,2.292,286210,3.07
2020-01-09,2.3291,2.344,2.2918,2.2995,339110,3.08
2020-01-10,2.3365,2.3365,2.2768,2.2771,322040,3.05
2020-01-13,2.2694,2.2992,2.2395,2.2547,287740,3.02
2020-01-14,2.3067,2.3515,2.2619,2.2771,424300,3.05
2020-01-15,2.2918,2.3739,2.2918,2.3442,470820,3.14
2020-01-16,2.3142,2.344,2.3142,2.3368,267520,3.13
2020-01-17,2.3739,2.3739,2.3291,2.3368,305740,3.13
2020-01-20,2.3365,2.4411,2.3365,2.4114,477700,3.23
2020-01-21,2.4261,2.553,2.4112,2.5384,384660,3.4
2020-01-22,2.553,2.6202,2.5008,2.5384,515940,3.4
2020-01-30,2.5754,2.7098,2.5754,2.7101,3169980,3.63
2020-01-31,2.8367,2.8964,2.7994,2.8594,5111080,3.83
2020-02-03,2.7471,2.874,2.665,2.7474,1667130,3.68
2020-02-04,2.7247,2.7471,2.5829,2.6354,1268330,3.53
2020-02-05,2.6351,2.7098,2.5904,2.6354,1475740,3.53
2020-02-06,2.6202,2.8143,2.6202,2.8146,696070,3.77
2020-02-07,3.0084,3.0084,2.9114,3.0087,4587800,4.03
2020-02-10,2.9636,3.2025,2.9188,3.0087,3653890,4.03
2020-02-11,3.0607,3.1278,3.0607,3.061,999090,4.1
2020-02-12,3.0607,3.1129,2.9785,3.0162,2516700,4.04
2020-02-13,3.0233,3.2249,2.9785,3.2252,2977490,4.32
2020-02-14,3.3518,3.4264,3.2473,3.3073,2312700,4.43
2020-02-17,3.307,3.3966,3.2323,3.3596,1231900,4.5
2020-02-18,3.3593,3.5608,3.3294,3.5089,2902990,4.7
2020-02-19,3.4563,3.6131,3.4563,3.5462,1582740,4.75
2020-02-20,3.5459,3.5832,3.3145,3.3596,2649680,4.5
2020-02-21,3.3219,3.5235,3.2921,3.3745,2221360,4.52
2020-02-24,3.3593,3.3593,3.1428,3.1431,2567140,4.21
2020-02-25,2.986,3.098,2.9337,3.0983,3279450,4.15
2020-02-26,3.0009,3.0905,2.9337,2.9938,1344650,4.01
2020-02-27,2.9935,3.2025,2.9935,3.2028,2110450,4.29
2020-02-28,3.21,3.404,3.1876,3.3447,3932030,4.48
2020-03-02,3.4712,3.5757,3.3742,3.5761,2572260,4.79
2020-03-03,3.8072,3.8221,3.74,3.8225,4302900,5.12
2020-03-04,3.8743,4.0684,3.7325,3.8374,3448680,5.14
2020-03-05,3.8221,3.9266,3.7922,3.8299,2204720,5.13
2020-03-06,3.7997,3.8072,3.6952,3.7403,2312680,5.01
2020-03-09,3.4787,3.4787,3.4787,3.479,960080,4.66
2020-03-10,3.2398,3.5086,3.2398,3.3447,4630600,4.48
2020-03-11,3.4339,3.4563,3.1129,3.1132,3826270,4.17
2020-03-12,2.9039,2.9412,2.8964,2.8967,1275590,3.88
2020-03-13,2.6949,2.889,2.6949,2.7698,3812440,3.71
2020-03-16,2.7695,2.9412,2.7247,2.7847,2429470,3.73
2020-03-17,2.9188,2.9188,2.6277,2.9191,1705470,3.91
2020-03-18,2.9711,3.0532,2.9039,3.0162,2813730,4.04
2020-03-19,2.9561,2.9561,2.8068,2.8071,3015450,3.76
2020-03-20,2.9114,2.9114,2.6501,2.6727,1685510,3.58
2020-03-23,2.4933,2.5381,2.4858,2.4861,3018700,3.33
2020-03-24,2.3888,2.6575,2.3888,2.6578,2522110,3.56
2020-03-25,2.8218,2.8218,2.6799,2.7175,1190690,3.64
2020-03-26,2.6874,2.6874,2.5306,2.5309,1697420,3.39
2020-03-27,2.5008,2.5829,2.3888,2.4264,1341570,3.25
2020-03-30,2.2843,2.3142,2.2619,2.2696,2284620,3.04
2020-03-31,2.2694,2.3888,2.1649,2.2472,1151230,3.01
2020-04-01,2.247,2.3739,2.247,2.3442,550060,3.14
2020-04-03,2.3888,2.4261,2.344,2.4264,2464910,3.25
2020-04-06,2.4635,2.5904,2.4635,2.5906,1631520,3.47
2020-04-07,2.6351,2.6351,2.5008,2.5384,892290,3.4
2020-04-08,2.4336,2.6351,2.4336,2.5682,1269870,3.44
2020-04-09,2.6053,2.6277,2.5157,2.5384,2089590,3.4
2020-04-10,2.4858,2.5381,2.4485,2.5085,2065740,3.36
2020-04-13,2.5082,2.6128,2.4784,2.5309,999740,3.39
2020-04-14,2.5381,2.553,2.4784,2.516,1115920,3.37
2020-04-15,2.5157,2.6874,2.5008,2.6877,2086890,3.6
2020-04-16,2.7994,2.874,2.6501,2.7474,2964770,3.68
2020-04-17,2.7919,2.9039,2.7471,2.9042,1536090,3.89
2020-04-20,2.9114,2.9263,2.8367,2.837,2510070,3.8
2020-04-21,2.7695,2.8218,2.6426,2.6429,3185820,3.54
2020-04-22,2.5082,2.7471,2.5082,2.7026,1204930,3.62
2020-04-23,2.7322,2.7695,2.6575,2.7101,741410,3.63
2020-04-24,2.6874,2.7621,2.6351,2.7026,884340,3.62
2020-04-27,2.889,2.889,2.889,2.8892,352950,3.87
2020-04-28,3.0905,3.0905,3.0905,3.0908,481960,4.14
2020-04-29,3.1129,3.2995,3.1054,3.1132,5572600,4.17
2020-05-04,3.0308,3.1054,2.9487,2.949,3183560,3.95
2020-05-05,2.9785,3.1129,2.9561,3.061,3135510,4.1
2020-05-06,3.083,3.2622,3.0607,3.2028,4737840,4.29
2020-05-07,3.1801,3.21,3.1428,3.1505,1851190,4.22
2020-05-08,3.1726,3.21,3.1204,3.1505,2350290,4.22
2020-05-11,3.1502,3.2249,3.1054,3.1505,2965200,4.22
2020-05-12,3.1726,3.1876,3.1204,3.1655,2290910,4.24
2020-05-13,3.1577,3.2995,3.098,3.2103,2499450,4.3
2020-05-14,3.2025,3.3593,3.1876,3.2476,2779690,4.35
2020-05-15,3.3145,3.3145,3.1129,3.1132,2628380,4.17
2020-05-18,3.1129,3.1204,3.0383,3.0684,2277460,4.11
2020-05-19,3.1353,3.1652,3.0607,3.0684,2430690,4.11
2020-05-20,3.0607,3.1054,3.0607,3.0834,1045020,4.13
2020-05-21,3.1054,3.195,3.083,3.1356,1465440,4.2
2020-05-22,3.1652,3.1652,3.0756,3.0759,2151160,4.12
2020-05-25,3.1353,3.21,3.0905,3.0983,2984390,4.15
2020-05-26,3.1054,3.1129,3.0532,3.0684,4700790,4.11
2020-05-27,3.0681,3.098,2.8666,2.8892,5855110,3.87
2020-05-28,2.9412,2.9785,2.874,2.949,2105120,3.95
2020-05-29,2.9337,3.083,2.8964,3.046,1870890,4.08
2020-06-01,3.0905,3.1278,3.0607,3.0759,3982460,4.12
2020-06-02,3.1129,3.1204,2.9636,2.9639,2839240,3.97
2020-06-03,2.986,3.1652,2.9636,3.1655,5128220,4.24
2020-06-04,3.2473,3.3742,3.2025,3.2476,7085690,4.35
2020-06-05,3.3145,3.4488,3.3145,3.4342,5627700,4.6
2020-06-08,3.5832,3.6728,3.5533,3.6732,4955710,4.92
2020-06-09,3.8445,3.8519,3.6205,3.7403,5964750,5.01
2020-06-10,3.6952,4.0012,3.6355,4.0016,6766360,5.36
2020-06-11,4.1804,4.2774,3.725,3.7254,10468830,4.99
2020-06-12,3.5832,3.9565,3.5757,3.9568,7905720,5.3
2020-06-15,4.0684,4.2327,3.725,3.7254,7115430,4.99
2020-06-16,3.7325,3.8669,3.7325,3.7777,5284430,5.06
2020-06-17,3.5832,3.5832,3.2398,3.2551,5396070,4.36
2020-06-18,3.21,3.3891,3.0756,3.3596,5157040,4.5
2020-06-19,3.3593,3.4339,3.3369,3.3895,2681820,4.54
2020-06-22,3.3966,3.4563,3.3294,3.3521,2581850,4.49
2020-06-23,3.3369,3.4264,3.2697,3.3223,4036770,4.45
2020-06-24,3.3518,3.3667,3.2249,3.2252,2050320,4.32
2020-06-25,3.1353,3.2473,3.098,3.2252,2247890,4.32
2020-06-26,3.2473,3.2771,3.1278,3.1804,1509360,4.26
2020-06-29,3.1726,3.1726,2.9711,2.9863,3466900,4
2020-06-30,3.0308,3.083,2.8516,2.9042,3458920,3.89
2020-07-01,2.986,3.1054,2.9114,3.1058,3410850,4.16
2020-07-02,3.1726,3.1726,3.0607,3.1058,1658270,4.16
2020-07-03,3.1204,3.21,3.0756,3.1282,1765780,4.19
2020-07-06,3.1801,3.195,3.1054,3.1132,1800440,4.17
2020-07-07,3.1353,3.1502,3.0308,3.0311,2181380,4.06
2020-07-08,3.0308,3.083,3.0233,3.0834,1543600,4.13
2020-07-09,3.083,3.1801,3.0681,3.1655,2428960,4.24
2020-07-10,3.1652,3.1876,3.1129,3.1282,1637100,4.19
2020-07-13,3.1204,3.1801,3.1054,3.1058,1960350,4.16
2020-07-14,3.083,3.1353,3.083,3.1356,791210,4.2
2020-07-15,3.1353,3.1577,3.1204,3.1282,922030,4.19
2020-07-16,3.1353,3.1428,3.0905,3.1356,1246110,4.2
2020-07-17,3.1353,3.1428,3.1129,3.1207,868070,4.18
2020-07-20,3.2174,3.2473,3.1278,3.2177,2974570,4.31
2020-07-21,3.2622,3.3219,3.2398,3.2924,2377930,4.41
2020-07-22,3.2846,3.3145,3.2025,3.2028,1958560,4.29
2020-07-23,3.2025,3.2025,3.098,3.158,2030230,4.23
2020-07-24,3.1353,3.1353,2.9412,2.9415,4326540,3.94
2020-07-27,2.7397,2.7994,2.7397,2.7399,4440860,3.67
2020-07-28,2.7397,2.8367,2.6874,2.8146,2169870,3.77
2020-07-29,2.6949,2.7621,2.6202,2.6354,2972470,3.53
2020-07-30,2.6351,2.7546,2.6351,2.7026,1146460,3.62
2020-07-31,2.889,2.889,2.8218,2.8892,1969680,3.87
2020-08-03,3.0905,3.0905,2.986,3.0908,5036130,4.14
2020-08-04,3.21,3.2249,3.0756,3.0834,3235730,4.13
2020-08-05,3.0607,3.2025,3.0607,3.1207,2921050,4.18
2020-08-06,3.1054,3.3145,3.0905,3.2327,3884550,4.33
2020-08-07,3.21,3.3443,3.21,3.2327,2862080,4.33
2020-08-10,3.2771,3.3219,3.2398,3.2551,2661150,4.36
2020-08-11,3.2771,3.2846,3.2025,3.2103,2373600,4.3
2020-08-12,3.21,3.2398,3.1353,3.1505,2643570,4.22
2020-08-13,3.1726,3.2323,3.1502,3.2103,1370080,4.3
2020-08-14,3.21,3.2249,3.1353,3.1879,2125980,4.27
2020-08-17,3.1801,3.195,3.1428,3.1804,2230740,4.26
2020-08-18,3.1801,3.2697,3.1801,3.2103,2012070,4.3
2020-08-19,3.21,3.2323,3.1726,3.1879,1101980,4.27
2020-08-20,3.1876,3.2622,3.1801,3.1879,2741970,4.27
2020-08-21,3.2025,3.2473,3.2025,3.2252,2686480,4.32
2020-08-24,3.2697,3.3891,3.2547,3.3671,3963150,4.51
2020-08-25,3.4115,3.4115,3.2846,3.2849,2775400,4.4
2020-08-26,3.2697,3.4563,3.2697,3.4342,4561650,4.6
2020-08-27,3.4339,3.5011,3.419,3.494,2568180,4.68
2020-08-28,3.4936,3.5683,3.4339,3.4492,3340570,4.62
2020-08-31,3.4488,3.4563,3.3294,3.3671,3252160,4.51
2020-09-01,3.3593,3.4414,3.3294,3.4268,2621800,4.59
2020-09-03,3.4638,3.4638,3.404,3.4268,2561360,4.59
2020-09-04,3.3816,3.3966,3.3219,3.3521,2238510,4.49
2020-09-07,3.3593,3.4862,3.3443,3.3969,3339850,4.55
2020-09-08,3.3891,3.4787,3.3816,3.4641,2291890,4.64
2020-09-09,3.419,3.4563,3.404,3.4342,1865740,4.6
2020-09-10,3.4712,3.5683,3.4488,3.494,3547890,4.68
2020-09-11,3.4936,3.6056,3.4936,3.5612,2987620,4.77
2020-09-14,3.5832,3.6504,3.5757,3.5985,1890060,4.82
2020-09-15,3.6131,3.6429,3.5309,3.5462,2609730,4.75
2020-09-16,3.5235,3.6056,3.5235,3.5612,1690970,4.77
2020-09-17,3.5683,3.7325,3.5384,3.6582,4601400,4.9
2020-09-18,3.6579,3.7026,3.6205,3.6508,1161250,4.89
2020-09-21,3.6728,3.6877,3.6056,3.606,1903260,4.83
2020-09-22,3.6056,3.6205,3.5533,3.591,2881060,4.81
2020-09-23,3.6205,3.6355,3.5459,3.5985,2220220,4.82
2020-09-24,3.5832,3.6056,3.5683,3.5686,1679170,4.78
2020-09-25,3.5683,3.6131,3.5459,3.5836,1855190,4.8
2020-09-28,3.6056,3.7325,3.5757,3.7105,3234460,4.97
2020-09-29,3.7922,3.8221,3.6728,3.6732,5476840,4.92
2020-09-30,3.6728,3.7026,3.6205,3.6657,1618820,4.91
2020-10-01,3.6952,3.7549,3.6877,3.6955,2495070,4.95
2020-10-02,3.6728,3.7549,3.5235,3.6358,4630240,4.87
2020-10-05,3.7325,3.8146,3.725,3.7553,5994190,5.03
2020-10-06,3.7997,3.9341,3.7698,3.8971,6545970,5.22
2020-10-07,3.8893,4.061,3.8669,3.9942,7049370,5.35
2020-10-08,3.9863,4.0236,3.8967,3.9046,4090490,5.23
2020-10-09,3.9042,4.0535,3.8743,3.9718,4319460,5.32
2020-10-12,4.0311,4.0684,3.8669,3.8673,6104690,5.18
2020-10-13,3.8669,3.9266,3.8445,3.9121,3388170,5.24
2020-10-14,3.9565,4.0012,3.9191,3.9568,3900690,5.3
2020-10-15,3.9266,3.9565,3.8295,3.8449,3855560,5.15
2020-10-16,3.8445,3.8967,3.8072,3.8523,2134450,5.16
2020-10-19,3.8594,3.9191,3.7773,3.8449,2857090,5.15
2020-10-20,3.8818,3.9639,3.8519,3.8747,3098970,5.19
2020-10-21,3.9117,3.9117,3.7325,3.7403,3386670,5.01
2020-10-22,3.7325,3.7549,3.6429,3.703,3951750,4.96
2020-10-23,3.8221,3.8594,3.7101,3.7478,3265650,5.02
2020-10-26,3.7698,3.7922,3.6802,3.6806,2709290,4.93
2020-10-27,3.6802,3.7176,3.5981,3.5985,3544740,4.82
2020-10-28,3.5683,3.6205,3.3593,3.4342,4178920,4.6
2020-10-29,3.4339,3.5533,3.3891,3.4566,3298890,4.63
2020-10-30,3.4563,3.5086,3.3966,3.4492,1392050,4.62
2020-11-02,3.4712,3.5086,3.4339,3.4865,1539230,4.67
2020-11-03,3.5309,3.6205,3.5086,3.606,1365490,4.83
2020-11-04,3.628,3.6504,3.5683,3.591,1303800,4.81
2020-11-05,3.5907,3.6355,3.5459,3.5462,3208980,4.75
2020-11-06,3.5459,3.5757,3.4787,3.5388,1713010,4.74
2020-11-09,3.5235,3.6056,3.4488,3.5313,3275540,4.73
2020-11-10,3.5832,3.5832,3.4712,3.4716,2170960,4.65
2020-11-11,3.4712,3.5384,3.4712,3.5014,1057500,4.69
2020-11-12,3.5309,3.5309,3.4488,3.4716,1658180,4.65
2020-11-13,3.4862,3.5981,3.4638,3.5612,2707460,4.77
2020-11-16,3.5832,3.5981,3.5086,3.5238,2356100,4.72
2020-11-17,3.5086,3.5683,3.5086,3.5462,2748770,4.75
2020-11-18,3.5459,3.6205,3.5309,3.5388,2789610,4.74
2020-11-19,3.5384,3.6728,3.5384,3.6582,4435380,4.9
2020-11-20,3.6579,3.8594,3.6504,3.8299,5315770,5.13
2020-11-23,3.8445,3.8519,3.74,3.7478,2802370,5.02
2020-11-24,3.7474,3.7549,3.6429,3.6955,2809360,4.95
2020-11-25,3.6952,3.725,3.6653,3.6732,2693940,4.92
2020-11-26,3.6579,3.7773,3.628,3.7329,2256580,5
2020-11-27,3.7474,3.7549,3.7026,3.7254,1095900,4.99
2020-11-30,3.725,3.725,3.6429,3.6433,2151430,4.88
2020-12-01,3.5086,3.6355,3.5086,3.6358,2738480,4.87
2020-12-02,3.6355,3.6355,3.5832,3.5836,1834480,4.8
2020-12-03,3.6205,3.6728,3.5757,3.6582,2442380,4.9
2020-12-04,3.6504,3.6877,3.628,3.6284,1906850,4.86
2020-12-07,3.7325,3.7773,3.6205,3.7329,4401330,5
2020-12-08,3.7325,3.7325,3.6429,3.6433,3634690,4.88
2020-12-09,3.6579,3.6952,3.6429,3.6806,1796440,4.93
2020-12-10,3.6653,3.7026,3.5683,3.5761,3692650,4.79
2020-12-11,3.5832,3.6056,3.5459,3.5836,2143230,4.8
2020-12-14,3.6205,3.6728,3.5757,3.6732,4403450,4.92
2020-12-15,3.6579,3.7101,3.5981,3.6582,3937100,4.9
2020-12-16,3.6728,3.7176,3.6579,3.6955,5073270,4.95
2020-12-17,3.7026,3.8743,3.6802,3.8374,9357070,5.14
2020-12-18,3.8818,3.9639,3.837,3.8374,5542600,5.14
2020-12-21,3.8519,3.9341,3.7698,3.8299,4563300,5.13
2020-12-22,3.8072,3.9565,3.7922,3.927,7333270,5.26
2020-12-23,3.9938,4.1953,3.9565,4.0315,9306220,5.4
2020-12-24,4.1207,4.1804,3.8072,3.9643,5135230,5.31
2020-12-25,3.9266,4.0684,3.8743,4.0539,5586730,5.43
2020-12-28,4.1804,4.3372,4.1729,4.3376,8761790,5.81
2020-12-29,4.4715,4.6358,4.4044,4.6138,14476670,6.18
2020-12-30,4.5163,4.7179,4.4939,4.5168,6562520,6.05
2020-12-31,4.5163,4.6134,4.479,4.5093,6141900,6.04
2021-01-04,4.591,4.7776,4.5014,4.6512,5429100,6.23
2021-01-05,4.5835,4.688,4.5835,4.6288,5226800,6.2
2021-01-06,4.6283,4.912,4.5984,4.6736,7255400,6.26
2021-01-07,4.7328,4.7776,4.6656,4.696,4737100,6.29
2021-01-08,4.7328,4.9792,4.6806,4.8154,6730600,6.45
2021-01-11,4.912,5.121,4.8523,5.0767,8476300,6.8
2021-01-12,5.1135,5.2031,5.0389,5.1887,6315700,6.95
2021-01-13,5.2255,5.2255,4.8523,4.8527,7909300,6.5
2021-01-14,4.9269,5.0687,4.8746,5.0095,6675200,6.71
2021-01-15,5.121,5.2778,5.0389,5.2484,4696900,7.03
2021-01-18,5.3748,5.6137,5.3002,5.5844,7319900,7.48
2021-01-19,5.5838,5.6211,5.1956,5.2036,7211900,6.97
2021-01-20,5.2031,5.2554,4.8448,5.0916,5714700,6.82
2021-01-21,5.1956,5.3002,4.9717,5.3007,6351900,7.1
2021-01-22,5.2628,5.3524,5.1509,5.1514,6142900,6.9
2021-01-25,5.1434,5.3076,5.0762,5.1439,5198800,6.89
2021-01-26,5.1658,5.1732,4.7851,4.7855,8121200,6.41
2021-01-27,4.703,4.8149,4.4566,4.4571,6472200,5.97
2021-01-28,4.1505,4.3297,4.1505,4.151,4508100,5.56
2021-01-29,3.8669,4.3297,3.8669,4.2107,6843300,5.64
2021-02-01,4.2103,4.2924,3.9191,3.9195,5081600,5.25
2021-02-02,3.8818,3.9714,3.7325,3.9718,3503700,5.32
2021-02-03,3.9714,4.2327,3.949,4.2182,4167600,5.65
2021-02-04,4.2401,4.3222,4.1058,4.1734,2938000,5.59
2021-02-05,4.2327,4.3596,4.2028,4.2928,2935900,5.75
2021-02-08,4.0311,4.3596,4.0311,4.0315,3785300,5.4
2021-02-09,4.0311,4.2551,4.0311,4.2555,1987500,5.7
2021-02-17,4.3222,4.5462,4.2849,4.5466,2948200,6.09
2021-02-18,4.5537,4.8373,4.5163,4.7184,3931200,6.32
2021-02-19,4.6283,4.8075,4.5984,4.6437,2519900,6.22
2021-02-22,4.6656,4.6955,4.5611,4.584,2916500,6.14
2021-02-23,4.5984,4.7253,4.5611,4.6362,3202100,6.21
2021-02-24,4.703,4.7104,4.4417,4.4795,3608100,6
2021-02-25,4.591,4.6134,4.479,4.5242,2884700,6.06
2021-02-26,4.4417,4.5462,4.4417,4.5466,2862600,6.09
2021-03-01,4.5537,4.6582,4.5537,4.5616,2818000,6.11
2021-03-02,4.6507,4.6507,4.5387,4.584,3757200,6.14
2021-03-03,4.5686,4.7179,4.5462,4.696,6262300,6.29
2021-03-04,4.7776,4.9269,4.5686,4.569,5659400,6.12
2021-03-05,4.5984,4.8448,4.591,4.8229,3452800,6.46
2021-03-08,4.897,4.9418,4.7925,4.8005,5035800,6.43
2021-03-09,4.8,4.8896,4.7403,4.7557,4154900,6.37
2021-03-10,4.7776,4.8896,4.7403,4.8229,4568900,6.46
2021-03-11,4.8896,4.9194,4.8448,4.8602,4564900,6.51
2021-03-12,4.9194,5.0762,4.8672,5.0319,5278600,6.74
2021-03-15,5.1135,5.1583,5.0389,5.0692,4756200,6.79
2021-03-16,5.2255,5.2479,5.121,5.1215,8319900,6.86
2021-03-17,5.1434,5.1956,5.009,5.0095,5234400,6.71
2021-03-18,5.0389,5.1061,4.9792,5.0319,3937600,6.74
2021-03-19,5.0239,5.0613,4.9344,5.0245,3355100,6.73
2021-03-22,5.0239,5.1359,5.0239,5.0245,2905000,6.73
2021-03-23,5.0239,5.121,4.9866,4.9946,4121400,6.69
2021-03-24,4.9418,4.9717,4.7776,4.8527,4042200,6.5
2021-03-25,4.9269,4.9717,4.8523,4.8975,3759900,6.56
2021-03-26,4.8523,4.897,4.5686,4.8154,3241800,6.45
2021-03-29,4.8373,4.9941,4.8373,4.9946,4248700,6.69
2021-03-30,5.0389,5.0762,5.0016,5.0394,4189200,6.75
2021-03-31,5.1135,5.3897,5.0762,5.3903,12868000,7.22
2021-04-01,5.6734,5.763,5.6435,5.7636,8833200,7.72
2021-04-02,6.1661,6.1661,5.8974,5.9054,10771600,7.91
2021-04-05,5.86,5.8824,5.6958,5.7486,8313000,7.7
2021-04-06,5.7406,5.8451,5.6809,5.7113,8999000,7.65
2021-04-07,5.7854,5.8974,5.763,5.8233,5660100,7.8
2021-04-08,5.9645,5.9645,5.7928,5.8233,4570000,7.8
2021-04-09,5.8078,5.8152,5.7331,5.7785,5724700,7.74
2021-04-12,5.8078,6.1213,5.7555,6.0323,9676900,8.08
2021-04-13,6.0467,6.1064,5.7928,5.8158,7496900,7.79
2021-04-14,5.7555,5.8899,5.7107,5.8382,6544500,7.82
2021-04-15,5.8302,5.8899,5.7779,5.8009,8075500,7.77
2021-04-16,5.7481,5.8152,5.4495,5.5545,6793100,7.44
2021-04-19,5.5241,5.5465,5.3375,5.4724,3597900,7.33
2021-04-20,5.4718,5.5838,5.3375,5.3753,4591300,7.2
2021-04-22,5.3002,5.3673,5.0762,5.0767,4382400,6.8
2021-04-23,5.0016,5.33,4.9792,5.2036,3973600,6.97
2021-04-26,5.2255,5.2628,5.0389,5.0767,3267800,6.8
2021-04-27,5.0762,5.1434,4.9866,5.0767,1460800,6.8
2021-04-28,5.0687,5.1882,4.9717,5.0767,1958700,6.8
2021-04-29,5.1509,5.1509,5.0762,5.0991,2033100,6.83
2021-05-04,4.8597,5.0389,4.8597,4.9871,2628100,6.68
2021-05-05,5.0389,5.1807,5.0016,5.0692,3163900,6.79
2021-05-06,5.1509,5.3002,5.0762,5.0767,2955600,6.8
2021-05-07,5.0762,5.1285,4.9269,4.9871,2922800,6.68
2021-05-10,4.9866,5.0389,4.9269,4.9871,2246300,6.68
2021-05-11,5.1956,5.3002,5.0762,5.2634,4328800,7.05
2021-05-12,5.2628,5.4047,5.2554,5.3753,4184400,7.2
2021-05-13,5.3449,5.3972,5.2628,5.2634,2376700,7.05
2021-05-14,5.3002,5.3524,5.2554,5.2708,2517900,7.06
2021-05-17,5.33,5.3375,5.2628,5.2634,3095600,7.05
2021-05-18,5.2479,5.2927,5.1732,5.1738,2546700,6.93
2021-05-19,5.1732,5.2255,5.1285,5.1364,1982100,6.88
2021-05-20,5.1359,5.1359,5.0016,5.0021,3233200,6.7
2021-05-21,4.9866,5.2255,4.9344,5.0095,1961200,6.71
2021-05-24,5.1882,5.1956,5.0911,5.0916,1814800,6.82
2021-05-25,5.1359,5.1807,5.1135,5.114,2182800,6.85
2021-05-26,5.1135,5.33,5.0762,5.1738,4570800,6.93
2021-05-27,5.2255,5.3151,5.1135,5.114,2417900,6.85
2021-05-28,5.2255,5.2255,5.121,5.1514,1714100,6.9
2021-05-31,5.0837,5.0837,4.9344,4.9722,4208700,6.66
2021-06-01,5.0016,5.009,4.9344,4.9722,2476400,6.66
2021-06-02,4.9717,5.1285,4.9717,5.0767,1989300,6.8
2021-06-03,5.1285,5.2703,5.1285,5.241,3786900,7.02
2021-06-04,5.2927,5.33,5.121,5.1738,4176500,6.93
2021-06-07,5.1956,5.2703,5.1509,5.1588,2844000,6.91
2021-06-08,5.1583,5.2255,5.0016,5.0021,2592000,6.7
2021-06-09,5.0762,5.0837,4.9269,5.017,2577900,6.72
2021-06-10,5.0389,5.0389,4.9642,5.0095,2058700,6.71
2021-06-11,5.009,5.1135,5.0016,5.0618,1436500,6.78
2021-06-14,5.0762,5.2106,5.0314,5.0394,2410000,6.75
2021-06-15,5.0389,5.1434,5.0389,5.0767,2349400,6.8
2021-06-16,5.1359,5.1509,5.0538,5.1066,1749900,6.84
2021-06-17,5.0762,5.218,5.0687,5.1962,2626300,6.96
2021-06-18,5.2628,5.554,5.233,5.5545,11122000,7.44
2021-06-21,5.5988,5.8675,5.5988,5.5993,5994000,7.5
2021-06-22,5.651,5.6734,5.3748,5.3977,6647900,7.23
2021-06-23,5.3748,5.4121,5.233,5.2484,5639400,7.03
2021-06-24,5.2479,5.3002,5.1732,5.1962,3244700,6.96
2021-06-25,5.2031,5.2703,5.1882,5.2634,1975500,7.05
2021-06-28,5.2927,5.3002,5.2255,5.2634,2418300,7.05
2021-06-29,5.2628,5.2852,5.1956,5.1962,2314100,6.96
2021-06-30,5.1956,5.3225,5.1434,5.1887,2647500,6.95
2021-07-01,5.2106,5.218,5.0762,5.1962,2117200,6.96
2021-07-02,5.3002,5.3748,5.2703,5.2708,4006800,7.06
2021-07-05,5.2703,5.2703,5.1135,5.129,2361300,6.87
2021-07-06,5.1285,5.1882,4.9642,4.9647,2393500,6.65
2021-07-07,4.9642,5.0389,4.7104,4.8154,2841500,6.45
2021-07-08,4.8597,4.9866,4.7851,4.8527,2044400,6.5
2021-07-09,4.8,4.897,4.6283,4.6288,2344700,6.2
2021-07-12,4.6283,4.6656,4.3073,4.3077,4106000,5.77
2021-07-13,4.4044,4.5537,4.2924,4.5541,2007800,6.1
2021-07-14,4.5387,4.6134,4.367,4.4795,1181200,6
2021-07-15,4.4267,4.5537,4.4267,4.5168,989700,6.05
2021-07-16,4.5238,4.591,4.4939,4.4944,1387700,6.02
2021-07-19,4.2625,4.4118,4.1804,4.2032,1680100,5.63
2021-07-20,4.2028,4.3521,4.1804,4.3301,1160000,5.8
2021-07-21,4.3521,4.3969,4.3148,4.3301,593500,5.8
2021-07-22,4.3297,4.479,4.3297,4.4272,1424100,5.93
2021-07-23,4.4267,4.479,4.367,4.4048,1359600,5.9
2021-07-26,4.4044,4.4641,4.3297,4.4123,724500,5.91
2021-07-27,4.4566,4.5462,4.4267,4.4272,1216800,5.93
2021-07-28,4.4267,4.5089,4.4267,4.4795,1161400,6
2021-07-29,4.479,4.5387,4.4342,4.4496,1479900,5.96
2021-07-30,4.479,4.5089,4.4267,4.4496,1837400,5.96
2021-08-02,4.4417,4.479,4.4193,4.4421,1280500,5.95
2021-08-03,4.4417,4.479,4.4342,4.4571,1452300,5.97
2021-08-04,4.479,4.6059,4.4641,4.5466,2309100,6.09
2021-08-05,4.5313,4.6656,4.5163,4.6586,1791000,6.24
2021-08-06,4.6507,4.688,4.5984,4.6213,2309500,6.19
2021-08-09,4.5686,4.6358,4.5611,4.6138,1630200,6.18
2021-08-10,4.6358,4.7477,4.6283,4.6736,2029400,6.26
2021-08-11,4.7477,4.7552,4.688,4.7258,1893300,6.33
2021-08-12,4.7253,4.8373,4.6806,4.7408,1890300,6.35
2021-08-13,4.7477,4.7552,4.6283,4.6885,1989200,6.28
2021-08-16,4.703,4.7925,4.688,4.7408,2287700,6.35
2021-08-17,4.7776,4.7776,4.6806,4.7333,1744000,6.34
2021-08-18,4.6955,4.7627,4.6955,4.7034,1488900,6.3
2021-08-19,4.703,4.7253,4.688,4.6885,1533300,6.28
2021-08-20,4.703,4.7328,4.4865,4.6213,3066600,6.19
2021-08-23,4.6134,4.6208,4.4865,4.4869,1801900,6.01
2021-08-24,4.5163,4.5537,4.4044,4.472,1336500,5.99
2021-08-25,4.4491,4.479,4.4044,4.472,1257800,5.99
2021-08-26,4.479,4.5537,4.4417,4.4795,1041600,6
2021-08-27,4.4641,4.5163,4.4044,4.4795,1435400,6
2021-08-30,4.5611,4.6955,4.5387,4.6362,2013400,6.21
2021-08-31,4.6507,4.9194,4.6358,4.793,3752200,6.42
2021-09-01,4.8149,4.9717,4.7776,4.9274,3856500,6.6
2021-09-06,4.9344,5.0837,4.9344,5.0319,2584200,6.74
2021-09-07,5.0314,5.0538,4.8149,4.8229,2599200,6.46
2021-09-08,4.7851,4.8224,4.6283,4.6437,3639200,6.22
2021-09-09,4.6507,4.7627,4.6432,4.696,1484200,6.29
2021-09-10,4.8523,4.9418,4.8224,4.8229,2603900,6.46
2021-09-13,4.897,4.912,4.8075,4.8303,2439500,6.47
2021-09-14,4.8149,4.8523,4.7851,4.8154,2094900,6.45
2021-09-15,4.8448,5.1135,4.8,5.0394,5718800,6.75
2021-09-16,5.0762,5.0911,4.9568,4.9797,2359700,6.67
2021-09-17,4.9418,5.0389,4.9418,4.9797,2161600,6.67
2021-09-20,5.0165,5.121,4.9792,5.0095,3962700,6.71
2021-09-21,4.9418,5.0165,4.8821,4.9946,3223400,6.69
2021-09-22,5.1509,5.3375,5.009,5.338,8420200,7.15
2021-09-23,5.7033,5.7033,5.1658,5.1663,8501800,6.92
2021-09-24,5.1732,5.3151,5.1061,5.1887,3497400,6.95
2021-09-27,5.1583,5.1882,4.8896,4.8901,5818800,6.55
2021-09-28,4.8523,4.9568,4.7776,4.9199,3362900,6.59
2021-09-29,4.9269,4.9568,4.8523,4.9423,1343500,6.62
2021-09-30,4.9866,5.0762,4.912,4.9498,1450900,6.63
2021-10-01,4.9344,5.0538,4.912,4.9647,2244200,6.65
2021-10-04,4.9717,5.2778,4.9717,5.1887,4164300,6.95
2021-10-05,5.2628,5.2703,5.1732,5.1738,2416300,6.93
2021-10-06,5.2255,5.33,5.218,5.2783,3918600,7.07
2021-10-07,5.3002,5.5166,5.2852,5.4351,4766700,7.28
2021-10-08,5.5092,5.5092,5.3151,5.3156,3638700,7.12
2021-10-11,5.3375,5.3673,5.2554,5.2858,3184200,7.08
2021-10-12,5.3076,5.3375,5.2404,5.2484,2993800,7.03
2021-10-13,5.2554,5.3748,5.2554,5.2783,2543800,7.07
2021-10-14,5.3151,5.4121,5.2927,5.3455,2725600,7.16
2021-10-15,5.3599,5.4718,5.33,5.3753,3064700,7.2
2021-10-18,5.3748,5.4495,5.3375,5.3604,2501900,7.18
2021-10-19,5.3748,5.442,5.3524,5.3679,2492000,7.19
2021-10-20,5.3972,5.5988,5.3972,5.5993,6524000,7.5
2021-10-21,5.6809,5.7107,5.5614,5.6142,3612900,7.52
2021-10-22,5.6211,5.7481,5.6137,5.7113,5094900,7.65
2021-10-25,5.8078,6.0317,5.7928,5.9726,6958400,8
2021-10-26,5.972,6.0168,5.8227,5.9353,5150200,7.95
2021-10-27,5.9645,6.0765,5.9571,5.9801,4456000,8.01
2021-10-28,6.0392,6.3975,5.9944,6.316,11201000,8.46
2021-10-29,6.3751,6.7036,6.3453,6.6818,6967000,8.95
2021-11-01,6.7932,7.0171,6.7185,6.8536,6330000,9.18
2021-11-02,6.8529,6.9425,6.7409,6.7565,7032400,9.05
2021-11-03,6.7932,6.8678,6.3453,6.3608,11463800,8.52
2021-11-04,6.3602,6.6065,6.3527,6.5773,5021400,8.81
2021-11-05,6.6737,6.8006,6.6662,6.7789,3860700,9.08
2021-11-08,6.8678,7.1664,6.823,7.0551,7715300,9.45
2021-11-09,7.1589,7.1589,6.8678,6.9432,4736000,9.3
2021-11-10,6.935,7.0843,6.8827,7.0477,3817700,9.44
2021-11-11,7.0918,7.5397,7.0544,7.5404,8519500,10.1
2021-11-12,7.9876,8.0622,7.8009,8.063,6868400,10.8
2021-11-15,8.6221,8.6221,8.0622,8.6229,8948000,11.55
2021-11-16,8.2115,8.846,8.0249,8.063,12425700,10.8
2021-11-17,8.0249,8.6221,7.9129,8.6229,7962500,11.55
2021-11-18,8.8834,9.2193,8.8834,9.2202,8062200,12.35
2021-11-19,9.6299,9.6299,8.5848,8.9962,12386100,12.05
2021-11-22,8.9953,8.9953,8.3981,8.399,8441900,11.25
2021-11-23,7.8383,8.4355,7.8383,8.2123,10610700,11
2021-11-24,8.5101,8.6221,8.1369,8.2123,5880000,11
2021-11-25,8.2115,8.7714,8.0622,8.7723,6701400,11.75
2021-11-26,9.0327,9.1073,8.4728,8.6603,5851300,11.6
2021-11-29,8.2488,9.0327,8.2488,8.9216,5445700,11.95
2021-11-30,9.07,9.4059,8.846,9.1455,8504000,12.25
2021-12-01,9.1073,9.3313,8.846,8.9589,5098100,12
2021-12-02,8.9953,9.182,8.8834,8.9216,3773500,11.95
2021-12-03,8.9207,8.9953,8.3235,8.3243,6791600,11.15
2021-12-06,8.3608,8.5101,7.7636,7.7644,7402400,10.4
2021-12-07,7.9876,8.2862,7.7636,8.287,3781100,11.1
2021-12-08,8.4355,8.5848,8.2115,8.4363,3737200,11.3
2021-12-09,8.3608,8.8087,8.2862,8.5856,4770900,11.5
2021-12-10,8.6221,8.6967,8.3608,8.4736,2842900,11.35
2021-12-13,8.958,9.0327,8.8087,9.0336,6401400,12.1
2021-12-14,9.182,9.2939,8.6967,8.8096,5416200,11.8
2021-12-15,8.8087,8.958,8.7341,8.9216,4616500,11.95
2021-12-16,9.0327,9.5179,8.8834,9.5188,11512600,12.75
2021-12-17,9.7792,9.8911,9.4432,9.4442,5800600,12.65
2021-12-20,9.4432,9.5925,9.0327,9.3322,4100900,12.5
2021-12-21,9.3313,9.8538,8.9953,9.6682,10670800,12.95
2021-12-22,9.9568,10.3061,9.9568,10.3072,11788200,11.8
2021-12-23,10.4808,10.7428,10.0441,10.5693,7811900,12.1
2021-12-24,10.4808,10.6555,10.0441,10.0889,6823600,11.55
2021-12-27,10.0878,10.6555,9.8694,10.4819,7305600,12
2021-12-28,10.5681,10.6992,10.2625,10.4819,7218200,12
2021-12-29,10.4808,10.4808,10.1314,10.1325,4448500,11.6
2021-12-30,10.1751,10.2625,10.0004,10.0889,4097200,11.55
2021-12-31,10.1751,10.1751,9.6947,9.7395,5048600,11.15
2022-01-04,10.0004,10.1314,9.8258,9.8705,4307000,11.3
2022-01-05,10.0004,10.3061,9.8694,10.1762,5053900,11.65
2022-01-06,10.1751,10.8738,10.1751,10.875,12226900,12.45
2022-01-07,11.0048,11.2669,10.8302,10.8313,6988400,12.4
2022-01-10,11.0048,11.5726,10.9612,10.9624,8418800,12.55
2022-01-11,10.7428,11.0485,10.3935,10.4383,7227600,11.95
2022-01-12,10.0878,10.3935,9.7384,9.7395,9776700,11.15
2022-01-13,9.7384,9.9568,9.0834,9.0843,9429500,10.4
2022-01-14,8.6467,9.6074,8.4807,9.4337,4437500,10.8
2022-01-17,9.5201,9.6074,8.7777,8.7786,4647100,10.05
2022-01-18,8.341,8.734,8.1663,8.1759,4382200,9.36
2022-01-19,8.1838,8.6292,8.0964,8.403,2571800,9.62
2022-01-20,8.4807,9.0397,8.3148,9.0407,2513400,10.35
2022-01-21,9.1707,9.258,8.734,8.997,2319000,10.3
2022-01-24,8.9087,8.9087,8.3672,8.3681,2626900,9.58
2022-01-25,8.0003,8.5681,7.8606,8.4816,1252700,9.71
2022-01-26,8.6292,8.6292,8.0353,8.0361,2246000,9.2
2022-01-27,8.0353,8.1925,7.913,7.975,1527000,9.13
2022-01-28,7.9916,8.2973,7.8606,8.2982,1433000,9.5
2022-02-07,8.2973,8.7078,8.2973,8.6913,1080400,9.95
2022-02-08,8.6816,8.7165,8.5681,8.6476,1102500,9.9
2022-02-09,8.5768,9.0834,8.5157,8.9533,2536900,10.25
2022-02-10,8.996,9.2144,8.7777,8.9533,2007700,10.25
2022-02-11,8.8213,8.996,8.7777,8.8223,1275900,10.1
2022-02-14,8.5593,8.734,8.5593,8.5864,1534200,9.83
2022-02-15,8.5681,8.734,8.5681,8.6563,1696500,9.91
2022-02-16,8.6467,9.0834,8.6467,8.9096,3837900,10.2
2022-02-17,8.996,8.996,8.7777,8.7786,1917300,10.05
2022-02-18,8.7165,8.9524,8.6816,8.9096,3723400,10.2
2022-02-21,9.127,9.5201,9.0397,9.5211,3755700,10.9
2022-02-22,9.6511,10.0004,9.4764,9.9142,11599300,11.35
2022-02-23,9.9131,9.9568,9.7384,9.7395,5170500,11.15
2022-02-24,9.6947,9.8258,9.0834,9.259,6805900,10.6
2022-02-25,9.5201,9.6947,9.3891,9.5648,4639200,10.95
2022-02-28,9.6074,9.6511,9.3891,9.5211,3663400,10.9
2022-03-01,9.6074,10.0441,9.6074,9.7395,6126300,11.15
2022-03-02,9.7821,9.8258,9.4327,9.4774,4528700,10.85
2022-03-03,9.5637,9.7821,9.4327,9.5211,5037800,10.9
2022-03-04,9.6074,9.9131,9.5201,9.7395,6561100,11.15
2022-03-07,9.6947,10.0004,9.6074,9.8268,5578200,11.25
2022-03-08,9.7821,10.4371,9.7384,9.8705,12171500,11.3
2022-03-09,10.0441,10.1751,9.7821,9.7831,7549900,11.2
2022-03-10,10.0441,10.0441,9.7821,9.7831,3721800,11.2
2022-03-11,9.7384,10.0004,9.6074,9.6521,6092400,11.05
2022-03-14,9.5201,9.5637,8.996,9.0407,7799200,10.35
2022-03-15,9.0834,9.3454,8.9524,9.259,3448400,10.6
2022-03-16,9.258,9.4327,9.258,9.259,1946600,10.6
2022-03-17,9.4764,9.6074,9.3017,9.4337,3822600,10.8
2022-03-18,9.5201,9.6511,9.3891,9.3901,3024000,10.75
2022-03-21,9.4327,9.7821,9.3891,9.6521,4187600,11.05
2022-03-22,9.7384,9.9131,9.6511,9.6521,4468700,11.05
2022-03-23,9.6947,9.7821,9.5637,9.6084,3376000,11
2022-03-24,9.6074,9.8694,9.5201,9.7395,4600600,11.15
2022-03-25,9.8258,10.3935,9.7821,10.3072,14447400,11.8
2022-03-28,10.0878,10.3061,9.6074,9.7831,7193900,11.2
2022-03-29,9.8694,10.2188,9.8694,10.2199,4891600,11.7
2022-03-30,10.0441,10.5681,9.7384,9.7831,10303300,11.2
2022-03-31,9.9568,10.0004,9.3017,9.3027,5703200,10.65
2022-04-01,9.258,9.6074,9.2144,9.6084,4270900,11
2022-04-04,9.6074,9.7821,9.5201,9.6084,3830700,11
2022-04-05,9.6074,9.6947,9.5201,9.5211,2437100,10.9
2022-04-06,9.3454,9.5201,9.0834,9.2154,4865100,10.55
2022-04-07,9.258,9.3454,9.0397,9.0407,3212200,10.35
2022-04-08,9.0834,9.2144,8.9087,8.9533,2743200,10.25
2022-04-12,8.996,9.127,8.3846,8.4729,3257000,9.7
2022-04-13,8.3934,8.7078,8.21,8.6913,2461900,9.95
2022-04-14,8.8213,8.8213,8.6554,8.6563,1450100,9.91
2022-04-15,8.6467,8.6467,8.0527,8.2545,2893600,9.45
2022-04-18,8.2536,8.2536,7.6772,7.678,4405900,8.79
2022-04-19,7.6859,7.8519,7.1444,7.1452,3142800,8.18
2022-04-20,7.0745,7.1793,6.6815,6.7696,2454500,7.75
2022-04-21,6.3409,6.6553,6.2972,6.2979,5190100,7.21
2022-04-22,6.3059,6.7164,6.2885,6.5075,2317700,7.45
2022-04-25,6.6378,6.7252,6.0701,6.2018,2428200,7.1
2022-04-26,6.2011,6.5942,5.9915,6.5949,2262300,7.55
2022-04-27,6.5505,6.9173,6.3758,6.9006,1766200,7.9
2022-04-28,6.9261,7.1182,6.8125,6.8657,1698200,7.86
2022-04-29,6.8562,7.1095,6.8213,7.0491,1568600,8.07
2022-05-04,7.0745,7.1531,6.9872,7.0316,1678000,8.05
2022-05-05,7.1095,7.1182,6.7689,6.822,1414700,7.81
2022-05-06,6.6728,6.8038,6.5505,6.5512,1163400,7.5
2022-05-09,6.3758,6.5068,6.0963,6.097,2286600,6.98
2022-05-10,5.8518,6.2011,5.7732,6.2018,1035600,7.1
2022-05-11,6.2455,6.3678,6.1232,6.2892,666800,7.2
2022-05-12,6.2011,6.2885,5.8518,5.8524,1351100,6.7
2022-05-13,5.8518,5.9828,5.45,5.4506,2207800,6.24
2022-05-16,5.6771,5.7819,5.4762,5.5117,1683400,6.31
2022-05-17,5.5112,5.8955,5.485,5.8961,1333500,6.75
2022-05-18,5.9479,6.1924,5.9479,6.1057,1275900,6.99
2022-05-19,5.8518,6.0614,5.843,6.0009,1002000,6.87
2022-05-20,6.0265,6.1575,5.9828,6.0096,1342900,6.88
2022-05-23,6.0701,6.1138,5.7819,5.8611,977300,6.71
2022-05-24,5.9391,5.9391,5.5898,5.8087,1726900,6.65
2022-05-25,5.8256,6.2011,5.8168,6.1669,1954600,7.06
2022-05-26,6.2885,6.2885,5.9391,6.1232,1783500,7.01
2022-05-27,6.1138,6.4282,6.1138,6.3503,3054400,7.27
2022-05-30,6.3758,6.5156,6.3409,6.394,1663600,7.32
2022-05-31,6.3846,6.4544,6.3234,6.3852,1473400,7.31
2022-06-01,6.3766,6.5513,6.3067,6.4377,3184000,7.37
2022-06-02,6.4457,6.5505,6.2011,6.2455,1975100,7.15
2022-06-03,6.2885,6.3059,6.1313,6.2455,1061800,7.15
2022-06-06,6.2019,6.2455,5.9398,5.9398,2024800,6.8
2022-06-07,5.8518,5.9479,5.6596,5.8,2421300,6.64
2022-06-08,5.8955,6.0963,5.8692,6.0271,915300,6.9
2022-06-09,6.1051,6.1051,5.9828,6.097,1136600,6.98
2022-06-10,6.0265,6.2273,6.0003,6.1057,2841500,6.99
2022-06-13,5.8518,5.9741,5.6858,5.6864,2413800,6.51
2022-06-14,5.5024,5.6858,5.4413,5.503,1126000,6.3
2022-06-15,5.5461,5.6422,5.1181,5.1361,3266000,5.88
2022-06-16,5.2841,5.4063,5.1356,5.1361,1363000,5.88
2022-06-17,4.891,4.9696,4.7775,4.778,2313700,5.47
2022-06-20,4.7775,4.8037,4.4456,4.4461,1743700,5.09
2022-06-21,4.2447,4.4718,4.2447,4.3238,1574100,4.95
2022-06-22,4.5329,4.6203,4.3932,4.6208,1519900,5.29
2022-06-23,4.629,4.7076,4.5766,4.6732,757700,5.35
2022-06-24,4.6727,4.7688,4.664,4.7081,808500,5.39
2022-06-27,4.7076,5.0133,4.629,4.9614,1052300,5.68
2022-06-28,4.9871,5.188,4.891,5.0925,1338100,5.83
2022-06-29,5.0314,5.11,4.979,5.0663,1291500,5.8
2022-06-30,5.0226,5.1886,4.8392,4.8392,925600,5.54
2022-07-01,4.8916,4.9527,4.682,4.8916,632400,5.6
2022-07-04,5.0221,5.0657,4.9347,5.0051,684100,5.73
2022-07-05,4.9871,5.0308,4.891,4.9178,851300,5.63
2022-07-06,4.8916,4.9615,4.8217,4.8392,747600,5.54
2022-07-07,4.8124,4.8823,4.6989,4.8217,616400,5.52
2022-07-08,4.9609,5.1531,4.8648,5.0837,1627100,5.82
2022-07-11,5.1537,5.3633,5.0663,5.1886,1873000,5.94
2022-07-12,5.2404,5.5024,5.2404,5.503,1389700,6.3
2022-07-13,5.4675,5.581,5.4588,5.4593,1580200,6.25
2022-07-14,5.4325,5.5461,5.4151,5.4506,1494700,6.24
2022-07-15,5.4675,5.6247,5.4675,5.4943,1226600,6.29
2022-07-18,5.5555,5.6428,5.5205,5.5904,953500,6.4
2022-07-19,5.581,5.6072,5.485,5.4855,1173600,6.28
2022-07-20,5.6334,5.7644,5.5374,5.6777,1425400,6.5
2022-07-21,5.7214,5.7214,5.5293,5.538,1110500,6.34
2022-07-22,5.5374,5.6334,5.5374,5.5729,668400,6.38
2022-07-25,5.5199,5.5723,5.4325,5.4593,662400,6.25
2022-07-26,5.4588,5.4675,5.4063,5.4069,1303900,6.19
2022-07-27,5.3976,5.45,5.3277,5.4506,687900,6.24
2022-07-28,5.5904,5.6341,5.538,5.5904,1769200,6.4
2022-07-29,5.616,5.6596,5.5024,5.5117,844500,6.31
2022-08-01,5.5112,5.6596,5.5024,5.634,1011300,6.45
2022-08-02,5.6422,5.9304,5.5898,5.8437,2464700,6.69
2022-08-03,5.7732,5.9915,5.7732,5.9048,1665900,6.76
2022-08-04,5.9391,6.1138,5.8518,5.8786,1622200,6.73
2022-08-05,5.878,5.9391,5.8081,5.931,1115600,6.79
2022-08-08,5.9304,6.0265,5.9042,5.9223,702900,6.78
2022-08-09,5.8955,6.1138,5.8955,6.0009,2042300,6.87
2022-08-10,6.0003,6.0963,5.9566,5.9922,1021300,6.86
2022-08-11,6.0701,6.1138,5.8692,5.931,1298700,6.79
2022-08-12,5.9398,5.9573,5.8612,5.9398,833100,6.8
2022-08-15,5.9653,5.9915,5.9217,5.9572,1230900,6.82
2022-08-16,5.9828,6.0003,5.9217,5.9223,783900,6.78
2022-08-17,5.9741,5.9741,5.8518,5.8699,1171400,6.72
2022-08-18,5.878,5.878,5.7644,5.8087,1729700,6.65
2022-08-19,5.8175,5.8262,5.7214,5.7651,785100,6.6
2022-08-22,5.7644,5.7644,5.581,5.6166,774200,6.43
2022-08-23,5.5024,5.7208,5.4675,5.7214,774100,6.55
2022-08-24,5.7644,5.8081,5.6771,5.7563,668500,6.59
2022-08-25,5.7732,5.878,5.7644,5.8262,1463100,6.67
2022-08-26,5.8343,6.0265,5.8343,5.8349,1927500,6.68
2022-08-29,5.712,5.7644,5.5898,5.6777,1516100,6.5
2022-08-30,5.6946,5.7644,5.5898,5.6602,663300,6.48
2022-08-31,5.6072,5.6946,5.5723,5.6602,686200,6.48
2022-09-05,5.6596,5.6771,5.581,5.6078,679000,6.42
2022-09-06,5.616,5.6858,5.5985,5.5991,806300,6.41
2022-09-07,5.5985,5.6334,5.2841,5.2846,1226500,6.05
2022-09-08,5.3539,5.3976,5.1967,5.2584,959200,6.02
2022-09-09,5.2666,5.2666,5.1181,5.2235,666100,5.98
2022-09-12,5.3889,5.3889,5.2491,5.2584,522900,6.02
2022-09-13,5.2666,5.3103,5.2404,5.2584,301200,6.02
2022-09-14,5.1618,5.3714,5.1356,5.2759,703000,6.04
2022-09-15,5.3277,5.3539,5.2404,5.2846,311300,6.05
2022-09-16,5.2841,5.2841,5.1443,5.1449,1290100,5.89
2022-09-19,5.2317,5.2317,4.891,4.9789,887900,5.7
2022-09-20,4.9784,5.0221,4.8474,4.9964,646600,5.72
2022-09-21,4.9702,5.0663,4.944,4.9877,603900,5.71
2022-09-22,4.944,5.241,4.944,5.241,1201600,6
2022-09-23,5.241,5.3895,5.2061,5.241,1543800,6
2022-09-26,5.0657,5.3976,5.0657,5.2934,2247400,6.06
2022-09-27,5.3103,5.6596,5.3103,5.6602,3589100,6.48
2022-09-28,5.7557,5.878,5.3976,5.4331,2631100,6.22
2022-09-29,5.5898,5.5898,5.1443,5.1536,1496100,5.9
2022-09-30,5.0308,5.2317,4.891,5.1623,1941000,5.91
2022-10-03,5.1711,5.3109,4.8479,4.8654,1154700,5.57
2022-10-04,4.9784,5.0657,4.76,4.7605,1102500,5.45
2022-10-05,4.9696,4.9696,4.8386,4.9003,833700,5.61
2022-10-06,4.8998,4.9347,4.5854,4.6208,1053500,5.29
2022-10-07,4.4631,4.5854,4.2971,4.2976,1983600,4.92
2022-10-10,4.2797,4.4107,4.105,4.3587,1211200,4.99
2022-10-11,4.367,4.367,4.0613,4.0617,1572000,4.65
2022-10-12,4.0176,4.2797,3.939,4.219,1433000,4.83
2022-10-13,4.236,4.2709,4.1487,4.184,542300,4.79
2022-10-14,4.2277,4.2802,4.1841,4.1928,746900,4.8
2022-10-17,4.2447,4.2447,4.1312,4.2015,396600,4.81
2022-10-18,4.3146,4.4543,4.2709,4.2976,1041000,4.92
2022-10-19,4.2971,4.3321,4.236,4.2452,525900,4.86
2022-10-20,4.2797,4.2797,4.1749,4.2015,623800,4.81
2022-10-21,4.1928,4.2015,3.9133,3.9133,1592100,4.48
2022-10-24,3.9308,4.0967,3.6425,3.6425,1603500,4.17
2022-10-25,3.4761,3.6683,3.3888,3.4066,2254200,3.9
2022-10-26,3.197,3.5726,3.197,3.2669,974900,3.74
2022-10-27,3.4063,3.4849,3.0569,3.4852,1079600,3.99
2022-10-28,3.5722,3.6246,3.4674,3.4765,788200,3.98
2022-10-31,3.5111,3.6683,3.3975,3.5202,788900,4.03
2022-11-01,3.5988,3.625,3.5202,3.5639,654400,4.08
2022-11-02,3.5547,3.6246,3.5111,3.5464,435600,4.06
2022-11-03,3.5198,3.546,3.4587,3.459,1121400,3.96
2022-11-04,3.4853,3.4853,3.2407,3.2407,1133900,3.71
2022-11-07,3.2228,3.2403,3.022,3.0223,1926200,3.46
2022-11-08,3.022,3.118,2.9696,3.0747,929400,3.52
2022-11-09,3.1446,3.232,3.1271,3.1446,967500,3.6
2022-11-10,3.1355,3.153,2.9259,2.9262,1247300,3.35
2022-11-11,3.0132,3.022,2.725,2.7253,2081000,3.12
2022-11-14,2.5506,2.7253,2.5419,2.5419,2231400,2.91
2022-11-15,2.3672,2.4807,2.3672,2.3672,1222000,2.71
2022-11-16,2.2097,2.5241,2.2097,2.5244,3567000,2.89
2022-11-17,2.6639,2.6988,2.6202,2.6991,2065500,3.09
2022-11-18,2.7777,2.8651,2.5419,2.7952,2985400,3.2
2022-11-21,2.8822,2.987,2.8211,2.9873,1939700,3.42
2022-11-22,3.1446,3.1883,3.1009,3.1883,4066200,3.65
2022-11-23,3.1617,3.284,3.0394,3.0572,2512700,3.5
2022-11-24,3.118,3.1792,2.9608,3.0572,1628600,3.5
2022-11-25,3.1621,3.2145,3.0747,3.2145,1673000,3.68
2022-11-28,3.3277,3.4325,3.3277,3.4328,1952400,3.93
2022-11-29,3.5639,3.5726,3.3106,3.4678,4210900,3.97
2022-11-30,3.4936,3.5722,3.4063,3.5289,2844000,4.04
2022-12-01,3.6683,3.712,3.5285,3.5726,4455300,4.09
2022-12-02,3.546,3.6508,3.4761,3.6512,2741500,4.18
2022-12-05,3.712,3.7556,3.6508,3.6949,2880300,4.23
2022-12-06,3.6508,3.8604,3.5111,3.5202,4468100,4.03
2022-12-07,3.4936,3.5809,3.284,3.2843,2718000,3.76
2022-12-08,3.4063,3.5111,3.3975,3.459,2322900,3.96
2022-12-09,3.5722,3.5722,3.3713,3.4503,1593900,3.95
2022-12-12,3.4503,3.5726,3.3892,3.3892,1613900,3.88
2022-12-13,3.3888,3.415,3.3102,3.4066,1222000,3.9
2022-12-14,3.5289,3.6425,3.4678,3.6425,2632800,4.17
2022-12-15,3.6508,3.7294,3.5809,3.6337,1898200,4.16
2022-12-16,3.5814,3.6512,3.5551,3.6163,1907200,4.14
2022-12-19,3.5726,3.6774,3.494,3.494,2473200,4
2022-12-20,3.4936,3.5023,3.249,3.2843,1526000,3.76
2022-12-21,3.3626,3.3888,3.2141,3.2494,2012000,3.72
2022-12-22,3.3451,3.3451,3.1879,3.3018,483600,3.78
2022-12-23,3.3102,3.3189,3.2228,3.3105,438000,3.79
2022-12-26,3.3102,3.3102,3.0831,3.0834,1112500,3.53
2022-12-27,3.0569,3.2228,3.0569,3.2232,520900,3.69
2022-12-28,3.2316,3.2753,3.1704,3.2057,465600,3.67
2022-12-29,3.1883,3.232,3.1883,3.2145,403900,3.68
2022-12-30,3.2145,3.2232,3.1359,3.1446,625900,3.6
2023-01-03,3.1446,3.2931,3.1097,3.2931,777100,3.77
2023-01-04,3.3189,3.3539,3.2665,3.2843,904800,3.76
2023-01-05,3.2665,3.3102,3.2316,3.2756,507900,
2023-01-06,3.2665,3.3975,3.2316,3.2494,1022900,
2023-01-09,3.3189,3.3189,3.2228,3.2232,738300,
2023-01-10,3.1621,3.2669,3.1533,3.2145,711700,
2023-01-11,3.2578,3.3015,3.2316,3.2494,456800,
2023-01-12,3.2756,3.2844,3.197,3.2145,324700,
2023-01-13,3.284,3.284,3.1966,3.2057,539000,3.67
2023-01-16,3.2054,3.2141,3.1093,3.1533,770800,3.61
2023-01-17,3.2141,3.3189,3.1617,3.2756,1011400,3.75
2023-01-18,3.2927,3.4412,3.2753,3.4241,1327100,3.92
2023-01-19,3.3975,3.4761,3.3888,3.4241,1269600,3.92
2023-01-27,3.4499,3.6246,3.4499,3.5114,1232800,4.02
2023-01-30,3.5897,3.7556,3.5635,3.756,3888300,4.3
2023-01-31,3.7644,3.8604,3.6421,3.7473,1686000,4.29
2023-02-01,3.7818,3.8604,3.5809,3.5813,2815400,4.1
2023-02-02,3.6333,3.6508,3.5111,3.5813,1584100,4.1
2023-02-03,3.5809,3.6071,3.5373,3.5726,776000,4.09
2023-02-06,3.5809,3.712,3.5809,3.7123,1590500,4.25
2023-02-07,3.7818,3.7818,3.5635,3.5813,1198300,4.1
2023-02-08,3.5984,3.6857,3.5023,3.6075,843500,4.13
2023-02-09,3.5984,3.6857,3.5897,3.6075,515200,4.13
2023-02-10,3.6246,3.7556,3.6071,3.7473,1628500,4.29
2023-02-13,3.7207,3.7207,3.4849,3.5726,1624700,4.09
2023-02-14,3.5023,3.6421,3.4936,3.5551,472300,4.07
2023-02-15,3.5115,3.6425,3.5115,3.6163,1524500,4.14
2023-02-16,3.6333,3.677,3.5984,3.6512,1116000,4.18
2023-02-17,3.66,3.791,3.6512,3.7648,4050500,4.31
2023-02-20,3.7644,4.0264,3.7644,4.0268,6135100,4.61
2023-02-21,4.1137,4.1836,3.8517,3.9307,4163200,4.5
2023-02-22,3.8517,4.0176,3.7731,3.7735,4004100,4.32
2023-02-23,3.7818,3.7993,3.6333,3.7211,2834700,4.26
2023-02-24,3.7294,3.7993,3.6508,3.6599,1843100,4.19
2023-02-27,3.6246,3.6333,3.5285,3.5289,1840200,4.04
2023-02-28,3.5722,3.6246,3.5111,3.5289,2421900,4.04
2023-03-01,3.5198,3.6246,3.4674,3.625,1311600,4.15
2023-03-02,3.6333,3.6683,3.6071,3.6075,1433000,4.13
2023-03-03,3.6512,3.6512,3.5377,3.5377,1075100,4.05
2023-03-06,3.6595,3.6945,3.6071,3.6075,924300,4.13
2023-03-07,3.6508,3.6508,3.5635,3.5813,597900,4.1
2023-03-08,3.5551,3.6687,3.5289,3.6687,1322500,4.2
2023-03-09,3.6683,3.712,3.6159,3.6599,1327400,4.19
2023-03-10,3.6246,3.6421,3.5722,3.625,672700,4.15
2023-03-13,3.5814,3.6163,3.5377,3.5639,1023800,4.08
2023-03-14,3.5635,3.5984,3.4587,3.4765,1565900,3.98
2023-03-15,3.546,3.6246,3.4936,3.6075,1136300,4.13
2023-03-16,3.5809,3.5809,3.5111,3.5289,612800,4.04
2023-03-17,3.5809,3.6071,3.5547,3.5726,1010000,4.09
2023-03-20,3.5897,3.6508,3.546,3.5551,1339800,4.07
2023-03-21,3.5809,3.5809,3.5285,3.5551,628200,4.07
2023-03-22,3.5984,3.6071,3.5547,3.5551,850400,4.07
2023-03-23,3.546,3.5809,3.5285,3.5551,627000,4.07
2023-03-24,3.5814,3.6076,3.5551,3.5639,1171800,4.08
2023-03-27,3.5984,3.5984,3.5635,3.5726,1180500,4.09
2023-03-28,3.6071,3.712,3.6071,3.6512,3574900,4.18
2023-03-29,3.7036,3.7036,3.6425,3.6425,861900,4.17
2023-03-30,3.6774,3.7124,3.6425,3.6687,2357300,4.2
2023-03-31,3.6687,3.6862,3.5726,3.6163,1632900,4.14
2023-04-03,3.6945,3.7556,3.6683,3.756,2479100,4.3
2023-04-04,3.7561,3.8172,3.7124,3.8172,2353700,4.37
2023-04-05,3.808,3.8692,3.7818,3.8259,2090500,4.38
2023-04-06,3.8517,4.0875,3.843,3.8608,7475400,4.42
2023-04-07,3.8779,3.9216,3.7906,3.8783,2381300,4.44
2023-04-10,3.9652,3.974,3.8255,3.8608,2955600,4.42
2023-04-11,3.8342,3.8604,3.677,3.8608,2172000,4.42
2023-04-12,3.8521,3.9133,3.8172,3.8434,2040400,4.4
2023-04-13,3.8692,3.8954,3.7906,3.8346,1201200,4.39
2023-04-14,3.8342,3.843,3.677,3.6774,1832100,4.21
2023-04-17,3.6857,3.7294,3.6595,3.6861,897200,4.22
2023-04-18,3.7207,3.7469,3.6508,3.7298,838500,4.27
2023-04-19,3.7386,3.7386,3.66,3.6687,842600,4.2
2023-04-20,3.6857,3.6857,3.6333,3.6337,679700,4.16
2023-04-21,3.6508,3.6857,3.6159,3.6337,593600,4.16
2023-04-24,3.66,3.7298,3.6338,3.6687,843800,4.2
2023-04-25,3.6687,3.7124,3.625,3.6425,1117200,4.17
2023-04-26,3.6421,3.6857,3.6246,3.6512,512000,4.18
2023-04-27,3.677,3.7469,3.677,3.7211,1026400,4.26
2023-04-28,3.7561,3.8434,3.7561,3.8172,1933500,4.37
2023-05-04,3.8168,3.939,3.8168,3.8696,2195600,4.43
2023-05-05,3.8692,3.8954,3.7993,3.8608,1629000,4.42
2023-05-08,3.8692,3.9565,3.8168,3.9482,3146400,4.52
2023-05-09,3.9652,3.974,3.9041,3.9045,1368900,4.47
2023-05-10,3.9303,4.0526,3.9216,3.9744,3707300,4.55
2023-05-11,3.9914,4.0875,3.9914,4.0093,4205500,4.59
2023-05-12,4.0176,4.0526,3.939,4.0006,2070100,4.58
2023-05-15,4.0351,4.105,3.974,4.0093,2323200,4.59
2023-05-16,4.0089,4.0176,3.9041,3.9307,2142400,4.5
2023-05-17,4.0176,4.2011,3.974,4.2015,10483400,4.81
2023-05-18,4.2797,4.2797,4.1749,4.1753,4408500,4.78
2023-05-19,4.2011,4.2011,3.9827,4.0355,5576500,4.62
2023-05-22,4.1399,4.1574,4.0438,4.1229,2198000,4.72
2023-05-23,4.1142,4.1841,4.0618,4.088,1643400,4.68
2023-05-24,4.0962,4.2185,4.0962,4.1491,2514800,4.75
2023-05-25,4.1491,4.1666,4.1055,4.1142,1798200,4.71
2023-05-26,4.1661,4.2709,4.1224,4.2364,2813300,4.85
2023-05-29,4.2709,4.4369,4.2709,4.4111,3335100,5.05
2023-05-30,4.4543,4.4543,4.2797,4.3063,3359000,4.93
2023-05-31,4.3413,4.4374,4.3238,4.3675,3392800,5
2023-06-01,4.3932,4.5679,4.3932,4.4723,3536600,5.12
2023-06-02,4.5417,4.5591,4.3845,4.3849,3831100,5.02
2023-06-05,4.4543,4.4718,4.3757,4.3849,1786800,5.02
2023-06-06,4.3757,4.4893,4.3757,4.4548,2571000,5.1
2023-06-07,4.498,4.6203,4.4631,4.5596,3183000,5.22
2023-06-08,4.5679,4.7862,4.5679,4.647,4343400,5.32
2023-06-09,4.6727,4.6727,4.498,4.6208,2400200,5.29
2023-06-12,4.6994,4.7169,4.6296,4.7169,2680500,5.4
2023-06-13,4.76,4.76,4.6727,4.6994,2221900,5.38
2023-06-14,4.7426,4.7513,4.5854,4.6033,1990400,5.27
2023-06-15,4.6203,4.6203,4.5067,4.5247,1588400,5.18
2023-06-16,4.5591,4.6028,4.4718,4.5072,2375600,5.16
2023-06-19,4.4718,4.5067,4.4107,4.4548,2090800,5.1
2023-06-20,4.4549,4.5422,4.4549,4.5422,760500,5.2
2023-06-21,4.5417,4.6028,4.5242,4.6033,1183200,5.27
2023-06-22,4.6121,4.7082,4.5946,4.6907,2337400,5.37
2023-06-23,4.6727,4.6989,4.6028,4.6295,1788700,5.3
2023-06-26,4.629,4.6552,4.5242,4.5334,2718200,5.19
2023-06-27,4.5941,4.6028,4.5067,4.5334,1835400,5.19
2023-06-28,4.5417,4.5854,4.5329,4.5509,2992700,5.21
2023-06-29,4.5504,4.5679,4.498,4.5334,2247900,5.19
2023-06-30,4.6132,4.6132,4.4812,4.5095,1813300,4.78
2023-07-03,4.5656,4.5656,4.4146,4.4528,1676100,4.72
2023-07-04,4.4434,4.5472,4.4151,4.4906,1147600,4.76
2023-07-05,4.5278,4.5467,4.509,4.5283,2071100,4.8
2023-07-06,4.5378,4.651,4.4906,4.5661,2482300,4.84
2023-07-07,4.5844,4.6222,4.5184,4.5566,1398800,4.83
2023-07-10,4.5472,4.6038,4.5472,4.5944,1857000,4.87
2023-07-11,4.6222,4.8108,4.6127,4.7736,6467900,5.06
2023-07-12,4.8108,4.858,4.7259,4.7453,1848000,5.03
2023-07-13,4.8014,4.8014,4.7259,4.7547,1700400,5.04
2023-07-14,4.7731,4.8108,4.7165,4.7547,3057100,5.04
2023-07-17,4.7731,4.8769,4.7731,4.8302,3874100,5.12
2023-07-18,4.8208,4.8396,4.7642,4.7925,1660400,5.08
2023-07-19,4.792,4.8108,4.6976,4.6981,2788700,4.98
2023-07-20,4.6227,4.7076,4.6227,4.7076,1335700,4.99
2023-07-21,4.717,4.7642,4.6887,4.7359,1266600,5.02
2023-07-24,4.7448,4.8486,4.7165,4.8113,2657800,5.1
2023-07-25,4.8391,4.858,4.7637,4.8113,2344000,5.1
2023-07-26,4.8108,4.9523,4.8108,4.8679,5076600,5.16
2023-07-27,4.8769,4.9712,4.858,4.9717,3478800,5.27
2023-07-28,5.1227,5.1698,5.0095,5.1321,5381700,5.44
2023-07-31,5.273,5.4711,5.1599,5.3868,4887300,5.71
2023-08-01,5.4529,5.4529,5.1321,5.1321,6416300,5.44
2023-08-02,5.1127,5.3013,5.0938,5.3019,3546600,5.62
2023-08-03,5.3013,5.4334,5.2825,5.3585,4233600,5.68
2023-08-04,5.3768,5.7258,5.3674,5.7264,9911900,6.07
2023-08-07,6.0189,6.1227,5.9434,6.1227,3205800,6.49
2023-08-08,6.5472,6.5472,6.4151,6.5472,17676000,6.94
2023-08-09,6.6793,6.8868,6.5095,6.7925,8990300,7.2
2023-08-10,6.6125,6.7918,6.5088,6.5283,6530100,6.92
2023-08-11,6.6132,6.934,6.4151,6.934,8361200,7.35
2023-08-14,7.0936,7.4143,7.0748,7.4151,8133600,7.86
2023-08-15,7.6407,7.6407,7.1691,7.5,8389900,7.95
2023-08-16,7.4906,7.5283,7.2736,7.368,3972000,7.81
2023-08-17,7.4529,7.4529,6.9812,6.9812,6828000,7.4
2023-08-18,6.7446,6.9333,6.4993,6.5,7396700,6.89
2023-08-21,6.4057,6.6038,6.0944,6.368,6867800,6.75
2023-08-22,6.4993,6.8106,6.1786,6.8113,7873900,7.22
2023-08-23,6.9812,7.0755,6.6793,6.7359,3867600,7.14
2023-08-24,6.7925,6.8113,6.6038,6.7359,5095400,7.14
2023-08-25,6.7352,6.8201,6.5088,6.6321,5705100,7.03
2023-08-28,6.7257,6.7257,6.5842,6.6604,5150900,7.06
2023-08-29,6.7453,7.0755,6.7359,6.934,5573200,7.35
2023-08-30,7.0661,7.3208,6.9906,7.151,5654700,7.58
2023-08-31,7.1887,7.1887,7.0283,7.0661,4615900,7.49
2023-09-05,7.1604,7.1981,6.783,6.7925,8033700,7.2
2023-09-06,6.6974,6.8389,6.6314,6.7547,7655600,7.16
2023-09-07,6.7918,7.0748,6.7918,6.9717,5215800,7.39
2023-09-08,6.9623,7.1415,6.934,6.9906,5793200,7.41
2023-09-11,7.0748,7.0748,6.7257,6.7264,5810000,7.13
2023-09-12,6.7918,6.8861,6.6408,6.8868,2868300,7.3
2023-09-13,6.9812,7.2453,6.8585,6.9812,7463000,7.4
2023-09-14,6.9804,7.0276,6.7729,6.9717,4487200,7.39
2023-09-15,6.9812,7.0189,6.7925,6.8397,2903200,7.25
2023-09-18,6.8484,6.8767,6.6408,6.7453,3940300,7.15
2023-09-19,6.7453,6.8397,6.6415,6.8397,2870800,7.25
2023-09-20,6.971,7.0559,6.8484,7.0283,3334700,7.45
2023-09-21,7.0653,7.4049,7.0087,7.283,10677900,7.72
2023-09-22,7.0755,7.1698,6.7736,6.7925,5819900,7.2
2023-09-25,6.7925,6.8868,6.3208,6.3208,8331900,6.7
2023-09-26,6.2258,6.405,5.8862,5.8868,5654800,6.24
2023-09-27,5.8491,6.1227,5.5661,6.1227,5366700,6.49
2023-09-28,6.0378,6.1132,5.8868,6.0095,1421400,6.37
2023-09-29,6.0849,6.0849,5.9057,5.9246,2217500,6.28
2023-10-02,5.9151,6.0378,5.8491,6.0189,2124800,6.38
2023-10-03,5.9434,5.9434,5.6038,5.6038,3781500,5.94
2023-10-04,5.4717,5.783,5.4717,5.6793,1586800,6.02
2023-10-05,5.717,5.7736,5.5849,5.6604,1949100,6
2023-10-06,5.6598,6.0371,5.6598,6.0283,3439600,6.39
2023-10-09,6.0371,6.0843,5.9428,6.0849,1497700,6.45
2023-10-10,6.1132,6.151,6.0095,6.0378,1934000,6.4
2023-10-11,6.0378,6.0849,5.9434,6.0755,1550500,6.44
2023-10-12,6.1786,6.2163,6.0654,6.0849,1798600,6.45
2023-10-13,6,6.1132,5.8963,6.0378,1978100,6.4
2023-10-16,6.0937,6.2446,6.0843,6.1604,2381800,6.53
2023-10-17,6.1981,6.2076,5.9906,5.9906,1150800,6.35
2023-10-18,5.99,6.0371,5.5749,5.8302,2717800,6.18
2023-10-19,5.8673,5.8673,5.6598,5.717,1582100,6.06
2023-10-20,5.7359,5.8963,5.7076,5.8491,1536900,6.2
2023-10-23,5.8963,5.9529,5.8208,5.8491,1063600,6.2
2023-10-24,5.8774,5.9529,5.8491,5.9529,1695700,6.31
2023-10-25,6.0095,6.0189,5.8774,5.8774,1120100,6.23
2023-10-26,5.8202,5.8485,5.4711,5.4717,4340900,5.8
2023-10-27,5.4717,5.5944,5.2359,5.4906,1801400,5.82
2023-10-30,5.4906,5.5189,5.2359,5.2359,918300,5.55
2023-10-31,5.3491,5.3491,4.8774,4.9057,2575000,5.2
2023-11-01,4.9057,5.1132,4.8585,5.0095,2018200,5.31
2023-11-02,5.1127,5.3579,5.1127,5.3585,1608700,5.68
2023-11-03,5.4523,5.5277,5.3674,5.4151,1412000,5.74
2023-11-06,5.4529,5.4906,5.3774,5.4246,793900,5.75
2023-11-07,5.3862,5.4617,5.3768,5.3868,1036900,5.71
2023-11-08,5.4145,5.7541,5.3957,5.7547,1586800,6.1
2023-11-09,5.7736,5.9434,5.7359,5.8491,2592800,6.2
2023-11-10,5.8296,5.99,5.7541,5.8302,2045200,6.18
2023-11-13,5.773,5.9711,5.7447,5.783,1798900,6.13
2023-11-14,5.8673,5.9051,5.773,5.8113,1212200,6.16
2023-11-15,5.9428,5.9617,5.8013,5.8302,2254100,6.18
2023-11-16,5.8107,5.9145,5.7258,5.9151,1065400,6.27
2023-11-17,5.9623,6.2076,5.8963,5.934,5955100,6.29
2023-11-20,5.8296,6.056,5.8013,6.0283,1482100,6.39
2023-11-21,6.0371,6.1409,5.9994,6.0566,1518100,6.42
2023-11-22,6.0749,6.1315,5.99,6.0566,1374300,6.42
2023-11-23,6.0843,6.2258,5.9428,5.9434,3478300,6.3
2023-11-24,5.9434,5.9623,5.717,5.8491,2789900,6.2
2023-11-27,5.9717,5.9717,5.7736,5.7925,825900,6.14
2023-11-28,5.7919,5.839,5.6881,5.8396,1099600,6.19
2023-11-29,5.8491,5.9057,5.8208,5.8491,1333800,6.2
2023-11-30,5.8485,5.99,5.8485,5.8679,1463200,6.22
2023-12-01,5.9334,5.9334,5.8202,5.8585,1117100,6.21
2023-12-04,5.9906,6.1132,5.8868,6.0944,3958700,6.46
2023-12-05,6.1126,6.1597,6.0749,6.1415,2880900,6.51
2023-12-06,6.1409,6.471,6.1315,6.3396,3905400,6.72
2023-12-07,6.3578,6.3956,6.1409,6.283,3811900,6.66
2023-12-08,6.283,6.651,6.283,6.3774,3894900,6.76
2023-12-11,6.3963,6.5,6.3302,6.3491,2071100,6.73
2023-12-12,6.3774,6.4434,6.3491,6.4057,1949000,6.79
2023-12-13,6.4144,6.471,6.2824,6.283,3648700,6.66
2023-12-14,6.4057,6.4151,6.2925,6.2925,1948000,6.67
2023-12-15,6.2918,6.5842,6.2918,6.5283,3393700,6.92
2023-12-18,6.6038,6.9812,6.5566,6.9812,12008400,7.4
2023-12-19,7.0748,7.2068,6.6125,6.8113,4785600,7.22
2023-12-20,6.8302,6.9246,6.651,6.7925,3255600,7.2
2023-12-21,6.7547,6.9906,6.6981,6.934,3309700,7.35
2023-12-22,6.9616,7.0748,6.7635,6.8302,2785400,7.24
2023-12-25,6.8208,6.9246,6.6981,6.7925,2745700,7.2
2023-12-26,6.8774,6.8774,6.7642,6.7925,2169700,7.2
2023-12-27,6.7918,6.971,6.7823,6.8868,2120600,7.3
2023-12-28,6.8861,6.9144,6.8106,6.8113,2340200,7.22
2023-12-29,6.8491,6.868,6.7925,6.7925,1608900,7.2
2024-01-02,6.8302,6.8302,6.6793,6.7076,3023100,7.11
2024-01-03,6.7076,6.9812,6.6981,6.9529,4182400,7.37
2024-01-04,6.9804,6.9804,6.8295,6.8302,2543900,7.24
2024-01-05,6.8397,6.9812,6.7736,6.9812,4141900,7.4
2024-01-08,6.9812,7.0566,6.8963,6.8963,2009600,7.31
2024-01-09,6.9057,7.0849,6.9057,6.9812,3054900,7.4
2024-01-10,6.934,7.0378,6.8963,7.0095,3372800,7.43
2024-01-11,7.0465,7.0559,6.9144,6.9434,1864400,7.36
2024-01-12,6.8302,6.9434,6.7547,6.8397,3125700,7.25
2024-01-15,6.8868,6.9906,6.868,6.868,2749600,7.28
2024-01-16,6.8585,6.9246,6.8302,6.8774,1428000,7.29
2024-01-17,6.9238,6.9427,6.8578,6.8585,1215400,7.27
2024-01-18,6.8861,6.9521,6.8389,6.8585,1446200,7.27
2024-01-19,6.8774,6.934,6.8491,6.8491,1840900,7.26
2024-01-22,6.8868,6.8868,6.7547,6.8208,1510500,7.23
2024-01-23,6.7918,6.8578,6.7823,6.8113,799200,7.22
2024-01-24,6.8106,6.8484,6.7635,6.8113,1324400,7.22
2024-01-25,6.8208,6.868,6.783,6.7925,838300,7.2
2024-01-26,6.7823,6.8295,6.7823,6.783,840100,7.19
2024-01-29,6.9144,7.254,6.9144,7.2547,7336000,7.69
2024-01-30,7.4529,7.5,7.3585,7.4246,5401400,7.87
2024-01-31,7.4238,7.4332,7.1691,7.2547,5612100,7.69
2024-02-01,7.2634,7.7539,7.254,7.7547,10567000,8.22
2024-02-02,7.8294,7.8577,7.7351,7.7547,2871600,8.22
2024-02-05,7.7634,8.2727,7.7634,8.0283,5324700,8.51
2024-02-06,8.0275,8.1595,7.952,8.1038,2297000,8.59
2024-02-07,8.1124,8.1124,7.9332,8.0849,3495000,8.57
2024-02-15,8.0935,8.2727,8.0935,8.217,2823800,8.71
2024-02-16,8.301,8.301,8.0652,8.1604,3441400,8.65
2024-02-19,8.1132,8.1604,8.0189,8.0944,3819900,8.58
2024-02-20,8.0944,8.2642,8.0944,8.151,2758200,8.64
2024-02-21,8.1312,8.1973,8.0558,8.1132,1738700,8.6
2024-02-22,8.1227,8.4906,8.1227,8.3963,5482100,8.9
2024-02-23,8.4151,8.4529,8.0189,8.0189,4613500,8.5
2024-02-26,8.0181,8.0652,7.9237,8,2475800,8.48
2024-02-27,8.0369,8.1595,8.0086,8.1132,1547700,8.6
2024-02-28,8.1321,8.1887,8.0095,8.0189,2015300,8.5
2024-02-29,8.0189,8.1132,7.9812,8.0095,2537800,8.49
2024-03-01,8.0181,8.1029,7.9992,8.0755,1912800,8.56
2024-03-04,8.1124,8.584,8.1124,8.3585,4637700,8.86
2024-03-05,8.3585,8.3585,8.1981,8.2076,1901500,8.7
2024-03-06,8.2067,8.2822,8.0841,8.1604,1768400,8.65
2024-03-07,8.1595,8.1973,8.0181,8.1038,3839200,8.59
2024-03-08,8.1124,8.1312,7.9898,8,2559000,8.48
2024-03-11,7.9906,8.0755,7.7642,7.8208,2228500,8.29
2024-03-12,7.8208,7.868,7.6887,7.7359,2304300,8.2
2024-03-13,7.7351,7.9237,7.7256,7.8585,1663600,8.33
2024-03-14,8.0086,8.0652,7.8577,7.9151,1998700,8.39
2024-03-15,7.9803,8.1124,7.8766,8,1705100,8.48
2024-03-18,8,8.3963,7.8585,8.3491,5767900,8.85
2024-03-19,8.434,8.4812,8.1887,8.2076,1847200,8.7
2024-03-20,8.1312,8.3293,8.1312,8.3019,2228600,8.8
2024-03-21,8.4897,8.8765,8.2539,8.8019,10511500,9.33
2024-03-22,8.801,8.867,8.6406,8.717,1991900,9.24
2024-03-25,8.6981,8.7548,8.4246,8.4812,3215900,8.99
2024-03-26,8.4897,8.7633,8.3859,8.5849,2253100,9.1
2024-03-27,8.7736,8.7736,8.6038,8.651,2210600,9.17
2024-03-28,8.7255,8.7255,8.6029,8.6321,1577400,9.15
2024-03-29,8.6415,8.9623,8.6321,8.8491,3223700,9.38
2024-04-01,8.7821,8.9425,8.7067,8.7736,2258100,9.3
2024-04-02,8.6793,8.8963,8.6321,8.8774,3271500,9.41
2024-04-03,8.867,8.8765,8.6878,8.6887,2916800,9.21
2024-04-04,8.6887,9.151,8.5472,8.868,3218500,9.4
2024-04-05,8.7067,9.0274,8.6972,8.9151,3148600,9.45
2024-04-08,8.9434,8.9434,8.6887,8.7265,1256600,9.25
2024-04-09,8.6793,8.7831,8.6132,8.7831,2048600,9.31
2024-04-10,8.8491,8.9717,8.7359,8.7831,1358800,9.31
2024-04-11,8.7642,9.3397,8.7265,9.2831,4985500,9.84
2024-04-12,9.2453,9.3019,9.2453,9.2831,1813700,9.84
2024-04-15,9.2349,9.2349,8.6406,8.6415,5110700,9.16
2024-04-16,8.5369,8.584,8.0369,8.3302,4807700,8.83
2024-04-17,8.3954,8.3954,8.1124,8.1132,1635800,8.6
2024-04-19,8.0755,8.0755,7.5566,7.9246,2802800,8.4
2024-04-22,7.8671,8.1124,7.8671,8.0283,1323900,8.51
2024-04-23,8.0181,8.0652,7.5464,7.7453,1287100,8.21
2024-04-24,7.8388,8.2822,7.8294,8.2736,1633400,8.77
2024-04-25,8.2831,8.3491,8.1132,8.2642,682300,8.76
2024-04-26,8.1878,8.3482,8.1124,8.3302,1037900,8.83
2024-05-02,8.4897,8.7444,8.4897,8.6698,1481200,9.19
2024-05-03,8.7727,8.7727,8.5652,8.5849,2136800,9.1
2024-05-06,8.5935,9.15,8.584,9.1415,2882000,9.69
2024-05-07,9.15,9.716,9.1406,9.5283,5877500,10.1
2024-05-08,9.434,9.6699,9.2548,9.4812,3353200,10.05
2024-05-09,9.6217,9.6217,9.15,9.2453,3089600,9.8
2024-05-10,9.3774,9.6227,9.2548,9.4246,4239800,9.99
2024-05-13,9.5755,9.5755,9.151,9.2831,1905100,9.84
2024-05-14,9.3397,9.434,9.2453,9.3397,1562700,9.9
2024-05-15,9.367,9.5273,9.2915,9.3585,3220800,9.92
2024-05-16,9.4802,9.5273,9.3481,9.3585,2673000,9.92
2024-05-17,9.4151,9.8585,9.3397,9.8114,5617400,10.4
2024-05-20,9.999,10.1876,9.5273,9.5755,5278000,10.15
2024-05-21,9.5745,9.9047,9.4047,9.8585,5515400,10.45
2024-05-22,9.8575,10.1405,9.8575,10,6178400,10.6
2024-05-23,9.9047,10.2348,9.9047,10.0472,4007100,10.65
2024-05-24,10.0472,10.1416,9.434,9.6227,6163300,10.2
2024-05-27,9.5755,9.8585,9.5283,9.7642,2196100,10.35
2024-05-28,9.9529,9.9529,9.8114,9.9529,1910700,10.55
2024-05-29,9.9529,10.2831,9.8114,10.1416,4687200,10.75
2024-05-30,9.9057,10.0472,9.6699,9.8114,2812300,10.4
2024-05-31,9.8575,10.1405,9.716,9.717,2023000,10.3
2024-06-03,9.717,9.9057,9.717,9.7642,2199800,10.35
2024-06-04,9.8103,9.9518,9.716,9.717,2446000,10.3
2024-06-05,9.717,9.8585,9.6227,9.6227,2107100,10.2
2024-06-06,9.6227,9.7642,9.4812,9.4812,2241800,10.05
2024-06-07,9.6217,9.6217,9.4802,9.5283,1831900,10.1
2024-06-10,9.6217,9.716,9.4802,9.5283,1586800,10.1
2024-06-11,9.5755,9.5755,9.3114,9.3491,2982000,9.91
2024-06-12,9.3019,9.9057,9.3019,9.8114,2863700,10.4
2024-06-13,9.9529,10.0944,9.8585,9.9057,3887800,10.5
2024-06-14,9.9518,10.1405,9.8575,9.8585,4100500,10.45
2024-06-17,10.0472,10.0472,9.6699,9.8114,3893600,10.4
2024-06-18,9.8585,10.2831,9.8585,10.2831,6630600,10.9
2024-06-19,10.3763,10.9894,10.3763,10.9906,10378500,11.65
2024-06-20,11.2265,11.6982,10.9434,11.6982,9702500,12.4
2024-06-21,11.6982,11.6982,11.1321,11.1793,6998900,11.85
2024-06-24,11.2265,11.5095,10.4246,10.4246,10612300,11.05
2024-06-25,10.3763,10.7065,10.3763,10.6604,2764400,11.3
2024-06-26,10.6604,10.7548,10.1887,10.5661,2463500,11.2
2024-06-27,10.6133,10.7548,10.4717,10.6133,2196100,11.25
2024-06-28,10.565,10.6593,10.0461,10.0472,3597000,10.65
2024-07-01,10.1887,10.2831,9.9529,10.0944,1674100,10.7
2024-07-02,10.2831,10.2831,10.0944,10.2831,1346600,10.9
2024-07-03,10.3774,10.5189,10.2831,10.2831,1604600,10.9
2024-07-04,10.3774,10.7548,10.3774,10.6133,2845600,11.25
2024-07-05,10.848,10.848,10.5178,10.5189,1718300,11.15
2024-07-08,10.5178,10.7536,10.3763,10.5189,1963900,11.15
2024-07-09,10.6133,10.9906,10.4717,10.8963,4205500,11.55
2024-07-10,10.848,11.1781,10.6593,10.9434,3304300,11.6
2024-07-11,11.1321,11.1793,10.8491,10.8963,2134000,11.55
2024-07-12,10.9894,10.9894,10.7536,10.8019,2475700,11.45
2024-07-15,10.7548,11.085,10.7548,10.8963,3031900,11.55
2024-07-16,11.0366,11.4139,10.9423,11.1321,3138900,11.8
2024-07-17,11.1321,11.2265,10.3774,10.5661,2623900,11.2
2024-07-18,10.565,10.7536,10.1405,10.5189,2890500,11.15
2024-07-19,10.7065,10.7065,10.0933,10.3302,1245000,10.95
2024-07-22,10.3774,10.3774,9.6227,9.6227,3387800,10.2
2024-07-23,9.5283,9.8585,9.5283,9.6699,1975200,10.25
2024-07-24,9.434,10,9.4246,9.9057,2541000,10.5
2024-07-25,9.717,9.8585,9.6227,9.7642,660400,10.35
2024-07-26,9.7642,9.8585,9.5283,9.8114,701600,10.4
2024-07-29,9.9057,10.1887,9.8114,10.1416,1795800,10.75
2024-07-30,10.3302,10.3302,9.9057,10.0944,1719000,10.7
2024-07-31,10.2359,10.2359,9.7642,9.9529,1428400,10.55
2024-08-01,10.1,10.15,9.3,9.49,2767300,9.49
2024-08-02,9.33,9.59,9.02,9.55,1767100,9.55
2024-08-05,9.3,9.35,8.89,8.89,2867000,8.89
2024-08-06,8.88,9.29,8.84,9.25,1406400,9.25
2024-08-07,9.23,9.28,9.09,9.25,974000,9.25
2024-08-08,9.21,9.29,8.61,8.61,3391100,8.61
2024-08-09,8.61,9.1,8.08,8.61,6970100,8.61
2024-08-12,8.7,8.72,8.48,8.55,1254400,8.55
2024-08-13,8.5,8.69,8.44,8.68,2708500,8.68
2024-08-14,8.7,8.79,8.54,8.75,1511100,8.75
2024-08-15,8.76,8.79,8.56,8.76,1256000,8.76
2024-08-16,8.68,9.35,8.68,9.3,2952100,9.3
2024-08-19,9.34,9.34,9.17,9.3,1719500,9.3
2024-08-20,9.23,9.5,9.11,9.4,2496800,9.4
2024-08-21,9.39,9.41,9.2,9.4,2263300,9.4
2024-08-22,9.4,9.5,9.26,9.5,2275800,9.5
2024-08-23,9.47,9.49,9.26,9.45,1682100,9.45
2024-08-26,9.49,9.5,9.31,9.4,1595000,9.4
2024-08-27,9.38,9.42,9.21,9.39,2043800,9.39
2024-08-28,9.38,9.38,9.18,9.35,1335000,9.35
2024-08-29,9.29,9.3,9.19,9.2,1337000,9.2
2024-08-30,9.2,9.2,9.07,9.1,1430000,9.1
2024-09-04,8.99,9.05,8.8,8.87,1398900,8.87
2024-09-05,8.9,9,8.84,8.93,1106900,8.93
2024-09-06,8.91,8.91,8.78,8.9,655800,8.9
2024-09-09,8.85,8.87,8.73,8.87,915200,8.87
2024-09-10,8.88,8.88,8.6,8.87,1369200,8.87
2024-09-11,8.64,8.83,8.61,8.83,855900,8.83
2024-09-12,8.77,8.89,8.65,8.78,1300300,8.78
2024-09-13,8.78,8.78,8.66,8.76,737700,8.76
2024-09-16,8.78,8.78,8.65,8.72,990800,8.72
2024-09-17,8.65,8.71,8.45,8.7,1266300,8.7
2024-09-18,8.71,8.83,8.7,8.71,1156900,8.71
2024-09-19,8.77,8.85,8.75,8.85,1329200,8.85
2024-09-20,8.95,8.95,8.74,8.78,991300,8.78
2024-09-23,8.81,8.81,8.6,8.6,1197400,8.6
2024-09-24,8.6,8.64,8.52,8.59,958700,8.59
2024-09-25,8.6,8.77,8.58,8.72,1869000,8.72
2024-09-26,8.75,8.83,8.72,8.76,1237100,8.76
2024-09-27,8.79,8.81,8.71,8.72,786800,8.72
2024-09-30,8.7,8.73,8.59,8.59,1232200,8.59
2024-10-01,8.68,8.74,8.6,8.63,1213400,8.63
2024-10-02,8.69,8.69,8.53,8.58,1171900,8.58
2024-10-03,8.55,8.6,8,8.35,1747400,8.35
2024-10-04,8.32,8.35,8.21,8.21,848300,8.21
2024-10-07,8.25,8.31,8.13,8.15,625300,8.15
2024-10-08,8.16,8.2,8.03,8.07,780600,8.07
2024-10-09,8.07,8.17,8,8.01,1175400,8.01
2024-10-10,8.11,8.11,7.9,7.95,1336700,7.95
2024-10-11,7.95,8.1,7.95,8.01,787000,8.01
2024-10-14,7.46,7.79,7.45,7.45,9204400,7.45
2024-10-15,7.47,7.53,6.93,6.94,6988100,6.94
2024-10-16,7.11,7.27,7.05,7.15,2464200,7.15
2024-10-17,7.12,7.3,7.1,7.28,1693000,7.28
2024-10-18,7.34,7.36,7.23,7.23,1416800,7.23
2024-10-21,7.25,7.25,7.1,7.12,1367800,7.12
2024-10-22,7.12,7.22,7.08,7.13,1611100,7.13
2024-10-23,7.18,7.19,7.1,7.19,745800,7.19
2024-10-24,7.15,7.39,7.15,7.2,1811900,7.2
2024-10-25,7.15,7.22,7.14,7.14,894000,7.14
2024-10-28,7.2,7.28,7.15,7.22,954500,7.22
2024-10-29,7.3,7.59,7.28,7.39,1844000,7.39
2024-10-30,7.4,7.45,7.26,7.3,808400,7.3
2024-10-31,7.3,7.34,7.27,7.31,739400,7.31
2024-11-01,7.26,7.32,7.26,7.26,1259900,7.26
2024-11-04,7.23,7.23,7.08,7.11,1898100,7.11
2024-11-05,7.09,7.19,7.09,7.15,604500,7.15
2024-11-06,7.19,7.4,7.16,7.38,1173500,7.38
2024-11-07,7.4,7.5,7.38,7.4,1199000,7.4
2024-11-08,7.45,7.48,7.32,7.34,547900,7.34
2024-11-11,7.34,7.45,7.29,7.41,1459900,7.41
2024-11-12,7.44,7.47,7.32,7.32,542900,7.32
2024-11-13,7.3,7.34,6.87,7.26,1418600,7.26
2024-11-14,7.31,7.31,7.18,7.19,509000,7.19
2024-11-15,7.18,7.18,6.98,7.03,1377400,7.03
2024-11-18,7,7.45,6.98,7.4,1527200,7.4
2024-11-19,7.43,7.64,7.35,7.39,1755100,7.39
2024-11-20,7.39,7.58,7.29,7.47,1798200,7.47
2024-11-21,7.45,7.48,7.4,7.47,638400,7.47
2024-11-22,7.49,7.54,7.39,7.41,871800,7.41
2024-11-25,7.42,7.53,7.41,7.48,703500,7.48
2024-11-26,7.5,7.7,7.5,7.58,2114500,7.58
2024-11-27,7.62,7.62,7.5,7.52,484600,7.52
2024-11-28,7.6,7.65,7.53,7.56,921800,7.56
2024-11-29,7.56,7.59,7.5,7.58,921100,7.58
2024-12-02,7.6,7.97,7.58,7.79,2295100,7.79
2024-12-03,7.69,7.82,7.62,7.62,998600,7.62
2024-12-04,7.63,7.74,7.45,7.51,1692200,7.51
2024-12-05,7.51,7.78,7.46,7.75,1515700,7.75
2024-12-06,7.77,7.84,7.74,7.75,1793600,7.75
2024-12-09,7.77,7.84,7.61,7.8,1456700,7.8
2024-12-10,7.84,7.86,7.8,7.82,994600,7.82
2024-12-11,7.82,7.84,7.7,7.72,1468300,7.72
2024-12-12,7.74,7.78,7.56,7.63,1681400,7.63
2024-12-13,7.65,7.65,7.52,7.52,744500,7.52
2024-12-16,7.52,7.57,7.44,7.46,951000,7.46
2024-12-17,7.46,7.5,7.37,7.41,682200,7.41
2024-12-18,7.41,7.52,7.39,7.5,502900,7.5
2024-12-19,7.42,7.45,7.3,7.35,1711800,7.35
2024-12-20,7.37,7.39,7.31,7.34,758000,7.34
2024-12-23,7.36,7.55,7.36,7.55,941100,7.55
2024-12-24,7.55,7.55,7.4,7.45,736200,7.45
2024-12-25,7.46,7.65,7.45,7.65,1716400,7.65
2024-12-26,7.66,7.68,7.57,7.58,680900,7.58
2024-12-27,7.58,7.6,7.42,7.43,1174700,7.43
2024-12-30,7.43,7.45,7.38,7.42,661500,7.42
2024-12-31,7.38,7.47,7.38,7.42,1122500,7.42
2025-01-02,7.43,7.46,7.4,7.42,425800,7.42
2025-01-03,7.43,7.43,7.26,7.26,1054900,7.26
2025-01-06,7.3,7.3,7.1,7.1,845300,7.1
2025-01-07,7.1,7.16,6.99,7.02,916300,7.02
2025-01-08,7.02,7.17,6.99,7.13,825400,7.13
2025-01-09,7.13,7.16,7.1,7.11,582400,7.11
2025-01-10,7.15,7.15,7,7,662200,7
2025-01-13,7,7.1,6.95,7.08,704400,7.08
2025-01-14,7.1,7.12,7.01,7.05,284300,7.05
2025-01-15,7.06,7.16,7.06,7.15,312700,7.15
2025-01-16,7.2,7.28,7.08,7.08,363800,7.08
2025-01-17,7.1,7.23,7.1,7.19,487100,7.19
2025-01-20,7.2,7.23,7.16,7.16,462400,7.16
2025-01-21,7.19,7.25,7.15,7.23,1238400,7.23
2025-01-22,7.25,7.25,7.11,7.12,863000,7.12
2025-01-23,7.12,7.22,7.11,7.18,364300,7.18
2025-01-24,7.16,7.33,7.16,7.31,1199400,7.31
2025-02-04,7.2,7.33,7.2,7.32,771900,7.32
2025-02-05,7.35,7.45,7.33,7.41,1351600,7.41
2025-02-06,7.41,7.43,7.32,7.34,705600,7.34
2025-02-07,7.34,7.37,7.29,7.29,770800,7.29
2025-02-10,7.23,7.27,7.21,7.21,565400,7.21
2025-02-11,7.21,7.35,7.21,7.26,753200,7.26
2025-02-12,7.22,7.34,7.22,7.25,409900,7.25
2025-02-13,7.25,7.26,7.2,7.24,1099200,7.24
2025-02-14,7.24,7.34,7.24,7.3,1249900,7.3
2025-02-17,7.31,7.44,7.31,7.35,1088500,7.35
2025-02-18,7.35,7.7,7.35,7.7,4447500,7.7
2025-02-19,7.79,8.23,7.71,8.2,10258600,8.2
2025-02-20,8.25,8.25,8.03,8.06,3193600,8.06
2025-02-21,8.04,8.23,8,8.14,3195000,8.14
2025-02-24,8.15,8.15,7.97,8,2066500,8
2025-02-25,8.1,8.17,8.03,8.1,1825700,8.1
2025-02-26,8.2,8.22,8.07,8.13,1765300,8.13
2025-02-27,8.16,8.37,8.11,8.27,3940700,8.27
2025-02-28,8.29,8.33,8.18,8.24,1452300,8.24
2025-03-03,8.2,8.3,8.1,8.3,2652000,8.3
2025-03-04,8.28,8.32,8.17,8.26,2133300,8.26
2025-03-05,8.26,8.44,8.26,8.26,2901000,8.26
2025-03-06,8.3,8.32,8.25,8.31,1634500,8.31
2025-03-07,8.35,8.58,8.35,8.35,3598100,8.35
2025-03-10,8.45,8.46,8.27,8.34,1947400,8.34
2025-03-11,8.25,8.36,8.19,8.36,2634300,8.36
2025-03-12,8.39,8.39,8.24,8.26,1119700,8.26
2025-03-13,8.25,8.42,8.2,8.25,1972600,8.25
2025-03-14,8.24,8.35,8.23,8.28,1215000,8.28
2025-03-17,8.38,8.85,8.38,8.8,7085800,8.8
2025-03-18,8.9,8.92,8.75,8.82,1855100,8.82
2025-03-19,8.81,8.92,8.7,8.76,2213500,8.76
2025-03-20,8.88,8.88,8.62,8.7,2206900,8.7
2025-03-21,8.7,8.88,8.6,8.6,2116000,8.6
2025-03-24,8.6,8.82,8.6,8.76,1802900,8.76
2025-03-25,8.76,8.88,8.71,8.79,1428800,8.79
2025-03-26,9.01,9.3,9.01,9.2,3773900,9.2
2025-03-27,9.28,9.84,9.21,9.84,4068000,9.84
2025-03-28,10.25,10.5,10.2,10.3,13322000,10.3
2025-03-31,10.3,10.65,10.2,10.5,6081300,10.5
2025-04-01,10.5,10.6,10.15,10.45,5471900,10.45
2025-04-02,10.5,11.15,10.35,11.15,12124800,11.15
2025-04-03,10.4,10.8,10.4,10.4,6314200,10.4
2025-04-04,9.68,10.5,9.68,10.5,14369300,10.5
2025-04-08,9.95,10.3,9.77,9.77,2769300,9.77
2025-04-09,9.09,9.32,9.09,9.09,7226800,9.09
2025-04-10,9.72,9.72,9.72,9.72,192300,9.72
2025-04-11,10.35,10.4,9.72,10.4,12958900,10.4
2025-04-14,10.55,10.95,10.35,10.9,5317100,10.9
2025-04-15,10.9,11,10.2,10.5,5843100,10.5
2025-04-16,10.5,10.7,10.1,10.5,5419200,10.5
2025-04-17,10.4,11.2,10.4,11.15,9980100,11.15
2025-04-18,11.4,11.5,11,11,5481100,11
2025-04-21,11,11.4,10.75,11.15,6506100,11.15
2025-04-22,11.05,11.45,10.4,11,10674000,11
2025-04-23,11.3,11.5,10.95,11.3,5769600,11.3
2025-04-24,11.35,11.6,11.1,11.3,6653100,11.3
2025-04-25,11.45,11.45,11,11,4129100,11
2025-04-28,11,11,10.55,10.85,3757600,10.85
2025-04-29,10.85,11.2,10.6,11,4048800,11
2025-05-05,11.1,11.25,10.85,11,1804800,11
2025-05-06,11.1,11.4,11.1,11.15,5498000,11.15
2025-05-07,11.2,11.4,11,11.45,5784600,11.45
2025-05-08,11.5,12.25,11.5,12.25,14409900,12.25
2025-05-09,12.45,12.85,12.25,12.35,11144500,12.35
2025-05-12,12.6,13.2,12.45,13.05,14049900,13.05
2025-05-13,13.2,13.25,12.85,13.05,9974600,13.05
2025-05-14,13.05,13.55,12.9,13.25,6578600,13.25
2025-05-15,13.4,13.4,12.65,13.2,10782500,13.2
2025-05-16,13.2,13.8,13.05,13.2,8896700,13.2
2025-05-19,13,13.35,12.85,13,9537800,13
2025-05-20,13.05,13.25,12.85,13.25,7462200,13.25
2025-05-21,13.6,13.6,12.95,13.35,8219400,13.35
2025-05-22,13.3,13.95,13.1,13.35,10420900,13.35
2025-05-23,13.55,14,13.4,13.9,10305900,13.9
2025-05-26,14.3,14.85,13.8,14.6,16330500,14.6
2025-05-27,14.65,15.1,14.35,14.65,7217900,14.65
2025-05-28,14.95,15,14.2,14.4,8224200,14.4
2025-05-29,14.45,14.9,14.4,14.75,5408200,14.75
2025-05-30,14.8,14.8,14.45,14.7,5724100,14.7
2025-06-02,14.5,15.15,14.5,15.15,6917100,15.15
2025-06-03,15.2,15.25,14.75,15.15,6597900,15.15
2025-06-04,15.15,15.2,14.7,14.8,7776600,14.8
2025-06-05,14.65,14.8,14.05,14.7,10541600,14.7
2025-06-06,14.85,15.2,14.45,15.15,8118300,15.15
2025-06-09,15,16.1,14.9,15.7,7934200,15.7
2025-06-10,15.8,15.8,15.35,15.6,6042400,15.6
2025-06-11,15.65,15.65,15.15,15.5,4334000,15.5
2025-06-12,15.6,15.7,15.25,15.5,10304800,15.5
2025-06-13,15.15,15.4,14.65,15.3,12292500,15.3
2025-06-16,15.25,15.6,15,15.3,6707200,15.3
2025-06-17,15.25,15.75,15.25,15.5,6911500,15.5
2025-06-18,15.9,15.9,15.15,15.25,7685400,15.25
2025-06-19,15.25,15.25,14.85,15.05,4896200,15.05
2025-06-20,15,15.05,14.7,14.9,7424800,14.9
2025-06-23,14.7,14.9,14.45,14.7,6957200,14.7
2025-06-24,14.9,15.1,14.8,14.9,4147700,14.9
2025-06-25,14.9,15,14.65,14.95,4235300,14.95
2025-06-26,14.95,15.35,14.8,15.1,5462700,15.1
2025-06-27,15.05,15.2,14.95,15.15,2922200,15.15
2025-06-30,15.1,15.35,15,15.25,5287800,15.25
2025-07-01,15.2,15.2,14.75,14.8,5157300,14.8
2025-07-02,14.8,15.2,14.65,15.2,4422500,15.2
2025-07-03,15.15,15.65,15,15.2,5745800,15.2
2025-07-04,15.3,16.1,15.2,15.75,12705000,15.75
2025-07-07,15.9,16.45,15.7,16.4,7859800,16.4
2025-07-08,16.6,16.75,16.05,16.45,5955100,16.45
2025-07-09,16.4,16.45,16.05,16.15,8992200,16.15
2025-07-10,16.35,16.5,16.1,16.35,4287900,16.35
2025-07-11,16.3,16.5,16,16.3,7869200,16.3
2025-07-14,16.4,16.7,16,16.5,6569100,16.5
2025-07-15,16.55,16.65,16.25,16.55,6131500,16.55
2025-07-16,16.4,17.35,16.4,17.15,8218400,17.15
2025-07-17,17.35,17.9,17.15,17.45,7516900,17.45
2025-07-18,17.6,17.85,17.05,17.45,5442600,17.45
2025-07-21,17.25,17.35,16.8,17,8147500,17
2025-07-22,16.8,17.5,16.6,17.5,5559500,17.5
2025-07-23,17.8,18.25,17.5,17.85,6564400,17.85
2025-07-24,17.85,17.9,17.5,17.6,3566800,17.6
2025-07-25,17.5,18.2,17.5,18.15,5666600,18.15
2025-07-28,18.2,18.8,18,18.35,11223600,18.35
2025-07-29,18.45,18.45,17.1,17.1,14710000,17.1
2025-07-30,18.25,18.25,17.95,18.25,15190400,18.25
2025-07-31,19.5,19.5,17,18.9,35348800,18.9
2025-08-01,18.95,18.95,18.1,18.6,10464400,18.6
2025-08-04,18.35,18.4,17.45,17.9,13553500,17.9
2025-08-05,18.2,18.25,16.65,17.6,16403000,17.6
2025-08-06,17.6,17.6,16.95,17.1,11833600,17.1
2025-08-07,17.35,17.9,17.2,17.7,11650900,17.7
2025-08-08,17.7,18,17.2,17.7,10358900,17.7
2025-08-11,17.85,18.25,17.75,17.9,9049600,17.9
2025-08-12,18.05,18.5,17.8,18.45,10515400,18.45
2025-08-13,18.75,18.95,18,18.55,9414100,18.55
2025-08-14,18.6,18.65,18.2,18.25,8584700,18.25
2025-08-15,18.35,18.45,17.2,17.3,16176800,17.3
2025-08-18,17.3,17.5,16.55,17.4,7802800,17.4
2025-08-19,17.4,17.95,17.15,17.75,7748600,17.75
2025-08-20,17.95,18,16.7,17.15,7322000,17.15
2025-08-21,17.2,17.25,16.5,16.5,8596600,16.5
2025-08-22,16,16.3,15.35,15.35,20245400,15.35
2025-08-25,15.15,15.65,14.75,15.4,7254400,15.4
2025-08-26,15.4,16,15.3,16,4022200,16
2025-08-27,16,16.4,15.65,15.65,5849700,15.65
2025-08-28,15.8,16,15.6,16,3680300,16
2025-08-29,16.2,16.2,15.8,15.8,3616500,15.8
2025-09-03,15.95,16.55,15.85,16.5,4493100,16.5
2025-09-04,16.75,17.65,16.6,17.65,13082800,17.65
2025-09-05,18.15,18.15,17.5,17.5,9014400,17.5
2025-09-08,17.4,17.9,16.5,16.5,10786000,16.5
2025-09-09,16.8,17.1,16.2,17,5119900,17
2025-09-10,17,17,16.4,16.9,3610400,16.9
2025-09-11,16.7,17,16,17,4090200,17
2025-09-12,17,17.4,16.85,17,2870200,17
2025-09-15,17.05,17.6,16.95,17.35,4568000,17.35
2025-09-16,17.6,17.6,17,17.05,3694900,17.05
2025-09-17,17.15,17.25,16.65,16.7,3371900,16.7
2025-09-18,16.85,16.9,16.5,16.7,1847500,16.7
2025-09-19,16.85,16.9,16.55,16.7,2282000,16.7
2025-09-22,16.6,16.9,16.3,16.45,3379300,16.45
2025-09-23,16.5,16.65,16.35,16.6,1251200,16.6
2025-09-24,16.6,17.1,16.4,17.1,2048800,17.1
2025-09-25,17.1,17.5,17.05,17.4,6858700,17.4
2025-09-26,17.45,18.4,17.4,18.05,14169000,18.05
2025-09-29,18.25,18.4,17.65,18,5874700,18
2025-09-30,17.95,18,17.1,17.85,4633700,17.85
2025-10-01,18.05,19.05,17.85,18.7,16290900,18.7
2025-10-02,18.85,18.85,18,18.45,4914100,18.45
2025-10-03,18.1,18.35,17.65,17.85,6516800,17.85
2025-10-06,18.3,19,18.15,18.95,6752400,18.95
2025-10-07,19.05,19.05,18.3,18.35,5356100,18.35
2025-10-08,18.6,19.35,18.3,19.1,8920500,19.1
2025-10-09,19.15,19.7,19.15,19.7,5639300,19.7
2025-10-10,19.95,20.2,19.25,19.45,10177200,19.45
2025-10-13,19.1,19.7,19.05,19.1,10837900,19.1
2025-10-14,19.2,19.25,17.95,18,13680800,18
2025-10-15,18,18.25,17.55,18.2,6420400,18.2
2025-10-16,18.35,18.7,18,18.45,4385900,18.45
2025-10-17,18.45,18.6,18.1,18.1,5753000,18.1
2025-10-20,17.9,18,16.85,16.85,7652000,16.85
2025-10-21,16.55,17,15.7,15.7,9520500,15.7
2025-10-22,15.95,16.3,15.5,16.15,4113100,16.15
2025-10-23,16.3,16.3,15.6,15.6,3830100,15.6
2025-10-24,15.45,16,15.05,15.65,5195900,15.65
2025-10-27,15.75,15.85,14.85,14.85,3588000,14.85
2025-10-28,14.25,15.5,14.25,15.5,5520700,15.5
2025-10-29,15.5,15.65,15.2,15.65,2504100,15.65
2025-10-30,15.45,15.65,15.2,15.6,2956100,15.6
2025-10-31,15.35,15.6,14.9,14.9,3231100,14.9
2025-11-03,14.65,14.9,13.9,13.9,5578600,13.9
2025-11-04,13.5,14.85,13.5,14.85,5674500,14.85
2025-11-05,14.8,14.85,14.5,14.7,1445300,14.7
2025-11-06,14.7,14.95,14.4,14.7,1844300,14.7
2025-11-07,14.7,14.7,14.2,14.2,1699000,14.2
2025-11-10,14,14.65,14,14.3,2149000,14.3
2025-11-11,14.35,14.5,14.15,14.3,1345100,14.3
2025-11-12,14.4,14.75,14.3,14.65,1219800,14.65
2025-11-13,14.65,14.95,14.6,14.8,1480900,14.8
2025-11-14,14.65,15.15,14.6,14.8,1432000,14.8
2025-11-17,15,15.25,14.9,15.1,1716900,15.1
2025-11-18,15.15,15.15,14.7,14.85,2141200,14.85
2025-11-19,14.85,14.85,14.1,14.1,3186300,14.1
2025-11-20,14.3,14.5,14.1,14.2,1775300,14.2
2025-11-21,14.3,14.55,14.15,14.5,1783800,14.5
2025-11-24,14.55,14.6,14.4,14.45,1418700,14.45
2025-11-25,14.35,14.5,14,14.1,1739800,14.1
2025-11-26,14.25,14.45,14.1,14.45,1625000,14.45
2025-11-27,14.5,14.5,14.15,14.2,1126700,14.2
2025-11-28,14.25,14.3,14.05,14.1,1028900,14.1
2025-12-01,14.1,14.15,13.85,13.95,1401000,13.95
2025-12-02,13.85,14,13.75,13.9,1596000,13.9
2025-12-03,13.95,14.1,13.85,14.05,1155300,14.05
2025-12-04,14.05,14.45,14.05,14.45,1873800,14.45
2025-12-05,14.45,14.45,14,14.05,1137500,14.05
2025-12-08,14.15,14.15,13.8,13.9,1345400,13.9
2025-12-09,13.9,14,13.45,13.8,2142300,13.8
2025-12-10,13.75,13.85,13.7,13.75,557500,13.75
2025-12-11,13.75,13.9,13.7,13.8,990100,13.8
2025-12-12,13.85,13.9,13.05,13.05,1526800,13.05
2025-12-15,13.1,13.45,13,13,1783800,13
2025-12-16,12.95,13.4,12.6,13.35,1486000,13.35
2025-12-17,13.4,13.45,13.2,13.25,610700,13.25
2025-12-18,13.3,13.4,13.1,13.35,794900,13.35
2025-12-19,13.3,13.4,13.1,13.35,1047200,13.35
2025-12-22,13.25,13.55,13.25,13.45,809200,13.45
2025-12-23,13.5,13.55,13.2,13.2,806500,13.2
2025-12-24,13.2,13.4,13.15,13.2,637100,13.2
2025-12-25,13.2,13.3,13.05,13.05,1458600,13.05
2025-12-26,12.9,13.1,12.55,13.05,2409300,13.05
2025-12-29,13.05,13.15,12.85,12.85,919300,12.85
2025-12-30,12.9,12.9,12.6,12.7,1762200,12.7
2025-12-31,12.6,12.7,12.45,12.5,1841700,12.5
2026-01-05,12.5,12.7,11.8,11.8,2850800,11.8
2026-01-06,11.9,12.4,11.9,12.05,2531400,12.05
2026-01-07,12.05,12.25,12,12.25,1380900,12.25
2026-01-08,12.15,12.4,11.95,12,1409600,12
2026-01-09,12.1,12.15,11.2,11.2,8035600,11.2
2026-01-12,11.2,11.7,10.9,11.55,3085800,11.55
2026-01-13,11.85,11.95,11.7,11.9,2339000,11.9
2026-01-14,11.9,11.9,11.3,11.45,3075700,11.45
2026-01-15,11.4,11.6,11.25,11.4,1993300,11.4
2026-01-16,11.6,11.6,11.2,11.35,1896300,11.35
2026-01-19,11.5,11.5,11.25,11.3,872300,11.3
2026-01-20,11.45,11.45,11.2,11.35,1186400,11.35
2026-01-21,11.25,11.35,10.9,11,2512200,11
2026-01-22,11.1,11.75,11.05,11.75,4705500,11.75
2026-01-23,11.9,11.95,11.45,11.55,1390500,11.55
2026-01-26,11.55,11.55,11,11,1655100,11
2026-01-27,11.05,11.35,11,11.05,1182900,11.05
2026-01-28,11.2,11.4,10.95,11.2,1470300,11.2
2026-01-29,11.35,11.4,11.2,11.3,1043900,11.3
2026-01-30,11.35,11.7,11.3,11.55,2067700,11.55
2026-02-02,11.4,11.6,11.15,11.2,1704300,11.2
2026-02-03,11.2,11.4,11.15,11.25,1207500,11.25
2026-02-04,11.25,11.45,11.2,11.4,1388700,11.4
2026-02-05,11.4,11.55,11.2,11.2,1563000,11.2
2026-02-06,11.15,11.15,10.75,10.8,2220100,10.8
2026-02-09,11,11,10.7,10.8,815200,10.8
2026-02-10,10.7,11,10.7,10.85,1011300,10.85
2026-02-11,10.85,11.6,10.85,11.6,2220200,11.6
2026-02-12,11.85,12.2,11.55,12.2,3220300,12.2
2026-02-13,12.1,12.3,11.95,12.3,2864500,12.3
2026-02-23,12.35,12.35,12.1,12.3,1297700,12.3
2026-02-24,12.25,12.4,12.1,12.4,1646000,12.4
2026-02-25,12.45,12.45,12,12.15,2138600,12.15
2026-02-26,12.15,12.15,11.85,12,927300,12
2026-02-27,12,12,11.45,11.75,2556400,11.75
2026-03-02,11.1,11.4,11.1,11.15,2923500,11.15
2026-03-03,11.2,11.5,11.15,11.3,1531000,11.3
2026-03-04,11.3,11.5,10.8,11.05,2274000,11.05
2026-03-05,11.3,11.4,11,11,1304600,11
2026-03-06,11.25,11.25,10.55,10.55,2373400,10.55
2026-03-09,9.82,10.2,9.82,9.82,1564500,9.82
2026-03-10,9.8,10.5,9.8,10.1,3665900,10.1
2026-03-11,10.4,10.8,10.2,10.8,2174000,10.8
2026-03-12,11,11.2,10.8,11,2612600,11
2026-03-13,10.75,11.5,10.75,11.2,2060700,11.2
2026-03-16,11.25,11.5,11,11.2,1505300,11.2
2026-03-17,11.4,11.4,11.05,11.15,976200,11.15
2026-03-18,11.15,11.2,10.95,11.1,1195200,11.1
2026-03-19,10.8,11.5,10.8,11.15,2042600,11.15
2026-03-20,11.1,11.4,11.05,11.05,1416200,11.05
2026-03-23,11.05,11.25,10.65,10.8,2974600,10.8
2026-03-24,11.2,11.55,11.05,11.55,3551100,11.55
2026-03-25,11.9,12.35,11.75,12.1,5339100,12.1
2026-03-26,12.05,12.4,12.05,12.15,2759400,12.15
2026-03-27,12.15,13,12.15,13,5791500,13
2026-03-30,12.8,13.7,12.8,13.55,5650200,13.55
2026-03-31,13.75,14.25,13.25,13.9,5442200,13.9
2026-04-01,14.05,14.1,13.3,13.3,4739600,13.3
2026-04-02,13.35,13.85,12.75,13.55,5609600,13.55
2026-04-03,13.55,13.6,13,13.35,2883200,13.35
2026-04-06,13,13.4,12.45,12.45,5628200,12.45
2026-04-07,12.6,13.1,12.3,12.9,3937000,12.9
2026-04-08,13.5,13.8,13.15,13.8,4018800,13.8
2026-04-09,13.8,14.45,13.65,14.1,5225800,14.1
2026-04-10,14.3,14.4,13.6,14,3220900,14
2026-04-13,13.75,14.2,13.7,13.95,3236300,13.95
2026-04-14,14.1,14.3,13.65,13.95,3751300,13.95
2026-04-15,14,14.2,13.6,13.8,2600200,13.8
2026-04-16,13.65,13.9,13.15,13.9,4920800,13.9
2026-04-17,13.75,13.95,13.45,13.5,2716200,13.5
2026-04-20,13.4,13.55,13.25,13.5,2538900,13.5
2026-04-21,13.5,13.5,13.05,13.25,3505000,13.25
2026-04-22,13.15,13.4,12.9,13,2829700,13
2026-04-23,13,13.1,12.55,12.8,4026300,12.8
2026-04-24,12.9,13.35,12.45,13.3,3976700,13.3
2026-04-28,13.3,13.6,13,13.3,2841100,13.3
2026-04-29,13.25,13.5,13,13,3450900,13
2026-05-04,13.1,13.75,13.05,13.1,3806800,13.1
2026-05-05,13.1,13.25,12.6,12.8,3073000,12.8
2026-05-06,12.85,13.15,12.7,13.15,1450300,13.15
2026-05-07,13.15,13.4,13,13.2,2942200,13.2
2026-05-08,13.1,13.2,12.85,12.95,1790200,12.95
2026-05-11,13.1,13.25,12.65,12.8,3286300,12.8
2026-05-12,12.8,13.25,12.8,12.85,2046800,12.85
2026-05-13,12.85,13.05,12.7,12.7,2003800,12.7
2026-05-14,12.65,12.9,12.65,12.7,1090500,12.7
2026-05-15,12.8,13.3,12.65,13,4179400,13
2026-05-18,12.8,13.4,12.7,13.35,6070600,13.35
2026-05-19,13.5,13.5,13,13,3436900,13
2026-05-20,12.9,13,12.1,12.1,9401000,12.1
2026-05-21,12.15,12.3,11.6,11.85,3816600,11.85
2026-05-22,11.9,12.15,11.85,11.95,1438300,11.95
2026-05-25,11.85,12.15,11.8,12.05,1556000,12.05
2026-05-26,11.95,12.35,11.9,12,2724300,12
2026-05-27,12.1,12.1,11.8,11.8,1326400,11.8
2026-05-28,11.85,11.9,11.35,11.4,1738900,11.4
2026-05-29,11.4,11.7,11.4,11.5,1192200,11.5
2026-06-01,11.6,11.7,11.4,11.6,1221500,11.6
2026-06-02,11.6,11.65,11.1,11.1,2205700,11.1
2026-06-03,11.15,11.35,11.1,11.25,1380800,11.25
2026-06-04,11.2,11.3,11.1,11.3,912400,11.3
2026-06-05,11.35,11.35,11.1,11.2,790100,11.2
2026-06-08,11.1,11.2,10.85,11.1,1627500,11.1
2026-06-09,11.1,11.2,10.95,11.1,671400,11.1
2026-06-10,11.05,11.5,11,11.2,1446300,11.2
2026-06-11,11.25,11.3,11.05,11.25,524300,11.25
2026-06-12,11.3,11.35,11.15,11.15,806700,11.15
2026-06-15,11.3,11.4,11.15,11.3,743600,11.3
2026-06-16,11.35,11.65,11.35,11.55,1185800,11.55
2026-06-17,11.75,12.1,11.7,11.85,2785300,11.85
2026-06-18,12,12,11.65,11.65,940600,11.65
2026-06-19,11.6,12,11.5,11.5,887700,11.5
2026-06-22,11.5,11.7,11.45,11.55,521100,11.55
2026-06-23,11.5,11.6,11.2,11.45,1412300,11.45
2026-06-24,11.4,11.45,11.1,11.3,1054900,11.3
2026-06-25,11.4,11.4,11.15,11.3,466000,11.3
2026-06-26,11.25,11.3,11.1,11.15,463400,11.15
2026-06-29,11.2,11.3,11.05,11.3,582100,11.3
2026-06-30,11.35,11.4,11.25,11.35,709700,11.35
2026-07-01,11.35,11.4,11.15,11.25,1194600,11.25
2026-07-02,11.25,11.4,11.15,11.15,899700,11.15
2026-07-03,11.15,11.25,11.05,11.15,714800,11.15
2026-07-06,11.2,11.2,10.45,10.7,2277200,10.7
2026-07-07,10.6,10.9,10.45,10.9,1187200,10.9
2026-07-08,10.85,11.25,10.85,11.2,1167200,11.2
2026-07-09,11.15,11.15,10.85,10.9,340500,10.9
2026-07-10,10.8,11.05,10.75,10.75,787300,10.75
2026-07-13,10.8,10.85,10.5,10.6,1064700,10.6
2026-07-14,10.6,11.25,10.5,11.05,1483600,11.05
2026-07-15,11,11.15,10.7,10.7,763500,10.7
2026-07-16,10.55,10.9,10.3,10.9,1562800,10.9
2026-07-17,10.75,10.75,10.5,10.5,568800,10.5
2026-07-20,10.4,10.6,9.85,9.85,1871000,9.85
2026-07-21,9.87,10.3,9.87,9.97,853700,9.97
2026-07-22,9.91,10.15,9.65,9.78,1455700,9.78
2026-07-23,9.98,10.15,9.36,9.91,1178700,9.91
2026-07-24,9.89,9.97,9.67,9.88,804500,9.88
2026-07-27,9.79,9.89,9.49,9.49,747800,9.49
2026-07-28,9.4,9.73,8.83,9.6,759000,9.6
2026-07-29,9.5,9.7,9.4,9.4,581800,9.4
2026-07-30,9.39,9.8,9.39,9.8,1054300,9.8
2026-07-31,9.81,9.87,9.52,9.52,828200,9.52
2026-08-03,9.64,10.15,9.53,10.15,1738400,10.15
2026-08-04,10.3,10.3,10.05,10.25,880700,10.25
2026-08-05,10.4,10.45,9.95,9.95,1554300,9.95
2026-08-06,9.96,10,9.71,9.93,960300,9.93
2026-08-07,9.83,9.88,9.75,9.75,858800,9.75
2026-08-10,9.89,10.2,9.75,10.2,1063200,10.2
2026-08-11,10.1,10.2,10,10,661400,10
2026-08-12,10.15,10.15,9.91,9.99,568600,9.99
2026-08-13,10,10.05,9.78,9.87,875500,9.87
2026-08-14,9.87,10.15,9.7,9.95,1154300,9.95
2026-08-17,9.95,10.15,9.75,9.9,894400,9.9
2026-08-18,9.83,10,9.71,9.71,481000,9.71
2026-08-19,9.72,9.89,9.56,9.87,651200,9.87
2026-08-20,9.89,9.89,9.7,9.8,471600,9.8
2026-08-21,9.7,10.45,9.7,10.45,2486400,10.45
2026-08-24,10.45,11.1,10.25,11.05,3071900,11.05
2026-08-25,10.95,11,10.6,10.9,1395700,10.9
2026-08-26,10.85,10.95,10.55,10.95,1317500,10.95
2026-08-27,10.95,10.95,10.6,10.95,1210800,10.95
2026-08-28,10.95,11.05,10.7,11.05,1423000,11.05
2026-09-03,10.8,10.95,10.65,10.9,1313000,10.9
