date,open,high,low,close,volume,close_raw
2008-04-11,5.111,5.38,2.569,4.2395,117200,31.5
2008-04-16,3.6046,3.6046,3.6046,3.6069,1600,26.8
2008-04-17,3.497,3.6315,3.497,3.4992,70900,26
2008-04-18,3.4163,3.497,3.4163,3.4185,12200,25.4
2008-04-21,3.3222,3.3222,3.3222,3.3243,800,24.7
2008-04-24,3.228,3.228,3.228,3.2301,900,24
2008-05-16,3.1339,3.1339,3.1339,3.1359,500,23.3
2008-06-13,3.052,3.052,3.052,3.0528,1000,22.1
2008-06-16,2.9692,2.9692,2.9692,2.9699,800,21.5
2008-06-17,2.8863,2.8863,2.8863,2.887,900,20.9
2008-06-24,2.7758,2.7758,2.7758,2.7765,5300,20.1
2008-06-26,2.6653,2.6653,2.6653,2.666,8000,19.3
2008-07-02,2.5687,2.5687,2.5687,2.5693,2100,18.6
2008-07-04,2.472,2.472,2.472,2.4726,700,17.9
2008-07-07,2.3753,2.3753,2.3753,2.3759,1000,17.2
2008-07-09,2.2925,2.2925,2.2925,2.2931,100,16.6
2008-07-10,2.2096,2.2096,2.2096,2.2102,1400,16
2008-07-11,2.1267,2.1267,2.1267,2.1273,600,15.4
2008-07-14,2.0439,2.0577,2.0439,2.0582,71900,14.9
2008-07-15,2.1129,2.1129,1.9748,2.1135,45500,15.3
2008-07-16,2.1129,2.1682,2.0025,2.1135,28100,15.3
2008-07-17,2.0715,2.1129,1.9748,1.9753,24800,14.3
2008-07-18,1.9886,1.9886,1.9886,1.9892,8500,14.4
2008-07-21,1.9196,1.9196,1.9196,1.9201,1000,13.9
2008-07-22,1.8505,1.8505,1.8505,1.851,100,13.4
2008-07-23,1.7815,1.7815,1.7815,1.782,100,12.9
2008-07-24,1.7124,1.7124,1.7124,1.7129,100,12.4
2008-07-25,1.6572,1.6572,1.6572,1.6576,7200,12
2008-07-28,1.602,1.602,1.602,1.6024,300,11.6
2008-07-29,1.5467,1.5882,1.5467,1.5886,38600,11.5
2008-07-30,1.4915,1.5467,1.4915,1.4919,15800,10.8
2008-07-31,1.4362,1.4362,1.4362,1.4366,4500,10.4
2008-08-01,1.381,1.4915,1.381,1.4919,56200,10.8
2008-08-04,1.4777,1.4777,1.4777,1.4781,14600,10.7
2008-08-05,1.5329,1.5329,1.4224,1.5333,25200,11.1
2008-08-06,1.5191,1.5605,1.5191,1.5471,18800,11.2
2008-08-07,1.5882,1.5882,1.4915,1.5748,11100,11.4
2008-08-08,1.5743,1.5743,1.5053,1.5057,6400,10.9
2008-08-11,1.5053,1.5605,1.5053,1.5609,23500,11.3
2008-08-12,1.602,1.602,1.5882,1.6024,26100,11.6
2008-08-13,1.602,1.602,1.5467,1.5471,4100,11.2
2008-08-14,1.5743,1.6572,1.5743,1.6576,28900,12
2008-08-15,1.6986,1.6986,1.6986,1.6991,29300,12.3
2008-08-18,1.7953,1.8091,1.6986,1.7405,8100,12.6
2008-08-19,1.6572,1.671,1.6572,1.6576,40800,12
2008-08-20,1.5605,1.5605,1.5467,1.5471,5700,11.2
2008-08-21,1.4639,1.6434,1.4639,1.6438,23400,11.9
2008-08-22,1.7124,1.7124,1.4915,1.5057,6700,10.9
2008-08-25,1.5882,1.6986,1.5882,1.6991,48200,12.3
2008-08-26,1.7953,1.7953,1.7815,1.7958,38500,13
2008-08-27,1.9196,1.9196,1.7815,1.7958,33400,13
2008-08-28,1.7401,1.7953,1.7124,1.7129,47800,12.4
2008-08-29,1.6158,1.6986,1.602,1.6024,21600,11.6
2008-09-03,1.7401,1.7401,1.7401,1.7405,15100,12.6
2008-09-04,1.8505,1.8505,1.8505,1.851,3500,13.4
2008-09-05,1.9748,1.9748,1.9748,1.9753,31800,14.3
2008-09-08,2.1129,2.1129,2.1129,2.1135,39900,15.3
2008-09-09,2.251,2.251,2.251,2.2516,2200,16.3
2008-09-10,2.4029,2.4029,2.4029,2.4036,24600,17.4
2008-09-11,2.5687,2.5687,2.2372,2.2378,37000,16.2
2008-09-12,2.251,2.251,2.251,2.2516,2400,16.3
2008-09-15,2.0991,2.0991,2.0991,2.0997,27000,15.2
2008-09-16,1.961,1.961,1.961,1.9615,8400,14.2
2008-09-17,1.8367,1.8367,1.8367,1.8372,6600,13.3
2008-09-18,1.7124,1.7124,1.7124,1.7129,1200,12.4
2008-09-19,1.602,1.8229,1.602,1.8234,81800,13.2
2008-09-22,1.8229,1.8229,1.8229,1.8234,11800,13.2
2008-09-23,1.9334,1.9472,1.6986,1.7129,19000,12.4
2008-09-24,1.7263,1.7263,1.6848,1.6853,13700,12.2
2008-09-25,1.6848,1.8091,1.6848,1.8096,34200,13.1
2008-09-26,1.9196,1.9196,1.8229,1.8925,37900,13.7
2008-09-29,1.8782,1.8782,1.7815,1.7958,9200,13
2008-09-30,1.6986,1.6986,1.6986,1.6991,500,12.3
2008-10-01,1.602,1.8091,1.5882,1.782,12500,12.9
2008-10-02,1.7953,1.7953,1.6848,1.7681,3900,12.8
2008-10-03,1.7815,1.7815,1.6296,1.7681,18900,12.8
2008-10-06,1.6296,1.6296,1.5605,1.6162,22100,11.7
2008-10-07,1.4777,1.4777,1.4777,1.4781,8700,10.7
2008-10-08,1.3948,1.5191,1.381,1.5057,22900,10.9
2008-10-09,1.5329,1.5467,1.5191,1.5195,18800,11
2008-10-10,1.4362,1.4639,1.4362,1.4366,8400,10.4
2008-10-13,1.5329,1.5329,1.5191,1.5195,600,11
2008-10-14,1.6296,1.6296,1.5191,1.63,5500,11.8
2008-10-15,1.7124,1.7263,1.5605,1.6162,7000,11.7
2008-10-16,1.5467,1.5467,1.5467,1.5471,3200,11.2
2008-10-17,1.4639,1.5191,1.4501,1.4642,16200,10.6
2008-10-20,1.5191,1.5467,1.4501,1.5195,900,11
2008-10-21,1.602,1.602,1.4501,1.5195,3300,11
2008-10-22,1.5191,1.5191,1.4639,1.5195,1800,11
2008-10-23,1.381,1.4086,1.381,1.3814,10300,10
2008-10-24,1.381,1.381,1.3258,1.3261,3500,9.6
2008-10-27,1.2981,1.312,1.2843,1.2847,4200,9.3
2008-10-28,1.381,1.381,1.2153,1.2156,16800,8.8
2008-10-29,1.312,1.312,1.312,1.3123,1200,9.5
2008-10-30,1.381,1.3948,1.3672,1.3814,15300,10
2008-10-31,1.4777,1.4777,1.4086,1.4642,4700,10.6
2008-11-03,1.4501,1.4501,1.3396,1.3399,5100,9.7
2008-11-04,1.4362,1.4501,1.4224,1.4504,35600,10.5
2008-11-05,1.5329,1.5467,1.4501,1.5471,10700,11.2
2008-11-06,1.5191,1.6296,1.4501,1.4504,5500,10.5
2008-11-07,1.5191,1.5191,1.4224,1.4228,15000,10.3
2008-11-10,1.4501,1.5191,1.3258,1.3814,6400,10
2008-11-11,1.4639,1.4639,1.2981,1.2985,2300,9.4
2008-11-12,1.381,1.381,1.2843,1.3537,5300,9.8
2008-11-13,1.381,1.381,1.2981,1.2985,2500,9.4
2008-11-14,1.4362,1.4362,1.381,1.3952,4200,10.1
2008-11-17,1.4777,1.4777,1.2981,1.3814,500,10
2008-11-18,1.381,1.381,1.2843,1.2847,2500,9.3
2008-11-19,1.312,1.312,1.2291,1.2709,4000,9.2
2008-11-20,1.2567,1.2567,1.2153,1.2156,2000,8.8
2008-11-21,1.2153,1.2153,1.2153,1.2156,2000,8.8
2008-11-24,1.2981,1.2981,1.2429,1.2432,1900,9
2008-11-25,1.312,1.3672,1.2981,1.2985,3600,9.4
2008-11-26,1.3258,1.3258,1.2429,1.2432,800,9
2008-11-27,1.2429,1.2429,1.2291,1.2294,4000,8.9
2008-11-28,1.2981,1.2981,1.2843,1.2985,2100,9.4
2008-12-01,1.3534,1.3534,1.3534,1.3537,600,9.8
2008-12-02,1.2705,1.2705,1.2705,1.2709,200,9.2
2008-12-03,1.1877,1.1877,1.1877,1.188,1000,8.6
2008-12-04,1.2567,1.2567,1.2567,1.257,100,9.1
2008-12-05,1.2153,1.2153,1.2153,1.2156,1500,8.8
2008-12-08,1.1462,1.1462,1.1324,1.1465,2600,8.3
2008-12-09,1.2153,1.2153,1.091,1.1051,4100,8
2008-12-10,1.091,1.16,1.0634,1.1603,3700,8.4
2008-12-11,1.091,1.091,1.0634,1.0636,7800,7.7
2008-12-12,1.1324,1.1462,1.1048,1.1465,5000,8.3
2008-12-15,1.1739,1.1877,1.1324,1.188,7700,8.6
2008-12-16,1.2015,1.2015,1.1324,1.1327,10200,8.2
2008-12-17,1.1877,1.1877,1.1877,1.188,8600,8.6
2008-12-18,1.1877,1.2705,1.1877,1.2709,4500,9.2
2008-12-19,1.2429,1.3258,1.2429,1.3261,9200,9.6
2008-12-22,1.3396,1.3948,1.3396,1.3814,18500,10
2008-12-23,1.381,1.3948,1.3672,1.3814,20500,10
2008-12-24,1.381,1.4501,1.381,1.4504,10700,10.5
2008-12-25,1.5053,1.5053,1.4362,1.4642,7500,10.6
2008-12-26,1.4639,1.4639,1.4501,1.4642,9900,10.6
2008-12-29,1.4639,1.4915,1.4639,1.4919,12900,10.8
2008-12-30,1.4501,1.4777,1.4362,1.4781,10600,10.7
2008-12-31,1.4639,1.4639,1.4639,1.4642,9000,10.6
2009-01-02,1.4639,1.4777,1.4639,1.4642,9800,10.6
2009-01-05,1.4639,1.4777,1.4639,1.4642,3500,10.6
2009-01-06,1.4224,1.4224,1.381,1.3814,5600,10
2009-01-07,1.4362,1.4362,1.4362,1.4366,1600,10.4
2009-01-08,1.381,1.381,1.381,1.3814,1500,10
2009-01-09,1.381,1.381,1.3672,1.3675,1800,9.9
2009-01-12,1.381,1.381,1.381,1.3814,6000,10
2009-01-13,1.381,1.381,1.381,1.3814,4300,10
2009-01-14,1.381,1.381,1.3534,1.3814,6000,10
2009-01-15,1.381,1.381,1.3534,1.3537,3000,9.8
2009-01-16,1.381,1.381,1.3534,1.3675,3800,9.9
2009-01-19,1.3396,1.3396,1.3396,1.3399,2500,9.7
2009-01-20,1.3396,1.381,1.3396,1.3814,2300,10
2009-01-21,1.3396,1.3396,1.3396,1.3399,4500,9.7
2009-01-23,1.381,1.381,1.3396,1.3399,2800,9.7
2009-02-03,1.3534,1.3534,1.3534,1.3537,2500,9.8
2009-02-04,1.3534,1.3534,1.3534,1.3537,2100,9.8
2009-02-05,1.3672,1.3672,1.3534,1.3537,4300,9.8
2009-02-06,1.3672,1.381,1.3534,1.3537,4100,9.8
2009-02-09,1.381,1.3948,1.381,1.3814,4300,10
2009-02-10,1.381,1.3948,1.381,1.3814,20600,10
2009-02-11,1.3948,1.3948,1.381,1.3814,15300,10
2009-02-12,1.3948,1.3948,1.381,1.3814,11300,10
2009-02-13,1.381,1.3948,1.3672,1.3814,16900,10
2009-02-16,1.3948,1.3948,1.3948,1.3952,3100,10.1
2009-02-17,1.3948,1.3948,1.3672,1.3814,6400,10
2009-02-18,1.381,1.381,1.381,1.3814,6000,10
2009-02-19,1.381,1.381,1.381,1.3814,100,10
2009-02-20,1.381,1.3948,1.3534,1.3537,12300,9.8
2009-02-23,1.381,1.381,1.3396,1.3399,5500,9.7
2009-02-24,1.3672,1.3258,1.3258,1.3261,4500,9.6
2009-02-25,1.3258,1.381,1.312,1.3537,2100,9.8
2009-02-26,1.3534,1.3534,1.3534,1.3537,100,9.8
2009-02-27,1.3534,1.4086,1.3672,1.3675,2200,9.9
2009-03-02,1.3672,1.3534,1.2843,1.2847,1700,9.3
2009-03-03,1.3396,1.2843,1.2843,1.2847,500,9.3
2009-03-04,1.2843,1.3396,1.3396,1.3399,100,9.7
2009-03-05,1.3396,1.381,1.2567,1.2709,11200,9.2
2009-03-06,1.2705,1.2981,1.2843,1.2985,5800,9.4
2009-03-09,1.2843,1.312,1.2843,1.2847,8100,9.3
2009-03-10,1.2981,1.3258,1.3258,1.3261,500,9.6
2009-03-11,1.3258,1.3396,1.3258,1.3399,5400,9.7
2009-03-12,1.3396,1.4224,1.381,1.409,27500,10.2
2009-03-13,1.4086,1.5053,1.4915,1.5057,27400,10.9
2009-03-16,1.5053,1.602,1.5882,1.6024,8600,11.6
2009-03-17,1.602,1.7124,1.6158,1.6991,28100,12.3
2009-03-18,1.6848,1.7124,1.5882,1.6438,41200,11.9
2009-03-19,1.6296,1.5882,1.5191,1.5471,18200,11.2
2009-03-20,1.5605,1.4987,1.4832,1.4991,1800,9.7
2009-03-23,1.4832,1.545,1.4832,1.4837,2000,9.6
2009-03-24,1.4832,1.5759,1.4987,1.5764,3700,10.2
2009-03-25,1.5296,1.6223,1.545,1.5609,10500,10.1
2009-03-26,1.5759,1.5605,1.5605,1.5609,3600,10.1
2009-03-27,1.545,1.5759,1.545,1.5455,16400,10
2009-03-30,1.5759,1.5914,1.5605,1.5764,9200,10.2
2009-03-31,1.5759,1.6068,1.5759,1.5919,15300,10.3
2009-04-01,1.6223,1.6223,1.5759,1.5919,9900,10.3
2009-04-02,1.545,1.6068,1.545,1.5919,12400,10.3
2009-04-03,1.6223,1.6686,1.6223,1.6691,31600,10.8
2009-04-07,1.6995,1.7304,1.6532,1.7,12600,11
2009-04-08,1.6995,1.6995,1.5914,1.6228,18100,10.5
2009-04-09,1.5759,1.6223,1.5759,1.6073,8500,10.4
2009-04-10,1.6841,1.715,1.6686,1.7155,54300,11.1
2009-04-13,1.8077,1.8077,1.7922,1.8082,73300,11.7
2009-04-14,1.8077,1.9158,1.8077,1.87,38500,12.1
2009-04-15,1.8386,1.8386,1.7768,1.7773,2500,11.5
2009-04-16,1.7459,1.7459,1.6841,1.7464,19900,11.3
2009-04-17,1.6995,1.6995,1.6223,1.6228,13200,10.5
2009-04-20,1.5141,1.545,1.5141,1.5455,23800,10
2009-04-21,1.4523,1.4678,1.4369,1.4373,17800,9.3
2009-04-22,1.5296,1.5296,1.5296,1.53,3300,9.9
2009-04-23,1.5914,1.5914,1.5759,1.5919,6200,10.3
2009-04-24,1.5914,1.5914,1.5141,1.5455,9400,10
2009-04-27,1.545,1.545,1.545,1.5455,9000,10
2009-04-28,1.545,1.5914,1.545,1.5764,5700,10.2
2009-04-29,1.5759,1.5914,1.5759,1.5764,6200,10.2
2009-05-04,1.5914,1.6841,1.5914,1.6846,26500,10.9
2009-05-05,1.7922,1.7922,1.7768,1.7773,86400,11.5
2009-05-06,1.7459,1.7922,1.6686,1.7773,5000,11.5
2009-05-07,1.7459,1.7613,1.7459,1.7464,7100,11.3
2009-05-08,1.7304,1.7459,1.6686,1.7464,6800,11.3
2009-05-11,1.7304,1.7304,1.6377,1.6537,6600,10.7
2009-05-12,1.6068,1.6686,1.6068,1.6691,41300,10.8
2009-05-13,1.545,1.6686,1.545,1.6691,8600,10.8
2009-05-14,1.5759,1.5759,1.545,1.5764,7000,10.2
2009-05-15,1.6223,1.6532,1.6223,1.6537,19800,10.7
2009-05-18,1.6377,1.6532,1.6223,1.6228,4500,10.5
2009-05-19,1.6377,1.7459,1.6377,1.7464,36500,11.3
2009-05-20,1.7613,1.8231,1.715,1.8237,51400,11.8
2009-05-21,1.9313,1.9313,1.9313,1.9319,57300,12.5
2009-05-22,2.0549,2.0549,1.9776,2.0246,74700,13.1
2009-05-25,2.0394,2.1476,2.0394,2.1482,39800,13.9
2009-05-26,2.2248,2.2248,2.0858,2.1328,63200,13.8
2009-05-27,2.1321,2.1321,1.9776,2.0091,41400,13
2009-05-28,1.9776,2.0085,1.8695,2.0091,65600,13
2009-05-29,1.9313,2.1012,1.9313,2.1019,60000,13.6
2009-06-01,2.2248,2.2248,2.2248,2.2255,9700,14.4
2009-06-02,2.3793,2.3793,2.3793,2.3801,16300,15.4
2009-06-03,2.5184,2.5338,2.5184,2.5346,58500,16.4
2009-06-04,2.7038,2.7038,2.7038,2.7046,23800,17.5
2009-06-05,2.8892,2.8892,2.8892,2.8901,9800,18.7
2009-06-08,3.09,3.09,3.09,3.091,3800,20
2009-06-09,3.3063,3.3063,3.3063,3.3074,81500,21.4
2009-06-10,3.5226,3.5226,3.4763,3.5237,238000,22.8
2009-06-11,3.7544,3.7544,3.7544,3.7555,5400,24.3
2009-06-12,4.017,4.017,4.017,4.0183,26900,26
2009-06-15,4.2951,4.2951,4.2951,4.2965,67000,27.8
2009-06-16,4.5887,4.5887,4.0016,4.0956,176200,26.5
2009-06-17,3.8934,4.4033,3.8934,4.4047,112300,28.5
2009-06-18,4.1715,4.2024,4.1406,4.2037,107700,27.2
2009-06-19,4.4651,4.4651,3.9089,4.1419,44400,26.8
2009-06-22,3.8934,3.8934,3.878,3.8792,6900,25.1
2009-06-23,3.6153,3.6153,3.6153,3.6165,800,23.4
2009-06-24,3.3681,3.708,3.3681,3.7092,44000,24
2009-06-25,3.569,3.569,3.3218,3.3228,3000,21.5
2009-06-26,3.4299,3.4299,3.2445,3.2455,36000,21
2009-06-29,3.09,3.09,3.0282,3.0292,2200,19.6
2009-06-30,2.8428,3.09,2.8428,2.8437,15000,18.4
2009-07-01,2.7038,2.7192,2.6883,2.7201,48400,17.6
2009-07-02,2.8892,2.8892,2.8428,2.8901,5600,18.7
2009-07-03,2.6883,3.09,2.6883,3.091,19300,20
2009-07-06,3.2136,3.2136,3.2136,3.2146,15400,20.8
2009-07-07,3.4299,3.4299,3.0282,3.1992,8700,20.7
2009-07-08,3.0437,3.1982,3.0437,3.0601,11000,19.8
2009-07-09,3.2445,3.2445,2.9355,2.9364,11800,19
2009-07-10,3.0746,3.1673,2.8737,3.1683,23100,20.5
2009-07-13,2.8583,2.8583,2.8274,2.8283,10400,18.3
2009-07-14,2.8428,2.8428,2.6574,2.8128,8400,18.2
2009-07-15,2.7501,2.9355,2.5956,2.751,14600,17.8
2009-07-16,2.781,2.8892,2.781,2.8901,13000,18.7
2009-07-17,2.9201,2.9201,2.8274,2.8283,1600,18.3
2009-07-20,3.0128,3.0128,2.9355,2.9983,23500,19.4
2009-07-21,2.8892,2.8892,2.7965,2.7973,2500,18.1
2009-07-22,2.9355,2.9355,2.781,2.8128,12400,18.2
2009-07-23,2.642,2.9819,2.6265,2.9828,31000,19.3
2009-07-24,3.09,3.09,3.09,3.091,24500,20
2009-07-27,3.3063,3.3063,2.9355,2.9673,25100,19.2
2009-07-28,2.8892,2.9355,2.8583,2.9055,28100,18.8
2009-07-29,2.7347,2.781,2.7192,2.7819,11500,18
2009-07-30,2.8119,2.8119,2.7501,2.751,1200,17.8
2009-07-31,2.781,2.8737,2.781,2.8437,4800,18.4
2009-08-03,2.8428,2.8428,2.6574,2.7046,8100,17.5
2009-08-04,2.7038,2.7038,2.6574,2.6582,6000,17.2
2009-08-05,2.6883,2.7501,2.6265,2.751,16000,17.8
2009-08-06,2.781,2.8737,2.781,2.8592,23800,18.5
2009-08-07,2.9355,2.9355,2.6883,2.8592,3100,18.5
2009-08-10,2.8737,2.8737,2.8737,2.8746,1000,18.6
2009-08-11,2.8583,2.9355,2.7347,2.8901,12800,18.7
2009-08-12,3.0282,3.0437,2.7501,2.8283,14100,18.3
2009-08-13,2.9355,2.9355,2.7965,2.7973,3200,18.1
2009-08-14,2.8119,2.8119,2.781,2.7973,5800,18.1
2009-08-17,2.781,2.781,2.7501,2.751,3500,17.8
2009-08-18,2.7501,2.7501,2.7501,2.751,1900,17.8
2009-08-19,2.781,2.8428,2.7501,2.8437,13200,18.4
2009-08-20,2.8737,2.9046,2.7965,2.8592,28300,18.5
2009-08-21,2.9355,3.0282,2.9355,3.0292,97600,19.6
2009-08-24,3.2136,3.2136,3.1673,3.2146,50400,20.8
2009-08-25,3.4299,3.4299,3.3218,3.431,103000,22.2
2009-08-26,3.5844,3.5844,3.2136,3.261,22100,21.1
2009-08-27,3.1518,3.3218,3.09,3.3228,56800,21.5
2009-08-28,3.3218,3.3836,3.1827,3.3846,40400,21.9
2009-08-31,3.4763,3.4917,3.2445,3.4928,66400,22.6
2009-09-01,3.6462,3.6462,3.5535,3.6474,85900,23.6
2009-09-03,3.8471,3.8934,3.6926,3.8946,136600,25.2
2009-09-04,4.1097,4.1097,3.5999,3.8174,89300,24.7
2009-09-07,3.9398,4.0943,3.6771,3.8637,110700,25
2009-09-08,3.9398,4.0943,3.8625,4.0956,114900,26.5
2009-09-09,4.0634,4.2951,4.0634,4.2965,156300,27.8
2009-09-10,4.5578,4.5578,4.5578,4.5592,126100,29.5
2009-09-11,4.8668,4.8668,4.7895,4.8683,366600,31.5
2009-09-14,5.1758,5.2067,4.8668,5.2083,121100,33.7
2009-09-15,5.4848,5.5002,5.253,5.502,224500,35.6
2009-09-16,5.4075,5.8247,5.114,5.2547,115200,34
2009-09-17,5.3303,5.3303,5.0367,5.0383,225000,32.6
2009-09-18,4.7741,5.4384,4.7277,5.2547,160900,34
2009-09-21,5.3766,5.4075,5.3303,5.3629,81600,34.7
2009-09-22,5.3766,5.4848,5.2994,5.3629,217100,34.7
2009-09-23,5.4075,5.5929,5.1912,5.1929,123100,33.6
2009-09-24,5.0367,5.3766,5.0367,5.0383,74200,32.6
2009-09-25,4.7895,5.4075,4.7895,5.4092,206200,35
2009-09-28,5.7165,5.7165,5.3766,5.3938,106700,34.9
2009-09-29,5.4848,5.4848,5.253,5.3165,54200,34.4
2009-09-30,5.253,5.253,5.0213,5.1156,87900,33.1
2009-10-01,4.944,5.1449,4.805,4.8374,72600,31.3
2009-10-02,4.6505,5.0058,4.5269,4.9147,106400,31.8
2009-10-05,4.6659,4.9749,4.6659,4.9147,33400,31.8
2009-10-06,4.944,4.944,4.8668,4.8683,37100,31.5
2009-10-07,4.944,5.253,4.944,5.2547,168800,34
2009-10-08,5.5775,5.5775,5.3921,5.5792,331000,36.1
2009-10-09,5.9328,5.9328,5.5466,5.9347,277600,38.4
2009-10-12,6.3191,6.3191,6.0255,6.3211,205600,40.9
2009-10-13,6.7362,6.7362,6.7362,6.7383,218500,43.6
2009-10-14,7.1997,7.1997,6.798,7.202,328100,46.6
2009-10-15,7.6323,7.6323,7.6323,7.6347,40200,49.4
2009-10-16,8.1576,8.1576,7.4315,7.5729,492100,49
2009-10-19,7.416,7.8641,7.4006,7.4029,208600,47.9
2009-10-20,7.416,7.8795,7.416,7.712,264600,49.9
2009-10-21,7.8023,7.8023,7.3542,7.4184,155100,48
2009-10-22,7.5551,7.5551,7.1843,7.4184,243000,48
2009-10-23,7.416,7.8023,7.3388,7.8047,406300,50.5
2009-10-26,7.5705,8.1885,7.5705,7.8975,180000,51.1
2009-10-27,8.034,8.034,7.4006,7.5111,97500,48.6
2009-10-28,7.5551,7.7096,7.416,7.5111,94900,48.6
2009-10-29,7.416,7.4933,6.9989,7.1865,118400,46.5
2009-10-30,7.6014,7.6014,7.1997,7.202,94800,46.6
2009-11-02,7.107,7.2615,6.8753,6.8774,65000,44.5
2009-11-03,6.6126,6.798,6.4272,6.4911,105300,42
2009-11-04,6.9371,6.9371,6.489,6.9393,187800,44.9
2009-11-05,7.3851,7.3851,7.107,7.2329,132100,46.8
2009-11-06,7.416,7.725,7.107,7.2484,92200,46.9
2009-11-09,7.7381,7.7381,6.9876,7.2485,120700,28
2009-11-10,7.8416,7.8416,7.2982,7.3521,67400,28.4
2009-11-11,7.4017,7.557,7.2464,7.4815,92800,28.9
2009-11-12,7.5052,7.5052,7.3758,7.378,155700,28.5
2009-11-13,6.9876,7.9452,6.9876,7.9475,180500,30.7
2009-11-16,8.1522,8.204,8.1522,8.2064,52600,31.7
2009-11-17,8.7733,8.7733,7.971,8.7759,262200,33.9
2009-11-18,9.3168,9.3168,8.7474,9.2937,231300,35.9
2009-11-19,9.1098,9.1615,8.7992,8.8536,200700,34.2
2009-11-20,8.7992,8.9804,8.3851,8.3876,132300,32.4
2009-11-23,8.3334,8.3334,7.9452,7.9734,55900,30.8
2009-11-24,8.0228,8.0228,7.4793,7.7145,142500,29.8
2009-11-25,7.557,7.557,7.0394,7.0414,70100,27.2
2009-11-26,6.5735,6.5994,6.5735,6.5755,65000,25.4
2009-11-27,6.1336,7.0135,6.1336,6.6272,148000,25.6
2009-11-30,6.8841,6.8841,6.6253,6.8861,50100,26.6
2009-12-01,7.2205,7.324,7.0135,7.3262,80100,28.3
2009-12-02,7.5052,7.5052,6.8064,6.9379,93800,26.8
2009-12-03,6.677,7.0652,6.6512,6.8602,59000,26.5
2009-12-04,6.8064,6.9876,6.7288,6.912,29800,26.7
2009-12-07,6.9876,6.9876,6.7288,6.9897,25500,27
2009-12-08,6.9876,6.9876,6.677,6.7308,47000,26
2009-12-09,6.9358,6.9358,6.3406,6.3684,49900,24.6
2009-12-10,6.3924,6.5735,6.0818,6.2389,35700,24.1
2009-12-11,6.3406,6.3406,5.8748,5.8765,119300,22.7
2009-12-14,5.5901,6.3406,5.5901,6.3425,61400,24.5
2009-12-15,6.4959,6.4959,6.2112,6.3166,18000,24.4
2009-12-16,6.3406,6.3406,5.8748,5.9283,32700,22.9
2009-12-17,5.5901,5.7454,5.5642,5.7471,53500,22.2
2009-12-18,5.823,6.0042,5.823,6.0059,58000,23.2
2009-12-21,6.2112,6.4182,6.2112,6.4201,31200,24.8
2009-12-22,6.4182,6.4182,5.9783,6.0059,78700,23.2
2009-12-23,5.9524,6.47,5.9006,6.2648,54700,24.2
2009-12-24,6.4182,6.4441,5.8489,6.4201,108700,24.8
2009-12-25,6.6512,6.677,6.6512,6.679,40200,25.8
2009-12-28,6.9876,7.117,6.677,6.7826,55300,26.2
2009-12-29,6.47,6.7806,6.3924,6.4978,31300,25.1
2009-12-30,6.5994,7.0394,6.4959,6.9897,88600,27
2009-12-31,6.9358,7.324,6.9358,7.2485,135200,28
2010-01-04,7.7122,7.7899,7.7122,7.7922,29300,30.1
2010-01-05,8.2557,8.3075,7.764,7.9475,159500,30.7
2010-01-06,8.1522,8.3592,7.6605,7.6627,127600,29.6
2010-01-07,7.2982,7.6346,7.2982,7.3003,90500,28.2
2010-01-08,7.764,7.9452,7.2464,7.4556,208200,28.8
2010-01-11,7.4276,7.764,7.4017,7.5851,55300,29.3
2010-01-12,7.3758,7.5052,7.117,7.1709,29800,27.7
2010-01-13,7.2464,7.764,7.2464,7.7663,149600,30
2010-01-14,8.0746,8.0746,8.0746,8.0769,10300,31.2
2010-01-15,8.618,8.618,8.618,8.6206,85600,33.3
2010-01-18,9.2133,9.2133,8.6439,9.1901,548900,35.5
2010-01-19,9.058,9.3168,8.618,9.0348,111800,34.9
2010-01-20,9.3168,9.3168,8.3851,8.3876,89200,32.4
2010-01-21,8.0228,8.0746,7.9193,7.9216,52700,30.6
2010-01-22,7.4276,7.8675,7.4276,7.7663,223100,30
2010-01-25,7.557,8.0746,7.2982,8.0769,57800,31.2
2010-01-26,8.411,8.411,8.411,8.4135,125200,32.5
2010-01-27,8.9804,8.9804,8.1781,8.284,142300,32
2010-01-28,8.0487,8.2816,7.9193,7.9475,155000,30.7
2010-01-29,7.764,7.8934,7.5052,7.8957,59800,30.5
2010-02-01,7.764,8.0228,7.764,7.8698,37000,30.4
2010-02-02,7.8934,8.0746,7.5311,7.8181,26400,30.2
2010-02-03,7.6864,7.9193,7.6864,7.9216,24100,30.6
2010-02-04,7.764,8.0746,7.764,8.0511,37800,31.1
2010-02-05,7.8934,7.9969,7.4534,7.5851,34400,29.3
2010-02-08,7.4017,7.5311,7.4017,7.4556,38100,28.8
2010-02-09,7.5052,7.5052,7.2982,7.378,38900,28.5
2010-02-10,7.6346,7.7122,7.5052,7.5074,10500,29
2010-02-11,7.5052,7.8416,7.5052,7.844,13300,30.3
2010-02-12,7.8934,8.0228,7.8934,7.9475,9100,30.7
2010-02-22,7.9452,7.9969,7.8158,7.9216,14300,30.6
2010-02-23,7.4276,7.9193,7.4017,7.5074,28800,29
2010-02-24,7.7381,7.7381,7.4017,7.6886,21500,29.7
2010-02-25,7.5828,7.6864,7.5052,7.6886,15800,29.7
2010-02-26,7.4534,7.6346,7.4276,7.4556,21000,28.8
2010-03-01,7.6087,7.764,7.5052,7.7404,71500,29.9
2010-03-02,7.8675,8.1522,7.6346,7.9993,102100,30.9
2010-03-03,8.3592,8.411,7.971,8.3876,72400,32.4
2010-03-04,8.5145,8.5145,8.204,8.2582,79100,31.9
2010-03-05,8.2816,8.3334,8.0228,8.3099,74000,32.1
2010-03-08,8.7268,8.831,8.7268,8.8316,193500,33.9
2010-03-09,9.4041,9.4301,8.336,8.6231,170500,33.1
2010-03-10,8.4142,8.5705,8.2318,8.3366,264500,32
2010-03-11,8.336,8.8049,8.336,8.7794,214100,33.7
2010-03-12,8.857,9.2478,8.7528,9.2484,384500,35.5
2010-03-15,9.7688,9.7948,9.5864,9.7955,773700,37.6
2010-03-16,9.899,10.4721,9.4562,10.2644,957200,39.4
2010-03-17,10.1595,11.0973,10.1595,10.9678,607100,42.1
2010-03-18,10.9931,10.9931,10.2898,10.551,514600,40.5
2010-03-19,10.42,11.3318,10.42,11.2804,487400,43.3
2010-03-22,11.4099,11.8528,11.1234,11.6191,866800,44.6
2010-03-23,11.2015,11.6183,10.9671,11.046,565700,42.4
2010-03-24,10.941,11.6704,10.941,11.072,526900,42.5
2010-03-25,11.0973,11.0973,10.3419,10.577,407100,40.6
2010-03-26,10.915,10.915,9.899,10.551,407700,40.5
2010-03-29,10.5503,10.9931,10.4461,10.9939,452900,42.2
2010-03-30,11.462,11.462,10.8368,11.072,458200,42.5
2010-03-31,11.5402,11.5923,10.8889,11.072,521100,42.5
2010-04-01,10.9671,11.3057,10.6805,10.8896,602600,41.8
2010-04-02,11.0452,11.1494,10.6284,10.7854,235100,41.4
2010-04-05,10.941,11.5923,10.941,11.593,644900,44.5
2010-04-06,12.1654,12.1654,11.7486,12.1662,736600,46.7
2010-04-07,12.6343,12.9729,12.1393,12.9738,1509400,49.8
2010-04-08,13.546,13.6763,12.7385,12.7654,485600,49
2010-04-09,13.2855,13.2855,12.504,12.6351,597100,48.5
2010-04-12,12.3998,13.5981,12.3738,13.599,878400,52.2
2010-04-13,13.5721,13.9368,13.2855,13.9377,926700,53.5
2010-04-14,13.9368,14.588,13.8065,14.589,458100,56
2010-04-15,14.3275,14.588,13.8326,14.3285,590900,55
2010-04-16,14.4578,15.2132,14.3275,14.5629,735300,55.9
2010-04-19,14.6922,14.7964,13.8065,14.0159,684400,53.8
2010-04-20,14.3275,14.3275,13.5721,13.9377,561800,53.5
2010-04-21,14.0931,14.8746,14.067,14.8756,735800,57.1
2010-04-22,15.109,15.3435,13.6763,13.8074,369500,53
2010-04-26,13.6763,13.9368,13.2595,13.4167,212900,51.5
2010-04-27,13.0511,13.8065,13.0511,13.2864,261900,51
2010-04-28,13.6763,14.067,13.2334,13.5469,300600,52
2010-04-29,13.546,13.9368,13.3376,13.6772,266200,52.5
2010-05-04,13.9368,14.3275,13.3897,13.7032,235300,52.6
2010-05-05,13.546,13.546,12.9469,13.0259,254500,50
2010-05-06,13.2595,13.6763,13.0771,13.5469,277600,52
2010-05-07,13.2855,13.546,12.478,12.5309,292100,48.1
2010-05-10,12.5822,12.8687,12.504,12.557,326400,48.2
2010-05-11,13.2855,13.4418,12.6603,13.1301,519700,50.4
2010-05-12,13.1032,13.1553,12.2956,12.4006,217200,47.6
2010-05-13,12.2435,12.7645,11.983,12.3746,156600,47.5
2010-05-14,12.1133,12.504,12.1133,12.4006,163500,47.6
2010-05-17,11.983,12.478,11.7486,11.8275,90900,45.4
2010-05-18,11.983,12.1133,11.462,11.4628,188300,44
2010-05-19,10.9671,11.0713,10.8889,10.8896,169400,41.8
2010-05-20,10.1595,11.2015,10.1595,10.8896,319800,41.8
2010-05-21,9.899,9.899,9.7427,9.7434,277900,37.4
2010-05-24,9.7167,10.0553,9.1175,9.8997,132500,38
2010-05-25,10.1595,10.1595,9.6906,9.7173,206200,37.3
2010-05-26,9.873,10.5503,9.873,10.551,256400,40.5
2010-05-27,10.42,10.8889,10.42,10.7854,288300,41.4
2010-05-28,11.4099,11.4099,11.2015,11.4107,527400,43.8
2010-05-31,10.8368,11.5923,10.8108,11.0981,114800,42.6
2010-06-01,11.1494,11.1494,10.5763,10.9417,195200,42
2010-06-02,10.8629,11.0452,10.42,10.9678,184900,42.1
2010-06-03,11.0713,11.5923,10.941,11.2023,195600,43
2010-06-04,10.9931,11.436,10.9931,11.3065,218000,43.4
2010-06-07,11.2015,11.3057,10.4461,10.7594,244700,41.3
2010-06-08,10.8108,11.3318,10.8108,11.2023,203200,43
2010-06-09,11.0973,11.462,10.9671,11.0981,140300,42.6
2010-06-10,11.2536,11.436,11.0192,11.3846,225400,43.7
2010-06-11,11.5923,11.6704,11.3057,11.3325,191900,43.5
2010-06-14,11.7225,11.7225,11.0973,11.3325,294600,43.5
2010-06-15,11.983,11.983,11.1755,11.4888,524200,44.1
2010-06-16,12.1207,12.1207,12.1207,12.121,3400,28.6
2010-06-17,12.9683,12.9683,12.9683,12.9687,5300,30.6
2010-06-18,13.8583,13.8583,13.604,13.8587,795500,32.7
2010-06-21,14.7906,14.7906,13.1378,13.7739,445900,32.5
2010-06-22,13.5616,13.6887,13.053,13.223,206600,31.2
2010-06-23,13.1378,13.9854,12.7988,13.5196,184700,31.9
2010-06-24,13.7735,13.8159,13.3921,13.562,136700,32
2010-06-25,13.1378,13.3497,12.9683,13.0534,107600,30.8
2010-06-28,13.5616,13.7735,13.1378,13.3501,148400,31.5
2010-06-29,13.3497,13.604,13.0954,13.1382,137000,31
2010-06-30,12.5021,12.9259,12.5021,12.5872,89800,29.7
2010-07-01,12.5021,12.714,12.4597,12.4601,95400,29.4
2010-07-02,12.2902,12.9259,12.2902,12.8415,115800,30.3
2010-07-05,13.053,13.053,12.714,12.8415,62900,30.3
2010-07-06,12.714,12.8835,12.4173,12.5025,69500,29.5
2010-07-07,12.8835,12.8835,12.2054,12.2906,79300,29
2010-07-08,12.7988,13.0954,12.2902,12.2906,121700,29
2010-07-09,12.5021,12.5021,11.8664,12.0787,103900,28.5
2010-07-12,12.2902,12.8835,12.2902,12.8839,394900,30.4
2010-07-13,13.5616,13.5616,13.053,13.3501,234900,31.5
2010-07-14,13.5616,13.5616,12.7988,12.9263,88000,30.5
2010-07-15,12.9683,13.0107,12.5445,12.6296,85000,29.8
2010-07-16,12.8411,13.2226,12.3326,13.1382,190600,31
2010-07-19,12.9259,12.9259,12.4173,12.5449,94000,29.6
2010-07-20,12.714,12.714,12.375,12.4177,94800,29.3
2010-07-21,12.4597,12.4597,11.9935,12.121,127800,28.6
2010-07-22,13.0107,13.053,12.2478,12.9263,587700,30.5
2010-07-23,13.3497,13.3497,12.2902,12.5449,171700,29.6
2010-07-26,13.0107,13.0107,12.375,12.4177,230200,29.3
2010-07-27,12.9259,12.9259,12.2902,12.333,70300,29.1
2010-07-28,12.8411,12.8411,11.8664,11.9515,121000,28.2
2010-07-29,11.7816,12.1631,11.7816,12.0787,256400,28.5
2010-07-30,11.8664,12.2902,11.8664,12.0787,134600,28.5
2010-08-02,12.4597,12.4597,11.824,11.8668,56600,28
2010-08-03,12.0359,12.0359,11.485,11.5277,134300,27.2
2010-08-04,11.2731,11.2731,10.8493,10.9344,119900,25.8
2010-08-05,11.1883,11.3578,10.934,11.0191,125100,26
2010-08-06,11.0612,11.0612,10.8493,10.9768,41000,25.9
2010-08-09,10.595,10.6374,10.1712,10.2139,175100,24.1
2010-08-10,10.256,10.256,9.5779,9.9596,229800,23.5
2010-08-11,9.7474,10.3831,9.7474,10.3834,170700,24.5
2010-08-12,10.1712,10.2136,9.6203,9.8748,139600,23.3
2010-08-13,9.9593,10.5102,9.7474,10.5106,256200,24.8
2010-08-16,10.7221,10.934,10.7221,10.9344,194100,25.8
2010-08-17,10.9764,11.4426,10.5102,10.9768,219700,25.9
2010-08-18,10.934,10.934,10.4255,10.5953,71900,25
2010-08-19,10.595,11.2307,10.595,10.9344,185500,25.8
2010-08-20,10.8493,11.1036,10.3831,10.7648,187800,25.4
2010-08-23,10.934,10.934,10.5102,10.6377,120200,25.1
2010-08-24,10.5102,10.595,10.1712,10.341,214500,24.4
2010-08-25,10.1712,10.3407,9.7474,10.0444,229900,23.7
2010-08-26,10.5102,10.6374,10.1288,10.5953,405100,25
2010-08-27,10.7221,10.9764,10.3407,10.9344,245200,25.8
2010-08-30,11.1818,11.41,11.1818,11.41,126900,25
2010-08-31,11.5013,11.9577,10.9536,11.8664,349800,26
2010-09-01,11.7751,12.5054,11.4556,12.5054,708200,27.4
2010-09-06,13.0502,13.0502,13.0046,13.053,223900,28.6
2010-09-07,13.6434,13.6434,12.2288,12.6879,302700,27.8
2010-09-08,12.1402,12.3228,11.8664,12.3228,293800,27
2010-09-09,12.0946,12.8705,12.0946,12.7792,599600,28
2010-09-10,12.3684,12.9618,11.8208,12.0946,442600,26.5
2010-09-13,12.0946,12.3228,11.41,11.5926,148300,25.4
2010-09-14,12.0946,12.3228,11.6838,12.049,66700,26.4
2010-09-15,11.6382,11.6838,11.1362,11.41,141900,25
2010-09-16,11.7269,11.7269,11.3162,11.4556,59300,25.1
2010-09-17,11.4531,12.2288,11.4531,12.2315,292800,26.8
2010-09-20,12.551,12.7792,11.6838,11.8208,201900,25.9
2010-09-21,12.0463,12.092,11.6357,11.6838,163700,25.6
2010-09-22,11.7751,11.8208,11.41,11.5926,78000,25.4
2010-09-23,11.1818,11.41,10.9536,11.3644,198000,24.9
2010-09-24,11.4075,11.4075,11.0881,11.2274,146200,24.6
2010-09-27,11.41,11.5013,11.0449,11.1362,91700,24.4
2010-09-28,11.8638,11.9551,11.4075,11.4556,176100,25.1
2010-09-29,10.9536,11.3644,10.9536,10.9536,373500,24
2010-09-30,10.9536,10.9536,10.7254,10.9536,200800,24
2010-10-01,10.771,10.9536,10.4972,10.5885,200500,23.2
2010-10-04,10.4059,10.4059,9.9952,10.0408,468100,22
2010-10-05,9.5844,10.3146,9.5844,10.1321,301100,22.2
2010-10-06,10.3146,10.5885,10.1321,10.4972,373700,23
2010-10-07,10.6774,10.9512,10.1755,10.1777,182000,22.3
2010-10-08,10.4059,10.4059,9.9495,10.0408,130500,22
2010-10-11,10.0864,10.0864,9.8126,9.9039,99100,21.7
2010-10-12,9.8126,9.9039,9.3562,9.5844,335200,21
2010-10-13,9.5844,10.0408,9.4475,9.9039,237700,21.7
2010-10-14,9.8561,10.2668,9.8561,10.0864,448200,22.1
2010-10-15,10.1777,10.1777,9.8126,10.0408,159600,22
2010-10-18,9.993,10.0386,9.8105,9.8582,203100,21.6
2010-10-19,9.9473,9.9473,9.4454,9.63,311400,21.1
2010-10-20,9.4018,9.4018,9.0824,9.128,479700,20
2010-10-21,9.3998,9.491,8.9435,9.1736,120600,20.1
2010-10-22,8.761,9.2173,8.5784,8.7172,135400,19.1
2010-10-25,8.8979,9.126,8.4872,8.9454,135300,19.6
2010-10-26,9.0804,9.3998,9.0804,9.4018,467000,20.6
2010-10-27,10.0386,10.0386,9.0804,9.1736,330000,20.1
2010-10-28,9.1736,9.2649,9.0367,9.0824,61300,19.9
2010-10-29,8.8979,9.2629,8.8979,9.1736,76900,20.1
2010-11-01,9.126,9.2173,9.0347,9.0367,156600,19.8
2010-11-02,9.128,9.1736,8.7629,8.8998,171100,19.5
2010-11-03,8.8542,8.8998,8.3065,8.6716,290200,19
2010-11-04,8.8998,8.9454,8.5803,8.6716,131200,19
2010-11-05,8.8998,9.1736,8.8542,9.0824,166700,19.9
2010-11-08,9.128,9.1736,8.7172,8.7629,70900,19.2
2010-11-09,8.8522,8.8979,8.3047,8.3521,214300,18.3
2010-11-10,8.4434,8.5347,8.3065,8.4434,79200,18.5
2010-11-11,8.4416,8.4416,7.9853,8.0326,128000,17.6
2010-11-12,7.8027,8.0309,7.6658,7.8044,269000,17.1
2010-11-15,7.7588,7.7588,7.2111,7.2568,157300,15.9
2010-11-16,7.3921,7.3921,6.9814,7.1198,188000,15.6
2010-11-17,6.9373,7.485,6.9373,7.3024,114400,16
2010-11-18,7.3937,7.7588,7.348,7.7588,259300,17
2010-11-19,7.8501,7.8501,7.3024,7.3937,155600,16.2
2010-11-22,7.0286,7.3024,6.9373,7.3024,143200,16
2010-11-23,7.1198,7.5306,7.0742,7.485,161900,16.4
2010-11-24,7.3024,7.7132,7.1655,7.485,176100,16.4
2010-11-25,7.6675,7.987,7.6675,7.9414,399200,17.4
2010-11-26,7.9414,8.3065,7.9414,8.1696,319100,17.9
2010-11-29,7.987,8.626,7.7588,8.626,251700,18.9
2010-11-30,8.6716,8.8542,8.6716,8.8542,1219000,19.4
2010-12-01,9.2649,9.2649,8.3521,8.4434,357400,18.5
2010-12-02,8.2152,9.2193,8.2152,9.2193,868900,20.2
2010-12-03,9.5388,9.5388,9.4475,9.5388,111800,20.9
2010-12-06,10.1755,10.1755,8.8979,9.63,1266600,21.1
2010-12-07,9.5823,10.4036,9.3998,9.4018,817500,20.6
2010-12-08,9.1716,9.6736,9.0347,9.0367,529400,19.8
2010-12-09,8.489,9.5844,8.489,9.3562,519600,20.5
2010-12-10,9.3562,9.5844,9.1736,9.5844,548600,21
2010-12-13,10.1755,10.1755,10.1755,10.1777,84900,22.3
2010-12-14,10.8167,10.8623,9.4931,9.5844,742400,21
2010-12-15,9.5844,10.4059,9.4931,9.5388,376900,20.9
2010-12-16,9.5844,9.5844,9.128,9.128,438800,20
2010-12-17,9.5844,9.8126,8.9911,9.767,544800,21.4
2010-12-20,9.6279,9.993,9.3085,9.4018,278500,20.6
2010-12-21,9.5844,9.5844,8.9454,9.3106,317800,20.4
2010-12-22,9.5367,9.5367,8.9435,9.0367,228700,19.8
2010-12-23,8.8998,9.0824,8.5347,8.626,518700,18.9
2010-12-24,8.5803,8.8998,8.5347,8.626,238500,18.9
2010-12-27,8.8522,8.8522,8.4416,8.5803,188600,18.8
2010-12-28,8.6716,9.2193,8.5347,9.2193,338100,20.2
2010-12-29,9.3562,9.4475,8.9454,8.9911,388200,19.7
2010-12-30,9.2193,9.3106,8.9454,8.9911,319800,19.7
2010-12-31,8.9454,9.1736,8.9454,9.128,218300,20
2011-01-04,9.3562,9.3562,9.0367,9.0824,139600,19.9
2011-01-05,9.3106,9.3562,8.7629,8.8542,109500,19.4
2011-01-06,8.8085,8.9454,8.6716,8.8998,144200,19.5
2011-01-07,8.8085,8.8542,8.5803,8.6716,216100,19
2011-01-10,8.6716,8.7172,8.2608,8.3065,188600,18.2
2011-01-11,8.4872,8.4872,7.9853,8.0326,252700,17.6
2011-01-12,8.1239,8.3521,8.1239,8.3065,141700,18.2
2011-01-13,8.2152,8.489,8.1239,8.3065,180400,18.2
2011-01-14,8.3978,8.489,8.2152,8.4434,178400,18.5
2011-01-17,8.3978,8.7172,8.3978,8.4434,198800,18.5
2011-01-18,8.5347,8.5803,8.3065,8.3065,129900,18.2
2011-01-19,8.3047,8.4872,8.2134,8.2608,169000,18.1
2011-01-20,8.2608,8.3521,8.2152,8.2152,93000,18
2011-01-21,8.2608,8.3521,8.1696,8.2152,168500,18
2011-01-24,8.2608,8.3978,8.1239,8.1696,145300,17.9
2011-01-25,8.1239,8.2152,8.0326,8.0783,185500,17.7
2011-01-26,8.2608,8.3978,7.987,8.1696,102400,17.9
2011-01-27,8.3065,8.3065,8.2152,8.3065,131900,18.2
2011-01-28,8.3047,8.3959,8.1221,8.2608,133200,18.1
2011-02-08,8.3065,8.3978,7.987,8.3065,46100,18.2
2011-02-09,8.3978,8.6716,8.2152,8.3065,190400,18.2
2011-02-10,8.3521,8.3521,8.1696,8.1696,77700,17.9
2011-02-11,8.2152,8.3065,8.1239,8.2152,102200,18
2011-02-14,8.2134,8.2134,8.0309,8.0326,122400,17.6
2011-02-15,8.0783,8.1239,7.9414,7.987,116700,17.5
2011-02-16,8.1696,8.1696,7.7588,7.9414,136200,17.4
2011-02-17,7.9414,8.1696,7.8044,8.0783,235200,17.7
2011-02-18,8.0309,8.2134,7.9396,8.0326,307500,17.6
2011-02-21,7.7588,7.7588,7.485,7.485,298500,16.4
2011-02-22,7.0286,7.485,7.0286,7.2568,129100,15.9
2011-02-23,7.5306,7.5306,7.2568,7.485,167800,16.4
2011-02-24,7.4833,7.4833,6.9358,7.2111,269700,15.8
2011-02-25,7.3008,7.4377,7.1639,7.4393,163400,16.3
2011-02-28,7.4393,7.485,7.1655,7.1655,112500,15.7
2011-03-01,7.1655,7.3024,7.1198,7.1655,66000,15.7
2011-03-02,7.0742,7.0742,6.7091,6.7091,301600,14.7
2011-03-03,6.6178,6.8004,6.344,6.3896,132600,14
2011-03-04,6.0688,6.5251,6.0688,6.5265,128300,14.3
2011-03-07,6.4338,6.5707,6.3882,6.5265,129400,14.3
2011-03-08,6.4809,6.6178,6.4809,6.4809,176400,14.2
2011-03-09,6.6164,6.6164,6.1601,6.2983,154400,13.8
2011-03-10,6.5251,6.7532,6.3882,6.7547,123000,14.8
2011-03-11,6.9373,7.1655,6.9373,7.1655,199100,15.7
2011-03-14,7.5954,7.5954,6.8311,6.8312,171300,14.3
2011-03-15,6.7833,7.1655,6.7833,6.8312,72900,14.3
2011-03-16,6.9267,7.1655,6.8311,7.07,90300,14.8
2011-03-17,6.9744,7.261,6.9267,7.1178,135100,14.9
2011-03-18,7.07,7.5477,6.9744,7.5477,353600,15.8
2011-03-21,7.6432,7.7865,7.4044,7.4044,183800,15.5
2011-03-22,7.4044,7.4521,7.1177,7.1656,96700,15
2011-03-23,7.3088,7.3088,7.0222,7.2134,77900,15.1
2011-03-24,7.261,7.3088,7.1655,7.2134,133800,15.1
2011-03-25,7.1655,7.1655,7.1177,7.1178,73600,14.9
2011-03-28,7.1655,7.3088,7.07,7.1656,22300,15
2011-03-29,7.1655,7.1655,6.9744,7.0223,66700,14.7
2011-03-30,6.9744,7.1177,6.8311,7.0223,66400,14.7
2011-03-31,7.1177,7.1655,6.9267,6.9745,102500,14.6
2011-04-01,7.07,7.07,6.8789,6.9267,66000,14.5
2011-04-04,6.8789,6.9267,6.7356,6.8312,110500,14.3
2011-04-05,6.8311,6.8789,6.7833,6.8312,109800,14.3
2011-04-06,6.8789,7.1177,6.8789,7.07,52900,14.8
2011-04-07,7.07,7.07,6.8311,6.879,73500,14.4
2011-04-08,6.8311,6.9267,6.7833,6.879,76000,14.4
2011-04-13,6.7833,6.8789,6.7356,6.7834,90000,14.2
2011-04-14,6.7356,6.7833,6.6878,6.7356,41800,14.1
2011-04-15,6.7356,6.7356,6.64,6.6879,130900,14
2011-04-18,6.6878,6.6878,6.3534,6.4013,32800,13.4
2011-04-19,6.4967,6.4967,6.2579,6.2579,47400,13.1
2011-04-20,5.9235,6.3056,5.9235,6.1624,89600,12.9
2011-04-21,6.1146,6.2101,5.9713,6.0191,71500,12.6
2011-04-22,6.1146,6.1623,5.7802,6.0191,108900,12.6
2011-04-25,6.019,6.3056,6.019,6.2579,78500,13.1
2011-04-26,6.1146,6.1146,5.9235,5.9235,45500,12.4
2011-04-27,5.9235,6.019,5.8279,6.0191,44400,12.6
2011-04-28,6.2101,6.3056,6.019,6.1146,174900,12.8
2011-04-29,6.2101,6.2579,6.0668,6.1146,58500,12.8
2011-05-04,6.0668,6.1146,5.8757,5.9235,66100,12.4
2011-05-05,5.8757,5.8757,5.7324,5.8758,61500,12.3
2011-05-06,5.8757,5.9713,5.8279,5.9235,99800,12.4
2011-05-09,5.4936,6.019,5.4936,5.7325,112700,12
2011-05-10,5.8279,6.019,5.8279,5.828,83100,12.2
2011-05-11,5.8279,5.8279,5.7324,5.7802,33100,12.1
2011-05-12,6.0668,6.0668,5.7324,5.7325,24100,12
2011-05-13,5.7324,5.8279,5.6846,5.7325,62300,12
2011-05-16,5.7802,5.7802,5.5413,5.6369,83900,11.8
2011-05-17,5.5891,5.5891,5.2547,5.3503,98200,11.2
2011-05-18,5.0636,5.2547,5.0636,5.1114,97500,10.7
2011-05-19,4.777,5.1114,4.777,4.9681,94100,10.4
2011-05-20,4.777,5.0159,4.6815,4.8726,81500,10.2
2011-05-23,4.777,4.777,4.5382,4.5382,148000,9.5
2011-05-24,4.2993,4.5859,4.2993,4.2993,197200,9
2011-05-25,4.0605,4.1082,4.0127,4.0127,421800,8.4
2011-05-26,3.7738,4.2515,3.7738,4.2516,236400,8.9
2011-05-27,4.0605,4.2993,3.8216,4.2993,102400,9
2011-05-30,4.3948,4.5382,4.2515,4.3471,191900,9.1
2011-05-31,4.3948,4.3948,4.156,4.2993,103000,9
2011-06-01,4.2993,4.5382,4.2993,4.5382,108200,9.5
2011-06-02,4.6815,4.777,4.6815,4.7771,134200,10
2011-06-03,5.1114,5.1114,4.777,4.8726,445000,10.2
2011-06-06,5.0159,5.0159,4.6815,4.7771,80600,10
2011-06-07,4.9681,5.1592,4.9681,5.1592,208800,10.8
2011-06-08,5.2547,5.4458,5.0159,5.0159,236100,10.5
2011-06-09,5.1114,5.4458,5.0159,5.4458,312500,11.4
2011-06-10,5.3025,5.5891,5.3025,5.5892,318800,11.7
2011-06-13,5.8757,5.9235,5.5891,5.8758,237700,12.3
2011-06-14,5.9713,5.9713,5.4458,5.4936,363600,11.5
2011-06-15,5.3025,5.4458,5.2547,5.2548,136500,11
2011-06-16,5.1592,5.398,5.0159,5.3025,236100,11.1
2011-06-17,5.2069,5.2069,4.9203,4.9204,311100,10.3
2011-06-20,4.9681,5.0159,4.6815,4.7771,140900,10
2011-06-21,4.9681,5.1114,4.777,5.1114,146600,10.7
2011-06-22,5.3502,5.3502,5.0159,5.0159,74400,10.5
2011-06-23,4.9203,4.9681,4.8248,4.8248,70200,10.1
2011-06-24,4.8725,5.0159,4.8725,4.9681,20900,10.4
2011-06-27,5.0159,5.0159,4.8725,4.9681,71100,10.4
2011-06-28,4.9203,4.9681,4.777,4.8248,138700,10.1
2011-06-29,4.777,4.8248,4.5859,4.6815,100200,9.8
2011-06-30,4.5859,4.777,4.5859,4.6815,98300,9.8
2011-07-01,4.6815,4.6815,4.3948,4.4427,79700,9.3
2011-07-04,4.4426,4.5382,4.3948,4.5382,32600,9.5
2011-07-05,4.6815,4.7292,4.6815,4.7293,87700,9.9
2011-07-06,4.8725,4.8725,4.5859,4.586,40000,9.6
2011-07-07,4.7292,4.7292,4.6337,4.7293,25400,9.9
2011-07-08,4.6815,4.7292,4.6337,4.7293,45000,9.9
2011-07-11,4.777,4.777,4.5859,4.586,48500,9.6
2011-07-12,4.6815,4.6815,4.5382,4.6815,31400,9.8
2011-07-13,4.6337,4.6815,4.5859,4.586,22800,9.6
2011-07-14,4.5382,4.5859,4.4904,4.586,30500,9.6
2011-07-15,4.5382,4.5382,4.4904,4.5382,51200,9.5
2011-07-18,4.5382,4.5382,4.3948,4.4427,38700,9.3
2011-07-19,4.4426,4.5859,4.3948,4.3949,184400,9.2
2011-07-20,4.5382,4.6337,4.4904,4.586,139700,9.6
2011-07-21,4.6337,4.6337,4.4904,4.4904,30700,9.4
2011-07-22,4.5859,4.5859,4.4904,4.4904,21100,9.4
2011-07-25,4.4904,4.4904,4.3471,4.3471,43900,9.1
2011-07-26,4.3471,4.3948,4.2993,4.3471,45800,9.1
2011-07-27,4.6337,4.6337,4.2993,4.3471,29300,9.1
2011-07-28,4.4904,4.4904,4.3948,4.3949,22100,9.2
2011-07-29,4.3948,4.3948,4.2993,4.2993,47100,9
2011-08-01,4.2993,4.2993,4.2038,4.2038,54400,8.8
2011-08-02,4.2038,4.2038,4.0127,4.0127,59800,8.4
2011-08-03,4.0605,4.1082,3.9171,4.0605,37600,8.5
2011-08-04,4.1082,4.2993,4.1082,4.2993,67300,9
2011-08-05,4.2515,4.4426,4.2515,4.2516,101400,8.9
2011-08-08,4.2038,4.2515,4.0605,4.1083,57200,8.6
2011-08-09,4.0127,4.0127,3.8694,3.9172,206700,8.2
2011-08-10,4.1082,4.156,4.0127,4.0605,43700,8.5
2011-08-11,3.9171,4.1082,3.9171,4.0605,48900,8.5
2011-08-12,4.1082,4.1082,4.0605,4.0605,36400,8.5
2011-08-15,4.1082,4.1082,4.0605,4.0605,26700,8.5
2011-08-16,4.156,4.2038,4.1082,4.156,28700,8.7
2011-08-17,4.3948,4.4426,4.2993,4.4427,196100,9.3
2011-08-18,4.6815,4.6815,4.4426,4.4904,101800,9.4
2011-08-19,4.5382,4.5382,4.2515,4.2993,118400,9
2011-08-22,4.4904,4.6337,4.4904,4.6337,231700,9.7
2011-08-23,4.8725,4.8725,4.4904,4.5382,148400,9.5
2011-08-24,4.6337,4.8725,4.6337,4.6815,223700,9.8
2011-08-25,4.777,4.8725,4.5382,4.586,298800,9.6
2011-08-26,4.777,4.777,4.6337,4.6815,86600,9.8
2011-08-29,4.8248,4.9681,4.6337,4.9681,486800,10.4
2011-08-30,5.2069,5.2069,5.1114,5.207,765200,10.9
2011-08-31,5.1592,5.4458,5.1592,5.2548,451000,11
2011-09-01,5.2547,5.5891,5.2069,5.5892,765300,11.7
2011-09-05,5.8279,5.8757,5.4936,5.7325,769100,12
2011-09-06,5.5891,5.5891,5.4458,5.4936,419100,11.5
2011-09-07,5.398,5.7802,5.398,5.7802,461000,12.1
2011-09-08,5.7802,6.0668,5.7802,5.828,471700,12.2
2011-09-09,5.7324,5.9713,5.6846,5.7325,370500,12
2011-09-12,5.6369,6.2101,5.6369,6.1624,783300,12.9
2011-09-13,6.2101,6.449,6.1146,6.2579,831200,13.1
2011-09-14,6.3056,6.3056,5.8757,5.8758,739400,12.3
2011-09-15,5.6846,5.9235,5.6369,5.6847,401900,11.9
2011-09-16,5.7802,5.8279,5.3502,5.3981,397500,11.3
2011-09-19,5.4936,5.6846,5.3025,5.6369,247500,11.8
2011-09-20,5.5891,5.6846,5.398,5.3981,180500,11.3
2011-09-21,5.4936,5.5891,5.398,5.4936,187400,11.5
2011-09-22,5.5891,5.7324,5.4458,5.6369,235100,11.8
2011-09-23,5.6369,5.6369,5.4936,5.5414,145600,11.6
2011-09-26,5.5413,5.5891,5.4458,5.4936,77600,11.5
2011-09-27,5.4936,5.5413,5.398,5.3981,194400,11.3
2011-09-28,5.5413,5.6369,5.4458,5.4936,121900,11.5
2011-09-29,5.398,5.398,5.1114,5.207,317900,10.9
2011-09-30,5.1114,5.1592,4.9681,4.9681,121900,10.4
2011-10-03,5.1114,5.1114,4.7292,4.7771,185400,10
2011-10-04,4.777,5.1114,4.777,5.1114,211400,10.7
2011-10-05,5.2547,5.2547,5.0159,5.0159,199200,10.5
2011-10-06,5.0159,5.398,5.0159,5.3503,181600,11.2
2011-10-07,5.3502,5.398,5.1114,5.1592,168700,10.8
2011-10-10,5.0159,5.1592,4.9203,4.9204,124200,10.3
2011-10-11,5.0159,5.1592,4.9681,5.0159,114000,10.5
2011-10-12,4.9681,4.9681,4.7292,4.8248,251800,10.1
2011-10-13,4.8248,4.9203,4.7292,4.8248,83100,10.1
2011-10-14,4.8725,4.9681,4.8725,4.8726,65200,10.2
2011-10-17,4.8725,4.8725,4.6815,4.6815,71400,9.8
2011-10-18,4.6337,4.777,4.5859,4.6815,67700,9.8
2011-10-19,4.777,4.8248,4.6815,4.7771,51500,10
2011-10-20,4.7292,4.8248,4.6815,4.7771,53200,10
2011-10-21,4.777,5.0159,4.777,5.0159,136100,10.5
2011-10-24,5.0636,5.1114,4.9203,4.9204,90800,10.3
2011-10-25,4.9681,4.9681,4.777,4.8248,106700,10.1
2011-10-26,4.8248,4.9203,4.777,4.8248,29100,10.1
2011-10-27,4.8248,4.9681,4.8248,4.8726,151000,10.2
2011-10-28,4.9203,5.2069,4.9203,5.207,532000,10.9
2011-10-31,5.2547,5.4936,5.2069,5.207,250500,10.9
2011-11-01,5.1114,5.2069,4.9681,4.9681,213100,10.4
2011-11-02,5.0636,5.0636,4.8248,4.8726,167300,10.2
2011-11-03,4.8725,4.9203,4.777,4.9204,122200,10.3
2011-11-04,4.9203,4.9203,4.7292,4.7771,189800,10
2011-11-07,4.777,4.8248,4.6815,4.6815,114000,9.8
2011-11-08,4.7292,4.777,4.6337,4.7293,141500,9.9
2011-11-09,4.7292,4.7292,4.5859,4.586,49400,9.6
2011-11-10,4.5382,4.5382,4.3471,4.3471,362500,9.1
2011-11-11,4.5382,4.5382,4.2515,4.2993,80000,9
2011-11-14,4.0605,4.2993,4.0605,4.1083,239300,8.6
2011-11-15,3.8216,4.2993,3.8216,4.1083,106600,8.6
2011-11-16,4.2038,4.2993,4.1082,4.2993,236100,9
2011-11-17,4.2993,4.3948,4.156,4.156,107000,8.7
2011-11-18,4.0605,4.156,4.0127,4.156,63200,8.7
2011-11-21,4.2038,4.2038,4.0127,4.0605,111800,8.5
2011-11-22,3.9649,4.0605,3.9171,4.0605,142400,8.5
2011-11-23,4.156,4.156,4.0605,4.1083,132400,8.6
2011-11-24,4.156,4.156,4.0127,4.0127,75700,8.4
2011-11-25,3.9649,4.0127,3.9649,3.965,146000,8.3
2011-11-28,4.0605,4.2038,4.0605,4.156,168500,8.7
2011-11-29,4.2038,4.2038,4.0127,4.0127,78800,8.4
2011-11-30,4.0605,4.0605,3.9171,3.965,29700,8.3
2011-12-01,4.0605,4.0605,3.9649,3.965,52700,8.3
2011-12-02,4.0127,4.1082,3.9649,4.1083,73900,8.6
2011-12-05,4.0605,4.2515,4.0605,4.2516,520600,8.9
2011-12-06,4.3471,4.3948,4.1082,4.1083,236400,8.6
2011-12-07,4.156,4.2038,4.0605,4.0605,44100,8.5
2011-12-08,4.156,4.156,4.0127,4.0605,52500,8.5
2011-12-09,4.0605,4.0605,3.9171,3.965,182400,8.3
2011-12-12,3.8694,3.9171,3.7261,3.7739,255300,7.9
2011-12-13,3.8216,3.8216,3.6783,3.6783,88200,7.7
2011-12-14,3.6783,3.6783,3.4872,3.4873,372500,7.3
2011-12-15,3.2961,3.4872,3.2961,3.3439,233000,7
2011-12-16,3.4872,3.4872,3.3917,3.4873,242600,7.3
2011-12-19,3.4872,3.535,3.2961,3.2962,76400,6.9
2011-12-20,3.3439,3.3439,3.2006,3.2006,280700,6.7
2011-12-21,3.2006,3.2484,3.1528,3.2484,57800,6.8
2011-12-22,3.1528,3.1528,3.0573,3.0573,227800,6.4
2011-12-23,3.0573,3.0573,2.8662,2.9618,178900,6.2
2011-12-26,2.9617,2.9617,2.8662,2.914,95200,6.1
2011-12-27,2.8662,2.8662,2.7229,2.7229,269700,5.7
2011-12-28,2.5796,2.8662,2.5796,2.8662,247400,6
2011-12-29,2.8662,3.0095,2.8184,2.9618,214800,6.2
2011-12-30,2.9617,3.1051,2.9617,3.1051,454000,6.5
2012-01-03,3.2484,3.2961,3.1528,3.2006,168600,6.7
2012-01-04,3.1999,3.2477,3.0089,3.0095,202700,6.3
2012-01-05,3.0573,3.0573,2.8662,2.8662,213500,6
2012-01-06,2.7229,2.8662,2.7229,2.7707,234200,5.8
2012-01-09,2.7229,2.8662,2.6751,2.8662,106400,6
2012-01-10,2.914,2.9617,2.8184,2.914,160500,6.1
2012-01-11,2.9617,3.0095,2.7229,2.7229,170000,5.7
2012-01-12,2.7229,2.7229,2.6274,2.6752,217000,5.6
2012-01-13,2.6274,2.8184,2.6274,2.7707,355900,5.8
2012-01-16,2.7707,2.8184,2.6751,2.8185,90800,5.9
2012-01-17,2.8184,2.8662,2.8184,2.8185,141000,5.9
2012-01-18,2.8184,2.914,2.7707,2.914,114200,6.1
2012-01-19,2.8662,3.0573,2.8662,3.0573,255600,6.4
2012-01-20,2.8184,3.1528,2.8184,3.0573,168200,6.4
2012-01-30,3.0573,3.1051,2.914,3.1051,128600,6.5
2012-01-31,3.0573,3.2006,3.0573,3.1529,390100,6.6
2012-02-01,3.1051,3.1528,3.0095,3.1529,208500,6.6
2012-02-02,3.1528,3.2484,3.1528,3.2484,532300,6.8
2012-02-03,3.4394,3.4394,3.2961,3.3439,866400,7
2012-02-06,3.3439,3.4394,3.2484,3.3917,441900,7.1
2012-02-07,3.4394,3.535,3.3917,3.535,962400,7.4
2012-02-08,3.6305,3.7261,3.5828,3.7261,803000,7.8
2012-02-09,3.6783,3.6783,3.4872,3.535,495400,7.4
2012-02-10,3.4394,3.535,3.3439,3.3439,437200,7
2012-02-13,3.2961,3.2961,3.2006,3.2006,449000,6.7
2012-02-14,3.0095,3.3439,3.0095,3.2962,502700,6.9
2012-02-15,3.2484,3.2961,3.0573,3.1051,578800,6.5
2012-02-16,3.1051,3.2484,3.0573,3.2006,314800,6.7
2012-02-17,3.2484,3.3439,3.2484,3.3439,475500,7
2012-02-20,3.4394,3.4872,3.4394,3.4873,336800,7.3
2012-02-21,3.7261,3.7261,3.4394,3.4395,1018500,7.2
2012-02-22,3.4394,3.7738,3.3917,3.7739,1249200,7.9
2012-02-23,3.9171,3.9171,3.8216,3.9172,918600,8.2
2012-02-24,4.1082,4.156,4.0127,4.0605,1411200,8.5
2012-02-27,3.9171,4.3948,3.9171,4.3949,961900,9.2
2012-02-28,4.2993,4.4426,4.0127,4.0127,1356100,8.4
2012-02-29,3.9649,4.156,3.8694,4.1083,966600,8.6
2012-03-01,4.1082,4.156,4.0127,4.1083,662600,8.6
2012-03-02,4.1082,4.2993,4.1082,4.2993,1139500,9
2012-03-05,4.4904,4.5382,4.4426,4.5382,239300,9.5
2012-03-06,4.8248,4.8248,4.2993,4.4427,1632700,9.3
2012-03-07,4.5382,4.5859,4.2993,4.4904,1034900,9.4
2012-03-08,4.2993,4.5859,4.2038,4.2993,1100800,9
2012-03-09,4.2515,4.5382,4.2038,4.3949,536400,9.2
2012-03-12,4.3948,4.6337,4.3948,4.4427,1106800,9.3
2012-03-13,4.5382,4.6815,4.4426,4.5382,449100,9.5
2012-03-14,4.5382,4.5859,4.2515,4.2993,753000,9
2012-03-15,4.2515,4.6337,4.156,4.6337,1260400,9.7
2012-03-16,4.7292,4.777,4.5382,4.586,1245500,9.6
2012-03-19,4.5859,4.5859,4.3948,4.4427,630300,9.3
2012-03-20,4.5382,4.6337,4.3471,4.5382,649000,9.5
2012-03-21,4.5382,4.7292,4.4904,4.6337,1431400,9.7
2012-03-22,4.6337,4.777,4.4904,4.6815,488200,9.8
2012-03-23,4.6815,4.9681,4.6815,4.9681,1223200,10.4
2012-03-26,5.2069,5.2547,4.9681,5.0637,920100,10.6
2012-03-27,5.0636,5.0636,4.777,4.7771,1052200,10
2012-03-28,4.7292,4.777,4.4904,4.6815,693700,9.8
2012-03-29,4.6815,4.777,4.4426,4.4427,1161000,9.3
2012-03-30,4.2993,4.3948,4.2038,4.2038,787200,8.8
2012-04-03,4.2515,4.5382,4.2515,4.5382,635200,9.5
2012-04-04,4.5859,4.6815,4.3948,4.4427,541500,9.3
2012-04-05,4.4904,4.6815,4.3948,4.6815,508700,9.8
2012-04-06,4.5382,4.8248,4.5382,4.5382,852100,9.5
2012-04-09,4.7292,4.8725,4.6337,4.8726,1180400,10.2
2012-04-10,5.0636,5.2069,4.8725,4.9681,1499600,10.4
2012-04-11,5.2069,5.3025,5.1114,5.3025,715800,11.1
2012-04-12,5.6369,5.6369,5.6369,5.6369,489700,11.8
2012-04-13,6.019,6.019,5.5891,5.828,2787500,12.2
2012-04-16,5.7802,6.1623,5.6846,6.1624,1440000,12.9
2012-04-17,6.3534,6.4012,6.019,6.1624,977200,12.9
2012-04-18,6.2101,6.5923,6.0668,6.5446,1240700,13.7
2012-04-19,6.3056,6.4967,6.0668,6.0669,929300,12.7
2012-04-20,5.8757,6.1146,5.6846,5.7325,1211700,12
2012-04-23,5.7324,6.019,5.7324,6.0191,717500,12.6
2012-04-24,6.019,6.4012,5.8279,6.4013,1007200,13.4
2012-04-25,6.6878,6.7833,6.449,6.5923,1198800,13.8
2012-04-26,6.449,6.5445,6.2579,6.2579,786000,13.1
2012-04-27,6.2101,6.6878,6.2101,6.6401,966300,13.9
2012-05-02,6.6878,6.6878,6.2101,6.2579,1073300,13.1
2012-05-03,6.3056,6.4012,5.9713,6.4013,1069900,13.4
2012-05-04,6.449,6.64,6.3534,6.5446,663900,13.7
2012-05-07,6.5445,6.9744,6.4967,6.9745,2056100,14.6
2012-05-08,6.8789,7.1655,6.5923,6.6401,856000,13.9
2012-05-09,6.5445,6.8789,6.4967,6.8312,1243900,14.3
2012-05-10,6.9744,7.1177,6.7356,6.879,1022500,14.4
2012-05-11,6.7833,6.8789,6.5445,6.5923,778300,13.8
2012-05-14,6.1623,6.5445,6.1623,6.1624,900900,12.9
2012-05-15,6.0668,6.2579,5.7324,5.7325,1180500,12
2012-05-16,5.7324,6.0668,5.5413,6.0669,809000,12.7
2012-05-17,6.019,6.1623,5.6369,5.6847,740600,11.9
2012-05-18,5.6369,5.7324,5.3025,5.3503,559000,11.2
2012-05-21,5.398,5.6846,5.398,5.6847,547200,11.9
2012-05-22,5.8757,5.9713,5.6369,5.7325,710700,12
2012-05-23,5.5891,5.6846,5.3502,5.3503,599600,11.2
2012-05-24,5.3502,5.4936,5.0636,5.4458,417900,11.4
2012-05-25,5.398,5.6846,5.398,5.6847,438300,11.9
2012-05-28,5.6846,6.0668,5.6846,5.7325,799100,12
2012-05-29,5.8279,5.8279,5.5891,5.7325,427900,12
2012-05-30,5.7324,6.1146,5.7324,5.9713,831400,12.5
2012-05-31,5.8757,5.9713,5.7324,5.7802,450300,12.1
2012-06-01,5.7802,6.019,5.7802,5.8758,554900,12.3
2012-06-04,5.7802,5.8279,5.6369,5.7802,343100,12.1
2012-06-05,5.6369,5.9713,5.6369,5.9235,443400,12.4
2012-06-06,5.9713,6.0668,5.6846,5.9713,556000,12.5
2012-06-07,5.8279,6.3056,5.8279,6.2579,1254900,13.1
2012-06-08,6.4012,6.449,6.019,6.0191,579100,12.6
2012-06-11,6.2101,6.4012,6.0668,6.2102,506100,13
2012-06-12,6.2101,6.2101,5.9713,6.0191,488800,12.6
2012-06-13,6.019,6.1623,5.8757,6.0191,260600,12.6
2012-06-14,6.0668,6.0668,5.8757,5.9713,312100,12.5
2012-06-15,6.019,6.2101,5.9713,6.0669,441700,12.7
2012-06-18,6.2101,6.2101,5.9713,5.9713,413000,12.5
2012-06-19,5.9713,5.9713,5.8279,5.8758,230900,12.3
2012-06-20,5.8757,5.9713,5.8279,5.9713,226600,12.5
2012-06-21,5.9235,5.9713,5.8279,5.828,184200,12.2
2012-06-22,5.8757,5.8757,5.6369,5.6847,518600,11.9
2012-06-25,5.7324,5.7324,5.3502,5.4458,551800,11.4
2012-06-26,5.398,5.4458,5.1592,5.207,534600,10.9
2012-06-27,5.3502,5.3502,5.0159,5.0637,324300,10.6
2012-06-28,5.0636,5.2547,4.9203,5.2548,257000,11
2012-06-29,5.2547,5.398,5.1114,5.207,333700,10.9
2012-07-02,5.2547,5.3025,4.9681,4.9681,508900,10.4
2012-07-03,4.9681,5.0159,4.6337,4.7771,564100,10
2012-07-04,4.777,4.8248,4.4904,4.4904,279400,9.4
2012-07-05,4.4904,4.777,4.3948,4.7771,492800,10
2012-07-06,4.9203,5.1114,4.8248,4.9204,590300,10.3
2012-07-09,4.8248,4.8248,4.6337,4.6337,288600,9.7
2012-07-10,4.6337,4.6815,4.5382,4.6337,230500,9.7
2012-07-11,4.6337,4.8248,4.6337,4.7293,297700,9.9
2012-07-12,4.6815,5.0159,4.6815,4.9681,316600,10.4
2012-07-13,5.0159,5.3025,4.9203,5.2548,846300,11
2012-07-16,5.2547,5.2547,4.9203,5.0159,332900,10.5
2012-07-17,4.9681,5.3025,4.9681,5.2548,385700,11
2012-07-18,5.2547,5.3502,5.1114,5.1592,374600,10.8
2012-07-19,5.1114,5.4936,5.0636,5.4936,898600,11.5
2012-07-20,5.6846,5.7324,5.3502,5.3503,494200,11.2
2012-07-23,5.3502,5.398,5.1592,5.207,643600,10.9
2012-07-24,5.2069,5.2069,4.9681,4.9681,458500,10.4
2012-07-25,4.9681,5.0159,4.8725,4.9681,324400,10.4
2012-07-26,5.0159,5.0636,4.9203,4.9681,252300,10.4
2012-07-27,5.0159,5.1114,4.9203,4.9681,459700,10.4
2012-07-30,4.9681,5.0159,4.8725,4.9204,186600,10.3
2012-07-31,4.9681,5.0636,4.8725,4.9204,117800,10.3
2012-08-01,4.8725,4.9203,4.7292,4.8726,193600,10.2
2012-08-02,4.8248,4.9203,4.8248,4.8726,135500,10.2
2012-08-03,4.6337,4.9203,4.6337,4.8248,169600,10.1
2012-08-06,4.9681,5.1592,4.9681,5.1114,247800,10.7
2012-08-07,5.0159,5.1114,4.9681,4.9681,179600,10.4
2012-08-08,4.9681,5.1114,4.9681,5.1114,360700,10.7
2012-08-09,5.0636,5.2069,4.9203,5.0159,323100,10.5
2012-08-10,5.0159,5.0636,4.9681,4.9681,183500,10.4
2012-08-13,4.8725,4.9681,4.8725,4.9204,131100,10.3
2012-08-14,4.8725,5.0636,4.8725,4.9681,277900,10.4
2012-08-15,4.9681,5.0159,4.777,4.9204,111500,10.3
2012-08-16,4.9203,4.9681,4.9203,4.9204,154200,10.3
2012-08-17,4.9681,5.0159,4.9203,4.9681,161100,10.4
2012-08-20,5.0159,5.0636,5.0159,5.0637,310000,10.6
2012-08-21,5.0636,5.0636,4.7292,4.7293,511600,9.9
2012-08-22,4.4426,4.6337,4.4426,4.4427,886300,9.3
2012-08-23,4.2993,4.2993,4.156,4.156,186900,8.7
2012-08-24,3.8694,4.3948,3.8694,4.156,740300,8.7
2012-08-27,4.156,4.156,3.8694,3.8694,328000,8.1
2012-08-28,3.9171,3.9171,3.6783,3.7739,431400,7.9
2012-08-29,3.8216,4.0605,3.8216,4.0605,489700,8.5
2012-08-30,3.9649,4.1082,3.9649,4.0127,370600,8.4
2012-08-31,4.0127,4.156,3.9649,4.1083,330400,8.6
2012-09-04,4.1082,4.2515,4.1082,4.156,207400,8.7
2012-09-05,4.156,4.156,3.9649,4.0127,351500,8.4
2012-09-06,4.0127,4.0127,3.9171,3.9172,149600,8.2
2012-09-07,4.0127,4.0605,3.8694,3.965,217300,8.3
2012-09-10,4.0127,4.0127,3.7738,3.7739,812400,7.9
2012-09-11,3.7261,3.8216,3.6783,3.7261,185400,7.8
2012-09-12,3.8216,3.8694,3.7261,3.7261,131300,7.8
2012-09-13,3.7738,3.9171,3.6783,3.8694,182100,8.1
2012-09-14,3.9649,4.0605,3.9649,4.0605,493500,8.5
2012-09-17,4.0605,4.1082,3.9649,3.965,269400,8.3
2012-09-18,3.9171,3.9649,3.7738,3.7739,369100,7.9
2012-09-19,3.7738,3.9171,3.6783,3.9172,199500,8.2
2012-09-20,3.8216,3.8694,3.6783,3.8216,93400,8
2012-09-21,3.8694,3.9171,3.8216,3.8694,218300,8.1
2012-09-24,3.8216,3.8216,3.7261,3.7261,154600,7.8
2012-09-25,3.7738,3.7738,3.7261,3.7739,54000,7.9
2012-09-26,3.8216,3.8694,3.7261,3.8216,133000,8
2012-09-27,3.5828,3.8216,3.5828,3.7261,169800,7.8
2012-09-28,3.6783,3.7261,3.6783,3.6783,104700,7.7
2012-10-01,3.7261,3.7261,3.535,3.5828,372100,7.5
2012-10-02,3.6305,3.6783,3.535,3.535,84200,7.4
2012-10-03,3.2961,3.6783,3.2961,3.5828,123500,7.5
2012-10-04,3.4872,3.5828,3.4872,3.5828,57000,7.5
2012-10-05,3.5828,3.5828,3.535,3.5828,125300,7.5
2012-10-08,3.535,3.7738,3.535,3.7261,408100,7.8
2012-10-09,3.7261,3.7261,3.6783,3.6783,228300,7.7
2012-10-10,3.6305,3.9171,3.5828,3.9172,425400,8.2
2012-10-11,3.9171,4.1082,3.8694,3.9172,560700,8.2
2012-10-12,3.8694,3.9649,3.8216,3.8694,197300,8.1
2012-10-15,3.8216,3.8216,3.6783,3.6783,245000,7.7
2012-10-16,3.7738,3.9649,3.7738,3.965,419800,8.3
2012-10-17,3.9649,3.9649,3.8216,3.8216,174200,8
2012-10-18,3.8216,3.9649,3.8216,3.8694,170800,8.1
2012-10-19,3.8216,3.8216,3.6783,3.7739,293000,7.9
2012-10-22,3.7261,3.7261,3.6305,3.6783,134900,7.7
2012-10-23,3.7738,3.7738,3.6305,3.6783,175600,7.7
2012-10-24,3.6305,3.7261,3.6305,3.6783,126400,7.7
2012-10-25,3.6783,3.6783,3.5828,3.6783,292100,7.7
2012-10-26,3.6305,3.7738,3.6305,3.7261,100100,7.8
2012-10-29,3.7261,3.7261,3.6305,3.6306,61600,7.6
2012-10-30,3.6783,3.6783,3.5828,3.6306,138000,7.6
2012-10-31,3.5828,3.6305,3.5828,3.5828,117500,7.5
2012-11-01,3.6305,3.6305,3.5828,3.6306,101300,7.6
2012-11-02,3.5828,3.5828,3.3917,3.3917,480600,7.1
2012-11-05,3.4394,3.4394,3.2961,3.3439,116100,7
2012-11-06,3.3439,3.3439,3.2961,3.3439,86500,7
2012-11-07,3.3439,3.4872,3.3439,3.4873,102600,7.3
2012-11-08,3.4394,3.4394,3.3439,3.3917,215000,7.1
2012-11-09,3.3917,3.4872,3.3439,3.4873,138400,7.3
2012-11-12,3.535,3.6783,3.4872,3.6306,302600,7.6
2012-11-13,3.6305,3.6305,3.535,3.535,307200,7.4
2012-11-14,3.535,3.5828,3.535,3.5828,103700,7.5
2012-11-15,3.535,3.535,3.4394,3.4873,151200,7.3
2012-11-16,3.4872,3.535,3.4394,3.4873,97600,7.3
2012-11-19,3.4872,3.4872,3.4394,3.4395,79900,7.2
2012-11-20,3.4872,3.4872,3.4394,3.4873,92100,7.3
2012-11-21,3.4872,3.4872,3.3917,3.4395,75500,7.2
2012-11-22,3.4394,3.4872,3.4394,3.4873,53200,7.3
2012-11-23,3.4872,3.4872,3.3917,3.3917,36300,7.1
2012-11-26,3.3917,3.4394,3.2961,3.3439,195600,7
2012-11-27,3.3917,3.3917,3.2961,3.3439,81800,7
2012-11-28,3.3439,3.3439,3.2006,3.2962,232400,6.9
2012-11-29,3.2484,3.3439,3.2484,3.2962,141000,6.9
2012-11-30,3.2961,3.3439,3.2006,3.2962,50000,6.9
2012-12-03,3.2484,3.2961,3.2006,3.2484,80700,6.8
2012-12-04,3.2484,3.3439,3.2484,3.3439,237500,7
2012-12-05,3.3917,3.4872,3.3439,3.3917,291300,7.1
2012-12-06,3.3439,3.5828,3.3439,3.535,772100,7.4
2012-12-07,3.2961,3.6305,3.2961,3.4873,240700,7.3
2012-12-10,3.4872,3.6783,3.4872,3.6306,429500,7.6
2012-12-11,3.5828,3.6783,3.535,3.535,427900,7.4
2012-12-12,3.535,3.7261,3.535,3.7261,349500,7.8
2012-12-13,3.6783,3.7261,3.535,3.5828,322200,7.5
2012-12-14,3.6305,3.6305,3.535,3.535,393700,7.4
2012-12-17,3.4872,3.6305,3.4872,3.5828,346200,7.5
2012-12-18,3.6305,3.6305,3.4872,3.535,177200,7.4
2012-12-19,3.5828,3.7738,3.5828,3.7739,1488200,7.9
2012-12-20,3.7738,3.8216,3.6305,3.6306,525300,7.6
2012-12-21,3.5828,3.6305,3.535,3.535,466400,7.4
2012-12-24,3.6305,3.6783,3.5828,3.6306,221400,7.6
2012-12-25,3.6305,3.6783,3.535,3.5828,495800,7.5
2012-12-26,3.5828,3.7738,3.5828,3.7739,1029900,7.9
2012-12-27,3.7738,3.9171,3.6783,3.7739,1248800,7.9
2012-12-28,3.7261,3.9649,3.7261,3.965,788200,8.3
2013-01-02,4.1082,4.156,3.9649,4.156,1494400,8.7
2013-01-03,4.2993,4.2993,3.9649,4.1083,1501900,8.6
2013-01-04,4.1082,4.3471,4.0605,4.2993,946800,9
2013-01-07,4.2993,4.3471,4.0127,4.0127,1278300,8.4
2013-01-08,4.0605,4.2038,3.9649,4.1083,705000,8.6
2013-01-09,4.156,4.2038,3.8216,3.8216,1396000,8
2013-01-10,3.7738,4.0605,3.6783,4.0127,1040900,8.4
2013-01-11,4.1082,4.156,3.9171,4.0127,977200,8.4
2013-01-14,3.9171,4.1082,3.8694,4.0605,727500,8.5
2013-01-15,4.0605,4.2993,4.0127,4.2516,1432300,8.9
2013-01-16,4.2993,4.5859,4.2993,4.3949,1914100,9.2
2013-01-17,4.3948,4.6337,4.2993,4.3949,1458300,9.2
2013-01-18,4.2993,4.3948,4.2038,4.2516,1212600,8.9
2013-01-21,4.3471,4.5382,4.2515,4.2993,679800,9
2013-01-22,4.2993,4.2993,4.0127,4.0127,1218500,8.4
2013-01-23,4.0127,4.156,3.8694,4.0605,697600,8.5
2013-01-24,4.0605,4.2993,4.0127,4.2516,660200,8.9
2013-01-25,4.2993,4.3948,4.2038,4.2516,1059900,8.9
2013-01-28,4.2515,4.5859,4.2515,4.4427,1873300,9.3
2013-01-29,4.4426,4.8248,4.3948,4.8248,3236400,10.1
2013-01-30,4.9203,5.1114,4.8248,4.8248,964700,10.1
2013-01-31,4.8248,4.8248,4.6337,4.6815,1363500,9.8
2013-02-01,4.5382,4.7292,4.4904,4.7293,1312000,9.9
2013-02-04,4.6815,4.777,4.6337,4.6337,570800,9.7
2013-02-05,4.5859,4.6337,4.4904,4.5382,558600,9.5
2013-02-06,4.4904,4.7292,4.4904,4.7293,749100,9.9
2013-02-07,4.8248,4.9203,4.777,4.8726,1144500,10.2
2013-02-08,4.777,4.9203,4.777,4.8248,700500,10.1
2013-02-18,4.8725,4.9203,4.7292,4.7771,1337000,10
2013-02-19,4.8248,4.8725,4.7292,4.7771,1087700,10
2013-02-20,4.777,5.2069,4.7292,5.1592,2088200,10.8
2013-02-21,5.1592,5.1592,4.6815,4.6815,1060000,9.8
2013-02-22,4.6815,4.8248,4.2993,4.4904,1641500,9.4
2013-02-25,4.5859,4.6337,4.4426,4.5382,822500,9.5
2013-02-26,4.5382,4.777,4.2515,4.3949,1678000,9.2
2013-02-27,4.3948,4.5382,4.2993,4.5382,990300,9.5
2013-02-28,4.5859,4.6337,4.4426,4.4904,468100,9.4
2013-03-01,4.5859,4.5859,4.3948,4.4427,547200,9.3
2013-03-04,4.4426,4.4426,4.0605,4.1083,941100,8.6
2013-03-05,4.156,4.156,3.9171,3.965,721100,8.3
2013-03-06,4.0605,4.156,3.9649,4.156,399400,8.7
2013-03-07,4.156,4.156,3.9649,4.0127,497900,8.4
2013-03-08,3.9649,4.156,3.9649,4.156,245800,8.7
2013-03-11,4.156,4.3948,4.1082,4.3471,657200,9.1
2013-03-12,4.3948,4.3948,4.156,4.2993,644700,9
2013-03-13,4.2993,4.3471,4.1082,4.1083,433800,8.6
2013-03-14,4.1082,4.2038,4.0605,4.156,454000,8.7
2013-03-15,4.156,4.2515,4.1082,4.2038,408000,8.8
2013-03-18,4.156,4.2038,4.0605,4.1083,236400,8.6
2013-03-19,4.1082,4.1082,4.0127,4.1083,333500,8.6
2013-03-20,4.156,4.4426,4.0605,4.1083,253700,8.6
2013-03-21,4.156,4.2038,4.1082,4.1083,243600,8.6
2013-03-22,4.1082,4.2038,3.9649,4.0605,372000,8.5
2013-03-25,4.0605,4.1082,4.0127,4.0605,179200,8.5
2013-03-26,4.0605,4.1082,4.0127,4.0127,189300,8.4
2013-03-27,3.6305,3.9649,3.6305,3.9172,367200,8.2
2013-03-28,3.9171,3.9171,3.8216,3.8216,462200,8
2013-03-29,3.7261,3.8216,3.6783,3.7739,362300,7.9
2013-04-01,3.8216,3.9649,3.6783,3.965,853700,8.3
2013-04-02,3.9649,4.0127,3.8694,3.8694,540900,8.1
2013-04-03,3.9171,3.9649,3.8694,3.9172,221900,8.2
2013-04-04,3.9171,3.9171,3.7738,3.8216,575400,8
2013-04-05,3.7738,3.9171,3.7738,3.9172,266800,8.2
2013-04-08,3.8216,3.9649,3.5828,3.8694,546700,8.1
2013-04-09,3.9171,4.0127,3.8694,3.965,502500,8.3
2013-04-10,3.9649,3.9649,3.7738,3.7739,442400,7.9
2013-04-11,3.8216,3.8694,3.7738,3.8216,334900,8
2013-04-12,3.9171,4.1082,3.8216,3.9172,1220000,8.2
2013-04-15,3.9171,3.9171,3.6783,3.7739,362600,7.9
2013-04-16,3.6783,3.8216,3.6305,3.7739,491900,7.9
2013-04-17,3.7261,3.7738,3.6305,3.6783,435700,7.7
2013-04-18,3.7261,3.7261,3.535,3.6306,306000,7.6
2013-04-22,3.5828,3.6305,3.4394,3.4395,319900,7.2
2013-04-23,3.4872,3.535,3.4394,3.4873,433600,7.3
2013-04-24,3.4872,3.6305,3.4872,3.5828,445600,7.5
2013-04-25,3.5828,3.6783,3.535,3.6306,273000,7.6
2013-04-26,3.6305,3.6783,3.4872,3.4873,232000,7.3
2013-05-02,3.6305,3.8216,3.5828,3.7739,922300,7.9
2013-05-03,3.8216,3.8216,3.7261,3.7739,373500,7.9
2013-05-06,3.8694,4.1082,3.8216,4.1083,1173000,8.6
2013-05-07,4.2038,4.2993,4.0127,4.1083,842700,8.6
2013-05-08,4.1082,4.156,3.9649,4.0605,752600,8.5
2013-05-09,4.0127,4.2515,4.0127,4.2516,1564300,8.9
2013-05-10,4.4136,4.471,4.2417,4.3568,884000,7.6
2013-05-13,4.4136,4.4136,4.2417,4.2995,629400,7.5
2013-05-14,4.2417,4.2417,4.127,4.1849,535400,7.3
2013-05-15,4.127,4.2417,4.0697,4.1849,646900,7.3
2013-05-16,4.2417,4.299,4.1844,4.2995,794700,7.5
2013-05-17,4.299,4.299,4.1844,4.1849,623400,7.3
2013-05-20,4.1844,4.299,4.127,4.2422,505600,7.4
2013-05-21,4.299,4.471,4.299,4.4142,1064400,7.7
2013-05-22,4.4136,4.471,4.299,4.2995,805300,7.5
2013-05-23,4.299,4.471,4.299,4.3568,1274500,7.6
2013-05-24,4.3563,4.4136,4.299,4.4142,667100,7.7
2013-05-27,4.4136,4.8149,4.4136,4.7581,1705600,8.3
2013-05-28,4.7576,4.8149,4.5856,4.8155,957400,8.4
2013-05-29,4.8149,4.8722,4.5856,4.5862,1204600,8
2013-05-30,4.5856,4.8149,4.5856,4.7581,1049400,8.3
2013-05-31,4.8722,5.1015,4.7576,4.8728,1642500,8.5
2013-06-03,4.8722,5.1015,4.8149,4.9874,840800,8.7
2013-06-04,4.9868,4.9868,4.7002,4.8155,877700,8.4
2013-06-05,4.7576,4.8722,4.7002,4.8728,584300,8.5
2013-06-06,4.8149,4.8722,4.7002,4.8155,501000,8.4
2013-06-07,4.8149,4.9295,4.8149,4.8155,660000,8.4
2013-06-10,4.8722,4.8722,4.6429,4.7008,796200,8.2
2013-06-11,4.7002,4.8149,4.6429,4.7581,575000,8.3
2013-06-12,4.7002,4.7576,4.7002,4.7008,594900,8.2
2013-06-13,4.7576,4.8149,4.7002,4.8155,402500,8.4
2013-06-14,4.8149,4.8149,4.6429,4.7008,314200,8.2
2013-06-17,4.7002,4.7576,4.5283,4.5862,651600,8
2013-06-18,4.5856,4.5856,4.471,4.5288,262400,7.9
2013-06-19,4.5856,4.5856,4.471,4.4715,782400,7.8
2013-06-20,4.471,4.471,4.299,4.3568,357600,7.6
2013-06-21,4.299,4.471,4.2417,4.4142,436800,7.7
2013-06-24,4.4136,4.4136,4.299,4.3568,279600,7.6
2013-06-25,4.299,4.299,4.0697,4.1275,556300,7.2
2013-06-26,4.1844,4.2417,4.0697,4.1275,403100,7.2
2013-06-27,4.1844,4.299,4.1844,4.2995,294400,7.5
2013-06-28,4.299,4.299,4.1844,4.1849,336700,7.3
2013-07-01,4.1844,4.1844,4.0697,4.1275,228000,7.2
2013-07-02,4.127,4.2417,4.127,4.2422,266600,7.4
2013-07-03,4.2417,4.2417,4.127,4.1849,206100,7.3
2013-07-04,4.127,4.1844,4.127,4.1849,71500,7.3
2013-07-05,4.1844,4.1844,4.0697,4.1275,189000,7.2
2013-07-08,4.127,4.1844,4.0697,4.1275,93600,7.2
2013-07-09,4.127,4.1844,4.127,4.1275,150700,7.2
2013-07-10,4.1844,4.1844,4.127,4.1275,128400,7.2
2013-07-11,4.127,4.127,4.0697,4.1275,163000,7.2
2013-07-12,4.127,4.2417,4.127,4.2422,317100,7.4
2013-07-15,4.2417,4.299,4.1844,4.1849,138300,7.3
2013-07-16,4.1844,4.2417,4.127,4.1849,564700,7.3
2013-07-17,4.2417,4.4136,4.1844,4.4142,769800,7.7
2013-07-18,4.4136,4.471,4.2417,4.2422,257100,7.4
2013-07-19,3.8404,4.299,3.8404,4.2995,209200,7.5
2013-07-22,4.299,4.299,4.127,4.2422,215300,7.4
2013-07-23,4.1844,4.2417,4.127,4.1275,353500,7.2
2013-07-24,4.471,4.471,4.0697,4.1275,325000,7.2
2013-07-25,4.0124,4.127,3.9551,3.9556,264300,6.9
2013-07-26,4.0124,4.0697,3.8978,3.9556,307800,6.9
2013-07-29,4.0124,4.0124,3.8404,3.8409,130100,6.7
2013-07-30,3.8404,3.9551,3.8404,3.8982,124250,6.8
2013-07-31,3.8404,3.8978,3.8404,3.8409,181600,6.7
2013-08-01,3.8404,3.9551,3.7831,3.8982,224800,6.8
2013-08-02,3.8978,3.9551,3.8404,3.8409,137530,6.7
2013-08-05,3.8978,4.0697,3.8978,3.8982,423600,6.8
2013-08-06,3.9551,3.9551,3.8404,3.9556,219700,6.9
2013-08-07,3.9551,3.9551,3.8978,3.8982,233900,6.8
2013-08-08,3.9551,4.0124,3.8404,3.8409,333900,6.7
2013-08-09,3.8404,3.8978,3.7831,3.7836,171800,6.6
2013-08-12,3.7831,3.8404,3.7258,3.7836,188500,6.6
2013-08-13,3.4392,3.7831,3.4392,3.6689,203390,6.4
2013-08-14,3.6685,3.7258,3.5538,3.7263,230100,6.5
2013-08-15,3.7258,3.8404,3.7258,3.8409,282800,6.7
2013-08-16,3.7831,3.8404,3.7258,3.8409,363770,6.7
2013-08-19,3.8404,4.0124,3.8404,3.9556,441000,6.9
2013-08-20,4.0124,4.0124,3.8978,3.9556,325800,6.9
2013-08-21,3.8978,3.8978,3.7831,3.8982,257600,6.8
2013-08-22,3.8404,3.8978,3.7258,3.7836,345790,6.6
2013-08-23,3.7831,3.7831,3.6685,3.6689,219500,6.4
2013-08-26,3.6685,3.7258,3.6112,3.6689,195160,6.4
2013-08-27,3.6685,3.7258,3.6112,3.6116,179000,6.3
2013-08-28,3.6112,3.6112,3.4392,3.4969,313900,6.1
2013-08-29,3.5538,3.5538,3.4392,3.4396,194900,6
2013-08-30,3.4965,3.5538,3.4392,3.5543,216300,6.2
2013-09-03,3.4965,3.5538,3.4392,3.4969,222500,6.1
2013-09-04,3.4392,3.4392,3.3819,3.3823,177300,5.9
2013-09-05,3.4392,3.4392,3.3819,3.4396,288640,6
2013-09-06,3.4392,3.4392,3.3819,3.3823,216140,5.9
2013-09-09,3.3819,3.3819,3.2672,3.2676,148100,5.7
2013-09-10,3.2672,3.3246,3.2099,3.2676,387100,5.7
2013-09-11,3.2672,3.3246,3.1526,3.2676,447820,5.7
2013-09-12,3.2099,3.2672,3.2099,3.2676,128000,5.7
2013-09-13,3.2099,3.2672,3.2099,3.2103,81560,5.6
2013-09-16,3.2099,3.3246,3.1526,3.153,425300,5.5
2013-09-17,3.1526,3.2672,3.0953,3.153,346100,5.5
2013-09-18,3.2099,3.2099,2.9806,2.981,426300,5.2
2013-09-19,3.038,3.0953,3.038,3.0957,309200,5.4
2013-09-20,3.0953,3.0953,2.8087,3.0957,309800,5.4
2013-09-23,3.038,3.3246,3.038,3.325,581900,5.8
2013-09-24,3.2672,3.3819,3.1526,3.325,540200,5.8
2013-09-25,3.3246,3.5538,3.2672,3.4396,629710,6
2013-09-26,3.4392,3.4392,3.3246,3.3823,445340,5.9
2013-09-27,3.3819,3.4965,3.3246,3.3823,447020,5.9
2013-09-30,3.3819,3.4965,3.3819,3.4969,477100,6.1
2013-10-01,3.4965,3.6112,3.4392,3.4969,755700,6.1
2013-10-02,3.4965,3.6112,3.4965,3.5543,498800,6.2
2013-10-03,3.5538,3.6112,3.4965,3.4969,330450,6.1
2013-10-04,3.4965,3.5538,3.4392,3.4969,351330,6.1
2013-10-07,3.5538,3.6685,3.4965,3.6689,455500,6.4
2013-10-08,3.6112,3.6685,3.5538,3.6116,336300,6.3
2013-10-09,3.5538,3.6685,3.4965,3.5543,170220,6.2
2013-10-10,3.5538,3.6112,3.4392,3.4396,234160,6
2013-10-11,3.4965,3.4965,3.3819,3.4969,359200,6.1
2013-10-14,3.4392,3.4392,3.2672,3.2676,235620,5.7
2013-10-15,3.2672,3.3819,3.2672,3.3823,419250,5.9
2013-10-16,3.3819,3.4965,3.3246,3.4969,630720,6.1
2013-10-17,3.4965,3.6112,3.4965,3.5543,691220,6.2
2013-10-18,3.5538,3.6112,3.4965,3.6116,300500,6.3
2013-10-21,3.6112,3.9551,3.6112,3.8409,1603800,6.7
2013-10-22,3.8404,3.8404,3.6685,3.7263,872600,6.5
2013-10-23,3.7258,3.9551,3.7258,3.8982,1076900,6.8
2013-10-24,3.8404,3.8978,3.7831,3.8409,589990,6.7
2013-10-25,3.7831,3.8404,3.7258,3.7836,698200,6.6
2013-10-28,3.7831,3.8404,3.6685,3.7263,363630,6.5
2013-10-29,3.6685,3.7258,3.6685,3.7263,206700,6.5
2013-10-30,3.7258,3.8404,3.7258,3.7836,838370,6.6
2013-10-31,3.7831,3.8404,3.7258,3.8409,122930,6.7
2013-11-01,3.7831,3.8404,3.7831,3.7836,104400,6.6
2013-11-04,3.7831,4.0124,3.7831,3.9556,1141300,6.9
2013-11-05,3.9551,4.127,3.8978,4.1275,1240100,7.2
2013-11-06,4.0697,4.1844,4.0697,4.1849,428400,7.3
2013-11-07,4.127,4.2417,4.0124,4.0129,1090300,7
2013-11-08,4.0124,4.127,4.0124,4.1275,625580,7.2
2013-11-11,4.0697,4.3563,4.0697,4.3568,818540,7.6
2013-11-12,4.3563,4.3563,4.127,4.1849,1107700,7.3
2013-11-13,4.127,4.1844,4.0697,4.1275,821810,7.2
2013-11-14,4.127,4.1844,4.127,4.1849,465100,7.3
2013-11-15,4.127,4.127,4.0124,4.0702,915100,7.1
2013-11-18,4.0697,4.1844,4.0697,4.1275,888220,7.2
2013-11-19,4.127,4.2417,4.127,4.1275,761703,7.2
2013-11-20,4.127,4.299,4.127,4.2995,801147,7.5
2013-11-21,4.299,4.471,4.1844,4.2422,1889300,7.4
2013-11-22,4.1844,4.2417,4.0697,4.1849,1035240,7.3
2013-11-25,4.1844,4.2417,4.0697,4.1849,552400,7.3
2013-11-26,4.127,4.1844,4.0124,4.1849,707480,7.3
2013-11-27,4.1844,4.2417,4.127,4.1275,641727,7.2
2013-11-28,4.2417,4.2417,4.127,4.1849,433610,7.3
2013-11-29,4.1844,4.299,4.127,4.1849,975700,7.3
2013-12-02,4.1844,4.1844,4.127,4.1849,281780,7.3
2013-12-03,4.1844,4.299,4.127,4.1849,967700,7.3
2013-12-04,4.2417,4.5856,4.1844,4.5862,3971070,8
2013-12-05,4.5856,4.6429,4.471,4.5862,879660,8
2013-12-06,4.5856,4.5856,4.4136,4.4142,683510,7.7
2013-12-09,4.4136,4.5283,4.3563,4.3568,1682000,7.6
2013-12-10,4.299,4.471,4.299,4.4715,976800,7.8
2013-12-11,4.471,4.471,4.299,4.2995,872360,7.5
2013-12-12,4.3563,4.4136,4.2417,4.4142,565520,7.7
2013-12-13,4.3563,4.4136,4.299,4.4142,426900,7.7
2013-12-16,4.3563,4.5856,4.299,4.5862,802620,8
2013-12-17,4.5856,4.8722,4.5283,4.8155,2962050,8.4
2013-12-18,4.8722,4.9295,4.7576,4.8728,1470320,8.5
2013-12-19,4.8722,5.0442,4.8722,4.9874,2088670,8.7
2013-12-20,4.9868,5.0442,4.8722,4.8728,2099400,8.5
2013-12-23,4.8149,4.9868,4.8149,4.9301,680610,8.6
2013-12-24,4.8149,4.9868,4.8149,4.8728,1006620,8.5
2013-12-25,4.8722,4.9868,4.8149,4.8728,700400,8.5
2013-12-26,4.8722,4.9295,4.7576,4.7581,714360,8.3
2013-12-27,4.7576,4.8722,4.7002,4.7008,826000,8.2
2013-12-30,4.7002,4.7576,4.3563,4.4715,1188400,7.8
2013-12-31,4.471,4.5856,4.4136,4.5288,565890,7.9
2014-01-02,4.5856,4.7576,4.5856,4.7008,738970,8.2
2014-01-03,4.7002,4.7576,4.6429,4.7008,218800,8.2
2014-01-06,4.6429,4.9295,4.6429,4.8728,1146620,8.5
2014-01-07,4.9868,4.9868,4.8149,4.8728,855510,8.5
2014-01-08,4.8149,4.8722,4.7576,4.8155,431760,8.4
2014-01-09,4.8149,4.9295,4.8149,4.8728,888500,8.5
2014-01-10,4.9295,4.9868,4.8149,4.8728,541600,8.5
2014-01-13,4.8722,4.9295,4.7576,4.8728,507220,8.5
2014-01-14,4.8149,4.8722,4.7576,4.8155,601500,8.4
2014-01-15,4.8722,4.9295,4.7576,4.7581,958470,8.3
2014-01-16,4.7576,4.7576,4.5856,4.7581,1361500,8.3
2014-01-17,4.6429,4.7576,4.6429,4.6435,808950,8.1
2014-01-20,4.6429,4.6429,4.471,4.4715,654100,7.8
2014-01-21,4.471,4.6429,4.471,4.5862,344400,8
2014-01-22,4.5856,4.6429,4.4136,4.4715,677200,7.8
2014-01-23,4.471,4.5856,4.4136,4.5288,317100,7.9
2014-01-24,4.5856,4.5856,4.471,4.5862,254500,8
2014-01-27,4.5856,4.8149,4.5283,4.7581,1218380,8.3
2014-02-06,4.7576,4.8722,4.7576,4.8728,597200,8.5
2014-02-07,4.9295,4.9295,4.7002,4.7581,580200,8.3
2014-02-10,4.7576,4.8722,4.7576,4.8728,751800,8.5
2014-02-11,4.8722,5.3308,4.8722,4.9874,4245940,8.7
2014-02-12,4.9868,5.2734,4.9868,5.2741,1432360,9.2
2014-02-13,5.3308,5.3881,5.2161,5.3887,1656720,9.4
2014-02-14,5.3881,5.56,5.2161,5.4461,2748440,9.5
2014-02-17,5.4454,5.5027,5.1588,5.3314,3345330,9.3
2014-02-18,5.2734,5.732,5.2734,5.618,2736020,9.8
2014-02-19,5.6747,5.8466,5.56,5.8473,1936680,10.2
2014-02-20,5.8466,5.8466,5.2734,5.3314,3214990,9.3
2014-02-21,5.2734,5.3308,5.1015,5.2168,1386174,9.1
2014-02-24,5.2734,5.6747,5.2734,5.618,2249041,9.8
2014-02-25,5.6174,6.1332,5.6174,6.134,4082380,10.7
2014-02-26,6.1332,6.4198,6.0186,6.4206,3202892,11.2
2014-02-27,6.4198,6.4772,6.0759,6.0767,2807639,10.6
2014-02-28,6.0186,6.1906,5.904,6.1913,2222785,10.8
2014-03-03,6.1906,6.1906,5.6747,5.6754,2345220,9.9
2014-03-04,5.4454,5.904,5.4454,5.9047,1453850,10.3
2014-03-05,5.9613,6.0186,5.7893,5.962,1299950,10.4
2014-03-06,5.9613,6.5345,5.904,6.4779,4826730,11.3
2014-03-07,6.4772,6.7638,6.4198,6.5353,2116170,11.4
2014-03-10,6.7064,6.7638,6.5918,6.7073,1857419,11.7
2014-03-11,6.0759,6.7638,6.0759,6.7073,3064010,11.7
2014-03-12,7.337,7.337,6.7064,6.8792,3914274,12
2014-03-13,7.4516,7.4516,6.7638,6.9939,1419600,12.2
2014-03-14,7.6809,7.6809,6.7638,6.7646,1918070,11.8
2014-03-17,6.8211,6.993,6.7064,6.8792,2218020,12
2014-03-18,6.8211,7.1077,6.8211,6.9366,2450775,12.1
2014-03-19,6.9357,7.0504,6.8211,7.0512,1388590,12.3
2014-03-20,6.993,7.2796,6.9357,7.0512,1716404,12.3
2014-03-21,6.993,7.2223,6.8784,7.1659,2016260,12.5
2014-03-24,7.1077,7.5662,7.1077,7.4525,2696110,13
2014-03-25,7.5662,7.8528,7.2796,7.3952,3535513,12.9
2014-03-26,7.3943,8.0248,7.2796,7.7965,4504821,13.6
2014-03-27,7.7955,7.8528,7.4516,7.6818,2117255,13.4
2014-03-28,7.7955,8.0821,7.6809,7.8538,3267863,13.7
2014-03-31,7.7955,7.8528,7.6236,7.6818,1647010,13.4
2014-04-01,7.6809,7.6809,7.337,7.4525,3148110,13
2014-04-02,7.5089,7.5089,7.2223,7.3379,3003620,12.8
2014-04-03,7.4516,7.6809,7.4516,7.6818,944290,13.4
2014-04-04,7.6809,7.6809,7.5089,7.5672,806460,13.2
2014-04-07,7.5662,8.3114,7.5662,8.3124,2437010,14.5
2014-04-08,8.3114,8.3687,8.1394,8.1978,1417905,14.3
2014-04-10,8.2541,8.4834,8.1968,8.3124,1180750,14.5
2014-04-11,8.3114,8.3687,8.1394,8.3124,1491000,14.5
2014-04-14,8.3687,8.3687,7.9102,8.0258,1250598,14
2014-04-15,7.9675,8.0248,7.5662,7.5672,1717850,13.2
2014-04-16,7.337,7.5662,6.8784,7.2805,1929730,12.7
2014-04-17,7.337,7.4516,7.337,7.3379,956040,12.8
2014-04-18,7.3943,7.3943,6.7064,6.7073,853340,11.7
2014-04-21,6.3052,6.9357,6.3052,6.4779,1328730,11.3
2014-04-22,6.4772,7.1077,6.4772,7.1085,1144400,12.4
2014-04-23,7.1077,7.1077,6.7638,6.8219,491300,11.9
2014-04-24,6.8211,7.1077,6.8211,6.9366,621400,12.1
2014-04-25,6.9357,7.165,6.9357,6.9939,442600,12.2
2014-04-28,6.993,7.0504,6.8784,6.9366,460368,12.1
2014-04-29,6.7638,6.993,6.7638,6.9366,395500,12.1
2014-05-05,6.9357,6.9357,6.4198,6.4206,547000,11.2
2014-05-06,6.4198,6.4198,5.904,6.306,897048,11
2014-05-07,6.3052,6.4198,6.0759,6.1913,230100,10.8
2014-05-08,6.1332,6.1332,5.6174,5.618,965852,9.8
2014-05-09,5.3308,5.6174,5.1015,5.5034,1173945,9.6
2014-05-12,5.1588,5.5027,4.9868,4.9874,450600,8.7
2014-05-13,4.5856,4.9868,4.5283,4.7008,1113800,8.2
2014-05-14,4.5856,5.1588,4.5856,5.1594,979912,9
2014-05-15,5.3308,5.4454,4.6429,4.8728,1408804,8.5
2014-05-16,4.8149,5.3308,4.7002,5.3314,916800,9.3
2014-05-19,5.3308,5.6747,5.1588,5.5034,1401360,9.6
2014-05-20,5.3881,5.732,5.3308,5.7327,1743300,10
2014-05-21,5.4454,5.9613,5.4454,5.962,1268420,10.4
2014-05-22,5.904,5.9613,5.6174,5.618,1337300,9.8
2014-05-23,5.6174,5.732,5.6174,5.7327,888600,10
2014-05-26,5.6747,5.9613,5.6174,5.962,556900,10.4
2014-05-27,5.9613,6.5345,5.8466,6.4206,1908030,11.2
2014-05-28,6.8784,6.8784,6.1906,6.306,942112,11
2014-05-29,6.2479,6.4198,6.0759,6.0767,1235000,10.6
2014-05-30,6.0186,6.3625,5.9613,6.0767,2147500,10.6
2014-06-02,5.9613,6.3052,5.9613,6.134,1445100,10.7
2014-06-03,6.1332,6.1906,6.0186,6.134,644460,10.7
2014-06-04,6.1906,6.2479,5.7893,5.9047,774100,10.3
2014-06-05,5.732,6.0759,5.732,6.0193,676600,10.5
2014-06-06,5.9613,6.1906,5.9613,6.1913,507140,10.8
2014-06-09,6.2479,6.5345,6.1906,6.306,2905245,11
2014-06-10,6.1332,6.3052,6.0759,6.134,676345,10.7
2014-06-11,6.1906,6.3052,6.1906,6.2486,828710,10.9
2014-06-12,6.2479,6.5345,6.2479,6.306,1838580,11
2014-06-13,6.4772,6.6491,6.3625,6.6499,1920510,11.6
2014-06-16,6.7638,6.7638,6.5345,6.5926,978301,11.5
2014-06-17,6.5345,6.7638,6.4772,6.7073,1339700,11.7
2014-06-18,6.7064,6.8211,6.5918,6.6499,1417930,11.6
2014-06-19,6.4772,6.5345,6.1906,6.4779,1848500,11.3
2014-06-20,6.4198,6.5918,6.3052,6.3633,644100,11.1
2014-06-23,6.3625,6.4198,6.2479,6.3633,440900,11.1
2014-06-24,5.732,6.4198,5.732,6.4206,436700,11.2
2014-06-25,6.4772,6.5918,6.3625,6.5353,688940,11.4
2014-06-26,6.5918,6.6491,6.4772,6.5353,755860,11.4
2014-06-27,6.5345,6.5345,6.4198,6.5353,410700,11.4
2014-06-30,6.4772,6.5345,6.4198,6.4206,1196990,11.2
2014-07-01,6.4772,6.5345,6.4198,6.4779,937400,11.3
2014-07-02,5.8466,6.6491,5.8466,6.5926,802900,11.5
2014-07-03,6.4772,6.7064,6.1906,6.6499,1322554,11.6
2014-07-04,6.6491,6.993,6.6491,6.9939,2182510,12.2
2014-07-07,6.9357,6.993,6.7638,6.8219,1069700,11.9
2014-07-08,6.8211,6.993,6.7064,6.9939,1104010,12.2
2014-07-09,7.0504,7.0504,6.8784,6.8792,797730,12
2014-07-10,6.8784,6.8784,6.5918,6.6499,1404000,11.6
2014-07-11,6.6491,6.6491,6.5345,6.6499,825440,11.6
2014-07-14,6.6491,6.7064,6.5918,6.6499,601410,11.6
2014-07-15,6.0186,6.8211,6.0186,6.7646,846030,11.8
2014-07-16,6.9357,6.993,6.7064,6.7073,1045096,11.7
2014-07-17,6.7638,6.7638,6.6491,6.7646,622615,11.8
2014-07-18,6.7064,6.7638,6.6491,6.7073,1005590,11.7
2014-07-21,6.7638,6.7638,6.4772,6.5353,591310,11.4
2014-07-22,6.5918,6.5918,6.3052,6.3633,804780,11.1
2014-07-23,6.4198,6.4772,6.3052,6.4206,636300,11.2
2014-07-24,6.4198,6.4772,6.3625,6.4206,437900,11.2
2014-07-25,6.4198,6.4198,6.1906,6.1913,588654,10.8
2014-07-28,6.1332,6.1332,5.7893,5.8473,1474600,10.2
2014-07-29,5.8466,5.9613,5.7893,5.9047,462900,10.3
2014-07-30,5.9613,5.9613,5.7893,5.9047,213600,10.3
2014-07-31,5.8466,6.0759,5.8466,6.0193,551900,10.5
2014-08-01,5.9613,6.0186,5.904,5.9047,269010,10.3
2014-08-04,5.904,5.9613,5.8466,5.962,220044,10.4
2014-08-05,5.3881,6.1906,5.3881,6.1913,1136600,10.8
2014-08-06,6.3052,6.3052,6.1332,6.1913,692000,10.8
2014-08-07,6.1332,6.3052,6.1332,6.306,525600,11
2014-08-08,6.3625,6.5345,6.3625,6.3633,1413504,11.1
2014-08-11,6.3625,6.3625,6.1906,6.2486,467500,10.9
2014-08-12,6.2479,6.3052,6.2479,6.306,508216,11
2014-08-13,6.3052,6.4198,6.2479,6.4206,746707,11.2
2014-08-14,6.4772,6.5345,6.3625,6.3633,747770,11.1
2014-08-15,6.3625,6.4198,6.3052,6.3633,825887,11.1
2014-08-18,6.3625,6.4772,6.3052,6.4779,1051600,11.3
2014-08-19,6.4772,6.5345,6.3625,6.4206,775183,11.2
2014-08-20,6.4198,6.4772,6.3625,6.4779,573400,11.3
2014-08-21,6.4198,6.4772,6.3052,6.3633,925704,11.1
2014-08-22,6.3625,6.5918,6.3052,6.4206,1455915,11.2
2014-08-25,6.5345,6.6491,6.4772,6.4779,1455770,11.3
2014-08-26,6.5918,6.5918,6.4198,6.4779,954110,11.3
2014-08-27,6.4772,6.5345,6.3625,6.4206,1078200,11.2
2014-08-28,6.4198,6.8211,6.3625,6.7646,2562425,11.8
2014-08-29,6.8211,6.8211,6.6491,6.8219,1367220,11.9
2014-09-03,6.8784,7.165,6.8211,6.9939,2108490,12.2
2014-09-04,6.9357,7.2796,6.9357,7.1659,2577970,12.5
2014-09-05,7.165,7.2796,7.1077,7.2805,1076755,12.7
2014-09-08,7.2796,7.337,7.0504,7.1659,1728250,12.5
2014-09-09,7.0504,7.165,6.4772,6.4779,2877500,11.3
2014-09-10,6.5918,6.7064,6.3625,6.7073,1584400,11.7
2014-09-11,6.7064,6.7638,6.5918,6.6499,866581,11.6
2014-09-12,6.7064,6.8211,6.5918,6.8219,738460,11.9
2014-09-15,6.8211,6.8211,6.5918,6.5926,1168010,11.5
2014-09-16,6.5918,6.6491,6.4198,6.6499,1311580,11.6
2014-09-17,6.6491,6.8784,6.5918,6.7073,1278440,11.7
2014-09-18,6.7638,6.8211,6.4772,6.4779,1077254,11.3
2014-09-19,6.6491,6.6491,6.4772,6.5926,456500,11.5
2014-09-22,6.6491,6.6491,6.4772,6.4779,655200,11.3
2014-09-23,6.4772,6.6491,6.4198,6.4779,737206,11.3
2014-09-24,6.4772,6.6491,6.4772,6.5926,583460,11.5
2014-09-25,6.5918,6.6491,6.4772,6.6499,598100,11.6
2014-09-26,6.6491,6.7638,6.5345,6.5353,1018500,11.4
2014-09-29,6.6491,6.7064,6.5345,6.6499,415200,11.6
2014-09-30,6.7064,6.7064,6.5345,6.6499,430760,11.6
2014-10-01,6.7064,7.165,6.7064,6.9939,2810155,12.2
2014-10-02,6.993,7.0504,6.9357,6.9939,1447355,12.2
2014-10-03,6.993,7.1077,6.9357,6.9939,783095,12.2
2014-10-06,6.993,7.2223,6.993,7.1085,1430290,12.4
2014-10-07,7.165,7.2223,7.0504,7.1659,1248684,12.5
2014-10-08,7.165,7.165,6.9357,6.9939,1150400,12.2
2014-10-09,7.0504,7.1077,6.8784,6.8792,953300,12
2014-10-10,6.8211,6.8784,6.7064,6.7073,982500,11.7
2014-10-13,6.8211,6.8211,6.6491,6.7646,521600,11.8
2014-10-14,6.7638,6.8211,6.5345,6.5353,802600,11.4
2014-10-15,6.5345,6.5918,6.4198,6.5353,691200,11.4
2014-10-16,6.4772,6.4772,6.1332,6.1913,1224280,10.8
2014-10-17,6.1906,6.3625,6.0759,6.3633,648210,11.1
2014-10-20,6.4198,6.4772,6.3052,6.306,381700,11
2014-10-21,6.3052,6.4772,6.2479,6.3633,567430,11.1
2014-10-22,6.3625,6.4772,6.3625,6.4206,281100,11.2
2014-10-23,6.4772,6.4772,6.1906,6.2486,431200,10.9
2014-10-24,6.1906,6.3052,6.1906,6.1913,367300,10.8
2014-10-27,6.1906,6.1906,5.732,5.7327,558980,10
2014-10-28,5.732,5.9613,5.6747,5.962,727230,10.4
2014-10-29,6.0186,6.1906,5.9613,6.1913,532700,10.8
2014-10-30,6.1906,6.1906,6.0759,6.134,489100,10.7
2014-10-31,6.0759,6.3625,6.0759,6.3633,662200,11.1
2014-11-03,6.4198,6.4772,6.3625,6.4206,459534,11.2
2014-11-04,6.3625,6.4198,6.3625,6.3633,366760,11.1
2014-11-05,6.3625,6.3625,6.1906,6.3633,795800,11.1
2014-11-06,6.3625,6.7638,6.3625,6.7073,3074991,11.7
2014-11-07,6.7064,7.2796,6.7064,7.1659,3088680,12.5
2014-11-10,7.165,7.5089,7.165,7.4525,2547540,13
2014-11-11,7.337,7.6236,7.337,7.4525,1946200,13
2014-11-12,7.4516,8.0248,7.4516,7.9684,3185270,13.9
2014-11-13,7.9675,8.0821,7.7382,7.8538,2683451,13.7
2014-11-14,7.8528,8.426,7.7382,8.3124,3617710,14.5
2014-11-17,8.3114,8.598,8.2541,8.3697,2770470,14.6
2014-11-18,8.3687,8.598,8.0821,8.0831,3820460,14.1
2014-11-19,8.0821,8.0821,7.6809,7.7965,2558375,13.6
2014-11-20,7.7955,8.2541,7.7955,8.2551,2224145,14.4
2014-11-21,8.3114,8.3114,7.7955,7.7965,2525390,13.6
2014-11-24,7.7955,8.0248,7.5089,7.9684,2103500,13.9
2014-11-25,7.9102,8.7126,7.9102,8.7137,3524259,15.2
2014-11-26,8.8846,9.1712,8.426,8.771,4075574,15.3
2014-11-27,8.8273,9.3432,8.4834,9.3443,2876935,16.3
2014-11-28,9.4005,9.5724,8.9419,8.943,2367660,15.6
2014-12-01,8.8846,9.2285,8.7126,8.771,1958110,15.3
2014-12-02,8.77,8.9992,8.6553,8.8284,1014042,15.4
2014-12-03,8.77,8.9992,8.7126,8.7137,959300,15.2
2014-12-04,8.7126,8.9992,8.7126,8.8284,1261680,15.4
2014-12-05,8.77,8.9992,8.7126,8.771,853000,15.3
2014-12-08,8.77,8.8273,8.1968,8.1978,1403770,14.3
2014-12-09,8.3114,8.3114,7.4516,7.6245,2936540,13.3
2014-12-10,7.6236,8.3687,7.6236,8.3697,2020860,14.6
2014-12-11,8.4834,8.77,8.1394,8.3697,1458571,14.6
2014-12-12,8.3114,8.598,8.1968,8.4271,655900,14.7
2014-12-15,8.3687,8.4834,8.1394,8.1404,1296080,14.2
2014-12-16,8.1394,8.1394,7.8528,7.9111,2330460,13.8
2014-12-17,7.9102,8.0821,7.3943,7.7965,2294615,13.6
2014-12-18,7.9102,8.1394,7.7382,7.9111,1130160,13.8
2014-12-19,7.9102,7.9102,7.5662,7.6245,839733,13.3
2014-12-22,7.6809,7.7955,7.6236,7.7391,605130,13.5
2014-12-23,7.6809,7.7955,7.5662,7.6818,809700,13.4
2014-12-24,7.7382,7.9675,7.6809,7.7965,1068000,13.6
2014-12-25,7.7955,7.7955,7.6236,7.6245,494600,13.3
2014-12-26,7.6236,7.6809,7.2796,7.3379,937500,12.8
2014-12-29,7.337,7.5089,7.0504,7.2232,2152400,12.6
2014-12-30,7.337,7.6809,7.165,7.6818,1052980,13.4
2014-12-31,7.6809,8.2541,7.6809,8.1404,1416200,14.2
2015-01-05,8.1394,8.2541,7.9102,7.9111,1238310,13.8
2015-01-06,7.8528,8.3687,7.6809,8.3697,2315780,14.6
2015-01-07,8.3687,8.7126,8.3687,8.4844,1903170,14.8
2015-01-08,8.4834,8.4834,8.1968,8.3124,1268910,14.5
2015-01-09,7.5089,8.77,7.5089,8.7137,2051950,15.2
2015-01-12,8.77,8.8846,8.598,8.8284,1859670,15.4
2015-01-13,8.8273,9.4005,8.598,8.7137,3391760,15.2
2015-01-14,8.5407,8.8273,8.3687,8.599,2343515,15
2015-01-15,8.598,8.8273,8.5407,8.5417,1212700,14.9
2015-01-16,8.598,8.6553,8.426,8.4271,1436172,14.7
2015-01-19,8.426,8.5407,8.1968,8.3124,933700,14.5
2015-01-20,8.1968,8.4834,8.1968,8.3697,786000,14.6
2015-01-21,8.3687,8.426,8.2541,8.2551,634140,14.4
2015-01-22,8.2541,8.5407,8.1968,8.5417,920230,14.9
2015-01-23,8.5407,8.77,8.5407,8.7137,2094740,15.2
2015-01-26,8.7126,8.9419,8.7126,8.771,859350,15.3
2015-01-27,8.7126,8.77,8.3687,8.4271,1207339,14.7
2015-01-28,8.426,8.5407,8.1394,8.1404,1966132,14.2
2015-01-29,8.1394,8.3114,8.0821,8.1978,873551,14.3
2015-01-30,8.1968,8.1968,7.7382,7.9111,2187320,13.8
2015-02-02,7.8528,8.0248,7.7382,7.7391,558700,13.5
2015-02-03,7.7382,7.8528,7.5662,7.5672,798440,13.2
2015-02-04,7.5662,7.6809,7.5089,7.6245,479120,13.3
2015-02-05,7.6236,7.7955,7.5662,7.7391,474233,13.5
2015-02-06,7.7382,7.8528,7.7382,7.7965,442610,13.6
2015-02-09,7.8528,7.8528,7.5662,7.5672,343600,13.2
2015-02-10,7.5662,7.6809,7.5089,7.5098,605540,13.1
2015-02-11,7.6236,8.0248,7.5662,8.0258,700900,14
2015-02-12,8.3114,8.3114,8.0248,8.1978,1035223,14.3
2015-02-13,8.2541,8.3114,8.1968,8.2551,1004600,14.4
2015-02-24,8.426,8.8846,8.426,8.4271,1091920,14.7
2015-02-25,8.4834,8.6553,8.4834,8.4844,2647430,14.8
2015-02-26,8.4834,8.5407,8.3687,8.4844,826520,14.8
2015-02-27,7.6809,8.6553,7.6809,8.4271,1099320,14.7
2015-03-02,8.426,8.426,8.2541,8.3124,397590,14.5
2015-03-03,8.3114,8.6553,8.3114,8.599,1619310,15
2015-03-04,8.6553,9.0566,8.6553,9.0003,3563800,15.7
2015-03-05,9.1139,9.4578,9.1139,9.4589,3741341,16.5
2015-03-06,9.4005,9.6871,9.2285,9.4589,1678341,16.5
2015-03-09,9.4005,9.4005,9.1712,9.2296,1514830,16.1
2015-03-10,9.1712,9.4005,9.1139,9.287,1221160,16.2
2015-03-11,9.2858,9.3432,9.1712,9.1723,962790,16
2015-03-12,9.1712,9.2285,8.9992,9.2296,1427440,16.1
2015-03-13,9.2858,9.4578,9.2285,9.287,770550,16.2
2015-03-16,9.2285,9.3432,9.1712,9.2296,944945,16.1
2015-03-17,9.2858,9.4005,9.2285,9.3443,960620,16.3
2015-03-18,9.3432,9.7444,9.3432,9.6309,3137300,16.8
2015-03-19,9.6871,9.6871,9.4578,9.5163,930420,16.6
2015-03-20,9.4578,9.6871,9.4578,9.5736,1593525,16.7
2015-03-23,9.6298,9.6298,9.2285,9.287,1334410,16.2
2015-03-24,9.2285,9.2285,9.0566,9.2296,1590110,16.1
2015-03-25,9.2858,9.3432,9.1139,9.2296,744710,16.1
2015-03-26,9.2285,9.3432,9.2285,9.2296,482640,16.1
2015-03-27,9.2285,9.4005,9.1139,9.1723,1007230,16
2015-03-30,9.1712,9.1712,8.6553,8.6564,1357010,15.1
2015-03-31,8.598,8.8846,8.598,8.8857,900120,15.5
2015-04-01,8.77,8.8273,8.5407,8.599,896800,15
2015-04-02,8.5407,8.8846,8.5407,8.8857,665710,15.5
2015-04-03,8.9992,8.9992,8.77,8.8284,310700,15.4
2015-04-06,8.9419,8.9992,8.8273,8.8857,892900,15.5
2015-04-07,8.8846,9.0566,8.8273,9.0577,609710,15.8
2015-04-08,9.0566,9.0566,8.7126,8.8857,624870,15.5
2015-04-09,8.9419,8.9992,8.8846,8.8857,734780,15.5
2015-04-10,8.9992,9.1139,8.8846,8.8857,1152890,15.5
2015-04-13,8.9419,9.0566,8.8273,8.8857,1027440,15.5
2015-04-14,8.8273,8.8846,8.6553,8.7137,777840,15.2
2015-04-15,8.7126,8.8846,8.598,8.8284,1177050,15.4
2015-04-16,8.8846,9.2858,8.8273,9.115,2530670,15.9
2015-04-17,9.1139,9.1712,8.9992,9.0003,780030,15.7
2015-04-20,8.9992,8.9992,8.8846,8.943,659910,15.6
2015-04-21,8.9419,9.1712,8.8846,8.943,1531020,15.6
2015-04-22,8.9419,8.9992,8.8846,8.943,456740,15.6
2015-04-23,8.9992,8.9992,8.77,8.8284,1344920,15.4
2015-04-24,8.8846,8.9419,8.8273,8.8857,808860,15.5
2015-04-27,8.8846,8.8846,8.6553,8.7137,698100,15.2
2015-05-04,8.7126,8.77,8.0821,8.1404,1757910,14.2
2015-05-05,8.1394,8.2541,7.8528,8.2551,1035180,14.4
2015-05-06,8.3114,8.3114,7.9102,7.9684,885700,13.9
2015-05-07,7.9675,8.3114,7.8528,8.2551,1195800,14.4
2015-05-08,8.2541,8.3114,8.1968,8.2551,749140,14.4
2015-05-11,8.2541,8.2541,8.0821,8.2551,262100,14.4
2015-05-12,8.1968,8.1968,7.9675,8.0258,1090650,14
2015-05-13,8.0248,8.0821,7.9102,7.9111,451920,13.8
2015-05-14,7.9102,8.0248,7.9102,7.9684,534000,13.9
2015-05-15,7.2223,7.9675,7.2223,7.7391,773100,13.5
2015-05-18,7.6809,7.7382,7.337,7.3379,1053640,12.8
2015-05-19,7.337,7.7955,7.337,7.7965,1551260,13.6
2015-05-20,7.0504,8.1968,7.0504,8.0831,1539410,14.1
2015-05-21,8.3114,8.8846,7.8528,8.0258,799810,14
2015-05-22,7.9102,8.0248,7.8528,7.8538,798840,13.7
2015-05-25,7.8528,8.0248,7.8528,8.0258,890300,14
2015-05-26,8.1394,8.1394,7.8528,7.8538,1249190,13.7
2015-05-27,7.8528,7.9675,7.8528,7.8538,946850,13.7
2015-05-28,7.8528,8.1968,7.8528,7.9684,2418600,13.9
2015-05-29,8.0248,8.0248,7.8528,7.8538,932400,13.7
2015-06-01,7.9102,7.9102,7.7955,7.9111,1089610,13.8
2015-06-02,7.9102,7.9102,7.7382,7.7391,1673500,13.5
2015-06-03,7.7382,7.9102,7.7382,7.8538,1022700,13.7
2015-06-04,7.8528,8.1394,7.7955,8.0258,2154920,14
2015-06-05,8.0248,8.1394,7.9675,8.1404,1643720,14.2
2015-06-08,8.0821,8.2541,8.0821,8.0831,1794812,14.1
2015-06-09,8.0248,8.0821,7.7955,7.8538,2466811,13.7
2015-06-10,8.6028,8.6028,7.8966,8.0254,1223400,12.5
2015-06-11,8.025,8.4102,8.025,8.2822,1547740,12.9
2015-06-12,8.346,8.4102,8.1534,8.1538,1031850,12.7
2015-06-15,7.383,8.346,7.383,8.218,1009460,12.8
2015-06-16,8.346,8.5386,8.2176,8.2822,2791310,12.9
2015-06-17,8.2818,8.346,8.1534,8.1538,968330,12.7
2015-06-18,8.2818,8.2818,8.025,8.0254,1312200,12.5
2015-06-19,7.2546,8.1534,7.2546,7.7044,1846600,12
2015-06-22,7.704,7.9608,7.383,7.9612,496580,12.4
2015-06-23,7.5756,8.1534,7.5756,7.9612,427141,12.4
2015-06-24,7.9608,8.025,7.8324,7.8328,704000,12.2
2015-06-25,7.8324,7.9608,7.704,7.7686,1102809,12.1
2015-06-26,7.8324,7.9608,7.7682,7.7686,1103513,12.1
2015-06-29,7.7682,7.7682,7.6398,7.6402,589500,11.9
2015-06-30,7.6398,7.7682,7.5114,7.5118,1177530,11.7
2015-07-01,7.5114,7.5756,7.383,7.5118,1147700,11.7
2015-07-02,7.5114,7.7682,7.5114,7.7044,1002500,12
2015-07-03,7.7682,7.8324,7.6398,7.6402,780320,11.9
2015-07-06,7.6398,7.7682,7.5756,7.6402,951606,11.9
2015-07-07,7.704,7.704,7.5756,7.6402,960420,11.9
2015-07-08,7.704,7.704,7.4472,7.5118,884900,11.7
2015-07-09,7.4472,7.5114,7.4472,7.5118,629130,11.7
2015-07-10,7.5756,7.6398,7.4472,7.5118,864320,11.7
2015-07-13,7.5114,7.8324,7.5114,7.7686,1388548,12.1
2015-07-14,7.7682,7.8324,7.6398,7.6402,752520,11.9
2015-07-15,7.6398,7.6398,7.5114,7.5118,664300,11.7
2015-07-16,7.5114,7.5756,7.383,7.4476,566172,11.6
2015-07-17,7.4472,7.704,7.4472,7.576,704632,11.8
2015-07-20,7.5756,7.5756,7.383,7.5118,583049,11.7
2015-07-21,7.5114,7.5114,7.383,7.3834,402671,11.5
2015-07-22,7.383,7.4472,7.3188,7.3834,657722,11.5
2015-07-23,7.4472,7.5114,7.383,7.3834,499131,11.5
2015-07-24,7.383,7.4472,7.1904,7.3192,845442,11.4
2015-07-27,7.3188,7.5114,7.1904,7.3192,422164,11.4
2015-07-28,7.2546,7.5114,7.2546,7.3192,1088744,11.4
2015-07-29,7.383,7.7682,7.383,7.6402,2309204,11.9
2015-07-30,7.6398,7.704,7.5756,7.576,618600,11.8
2015-07-31,7.5756,7.704,7.4472,7.4476,567168,11.6
2015-08-03,7.4472,7.4472,7.1904,7.3192,852703,11.4
2015-08-04,6.6126,7.383,6.6126,7.255,592078,11.3
2015-08-05,6.5484,7.4472,6.5484,7.4476,484764,11.6
2015-08-06,7.4472,7.4472,7.383,7.3834,638352,11.5
2015-08-07,7.383,7.4472,7.3188,7.3834,560232,11.5
2015-08-10,7.3188,7.383,7.062,7.3192,882683,11.4
2015-08-11,7.3188,7.383,7.2546,7.3192,444330,11.4
2015-08-12,6.741,7.3188,6.741,7.1907,857982,11.2
2015-08-13,7.1904,7.1904,6.9336,6.9981,999966,10.9
2015-08-14,6.9978,6.9978,6.6768,6.8697,545949,10.7
2015-08-17,6.8052,7.062,6.741,6.9339,558198,10.8
2015-08-18,6.9336,6.9978,6.8052,6.8697,243500,10.7
2015-08-19,6.9978,6.9978,6.6768,6.8055,452760,10.6
2015-08-20,6.741,6.8052,6.5484,6.5487,363546,10.2
2015-08-21,6.5484,6.5484,5.9706,6.2919,1813170,9.8
2015-08-24,6.1632,6.1632,5.7138,5.7141,2195018,8.9
2015-08-25,5.2002,5.8422,5.2002,5.7141,712670,8.9
2015-08-26,5.7138,6.2274,5.5854,6.2277,942770,9.7
2015-08-27,6.3558,6.4842,6.2916,6.2919,1174050,9.8
2015-08-28,6.2916,6.42,6.2916,6.4203,491397,10
2015-08-31,6.42,6.42,6.1632,6.2277,390564,9.7
2015-09-01,6.2274,6.5484,6.099,6.3561,945349,9.9
2015-09-03,6.3558,6.42,6.1632,6.1635,366810,9.6
2015-09-04,6.2274,6.2916,6.099,6.0993,260210,9.5
2015-09-07,6.099,6.1632,6.0348,6.0351,206387,9.4
2015-09-08,5.9706,6.2274,5.9706,6.2277,269052,9.7
2015-09-09,6.3558,6.3558,6.1632,6.1635,413348,9.6
2015-09-10,6.1632,6.2274,6.099,6.0993,322580,9.5
2015-09-11,6.1632,6.5484,6.1632,6.3561,1116887,9.9
2015-09-14,6.3558,6.6126,6.3558,6.4845,1030050,10.1
2015-09-15,7.1262,7.1262,6.42,6.4203,497190,10
2015-09-16,7.062,7.062,6.4842,6.6771,1242772,10.4
2015-09-17,6.741,6.8694,6.6768,6.8055,801510,10.6
2015-09-18,6.9336,7.062,6.8694,7.0623,1361170,11
2015-09-21,7.062,7.1262,6.9336,7.1265,715110,11.1
2015-09-22,7.062,7.3188,7.062,7.1907,1023254,11.2
2015-09-23,7.1262,7.3188,7.1262,7.255,946312,11.3
2015-09-24,7.2546,7.2546,7.062,7.1265,1101348,11.1
2015-09-25,7.1262,7.1262,7.062,7.0623,733555,11
2015-09-28,7.062,7.062,6.8694,6.8697,1133900,10.7
2015-09-29,6.8052,6.9336,6.741,6.8697,868410,10.7
2015-09-30,6.8694,7.062,6.8694,6.9981,1091217,10.9
2015-10-01,7.062,7.062,6.8694,6.9339,433134,10.8
2015-10-02,6.9978,7.062,6.9336,6.9339,635262,10.8
2015-10-05,6.9336,7.3188,6.9336,7.255,1453590,11.3
2015-10-06,7.4472,7.5114,7.383,7.4476,1547672,11.6
2015-10-07,7.4472,7.5114,7.3188,7.3192,982401,11.4
2015-10-08,7.3188,7.5114,7.3188,7.4476,827404,11.6
2015-10-09,7.4472,7.4472,7.3188,7.3834,860562,11.5
2015-10-12,7.3188,7.383,7.3188,7.3192,732185,11.4
2015-10-13,7.3188,7.4472,7.2546,7.4476,744760,11.6
2015-10-14,7.383,7.4472,7.3188,7.3834,716410,11.5
2015-10-15,7.383,7.5756,7.3188,7.576,1218521,11.8
2015-10-16,7.5756,7.6398,7.4472,7.5118,1002000,11.7
2015-10-19,7.4472,7.4472,7.3188,7.3192,485432,11.4
2015-10-20,7.383,7.383,7.1904,7.1907,923806,11.2
2015-10-21,7.1904,7.3188,7.1262,7.1907,522238,11.2
2015-10-22,6.5484,7.1904,6.5484,7.1265,646593,11.1
2015-10-23,7.2546,7.4472,7.2546,7.3192,735560,11.4
2015-10-26,7.3188,7.383,7.1904,7.1907,443210,11.2
2015-10-27,7.062,7.2546,7.062,7.1265,367478,11.1
2015-10-28,7.1262,7.3188,7.1262,7.1907,255638,11.2
2015-10-29,7.2546,7.2546,7.1904,7.1907,274516,11.2
2015-10-30,7.2546,7.2546,7.1904,7.255,376570,11.3
2015-11-02,7.3188,7.3188,7.062,7.1265,370240,11.1
2015-11-03,7.1904,7.1904,7.062,7.1265,510792,11.1
2015-11-04,7.1904,7.5114,7.1904,7.3192,2356366,11.4
2015-11-05,7.3188,7.383,7.2546,7.3192,324200,11.4
2015-11-06,7.3188,7.3188,7.2546,7.255,521631,11.3
2015-11-09,7.2546,7.2546,7.1904,7.1907,487365,11.2
2015-11-10,7.1904,7.383,7.1262,7.255,1183194,11.3
2015-11-11,7.2546,7.3188,7.1904,7.1907,264616,11.2
2015-11-12,7.1262,7.2546,7.062,7.255,555707,11.3
2015-11-13,7.2546,7.3188,7.1262,7.3192,438758,11.4
2015-11-16,7.4472,7.8324,7.1904,7.1907,308850,11.2
2015-11-17,7.1262,7.383,7.1262,7.3192,1090544,11.4
2015-11-18,7.3188,7.3188,7.1904,7.1907,521612,11.2
2015-11-19,7.1904,7.2546,7.1904,7.1907,211630,11.2
2015-11-20,7.1904,7.5756,7.1904,7.3834,1739173,11.5
2015-11-23,7.4472,8.025,7.4472,7.9612,2700788,12.4
2015-11-24,8.025,8.0892,7.704,7.7686,1178104,12.1
2015-11-25,7.3188,8.1534,7.3188,8.0896,1750513,12.6
2015-11-26,8.1534,8.1534,7.704,7.7044,1153092,12
2015-11-27,7.704,7.8966,7.5114,7.576,1572108,11.8
2015-11-30,7.4472,7.6398,7.383,7.3834,1254730,11.5
2015-12-01,7.6398,7.6398,7.383,7.4476,439164,11.6
2015-12-02,7.3188,7.5756,7.3188,7.576,458850,11.8
2015-12-03,7.5756,7.5756,7.383,7.3834,801060,11.5
2015-12-04,7.383,7.4472,7.3188,7.3834,517300,11.5
2015-12-07,7.383,7.383,7.2546,7.3192,484644,11.4
2015-12-08,7.3188,7.383,7.1262,7.3834,801116,11.5
2015-12-09,7.383,7.4472,7.2546,7.255,476640,11.3
2015-12-10,7.2546,7.2546,7.1262,7.1907,583372,11.2
2015-12-11,7.1904,7.2546,7.062,7.1907,379410,11.2
2015-12-14,6.4842,7.1904,6.4842,6.9981,545919,10.9
2015-12-15,6.9978,7.1262,6.9978,7.1265,168491,11.1
2015-12-16,6.6768,7.383,6.6768,7.255,529840,11.3
2015-12-17,7.3188,7.383,7.2546,7.3192,413520,11.4
2015-12-18,7.2546,7.5756,7.1904,7.4476,1538355,11.6
2015-12-21,7.4472,7.4472,7.3188,7.3834,291290,11.5
2015-12-22,7.383,7.5114,7.3188,7.3192,644440,11.4
2015-12-23,6.6126,7.383,6.6126,7.1907,499208,11.2
2015-12-24,7.062,7.2546,7.062,7.255,421566,11.3
2015-12-25,7.3188,7.3188,7.1904,7.1907,610030,11.2
2015-12-28,7.1904,7.2546,7.062,7.0623,570298,11
2015-12-29,7.062,7.1904,6.9978,7.1907,827474,11.2
2015-12-30,7.7682,7.7682,7.1904,7.3192,1087131,11.4
2015-12-31,8.025,8.025,7.1904,7.255,613545,11.3
2016-01-04,7.5756,7.5756,7.1904,7.1907,727031,11.2
2016-01-05,7.8966,7.8966,7.1262,7.1265,833390,11.1
2016-01-06,7.2546,7.2546,7.1262,7.1907,422783,11.2
2016-01-07,7.8966,7.8966,6.8052,6.9981,1392960,10.9
2016-01-08,7.6398,7.6398,6.741,6.8055,986840,10.6
2016-01-11,6.741,6.8694,6.6768,6.7413,631244,10.5
2016-01-12,6.6768,6.9978,6.6768,6.9981,507000,10.9
2016-01-13,6.9978,6.9978,6.8052,6.8055,389940,10.6
2016-01-14,6.8052,6.8052,6.6768,6.7413,833150,10.5
2016-01-15,6.741,6.741,6.4842,6.4845,468868,10.1
2016-01-18,6.42,6.42,6.0348,6.2919,1286800,9.8
2016-01-19,6.2916,6.42,6.2274,6.3561,674600,9.9
2016-01-20,6.3558,6.42,6.2916,6.2919,258970,9.8
2016-01-21,6.2274,6.3558,6.1632,6.2919,432250,9.8
2016-01-22,6.2916,6.6768,6.2274,6.6771,948140,10.4
2016-01-25,6.8694,7.1262,6.8052,7.0623,1389300,11
2016-01-26,6.8694,6.9336,6.741,6.8055,476862,10.6
2016-01-27,6.8052,6.9336,6.8052,6.8697,245156,10.7
2016-01-28,6.9336,6.9978,6.8694,6.8697,457860,10.7
2016-01-29,6.8694,6.9336,6.8052,6.8697,218264,10.7
2016-02-01,6.9336,6.9978,6.741,6.7413,346015,10.5
2016-02-02,6.6768,6.8694,6.6768,6.6771,195718,10.4
2016-02-03,6.6768,6.8694,6.6126,6.8697,155170,10.7
2016-02-04,6.8694,6.9336,6.741,6.7413,218700,10.5
2016-02-05,6.741,6.741,6.6126,6.7413,454880,10.5
2016-02-15,7.383,7.383,6.741,6.9339,686964,10.8
2016-02-16,6.9336,7.062,6.9336,6.9339,656640,10.8
2016-02-17,6.9336,6.9336,6.42,6.7413,628100,10.5
2016-02-18,6.741,6.8052,6.6768,6.8055,650840,10.6
2016-02-19,6.741,6.9336,6.741,6.8055,530031,10.6
2016-02-22,6.8052,6.9336,6.741,6.8697,952431,10.7
2016-02-23,6.9978,6.9978,6.8052,6.8697,823846,10.7
2016-02-24,7.0751,7.2125,6.869,6.9383,510160,10.1
2016-02-25,6.9377,7.0064,6.8003,6.9383,713700,10.1
2016-02-26,6.2508,6.9377,6.2508,6.9383,194220,10.1
2016-02-29,6.9377,7.0064,6.869,6.9383,740798,10.1
2016-03-01,6.869,7.0064,6.869,6.9383,598212,10.1
2016-03-02,6.9377,6.9377,6.869,6.9383,399110,10.1
2016-03-03,6.9377,6.9377,6.869,6.8696,270135,10
2016-03-04,6.869,6.869,6.8003,6.8696,369020,10
2016-03-07,6.869,6.869,6.8003,6.8009,376265,9.9
2016-03-08,6.8003,7.0064,6.7316,7.007,1327913,10.2
2016-03-09,7.0064,7.0751,6.8003,7.007,890010,10.2
2016-03-10,6.9377,7.0064,6.869,6.9383,919404,10.1
2016-03-11,6.869,7.0064,6.869,6.9383,892728,10.1
2016-03-14,7.0064,7.0064,6.8003,6.8009,879500,9.9
2016-03-15,6.8003,6.869,6.8003,6.8696,1119043,10
2016-03-16,6.1821,6.9377,6.1821,6.8696,756281,10
2016-03-17,6.869,6.869,6.8003,6.8009,811460,9.9
2016-03-18,6.869,6.869,6.8003,6.8009,1008627,9.9
2016-03-21,6.8003,6.869,6.7316,6.7322,592726,9.8
2016-03-22,6.1134,6.8003,6.1134,6.7322,529100,9.8
2016-03-23,6.7316,6.8003,6.6629,6.8009,712725,9.9
2016-03-24,6.8003,6.8003,6.6629,6.6635,797200,9.7
2016-03-25,6.7316,6.7316,6.5942,6.7322,643044,9.8
2016-03-28,6.7316,6.869,6.7316,6.8696,751516,10
2016-03-29,6.869,6.9377,6.8003,6.8009,642180,9.9
2016-03-30,6.8003,6.9377,6.8003,6.8696,1205250,10
2016-03-31,6.9377,7.0064,6.8003,6.8009,708114,9.9
2016-04-01,6.8003,6.869,6.7316,6.8009,792428,9.9
2016-04-04,6.7316,6.8003,6.6629,6.8009,831620,9.9
2016-04-05,6.8003,6.8003,6.7316,6.7322,561660,9.8
2016-04-06,6.7316,6.8003,6.6629,6.8009,579000,9.9
2016-04-07,6.8003,6.869,6.6629,6.7322,696310,9.8
2016-04-08,6.6629,6.8003,6.6629,6.8009,642434,9.9
2016-04-11,6.8003,6.8003,6.7316,6.7322,529235,9.8
2016-04-12,6.7316,6.8003,6.6629,6.6635,603262,9.7
2016-04-13,6.6629,6.7316,6.5942,6.5948,410500,9.6
2016-04-14,6.6629,6.7316,6.6629,6.6635,452772,9.7
2016-04-15,6.6629,6.7316,6.5942,6.6635,451193,9.7
2016-04-19,6.6629,6.6629,6.4569,6.4574,720154,9.4
2016-04-20,6.4569,6.4569,6.3195,6.3887,864624,9.3
2016-04-21,6.4569,6.5256,6.3882,6.4574,572070,9.4
2016-04-22,6.5256,6.8003,6.5256,6.5948,1351041,9.6
2016-04-25,6.7316,6.7316,6.5942,6.7322,670146,9.8
2016-04-26,6.7316,6.7316,6.5942,6.6635,516267,9.7
2016-04-27,6.5942,6.6629,6.4569,6.4574,952499,9.4
2016-04-28,6.4569,6.5942,6.4569,6.4574,923060,9.4
2016-04-29,6.4569,6.5256,6.3882,6.4574,821176,9.4
2016-05-04,6.3882,6.3882,6.2508,6.3887,1036701,9.3
2016-05-05,6.3882,6.3882,6.1821,6.2513,675529,9.1
2016-05-06,6.2508,6.3195,6.1821,6.1826,770237,9
2016-05-09,6.2508,6.4569,6.2508,6.32,695100,9.2
2016-05-10,6.3195,6.3882,6.2508,6.2513,613000,9.1
2016-05-11,6.3882,6.3882,6.1821,6.32,633372,9.2
2016-05-12,6.3195,6.3195,6.1821,6.2513,486010,9.1
2016-05-13,6.2508,6.3195,6.1821,6.1826,651230,9
2016-05-16,6.3195,6.3195,6.1821,6.2513,421300,9.1
2016-05-17,6.3195,6.3195,6.1821,6.32,637561,9.2
2016-05-18,6.2508,6.3195,6.1821,6.2513,510034,9.1
2016-05-19,6.3195,6.3195,6.1821,6.1826,1004050,9
2016-05-20,6.1821,6.2508,6.1821,6.2513,462744,9.1
2016-05-23,6.2508,6.2508,6.1134,6.1139,595800,8.9
2016-05-24,6.2508,6.2508,6.1821,6.1826,294752,9
2016-05-25,6.2508,6.2508,6.1821,6.1826,461990,9
2016-05-26,6.2508,6.2508,6.0447,6.1139,677674,8.9
2016-05-27,6.1821,6.2508,6.1134,6.2513,450916,9.1
2016-05-30,6.1821,6.3195,6.1821,6.32,547740,9.2
2016-05-31,6.3195,6.3195,6.1821,6.32,600098,9.2
2016-06-01,6.2508,6.2508,6.1821,6.2513,417892,9.1
2016-06-02,6.2508,6.2508,6.1821,6.2513,504059,9.1
2016-06-03,6.2508,6.7316,6.1821,6.5261,1615404,9.5
2016-06-06,6.5942,6.5942,6.4569,6.5261,469580,9.5
2016-06-07,6.5256,6.5942,6.4569,6.5948,681468,9.6
2016-06-08,6.5942,6.5942,6.4569,6.5261,541020,9.5
2016-06-09,6.5256,6.869,6.4569,6.7322,1462330,9.8
2016-06-10,6.8003,6.8003,6.6629,6.7322,714930,9.8
2016-06-13,6.6629,6.6629,6.5256,6.5948,551100,9.6
2016-06-14,6.5942,6.5942,6.4569,6.5948,536500,9.6
2016-06-15,5.976,6.6629,5.976,6.6635,816750,9.7
2016-06-16,6.5942,6.6629,6.4569,6.5261,1190159,9.5
2016-06-17,6.5256,6.5942,6.4569,6.4574,827100,9.4
2016-06-20,6.5256,6.5942,6.4569,6.5261,689002,9.5
2016-06-21,6.5942,6.7316,6.5942,6.6635,606985,9.7
2016-06-22,6.6629,7.0751,6.6629,7.007,2805807,10.2
2016-06-23,7.0064,7.0751,6.9377,7.007,928488,10.2
2016-06-24,7.0064,7.0751,6.3195,6.5948,2825920,9.6
2016-06-27,6.6629,6.9377,6.4569,6.8696,1115894,10
2016-06-28,6.869,7.0064,6.8003,6.8696,683594,10
2016-06-29,6.869,7.0064,6.8003,6.9383,1437021,10.1
2016-06-30,6.9377,7.0751,6.6629,6.6635,1114559,9.7
2016-07-01,6.7316,7.0064,6.7316,6.8009,1230339,9.9
2016-07-04,7.4185,7.4185,6.8003,7.4191,2208280,10.8
2016-07-05,7.6933,7.8994,7.4872,7.4878,2598262,10.9
2016-07-06,7.5559,7.968,7.3498,7.9687,3749293,11.6
2016-07-07,8.0367,8.7236,8.0367,8.5183,5155718,12.4
2016-07-08,8.5863,8.7923,8.3115,8.5183,2987977,12.4
2016-07-11,8.5863,8.861,8.1054,8.1061,2826938,11.8
2016-07-12,8.1054,8.2428,7.762,8.2435,3404847,12
2016-07-13,8.2428,8.5176,8.1054,8.1748,2330372,11.9
2016-07-14,8.1741,8.3802,7.968,8.0374,2455093,11.7
2016-07-15,8.0367,8.0367,7.762,7.9687,1979309,11.6
2016-07-18,7.968,7.968,7.762,7.7626,2778280,11.3
2016-07-19,7.0064,8.1741,7.0064,7.9,1901420,11.5
2016-07-20,7.8994,7.8994,7.6933,7.7626,1056555,11.3
2016-07-21,7.4872,7.8307,7.4872,7.6252,1370177,11.1
2016-07-22,7.6933,7.6933,7.2125,7.4878,1909775,10.9
2016-07-25,7.4872,7.5559,7.3498,7.3505,591610,10.7
2016-07-26,7.3498,7.4872,7.2811,7.4878,1099831,10.9
2016-07-27,7.6384,7.7104,7.3501,7.351,847182,10.2
2016-07-28,7.3501,7.5663,7.206,7.4231,1316414,10.3
2016-07-29,7.4942,7.5663,7.4222,7.4951,766885,10.4
2016-08-01,7.4942,7.9266,7.4222,7.8555,1443672,10.9
2016-08-02,7.8545,7.8545,7.5663,7.6393,1914140,10.6
2016-08-03,7.6384,7.9987,7.6384,7.9996,2162639,11.1
2016-08-04,8.0707,8.2148,7.7825,7.7834,1882300,10.8
2016-08-05,7.7825,7.8545,7.4942,7.7834,1349750,10.8
2016-08-08,7.7825,7.9987,7.7825,7.8555,1770080,10.9
2016-08-09,7.9266,7.9266,7.7825,7.8555,1164971,10.9
2016-08-10,7.7825,8.1428,7.7825,8.1438,1953340,11.3
2016-08-11,8.1428,8.2148,7.9987,8.0717,1630053,11.2
2016-08-12,8.0707,8.359,7.9987,8.2879,3201365,11.5
2016-08-15,8.359,8.5751,8.2869,8.5762,2791783,11.9
2016-08-16,8.6472,8.6472,8.431,8.5762,2169754,11.9
2016-08-17,8.5751,8.5751,8.359,8.432,2069592,11.7
2016-08-18,8.431,8.431,7.9987,8.0717,2594362,11.2
2016-08-19,8.1428,8.2148,7.9987,7.9996,1205240,11.1
2016-08-22,7.9987,8.0707,7.7825,7.9275,1721498,11
2016-08-23,7.1339,8.1428,7.1339,7.9996,1322280,11.1
2016-08-24,7.9987,8.1428,7.8545,7.9275,1237758,11
2016-08-25,7.9266,8.0707,7.8545,7.9996,748946,11.1
2016-08-26,7.9987,8.359,7.9987,8.2879,1964153,11.5
2016-08-29,8.1428,8.359,7.9987,8.0717,1212415,11.2
2016-08-30,7.9266,8.8634,7.9266,8.8644,5038434,12.3
2016-08-31,9.0075,9.2237,8.8634,8.9365,2661588,12.4
2016-09-01,9.0075,9.2957,8.7913,9.0806,2717529,12.6
2016-09-05,9.0796,9.2237,8.8634,8.9365,2757470,12.4
2016-09-06,8.9354,9.0796,8.8634,8.9365,1990222,12.4
2016-09-07,8.9354,9.0796,8.7913,8.9365,1964218,12.4
2016-09-08,8.9354,9.5119,8.8634,9.2969,2794915,12.9
2016-09-09,9.2957,9.4399,9.0796,9.1527,1666930,12.7
2016-09-12,9.1516,9.2237,8.8634,8.8644,2272593,12.3
2016-09-13,8.8634,9.2237,8.8634,9.0806,3151563,12.6
2016-09-14,9.0796,9.3678,9.0796,9.0806,2313531,12.6
2016-09-15,9.0075,9.2237,9.0075,9.0806,866975,12.6
2016-09-16,9.0796,9.1516,8.9354,8.9365,2051830,12.4
2016-09-19,9.0075,9.2237,9.0075,9.0806,2266067,12.6
2016-09-20,8.2148,9.0796,8.2148,8.7203,4993081,12.1
2016-09-21,8.7193,8.7913,8.6472,8.6482,1190273,12
2016-09-22,8.6472,9.0075,8.6472,8.9365,3048966,12.4
2016-09-23,8.9354,9.1516,8.7913,9.0086,2088540,12.5
2016-09-26,9.1516,9.2957,8.9354,8.9365,1293900,12.4
2016-09-27,8.9354,9.0075,8.7913,9.0086,1680905,12.5
2016-09-28,9.0075,9.2237,9.0075,9.2248,2344020,12.8
2016-09-29,9.2237,9.3678,9.0796,9.2248,2198805,12.8
2016-09-30,9.2237,9.7281,9.2237,9.5131,6604431,13.2
2016-10-03,9.584,9.8002,9.5119,9.5851,1781459,13.3
2016-10-04,9.656,9.656,9.2957,9.3689,1947571,13
2016-10-05,9.3678,9.656,9.2957,9.441,2335745,13.1
2016-10-06,9.5119,9.584,9.3678,9.3689,1279306,13
2016-10-07,9.3678,9.3678,9.0796,9.2969,2154859,12.9
2016-10-10,9.2957,9.4399,9.1516,9.2248,990674,12.8
2016-10-11,9.2237,9.2957,8.9354,9.2248,1602131,12.8
2016-10-12,9.2957,9.3678,9.0796,9.1527,871362,12.7
2016-10-13,9.1516,9.4399,9.0796,9.2969,1511121,12.9
2016-10-14,9.4399,9.5119,9.2957,9.2969,1438854,12.9
2016-10-17,9.2957,9.4399,9.2237,9.2248,903254,12.8
2016-10-18,9.2237,9.3678,9.1516,9.2969,1003978,12.9
2016-10-19,9.2957,9.4399,9.2237,9.2248,1704270,12.8
2016-10-20,9.2957,9.2957,9.0075,9.0806,2195867,12.6
2016-10-21,9.0796,9.1516,9.0075,9.0086,790380,12.5
2016-10-24,8.9354,9.1516,8.9354,9.0086,1198382,12.5
2016-10-25,9.0075,9.0796,8.8634,9.0086,689301,12.5
2016-10-26,9.0075,9.0075,8.8634,9.0086,543344,12.5
2016-10-27,9.0075,9.1516,8.9354,9.0086,716363,12.5
2016-10-28,9.0796,9.1516,8.9354,9.0806,916995,12.6
2016-10-31,9.1516,9.2957,9.0796,9.0806,1038150,12.6
2016-11-01,9.0796,9.4399,9.0796,9.2969,2401234,12.9
2016-11-02,9.3678,9.3678,8.9354,8.9365,1776570,12.4
2016-11-03,8.9354,8.9354,8.6472,8.7924,3008498,12.2
2016-11-04,8.7913,8.7913,8.6472,8.6482,955694,12
2016-11-07,7.7825,8.9354,7.7825,8.9365,719330,12.4
2016-11-08,8.9354,8.9354,8.7913,8.9365,717735,12.4
2016-11-09,8.0707,8.8634,8.0707,8.7203,3098210,12.1
2016-11-10,8.8634,9.1516,8.7913,8.8644,1898050,12.3
2016-11-11,8.8634,8.9354,8.7193,8.7924,588271,12.2
2016-11-14,8.7913,8.8634,8.6472,8.7203,859313,12.1
2016-11-15,8.6472,8.9354,8.6472,8.8644,933050,12.3
2016-11-16,7.9987,8.9354,7.9987,8.8644,707457,12.3
2016-11-17,8.7913,8.9354,8.7193,8.7203,650610,12.1
2016-11-18,8.7913,8.8634,8.6472,8.7203,714810,12.1
2016-11-21,8.7913,8.7913,8.6472,8.6482,510180,12
2016-11-22,8.6472,8.8634,8.6472,8.7924,659524,12.2
2016-11-23,8.8634,9.0075,8.7193,9.0086,1616589,12.5
2016-11-24,9.0075,9.0796,8.9354,8.9365,1278060,12.4
2016-11-25,9.0075,9.0075,8.7913,8.7924,501620,12.2
2016-11-28,8.8634,8.8634,8.6472,8.7203,613650,12.1
2016-11-29,8.7193,8.7913,8.6472,8.7203,418491,12.1
2016-11-30,8.7193,8.7193,8.5751,8.7203,589900,12.1
2016-12-01,8.7193,8.7193,8.5751,8.6482,531326,12
2016-12-02,8.6472,8.7193,8.5031,8.5041,630800,11.8
2016-12-05,8.5751,8.5751,8.2869,8.2879,1605000,11.5
2016-12-06,8.2869,8.5031,8.2148,8.2879,981360,11.5
2016-12-07,8.2869,8.359,8.2148,8.2879,481923,11.5
2016-12-08,8.359,8.359,8.2148,8.2879,341327,11.5
2016-12-09,8.2869,8.2869,8.1428,8.2158,419900,11.4
2016-12-12,8.1428,8.1428,7.7104,7.7113,1309560,10.7
2016-12-13,7.7104,7.7825,7.5663,7.5672,767150,10.5
2016-12-14,7.5663,7.9987,7.5663,7.9275,802518,11
2016-12-15,7.9266,8.2869,7.7825,8.0717,582020,11.2
2016-12-16,8.0707,8.2869,7.9987,8.1438,518202,11.3
2016-12-19,8.2148,8.2869,8.0707,8.2158,628408,11.4
2016-12-20,8.1428,8.2148,7.9987,8.0717,476300,11.2
2016-12-21,8.1428,8.1428,7.9987,8.0717,421030,11.2
2016-12-22,8.0707,8.1428,8.0707,8.0717,278732,11.2
2016-12-23,8.0707,8.0707,7.9987,8.0717,361318,11.2
2016-12-26,8.0707,8.1428,7.9266,7.9275,470920,11
2016-12-27,7.9266,8.0707,7.8545,7.9996,561832,11.1
2016-12-28,8.0707,8.1428,7.9266,8.1438,519965,11.3
2016-12-29,8.0707,8.0707,7.9266,8.0717,313700,11.2
2016-12-30,8.0707,8.1428,7.9987,8.1438,307950,11.3
2017-01-03,8.0707,8.359,7.9987,8.36,859160,11.6
2017-01-04,8.359,8.5031,8.2869,8.2879,1059678,11.5
2017-01-05,8.359,8.5751,8.2869,8.5041,1205510,11.8
2017-01-06,8.5751,8.5751,8.431,8.5041,1368740,11.8
2017-01-09,8.5031,8.5031,8.359,8.432,379031,11.7
2017-01-10,8.359,8.431,8.2869,8.36,242571,11.6
2017-01-11,8.359,8.5751,8.359,8.5041,788850,11.8
2017-01-12,8.5031,8.5751,8.5031,8.5762,353120,11.9
2017-01-13,8.6472,8.6472,8.5031,8.5041,322920,11.8
2017-01-16,8.5031,8.5031,8.2869,8.2879,348400,11.5
2017-01-17,8.2869,8.431,8.2869,8.432,297930,11.7
2017-01-18,8.431,8.431,8.359,8.36,284330,11.6
2017-01-19,8.2869,8.359,8.2148,8.2879,310100,11.5
2017-01-20,8.2869,8.5031,8.2869,8.432,441089,11.7
2017-01-23,7.6384,8.431,7.6384,8.36,243480,11.6
2017-01-24,8.359,8.5031,8.359,8.432,221115,11.7
2017-01-25,8.5031,8.5751,8.431,8.5762,445788,11.9
2017-02-02,8.5751,8.5751,8.5031,8.5041,452610,11.8
2017-02-03,8.5031,8.5751,8.359,8.36,628000,11.6
2017-02-06,8.359,8.5031,8.359,8.432,375804,11.7
2017-02-07,7.6384,8.7193,7.6384,8.6482,1970628,12
2017-02-08,8.6472,8.7193,8.5751,8.6482,788530,12
2017-02-09,8.7193,8.8634,8.6472,8.7924,1285163,12.2
2017-02-10,8.8634,8.8634,8.7193,8.8644,913277,12.3
2017-02-13,8.8634,9.1516,8.7913,9.0806,2215181,12.6
2017-02-14,9.1516,9.1516,8.8634,8.8644,1002310,12.3
2017-02-15,8.8634,9.0075,8.8634,8.9365,945330,12.4
2017-02-16,8.9354,9.0075,8.7193,8.7924,1534930,12.2
2017-02-17,8.7913,8.8634,8.7193,8.8644,742020,12.3
2017-02-20,8.8634,9.0796,8.7913,9.0086,1607943,12.5
2017-02-21,9.0796,9.1516,8.9354,9.0086,1595970,12.5
2017-02-22,9.0075,9.0796,8.8634,8.9365,1138460,12.4
2017-02-23,8.9354,9.0796,8.8634,9.0086,1186475,12.5
2017-02-24,9.0075,9.0796,8.8634,8.8644,1157667,12.3
2017-02-27,8.8634,8.8634,8.7913,8.7924,936482,12.2
2017-02-28,8.8634,9.0075,8.7913,8.7924,1350570,12.2
2017-03-01,8.8634,9.0075,8.7913,8.9365,1634250,12.4
2017-03-02,8.9354,9.5119,8.9354,9.2969,4343958,12.9
2017-03-03,9.3678,9.3678,9.1516,9.2248,805400,12.8
2017-03-06,9.2237,10.0163,9.2237,10.0175,7192437,13.9
2017-03-07,10.2325,10.3766,9.9443,10.2337,4206948,14.2
2017-03-08,10.2325,10.5208,10.1605,10.2337,2486549,14.2
2017-03-09,10.2325,10.5208,10.0884,10.2337,2583216,14.2
2017-03-10,10.2325,10.3046,10.0884,10.2337,2042951,14.2
2017-03-13,10.2325,10.2325,9.8002,9.8013,2670425,13.6
2017-03-14,9.7281,10.0884,9.7281,9.8013,2293382,13.6
2017-03-15,9.8002,9.9443,9.656,9.8013,2167287,13.6
2017-03-16,9.8002,10.7369,9.8002,10.7382,4519452,14.9
2017-03-17,10.809,11.0252,10.5928,10.5941,3242712,14.7
2017-03-20,10.7369,10.9531,10.5928,10.5941,2179839,14.7
2017-03-21,10.5928,10.6649,10.3046,10.5941,2429589,14.7
2017-03-22,10.5928,10.9531,10.3766,10.3779,2849841,14.4
2017-03-23,10.3766,10.6649,10.2325,10.522,2423452,14.6
2017-03-24,10.6649,10.7369,10.4487,10.5941,1777689,14.7
2017-03-27,10.6649,10.7369,10.4487,10.522,1848830,14.6
2017-03-28,10.5208,10.5208,10.0884,10.2337,3443113,14.2
2017-03-29,10.1605,10.3766,10.0884,10.3058,1395599,14.3
2017-03-30,10.3046,10.3046,10.0884,10.1617,1342732,14.1
2017-03-31,10.1605,10.2325,9.9443,9.9455,1897402,13.8
2017-04-03,9.9443,10.0884,9.7281,9.9455,1734996,13.8
2017-04-04,9.9443,10.1605,9.9443,10.1617,1229455,14.1
2017-04-05,9.1516,10.1605,9.1516,10.0175,799444,13.9
2017-04-07,9.9443,10.0163,9.8722,9.8734,682154,13.7
2017-04-10,9.8722,9.9443,9.7281,9.7293,1523812,13.5
2017-04-11,9.7281,10.2325,9.656,10.0896,2300037,14
2017-04-12,10.0884,10.1605,9.8722,9.8734,655490,13.7
2017-04-13,9.8722,10.1605,9.7281,9.8734,1440229,13.7
2017-04-14,9.8002,9.8722,9.3678,9.3689,2827755,13
2017-04-17,9.4399,9.656,9.2957,9.2969,2343670,12.9
2017-04-18,9.2957,9.7281,9.2237,9.6572,1482887,13.4
2017-04-19,9.656,9.7281,9.5119,9.5131,666730,13.2
2017-04-20,9.584,9.656,9.3678,9.441,944085,13.1
2017-04-21,9.5119,9.584,9.3678,9.441,551020,13.1
2017-04-24,9.5119,9.7281,9.4399,9.5131,1972449,13.2
2017-04-25,9.5119,9.5119,9.2957,9.3689,982149,13
2017-04-26,9.4399,10.0163,9.4399,9.8013,2851342,13.6
2017-04-27,9.8722,10.0163,9.7281,9.7293,1221616,13.5
2017-04-28,9.7281,9.8002,9.584,9.5851,1233741,13.3
2017-05-03,9.656,9.9443,9.5119,9.9455,2045826,13.8
2017-05-04,9.9443,10.2325,9.9443,10.0896,3167707,14
2017-05-05,10.0884,10.1605,10.0163,10.0896,1482472,14
2017-05-08,10.0884,10.1605,9.9443,10.0896,1476290,14
2017-05-09,10.1605,10.4487,10.0884,10.2337,2696887,14.2
2017-05-10,10.3046,10.3766,10.0884,10.2337,2326066,14.2
2017-05-11,10.2325,10.3046,10.0884,10.0896,1253300,14
2017-05-12,10.1605,10.2325,10.0163,10.1617,1813502,14.1
2017-05-15,10.2325,10.7369,10.1605,10.6662,5121890,14.8
2017-05-16,10.7369,10.9531,10.5928,10.5941,3730980,14.7
2017-05-17,10.5208,10.5928,10.3046,10.45,2032650,14.5
2017-05-18,10.4487,10.4487,10.1605,10.1617,2598856,14.1
2017-05-19,10.3046,10.3766,10.0884,10.1617,2890372,14.1
2017-05-22,10.2325,10.3766,10.1605,10.1617,2568502,14.1
2017-05-23,10.8042,10.8042,10.0676,10.0687,1479500,12.3
2017-05-24,9.9857,10.0676,9.7402,9.9049,2204702,12.1
2017-05-25,9.822,10.4768,9.822,10.1505,2823588,12.4
2017-05-26,10.2313,10.395,10.0676,10.0687,1528852,12.3
2017-05-29,10.0676,10.2313,10.0676,10.1505,1052370,12.4
2017-05-30,10.0676,10.1494,9.822,9.8231,2192650,12
2017-05-31,9.822,9.9039,9.6583,9.6594,1496293,11.8
2017-06-01,9.6583,9.822,9.5765,9.6594,1029950,11.8
2017-06-02,9.4946,9.822,9.4946,9.8231,1290360,12
2017-06-05,8.8398,9.9039,8.8398,9.7412,641720,11.9
2017-06-06,9.822,9.9857,9.6583,9.9049,1134847,12.1
2017-06-07,9.9857,10.0676,9.822,9.9049,1224488,12.1
2017-06-08,9.9857,10.395,9.9039,10.1505,2874318,12.4
2017-06-09,10.395,10.395,9.9857,10.0687,1119503,12.3
2017-06-12,10.2313,10.2313,9.9857,10.0687,823720,12.3
2017-06-13,9.9857,10.1494,9.822,9.9868,1193275,12.2
2017-06-14,9.9857,10.1494,9.9857,10.1505,1422145,12.4
2017-06-15,10.0676,10.2313,10.0676,10.1505,1003732,12.4
2017-06-16,10.2313,10.2313,10.0676,10.2324,887160,12.5
2017-06-19,10.1494,10.395,10.0676,10.3142,1047680,12.6
2017-06-20,10.3131,10.5587,10.3131,10.4779,1563598,12.8
2017-06-21,10.4768,10.4768,10.2313,10.3142,750537,12.6
2017-06-22,10.2313,10.395,10.2313,10.2324,1122814,12.5
2017-06-23,10.2313,10.395,10.1494,10.3142,1296251,12.6
2017-06-26,10.3131,10.395,10.2313,10.2324,601422,12.5
2017-06-27,10.3131,10.3131,10.1494,10.1505,1107610,12.4
2017-06-28,10.1494,10.1494,9.9857,10.1505,888838,12.4
2017-06-29,10.0676,10.1494,9.9039,9.9868,1623475,12.2
2017-06-30,9.9857,10.1494,9.9039,10.0687,1001240,12.3
2017-07-03,9.0854,10.2313,9.0854,10.1505,1195169,12.4
2017-07-04,10.1494,10.1494,9.9857,10.0687,732024,12.3
2017-07-05,10.0676,10.1494,9.9039,10.1505,703060,12.4
2017-07-06,10.1494,10.8861,10.0676,10.8054,6618217,13.2
2017-07-07,10.8042,10.9679,10.4768,10.4779,1388039,12.8
2017-07-10,10.4768,10.5587,10.1494,10.2324,1480683,12.5
2017-07-11,10.2313,10.2313,9.9857,10.1505,1679288,12.4
2017-07-12,10.1494,10.2313,10.0676,10.2324,1073838,12.5
2017-07-13,10.2313,10.2313,10.0676,10.1505,602896,12.4
2017-07-14,10.2313,10.3131,10.0676,10.1505,1077172,12.4
2017-07-17,10.1494,10.3131,9.7402,9.9868,1915348,12.2
2017-07-18,9.9857,9.9857,9.7402,9.9868,983798,12.2
2017-07-19,9.9857,10.0676,9.9039,10.0687,570288,12.3
2017-07-20,10.0676,10.0676,9.822,9.9049,921756,12.1
2017-07-21,9.822,9.9039,9.6583,9.6594,1197478,11.8
2017-07-24,9.5765,9.7402,9.5765,9.5775,1166754,11.7
2017-07-25,9.5765,9.7402,9.5765,9.7412,805342,11.9
2017-07-26,9.7402,9.9039,9.6583,9.9049,725479,12.1
2017-07-27,9.9039,9.9857,9.822,9.8231,840364,12
2017-07-28,9.822,9.9039,9.822,9.8231,724646,12
2017-07-31,9.822,9.822,9.6583,9.6594,1236918,11.8
2017-08-01,9.6583,9.822,9.5765,9.7412,1104314,11.9
2017-08-02,9.7402,9.7402,9.5765,9.6594,917002,11.8
2017-08-03,9.5765,9.6583,9.3309,9.3319,1525352,11.4
2017-08-04,9.3309,9.5765,9.3309,9.5775,935666,11.7
2017-08-07,9.5765,9.5765,9.4946,9.4956,1431268,11.6
2017-08-08,9.4946,9.7402,9.4946,9.4956,1552208,11.6
2017-08-09,9.5765,9.6583,9.4128,9.4956,1299550,11.6
2017-08-10,9.5765,9.822,9.4128,9.8231,1502364,12
2017-08-11,9.822,9.822,9.5765,9.6594,463233,11.8
2017-08-14,9.6583,9.7402,9.4946,9.4956,765274,11.6
2017-08-15,9.4946,9.5765,9.4128,9.5775,1017326,11.7
2017-08-16,9.5765,9.5765,9.4128,9.4956,317273,11.6
2017-08-17,9.5765,9.5765,9.3309,9.4138,906725,11.5
2017-08-18,9.3309,9.4946,9.3309,9.4956,853200,11.6
2017-08-21,9.4946,9.4946,9.3309,9.4956,718404,11.6
2017-08-22,9.4128,9.4946,9.3309,9.3319,1008820,11.4
2017-08-23,9.4128,9.5765,9.3309,9.5775,757562,11.7
2017-08-24,9.4946,9.5765,9.4128,9.4956,606942,11.6
2017-08-25,9.4946,9.5765,9.4128,9.5775,663280,11.7
2017-08-28,10.0676,10.2313,9.4946,9.7412,900152,11.9
2017-08-29,9.7402,9.822,9.5765,9.5775,565442,11.7
2017-08-30,9.5765,9.5765,9.4946,9.4956,599233,11.6
2017-08-31,9.4946,9.5765,9.4128,9.4138,777133,11.5
2017-09-01,9.4946,9.6583,9.4128,9.5775,1127726,11.7
2017-09-05,9.5765,10.1494,9.4946,9.9049,2563564,12.1
2017-09-06,10.1494,10.2313,9.9039,9.9049,1342150,12.1
2017-09-07,9.9039,9.9857,9.7402,9.8231,872532,12
2017-09-08,9.7402,9.822,9.6583,9.8231,924882,12
2017-09-11,9.822,9.822,9.5765,9.5775,739528,11.7
2017-09-12,9.5765,9.6583,9.4946,9.6594,771488,11.8
2017-09-13,9.6583,9.7402,9.5765,9.7412,790042,11.9
2017-09-14,9.7402,9.9039,9.7402,9.8231,1215105,12
2017-09-15,9.822,9.9039,9.7402,9.7412,591048,11.9
2017-09-18,9.6583,9.9039,9.6583,9.8231,1066572,12
2017-09-19,9.822,9.9857,9.822,9.9049,1135917,12.1
2017-09-20,9.9039,9.9039,9.7402,9.8231,606329,12
2017-09-21,9.822,9.9039,9.7402,9.8231,659991,12
2017-09-22,9.822,9.9039,9.7402,9.9049,797144,12.1
2017-09-25,9.822,9.9039,9.7402,9.8231,918019,12
2017-09-26,9.822,9.9039,9.7402,9.8231,804545,12
2017-09-27,9.9039,10.2313,9.822,9.9049,2148390,12.1
2017-09-28,9.9857,10.0676,9.822,9.9049,428379,12.1
2017-09-29,9.9039,9.9039,9.822,9.9049,240002,12.1
2017-10-02,9.822,9.9039,9.6583,9.6594,764707,11.8
2017-10-03,9.7402,9.7402,9.4946,9.5775,856025,11.7
2017-10-04,9.5765,9.6583,9.4946,9.5775,440808,11.7
2017-10-05,9.5765,9.6583,9.5765,9.5775,419515,11.7
2017-10-06,9.5765,9.6583,9.4946,9.5775,601420,11.7
2017-10-09,9.6583,9.6583,9.5765,9.5775,492104,11.7
2017-10-10,9.6583,9.822,9.6583,9.8231,1040862,12
2017-10-11,9.822,9.9039,9.7402,9.8231,1150020,12
2017-10-12,9.822,9.9039,9.6583,9.6594,668487,11.8
2017-10-13,9.822,9.822,9.6583,9.6594,424057,11.8
2017-10-16,9.6583,9.9857,9.6583,9.7412,2453663,11.9
2017-10-17,9.822,9.822,9.6583,9.7412,1129009,11.9
2017-10-18,9.7402,9.7402,9.5765,9.6594,709600,11.8
2017-10-19,9.6583,9.6583,9.4128,9.4138,2281814,11.5
2017-10-20,9.4128,9.4946,9.2491,9.3319,1305927,11.4
2017-10-23,9.3309,9.4128,9.0854,9.1682,1147220,11.2
2017-10-24,8.2669,9.2491,8.2669,9.2501,784486,11.3
2017-10-25,9.2491,9.4128,9.1672,9.4138,1179242,11.5
2017-10-26,9.4128,9.4128,9.1672,9.2501,745848,11.3
2017-10-27,9.2491,9.2491,9.1672,9.2501,498757,11.3
2017-10-30,9.2491,9.2491,8.9217,8.9226,609997,10.9
2017-10-31,8.1032,8.9217,8.1032,8.677,1279438,10.6
2017-11-01,8.6761,8.758,8.4306,8.4315,1504429,10.3
2017-11-02,7.6121,8.5943,7.6121,8.3496,766535,10.2
2017-11-03,8.3487,8.5943,8.2669,8.5952,680340,10.5
2017-11-06,8.5943,8.758,8.5943,8.7589,504840,10.7
2017-11-07,8.758,8.758,8.5943,8.677,247664,10.6
2017-11-08,8.6761,8.758,8.5943,8.677,496669,10.6
2017-11-09,8.6761,9.0035,8.6761,8.9226,606333,10.9
2017-11-10,9.0035,9.0035,8.758,8.7589,257272,10.7
2017-11-13,8.6761,8.758,8.6761,8.677,515170,10.6
2017-11-14,8.6761,8.9217,8.5943,8.8408,797554,10.8
2017-11-15,8.8398,8.9217,8.758,8.9226,275297,10.9
2017-11-16,8.9217,8.9217,8.758,8.7589,284830,10.7
2017-11-17,8.758,9.0035,8.758,8.9226,625444,10.9
2017-11-20,8.8398,8.9217,8.758,8.9226,222250,10.9
2017-11-21,8.758,9.0035,8.758,8.8408,546449,10.8
2017-11-22,8.8398,8.9217,8.758,8.9226,406813,10.9
2017-11-23,8.9217,9.0035,8.758,8.8408,1136467,10.8
2017-11-24,8.8398,9.2491,8.758,9.1682,2414261,11.2
2017-11-27,9.1672,9.4946,9.0854,9.3319,2329366,11.4
2017-11-28,9.3309,9.3309,9.0854,9.1682,932873,11.2
2017-11-29,9.0854,9.3309,9.0035,9.2501,1542377,11.3
2017-11-30,9.3309,9.7402,9.2491,9.6594,4536240,11.8
2017-12-01,9.6583,9.822,9.4946,9.7412,1512192,11.9
2017-12-04,9.6583,10.1494,9.6583,10.0687,3850754,12.3
2017-12-05,10.0676,10.0676,9.6583,9.6594,3736411,11.8
2017-12-06,9.6583,9.7402,9.4128,9.4138,2146410,11.5
2017-12-07,9.5765,9.7402,9.4128,9.4956,1644200,11.6
2017-12-08,9.4946,9.6583,9.4128,9.6594,523688,11.8
2017-12-11,9.6583,9.6583,9.1672,9.1682,1768184,11.2
2017-12-12,9.1672,9.3309,8.5943,9.0863,1939676,11.1
2017-12-13,9.0854,9.1672,8.8398,8.8408,845296,10.8
2017-12-14,9.1672,9.1672,8.8398,9.0863,794694,11.1
2017-12-15,9.4128,9.4128,8.9217,9.0045,815550,11
2017-12-18,9.0035,9.2491,8.9217,8.9226,908122,10.9
2017-12-19,9.0035,9.0035,8.9217,9.0045,765395,11
2017-12-20,8.8398,9.0854,8.8398,9.0045,1099748,11
2017-12-21,9.0035,9.0854,8.8398,8.8408,1012060,10.8
2017-12-22,9.0035,9.0035,8.6761,8.7589,929686,10.7
2017-12-25,8.758,8.8398,8.6761,8.7589,592900,10.7
2017-12-26,8.758,8.8398,8.6761,8.7589,592239,10.7
2017-12-27,8.8398,8.8398,8.6761,8.8408,336838,10.8
2017-12-28,8.8398,8.9217,8.758,8.8408,982561,10.8
2017-12-29,8.8398,9.0035,8.758,8.8408,690614,10.8
2018-01-02,8.9217,9.0854,8.9217,9.0045,621890,11
2018-01-03,8.9217,9.1672,8.9217,9.0863,1745420,11.1
2018-01-04,9.1672,9.1672,8.9217,9.0045,1502263,11
2018-01-05,9.0854,9.0854,8.8398,9.0045,1284412,11
2018-01-08,9.0035,9.0854,8.8398,8.9226,945114,10.9
2018-01-09,9.0035,9.4946,8.8398,9.4138,4514187,11.5
2018-01-10,9.4128,9.4946,9.1672,9.2501,3302536,11.3
2018-01-11,9.2491,9.5765,9.2491,9.5775,3149971,11.7
2018-01-12,9.4946,9.6583,9.2491,9.2501,3323489,11.3
2018-01-15,9.2491,9.5765,9.0854,9.4138,2172529,11.5
2018-01-16,9.4128,9.7402,9.4128,9.5775,5139587,11.7
2018-01-17,9.6583,9.7402,9.2491,9.2501,2306592,11.3
2018-01-18,9.2491,9.2491,8.9217,9.2501,2847566,11.3
2018-01-19,9.2491,9.2491,9.0854,9.0863,1955144,11.1
2018-01-22,9.0854,9.1672,8.9217,9.0045,1652135,11
2018-01-23,9.0854,9.3309,9.0035,9.2501,3189584,11.3
2018-01-24,9.3309,9.3309,9.0035,9.0863,1462388,11.1
2018-01-25,9.0035,9.0854,8.9217,9.0045,2114608,11
2018-01-26,9.0854,9.0854,8.758,8.7589,2500930,10.7
2018-01-29,8.758,8.9217,8.6761,8.7589,1654965,10.7
2018-01-30,8.758,9.1672,8.6761,9.0863,1633167,11.1
2018-01-31,9.0854,9.1672,8.6761,8.677,3248267,10.6
2018-02-01,8.758,8.8398,8.5943,8.677,2421407,10.6
2018-02-02,8.6761,8.6761,8.5124,8.5133,1105800,10.4
2018-02-05,8.5124,8.5943,7.7758,7.9403,3165176,9.7
2018-02-06,7.9395,7.9395,7.2028,7.2854,3995760,8.9
2018-02-07,7.2028,7.6939,7.2028,7.531,1729051,9.2
2018-02-08,7.6121,7.6121,7.3665,7.531,955184,9.2
2018-02-09,7.3665,7.4484,7.0391,7.2854,965247,8.9
2018-02-12,7.4484,7.6121,7.3665,7.6129,615950,9.3
2018-02-13,7.6939,7.7758,7.6121,7.7766,881800,9.5
2018-02-21,7.8576,7.9395,7.7758,7.8585,1207240,9.6
2018-02-22,7.8576,7.8576,7.4484,7.531,1792709,9.2
2018-02-23,7.6121,7.6939,7.5302,7.6129,716850,9.3
2018-02-26,7.6939,7.6939,7.3665,7.4492,1507222,9.1
2018-02-27,7.4484,7.5302,7.2847,7.3673,1654010,9
2018-02-28,7.3665,7.3665,6.8754,7.0399,5148543,8.6
2018-03-01,6.3843,7.121,6.3843,7.1217,1470282,8.7
2018-03-02,7.121,7.3665,6.9573,7.2854,1184119,8.9
2018-03-05,7.2847,7.6121,7.2028,7.3673,2061216,9
2018-03-06,7.3665,7.4484,7.2847,7.4492,1121624,9.1
2018-03-07,7.4484,7.5302,7.2028,7.2854,1501634,8.9
2018-03-08,7.3665,7.3665,7.2028,7.2854,911500,8.9
2018-03-09,7.3665,7.3665,7.121,7.2036,887558,8.8
2018-03-12,7.121,7.4484,7.121,7.3673,1983110,9
2018-03-13,7.3665,7.4484,7.2847,7.3673,1017410,9
2018-03-14,7.2028,7.4484,7.2028,7.3673,1136744,9
2018-03-15,7.3665,7.3665,7.2028,7.2036,1420860,8.8
2018-03-16,6.548,7.3665,6.548,7.2036,904016,8.8
2018-03-19,7.2847,7.2847,7.2028,7.2036,927014,8.8
2018-03-20,7.121,7.2028,7.121,7.2036,756245,8.8
2018-03-21,7.2028,7.4484,7.2028,7.3673,1792171,9
2018-03-22,7.3665,7.6121,7.2028,7.2854,940765,8.9
2018-03-23,7.2847,7.2847,7.0391,7.2036,1289779,8.8
2018-03-26,7.121,7.2028,7.121,7.1217,849330,8.7
2018-03-27,7.121,7.2847,7.121,7.2036,1347898,8.8
2018-03-28,7.2847,7.2847,7.121,7.1217,727640,8.7
2018-03-29,7.2028,7.2028,7.0391,7.0399,846555,8.6
2018-03-30,7.0391,7.6939,7.0391,7.531,5655434,9.2
2018-04-02,7.6121,7.8576,7.5302,7.6129,2442607,9.3
2018-04-03,7.6121,7.6939,7.4484,7.6129,1586700,9.3
2018-04-04,7.5302,8.3487,7.5302,8.2678,6924891,10.1
2018-04-05,8.3487,8.5124,8.185,8.4315,2913018,10.3
2018-04-06,8.3487,8.5124,8.1032,8.104,2965564,9.9
2018-04-09,8.1032,8.185,7.9395,8.0222,2975121,9.8
2018-04-10,8.0213,8.1032,7.5302,7.6129,4852554,9.3
2018-04-11,7.6121,7.7758,7.2028,7.3673,2406686,9
2018-04-12,7.3665,7.5302,7.2847,7.4492,1324774,9.1
2018-04-13,7.4484,7.5302,7.2028,7.2854,2319964,8.9
2018-04-16,7.2847,7.2847,7.121,7.2036,1027004,8.8
2018-04-17,7.121,7.2847,7.121,7.2036,779600,8.8
2018-04-18,7.2028,7.6121,7.2028,7.2854,1825891,8.9
2018-04-19,7.2847,7.3665,7.121,7.2036,1241112,8.8
2018-04-20,7.2028,7.3665,7.121,7.3673,1037031,9
2018-04-23,7.3665,7.3665,7.0391,7.0399,1553847,8.6
2018-04-24,7.0391,7.2028,6.9573,7.0399,1331081,8.6
2018-04-26,6.9573,7.121,6.4662,6.4669,2892469,7.9
2018-04-27,6.3025,6.7117,5.8932,6.385,1907904,7.8
2018-05-02,6.3843,6.6299,5.8932,5.8938,3238500,7.2
2018-05-03,5.8932,5.9751,5.484,5.8938,2832798,7.2
2018-05-04,5.9751,6.1388,5.8932,5.9757,1388901,7.3
2018-05-07,5.5658,6.2206,5.5658,6.1394,1077472,7.5
2018-05-08,6.1388,6.1388,5.9751,6.0576,1286660,7.4
2018-05-09,5.9751,5.9751,5.8114,5.8938,1615763,7.2
2018-05-10,5.9751,6.0569,5.8114,5.812,1214681,7.1
2018-05-11,5.8114,5.9751,5.7295,5.812,948230,7.1
2018-05-14,5.8114,5.9751,5.7295,5.9757,706325,7.3
2018-05-15,5.9751,5.9751,5.8114,5.812,1176500,7.1
2018-05-16,5.8114,5.8932,5.6477,5.7301,1765071,7
2018-05-17,5.7295,5.8114,5.6477,5.812,1022020,7.1
2018-05-18,5.2384,5.8114,5.2384,5.812,1033110,7.1
2018-05-21,5.8114,5.8932,5.7295,5.7301,1070030,7
2018-05-22,5.7295,5.7295,5.484,5.5664,1535421,6.8
2018-05-23,5.484,5.5658,5.4021,5.5664,1009700,6.8
2018-05-24,5.5658,5.5658,5.4021,5.4027,495821,6.6
2018-05-25,5.4021,5.484,5.1566,5.1571,972081,6.3
2018-05-28,5.1566,5.1566,4.6655,4.666,3563365,5.7
2018-05-29,4.2562,5.0747,4.2562,5.0753,2034549,6.2
2018-05-30,5.1566,5.2384,4.8292,4.9934,1865545,6.1
2018-05-31,4.911,5.1566,4.911,4.9934,1223219,6.1
2018-06-01,4.9929,5.2384,4.911,5.0753,1791842,6.2
2018-06-04,5.0747,5.1566,4.9929,5.1571,1470094,6.3
2018-06-05,5.1566,5.6477,5.0747,5.5664,3213452,6.8
2018-06-06,5.6477,5.7295,5.484,5.7301,1893536,7
2018-06-07,5.7295,5.7295,5.4021,5.4846,1666569,6.7
2018-06-08,5.484,5.484,5.3203,5.4027,1857656,6.6
2018-06-11,5.4021,5.4021,5.2384,5.239,1712330,6.4
2018-06-12,5.2384,5.3203,5.0747,5.239,1550946,6.4
2018-06-13,5.1566,5.3203,5.1566,5.239,1015280,6.4
2018-06-14,5.3203,5.4021,5.1566,5.239,1138371,6.4
2018-06-15,5.2384,5.4021,5.1566,5.3208,1443710,6.5
2018-06-18,5.3203,5.484,5.2384,5.3208,1406636,6.5
2018-06-19,5.2384,5.2384,4.911,5.1571,1826301,6.3
2018-06-20,5.1566,5.2384,5.1566,5.239,520200,6.4
2018-06-21,5.1566,5.2384,5.0747,5.0753,715459,6.2
2018-06-22,5.0747,5.2384,5.0747,5.239,575300,6.4
2018-06-25,5.2384,5.2384,5.1566,5.1571,720916,6.3
2018-06-26,5.1566,5.2384,4.9929,5.1571,903950,6.3
2018-06-27,5.1566,5.2384,5.0747,5.0753,511926,6.2
2018-06-28,5.0747,5.1566,4.911,4.9115,1824000,6
2018-06-29,4.911,4.9929,4.911,4.9115,434540,6
2018-07-02,4.911,4.911,4.5836,4.7478,2027260,5.8
2018-07-03,4.7473,4.8292,4.4199,4.4204,2109394,5.4
2018-07-04,4.4199,4.5018,4.2562,4.3385,1673609,5.3
2018-07-05,4.3381,4.3381,3.9288,4.0929,2433494,5
2018-07-06,3.9288,4.3381,3.9288,4.2567,1387761,5.2
2018-07-09,4.1744,4.3381,4.0925,4.1748,803721,5.1
2018-07-10,3.7651,4.2562,3.7651,4.1748,523194,5.1
2018-07-11,4.0925,4.0925,3.847,3.9292,1658879,4.8
2018-07-12,3.9288,4.0107,3.847,3.8474,822576,4.7
2018-07-13,3.847,4.0107,3.7651,3.9292,1882505,4.8
2018-07-16,3.7651,4.1744,3.7651,4.1748,1226629,5.1
2018-07-17,4.0925,4.1744,4.0925,4.1748,705800,5.1
2018-07-18,4.1744,4.3381,4.0925,4.2567,1751628,5.2
2018-07-19,4.3381,4.4199,4.1744,4.2567,2619160,5.2
2018-07-20,4.2562,4.2562,4.1744,4.2567,1276887,5.2
2018-07-23,4.2562,4.6655,4.2562,4.4204,2115634,5.4
2018-07-24,4.5018,4.5836,4.4199,4.4204,1903599,5.4
2018-07-25,4.4199,4.5836,4.3381,4.4204,2321050,5.4
2018-07-26,4.4199,4.5836,4.4199,4.4204,1455450,5.4
2018-07-27,4.4199,4.8292,4.4199,4.7478,3953663,5.8
2018-07-30,4.7473,4.911,4.6655,4.8297,2155952,5.9
2018-07-31,4.7473,4.8292,4.5836,4.5841,2445671,5.6
2018-08-01,4.5836,4.5836,4.3381,4.3385,2930110,5.3
2018-08-02,4.3381,4.4199,4.2562,4.4204,1529729,5.4
2018-08-03,4.4199,4.5836,4.4199,4.5022,990180,5.5
2018-08-06,4.5018,4.5018,4.3381,4.4204,994986,5.4
2018-08-07,4.3381,4.4199,4.2562,4.2567,909026,5.2
2018-08-08,4.3381,4.3381,4.2562,4.2567,1093251,5.2
2018-08-09,4.2562,4.3381,4.1744,4.1748,1328456,5.1
2018-08-10,4.1744,4.1744,4.0925,4.0929,1117660,5
2018-08-13,4.0925,4.1744,4.0107,4.1748,1429532,5.1
2018-08-14,4.1744,4.4199,4.1744,4.3385,1708318,5.3
2018-08-15,4.3381,4.4199,4.2562,4.2567,807753,5.2
2018-08-16,4.1744,4.2562,4.1744,4.2567,605103,5.2
2018-08-17,4.2562,4.3381,4.2562,4.2567,1094777,5.2
2018-08-20,4.2562,4.3381,4.1744,4.2567,864906,5.2
2018-08-21,4.2562,4.3381,4.1744,4.2567,951183,5.2
2018-08-22,4.3381,4.5018,4.2562,4.3385,2178350,5.3
2018-08-23,4.4199,4.4199,4.2562,4.3385,830672,5.3
2018-08-24,4.3381,4.5018,4.3381,4.4204,1408010,5.4
2018-08-27,4.4199,4.5018,4.3381,4.4204,1271740,5.4
2018-08-28,4.4199,4.5018,4.3381,4.4204,616070,5.4
2018-08-29,4.4199,4.4199,4.3381,4.3385,916270,5.3
2018-08-30,4.3381,4.4199,4.2562,4.4204,1492061,5.4
2018-08-31,4.4199,4.4199,4.2562,4.3385,1143695,5.3
2018-09-04,4.5018,4.5018,4.2562,4.2567,1053257,5.2
2018-09-05,4.4199,4.4199,4.1744,4.1748,1003930,5.1
2018-09-06,4.2562,4.2562,4.0925,4.1748,1231475,5.1
2018-09-07,4.1744,4.1744,4.0925,4.0929,1309602,5
2018-09-10,4.0925,4.1744,4.0925,4.0929,819798,5
2018-09-11,4.1744,4.2562,4.0925,4.2567,2002868,5.2
2018-09-12,4.2562,4.3381,4.1744,4.1748,955582,5.1
2018-09-13,4.1744,4.2562,4.0925,4.1748,3044167,5.1
2018-09-14,4.1744,4.1744,4.0925,4.0929,950990,5
2018-09-17,4.0925,4.1744,4.0925,4.0929,2280888,5
2018-09-18,4.0925,4.1744,4.0925,4.1748,2074856,5.1
2018-09-19,4.1744,4.3381,4.0925,4.3385,3254554,5.3
2018-09-20,4.2562,4.4199,4.2562,4.3385,2277300,5.3
2018-09-21,4.4199,4.4199,4.2562,4.3385,1893734,5.3
2018-09-24,4.3381,4.7473,4.2562,4.7478,10317598,5.8
2018-09-25,4.911,5.0747,4.6655,4.8297,5125544,5.9
2018-09-26,4.8292,4.9929,4.7473,4.7478,3257099,5.8
2018-09-27,4.7473,4.911,4.6655,4.8297,3604690,5.9
2018-09-28,4.8292,4.911,4.7473,4.8297,3293893,5.9
2018-10-01,4.8292,5.2384,4.7473,5.0753,4742444,6.2
2018-10-02,5.0747,5.1566,4.911,4.9934,3379300,6.1
2018-10-03,4.9929,5.0747,4.7473,4.9115,2628430,6
2018-10-04,4.8292,4.9929,4.7473,4.9115,2061458,6
2018-10-05,4.911,4.9929,4.7473,4.7478,2361778,5.8
2018-10-08,4.7473,4.911,4.7473,4.8297,2500403,5.9
2018-10-09,4.8292,4.911,4.7473,4.7478,1362070,5.8
2018-10-10,4.7473,4.8292,4.5018,4.5841,2189820,5.6
2018-10-11,4.5018,4.5018,4.1744,4.2567,5321191,5.2
2018-10-12,4.0925,4.4199,4.0925,4.3385,2067670,5.3
2018-10-15,4.3381,4.4199,4.2562,4.3385,1718988,5.3
2018-10-16,4.4199,4.7473,4.3381,4.7478,3778442,5.8
2018-10-17,4.9929,5.1566,4.911,4.9115,4682752,6
2018-10-18,4.911,4.911,4.7473,4.7478,1997299,5.8
2018-10-19,4.6655,4.911,4.5018,4.9115,2672990,6
2018-10-22,4.911,4.9929,4.7473,4.7478,1823334,5.8
2018-10-23,4.7473,4.7473,4.4199,4.5841,4467158,5.6
2018-10-24,4.6655,4.7473,4.5836,4.5841,2054020,5.6
2018-10-25,4.5836,4.5836,4.3381,4.5841,1523038,5.6
2018-10-26,4.6655,4.7473,4.4199,4.4204,1746050,5.4
2018-10-29,4.4199,4.5836,4.4199,4.5022,1197510,5.5
2018-10-30,4.5018,4.5018,4.3381,4.5022,1818170,5.5
2018-10-31,4.5018,4.5836,4.4199,4.5022,2213075,5.5
2018-11-01,4.5836,4.5836,4.4199,4.5022,2017567,5.5
2018-11-02,4.7212,4.8175,4.6248,4.8175,2138440,5
2018-11-05,4.8175,4.8175,4.5285,4.6248,1265860,4.8
2018-11-06,4.5285,4.7212,4.5285,4.5285,1702320,4.7
2018-11-07,4.5285,4.6248,4.3358,4.4321,1465397,4.6
2018-11-08,4.4321,4.5285,4.3358,4.4321,1546830,4.6
2018-11-09,4.4321,4.4321,4.2394,4.2394,1361756,4.4
2018-11-12,4.2394,4.2394,4.0467,4.1431,1521910,4.3
2018-11-13,4.0467,4.1431,3.9504,4.0467,1413477,4.2
2018-11-14,4.0467,4.1431,3.9504,4.1431,1205883,4.3
2018-11-15,4.1431,4.1431,3.9504,4.0467,448000,4.2
2018-11-16,3.6613,4.1431,3.6613,4.0467,942101,4.2
2018-11-19,3.9504,4.1431,3.9504,4.1431,1613999,4.3
2018-11-20,4.1431,4.1431,4.0467,4.1431,1085580,4.3
2018-11-21,4.0467,4.3358,4.0467,4.2394,2144208,4.4
2018-11-22,4.2394,4.3358,4.1431,4.1431,1168279,4.3
2018-11-23,4.1431,4.3358,4.0467,4.1431,2114716,4.3
2018-11-26,4.1431,4.2394,4.0467,4.0467,2709650,4.2
2018-11-27,4.1431,4.1431,3.9504,4.0467,828410,4.2
2018-11-28,4.0467,4.1431,3.9504,4.0467,1094596,4.2
2018-11-29,4.0467,4.1431,3.9504,3.9504,859020,4.1
2018-11-30,3.9504,4.0467,3.9504,4.0467,833330,4.2
2018-12-03,3.9504,4.1431,3.9504,4.0467,937180,4.2
2018-12-04,4.1431,4.1431,3.9504,4.0467,2655736,4.2
2018-12-05,4.0467,4.1431,3.9504,4.0467,1624600,4.2
2018-12-06,4.0467,4.1431,3.9504,4.0467,1792149,4.2
2018-12-07,4.0467,4.1431,4.0467,4.0467,1413037,4.2
2018-12-10,4.0467,4.1431,3.9504,3.9504,1431026,4.1
2018-12-11,3.9504,4.1431,3.9504,4.0467,1587333,4.2
2018-12-12,4.0467,4.3358,4.0467,4.3358,3643569,4.5
2018-12-13,4.3358,4.3358,4.1431,4.1431,1963034,4.3
2018-12-14,4.2394,4.3358,4.1431,4.2394,1576492,4.4
2018-12-17,4.1431,4.2394,4.0467,4.0467,2250087,4.2
2018-12-18,4.0467,4.1431,3.9504,4.1431,2381572,4.3
2018-12-19,4.1431,4.1431,4.0467,4.0467,1208809,4.2
2018-12-20,4.0467,4.1431,3.9504,4.0467,762738,4.2
2018-12-21,4.0467,4.0467,3.9504,3.9504,1261487,4.1
2018-12-24,4.0467,4.1431,3.9504,3.9504,1201266,4.1
2018-12-25,3.9504,4.0467,3.7577,3.854,2364022,4
2018-12-26,3.854,3.9504,3.854,3.854,693064,4
2018-12-27,3.9504,4.0467,3.854,3.854,1029898,4
2018-12-28,3.854,3.9504,3.6613,3.6613,2002756,3.8
2019-01-02,3.6613,3.854,3.6613,3.7577,1751288,3.9
2019-01-03,3.7577,3.7577,3.565,3.565,1177168,3.7
2019-01-04,3.565,3.6613,3.4686,3.565,2165746,3.7
2019-01-07,3.6613,3.854,3.565,3.6613,2604398,3.8
2019-01-08,3.7577,3.7577,3.565,3.6613,793062,3.8
2019-01-09,3.6613,3.7577,3.565,3.565,1533354,3.7
2019-01-10,3.6613,3.7577,3.565,3.6613,870085,3.8
2019-01-11,3.6613,3.7577,3.565,3.6613,987613,3.8
2019-01-14,3.6613,3.7577,3.565,3.6613,1326973,3.8
2019-01-15,3.565,3.6613,3.565,3.6613,289762,3.8
2019-01-16,3.6613,3.7577,3.565,3.6613,984380,3.8
2019-01-17,3.6613,3.6613,3.565,3.565,1184997,3.7
2019-01-18,3.565,3.6613,3.4686,3.565,1142883,3.7
2019-01-21,3.565,3.565,3.4686,3.4686,1486140,3.6
2019-01-22,3.4686,3.565,3.3723,3.4686,1154650,3.6
2019-01-23,3.4686,3.565,3.3723,3.565,1295420,3.7
2019-01-24,3.565,3.565,3.4686,3.565,772274,3.7
2019-01-25,3.565,3.565,3.4686,3.4686,616884,3.6
2019-01-28,3.4686,3.565,3.4686,3.4686,1369901,3.6
2019-01-29,3.4686,3.4686,3.3723,3.4686,388492,3.6
2019-01-30,3.4686,3.4686,3.3723,3.3723,648836,3.5
2019-01-31,3.3723,3.4686,3.2759,3.3723,1582831,3.5
2019-02-01,3.3723,3.3723,3.2759,3.3723,541753,3.5
2019-02-11,3.3723,3.4686,3.1796,3.2759,2496356,3.4
2019-02-12,3.3723,3.4686,3.2759,3.3723,2215957,3.5
2019-02-13,3.3723,3.4686,3.2759,3.3723,1125777,3.5
2019-02-14,3.3723,3.565,3.2759,3.4686,2817942,3.6
2019-02-15,3.4686,3.565,3.3723,3.4686,1397999,3.6
2019-02-18,3.4686,3.4686,3.3723,3.3723,1524229,3.5
2019-02-19,3.3723,3.4686,3.2759,3.3723,1871947,3.5
2019-02-20,3.3723,3.3723,3.2759,3.2759,396129,3.4
2019-02-21,3.3723,3.4686,3.2759,3.3723,1255815,3.5
2019-02-22,3.2759,3.4686,3.2759,3.3723,460608,3.5
2019-02-25,3.3723,3.4686,3.2759,3.3723,704392,3.5
2019-02-26,3.3723,3.4686,3.2759,3.3723,1177600,3.5
2019-02-27,3.3723,3.565,3.3723,3.4686,3255623,3.6
2019-02-28,3.565,3.6613,3.3723,3.4686,2915767,3.6
2019-03-01,3.4686,3.565,3.4686,3.565,823502,3.7
2019-03-04,3.565,3.6613,3.4686,3.6613,2036304,3.8
2019-03-05,3.7577,3.9504,3.6613,3.9504,6021005,4.1
2019-03-06,4.2394,4.3358,3.9504,4.1431,5625969,4.3
2019-03-07,4.1431,4.2394,3.9504,4.0467,3433809,4.2
2019-03-08,4.0467,4.0467,3.854,3.9504,3126168,4.1
2019-03-11,3.9504,4.0467,3.854,4.0467,2264166,4.2
2019-03-12,4.0467,4.1431,3.9504,3.9504,4252307,4.1
2019-03-13,3.9504,3.9504,3.7577,3.7577,2724134,3.9
2019-03-14,3.854,4.0467,3.7577,4.0467,8453652,4.2
2019-03-15,4.1431,4.2394,3.9504,3.9504,2702792,4.1
2019-03-18,3.9504,4.1431,3.9504,4.0467,2654053,4.2
2019-03-19,4.0467,4.1431,3.9504,3.9504,3257493,4.1
2019-03-20,3.9504,4.0467,3.854,4.0467,2074225,4.2
2019-03-21,4.0467,4.0467,3.7577,3.7577,2871549,3.9
2019-03-22,3.854,3.9504,3.7577,3.854,1702972,4
2019-03-25,3.7577,3.7577,3.6613,3.6613,2758420,3.8
2019-03-26,3.6613,3.7577,3.6613,3.6613,1205803,3.8
2019-03-27,3.6613,3.854,3.6613,3.6613,876939,3.8
2019-03-28,3.7577,3.7577,3.6613,3.6613,713680,3.8
2019-03-29,3.7577,3.854,3.6613,3.7577,1662146,3.9
2019-04-01,3.7577,3.854,3.6613,3.854,2129591,4
2019-04-02,3.854,3.9504,3.7577,3.7577,1165472,3.9
2019-04-03,3.7577,3.854,3.6613,3.7577,1169138,3.9
2019-04-04,3.7577,3.854,3.6613,3.7577,950101,3.9
2019-04-05,3.7577,3.854,3.6613,3.7577,396168,3.9
2019-04-08,3.7577,3.854,3.6613,3.7577,1753912,3.9
2019-04-09,3.7577,3.854,3.6613,3.7577,955483,3.9
2019-04-10,3.7577,3.7577,3.6613,3.7577,619289,3.9
2019-04-11,3.7577,3.7577,3.6613,3.6613,1273560,3.8
2019-04-12,3.6613,3.7577,3.6613,3.6613,811462,3.8
2019-04-16,3.6613,3.6613,3.565,3.565,642385,3.7
2019-04-17,3.6613,3.6613,3.4686,3.565,1509485,3.7
2019-04-18,3.565,3.565,3.3723,3.4686,2018730,3.6
2019-04-19,3.4686,3.565,3.3723,3.4686,672509,3.6
2019-04-22,3.4686,3.4686,3.3723,3.3723,878472,3.5
2019-04-23,3.3723,3.4686,3.3723,3.3723,394827,3.5
2019-04-24,3.3723,3.4686,3.3723,3.3723,619917,3.5
2019-04-25,3.3723,3.565,3.3723,3.4686,1450134,3.6
2019-04-26,3.4686,3.565,3.4686,3.4686,492426,3.6
2019-05-02,3.4686,3.4686,3.2759,3.3723,2074383,3.5
2019-05-03,3.2759,3.4686,3.2759,3.3723,809903,3.5
2019-05-06,3.3723,3.3723,3.2759,3.2759,779966,3.4
2019-05-07,3.2759,3.3723,3.2759,3.2759,630470,3.4
2019-05-08,3.2759,3.3723,3.1796,3.3723,1015024,3.5
2019-05-09,3.2759,3.3723,3.1796,3.2759,781475,3.4
2019-05-10,3.2759,3.4686,3.2759,3.3723,824900,3.5
2019-05-13,3.3723,3.4686,3.2759,3.2759,836280,3.4
2019-05-14,3.3723,3.3723,3.2759,3.2759,668942,3.4
2019-05-15,3.3723,3.4686,3.3723,3.3723,1148435,3.5
2019-05-16,3.4686,3.4686,3.3723,3.3723,827340,3.5
2019-05-17,3.3723,3.4686,3.2759,3.2759,725631,3.4
2019-05-20,3.2759,3.3723,3.2759,3.3723,1750089,3.5
2019-05-21,3.3723,3.3723,3.2759,3.3723,1343209,3.5
2019-05-22,3.3723,3.3723,3.1796,3.2759,1694914,3.4
2019-05-23,3.2759,3.2759,3.0832,3.1796,2861941,3.3
2019-05-24,3.1796,3.1796,2.8905,2.9869,4334716,3.1
2019-05-27,2.9869,2.9869,2.8905,2.9869,1414625,3.1
2019-05-28,2.8905,2.9869,2.7942,2.7942,2013031,2.9
2019-05-29,2.7942,2.8905,2.6978,2.7942,2236009,2.9
2019-05-30,2.7942,2.8905,2.6978,2.8905,811382,3
2019-05-31,2.8905,2.8905,2.7942,2.8905,386697,3
2019-06-03,2.8905,2.8905,2.6978,2.7942,1029282,2.9
2019-06-04,2.7942,2.7942,2.6978,2.7942,661810,2.9
2019-06-05,2.7942,2.7942,2.6978,2.6978,765339,2.8
2019-06-06,2.6978,2.6978,2.6015,2.6015,1169544,2.7
2019-06-07,2.6015,2.6978,2.6015,2.6978,528137,2.8
2019-06-10,2.6978,2.7942,2.6978,2.6978,748240,2.8
2019-06-11,2.6978,2.8905,2.6978,2.7942,1866109,2.9
2019-06-12,2.7942,2.7942,2.6978,2.6978,613250,2.8
2019-06-13,2.6978,2.7942,2.6978,2.6978,568237,2.8
2019-06-14,2.6978,2.7942,2.6978,2.6978,202939,2.8
2019-06-17,2.6978,2.6978,2.6015,2.6978,1081560,2.8
2019-06-18,2.6978,2.6978,2.6015,2.6015,1456707,2.7
2019-06-19,2.6978,2.6978,2.6015,2.6978,543380,2.8
2019-06-20,2.6978,2.7942,2.6015,2.6978,1050310,2.8
2019-06-21,2.6978,2.6978,2.6015,2.6978,151204,2.8
2019-06-24,2.6978,2.6978,2.5051,2.5051,1673818,2.6
2019-06-25,2.5051,2.6015,2.4088,2.5051,1500808,2.6
2019-06-26,2.5051,2.5051,2.3124,2.3124,2120542,2.4
2019-06-27,2.3124,2.4088,2.3124,2.3124,1209096,2.4
2019-06-28,2.3124,2.4088,2.3124,2.3124,516990,2.4
2019-07-01,2.3124,2.4088,2.3124,2.4088,731261,2.5
2019-07-02,2.4088,2.5051,2.3124,2.4088,1187781,2.5
2019-07-03,2.4088,2.5051,2.4088,2.4088,349030,2.5
2019-07-04,2.4088,2.4088,2.3124,2.3124,698892,2.4
2019-07-05,2.3124,2.4088,2.3124,2.4088,251231,2.5
2019-07-08,2.4088,2.4088,2.3124,2.3124,360515,2.4
2019-07-09,2.3124,2.4088,2.3124,2.4088,647265,2.5
2019-07-10,2.3124,2.4088,2.2161,2.3124,1103146,2.4
2019-07-11,2.3124,2.4088,2.3124,2.3124,705996,2.4
2019-07-12,2.3124,2.5051,2.3124,2.5051,2057403,2.6
2019-07-15,2.6015,2.6978,2.5051,2.5051,2349055,2.6
2019-07-16,2.5051,2.6015,2.5051,2.5051,1332862,2.6
2019-07-17,2.3124,2.6015,2.3124,2.5051,1340940,2.6
2019-07-18,2.4088,2.5051,2.4088,2.4088,1077880,2.5
2019-07-19,2.4088,2.5051,2.4088,2.5051,1359944,2.6
2019-07-22,2.5051,2.5051,2.3124,2.4088,722107,2.5
2019-07-23,2.4088,2.4088,2.3124,2.3124,773323,2.4
2019-07-24,2.4088,2.4088,2.3124,2.3124,523838,2.4
2019-07-25,2.4088,2.4088,2.3124,2.4088,365145,2.5
2019-07-26,2.3124,2.4088,2.3124,2.3124,1042782,2.4
2019-07-29,2.4088,2.4088,2.3124,2.3124,731133,2.4
2019-07-30,2.3124,2.4088,2.3124,2.3124,469340,2.4
2019-07-31,2.3124,2.3124,2.2161,2.2161,887236,2.3
2019-08-01,2.2161,2.3124,2.2161,2.2161,227932,2.3
2019-08-02,2.2161,2.3124,2.1197,2.1197,1375341,2.2
2019-08-05,2.1197,2.2161,2.1197,2.1197,606498,2.2
2019-08-06,2.1197,2.1197,1.927,2.1197,940466,2.2
2019-08-07,2.1197,2.2161,2.1197,2.1197,830155,2.2
2019-08-08,2.1197,2.2161,2.1197,2.1197,417640,2.2
2019-08-09,2.2161,2.3124,2.2161,2.3124,2905912,2.4
2019-08-12,2.4088,2.5051,2.2161,2.3124,1769420,2.4
2019-08-13,2.3124,2.4088,2.3124,2.3124,1234081,2.4
2019-08-14,2.3124,2.4088,2.2161,2.3124,1383660,2.4
2019-08-15,2.3124,2.3124,2.2161,2.3124,386216,2.4
2019-08-16,2.3124,2.4088,2.3124,2.3124,434960,2.4
2019-08-19,2.3124,2.4088,2.2161,2.3124,912294,2.4
2019-08-20,2.3124,2.4088,2.2161,2.3124,633137,2.4
2019-08-21,2.3124,2.4088,2.2161,2.3124,482288,2.4
2019-08-22,2.3124,2.3124,2.2161,2.3124,141530,2.4
2019-08-23,2.3124,2.3124,2.2161,2.2161,279000,2.3
2019-08-26,2.2161,2.3124,2.2161,2.2161,1435772,2.3
2019-08-27,2.2161,2.3124,2.2161,2.2161,158210,2.3
2019-08-28,2.2161,2.3124,2.1197,2.2161,813483,2.3
2019-08-29,2.2161,2.3124,2.2161,2.2161,261540,2.3
2019-08-30,2.3124,2.3124,2.2161,2.2161,619936,2.3
2019-09-03,2.2161,2.2161,2.1197,2.1197,633452,2.2
2019-09-04,2.1197,2.2161,2.1197,2.2161,1204475,2.3
2019-09-05,2.3124,2.3124,2.1197,2.2161,687194,2.3
2019-09-06,2.2161,2.3124,2.2161,2.2161,827613,2.3
2019-09-09,2.2161,2.2161,2.1197,2.2161,572918,2.3
2019-09-10,2.2161,2.3124,2.1197,2.2161,1067534,2.3
2019-09-11,2.1197,2.3124,2.1197,2.2161,836754,2.3
2019-09-12,2.2161,2.3124,2.1197,2.2161,309135,2.3
2019-09-13,2.2161,2.2161,2.1197,2.1197,286480,2.2
2019-09-16,2.2161,2.2161,2.1197,2.1197,417340,2.2
2019-09-17,2.1197,2.2161,2.1197,2.1197,1065913,2.2
2019-09-18,1.927,2.2161,1.927,2.2161,243550,2.3
2019-09-19,2.2161,2.2161,2.1197,2.1197,800355,2.2
2019-09-20,2.1197,2.2161,2.1197,2.1197,507327,2.2
2019-09-23,2.1197,2.2161,2.1197,2.1197,317735,2.2
2019-09-24,2.2161,2.2161,2.1197,2.1197,233498,2.2
2019-09-25,2.2161,2.3124,2.1197,2.3124,1767144,2.4
2019-09-26,2.3124,2.5051,2.3124,2.4088,2553537,2.5
2019-09-27,2.4088,2.4088,2.3124,2.3124,1213150,2.4
2019-09-30,2.3124,2.3124,2.2161,2.2161,832810,2.3
2019-10-01,2.2161,2.3124,2.2161,2.2161,981050,2.3
2019-10-02,2.2161,2.3124,2.2161,2.2161,583690,2.3
2019-10-03,2.2161,2.3124,2.1197,2.2161,647500,2.3
2019-10-04,2.2161,2.3124,2.2161,2.2161,170888,2.3
2019-10-07,2.2161,2.3124,2.2161,2.2161,620960,2.3
2019-10-08,2.2161,2.3124,2.2161,2.2161,707252,2.3
2019-10-09,2.2161,2.3124,2.1197,2.2161,415985,2.3
2019-10-10,2.2161,2.2161,2.1197,2.2161,340380,2.3
2019-10-11,2.2161,2.2161,2.1197,2.2161,473387,2.3
2019-10-14,2.2161,2.3124,2.2161,2.3124,1065125,2.4
2019-10-15,2.3124,2.4088,2.2161,2.4088,1404373,2.5
2019-10-16,2.4088,2.6015,2.4088,2.5051,6002453,2.6
2019-10-17,2.5051,2.6015,2.5051,2.5051,1295070,2.6
2019-10-18,2.5051,2.6015,2.4088,2.5051,2080982,2.6
2019-10-21,2.6015,2.6015,2.4088,2.5051,3484528,2.6
2019-10-22,2.5051,2.5051,2.4088,2.4088,1022357,2.5
2019-10-23,2.4088,2.5051,2.3124,2.4088,906880,2.5
2019-10-24,2.4088,2.5051,2.3124,2.3124,1464175,2.4
2019-10-25,2.3124,2.4088,2.2161,2.3124,1194828,2.4
2019-10-28,2.3124,2.4088,2.3124,2.3124,555399,2.4
2019-10-29,2.3124,2.4088,2.3124,2.4088,402615,2.5
2019-10-30,2.4088,2.4088,2.3124,2.3124,280825,2.4
2019-10-31,2.4088,2.5051,2.3124,2.3124,2216592,2.4
2019-11-01,2.4088,2.4088,2.3124,2.3124,614082,2.4
2019-11-04,2.3124,2.4088,2.2161,2.3124,1386457,2.4
2019-11-05,2.3124,2.4088,2.2161,2.4088,997713,2.5
2019-11-06,2.4088,2.4088,2.3124,2.3124,587547,2.4
2019-11-07,2.3124,2.4088,2.3124,2.3124,961094,2.4
2019-11-08,2.3124,2.4088,2.3124,2.3124,514837,2.4
2019-11-11,2.3124,2.5051,2.3124,2.5051,2868664,2.6
2019-11-12,2.5051,2.6978,2.4088,2.6015,5134544,2.7
2019-11-13,2.6015,2.6978,2.5051,2.5051,2975572,2.6
2019-11-14,2.5051,2.5051,2.4088,2.4088,863660,2.5
2019-11-15,2.4088,2.6015,2.4088,2.4088,1822681,2.5
2019-11-18,2.4088,2.5051,2.4088,2.4088,625857,2.5
2019-11-19,2.4088,2.6015,2.4088,2.5051,1064370,2.6
2019-11-20,2.5051,2.6015,2.4088,2.5051,1047490,2.6
2019-11-21,2.5051,2.5051,2.4088,2.4088,319200,2.5
2019-11-22,2.5051,2.5051,2.3124,2.4088,1604100,2.5
2019-11-25,2.4088,2.5051,2.4088,2.4088,640212,2.5
2019-11-26,2.5051,2.5051,2.3124,2.4088,1463527,2.5
2019-11-27,2.4088,2.5051,2.3124,2.4088,450066,2.5
2019-11-28,2.4088,2.4088,2.3124,2.4088,709870,2.5
2019-11-29,2.4088,2.4088,2.3124,2.4088,451865,2.5
2019-12-02,2.4088,2.5051,2.4088,2.4088,877093,2.5
2019-12-03,2.5051,2.5051,2.4088,2.4088,1111429,2.5
2019-12-04,2.4088,2.4088,2.3124,2.4088,93876,2.5
2019-12-05,2.4088,2.4088,2.3124,2.4088,185610,2.5
2019-12-06,2.4088,2.4088,2.3124,2.3124,261336,2.4
2019-12-09,2.3124,2.4088,2.3124,2.3124,1491326,2.4
2019-12-10,2.4088,2.4088,2.2161,2.3124,1354876,2.4
2019-12-11,2.3124,2.3124,2.2161,2.3124,802280,2.4
2019-12-12,2.3124,2.4088,2.2161,2.3124,2215492,2.4
2019-12-13,2.3124,2.4088,2.3124,2.4088,1261341,2.5
2019-12-16,2.4088,2.4088,2.3124,2.3124,417758,2.4
2019-12-17,2.3124,2.5051,2.3124,2.5051,7166814,2.6
2019-12-18,2.6015,2.6015,2.4088,2.4088,1278368,2.5
2019-12-19,2.4088,2.5051,2.3124,2.4088,2146241,2.5
2019-12-20,2.4088,2.4088,2.3124,2.3124,1065224,2.4
2019-12-23,2.3124,2.5051,2.3124,2.4088,1790016,2.5
2019-12-24,2.4088,2.4088,2.3124,2.3124,203440,2.4
2019-12-25,2.4088,2.4088,2.3124,2.3124,2256957,2.4
2019-12-26,2.3124,2.4088,2.3124,2.3124,1105725,2.4
2019-12-27,2.3124,2.3124,2.2161,2.3124,1796542,2.4
2019-12-30,2.3124,2.3124,2.2161,2.2161,744355,2.3
2019-12-31,2.2161,2.3124,2.1197,2.3124,2910070,2.4
2020-01-02,2.3124,2.3124,2.2161,2.3124,576860,2.4
2020-01-03,2.3124,2.3124,2.2161,2.3124,457610,2.4
2020-01-06,2.2161,2.3124,2.2161,2.2161,1459956,2.3
2020-01-07,2.2161,2.3124,2.2161,2.2161,250765,2.3
2020-01-08,2.2161,2.2161,2.1197,2.2161,1058291,2.3
2020-01-09,2.2161,2.3124,2.1197,2.2161,812388,2.3
2020-01-10,2.2161,2.2161,2.1197,2.2161,555210,2.3
2020-01-13,2.2161,2.2161,2.1197,2.1197,1200240,2.2
2020-01-14,2.2161,2.2161,2.0234,2.0234,479935,2.1
2020-01-15,2.1197,2.2161,2.0234,2.1197,581463,2.2
2020-01-16,2.2161,2.2161,2.1197,2.1197,370320,2.2
2020-01-17,2.1197,2.2161,2.0234,2.1197,532450,2.2
2020-01-20,2.1197,2.2161,2.1197,2.1197,643474,2.2
2020-01-21,2.1197,2.2161,2.1197,2.1197,552110,2.2
2020-01-22,2.1197,2.3124,2.1197,2.2161,1727659,2.3
2020-01-30,2.2161,2.3124,2.1197,2.2161,1160000,2.3
2020-01-31,2.2161,2.2161,2.1197,2.1197,1232564,2.2
2020-02-03,2.1197,2.1197,1.927,2.0234,2265477,2.1
2020-02-04,2.0234,2.0234,1.927,2.0234,850360,2.1
2020-02-05,2.0234,2.1197,1.927,2.0234,696820,2.1
2020-02-06,2.0234,2.1197,1.927,2.0234,1584409,2.1
2020-02-07,2.1197,2.1197,2.0234,2.1197,219201,2.2
2020-02-10,2.1197,2.1197,2.0234,2.0234,418336,2.1
2020-02-11,2.0234,2.1197,2.0234,2.0234,583536,2.1
2020-02-12,2.1197,2.1197,2.0234,2.1197,214164,2.2
2020-02-13,2.0234,2.1197,2.0234,2.0234,337961,2.1
2020-02-14,2.1197,2.1197,2.0234,2.0234,329935,2.1
2020-02-17,2.0234,2.1197,2.0234,2.0234,792920,2.1
2020-02-18,2.0234,2.1197,2.0234,2.0234,107574,2.1
2020-02-19,2.0234,2.1197,2.0234,2.1197,767202,2.2
2020-02-20,2.0234,2.1197,2.0234,2.0234,265066,2.1
2020-02-21,2.0234,2.1197,2.0234,2.0234,771728,2.1
2020-02-24,2.0234,2.0234,1.8307,1.927,1991985,2
2020-02-25,1.927,1.927,1.8307,1.927,1791437,2
2020-02-26,1.927,1.927,1.8307,1.927,79150,2
2020-02-27,1.927,1.927,1.8307,1.927,199331,2
2020-02-28,1.8307,1.927,1.8307,1.927,479008,2
2020-03-02,1.8307,2.0234,1.8307,2.0234,1049210,2.1
2020-03-03,1.927,2.1197,1.927,2.0234,1890533,2.1
2020-03-04,2.0234,2.1197,1.927,2.0234,876710,2.1
2020-03-05,2.0234,2.1197,1.927,1.927,887651,2
2020-03-06,2.0234,2.1197,1.927,2.0234,933408,2.1
2020-03-09,1.927,1.927,1.8307,1.8307,3156875,1.9
2020-03-10,1.7343,1.927,1.7343,1.8307,1451447,1.9
2020-03-11,1.927,1.927,1.8307,1.8307,1330270,1.9
2020-03-12,1.7343,1.8307,1.7343,1.7343,2463380,1.8
2020-03-13,1.7343,1.7343,1.638,1.7343,2245452,1.8
2020-03-16,1.638,1.7343,1.638,1.638,1419318,1.7
2020-03-17,1.638,1.7343,1.5416,1.7343,1197297,1.8
2020-03-18,1.7343,1.8307,1.638,1.8307,23364925,1.9
2020-03-19,1.927,1.927,1.8307,1.927,8699732,2
2020-03-20,2.1197,2.1197,1.8307,1.927,5014334,2
2020-03-23,1.8307,1.927,1.7343,1.7343,5414760,1.8
2020-03-24,1.638,1.7343,1.638,1.638,4694349,1.7
2020-03-25,1.638,1.7343,1.5416,1.638,2676687,1.7
2020-03-26,1.638,1.638,1.5416,1.5416,5462560,1.6
2020-03-27,1.4453,1.5416,1.4453,1.4453,5523508,1.5
2020-03-30,1.3489,1.4453,1.3489,1.3489,2928212,1.4
2020-03-31,1.2526,1.3489,1.2526,1.2526,6730620,1.3
2020-04-01,1.1562,1.3489,1.1562,1.3489,2226499,1.4
2020-04-03,1.3489,1.4453,1.3489,1.4453,1698315,1.5
2020-04-06,1.4453,1.5416,1.3489,1.4453,4156861,1.5
2020-04-07,1.4453,1.5416,1.3489,1.4453,1698958,1.5
2020-04-08,1.4453,1.4453,1.3489,1.4453,1658953,1.5
2020-04-09,1.4453,1.5416,1.3489,1.4453,2848559,1.5
2020-04-10,1.4453,1.5416,1.3489,1.4453,4442860,1.5
2020-04-13,1.4453,1.5416,1.4453,1.5416,973949,1.6
2020-04-14,1.5416,1.5416,1.4453,1.4453,1579460,1.5
2020-04-15,1.4453,1.5416,1.3489,1.4453,2344863,1.5
2020-04-16,1.4453,1.5416,1.4453,1.4453,2072604,1.5
2020-04-17,1.5416,1.5416,1.4453,1.5416,6883483,1.6
2020-04-20,1.638,1.638,1.638,1.638,8890422,1.7
2020-04-21,1.7343,1.7343,1.638,1.638,10388999,1.7
2020-04-22,1.5416,1.7343,1.5416,1.7343,2102574,1.8
2020-04-23,1.638,1.7343,1.638,1.638,3511774,1.7
2020-04-24,1.5416,1.638,1.5416,1.638,3119985,1.7
2020-04-27,1.638,1.7343,1.5416,1.638,1280291,1.7
2020-04-28,1.638,1.7343,1.5416,1.638,971058,1.7
2020-04-29,1.638,1.7343,1.5416,1.7343,2263432,1.8
2020-05-04,1.7343,1.8307,1.638,1.638,6073880,1.7
2020-05-05,1.638,1.7343,1.5416,1.638,2598976,1.7
2020-05-06,1.638,1.638,1.5416,1.638,442367,1.7
2020-05-07,1.638,1.638,1.5416,1.638,696688,1.7
2020-05-08,1.638,1.7343,1.5416,1.638,10565362,1.7
2020-05-11,1.638,1.7343,1.638,1.7343,3808486,1.8
2020-05-12,1.7343,1.8307,1.638,1.7343,8908617,1.8
2020-05-13,1.7343,1.8307,1.7343,1.8307,12791116,1.9
2020-05-14,1.927,1.927,1.8307,1.927,3811387,2
2020-05-15,2.1197,2.1197,1.927,1.927,13160666,2
2020-05-18,1.8307,2.0234,1.8307,1.927,5713138,2
2020-05-19,1.927,2.0234,1.8307,1.927,5893992,2
2020-05-20,1.927,1.927,1.8307,1.927,2277118,2
2020-05-21,1.927,2.0234,1.8307,1.927,6699837,2
2020-05-22,1.927,2.0234,1.8307,1.8307,5399126,1.9
2020-05-25,1.927,1.927,1.8307,1.927,2091549,2
2020-05-26,1.927,2.0234,1.8307,1.927,4979009,2
2020-05-27,1.927,2.0234,1.8307,1.927,4196547,2
2020-05-28,1.8307,1.927,1.8307,1.927,2854237,2
2020-05-29,1.927,2.1197,1.8307,2.1197,11415118,2.2
2020-06-01,2.2161,2.3124,2.1197,2.3124,11919454,2.4
2020-06-02,2.3124,2.3124,2.1197,2.1197,8392280,2.2
2020-06-03,2.1197,2.2161,2.0234,2.2161,5585754,2.3
2020-06-04,2.2161,2.3124,2.2161,2.2161,6166170,2.3
2020-06-05,2.2161,2.3124,2.2161,2.2161,4244376,2.3
2020-06-08,2.3124,2.4088,2.3124,2.4088,14243261,2.5
2020-06-09,2.5051,2.5051,2.3124,2.4088,9021419,2.5
2020-06-10,2.5051,2.6015,2.3124,2.6015,7025555,2.7
2020-06-11,2.6015,2.7942,2.4088,2.4088,15612503,2.5
2020-06-12,2.4088,2.6015,2.2161,2.6015,14987611,2.7
2020-06-15,2.6015,2.7942,2.4088,2.6015,8288196,2.7
2020-06-16,2.6978,2.7942,2.5051,2.6978,9049181,2.8
2020-06-17,2.6978,2.6978,2.5051,2.5051,11906855,2.6
2020-06-18,2.4088,2.6015,2.4088,2.6015,4710506,2.7
2020-06-19,2.6015,2.6978,2.5051,2.6015,4100329,2.7
2020-06-22,2.6015,2.6978,2.5051,2.6015,4784445,2.7
2020-06-23,2.6015,2.6978,2.5051,2.6015,6530103,2.7
2020-06-24,2.6015,2.6978,2.5051,2.6015,3639855,2.7
2020-06-25,2.5051,2.7942,2.5051,2.7942,19592993,2.9
2020-06-26,2.8905,2.9869,2.7942,2.7942,9137847,2.9
2020-06-29,2.7942,2.8905,2.6015,2.6015,7082922,2.7
2020-06-30,2.6015,2.6978,2.4088,2.5051,12097809,2.6
2020-07-01,2.5051,2.6015,2.4088,2.5051,2755996,2.6
2020-07-02,2.5051,2.6015,2.5051,2.6015,1915613,2.7
2020-07-03,2.6015,2.6015,2.5051,2.5051,2482394,2.6
2020-07-06,2.5051,2.6015,2.4088,2.5051,2626711,2.6
2020-07-07,2.5051,2.6015,2.5051,2.5051,2760200,2.6
2020-07-08,2.5051,2.5051,2.4088,2.4088,1374793,2.5
2020-07-09,2.4088,2.6015,2.4088,2.6015,3963992,2.7
2020-07-10,2.6015,2.6015,2.4088,2.5051,2724432,2.6
2020-07-13,2.5051,2.6015,2.4088,2.5051,1694610,2.6
2020-07-14,2.4088,2.5051,2.4088,2.4088,1619609,2.5
2020-07-15,2.5051,2.6015,2.4088,2.4088,2888343,2.5
2020-07-16,2.4088,2.5051,2.4088,2.4088,1186346,2.5
2020-07-17,2.5051,2.5051,2.4088,2.4088,1930069,2.5
2020-07-20,2.4088,2.5051,2.3124,2.4088,5499889,2.5
2020-07-21,2.4088,2.5051,2.4088,2.4088,2935000,2.5
2020-07-22,2.4088,2.5051,2.3124,2.3124,2058203,2.4
2020-07-23,2.3124,2.4088,2.1197,2.2161,4728589,2.3
2020-07-24,2.2161,2.2161,2.0234,2.0234,8016918,2.1
2020-07-27,1.927,2.0234,1.8307,1.8307,6520206,1.9
2020-07-28,1.8307,1.927,1.7343,1.927,3228852,2
2020-07-29,2.0234,2.0234,1.7343,1.927,3667904,2
2020-07-30,1.927,2.0234,1.8307,1.8307,3424457,1.9
2020-07-31,1.8307,1.927,1.8307,1.927,1994012,2
2020-08-03,1.927,2.0234,1.8307,2.0234,3010914,2.1
2020-08-04,2.0234,2.2161,1.927,2.1197,4618444,2.2
2020-08-05,2.1197,2.1197,2.0234,2.1197,2317101,2.2
2020-08-06,2.1197,2.1197,2.0234,2.0234,4411360,2.1
2020-08-07,2.0234,2.1197,2.0234,2.1197,2210925,2.2
2020-08-10,2.0234,2.2161,2.0234,2.1197,2892946,2.2
2020-08-11,2.1197,2.2161,2.0234,2.1197,1975759,2.2
2020-08-12,2.1197,2.2161,2.0234,2.2161,1603636,2.3
2020-08-13,2.2161,2.2161,2.1197,2.1197,669496,2.2
2020-08-14,2.1197,2.2161,2.0234,2.0234,4362915,2.1
2020-08-17,2.0234,2.2161,2.0234,2.2161,5944180,2.3
2020-08-18,2.3124,2.4088,2.2161,2.2161,4849437,2.3
2020-08-19,2.2161,2.3124,2.2161,2.2161,1559869,2.3
2020-08-20,2.2161,2.3124,2.2161,2.3124,2184745,2.4
2020-08-21,2.3124,2.4088,2.2161,2.3124,4020155,2.4
2020-08-24,2.3124,2.4088,2.3124,2.3124,1287141,2.4
2020-08-25,2.3124,2.4088,2.2161,2.3124,3890297,2.4
2020-08-26,2.2161,2.4088,2.2161,2.4088,1184604,2.5
2020-08-27,2.4088,2.4088,2.3124,2.3124,568557,2.4
2020-08-28,2.3124,2.4088,2.3124,2.4088,1405408,2.5
2020-08-31,2.4088,2.5051,2.3124,2.4088,3929275,2.5
2020-09-01,2.4088,2.5051,2.3124,2.3124,2589030,2.4
2020-09-03,2.4088,2.5051,2.3124,2.4088,5250412,2.5
2020-09-04,2.4088,2.5051,2.3124,2.5051,2457814,2.6
2020-09-07,2.5051,2.5051,2.3124,2.3124,2509170,2.4
2020-09-08,2.3124,2.5051,2.3124,2.4088,2250461,2.5
2020-09-09,2.4088,2.5051,2.3124,2.5051,1334997,2.6
2020-09-10,2.5051,2.5051,2.4088,2.4088,872149,2.5
2020-09-11,2.4088,2.5051,2.4088,2.4088,2128905,2.5
2020-09-14,2.4088,2.5051,2.3124,2.4088,2013805,2.5
2020-09-15,2.5051,2.5051,2.4088,2.5051,2700030,2.6
2020-09-16,2.5051,2.6015,2.5051,2.5051,3679927,2.6
2020-09-17,2.5051,2.6015,2.4088,2.5051,2512797,2.6
2020-09-18,2.5051,2.6015,2.4088,2.5051,2236877,2.6
2020-09-21,2.5051,2.6978,2.5051,2.6015,5737142,2.7
2020-09-22,2.6015,2.6978,2.5051,2.6015,4005510,2.7
2020-09-23,2.6978,2.6978,2.5051,2.6015,902884,2.7
2020-09-24,2.6015,2.6015,2.5051,2.5051,1736153,2.6
2020-09-25,2.5051,2.6015,2.4088,2.5051,2977883,2.6
2020-09-28,2.6015,2.6015,2.5051,2.5051,744868,2.6
2020-09-29,2.6015,2.6015,2.5051,2.5051,1213340,2.6
2020-09-30,2.5051,2.6015,2.5051,2.6015,2372909,2.7
2020-10-01,2.6015,2.6978,2.5051,2.5051,4104833,2.6
2020-10-02,2.6015,2.6978,2.5051,2.6015,5614441,2.7
2020-10-05,2.6015,2.7942,2.6015,2.7942,6475104,2.9
2020-10-06,2.7942,2.7942,2.6978,2.6978,2876630,2.8
2020-10-07,2.6978,2.7942,2.6978,2.6978,3157386,2.8
2020-10-08,2.6978,2.7942,2.6015,2.7942,4002450,2.9
2020-10-09,2.7942,2.7942,2.6015,2.6015,13448717,2.7
2020-10-12,2.6015,2.6015,2.4088,2.5051,6350244,2.6
2020-10-13,2.5051,2.5051,2.4088,2.4088,1777179,2.5
2020-10-14,2.4088,2.6015,2.4088,2.5051,4823680,2.6
2020-10-15,2.6015,2.6015,2.4088,2.5051,2814630,2.6
2020-10-16,2.5051,2.5051,2.4088,2.5051,1208227,2.6
2020-10-19,2.5051,2.5051,2.4088,2.5051,1149778,2.6
2020-10-20,2.5051,2.5051,2.4088,2.5051,734085,2.6
2020-10-21,2.4088,2.5051,2.4088,2.4088,3407853,2.5
2020-10-22,2.4088,2.5051,2.4088,2.4088,754305,2.5
2020-10-23,2.4088,2.5051,2.4088,2.5051,715846,2.6
2020-10-26,2.5051,2.5051,2.3124,2.3124,3795014,2.4
2020-10-27,2.3124,2.4088,2.3124,2.3124,1190636,2.4
2020-10-28,2.3124,2.4088,2.2161,2.3124,2623725,2.4
2020-10-29,2.3124,2.4088,2.2161,2.4088,1263312,2.5
2020-10-30,2.4088,2.4088,2.3124,2.4088,1030185,2.5
2020-11-02,2.3124,2.4088,2.3124,2.3124,2025491,2.4
2020-11-03,2.3124,2.4088,2.3124,2.3124,2406845,2.4
2020-11-04,2.3124,2.4088,2.3124,2.3124,1054347,2.4
2020-11-05,2.3124,2.4088,2.3124,2.3124,789162,2.4
2020-11-06,2.3124,2.4088,2.2161,2.3124,473280,2.4
2020-11-09,2.3124,2.4088,2.2161,2.3124,1745595,2.4
2020-11-10,2.3124,2.4088,2.2161,2.3124,1121720,2.4
2020-11-11,2.3124,2.3124,2.2161,2.3124,240225,2.4
2020-11-12,2.3124,2.3124,2.2161,2.3124,920265,2.4
2020-11-13,2.3124,2.4088,2.2161,2.3124,3088115,2.4
2020-11-16,2.3124,2.4088,2.2161,2.3124,1498290,2.4
2020-11-17,2.3124,2.4088,2.3124,2.3124,1243189,2.4
2020-11-18,2.3124,2.4088,2.2161,2.3124,1684501,2.4
2020-11-19,2.3124,2.5051,2.3124,2.5051,6006961,2.6
2020-11-20,2.5051,2.6978,2.5051,2.6015,6358781,2.7
2020-11-23,2.6015,2.6015,2.5051,2.6015,2542038,2.7
2020-11-24,2.6015,2.6015,2.4088,2.4088,1664686,2.5
2020-11-25,2.4088,2.5051,2.4088,2.4088,2050515,2.5
2020-11-26,2.4088,2.6015,2.4088,2.5051,2167172,2.6
2020-11-27,2.5051,2.6015,2.5051,2.5051,999550,2.6
2020-11-30,2.5051,2.6015,2.4088,2.5051,1925787,2.6
2020-12-01,2.5051,2.6015,2.4088,2.6015,4454200,2.7
2020-12-02,2.6015,2.6978,2.5051,2.6015,4553995,2.7
2020-12-03,2.6015,2.6978,2.6015,2.6015,2755041,2.7
2020-12-04,2.6015,2.6978,2.5051,2.5051,2079996,2.6
2020-12-07,2.5051,2.6015,2.5051,2.6015,529522,2.7
2020-12-08,2.6015,2.6015,2.5051,2.6015,719110,2.7
2020-12-09,2.6015,2.7942,2.5051,2.7942,12156974,2.9
2020-12-10,2.8905,2.8905,2.6978,2.6978,4431569,2.8
2020-12-11,2.6978,2.7942,2.6015,2.6978,2329467,2.8
2020-12-14,2.6978,2.6978,2.6015,2.6978,1744296,2.8
2020-12-15,2.6978,2.8905,2.6978,2.8905,20491709,3
2020-12-16,2.9869,3.1796,2.9869,3.1796,5301843,3.3
2020-12-17,3.4686,3.4686,3.3723,3.4686,20930796,3.6
2020-12-18,3.565,3.7577,3.2759,3.6613,15416142,3.8
2020-12-21,3.854,3.854,3.565,3.565,8923902,3.7
2020-12-22,3.565,3.7577,3.4686,3.7577,8386639,3.9
2020-12-23,3.7577,4.0467,3.565,3.854,18157770,4
2020-12-24,3.854,4.2394,3.6613,4.1431,16144360,4.3
2020-12-25,4.1431,4.5285,4.0467,4.5285,14684781,4.7
2020-12-28,4.5285,4.7212,4.4321,4.6248,14956699,4.8
2020-12-29,4.6248,4.6248,4.3358,4.4321,11847664,4.6
2020-12-30,4.4321,4.5285,4.3358,4.3358,10249152,4.5
2020-12-31,4.3358,4.4321,4.0467,4.0467,12941928,4.2
2021-01-04,4.0467,4.4321,3.9504,4.2394,11309417,4.4
2021-01-05,4.3358,4.3358,4.0467,4.1431,9280002,4.3
2021-01-06,4.1431,4.2394,4.0467,4.2394,6725871,4.4
2021-01-07,4.2394,4.2394,4.0467,4.2394,6314064,4.4
2021-01-08,4.2394,4.6248,4.2394,4.4321,15773364,4.6
2021-01-11,4.4321,4.6248,4.3358,4.6248,9689199,4.8
2021-01-12,4.6248,4.7212,4.4321,4.5285,6961979,4.7
2021-01-13,4.5285,4.6248,4.3358,4.5285,9999697,4.7
2021-01-14,4.5285,4.5285,4.3358,4.4321,6586633,4.6
2021-01-15,4.4321,4.8175,4.3358,4.8175,16755988,5
2021-01-18,4.9139,5.2993,4.8175,4.9139,15144533,5.1
2021-01-19,5.0102,5.1066,4.4321,4.6248,27724134,4.8
2021-01-20,4.6248,5.0102,4.2394,5.0102,21209554,5.2
2021-01-21,5.1066,5.492,5.1066,5.3956,12332940,5.6
2021-01-22,5.492,5.492,5.2029,5.2993,9699779,5.5
2021-01-25,5.2993,5.2993,5.1066,5.2029,6829653,5.4
2021-01-26,5.2029,5.2029,4.7212,4.9139,14186397,5.1
2021-01-27,4.9139,4.9139,4.4321,4.4321,11824186,4.6
2021-01-28,4.3358,4.3358,4.0467,4.0467,10234395,4.2
2021-01-29,3.6613,4.4321,3.6613,4.4321,15454516,4.6
2021-02-01,4.4321,4.7212,4.0467,4.1431,12432340,4.3
2021-02-02,3.9504,4.4321,3.854,4.2394,7538355,4.4
2021-02-03,4.2394,4.6248,4.2394,4.4321,3559020,4.6
2021-02-04,4.3358,4.5285,4.2394,4.2394,4061598,4.4
2021-02-05,4.2394,4.3358,4.2394,4.2394,2531414,4.4
2021-02-08,4.3358,4.4321,4.1431,4.2394,4351923,4.4
2021-02-09,4.2394,4.4321,4.1431,4.2394,3541781,4.4
2021-02-17,4.3358,4.6248,4.3358,4.5285,3277550,4.7
2021-02-18,4.5285,4.6248,4.4321,4.5285,2432378,4.7
2021-02-19,4.5285,4.5285,4.4321,4.4321,1791871,4.6
2021-02-22,4.5285,4.5285,4.3358,4.4321,3422001,4.6
2021-02-23,4.4321,4.4321,4.3358,4.3358,2246827,4.5
2021-02-24,4.3358,4.7212,4.3358,4.7212,16821225,4.9
2021-02-25,4.8175,5.0102,4.8175,4.8175,5873004,5
2021-02-26,4.8175,4.9139,4.6248,4.8175,4713148,5
2021-03-01,4.8175,5.1066,4.8175,5.0102,5582674,5.2
2021-03-02,5.0102,5.0102,4.8175,4.9139,4133322,5.1
2021-03-03,4.9139,5.1066,4.8175,5.1066,6026514,5.3
2021-03-04,5.1066,5.2993,4.8175,5.0102,6994558,5.2
2021-03-05,4.9139,5.492,4.8175,5.3956,13525009,5.6
2021-03-08,5.3956,5.8774,5.3956,5.8774,13817646,6.1
2021-03-09,5.8774,6.1664,5.5883,5.9737,6920773,6.2
2021-03-10,5.781,6.0701,5.6847,5.8774,5371547,6.1
2021-03-11,5.8774,6.2628,5.781,5.9737,5080989,6.2
2021-03-12,5.9737,6.0701,5.781,5.8774,5619380,6.1
2021-03-15,5.8774,5.9737,5.6847,5.781,7012982,6
2021-03-16,5.781,5.781,5.492,5.6847,8929888,5.9
2021-03-17,5.6847,6.0701,5.6847,5.8774,7143146,6.1
2021-03-18,5.8774,5.9737,5.6847,5.8774,3488387,6.1
2021-03-19,5.8774,5.9737,5.6847,5.8774,4203898,6.1
2021-03-22,5.8774,5.8774,5.6847,5.781,3711108,6
2021-03-23,5.781,6.0701,5.6847,6.0701,11368262,6.3
2021-03-24,6.0701,6.0701,5.781,5.9737,7164179,6.2
2021-03-25,5.9737,5.9737,5.781,5.9737,4160217,6.2
2021-03-26,5.8774,5.9737,5.492,5.8774,6531074,6.1
2021-03-29,5.8774,6.4555,5.781,6.4555,20613704,6.7
2021-03-30,6.4555,6.7445,6.2628,6.3591,4722798,6.6
2021-03-31,6.3591,6.4555,6.2628,6.3591,3980344,6.6
2021-04-01,6.3591,6.8409,6.2628,6.4555,9421146,6.7
2021-04-02,6.4555,6.6482,6.3591,6.4555,5584627,6.7
2021-04-05,6.4555,6.9372,6.3591,6.8409,10919854,7.1
2021-04-06,6.7445,6.8409,6.6482,6.7445,4909765,7
2021-04-07,6.7445,7.0336,6.6482,6.9372,6661853,7.2
2021-04-08,6.9372,7.0336,6.7445,6.7445,6097138,7
2021-04-09,6.7445,7.1299,6.6482,7.0336,9603268,7.3
2021-04-12,7.0336,7.2263,6.9372,7.1299,6054772,7.4
2021-04-13,7.1299,7.2263,6.6482,6.7445,12502468,7
2021-04-14,6.7445,6.8409,6.4555,6.8409,6519136,7.1
2021-04-15,6.8409,6.8409,6.5518,6.6482,7963527,6.9
2021-04-16,6.6482,6.7445,6.0701,6.5518,13498568,6.8
2021-04-19,6.5518,6.6482,6.1664,6.2628,7230761,6.5
2021-04-20,6.2628,6.4555,6.1664,6.3591,5705232,6.6
2021-04-22,6.3591,6.3591,5.8774,5.8774,8389421,6.1
2021-04-23,5.8774,6.0701,5.781,6.0701,5448284,6.3
2021-04-26,6.0701,6.0701,5.6847,5.6847,5965680,5.9
2021-04-27,5.6847,5.8774,5.5883,5.781,3365758,6
2021-04-28,5.781,6.0701,5.6847,6.0701,4157049,6.3
2021-04-29,6.0701,6.0701,5.781,5.8774,2511548,6.1
2021-05-04,6.4555,6.4555,5.5883,5.6847,3258718,5.9
2021-05-05,5.6847,6.1664,5.6847,6.0701,3413773,6.3
2021-05-06,5.8774,6.0701,5.6847,5.8774,2453603,6.1
2021-05-07,5.781,5.8774,5.6847,5.781,3252586,6
2021-05-10,5.781,5.781,5.5883,5.781,3187183,6
2021-05-11,5.781,5.8774,5.6847,5.781,2827311,6
2021-05-12,5.781,5.9737,5.6847,5.9737,2732628,6.2
2021-05-13,5.9737,5.9737,5.781,5.781,2174654,6
2021-05-14,5.781,5.8774,5.6847,5.781,2699235,6
2021-05-17,5.781,5.781,5.6847,5.781,2613037,6
2021-05-18,5.781,5.781,5.5883,5.5883,2639110,5.8
2021-05-19,5.5883,6.0701,5.5883,6.0701,7460679,6.3
2021-05-20,6.4555,6.6482,6.1664,6.2628,10383475,6.5
2021-05-21,6.3591,6.3591,6.1664,6.1664,4598932,6.4
2021-05-24,6.1664,6.5518,6.1664,6.4555,5753944,6.7
2021-05-25,6.4555,6.4555,6.2628,6.3591,2544167,6.6
2021-05-26,6.3591,6.8409,6.2628,6.5518,8027053,6.8
2021-05-27,6.5518,6.6482,6.3591,6.3591,2717825,6.6
2021-05-28,6.3591,6.5518,6.3591,6.4555,3090211,6.7
2021-05-31,6.4555,6.5518,6.2628,6.2628,4084643,6.5
2021-06-01,6.3591,6.8409,6.1664,6.8409,17084705,7.1
2021-06-02,6.9372,7.2263,6.8409,6.9372,5681758,7.2
2021-06-03,7.0336,7.1299,6.9372,7.0336,3900799,7.3
2021-06-04,7.0336,7.1299,6.7445,6.9372,8425378,7.2
2021-06-07,6.9372,7.419,6.8409,7.2263,13775318,7.5
2021-06-08,7.2263,7.419,6.5518,6.7445,6807398,7
2021-06-09,6.6482,6.9372,6.5518,6.8409,5462559,7.1
2021-06-10,6.8409,7.0336,6.6482,6.8409,5472733,7.1
2021-06-11,6.9372,7.5153,6.8409,7.5153,15449972,7.8
2021-06-14,7.708,8.0934,7.708,7.9007,8540985,8.2
2021-06-15,7.8044,7.9971,7.1299,7.8044,3907138,8.1
2021-06-16,7.6117,8.1898,7.5153,8.0934,7971394,8.4
2021-06-17,8.0934,8.0934,7.9007,8.0934,3040906,8.4
2021-06-18,8.0934,8.2861,7.9971,8.1898,4546940,8.5
2021-06-21,8.1898,8.8642,8.1898,8.5752,6958257,8.9
2021-06-22,8.5752,8.7679,7.9971,8.0934,10726524,8.4
2021-06-23,8.0934,8.1898,7.8044,8.0934,4594364,8.4
2021-06-24,8.0934,8.2861,7.9971,8.0934,2980092,8.4
2021-06-25,8.0934,8.0934,7.9007,7.9971,2087811,8.3
2021-06-28,7.9971,8.1898,7.9007,7.9971,2960219,8.3
2021-06-29,7.9971,7.9971,7.708,7.8044,3305980,8.1
2021-06-30,7.8044,7.8044,7.5153,7.6117,3647139,7.9
2021-07-01,7.6117,8.2861,7.3226,8.1898,7218904,8.5
2021-07-02,8.1898,8.2861,7.9971,7.9971,3324493,8.3
2021-07-05,7.9971,8.0934,7.6117,7.8044,2813083,8.1
2021-07-06,7.8044,7.8044,7.3226,7.3226,4171998,7.6
2021-07-07,7.419,7.6117,7.1299,7.419,3018051,7.7
2021-07-08,7.3226,7.419,7.0336,7.2263,3202625,7.5
2021-07-09,7.1299,7.3226,6.9372,7.0336,2840338,7.3
2021-07-12,7.0336,7.0336,6.3591,6.4555,8464024,6.7
2021-07-13,6.4555,6.8409,6.3591,6.7445,3501283,7
2021-07-14,6.7445,7.0336,6.5518,6.7445,2774610,7
2021-07-15,6.7445,7.2263,6.6482,7.2263,2908192,7.5
2021-07-16,7.2263,7.3226,7.0336,7.3226,3006380,7.6
2021-07-19,7.2263,7.2263,6.8409,7.1299,4203959,7.4
2021-07-20,6.9372,7.2263,6.9372,7.2263,939770,7.5
2021-07-21,7.2263,7.3226,7.0336,7.0336,683560,7.3
2021-07-22,7.0336,7.708,6.9372,7.5153,8591442,7.8
2021-07-23,7.6117,7.708,7.5153,7.5153,2882446,7.8
2021-07-26,7.5153,7.9007,7.3226,7.8044,4041131,8.1
2021-07-27,7.9007,8.0934,7.8044,7.8044,3702591,8.1
2021-07-28,7.8044,7.9971,7.8044,7.9971,3924331,8.3
2021-07-29,7.9007,8.2861,7.9007,8.0934,3471063,8.4
2021-07-30,8.0934,8.1898,7.9007,8.0934,3014644,8.4
2021-08-02,8.0934,8.0934,7.708,7.8044,3535986,8.1
2021-08-03,7.8044,7.9007,7.708,7.708,2350743,8
2021-08-04,7.708,7.9007,7.6117,7.708,1378649,8
2021-08-05,7.708,8.0934,7.708,7.9971,1747171,8.3
2021-08-06,7.9971,8.1898,7.9007,7.9971,4338753,8.3
2021-08-09,7.9971,8.4788,7.9971,8.4788,6395689,8.8
2021-08-10,8.4788,8.5752,8.2861,8.4788,2696716,8.8
2021-08-11,8.4788,8.4788,8.2861,8.2861,3112904,8.6
2021-08-12,8.2852,9.056,8.1889,8.7678,9149691,9.1
2021-08-13,8.8642,8.9606,8.5752,8.8642,4278436,9.2
2021-08-16,8.8642,9.0569,8.7679,8.9606,2686406,9.3
2021-08-17,8.9596,8.9596,8.6706,8.7678,3619362,9.1
2021-08-18,8.6715,8.8642,8.5752,8.6715,2482678,9
2021-08-19,8.5752,8.7679,8.5752,8.5752,3079120,8.9
2021-08-20,8.5752,9.0569,8.1898,8.3825,9013992,8.7
2021-08-23,8.3825,8.5752,8.2861,8.2861,3317056,8.6
2021-08-24,8.2861,8.3825,8.0934,8.2861,2606764,8.6
2021-08-25,8.1898,8.2861,7.8044,8.1898,2027896,8.5
2021-08-26,8.2861,8.3825,8.0934,8.1898,1620693,8.5
2021-08-27,8.2861,8.4788,7.9971,8.4788,1745696,8.8
2021-08-30,8.5752,9.1533,8.4788,8.8642,11638280,9.2
2021-08-31,8.8642,9.0569,8.6715,8.6715,3686551,9
2021-09-01,8.6715,8.9606,8.6715,8.8642,2818795,9.2
2021-09-06,8.8642,9.346,8.8642,8.9606,8144698,9.3
2021-09-07,9.0569,9.0569,8.6715,8.6715,3854980,9
2021-09-08,8.6715,8.7679,8.4788,8.5752,4016057,8.9
2021-09-09,8.4788,8.6715,8.0934,8.6715,2950104,9
2021-09-10,8.6715,8.7679,8.4788,8.4788,2609741,8.8
2021-09-13,8.4788,8.5752,8.1898,8.2861,3758058,8.6
2021-09-14,8.1898,8.3825,8.1898,8.2861,2940780,8.6
2021-09-15,8.2861,9.0569,8.2861,9.0569,9648962,9.4
2021-09-16,9.0569,9.5387,9.0569,9.1533,14393986,9.5
2021-09-17,9.1533,9.1533,8.8642,8.8642,2145949,9.2
2021-09-20,8.8642,9.0569,8.7679,8.8642,5195032,9.2
2021-09-21,8.8642,9.346,8.6715,9.2496,7798334,9.6
2021-09-22,9.346,10.1168,9.0569,10.1168,9267776,10.5
2021-09-23,10.1157,10.5974,9.5377,9.7313,6080509,10.1
2021-09-24,9.635,10.0204,9.5387,9.8277,3167172,10.2
2021-09-27,9.8277,10.0204,9.2496,9.346,4900673,9.7
2021-09-28,9.345,9.7303,9.2486,9.7313,2403427,10.1
2021-09-29,9.7314,10.2131,9.5387,9.9241,2784861,10.3
2021-09-30,10.0204,10.1168,9.8277,10.0204,1502165,10.4
2021-10-01,10.0204,10.0204,9.8277,10.0204,1446975,10.4
2021-10-04,10.0204,10.2131,9.9241,10.2131,2824061,10.6
2021-10-05,10.2131,10.3095,9.9241,10.0204,2638218,10.4
2021-10-06,10.1168,10.1168,9.9241,10.1168,2022275,10.5
2021-10-07,10.2131,10.3095,10.0204,10.3095,2282674,10.7
2021-10-08,10.3095,10.3095,10.0204,10.2131,1610198,10.6
2021-10-11,10.2131,10.3095,10.0204,10.0204,1520448,10.4
2021-10-12,10.0204,10.0204,9.7314,9.9241,3042199,10.3
2021-10-13,9.9241,10.0204,9.8277,9.9241,2126082,10.3
2021-10-14,9.9241,10.1168,9.8277,9.9241,1995763,10.3
2021-10-15,10.0204,10.0204,9.8277,9.9241,1430716,10.3
2021-10-18,10.0194,10.0194,9.7303,9.7313,1530518,10.1
2021-10-19,9.635,10.4058,9.635,10.1168,3517325,10.5
2021-10-20,10.1168,10.3095,9.9241,10.1168,1933649,10.5
2021-10-21,10.1168,10.2131,10.0204,10.1168,1526100,10.5
2021-10-22,10.1168,10.7912,10.0204,10.6949,5403483,11.1
2021-10-25,10.8876,11.3693,10.6949,11.0803,5973552,11.5
2021-10-26,11.0803,11.273,10.8876,11.0803,1699216,11.5
2021-10-27,11.0803,11.273,10.9839,11.0803,3132283,11.5
2021-10-28,11.0803,12.1401,10.8876,12.1401,8361235,12.6
2021-10-29,12.1401,12.9109,12.1401,12.5255,5782845,13
2021-11-01,12.5255,13.2,12.2365,12.3328,2829994,12.8
2021-11-02,12.3328,13.0073,12.1401,12.8146,3376980,13.3
2021-11-03,13.0073,13.0073,11.9474,11.9474,4170118,12.4
2021-11-04,11.9474,12.7182,11.7547,12.4292,1985221,12.9
2021-11-05,12.4292,12.8146,12.2365,12.4292,1185770,12.9
2021-11-08,12.4292,13.0073,12.4292,12.8146,2445692,13.3
2021-11-09,12.9109,13.0073,12.6219,13.0073,1933629,13.5
2021-11-10,13.0073,13.489,12.9109,13.2963,1684625,13.8
2021-11-11,13.3927,13.3927,13.0073,13.1036,2032109,13.6
2021-11-12,13.3927,13.8744,13.1036,13.6817,2932055,14.2
2021-11-15,13.6817,15.0306,13.489,14.7416,4667405,15.3
2021-11-16,14.7416,15.0306,13.9708,14.1635,3287692,14.7
2021-11-17,14.1635,14.4525,13.9708,14.3562,1849811,14.9
2021-11-18,14.3562,14.7416,14.2598,14.5489,2544656,15.1
2021-11-19,14.5489,15.6087,14.0671,14.7416,4626021,15.3
2021-11-22,14.7416,15.2233,13.2963,13.5854,4362886,14.1
2021-11-23,13.489,14.3562,13.1036,14.2598,2457705,14.8
2021-11-24,14.4525,14.4525,14.0671,14.3562,3121046,14.9
2021-11-25,14.3562,14.9343,14.2598,14.7416,2961320,15.3
2021-11-26,14.7416,14.9343,14.3562,14.3562,2028638,14.9
2021-11-29,14.3562,14.6452,13.489,14.6452,1947465,15.2
2021-11-30,14.6452,16.0905,14.6452,16.0905,8231754,16.7
2021-12-01,17.054,17.6321,16.2832,17.6321,3963525,18.3
2021-12-02,19.3664,19.3664,17.7284,18.3065,6583409,19
2021-12-03,18.2102,18.4029,16.4759,16.8613,7381672,17.5
2021-12-06,16.5722,17.343,15.9941,16.3795,3129563,17
2021-12-07,16.4759,18.0175,16.4759,18.0175,2537729,18.7
2021-12-08,18.3065,19.0773,17.8248,17.8248,1788004,18.5
2021-12-09,17.8248,18.4029,17.343,18.1138,2108620,18.8
2021-12-10,18.6919,19.8481,17.4394,17.6321,2138917,18.3
2021-12-13,17.7284,18.2102,17.5357,17.9211,1385727,18.6
2021-12-14,18.0175,18.3065,17.8248,18.0175,2627094,18.7
2021-12-15,18.1138,19.27,17.7284,19.0773,4516094,19.8
2021-12-16,19.0773,19.6554,18.1138,18.981,2406472,19.7
2021-12-17,18.981,19.27,18.3065,18.4029,2301771,19.1
2021-12-20,18.4992,18.6919,17.9211,18.1138,2290067,18.8
2021-12-21,18.1138,18.2102,17.5357,17.8248,1966467,18.5
2021-12-22,17.9211,18.4992,17.8248,17.9211,1463275,18.6
2021-12-23,17.9211,18.4029,17.5357,18.2102,2380695,18.9
2021-12-24,18.2102,19.0773,18.2102,18.3065,2485857,19
2021-12-27,18.5956,19.27,18.5956,18.8846,3712406,19.6
2021-12-28,18.8846,20.7153,18.8846,19.9445,5588554,20.7
2021-12-29,20.2335,20.2335,19.4627,19.5591,2291511,20.3
2021-12-30,19.5591,20.7153,19.3664,19.7518,2094084,20.5
2021-12-31,19.6554,20.0408,18.7883,20.0408,2754450,20.8
2022-01-04,20.0408,20.7153,19.7518,20.2335,2167408,21
2022-01-05,20.2335,20.2335,19.7518,19.8481,1951693,20.6
2022-01-06,19.9445,21.197,19.6554,20.7153,3092805,21.5
2022-01-07,20.7153,21.197,20.3299,20.908,2188037,21.7
2022-01-10,21.0043,21.197,19.8481,19.8481,2855134,20.6
2022-01-11,19.9445,20.7153,19.27,19.8481,2517578,20.6
2022-01-12,19.8481,19.9445,17.9211,18.7883,3969638,19.5
2022-01-13,18.981,19.27,17.4394,18.3065,2712116,19
2022-01-14,18.0175,19.27,17.054,18.6919,1751529,19.4
2022-01-17,18.6919,19.5591,17.4394,18.2102,2657690,18.9
2022-01-18,17.8248,18.6919,17.4394,18.4992,1415134,19.2
2022-01-19,18.4029,18.981,16.6686,18.6919,1195008,19.4
2022-01-20,18.6919,19.4627,18.3065,19.3664,1748588,20.1
2022-01-21,19.3664,19.9445,18.981,19.3664,1165302,20.1
2022-01-24,19.27,20.3299,18.8846,19.6554,3034779,20.4
2022-01-25,19.6554,20.2335,19.27,19.9445,1136165,20.7
2022-01-26,19.9445,21.197,19.8481,20.4262,2586052,21.2
2022-01-27,20.4262,20.8116,20.1372,20.5226,1139356,21.3
2022-01-28,20.5226,20.908,19.6554,20.7153,2027857,21.5
2022-02-07,20.7153,21.7751,20.7153,21.5824,3013200,22.4
2022-02-08,22.1605,22.4496,21.2934,22.2569,2424864,23.1
2022-02-09,22.6399,23.1216,21.6765,22.0641,3437324,22.9
2022-02-10,21.7751,22.4496,21.7751,22.1605,1471474,23
2022-02-11,22.0642,22.7386,21.8715,22.6423,1339949,23.5
2022-02-14,22.6423,22.6423,21.7751,22.1605,1679970,23
2022-02-15,22.1582,22.4472,21.7728,22.0641,1629306,22.9
2022-02-16,22.0642,22.3532,21.9678,22.2569,1191067,23.1
2022-02-17,22.3532,22.5459,22.0642,22.3532,1042816,23.2
2022-02-18,22.2569,22.5459,21.9678,22.3532,1606537,23.2
2022-02-21,22.3509,23.9887,22.2545,23.9911,3373460,24.9
2022-02-22,23.9912,24.8583,23.3167,24.1839,2985286,25.1
2022-02-23,24.5693,26.5926,24.4729,26.5926,4905863,27.6
2022-02-24,26.5926,28.4233,25.051,28.2306,6962738,29.3
2022-02-25,28.2306,30.543,27.7488,29.5795,3159391,30.7
2022-02-28,29.5795,30.832,29.0977,30.0612,3084858,31.2
2022-03-01,30.0612,30.1576,27.0744,27.4598,6834833,28.5
2022-03-02,27.0744,28.3269,26.689,27.8452,2481021,28.9
2022-03-03,27.8452,29.7722,27.8452,29.3868,2042041,30.5
2022-03-04,29.3868,30.7357,29.1941,30.543,2572841,31.7
2022-03-07,30.6393,32.759,29.8685,32.759,3050773,34
2022-03-08,32.8554,36.0349,32.2773,34.4933,4739999,35.8
2022-03-09,34.5897,35.6495,33.1444,34.4933,3140747,35.8
2022-03-10,34.8787,37.5765,33.7225,34.2043,2644818,35.5
2022-03-11,34.2043,35.6495,32.8554,35.5532,3465422,36.9
2022-03-14,35.5495,39.0177,35.5495,38.829,6904956,40.3
2022-03-15,39.5035,42.6831,38.8291,42.5867,6619284,44.2
2022-03-16,42.8758,46.5371,42.5867,44.8028,5132833,46.5
2022-03-17,44.8028,45.2845,40.8524,40.9488,7589373,42.5
2022-03-18,40.7561,44.9955,39.1181,44.9955,5403418,46.7
2022-03-21,45.2798,49.4224,45.2798,49.4275,3775536,51.3
2022-03-22,50.5838,51.8363,47.2115,47.9823,6117316,49.8
2022-03-23,47.6933,48.175,43.2612,43.2612,13693488,44.9
2022-03-24,40.467,42.0086,39.0218,39.0218,10148455,40.5
2022-03-25,37.5765,42.5867,35.7459,42.5867,7382992,44.2
2022-03-28,42.5867,42.8758,38.7327,40.3707,4082167,41.9
2022-03-29,40.178,42.5867,39.5035,41.3342,4449646,42.9
2022-03-30,39.9853,41.1415,37.2875,37.2875,9140145,38.7
2022-03-31,37.2875,37.2875,33.6262,33.6262,7628064,34.9
2022-04-01,30.832,35.5532,30.3503,34.4933,8901687,35.8
2022-04-04,34.5897,36.9984,34.4933,36.613,3048825,38
2022-04-05,36.4203,36.613,34.1079,34.4933,3080037,35.8
2022-04-06,33.5263,33.5263,31.1178,31.121,7851446,32.3
2022-04-07,30.9284,32.3736,29.9649,31.3138,3491873,32.5
2022-04-08,31.7955,33.3371,31.7955,32.2773,3469173,33.5
2022-04-12,32.2773,33.3371,31.2174,31.2174,3150084,32.4
2022-04-13,31.0247,31.7955,28.905,30.832,3092022,32
2022-04-14,30.832,31.6992,30.543,30.832,1805048,32
2022-04-18,29.7722,30.1576,26.8817,26.8817,5453445,27.9
2022-04-19,26.8817,27.9415,24.8583,25.5328,4003894,26.5
2022-04-20,25.5328,26.0145,23.0277,23.8948,4303003,24.8
2022-04-21,23.2204,26.2072,21.5824,26.0145,7571796,27
2022-04-22,26.0145,27.2671,24.0875,25.2437,3802888,26.2
2022-04-25,25.2437,25.8218,23.6058,24.0875,3099676,25
2022-04-26,23.124,25.3401,22.1605,25.051,2486089,26
2022-04-27,25.2437,27.5561,24.5693,27.5561,4114568,28.6
2022-04-28,28.4233,29.8685,27.7488,28.905,4702412,30
2022-04-29,28.8087,30.832,27.9415,29.0014,3461027,30.1
2022-05-04,29.1941,29.8685,27.7488,27.7488,3600594,28.8
2022-05-05,27.9415,28.616,25.5328,27.1707,4120404,28.2
2022-05-06,26.978,27.1707,24.4729,24.4729,3506012,25.4
2022-05-09,24.4704,24.4704,22.0619,22.0641,3892111,22.9
2022-05-10,19.9445,22.9313,19.9445,21.9678,2665545,22.8
2022-05-11,22.1605,22.835,21.7751,22.4496,2267453,23.3
2022-05-12,22.6423,22.6423,20.2335,20.5226,2635210,21.3
2022-05-13,21.4861,22.5459,18.7883,20.5226,3938543,21.3
2022-05-16,18.4992,22.0642,18.4992,20.5226,1500411,21.3
2022-05-17,20.5226,22.5459,20.0408,22.5459,2880268,23.4
2022-05-18,23.4131,23.6058,22.2569,22.9313,2229897,23.8
2022-05-19,22.4496,23.0277,21.0043,22.7386,1981356,23.6
2022-05-20,22.6423,24.9547,22.3532,24.9547,3900348,25.9
2022-05-23,26.0145,27.3634,25.051,26.1109,5315928,27.1
2022-05-24,26.1109,26.5926,24.5693,26.4963,2842456,27.5
2022-05-25,26.978,28.7123,26.5926,28.1342,3597329,29.2
2022-05-26,28.1342,28.3269,26.978,27.1707,2507571,28.2
2022-05-27,27.1707,28.2306,26.978,27.4598,2463304,28.5
2022-05-30,27.4598,30.1576,27.1707,30.0612,5465656,31.2
2022-05-31,30.832,31.0247,29.0977,29.8685,4078115,31
2022-06-01,29.1941,30.0612,28.7123,29.3868,2639597,30.5
2022-06-02,29.3868,31.7955,29.0014,31.4101,7206652,32.6
2022-06-03,31.7955,31.7955,29.9649,30.4466,3602396,31.6
2022-06-06,30.3503,31.6028,29.5795,29.5795,3559961,30.7
2022-06-07,29.5795,30.2539,27.1707,28.905,6992168,30
2022-06-08,29.0014,31.3138,29.0014,29.5795,4889565,30.7
2022-06-09,29.5795,30.6393,29.3868,30.3503,2581988,31.5
2022-06-10,29.8685,31.4101,29.6758,29.8685,5527939,31
2022-06-13,28.905,29.3868,26.8817,26.8817,5915786,27.9
2022-06-14,26.8817,26.8817,24.5693,25.3401,4805422,26.3
2022-06-15,25.051,26.1109,22.835,22.9313,5467166,23.8
2022-06-16,23.124,25.1474,23.124,24.8583,3403028,25.8
2022-06-17,24.6656,24.6656,22.5459,23.2204,3970370,24.1
2022-06-20,23.3167,24.3766,21.197,21.2934,3250416,22.1
2022-06-21,21.2934,23.4131,20.8116,22.6423,5158252,23.5
2022-06-22,22.6423,24.3766,22.6423,23.7985,2511650,24.7
2022-06-23,23.7985,24.762,23.2204,24.762,2135826,25.7
2022-06-24,25.051,25.3401,23.9912,24.1839,3420699,25.1
2022-06-27,24.1839,26.2072,24.1839,26.2072,3108893,27.2
2022-06-28,26.2072,27.3634,25.8218,26.689,2488277,27.7
2022-06-29,26.689,26.978,25.9182,26.0145,2868196,27
2022-06-30,26.0145,26.2072,24.0875,24.0875,3982740,25
2022-07-01,23.8948,26.4963,23.5094,25.8218,3469675,26.8
2022-07-04,26.0145,27.2671,25.8218,26.2072,2571040,27.2
2022-07-05,26.1109,26.4963,25.5328,25.6291,2626887,26.6
2022-07-06,25.4364,25.4364,23.5094,23.5094,4044398,24.4
2022-07-07,23.3143,24.2777,22.9289,23.9911,2156464,24.9
2022-07-08,24.1839,25.8218,24.1839,24.8583,1718480,25.8
2022-07-11,24.762,26.2072,24.5693,25.7255,3778417,26.7
2022-07-12,25.7255,26.689,25.5328,26.3999,2823840,27.4
2022-07-13,26.0145,26.8817,23.7985,26.1109,2737251,27.1
2022-07-14,26.1109,28.1342,25.5328,27.5561,4552195,28.6
2022-07-15,27.9415,28.4233,26.978,26.978,2654898,28
2022-07-18,27.0744,27.4598,26.0145,26.2072,3242291,27.2
2022-07-19,26.2072,27.2671,25.8218,27.1707,4605261,28.2
2022-07-20,27.4598,29.2904,27.4598,28.616,6886831,29.7
2022-07-21,28.616,28.7123,27.8452,27.8452,3073176,28.9
2022-07-22,27.9415,28.2306,27.4598,27.4598,2761939,28.5
2022-07-25,27.3634,28.4233,27.0744,28.0379,3589855,29.1
2022-07-26,28.1342,28.616,27.6525,27.6525,2679847,28.7
2022-07-27,27.5561,29.0977,26.978,28.7123,4508987,29.8
2022-07-28,29.1941,30.3503,28.905,28.905,7110027,30
2022-07-29,28.905,29.5795,28.4233,28.5196,4769544,29.6
2022-08-01,28.2306,29.4831,28.0379,29.2904,3596891,30.4
2022-08-02,29.2904,29.8685,28.905,28.905,4485760,30
2022-08-03,28.905,30.0612,28.3269,29.0014,4766130,30.1
2022-08-04,29.0014,29.5795,28.5196,28.5196,4090128,29.6
2022-08-05,28.5196,29.2904,27.6525,29.1941,3012922,30.3
2022-08-08,29.2904,30.832,29.1941,30.0612,6481819,31.2
2022-08-09,30.0612,30.3503,29.4831,29.6758,3481093,30.8
2022-08-10,29.6758,30.2539,29.3868,29.6758,3576093,30.8
2022-08-11,30.2539,30.3503,27.9415,28.0379,10326478,29.1
2022-08-12,27.7488,28.8087,27.4598,28.616,2936047,29.7
2022-08-15,28.905,28.905,28.2306,28.2306,2639762,29.3
2022-08-16,28.2306,28.4233,27.9415,28.1342,2952360,29.2
2022-08-17,28.1342,28.7123,27.5561,27.5561,4011967,28.6
2022-08-18,27.5561,27.7488,27.1707,27.1707,3045716,28.2
2022-08-19,27.5561,27.5561,26.978,27.2671,3437587,28.3
2022-08-22,27.2671,28.3269,26.978,28.0379,2996923,29.1
2022-08-23,28.0379,28.2306,27.6525,28.2306,1604422,29.3
2022-08-24,28.2306,28.5196,28.1342,28.2306,2336514,29.3
2022-08-25,28.2306,29.4831,27.9415,29.0977,5704396,30.2
2022-08-26,29.1941,29.3868,27.9415,28.1342,3056255,29.2
2022-08-29,27.9415,27.9415,26.2072,27.7488,5221505,28.8
2022-08-30,27.7488,28.5196,27.3634,27.4598,2640211,28.5
2022-08-31,27.4598,27.8452,27.1707,27.5561,1232858,28.6
2022-09-05,27.9415,27.9415,27.4598,27.4598,1186674,28.5
2022-09-06,27.4598,27.9415,27.4598,27.6525,1212953,28.7
2022-09-07,27.6525,27.8452,26.3999,26.3999,2952501,27.4
2022-09-08,26.3999,26.8817,25.3401,25.3401,3188158,26.3
2022-09-09,25.5328,26.5926,24.6656,26.5926,2875817,27.6
2022-09-12,26.689,26.689,25.8218,25.8218,1757033,26.8
2022-09-13,25.8218,26.0145,25.051,25.051,2237532,26
2022-09-14,24.5693,25.4364,24.1839,25.1474,2567376,26.1
2022-09-15,25.1474,25.6291,25.1474,25.2437,931838,26.2
2022-09-16,22.7386,25.2437,22.7386,24.0875,2873804,25
2022-09-19,24.0875,25.051,23.8948,24.5693,3859254,25.5
2022-09-20,24.5693,25.2437,24.5693,25.051,1485678,26
2022-09-21,24.8583,25.3401,24.762,24.9547,1230065,25.9
2022-09-22,24.6656,25.4364,24.0875,25.1474,1326891,26.1
2022-09-23,25.2437,25.8218,25.051,25.1474,1547407,26.1
2022-09-26,24.5693,25.1474,23.124,23.3167,3178231,24.2
2022-09-27,23.4131,23.7985,23.2204,23.7021,1665659,24.6
2022-09-28,23.6058,23.7985,22.6423,22.835,2167306,23.7
2022-09-29,23.124,23.5094,20.7153,20.7153,2891293,21.5
2022-09-30,19.7518,22.1605,18.6919,21.197,3433089,22
2022-10-03,21.197,21.3897,19.1737,20.7153,2793627,21.5
2022-10-04,20.7153,21.197,20.3299,20.7153,1634075,21.5
2022-10-05,21.197,22.0642,20.908,21.6788,1616227,22.5
2022-10-06,21.6788,21.7751,20.2335,20.7153,1746371,21.5
2022-10-07,20.7153,20.7153,18.7883,19.27,3252300,20
2022-10-10,19.27,20.5226,18.7883,20.3299,2355868,21.1
2022-10-11,20.3299,20.3299,18.3065,18.3065,2444030,19
2022-10-12,17.343,19.4627,16.8613,18.4992,1808383,19.2
2022-10-13,18.5956,18.7883,18.4029,18.4029,894991,19.1
2022-10-14,18.7883,19.0773,18.5956,18.6919,1380621,19.4
2022-10-17,18.5956,18.7883,18.1138,18.3065,877040,19
2022-10-18,18.4009,20.1351,18.3046,20.1371,2864272,20.9
2022-10-19,20.4262,20.8116,19.7518,19.7518,1526885,20.5
2022-10-20,19.7518,19.9445,18.981,19.27,1750719,20
2022-10-21,19.4627,19.4627,17.343,17.343,3842899,18
2022-10-24,17.343,17.8248,15.6087,15.6087,2526076,16.2
2022-10-25,14.2598,16.1868,14.0671,15.5124,6118614,16.1
2022-10-26,15.416,15.8014,15.0306,15.5124,2526868,16.1
2022-10-27,13.9708,16.5722,13.9708,16.5722,2735817,17.2
2022-10-28,16.5722,17.1503,16.0905,16.1868,1678571,16.8
2022-10-31,15.9941,16.3795,15.3197,15.8978,1215089,16.5
2022-11-01,16.1868,17.054,15.9941,16.5722,1734624,17.2
2022-11-02,16.5722,16.8613,16.1868,16.4759,743950,17.1
2022-11-03,16.0905,16.9576,15.9941,16.1868,1171710,16.8
2022-11-04,16.0905,16.1868,14.6452,15.416,3123472,16
2022-11-07,15.416,15.416,13.8744,13.8744,3106834,14.4
2022-11-08,12.5255,13.8744,12.5255,13.8744,3253001,14.4
2022-11-09,13.8744,14.4525,12.6219,14.1635,813866,14.7
2022-11-10,13.7781,13.7781,12.8146,12.8146,2171624,13.3
2022-11-11,11.562,13.1036,11.562,12.0438,6207358,12.5
2022-11-14,10.8876,12.0438,10.8876,11.562,4046453,12
2022-11-15,10.9839,10.9839,10.4058,10.4058,2169187,10.8
2022-11-16,9.4423,11.3693,9.4423,11.3693,4058704,11.8
2022-11-17,10.5022,12.3328,10.5022,12.3328,1547037,12.8
2022-11-18,11.3693,13.0073,11.273,12.4292,1785806,12.9
2022-11-21,11.273,13.5854,11.273,13.5854,1633617,14.1
2022-11-22,13.7781,14.9343,13.5854,13.6817,1845128,14.2
2022-11-23,13.5854,13.9708,13.1036,13.2,1194722,13.7
2022-11-24,13.1036,13.489,12.7182,13.2963,713967,13.8
2022-11-25,12.0438,14.2598,12.0438,14.2598,958021,14.8
2022-11-28,14.3562,15.6087,14.0671,15.6087,1560124,16.2
2022-11-29,15.8014,16.6686,14.9343,15.6087,2219674,16.2
2022-11-30,14.0671,15.9941,14.0671,15.416,1471015,16
2022-12-01,15.416,16.1868,15.127,15.2233,2346645,15.8
2022-12-02,15.8014,15.8014,14.7416,15.6087,2020015,16.2
2022-12-05,15.7051,17.1503,15.7051,17.054,4342073,17.7
2022-12-06,17.6321,18.6919,17.054,17.054,7148831,17.7
2022-12-07,17.054,17.9211,16.3795,16.3795,3641771,17
2022-12-08,16.3795,17.343,16.3795,17.2467,2803156,17.9
2022-12-09,18.0175,18.2102,16.5722,17.9211,3647734,18.6
2022-12-12,19.6554,19.6554,16.3795,16.3795,3575628,17
2022-12-13,16.8613,16.8613,15.0306,16.5722,5709586,17.2
2022-12-14,17.054,17.2467,16.2832,16.2832,4086278,16.9
2022-12-15,16.2832,16.7649,15.9941,16.1868,1803438,16.8
2022-12-16,16.1868,16.8613,15.8014,16.8613,2451488,17.5
2022-12-19,16.8613,17.054,15.416,15.416,2391070,16
2022-12-20,15.5124,15.7051,13.8744,14.0671,4547756,14.6
2022-12-21,14.2598,14.5489,13.0073,13.9708,1794248,14.5
2022-12-22,12.6219,14.2598,12.6219,13.8744,1555007,14.4
2022-12-23,13.9708,14.6452,13.8744,14.2598,1610275,14.8
2022-12-26,14.2598,14.5489,13.2963,13.2963,1533224,13.8
2022-12-27,13.2963,14.0671,12.9109,14.0671,1040161,14.6
2022-12-28,14.1635,14.2598,13.6817,13.9708,580868,14.5
2022-12-29,13.6817,14.3562,13.6817,13.6817,711029,14.2
2022-12-30,13.6817,13.9708,13.3927,13.5854,1336842,14.1
2023-01-03,13.6817,14.9343,13.489,14.9343,1985536,15.5
2023-01-04,14.9343,15.3197,14.5489,14.5489,1674324,15.1
2023-01-05,14.9343,14.9343,14.1635,14.5489,1314154,15.1
2023-01-06,14.5489,14.7416,13.9708,13.9708,1341558,14.5
2023-01-09,14.4525,14.4525,13.7781,13.7781,728317,14.3
2023-01-10,13.7781,14.5489,13.5854,14.1635,1064608,14.7
2023-01-11,14.4525,14.5489,14.0671,14.0671,756405,14.6
2023-01-12,13.9708,14.2598,13.9708,13.9708,462767,14.5
2023-01-13,14.4525,14.7416,13.9708,14.1635,1167107,14.7
2023-01-16,14.1635,14.3562,13.9708,14.2598,617834,14.8
2023-01-17,14.2598,15.2233,14.2598,15.0306,2109767,15.6
2023-01-18,15.2233,15.6087,15.0306,15.3197,1608630,15.9
2023-01-19,15.416,15.6087,15.0306,15.3197,1175325,15.9
2023-01-27,15.3197,15.8014,15.2233,15.416,2868775,16
2023-01-30,15.127,16.5722,15.127,15.9941,4859458,16.6
2023-01-31,16.2832,16.3795,15.8978,16.1868,2498117,16.8
2023-02-01,16.3795,16.6686,14.8379,14.8379,4703336,15.4
2023-02-02,14.6452,15.3197,14.0671,14.2598,2663963,14.8
2023-02-03,14.3562,15.127,14.2598,14.6452,2156864,15.2
2023-02-06,14.9343,14.9343,14.3562,14.5489,981907,15.1
2023-02-07,14.8379,14.8379,13.5854,13.6817,1974759,14.2
2023-02-08,13.6817,14.1635,13.2,13.5854,1552475,14.1
2023-02-09,13.5854,14.0671,13.5854,13.7781,920233,14.3
2023-02-10,13.8744,13.8744,13.489,13.5854,727646,14.1
2023-02-13,13.5854,13.5854,12.3328,12.9109,2605977,13.4
2023-02-14,12.9109,13.2963,12.9109,12.9109,718009,13.4
2023-02-15,12.9109,13.6817,12.9109,13.3927,1198530,13.9
2023-02-16,13.9708,13.9708,13.3927,13.5854,672636,14.1
2023-02-17,13.7781,13.8744,13.489,13.5854,1141824,14.1
2023-02-20,13.9708,14.5489,13.6817,14.5489,1483495,15.1
2023-02-21,14.5489,14.8379,14.1635,14.2598,1819754,14.8
2023-02-22,14.1635,14.6452,13.8744,14.1635,1953577,14.7
2023-02-23,13.6817,14.2598,13.6817,14.2598,1668903,14.8
2023-02-24,14.2598,14.4525,13.9708,14.2598,900803,14.8
2023-02-27,14.2598,14.2598,13.6817,13.7781,1185401,14.3
2023-02-28,13.7781,14.1635,13.7781,13.8744,776512,14.4
2023-03-01,13.8744,14.2598,13.6817,14.2598,1066005,14.8
2023-03-02,14.4525,15.2233,14.4525,15.0306,3272155,15.6
2023-03-03,15.127,15.6087,14.9343,14.9343,1832205,15.5
2023-03-06,15.0306,15.416,14.7416,14.8379,1734471,15.4
2023-03-07,15.0306,15.0306,14.3562,14.4525,1490500,15
2023-03-08,14.4525,15.0306,14.2598,15.0306,1091457,15.6
2023-03-09,15.127,15.3197,14.9343,14.9343,1212990,15.5
2023-03-10,15.0306,15.8978,14.8379,15.5124,4281090,16.1
2023-03-13,15.5124,15.8978,15.2233,15.416,1764687,16
2023-03-14,15.7051,15.7051,14.2598,14.3562,3447837,14.9
2023-03-15,14.8379,15.3197,14.6452,15.2233,1914731,15.8
2023-03-16,15.2233,15.2233,14.6452,14.7416,1083806,15.3
2023-03-17,15.0306,15.127,14.7416,15.127,2429754,15.7
2023-03-20,15.127,15.3197,14.7416,14.7416,1272771,15.3
2023-03-21,14.9343,14.9343,14.4525,14.8379,918435,15.4
2023-03-22,14.9343,15.0306,14.7416,14.8379,1222863,15.4
2023-03-23,14.7416,14.8379,14.5489,14.7416,1058493,15.3
2023-03-24,14.8379,15.127,14.7416,14.9343,1407178,15.5
2023-03-27,15.0306,15.2233,14.8379,15.2233,1256842,15.8
2023-03-28,13.7781,15.416,13.7781,14.9343,1766521,15.5
2023-03-29,15.0306,15.127,14.9343,14.9343,663005,15.5
2023-03-30,14.9343,15.7051,14.9343,15.2233,2680158,15.8
2023-03-31,15.2233,15.3197,15.0306,15.3197,1253855,15.9
2023-04-03,15.5124,15.8978,15.416,15.8014,2700798,16.4
2023-04-04,15.8978,16.0905,15.7051,15.7051,2270854,16.3
2023-04-05,15.7051,16.1868,15.6087,15.9941,2289473,16.6
2023-04-06,15.9941,17.1503,15.9941,16.2832,6997335,16.9
2023-04-07,16.3795,16.7649,16.2832,16.5722,2404910,17.2
2023-04-10,15.8978,16.9576,15.8978,15.9941,3425105,16.6
2023-04-11,15.9941,16.3795,15.6087,16.3795,2397414,17
2023-04-12,16.3795,16.5722,16.0905,16.0905,1661721,16.7
2023-04-13,16.2832,16.3795,15.8014,15.8014,1622319,16.4
2023-04-14,15.7051,15.9941,15.3197,15.3197,3065673,15.9
2023-04-17,15.3197,15.416,15.0306,15.127,1101597,15.7
2023-04-18,15.127,15.6087,15.127,15.6087,1430135,16.2
2023-04-19,15.6087,15.7051,15.2233,15.2233,850558,15.8
2023-04-20,15.2233,15.3197,15.127,15.2233,861518,15.8
2023-04-21,15.127,15.416,14.9343,14.9343,1193985,15.5
2023-04-24,15.127,15.127,14.6452,14.9343,1193922,15.5
2023-04-25,14.8379,15.3197,14.8379,14.8379,981168,15.4
2023-04-26,14.8379,15.127,14.7416,15.127,977275,15.7
2023-04-27,15.127,15.5124,15.127,15.2233,1535727,15.8
2023-04-28,15.5124,15.6087,15.3197,15.5124,872721,16.1
2023-05-04,15.5124,16.1868,15.5124,16.0905,2862128,16.7
2023-05-05,16.0905,16.1868,15.8014,15.8014,1506875,16.4
2023-05-08,15.8014,16.4759,15.8014,16.3795,2959240,17
2023-05-09,16.3795,16.8613,16.2832,16.2832,2178245,16.9
2023-05-10,16.2832,16.5722,16.2832,16.2832,1896051,16.9
2023-05-11,16.4759,16.7649,16.2832,16.4759,2101758,17.1
2023-05-12,16.3795,16.8613,16.3795,16.5722,2279380,17.2
2023-05-15,16.7649,17.6321,16.5722,17.054,4475875,17.7
2023-05-16,16.8613,17.1503,16.5722,16.7649,3113676,17.4
2023-05-17,16.8613,16.9576,16.1868,16.1868,2449220,16.8
2023-05-18,16.3795,16.3795,15.9941,16.0905,1792641,16.7
2023-05-19,16.0905,16.2832,15.9941,16.2832,1395206,16.9
2023-05-22,16.3795,16.9576,16.3795,16.8613,2017171,17.5
2023-05-23,16.8613,16.9576,16.2832,16.4759,1921882,17.1
2023-05-24,16.5722,16.9576,16.4759,16.6686,2707375,17.3
2023-05-25,16.6686,17.1503,16.4759,17.1503,3555153,17.8
2023-05-26,17.1503,17.5357,17.1503,17.2467,1851386,17.9
2023-05-29,17.4394,17.5357,17.2467,17.5357,2479317,18.2
2023-05-30,17.343,17.6321,17.1503,17.5357,2761629,18.2
2023-05-31,17.5357,18.4029,17.5357,17.8248,4464270,18.5
2023-06-01,17.8248,17.9211,17.5357,17.7284,2036765,18.4
2023-06-02,17.6321,18.1138,17.5357,17.5357,3519786,18.2
2023-06-05,17.6321,17.7284,17.4394,17.6321,2692318,18.3
2023-06-06,17.6321,18.0175,17.343,17.6321,3336502,18.3
2023-06-07,17.6321,17.9211,17.6321,17.9211,3747639,18.6
2023-06-08,17.9211,18.4992,17.6321,17.6321,5985278,18.3
2023-06-09,17.8248,17.8248,17.4394,17.7284,2541321,18.4
2023-06-12,17.8248,17.9211,17.5357,17.7284,1912154,18.4
2023-06-13,17.7284,18.1138,17.5357,17.9211,3184642,18.6
2023-06-14,17.9211,18.4029,17.7284,17.8248,3584701,18.5
2023-06-15,17.7284,17.9211,17.6321,17.6321,1738341,18.3
2023-06-16,17.6321,17.9211,17.343,17.343,3435428,18
2023-06-19,17.4394,17.5357,17.1503,17.343,2458984,18
2023-06-20,17.343,17.8248,17.1503,17.8248,1671301,18.5
2023-06-21,17.9211,19.5591,17.8248,19.3664,10001987,20.1
2023-06-22,19.4627,19.8481,19.1737,19.27,3453761,20
2023-06-23,19.27,19.5591,18.8846,19.27,4265090,20
2023-06-26,19.27,19.4627,18.4029,18.8846,4952213,19.6
2023-06-27,18.8846,19.4627,18.7883,18.981,4439608,19.7
2023-06-28,19.1737,19.1737,18.7883,18.7883,2309000,19.5
2023-06-29,18.8846,19.5591,18.6919,18.6919,4548721,19.4
2023-06-30,16.8613,18.8846,16.8613,18.5956,1670917,19.3
2023-07-03,19.4627,19.4627,18.5956,18.5956,1377351,19.3
2023-07-04,18.5956,18.8846,18.5956,18.7883,2197512,19.5
2023-07-05,19.27,19.27,18.7883,18.8846,2272200,19.6
2023-07-06,18.981,18.981,17.9211,18.4029,4277221,19.1
2023-07-07,18.4029,18.6919,18.2102,18.5956,1429012,19.3
2023-07-10,18.6919,18.981,18.6919,18.6919,2879190,19.4
2023-07-11,18.8846,19.6554,18.7883,19.3664,7510163,20.1
2023-07-12,19.3664,19.8481,19.0773,19.27,3066802,20
2023-07-13,19.27,19.5591,19.27,19.3664,2665221,20.1
2023-07-14,19.8481,20.2335,19.3664,19.7518,4670339,20.5
2023-07-17,19.8481,20.4262,19.6554,19.8481,4431750,20.6
2023-07-18,19.8481,20.1372,19.7518,19.7518,3297705,20.5
2023-07-19,19.8481,19.9445,19.3664,19.3664,2958145,20.1
2023-07-20,19.3664,19.8481,19.27,19.8481,1807105,20.6
2023-07-21,19.8481,20.1372,19.7518,20.0408,2279210,20.8
2023-07-24,20.0408,20.5226,19.8481,20.0408,4055106,20.8
2023-07-25,20.0408,20.2335,19.7518,19.7518,2825018,20.5
2023-07-26,20.5226,20.5226,19.4627,19.5591,2834302,20.3
2023-07-27,20.2335,20.2335,19.27,19.4627,3677802,20.2
2023-07-28,19.5591,19.9445,19.4627,19.6554,3288036,20.4
2023-07-31,20.0408,20.4262,19.7518,20.3299,5256680,21.1
2023-08-01,21.197,22.3532,20.4262,22.3532,11674272,23.2
2023-08-02,22.3532,24.2802,22.1605,23.4131,5755275,24.3
2023-08-03,23.4131,23.5094,22.5459,22.9313,6377803,23.8
2023-08-04,22.9313,23.9912,22.9313,23.8948,4528425,24.8
2023-08-07,24.0875,24.2802,23.4131,23.7021,3639899,24.6
2023-08-08,23.7021,24.5693,23.3167,23.6058,3806563,24.5
2023-08-09,23.6033,24.8557,23.6033,23.9911,3812547,24.9
2023-08-10,23.9912,24.5693,23.6058,23.8948,2900319,24.8
2023-08-11,24.0875,24.5693,23.7021,24.5693,4141023,25.5
2023-08-14,24.6656,26.8817,24.3766,26.3999,4011970,27.4
2023-08-15,26.3999,26.8817,25.9182,26.0145,3067640,27
2023-08-16,26.0145,26.4963,25.5328,26.0145,3808035,27
2023-08-17,26.0145,26.4963,25.5328,25.5328,3977060,26.5
2023-08-18,25.5301,26.6862,23.0253,23.0276,12888090,23.9
2023-08-21,21.3897,23.9912,21.3897,23.6058,5569034,24.5
2023-08-22,23.9912,24.1839,22.1605,23.5094,5258694,24.4
2023-08-23,23.8923,24.085,23.0253,23.0276,2157524,23.9
2023-08-24,23.4106,24.2777,22.8326,23.9911,5295942,24.9
2023-08-25,24.5693,24.762,23.9912,24.2802,5322905,25.2
2023-08-26,25.5,25.7,24.9,25.2,5322905,25.2
2023-08-28,24.762,26.1109,24.762,25.8218,7186448,26.8
2023-08-29,26.0145,26.689,24.6656,24.8583,7772203,25.8
2023-08-30,24.8583,25.3401,24.762,25.3401,5140476,26.3
2023-08-31,25.3401,25.6291,25.051,25.2437,3826709,26.2
2023-09-05,25.2437,25.8218,25.051,25.3401,4082574,26.3
2023-09-06,25.6291,27.4598,25.3401,27.4598,11538741,28.5
2023-09-07,27.8452,27.9415,26.7853,26.8817,5726265,27.9
2023-09-08,26.8817,27.3634,26.689,27.0744,4276938,28.1
2023-09-11,27.0744,27.4598,25.9182,25.9182,5973662,26.9
2023-09-12,26.4963,26.4963,25.6291,26.3999,5723374,27.4
2023-09-13,26.3036,27.3634,25.5328,25.8218,10343353,26.8
2023-09-14,25.8218,26.2072,24.2802,24.3766,9155601,25.3
2023-09-15,24.4729,24.8583,24.0875,24.3766,3853001,25.3
2023-09-18,24.5693,24.6656,23.7021,23.7021,3642278,24.6
2023-09-20,24.0875,24.8583,23.8948,24.8583,3088092,25.8
2023-09-21,24.9521,24.9521,23.8923,23.9911,4040961,24.9
2023-09-22,23.7985,23.7985,21.6788,22.1605,19241295,23
2023-09-25,22.1605,22.3532,19.9445,19.9445,6291504,20.7
2023-09-26,19.9445,21.5824,19.4627,20.3299,6768255,21.1
2023-09-27,20.5226,22.3532,20.3299,22.3532,7616963,23.2
2023-09-28,22.6423,22.6423,21.3897,22.1605,5570361,23
2023-09-29,22.2569,23.6058,21.7751,23.6058,7232901,24.5
2023-10-02,23.6058,23.6058,22.7386,23.3167,3937003,24.2
2023-10-03,23.124,23.124,21.197,21.2934,7140400,22.1
2023-10-04,21.1948,22.7362,20.7131,22.0641,4979008,22.9
2023-10-05,22.2569,22.4496,21.6788,21.6788,2865444,22.5
2023-10-06,21.6788,22.1605,21.197,22.1605,4815281,23
2023-10-09,22.3532,22.5459,21.9678,22.4496,2605065,23.3
2023-10-10,22.6423,23.2204,22.1605,22.1605,6026852,23
2023-10-11,22.2569,22.4496,21.7751,22.2569,4157582,23.1
2023-10-12,22.5459,22.9313,22.1605,22.6423,5072403,23.5
2023-10-13,22.6423,22.835,21.8715,22.6423,3832390,23.5
2023-10-16,22.835,23.4131,22.4496,22.9313,7855519,23.8
2023-10-17,22.9313,23.3167,21.4861,21.4861,4841183,22.3
2023-10-18,21.5824,21.8715,19.4627,21.0043,7713581,21.8
2023-10-19,20.908,21.0043,19.7518,19.7518,4645454,20.5
2023-10-20,19.5591,20.8116,19.5591,20.8116,4831158,21.6
2023-10-23,20.908,21.3897,20.2335,20.4262,2961419,21.2
2023-10-24,20.3299,20.8116,20.2335,20.8116,3162276,21.6
2023-10-25,20.908,21.1007,20.3299,20.3299,2429276,21.1
2023-10-26,20.2335,20.2335,18.3065,18.3065,11036588,19
2023-10-30,18.4992,18.4992,16.8613,16.8613,4073356,17.5
2023-10-31,16.8613,17.2467,15.7051,15.9941,6502439,16.6
2023-11-01,15.2233,16.8613,14.4525,16.8613,5661951,17.5
2023-11-02,17.2467,18.2102,16.9576,18.0175,10712002,18.7
2023-11-03,18.2102,18.6919,17.9211,18.3065,6761875,19
2023-11-06,18.3065,18.7883,17.8248,18.2102,3926366,18.9
2023-11-07,18.4029,18.4992,17.343,17.5357,6428449,18.2
2023-11-08,16.4741,19.1717,16.4741,19.1736,5301520,19.9
2023-11-09,19.1737,20.0408,18.981,19.3664,7765444,20.1
2023-11-10,19.27,19.8481,18.8846,18.981,6284286,19.7
2023-11-13,17.1503,19.4627,17.1503,18.7883,3748429,19.5
2023-11-14,18.7863,19.557,18.7863,19.1736,4150029,19.9
2023-11-15,19.5591,20.0408,19.27,19.3664,5700260,20.1
2023-11-16,19.1737,19.8481,19.1737,19.7518,3978473,20.5
2023-11-17,19.9424,20.1351,19.0753,19.1736,7683599,19.9
2023-11-20,19.0753,19.4607,18.3046,19.1736,3984882,19.9
2023-11-21,19.3664,20.4262,19.27,20.2335,7854134,21
2023-11-22,19.4627,20.4262,19.4627,20.3299,4379878,21.1
2023-11-23,19.7518,20.6189,19.27,19.27,10378045,20
2023-11-24,19.27,19.3664,18.2102,19.27,6654593,20
2023-11-27,19.27,19.3664,18.4992,18.5956,3117962,19.3
2023-11-28,18.5956,18.7883,18.0175,18.5956,5125679,19.3
2023-11-29,18.0175,18.8846,18.0175,18.7883,2490978,19.5
2023-11-30,18.8826,19.268,18.7863,19.1736,4708136,19.9
2023-12-01,19.1737,19.27,18.4992,18.7883,3540216,19.5
2023-12-04,19.0773,19.9445,18.981,19.7518,10712842,20.5
2023-12-05,19.3664,19.9445,19.3664,19.5591,5453059,20.3
2023-12-06,19.7518,20.7153,19.5591,20.5226,10505666,21.3
2023-12-07,20.7153,20.8116,19.4627,20.0408,11060645,20.8
2023-12-08,20.0387,20.5204,19.846,20.1371,7190525,20.9
2023-12-11,19.7518,20.4262,18.2102,19.9445,3602200,20.7
2023-12-12,19.9424,20.3277,19.7497,20.1371,4748158,20.9
2023-12-13,19.9445,20.8116,19.7518,19.8481,9573767,20.6
2023-12-14,20.0408,20.1372,18.8846,18.8846,9605208,19.6
2023-12-15,19.1737,19.1737,18.6919,18.7883,6964325,19.5
2023-12-18,18.7883,18.981,18.4029,18.4029,4650624,19.1
2023-12-19,16.8613,18.6919,16.8613,18.6919,4188780,19.4
2023-12-20,18.7883,18.8846,18.5956,18.6919,2531174,19.4
2023-12-21,18.6919,18.8846,18.4992,18.6919,2610332,19.4
2023-12-22,18.6919,18.981,18.4992,18.6919,2503655,19.4
2023-12-25,16.8613,19.0773,16.8613,18.981,2636427,19.7
2023-12-26,17.1503,19.1737,17.1503,18.981,2551319,19.7
2023-12-27,19.0773,19.1737,18.7883,18.7883,2811341,19.5
2023-12-28,18.981,18.981,18.6919,18.7883,2389496,19.5
2023-12-29,18.8846,19.9445,18.8846,19.4627,10614005,20.2
2024-01-02,19.7518,19.7518,19.1737,19.27,3906333,20
2024-01-03,19.27,20.0408,17.6321,19.4627,7616315,20.2
2024-01-04,19.7518,20.3299,19.5591,19.5591,11602561,20.3
2024-01-05,19.5591,19.8481,19.4627,19.7518,2781183,20.5
2024-01-08,19.268,20.3277,19.268,20.1371,7081070,20.9
2024-01-09,20.3299,20.3299,19.7518,20.0408,4109200,20.8
2024-01-10,20.0408,20.8116,19.8481,20.0408,12406849,20.8
2024-01-11,20.0408,20.4262,19.6554,19.7518,6509016,20.5
2024-01-12,19.7518,19.8481,18.981,19.4627,10705092,20.2
2024-01-15,19.4627,19.7518,18.5956,18.5956,8205246,19.3
2024-01-16,18.5936,19.1717,17.7266,19.1736,3770802,19.9
2024-01-17,19.0773,19.3664,18.8846,18.8846,5336686,19.6
2024-01-18,18.981,19.1737,18.8846,18.981,1657258,19.7
2024-01-19,19.0773,19.1737,18.7883,18.8846,3385386,19.6
2024-01-22,18.981,19.0773,18.5956,18.981,3584736,19.7
2024-01-23,18.981,19.3664,18.8846,18.8846,2944427,19.6
2024-01-24,18.8846,19.0773,18.7883,18.7883,2303698,19.5
2024-01-25,18.7883,18.8846,18.6919,18.7883,1374017,19.5
2024-01-26,18.7883,18.981,18.6919,18.7883,2360865,19.5
2024-01-29,18.7883,18.981,18.6919,18.7883,2424153,19.5
2024-01-30,18.7883,18.981,18.6919,18.981,3373589,19.7
2024-01-31,19.1737,19.1737,18.4992,18.4992,5187861,19.2
2024-02-01,18.6919,18.6919,18.3065,18.4029,4165989,19.1
2024-02-02,18.5956,18.7883,18.4029,18.4029,2940439,19.1
2024-02-05,18.4992,18.4992,18.0175,18.0175,4861352,18.7
2024-02-06,18.1138,18.2102,17.8248,18.0175,3006560,18.7
2024-02-07,17.8248,18.4992,17.8248,18.2102,2644406,18.9
2024-02-15,18.2102,18.6919,18.2102,18.4029,4473773,19.1
2024-02-16,18.5956,18.6919,18.4029,18.4992,3181998,19.2
2024-02-19,18.4992,18.5956,18.2102,18.4992,4342454,19.2
2024-02-20,18.4992,18.981,18.4992,18.6919,4727119,19.4
2024-02-21,18.6919,18.7883,18.1138,18.4992,2867751,19.2
2024-02-22,16.6686,18.5956,16.6686,18.3065,2607625,19
2024-02-23,18.3065,18.4992,17.7284,17.9211,6273755,18.6
2024-02-26,17.9211,17.9211,17.5357,17.7284,3894159,18.4
2024-02-27,17.7284,18.0175,17.343,17.9211,2558101,18.6
2024-02-28,17.5357,18.3065,16.5722,18.2102,4171766,18.9
2024-02-29,18.3065,18.4992,17.9211,18.4992,4569311,19.2
2024-03-01,18.5956,18.5956,18.2102,18.4029,2774712,19.1
2024-03-04,18.5956,18.8846,18.4992,18.5956,7019856,19.3
2024-03-05,16.7649,18.7883,16.7649,18.5956,3409290,19.3
2024-03-06,17.8248,18.6919,17.8248,18.2102,4868187,18.9
2024-03-07,18.3065,18.3065,17.9211,18.1138,2594120,18.8
2024-03-08,18.3065,18.4029,17.7284,18.1138,4680999,18.8
2024-03-11,18.1138,18.1138,17.6321,17.8248,2323533,18.5
2024-03-12,17.8248,17.8248,17.5357,17.8248,3266776,18.5
2024-03-13,17.8248,18.1138,17.7284,18.1138,2296349,18.8
2024-03-14,18.2102,18.3065,17.8248,17.9211,2875517,18.6
2024-03-15,17.9211,18.4992,17.9211,18.1138,5618163,18.8
2024-03-18,18.3065,18.4992,17.7284,18.1138,5132661,18.8
2024-03-19,18.4992,18.4992,18.1138,18.1138,2901355,18.8
2024-03-20,18.1138,18.3065,17.9211,18.2102,2580248,18.9
2024-03-21,17.343,18.8846,17.343,18.6919,10047071,19.4
2024-03-22,18.6919,18.981,18.4992,18.4992,4338484,19.2
2024-03-25,18.4992,18.981,18.4029,18.4992,6253099,19.2
2024-03-26,18.4029,18.6919,18.3065,18.4992,2941565,19.2
2024-03-27,18.5956,18.8846,18.4992,18.5956,3551172,19.3
2024-03-28,18.5956,19.4627,18.5956,18.981,7109090,19.7
2024-03-29,19.0773,19.27,18.5956,18.6919,3025053,19.4
2024-04-01,18.6919,18.7883,18.4029,18.4992,3357510,19.2
2024-04-02,18.4992,18.5956,18.3065,18.5956,4014857,19.3
2024-04-03,18.5956,18.981,18.4992,18.5956,5168219,19.3
2024-04-04,18.5956,18.6919,18.3065,18.3065,3302567,19
2024-04-05,18.3065,18.4029,18.0175,18.1138,3298519,18.8
2024-04-08,18.1138,18.1138,17.8248,17.8248,2633030,18.5
2024-04-09,17.9211,18.0175,17.7284,18.0175,1960535,18.7
2024-04-10,18.0175,18.1138,17.8248,17.8248,1645065,18.5
2024-04-11,17.7284,17.8248,17.4394,17.6321,2069561,18.3
2024-04-12,17.6321,18.1138,17.6321,18.1138,1999219,18.8
2024-04-15,18.0175,18.0175,16.4759,16.4759,5310510,17.1
2024-04-16,17.1503,17.1503,15.5124,16.5722,5765762,17.2
2024-04-17,16.5722,16.6686,15.8978,16.4759,3483567,17.1
2024-04-19,15.2233,16.4759,15.2233,16.1868,4370199,16.8
2024-04-22,16.5722,16.5722,15.8978,16.3795,2813577,17
2024-04-23,14.7416,16.3795,14.7416,16.1868,1886220,16.8
2024-04-24,14.8379,16.5722,14.7416,16.5722,2698515,17.2
2024-04-25,16.5722,16.5722,16.0905,16.4759,1952212,17.1
2024-04-26,16.3795,16.3795,15.9941,16.2832,1578938,16.9
2024-05-02,16.1868,16.2832,15.9941,16.2832,1751657,16.9
2024-05-03,16.1868,16.4759,16.1868,16.3795,2056320,17
2024-05-06,16.3795,16.6686,16.2832,16.5722,2172391,17.2
2024-05-07,16.5722,16.5722,16.2832,16.4759,2138512,17.1
2024-05-08,16.6686,16.6686,16.1868,16.4759,2776199,17.1
2024-05-09,16.5722,17.343,16.5722,16.7649,5170388,17.4
2024-05-10,16.7649,17.054,16.3795,16.5722,1505685,17.2
2024-05-13,16.5722,16.7649,16.2832,16.7649,2109159,17.4
2024-05-14,16.7649,16.7649,16.4759,16.7649,1281314,17.4
2024-05-15,16.7649,16.7649,16.5722,16.5722,1830559,17.2
2024-05-16,16.6686,17.343,16.5722,16.8613,4619298,17.5
2024-05-17,16.8613,17.054,16.6686,16.7649,1541311,17.4
2024-05-20,16.7649,17.1503,16.7649,16.8613,3046811,17.5
2024-05-21,16.8613,16.9576,16.5722,16.7649,2051015,17.4
2024-05-22,16.8613,17.5357,16.7649,17.5357,7685563,18.2
2024-05-23,17.6321,18.3065,17.4394,17.9211,5531248,18.6
2024-05-24,17.7284,18.0175,16.8613,17.343,5005486,18
2024-05-27,17.343,17.6321,17.054,17.2467,3503255,17.9
2024-05-28,17.1503,17.8248,17.1503,17.5357,4221697,18.2
2024-05-29,17.6321,17.6321,17.1503,17.2467,3597430,17.9
2024-05-30,17.343,18.8846,17.054,18.5956,13900872,19.3
2024-05-31,18.6919,18.8846,18.2102,18.4992,3105110,19.2
2024-06-03,18.6919,19.4627,18.4992,18.4992,5597623,19.2
2024-06-04,18.5956,18.5956,18.1138,18.2102,4498592,18.9
2024-06-05,18.3065,18.5956,17.9211,18.1138,4057547,18.8
2024-06-06,18.2102,18.4992,17.9211,17.9211,2637724,18.6
2024-06-07,18.0175,18.3065,17.8248,18.1138,2759287,18.8
2024-06-10,17.9211,18.4029,17.9211,18.0175,2454893,18.7
2024-06-11,17.7284,18.1138,17.6321,17.6321,3861080,18.3
2024-06-12,17.6321,17.9211,17.5357,17.9211,2860497,18.6
2024-06-13,17.9211,18.1138,17.7284,17.7284,1986339,18.4
2024-06-14,17.7284,17.8248,16.9576,16.9576,5175102,17.6
2024-06-17,17.054,17.1503,16.6686,16.8613,2631933,17.5
2024-06-18,16.9576,17.054,16.8613,16.9576,1354611,17.6
2024-06-19,16.9576,16.9576,16.5722,16.7649,1894167,17.4
2024-06-20,16.7649,16.8613,16.4759,16.6686,1919837,17.3
2024-06-21,16.6686,16.7649,16.4759,16.4759,1910977,17.1
2024-06-24,16.4759,16.6686,15.8978,16.3795,5092164,17
2024-06-25,16.3795,16.3795,16.0905,16.3795,1142936,17
2024-06-26,15.0306,16.3795,15.0306,16.3795,1233999,17
2024-06-27,15.127,16.3795,15.127,16.3795,859860,17
2024-06-28,16.2832,16.5722,16.1868,16.3795,2174860,17
2024-07-01,16.3795,16.3795,16.0905,16.3795,2991858,17
2024-07-02,16.2832,16.7649,16.2832,16.7649,874096,17.4
2024-07-03,16.7649,16.7649,16.4759,16.7649,711508,17.4
2024-07-04,16.5722,16.7649,16.4759,16.5722,787301,17.2
2024-07-05,16.5722,16.6686,16.3795,16.5722,970670,17.2
2024-07-08,16.5722,16.7649,16.3795,16.5722,927068,17.2
2024-07-09,16.6686,17.343,16.6686,16.9576,2949141,17.6
2024-07-10,16.9576,17.1503,16.7649,16.8613,1149097,17.5
2024-07-11,16.9576,17.1503,16.8613,17.054,1699910,17.7
2024-07-12,17.054,17.1503,16.7649,17.054,1113166,17.7
2024-07-15,17.054,17.054,15.7051,16.9576,817798,17.6
2024-07-16,15.3197,16.9576,15.3197,16.8613,1013550,17.5
2024-07-17,16.8613,16.8613,16.0905,16.3795,2235903,17
2024-07-18,16.1868,16.3795,16.0905,16.3795,1920957,17
2024-07-19,16.3795,16.3795,15.9941,16.3795,1797198,17
2024-07-22,16.0905,16.2832,15.6087,16.1868,1698852,16.8
2024-07-23,15.8978,16.1868,15.8978,15.9941,1423043,16.6
2024-07-24,15.8014,16.1868,15.5124,15.9941,1571005,16.6
2024-07-25,15.7051,15.9941,15.7051,15.9941,858605,16.6
2024-07-26,15.8014,16.1868,15.8014,16.1868,797434,16.8
2024-07-29,16.1868,16.3795,16.0905,16.1868,670736,16.8
2024-07-30,16.1868,16.1868,15.8978,16.0905,1253506,16.7
2024-07-31,16.0905,16.2832,15.9941,16.1868,1015876,16.8
2024-08-01,16.1868,16.2832,15.7051,15.9941,2008847,16.6
2024-08-02,15.8978,16.1868,15.6087,16.0905,2481387,16.7
2024-08-05,16.0905,16.0905,14.8379,15.8014,3336569,16.4
2024-08-06,15.8014,15.8978,15.2233,15.8978,2342777,16.5
2024-08-07,15.8978,15.9941,15.6087,15.8978,1116990,16.5
2024-08-08,15.6087,16.2832,15.6087,15.9941,2547054,16.6
2024-08-09,15.9941,16.2832,15.8978,16.2832,899980,16.9
2024-08-12,16.1868,16.3795,16.0905,16.3795,1133068,17
2024-08-13,16.3795,16.4759,16.1868,16.3795,765336,17
2024-08-14,14.9343,16.3795,14.9343,16.3795,1031677,17
2024-08-15,16.3795,16.3795,16.1868,16.2832,1027755,16.9
2024-08-16,16.2832,16.8613,16.2832,16.8613,3238926,17.5
2024-08-19,16.9576,16.9576,16.7649,16.8613,1113399,17.5
2024-08-20,16.9576,16.9576,16.5722,16.6686,1971702,17.3
2024-08-21,15.0306,16.9576,15.0306,16.7649,1566127,17.4
2024-08-22,16.9576,16.9576,16.5722,16.6686,1207175,17.3
2024-08-23,16.6686,17.2467,16.4759,16.9576,3467071,17.6
2024-08-26,16.4759,17.1503,16.4759,16.6686,1087103,17.3
2024-08-27,15.0306,16.8613,15.0306,16.5722,1172639,17.2
2024-08-28,15.2233,16.5722,15.2233,16.5722,1074659,17.2
2024-08-29,16.5722,16.5722,16.2832,16.4759,962459,17.1
2024-08-30,16.4759,16.5722,16.3795,16.3795,816554,17
2024-09-04,16.2832,16.3795,16.0905,16.3795,1221456,17
2024-09-05,16.3795,16.4759,16.0905,16.2832,1067064,16.9
2024-09-06,15.9941,16.3795,15.6087,16.3795,1007373,17
2024-09-09,16.0905,16.2832,15.9941,15.9941,1045361,16.6
2024-09-10,15.9941,16.1868,15.8014,15.8014,1370578,16.4
2024-09-11,14.5489,15.9941,14.4525,15.8978,1005217,16.5
2024-09-12,15.7051,15.9941,15.416,15.8978,612920,16.5
2024-09-13,15.8014,15.9941,15.8014,15.9941,585902,16.6
2024-09-16,14.7416,15.9941,14.7416,15.8978,635188,16.5
2024-09-17,15.8014,15.9941,15.8014,15.9941,555803,16.6
2024-09-18,15.7051,16.0905,15.7051,15.9941,726209,16.6
2024-09-19,15.7051,15.9941,15.7051,15.9941,724517,16.6
2024-09-20,15.9941,16.1868,15.8978,16.1868,1546630,16.8
2024-09-23,14.9343,16.1868,14.9343,15.9941,409825,16.6
2024-09-24,15.8014,16.1868,15.8014,15.9941,785993,16.6
2024-09-25,14.4525,16.1868,14.4525,15.9941,1515953,16.6
2024-09-26,16.1868,16.1868,15.8978,15.9941,1137876,16.6
2024-09-27,15.8978,16.0905,15.6087,15.8978,4701307,16.5
2024-09-30,15.8978,15.8978,15.7051,15.8978,2622764,16.5
2024-10-01,15.8978,15.9941,15.7051,15.8978,2736083,16.5
2024-10-02,15.7051,15.8978,15.7051,15.8014,1374147,16.4
2024-10-03,15.8014,15.8014,15.5124,15.7051,3197169,16.3
2024-10-04,15.6087,15.7051,15.5124,15.7051,2539641,16.3
2024-10-07,15.6087,15.7051,15.5124,15.7051,1111947,16.3
2024-10-08,14.1635,15.8978,14.1635,15.8014,3102296,16.4
2024-10-09,15.6087,15.8978,15.6087,15.8978,2110878,16.5
2024-10-10,15.8014,15.9941,15.7051,15.8978,2389292,16.5
2024-10-11,15.8978,15.9941,15.8014,15.9941,2034761,16.6
2024-10-14,15.9941,16.0905,15.8014,15.8014,805545,16.4
2024-10-15,15.8014,15.8978,15.7051,15.7051,580573,16.3
2024-10-16,15.6087,15.8014,15.5124,15.8014,802433,16.4
2024-10-17,15.5124,15.8978,15.5124,15.8014,649969,16.4
2024-10-18,15.5124,15.8014,15.5124,15.7051,585532,16.3
2024-10-21,15.7051,15.8014,15.5124,15.8014,771544,16.4
2024-10-22,15.6087,15.7051,15.5124,15.7051,790981,16.3
2024-10-23,15.7051,15.7051,15.5124,15.7051,606520,16.3
2024-10-24,15.6087,15.7051,15.416,15.6087,631710,16.2
2024-10-25,15.5124,15.7051,15.416,15.7051,809518,16.3
2024-10-28,15.6087,15.7051,15.5124,15.7051,577956,16.3
2024-10-29,15.5124,15.7051,15.5124,15.6087,814364,16.2
2024-10-30,15.6087,15.7051,15.5124,15.7051,962172,16.3
2024-10-31,15.7051,15.7051,15.5124,15.6087,766256,16.2
2024-11-01,15.6087,15.7051,15.416,15.7051,1133077,16.3
2024-11-04,15.5124,15.6087,15.416,15.6087,878888,16.2
2024-11-05,15.5124,15.6087,15.416,15.6087,1168371,16.2
2024-11-06,15.416,15.6087,15.416,15.6087,1759285,16.2
2024-11-07,14.0671,15.6087,14.0671,15.6087,1410191,16.2
2024-11-08,15.5124,15.8014,15.416,15.6087,1524000,16.2
2024-11-11,15.416,15.6087,15.416,15.6087,1800326,16.2
2024-11-12,15.5124,15.6087,15.416,15.6087,1680589,16.2
2024-11-13,15.416,15.6087,15.416,15.6087,1872565,16.2
2024-11-14,15.416,15.6087,15.416,15.6087,1755712,16.2
2024-11-15,15.416,15.6087,15.3197,15.6087,2829596,16.2
2024-11-18,15.5124,15.5124,15.3197,15.5124,1994795,16.1
2024-11-19,15.3197,15.5124,15.2233,15.3197,1127838,15.9
2024-11-20,14.9343,15.3197,14.9343,15.3197,1558408,15.9
2024-11-21,15.2233,15.3197,15.127,15.3197,1247615,15.9
2024-11-22,15.127,15.3197,15.127,15.3197,1224737,15.9
2024-11-25,15.2233,15.3197,15.127,15.3197,755873,15.9
2024-11-26,15.127,15.3197,15.127,15.3197,832753,15.9
2024-11-27,14.1635,15.3197,14.1635,15.2233,716295,15.8
2024-11-28,15.2233,15.3197,15.127,15.2233,700501,15.8
2024-11-29,14.5489,15.2233,14.5489,15.2233,575023,15.8
2024-12-02,15.0306,15.3197,15.0306,15.127,600730,15.7
2024-12-03,15.0306,15.2233,15.0306,15.2233,637638,15.8
2024-12-04,15.127,15.2233,15.0306,15.2233,901137,15.8
2024-12-05,15.2233,15.3197,15.127,15.2233,1215917,15.8
2024-12-06,15.2233,15.3197,15.2233,15.3197,637650,15.9
2024-12-09,15.3197,15.416,15.2233,15.3197,488302,15.9
2024-12-10,15.3197,15.416,15.2233,15.3197,493346,15.9
2024-12-11,14.4525,15.3197,14.1635,15.2233,808978,15.8
2024-12-12,15.0306,15.3197,14.5489,15.2233,592194,15.8
2024-12-13,15.2233,15.2233,15.127,15.2233,648031,15.8
2024-12-16,15.2233,15.2233,15.0306,15.2233,787554,15.8
2024-12-17,15.127,15.2233,15.0306,15.2233,905335,15.8
2024-12-18,15.0306,15.2233,15.0306,15.2233,840402,15.8
2024-12-19,15.127,15.2233,15.0306,15.2233,1195683,15.8
2024-12-20,15.127,15.2233,15.0306,15.127,1781265,15.7
2024-12-23,15.0306,15.2233,15.0306,15.2233,840192,15.8
2024-12-24,15.2233,15.2233,15.0306,15.2233,919162,15.8
2024-12-25,15.2233,16.0905,15.127,15.6087,2610771,16.2
2024-12-26,15.416,15.8978,14.3562,15.5124,460663,16.1
2024-12-27,15.416,15.5124,15.127,15.416,885432,16
2024-12-30,15.416,15.416,15.2233,15.3197,600119,15.9
2024-12-31,15.2233,15.2233,15.0306,15.2233,1209301,15.8
2025-01-02,15.0306,15.2233,14.1635,15.2233,321617,15.8
2025-01-03,15.127,15.2233,15.0306,15.2233,1150682,15.8
2025-01-06,15.0306,15.2233,14.9343,15.127,1487065,15.7
2025-01-07,15.127,15.127,14.8379,15.127,1305028,15.7
2025-01-08,14.9343,15.127,14.9343,15.127,695845,15.7
2025-01-09,15.127,15.2233,15.0306,15.2233,1101950,15.8
2025-01-10,15.2233,15.8978,15.127,15.3197,2275055,15.9
2025-01-13,15.5124,15.5124,15.2233,15.416,418586,16
2025-01-14,15.2233,15.5124,15.2233,15.2233,738027,15.8
2025-01-15,15.2233,15.7051,15.127,15.6087,1014098,16.2
2025-01-16,14.0671,15.8014,14.0671,15.416,540345,16
2025-01-17,15.3197,15.416,15.2233,15.3197,638559,15.9
2025-01-20,15.3197,15.3197,15.127,15.2233,408243,15.8
2025-01-21,15.2233,15.3197,15.127,15.2233,593556,15.8
2025-01-22,15.2233,15.2233,15.0306,15.2233,1529028,15.8
2025-01-23,15.2233,15.2233,15.127,15.127,461981,15.7
2025-01-24,13.6817,15.127,13.6817,15.127,798836,15.7
2025-02-04,15.0306,15.3197,15.0306,15.2233,493652,15.8
2025-02-05,15.127,15.8978,15.127,15.416,1818981,16
2025-02-06,15.416,15.6087,15.3197,15.3197,760812,15.9
2025-02-07,15.416,15.8014,15.416,15.5124,822117,16.1
2025-02-10,15.3197,15.6087,15.3197,15.3197,769753,15.9
2025-02-11,15.3197,15.416,15.2233,15.2233,888613,15.8
2025-02-12,15.2233,15.3197,15.2233,15.3197,396188,15.9
2025-02-13,15.416,15.5124,15.3197,15.3197,664216,15.9
2025-02-14,15.3197,15.7051,15.3197,15.416,1110491,16
2025-02-17,15.416,15.7051,15.416,15.7051,1774799,16.3
2025-02-18,15.8014,17.2467,15.8014,17.2467,8936766,17.9
2025-02-19,15.6087,17.6321,15.6087,16.9576,1172754,17.6
2025-02-20,16.4759,17.4394,16.4759,16.5722,2911322,17.2
2025-02-21,16.6686,16.8613,16.4759,16.6686,2479989,17.3
2025-02-24,16.6686,16.8613,16.1868,16.4759,1985985,17.1
2025-02-25,14.8379,16.8613,14.8379,16.5722,2182663,17.2
2025-02-26,16.5722,16.7649,16.3795,16.3795,1250049,17
2025-02-27,16.3795,16.5722,16.1868,16.3795,1497860,17
2025-02-28,16.3795,16.5722,16.1868,16.1868,1364313,16.8
2025-03-03,16.2832,16.3795,16.1868,16.3795,987898,17
2025-03-04,16.3795,16.4759,16.0905,16.1868,1372466,16.8
2025-03-05,16.1868,16.2832,15.7051,15.7051,1735913,16.3
2025-03-06,15.8014,15.8978,15.6087,15.8978,1980438,16.5
2025-03-07,15.8978,16.3795,15.8014,15.9941,1378949,16.6
2025-03-10,16.0905,16.1868,15.8014,15.8014,1362409,16.4
2025-03-11,15.8014,15.9941,15.6087,15.8978,917920,16.5
2025-03-12,15.9941,16.2832,15.8978,15.8978,940146,16.5
2025-03-13,15.8978,16.0905,15.7051,15.8014,1181975,16.4
2025-03-14,15.6087,15.8014,15.6087,15.6087,1149881,16.2
2025-03-18,15.8978,16.0905,15.8014,15.8014,1041579,16.4
2025-03-19,15.8014,15.8014,15.6087,15.7051,748701,16.3
2025-03-20,15.7051,15.8014,15.5124,15.5124,910714,16.1
2025-03-21,15.5124,15.6087,15.3197,15.3197,1145833,15.9
2025-03-24,15.3197,15.416,15.2233,15.3197,981619,15.9
2025-03-25,13.8744,15.5124,13.8744,15.3197,584677,15.9
2025-03-26,15.416,15.416,15.127,15.127,740837,15.7
2025-03-27,15.2233,15.2233,15.0306,15.127,470726,15.7
2025-03-28,14.4525,15.2233,14.4525,14.6452,2231388,15.2
2025-03-31,14.6452,14.7416,14.2598,14.2598,1462133,14.8
2025-04-01,14.1635,14.4525,12.9109,14.4525,1770730,15
2025-04-02,14.1635,14.5489,14.1635,14.2598,380445,14.8
2025-04-03,14.1635,14.2598,12.9109,13.5854,5496439,14.1
2025-04-04,13.489,14.2598,12.2365,14.2598,2542142,14.8
2025-04-08,13.5854,13.7781,12.9109,12.9109,3075072,13.4
2025-04-09,11.6584,12.9109,11.6584,12.9109,5578468,13.4
2025-04-10,13.0073,14.1635,13.0073,14.1635,2768160,14.7
2025-04-11,14.4525,14.7416,13.489,13.7781,2196515,14.3
2025-04-14,13.7781,13.8744,13.3927,13.489,1262585,14
2025-04-15,12.5255,13.489,12.5255,12.9109,1268403,13.4
2025-04-16,12.9109,13.2963,12.7182,12.8146,648476,13.3
2025-04-17,12.0438,12.8146,11.6584,12.7182,641139,13.2
2025-04-18,12.6219,13.1036,12.3328,12.8146,912401,13.3
2025-04-21,12.5255,12.9109,12.5255,12.6219,481195,13.1
2025-04-22,11.8511,12.6219,11.3693,11.6584,3058372,12.1
2025-04-23,11.6584,12.2365,10.5985,11.9474,585601,12.4
2025-04-24,11.3693,12.2365,11.3693,12.0438,517160,12.5
2025-04-25,10.8876,12.3328,10.8876,11.9474,699243,12.4
2025-04-28,11.6584,12.1401,11.6584,12.0438,272141,12.5
2025-04-29,12.0438,12.1401,11.9474,11.9474,436450,12.4
2025-05-05,12.1401,0,11.8511,12.0438,621900,12.5
2025-05-06,12.1401,12.4292,12.0438,12.0438,1357400,12.5
2025-05-07,12.0438,12.3328,12.0438,12.3328,772700,12.8
2025-05-08,12.3328,12.5255,12.1401,12.3328,647800,12.8
2025-05-09,12.3328,12.4292,12.1401,12.1401,1059900,12.6
2025-05-12,12.1401,12.3328,12.1401,12.3328,546300,12.8
2025-05-13,12.5255,12.6219,12.3328,12.3328,788900,12.8
2025-05-14,12.3328,12.8146,12.2365,12.6219,1651100,13.1
2025-05-15,12.8146,12.8146,12.5255,12.7182,709600,13.2
2025-05-16,12.8146,12.8146,12.4292,12.4292,801900,12.9
2025-05-19,12.5255,12.7182,12.2365,12.4292,835100,12.9
2025-05-20,12.4292,12.5255,12.3328,12.4292,604900,12.9
2025-05-21,12.5255,12.5255,12.2365,12.3328,1035300,12.8
2025-05-22,12.3328,12.4292,12.1401,12.3328,841800,12.8
2025-05-23,12.1401,12.3328,11.4657,12.1401,733600,12.6
2025-05-26,12.1401,12.3328,11.8511,12.3328,1154100,12.8
2025-05-27,12.4292,13.0073,12.3328,12.8146,2290400,13.3
2025-05-28,12.8146,13.1036,12.8146,12.9109,1689700,13.4
2025-05-29,13.0073,13.0073,12.7182,12.8146,918500,13.3
2025-05-30,12.8146,12.8146,12.2365,12.2365,2379400,12.7
2025-06-02,12.0438,12.8146,12.0438,12.8146,1204400,13.3
2025-06-03,12.8146,13.2,12.8146,12.8146,1590700,13.3
2025-06-04,13.0073,13.1036,12.8146,12.9109,1540900,13.4
2025-06-05,12.9109,14.1635,12.9109,14.1635,6676500,14.7
2025-06-06,14.2598,14.3562,13.5854,13.6817,1707600,14.2
2025-06-09,13.8744,13.8744,13.0073,13.2,2642100,13.7
2025-06-10,13.2,13.5854,13.1036,13.2,1583000,13.7
2025-06-11,13.2,13.2963,12.9109,13.0073,1230000,13.5
2025-06-12,13.2,13.2,12.9109,13.0073,1300300,13.5
2025-06-13,13.0073,13.0073,12.3328,12.5255,2542200,13
2025-06-16,12.5255,12.9109,12.5255,12.7182,680300,13.2
2025-06-17,12.6219,12.9109,11.4657,12.6219,768700,13.1
2025-06-18,12.8146,12.8146,12.5255,12.6219,754600,13.1
2025-06-19,12.7182,12.7182,12.4292,12.5255,743200,13
2025-06-20,12.6219,12.7182,12.3328,12.7182,1319200,13.2
2025-06-23,12.6219,12.6219,12.4292,12.5255,599300,13
2025-06-24,12.6219,12.7182,12.4292,12.4292,1103200,12.9
2025-06-25,12.5255,12.6219,12.4292,12.4292,704600,12.9
2025-06-26,12.4292,12.5255,12.1401,12.1401,1901700,12.6
2025-06-27,12.6,12.7,12.5,12.5,1032900,12.5
2025-06-30,12.5,13,12.5,12.9,682000,12.9
2025-07-01,12.9,13,12.5,12.7,987300,12.7
2025-07-02,12.6,12.8,12.6,12.7,427000,12.7
2025-07-03,12.2,12.9,12,12.6,1013900,12.6
2025-07-04,12.7,13.5,12.7,13,2189800,13
2025-07-07,13.1,13.2,12.9,13.2,1272200,13.2
2025-07-08,13.2,13.5,13.1,13.4,1805100,13.4
2025-07-09,13.4,13.6,13.2,13.3,2814700,13.3
2025-07-10,13.3,13.8,13.3,13.5,2519400,13.5
2025-07-11,13.6,13.7,13.4,13.6,1828800,13.6
2025-07-14,13.7,14.2,13.4,13.9,2798300,13.9
2025-07-15,14,14.1,13.7,13.7,1770600,13.7
2025-07-16,13.7,13.9,13.6,13.8,1659400,13.8
2025-07-17,13.8,14.5,13.8,14,3439500,14
2025-07-18,14,15.1,14,14.6,5199700,14.6
2025-07-21,14.6,14.8,14.1,14.2,2345500,14.2
2025-07-22,14.1,14.2,13.9,13.9,2454500,13.9
2025-07-23,14.1,14.4,13.9,14.3,2599100,14.3
2025-07-24,14.3,14.6,14.2,14.3,2097900,14.3
2025-07-25,14.3,14.6,14.3,14.5,2462900,14.5
2025-07-28,14.5,15.6,14.4,15.5,6356300,15.5
2025-07-29,15.8,17,15,17,10797800,17
2025-07-30,17,17.3,15.4,16.5,3277900,16.5
2025-07-31,16.6,18.1,16.1,18.1,13267300,18.1
2025-08-01,18.3,19.2,18.2,18.2,5730400,18.2
2025-08-04,18.3,18.3,17.3,17.7,3514400,17.7
2025-08-05,17.7,18.1,16.5,17.7,7879500,17.7
2025-08-06,16.6,18.5,16.6,17.8,3264300,17.8
2025-08-07,18,18.2,17.6,18.1,2380400,18.1
2025-08-08,18.1,18.4,17.5,18.1,3403300,18.1
2025-08-11,18.1,19,18.1,18.1,4986400,18.1
2025-08-12,18.1,18.9,17.9,18.5,5998800,18.5
2025-08-13,18.6,20.3,18.6,20.3,14848500,20.3
2025-08-14,20.3,21.1,20.2,20.5,5432400,20.5
2025-08-15,20.5,20.7,19,19.5,6949100,19.5
2025-08-18,19.6,20.3,19.2,19.5,3717700,19.5
2025-08-19,19.5,20,19.4,19.8,5395000,19.8
2025-08-20,19.8,20.8,19.2,20,8765400,20
2025-08-21,20.1,20.5,19.2,19.2,4236600,19.2
2025-08-22,18.8,19,17.3,17.3,9371600,17.3
2025-08-25,17.3,17.6,16.2,17,3878700,17
2025-08-26,16.9,17.9,16.6,17.9,2051900,17.9
2025-08-27,18,18.3,17.5,18,3657900,18
2025-08-28,17.9,18.1,17.6,17.7,1366100,17.7
2025-08-29,17.8,18.1,17.7,17.7,2031800,17.7
2025-09-03,17.8,18.5,17.4,18.5,2916400,18.5
2025-09-04,18.4,18.9,18.2,18.2,1717400,18.2
2025-09-05,18.3,20,18.3,19.1,9977700,19.1
2025-09-08,19.2,20.2,19,19,6473400,19
2025-09-09,19.1,20.3,18.9,19.4,5435700,19.4
2025-09-10,19.5,19.7,18.8,19,3290500,19
2025-09-11,19,19,17.7,18.3,5375700,18.3
2025-09-12,18.5,19.2,18.4,18.5,2576900,18.5
2025-09-15,18.6,20.3,18.4,20.1,9970700,20.1
2025-09-16,20.1,20.6,19.7,19.7,5130600,19.7
2025-09-17,19.7,21,19.6,19.9,6013900,19.9
2025-09-18,20,20.7,19.9,20.1,5903800,20.1
2025-09-19,20.1,20.3,19,19,6096700,19
2025-09-22,19.3,19.5,18,18.4,5992300,18.4
2025-09-23,18.4,18.6,18,18.3,2093400,18.3
2025-09-24,18.1,18.6,17.5,18.5,5375800,18.5
2025-09-25,18.6,19.1,18.5,18.8,3400600,18.8
2025-09-26,19,19.1,18.3,18.4,3715100,18.4
2025-09-29,18.2,18.7,18.1,18.1,2869100,18.1
2025-09-30,18.1,18.3,17.2,17.5,4104900,17.5
2025-10-01,17.4,17.9,17.2,17.5,1859600,17.5
2025-10-02,17.5,17.7,16.8,16.9,2307500,16.9
2025-10-03,16.9,17.1,16.5,16.6,3037200,16.6
2025-10-06,16.6,17.6,16.6,17.2,3763000,17.2
2025-10-07,17.5,17.6,16.8,17,3799900,17
2025-10-08,17.5,17.6,16.9,16.9,2831000,16.9
2025-10-09,16.9,17.3,16.9,17,1933000,17
2025-10-10,17,17.6,17,17.3,2364200,17.3
2025-10-13,17.2,17.3,16.8,17.1,2592600,17.1
2025-10-14,17.7,17.7,16.6,16.6,4371900,16.6
2025-10-15,16.7,17,16.5,17,2615500,17
2025-10-16,17,18.2,17,17.7,6787200,17.7
2025-10-17,18,18,17.2,17.3,2984200,17.3
2025-10-20,17.3,17.5,15.6,15.6,5289700,15.6
2025-10-21,15.6,15.8,14.7,15.1,4311000,15.1
2025-10-22,15.3,16,15.1,16,2884300,16
2025-10-23,16,16.4,15.8,16.1,1960200,16.1
2025-10-24,16.1,16.8,15.6,16.8,2828600,16.8
2025-10-27,17.1,17.4,16.1,16.1,3180400,16.1
2025-10-28,16.1,17,16.1,16.8,4061200,16.8
2025-10-29,17,17.3,16.9,17.1,2591000,17.1
2025-10-30,17.2,17.3,16.7,16.9,1693100,16.9
2025-10-31,16.9,17.9,16.9,17.5,5300200,17.5
2025-11-03,17.5,17.8,16.5,16.5,3504100,16.5
2025-11-04,16.5,18,16.4,18,4754400,18
2025-11-05,18,18.7,17.7,18.3,6905000,18.3
2025-11-06,18.4,18.6,17.7,18.2,2855000,18.2
2025-11-07,18.2,18.2,17,17,3587800,17
2025-11-10,17,17.6,16.7,17,2807600,17
2025-11-11,17,17.3,16.9,16.9,1923400,16.9
2025-11-12,17,17.6,16.9,17.3,2191300,17.3
2025-11-13,17.3,18.3,17.2,17.9,3969800,17.9
2025-11-14,18,18.5,17.7,18.3,3436700,18.3
2025-11-17,18.3,18.7,18.1,18.2,4663600,18.2
2025-11-18,18.2,18.3,17.7,18,2713500,18
2025-11-19,18,18.5,17.6,17.8,2841000,17.8
2025-11-20,17.9,18,17.3,17.5,1738300,17.5
2025-11-21,17.5,17.6,17.1,17.5,1696300,17.5
2025-11-24,17.5,17.7,17.1,17.1,1399200,17.1
2025-11-25,15.6,17.2,15.6,16.4,3184300,16.4
2025-11-26,16.5,17,16.4,16.8,1415900,16.8
2025-11-27,16.8,17.2,16.5,17.2,1120800,17.2
2025-11-28,17.2,17.2,16.6,16.6,1361200,16.6
2025-12-01,16.7,16.9,16.6,16.6,759100,16.6
2025-12-02,16.6,16.8,16.4,16.6,1324600,16.6
2025-12-03,16.5,16.9,16.5,16.7,922600,16.7
2025-12-04,16.7,17,16.7,16.9,791200,16.9
2025-12-05,16.9,17,16.6,16.6,761200,16.6
2025-12-08,16.7,16.8,16.5,16.6,1073400,16.6
2025-12-09,16.6,16.7,16.1,16.4,1472500,16.4
2025-12-10,16.5,16.6,16.2,16.2,405600,16.2
2025-12-11,16.3,16.5,16,16,896200,16
2025-12-12,16,16.3,15.4,15.5,1665200,15.5
2025-12-15,15.5,16,15.3,15.3,1967000,15.3
2025-12-16,15.4,16.5,15.3,16.5,1523400,16.5
2025-12-17,16.3,16.4,15.9,16.1,691100,16.1
2025-12-18,16.1,17,16,17,1840100,17
2025-12-19,17,17,16.5,17,1612000,17
2025-12-22,17,17.1,16.5,16.6,1933900,16.6
2025-12-23,16.6,16.8,16.2,16.3,1062600,16.3
2025-12-24,16.3,16.6,16.2,16.3,581800,16.3
2025-12-25,16.4,16.7,16,16,870700,16
2025-12-26,16,16.2,15.6,16,1133900,16
2025-12-29,16,16.3,16,16,788900,16
2025-12-30,16,16.2,15.9,16,953500,16
2025-12-31,16,16.1,15.8,15.8,737400,15.8
2026-01-05,15.7,16,15.4,15.5,1038600,15.5
2026-01-06,15.6,15.8,15.3,15.5,1000100,15.5
2026-01-07,15.5,16.2,15.5,16,1313500,16
2026-01-08,16,16.2,15.8,15.9,868700,15.9
2026-01-09,15.9,16.1,15.3,15.5,2109800,15.5
2026-01-12,15.5,16,15.2,16,1868200,16
2026-01-13,16,16.3,15.8,15.9,1659800,15.9
2026-01-14,16.1,16.1,15.7,15.9,1505900,15.9
2026-01-15,15.9,16,15.6,15.8,1465200,15.8
2026-01-16,15.8,16.6,15.8,16.2,3151100,16.2
2026-01-19,16.2,16.3,16,16,860100,16
2026-01-20,16.1,16.3,15.7,15.7,1540300,15.7
2026-01-21,15.7,15.8,15.4,15.6,997600,15.6
2026-01-22,15.7,16.3,15.5,15.9,2008400,15.9
2026-01-23,16,16.3,15.8,15.8,1225800,15.8
2026-01-26,15.8,16,15,15.2,2324100,15.2
2026-01-27,15.2,15.9,15,15.9,1637700,15.9
2026-01-28,15.6,15.9,15.4,15.8,708000,15.8
2026-01-29,15.6,15.9,15,15.7,801100,15.7
2026-01-30,15.6,15.7,15.4,15.7,742800,15.7
2026-02-02,15.6,16,15.4,16,1538000,16
2026-02-03,16.1,16.4,15.9,16.2,1721300,16.2
2026-02-04,16.2,17.8,16.1,17.5,8582200,17.5
2026-02-05,17.4,17.7,16.8,16.8,1887700,16.8
2026-02-06,16.8,16.8,15.7,15.7,3882800,15.7
2026-02-09,15.7,16.1,15.6,15.7,1480800,15.7
2026-02-10,15.8,16,15.4,15.7,1466900,15.7
2026-02-11,15.8,16.6,15.7,16.5,2126100,16.5
2026-02-12,16.3,16.6,16.2,16.3,616200,16.3
2026-02-13,16.3,16.4,16.1,16.2,1056200,16.2
2026-02-23,16.1,16.7,16.1,16.5,1079800,16.5
2026-02-24,16.5,16.8,15.3,16.6,1300800,16.6
2026-02-25,16.7,17.1,16.4,16.4,1799000,16.4
2026-02-26,16.8,16.8,16.3,16.3,702900,16.3
2026-02-27,16.3,16.4,16,16,1738300,16
2026-03-02,16,16,15.4,16,3625000,16
2026-03-03,16,16,15.5,15.8,1760200,15.8
2026-03-04,15.7,15.8,14.9,15.6,3024800,15.6
2026-03-05,15.6,16,15.5,15.9,1560500,15.9
2026-03-06,15.9,15.9,15.3,15.3,1074300,15.3
2026-03-09,15,15.2,13.8,15.2,5016500,15.2
2026-03-10,14.6,16,13.8,16,3148400,16
2026-03-11,15.1,16.3,15.1,16.3,3240000,16.3
2026-03-12,16.3,16.3,15.8,16,1864700,16
2026-03-13,15.8,17,15.5,16.3,3419500,16.3
2026-03-16,16.3,16.9,16.1,16.7,2476700,16.7
2026-03-17,16.7,16.9,16.2,16.2,1314600,16.2
2026-03-18,16.3,16.4,15.9,16.2,1584200,16.2
2026-03-19,16.2,16.7,15.7,16.2,2217100,16.2
2026-03-20,16,16.4,15.9,16,2620900,16
2026-03-23,16,16,15.1,15.8,3278300,15.8
2026-03-24,15.8,16.3,15.6,16.2,2478600,16.2
2026-03-25,16.2,16.9,16.2,16.7,4652700,16.7
2026-03-26,16.7,17.6,16.6,17.1,6319300,17.1
2026-03-27,17.1,17.7,16.9,17.5,3707900,17.5
2026-03-30,17.5,17.5,16.9,17.1,2693300,17.1
2026-03-31,17,18.3,16.5,17.3,5614500,17.3
2026-04-01,17.7,17.9,16.9,16.9,2679000,16.9
2026-04-02,16.9,17.5,16.5,16.7,3556100,16.7
2026-04-03,16.7,17,16.5,16.6,1811200,16.6
2026-04-06,16.6,16.8,15.9,15.9,2930000,15.9
2026-04-07,15.9,16.2,15.8,16.1,1410100,16.1
2026-04-08,16.3,17,16.3,16.8,3930800,16.8
2026-04-09,16.8,17.5,16.6,17.3,7138400,17.3
2026-04-10,17.3,17.5,17,17,2556200,17
2026-04-13,17,17.5,16.5,16.9,3774900,16.9
2026-04-14,17,17.3,16.7,17,2309900,17
2026-04-15,17,17.4,16.8,16.8,3180700,16.8
2026-04-16,16.9,16.9,16.4,16.8,2544400,16.8
2026-04-17,17,17,16.6,16.6,1411100,16.6
2026-04-20,16.6,17,16.4,16.6,1385900,16.6
2026-04-21,16.6,16.8,16.5,16.5,1233200,16.5
2026-04-22,16.5,16.6,16.2,16.2,1726600,16.2
2026-04-23,16.2,16.7,15.8,16.5,3795400,16.5
2026-04-24,16.6,16.8,16.2,16.2,1166700,16.2
2026-04-28,16.3,16.4,16,16,961900,16
2026-04-29,16,16.1,15.8,15.9,1985700,15.9
2026-05-04,16,16.5,15.9,16.3,2392100,16.3
2026-05-05,16.4,16.4,16.1,16.2,720900,16.2
2026-05-06,16.4,16.6,16,16.3,1193800,16.3
2026-05-07,16.3,16.4,15.9,16,2190100,16
2026-05-08,16,16.1,15.8,15.9,1455600,15.9
2026-05-11,15.9,16.1,15.7,15.7,2249000,15.7
2026-05-12,15.7,15.9,15.6,15.6,1705800,15.6
2026-05-13,15.8,15.8,15.4,15.7,2638400,15.7
2026-05-14,15.7,16.1,15.6,16,1562800,16
2026-05-15,16,16,15.7,15.9,975300,15.9
2026-05-18,15.8,15.9,15.6,15.8,1714200,15.8
2026-05-19,15.8,15.8,15.5,15.8,1240000,15.8
2026-05-20,15.8,15.8,15,15.6,2994900,15.6
2026-05-21,15.6,15.7,15.3,15.7,1627500,15.7
2026-05-22,15.6,15.7,15.4,15.6,862200,15.6
2026-05-25,15.6,15.7,15.5,15.6,906600,15.6
2026-05-26,15.6,15.6,15.5,15.5,1362500,15.5
2026-05-27,15.5,15.7,15.4,15.6,928900,15.6
2026-05-28,15.6,15.6,15.3,15.5,1533500,15.5
2026-05-29,15.4,16.1,15.3,16.1,2353300,16.1
2026-06-01,15.9,15.9,15.5,15.7,1222100,15.7
2026-06-02,15.5,15.7,15.3,15.6,1307000,15.6
2026-06-03,15.4,15.6,15.3,15.6,1300600,15.6
2026-06-04,15.6,15.6,15.4,15.6,1746900,15.6
2026-06-05,15.5,15.6,15.4,15.5,866300,15.5
2026-06-08,15.4,15.5,15.2,15.5,2561600,15.5
2026-06-09,15.4,15.5,15.3,15.5,607100,15.5
2026-06-10,15.5,15.8,15.3,15.7,2444400,15.7
2026-06-11,15.7,15.7,15.5,15.6,288000,15.6
2026-06-12,15.6,15.7,15.4,15.5,1146200,15.5
2026-06-15,15.5,15.6,15.4,15.5,2125100,15.5
2026-06-16,15.5,15.6,15.5,15.6,699900,15.6
2026-06-17,15.6,15.7,15.4,15.4,2272000,15.4
2026-06-18,15.5,15.6,15.4,15.6,879100,15.6
2026-06-19,15.5,15.5,15.4,15.5,1563200,15.5
2026-06-22,15.5,15.5,15.3,15.5,524300,15.5
2026-06-23,15.4,15.5,15.3,15.3,893100,15.3
2026-06-24,15.3,15.4,15.1,15.3,817900,15.3
2026-06-25,15.3,15.3,15.1,15.3,925900,15.3
2026-06-26,15.2,15.3,15.1,15.3,707400,15.3
2026-06-29,15.3,15.3,15.1,15.3,874500,15.3
2026-06-30,15.2,15.3,15.1,15.3,744500,15.3
2026-07-01,15.3,15.3,15.1,15.3,602600,15.3
2026-07-02,15.3,15.4,15.2,15.3,455900,15.3
2026-07-03,15.2,15.3,15.1,15.3,682500,15.3
2026-07-06,15.2,15.3,15,15.3,1376400,15.3
2026-07-07,15.2,15.3,15.1,15.3,1142100,15.3
2026-07-08,15.3,15.3,15,15.2,1211600,15.2
2026-07-09,15.1,15.2,15,15.2,656500,15.2
2026-07-10,15.1,15.2,15,15.2,929300,15.2
2026-07-13,15,15.1,14.8,15.1,2210800,15.1
2026-07-14,15,15.2,14.7,15.2,1459400,15.2
2026-07-15,15.2,15.2,14.9,15.2,1523900,15.2
2026-07-16,15,15.2,14.7,15.2,2043400,15.2
2026-07-17,14.9,15.2,14.9,15.2,1718700,15.2
2026-07-20,14.9,15.2,14.7,15.2,2849800,15.2
2026-07-21,15,15.1,14.8,15.1,3142600,15.1
2026-07-22,15,15,14.7,14.9,2062100,14.9
2026-07-23,14.8,15.1,14.4,15,2524000,15
2026-07-24,14.9,14.9,14.7,14.9,1819400,14.9
2026-07-27,14.9,14.9,14.6,14.8,2741100,14.8
2026-07-28,14.7,14.8,14.3,14.8,2646700,14.8
2026-07-29,14.7,14.8,14.3,14.8,2945500,14.8
2026-07-30,14.7,14.8,14.4,14.8,3998300,14.8
2026-07-31,14.8,14.8,14.3,14.8,5375100,14.8
2026-08-03,14.8,14.8,14.3,14.3,5731700,14.3
2026-08-04,14.3,14.4,14.2,14.2,1132400,14.2
2026-08-05,14.3,14.5,14,14,1409000,14
2026-08-06,14,14.1,13.6,13.6,1575600,13.6
2026-08-07,13.6,13.8,13.4,13.4,1356200,13.4
2026-08-10,13.4,13.6,13.4,13.5,1054300,13.5
2026-08-11,13.5,13.9,13.5,13.7,714700,13.7
2026-08-12,13.6,14,13.6,13.6,2731900,13.6
2026-08-13,13.8,13.8,13.5,13.5,1015800,13.5
2026-08-14,13.5,13.6,13.1,13.1,1175800,13.1
2026-08-17,13.1,13.2,12.9,13.1,969500,13.1
2026-08-18,13,13.4,13,13.2,1582500,13.2
2026-08-19,13.3,13.3,12.9,12.9,1104700,12.9
2026-08-20,13,13.1,12.7,12.9,1204600,12.9
2026-08-21,12.8,13.1,12.8,12.9,920800,12.9
2026-08-24,12.9,13.1,12.9,13,1841700,13
2026-08-25,13,13.5,13,13.5,3336100,13.5
2026-08-26,13.5,13.5,13,13.3,1664000,13.3
2026-08-27,13.2,13.3,13.1,13.3,1219000,13.3
2026-08-28,13.3,13.3,12.9,13.2,3108500,13.2
2026-09-03,13.2,13.2,12.8,12.8,1261100,12.8
