date,open,high,low,close,volume,close_raw
2008-04-23,4.053,4.053,2.2118,2.3519,97400,20.3
2008-04-24,2.3276,2.3276,2.3276,2.3287,22900,20.1
2008-04-25,2.2581,2.2581,2.2581,2.2592,6400,19.5
2008-04-28,2.2002,2.2234,2.2002,2.2129,21700,19.1
2008-04-29,2.1423,2.2581,2.1423,2.1434,32800,18.5
2008-05-05,2.1423,2.1423,2.1191,2.1202,11600,18.3
2008-05-06,2.0612,2.0612,2.0612,2.0623,11200,17.8
2008-05-07,2.0033,2.0033,2.0033,2.0043,700,17.3
2008-05-08,1.9454,1.9454,1.9454,1.9464,5000,16.8
2008-05-09,1.8875,1.8875,1.8875,1.8885,1500,16.3
2008-05-12,1.8412,1.8412,1.8412,1.8421,13900,15.9
2008-05-13,1.7949,1.7949,1.7949,1.7958,100,15.5
2008-05-14,1.7486,1.7486,1.7486,1.7495,1100,15.1
2008-05-15,1.7023,1.7023,1.7023,1.7031,10500,14.7
2008-05-16,1.6559,1.6559,1.6559,1.6568,24600,14.3
2008-05-19,1.6096,1.6096,1.6096,1.6104,4700,13.9
2008-05-20,1.5633,1.5633,1.5633,1.5641,2300,13.5
2008-05-21,1.517,1.517,1.517,1.5177,2500,13.1
2008-05-22,1.4822,1.4822,1.4822,1.483,3100,12.8
2008-05-23,1.4475,1.4475,1.4475,1.4482,3000,12.5
2008-05-26,1.4128,1.4128,1.4128,1.4135,4800,12.2
2008-05-27,1.378,1.4128,1.378,1.3787,18700,11.9
2008-05-28,1.3433,1.4128,1.3433,1.344,82100,11.6
2008-05-29,1.3085,1.3433,1.3085,1.3324,89800,11.5
2008-05-30,1.3549,1.3549,1.3317,1.3555,21200,11.7
2008-06-02,1.3896,1.3896,1.3201,1.3787,41700,11.9
2008-06-03,1.378,1.378,1.3317,1.3671,30100,11.8
2008-06-04,1.3317,1.3433,1.3201,1.3324,21000,11.5
2008-06-05,1.297,1.297,1.297,1.2976,16000,11.2
2008-06-06,1.2622,1.3085,1.2622,1.2629,23200,10.9
2008-06-09,1.2506,1.297,1.2391,1.2397,15100,10.7
2008-06-10,1.2391,1.297,1.2275,1.2976,12700,11.2
2008-06-11,1.3085,1.3085,1.3085,1.3092,6600,11.3
2008-06-12,1.3433,1.3433,1.3433,1.344,9500,11.6
2008-06-13,1.378,1.378,1.378,1.3787,18700,11.9
2008-06-16,1.4012,1.4128,1.4012,1.4135,17400,12.2
2008-06-17,1.4475,1.4475,1.4475,1.4482,700,12.5
2008-06-18,1.4822,1.4822,1.4128,1.4135,15200,12.2
2008-06-19,1.4012,1.4012,1.4012,1.4019,7900,12.1
2008-06-20,1.3549,1.3549,1.3549,1.3555,100,11.7
2008-06-23,1.3085,1.4012,1.3085,1.4019,34600,12.1
2008-06-24,1.3433,1.4012,1.3433,1.3903,16200,12
2008-06-25,1.3549,1.4012,1.3549,1.4019,19300,12.1
2008-06-26,1.4359,1.4359,1.3433,1.4366,40300,12.4
2008-06-27,1.4591,1.4591,1.3664,1.4366,21200,12.4
2008-06-30,1.378,1.4359,1.378,1.4366,13900,12.4
2008-07-01,1.4243,1.4707,1.4243,1.4714,24300,12.7
2008-07-02,1.5054,1.5286,1.4938,1.5293,57800,13.2
2008-07-03,1.5749,1.5749,1.5749,1.5757,18600,13.6
2008-07-04,1.6328,1.6328,1.6328,1.6336,20900,14.1
2008-07-07,1.6907,1.6907,1.5749,1.5757,23700,13.6
2008-07-08,1.5401,1.6096,1.5401,1.6104,22000,13.9
2008-07-09,1.5749,1.6096,1.5633,1.5757,29500,13.6
2008-07-10,1.6212,1.6559,1.6096,1.6452,54100,14.2
2008-07-11,1.6559,1.6907,1.6212,1.6915,65200,14.6
2008-07-14,1.737,1.737,1.6907,1.7379,24300,15
2008-07-15,1.7833,1.7833,1.7833,1.7842,12000,15.4
2008-07-16,1.8528,1.8528,1.7138,1.8537,63200,16
2008-07-17,1.9107,1.9107,1.8875,1.9117,58300,16.5
2008-07-18,1.9802,1.9802,1.8412,1.8421,54100,15.9
2008-07-21,1.8065,1.8065,1.8065,1.8074,4200,15.6
2008-07-22,1.737,1.737,1.737,1.7379,100,15
2008-07-23,1.6675,1.6675,1.6675,1.6684,100,14.4
2008-07-24,1.6096,1.6559,1.6096,1.6104,26800,13.9
2008-07-25,1.5517,1.5517,1.5517,1.5525,12800,13.4
2008-07-28,1.4938,1.4938,1.4938,1.4946,4100,12.9
2008-07-29,1.4475,1.5517,1.4359,1.4366,27800,12.4
2008-07-30,1.5633,1.5633,1.4475,1.4598,13700,12.6
2008-07-31,1.4243,1.4359,1.4243,1.4251,59500,12.3
2008-08-01,1.378,1.4243,1.378,1.3787,12400,11.9
2008-08-04,1.3433,1.3433,1.3433,1.344,36900,11.6
2008-08-05,1.297,1.3085,1.297,1.2976,31200,11.2
2008-08-06,1.3433,1.3433,1.297,1.344,16900,11.6
2008-08-07,1.378,1.378,1.3433,1.3787,20600,11.9
2008-08-08,1.4243,1.4243,1.3896,1.4251,9100,12.3
2008-08-11,1.4591,1.4591,1.4591,1.4598,14200,12.6
2008-08-12,1.517,1.517,1.4591,1.5177,18300,13.1
2008-08-13,1.5401,1.5401,1.4243,1.4714,19000,12.7
2008-08-14,1.3896,1.5054,1.3896,1.5062,14700,13
2008-08-15,1.5401,1.5401,1.5401,1.5409,29700,13.3
2008-08-18,1.6444,1.6444,1.5054,1.5293,16900,13.2
2008-08-19,1.4591,1.4822,1.4475,1.4482,29400,12.5
2008-08-20,1.3664,1.4128,1.3664,1.3903,11300,12
2008-08-21,1.3896,1.4822,1.3896,1.483,36700,12.8
2008-08-22,1.5401,1.5401,1.4475,1.4714,10700,12.7
2008-08-25,1.4707,1.598,1.4707,1.5988,61700,13.8
2008-08-26,1.7023,1.7023,1.7023,1.7031,35300,14.7
2008-08-27,1.8181,1.8181,1.7254,1.7379,131700,15
2008-08-28,1.8412,1.8412,1.6791,1.6799,56300,14.5
2008-08-29,1.6791,1.8296,1.6096,1.8306,104500,15.8
2008-09-03,1.8296,1.8296,1.8296,1.8306,7400,15.8
2008-09-04,1.957,1.957,1.957,1.958,43200,16.9
2008-09-05,2.0844,2.0844,2.0844,2.0854,70800,18
2008-09-08,2.2234,2.2234,1.9454,2.2245,280000,19.2
2008-09-09,2.316,2.316,2.3044,2.3172,103100,20
2008-09-10,2.455,2.455,2.1539,2.155,25200,18.6
2008-09-11,2.0728,2.0728,2.0728,2.0739,13800,17.9
2008-09-12,1.9339,1.9339,1.9339,1.9348,2500,16.7
2008-09-15,1.8065,2.0612,1.8065,1.8074,97700,15.6
2008-09-16,1.7602,1.7602,1.7254,1.7263,48700,14.9
2008-09-17,1.6212,1.6559,1.6212,1.622,59100,14
2008-09-18,1.517,1.517,1.517,1.5177,25200,13.1
2008-09-19,1.4128,1.6212,1.4128,1.622,44900,14
2008-09-22,1.6791,1.6791,1.6791,1.6799,6000,14.5
2008-09-23,1.7717,1.7717,1.5633,1.6799,55000,14.5
2008-09-24,1.6907,1.6907,1.5749,1.5873,45200,13.7
2008-09-25,1.6675,1.6791,1.5749,1.5873,24200,13.7
2008-09-26,1.7717,1.7717,1.6675,1.7147,13900,14.8
2008-09-29,1.7602,1.8412,1.6212,1.622,22600,14
2008-09-30,1.6212,1.6212,1.6212,1.622,2200,14
2008-10-01,1.7254,1.7254,1.5865,1.622,8200,14
2008-10-02,1.6675,1.7023,1.6444,1.7031,19400,14.7
2008-10-03,1.6444,1.6791,1.6444,1.6684,1800,14.4
2008-10-06,1.5633,1.5865,1.5517,1.5757,18100,13.6
2008-10-07,1.4591,1.517,1.4591,1.4714,48500,12.7
2008-10-08,1.4475,1.5054,1.4475,1.4946,11800,12.9
2008-10-09,1.5865,1.598,1.4707,1.5062,38000,13
2008-10-10,1.4243,1.5054,1.4243,1.4251,37300,12.3
2008-10-13,1.3549,1.4475,1.3549,1.4135,7200,12.2
2008-10-14,1.4707,1.4707,1.4707,1.4714,100,12.7
2008-10-15,1.5517,1.5517,1.4475,1.5062,26600,13
2008-10-16,1.4475,1.4475,1.4128,1.4482,9600,12.5
2008-10-17,1.4938,1.5054,1.4359,1.4598,14600,12.6
2008-10-20,1.4128,1.5054,1.4128,1.4946,6500,12.9
2008-10-21,1.5517,1.5517,1.4938,1.5062,17500,13
2008-10-22,1.4128,1.4128,1.4012,1.4019,19300,12.1
2008-10-23,1.3201,1.3664,1.3085,1.3671,33000,11.8
2008-10-24,1.3896,1.3896,1.2738,1.3324,10000,11.5
2008-10-27,1.2275,1.2738,1.2275,1.2629,29300,10.9
2008-10-28,1.158,1.2738,1.158,1.2629,17600,10.9
2008-10-29,1.297,1.297,1.297,1.2976,22400,11.2
2008-10-30,1.3664,1.3664,1.3549,1.3671,5200,11.8
2008-10-31,1.3433,1.3549,1.297,1.3555,4200,11.7
2008-11-03,1.2506,1.3433,1.2506,1.2513,9900,10.8
2008-11-04,1.3085,1.3549,1.3085,1.3555,17900,11.7
2008-11-05,1.4359,1.4359,1.4359,1.4366,9000,12.4
2008-11-06,1.4359,1.5286,1.3433,1.4366,12100,12.4
2008-11-07,1.3664,1.5054,1.3549,1.3555,9000,11.7
2008-11-10,1.3433,1.3433,1.3317,1.3324,2100,11.5
2008-11-11,1.3317,1.3433,1.2738,1.2976,7600,11.2
2008-11-12,1.2275,1.2738,1.2275,1.2744,3200,11
2008-11-13,1.2738,1.3201,1.2738,1.3092,6100,11.3
2008-11-14,1.3664,1.3664,1.3085,1.3208,11400,11.4
2008-11-17,1.297,1.297,1.2854,1.286,2700,11.1
2008-11-18,1.2738,1.3549,1.2622,1.3555,7800,11.7
2008-11-19,1.297,1.297,1.2159,1.2281,10100,10.6
2008-11-20,1.1696,1.2622,1.1696,1.2513,6700,10.8
2008-11-21,1.2391,1.2391,1.2391,1.2397,100,10.7
2008-11-24,1.2738,1.2738,1.1696,1.1817,8300,10.2
2008-11-25,1.2159,1.2622,1.2043,1.2281,26400,10.6
2008-11-26,1.2506,1.2506,1.2159,1.2281,5100,10.6
2008-11-27,1.158,1.1927,1.158,1.1933,9100,10.3
2008-11-28,1.2506,1.2622,1.2506,1.2629,6600,10.9
2008-12-01,1.2043,1.2043,1.1927,1.2049,3900,10.4
2008-12-02,1.2275,1.2506,1.1812,1.1817,6000,10.2
2008-12-03,1.1696,1.1927,1.1696,1.1933,2700,10.3
2008-12-04,1.2159,1.2159,1.1348,1.1354,12000,9.8
2008-12-05,1.158,1.2043,1.158,1.2049,2800,10.4
2008-12-08,1.1117,1.158,1.1001,1.1586,13000,10
2008-12-09,1.158,1.158,1.1233,1.1238,4100,9.7
2008-12-10,1.1001,1.1233,1.0769,1.0775,10600,9.3
2008-12-11,1.0422,1.0422,1.0306,1.0427,7500,9
2008-12-12,1.1001,1.1001,1.0885,1.1006,5000,9.5
2008-12-15,1.1696,1.1696,1.1348,1.1354,1300,9.8
2008-12-16,1.1233,1.1233,1.1233,1.1238,100,9.7
2008-12-17,1.0538,1.1927,1.0538,1.1933,6500,10.3
2008-12-18,1.1464,1.1464,1.1348,1.1354,1000,9.8
2008-12-19,1.1001,1.1001,1.0885,1.0891,2900,9.4
2008-12-22,1.158,1.158,1.158,1.1586,5100,10
2008-12-23,1.1348,1.158,1.1348,1.1586,5500,10
2008-12-24,1.158,1.1696,1.158,1.1702,500,10.1
2008-12-25,1.158,1.1927,1.158,1.1933,6100,10.3
2008-12-26,1.2043,1.2043,1.2043,1.2049,500,10.4
2008-12-29,1.2275,1.2275,1.2159,1.2165,200,10.5
2008-12-30,1.158,1.2275,1.158,1.2281,4400,10.6
2008-12-31,1.2506,1.2738,1.2506,1.2513,6300,10.8
2009-01-02,1.2738,1.2738,1.2738,1.2744,300,11
2009-01-05,1.2159,1.2738,1.2043,1.2744,3100,11
2009-01-06,1.2738,1.2738,1.2738,1.2744,100,11
2009-01-07,1.3317,1.3317,1.3317,1.3324,1000,11.5
2009-01-08,1.2738,1.2738,1.2391,1.2397,2800,10.7
2009-01-09,1.3317,1.3317,1.3317,1.3324,100,11.5
2009-01-12,1.2738,1.3201,1.2738,1.2744,900,11
2009-01-14,1.2391,1.2391,1.2391,1.2397,100,10.7
2009-01-16,1.1696,1.1927,1.1696,1.1933,1100,10.3
2009-01-19,1.1696,1.1696,1.1696,1.1702,100,10.1
2009-01-20,1.1117,1.2159,1.1117,1.1586,6100,10
2009-01-21,1.2275,1.2275,1.2275,1.2281,100,10.6
2009-01-22,1.2738,1.3085,1.2159,1.3092,6900,11.3
2009-01-23,1.2159,1.2738,1.2159,1.2513,2600,10.8
2009-02-02,1.2275,1.2506,1.2275,1.2397,4200,10.7
2009-02-03,1.2275,1.2275,1.2275,1.2281,5200,10.6
2009-02-04,1.1696,1.1696,1.1696,1.1702,100,10.1
2009-02-05,1.1812,1.2043,1.0885,1.1702,22100,10.1
2009-02-06,1.0885,1.2275,1.0885,1.2281,300,10.6
2009-02-09,1.1927,1.2391,1.1927,1.2397,4900,10.7
2009-02-10,1.1927,1.2159,1.1927,1.2165,6900,10.5
2009-02-11,1.2159,1.2506,1.2159,1.2165,5200,10.5
2009-02-12,1.2159,1.2391,1.2159,1.2165,4100,10.5
2009-02-13,1.2391,1.2391,1.2391,1.2397,1000,10.7
2009-02-16,1.2391,1.2738,1.2275,1.2744,3200,11
2009-02-17,1.3317,1.3317,1.3317,1.3324,3000,11.5
2009-02-18,1.4243,1.4243,1.378,1.4251,21600,12.3
2009-02-19,1.4591,1.4707,1.4012,1.4135,18600,12.2
2009-02-20,1.378,1.3896,1.3549,1.3903,12100,12
2009-02-23,1.3664,1.3664,1.3664,1.3671,5800,11.8
2009-02-24,1.3664,1.378,1.3549,1.3671,4700,11.8
2009-02-25,1.3668,1.407,1.273,1.3671,17200,10.2
2009-02-26,1.3534,1.3668,1.273,1.3537,5400,10.1
2009-02-27,1.34,1.4338,1.3802,1.3939,1800,10.4
2009-03-02,1.3936,1.474,1.3132,1.4207,1500,10.6
2009-03-03,1.3668,1.34,1.273,1.3135,8700,9.8
2009-03-04,1.2864,1.34,1.34,1.3403,100,10
2009-03-05,1.34,1.3668,1.34,1.3671,1200,10.2
2009-03-06,1.34,1.34,1.273,1.3001,2200,9.7
2009-03-10,1.2998,1.34,1.34,1.3403,1600,10
2009-03-11,1.34,1.3802,1.3266,1.3403,20000,10
2009-03-12,1.34,1.3132,1.2596,1.2599,14100,9.4
2009-03-13,1.2864,1.34,1.34,1.3403,5400,10
2009-03-16,1.34,1.34,1.3266,1.3269,600,9.9
2009-03-17,1.3266,1.3266,1.2596,1.3269,6400,9.9
2009-03-18,1.2864,1.3668,1.3534,1.3671,29200,10.2
2009-03-19,1.3668,1.4606,1.273,1.3671,12300,10.2
2009-03-20,1.34,1.34,1.2998,1.3403,2800,10
2009-03-23,1.34,1.34,1.34,1.3403,23500,10
2009-03-24,1.34,1.4338,1.407,1.4341,15200,10.7
2009-03-25,1.4204,1.474,1.4204,1.4341,12800,10.7
2009-03-26,1.4472,1.5142,1.4472,1.461,9000,10.9
2009-03-27,1.407,1.474,1.407,1.4744,7300,11
2009-03-30,1.5142,1.5142,1.4472,1.4744,15800,11
2009-03-31,1.4204,1.4204,1.3936,1.3939,6500,10.4
2009-04-01,1.4472,1.4606,1.4338,1.4341,5100,10.7
2009-04-02,1.4472,1.4606,1.4338,1.4476,9400,10.8
2009-04-03,1.4204,1.5276,1.4204,1.5012,27300,11.2
2009-04-07,1.541,1.5812,1.474,1.5816,24900,11.8
2009-04-08,1.5142,1.5142,1.5008,1.5012,11000,11.2
2009-04-09,1.608,1.608,1.541,1.595,17200,11.9
2009-04-10,1.6884,1.6884,1.6348,1.6888,51700,12.6
2009-04-13,1.7956,1.7956,1.742,1.796,145600,13.4
2009-04-14,1.9028,1.9028,1.7822,1.8899,59700,14.1
2009-04-15,1.809,1.809,1.742,1.7826,32800,13.3
2009-04-16,1.742,1.809,1.7286,1.7692,17500,13.2
2009-04-17,1.7688,1.809,1.6482,1.6486,47300,12.3
2009-04-20,1.5544,1.608,1.5544,1.5548,24900,11.6
2009-04-21,1.4472,1.5008,1.4472,1.5012,19200,11.2
2009-04-22,1.5678,1.5678,1.541,1.5682,13500,11.7
2009-04-23,1.4606,1.541,1.4472,1.5146,9300,11.3
2009-04-24,1.474,1.541,1.474,1.5012,16900,11.2
2009-04-27,1.5276,1.5276,1.5276,1.528,14600,11.4
2009-04-28,1.4472,1.541,1.4472,1.5414,22800,11.5
2009-04-29,1.5276,1.541,1.5008,1.5414,7100,11.5
2009-05-04,1.5812,1.6214,1.5812,1.6218,16500,12.1
2009-05-05,1.7286,1.7286,1.6214,1.6754,21400,12.5
2009-05-06,1.675,1.675,1.608,1.6084,2800,12
2009-05-07,1.6482,1.6482,1.6214,1.6218,11600,12.1
2009-05-08,1.5812,1.6214,1.5812,1.5816,11700,11.8
2009-05-11,1.5678,1.5812,1.541,1.5548,23400,11.6
2009-05-12,1.5544,1.6214,1.5544,1.6218,7500,12.1
2009-05-13,1.5812,1.6348,1.5812,1.6352,13000,12.2
2009-05-14,1.7152,1.7152,1.608,1.6352,2700,12.2
2009-05-15,1.7152,1.7688,1.7152,1.7692,91600,13.2
2009-05-18,1.876,1.876,1.742,1.796,25800,13.4
2009-05-19,1.876,1.8894,1.809,1.8899,165800,14.1
2009-05-20,1.9966,1.9966,1.9832,1.9971,111800,14.9
2009-05-21,2.1306,2.1306,2.077,2.1311,88000,15.9
2009-05-22,2.2512,2.278,2.0368,2.1713,92300,16.2
2009-05-25,2.211,2.3048,2.211,2.3054,92000,17.2
2009-05-26,2.4388,2.4388,2.3852,2.4394,115600,18.2
2009-05-27,2.5862,2.5862,2.479,2.5868,154000,19.3
2009-05-28,2.479,2.4924,2.3986,2.3992,80000,17.9
2009-05-29,2.4656,2.546,2.3986,2.4528,65400,18.3
2009-06-01,2.4522,2.5728,2.4522,2.5466,66000,19
2009-06-02,2.6264,2.6532,2.4924,2.5064,107400,18.7
2009-06-03,2.546,2.546,2.412,2.4126,66400,18
2009-06-04,2.4254,2.613,2.4254,2.6136,142600,19.5
2009-06-05,2.7068,2.7068,2.7068,2.7075,55100,20.2
2009-06-08,2.8944,2.8944,2.8944,2.8951,10800,21.6
2009-06-09,3.0954,3.0954,3.015,3.0559,207400,22.8
2009-06-10,3.216,3.216,2.8676,3.0157,66300,22.5
2009-06-11,3.015,3.082,3.0016,3.0291,82900,22.6
2009-06-12,3.082,3.082,2.8408,2.8549,89100,21.3
2009-06-15,2.9748,2.9748,2.68,2.6807,111500,20
2009-06-16,2.4924,2.68,2.4924,2.5466,94700,19
2009-06-17,2.412,2.7068,2.3852,2.7075,115900,20.2
2009-06-18,2.8274,2.8274,2.814,2.8281,66500,21.1
2009-06-19,3.015,3.015,2.9748,3.0157,168500,22.5
2009-06-22,2.948,2.948,2.814,2.8147,55500,21
2009-06-23,2.6264,2.6532,2.6264,2.627,128500,19.6
2009-06-24,2.479,2.8006,2.4522,2.8013,37900,20.9
2009-06-25,2.9078,2.9212,2.5594,2.6136,17300,19.5
2009-06-26,2.6264,2.7604,2.613,2.6807,23500,20
2009-06-29,2.814,2.814,2.546,2.56,41000,19.1
2009-06-30,2.6398,2.68,2.479,2.4796,30300,18.5
2009-07-01,2.4254,2.4254,2.345,2.3456,23500,17.5
2009-07-02,2.4522,2.4522,2.3048,2.4394,24800,18.2
2009-07-03,2.412,2.4254,2.278,2.4126,22000,18
2009-07-06,2.4924,2.5326,2.4924,2.5332,29700,18.9
2009-07-07,2.546,2.546,2.3584,2.4126,13600,18
2009-07-08,2.5058,2.5326,2.412,2.4126,10600,18
2009-07-09,2.412,2.5326,2.412,2.4126,6600,18
2009-07-10,2.412,2.4388,2.3584,2.4126,6200,18
2009-07-13,2.5192,2.5192,2.4656,2.4662,2000,18.4
2009-07-14,2.3718,2.4656,2.3182,2.3188,24400,17.3
2009-07-15,2.4656,2.479,2.3316,2.3992,18100,17.9
2009-07-16,2.546,2.546,2.412,2.4126,48200,18
2009-07-17,2.4388,2.4388,2.3316,2.359,8100,17.6
2009-07-20,2.1976,2.2244,2.1976,2.2115,15100,16.5
2009-07-21,2.345,2.345,2.2512,2.2652,10300,16.9
2009-07-22,2.3048,2.3048,2.2512,2.2517,1100,16.8
2009-07-23,2.2646,2.3718,2.2512,2.3456,18700,17.5
2009-07-24,2.4656,2.4924,2.4656,2.493,23500,18.6
2009-07-27,2.613,2.613,2.4924,2.493,19800,18.6
2009-07-28,2.3584,2.3584,2.345,2.359,4100,17.6
2009-07-29,2.3584,2.3584,2.3584,2.359,11000,17.6
2009-07-30,2.4388,2.4388,2.2512,2.2517,14200,16.8
2009-07-31,2.3048,2.345,2.278,2.3322,9300,17.4
2009-08-03,2.2914,2.3048,2.278,2.2786,14400,17
2009-08-04,2.4388,2.4388,2.4388,2.4394,25000,18.2
2009-08-05,2.5996,2.5996,2.5058,2.6002,135100,19.4
2009-08-06,2.747,2.7604,2.613,2.7611,143500,20.6
2009-08-07,2.814,2.8408,2.68,2.6807,25700,20
2009-08-10,2.68,2.68,2.546,2.56,30200,19.1
2009-08-11,2.68,2.68,2.5326,2.5466,65100,19
2009-08-12,2.5728,2.6264,2.5058,2.5064,42900,18.7
2009-08-13,2.546,2.546,2.4924,2.493,41000,18.6
2009-08-14,2.5192,2.5326,2.5192,2.5198,14500,18.8
2009-08-17,2.5192,2.5326,2.4254,2.493,16600,18.6
2009-08-18,2.4656,2.5326,2.4656,2.493,29800,18.6
2009-08-19,2.5192,2.546,2.479,2.5466,19900,19
2009-08-20,2.546,2.546,2.412,2.4796,6600,18.5
2009-08-21,2.479,2.613,2.479,2.493,47800,18.6
2009-08-24,2.479,2.4924,2.479,2.4796,9800,18.5
2009-08-25,2.4522,2.4924,2.4522,2.4796,23300,18.5
2009-08-26,2.4254,2.5326,2.4254,2.5332,30300,18.9
2009-08-27,2.5326,2.6398,2.5058,2.6404,36400,19.7
2009-08-28,2.68,2.7604,2.613,2.7611,143300,20.6
2009-08-31,2.8944,2.8944,2.8944,2.8951,105600,21.6
2009-09-01,3.0954,3.0954,2.948,3.0962,317000,23.1
2009-09-03,3.015,3.2428,2.9212,3.1498,98000,23.5
2009-09-04,2.9212,3.216,2.9212,2.9487,113700,22
2009-09-07,2.8408,2.948,2.7604,2.8549,106000,21.3
2009-09-08,2.948,3.0284,2.948,2.9889,39800,22.3
2009-09-09,3.082,3.082,2.881,2.8817,41100,21.5
2009-09-10,3.0686,3.0686,2.9614,3.0425,73300,22.7
2009-09-11,3.1624,3.1624,2.9748,2.9755,61600,22.2
2009-09-14,3.015,3.2294,3.0016,3.2302,172700,24.1
2009-09-15,3.3366,3.3366,3.3232,3.3374,185500,24.9
2009-09-16,3.5644,3.5644,3.5242,3.5653,206400,26.6
2009-09-17,3.7252,3.8056,3.7252,3.8065,176100,28.4
2009-09-18,3.8056,4.02,3.6448,3.8601,196400,28.8
2009-09-21,3.886,3.886,3.618,3.7529,141100,28
2009-09-22,3.7386,3.9932,3.5912,3.9942,265500,29.8
2009-09-23,4.1138,4.1138,4.02,4.021,110400,30
2009-09-24,4.1004,4.1004,3.8592,3.9942,59700,29.8
2009-09-25,3.9664,4.02,3.8056,4.021,70700,30
2009-09-28,4.02,4.02,3.7252,3.8735,50100,28.9
2009-09-29,3.886,3.886,3.6314,3.8199,59300,28.5
2009-09-30,3.886,4.02,3.8056,3.8199,39100,28.5
2009-10-01,3.886,3.886,3.6448,3.8199,105800,28.5
2009-10-02,4.02,4.02,3.5376,3.7529,53100,28
2009-10-05,3.819,3.819,3.685,3.8065,93200,28.4
2009-10-06,3.819,4.02,3.819,4.021,113300,30
2009-10-07,4.1942,4.2478,4.1942,4.2488,93000,31.7
2009-10-08,4.5426,4.5426,4.355,4.5437,200400,33.9
2009-10-09,4.8106,4.8106,4.757,4.8118,98000,35.9
2009-10-12,5.1456,5.1456,5.092,5.1469,154300,38.4
2009-10-13,5.36,5.3868,5.0116,5.0128,210100,37.4
2009-10-14,5.159,5.159,4.9312,4.9592,105100,37
2009-10-15,5.4136,5.4136,5.159,5.4149,98500,40.4
2009-10-19,5.0786,5.1054,4.8642,5.0262,46300,37.5
2009-10-20,5.092,5.3332,5.092,5.2541,73000,39.2
2009-10-21,5.226,5.494,5.1992,5.4953,91200,41
2009-10-22,4.958,5.092,4.958,4.9592,164800,37
2009-10-23,4.6364,4.9312,4.6364,4.6375,106600,34.6
2009-10-26,4.3952,4.69,4.3818,4.3963,56300,32.8
2009-10-27,4.1138,4.355,4.1004,4.3561,116000,32.5
2009-10-28,4.221,4.3818,4.221,4.3829,29100,32.7
2009-10-29,4.154,4.355,4.0736,4.1014,75700,30.6
2009-10-30,4.3684,4.3818,4.221,4.3829,35600,32.7
2009-11-02,4.288,4.288,4.02,4.0612,24100,30.3
2009-11-03,4.0602,4.0736,3.7654,3.7931,64500,28.3
2009-11-04,3.8726,4.0066,3.8592,4.0076,53500,29.9
2009-11-05,4.154,4.1674,4.154,4.1684,8000,31.1
2009-11-06,4.4488,4.4488,4.288,4.289,46800,32
2009-11-09,4.1406,4.4086,4.1406,4.3561,43500,32.5
2009-11-10,4.3684,4.5426,4.02,4.289,51200,32
2009-11-11,4.5292,4.5292,4.288,4.4231,28800,33
2009-11-12,4.5292,4.6632,4.4622,4.6643,38900,34.8
2009-11-13,4.7168,4.824,4.422,4.7582,72400,35.5
2009-11-16,4.757,5.0116,4.757,4.986,91500,37.2
2009-11-17,5.2662,5.2662,4.824,4.8252,35300,36
2009-11-18,4.6364,4.9044,4.6364,4.8788,27600,36.4
2009-11-19,4.8374,5.025,4.8374,4.8922,48600,36.5
2009-11-20,4.958,4.958,4.69,4.8252,13400,36
2009-11-23,4.5694,4.5694,4.422,4.4901,21000,33.5
2009-11-24,4.422,4.489,4.2612,4.3427,35500,32.4
2009-11-25,4.288,4.3282,4.0334,4.0344,75000,30.1
2009-11-26,3.8592,3.8592,3.7922,3.7931,33000,28.3
2009-11-27,3.5376,4.0468,3.5376,3.8467,32500,28.7
2009-11-30,4.02,4.0334,3.886,4.0344,7300,30.1
2009-12-01,4.221,4.2344,4.154,4.2354,23100,31.6
2009-12-02,3.953,4.0334,3.9396,3.9406,23900,29.4
2009-12-03,3.9664,4.2344,3.886,3.9674,19400,29.6
2009-12-04,3.9128,3.9932,3.9128,3.9272,24900,29.3
2009-12-07,3.9128,4.154,3.9128,3.954,10300,29.5
2009-12-08,4.1272,4.1272,3.7922,3.7931,11800,28.3
2009-12-09,3.886,3.886,3.6314,3.6323,33600,27.1
2009-12-10,3.618,3.618,3.618,3.6189,2900,27
2009-12-11,3.3902,3.3902,3.3768,3.3776,21900,25.2
2009-12-14,3.6046,3.6046,3.5778,3.6055,10700,26.9
2009-12-15,3.6716,3.6716,3.484,3.6189,14000,27
2009-12-16,3.618,3.618,3.4036,3.4178,6900,25.5
2009-12-17,3.283,3.283,3.2026,3.2168,7900,24
2009-12-18,3.35,3.417,3.35,3.4178,18800,25.5
2009-12-21,3.5912,3.6448,3.5912,3.6457,6000,27.2
2009-12-22,3.752,3.819,3.5778,3.8199,9400,28.5
2009-12-23,3.8726,3.8726,3.6582,3.6725,2200,27.4
2009-12-24,3.685,3.9396,3.6582,3.9406,23200,29.4
2009-12-25,4.0066,4.0468,3.9932,4.0478,33900,30.2
2009-12-28,4.288,4.288,4.154,4.155,1200,31
2009-12-29,4.154,4.154,3.886,3.8869,6300,29
2009-12-30,3.618,3.8994,3.618,3.8467,24100,28.7
2009-12-31,3.8324,4.02,3.8324,3.8869,33900,29
2010-01-04,4.02,4.221,4.0066,4.222,34100,31.5
2010-01-05,4.422,4.4622,4.1942,4.1952,24200,31.3
2010-01-06,4.154,4.154,4.0334,4.0344,21600,30.1
2010-01-07,3.953,4.0602,3.8592,3.954,18900,29.5
2010-01-08,4.154,4.1808,3.752,3.8199,23800,28.5
2010-01-11,3.752,4.02,3.6582,3.6725,21300,27.4
2010-01-12,3.6984,3.9396,3.618,3.6859,13900,27.5
2010-01-13,4.02,4.02,3.618,3.8869,17700,29
2010-01-14,3.8324,3.8324,3.7788,3.8333,7000,28.6
2010-01-15,4.02,4.02,3.6582,3.7529,1300,28
2010-01-18,3.819,3.819,3.4974,3.5251,9300,26.3
2010-01-19,3.618,3.685,3.618,3.6859,7500,27.5
2010-01-20,3.6716,3.685,3.6582,3.6859,4200,27.5
2010-01-21,3.5912,3.618,3.4438,3.458,20200,25.8
2010-01-22,3.618,3.618,3.618,3.6189,2200,27
2010-01-25,3.4438,3.4706,3.4438,3.458,1900,25.8
2010-01-26,3.618,3.6984,3.618,3.6993,6800,27.6
2010-01-27,3.5912,3.618,3.4304,3.4312,19700,25.6
2010-01-28,3.3902,3.551,3.35,3.5519,3200,26.5
2010-01-29,3.5912,3.6046,3.5912,3.6055,13000,26.9
2010-02-01,3.551,3.551,3.551,3.5519,1300,26.5
2010-02-02,3.7386,3.7386,3.35,3.3508,800,25
2010-02-03,3.6716,3.6716,3.3768,3.3776,10100,25.2
2010-02-04,3.5912,3.6046,3.5912,3.6055,12800,26.9
2010-02-05,3.6046,3.6448,3.551,3.6189,3600,27
2010-02-08,3.5912,3.685,3.5912,3.5921,1200,26.8
2010-02-09,3.4572,3.551,3.4572,3.4848,14500,26
2010-02-10,3.685,3.685,3.685,3.6859,100,27.5
2010-02-11,3.618,3.6582,3.618,3.6189,4500,27
2010-02-12,3.6448,3.8458,3.6448,3.8467,7700,28.7
2010-02-22,3.752,3.886,3.752,3.7931,10500,28.3
2010-02-23,3.7914,3.7914,3.621,3.6359,3300,25.6
2010-02-24,3.8198,3.8198,3.7204,3.8064,2600,26.8
2010-02-25,3.8908,3.8908,3.8908,3.8916,400,27.4
2010-02-26,3.692,3.834,3.692,3.8348,1300,27
2010-03-01,3.6636,3.692,3.6352,3.6928,4000,26
2010-03-02,3.692,3.8198,3.6636,3.6928,8400,26
2010-03-03,3.8056,3.834,3.7914,3.8348,7700,27
2010-03-04,3.905,3.9476,3.905,3.9058,13500,27.5
2010-03-05,3.905,3.905,3.905,3.9058,2800,27.5
2010-03-08,3.905,4.0612,3.905,4.062,21000,28.6
2010-03-09,4.189,4.189,4.1322,4.1899,17400,29.5
2010-03-10,4.047,4.1606,4.047,4.1614,2600,29.3
2010-03-11,4.047,4.1038,3.9902,4.0052,4600,28.2
2010-03-12,4.2458,4.2458,3.976,4.0052,12600,28.2
2010-03-15,4.047,4.118,4.0186,4.0194,5500,28.3
2010-03-16,3.9476,3.9476,3.8482,3.849,3200,27.1
2010-03-17,3.7772,4.047,3.692,3.6928,7700,26
2010-03-18,3.7346,3.834,3.692,3.8348,6800,27
2010-03-19,3.7772,3.7772,3.7204,3.7496,7900,26.4
2010-03-22,3.7346,3.9902,3.7346,3.991,16700,28.1
2010-03-23,4.118,4.118,3.8624,4.0052,9800,28.2
2010-03-24,3.8056,3.8056,3.8056,3.8064,2000,26.8
2010-03-25,3.692,3.8056,3.621,3.8064,16900,26.8
2010-03-26,3.7346,3.7346,3.692,3.707,8400,26.1
2010-03-29,3.6778,3.6778,3.6636,3.6643,9300,25.8
2010-03-30,3.692,3.692,3.6352,3.6501,12600,25.7
2010-03-31,3.6068,3.6068,3.5926,3.6075,2000,25.4
2010-04-01,3.7204,3.7204,3.5926,3.6928,2300,26
2010-04-02,3.763,3.8624,3.763,3.7638,12100,26.5
2010-04-05,3.9334,3.976,3.7062,3.9768,17600,28
2010-04-06,3.8482,4.0044,3.8056,3.8348,16400,27
2010-04-07,3.8482,3.8766,3.834,3.849,7400,27.1
2010-04-08,3.905,4.1038,3.8482,4.1046,23100,28.9
2010-04-09,4.189,4.2174,4.189,4.2183,75000,29.7
2010-04-12,4.5014,4.5014,4.402,4.4881,98900,31.6
2010-04-13,4.189,4.189,4.1748,4.1756,16800,29.4
2010-04-14,4.3736,4.3736,4.3736,4.3745,100,30.8
2010-04-15,4.3736,4.4872,4.0754,4.3319,39900,30.5
2010-04-16,4.544,4.6292,4.5298,4.6301,75500,32.6
2010-04-19,4.899,4.9132,4.544,4.829,84500,34
2010-04-20,4.899,5.0268,4.899,5.0278,200000,35.4
2010-04-21,5.3676,5.3676,5.3676,5.3687,34000,37.8
2010-04-22,5.7368,5.7368,5.112,5.1414,119500,36.2
2010-04-26,5.183,5.183,5.0978,5.0988,18500,35.9
2010-04-27,4.757,5.0126,4.757,4.9,148100,34.5
2010-04-28,4.97,5.041,4.828,4.9284,42100,34.7
2010-04-29,4.9274,4.97,4.686,4.9142,46300,34.6
2010-05-04,5.183,5.183,5.183,5.1841,72300,36.5
2010-05-05,5.538,5.538,5.183,5.3971,126700,38
2010-05-06,5.538,5.538,5.254,5.4113,174100,38.1
2010-05-07,5.3818,5.396,5.254,5.3829,68000,37.9
2010-05-10,5.4528,5.609,5.3108,5.3971,136100,38
2010-05-11,5.538,5.5948,5.183,5.1841,69400,36.5
2010-05-12,5.183,5.183,5.112,5.113,24200,36
2010-05-13,4.7996,5.183,4.7712,4.7722,99800,33.6
2010-05-14,4.544,4.97,4.473,4.758,69200,33.5
2010-05-17,4.7144,5.041,4.7144,4.971,101200,35
2010-05-18,5.112,5.112,5.0268,5.0278,8300,35.4
2010-05-19,4.7854,4.7854,4.7428,4.7438,25300,33.4
2010-05-20,4.4446,4.8138,4.4304,4.6301,37800,32.6
2010-05-21,4.3168,4.4588,4.3168,4.3177,33700,30.4
2010-05-24,4.3168,4.473,4.26,4.4597,26800,31.4
2010-05-25,4.0612,4.1464,4.0612,4.1046,31400,28.9
2010-05-26,4.189,4.3878,4.189,4.3887,54200,30.9
2010-05-27,4.544,4.6292,4.3878,4.5165,44600,31.8
2010-05-28,4.6292,4.828,4.6292,4.829,61300,34
2010-05-31,5.1262,5.1262,4.5298,4.5449,6700,32
2010-06-01,4.331,4.5298,4.26,4.4455,45800,31.3
2010-06-02,4.3736,4.4304,4.331,4.4313,16500,31.2
2010-06-03,4.615,4.6292,4.5156,4.5449,46200,32
2010-06-04,4.615,4.7144,4.5866,4.6017,49800,32.4
2010-06-07,4.4588,4.4588,4.3026,4.3035,44300,30.3
2010-06-08,4.544,4.544,4.26,4.4029,9300,31
2010-06-09,4.402,4.5298,4.3452,4.3745,24600,30.8
2010-06-10,4.3452,4.473,4.3452,4.4739,48200,31.5
2010-06-11,4.6748,4.7232,4.6748,4.7235,88200,29.3
2010-06-14,4.9166,4.9166,4.6909,4.8364,2100,30
2010-06-15,4.8521,4.8521,4.6748,4.7558,16700,29.5
2010-06-16,4.836,4.9166,4.7554,4.8364,18100,30
2010-06-17,4.6909,4.8038,4.6748,4.6913,26100,29.1
2010-06-18,4.7232,4.7554,4.6748,4.7558,29800,29.5
2010-06-21,4.7393,4.9166,4.7393,4.8525,17200,30.1
2010-06-22,4.9811,4.9811,4.6748,4.7235,41800,29.3
2010-06-23,4.707,5.0778,4.707,5.0621,79200,31.4
2010-06-24,5.239,5.3357,5.1584,5.3362,118800,33.1
2010-06-25,5.1584,5.3196,5.1584,5.1588,70700,32
2010-06-28,5.3196,5.5614,5.1584,5.32,38100,33
2010-06-29,5.368,5.368,5.1584,5.1588,35800,32
2010-06-30,4.9166,4.9972,4.8682,4.9976,33200,31
2010-07-01,4.9166,5.1906,4.8844,4.9976,50800,31
2010-07-02,5.0778,5.1423,5.0456,5.0782,18300,31.5
2010-07-05,5.1584,5.239,5.0294,5.0299,21700,31.2
2010-07-06,5.2229,5.2229,4.9488,4.9492,11600,30.7
2010-07-07,4.9811,5.0294,4.9488,4.9492,6900,30.7
2010-07-08,5.1584,5.1745,5.0133,5.0137,22400,31.1
2010-07-09,5.0617,5.0617,4.9327,4.9654,15400,30.8
2010-07-12,4.836,4.9811,4.7715,4.9815,30700,30.9
2010-07-13,5.0778,5.1584,4.9327,5.0137,30700,31.1
2010-07-14,5.0778,5.0778,5.0133,5.0137,20300,31.1
2010-07-15,4.9166,4.9972,4.836,4.9654,9900,30.8
2010-07-16,4.9166,4.9972,4.9166,4.917,35700,30.5
2010-07-19,4.9972,5.1584,4.9972,5.1266,53200,31.8
2010-07-20,5.1584,5.3196,4.9811,5.1749,48200,32.1
2010-07-21,5.2229,5.3196,5.0939,5.0943,23600,31.6
2010-07-22,5.2068,5.239,5.0133,5.2072,68400,32.3
2010-07-23,5.2551,5.3196,5.2068,5.32,65800,33
2010-07-26,5.4002,5.4002,5.0939,5.0943,43200,31.6
2010-07-27,5.1584,5.4002,5.1584,5.1911,29800,32.2
2010-07-28,5.239,5.239,5.0778,5.0782,10100,31.5
2010-07-29,4.9972,5.1584,4.9972,5.1588,11000,32
2010-07-30,5.1906,5.368,5.1906,5.3684,38000,33.3
2010-08-02,5.1584,5.239,5.1584,5.1588,20300,32
2010-08-03,5.3035,5.3035,4.9972,4.9976,9500,31
2010-08-04,4.8844,4.9166,4.836,4.917,11700,30.5
2010-08-05,5.1584,5.239,5.1584,5.2394,29900,32.5
2010-08-06,5.2229,5.2874,5.1584,5.2556,30900,32.6
2010-08-09,5.1906,5.2068,5.0778,5.0782,18500,31.5
2010-08-10,4.9327,4.9972,4.9166,4.9976,20700,31
2010-08-11,4.9166,5.239,4.9166,5.2394,18000,32.5
2010-08-12,4.965,4.965,4.7554,4.8686,22400,30.2
2010-08-13,5.1423,5.1584,4.8844,5.1588,22000,32
2010-08-16,5.0778,5.3196,5.0778,5.32,32400,33
2010-08-17,4.9327,5.2229,4.9327,5.2233,4300,32.4
2010-08-18,4.9972,4.9972,4.8844,4.917,14200,30.5
2010-08-19,4.9327,4.9327,4.836,4.8364,12000,30
2010-08-20,4.8844,5.1584,4.8682,5.1588,8500,32
2010-08-23,5.3357,5.3357,5.0294,5.0299,11400,31.2
2010-08-24,5.3196,5.4324,4.9327,4.9331,16300,30.6
2010-08-25,5.1584,5.1584,5.1584,5.1588,5000,32
2010-08-26,4.8038,5.0617,4.8038,4.8042,23700,29.8
2010-08-27,5.2229,5.2229,4.5942,4.917,8100,30.5
2010-08-30,5.2229,5.2229,5.0294,5.0621,34400,31.4
2010-08-31,5.1262,5.1262,4.9972,4.9976,11200,31
2010-09-01,4.9166,5.1262,4.7393,5.1266,30000,31.8
2010-09-06,4.9166,5.1906,4.8521,5.1911,75200,32.2
2010-09-07,4.8521,5.239,4.8521,5.1588,20100,32
2010-09-08,5.1423,5.1423,5.0617,5.0782,17000,31.5
2010-09-09,5.1745,5.3518,5.1262,5.32,51600,33
2010-09-10,5.239,5.3196,4.9972,5.1588,40500,32
2010-09-13,5.0133,5.0456,4.836,4.9492,12400,30.7
2010-09-14,5.1584,5.1906,5.0133,5.1911,18200,32.2
2010-09-15,5.11,5.1262,4.9972,5.046,43200,31.3
2010-09-16,5.3196,5.3357,5.0294,5.2233,8000,32.4
2010-09-17,5.239,5.368,5.1584,5.3684,23900,33.3
2010-09-20,5.4002,5.6098,5.2712,5.32,8800,33
2010-09-21,5.1584,5.3196,5.1423,5.1427,16200,31.9
2010-09-22,5.2712,5.3035,5.0939,5.0943,5500,31.6
2010-09-23,4.9166,5.0778,4.9166,4.9331,9100,30.6
2010-09-24,5.1423,5.1423,5.0778,5.0782,4000,31.5
2010-09-27,5.3035,5.3035,4.8844,4.8848,6000,30.3
2010-09-28,4.9327,5.1262,4.9327,5.1266,6100,31.8
2010-09-29,5.1262,5.1262,4.8682,4.8686,10700,30.2
2010-09-30,5.0778,5.0778,4.836,4.9815,23100,30.9
2010-10-01,5.0294,5.0294,5.0294,5.0299,5000,31.2
2010-10-04,4.9972,4.9972,4.6909,4.8364,13600,30
2010-10-05,4.5297,4.6748,4.5297,4.6752,4800,29
2010-10-06,4.6748,4.9005,4.6748,4.7719,14800,29.6
2010-10-07,5.0617,5.0617,4.6748,4.6752,53100,29
2010-10-08,5.0294,5.0294,4.707,4.7397,11500,29.4
2010-10-11,4.9811,4.9811,4.6103,4.6107,5200,28.6
2010-10-12,4.6426,4.7554,4.6264,4.7074,4700,29.2
2010-10-13,4.7393,4.7393,4.7393,4.7397,5000,29.4
2010-10-14,4.7393,4.8038,4.6587,4.6591,8000,28.9
2010-10-15,4.6748,4.7393,4.4169,4.4172,43100,27.4
2010-10-18,4.8844,4.9005,4.8844,4.9009,5000,30.4
2010-10-19,4.6587,4.6587,4.6587,4.6591,300,28.9
2010-10-20,4.8199,4.8199,4.3363,4.5785,17700,28.4
2010-10-21,4.5136,4.5136,4.3202,4.3205,8500,26.8
2010-10-22,4.3524,4.4975,4.1267,4.1271,12100,25.6
2010-10-25,4.1912,4.5136,4.0784,4.1109,17600,25.5
2010-10-26,4.1751,4.1912,3.8849,4.0303,21200,25
2010-10-27,3.9494,3.9494,3.756,3.7563,17300,23.3
2010-10-28,3.7076,3.9978,3.7076,3.8691,22200,24
2010-10-29,3.9333,3.9333,3.8688,3.9014,8200,24.2
2010-11-01,4.1751,4.1751,3.8527,3.8691,8900,24
2010-11-02,3.8688,3.8688,3.8688,3.8691,100,24
2010-11-03,3.9978,3.9978,3.6109,3.6112,16800,22.4
2010-11-04,3.7076,3.7882,3.627,3.7079,17000,23
2010-11-05,3.8688,3.9333,3.7882,3.8046,19700,23.6
2010-11-08,3.9333,3.9333,3.7237,3.8691,13700,24
2010-11-09,3.7076,3.7076,3.5948,3.6757,17300,22.8
2010-11-10,3.7882,3.7882,3.5464,3.6918,27800,22.9
2010-11-11,3.8043,3.8043,3.5464,3.5467,20000,22
2010-11-12,3.4658,3.6915,3.4658,3.5467,16600,22
2010-11-15,3.6915,3.6915,3.3691,3.3694,15000,20.9
2010-11-16,3.5625,3.5625,3.2724,3.4338,64900,21.3
2010-11-17,3.4658,3.5303,3.2401,3.2404,17300,20.1
2010-11-18,3.3852,3.6592,3.3852,3.6112,17500,22.4
2010-11-19,3.7076,3.8527,3.5464,3.5951,17000,22.3
2010-11-22,3.5142,3.5142,3.4658,3.4661,12800,21.5
2010-11-23,3.4658,3.5948,3.4658,3.4983,21700,21.7
2010-11-24,3.5625,3.5625,3.5625,3.5628,2300,22.1
2010-11-25,3.6592,3.7882,3.6109,3.7885,22000,23.5
2010-11-26,3.8688,3.9333,3.756,3.7563,24500,23.3
2010-11-29,3.9494,3.9978,3.7398,3.9336,27200,24.4
2010-11-30,4.0461,4.1267,4.0461,4.1109,30300,25.5
2010-12-01,4.3363,4.3363,3.8688,3.8691,21400,24
2010-12-02,4.2234,4.2557,3.9172,4.2238,25300,26.2
2010-12-03,4.3524,4.4008,4.3524,4.4011,54900,27.3
2010-12-06,4.6587,4.6748,4.2718,4.2722,62800,26.5
2010-12-07,4.5136,4.6426,4.2234,4.2238,35900,26.2
2010-12-08,4.3524,4.433,4.0622,4.0626,26200,25.2
2010-12-09,4.1912,4.4975,4.1912,4.4978,59100,27.9
2010-12-10,4.562,4.6264,4.5136,4.6268,52000,28.7
2010-12-13,4.9005,4.9005,4.8199,4.9009,78500,30.4
2010-12-14,5.0778,5.1423,4.5136,4.5462,18900,28.2
2010-12-15,4.9327,4.9811,4.5942,4.5946,25100,28.5
2010-12-16,4.9005,4.9005,4.4652,4.4656,6500,27.7
2010-12-17,4.5136,4.7876,4.4814,4.4817,25300,27.8
2010-12-20,4.6426,4.6426,4.2396,4.2399,13400,26.3
2010-12-21,4.4652,4.4652,4.1751,4.1754,24600,25.9
2010-12-22,4.5136,4.5136,4.2396,4.2399,13200,26.3
2010-12-23,4.433,4.433,4.1428,4.1593,11600,25.8
2010-12-24,4.1106,4.3846,4.0784,4.385,13600,27.2
2010-12-27,4.5942,4.5942,4.4975,4.4978,8100,27.9
2010-12-28,4.4491,4.4814,4.2879,4.2883,20300,26.6
2010-12-29,4.5942,4.5942,4.5942,4.5946,8000,28.5
2010-12-30,4.304,4.4814,4.2879,4.2883,11100,26.6
2010-12-31,4.433,4.562,4.159,4.1593,18400,25.8
2011-01-04,4.7232,4.7232,4.2234,4.2238,6500,26.2
2011-01-05,4.6103,4.6103,4.2879,4.2883,8000,26.6
2011-01-06,4.433,4.4814,4.1428,4.1915,19100,26
2011-01-07,4.4169,4.4169,4.1106,4.1109,5000,25.5
2011-01-10,4.0622,4.2879,4.0622,4.2883,2200,26.6
2011-01-11,4.03,4.2234,3.9816,4.2077,11900,26.1
2011-01-12,4.2557,4.2557,4.2396,4.2399,6100,26.3
2011-01-13,4.2396,4.2396,4.0461,4.0465,5200,25.1
2011-01-14,4.304,4.304,4.03,4.1109,10600,25.5
2011-01-17,4.2396,4.2396,4.1106,4.1109,9300,25.5
2011-01-18,4.304,4.304,4.1106,4.1109,6100,25.5
2011-01-19,3.9655,4.0139,3.9655,4.0142,6400,24.9
2011-01-20,4.1751,4.1751,4.159,4.1593,10100,25.8
2011-01-21,4.2073,4.2073,4.0461,4.0465,10700,25.1
2011-01-24,4.159,4.1751,4.159,4.1754,5000,25.9
2011-01-25,4.2396,4.2396,3.901,3.9175,12900,24.3
2011-01-26,4.1267,4.1267,4.0622,4.0787,5000,25.3
2011-01-27,3.8849,4.03,3.8849,4.0303,4400,25
2011-01-28,4.1267,4.2557,4.1267,4.2238,10400,26.2
2011-02-08,4.304,4.4491,4.304,4.4495,12900,27.6
2011-02-09,4.6748,4.6748,4.1751,4.2722,35000,26.5
2011-02-10,4.5764,4.6107,4.2679,4.4758,15700,26.1
2011-02-11,4.3878,4.5078,4.285,4.39,13400,25.6
2011-02-14,4.525,4.525,4.285,4.2871,5400,25
2011-02-15,4.3707,4.405,4.1993,4.2871,7000,25
2011-02-16,4.3364,4.3364,4.3364,4.3386,2000,25.3
2011-02-17,4.3364,4.6278,4.3364,4.6301,16000,27
2011-02-18,4.5078,4.525,4.2679,4.27,6300,24.9
2011-02-21,4.3536,4.3536,4.3536,4.3557,4000,25.4
2011-02-22,4.0622,4.0622,4.0622,4.0642,4600,23.7
2011-02-23,4.0965,4.0965,3.7879,4.0299,16800,23.5
2011-02-24,3.8736,3.8736,3.8736,3.8756,100,22.6
2011-02-25,4.0965,4.1307,3.7879,3.7898,15200,22.1
2011-02-28,4.2336,4.2336,3.7879,3.7898,7500,22.1
2011-03-01,3.8565,3.9422,3.8222,3.8584,4900,22.5
2011-03-02,3.9251,3.9251,3.5994,3.6012,14300,21
2011-03-03,3.4623,3.4623,3.4623,3.464,2200,20.2
2011-03-04,3.548,3.548,3.2223,3.2239,20400,18.8
2011-03-07,3.428,3.428,3.1366,3.1382,20500,18.3
2011-03-08,3.1709,3.2566,3.0852,3.0867,12300,18
2011-03-09,3.1195,3.1195,3.1023,3.1039,16000,18.1
2011-03-10,3.0852,3.2395,3.0852,3.2411,18600,18.9
2011-03-11,3.3252,3.428,3.3252,3.4297,51300,20
2011-03-14,3.5823,3.5823,3.188,3.1896,21900,18.6
2011-03-15,3.3252,3.3766,3.188,3.1896,24700,18.6
2011-03-16,3.3423,3.3423,3.0852,3.2582,11400,19
2011-03-17,3.428,3.428,3.1709,3.1725,21100,18.5
2011-03-18,3.3937,3.4794,3.1709,3.344,40400,19.5
2011-03-21,3.5308,3.548,3.4623,3.5497,43400,20.7
2011-03-22,3.7879,3.7879,3.7708,3.7898,44800,22.1
2011-03-23,4.045,4.045,4.045,4.0471,43100,23.6
2011-03-24,4.285,4.3193,4.1136,4.3043,88100,25.1
2011-03-25,4.4393,4.4907,4.2336,4.4929,39400,26.2
2011-03-28,4.3193,4.3536,4.0965,4.27,85600,24.9
2011-03-29,4.2507,4.2507,3.9422,3.9442,22500,23
2011-03-30,3.8908,4.2336,3.8394,4.2357,61100,24.7
2011-03-31,4.045,4.045,3.7708,3.7727,26300,22
2011-04-01,3.7022,4.165,3.668,3.9099,56200,22.8
2011-04-04,4.045,4.045,3.9251,3.927,14000,22.9
2011-04-05,4.0108,4.0108,3.7194,3.7212,18100,21.7
2011-04-06,3.9251,3.9251,3.8051,3.8927,15900,22.7
2011-04-07,3.9079,3.9251,3.7194,3.8241,20500,22.3
2011-04-08,3.8394,3.8736,3.6508,3.6698,11700,21.4
2011-04-13,3.9251,3.9251,3.5994,3.6012,10600,21
2011-04-14,3.7879,3.7879,3.5994,3.6012,9700,21
2011-04-15,3.668,3.668,3.5308,3.5326,18300,20.6
2011-04-18,3.7365,3.7365,3.3766,3.3783,15700,19.7
2011-04-19,3.7365,3.7365,3.7365,3.7384,4600,21.8
2011-04-20,3.8222,3.8222,3.5308,3.5326,8600,20.6
2011-04-21,3.668,3.668,3.4623,3.464,10200,20.2
2011-04-22,3.5651,3.5651,3.4966,3.4983,6700,20.4
2011-04-25,3.6337,3.6508,3.5137,3.5326,13500,20.6
2011-04-26,3.5823,3.5823,3.3594,3.3611,11200,19.6
2011-04-27,3.2223,3.5137,3.2223,3.2239,23100,18.8
2011-04-28,3.4109,3.4109,3.1366,3.1382,2800,18.3
2011-04-29,3.5651,3.5651,3.1195,3.344,14300,19.5
2011-05-04,3.6508,3.6851,3.2566,3.2582,5500,19
2011-05-05,3.5823,3.5823,3.4109,3.4126,10100,19.9
2011-05-06,3.5823,3.5823,3.4966,3.4983,5400,20.4
2011-05-09,3.4966,3.4966,3.3423,3.344,7700,19.5
2011-05-10,3.4451,3.4451,3.2052,3.2582,7900,19
2011-05-11,3.4109,3.4109,3.1366,3.1382,13700,18.3
2011-05-12,3.3937,3.3937,3.0681,3.0696,9600,17.9
2011-05-13,3.308,3.3252,3.1023,3.1039,6100,18.1
2011-05-16,3.2737,3.2737,3.1366,3.1382,3800,18.3
2011-05-17,3.2395,3.2395,3.0852,3.0867,9000,18
2011-05-18,3.1538,3.1538,2.9995,3.001,7800,17.5
2011-05-19,3.1195,3.1538,2.8624,2.8638,14900,16.7
2011-05-20,3.188,3.188,3.0509,3.0696,10700,17.9
2011-05-23,3.0509,3.0509,3.0509,3.0524,3000,17.8
2011-05-24,2.8795,3.1023,2.8452,2.8467,8100,16.6
2011-05-25,3.0338,3.0509,2.811,2.8124,8200,16.4
2011-05-26,2.7424,2.8795,2.7424,2.881,9100,16.8
2011-05-27,2.9824,2.9824,2.691,2.9495,3700,17.2
2011-05-30,2.7424,2.9824,2.7424,2.9838,4700,17.4
2011-05-31,2.7938,2.7938,2.6053,2.6066,8600,15.2
2011-06-01,2.7767,2.7767,2.4853,2.7438,4500,16
2011-06-02,2.7595,2.8624,2.7595,2.8467,1400,16.6
2011-06-03,2.9481,2.9481,2.6224,2.6237,6300,15.3
2011-06-06,2.7253,2.7253,2.5367,2.6923,8100,15.7
2011-06-07,2.691,2.691,2.6567,2.658,1600,15.5
2011-06-08,2.7595,2.7595,2.7595,2.7609,1200,16.1
2011-06-09,2.7767,2.7767,2.7424,2.7438,2800,16
2011-06-10,2.7938,2.8624,2.7767,2.8638,39700,16.7
2011-06-13,2.9995,2.9995,2.8795,3.001,37800,17.5
2011-06-14,3.1366,3.1538,2.9652,3.1039,38800,18.1
2011-06-15,3.0509,3.0852,2.9309,2.9667,9700,17.3
2011-06-16,3.1023,3.1023,2.9995,3.0181,10200,17.6
2011-06-17,2.9138,3.1366,2.8624,2.8638,3300,16.7
2011-06-20,2.7595,3.0166,2.7595,2.7609,4500,16.1
2011-06-21,2.7767,2.811,2.7595,2.8124,6200,16.4
2011-06-22,2.8281,2.8624,2.6053,2.6066,27900,15.2
2011-06-23,2.691,2.691,2.5367,2.538,10300,14.8
2011-06-24,2.7081,2.7253,2.571,2.6923,10900,15.7
2011-06-27,2.7767,2.7767,2.5196,2.7095,11500,15.8
2011-06-28,2.6738,2.6738,2.4853,2.6066,16500,15.2
2011-06-29,2.6224,2.6396,2.4853,2.538,5800,14.8
2011-06-30,2.5539,2.571,2.3825,2.4865,26300,14.5
2011-07-01,2.5367,2.6224,2.3996,2.5208,15900,14.7
2011-07-04,2.5367,2.5367,2.2968,2.4865,20000,14.5
2011-07-05,2.2625,2.4682,2.2625,2.3493,22200,13.7
2011-07-06,2.2796,2.3825,2.2282,2.2293,35200,13
2011-07-07,2.3482,2.3825,2.1254,2.1264,38300,12.4
2011-07-08,2.2453,2.2453,2.2111,2.2293,13600,13
2011-07-11,2.1082,2.2968,2.1082,2.2122,18200,12.9
2011-07-12,2.1082,2.1768,2.0568,2.0578,49700,12
2011-07-13,2.1254,2.1254,1.9368,1.9378,24500,11.3
2011-07-14,1.9711,1.9711,1.8683,1.9035,24500,11.1
2011-07-15,1.954,2.0225,1.9197,2.0064,14700,11.7
2011-07-18,1.8683,2.0225,1.8683,1.8863,14200,11
2011-07-19,1.954,1.9711,1.7826,1.9206,6200,11.2
2011-07-20,1.9368,1.9882,1.8683,1.9549,32000,11.4
2011-07-21,1.8854,1.9711,1.8683,1.8692,14800,10.9
2011-07-22,1.954,1.954,1.8168,1.8692,6800,10.9
2011-07-25,1.7654,1.9368,1.7654,1.9378,3600,11.3
2011-07-26,1.954,1.954,1.8854,1.9549,24400,11.4
2011-07-27,1.8168,1.9025,1.8168,1.9035,10800,11.1
2011-07-28,1.8854,1.9197,1.8854,1.9206,8100,11.2
2011-07-29,1.8854,1.9197,1.8511,1.8863,29100,11
2011-08-01,1.9882,1.9882,1.8511,1.852,13600,10.8
2011-08-02,1.8683,1.8854,1.8511,1.8863,19200,11
2011-08-03,1.8511,1.8683,1.8511,1.852,7100,10.8
2011-08-04,1.8511,1.9711,1.8511,1.9721,12500,11.5
2011-08-05,1.8854,1.9882,1.8854,1.9378,21600,11.3
2011-08-08,1.7997,1.9197,1.7997,1.852,12400,10.8
2011-08-09,1.7654,1.8854,1.7654,1.7834,29900,10.4
2011-08-10,1.8168,1.9197,1.8168,1.8349,12600,10.7
2011-08-11,1.8511,1.8511,1.8168,1.852,9700,10.8
2011-08-12,1.7997,1.7997,1.7997,1.8006,7500,10.5
2011-08-15,1.7997,1.8511,1.7826,1.8177,20200,10.6
2011-08-16,1.7997,1.9025,1.7997,1.8006,12600,10.5
2011-08-17,1.9025,1.9197,1.8168,1.9206,21900,11.2
2011-08-18,1.9368,1.9711,1.8683,1.9378,12400,11.3
2011-08-19,1.954,1.954,1.9025,1.9035,6000,11.1
2011-08-22,1.8511,2.0054,1.8511,2.0064,12300,11.7
2011-08-23,1.9882,2.0054,1.954,1.9721,19200,11.5
2011-08-24,1.9368,2.0054,1.9197,2.0064,2600,11.7
2011-08-25,1.8854,1.9711,1.8854,1.8863,5700,11
2011-08-26,1.9025,1.954,1.9025,1.9549,1200,11.4
2011-08-29,2.0054,2.0397,1.954,2.0064,13300,11.7
2011-08-30,1.954,2.0911,1.954,2.0921,4300,12.2
2011-08-31,2.0397,2.0739,1.9711,2.0235,9200,11.8
2011-09-01,2.0568,2.0568,1.9711,2.0064,9800,11.7
2011-09-05,1.9882,2.0054,1.9711,1.9721,13700,11.5
2011-09-06,1.9711,2.0397,1.9711,1.9721,3500,11.5
2011-09-07,2.0225,2.0225,1.9882,2.0064,6800,11.7
2011-09-08,2.0225,2.0911,2.0225,2.0578,7800,12
2011-09-09,2.0568,2.0739,2.0568,2.075,2000,12.1
2011-09-12,2.0911,2.1254,2.0911,2.1264,13500,12.4
2011-09-13,2.1768,2.2625,2.1254,2.2293,16600,13
2011-09-14,2.3139,2.3139,2.0568,2.0578,12400,12
2011-09-15,2.0568,2.0568,1.9882,2.0235,4400,11.8
2011-09-16,1.9368,1.9882,1.9197,1.9206,5800,11.2
2011-09-19,2.0225,2.0225,1.9025,2.0064,5600,11.7
2011-09-20,2.0397,2.0397,2.0397,2.0407,100,11.9
2011-09-21,2.0568,2.0739,2.0397,2.0407,3200,11.9
2011-09-22,2.0739,2.0739,2.0568,2.0578,600,12
2011-09-23,2.0911,2.0911,1.9882,2.075,900,12.1
2011-09-26,2.0568,2.0568,2.0568,2.0578,100,12
2011-09-27,2.0568,2.0568,1.9197,1.9378,6300,11.3
2011-09-28,2.0397,2.0397,2.0397,2.0407,300,11.9
2011-09-29,1.9368,1.9368,1.9025,1.9035,28500,11.1
2011-09-30,1.9711,1.9711,1.7826,1.7834,27100,10.4
2011-10-03,1.8683,1.8683,1.8683,1.8692,100,10.9
2011-10-04,1.8854,1.8854,1.8854,1.8863,200,11
2011-10-05,1.8854,1.8854,1.8854,1.8863,500,11
2011-10-06,1.8854,1.8854,1.8854,1.8863,1000,11
2011-10-07,1.8854,1.9882,1.8854,1.9892,4100,11.6
2011-10-10,1.9197,1.9368,1.9197,1.9378,5200,11.3
2011-10-11,1.9197,1.954,1.9197,1.9549,11100,11.4
2011-10-12,1.9711,1.9711,1.9368,1.9549,32700,11.4
2011-10-13,1.9882,2.0739,1.9882,2.075,27000,12.1
2011-10-14,2.0568,2.1939,2.0568,2.1779,21800,12.7
2011-10-17,2.2282,2.2968,2.1596,2.2979,17500,13.4
2011-10-18,2.1768,2.3825,2.1768,2.3836,22400,13.9
2011-10-19,2.3996,2.4682,2.2968,2.2979,80000,13.4
2011-10-20,2.2968,2.2968,2.2968,2.2979,100,13.4
2011-10-21,2.1425,2.1425,2.1425,2.1436,3300,12.5
2011-10-24,2.0054,2.0054,2.0054,2.0064,13200,11.7
2011-10-25,1.8854,2.0054,1.8683,1.9549,9200,11.4
2011-10-26,1.7997,1.9882,1.7483,1.9892,11400,11.6
2011-10-27,1.714,1.714,1.6626,1.6634,10000,9.7
2011-10-28,1.7654,1.7654,1.6969,1.7663,110000,10.3
2011-10-31,1.834,1.834,1.834,1.8349,100,10.7
2011-11-01,1.954,1.954,1.954,1.9549,1500,11.4
2011-11-02,2.0568,2.0739,1.9711,2.0578,29100,12
2011-11-03,2.1768,2.1939,2.1425,2.1436,11000,12.5
2011-11-04,2.2968,2.3139,2.0568,2.0578,7900,12
2011-11-07,2.3482,2.451,2.1425,2.1436,148000,12.5
2011-11-08,2.2625,2.2625,2.2625,2.2636,100,13.2
2011-11-09,2.1082,2.1082,2.1082,2.1093,200,12.3
2011-11-10,1.9711,2.0568,1.9711,2.0064,16400,11.7
2011-11-11,1.9025,1.9025,1.9025,1.9035,100,11.1
2011-11-14,1.7997,1.7997,1.7997,1.8006,100,10.5
2011-11-15,1.7997,1.9197,1.6797,1.852,17400,10.8
2011-11-16,1.7483,1.8511,1.6797,1.852,183600,10.8
2011-11-17,1.7483,1.7826,1.714,1.7834,1900,10.4
2011-11-18,1.9025,1.9025,1.9025,1.9035,3000,11.1
2011-11-21,2.0054,2.0225,1.9882,2.0235,4800,11.8
2011-11-22,2.0911,2.1596,1.8854,1.8863,20700,11
2011-11-23,1.954,2.2282,1.954,2.2293,228000,13
2011-11-24,2.0568,2.0568,2.0568,2.0578,5000,12
2011-11-25,1.9197,1.9368,1.9197,1.9206,12100,11.2
2011-11-28,1.7997,1.8683,1.7997,1.8177,19400,10.6
2011-11-29,1.7311,1.834,1.714,1.8349,14500,10.7
2011-11-30,1.714,1.8683,1.6283,1.8177,59300,10.6
2011-12-01,1.714,1.7654,1.5597,1.7663,191800,10.3
2011-12-02,1.6797,1.6797,1.6797,1.6806,200,9.8
2011-12-05,1.7826,1.7826,1.7826,1.7834,100,10.4
2011-12-06,1.9025,1.9025,1.9025,1.9035,700,11.1
2011-12-07,1.9711,2.0225,1.9025,2.0235,28100,11.8
2011-12-08,2.0225,2.0739,1.8683,2.0235,251400,11.8
2011-12-09,1.9197,1.9368,1.9197,1.9206,3600,11.2
2011-12-12,2.0397,2.0397,1.8854,1.8863,17900,11
2011-12-13,1.8854,1.8854,1.834,1.852,15300,10.8
2011-12-14,1.7483,1.7654,1.7311,1.732,44600,10.1
2011-12-15,1.6454,1.6626,1.6283,1.6463,19200,9.6
2011-12-16,1.5769,1.6283,1.5769,1.612,16000,9.4
2011-12-19,1.594,1.6112,1.5083,1.5948,52400,9.3
2011-12-20,1.6454,1.6454,1.5426,1.6463,33100,9.6
2011-12-21,1.5769,1.6797,1.474,1.6806,77100,9.8
2011-12-22,1.594,1.594,1.594,1.5948,4400,9.3
2011-12-23,1.6626,1.6969,1.6283,1.6977,16600,9.9
2011-12-26,1.7311,1.7311,1.7311,1.732,300,10.1
2011-12-27,1.7311,1.7311,1.6112,1.612,6900,9.4
2011-12-28,1.5426,1.5426,1.5083,1.5091,34300,8.8
2011-12-29,1.4055,1.594,1.4055,1.5434,1000,9
2011-12-30,1.5597,1.5597,1.4569,1.4919,28500,8.7
2012-01-03,1.5426,1.5426,1.4569,1.4748,12100,8.6
2012-01-04,1.5255,1.5255,1.474,1.4919,2200,8.7
2012-01-05,1.474,1.5426,1.474,1.5434,800,9
2012-01-06,1.5426,1.5426,1.4912,1.5091,5900,8.8
2012-01-09,1.4912,1.5255,1.4912,1.5262,3100,8.9
2012-01-10,1.5597,1.5769,1.5426,1.5434,2200,9
2012-01-11,1.5769,1.5769,1.5426,1.5434,5200,9
2012-01-12,1.5255,1.5426,1.5255,1.5262,7000,8.9
2012-01-13,1.5426,1.5426,1.5426,1.5434,6600,9
2012-01-16,1.5597,1.5597,1.5597,1.5605,5900,9.1
2012-01-17,1.5769,1.5769,1.5769,1.5777,1000,9.2
2012-01-18,1.594,1.6112,1.594,1.612,5400,9.4
2012-01-19,1.6112,1.6112,1.6112,1.612,1500,9.4
2012-01-20,1.6112,1.6112,1.6112,1.612,2400,9.4
2012-01-30,1.6797,1.714,1.6797,1.7149,11500,10
2012-01-31,1.7997,1.7997,1.714,1.7149,2600,10
2012-02-01,1.714,1.7483,1.714,1.7491,200,10.2
2012-02-02,1.7483,1.7654,1.714,1.7491,12600,10.2
2012-02-03,1.7997,1.7997,1.6283,1.6291,51400,9.5
2012-02-06,1.6283,1.6283,1.6283,1.6291,11500,9.5
2012-02-07,1.7311,1.7311,1.7311,1.732,50900,10.1
2012-02-08,1.8511,1.8511,1.8511,1.852,12200,10.8
2012-02-09,1.9711,1.9711,1.9711,1.9721,45100,11.5
2012-02-10,2.0568,2.0911,1.9711,2.0407,14600,11.9
2012-02-13,2.0054,2.0054,1.8683,1.8863,27000,11
2012-02-14,1.954,2.0054,1.954,2.0064,14000,11.7
2012-02-15,2.0568,2.0568,1.8854,1.9035,38700,11.1
2012-02-16,1.834,1.9197,1.834,1.9206,10000,11.2
2012-02-17,1.954,2.0054,1.954,2.0064,44700,11.7
2012-02-20,2.1254,2.1425,2.0739,2.1436,100600,12.5
2012-02-21,2.2834,2.2834,2.1032,2.1235,20500,10.6
2012-02-22,2.1632,2.2033,2.0831,2.1436,14400,10.7
2012-02-23,2.1232,2.2033,2.1032,2.1235,13500,10.6
2012-02-24,2.1032,2.1632,2.003,2.0033,44300,10
2012-02-27,2.0431,2.0431,1.983,2.0234,39600,10.1
2012-02-28,2.023,2.023,1.8628,1.8831,85700,9.4
2012-02-29,1.9229,1.9629,1.9229,1.9232,7100,9.6
2012-03-01,1.8828,1.9029,1.8428,1.8431,13300,9.2
2012-03-02,1.8027,1.9229,1.8027,1.9232,17100,9.6
2012-03-05,1.9429,2.003,1.9429,2.0033,57000,10
2012-03-06,2.1432,2.1432,2.003,2.0234,52900,10.1
2012-03-07,2.003,2.0831,1.983,2.0033,25400,10
2012-03-08,2.003,2.003,1.9029,1.9232,6900,9.6
2012-03-09,1.9229,1.9229,1.8227,1.8631,43300,9.3
2012-03-12,1.8828,1.9229,1.8027,1.803,12700,9
2012-03-13,1.8628,1.8628,1.8428,1.8631,6300,9.3
2012-03-14,1.8428,1.9029,1.8027,1.803,20300,9
2012-03-15,1.8428,1.9429,1.8428,1.8631,7400,9.3
2012-03-16,1.9629,1.983,1.8628,1.8631,23000,9.3
2012-03-19,1.8428,1.8628,1.8428,1.8631,5700,9.3
2012-03-20,1.8628,1.8828,1.8628,1.8631,2300,9.3
2012-03-21,1.9029,1.983,1.9029,1.9833,36200,9.9
2012-03-22,1.9029,1.9629,1.9029,1.9432,3600,9.7
2012-03-23,1.9629,2.0431,1.9629,2.0434,18700,10.2
2012-03-26,1.983,2.0431,1.983,2.0434,10000,10.2
2012-03-27,2.0831,2.1833,2.003,2.1836,183900,10.9
2012-03-28,2.1632,2.2233,2.1632,2.1836,10400,10.9
2012-03-29,2.1232,2.1232,2.1032,2.1035,22600,10.5
2012-03-30,2.023,2.1833,2.023,2.1836,71300,10.9
2012-04-03,2.1032,2.1432,2.1032,2.1235,11300,10.6
2012-04-04,2.003,2.1232,2.003,2.1235,600,10.6
2012-04-05,2.1833,2.1833,1.983,2.0033,7200,10
2012-04-06,2.1032,2.1032,1.983,2.0234,11700,10.1
2012-04-09,2.0431,2.1232,2.0431,2.1235,11600,10.6
2012-04-10,2.1032,2.1032,2.1032,2.1035,9600,10.5
2012-04-11,2.1232,2.1632,2.0631,2.1436,7500,10.7
2012-04-12,2.1833,2.2434,2.1833,2.2037,15100,11
2012-04-13,2.2033,2.2033,2.1632,2.1636,4200,10.8
2012-04-16,2.1632,2.2634,2.1632,2.2638,4100,11.3
2012-04-17,2.2033,2.2634,2.1232,2.1235,32600,10.6
2012-04-18,2.2233,2.2434,2.1833,2.2037,10600,11
2012-04-19,2.1432,2.1432,2.1232,2.1235,11000,10.6
2012-04-20,2.1232,2.2033,2.1232,2.2037,1200,11
2012-04-23,2.2434,2.2834,2.2434,2.2838,5100,11.4
2012-04-24,2.2634,2.2634,2.2033,2.2037,4000,11
2012-04-25,2.2033,2.2634,2.2033,2.2237,1300,11.1
2012-04-26,2.2233,2.2634,2.2033,2.2638,8100,11.3
2012-04-27,2.2634,2.3235,2.2434,2.3239,9900,11.6
2012-05-02,2.3035,2.4637,2.3035,2.4641,44700,12.3
2012-05-03,2.5839,2.6239,2.5238,2.5643,23100,12.8
2012-05-04,2.5238,2.6039,2.5238,2.6043,1400,13
2012-05-07,2.7441,2.7842,2.7041,2.7846,23900,13.9
2012-05-08,2.8042,2.8042,2.6039,2.6043,29600,13
2012-05-09,2.6039,2.7842,2.6039,2.7846,21900,13.9
2012-05-10,2.7041,2.7641,2.7041,2.7646,5900,13.8
2012-05-11,2.644,2.644,2.5839,2.6043,13900,13
2012-05-14,2.664,2.664,2.4837,2.5843,9800,12.9
2012-05-15,2.4236,2.4637,2.4236,2.4441,6800,12.2
2012-05-16,2.4036,2.4837,2.2834,2.4641,198000,12.3
2012-05-17,2.4036,2.4236,2.3235,2.3239,19900,11.6
2012-05-18,2.4437,2.4437,2.4437,2.4441,100,12.2
2012-05-21,2.4637,2.6039,2.4637,2.6043,2000,13
2012-05-22,2.4437,2.4837,2.3836,2.404,8400,12
2012-05-23,2.3035,2.3435,2.2434,2.2437,12500,11.2
2012-05-24,2.3435,2.3435,2.3435,2.3439,100,11.7
2012-05-25,2.4236,2.4236,2.4236,2.424,100,12.1
2012-05-28,2.4036,2.4036,2.2634,2.2838,3500,11.4
2012-05-29,2.1833,2.4036,2.1833,2.404,27300,12
2012-06-01,2.2434,2.2434,2.2434,2.2437,1000,11.2
2012-06-04,2.1032,2.1632,2.1032,2.1636,21400,10.8
2012-06-05,2.023,2.1632,1.9629,2.1636,83300,10.8
2012-06-06,2.023,2.0431,1.983,2.0434,53200,10.2
2012-06-07,2.1032,2.1632,2.1032,2.1235,4600,10.6
2012-06-08,2.2033,2.2033,2.1232,2.1235,6000,10.6
2012-06-11,2.0431,2.0431,1.983,2.0434,85800,10.2
2012-06-12,2.003,2.023,2.003,2.0033,3800,10
2012-06-13,2.023,2.0631,2.023,2.0634,1500,10.3
2012-06-14,2.003,2.0631,2.003,2.0634,5200,10.3
2012-06-15,2.003,2.0631,2.003,2.0634,9600,10.3
2012-06-18,2.0631,2.1032,2.0631,2.0835,17900,10.4
2012-06-19,2.0431,2.0631,2.023,2.0634,2500,10.3
2012-06-20,2.0631,2.0631,2.0631,2.0634,200,10.3
2012-06-22,2.0431,2.0431,2.003,2.0033,3700,10
2012-06-25,2.023,2.023,1.9629,1.9633,7400,9.8
2012-06-26,1.9629,1.9629,1.9229,1.9633,3900,9.8
2012-06-27,1.983,1.983,1.9629,1.9633,600,9.8
2012-06-28,1.9629,1.983,1.9429,1.9833,18800,9.9
2012-06-29,1.983,2.003,1.983,2.0033,4100,10
2012-07-02,2.003,2.003,2.003,2.0033,7200,10
2012-07-03,2.003,2.003,1.983,1.9833,5000,9.9
2012-07-04,1.983,1.983,1.9429,1.9432,1400,9.7
2012-07-05,1.983,1.983,1.983,1.9833,2000,9.9
2012-07-06,1.983,2.003,1.983,2.0033,1200,10
2012-07-09,1.9629,1.9629,1.9629,1.9633,1000,9.8
2012-07-11,1.983,1.983,1.983,1.9833,1400,9.9
2012-07-12,1.983,1.983,1.983,1.9833,4400,9.9
2012-07-13,1.983,2.0431,1.983,2.0234,10300,10.1
2012-07-16,2.003,2.003,2.003,2.0033,3000,10
2012-07-17,2.003,2.003,2.003,2.0033,2200,10
2012-07-18,2.003,2.003,2.003,2.0033,900,10
2012-07-20,2.0431,2.0631,2.023,2.0234,2200,10.1
2012-07-23,1.983,1.983,1.983,1.9833,2900,9.9
2012-07-24,1.983,1.983,1.9629,1.9633,3700,9.8
2012-07-26,1.9629,1.9629,1.9629,1.9633,200,9.8
2012-07-27,1.983,1.983,1.9429,1.9432,1500,9.7
2012-07-30,1.9429,1.9429,1.9429,1.9432,100,9.7
2012-07-31,1.9229,2.023,1.9229,2.0234,200,10.1
2012-08-03,2.023,2.023,2.023,2.0234,200,10.1
2012-08-08,1.9629,1.9629,1.9629,1.9633,4100,9.8
2012-08-09,2.023,2.023,2.023,2.0234,100,10.1
2012-08-10,2.0831,2.0831,2.0831,2.0835,100,10.4
2012-08-13,2.003,2.003,2.003,2.0033,100,10
2012-08-14,2.003,2.003,2.003,2.0033,100,10
2012-08-15,1.9629,1.9629,1.9629,1.9633,1000,9.8
2012-08-16,1.9229,1.9229,1.9229,1.9232,500,9.6
2012-08-17,1.9429,1.9429,1.9429,1.9432,2000,9.7
2012-08-20,1.9429,1.9429,1.9429,1.9432,500,9.7
2012-08-21,1.8227,1.8227,1.8227,1.823,100,9.1
2012-08-22,1.7026,1.8628,1.7026,1.7629,38100,8.8
2012-08-23,1.7026,1.7026,1.6425,1.6427,26200,8.2
2012-08-24,1.7426,1.7426,1.7426,1.7429,100,8.7
2012-08-27,1.6825,1.8227,1.6625,1.823,4200,9.1
2012-08-30,1.9229,1.9229,1.9229,1.9232,100,9.6
2012-09-05,1.8027,1.9229,1.8027,1.9232,600,9.6
2012-09-10,1.8027,1.8027,1.8027,1.803,700,9
2012-09-11,1.6825,1.7026,1.6825,1.7028,4300,8.5
2012-09-14,1.7827,1.7827,1.7827,1.783,100,8.9
2012-09-17,1.8628,1.9029,1.8628,1.9032,200,9.5
2012-09-19,1.7626,1.7626,1.7626,1.7629,700,8.8
2012-09-24,1.8428,1.8428,1.8428,1.8431,100,9.2
2012-09-26,1.8828,1.9029,1.8828,1.9032,500,9.5
2012-10-02,1.7827,1.7827,1.7827,1.783,1000,8.9
2012-10-04,1.6625,1.6625,1.6625,1.6628,19500,8.3
2012-10-05,1.7026,1.7026,1.7026,1.7028,100,8.5
2012-10-09,1.7827,1.7827,1.7827,1.783,100,8.9
2012-10-16,1.9029,1.9029,1.9029,1.9032,7800,9.5
2012-10-17,2.023,2.023,2.023,2.0234,100,10.1
2012-10-19,1.8828,1.8828,1.8828,1.8831,12900,9.4
2012-10-31,1.7626,1.7626,1.7626,1.7629,10000,8.8
2012-11-02,1.7226,1.7226,1.7226,1.7229,3900,8.6
2012-11-08,1.7226,1.7226,1.7226,1.7229,100,8.6
2012-11-09,1.7626,1.7626,1.7626,1.7629,2700,8.8
2012-11-16,1.8027,1.8027,1.8027,1.803,200,9
2012-12-03,1.7626,1.7626,1.7626,1.7629,8000,8.8
2012-12-06,1.8828,1.8828,1.8828,1.8831,900,9.4
2012-12-07,1.8828,1.9629,1.8828,1.9633,1100,9.8
2012-12-11,2.0831,2.0831,2.0831,2.0835,100,10.4
2012-12-12,1.9429,1.9429,1.9429,1.9432,1000,9.7
2012-12-13,1.8227,1.8227,1.8227,1.823,2000,9.1
2012-12-14,1.8666,1.9325,1.8666,1.9328,1600,8.8
2012-12-18,1.9544,1.9544,1.9544,1.9548,100,8.9
2012-12-19,1.8666,1.8666,1.8666,1.8669,100,8.5
2012-12-27,1.8666,1.9105,1.8666,1.9109,3500,8.7
2012-12-28,1.8886,1.9325,1.8666,1.9328,2100,8.8
2013-01-02,2.0423,2.0423,1.9764,1.9768,800,9
2013-01-04,1.9544,1.9764,1.9544,1.9768,1500,9
2013-01-07,2.0203,2.0203,2.0203,2.0207,100,9.2
2013-01-08,1.9984,1.9984,1.9984,1.9987,100,9.1
2013-01-09,1.9105,1.9105,1.9105,1.9109,400,8.7
2013-01-14,1.9105,1.9105,1.9105,1.9109,2000,8.7
2013-01-15,1.8886,1.8886,1.8007,1.801,3000,8.2
2013-01-16,1.9325,1.9544,1.9325,1.9548,1000,8.9
2013-01-17,1.9544,1.9544,1.9544,1.9548,800,8.9
2013-01-22,1.8666,1.8666,1.8666,1.8669,1000,8.5
2013-01-24,1.8666,1.8666,1.8666,1.8669,400,8.5
2013-01-28,1.7788,1.7788,1.7788,1.7791,400,8.1
2013-01-29,1.8446,1.8446,1.8446,1.845,100,8.4
2013-01-30,1.8666,1.8666,1.8666,1.8669,2000,8.5
2013-01-31,1.9764,2.0203,1.9764,2.0207,2000,9.2
2013-02-01,1.9325,1.9325,1.9325,1.9328,100,8.8
2013-02-04,1.9325,1.9544,1.9325,1.9328,1000,8.8
2013-02-05,1.9325,1.9325,1.9325,1.9328,200,8.8
2013-02-08,1.9764,1.9764,1.9764,1.9768,400,9
2013-02-18,1.9764,1.9764,1.9764,1.9768,100,9
2013-02-19,2.0203,2.0203,1.9984,1.9987,1600,9.1
2013-02-21,2.0098,2.0332,1.9397,2.0337,1000,8.7
2013-02-22,1.9865,1.9865,1.9631,1.9636,3700,8.4
2013-02-26,1.9631,1.9631,1.9631,1.9636,500,8.4
2013-03-01,1.9397,1.9397,1.9397,1.9402,500,8.3
2013-03-05,1.9397,1.9397,1.9397,1.9402,400,8.3
2013-03-06,1.9397,1.9397,1.9397,1.9402,300,8.3
2013-03-08,1.9163,1.9163,1.9163,1.9168,1000,8.2
2013-03-12,1.9631,1.9631,1.9631,1.9636,700,8.4
2013-03-19,1.8696,1.8696,1.8696,1.8701,100,8
2013-03-21,1.9163,1.9163,1.9163,1.9168,300,8.2
2013-03-22,1.9163,1.9163,1.9163,1.9168,200,8.2
2013-03-29,1.893,1.893,1.893,1.8934,600,8.1
2013-04-03,1.8696,1.8696,1.8696,1.8701,900,8
2013-04-04,1.8696,1.8696,1.8696,1.8701,300,8
2013-04-11,1.6826,2.0098,1.6826,2.0103,300,8.6
2013-04-12,2.0098,2.0098,1.9865,1.9869,300,8.5
2013-04-15,1.9631,1.9631,1.9631,1.9636,100,8.4
2013-04-16,1.9631,1.9631,1.9163,1.9168,2600,8.2
2013-04-18,1.9163,1.9163,1.8696,1.8701,2300,8
2013-04-23,1.9397,1.9397,1.9397,1.9402,3900,8.3
2013-04-24,1.9163,1.9163,1.9163,1.9168,2500,8.2
2013-04-26,1.9163,1.9163,1.9163,1.9168,700,8.2
2013-05-02,1.9397,1.9397,1.9397,1.9402,6100,8.3
2013-05-03,1.9865,1.9865,1.9397,1.9402,600,8.3
2013-05-06,1.9397,1.9397,1.9397,1.9402,5200,8.3
2013-05-07,1.9397,1.9397,1.9397,1.9402,3500,8.3
2013-05-09,1.9163,1.9163,1.9163,1.9168,700,8.2
2013-05-13,1.9631,1.9631,1.7294,1.7298,3200,7.4
2013-05-14,1.893,1.893,1.893,1.8934,600,8.1
2013-05-15,1.9631,1.9631,1.9631,1.9636,1000,8.4
2013-05-21,1.9631,1.9631,1.9631,1.9636,2000,8.4
2013-05-22,1.9631,1.9631,1.9631,1.9636,6400,8.4
2013-05-24,1.9865,1.9865,1.9631,1.9636,1100,8.4
2013-05-27,2.0098,2.0098,2.0098,2.0103,1000,8.6
2013-05-28,2.0566,2.0566,2.0098,2.0103,3600,8.6
2013-05-29,2.0566,2.0566,2.0098,2.0103,3200,8.6
2013-05-30,2.0566,2.0566,2.0566,2.0571,100,8.8
2013-05-31,2.1033,2.1033,2.0566,2.0571,200,8.8
2013-06-04,2.1033,2.1033,2.1033,2.1038,100,9
2013-06-14,2.1033,2.2202,2.1033,2.2207,800,9.5
2013-06-20,2.4305,2.4305,2.4305,2.4311,100,10.4
2013-07-03,2.1968,2.1968,2.1968,2.1973,100,9.4
2013-07-04,1.9865,1.9865,1.9865,1.9869,500,8.5
2013-07-05,2.1734,2.1734,2.1734,2.174,100,9.3
2013-07-09,2.3136,2.3136,2.3136,2.3142,100,9.9
2013-07-12,2.1033,2.3136,2.1033,2.3142,2100,9.9
2013-07-19,2.1033,2.1033,2.1033,2.1038,1000,9
2013-07-24,1.893,1.9163,1.893,1.9168,13000,8.2
2013-07-26,1.7995,1.7995,1.7528,1.7532,400,7.5
2013-08-09,1.5892,1.5892,1.5892,1.5896,1000,6.8
2013-08-12,1.6359,1.6359,1.6359,1.6363,100,7
2013-08-15,1.4723,1.4723,1.4723,1.4727,15700,6.3
2013-08-19,1.4723,1.4723,1.4723,1.4727,500,6.3
2013-08-22,1.6125,1.6125,1.6125,1.6129,200,6.9
2013-08-23,1.5424,1.7528,1.5424,1.7532,3200,7.5
2013-09-04,1.7294,1.7294,1.7294,1.7298,700,7.4
2013-09-05,1.8229,1.8229,1.8229,1.8233,100,7.8
2013-09-12,1.8696,1.8696,1.8229,1.8233,900,7.8
2013-09-13,1.8229,1.8229,1.8229,1.8233,300,7.8
2013-09-16,1.7528,1.7528,1.7528,1.7532,200,7.5
2013-09-20,1.8229,1.8229,1.8229,1.8233,1000,7.8
2013-09-24,1.8229,1.8229,1.8229,1.8233,1900,7.8
2013-09-25,1.8229,1.8229,1.8229,1.8233,100,7.8
2013-09-26,1.7528,1.7528,1.7528,1.7532,2400,7.5
2013-09-27,1.8696,1.8696,1.8696,1.8701,100,8
2013-10-07,1.8696,1.8696,1.8696,1.8701,100,8
2013-10-14,1.7761,1.7761,1.7761,1.7766,1700,7.6
2013-10-17,1.7761,1.7761,1.6826,1.6831,7200,7.2
2013-10-18,1.6826,1.8462,1.6826,1.8467,3900,7.9
2013-10-21,1.8462,1.9163,1.8462,1.9168,3900,8.2
2013-10-23,1.7294,1.7294,1.7294,1.7298,100,7.4
2013-10-28,1.8229,1.8229,1.8229,1.8233,1600,7.8
2013-10-31,1.8229,1.8229,1.8229,1.8233,500,7.8
2013-11-04,1.8229,1.8229,1.8229,1.8233,500,7.8
2013-11-05,1.8229,1.8229,1.8229,1.8233,1200,7.8
2013-11-06,1.8696,1.9163,1.8696,1.9168,1700,8.2
2013-11-07,1.9163,1.9163,1.9163,1.9168,300,8.2
2013-11-19,1.8696,1.8696,1.8696,1.8701,2900,8
2013-11-20,1.8696,2.0566,1.8696,2.0337,6200,8.7
2013-11-21,1.9865,2.0332,1.9865,2.0337,400,8.7
2013-11-22,1.9865,1.9865,1.9865,1.9869,300,8.5
2013-11-25,1.9865,2.0332,1.9865,2.0337,600,8.7
2013-11-26,1.9865,1.9865,1.9865,1.9869,100,8.5
2013-11-27,1.9163,1.9865,1.9163,1.9869,1000,8.5
2013-11-28,1.9865,1.9865,1.9865,1.9869,50,8.5
2013-11-29,1.9631,1.9631,1.9631,1.9636,100,8.4
2013-12-02,1.9631,1.9631,1.9631,1.9636,100,8.4
2013-12-03,1.9163,1.9163,1.9163,1.9168,400,8.2
2013-12-04,1.9163,1.9163,1.9163,1.9168,500,8.2
2013-12-05,1.9163,1.9397,1.893,1.9168,5550,8.2
2013-12-06,2.0098,2.0098,2.0098,2.0103,100,8.6
2013-12-09,1.9631,1.9631,1.9631,1.9636,5000,8.4
2013-12-10,1.9631,1.9631,1.9631,1.9636,200,8.4
2013-12-11,1.9631,1.9865,1.9631,1.9636,10800,8.4
2013-12-12,1.9631,1.9631,1.9631,1.9636,100,8.4
2013-12-13,1.9631,1.9865,1.9631,1.9869,600,8.5
2013-12-17,1.9865,1.9865,1.9865,1.9869,500,8.5
2013-12-18,2.0332,2.0566,1.9865,1.9869,700,8.5
2013-12-19,1.9865,2.1734,1.9865,2.174,8600,9.3
2013-12-20,2.337,2.3837,2.2202,2.2207,10400,9.5
2013-12-23,2.337,2.4305,2.15,2.4311,9800,10.4
2013-12-24,2.5941,2.6174,2.5941,2.6181,200,11.2
2013-12-25,2.3837,2.3837,2.3837,2.3843,1300,10.2
2013-12-30,2.15,2.15,2.15,2.1506,500,9.2
2013-12-31,2.2435,2.2435,2.2435,2.2441,100,9.6
2014-01-02,2.2435,2.2435,2.2435,2.2441,2300,9.6
2014-01-06,2.337,2.337,2.337,2.3376,100,10
2014-01-07,2.3136,2.337,2.3136,2.3376,3000,10
2014-01-15,2.2903,2.2903,2.2903,2.2908,2000,9.8
2014-01-16,2.2202,2.2202,2.2202,2.2207,100,9.5
2014-01-17,2.4071,2.4305,2.3604,2.4311,26400,10.4
2014-01-20,2.524,2.6642,2.524,2.5947,18000,11.1
2014-01-21,2.5941,2.5941,2.5941,2.5947,10,11.1
2014-01-22,2.6408,2.6408,2.6174,2.6181,3500,11.2
2014-01-23,2.4539,2.6408,2.3837,2.6415,7700,11.3
2014-01-24,2.6408,2.6408,2.5941,2.6415,13600,11.3
2014-01-27,2.6876,2.6876,2.6876,2.6882,1400,11.5
2014-02-06,2.6876,2.8044,2.6642,2.8051,4400,12
2014-02-07,2.8044,2.8044,2.7343,2.735,16800,11.7
2014-02-10,2.7343,2.8278,2.7343,2.8051,12100,12
2014-02-11,2.8745,2.8745,2.781,2.7817,5585,11.9
2014-02-12,2.8044,2.8044,2.781,2.8051,5600,12
2014-02-13,2.8044,2.8044,2.8044,2.8051,1015,12
2014-02-14,2.8044,2.8745,2.781,2.7817,12025,11.9
2014-02-17,3.0381,3.0381,2.8979,2.8986,5400,12.4
2014-02-18,2.8979,2.9213,2.8745,2.922,10400,12.5
2014-02-19,2.9213,2.9446,2.8511,2.922,15800,12.5
2014-02-20,2.9606,3.013,2.9606,2.9613,5900,11.3
2014-02-24,2.9606,2.9606,2.9606,2.9613,400,11.3
2014-02-25,2.9606,2.9606,2.6724,2.8827,7100,11
2014-02-28,2.7772,2.7772,2.7772,2.7778,200,10.6
2014-03-03,2.62,2.62,2.5938,2.5944,8410,9.9
2014-03-04,2.5414,2.5938,2.5414,2.5944,700,9.9
2014-03-05,2.5938,2.7772,2.5414,2.7516,2400,10.5
2014-03-06,2.751,2.751,2.5414,2.5944,1200,9.9
2014-03-07,2.5938,2.5938,2.5938,2.5944,1000,9.9
2014-03-10,2.6724,2.751,2.6724,2.7516,3100,10.5
2014-03-11,2.5938,2.6986,2.5938,2.6992,300,10.3
2014-03-12,2.5152,2.8034,2.5152,2.7516,9500,10.5
2014-03-13,2.5152,2.751,2.5152,2.7516,200,10.5
2014-03-14,2.5676,2.5938,2.5676,2.5682,13500,9.8
2014-03-17,2.5676,2.6986,2.5676,2.6992,2000,10.3
2014-03-18,2.7248,2.9606,2.7248,2.7778,20300,10.6
2014-03-19,2.751,3.0392,2.751,2.7778,48200,10.6
2014-03-20,2.7772,2.9344,2.7772,2.9351,14100,11.2
2014-03-21,2.8296,2.8558,2.8296,2.8303,10900,10.8
2014-03-24,2.882,3.0654,2.882,2.9089,17600,11.1
2014-03-25,2.9868,3.1964,2.9868,3.1185,6600,11.9
2014-03-26,2.9082,3.0916,2.8558,3.0923,4400,11.8
2014-03-27,2.882,2.882,2.8296,2.8303,12500,10.8
2014-03-28,2.9606,2.9606,2.9606,2.9613,100,11.3
2014-03-31,2.8558,2.8558,2.8558,2.8565,2000,10.9
2014-04-01,2.7248,2.7248,2.6724,2.673,4500,10.2
2014-04-02,2.6724,2.6724,2.62,2.6206,4800,10
2014-04-03,2.7248,2.7248,2.7248,2.7254,1000,10.4
2014-04-04,2.62,2.62,2.62,2.6206,7300,10
2014-04-07,2.62,2.7248,2.62,2.7254,2600,10.4
2014-04-08,2.62,2.62,2.62,2.6206,5400,10
2014-04-10,2.62,2.62,2.62,2.6206,5900,10
2014-04-11,2.62,2.62,2.62,2.6206,11000,10
2014-04-14,2.5676,2.7248,2.5676,2.7254,400,10.4
2014-04-16,2.5152,2.5414,2.5152,2.542,1700,9.7
2014-04-22,2.3056,2.6986,2.3056,2.6992,700,10.3
2014-04-23,2.6986,2.6986,2.62,2.6206,3700,10
2014-04-24,2.5938,2.62,2.5938,2.6206,5700,10
2014-04-28,2.62,2.62,2.62,2.6206,1900,10
2014-04-29,2.62,2.62,2.62,2.6206,400,10
2014-05-05,2.5152,2.7248,2.5152,2.7254,1100,10.4
2014-05-06,2.5152,2.62,2.489,2.6206,2200,10
2014-05-08,2.4628,2.489,2.358,2.3586,7100,9
2014-05-09,2.358,2.489,2.358,2.4896,3000,9.5
2014-05-12,2.358,2.358,2.2532,2.2537,20000,8.6
2014-05-13,2.0698,2.2532,2.0698,2.2537,11100,8.6
2014-05-14,2.358,2.358,2.2008,2.2013,2400,8.4
2014-05-15,2.358,2.3842,2.358,2.3848,10100,9.1
2014-05-20,2.3318,2.3318,2.3318,2.3323,500,8.9
2014-05-21,2.489,2.489,2.3318,2.3323,1100,8.9
2014-05-22,2.3318,2.358,2.3318,2.3586,2000,9
2014-05-23,2.358,2.3842,2.358,2.3848,2200,9.1
2014-05-26,2.3842,2.3842,2.3842,2.3848,3700,9.1
2014-05-27,2.3842,2.3842,2.3842,2.3848,14000,9.1
2014-05-28,2.4104,2.4104,2.4104,2.411,10550,9.2
2014-05-29,2.4104,2.4104,2.4104,2.411,3000,9.2
2014-05-30,2.3842,2.4366,2.3842,2.4372,4300,9.3
2014-06-03,2.3842,2.3842,2.3842,2.3848,1400,9.1
2014-06-04,2.3842,2.3842,2.3842,2.3848,2000,9.1
2014-06-05,2.3842,2.3842,2.3842,2.3848,1000,9.1
2014-06-06,2.358,2.358,2.358,2.3586,1000,9
2014-06-09,2.5938,2.5938,2.4104,2.411,200,9.2
2014-06-10,2.4104,2.4366,2.4104,2.4372,2000,9.3
2014-06-12,2.6724,2.6724,2.358,2.3586,1600,9
2014-06-13,2.4104,2.4366,2.4104,2.4372,1200,9.3
2014-06-16,2.4366,2.4366,2.4366,2.4372,900,9.3
2014-06-19,2.4366,2.4366,2.4366,2.4372,1400,9.3
2014-06-24,2.4366,2.4366,2.4366,2.4372,1000,9.3
2014-06-26,2.4628,2.4628,2.4366,2.4634,8400,9.4
2014-06-30,2.6986,2.6986,2.6986,2.6992,100,10.3
2014-07-01,2.4628,2.489,2.4628,2.4896,2500,9.5
2014-07-02,2.5414,2.5414,2.5414,2.542,100,9.7
2014-07-04,2.7772,2.7772,2.7772,2.7778,100,10.6
2014-07-08,2.62,2.62,2.62,2.6206,500,10
2014-07-15,2.7248,2.7248,2.7248,2.7254,100,10.4
2014-07-17,2.5938,2.5938,2.5676,2.5682,1300,9.8
2014-07-18,2.5152,2.62,2.489,2.6206,3800,10
2014-07-21,2.882,2.882,2.882,2.8827,100,11
2014-07-22,2.62,2.6986,2.62,2.6992,1100,10.3
2014-07-23,2.6986,2.6986,2.6986,2.6992,1000,10.3
2014-07-25,2.9606,2.9606,2.62,2.6206,1100,10
2014-07-28,2.7248,2.7248,2.5938,2.5944,1800,9.9
2014-07-30,2.5938,2.5938,2.5938,2.5944,2000,9.9
2014-07-31,2.5938,2.5938,2.5938,2.5944,1000,9.9
2014-08-01,2.5676,2.5938,2.5676,2.5944,3000,9.9
2014-08-05,2.5676,2.5676,2.5676,2.5682,100,9.8
2014-08-06,2.5676,2.5676,2.5676,2.5682,7110,9.8
2014-08-07,2.5938,2.5938,2.5938,2.5944,1750,9.9
2014-08-08,2.751,2.751,2.751,2.7516,150,10.5
2014-08-11,2.62,2.62,2.62,2.6206,200,10
2014-08-12,2.489,2.5938,2.489,2.5944,5600,9.9
2014-08-14,2.5152,2.5676,2.489,2.5682,3000,9.8
2014-08-15,2.7248,2.7248,2.7248,2.7254,100,10.4
2014-08-18,2.8558,2.8558,2.8558,2.8565,100,10.9
2014-08-20,2.62,2.62,2.62,2.6206,1500,10
2014-08-21,2.882,2.882,2.882,2.8827,100,11
2014-08-22,2.62,2.62,2.5938,2.5944,750,9.9
2014-08-25,2.489,2.5676,2.489,2.5158,12800,9.6
2014-08-26,2.7248,2.7248,2.5152,2.5158,14200,9.6
2014-08-27,2.7248,2.7248,2.4366,2.4372,200,9.3
2014-08-28,2.5938,2.62,2.5938,2.6206,3800,10
2014-08-29,2.8558,2.8558,2.8558,2.8565,100,10.9
2014-09-03,2.5938,2.5938,2.5938,2.5944,10000,9.9
2014-09-04,2.8296,2.8296,2.62,2.6206,2600,10
2014-09-05,2.7248,2.7248,2.7248,2.7254,100,10.4
2014-09-08,2.9606,2.9606,2.9606,2.9613,100,11.3
2014-09-09,2.6724,2.6724,2.6724,2.673,4800,10.2
2014-09-10,2.5938,2.5938,2.5938,2.5944,500,9.9
2014-09-11,2.5152,2.5676,2.5152,2.5682,600,9.8
2014-09-12,2.8034,2.8034,2.5152,2.5158,5000,9.6
2014-09-15,2.5414,2.5414,2.5414,2.542,2000,9.7
2014-09-16,2.5414,2.5414,2.5414,2.542,1000,9.7
2014-09-17,2.5414,2.5938,2.5414,2.5944,3400,9.9
2014-09-22,2.5938,2.5938,2.5676,2.5682,1500,9.8
2014-09-23,2.5676,2.5676,2.5676,2.5682,2900,9.8
2014-09-24,2.5676,2.5676,2.5676,2.5682,200,9.8
2014-09-26,2.5676,2.6724,2.5676,2.673,11340,10.2
2014-09-29,2.5938,2.7248,2.5938,2.7254,1500,10.4
2014-09-30,2.6462,2.7248,2.62,2.7254,4500,10.4
2014-10-01,2.6986,2.6986,2.6986,2.6992,200,10.3
2014-10-02,2.62,2.62,2.62,2.6206,300,10
2014-10-03,2.6724,2.6724,2.6724,2.673,100,10.2
2014-10-07,2.751,2.751,2.751,2.7516,100,10.5
2014-10-09,2.6724,2.6724,2.6724,2.673,100,10.2
2014-10-10,2.7248,2.7248,2.6724,2.673,300,10.2
2014-10-13,2.6724,2.6724,2.6724,2.673,200,10.2
2014-10-20,2.6986,2.6986,2.6986,2.6992,100,10.3
2014-10-21,2.7248,2.7248,2.6986,2.6992,2000,10.3
2014-10-22,2.4366,2.6724,2.4366,2.673,2100,10.2
2014-10-23,2.6986,2.7248,2.6986,2.7254,4800,10.4
2014-10-24,2.6462,2.6462,2.6462,2.6468,750,10.1
2014-10-27,2.6462,2.7772,2.62,2.7778,7500,10.6
2014-10-28,2.5152,2.7772,2.5152,2.7778,600,10.6
2014-10-30,2.5152,2.7772,2.5152,2.7778,700,10.6
2014-11-04,2.5938,2.7772,2.5938,2.7778,200,10.6
2014-11-05,2.7772,2.7772,2.7772,2.7778,1600,10.6
2014-11-06,2.8296,2.8296,2.8296,2.8303,9000,10.8
2014-11-10,3.0916,3.0916,3.0916,3.0923,100,11.8
2014-11-11,2.8034,2.8034,2.8034,2.8041,500,10.7
2014-11-17,2.6462,2.6462,2.62,2.6206,23000,10
2014-11-19,2.8034,2.8034,2.8034,2.8041,100,10.7
2014-11-20,3.0654,3.0654,3.0654,3.0661,100,11.7
2014-11-21,3.3536,3.3536,2.8034,2.8041,1200,10.7
2014-11-24,3.0654,3.0654,2.5676,2.8565,410,10.9
2014-11-25,3.0916,3.0916,2.5938,2.673,400,10.2
2014-11-26,2.9344,2.9344,2.6462,2.6468,200,10.1
2014-11-27,2.6462,2.882,2.5938,2.673,14400,10.2
2014-11-28,2.9344,2.9344,2.5938,2.5944,2500,9.9
2014-12-01,2.8296,2.8296,2.5676,2.5682,10100,9.8
2014-12-02,2.7772,2.7772,2.7772,2.7778,215,10.6
2014-12-03,2.5938,2.9606,2.5938,2.673,300,10.2
2014-12-04,2.62,2.62,2.5676,2.5682,2300,9.8
2014-12-05,2.5938,2.7772,2.5938,2.6206,1300,10
2014-12-08,2.5414,2.5414,2.5414,2.542,100,9.7
2014-12-09,2.5938,2.62,2.5676,2.6206,8300,10
2014-12-16,2.8558,2.8558,2.8558,2.8565,150,10.9
2014-12-17,2.62,2.62,2.62,2.6206,4800,10
2014-12-18,2.62,2.8296,2.62,2.8303,700,10.8
2014-12-25,2.5676,2.7248,2.5676,2.7254,1100,10.4
2014-12-26,2.5676,2.5676,2.5676,2.5682,1000,9.8
2014-12-29,2.5152,2.5152,2.3842,2.3848,1700,9.1
2014-12-31,2.5938,2.5938,2.5938,2.5944,100,9.9
2015-01-05,2.5938,2.5938,2.5938,2.5944,25,9.9
2015-01-06,2.6986,2.6986,2.6986,2.6992,100,10.3
2015-01-20,2.8558,2.8558,2.8558,2.8565,100,10.9
2015-01-21,2.8558,2.9868,2.8558,2.9875,11000,11.4
2015-01-22,2.882,2.882,2.882,2.8827,2000,11
2015-01-27,3.0392,3.0392,3.0392,3.0399,100,11.6
2015-01-28,3.1964,3.1964,3.1964,3.1971,150,12.2
2015-01-29,3.4846,3.4846,3.2226,3.2234,500,12.3
2015-01-30,3.144,3.144,3.144,3.1447,200,12
2015-02-02,2.9082,3.275,2.9082,2.9089,20800,11.1
2015-02-03,3.144,3.1702,2.882,2.8827,73900,11
2015-02-04,3.144,3.1702,3.013,3.0137,14200,11.5
2015-02-06,3.013,3.144,3.013,3.1447,5200,12
2015-02-09,3.144,3.144,3.144,3.1447,3100,12
2015-02-10,3.144,3.144,3.144,3.1447,10300,12
2015-02-11,3.144,3.144,3.144,3.1447,10250,12
2015-02-12,3.144,3.1702,3.144,3.1709,25625,12.1
2015-02-13,3.144,3.144,3.144,3.1447,550,12
2015-02-24,3.159,3.159,3.159,3.1595,200,10.8
2015-02-26,3.159,3.159,3.159,3.1595,105,10.8
2015-02-27,3.0128,3.0128,3.0128,3.0132,100,10.3
2015-03-02,3.276,3.276,3.276,3.2765,100,11.2
2015-03-03,3.276,3.276,3.276,3.2765,2,11.2
2015-03-06,3.276,3.4515,3.276,3.2765,12900,11.2
2015-03-09,3.276,3.276,3.276,3.2765,10,11.2
2015-03-10,3.2175,3.3638,2.9543,3.3643,300,11.5
2015-03-12,3.2175,3.2175,3.2175,3.218,100,11
2015-03-13,3.3053,3.3053,3.3053,3.3057,1100,11.3
2015-03-20,3.3053,3.3053,3.2175,3.218,6300,11
2015-03-24,3.2175,3.2175,3.2175,3.218,7200,11
2015-03-25,3.1883,3.1883,3.1298,3.1302,1400,10.7
2015-03-27,3.159,3.159,3.159,3.1595,1100,10.8
2015-03-30,3.159,3.159,3.159,3.1595,1000,10.8
2015-04-01,3.159,3.159,3.159,3.1595,1000,10.8
2015-04-02,3.1883,3.1883,3.1883,3.1887,2000,10.9
2015-04-07,3.1883,3.1883,3.1883,3.1887,1600,10.9
2015-04-09,3.1883,3.1883,3.1883,3.1887,50,10.9
2015-04-10,3.1883,3.3638,3.1883,3.218,2000,11
2015-04-13,3.1883,3.1883,3.1883,3.1887,600,10.9
2015-04-15,3.1883,3.1883,3.1883,3.1887,40,10.9
2015-04-17,3.1883,3.1883,3.1883,3.1887,400,10.9
2015-04-20,3.3638,3.393,3.3638,3.3935,3200,11.6
2015-04-21,3.4515,3.51,3.4515,3.5105,3800,12
2015-04-22,3.51,3.51,3.51,3.5105,1200,12
2015-04-23,3.4808,3.5393,3.4808,3.5398,3600,12.1
2015-04-24,3.5393,3.5393,3.5393,3.5398,50,12.1
2015-04-27,3.2175,3.2468,3.2175,3.218,3100,11
2015-05-05,3.2175,3.2175,3.2175,3.218,50,11
2015-05-07,3.51,3.51,3.51,3.5105,100,12
2015-05-11,3.51,3.51,3.51,3.5105,100,12
2015-05-15,3.51,3.51,3.51,3.5105,100,12
2015-05-20,3.51,3.51,3.51,3.5105,20,12
2015-05-21,3.4515,3.4515,3.4515,3.452,15000,11.8
2015-05-27,3.4515,3.4515,3.4515,3.452,1430,11.8
2015-06-03,3.4515,3.4515,3.4515,3.452,520,11.8
2015-06-12,3.3638,3.4223,3.3638,3.4228,7500,11.7
2015-06-15,3.4515,3.5393,3.4515,3.5398,2400,12.1
2015-06-22,3.3638,3.3638,3.3638,3.3643,200,11.5
2015-06-23,3.042,3.51,3.042,3.5105,300,12
2015-06-26,3.393,3.393,3.393,3.3935,100,11.6
2015-06-30,3.2468,3.2468,3.2468,3.2472,100,11.1
2015-07-01,3.2468,3.2468,3.2468,3.2472,75,11.1
2015-07-02,3.159,3.159,3.159,3.1595,750,10.8
2015-07-06,3.2175,3.2175,3.2175,3.218,100,11
2015-07-08,3.276,3.276,3.2175,3.218,2200,11
2015-07-13,3.2175,3.2175,3.2175,3.218,1600,11
2015-07-14,3.1005,3.1005,3.1005,3.101,100,10.6
2015-07-15,3.0713,3.0713,3.0713,3.0717,200,10.5
2015-07-24,2.925,2.925,2.925,2.9254,1200,10
2015-07-29,3.2175,3.2175,3.2175,3.218,600,11
2015-07-30,3.2175,3.2175,3.2175,3.218,100,11
2015-08-04,3.159,3.159,3.159,3.1595,100,10.8
2015-08-05,3.1883,3.1883,3.1883,3.1887,200,10.9
2015-08-12,3.1883,3.1883,3.1883,3.1887,57,10.9
2015-08-13,3.1883,3.1883,3.1883,3.1887,1000,10.9
2015-08-14,3.1883,3.1883,3.1883,3.1887,50,10.9
2015-08-17,3.1298,3.1883,2.9835,2.984,5700,10.2
2015-08-19,2.9835,2.9835,2.9835,2.984,100,10.2
2015-08-24,2.808,2.808,2.808,2.8084,2000,9.6
2015-08-26,2.7203,2.7203,2.7203,2.7207,1000,9.3
2015-08-31,2.9835,2.9835,2.9835,2.984,3500,10.2
2015-09-04,3.276,3.276,3.276,3.2765,100,11.2
2015-09-10,2.9835,2.9835,2.9835,2.984,500,10.2
2015-09-16,2.9835,2.9835,2.9835,2.984,200,10.2
2015-09-22,2.9835,3.1883,2.9835,3.1887,1500,10.9
2015-09-28,3.276,3.276,3.276,3.2765,300,11.2
2015-10-06,3.0128,3.3345,2.9543,3.335,6800,11.4
2015-10-14,3.3345,3.3638,3.3345,3.3643,2700,11.5
2015-10-15,3.393,3.393,3.393,3.3935,400,11.6
2015-10-29,3.393,3.393,3.393,3.3935,10,11.6
2015-11-13,3.393,3.393,3.393,3.3935,50,11.6
2015-11-16,3.1005,3.1005,3.1005,3.101,100,10.6
2015-11-17,3.2175,3.2175,3.2175,3.218,300,11
2015-11-20,3.1298,3.1298,3.1298,3.1302,100,10.7
2015-11-23,3.4223,3.4223,3.4223,3.4228,100,11.7
2015-11-24,3.1298,3.1298,3.1298,3.1302,3000,10.7
2015-11-26,3.1298,3.1298,3.1298,3.1302,50,10.7
2015-11-30,2.9835,3.1298,2.8373,3.1302,2400,10.7
2015-12-03,2.925,2.925,2.925,2.9254,100,10
2015-12-14,2.925,2.925,2.8665,2.8669,1000,9.8
2015-12-15,2.8665,2.8665,2.8665,2.8669,500,9.8
2015-12-28,3.042,3.042,3.042,3.0425,200,10.4
2015-12-31,3.042,3.042,3.042,3.0425,500,10.4
2016-01-05,3.159,3.159,3.159,3.1595,700,10.8
2016-01-06,3.159,3.159,3.159,3.1595,300,10.8
2016-01-07,3.159,3.159,3.159,3.1595,1000,10.8
2016-01-12,3.1883,3.1883,3.1883,3.1887,100,10.9
2016-01-13,3.2175,3.2175,3.2175,3.218,600,11
2016-01-14,3.2175,3.2175,3.2175,3.218,400,11
2016-01-18,3.1883,3.1883,3.159,3.1595,1100,10.8
2016-01-22,3.2175,3.2175,3.2175,3.218,1100,11
2016-01-26,3.2175,3.3053,3.2175,3.2765,1700,11.2
2016-01-27,3.3053,3.3053,3.276,3.2765,3100,11.2
2016-01-28,3.276,3.276,3.276,3.2765,2000,11.2
2016-01-29,3.276,3.276,3.276,3.2765,1050,11.2
2016-02-01,3.276,3.276,3.276,3.2765,3100,11.2
2016-02-05,3.276,3.276,3.276,3.2765,300,11.2
2016-02-17,3.3638,3.3638,3.3638,3.3643,500,11.5
2016-02-18,3.3638,3.393,3.3638,3.3935,1500,11.6
2016-02-19,3.6563,3.6563,3.6563,3.6568,1650,12.5
2016-02-22,3.6563,3.6563,3.5393,3.5398,2860,12.1
2016-02-23,3.5283,3.5283,3.5283,3.5285,1000,10.9
2016-03-08,3.237,3.237,3.237,3.2372,1600,10
2016-03-09,3.2694,3.2694,3.2694,3.2696,200,10.1
2016-03-10,2.9457,2.9457,2.9457,2.9458,1600,9.1
2016-03-14,3.237,3.237,3.237,3.2372,600,10
2016-03-15,3.237,3.5607,3.237,3.5609,22000,11
2016-03-16,3.5607,3.5607,3.5607,3.5609,2000,11
2016-03-17,3.5607,3.5607,3.5607,3.5609,2000,11
2016-03-21,3.3989,3.3989,3.3989,3.399,16000,10.5
2016-03-22,3.3989,3.3989,3.3989,3.399,50,10.5
2016-03-24,3.3989,3.3989,3.3989,3.399,5000,10.5
2016-03-25,3.3989,3.3989,3.3989,3.399,50,10.5
2016-03-29,3.237,3.237,3.237,3.2372,100,10
2016-04-01,3.5607,3.5607,3.5607,3.5609,1100,11
2016-04-11,3.6254,3.6254,3.6254,3.6256,2000,11.2
2016-04-12,3.6254,3.6254,3.6254,3.6256,2000,11.2
2016-04-13,3.7226,3.7226,3.7226,3.7228,600,11.5
2016-04-22,3.7226,3.7226,3.7226,3.7228,2000,11.5
2016-04-25,3.7226,3.7226,3.7226,3.7228,3000,11.5
2016-04-28,3.7226,3.7226,3.7226,3.7228,1300,11.5
2016-05-04,3.7226,3.7226,3.7226,3.7228,7000,11.5
2016-05-05,3.7226,3.7226,3.7226,3.7228,2100,11.5
2016-05-16,3.9168,3.9168,3.9168,3.917,2000,12.1
2016-06-01,3.8844,3.8844,3.8844,3.8846,300,12
2016-06-02,3.8844,3.8844,3.8844,3.8846,2000,12
2016-06-06,3.8197,3.8197,3.8197,3.8199,100,11.8
2016-06-07,3.8844,3.8844,3.8844,3.8846,1600,12
2016-06-08,3.8197,3.852,3.8197,3.8522,2800,11.9
2016-06-09,3.852,3.852,3.852,3.8522,1000,11.9
2016-06-14,3.7549,3.7549,3.7549,3.7551,7500,11.6
2016-06-17,3.7549,3.7549,3.5607,3.5609,1000,11
2016-06-22,3.5607,3.5607,3.5607,3.5609,4000,11
2016-07-05,3.5607,3.5607,3.5607,3.5609,500,11
2016-07-07,3.5607,3.5607,3.5607,3.5609,3000,11
2016-07-15,3.237,3.237,3.237,3.2372,2200,10
2016-07-18,3.237,3.237,3.237,3.2372,600,10
2016-07-19,3.237,3.237,3.237,3.2372,100,10
2016-07-21,3.237,3.237,3.237,3.2372,1200,10
2016-07-26,3.237,3.237,3.237,3.2372,1200,10
2016-07-29,3.237,3.237,3.237,3.2372,2600,10
2016-08-01,3.237,3.5607,3.237,3.5609,5500,11
2016-08-09,3.5607,3.5607,3.5607,3.5609,2000,11
2016-08-11,3.5607,3.5607,3.5607,3.5609,3000,11
2016-08-15,3.5607,3.5607,3.5607,3.5609,10000,11
2016-08-16,3.5607,3.5607,3.5607,3.5609,1500,11
2016-08-19,3.5607,3.5607,3.5607,3.5609,3500,11
2016-08-22,3.5607,3.5607,3.5607,3.5609,7200,11
2016-08-24,3.5607,3.5607,3.5607,3.5609,700,11
2016-08-29,3.5607,3.5607,3.5607,3.5609,300,11
2016-09-01,3.2046,3.2046,3.2046,3.2048,500,9.9
2016-09-07,3.237,3.237,3.237,3.2372,300,10
2016-09-09,3.5283,3.5283,3.5283,3.5285,300,10.9
2016-09-15,3.2046,3.2046,3.2046,3.2048,100,9.9
2016-09-16,3.2046,3.2046,3.2046,3.2048,200,9.9
2016-09-20,3.2694,3.2694,3.2046,3.2048,1600,9.9
2016-09-29,3.496,3.496,3.496,3.4962,500,10.8
2016-11-07,3.496,3.5607,3.496,3.5609,4000,11
2016-11-11,3.5607,3.5607,3.5607,3.5609,1800,11
2016-11-16,3.5931,3.5931,3.5931,3.5933,20900,11.1
2016-11-17,3.5931,3.5931,3.5931,3.5933,8400,11.1
2016-11-18,3.5931,3.5931,3.5931,3.5933,5900,11.1
2016-11-21,3.5931,3.7226,3.5931,3.7228,25800,11.5
2016-12-05,3.7226,3.7226,3.7226,3.7228,1600,11.5
2016-12-06,3.7226,3.7226,3.7226,3.7228,10000,11.5
2016-12-08,3.7226,3.7226,3.7226,3.7228,500,11.5
2017-02-22,4.0786,4.0786,4.0786,4.0789,4500,12.6
2017-02-23,4.0786,4.0786,4.0786,4.0789,2000,12.6
2017-02-27,4.0786,4.0786,4.0786,4.0789,1000,12.6
2017-03-09,4.2081,4.2081,4.2081,4.2083,10000,13
2017-03-15,4.2405,4.2405,4.2405,4.2407,5000,13.1
2017-03-16,4.0463,4.0463,4.0463,4.0465,3400,12.5
2017-03-22,3.7226,3.7226,3.7226,3.7228,200,11.5
2017-03-24,3.5607,3.5607,3.5607,3.5609,200,11
2017-04-04,3.2046,3.2046,3.2046,3.2048,700,9.9
2017-04-05,3.496,3.496,2.9133,2.9135,1100,9
2017-04-13,3.2046,3.2046,3.2046,3.2048,1500,9.9
2017-04-25,3.496,3.496,3.496,3.4962,200,10.8
2017-04-28,3.5607,3.5607,3.5607,3.5609,500,11
2017-05-19,3.9168,3.9168,3.9168,3.917,1500,12.1
2017-05-24,3.9491,3.9491,3.9491,3.9494,1000,12.2
2017-05-30,4.2081,4.2081,4.2081,4.2083,3000,13
2017-05-31,4.2081,4.2081,4.2081,4.2083,1000,13
2017-06-07,3.7873,3.7873,3.7873,3.7875,100,11.7
2017-07-04,3.4636,3.4636,3.4636,3.4638,2600,10.7
2017-07-14,3.1399,3.1399,3.1399,3.1401,300,9.7
2017-07-18,3.0752,3.0752,3.0752,3.0753,500,9.5
2017-07-19,2.8162,2.8162,2.8162,2.8163,200,8.7
2017-07-21,3.0752,3.0752,3.0752,3.0753,100,9.5
2017-07-24,2.7838,3.3665,2.7838,3.3667,300,10.4
2017-07-28,3.0428,3.0428,3.0428,3.043,200,9.4
2017-08-01,3.3341,3.3341,3.3341,3.3343,100,10.3
2017-08-02,3.3341,3.3341,3.3341,3.3343,50,10.3
2017-09-06,3.0104,3.0104,3.0104,3.0106,300,9.3
2017-09-07,3.3017,3.3017,3.3017,3.3019,100,10.2
2017-09-13,3.3017,3.3017,3.3017,3.3019,50,10.2
2017-09-15,2.978,2.978,2.978,2.9782,300,9.2
2017-09-22,3.2694,3.2694,3.2694,3.2696,2400,10.1
2017-10-03,3.2694,3.2694,3.2694,3.2696,800,10.1
2017-10-04,3.2694,3.2694,3.2694,3.2696,50,10.1
2017-10-11,2.9457,2.9457,2.9457,2.9458,300,9.1
2017-10-16,3.237,3.237,3.237,3.2372,100,10
2017-10-23,3.5607,3.5607,3.5607,3.5609,500,11
2017-10-26,3.5607,3.5607,3.5607,3.5609,2900,11
2017-11-27,3.9168,3.9168,3.9168,3.917,450,12.1
2017-11-28,4.3052,4.3052,4.3052,4.3055,23500,13.3
2017-11-29,4.726,4.726,4.5318,4.7263,10100,14.6
2017-11-30,5.0174,5.0174,4.7584,4.7587,25200,14.7
2017-12-01,4.5318,4.6289,4.5318,4.5644,6320,14.1
2017-12-05,4.5318,4.7908,4.4994,4.791,21200,14.8
2017-12-06,4.7908,4.7908,4.7584,4.7587,1700,14.7
2017-12-11,4.321,4.321,4.321,4.3214,600,8.9
2017-12-14,3.9326,4.3695,3.9326,4.37,1000,9
2017-12-15,4.321,4.321,4.1268,4.1272,300,8.5
2017-12-18,4.2724,4.5152,4.2724,4.5156,300,9.3
2017-12-20,4.1268,4.7579,4.0782,4.7584,3420,9.8
2017-12-26,4.6123,4.6123,4.6123,4.6128,600,9.5
2018-01-02,4.6123,4.6123,4.6123,4.6128,20,9.5
2018-01-03,4.3695,4.3695,4.1753,4.1758,200,8.6
2018-01-04,3.9811,3.9811,3.9811,3.9815,200,8.2
2018-01-05,3.6413,4.321,3.6413,4.3214,300,8.9
2018-01-08,4.5152,4.5152,3.9326,3.933,200,8.1
2018-01-09,4.321,4.321,3.9326,3.933,870,8.1
2018-01-10,3.5442,4.2239,3.5442,4.2243,200,8.7
2018-01-11,4.3695,4.3695,4.3695,4.37,100,9
2018-01-15,4.5637,4.5637,4.5637,4.5642,100,9.4
2018-01-16,4.5637,4.5637,4.5637,4.5642,20,9.4
2018-01-17,4.1268,4.5152,4.1268,4.4671,500,9.2
2018-01-18,4.4666,4.4666,4.2724,4.2729,1300,8.8
2018-01-19,4.4181,4.4181,4.2724,4.2729,1100,8.8
2018-01-22,4.2724,4.3695,4.2724,4.37,1100,9
2018-01-23,4.2724,4.6608,4.2724,4.6613,330,9.6
2018-01-24,4.3695,4.3695,4.3695,4.37,570,9
2018-01-26,4.4181,4.4181,4.1268,4.2243,1200,8.7
2018-01-29,4.321,4.321,4.2239,4.2243,1300,8.7
2018-01-30,4.2239,4.2239,4.2239,4.2243,30,8.7
2018-01-31,4.1268,4.1268,4.1268,4.1272,500,8.5
2018-02-01,3.884,3.884,3.884,3.8844,3700,8
2018-02-02,3.884,3.884,3.884,3.8844,800,8
2018-02-06,3.884,3.884,3.884,3.8844,7400,8
2018-02-07,3.884,4.1268,3.884,4.1272,16200,8.5
2018-02-08,3.884,3.884,3.884,3.8844,12800,8
2018-02-12,3.9326,4.1268,3.9326,4.1272,5200,8.5
2018-02-13,4.1268,4.1268,4.1268,4.1272,50,8.5
2018-02-22,4.1268,4.1268,4.0297,4.0301,300,8.3
2018-02-23,4.1268,4.1268,4.0782,4.0786,650,8.4
2018-02-27,3.9326,3.9326,3.9326,3.933,3000,8.1
2018-02-28,4.0297,4.1268,4.0297,4.1272,200,8.5
2018-03-05,4.2239,4.2239,4.2239,4.2243,100,8.7
2018-03-06,4.0297,4.0297,4.0297,4.0301,100,8.3
2018-03-07,3.9811,4.1268,3.9811,4.1272,1500,8.5
2018-03-08,4.1753,4.1753,4.1753,4.1758,1800,8.6
2018-03-09,4.5637,4.5637,4.5637,4.5642,1000,9.4
2018-03-15,4.1268,4.1268,4.1268,4.1272,200,8.5
2018-03-16,4.4181,4.4181,3.8355,3.8359,200,7.9
2018-03-19,4.1753,4.1753,4.1268,4.1272,1800,8.5
2018-03-20,4.1753,4.1753,4.1753,4.1758,600,8.6
2018-03-26,4.3695,4.3695,4.3695,4.37,100,9
2018-03-30,4.3695,4.3695,4.3695,4.37,25,9
2018-04-02,4.321,4.321,4.321,4.3214,100,8.9
2018-04-03,4.4181,4.4181,4.4181,4.4185,100,9.1
2018-04-06,4.4666,4.4666,4.4181,4.4185,1200,9.1
2018-04-11,4.4181,4.4181,4.4181,4.4185,50,9.1
2018-04-12,4.4181,4.4181,4.4181,4.4185,44,9.1
2018-04-13,4.0297,4.0297,4.0297,4.0301,200,8.3
2018-04-16,4.4181,4.4181,4.4181,4.4185,200,9.1
2018-04-19,4.3695,4.3695,4.3695,4.37,100,9
2018-04-23,4.4181,4.4181,4.4181,4.4185,200,9.1
2018-05-09,4.5246,4.5246,4.5246,4.5249,700,8.5
2018-05-10,4.4181,4.5246,4.4181,4.4185,2300,8.3
2018-05-15,4.4181,4.4181,4.4181,4.4185,24,8.3
2018-05-16,4.5246,4.5246,4.4181,4.4185,600,8.3
2018-05-17,4.3649,4.3649,4.3649,4.3652,700,8.2
2018-05-23,4.5246,4.5246,4.5246,4.5249,200,8.5
2018-05-25,4.5246,4.5246,4.5246,4.5249,600,8.5
2018-06-05,4.631,4.631,4.631,4.6314,300,8.7
2018-06-18,4.7907,4.7907,4.7907,4.7911,500,9
2018-06-20,4.7907,4.7907,4.7907,4.7911,2500,9
2018-07-10,4.8972,4.8972,4.8972,4.8976,100,9.2
2018-07-18,5.0569,5.0569,4.8972,4.8976,200,9.2
2018-07-25,4.5778,4.5778,4.5778,4.5782,200,8.6
2018-07-26,4.7907,4.7907,4.7907,4.7911,100,9
2018-07-27,4.5778,4.5778,4.5778,4.5782,400,8.6
2018-08-01,4.6842,4.6842,4.6842,4.6846,500,8.8
2018-08-03,4.7907,4.7907,4.7907,4.7911,100,9
2018-08-10,4.8972,4.8972,4.8972,4.8976,100,9.2
2018-09-18,5.323,5.323,5.323,5.3235,3000,10
2018-09-27,4.7907,4.7907,4.7907,4.7911,2000,9
2018-09-28,4.3116,4.3116,4.3116,4.312,2400,8.1
2018-10-02,4.7375,4.7375,4.7375,4.7379,100,8.9
2018-10-03,4.7907,4.7907,4.7907,4.7911,100,9
2018-10-04,5.0569,5.0569,5.0569,5.0573,100,9.5
2018-10-11,4.5778,4.5778,4.5778,4.5782,225,8.6
2018-10-12,4.7907,4.7907,4.7907,4.7911,100,9
2018-10-17,4.6842,4.8972,4.6842,4.6846,600,8.8
2018-10-18,4.5778,4.6842,4.5778,4.6846,250,8.8
2018-10-22,4.631,4.6842,4.5778,4.6846,500,8.8
2018-10-23,4.5778,4.6842,4.5246,4.6846,600,8.8
2018-10-24,4.6842,4.6842,4.5778,4.5782,200,8.6
2018-10-25,4.6842,4.6842,4.5246,4.5249,200,8.5
2018-11-01,4.7907,4.7907,4.7907,4.7911,100,9
2018-11-28,4.6842,4.6842,4.6842,4.6846,100,8.8
2018-12-05,4.4181,4.7907,4.4181,4.7911,1600,9
2018-12-07,4.5778,4.7375,4.5778,4.7379,400,8.9
2018-12-13,4.7375,4.7375,4.3116,4.312,200,8.1
2018-12-14,4.7375,4.7375,4.7375,4.7379,200,8.9
2018-12-17,4.8972,4.8972,4.8972,4.8976,100,9.2
2018-12-18,5.0036,5.0036,5.0036,5.0041,100,9.4
2018-12-19,5.1101,5.1101,4.5246,5.0041,400,9.4
2018-12-20,4.5246,5.0036,4.5246,5.0041,800,9.4
2018-12-21,4.5246,5.0036,4.5246,5.0041,850,9.4
2018-12-24,4.9504,5.0569,4.9504,5.0573,1200,9.5
2018-12-27,4.5778,5.0569,4.5778,5.0573,2300,9.5
2018-12-28,5.1101,5.1101,5.1101,5.1105,100,9.6
2019-01-03,5.1101,5.1101,5.1101,5.1105,75,9.6
2019-01-11,4.631,4.631,4.631,4.6314,150,8.7
2019-01-14,4.2584,5.0036,4.2584,5.0041,850,9.4
2019-01-21,4.5246,4.5246,4.5246,4.5249,600,8.5
2019-01-22,4.5246,4.5246,4.5246,4.5249,100,8.5
2019-01-29,4.9504,4.9504,4.9504,4.9508,100,9.3
2019-01-31,5.4295,5.4295,5.4295,5.4299,100,10.2
2019-02-19,4.8972,4.8972,4.8972,4.8976,300,9.2
2019-02-20,5.3762,5.3762,5.3762,5.3767,175,10.1
2019-02-25,4.8439,4.8439,4.8439,4.8444,100,9.1
2019-02-26,5.0569,5.0569,5.0569,5.0573,100,9.5
2019-02-27,5.0569,5.0569,5.0569,5.0573,100,9.5
2019-03-04,5.0569,5.0569,5.0569,5.0573,59,9.5
2019-03-21,5.0569,5.0569,5.0569,5.0573,50,9.5
2019-04-03,5.0569,5.0569,5.0569,5.0573,25,9.5
2019-04-04,5.0569,5.0569,5.0569,5.0573,41,9.5
2019-04-16,4.5778,4.8972,4.5778,4.8976,200,9.2
2019-04-23,4.8972,4.8972,4.8972,4.8976,10,9.2
2019-04-26,4.4181,4.4181,4.4181,4.4185,9050,8.3
2019-05-06,4.4181,4.4181,4.4181,4.4185,3000,8.3
2019-05-09,4.5246,4.5246,4.5246,4.5249,210,8.5
2019-05-10,4.5246,4.5246,4.5246,4.5249,1225,8.5
2019-05-16,4.7907,4.7907,4.7907,4.7911,100,9
2019-05-22,4.7907,4.7907,4.7907,4.7911,12000,9
2019-05-29,4.6842,4.6842,4.6842,4.6846,2000,8.8
2019-06-07,4.631,4.631,4.631,4.6314,3000,8.7
2019-06-13,4.631,4.631,4.631,4.6314,40,8.7
2019-06-19,4.6842,4.6842,4.6842,4.6846,2000,8.8
2019-07-01,4.7907,5.1101,4.7907,5.1105,2900,9.6
2019-07-04,5.1101,5.1101,5.1101,5.1105,51,9.6
2019-07-05,5.1101,5.1101,5.1101,5.1105,35,9.6
2019-07-11,5.0036,5.0036,5.0036,5.0041,100,9.4
2019-07-19,4.5246,4.8972,4.5246,4.8976,200,9.2
2019-07-23,4.4713,4.4713,4.4713,4.4717,100,8.4
2019-07-24,4.7907,4.7907,4.7907,4.7911,100,9
2019-07-25,4.7907,4.7907,4.7907,4.7911,6,9
2019-07-29,4.7375,4.7375,4.7375,4.7379,100,8.9
2019-09-12,4.5778,4.5778,4.5778,4.5782,1500,8.6
2019-09-18,4.1519,4.1519,4.1519,4.1523,100,7.8
2019-09-19,4.1519,4.1519,4.1519,4.1523,10,7.8
2019-09-23,4.5246,4.5246,4.5246,4.5249,105,8.5
2019-10-15,4.7907,4.7907,4.7907,4.7911,800,9
2019-10-16,4.7907,4.7907,4.7907,4.7911,1200,9
2019-10-17,4.7907,4.8439,4.7907,4.8444,2900,9.1
2019-10-22,5.1101,5.1101,5.1101,5.1105,1500,9.6
2019-10-25,5.323,5.323,5.1633,5.1638,2000,9.7
2019-10-28,4.7375,4.7375,4.7375,4.7379,100,8.9
2019-10-29,4.7907,5.1633,4.7907,5.1638,1164,9.7
2019-11-04,4.7375,4.7375,4.7375,4.7379,100,8.9
2019-11-05,4.9504,4.9504,4.9504,4.9508,700,9.3
2019-11-06,4.9504,4.9504,4.9504,4.9508,10,9.3
2019-11-07,5.2165,5.2165,5.2165,5.217,1100,9.8
2019-11-13,5.2698,5.2698,5.1633,5.1638,1100,9.7
2019-11-14,4.8972,4.8972,4.6842,4.6846,1110,8.8
2019-11-20,4.7375,4.7375,4.7375,4.7379,200,8.9
2019-11-22,4.7907,4.7907,4.7907,4.7911,100,9
2019-11-27,4.9504,4.9504,4.9504,4.9508,1000,9.3
2019-12-18,4.6842,4.6842,4.6842,4.6846,500,8.8
2019-12-20,4.5246,4.5246,4.5246,4.5249,500,8.5
2019-12-26,4.5246,4.5246,4.5246,4.5249,50,8.5
2019-12-27,4.5246,4.5246,4.5246,4.5249,91,8.5
2019-12-31,4.8439,4.8439,4.8439,4.8444,100,9.1
2020-01-20,4.8972,4.8972,4.7375,4.7379,1100,8.9
2020-01-22,4.3116,4.3116,4.3116,4.312,100,8.1
2020-01-30,4.3649,4.3649,3.8858,3.8861,200,7.3
2020-02-03,3.9923,3.9923,3.5132,3.62,2100,6.8
2020-02-05,3.4067,3.4067,3.4067,3.407,100,6.4
2020-02-06,3.7261,3.7261,3.7261,3.7264,500,7
2020-02-07,3.46,4.0987,3.46,4.0991,210,7.7
2020-02-10,3.7793,3.9923,3.7793,3.9926,200,7.5
2020-02-11,3.6729,3.9923,3.6729,3.9394,300,7.4
2020-02-24,3.6729,3.6729,3.6729,3.6732,500,6.9
2020-02-25,3.6729,3.6729,3.6729,3.6732,50,6.9
2020-02-28,3.6729,3.6729,3.5664,3.5667,1200,6.7
2020-03-04,3.8858,3.8858,3.8858,3.8861,220,7.3
2020-03-05,4.2584,4.2584,4.2584,4.2588,198,8
2020-03-06,4.631,4.631,4.631,4.6314,100,8.7
2020-03-09,5.0569,5.0569,5.0569,5.0573,100,9.5
2020-03-10,5.3762,5.3762,5.3762,5.3767,100,10.1
2020-03-20,5.3762,5.3762,5.3762,5.3767,10,10.1
2020-03-23,5.5359,5.5359,5.5359,5.5364,100,10.4
2020-04-07,5.0036,5.0036,5.0036,5.0041,1300,9.4
2020-04-15,4.5246,4.5246,4.5246,4.5249,100,8.5
2020-04-16,4.0987,4.0987,4.0987,4.0991,1985,7.7
2020-04-23,4.0987,4.0987,4.0987,4.0991,20,7.7
2020-04-27,4.2584,4.4181,4.2584,4.4185,1100,8.3
2020-04-28,4.8439,4.8439,4.8439,4.8444,510,9.1
2020-05-07,4.8972,4.8972,4.8972,4.8976,1000,9.2
2020-05-18,4.8972,4.8972,4.8972,4.8976,600,9.2
2020-05-19,5.323,5.323,5.323,5.3235,100,10
2020-05-20,4.7907,4.7907,4.7907,4.7911,1500,9
2020-06-05,4.3116,4.3116,4.3116,4.312,2600,8.1
2020-06-08,4.0987,4.0987,3.8858,3.8861,11000,7.3
2020-06-12,3.5664,3.5664,3.5132,3.5135,400,6.6
2020-06-18,3.5132,3.5132,3.5132,3.5135,2000,6.6
2020-06-19,3.5132,3.5132,3.5132,3.5135,1000,6.6
2020-06-23,3.7261,3.8326,3.7261,3.8329,700,7.2
2020-06-24,4.0455,4.2052,4.0455,4.1523,6000,7.8
2020-06-25,3.7793,4.2584,3.7793,4.2588,600,8
2020-06-26,4.2584,4.2584,4.2584,4.2588,1500,8
2020-07-01,4.2584,4.2584,4.2584,4.2588,2090,8
2020-07-03,4.604,4.604,4.604,4.6041,900,8
2020-07-06,4.604,4.604,4.604,4.6041,2700,8
2020-07-08,4.604,4.604,4.604,4.6041,800,8
2020-07-15,4.7767,4.7767,4.7767,4.7767,1490,8.3
2020-07-16,5.0644,5.0644,5.0644,5.0645,100,8.8
2020-07-20,5.0644,5.0644,5.0644,5.0645,100,8.8
2020-08-06,4.8342,4.8342,4.8342,4.8343,200,8.4
2020-08-17,4.8342,4.8342,4.8342,4.8343,51000,8.4
2020-08-25,4.8342,4.8342,4.8342,4.8343,1,8.4
2020-09-03,4.8342,4.8342,4.8342,4.8343,1400,8.4
2020-09-10,4.8918,4.8918,4.8918,4.8918,3100,8.5
2020-09-15,4.8918,4.8918,4.8918,4.8918,500,8.5
2020-09-17,4.8918,4.8918,4.8918,4.8918,2500,8.5
2020-09-23,5.0644,5.0644,5.0069,5.0645,2500,8.8
2020-09-30,5.0644,5.0644,5.0644,5.0645,10000,8.8
2020-10-01,5.0644,5.0644,5.0644,5.0645,10000,8.8
2020-10-02,5.0644,5.0644,5.0644,5.0645,5600,8.8
2020-10-08,5.0644,5.0644,5.0644,5.0645,11400,8.8
2020-10-09,5.0644,5.0644,5.0644,5.0645,9000,8.8
2020-10-14,5.0644,5.0644,5.0069,5.0645,19500,8.8
2020-10-15,5.0644,5.0644,5.0644,5.0645,4000,8.8
2020-10-19,5.0644,5.0644,5.0644,5.0645,6600,8.8
2020-10-20,5.0644,5.0644,5.0644,5.0645,3000,8.8
2020-10-21,5.0644,5.0644,5.0644,5.0645,2089,8.8
2020-10-22,5.0644,5.0644,5.0644,5.0645,1400,8.8
2020-10-23,5.122,5.122,5.0644,5.0645,2700,8.8
2020-10-26,5.0644,5.0644,5.0644,5.0645,100,8.8
2020-10-27,5.2946,5.2946,5.122,5.122,300,8.9
2020-10-29,5.0644,5.0644,5.0644,5.0645,1000,8.8
2020-10-30,5.0644,5.0644,5.0644,5.0645,700,8.8
2020-11-02,5.2946,5.2946,5.2946,5.2947,5000,9.2
2020-11-05,5.2946,5.2946,5.2946,5.2947,62,9.2
2020-11-06,4.8918,4.8918,4.8918,4.8918,3800,8.5
2020-11-09,5.0069,5.0069,5.0069,5.0069,100,8.7
2020-11-11,5.2946,5.2946,5.2946,5.2947,200,9.2
2020-11-30,5.1795,5.1795,4.8342,4.8343,15950,8.4
2020-12-01,5.2946,5.2946,5.2946,5.2947,100,9.2
2020-12-02,5.5824,5.8126,4.8342,5.7551,9112,10
2020-12-03,5.6399,5.6399,5.6399,5.64,150,9.8
2020-12-17,5.122,5.8701,5.122,5.8702,2300,10.2
2020-12-21,5.4673,5.4673,5.4673,5.4673,5000,9.5
2020-12-22,5.4673,5.4673,5.4673,5.4673,310,9.5
2020-12-25,5.4673,5.4673,5.4673,5.4673,11,9.5
2020-12-28,5.4673,5.4673,5.4673,5.4673,50,9.5
2020-12-29,5.1795,5.1795,5.1795,5.1796,1525,9
2020-12-30,5.1795,5.1795,5.1795,5.1796,1,9
2020-12-31,5.1795,5.1795,5.1795,5.1796,50,9
2021-01-06,5.0644,5.0644,5.0644,5.0645,200,8.8
2021-01-07,5.0644,5.0644,5.0644,5.0645,15,8.8
2021-01-08,5.122,5.1795,5.122,5.1796,760,9
2021-01-12,5.1795,5.2371,5.1795,5.2371,2270,9.1
2021-01-13,5.1795,5.1795,5.1795,5.1796,100,9
2021-01-14,5.1795,5.2371,5.1795,5.2371,800,9.1
2021-01-15,5.2371,5.2371,5.2371,5.2371,25,9.1
2021-01-18,5.2371,5.2371,5.2371,5.2371,25,9.1
2021-01-19,5.2946,5.2946,5.2946,5.2947,800,9.2
2021-01-25,5.1795,5.755,5.1795,5.7551,2920,10
2021-01-26,5.1795,5.1795,5.1795,5.1796,2200,9
2021-01-27,5.1795,5.1795,5.1795,5.1796,500,9
2021-01-28,5.1795,5.2371,5.1795,5.1796,3100,9
2021-02-01,4.7767,4.7767,4.7767,4.7767,127,8.3
2021-02-03,4.6616,4.6616,4.6616,4.6616,100,8.1
2021-02-04,4.4889,4.4889,4.4889,4.489,127,7.8
2021-02-05,4.604,4.604,4.604,4.6041,3000,8
2021-02-09,4.2587,4.2587,4.2587,4.2588,200,7.4
2021-03-01,4.2587,4.2587,4.2587,4.2588,17,7.4
2021-03-03,4.3738,4.3738,4.3738,4.3739,1075,7.6
2021-03-05,4.6616,4.6616,4.6616,4.6616,100,8.1
2021-03-15,5.122,5.122,5.122,5.122,100,8.9
2021-03-16,5.5824,5.5824,5.5824,5.5824,754,9.7
2021-03-17,6.1003,6.1003,6.1003,6.1004,8900,10.6
2021-03-18,6.6758,6.6758,6.6758,6.6759,35500,11.6
2021-03-19,7.3084,7.3688,7.3084,7.369,13500,12.2
2021-03-22,8.0936,8.0936,8.0936,8.0939,24900,13.4
2021-03-23,8.8788,8.8788,7.3688,8.8791,63245,14.7
2021-03-24,8.8788,8.8788,8.758,8.7583,7150,14.5
2021-03-25,7.9124,7.9124,7.9124,7.9127,6950,13.1
2021-03-26,7.1272,7.9124,7.1272,7.2482,17500,12
2021-03-29,7.248,7.7312,7.248,7.2482,1702,12
2021-03-30,7.0064,7.9728,6.7044,7.3086,26125,12.1
2021-03-31,8.0332,8.0332,7.7916,7.7919,2700,12.9
2021-04-01,8.456,8.5164,7.852,8.5167,20301,14.1
2021-04-02,8.3956,8.758,8.3956,8.7583,14435,14.5
2021-04-05,9.4224,9.4224,9.4224,9.4227,129,15.6
2021-04-06,8.8788,8.8788,8.6372,8.6375,500,14.3
2021-04-07,8.8788,8.8788,8.2748,8.2751,36800,13.7
2021-04-08,8.2748,9.06,8.2748,9.0603,60386,15
2021-04-09,8.154,9.966,8.154,9.6643,69611,16
2021-04-12,10.0868,10.0868,9.664,9.6643,14300,16
2021-04-13,9.664,10.1472,9.6036,9.6039,16725,15.9
2021-04-14,9.06,9.6036,9.06,9.1811,1975,15.2
2021-04-15,9.06,9.06,9.06,9.0603,1500,15
2021-04-16,8.758,8.8184,8.758,8.8187,7400,14.6
2021-04-19,8.8184,8.8184,8.8184,8.8187,4200,14.6
2021-04-20,8.2144,9.362,8.2144,9.3623,250,15.5
2021-04-22,9.966,10.268,8.8184,9.3623,17346,15.5
2021-04-23,8.5768,8.758,8.5768,8.7583,500,14.5
2021-04-26,8.8788,8.8788,8.8184,8.8187,600,14.6
2021-04-27,8.8184,8.8184,8.8184,8.8187,700,14.6
2021-04-28,9.362,9.4224,9.362,9.4227,10600,15.6
2021-04-29,9.966,10.3284,9.664,9.6643,36701,16
2021-05-04,8.758,10.6304,8.758,10.6307,8650,17.6
2021-05-05,9.664,10.6304,9.664,10.6307,36600,17.6
2021-05-06,9.7848,10.268,9.7848,9.9663,11500,16.5
2021-05-07,9.7244,10.0264,9.664,10.0267,7900,16.6
2021-05-10,9.966,10.0264,9.4224,9.4831,4700,15.7
2021-05-11,10.0264,10.0264,10.0264,10.0267,8050,16.6
2021-05-12,10.268,10.268,9.664,10.0871,22500,16.7
2021-05-13,9.966,10.268,9.8452,10.2683,19000,17
2021-05-14,9.966,9.966,9.7244,9.7851,8600,16.2
2021-05-17,9.8452,10.1472,9.664,9.9663,28300,16.5
2021-05-18,10.268,10.268,9.966,10.0267,14100,16.6
2021-05-19,10.0264,10.0264,9.8452,10.0267,7660,16.6
2021-05-20,10.0264,10.0264,9.664,9.9059,8000,16.4
2021-05-21,9.1204,10.0264,9.06,9.9059,32956,16.4
2021-05-24,10.0264,10.5096,10.0264,10.5099,14300,17.4
2021-05-25,10.0264,10.57,9.966,10.5703,9000,17.5
2021-05-26,10.57,11.5968,10.57,11.5972,81056,19.2
2021-05-27,12.4424,12.5028,11.5968,12.0804,29380,20
2021-05-28,12.5028,12.5028,12.08,12.0804,9600,20
2021-05-31,12.08,12.08,11.476,11.4764,17300,19
2021-06-01,11.9592,11.9592,11.4156,11.4764,16100,19
2021-06-02,11.476,11.476,11.3552,11.4764,23700,19
2021-06-03,11.3552,11.5968,10.9928,11.2348,30300,18.6
2021-06-04,10.872,10.9324,10.7512,10.9328,3500,18.1
2021-06-07,10.57,10.6304,10.4492,10.6307,6756,17.6
2021-06-08,10.0264,10.6304,10.0264,10.6307,10200,17.6
2021-06-09,10.268,10.57,10.1472,10.5703,10000,17.5
2021-06-10,10.5096,10.5096,10.3888,10.5099,900,17.4
2021-06-11,10.268,10.268,10.268,10.2683,11356,17
2021-06-14,10.57,11.2948,10.268,11.2952,82500,18.7
2021-06-15,12.2008,12.2008,11.2948,11.4764,38300,19
2021-06-16,11.476,11.476,11.4156,11.416,6400,18.9
2021-06-17,10.6908,11.476,10.6908,11.4764,30500,19
2021-06-18,11.778,11.778,11.174,11.1744,27000,18.5
2021-06-21,10.872,10.872,10.872,10.8723,2700,18
2021-06-22,10.6908,10.872,10.6304,10.7515,24200,17.8
2021-06-23,10.8116,10.8116,10.57,10.7515,11700,17.8
2021-06-24,10.57,10.6304,10.57,10.6307,4900,17.6
2021-06-25,10.268,10.57,10.268,10.5099,5600,17.4
2021-06-28,10.5096,10.57,10.268,10.5703,11200,17.5
2021-06-29,10.3284,10.872,10.3284,10.8723,2500,18
2021-06-30,10.3888,10.6304,10.3888,10.3891,4450,17.2
2021-07-01,10.3284,10.3888,10.268,10.2683,22400,17
2021-07-02,10.268,10.57,10.268,10.5703,1600,17.5
2021-07-05,10.1472,10.57,10.1472,10.5703,4000,17.5
2021-07-06,10.268,10.268,9.966,10.2079,4900,16.9
2021-07-07,10.0264,10.268,10.0264,10.2683,1930,17
2021-07-08,9.8452,10.2076,9.8452,10.1475,5900,16.8
2021-07-09,10.268,10.268,9.9056,9.9059,640,16.4
2021-07-12,9.9056,9.9056,9.362,9.3623,6400,15.5
2021-07-13,9.4224,9.7848,9.362,9.7851,6400,16.2
2021-07-14,9.5432,9.6036,9.5432,9.6039,1000,15.9
2021-07-15,9.1204,9.966,9.1204,9.9663,3900,16.5
2021-07-16,9.4224,10.2076,9.362,10.2079,13600,16.9
2021-07-19,9.664,9.664,9.4828,9.6643,17500,16
2021-07-20,9.1808,9.664,9.1808,9.6643,27000,16
2021-07-21,9.4828,9.6036,9.4224,9.6039,15200,15.9
2021-07-22,9.6036,9.6036,9.3016,9.6039,17600,15.9
2021-07-23,10.5096,10.5096,9.6036,9.6039,29100,15.9
2021-07-26,9.6036,9.966,9.1808,9.9663,33100,16.5
2021-07-27,9.966,10.0264,9.6036,9.9663,23600,16.5
2021-07-28,9.966,10.8116,9.966,10.3287,22100,17.1
2021-07-29,10.3888,11.3552,10.3888,11.2348,62710,18.6
2021-07-30,11.476,11.5364,11.2344,11.2952,49200,18.7
2021-08-02,10.7512,11.7176,10.7512,11.2952,19260,18.7
2021-08-03,11.476,11.476,11.174,11.3556,58700,18.8
2021-08-04,11.2948,11.476,11.2344,11.3556,34500,18.8
2021-08-05,12.4424,12.4424,11.3552,11.4764,33500,19
2021-08-06,11.4156,12.6236,11.2344,12.322,312756,20.4
2021-08-09,12.6236,13.5296,12.6236,13.53,255410,22.4
2021-08-10,13.892,14.8584,13.892,14.8589,128140,24.6
2021-08-11,15.704,16.2476,14.6772,14.8589,118210,24.6
2021-08-12,13.8316,15.704,13.8316,14.9797,85109,24.8
2021-08-13,14.9792,15.2208,14.3148,15.1005,78610,25
2021-08-16,15.1,16.61,15.1,16.6105,146815,27.5
2021-08-17,16.912,18.12,16.61,16.8521,99755,27.9
2021-08-18,16.61,18.12,16.61,18.1206,50200,30
2021-08-19,17.214,19.2676,16.8516,18.483,61800,30.6
2021-08-20,18.4824,18.4824,16.912,17.5166,77100,29
2021-08-23,16.308,17.2744,15.7644,15.7649,69623,26.1
2021-08-24,14.798,16.61,14.798,16.6105,77400,27.5
2021-08-25,15.8852,16.61,15.8852,16.6105,11900,27.5
2021-08-26,16.61,16.912,16.61,16.6105,13039,27.5
2021-08-27,16.61,17.9992,16.61,17.5166,40156,29
2021-08-30,17.516,18.422,16.9724,17.8186,56000,29.5
2021-08-31,17.818,17.9992,17.3952,17.8186,48500,29.5
2021-09-01,18.422,18.724,17.6368,17.6374,42351,29.2
2021-09-06,17.214,17.9992,17.214,17.6978,110257,29.3
2021-09-07,17.6972,17.6972,16.912,17.2146,69150,28.5
2021-09-08,17.214,17.3952,16.912,17.3354,15600,28.7
2021-09-09,17.3348,17.3952,17.0328,17.275,27008,28.6
2021-09-10,17.2744,17.2744,17.0932,17.0937,20150,28.3
2021-09-14,17.8784,19.63,17.818,19.6306,347138,32.5
2021-09-15,20.234,21.3212,19.8112,21.2011,40283,35.1
2021-09-16,21.2004,21.2004,20.1736,20.2951,24113,33.6
2021-09-17,19.7508,20.8984,18.7844,20.5367,64960,34
2021-09-20,20.536,20.536,19.5092,19.7514,39008,32.7
2021-09-21,19.7508,20.234,18.2408,20.2346,80000,33.5
2021-09-22,20.2944,20.838,19.63,20.8387,42750,34.5
2021-09-23,22.8916,22.8916,20.838,21.1407,98604,35
2021-09-24,20.838,20.8984,19.6904,19.9326,73000,33
2021-09-27,19.328,19.3884,18.422,18.4226,65700,30.5
2021-09-28,18.422,19.4488,18.12,19.3286,74300,32
2021-09-29,19.8716,19.8716,18.724,19.3286,9160,32
2021-09-30,18.9656,19.63,18.9656,19.5702,42820,32.4
2021-10-01,19.5696,19.5696,19.1468,19.5098,61000,32.3
2021-10-04,18.8448,21.3212,18.724,21.0803,109800,34.9
2021-10-05,21.14,23.0124,21.14,23.0131,126144,38.1
2021-10-06,22.952,25.3076,22.8916,24.8856,132626,41.2
2021-10-07,25.972,27.3612,25.4284,27.3621,132955,45.3
2021-10-08,30.0188,30.0792,26.3344,26.3352,107420,43.6
2021-10-11,26.274,27.482,25.9116,27.4225,157670,45.4
2021-10-12,27.4216,27.6632,26.6968,26.8185,113605,44.4
2021-10-13,26.6968,29.1128,26.6968,28.9929,123147,48
2021-10-14,28.992,30.2,27.8444,29.4157,113345,48.7
2021-10-15,29.596,29.596,28.388,28.6909,94222,47.5
2021-10-18,28.388,28.992,27.784,28.1473,86975,46.6
2021-10-19,25.67,28.69,25.67,26.5769,120647,44
2021-10-20,26.0324,28.388,24.16,27.9661,196757,46.3
2021-10-21,26.0324,28.3276,26.0324,27.1205,84565,44.9
2021-10-22,27.18,27.18,26.4552,26.5769,294400,44
2021-10-25,26.5156,29.2336,26.5156,29.2345,468642,48.4
2021-10-26,29.596,31.71,29.3544,31.1674,138839,51.6
2021-10-27,31.8912,34.2468,31.8912,34.2479,293453,56.7
2021-10-28,35.032,37.6292,30.9248,36.2412,213732,60
2021-10-29,36.1192,38.656,35.032,36.4224,254460,60.3
2021-11-01,36.4816,38.656,35.334,38.0532,431336,63
2021-11-02,39.26,41.8572,39.1392,41.8585,183750,69.3
2021-11-03,45.3,46.0248,37.6896,37.6908,499108,62.4
2021-11-04,37.5688,40.2868,34.0656,38.8384,240911,64.3
2021-11-05,38.8976,39.26,36.9648,37.2076,225678,61.6
2021-11-08,36.9044,37.146,34.9716,35.2143,364325,58.3
2021-11-09,34.9112,38.7164,33.522,37.5096,664633,62.1
2021-11-10,38.1124,39.26,37.2668,37.6304,219713,62.3
2021-11-11,38.958,39.9848,36.24,38.6572,351073,64
2021-11-12,39.864,39.864,37.9916,38.6572,285234,64
2021-11-15,38.656,39.1996,36.24,37.0264,408900,61.3
2021-11-16,37.448,37.448,35.0924,35.8788,338502,59.4
2021-11-17,35.8776,36.24,33.9448,35.8184,127732,59.3
2021-11-18,35.8776,36.844,35.032,35.5163,221005,58.8
2021-11-19,35.3944,35.3944,32.3744,32.617,371775,54
2021-11-22,32.616,32.7368,29.3544,29.3553,338434,48.6
2021-11-23,29.294,29.8376,26.576,29.597,141033,49
2021-11-24,30.2,31.7704,30.2,31.3486,110600,51.9
2021-11-25,31.3476,32.1328,30.8644,32.013,87675,53
2021-11-26,32.616,33.4616,32.012,32.9191,144778,54.5
2021-11-29,32.918,35.032,30.9248,33.4627,116413,55.4
2021-11-30,33.824,34.428,32.012,32.617,127740,54
2021-12-01,32.314,32.314,31.106,31.409,88430,52
2021-12-02,31.408,32.012,31.408,31.9526,80200,52.9
2021-12-03,32.012,32.012,30.2,30.201,162717,50
2021-12-06,30.2,30.804,27.784,29.2949,73052,48.5
2021-12-07,29.898,30.2,28.2068,30.201,119401,50
2021-12-08,31.3476,31.408,30.8644,31.2278,76050,51.7
2021-12-09,30.2,31.4684,30.2,31.107,43600,51.5
2021-12-10,31.0456,31.408,30.804,31.107,76800,51.5
2021-12-13,31.106,32.8576,30.2,31.9526,111400,52.9
2021-12-14,32.012,32.314,31.6496,31.711,140950,52.5
2021-12-15,31.408,33.824,30.804,33.1003,252465,54.8
2021-12-16,33.0992,36.24,33.0992,35.9996,387102,59.6
2021-12-17,37.448,38.5956,36.9044,37.2076,360654,61.6
2021-12-20,40.77,40.8908,37.2064,40.8921,683870,67.7
2021-12-21,41.072,44.092,39.8036,40.2881,464739,66.7
2021-12-22,40.77,42.28,39.7432,40.6505,294299,67.3
2021-12-23,40.468,41.072,36.6024,36.8452,483542,61
2021-12-24,36.24,37.448,35.032,36.3016,163287,60.1
2021-12-27,36.3004,38.354,34.9716,38.0532,215610,63
2021-12-28,38.1124,39.26,36.844,37.1472,192904,61.5
2021-12-29,36.542,37.9916,35.938,36.8452,164530,61
2021-12-30,36.542,36.542,35.3944,35.4559,109400,58.7
2021-12-31,35.4548,35.8776,33.22,34.7311,182630,57.5
2022-01-04,31.7704,37.448,31.7704,37.4492,250143,62
2022-01-05,35.7568,38.958,35.7568,38.6572,365832,64
2022-01-06,38.958,41.4344,38.656,40.3485,462921,66.8
2022-01-07,41.3136,44.3336,41.3136,44.335,927736,73.4
2022-01-10,48.7428,48.7428,45.904,48.7444,347337,80.7
2022-01-11,48.7428,53.5144,45.904,48.9256,765844,81
2022-01-12,48.32,48.32,44.0316,44.033,497193,72.9
2022-01-13,41.1324,44.092,39.6828,39.6841,366623,65.7
2022-01-14,36.24,41.072,35.7568,38.0532,558027,63
2022-01-17,38.1124,41.072,34.2468,34.4291,378477,57
2022-01-18,34.428,34.428,30.9852,30.9862,323729,51.3
2022-01-19,27.9048,30.9852,27.9048,27.9057,367081,46.2
2022-01-20,27.9048,30.6832,25.368,30.6842,121014,50.8
2022-01-21,33.5824,33.7032,30.804,33.7043,53010,55.8
2022-01-24,37.0252,37.0252,33.22,33.2815,367162,55.1
2022-01-25,29.9584,36.6024,29.9584,36.6036,203541,60.6
2022-01-26,40.2264,40.2264,38.052,38.6572,240270,64
2022-01-27,38.7164,39.26,34.7904,35.8184,168320,59.3
2022-01-28,34.428,36.542,34.428,36.2412,93709,60
2022-02-07,36.542,37.75,32.616,32.617,111090,54
2022-02-08,32.616,35.7568,30.3208,31.409,221900,52
2022-02-09,30.2,34.5488,28.69,34.5499,184339,57.2
2022-02-10,34.5488,37.448,31.106,35.9392,144016,59.5
2022-02-11,35.938,35.938,33.824,33.8855,102700,56.1
2022-02-14,34.428,35.032,31.4684,34.5499,121511,57.2
2022-02-15,34.9716,35.334,34.126,34.9123,104412,57.8
2022-02-16,35.032,38.354,34.126,38.3552,359561,63.5
2022-02-17,39.864,41.9176,38.7164,39.8653,407532,66
2022-02-18,39.9244,41.1324,36.844,40.7713,188680,67.5
2022-02-21,41.072,42.2196,39.9848,41.0129,384635,67.9
2022-02-22,40.468,40.468,36.9648,37.3284,393178,61.8
2022-02-23,36.9044,39.562,36.24,38.6572,129284,64
2022-02-24,38.656,38.958,34.7904,36.4224,277700,60.3
2022-02-25,36.844,38.354,36.844,37.268,108604,61.7
2022-02-28,37.2668,37.9916,36.7232,37.2076,97910,61.6
2022-03-01,37.146,38.656,36.7232,37.872,206361,62.7
2022-03-02,37.8708,38.656,36.844,36.8452,189911,61
2022-03-03,37.3272,37.75,36.7836,37.1472,172348,61.5
2022-03-04,37.5084,38.656,36.844,37.4492,215651,62
2022-03-07,37.448,38.052,37.146,37.2076,159213,61.6
2022-03-08,36.9648,37.146,35.7568,35.9392,169460,59.5
2022-03-09,35.636,36.24,33.7032,35.7579,169726,59.2
2022-03-10,35.8172,37.2668,35.8172,36.4224,82700,60.3
2022-03-11,36.3608,36.3608,34.73,35.0331,102247,58
2022-03-14,35.032,35.938,34.3072,35.0331,125520,58
2022-03-15,35.938,36.1796,35.032,35.3955,62806,58.6
2022-03-16,35.636,36.24,35.3944,35.3955,82803,58.6
2022-03-17,35.938,36.844,35.3944,35.5767,47934,58.9
2022-03-18,35.636,38.052,35.5756,38.0532,275416,63
2022-03-21,38.052,39.26,37.75,38.4156,195076,63.6
2022-03-22,38.656,39.26,37.448,38.4156,297300,63.6
2022-03-23,38.4144,38.4144,36.844,37.1472,199680,61.5
2022-03-24,37.0856,37.3876,36.6628,36.966,102700,61.2
2022-03-25,36.9648,37.3876,36.9648,36.966,138535,61.2
2022-03-28,36.9648,36.9648,34.9112,35.2747,180303,58.4
2022-03-29,35.2736,36.6628,33.824,36.362,98101,60.2
2022-03-30,36.3004,36.3608,34.9112,35.3351,148610,58.5
2022-03-31,35.0924,35.6964,34.5488,34.7915,80800,57.6
2022-04-01,34.6092,35.636,34.0052,35.0935,101753,58.1
2022-04-04,35.636,36.3608,34.7904,35.0331,70905,58
2022-04-05,34.8508,35.334,34.428,35.0331,46803,58
2022-04-06,34.126,34.9112,31.5288,33.5231,139321,55.5
2022-04-07,33.824,34.126,32.1932,32.617,90500,54
2022-04-08,32.4952,33.6428,32.4952,32.9191,47534,54.5
2022-04-12,32.918,34.428,31.7704,31.7714,78403,52.6
2022-04-13,31.7704,32.4348,30.0792,31.8922,113160,52.8
2022-04-14,31.9516,32.4348,31.2268,31.3486,38130,51.9
2022-04-18,29.294,29.294,26.878,28.3285,108303,46.9
2022-04-19,30.2,30.2,25.9116,25.9124,82953,42.9
2022-04-20,25.972,27.18,25.9116,26.6373,65200,44.1
2022-04-21,25.972,25.972,23.9788,23.9796,123635,39.7
2022-04-22,23.556,24.7036,21.6232,22.1071,119500,36.6
2022-04-25,22.046,24.2204,19.932,19.9326,107447,33
2022-04-26,19.932,21.744,18.2408,21.7447,131250,36
2022-04-27,21.744,23.4956,21.744,23.436,94200,38.8
2022-04-28,23.858,25.066,23.858,23.8588,64885,39.5
2022-04-29,23.858,24.764,23.7976,24.7648,117910,41
2022-05-04,24.8244,25.368,24.462,24.4628,58300,40.5
2022-05-05,24.7036,24.764,22.952,23.9192,63137,39.6
2022-05-06,22.7104,23.4956,22.046,22.9527,84402,38
2022-05-09,22.952,22.952,20.6568,20.6575,92000,34.2
2022-05-10,19.328,20.4756,18.6032,20.4159,103100,33.8
2022-05-11,20.5964,22.046,20.5964,21.9863,52400,36.4
2022-05-12,22.046,22.046,19.8112,19.8118,60400,32.8
2022-05-13,18.7844,21.0192,17.9388,18.785,95000,31.1
2022-05-16,18.7844,20.536,18.7844,19.8118,27400,32.8
2022-05-17,19.8112,21.744,19.026,21.7447,71500,36
2022-05-18,21.6836,23.0124,21.6836,22.3487,71500,37
2022-05-19,21.442,22.4688,20.234,22.4695,39500,37.2
2022-05-20,22.5292,23.858,22.046,22.0467,55200,36.5
2022-05-23,22.1668,22.65,20.4756,21.0803,42265,34.9
2022-05-24,21.0796,21.6836,20.536,21.3219,29200,35.3
2022-05-25,21.2608,22.2272,21.2608,21.9863,64400,36.4
2022-05-26,22.046,22.65,21.8044,21.8051,43505,36.1
2022-05-27,21.8044,22.1668,21.442,22.0467,38000,36.5
2022-05-30,22.348,22.65,22.046,22.3487,40800,37
2022-05-31,22.046,24.16,21.744,23.1943,92700,38.4
2022-06-01,23.254,23.3144,22.5896,23.1339,45800,38.3
2022-06-02,23.1332,23.1332,21.9856,21.9863,36130,36.4
2022-06-03,21.9856,22.8312,21.442,21.9259,32700,36.3
2022-06-06,21.8044,22.348,20.536,20.5367,38500,34
2022-06-07,20.536,21.14,19.63,20.1742,74700,33.4
2022-06-08,20.6568,21.14,20.6568,20.6575,63900,34.2
2022-06-09,20.7172,21.442,20.536,20.7783,15300,34.4
2022-06-10,20.7172,20.9588,20.4152,20.5367,28600,34
2022-06-13,20.234,20.234,19.026,19.0266,46400,31.5
2022-06-14,18.2408,19.5092,18.1804,19.0266,28900,31.5
2022-06-15,18.724,20.838,17.9992,18.8454,58700,31.2
2022-06-16,18.9656,20.1736,18.6032,18.6038,22200,30.8
2022-06-17,18.724,18.724,16.7912,16.7917,113302,27.8
2022-06-20,15.4624,17.4556,15.1604,15.1609,38720,25.1
2022-06-21,14.0128,14.7376,13.6504,13.6508,99029,22.6
2022-06-22,13.892,14.9792,13.4692,14.9797,90800,24.8
2022-06-23,15.2812,16.308,15.0396,16.0065,43800,26.5
2022-06-24,16.308,16.5496,15.704,16.3085,42730,27
2022-06-27,16.912,16.912,14.6772,16.5501,51420,27.4
2022-06-28,16.5496,17.818,16.0664,17.5166,70500,29
2022-06-29,17.516,17.9388,16.912,17.1542,34700,28.4
2022-06-30,17.516,17.516,15.5832,16.6105,27300,27.5
2022-07-01,16.4892,16.5496,15.5832,16.3085,70000,27
2022-07-04,16.61,16.912,15.8248,16.6105,26200,27.5
2022-07-05,16.61,16.61,16.0664,16.2481,20900,26.9
2022-07-06,15.3416,16.5496,15.3416,16.0669,11500,26.6
2022-07-07,16.0664,16.2476,15.704,16.2481,19600,26.9
2022-07-08,16.308,17.4556,16.308,16.7917,36400,27.8
2022-07-11,16.912,17.1536,15.7644,16.3689,56606,27.1
2022-07-12,16.912,17.516,16.4288,17.275,57912,28.6
2022-07-13,17.3348,17.7576,16.61,17.0937,40900,28.3
2022-07-14,17.0328,17.214,16.7912,16.8521,85169,27.9
2022-07-15,16.7308,17.516,16.7308,17.1542,21475,28.4
2022-07-18,17.214,17.6368,16.912,16.9729,66200,28.1
2022-07-19,16.912,17.0932,16.308,16.5501,21200,27.4
2022-07-20,16.912,17.3952,16.5496,17.0937,59101,28.3
2022-07-21,17.6972,18.12,17.214,17.5166,66418,29
2022-07-22,17.516,17.516,17.214,17.3958,12748,28.8
2022-07-25,17.3348,17.3952,16.7308,17.0333,15029,28.2
2022-07-26,16.912,17.0328,16.6704,16.8521,14200,27.9
2022-07-27,16.912,16.9724,16.61,16.7313,18320,27.7
2022-07-28,17.0328,17.818,17.0328,17.3958,53126,28.8
2022-07-29,17.3952,17.7576,17.1536,17.1542,53101,28.4
2022-08-01,17.214,18.8448,16.9724,18.8454,93560,31.2
2022-08-02,19.63,19.932,19.1468,19.5098,96158,32.3
2022-08-03,19.2676,19.63,19.026,19.6306,44637,32.5
2022-08-04,19.8112,20.2944,19.5092,19.6306,64101,32.5
2022-08-05,19.6904,21.14,19.5092,21.0199,120797,34.8
2022-08-08,21.0192,22.2272,20.8984,21.7447,140290,36
2022-08-09,22.046,22.2876,21.442,21.9259,77201,36.3
2022-08-10,21.9252,22.4084,21.744,22.2883,44505,36.9
2022-08-11,22.952,23.0124,21.5024,22.2883,114577,36.9
2022-08-12,20.5964,22.348,20.5964,22.3487,48735,37
2022-08-15,22.348,23.9184,22.348,23.5568,113005,39
2022-08-16,23.556,25.67,23.556,25.6708,128613,42.5
2022-08-17,26.3344,28.086,26.3344,27.1809,178510,45
2022-08-18,26.7572,27.784,26.3344,27.1809,131173,45
2022-08-19,26.878,27.3612,26.4552,26.6977,106633,44.2
2022-08-22,25.7304,27.3008,25.67,26.8185,171201,44.4
2022-08-23,26.7572,26.8176,25.5492,26.8185,72970,44.4
2022-08-24,27.1196,28.086,27.1196,27.7245,62002,45.9
2022-08-25,27.7236,27.7236,26.9384,27.6037,39100,45.7
2022-08-26,27.6028,27.8444,27.0592,27.1809,46902,45
2022-08-29,26.8176,26.878,24.764,26.5769,114800,44
2022-08-30,26.576,27.4216,26.3948,26.5769,36200,44
2022-08-31,26.5156,27.2404,26.2136,27.1809,72810,45
2022-09-05,27.18,27.482,26.9384,26.9997,58201,44.7
2022-09-06,27.18,29.6564,27.0592,28.9929,118210,48
2022-09-07,29.294,29.6564,27.784,29.2345,115890,48.4
2022-09-08,27.784,29.2336,27.1196,27.9057,66000,46.2
2022-09-09,27.9048,28.388,25.1264,25.9728,230518,43
2022-09-12,25.972,27.4216,25.972,25.9728,45291,43
2022-09-13,25.972,26.576,25.3076,25.9728,29056,43
2022-09-14,26.5156,26.5156,24.2808,25.3084,73629,41.9
2022-09-15,25.3076,25.368,24.8848,24.8856,32720,41.2
2022-09-16,24.5828,24.8848,22.952,22.9527,128175,38
2022-09-19,22.952,22.952,20.6568,21.2011,168500,35.1
2022-09-20,19.9924,22.5292,19.9924,22.4091,68940,37.1
2022-09-21,22.4084,23.0728,22.1668,22.4695,49100,37.2
2022-09-22,22.4688,22.5896,21.744,21.9863,46924,36.4
2022-09-23,22.1668,22.65,21.9856,22.2883,44503,36.9
2022-09-26,21.9856,21.9856,20.1132,20.1138,107993,33.3
2022-09-27,20.1736,21.0796,19.7508,19.993,28800,33.1
2022-09-28,19.6904,21.0192,19.4488,20.5367,45121,34
2022-09-29,20.9588,20.9588,19.932,20.4763,26802,33.9
2022-09-30,20.7172,20.7172,18.4824,20.1138,85830,33.3
2022-10-03,18.4824,20.0528,18.12,18.7246,51520,31
2022-10-04,18.724,19.328,17.516,18.0602,44040,29.9
2022-10-05,18.6636,19.8112,18.12,19.8118,75166,32.8
2022-10-06,21.744,21.744,19.328,19.9326,42408,33
2022-10-07,19.932,20.4756,18.724,19.0266,27800,31.5
2022-10-10,19.026,19.8716,18.724,19.8722,59734,32.9
2022-10-11,19.4488,20.9588,18.422,19.2078,31110,31.8
2022-10-12,18.1804,19.2676,17.3952,18.9058,71135,31.3
2022-10-13,18.9052,19.2676,18.422,18.4226,27315,30.5
2022-10-14,18.2408,19.8716,18.2408,18.9662,31921,31.4
2022-10-17,18.724,18.724,17.7576,18.5434,23606,30.7
2022-10-18,17.5764,19.5092,17.5764,19.2682,44330,31.9
2022-10-19,19.8112,19.8112,18.724,18.9058,16800,31.3
2022-10-20,17.516,19.2072,17.516,19.0266,12600,31.5
2022-10-21,18.6636,18.6636,17.1536,17.1542,82200,28.4
2022-10-24,17.0932,17.1536,15.4624,15.4629,61540,25.6
2022-10-25,13.9524,15.704,13.9524,13.9528,102515,23.1
2022-10-26,13.9524,13.9524,12.5632,12.5636,130831,20.8
2022-10-27,11.476,13.59,11.3552,13.5904,90800,22.5
2022-10-28,13.7712,14.496,13.59,13.5904,59200,22.5
2022-10-31,13.288,13.288,12.2612,13.0468,46264,21.6
2022-11-01,12.684,13.59,12.684,13.4092,46920,22.2
2022-11-02,12.8652,13.4692,12.8048,13.4696,17512,22.3
2022-11-03,12.4424,13.6504,12.4424,13.4092,32146,22.2
2022-11-04,13.4088,13.4088,12.08,12.2012,168201,20.2
2022-11-07,11.8384,12.8652,10.9928,10.9932,79900,18.2
2022-11-08,9.9056,10.872,9.9056,10.8723,91217,18
2022-11-09,10.872,11.9592,10.872,11.3556,21230,18.8
2022-11-10,10.9324,10.9324,10.268,10.2683,119638,17
2022-11-11,10.57,10.57,9.2412,9.7247,30616,16.1
2022-11-14,9.7244,9.7244,8.758,8.7583,27105,14.5
2022-11-15,7.9124,8.0332,7.9124,7.9127,19990,13.1
2022-11-16,7.1272,8.6976,7.1272,8.6979,83200,14.4
2022-11-17,9.06,9.5432,9.06,9.5435,60810,15.8
2022-11-18,9.5432,10.4492,8.8184,10.4495,112910,17.3
2022-11-21,9.4224,11.476,9.4224,11.4764,50008,19
2022-11-22,11.778,12.6236,11.476,11.718,121870,19.4
2022-11-23,11.5968,11.9592,10.872,11.416,43625,18.9
2022-11-24,10.5096,12.382,10.5096,12.2616,67309,20.3
2022-11-25,12.4424,13.4692,12.4424,13.4696,106410,22.3
2022-11-28,14.496,14.798,14.496,14.7985,21487,24.5
2022-11-29,16.1872,16.2476,14.7376,15.4025,188977,25.5
2022-11-30,15.704,16.308,14.496,15.8253,151561,26.2
2022-12-01,16.006,17.3952,15.402,16.9125,252986,28
2022-12-02,16.8516,17.2744,15.2208,16.8521,181906,27.9
2022-12-05,17.1536,17.1536,15.5832,15.5837,184407,25.8
2022-12-06,14.496,15.5832,14.0732,14.0737,171500,23.3
2022-12-07,13.4692,13.4692,12.684,12.6844,146669,21
2022-12-08,12.684,13.9524,12.08,13.9528,146230,23.1
2022-12-09,14.496,15.1,13.4088,13.9528,58600,23.1
2022-12-12,14.0128,15.0396,12.6236,12.6844,94149,21
2022-12-13,12.684,12.986,11.476,12.6844,68850,21
2022-12-14,12.8652,13.9524,12.8652,13.832,78803,22.9
2022-12-15,13.8316,13.892,13.288,13.832,34122,22.9
2022-12-16,13.7712,14.496,13.4692,13.7716,75598,22.8
2022-12-19,13.0464,14.2544,13.0464,13.1072,33447,21.7
2022-12-20,12.684,13.1068,11.8384,11.8388,130701,19.6
2022-12-21,12.3216,12.4424,10.6908,10.9328,105752,18.1
2022-12-22,10.872,11.5364,10.268,11.0536,82112,18.3
2022-12-23,11.4156,11.476,10.3888,10.8119,59505,17.9
2022-12-26,10.7512,10.9324,9.966,9.9663,81057,16.5
2022-12-27,9.664,10.9324,9.664,10.9328,40602,18.1
2022-12-28,10.9928,11.5364,10.872,11.2952,34847,18.7
2022-12-29,11.174,11.476,10.9928,11.3556,24626,18.8
2022-12-30,11.174,11.4156,11.1136,11.1744,24500,18.5
2023-01-03,11.1136,12.2612,11.1136,12.2616,86002,20.3
2023-01-04,12.2612,12.8652,12.08,12.2012,51680,20.2
2023-01-05,12.2612,12.8652,11.778,12.3824,44301,20.5
2023-01-06,12.4424,12.5028,11.778,12.322,60122,20.4
2023-01-09,12.3216,12.382,11.8384,12.2012,29184,20.2
2023-01-10,12.08,12.5028,11.8384,12.4428,50201,20.6
2023-01-11,12.5632,12.684,12.382,12.5032,44806,20.7
2023-01-12,12.5028,12.8048,12.5028,12.5032,34532,20.7
2023-01-13,12.564,13.0037,12.3755,12.5641,40400,20
2023-01-16,12.564,12.564,12.3127,12.5641,21600,20
2023-01-17,12.564,12.9409,12.564,12.8154,56560,20.4
2023-01-18,12.9409,14.0717,12.9409,13.8205,58403,22
2023-01-19,13.8204,14.5742,13.3178,13.6321,45900,21.7
2023-01-27,13.5691,14.9512,13.5691,13.7577,25910,21.9
2023-01-30,13.5691,14.4486,13.4435,13.8205,64900,22
2023-01-31,13.6948,14.1345,13.4435,14.1346,47848,22.5
2023-02-01,13.8204,14.4486,13.4435,13.4436,67449,21.4
2023-02-02,13.4435,13.7576,12.9409,13.0038,59900,20.7
2023-02-03,13.1294,13.6319,13.0666,13.318,15804,21.2
2023-02-06,12.6896,13.5691,12.6896,13.4436,15535,21.4
2023-02-07,13.4435,13.5063,13.0666,13.1923,33503,21
2023-02-08,12.564,13.5063,12.4384,13.318,76113,21.2
2023-02-09,12.6896,13.3807,12.6896,13.3808,23501,21.3
2023-02-10,13.0037,13.3807,13.0037,13.1295,42601,20.9
2023-02-13,12.564,13.1294,12.1871,13.0038,79337,20.7
2023-02-14,13.0037,13.1922,12.2499,13.1923,26139,21
2023-02-15,13.0666,13.6319,13.0666,13.3808,37100,21.3
2023-02-16,13.4435,13.7576,13.4435,13.6949,56100,21.8
2023-02-17,13.8204,14.0717,13.5691,13.5692,31808,21.6
2023-02-20,13.255,14.3858,13.255,14.3231,119816,22.8
2023-02-21,14.3858,14.6999,14.1345,14.2603,40558,22.7
2023-02-22,14.0089,14.1345,13.3807,13.6949,60200,21.8
2023-02-23,13.5063,13.6948,13.0037,13.4436,63000,21.4
2023-02-24,13.0666,13.8204,13.0666,13.3808,22000,21.3
2023-02-27,13.0037,13.3807,12.6896,12.8154,28401,20.4
2023-02-28,12.6268,13.3178,12.6268,13.318,49800,21.2
2023-03-01,12.6896,13.6319,12.6896,13.6321,35300,21.7
2023-03-02,13.6319,13.7576,13.1922,13.6949,16685,21.8
2023-03-03,13.6948,13.6948,13.3178,13.4436,12500,21.4
2023-03-06,13.6319,14.323,13.6319,13.8205,40500,22
2023-03-07,14.0089,14.0089,13.5063,13.8205,20604,22
2023-03-08,13.7576,13.8204,13.5063,13.8205,19500,22
2023-03-09,13.8204,14.323,13.7576,13.8205,17510,22
2023-03-10,13.3807,14.0089,13.1922,13.6321,17000,21.7
2023-03-13,13.6332,13.6332,13.4384,13.4393,11500,20.7
2023-03-14,13.4384,13.5034,13.0489,13.5042,18300,20.8
2023-03-15,13.3735,14.3473,13.3735,14.2833,63900,22
2023-03-16,14.2175,14.2824,13.8929,13.9587,12612,21.5
2023-03-17,14.2824,15.3211,14.2824,15.3221,146237,23.6
2023-03-20,15.5808,16.5546,15.386,15.8415,61139,24.4
2023-03-21,15.9054,16.1651,14.9965,15.4519,15513,23.8
2023-03-22,15.1264,15.9703,15.1264,15.7765,37500,24.3
2023-03-23,15.7756,15.7756,15.1264,15.7765,21713,24.3
2023-03-24,15.8405,16.3598,15.5808,16.1661,99900,24.9
2023-03-27,15.9054,16.3598,15.8405,16.231,52945,25
2023-03-28,16.23,16.4897,15.7756,15.9064,43662,24.5
2023-03-29,15.5808,15.9703,15.5808,15.9713,16720,24.6
2023-03-30,15.9703,16.4897,15.9703,16.2959,54547,25.1
2023-03-31,16.2949,16.4897,16.2949,16.4907,44912,25.4
2023-04-03,16.4897,17.3336,16.4897,17.2698,90046,26.6
2023-04-04,17.1389,17.2687,16.9441,17.2698,37590,26.6
2023-04-05,17.009,17.4635,17.009,17.3997,55800,26.8
2023-04-06,17.3986,18.5671,17.3986,18.1787,93990,28
2023-04-07,18.1127,18.1127,17.6582,17.7243,39200,27.3
2023-04-10,17.7881,18.632,17.2687,17.7243,38000,27.3
2023-04-11,17.2038,17.5933,17.074,17.3347,24810,26.7
2023-04-12,17.3336,18.1776,16.9441,17.7892,35035,27.4
2023-04-13,17.853,18.697,17.853,18.1787,76200,28
2023-04-14,18.1776,18.5022,17.2038,17.2698,55300,26.6
2023-04-17,16.9441,17.7232,16.8792,17.7243,25350,27.3
2023-04-18,17.7232,18.0478,17.5933,17.984,17602,27.7
2023-04-19,17.9828,18.1776,17.5284,17.5295,44912,27
2023-04-20,17.3986,17.853,17.3986,17.8541,9908,27.5
2023-04-21,18.0478,19.3462,17.9828,18.5034,131041,28.5
2023-04-24,18.5671,19.2812,18.2425,18.5034,51905,28.5
2023-04-25,18.3724,19.0865,18.3724,18.6332,52700,28.7
2023-04-26,18.5022,18.8268,18.3074,18.7631,12901,28.9
2023-04-27,18.8268,19.0216,18.697,18.828,48447,29
2023-04-28,19.3462,19.3462,18.8268,19.1526,32082,29.5
2023-05-04,19.1514,19.6708,18.2425,19.1526,66534,29.5
2023-05-05,18.9566,19.476,18.8268,18.9578,16000,29.2
2023-05-08,19.2812,20.4498,18.8917,19.8668,49650,30.6
2023-05-09,20.0603,20.0603,19.476,19.9317,28030,30.7
2023-05-10,19.9954,20.32,19.9954,20.1265,27611,31
2023-05-11,20.1252,20.7744,20.1252,20.6459,38717,31.8
2023-05-12,20.9692,21.7482,20.6446,21.7496,44450,33.5
2023-05-15,21.8131,22.722,21.8131,22.5287,65544,34.7
2023-05-16,22.722,22.722,21.878,22.0093,46628,33.9
2023-05-17,22.6571,22.6571,21.7482,22.0742,40900,34
2023-05-18,22.0728,22.722,22.0728,22.5287,34400,34.7
2023-05-19,22.3325,24.7345,22.3325,24.4764,136020,37.7
2023-05-22,24.4748,25.968,24.345,25.645,118063,39.5
2023-05-23,25.6434,25.6434,24.0204,24.9958,87832,38.5
2023-05-24,24.6047,24.7345,23.6958,23.7622,124301,36.6
2023-05-25,23.6309,24.345,23.6309,23.8921,55300,36.8
2023-05-26,23.8256,23.9555,23.501,23.7622,58100,36.6
2023-05-29,23.7607,25.124,23.7607,24.801,94202,38.2
2023-05-30,24.8644,25.124,24.345,24.4115,68600,37.6
2023-05-31,24.4748,24.5398,24.0204,24.3465,84900,37.5
2023-06-01,24.4099,24.4099,23.6958,23.8271,46200,36.7
2023-06-02,23.8256,24.345,23.7607,24.0219,36001,37
2023-06-05,24.0204,24.0204,23.566,23.5674,43350,36.3
2023-06-06,23.566,24.6696,23.501,23.957,32001,36.9
2023-06-07,24.0204,24.1502,23.501,24.0219,76436,37
2023-06-08,24.0853,24.345,23.566,23.5674,36400,36.3
2023-06-09,23.566,23.6309,23.2414,23.5674,22337,36.3
2023-06-12,23.6958,23.6958,22.6571,22.7234,89488,35
2023-06-13,22.722,23.3063,22.722,22.9182,47400,35.3
2023-06-14,23.1764,23.8906,22.9168,22.9831,27501,35.4
2023-06-15,23.0466,23.3712,22.722,23.048,11200,35.5
2023-06-16,23.1115,23.6958,22.722,22.9182,30209,35.3
2023-06-19,22.8518,23.0466,22.0728,22.204,50200,34.2
2023-06-20,22.722,23.0466,22.4623,22.7234,37138,35
2023-06-21,22.8518,23.3063,22.8518,23.2428,47209,35.8
2023-06-22,23.3712,23.6309,23.1764,23.3727,47500,36
2023-06-23,23.6958,23.6958,23.1115,23.1779,35905,35.7
2023-06-26,23.1764,23.1764,22.2026,23.048,43516,35.5
2023-06-27,23.8256,23.8256,22.722,22.7883,30400,35.1
2023-06-28,23.0466,23.0466,22.3974,22.5287,29721,34.7
2023-06-29,22.5272,22.5272,22.1377,22.1391,37800,34.1
2023-06-30,22.0728,22.3325,21.7482,22.1391,32600,34.1
2023-07-03,21.8131,22.5922,21.7482,21.9443,27800,33.8
2023-07-04,21.943,22.2676,21.943,22.204,25100,34.2
2023-07-05,22.2026,22.9168,22.2026,22.4637,24810,34.6
2023-07-06,22.4623,22.7869,22.2676,22.3339,19600,34.4
2023-07-07,22.722,23.0466,22.2676,22.7883,35800,35.1
2023-07-10,23.0466,23.6958,23.0466,23.4376,63520,36.1
2023-07-11,23.4361,23.566,23.0466,23.048,33900,35.5
2023-07-12,22.7869,23.4361,22.7869,23.3727,38000,36
2023-07-13,23.4361,25.3837,23.4361,23.7622,61770,36.6
2023-07-14,24.1502,24.1502,22.722,23.6973,44550,36.5
2023-07-17,23.6958,23.9555,23.3712,23.6973,39300,36.5
2023-07-18,23.6958,24.9942,23.3712,24.6711,130100,38
2023-07-19,24.7994,27.1366,24.6696,25.3204,110900,39
2023-07-20,24.9942,25.2539,24.5398,25.2555,33300,38.9
2023-07-21,25.5136,25.5136,24.7345,25.3204,48708,39
2023-07-24,25.3188,25.6434,24.9293,25.3204,77204,39
2023-07-25,25.3188,25.3188,24.345,25.0607,50800,38.6
2023-07-26,24.6047,24.9942,24.6047,24.8659,26500,38.3
2023-07-27,24.8644,25.189,24.2801,24.801,39151,38.2
2023-07-28,24.7994,25.6434,24.6696,25.3204,72900,39
2023-07-31,25.3188,26.5523,25.2539,25.2555,111201,38.9
2023-08-01,25.2539,25.9031,24.9942,25.645,78019,39.5
2023-08-02,25.5136,25.7732,25.189,25.7749,41701,39.7
2023-08-03,25.7083,26.1628,25.3837,25.7749,47830,39.7
2023-08-04,25.968,26.3575,24.6696,25.8398,103901,39.8
2023-08-07,25.4486,26.4224,25.3188,25.8398,60914,39.8
2023-08-08,25.968,25.968,25.3188,25.5152,69608,39.3
2023-08-09,25.3837,25.4486,24.6696,24.9308,82609,38.4
2023-08-10,24.9293,25.189,24.8644,25.1256,35321,38.7
2023-08-11,25.0591,25.189,24.8644,25.1905,25740,38.8
2023-08-14,25.2539,26.6172,25.2539,26.489,150936,40.8
2023-08-15,26.747,28.435,26.6172,27.2681,151797,42
2023-08-16,27.2664,27.9156,26.747,27.2032,62518,41.9
2023-08-17,27.2664,27.591,26.3575,26.9435,71802,41.5
2023-08-18,26.4874,26.8769,24.2801,24.2816,204743,37.4
2023-08-21,24.2801,24.7345,23.9555,24.6711,77318,38
2023-08-22,24.6047,24.8644,23.501,24.8659,32800,38.3
2023-08-23,24.9293,24.9293,24.1502,24.4115,35700,37.6
2023-08-24,24.9942,25.3188,24.1502,25.3204,42700,39
2023-08-25,24.7345,25.3188,24.5398,25.1256,31207,38.7
2023-08-26,38.1,39,37.8,38.7,31207,38.7
2023-08-28,25.4486,25.5136,24.9942,25.1256,16102,38.7
2023-08-29,25.124,25.3837,24.8644,24.9308,91367,38.4
2023-08-30,24.9942,25.4486,24.7345,25.2555,58011,38.9
2023-08-31,25.0591,27.2664,24.8644,25.9696,111701,40
2023-09-05,26.6172,26.6172,26.0329,26.2293,61586,40.4
2023-09-06,26.2277,26.2277,25.3837,26.0346,60201,40.1
2023-09-07,26.6172,26.6172,26.0329,26.2942,47211,40.5
2023-09-08,26.3575,27.591,26.2926,27.0084,120043,41.6
2023-09-11,26.9418,27.591,26.2926,26.2942,69011,40.5
2023-09-12,26.0329,27.2664,25.3188,26.2293,37300,40.4
2023-09-13,26.2277,27.1366,26.2277,26.489,60707,40.8
2023-09-14,26.5523,26.5523,25.4486,25.7099,70003,39.6
2023-09-15,25.3837,26.2926,25.2539,25.645,61860,39.5
2023-09-18,25.6434,25.968,25.3188,25.645,32800,39.5
2023-09-20,25.0591,26.2926,25.0591,25.4502,72300,39.2
2023-09-21,25.3188,26.6172,25.2539,25.9696,62850,40
2023-09-22,25.3188,25.968,23.4361,25.5152,86824,39.3
2023-09-25,25.6434,25.968,23.4361,23.4376,51100,36.1
2023-09-26,23.4361,23.6958,21.1639,23.048,85101,35.5
2023-09-27,22.1377,23.3712,21.1639,23.2428,46500,35.8
2023-09-28,24.7345,24.7345,22.722,22.9831,20104,35.4
2023-09-29,24.0204,24.0204,22.722,22.7234,55600,35
2023-10-02,22.722,23.3712,22.0728,22.7234,28310,35
2023-10-03,22.3974,22.5922,20.9692,21.4249,24905,33
2023-10-04,21.4236,22.2026,20.7744,21.5548,31500,33.2
2023-10-05,22.0079,22.0079,21.4236,21.7496,38800,33.5
2023-10-06,21.2938,21.943,21.2288,21.9443,16800,33.8
2023-10-09,21.4236,22.0728,21.4236,22.0742,13625,34
2023-10-10,22.0728,22.722,22.0728,22.204,9900,34.2
2023-10-11,22.0728,23.1115,21.6833,22.5287,16804,34.7
2023-10-12,22.6571,22.6571,22.0728,22.5287,9300,34.7
2023-10-13,22.5272,22.5272,22.0728,22.4637,24110,34.6
2023-10-16,24.2152,24.2152,22.0728,22.5287,12300,34.7
2023-10-17,22.1377,22.5272,21.878,21.8794,16900,33.7
2023-10-18,21.878,21.878,21.0341,21.1003,19531,32.5
2023-10-19,21.099,21.099,20.7744,21.0354,11501,32.4
2023-10-20,20.4498,21.2938,20.4498,21.2302,15919,32.7
2023-10-23,21.2938,22.0728,21.2288,21.2302,7400,32.7
2023-10-24,21.5534,22.722,21.2938,22.0093,25500,33.9
2023-10-25,22.0079,22.0079,21.1639,21.2951,14800,32.8
2023-10-26,21.2938,22.0079,19.2812,19.2824,114150,29.7
2023-10-30,19.2163,20.1252,19.2163,19.2175,35204,29.6
2023-10-31,19.9954,19.9954,19.2163,19.2175,49503,29.6
2023-11-01,18.8268,19.2163,18.8268,19.2175,29300,29.6
2023-11-02,19.1514,20.5147,19.1514,20.4511,48500,31.5
2023-11-03,20.4498,20.9042,19.2163,20.1914,26100,31.1
2023-11-06,20.1252,20.32,19.8006,20.1265,19603,31
2023-11-07,19.8655,20.32,19.8655,19.9317,33706,30.7
2023-11-08,20.1252,21.8131,19.9304,21.6846,37202,33.4
2023-11-09,22.0079,22.0728,20.9692,21.6846,42670,33.4
2023-11-10,21.1639,21.6833,20.7744,21.6197,23500,33.3
2023-11-13,21.6184,21.7482,21.2938,21.36,12800,32.9
2023-11-14,21.7482,21.7482,21.2938,21.36,12200,32.9
2023-11-15,21.6184,22.0079,21.3587,21.36,23004,32.9
2023-11-16,21.4236,21.4236,21.099,21.4249,13630,33
2023-11-17,21.4236,21.6833,21.099,21.4899,27500,33.1
2023-11-20,21.0341,23.0466,20.9692,21.36,28300,32.9
2023-11-21,21.4236,21.878,21.1639,21.8145,27000,33.6
2023-11-22,21.8131,22.1377,21.4885,22.1391,37306,34.1
2023-11-23,22.5922,23.2414,22.3974,22.4637,60614,34.6
2023-11-24,22.3974,22.3974,21.4236,22.204,34200,34.2
2023-11-27,22.2026,22.3974,21.8131,22.204,23307,34.2
2023-11-28,21.943,22.2676,21.8131,22.269,8201,34.3
2023-11-29,22.2676,23.1764,22.2676,22.7234,40287,35
2023-11-30,22.722,23.6309,22.722,23.3727,67419,36
2023-12-01,23.3712,23.3712,22.9817,23.2428,10801,35.8
2023-12-04,23.6958,23.6958,23.3063,23.6324,57100,36.4
2023-12-05,23.6958,23.7607,23.3712,23.6324,14101,36.4
2023-12-06,23.0466,24.1502,23.0466,23.957,16700,36.9
2023-12-07,24.0204,24.0204,22.722,23.6973,45300,36.5
2023-12-08,23.501,23.8906,23.0466,23.6973,13904,36.5
2023-12-11,23.8256,24.4099,23.7607,24.0219,56801,37
2023-12-12,24.345,24.5398,24.0204,24.4115,21210,37.6
2023-12-13,24.345,24.4748,24.0204,24.3465,7040,37.5
2023-12-14,24.4099,24.4099,23.9555,24.3465,22300,37.5
2023-12-15,24.2801,24.345,24.0204,24.3465,20000,37.5
2023-12-18,24.4099,24.4099,24.0204,24.0219,10100,37
2023-12-19,24.0204,24.1502,23.6309,24.1518,27299,37.2
2023-12-20,24.1502,24.2152,23.6958,24.1518,36542,37.2
2023-12-21,24.1502,26.5523,24.1502,26.5539,381039,40.9
2023-12-22,27.0716,27.9156,26.6172,26.8786,64013,41.4
2023-12-25,26.8769,27.0716,26.5523,26.9435,54048,41.5
2023-12-26,27.0067,27.5261,25.968,26.0995,110800,40.2
2023-12-27,26.0978,26.2277,25.968,26.0346,77300,40.1
2023-12-28,26.0329,27.8507,26.0329,27.2681,119352,42
2023-12-29,27.591,28.2402,26.8769,26.8786,38382,41.4
2024-01-02,26.747,27.4612,26.6172,26.9435,41201,41.5
2024-01-03,27.0716,28.5648,26.812,28.0472,142106,43.2
2024-01-04,28.0454,28.0454,27.5261,27.5278,62706,42.4
2024-01-05,27.5261,27.591,27.0067,27.333,71101,42.1
2024-01-08,27.3313,27.3313,26.5523,26.6189,104601,41
2024-01-09,26.6821,26.6821,26.2277,26.489,122253,40.8
2024-01-10,26.5523,26.5523,25.3837,25.9696,112003,40
2024-01-11,25.968,25.968,25.3837,25.7099,61847,39.6
2024-01-12,25.3188,25.6434,25.189,25.3204,47101,39
2024-01-15,24.4099,25.968,24.4099,25.1256,30052,38.7
2024-01-16,25.189,25.4486,25.0591,25.3204,33600,39
2024-01-17,25.3188,25.3188,24.7994,25.1256,135500,38.7
2024-01-18,25.124,25.124,24.9942,25.1256,35400,38.7
2024-01-19,25.124,25.2539,24.9942,24.9958,23800,38.5
2024-01-22,24.9942,24.9942,24.4099,24.6062,22751,37.9
2024-01-23,25.8382,25.8382,24.5398,24.6711,23000,38
2024-01-24,24.6696,24.6696,24.0204,24.4764,60800,37.7
2024-01-25,24.4748,25.8382,24.4748,25.1905,46203,38.8
2024-01-26,25.2539,25.7732,25.2539,25.3204,31933,39
2024-01-29,25.9031,25.9031,25.2539,25.3853,75133,39.1
2024-01-30,25.3837,25.6434,25.3188,25.5801,53700,39.4
2024-01-31,25.5785,26.6172,25.3188,26.2293,179627,40.4
2024-02-01,26.2277,26.2277,25.8382,26.2293,41196,40.4
2024-02-02,26.2277,28.5648,26.1628,27.7226,193476,42.7
2024-02-05,27.591,27.591,26.812,27.2681,37052,42
2024-02-06,27.2664,27.2664,26.9418,27.2681,28800,42
2024-02-07,27.2664,27.2664,27.0067,27.2681,18032,42
2024-02-15,27.2664,27.2664,26.812,27.0733,18430,41.7
2024-02-16,28.2402,28.2402,26.5523,26.7487,24226,41.2
2024-02-19,27.2664,27.2664,26.3575,26.5539,42950,40.9
2024-02-20,26.4874,26.6172,26.1628,26.489,29726,40.8
2024-02-21,27.2664,27.2664,26.4874,26.8786,55801,41.4
2024-02-22,26.9418,26.9418,26.812,26.8786,32501,41.4
2024-02-23,26.8769,26.9418,26.4874,26.489,111929,40.8
2024-02-26,26.6172,26.9418,26.4874,26.6838,70000,41.1
2024-02-27,26.747,27.7208,26.747,27.1383,63400,41.8
2024-02-28,27.9156,27.9156,27.0716,27.2681,71209,42
2024-02-29,27.2664,28.9543,27.2664,28.242,168005,43.5
2024-03-01,28.3051,30.6422,28.3051,30.1897,288140,46.5
2024-03-04,30.5124,31.4862,30.5124,31.0337,147852,47.8
2024-03-05,30.9668,31.0318,30.2527,30.7091,46800,47.3
2024-03-06,30.5124,30.5124,29.1491,29.7352,93000,45.8
2024-03-07,30.3826,31.1616,29.2789,30.3195,62301,46.7
2024-03-08,29.8632,30.9019,29.2789,29.6703,82806,45.7
2024-03-11,29.2789,29.8632,29.2789,29.5405,37710,45.5
2024-03-12,29.8632,30.2527,29.4088,29.9949,60006,46.2
2024-03-13,29.993,31.8108,29.993,31.4882,112220,48.5
2024-03-14,31.5511,32.1354,31.0967,31.0986,48234,47.9
2024-03-15,31.0967,32.3951,30.9668,31.1636,52905,48
2024-03-18,31.2265,31.681,29.214,30.4494,175806,46.9
2024-03-19,30.5124,31.0967,30.058,30.0598,54005,46.3
2024-03-20,30.058,30.9668,30.058,30.9039,38705,47.6
2024-03-21,31.1616,31.1616,30.7721,30.9688,27522,47.7
2024-03-22,30.9668,31.8108,30.837,31.2285,45004,48.1
2024-03-25,31.2265,31.2914,30.5773,30.6442,43304,47.2
2024-03-26,30.4475,31.0318,30.4475,30.8389,20105,47.5
2024-03-27,30.837,31.0318,30.5124,30.9039,59906,47.6
2024-03-28,30.9019,32.1354,30.6422,31.618,88939,48.7
2024-03-29,31.5511,31.616,30.9019,31.1636,29703,48
2024-04-01,30.5773,30.837,30.3826,30.8389,71805,47.5
2024-04-02,30.837,30.837,30.1878,30.3845,77793,46.8
2024-04-03,30.3826,30.3826,28.2402,28.242,436476,43.5
2024-04-04,28.2402,29.1491,28.2402,28.3718,200169,43.7
2024-04-05,28.37,28.37,27.0716,27.0733,194523,41.7
2024-04-08,24.4099,26.5523,24.4099,26.2942,197804,40.5
2024-04-09,26.4874,27.1366,26.4874,27.1383,51083,41.8
2024-04-10,27.2015,27.4612,26.747,27.2681,65648,42
2024-04-11,26.8769,27.2015,26.6172,27.2032,40203,41.9
2024-04-12,27.2015,27.2015,26.747,27.2032,46240,41.9
2024-04-15,27.2015,27.2015,24.5398,24.5413,100180,37.8
2024-04-16,24.345,24.6047,24.0204,24.6062,131201,37.9
2024-04-17,24.5398,24.9942,24.1502,24.3465,42100,37.5
2024-04-19,24.345,24.4099,23.3712,24.2816,63147,37.4
2024-04-22,24.345,24.5398,24.2801,24.4115,37801,37.6
2024-04-23,24.2801,24.345,23.9555,24.1518,33300,37.2
2024-04-24,24.2152,24.7345,23.9555,24.4115,86200,37.6
2024-04-25,24.4099,24.4099,24.0853,24.4115,50100,37.6
2024-04-26,24.0853,24.4748,24.0204,24.4115,38500,37.6
2024-05-02,24.4748,24.9293,24.1502,24.4115,44710,37.6
2024-05-03,24.4099,24.6047,24.2152,24.4115,24100,37.6
2024-05-06,24.345,25.3188,24.345,25.3204,78871,39
2024-05-07,25.3188,25.8382,25.3188,25.7749,37101,39.7
2024-05-08,25.5136,25.8382,24.9942,25.645,34340,39.5
2024-05-09,25.7083,25.8382,25.3188,25.4502,36008,39.2
2024-05-10,25.2539,25.5136,24.9293,25.3853,26650,39.1
2024-05-13,25.3837,25.4486,25.189,25.4502,18328,39.2
2024-05-14,25.4486,25.5136,25.189,25.3853,23006,39.1
2024-05-15,25.189,25.6434,25.189,25.645,58106,39.5
2024-05-16,25.6434,26.0978,25.3188,25.645,35702,39.5
2024-05-17,25.3837,25.7083,25.189,25.5801,37201,39.4
2024-05-20,25.5785,25.7732,25.124,25.4502,65907,39.2
2024-05-21,25.3188,25.5136,25.124,25.3204,46722,39
2024-05-22,25.3188,26.812,25.3188,26.4241,113602,40.7
2024-05-23,26.3575,26.747,25.7732,26.2942,17821,40.5
2024-05-24,25.9031,26.2277,25.2539,25.8398,63166,39.8
2024-05-27,25.7083,25.7732,25.124,25.4502,28401,39.2
2024-05-28,25.4486,25.4486,24.9942,25.3204,81701,39
2024-05-29,25.3188,26.0978,25.0591,25.5152,50739,39.3
2024-05-30,25.4486,25.4486,24.9942,25.3853,52642,39.1
2024-05-31,25.0591,25.3837,24.9942,25.3204,31100,39
2024-06-03,25.124,25.6434,24.9942,25.5801,123201,39.4
2024-06-04,25.3188,26.0329,25.3188,25.7099,41129,39.6
2024-06-05,25.6434,26.1628,25.6434,25.7749,82001,39.7
2024-06-06,25.8382,25.8382,25.3188,25.645,44453,39.5
2024-06-07,25.6434,25.6434,25.124,25.5801,36250,39.4
2024-06-10,25.3188,25.6434,24.9942,25.2555,73200,38.9
2024-06-11,25.2539,25.3188,24.9942,25.2555,63000,38.9
2024-06-12,25.189,25.3188,24.9293,25.2555,33400,38.9
2024-06-13,25.3188,25.5785,25.3188,25.5801,35400,39.4
2024-06-14,25.5785,25.6434,25.124,25.3204,53601,39
2024-06-17,25.3188,25.3188,24.9942,25.2555,49100,38.9
2024-06-18,25.2539,25.8382,25.0591,25.645,102100,39.5
2024-06-19,25.6434,25.6434,25.124,25.2555,35604,38.9
2024-06-20,25.5136,25.5136,25.0591,25.3204,68000,39
2024-06-21,25.3188,25.5136,25.189,25.3853,53609,39.1
2024-06-24,25.4486,25.4486,25.0591,25.3204,77801,39
2024-06-25,25.3188,25.3188,24.9942,25.3204,44900,39
2024-06-26,25.3837,25.3837,24.9942,25.3204,40800,39
2024-06-27,25.3188,25.3188,24.6696,25.2555,65111,38.9
2024-06-28,24.7994,25.124,24.5398,25.1256,72400,38.7
2024-07-01,24.7994,25.2539,24.7994,24.9958,19500,38.5
2024-07-02,24.9942,25.0591,24.7345,24.9958,27801,38.5
2024-07-03,24.9942,25.0591,24.7345,24.9958,11409,38.5
2024-07-04,25.0591,25.0591,24.7994,24.9308,38993,38.4
2024-07-05,24.9293,24.9293,24.6696,24.9308,26000,38.4
2024-07-08,24.9942,25.0591,24.6696,24.9308,43400,38.4
2024-07-09,24.9942,24.9942,24.7994,24.9308,47514,38.4
2024-07-10,25.3308,25.3975,24.6642,24.9323,41900,37.4
2024-07-11,25.0642,26.664,24.9975,25.999,167001,39
2024-07-12,25.9974,26.264,25.7974,25.9323,42717,38.9
2024-07-15,25.6641,26.1307,25.3975,25.799,53100,38.7
2024-07-16,25.7974,25.9307,25.3308,25.599,37901,38.4
2024-07-17,25.5308,25.5308,23.9976,24.999,126400,37.5
2024-07-18,24.6642,24.9308,24.3309,24.5324,64000,36.8
2024-07-19,24.5309,25.9307,23.331,23.3324,70000,35
2024-07-22,23.331,24.0643,20.9979,22.9324,139700,34.4
2024-07-23,22.931,23.1977,22.5977,22.5991,26802,33.9
2024-07-24,22.5977,22.931,21.9978,22.8658,27250,34.3
2024-07-25,22.6644,23.1977,22.6644,23.0657,21453,34.6
2024-07-26,23.1977,23.9976,22.931,23.6657,56100,35.5
2024-07-29,23.7976,23.7976,23.0644,23.7324,19400,35.6
2024-07-30,23.9976,23.9976,22.6644,22.9324,28701,34.4
2024-07-31,22.6644,23.6643,22.6644,22.9324,62748,34.4
2024-08-01,22.9977,22.9977,21.3312,21.9991,23100,33
2024-08-02,21.9978,21.9978,20.9979,21.9991,94600,33
2024-08-05,21.7312,21.9978,20.0647,20.1325,76000,30.2
2024-08-06,20.5979,21.9311,20.1313,20.9325,60178,31.4
2024-08-07,20.9312,21.3312,20.7979,20.9325,14801,31.4
2024-08-08,20.9312,20.9312,20.3313,20.8658,37703,31.3
2024-08-09,20.6646,20.7979,20.3313,20.4658,18200,30.7
2024-08-12,20.5313,21.0646,20.5313,20.5992,43100,30.9
2024-08-13,20.5979,20.9312,20.5313,20.9325,55600,31.4
2024-08-14,20.9979,21.0646,20.5979,20.5992,28000,30.9
2024-08-15,20.5979,20.9979,20.5313,20.5325,40000,30.8
2024-08-16,20.5313,22.5311,20.5313,22.5324,159214,33.8
2024-08-19,22.5311,22.931,21.6645,22.6658,70910,34
2024-08-20,22.6644,23.9976,22.1978,22.7324,44809,34.1
2024-08-21,22.6644,22.931,22.5311,22.6658,12006,34
2024-08-22,22.7977,22.7977,22.1978,22.6658,17204,34
2024-08-23,22.6644,22.8644,22.1978,22.7324,18610,34.1
2024-08-26,22.7311,23.2643,22.5977,22.6658,24305,34
2024-08-27,22.5311,22.7311,22.5311,22.7324,7305,34.1
2024-08-28,22.7977,23.4643,22.7977,23.2657,62612,34.9
2024-08-29,23.3977,23.8643,22.7311,23.8657,36719,35.8
2024-08-30,23.8643,24.1309,22.1311,24.1324,63100,36.2
2024-09-04,24.1309,24.1309,23.131,23.7324,29400,35.6
2024-09-05,23.4643,23.4643,23.1977,23.4657,25000,35.2
2024-09-06,23.1977,23.3977,22.8644,23.3324,34000,35
2024-09-09,23.331,23.331,22.9977,23.3324,23637,35
2024-09-10,23.3977,23.3977,22.6644,23.1991,32701,34.8
2024-09-11,22.9977,23.1977,22.5977,23.1991,23600,34.8
2024-09-12,22.6644,23.131,22.6644,22.8658,12200,34.3
2024-09-13,22.8644,22.931,22.6644,22.8658,21327,34.3
2024-09-16,22.6644,22.8644,22.3978,22.3991,7100,33.6
2024-09-17,22.3311,22.9977,21.9978,22.9991,29000,34.5
2024-09-18,22.931,22.9977,22.5977,22.9324,6500,34.4
2024-09-19,22.6644,22.8644,22.6644,22.7324,3900,34.1
2024-09-20,23.1977,23.1977,22.7311,22.8658,9600,34.3
2024-09-23,22.931,23.5976,22.931,23.4657,38002,35.2
2024-09-24,23.6643,23.6643,23.2643,23.2657,7400,34.9
2024-09-25,23.331,23.8643,23.2643,23.6657,325701,35.5
2024-09-26,23.6643,23.9309,23.5976,23.8657,37210,35.8
2024-09-27,23.8643,24.1309,23.531,24.1324,58016,36.2
2024-09-30,24.1309,24.6642,24.0643,24.399,23101,36.6
2024-10-01,24.2642,24.7975,24.0643,24.6657,60704,37
2024-10-02,24.6642,24.7975,24.1309,24.3324,29100,36.5
2024-10-03,24.4642,24.5309,23.6643,23.6657,48300,35.5
2024-10-04,24.1976,25.9974,23.131,23.4657,11300,35.2
2024-10-07,23.8643,23.8643,23.0644,23.0657,50000,34.6
2024-10-08,22.7977,23.5976,22.3978,23.1991,30316,34.8
2024-10-09,23.131,23.331,23.131,23.1991,18900,34.8
2024-10-10,23.331,23.6643,22.9977,23.3324,22700,35
2024-10-11,23.331,23.4643,23.2643,23.3991,43400,35.1
2024-10-14,23.3977,23.9976,23.131,23.799,19113,35.7
2024-10-15,23.3977,23.4643,23.2643,23.3991,35900,35.1
2024-10-16,23.331,23.3977,23.1977,23.3991,70500,35.1
2024-10-17,23.1977,23.3977,23.131,23.1991,39500,34.8
2024-10-18,23.1977,23.5976,23.1977,23.3324,33900,35
2024-10-21,23.331,23.531,23.1977,23.2657,16700,34.9
2024-10-22,23.2643,23.331,23.0644,23.3324,57600,35
2024-10-23,23.331,23.531,23.1977,23.3991,55200,35.1
2024-10-24,23.3977,24.1309,23.3977,24.0657,110300,36.1
2024-10-25,24.0643,24.1309,23.7976,23.799,21400,35.7
2024-10-28,23.8643,23.9309,23.7976,23.9324,12101,35.9
2024-10-29,23.9309,24.6642,23.9309,24.399,47000,36.6
2024-10-30,24.4642,26.7973,24.4642,25.799,293967,38.7
2024-10-31,25.7974,25.8641,25.4641,25.599,23549,38.4
2024-11-01,25.6641,25.6641,24.9975,25.2657,27503,37.9
2024-11-04,24.6642,24.8642,24.2642,24.799,65966,37.2
2024-11-05,24.6642,25.2641,24.6642,24.8657,12002,37.3
2024-11-06,24.9308,25.3975,24.8642,25.199,40701,37.8
2024-11-07,25.1975,25.1975,24.8642,24.999,18300,37.5
2024-11-08,25.1308,25.3308,24.8642,24.9323,19000,37.4
2024-11-11,25.1975,25.1975,24.5975,24.7323,62013,37.1
2024-11-12,24.8642,24.9975,24.7309,24.799,26505,37.2
2024-11-13,24.7309,25.9307,24.7309,25.8656,50710,38.8
2024-11-14,25.7974,25.8641,25.2641,25.2657,23202,37.9
2024-11-15,25.2641,26.464,25.2641,25.599,57235,38.4
2024-11-18,25.3975,25.5974,25.2641,25.5323,48000,38.3
2024-11-19,25.5308,26.7307,25.5308,25.999,138400,39
2024-11-20,25.9974,26.464,25.7974,26.199,23123,39.3
2024-11-21,26.264,26.5973,25.8641,26.2656,45803,39.4
2024-11-22,26.1974,26.264,25.6641,26.1323,28802,39.2
2024-11-25,26.1307,26.1307,25.6641,25.799,25400,38.7
2024-11-26,25.9974,26.1307,25.5308,26.1323,25010,39.2
2024-11-27,25.8641,26.1307,25.3308,25.6656,39333,38.5
2024-11-28,25.3975,25.7308,25.3975,25.599,20201,38.4
2024-11-29,25.5974,25.9974,25.5974,25.9323,26302,38.9
2024-12-02,25.7974,25.9307,25.6641,25.8656,9713,38.8
2024-12-03,25.5308,25.6641,25.4641,25.4656,32311,38.2
2024-12-04,25.5308,25.7974,25.2641,25.399,68101,38.1
2024-12-05,25.3975,25.8641,25.2641,25.8656,55302,38.8
2024-12-06,25.8641,26.0641,25.6641,25.999,74800,39
2024-12-09,25.9974,27.3306,25.9974,26.5989,148204,39.9
2024-12-10,26.664,27.3306,26.664,26.7989,114150,40.2
2024-12-11,26.664,26.9306,26.1307,26.1323,82350,39.2
2024-12-12,26.1307,26.1974,25.9974,26.1323,68834,39.2
2024-12-13,25.9974,26.1307,25.8641,25.999,66700,39
2024-12-16,25.9974,26.3307,25.9307,26.1323,25902,39.2
2024-12-17,26.1307,26.264,26.0641,26.0656,65613,39.1
2024-12-18,25.9974,26.9973,25.9974,26.5989,118165,39.9
2024-12-19,26.464,26.464,26.1974,26.2656,56967,39.4
2024-12-20,26.264,26.7973,26.1974,26.2656,74657,39.4
2024-12-23,26.264,26.3307,26.0641,26.2656,58437,39.4
2024-12-24,26.264,26.3307,26.0641,26.2656,77229,39.4
2024-12-25,26.1974,26.7973,26.1307,26.3323,62918,39.5
2024-12-26,26.3307,27.5972,26.3307,26.9989,173300,40.5
2024-12-27,26.9973,26.9973,26.464,26.6656,40655,40
2024-12-30,26.464,26.664,26.264,26.5989,40241,39.9
2024-12-31,26.264,26.5307,26.1307,26.199,184400,39.3
2025-01-02,26.1974,27.1973,26.1974,26.5323,101832,39.8
2025-01-03,26.3307,26.464,26.264,26.3989,17906,39.6
2025-01-06,26.3974,26.5307,25.8641,25.9323,57920,38.9
2025-01-07,25.9974,25.9974,25.4641,25.7323,55400,38.6
2025-01-08,25.9974,26.3307,25.8641,26.199,70100,39.3
2025-01-09,26.1307,26.3307,25.7974,25.999,81600,39
2025-01-10,25.7308,25.9974,25.4641,25.4656,14800,38.2
2025-01-13,25.4641,25.4641,24.7975,24.999,62745,37.5
2025-01-14,24.9975,25.0642,24.6642,24.6657,14608,37
2025-01-15,24.6642,25.1308,24.6642,24.799,52148,37.2
2025-01-16,24.7975,25.3308,24.7975,25.199,47102,37.8
2025-01-17,25.1975,25.5974,24.9308,25.599,22584,38.4
2025-01-20,25.5974,25.8641,25.3308,25.6656,25908,38.5
2025-01-21,24.9308,25.3308,24.7975,24.999,35601,37.5
2025-01-22,24.9308,25.1308,24.5975,24.599,28670,36.9
2025-01-23,24.6642,24.7975,23.6643,24.2657,46502,36.4
2025-01-24,24.5975,24.7309,24.4642,24.7323,27800,37.1
2025-02-04,24.9975,27.2639,24.9975,27.2656,215168,40.9
2025-02-05,29.597,29.9303,26.7973,26.9323,223171,40.4
2025-02-06,26.9973,27.2639,26.3307,26.4656,149382,39.7
2025-02-07,26.5307,27.1973,26.5307,26.7989,54700,40.2
2025-02-10,26.864,26.864,26.3307,26.3323,86700,39.5
2025-02-11,26.3307,26.5973,26.0641,26.3323,39600,39.5
2025-02-12,26.3307,26.464,25.6641,25.6656,41100,38.5
2025-02-13,25.8641,26.7307,25.7308,26.3989,86905,39.6
2025-02-14,26.3974,27.3306,26.1974,26.7323,163490,40.1
2025-02-17,29.3971,29.3971,26.464,26.5323,74915,39.8
2025-02-18,26.464,26.864,26.3974,26.5323,63390,39.8
2025-02-19,26.464,27.1973,26.3974,26.9323,115010,40.4
2025-02-20,29.5304,29.597,26.864,26.9989,60100,40.5
2025-02-21,26.9973,27.8639,26.9973,27.5322,158028,41.3
2025-02-24,27.5306,30.2636,27.5306,30.0655,523639,45.1
2025-02-25,30.0637,30.0637,29.2637,29.5988,134433,44.4
2025-02-26,29.597,29.997,29.0638,29.9988,190904,45
2025-02-27,29.997,31.1969,29.997,30.2655,232840,45.4
2025-02-28,30.2636,30.8636,30.197,30.1988,94701,45.3
2025-03-03,30.197,31.7968,29.997,30.8654,135954,46.3
2025-03-04,30.8636,31.1969,30.0637,30.5988,73978,45.9
2025-03-05,30.6636,30.6636,30.0637,30.0655,149400,45.1
2025-03-06,30.3303,30.5969,30.197,30.4654,57616,45.7
2025-03-07,30.5303,31.0636,30.3303,30.3321,72859,45.5
2025-03-10,30.3303,30.6636,29.997,30.3321,89579,45.5
2025-03-11,29.9303,29.997,28.7305,29.9988,48700,45
2025-03-12,29.997,29.997,29.4637,29.5988,68035,44.4
2025-03-13,29.597,29.797,28.3972,28.3989,129050,42.6
2025-03-14,28.3972,28.9971,28.3972,28.3989,62027,42.6
2025-03-18,29.8637,29.8637,28.7971,28.8655,37802,43.3
2025-03-19,28.8638,29.1304,28.5305,28.7322,48200,43.1
2025-03-20,28.4638,28.7971,28.1305,28.3322,83541,42.5
2025-03-21,28.3305,28.7305,28.1972,28.5989,30140,42.9
2025-03-24,28.5305,28.5971,28.0639,28.3322,49251,42.5
2025-03-25,28.3972,28.6638,28.1305,28.5322,57569,42.8
2025-03-26,28.3305,28.6638,28.2638,28.6655,71542,43
2025-03-27,28.3972,28.8638,28.3972,28.8655,27626,43.3
2025-03-28,28.9304,28.9304,28.3972,28.6655,37726,43
2025-03-31,28.3305,28.6638,28.3305,28.3989,74410,42.6
2025-04-01,28.5305,29.3304,28.2638,28.9988,99100,43.5
2025-04-02,28.9971,28.9971,28.5971,28.5989,86905,42.9
2025-04-03,27.9972,27.9972,25.7974,25.799,384526,38.7
2025-04-04,25.4641,25.4641,23.2643,23.799,460222,35.7
2025-04-08,23.0644,23.0644,21.4645,21.4658,159642,32.2
2025-04-09,21.3312,21.4645,19.3314,19.3326,344525,29
2025-04-10,21.2645,21.2645,21.2645,21.2658,42200,31.9
2025-04-11,23.131,23.331,21.0646,21.9991,423405,33
2025-04-14,21.9978,23.131,21.9978,22.6658,61131,34
2025-04-15,22.6644,22.6644,21.7312,21.8658,90333,32.8
2025-04-16,21.9978,22.1978,21.4645,21.4658,69400,32.2
2025-04-17,21.4645,21.4645,20.7979,21.3991,76010,32.1
2025-04-18,21.6645,22.4644,21.4645,21.9325,102100,32.9
2025-04-21,21.9311,22.2644,21.3312,21.8658,56335,32.8
2025-04-22,21.8645,21.8645,19.7314,20.6658,176260,31
2025-04-23,21.3312,21.9978,20.9979,21.4658,52463,32.2
2025-04-24,21.5312,21.9978,21.4645,21.9991,49101,33
2025-04-25,22.0645,22.5977,21.9978,22.1324,72149,33.2
2025-04-28,22.1311,22.3978,21.4645,21.9991,54000,33
2025-04-29,21.5978,21.9978,21.5978,21.8658,55600,32.8
2025-05-05,21.8645,0,21.8645,21.9991,86100,33
2025-05-06,22.0645,22.6644,21.9978,21.9325,68000,32.9
2025-05-07,21.8645,22.3978,21.8645,22.0658,74600,33.1
2025-05-08,22.4644,22.6644,21.9311,22.1991,59900,33.3
2025-05-09,22.2644,22.3978,21.9978,21.9991,49700,33
2025-05-12,22.0645,22.9977,21.9978,22.6658,103700,34
2025-05-13,22.8644,22.8644,22.5311,22.5991,31100,33.9
2025-05-14,22.5977,23.1977,22.5977,22.9324,69500,34.4
2025-05-15,22.931,23.331,22.931,23.2657,108600,34.9
2025-05-16,23.2643,23.2643,22.7311,22.6658,36900,34
2025-05-19,22.6644,23.0644,22.3311,22.7991,94200,34.2
2025-05-20,22.8644,22.8644,22.7977,22.7991,96700,34.2
2025-05-21,22.8644,22.9977,22.6644,22.9991,129400,34.5
2025-05-22,22.9977,22.9977,22.3311,22.7324,69600,34.1
2025-05-23,22.7311,22.8644,22.5977,22.6658,45400,34
2025-05-26,22.6644,22.8644,22.1311,22.8658,54000,34.3
2025-05-27,22.931,24.2642,22.931,23.799,80800,35.7
2025-05-28,23.7976,23.9976,23.1977,23.3324,90900,35
2025-05-29,24,24.4,23.52,24,87700,30
2025-05-30,24,24.16,23.44,23.6,56300,29.5
2025-06-02,23.6,24.32,23.6,23.76,54200,29.7
2025-06-03,23.84,24,23.76,23.76,52900,29.7
2025-06-04,23.76,25.52,23.6,24.72,97000,30.9
2025-06-05,24.72,24.72,24,24.32,27900,30.4
2025-06-06,24.24,24.72,23.6,23.68,31200,29.6
2025-06-09,23.68,23.92,23.28,23.44,39200,29.3
2025-06-10,23.52,23.52,23.2,23.36,29700,29.2
2025-06-11,23.2,23.36,23.12,23.12,34800,28.9
2025-06-12,22.4,23.52,22.4,23.12,23200,28.9
2025-06-13,23.12,23.2,22.48,22.8,53200,28.5
2025-06-16,22.8,23.12,22.64,23.12,15600,28.9
2025-06-17,23.12,23.68,23.12,23.2,21500,29
2025-06-18,23.12,23.44,23.04,23.12,15900,28.9
2025-06-19,23.28,23.6,22.96,23.12,28100,28.9
2025-06-20,23.2,23.2,23.04,23.2,23600,29
2025-06-23,23.28,23.28,22.72,23.12,34900,28.9
2025-06-24,23.2,23.28,23.12,23.2,39900,29
2025-06-25,23.2,23.28,22.88,22.88,25700,28.6
2025-06-26,22.88,23.04,22.72,23.04,45100,28.8
2025-06-27,23.04,23.12,22.8,23.04,27800,28.8
2025-06-30,23.04,23.2,22.8,22.96,30900,28.7
2025-07-01,23.04,23.28,22.8,22.8,40900,28.5
2025-07-02,22.8,22.96,22.8,22.96,33500,28.7
2025-07-03,22.8,23.12,22.8,22.8,50700,28.5
2025-07-04,22.8,23.6,22.8,23.36,108100,29.2
2025-07-07,23.36,23.6,23.12,23.2,42400,29
2025-07-08,23.28,24.08,23.28,23.76,131300,29.7
2025-07-09,23.76,24,23.44,23.52,33400,29.4
2025-07-10,23.6,24.16,23.52,23.92,101800,29.9
2025-07-11,23.92,24.08,23.6,23.76,64000,29.7
2025-07-14,23.68,24.08,23.28,23.92,86900,29.9
2025-07-15,23.92,24.48,23.92,24.16,120000,30.2
2025-07-16,24.08,24.32,24.08,24.32,71800,30.4
2025-07-17,24.4,25.6,24.32,24.56,150800,30.7
2025-07-18,24.56,25.44,24.32,24.56,98000,30.7
2025-07-21,24.56,24.64,23.76,23.84,63200,29.8
2025-07-22,23.84,24.08,23.68,24.08,129100,30.1
2025-07-23,24.08,24.4,23.68,23.84,69700,29.8
2025-07-24,23.84,24.24,23.68,24,100900,30
2025-07-25,24,24.56,23.92,24.24,109300,30.3
2025-07-28,24.24,25.52,24.24,24.96,145500,31.2
2025-07-29,24.8,26,23.84,23.84,207000,29.8
2025-07-30,23.68,24.4,23.6,24.16,95200,30.2
2025-07-31,24.16,24.4,23.2,23.52,125700,29.4
2025-08-01,23.6,23.76,22.96,22.96,170300,28.7
2025-08-04,23.2,23.92,22.8,23.6,185100,29.5
2025-08-05,23.6,24.32,23.2,23.76,166900,29.7
2025-08-06,23.76,24.16,23.76,24.16,128100,30.2
2025-08-07,24,26.4,24,24.64,200700,30.8
2025-08-08,24.4,25.04,24.4,24.8,147600,31
2025-08-11,24.4,25.6,24.4,25.2,113500,31.5
2025-08-12,25.2,25.2,24.4,24.96,129700,31.2
2025-08-13,24,25.28,23.2,24.64,117700,30.8
2025-08-14,24.4,25.12,24.4,24.64,72700,30.8
2025-08-15,24.48,24.64,23.76,23.84,170600,29.8
2025-08-18,23.36,24.56,23.36,24.56,134100,30.7
2025-08-19,24.48,24.96,24.4,24.56,184200,30.7
2025-08-20,24.56,24.88,23.84,24.08,136000,30.1
2025-08-21,24.08,24.4,23.92,24,102500,30
2025-08-22,24,24,22.88,22.96,146500,28.7
2025-08-25,23.04,23.6,23.04,23.44,56700,29.3
2025-08-26,23.76,23.76,23.12,23.52,26100,29.4
2025-08-27,23.92,24.16,23.44,23.52,73600,29.4
2025-08-28,23.52,24,23.44,23.52,30100,29.4
2025-08-29,23.44,24,21.6,23.76,66300,29.7
2025-09-03,23.2,24.4,23.2,24.16,57300,30.2
2025-09-04,24.16,24.48,23.84,24.08,32200,30.1
2025-09-05,24.08,25.2,23.68,23.76,117800,29.7
2025-09-08,23.76,23.76,23.28,23.28,70300,29.1
2025-09-09,23.12,23.44,22.8,23.28,28100,29.1
2025-09-10,23.52,23.84,23.2,23.6,15000,29.5
2025-09-11,23.6,23.6,22.88,23.28,26900,29.1
2025-09-12,23.28,23.84,23.04,23.68,37900,29.6
2025-09-15,23.76,23.76,23.28,23.44,24600,29.3
2025-09-16,23.44,23.6,23.2,23.28,39200,29.1
2025-09-17,23.6,23.6,22.88,23.12,79400,28.9
2025-09-18,23.36,23.36,22.8,22.88,50700,28.6
2025-09-19,22.96,23.2,22.8,23.2,14800,29
2025-09-22,23.28,23.28,22.16,22.4,70300,28
2025-09-23,22.72,22.72,22.08,22.24,11700,27.8
2025-09-24,22.72,22.72,22.08,22.56,9200,28.2
2025-09-25,22.64,23.44,22.56,22.88,55700,28.6
2025-09-26,22.96,23.2,22.48,22.88,11100,28.6
2025-09-29,22.96,23.04,22.16,22.48,48400,28.1
2025-09-30,22.72,22.72,22.08,22.72,19300,28.4
2025-10-01,22.88,22.96,22.24,22.64,7100,28.3
2025-10-02,22.56,22.8,22.4,22.64,4400,28.3
2025-10-03,22.16,22.48,22.16,22.48,7700,28.1
2025-10-06,22.48,22.72,22.4,22.48,14200,28.1
2025-10-07,22.48,22.48,21.6,22.16,26000,27.7
2025-10-08,22.8,22.8,21.92,22.08,28500,27.6
2025-10-09,22.64,22.64,22.08,22.4,5700,28
2025-10-10,22,22.4,22,22.16,25500,27.7
2025-10-13,22.16,22.24,21.92,22,33600,27.5
2025-10-14,22,22,21.68,21.76,34800,27.2
2025-10-15,21.68,21.76,21.44,21.6,30800,27
2025-10-16,21.6,21.68,21.28,21.28,37300,26.6
2025-10-17,21.28,21.36,20.8,20.8,65900,26
2025-10-20,20.96,22.24,20.56,20.64,47500,25.8
2025-10-21,20.8,21.36,20.48,21.2,27500,26.5
2025-10-22,21.36,21.92,20.8,21.44,14100,26.8
2025-10-23,21.04,21.44,20.88,20.88,18200,26.1
2025-10-24,20.88,20.88,20.64,20.72,14600,25.9
2025-10-27,20.72,21.04,18.88,20.8,27100,26
2025-10-28,20.48,20.8,20.4,20.64,33800,25.8
2025-10-29,20.72,21.76,20.64,21.12,32200,26.4
2025-10-30,21.6,21.6,20.88,21.28,57600,26.6
2025-10-31,21.28,21.28,20.88,20.96,36600,26.2
2025-11-03,20.96,20.96,20.4,20.8,56700,26
2025-11-04,20.8,20.96,20.72,20.96,69800,26.2
2025-11-05,21.12,21.2,20.8,20.88,17600,26.1
2025-11-06,21.12,21.12,20.8,20.8,32200,26
2025-11-07,20.8,20.8,20.48,20.48,7500,25.6
2025-11-10,20.64,20.8,20.48,20.8,181500,26
2025-11-11,21.04,21.12,20.8,20.8,36600,26
2025-11-12,20.8,21.04,20.8,21.04,17300,26.3
2025-11-13,21.12,21.44,20.8,21.28,38200,26.6
2025-11-14,21.44,21.92,21.36,21.52,5500,26.9
2025-11-17,21.52,22.16,21.52,22,19100,27.5
2025-11-18,22,22.24,21.6,21.92,12900,27.4
2025-11-19,22.32,22.32,21.04,21.2,17900,26.5
2025-11-20,21.92,22.56,20.88,21.6,5500,27
2025-11-21,21.52,21.52,20.8,20.8,26500,26
2025-11-24,21.28,21.28,20.8,21.04,17700,26.3
2025-11-25,20.8,20.96,20.8,20.8,27900,26
2025-11-26,20.8,21.52,20.8,21.12,3900,26.4
2025-11-27,21.12,21.44,21.12,21.2,3300,26.5
2025-11-28,21.36,22.32,20.88,21.04,7900,26.3
2025-12-01,21.04,21.52,21.04,21.04,13100,26.3
2025-12-02,21.36,21.6,21.04,21.2,10400,26.5
2025-12-03,21.2,21.6,21.04,21.28,69600,26.6
2025-12-04,21.52,21.6,21.04,21.52,6900,26.9
2025-12-05,21.44,21.44,21.04,21.04,20300,26.3
2025-12-08,21.6,21.6,20.96,21.2,2800,26.5
2025-12-09,21.6,21.6,20.8,21.04,9800,26.3
2025-12-10,20.72,21.04,20.56,21.04,6600,26.3
2025-12-11,21.04,21.04,20.8,20.88,9800,26.1
2025-12-12,20.8,20.88,20.32,20.32,8700,25.4
2025-12-15,20.56,20.56,20,20.08,6100,25.1
2025-12-16,20.56,20.56,19.6,20.08,12800,25.1
2025-12-17,20.08,20.08,19.6,20,8400,25
2025-12-18,20,20.24,20,20,49300,25
2025-12-19,20,20.08,20,20.08,20300,25.1
2025-12-22,20.08,20.32,20.08,20.32,8400,25.4
2025-12-23,20,20.72,20,20.16,24000,25.2
2025-12-24,20.16,21.12,20.16,21.12,57600,26.4
2025-12-25,21.12,21.68,21.12,21.28,10700,26.6
2025-12-26,20.56,21.12,20.56,21.12,27200,26.4
2025-12-29,20.96,21.92,20.96,21.6,20600,27
2025-12-30,21.44,21.76,21.44,21.76,11700,27.2
2025-12-31,21.6,21.76,21.52,21.76,10400,27.2
2026-01-05,21.6,22,21.6,21.76,45200,27.2
2026-01-06,21.76,22,21.76,21.84,25300,27.3
2026-01-07,21.6,22.16,21.6,22.08,83200,27.6
2026-01-08,22,22.56,21.6,22.4,51300,28
2026-01-09,22.24,22.72,21.76,22,21500,27.5
2026-01-12,22,22.4,21.92,22.24,92700,27.8
2026-01-13,22.24,22.4,22.08,22.08,12800,27.6
2026-01-14,22,22.24,22,22.24,58900,27.8
2026-01-15,22.08,22.4,22.08,22.32,17500,27.9
2026-01-16,22.24,22.24,21.84,21.92,50300,27.4
2026-01-19,21.76,21.76,21.28,21.36,76200,26.7
2026-01-20,20.8,21.52,20.8,21.52,65500,26.9
2026-01-21,21.6,22.4,21.36,21.84,28200,27.3
2026-01-22,21.92,22.24,21.36,22.16,21400,27.7
2026-01-23,22.24,22.4,21.76,22,74400,27.5
2026-01-26,22,22,21.2,21.76,19700,27.2
2026-01-27,21.2,21.68,20.88,21.44,7800,26.8
2026-01-28,21.44,21.44,21.04,21.36,6600,26.7
2026-01-29,21.28,21.92,21.28,21.92,33300,27.4
2026-01-30,21.92,22.24,21.36,22.16,36300,27.7
2026-02-02,22.16,22.8,21.12,21.12,118300,26.4
2026-02-03,21.12,21.6,21.12,21.6,8400,27
2026-02-04,21.6,21.6,21.2,21.36,49100,26.7
2026-02-05,21.2,21.28,20.88,21.2,27300,26.5
2026-02-06,20.96,21.44,20.8,21.44,12800,26.8
2026-02-09,20.88,20.88,20.48,20.72,77300,25.9
2026-02-10,20.64,21.04,20.64,20.8,74900,26
2026-02-11,20.8,20.88,20.64,20.64,17900,25.8
2026-02-12,20.64,20.8,20.4,20.72,2800,25.9
2026-02-13,20.72,20.88,20.24,20.88,7300,26.1
2026-02-23,20.88,22.4,20.8,21.84,14600,27.3
2026-02-24,21.6,21.6,21.6,21.6,300,27
2026-02-25,21.52,21.52,20.4,20.88,63200,26.1
2026-02-26,20.8,20.8,20.24,20.8,21100,26
2026-02-27,20.64,20.72,20.48,20.48,14600,25.6
2026-03-02,20.08,20.08,19.6,19.6,57600,24.5
2026-03-03,19.6,19.84,19.2,19.84,52700,24.8
2026-03-04,19.84,19.84,18.64,19.36,105800,24.2
2026-03-05,18.4,20,18.4,19.44,51200,24.3
2026-03-06,19.2,19.84,19.2,19.44,49600,24.3
2026-03-09,18.8,18.8,17.52,17.52,153300,21.9
2026-03-10,18.16,18.8,17.92,18.8,70400,23.5
2026-03-11,19.12,19.2,18.8,19.2,22600,24
2026-03-12,19.2,19.44,18.88,19.44,37700,24.3
2026-03-13,19.44,19.52,18.88,19.04,46900,23.8
2026-03-16,18.8,19.84,18.64,19.44,16900,24.3
2026-03-17,19.28,19.36,19.28,19.36,1100,24.2
2026-03-18,19.36,19.44,18.72,19.44,70800,24.3
2026-03-19,19.36,19.36,18.8,19.2,1200,24
2026-03-20,18.96,19.12,18.88,18.96,7500,23.7
2026-03-23,18.64,18.72,18.32,18.48,58900,23.1
2026-03-24,18.48,18.88,18.48,18.64,37800,23.3
2026-03-25,19.12,19.12,18.8,19.12,3800,23.9
2026-03-26,18.96,19.04,18.88,18.88,4300,23.6
2026-03-27,18.88,19.68,18.88,19.44,8900,24.3
2026-03-30,18.8,19.36,18.56,19.12,71300,23.9
2026-03-31,18.8,19.28,18.8,19.12,2800,23.9
2026-04-01,19.6,19.6,19.04,19.04,20900,23.8
2026-04-02,19.04,19.12,19.04,19.12,2500,23.9
2026-04-03,19.04,19.04,18.72,18.72,32100,23.4
2026-04-06,18.8,18.8,18.64,18.64,3900,23.3
2026-04-07,18.48,19.12,18,18.56,45800,23.2
2026-04-08,19.68,19.68,18.56,18.72,38300,23.4
2026-04-09,18.72,19.04,18.72,18.72,2900,23.4
2026-04-10,19.44,19.44,18.64,18.64,18000,23.3
2026-04-13,18.8,18.8,18.72,18.72,1700,23.4
2026-04-14,19.2,19.2,18.72,18.88,5900,23.6
2026-04-15,19.52,19.52,18.72,18.8,22800,23.5
2026-04-16,19.04,19.04,18.72,18.88,6600,23.6
2026-04-17,18.88,19.44,18.72,18.72,29800,23.4
2026-04-20,19.28,19.44,18.72,19.44,56600,24.3
2026-04-21,19.6,19.6,19.12,19.44,16400,24.3
2026-04-22,19.28,19.28,18.8,19.2,18100,24
2026-04-23,19.52,19.52,18.72,19.12,25000,23.9
2026-04-24,19.12,19.12,18.72,18.72,15800,23.4
2026-04-28,18.72,19.04,18.72,18.72,13000,23.4
2026-04-29,18.72,18.72,18.72,18.72,5700,23.4
2026-05-04,18.72,18.72,18.32,18.32,6700,22.9
2026-05-05,18.32,18.32,17.68,17.68,2100,22.1
2026-05-06,17.68,18,17.68,18,15800,22.5
2026-05-07,18,18.32,17.76,17.76,15200,22.2
2026-05-08,17.76,17.76,17.68,17.76,9500,22.2
2026-05-11,17.76,18.24,17.68,18.24,5800,22.8
2026-05-12,18,18,17.6,17.6,3600,22
2026-05-13,17.6,17.6,16.96,17.04,11800,21.3
2026-05-14,17.04,17.44,16.16,17.36,6200,21.7
2026-05-15,17.52,17.52,16.64,16.72,10200,20.9
2026-05-18,16.88,17.12,16.64,16.64,9600,20.8
2026-05-19,16.64,17.12,16.32,16.4,9900,20.5
2026-05-20,16.48,16.48,16.08,16.08,11700,20.1
2026-05-21,16,16.32,14.56,16.32,20100,20.4
2026-05-22,16,17.92,15.2,17.92,18900,22.4
2026-05-25,16.4,16.72,16.4,16.72,64100,20.9
2026-05-26,16,16.88,16,16.72,4300,20.9
2026-05-27,16.72,16.96,16.72,16.96,4300,21.2
2026-05-28,16.24,16.96,16.08,16.96,2800,21.2
2026-05-29,16.08,17.52,16.08,17.52,9700,21.9
2026-06-01,17.52,17.52,16.16,17.12,5200,21.4
2026-06-02,16.8,16.8,16.48,16.8,2200,21
2026-06-03,16.8,16.8,16.08,16.8,20700,21
2026-06-04,16.8,16.8,16.72,16.72,300,20.9
2026-06-05,16.16,16.72,16.16,16.72,6100,20.9
2026-06-08,17.2,17.2,16.24,16.56,25700,20.7
2026-06-09,16.56,18.16,16.24,17.6,55300,22
2026-06-10,17.6,17.6,17.28,17.28,8100,21.6
2026-06-11,17.28,17.52,17.12,17.36,11500,21.7
2026-06-12,17.6,17.6,16.96,17.36,12400,21.7
2026-06-15,17.8,17.9,17.5,17.9,5200,17.9
2026-06-16,17.9,17.9,17.5,17.6,5000,17.6
2026-06-17,17.6,18,17.4,18,9500,18
2026-06-18,17.8,17.8,17.5,17.6,24800,17.6
2026-06-19,17.5,17.5,17,17.4,2400,17.4
2026-06-22,17,17,16.6,16.8,2200,16.8
2026-06-23,16.5,17.6,16.2,17.6,19000,17.6
2026-06-24,16.6,17.5,16.6,17.5,600,17.5
2026-06-25,17.3,17.3,17.3,17.3,600,17.3
2026-06-26,16.3,17.1,15.9,17,3600,17
2026-06-29,16.5,16.5,16.3,16.5,4200,16.5
2026-06-30,16.5,17.8,15.9,16.8,14600,16.8
2026-07-01,16.8,16.8,16.4,16.7,9100,16.7
2026-07-02,16.7,18,16.5,16.6,40700,16.6
2026-07-03,16.6,16.6,16,16.4,6100,16.4
2026-07-06,16.4,16.4,16,16.2,8600,16.2
2026-07-07,16.2,17.3,16.1,16.2,24200,16.2
2026-07-08,15,16.4,14.6,16.4,3800,16.4
2026-07-09,16.3,17.9,16,17.6,51600,17.6
2026-07-10,17.5,17.6,16,17.3,24600,17.3
2026-07-13,16.2,17,16,16.9,1200,16.9
2026-07-14,16,17.1,16,16.9,15300,16.9
2026-07-15,16.1,16.6,16,16.6,3400,16.6
2026-07-16,16.6,16.6,15.5,16.5,27800,16.5
2026-07-17,16.8,16.8,15.9,16.6,31400,16.6
2026-07-20,16.3,16.5,15.8,16.5,3700,16.5
2026-07-21,16.3,16.6,16.2,16.4,25200,16.4
2026-07-22,16.4,18,16,16.4,37200,16.4
2026-07-23,16.1,16.4,16,16.4,4600,16.4
2026-07-24,16.4,16.4,15.8,16.2,14600,16.2
2026-07-27,16.2,16.2,16,16,10400,16
2026-07-28,16,16.8,16,16.8,12000,16.8
2026-07-29,15.8,16.5,15.8,16.4,400,16.4
2026-07-30,16,16.4,16,16.1,30100,16.1
2026-07-31,16,16.2,15.9,16.2,6900,16.2
2026-08-03,16,16.2,15.8,16.2,16600,16.2
2026-08-04,16.3,16.3,15.6,16.1,35800,16.1
2026-08-05,16,16,15.4,16,54600,16
2026-08-06,15.8,15.8,14.5,14.5,88900,14.5
2026-08-07,14.6,15.2,14.5,15.2,11400,15.2
2026-08-10,15.2,15.5,15.2,15.2,12300,15.2
2026-08-11,14,15.5,13.8,15.3,12400,15.3
2026-08-12,15.3,15.3,14.6,15.3,1000,15.3
2026-08-13,15.7,15.7,14.9,15.1,1400,15.1
2026-08-14,14.7,15,14.7,15,1100,15
2026-08-17,14.7,14.9,14.3,14.6,58600,14.6
2026-08-18,14.6,14.7,14.3,14.3,4200,14.3
2026-08-19,14.3,14.9,14.3,14.7,9400,14.7
2026-08-20,14.6,14.7,14.6,14.7,1500,14.7
2026-08-21,14.7,14.8,14.5,14.8,39100,14.8
2026-08-24,14.7,15.3,14.7,15,800,15
2026-08-25,14.9,15,14.1,15,10900,15
2026-08-26,15,15.2,14.8,15.1,9000,15.1
2026-08-27,15.1,15.3,15,15.1,6300,15.1
2026-08-28,15.1,15.2,14.9,15.2,8000,15.2
2026-09-03,14,15.2,14,15.2,18000,15.2
