date,open,high,low,close,volume,close_raw
2016-03-28,1.514,1.514,1.1355,1.166,339100,7.7
2016-03-29,1.1658,1.1809,1.1052,1.1055,182400,7.3
2016-03-30,1.1355,1.1355,1.0749,1.1055,46470,7.3
2016-03-31,1.0901,1.1052,1.0295,1.0297,317900,6.8
2016-04-01,1.0295,1.0447,0.9841,0.9843,195200,6.5
2016-04-04,0.969,1.0144,0.969,0.9843,85100,6.5
2016-04-05,0.969,1.0295,0.9538,1.0297,118200,6.8
2016-04-06,1.0295,1.0295,0.9841,0.9843,22600,6.5
2016-04-07,1.0144,1.0144,0.9841,0.9843,47330,6.5
2016-04-08,0.9841,0.9841,0.969,0.9692,36230,6.4
2016-04-11,0.969,1.0144,0.969,1.0146,77100,6.7
2016-04-12,0.9841,1.0144,0.9841,1.0146,12300,6.7
2016-04-13,0.9841,0.9992,0.969,0.9843,31552,6.5
2016-04-14,0.9841,0.9841,0.9538,0.9692,81300,6.4
2016-04-15,0.969,0.9992,0.969,0.9692,123385,6.4
2016-04-19,0.9841,0.9841,0.9387,0.9389,37537,6.2
2016-04-20,0.9538,0.969,0.9387,0.9692,124015,6.4
2016-04-21,0.9538,0.9538,0.9235,0.9389,99925,6.2
2016-04-22,0.9235,0.9387,0.9084,0.9389,167737,6.2
2016-04-25,0.9538,0.969,0.9538,0.9692,68000,6.4
2016-04-26,0.9387,0.9387,0.9235,0.9389,57620,6.2
2016-04-27,0.9387,0.9538,0.9235,0.9389,24210,6.2
2016-04-28,0.9387,0.9538,0.9084,0.9086,104740,6
2016-04-29,0.9235,0.9235,0.9084,0.9237,55940,6.1
2016-05-04,0.8327,0.9235,0.8327,0.9086,36075,6
2016-05-05,0.8933,0.9084,0.8933,0.9086,79800,6
2016-05-06,0.9084,0.9084,0.8933,0.9086,33018,6
2016-05-09,0.8933,0.9084,0.8781,0.8783,33150,5.8
2016-05-10,0.8781,0.9084,0.8781,0.9086,24710,6
2016-05-11,0.8933,0.9084,0.8933,0.9086,16144,6
2016-05-12,0.9084,0.9084,0.8933,0.9086,8702,6
2016-05-13,0.9084,0.9084,0.8781,0.8935,41610,5.9
2016-05-16,0.8933,0.9235,0.8933,0.9086,50700,6
2016-05-17,0.9084,0.9235,0.9084,0.9237,59910,6.1
2016-05-18,0.9084,0.9235,0.9084,0.9086,17200,6
2016-05-19,0.9084,0.9084,0.9084,0.9086,16100,6
2016-05-20,0.9084,0.9084,0.8933,0.9086,43810,6
2016-05-23,0.9084,0.9084,0.8933,0.8935,8300,5.9
2016-05-24,0.8933,0.9084,0.8933,0.9086,5700,6
2016-05-25,0.8933,0.9084,0.8781,0.8935,60200,5.9
2016-05-26,0.8933,0.8933,0.8781,0.8935,8098,5.9
2016-05-27,0.8933,0.9084,0.8781,0.8935,57525,5.9
2016-05-30,0.8933,0.8933,0.8781,0.8935,13200,5.9
2016-05-31,0.8933,0.8933,0.8781,0.8935,22600,5.9
2016-06-01,0.8933,0.9084,0.8933,0.9086,5200,6
2016-06-02,0.8781,0.9084,0.8781,0.9086,9200,6
2016-06-03,0.8781,0.8933,0.8781,0.8935,12500,5.9
2016-06-06,0.8933,0.8933,0.8933,0.8935,35500,5.9
2016-06-07,0.9084,0.9084,0.8933,0.8935,8500,5.9
2016-06-08,0.8933,0.8933,0.8933,0.8935,4700,5.9
2016-06-09,0.8781,0.9084,0.8781,0.8935,19900,5.9
2016-06-10,0.8933,0.9084,0.8933,0.9086,23300,6
2016-06-13,0.8933,0.8933,0.8781,0.8935,28000,5.9
2016-06-14,0.8781,0.8933,0.8781,0.8783,16100,5.8
2016-06-15,0.8781,0.8933,0.8781,0.8935,18914,5.9
2016-06-16,0.8781,0.8933,0.8781,0.8935,21800,5.9
2016-06-17,0.8781,0.9084,0.8781,0.8935,79400,5.9
2016-06-20,0.8933,0.9235,0.8933,0.8935,57276,5.9
2016-06-21,0.8933,0.8933,0.8933,0.8935,18678,5.9
2016-06-22,0.8933,0.9084,0.8933,0.8935,447112,5.9
2016-06-23,0.8781,0.8933,0.8781,0.8935,1500,5.9
2016-06-24,0.8781,0.8781,0.8478,0.8783,123900,5.8
2016-06-27,0.863,0.8781,0.8478,0.8632,10030,5.7
2016-06-28,0.863,0.863,0.8478,0.8632,7703,5.7
2016-06-29,0.8478,0.8933,0.8478,0.8935,31300,5.9
2016-06-30,0.8933,0.8933,0.8478,0.8935,78218,5.9
2016-07-01,0.8933,0.8933,0.863,0.8783,12300,5.8
2016-07-04,0.8781,0.8933,0.8781,0.8935,56333,5.9
2016-07-05,0.9084,0.9387,0.9084,0.9086,94000,6
2016-07-06,0.9084,0.9084,0.8933,0.9086,29700,6
2016-07-07,0.8933,0.8933,0.8781,0.8783,72047,5.8
2016-07-08,0.8781,0.8781,0.863,0.8783,35199,5.8
2016-07-11,0.8781,0.9084,0.863,0.9086,53500,6
2016-07-12,0.8781,0.8933,0.8781,0.8783,17690,5.8
2016-07-13,0.8781,0.8933,0.8781,0.8783,44420,5.8
2016-07-14,0.8781,0.8933,0.863,0.8632,48200,5.7
2016-07-15,0.863,0.8781,0.863,0.8783,9300,5.8
2016-07-18,0.863,0.8781,0.863,0.8783,816,5.8
2016-07-19,0.863,0.8781,0.8478,0.8783,9624,5.8
2016-07-20,0.863,0.863,0.8478,0.8632,6400,5.7
2016-07-21,0.8478,0.863,0.8327,0.8632,80806,5.7
2016-07-22,0.8478,0.8478,0.8024,0.848,24700,5.6
2016-07-25,0.8176,0.8478,0.8176,0.848,18530,5.6
2016-07-26,0.8327,0.8478,0.8176,0.848,40135,5.6
2016-07-27,0.8176,0.8478,0.8176,0.848,10600,5.6
2016-07-28,0.8327,0.8478,0.8176,0.8329,26100,5.5
2016-07-29,0.8478,0.8478,0.8176,0.8329,22400,5.5
2016-08-01,0.8176,0.8327,0.8024,0.8329,27100,5.5
2016-08-02,0.8176,0.8327,0.8024,0.8177,5566,5.4
2016-08-03,0.757,0.8176,0.757,0.8026,5300,5.3
2016-08-04,0.8024,0.8176,0.8024,0.8177,38400,5.4
2016-08-05,0.8024,0.8176,0.8024,0.8177,19900,5.4
2016-08-08,0.8024,0.8024,0.8024,0.8026,8700,5.3
2016-08-09,0.7873,0.8176,0.7721,0.8177,22600,5.4
2016-08-10,0.8024,0.8176,0.7873,0.8026,71600,5.3
2016-08-11,0.8024,0.8176,0.8024,0.8177,35600,5.4
2016-08-12,0.8176,0.8176,0.8176,0.8177,100,5.4
2016-08-15,0.8024,0.8024,0.7873,0.8026,7710,5.3
2016-08-16,0.8024,0.8024,0.8024,0.8026,8850,5.3
2016-08-17,0.8024,0.8176,0.7873,0.8177,5700,5.4
2016-08-18,0.8024,0.8176,0.7873,0.8177,40750,5.4
2016-08-19,0.8176,0.8176,0.7721,0.8026,37000,5.3
2016-08-22,0.7873,0.8024,0.7873,0.8026,1100,5.3
2016-08-23,0.7721,0.8024,0.757,0.8026,15600,5.3
2016-08-24,0.7721,0.8024,0.7721,0.8026,55200,5.3
2016-08-25,0.7721,0.8024,0.757,0.8026,78358,5.3
2016-08-26,0.7873,0.8024,0.7873,0.8026,19800,5.3
2016-08-29,0.8024,0.8024,0.757,0.7572,88817,5
2016-08-30,0.7721,0.7721,0.7721,0.7723,11200,5.1
2016-08-31,0.7721,0.7873,0.757,0.7723,8545,5.1
2016-09-01,0.7721,0.7873,0.757,0.7875,17300,5.2
2016-09-05,0.7873,0.7873,0.7721,0.7875,26290,5.2
2016-09-06,0.7721,0.7873,0.7721,0.7875,70600,5.2
2016-09-07,0.7721,0.7873,0.7721,0.7875,10100,5.2
2016-09-08,0.7721,0.7873,0.7721,0.7875,50100,5.2
2016-09-09,0.7721,0.7873,0.7721,0.7875,46500,5.2
2016-09-12,0.7721,0.7873,0.7721,0.7723,22000,5.1
2016-09-13,0.7873,0.7873,0.7873,0.7875,327,5.2
2016-09-14,0.7873,0.7873,0.7873,0.7875,1700,5.2
2016-09-15,0.7721,0.7873,0.7721,0.7875,14800,5.2
2016-09-16,0.7721,0.7873,0.757,0.7723,75545,5.1
2016-09-19,0.7721,0.7873,0.7721,0.7723,11500,5.1
2016-09-20,0.7721,0.7873,0.7721,0.7875,15000,5.2
2016-09-21,0.7721,0.7873,0.7721,0.7875,17700,5.2
2016-09-22,0.7721,0.7873,0.7721,0.7875,10400,5.2
2016-09-23,0.7721,0.7873,0.757,0.7875,21100,5.2
2016-09-26,0.757,0.7873,0.757,0.7875,25800,5.2
2016-09-27,0.7721,0.7873,0.7721,0.7875,5212,5.2
2016-09-28,0.757,0.7873,0.757,0.7875,5400,5.2
2016-09-29,0.7873,0.7873,0.7721,0.7875,20300,5.2
2016-09-30,0.7873,0.7873,0.7873,0.7875,2000,5.2
2016-10-03,0.7721,0.7873,0.757,0.7875,19500,5.2
2016-10-04,0.7721,0.7873,0.7721,0.7875,14200,5.2
2016-10-05,0.757,0.7721,0.757,0.7723,18200,5.1
2016-10-06,0.7873,0.7873,0.7721,0.7723,21700,5.1
2016-10-07,0.7721,0.7721,0.757,0.7723,29800,5.1
2016-10-10,0.7721,0.7873,0.7721,0.7875,17210,5.2
2016-10-11,0.7873,0.8024,0.7721,0.7723,27700,5.1
2016-10-12,0.7721,0.8024,0.7721,0.8026,21700,5.3
2016-10-13,0.7873,0.8327,0.7873,0.8329,55400,5.5
2016-10-14,0.8327,0.8478,0.8176,0.848,12200,5.6
2016-10-17,0.8327,0.8478,0.8176,0.848,26600,5.6
2016-10-18,0.8327,0.8478,0.8176,0.8329,30371,5.5
2016-10-19,0.8176,0.8176,0.7873,0.7875,12500,5.2
2016-10-20,0.7873,0.8176,0.7721,0.7723,5300,5.1
2016-10-21,0.8024,0.8024,0.7873,0.8026,6400,5.3
2016-10-24,0.7873,0.8024,0.7873,0.8026,9300,5.3
2016-10-25,0.7873,0.7873,0.757,0.7875,68200,5.2
2016-10-26,0.7873,0.8024,0.7873,0.8026,11900,5.3
2016-10-27,0.8024,0.8024,0.8024,0.8026,2610,5.3
2016-10-28,0.7873,0.8024,0.7721,0.7875,22300,5.2
2016-10-31,0.8024,0.8176,0.7873,0.8026,16800,5.3
2016-11-01,0.7873,0.8024,0.757,0.8026,24618,5.3
2016-11-02,0.7873,0.8024,0.757,0.7572,26108,5
2016-11-03,0.757,0.7873,0.757,0.7875,16500,5.2
2016-11-04,0.7721,0.7873,0.757,0.7875,31818,5.2
2016-11-07,0.7873,0.7873,0.7873,0.7875,1000,5.2
2016-11-08,0.7721,0.7873,0.7721,0.7875,14810,5.2
2016-11-09,0.7873,0.7873,0.757,0.7875,37700,5.2
2016-11-10,0.7873,0.7873,0.7873,0.7875,3000,5.2
2016-11-11,0.7873,0.7873,0.7721,0.7723,1200,5.1
2016-11-14,0.7721,0.7873,0.7721,0.7723,2400,5.1
2016-11-15,0.757,0.7721,0.757,0.7723,9900,5.1
2016-11-16,0.757,0.7721,0.757,0.7723,36690,5.1
2016-11-17,0.757,0.7721,0.7267,0.7723,27400,5.1
2016-11-18,0.757,0.7721,0.757,0.7723,35500,5.1
2016-11-21,0.7873,0.7873,0.7873,0.7875,2318,5.2
2016-11-22,0.757,0.7721,0.7267,0.7572,22600,5
2016-11-24,0.757,0.7721,0.757,0.7723,3400,5.1
2016-11-28,0.757,0.7721,0.757,0.7723,8500,5.1
2016-11-29,0.757,0.757,0.7419,0.7572,14500,5
2016-11-30,0.7721,0.7721,0.7721,0.7723,3700,5.1
2016-12-01,0.7419,0.7721,0.7419,0.7723,29000,5.1
2016-12-02,0.757,0.7721,0.757,0.7723,6200,5.1
2016-12-05,0.757,0.7721,0.757,0.7723,12100,5.1
2016-12-06,0.757,0.7721,0.757,0.7723,50900,5.1
2016-12-07,0.757,0.7721,0.7419,0.7723,16800,5.1
2016-12-08,0.757,0.7721,0.757,0.7723,32400,5.1
2016-12-09,0.7419,0.7721,0.7267,0.7723,20371,5.1
2016-12-12,0.7419,0.7721,0.7419,0.7723,19700,5.1
2016-12-13,0.757,0.7721,0.7419,0.7723,23200,5.1
2016-12-14,0.7721,0.7721,0.7419,0.7723,22100,5.1
2016-12-15,0.7721,0.7721,0.757,0.7572,70200,5
2016-12-16,0.757,0.7721,0.757,0.7723,18300,5.1
2016-12-19,0.7721,0.7721,0.757,0.7723,24662,5.1
2016-12-20,0.7721,0.7721,0.757,0.7572,25720,5
2016-12-21,0.757,0.7721,0.7419,0.742,61400,4.9
2016-12-22,0.757,0.757,0.7419,0.7572,24500,5
2016-12-23,0.757,0.757,0.7419,0.7572,24100,5
2016-12-26,0.757,0.757,0.7419,0.7572,36420,5
2016-12-27,0.7419,0.757,0.7419,0.7572,5800,5
2016-12-28,0.757,0.757,0.7419,0.7572,42200,5
2016-12-29,0.7419,0.757,0.7419,0.7572,20011,5
2016-12-30,0.7267,0.757,0.7267,0.7572,10500,5
2017-01-03,0.7419,0.757,0.7419,0.7572,46500,5
2017-01-04,0.757,0.757,0.7419,0.7572,22900,5
2017-01-05,0.757,0.757,0.7419,0.7572,11700,5
2017-01-06,0.7419,0.757,0.7419,0.7572,44600,5
2017-01-09,0.7419,0.757,0.7267,0.7572,55900,5
2017-01-10,0.7419,0.757,0.7419,0.7572,18100,5
2017-01-11,0.7419,0.757,0.7419,0.7572,12300,5
2017-01-12,0.7419,0.757,0.7419,0.7572,19800,5
2017-01-13,0.7419,0.757,0.7419,0.7572,36000,5
2017-01-16,0.7419,0.757,0.7419,0.7572,26100,5
2017-01-17,0.7419,0.757,0.7419,0.7572,36300,5
2017-01-18,0.7419,0.757,0.7419,0.742,18800,4.9
2017-01-19,0.7419,0.757,0.7419,0.7572,8100,5
2017-01-20,0.757,0.757,0.757,0.7572,1800,5
2017-01-23,0.7419,0.757,0.7419,0.7572,11200,5
2017-01-24,0.757,0.757,0.7419,0.7572,1611,5
2017-01-25,0.7419,0.757,0.7419,0.7572,3300,5
2017-02-02,0.7419,0.7873,0.7419,0.7572,35800,5
2017-02-03,0.757,0.7721,0.7419,0.7723,11500,5.1
2017-02-06,0.757,0.757,0.7419,0.742,9800,4.9
2017-02-07,0.7419,0.757,0.7419,0.7572,30800,5
2017-02-08,0.7419,0.757,0.7116,0.7572,28808,5
2017-02-09,0.757,0.7721,0.757,0.7723,3200,5.1
2017-02-10,0.7721,0.7721,0.7419,0.7572,2600,5
2017-02-13,0.757,0.7721,0.7419,0.7572,6600,5
2017-02-14,0.7419,0.757,0.7267,0.7572,11500,5
2017-02-15,0.757,0.757,0.7419,0.7572,13900,5
2017-02-16,0.757,0.757,0.7419,0.7572,18400,5
2017-02-17,0.757,0.757,0.7267,0.742,54400,4.9
2017-02-20,0.7267,0.7419,0.7267,0.7269,23100,4.8
2017-02-21,0.7419,0.757,0.7267,0.7572,38527,5
2017-02-22,0.757,0.7873,0.757,0.7723,62610,5.1
2017-02-23,0.7721,0.7873,0.7419,0.742,41200,4.9
2017-02-24,0.757,0.757,0.7419,0.7572,7200,5
2017-02-27,0.757,0.757,0.7419,0.7572,21200,5
2017-02-28,0.757,0.7873,0.757,0.7723,61000,5.1
2017-03-01,0.757,0.757,0.757,0.7572,19000,5
2017-03-02,0.757,0.7721,0.757,0.7572,44800,5
2017-03-03,0.757,0.8327,0.757,0.8329,266610,5.5
2017-03-06,0.8478,0.9084,0.8478,0.9086,225427,6
2017-03-07,0.9235,0.9387,0.863,0.8783,105100,5.8
2017-03-08,0.8781,0.8781,0.863,0.8632,108250,5.7
2017-03-09,0.8781,0.9387,0.8781,0.9389,243337,6.2
2017-03-10,0.9387,0.969,0.9235,0.9692,147613,6.4
2017-03-13,0.969,0.969,0.9387,0.954,76700,6.3
2017-03-14,0.9387,1.0295,0.9387,1.0297,236708,6.8
2017-03-15,0.9992,1.0598,0.9992,1.0146,323305,6.7
2017-03-16,1.0144,1.0144,0.9841,1.0146,146847,6.7
2017-03-17,1.0295,1.0447,1.0144,1.0146,113600,6.7
2017-03-20,1.0295,1.0447,1.0144,1.0449,87920,6.9
2017-03-21,1.0447,1.0447,0.9992,1.0146,127800,6.7
2017-03-22,1.0144,1.0295,0.9992,1.0146,69000,6.7
2017-03-23,0.9992,1.0144,0.9387,0.9843,122865,6.5
2017-03-24,0.969,0.9992,0.969,0.9995,41300,6.6
2017-03-27,0.969,0.9992,0.969,0.9995,51300,6.6
2017-03-28,0.9992,0.9992,0.9841,0.9843,33800,6.5
2017-03-29,0.9992,0.9992,0.969,0.9843,37500,6.5
2017-03-30,0.9841,0.9992,0.969,0.9692,34910,6.4
2017-03-31,0.969,0.9841,0.9235,0.9237,133600,6.1
2017-04-03,0.9235,0.9235,0.8781,0.8783,212121,5.8
2017-04-04,0.8781,0.8933,0.863,0.8935,174935,5.9
2017-04-05,0.8933,0.969,0.8933,0.9692,164900,6.4
2017-04-07,0.9538,0.969,0.9538,0.9692,44020,6.4
2017-04-10,0.9538,0.969,0.9538,0.954,65000,6.3
2017-04-11,0.9538,0.9841,0.9538,0.9692,117940,6.4
2017-04-12,0.9841,0.9841,0.9538,0.9692,80801,6.4
2017-04-13,0.9841,0.9841,0.969,0.9843,71200,6.5
2017-04-14,0.9841,0.9841,0.969,0.9843,70000,6.5
2017-04-17,0.9538,0.969,0.9235,0.9237,425410,6.1
2017-04-18,0.9235,0.9387,0.8933,0.8935,235620,5.9
2017-04-19,0.8933,0.8933,0.8933,0.8935,203000,5.9
2017-04-20,0.9538,0.9538,0.8933,0.8935,492800,5.9
2017-04-21,0.9084,0.9387,0.8781,0.8783,447700,5.8
2017-04-24,0.9084,0.9235,0.8933,0.9086,83300,6
2017-04-25,0.9084,0.9387,0.9084,0.9237,191637,6.1
2017-04-26,0.9235,0.9387,0.9084,0.9389,103600,6.2
2017-04-27,0.9387,0.9841,0.9084,0.9692,615721,6.4
2017-04-28,0.9841,1.0598,0.9841,1.06,799975,7
2017-05-03,1.1052,1.1658,1.1052,1.166,447540,7.7
2017-05-04,1.1355,1.1809,1.1052,1.1812,726010,7.8
2017-05-05,1.1658,1.2263,1.1506,1.2266,482255,8.1
2017-05-08,1.2112,1.2112,1.1658,1.166,381870,7.7
2017-05-09,1.1658,1.2415,1.1658,1.2418,277880,8.2
2017-05-10,1.2263,1.2566,1.2263,1.2569,400410,8.3
2017-05-11,1.2566,1.2566,1.2263,1.2266,388300,8.1
2017-05-12,1.2263,1.2415,1.1961,1.1963,262710,7.9
2017-05-15,1.1961,1.2112,1.1961,1.2115,97910,8
2017-05-16,1.2112,1.2263,1.2112,1.2266,287875,8.1
2017-05-17,1.2415,1.2415,1.2112,1.2266,81000,8.1
2017-05-18,1.2112,1.2415,1.2112,1.2266,134860,8.1
2017-05-19,1.2263,1.3172,1.2112,1.2872,708120,8.5
2017-05-22,1.302,1.302,1.2718,1.2872,195395,8.5
2017-05-23,1.2869,1.302,1.2718,1.2872,57937,8.5
2017-05-24,1.2869,1.3323,1.2112,1.3326,442530,8.8
2017-05-25,1.3323,1.3475,1.2869,1.2872,349531,8.5
2017-05-26,1.302,1.3475,1.2869,1.3478,382903,8.9
2017-05-29,1.3626,1.4686,1.3626,1.4689,792765,9.7
2017-05-30,1.4837,1.5746,1.4232,1.4689,497500,9.7
2017-05-31,1.4837,1.4837,1.408,1.4235,357413,9.4
2017-06-01,1.4232,1.4534,1.408,1.4235,132200,9.4
2017-06-02,1.408,1.4989,1.3929,1.4689,394100,9.7
2017-06-05,1.4686,1.5594,1.4686,1.484,181100,9.8
2017-06-06,1.4989,1.5897,1.4837,1.5901,490150,10.5
2017-06-07,1.5897,1.6048,1.5443,1.5598,491666,10.3
2017-06-08,1.7108,1.7108,1.5443,1.5749,267295,10.4
2017-06-09,1.5594,1.5746,1.5594,1.5749,213503,10.4
2017-06-12,1.5594,1.5897,1.5443,1.5598,111265,10.3
2017-06-13,1.5443,1.5443,1.4989,1.5446,164600,10.2
2017-06-14,1.514,1.5594,1.514,1.5295,180300,10.1
2017-06-15,1.5594,1.5746,1.514,1.5295,192020,10.1
2017-06-16,1.514,1.5291,1.4989,1.4992,165654,9.9
2017-06-19,1.5594,1.5594,1.4989,1.5143,376961,10
2017-06-20,1.5291,1.5291,1.4837,1.484,282488,9.8
2017-06-21,1.4837,1.4989,1.4232,1.4386,129051,9.5
2017-06-22,1.4383,1.514,1.4383,1.484,203454,9.8
2017-06-23,1.4837,1.4989,1.4686,1.4992,137655,9.9
2017-06-26,1.514,1.514,1.4837,1.484,88800,9.8
2017-06-27,1.4989,1.514,1.4534,1.4689,139904,9.7
2017-06-28,1.4534,1.4686,1.4534,1.4689,27916,9.7
2017-06-29,1.4686,1.4989,1.4383,1.4689,82000,9.7
2017-06-30,1.4686,1.514,1.4534,1.5143,211409,10
2017-07-03,1.514,1.5746,1.514,1.5446,651456,10.2
2017-07-04,1.5594,1.5746,1.5443,1.5598,439700,10.3
2017-07-05,1.5443,1.5594,1.5291,1.5598,256100,10.3
2017-07-06,1.5746,1.7108,1.5746,1.7112,1121640,11.3
2017-07-07,1.7865,1.8471,1.62,1.6203,1283178,10.7
2017-07-10,1.6503,1.6805,1.5897,1.6203,466330,10.7
2017-07-11,1.62,1.6503,1.5897,1.6506,385700,10.9
2017-07-12,1.6503,1.6654,1.62,1.6506,186439,10.9
2017-07-13,1.6805,1.6805,1.6351,1.6355,188800,10.8
2017-07-14,1.6654,1.7108,1.6503,1.6961,623882,11.2
2017-07-17,1.6957,1.7108,1.6048,1.6203,288500,10.7
2017-07-18,1.62,1.6351,1.5897,1.5901,284200,10.5
2017-07-19,1.6351,1.6351,1.5897,1.5901,106935,10.5
2017-07-20,1.5897,1.5897,1.5443,1.5749,180518,10.4
2017-07-21,1.6048,1.62,1.5897,1.5901,258715,10.5
2017-07-24,1.5897,1.5897,1.5594,1.5598,155001,10.3
2017-07-25,1.5746,1.6351,1.5746,1.6355,100300,10.8
2017-07-26,1.6654,1.6957,1.6351,1.6961,285000,11.2
2017-07-27,1.6805,1.6957,1.6654,1.6809,186413,11.1
2017-07-28,1.6805,1.6957,1.6654,1.6809,317200,11.1
2017-07-31,1.6805,1.8471,1.6805,1.8323,472700,12.1
2017-08-01,1.8168,1.8774,1.8168,1.8778,445030,12.4
2017-08-02,1.8622,1.9833,1.8017,1.9535,521164,12.9
2017-08-03,1.9833,1.9833,1.9076,1.9081,425536,12.6
2017-08-04,1.9076,2.0893,1.9076,2.0595,666860,13.6
2017-08-07,2.1045,2.1499,2.0742,2.1049,422951,13.9
2017-08-08,2.1196,2.1196,2.0439,2.0746,273900,13.7
2017-08-09,2.059,2.059,1.8774,1.9686,903943,13
2017-08-10,1.9833,2.0136,1.9228,1.9383,221500,12.8
2017-08-11,1.9379,1.9682,1.8925,1.8929,337570,12.5
2017-08-14,1.8925,1.9682,1.8925,1.9686,386300,13
2017-08-15,1.9682,1.9833,1.9228,1.9535,192610,12.9
2017-08-16,1.9833,1.9833,1.9228,1.9383,64895,12.8
2017-08-17,1.9379,1.9379,1.8622,1.8778,187353,12.4
2017-08-18,1.8774,1.8925,1.8319,1.8929,240000,12.5
2017-08-21,1.8925,1.9076,1.8471,1.9081,112262,12.6
2017-08-22,1.9076,1.9228,1.8774,1.8778,140500,12.4
2017-08-23,1.8774,1.8925,1.8774,1.8778,69808,12.4
2017-08-24,1.9397,1.9555,1.8924,1.9406,271070,12.3
2017-08-25,1.9397,1.9397,1.8924,1.9249,183000,12.2
2017-08-28,1.9239,1.9555,1.9082,1.9564,190600,12.4
2017-08-29,1.9555,1.9713,1.9082,1.9091,207810,12.1
2017-08-30,1.9239,1.9239,1.8609,1.8618,125900,11.8
2017-08-31,1.8609,1.8924,1.8451,1.8933,235610,12
2017-09-01,1.9082,1.9082,1.8924,1.8933,91200,12
2017-09-05,1.8766,1.8924,1.8609,1.8775,90000,11.9
2017-09-06,1.8766,1.8766,1.8136,1.8144,213600,11.5
2017-09-07,1.8136,1.9239,1.8136,1.8933,348870,12
2017-09-08,1.8924,1.8924,1.8609,1.8933,144200,12
2017-09-11,1.7032,1.8766,1.7032,1.846,145000,11.7
2017-09-12,1.8451,1.8609,1.8293,1.846,132710,11.7
2017-09-13,1.8609,1.9082,1.8609,1.8775,242900,11.9
2017-09-14,1.8924,1.9713,1.8924,1.9406,373033,12.3
2017-09-15,1.9239,2.0186,1.9239,1.988,392420,12.6
2017-09-18,2.0028,2.0028,1.9555,1.9722,197422,12.5
2017-09-19,1.9713,1.9713,1.9397,1.9406,182950,12.3
2017-09-20,1.9239,1.9555,1.9239,1.9564,118430,12.4
2017-09-21,1.9555,1.9555,1.9397,1.9564,63055,12.4
2017-09-22,1.9555,1.9555,1.9239,1.9249,82500,12.2
2017-09-25,1.9397,1.9397,1.9082,1.9091,58878,12.1
2017-09-26,1.9082,1.9239,1.8924,1.9249,87572,12.2
2017-09-27,1.8924,1.8924,1.8451,1.8775,142100,11.9
2017-09-28,1.8766,1.8766,1.8293,1.8302,174300,11.6
2017-09-29,1.8293,1.8766,1.8293,1.8618,86500,11.8
2017-10-02,1.8766,1.8766,1.8293,1.8302,81000,11.6
2017-10-03,1.8293,1.8609,1.8136,1.846,146600,11.7
2017-10-04,1.8451,1.8766,1.8451,1.8775,69500,11.9
2017-10-05,1.8766,1.8766,1.8451,1.846,75290,11.7
2017-10-06,1.8609,1.9239,1.8609,1.8933,254115,12
2017-10-09,1.9082,1.987,1.9082,1.988,412740,12.6
2017-10-10,1.987,2.0343,1.987,2.0353,438827,12.9
2017-10-11,2.0343,2.0816,2.0186,2.0511,474028,13
2017-10-12,2.0816,2.1132,2.0501,2.0826,507663,13.2
2017-10-13,2.0816,2.0816,2.0501,2.0511,312473,13
2017-10-16,2.0343,2.0501,1.9555,2.0195,284906,12.8
2017-10-17,2.0186,2.0659,2.0186,2.0669,167381,13.1
2017-10-18,2.0816,2.0974,2.0659,2.0669,187575,13.1
2017-10-19,2.0659,2.0659,2.0343,2.0353,124900,12.9
2017-10-20,2.0186,2.0501,2.0028,2.0353,144010,12.9
2017-10-23,2.0343,2.0343,1.9713,1.9722,240900,12.5
2017-10-24,1.9555,2.0028,1.9555,2.0038,338800,12.7
2017-10-25,2.0028,2.0028,1.9555,1.9564,105900,12.4
2017-10-26,1.9713,1.9713,1.9397,1.9564,69400,12.4
2017-10-27,1.9555,1.9555,1.9397,1.9564,16600,12.4
2017-10-30,1.9713,1.987,1.9082,1.9406,164410,12.3
2017-10-31,1.9239,1.9239,1.8136,1.8775,186932,11.9
2017-11-01,1.8766,1.9397,1.8609,1.9249,218449,12.2
2017-11-02,1.9239,2.0028,1.9239,1.9564,188919,12.4
2017-11-03,1.9555,2.0028,1.9555,2.0038,211496,12.7
2017-11-06,2.0028,2.0343,1.987,2.0038,102472,12.7
2017-11-07,1.987,2.0501,1.9713,2.0353,203500,12.9
2017-11-08,2.0501,2.0816,2.0343,2.0826,402450,13.2
2017-11-09,2.0816,2.0816,2.0501,2.0826,208358,13.2
2017-11-10,2.0343,2.0816,2.0343,2.0669,165089,13.1
2017-11-13,2.0659,2.0816,2.0501,2.0826,39728,13.2
2017-11-14,2.0816,2.129,2.0186,2.0669,246451,13.1
2017-11-15,2.0501,2.0659,2.0028,2.0511,131156,13
2017-11-16,2.0343,2.0501,2.0028,2.0511,103303,13
2017-11-17,2.0186,2.0659,2.0186,2.0195,87300,12.8
2017-11-20,2.0186,2.0501,2.0186,2.0353,53650,12.9
2017-11-21,2.0343,2.0501,2.0186,2.0511,79500,13
2017-11-22,2.0501,2.1132,2.0501,2.0984,483432,13.3
2017-11-23,2.129,2.1447,2.0974,2.0984,300650,13.3
2017-11-24,2.0974,2.129,2.0816,2.13,195660,13.5
2017-11-27,2.129,2.2551,2.129,2.2246,631936,14.1
2017-11-28,2.2236,2.2236,2.129,2.13,247488,13.5
2017-11-29,2.129,2.192,2.129,2.1773,242632,13.8
2017-11-30,2.2078,2.2078,2.1605,2.1615,189800,13.7
2017-12-01,2.1763,2.2393,2.1605,2.1931,191336,13.9
2017-12-04,2.192,2.2709,2.192,2.2562,307110,14.3
2017-12-05,2.2709,2.3024,2.2078,2.2089,396572,14
2017-12-06,2.192,2.192,2.1447,2.1773,201500,13.8
2017-12-07,2.192,2.192,2.1447,2.1458,148900,13.6
2017-12-08,2.1447,2.1605,2.129,2.13,133742,13.5
2017-12-11,2.129,2.129,2.0816,2.0826,267430,13.2
2017-12-12,2.0816,2.1132,2.0501,2.0984,333519,13.3
2017-12-13,2.1132,2.129,2.1132,2.13,22510,13.5
2017-12-14,2.1447,2.1447,2.1132,2.1458,25900,13.6
2017-12-15,2.1447,2.1447,2.129,2.1458,64830,13.6
2017-12-18,2.1605,2.192,2.129,2.13,98300,13.5
2017-12-19,2.129,2.2867,2.129,2.2878,282400,14.5
2017-12-20,2.2867,2.3024,2.2236,2.2246,190313,14.1
2017-12-21,2.2236,2.2551,2.2078,2.2246,358800,14.1
2017-12-22,2.2236,2.2709,2.2078,2.272,148140,14.4
2017-12-25,2.2867,2.2867,2.2709,2.272,172000,14.4
2017-12-26,2.2867,2.2867,2.2551,2.2878,236823,14.5
2017-12-27,2.2867,2.2867,2.2236,2.2246,199900,14.1
2017-12-28,2.2236,2.2709,2.2236,2.272,177588,14.4
2017-12-29,2.2709,2.2709,2.2393,2.272,213853,14.4
2018-01-02,2.2709,2.2867,2.2393,2.2404,357018,14.2
2018-01-03,2.2551,2.2867,2.2393,2.2562,167812,14.3
2018-01-04,2.2551,2.2551,2.2393,2.2562,131500,14.3
2018-01-05,2.2551,2.2551,2.2236,2.2246,60700,14.1
2018-01-08,2.2393,2.2393,2.2078,2.2404,115340,14.2
2018-01-09,2.2393,2.4601,2.2236,2.4455,1076371,15.5
2018-01-10,2.4286,2.5705,2.4286,2.4613,566943,15.6
2018-01-11,2.4601,2.539,2.4601,2.4771,261170,15.7
2018-01-12,2.4759,2.4917,2.3497,2.4455,514328,15.5
2018-01-15,2.397,2.4601,2.3813,2.4613,204400,15.6
2018-01-16,2.4601,2.4601,2.397,2.4455,237250,15.5
2018-01-17,2.4286,2.4917,2.4128,2.414,429110,15.3
2018-01-18,2.4128,2.4128,2.3497,2.3982,267112,15.2
2018-01-19,2.397,2.4286,2.3813,2.3982,200900,15.2
2018-01-22,2.3813,2.4759,2.3813,2.4455,267090,15.5
2018-01-23,2.4601,2.5863,2.4444,2.556,897522,16.2
2018-01-24,2.5705,2.5863,2.5074,2.5086,192557,15.9
2018-01-25,2.5074,2.5705,2.5074,2.5086,345111,15.9
2018-01-26,2.5232,2.5232,2.4444,2.5086,268420,15.9
2018-01-29,2.4444,2.5547,2.4444,2.5244,151940,16
2018-01-30,2.4759,2.5547,2.4601,2.556,166941,16.2
2018-01-31,2.5547,2.5863,2.4759,2.5244,489941,16
2018-02-01,2.5232,2.5232,2.4601,2.4613,298210,15.6
2018-02-02,2.4601,2.5232,2.4128,2.4613,201499,15.6
2018-02-05,2.4286,2.4444,2.2236,2.2246,342324,14.1
2018-02-06,2.1605,2.2867,2.0028,2.13,427670,13.5
2018-02-07,2.192,2.334,2.192,2.3351,104618,14.8
2018-02-08,2.334,2.334,2.2393,2.3351,72604,14.8
2018-02-09,2.2393,2.4444,2.1132,2.4455,59549,15.5
2018-02-12,2.4128,2.4286,2.3182,2.414,60050,15.3
2018-02-13,2.3813,2.4128,2.334,2.414,186860,15.3
2018-02-21,2.4128,2.4128,2.3497,2.3824,39752,15.1
2018-02-22,2.3497,2.3497,2.2867,2.3193,40920,14.7
2018-02-23,2.334,2.4917,2.2867,2.3824,312812,15.1
2018-02-26,2.397,2.4444,2.3813,2.3824,192310,15.1
2018-02-27,2.4128,2.5232,2.3813,2.4297,253300,15.4
2018-02-28,2.4286,2.4601,2.397,2.4613,148900,15.6
2018-03-01,2.4601,2.4917,2.4286,2.4613,219240,15.6
2018-03-02,2.4601,2.4917,2.4286,2.4929,148918,15.8
2018-03-05,2.4917,2.5232,2.4444,2.4771,156190,15.7
2018-03-06,2.4601,2.4759,2.3655,2.3666,324260,15
2018-03-07,2.4286,2.539,2.4286,2.5244,973300,16
2018-03-08,2.5232,2.7755,2.3024,2.7769,9450988,17.6
2018-03-09,2.7755,3.0436,2.7755,2.8557,608176,18.1
2018-03-12,2.8544,2.8544,2.6336,2.6349,586494,16.7
2018-03-13,2.6021,2.8544,2.5232,2.8557,2749558,18.1
2018-03-14,2.8544,2.949,2.8544,2.9031,1627475,18.4
2018-03-15,2.949,2.9805,2.8386,2.9189,734473,18.5
2018-03-16,2.9175,2.949,2.8701,2.8715,816644,18.2
2018-03-19,2.9175,3.0436,2.8859,2.982,1580561,18.9
2018-03-20,2.9963,3.0121,2.9175,2.9346,1313424,18.6
2018-03-21,2.9332,2.9648,2.8859,2.9031,657280,18.4
2018-03-22,2.9332,2.9332,2.8544,2.8557,783158,18.1
2018-03-23,2.8386,2.8386,2.6809,2.7137,1574010,17.2
2018-03-26,2.7282,2.8228,2.7124,2.8084,339340,17.8
2018-03-27,2.8386,2.9017,2.8228,2.8557,688350,18.1
2018-03-28,2.8544,2.8544,2.8071,2.84,214157,18
2018-03-29,2.8386,2.8544,2.8071,2.8242,351040,17.9
2018-03-30,2.8386,2.9332,2.8386,2.9346,717802,18.6
2018-04-02,2.949,3.0752,2.9175,3.0293,1010143,19.2
2018-04-03,3.0436,3.154,2.9963,3.1397,1153491,19.9
2018-04-04,3.154,3.2959,3.154,3.2502,1513245,20.6
2018-04-05,3.2959,3.2959,3.1855,3.2186,977171,20.4
2018-04-06,3.2171,3.3906,3.2013,3.3922,1384389,21.5
2018-04-09,3.4221,3.5798,3.359,3.5657,1365771,22.6
2018-04-10,3.6271,3.6271,3.4221,3.4711,1786081,22
2018-04-11,3.4694,3.4694,3.1225,3.124,4208245,19.8
2018-04-12,3.1067,3.2329,2.949,3.2186,822846,20.4
2018-04-13,3.2171,3.3117,3.0909,3.1555,708325,20
2018-04-16,3.154,3.154,3.0121,3.0766,556810,19.5
2018-04-17,3.0909,3.1382,3.0752,3.0924,352800,19.6
2018-04-18,3.0909,3.2013,3.0909,3.1082,520245,19.7
2018-04-19,3.1067,3.1382,3.0594,3.0924,756100,19.6
2018-04-20,3.1225,3.1225,3.0594,3.124,349300,19.8
2018-04-23,3.1382,3.1382,2.8386,2.84,699000,18
2018-04-24,2.8228,2.8544,2.7598,2.7769,598620,17.6
2018-04-26,2.7755,2.7755,2.5232,2.6191,836786,16.6
2018-04-27,2.6021,2.7755,2.5547,2.7611,362280,17.5
2018-05-02,2.7755,2.7755,2.6021,2.6191,177055,16.6
2018-05-03,2.6178,2.6494,2.539,2.6506,282589,16.8
2018-05-04,2.7282,2.744,2.6336,2.6822,450400,17
2018-05-07,2.7124,2.8859,2.6809,2.8873,373418,18.3
2018-05-08,2.8859,2.8859,2.8071,2.8715,210247,18.2
2018-05-09,2.8071,2.8544,2.7755,2.8557,302600,18.1
2018-05-10,2.8071,2.8071,2.6809,2.6822,274200,17
2018-05-11,2.6336,2.7282,2.6336,2.7137,153260,17.2
2018-05-14,2.7124,2.7282,2.6809,2.6822,206400,17
2018-05-15,2.6809,2.7282,2.6651,2.6822,214557,17
2018-05-16,2.6967,2.6967,2.6336,2.6349,151800,16.7
2018-05-17,2.6178,2.6809,2.6178,2.6349,118800,16.7
2018-05-18,2.6178,2.6651,2.5705,2.6349,161972,16.7
2018-05-21,2.6336,2.6967,2.6336,2.6349,166968,16.7
2018-05-22,2.6494,2.6494,2.4444,2.5875,350400,16.4
2018-05-23,2.5547,2.6021,2.5074,2.6033,136920,16.5
2018-05-24,2.6178,2.6178,2.5232,2.6033,68973,16.5
2018-05-25,2.6021,2.6021,2.5232,2.5244,97910,16
2018-05-28,2.5232,2.5232,2.2709,2.272,618031,14.4
2018-05-29,2.2551,2.4917,2.2551,2.4613,266309,15.6
2018-05-30,2.4286,2.4444,2.3655,2.3824,217030,15.1
2018-05-31,2.3813,2.5074,2.3813,2.5086,138812,15.9
2018-06-01,2.5074,2.5705,2.4917,2.5244,218772,16
2018-06-04,2.5232,2.5705,2.4601,2.5244,212450,16
2018-06-05,2.5232,2.6021,2.5074,2.6033,295410,16.5
2018-06-06,2.6021,2.7282,2.5705,2.7295,299771,17.3
2018-06-07,2.744,2.8071,2.6809,2.7453,480875,17.4
2018-06-08,2.744,2.744,2.6809,2.7453,171660,17.4
2018-06-11,2.6809,2.7598,2.6651,2.7295,339989,17.3
2018-06-12,2.6967,2.6967,2.5863,2.6191,335666,16.6
2018-06-13,2.6178,2.6494,2.6021,2.6349,85795,16.7
2018-06-14,2.6021,2.6651,2.6021,2.6349,231080,16.7
2018-06-15,2.6651,2.6651,2.5863,2.6191,81515,16.6
2018-06-18,2.5863,2.6336,2.4444,2.4455,236115,15.5
2018-06-19,2.4444,2.4444,2.2078,2.2878,660803,14.5
2018-06-20,2.3182,2.3655,2.2551,2.3666,226658,15
2018-06-21,2.3497,2.4601,2.3497,2.4455,327424,15.5
2018-06-22,2.4128,2.4444,2.397,2.4455,123600,15.5
2018-06-25,2.4444,2.4917,2.4286,2.4929,162700,15.8
2018-06-26,2.4759,2.4759,2.3655,2.4771,303300,15.7
2018-06-27,2.4759,2.4759,2.397,2.4613,191337,15.6
2018-06-28,2.4601,2.4601,2.334,2.4455,216310,15.5
2018-06-29,2.4128,2.4286,2.3497,2.3982,173370,15.2
2018-07-02,2.3813,2.3813,2.2867,2.3666,213910,15
2018-07-03,2.3655,2.3813,2.2078,2.2878,395710,14.5
2018-07-04,2.2236,2.4444,2.2236,2.4455,138000,15.5
2018-07-05,2.3655,2.3655,2.2236,2.3035,265143,14.6
2018-07-06,2.334,2.4917,2.2078,2.4929,363420,15.8
2018-07-09,2.4128,2.5074,2.4128,2.4455,92110,15.5
2018-07-10,2.3655,2.4601,2.3655,2.4613,116706,15.6
2018-07-11,2.397,2.397,2.3024,2.3982,186030,15.2
2018-07-12,2.3497,2.397,2.334,2.3982,63200,15.2
2018-07-13,2.4128,2.4444,2.3655,2.4297,86840,15.4
2018-07-16,2.4444,2.4444,2.397,2.4297,37300,15.4
2018-07-17,2.3655,2.4286,2.3655,2.4297,73384,15.4
2018-07-18,2.4286,2.5863,2.4286,2.5875,305218,16.4
2018-07-19,2.6021,2.6809,2.539,2.5717,91875,16.3
2018-07-20,2.5705,2.744,2.5705,2.6822,525580,17
2018-07-23,2.6178,2.6967,2.6021,2.6191,264902,16.6
2018-07-24,2.6336,2.6336,2.539,2.556,124206,16.2
2018-07-25,2.539,2.6021,2.5074,2.5244,199840,16
2018-07-26,2.5232,2.5232,2.4601,2.5244,70773,16
2018-07-27,2.5232,2.5863,2.5074,2.5875,279280,16.4
2018-07-30,2.5863,2.6178,2.5705,2.5875,179615,16.4
2018-07-31,2.5863,2.6021,2.6494,2.5717,174650,16.3
2018-08-01,2.6021,2.6336,2.539,2.5402,69583,16.1
2018-08-02,2.539,2.5863,2.5074,2.5875,60210,16.4
2018-08-03,2.6021,2.6178,2.5232,2.5244,95107,16
2018-08-06,2.5547,2.5705,2.5232,2.5717,56575,16.3
2018-08-07,2.5074,2.5547,2.5074,2.556,21500,16.2
2018-08-08,2.5232,2.6021,2.5232,2.5402,193250,16.1
2018-08-09,2.539,2.6336,2.539,2.6033,193264,16.5
2018-08-10,2.6021,2.6178,2.5232,2.6033,170302,16.5
2018-08-13,2.6021,2.6651,2.5547,2.6506,289640,16.8
2018-08-14,2.6651,2.6651,2.5863,2.6191,83344,16.6
2018-08-15,2.6336,2.6336,2.5547,2.556,85810,16.2
2018-08-16,2.5232,2.5547,2.5074,2.5244,94200,16
2018-08-17,2.5863,2.5863,2.4759,2.4771,136414,15.7
2018-08-20,2.4759,2.5232,2.4759,2.5086,36340,15.9
2018-08-21,2.5074,2.539,2.4917,2.5244,45900,16
2018-08-22,2.5547,2.6178,2.539,2.556,196600,16.2
2018-08-23,2.5705,2.5705,2.539,2.5717,53120,16.3
2018-08-24,2.5547,2.5863,2.539,2.5717,134218,16.3
2018-08-27,2.5705,2.5863,2.5547,2.556,170750,16.2
2018-08-28,2.5863,2.6178,2.5547,2.6191,312130,16.6
2018-08-29,2.6178,2.6336,2.5863,2.6191,409805,16.6
2018-08-30,2.6178,2.6336,2.5863,2.6033,107095,16.5
2018-08-31,2.6021,2.6178,2.539,2.5402,63037,16.1
2018-09-04,2.539,2.539,2.4917,2.4929,146420,15.8
2018-09-05,2.4917,2.5074,2.4601,2.4929,204300,15.8
2018-09-06,2.4917,2.4917,2.3655,2.3666,90450,15
2018-09-07,2.4444,2.6021,2.397,2.5717,596810,16.3
2018-09-10,2.5705,2.5705,2.5074,2.5244,242455,16
2018-09-11,2.5232,2.5547,2.5074,2.5402,230250,16.1
2018-09-12,2.5547,2.5547,2.5074,2.5402,228820,16.1
2018-09-13,2.539,2.5705,2.5232,2.556,194278,16.2
2018-09-14,2.5547,2.7913,2.5547,2.7295,1114927,17.3
2018-09-17,2.7282,2.8071,2.7282,2.7769,626379,17.6
2018-09-18,2.744,2.7755,2.7124,2.7769,372508,17.6
2018-09-19,2.7755,2.8544,2.7598,2.8242,598537,17.9
2018-09-20,2.8386,2.9175,2.8386,2.8873,465955,18.3
2018-09-21,2.8859,2.9332,2.8071,2.9031,512330,18.4
2018-09-24,2.949,2.949,2.8544,2.8873,301569,18.3
2018-09-25,2.8859,2.9175,2.8544,2.8873,420117,18.3
2018-09-26,2.8859,2.9648,2.8859,2.9189,518410,18.5
2018-09-27,2.9175,2.949,2.8859,2.9189,360810,18.5
2018-09-28,2.9332,2.9332,2.8701,2.9189,243544,18.5
2018-10-01,2.9175,2.9175,2.8701,2.8873,244148,18.3
2018-10-02,2.8859,3.0121,2.8701,3.0135,832881,19.1
2018-10-03,3.0594,3.0594,2.9648,3.0135,329697,19.1
2018-10-04,2.9805,3.0278,2.9805,3.0293,297093,19.2
2018-10-05,2.9963,3.0278,2.8859,2.9189,746602,18.5
2018-10-08,2.8859,2.9175,2.8701,2.9189,213490,18.5
2018-10-09,2.9175,2.9175,2.8701,2.9031,179225,18.4
2018-10-10,2.8859,2.8859,2.7913,2.8084,433751,17.8
2018-10-11,2.7598,2.7598,2.5705,2.5717,693960,16.3
2018-10-12,2.5705,2.6809,2.4601,2.6822,721590,17
2018-10-15,2.6809,2.6809,2.5232,2.5875,146946,16.4
2018-10-16,2.6021,2.6809,2.5547,2.6506,81122,16.8
2018-10-17,2.6651,2.7124,2.6336,2.6349,197050,16.7
2018-10-18,2.6336,2.6809,2.6178,2.6191,105220,16.6
2018-10-19,2.5705,2.6651,2.5232,2.6664,58700,16.9
2018-10-22,2.6809,2.6809,2.5705,2.5717,148238,16.3
2018-10-23,2.5863,2.5863,2.4444,2.5244,258530,16
2018-10-24,2.5232,2.539,2.4444,2.4771,92070,15.7
2018-10-25,2.4601,2.4601,2.3024,2.414,325968,15.3
2018-10-26,2.4444,2.4601,2.3182,2.3824,250100,15.1
2018-10-29,2.4286,2.4286,2.2867,2.3824,191435,15.1
2018-10-30,2.3497,2.3813,2.3497,2.3666,116163,15
2018-10-31,2.3655,2.4759,2.3655,2.4455,332080,15.5
2018-11-01,2.4444,2.4601,2.4128,2.4297,132705,15.4
2018-11-02,2.4444,2.4759,2.397,2.4613,169000,15.6
2018-11-05,2.4444,2.4601,2.4128,2.4613,64711,15.6
2018-11-06,2.4601,2.4759,2.4286,2.4455,114613,15.5
2018-11-07,2.4444,2.4601,2.397,2.4297,90900,15.4
2018-11-08,2.4601,2.4917,2.4128,2.414,84100,15.3
2018-11-09,2.4601,2.4601,2.3813,2.414,115710,15.3
2018-11-12,2.3813,2.397,2.3655,2.3982,63403,15.2
2018-11-13,2.3655,2.397,2.3497,2.3982,105300,15.2
2018-11-14,2.397,2.397,2.334,2.3666,53800,15
2018-11-15,2.3497,2.3497,2.3024,2.3035,157200,14.6
2018-11-16,2.3497,2.3655,2.3024,2.3509,139220,14.9
2018-11-19,2.3655,2.3655,2.3182,2.3509,134315,14.9
2018-11-20,2.3497,2.3655,2.334,2.3351,110604,14.8
2018-11-21,2.334,2.3497,2.3182,2.3509,86200,14.9
2018-11-22,2.3813,2.3813,2.3497,2.3509,124000,14.9
2018-11-23,2.334,2.3655,2.3182,2.3666,64200,15
2018-11-26,2.129,2.3813,2.129,2.3509,84925,14.9
2018-11-27,2.3497,2.3497,2.3024,2.3351,98660,14.8
2018-11-28,2.3182,2.334,2.3024,2.3035,97200,14.6
2018-11-29,2.334,2.3497,2.3024,2.3035,93900,14.6
2018-11-30,2.3024,2.3182,2.2867,2.3193,108075,14.7
2018-12-03,2.3497,2.4286,2.334,2.4297,250000,15.4
2018-12-04,2.4286,2.4444,2.397,2.3982,105260,15.2
2018-12-05,2.3655,2.3813,2.3655,2.3824,140250,15.1
2018-12-06,2.3813,2.3813,2.3497,2.3666,73200,15
2018-12-07,2.3655,2.4128,2.3655,2.3824,151680,15.1
2018-12-10,2.3655,2.3813,2.3655,2.3824,37180,15.1
2018-12-11,2.3813,2.397,2.3655,2.3666,97205,15
2018-12-12,2.3655,2.3813,2.3655,2.3666,116600,15
2018-12-13,2.3813,2.3813,2.3497,2.3666,121310,15
2018-12-14,2.3655,2.3655,2.3497,2.3509,37012,14.9
2018-12-17,2.3497,2.3497,2.3182,2.3193,110310,14.7
2018-12-18,2.3182,2.3182,2.2393,2.3035,248519,14.6
2018-12-19,2.2709,2.2867,2.2551,2.272,64140,14.4
2018-12-20,2.2709,2.2709,2.2393,2.272,103745,14.4
2018-12-21,2.2551,2.2551,2.2236,2.2562,114942,14.3
2018-12-24,2.2551,2.2709,2.2393,2.2404,229420,14.2
2018-12-25,2.2236,2.2236,2.0974,2.2089,202200,14
2018-12-26,2.2078,2.2078,2.1132,2.1931,43917,13.9
2018-12-27,2.2078,2.2393,2.1447,2.1773,193860,13.8
2018-12-28,2.1763,2.1763,2.0974,2.1773,214890,13.8
2019-01-02,2.1605,2.1763,2.0974,2.1773,152110,13.8
2019-01-03,2.1447,2.1763,2.0816,2.1773,138900,13.8
2019-01-04,2.129,2.1763,2.0974,2.1773,87390,13.8
2019-01-07,2.1763,2.192,2.1447,2.1615,229600,13.7
2019-01-08,2.1447,2.2078,2.129,2.2089,214537,14
2019-01-09,2.2078,2.2236,2.192,2.2246,52530,14.1
2019-01-10,2.2236,2.2393,2.192,2.2404,113430,14.2
2019-01-11,2.2393,2.3182,2.2078,2.3035,113450,14.6
2019-01-14,2.3024,2.3024,2.2551,2.2878,62500,14.5
2019-01-15,2.2709,2.2867,2.2551,2.2878,240050,14.5
2019-01-16,2.2867,2.3182,2.2393,2.2878,71607,14.5
2019-01-17,2.2709,2.2709,2.2551,2.2562,10720,14.3
2019-01-18,2.2709,2.2709,2.2078,2.272,34540,14.4
2019-01-21,2.2078,2.3655,2.2078,2.3509,256900,14.9
2019-01-22,2.3497,2.3497,2.2867,2.3193,49550,14.7
2019-01-23,2.2867,2.334,2.2867,2.3351,150357,14.8
2019-01-24,2.334,2.3497,2.3024,2.3509,136930,14.9
2019-01-25,2.3497,2.3497,2.3182,2.3193,11455,14.7
2019-01-28,2.334,2.3497,2.2867,2.2878,48410,14.5
2019-01-29,2.2867,2.3497,2.2709,2.3509,110700,14.9
2019-01-30,2.3497,2.3655,2.334,2.3666,48500,15
2019-01-31,2.3655,2.3655,2.334,2.3666,17810,15
2019-02-01,2.3182,2.3655,2.3024,2.3666,36415,15
2019-02-11,2.3655,2.4444,2.3655,2.4455,93100,15.5
2019-02-12,2.4444,2.4444,2.397,2.414,80330,15.3
2019-02-13,2.4128,2.4128,2.3813,2.414,177530,15.3
2019-02-14,2.3813,2.3813,2.3655,2.3666,83800,15
2019-02-15,2.3655,2.4128,2.3497,2.3982,83940,15.2
2019-02-18,2.3813,2.3813,2.3497,2.3824,29760,15.1
2019-02-19,2.3655,2.3655,2.3182,2.3193,103705,14.7
2019-02-20,2.3497,2.3497,2.3182,2.3193,31710,14.7
2019-02-21,2.3024,2.539,2.2867,2.4771,1024279,15.7
2019-02-22,2.4917,2.4917,2.4128,2.4297,89849,15.4
2019-02-25,2.4759,2.4759,2.4286,2.4297,106960,15.4
2019-02-26,2.4286,2.4444,2.397,2.4297,180749,15.4
2019-02-27,2.4286,2.4601,2.4128,2.4297,69589,15.4
2019-02-28,2.4286,2.4444,2.3813,2.3824,76550,15.1
2019-03-01,2.3813,2.4128,2.3813,2.3982,40500,15.2
2019-03-04,2.4286,2.4917,2.397,2.4613,216465,15.6
2019-03-05,2.4601,2.4759,2.4128,2.4297,291800,15.4
2019-03-06,2.4286,2.4286,2.397,2.414,127834,15.3
2019-03-07,2.4128,2.4286,2.397,2.414,168530,15.3
2019-03-08,2.397,2.397,2.3655,2.3666,109000,15
2019-03-11,2.3655,2.3655,2.3655,2.3666,54785,15
2019-03-12,2.3655,2.397,2.3655,2.3982,107650,15.2
2019-03-13,2.4128,2.5547,2.397,2.556,876524,16.2
2019-03-14,2.539,2.539,2.4759,2.4771,256740,15.7
2019-03-15,2.4759,2.539,2.4759,2.5244,262330,16
2019-03-18,2.539,2.5863,2.5232,2.5717,286338,16.3
2019-03-19,2.6021,2.6651,2.5705,2.5717,851840,16.3
2019-03-20,2.539,2.6336,2.5232,2.6191,289100,16.6
2019-03-21,2.6494,2.6967,2.6178,2.6191,455602,16.6
2019-03-22,2.6178,2.6336,2.5863,2.6191,353770,16.6
2019-03-25,2.5232,2.5705,2.5074,2.5086,473150,15.9
2019-03-26,2.5863,2.6021,2.5074,2.5402,165188,16.1
2019-03-27,2.5705,2.6021,2.539,2.5402,182710,16.1
2019-03-28,2.539,2.5547,2.5232,2.5244,92100,16
2019-03-29,2.5232,2.5547,2.5232,2.5402,158300,16.1
2019-04-01,2.539,2.5705,2.5232,2.5244,818662,16
2019-04-02,2.539,2.5547,2.4917,2.4929,245610,15.8
2019-04-03,2.5074,2.5074,2.4444,2.4455,240009,15.5
2019-04-04,2.4286,2.4917,2.4286,2.4613,174714,15.6
2019-04-05,2.4601,2.4917,2.4128,2.4929,258820,15.8
2019-04-08,2.5074,2.5232,2.4601,2.4771,142270,15.7
2019-04-09,2.4759,2.4917,2.4444,2.4455,92720,15.5
2019-04-10,2.4444,2.4444,2.397,2.3982,103455,15.2
2019-04-11,2.397,2.4444,2.397,2.4455,208148,15.5
2019-04-12,2.397,2.4128,2.3813,2.3982,97140,15.2
2019-04-16,2.397,2.397,2.334,2.3351,195451,14.8
2019-04-17,2.3655,2.3655,2.3182,2.3666,236440,15
2019-04-18,2.3655,2.3655,2.3182,2.3666,213800,15
2019-04-19,2.3497,2.3655,2.3497,2.3666,134110,15
2019-04-22,2.3182,2.3655,2.3182,2.3666,245670,15
2019-04-23,2.3655,2.6021,2.3497,2.4929,639803,15.8
2019-04-24,2.4917,2.5074,2.4286,2.5086,274100,15.9
2019-04-25,2.4759,2.5074,2.4444,2.5086,249365,15.9
2019-04-26,2.4601,2.6021,2.4601,2.6033,315911,16.5
2019-05-02,2.5863,2.6021,2.5232,2.556,391092,16.2
2019-05-03,2.5547,2.5547,2.5074,2.5402,187810,16.1
2019-05-06,2.4917,2.539,2.4601,2.5244,173200,16
2019-05-07,2.5074,2.5705,2.5074,2.5402,199895,16.1
2019-05-08,2.5863,2.5863,2.4917,2.5244,162800,16
2019-05-09,2.5232,2.539,2.4917,2.5402,188900,16.1
2019-05-10,2.539,2.539,2.5232,2.5402,175590,16.1
2019-05-13,2.5232,2.539,2.5074,2.5402,43850,16.1
2019-05-14,2.5074,2.5705,2.5074,2.5717,136870,16.3
2019-05-15,2.5705,2.5863,2.5232,2.556,191975,16.2
2019-05-16,2.539,2.5705,2.5232,2.5402,106300,16.1
2019-05-17,2.5547,2.5547,2.5232,2.5244,138890,16
2019-05-20,2.5232,2.5705,2.5232,2.5244,132304,16
2019-05-21,2.5232,2.5547,2.5232,2.5402,87068,16.1
2019-05-22,2.539,2.539,2.5074,2.5244,32730,16
2019-05-23,2.5232,2.5232,2.4917,2.5244,72400,16
2019-05-24,2.5074,2.5074,2.4601,2.5086,97560,15.9
2019-05-27,2.4917,2.5074,2.4759,2.5086,53301,15.9
2019-05-28,2.4917,2.4917,2.4444,2.4929,104910,15.8
2019-05-29,2.4917,2.4917,2.4601,2.4929,39646,15.8
2019-05-30,2.4601,2.4917,2.4444,2.4929,45410,15.8
2019-05-31,2.4601,2.4759,2.4444,2.4613,77310,15.6
2019-06-03,2.4444,2.5232,2.3813,2.5244,112100,16
2019-06-04,2.4917,2.5232,2.4128,2.4929,104000,15.8
2019-06-05,2.4917,2.5074,2.4444,2.4929,33700,15.8
2019-06-06,2.4444,2.4917,2.4286,2.4929,53710,15.8
2019-06-07,2.4917,2.4917,2.4601,2.4929,74800,15.8
2019-06-10,2.4917,2.4917,2.4601,2.4929,30400,15.8
2019-06-11,2.4917,2.4917,2.4601,2.4929,68000,15.8
2019-06-12,2.4601,2.4759,2.4601,2.4771,31100,15.7
2019-06-13,2.4601,2.4917,2.4444,2.4613,28700,15.6
2019-06-14,2.4601,2.4601,2.4444,2.4455,23800,15.5
2019-06-17,2.4286,2.4444,2.397,2.4455,57361,15.5
2019-06-18,2.397,2.4286,2.3655,2.4297,57600,15.4
2019-06-19,2.4286,2.4444,2.397,2.414,37410,15.3
2019-06-20,2.4128,2.4286,2.397,2.414,32320,15.3
2019-06-21,2.4286,2.4286,2.397,2.414,124090,15.3
2019-06-24,2.4444,2.4444,2.3813,2.3824,9818,15.1
2019-06-25,2.4128,2.4128,2.3497,2.414,88700,15.3
2019-06-26,2.4286,2.4286,2.3813,2.414,192800,15.3
2019-06-27,2.4128,2.4128,2.2551,2.2562,72960,14.3
2019-06-28,2.3024,2.334,2.2709,2.3351,40370,14.8
2019-07-01,2.3655,2.3655,2.334,2.3351,32000,14.8
2019-07-02,2.334,2.334,2.3024,2.3351,41010,14.8
2019-07-03,2.334,2.334,2.3024,2.3351,41010,14.8
2019-07-04,2.334,2.334,2.3024,2.3351,24600,14.8
2019-07-05,2.334,2.334,2.2867,2.2878,58600,14.5
2019-07-08,2.2867,2.3024,2.2551,2.2878,21558,14.5
2019-07-09,2.2709,2.2867,2.2551,2.2878,59700,14.5
2019-07-10,2.3024,2.3024,2.2551,2.2878,57100,14.5
2019-07-11,2.2551,2.2709,2.2551,2.2562,41754,14.3
2019-07-12,2.2709,2.2709,2.2393,2.272,26300,14.4
2019-07-15,2.2709,2.2709,2.2551,2.272,21100,14.4
2019-07-16,2.2867,2.3024,2.2867,2.3035,317006,14.6
2019-07-17,2.3024,2.3024,2.2551,2.2562,84514,14.3
2019-07-18,2.2709,2.2709,2.2393,2.272,44928,14.4
2019-07-19,2.2709,2.2709,2.2551,2.272,73660,14.4
2019-07-22,2.2709,2.334,2.2551,2.272,199090,14.4
2019-07-23,2.2867,2.3655,2.2867,2.3351,290000,14.8
2019-07-24,2.334,2.3655,2.3182,2.3193,103662,14.7
2019-07-25,2.0974,2.539,2.0974,2.5402,1593050,16.1
2019-07-26,2.7913,2.7913,2.4759,2.5244,186780,16
2019-07-29,2.7755,2.7755,2.4444,2.4929,106870,15.8
2019-07-30,2.4917,2.4917,2.4444,2.4929,127141,15.8
2019-07-31,2.4917,2.4917,2.4444,2.4771,56700,15.7
2019-08-01,2.4759,2.4759,2.4444,2.4771,31900,15.7
2019-08-02,2.4444,2.4917,2.4444,2.4771,114266,15.7
2019-08-05,2.4917,2.5074,2.4444,2.4771,26800,15.7
2019-08-06,2.4286,2.4286,2.397,2.3982,90700,15.2
2019-08-07,2.4128,2.4601,2.3813,2.3824,30104,15.1
2019-08-08,2.4601,2.4601,2.397,2.4297,1800,15.4
2019-08-09,2.4601,2.4601,2.4286,2.4297,4200,15.4
2019-08-12,2.4128,2.5074,2.397,2.4771,91900,15.7
2019-08-13,2.4601,2.4601,2.4286,2.4297,33200,15.4
2019-08-14,2.4601,2.4601,2.4128,2.4297,30700,15.4
2019-08-15,2.4128,2.4444,2.3813,2.4455,23648,15.5
2019-08-16,2.4286,2.5232,2.4286,2.4613,146700,15.6
2019-08-19,2.4444,2.4601,2.4444,2.4455,74601,15.5
2019-08-20,2.4444,2.4444,2.4286,2.4455,60421,15.5
2019-08-21,2.4444,2.4444,2.4128,2.4455,69522,15.5
2019-08-22,2.4286,2.4444,2.397,2.4455,68700,15.5
2019-08-23,2.4286,2.4286,2.3655,2.4297,25020,15.4
2019-08-26,2.3813,2.4286,2.3655,2.4297,64110,15.4
2019-08-27,2.4286,2.4601,2.3497,2.4297,95300,15.4
2019-08-28,2.3813,2.397,2.3655,2.3666,69200,15
2019-08-29,2.5232,2.5232,2.3655,2.3982,19200,15.2
2019-08-30,2.397,2.397,2.3655,2.3982,23500,15.2
2019-09-03,2.397,2.397,2.3655,2.3982,348300,15.2
2019-09-04,2.397,2.4601,2.3497,2.3982,53550,15.2
2019-09-05,2.397,2.397,2.3655,2.3982,12008,15.2
2019-09-06,2.3655,2.397,2.3497,2.3982,29000,15.2
2019-09-09,2.3655,2.3813,2.3497,2.3824,37500,15.1
2019-09-10,2.3813,2.3813,2.334,2.3666,46050,15
2019-09-11,2.3655,2.4128,2.3655,2.3982,326300,15.2
2019-09-12,2.3813,2.3813,2.3655,2.3824,64000,15.1
2019-09-13,2.3813,2.3813,2.3497,2.3824,41005,15.1
2019-09-16,2.4128,2.4286,2.3655,2.3982,22700,15.2
2019-09-17,2.3655,2.3813,2.3655,2.3824,22200,15.1
2019-09-18,2.3813,2.3813,2.3497,2.3666,627715,15
2019-09-19,2.3497,2.4128,2.334,2.414,1167500,15.3
2019-09-20,2.3813,2.397,2.3655,2.3982,980400,15.2
2019-09-23,2.3655,2.397,2.3655,2.3982,231400,15.2
2019-09-24,2.3655,2.3813,2.3497,2.3824,182400,15.1
2019-09-25,2.3497,2.3813,2.334,2.3824,12400,15.1
2019-09-26,2.3497,2.6178,2.3497,2.4771,254110,15.7
2019-09-27,2.397,2.4444,2.3813,2.4455,63400,15.5
2019-09-30,2.4128,2.4286,2.3497,2.3982,670310,15.2
2019-10-01,2.4444,2.4444,2.334,2.3666,241200,15
2019-10-02,2.3497,2.3813,2.3024,2.3193,102800,14.7
2019-10-03,2.3182,2.3497,2.3024,2.3509,29200,14.9
2019-10-04,2.3813,2.3813,2.3024,2.3351,68600,14.8
2019-10-07,2.3182,2.3182,2.2867,2.3193,71200,14.7
2019-10-08,2.3182,2.3182,2.2867,2.3193,80860,14.7
2019-10-09,2.2867,2.3024,2.2867,2.3035,72600,14.6
2019-10-10,2.3024,2.3024,2.2709,2.2878,110700,14.5
2019-10-11,2.3024,2.3024,2.2393,2.2404,198900,14.2
2019-10-14,2.4601,2.4601,2.2551,2.272,153480,14.4
2019-10-15,2.4917,2.4917,2.2078,2.272,259000,14.4
2019-10-16,2.4917,2.4917,2.192,2.2404,226900,14.2
2019-10-17,2.4601,2.4601,2.192,2.2404,131200,14.2
2019-10-18,2.2393,2.2393,2.2078,2.2404,53707,14.2
2019-10-21,2.2236,2.2393,2.2078,2.2404,45520,14.2
2019-10-22,2.2236,2.2393,2.192,2.2404,140926,14.2
2019-10-23,2.2078,2.2393,2.2078,2.2404,32400,14.2
2019-10-24,2.2393,2.2551,2.2078,2.2562,61341,14.3
2019-10-25,2.2078,2.2393,2.2078,2.2404,53400,14.2
2019-10-28,2.2551,2.2551,2.2078,2.2246,47400,14.1
2019-10-29,2.2236,2.2393,2.2078,2.2246,54400,14.1
2019-10-30,2.2078,2.2236,2.2078,2.2246,43810,14.1
2019-10-31,2.2236,2.2393,2.2078,2.2404,26500,14.2
2019-11-01,2.2393,2.2551,2.2078,2.2562,49710,14.3
2019-11-04,2.2551,2.2709,2.2393,2.272,31600,14.4
2019-11-05,2.2709,2.2709,2.2393,2.272,37300,14.4
2019-11-06,2.2551,2.2551,2.2393,2.2562,29640,14.3
2019-11-07,2.2236,2.2709,2.2078,2.272,53316,14.4
2019-11-08,2.2551,2.2709,2.2393,2.2562,35710,14.3
2019-11-11,2.2551,2.2551,2.2078,2.2562,66710,14.3
2019-11-12,2.2236,2.2551,2.2078,2.2404,91700,14.2
2019-11-13,2.2078,2.2236,2.192,2.2246,78356,14.1
2019-11-14,2.2078,2.2236,2.192,2.2246,95400,14.1
2019-11-15,2.192,2.2236,2.1763,2.2246,84200,14.1
2019-11-18,2.2078,2.2236,2.192,2.2246,55700,14.1
2019-11-19,2.2236,2.2236,2.192,2.2246,158730,14.1
2019-11-20,2.2078,2.2236,2.2078,2.2246,41300,14.1
2019-11-21,2.2236,2.2867,2.192,2.2246,311300,14.1
2019-11-22,2.0028,2.3813,2.0028,2.3193,316830,14.7
2019-11-25,2.3024,2.4601,2.3024,2.4613,379750,15.6
2019-11-26,2.334,2.5232,2.334,2.4771,747250,15.7
2019-11-27,2.2393,2.4917,2.2393,2.4929,93860,15.8
2019-11-28,2.2551,2.4601,2.2551,2.3982,37966,15.2
2019-11-29,2.334,2.4128,2.2551,2.414,167314,15.3
2019-12-02,2.3182,2.4601,2.3182,2.414,303300,15.3
2019-12-03,2.1763,2.4601,2.1763,2.414,221010,15.3
2019-12-04,2.1763,2.4286,2.1763,2.4297,6300,15.4
2019-12-05,2.4286,2.4917,2.3813,2.4613,168740,15.6
2019-12-06,2.4601,2.4601,2.3813,2.4297,103600,15.4
2019-12-09,2.6651,2.6651,2.3813,2.4297,6150,15.4
2019-12-10,2.4601,2.4601,2.3655,2.3666,21588,15
2019-12-11,2.3497,2.4601,2.3497,2.414,28070,15.3
2019-12-12,2.3497,2.4128,2.3497,2.414,29200,15.3
2019-12-13,2.397,2.4128,2.3497,2.414,61590,15.3
2019-12-16,2.3655,2.4286,2.334,2.3666,77200,15
2019-12-17,2.3655,2.3655,2.3655,2.3666,19400,15
2019-12-18,2.334,2.3813,2.2393,2.2404,32337,14.2
2019-12-19,2.3024,2.397,2.2393,2.3982,48910,15.2
2019-12-20,2.3497,2.3813,2.3497,2.3824,6000,15.1
2019-12-23,2.3497,2.3497,2.2078,2.3351,42610,14.8
2019-12-24,2.2551,2.334,2.2393,2.3351,15220,14.8
2019-12-25,2.2551,2.2551,2.2393,2.2404,8400,14.2
2019-12-26,2.2393,2.3182,2.2393,2.3193,38260,14.7
2019-12-27,2.2551,2.397,2.2551,2.3982,30000,15.2
2019-12-30,2.2867,2.3497,2.2709,2.3509,18500,14.9
2019-12-31,2.334,2.334,2.2551,2.272,76400,14.4
2020-01-02,2.3182,2.3182,2.2709,2.3193,121710,14.7
2020-01-03,2.2709,2.3182,2.2551,2.3193,53810,14.7
2020-01-06,2.2551,2.3182,2.2551,2.3193,117700,14.7
2020-01-07,2.2551,2.3182,2.2078,2.2878,197709,14.5
2020-01-08,2.2078,2.2867,2.192,2.2878,89000,14.5
2020-01-09,2.2078,2.2867,2.192,2.2878,303500,14.5
2020-01-10,2.2078,2.334,2.1605,2.3351,122300,14.8
2020-01-13,2.2551,2.2867,2.2078,2.2878,52435,14.5
2020-01-14,2.2236,2.2551,2.2078,2.2562,83842,14.3
2020-01-15,2.2078,2.2551,2.1605,2.2562,367600,14.3
2020-01-16,2.2236,2.2709,2.2236,2.272,66300,14.4
2020-01-17,2.2236,2.2709,2.1763,2.2404,225000,14.2
2020-01-20,2.2078,2.2393,2.192,2.2404,529790,14.2
2020-01-21,2.2078,2.2393,2.2078,2.2404,75200,14.2
2020-01-22,2.2393,2.2551,2.2078,2.2562,97610,14.3
2020-01-30,2.2236,2.2236,2.2078,2.2246,128300,14.1
2020-01-31,2.2236,2.2393,2.1763,2.2246,176000,14.1
2020-02-03,2.1763,2.2236,2.129,2.2246,126420,14.1
2020-02-04,2.1763,2.2236,2.1447,2.2246,229400,14.1
2020-02-05,2.192,2.2236,2.1447,2.2246,217450,14.1
2020-02-06,2.1763,2.2236,2.1763,2.2246,145900,14.1
2020-02-07,2.2078,2.2078,2.1763,2.1931,212500,13.9
2020-02-10,2.2078,2.2078,1.987,1.988,268940,12.6
2020-02-11,2.1393,2.1393,2.0668,2.1221,55600,11.7
2020-02-12,2.1756,2.2481,2.1393,2.1946,38400,12.1
2020-02-13,2.23,2.23,2.1575,2.1583,12440,11.9
2020-02-14,2.1575,2.1575,2.1212,2.1583,19800,11.9
2020-02-17,2.1575,2.1575,2.1031,2.1039,29600,11.6
2020-02-18,2.1212,2.1393,2.0668,2.1402,53800,11.8
2020-02-19,2.1212,2.1212,2.1031,2.1221,13831,11.7
2020-02-20,2.1212,2.1212,2.1031,2.1039,42660,11.6
2020-02-21,2.085,2.1031,2.085,2.1039,24000,11.6
2020-02-24,2.085,2.085,2.0306,2.0858,34250,11.5
2020-02-25,2.085,2.085,2.0124,2.0495,48900,11.3
2020-02-26,1.9943,2.0124,1.9943,2.0132,14210,11.1
2020-02-27,1.9943,1.9943,1.958,1.977,26500,10.9
2020-02-28,2.0306,2.085,1.8674,2.0858,86350,11.5
2020-03-02,2.0124,2.0668,1.9943,2.0132,16901,11.1
2020-03-03,2.0487,2.0487,1.9943,1.9951,48500,11
2020-03-04,1.9943,1.9943,1.958,1.977,77030,10.9
2020-03-05,1.9218,2.085,1.9037,1.977,141270,10.9
2020-03-06,1.9762,1.9762,1.9218,1.9588,116950,10.8
2020-03-09,1.8311,1.9218,1.7767,1.7775,302707,9.8
2020-03-10,1.7767,1.7767,1.7224,1.7775,216304,9.8
2020-03-11,1.813,1.813,1.6861,1.723,88958,9.5
2020-03-12,1.7224,1.7224,1.5592,1.6324,56243,9
2020-03-13,1.5411,1.7042,1.4685,1.7049,107130,9.4
2020-03-16,1.6498,1.7042,1.6317,1.7049,33030,9.4
2020-03-17,1.5592,1.668,1.5592,1.6686,38004,9.2
2020-03-18,1.6317,1.6317,1.5592,1.5598,14331,8.6
2020-03-19,1.5229,1.6317,1.4685,1.6324,81790,9
2020-03-20,1.6136,1.6498,1.6136,1.6505,20012,9.1
2020-03-23,1.5954,1.6317,1.4867,1.6142,82800,8.9
2020-03-24,1.5954,1.5954,1.4685,1.5598,85200,8.6
2020-03-25,1.5592,1.5954,1.5229,1.5961,21062,8.8
2020-03-26,1.5954,1.5954,1.5229,1.5235,22701,8.4
2020-03-27,1.4867,1.5229,1.4867,1.5235,32200,8.4
2020-03-30,1.4685,1.5229,1.4323,1.5235,42829,8.4
2020-03-31,1.5229,1.5229,1.4504,1.5235,71730,8.4
2020-04-01,1.5229,1.6317,1.5229,1.6324,46800,9
2020-04-03,1.6317,1.668,1.5411,1.6686,87331,9.2
2020-04-06,1.7224,1.7949,1.6498,1.7956,120769,9.9
2020-04-07,1.7949,1.813,1.7224,1.7593,110240,9.7
2020-04-08,1.7405,1.7405,1.7042,1.723,41531,9.5
2020-04-09,1.7224,1.7586,1.7042,1.723,100541,9.5
2020-04-10,1.7224,1.7405,1.7042,1.723,30303,9.5
2020-04-13,1.6861,1.7224,1.668,1.6868,123660,9.3
2020-04-14,1.6861,1.7042,1.668,1.6868,44403,9.3
2020-04-15,1.6861,1.7042,1.668,1.6868,53510,9.3
2020-04-16,1.6861,1.6861,1.668,1.6868,14600,9.3
2020-04-17,1.6861,1.7042,1.668,1.6868,84500,9.3
2020-04-20,1.6861,1.7042,1.6498,1.7049,69820,9.4
2020-04-21,1.668,1.6861,1.6317,1.6324,103655,9
2020-04-22,1.6136,1.6498,1.5954,1.6505,57550,9.1
2020-04-23,1.6317,1.6498,1.6136,1.6505,132102,9.1
2020-04-24,1.6317,1.6498,1.6317,1.6505,66600,9.1
2020-04-27,1.6498,1.6498,1.6317,1.6505,35343,9.1
2020-04-28,1.6498,1.6498,1.6136,1.6505,51520,9.1
2020-04-29,1.6136,1.6498,1.6136,1.6505,50100,9.1
2020-05-04,1.6498,1.6498,1.6317,1.6505,9242,9.1
2020-05-05,1.6317,1.6498,1.6317,1.6505,21600,9.1
2020-05-06,1.6317,1.6498,1.5954,1.6324,30100,9
2020-05-07,1.6317,1.6498,1.6136,1.6505,42000,9.1
2020-05-08,1.6498,1.668,1.6317,1.6505,160973,9.1
2020-05-11,1.6498,1.7405,1.6498,1.6868,94390,9.3
2020-05-12,1.7042,1.813,1.7042,1.7956,249034,9.9
2020-05-13,1.7949,1.7949,1.7405,1.7593,86550,9.7
2020-05-14,1.7586,1.7767,1.7224,1.7412,146337,9.6
2020-05-15,1.7224,1.7586,1.7042,1.723,112256,9.5
2020-05-18,1.7224,1.7405,1.7042,1.7049,35934,9.4
2020-05-19,1.7224,1.7586,1.7224,1.7412,145090,9.6
2020-05-20,1.7405,1.7405,1.7224,1.7412,74924,9.6
2020-05-21,1.7405,1.7405,1.7224,1.723,143820,9.5
2020-05-22,1.7224,1.7405,1.7224,1.7412,22528,9.6
2020-05-25,1.7405,1.7586,1.7224,1.7412,119135,9.6
2020-05-26,1.7586,1.813,1.7405,1.7956,131250,9.9
2020-05-27,1.7949,1.8855,1.7949,1.8863,3008521,10.4
2020-05-28,1.8855,1.9037,1.8493,1.8863,285572,10.4
2020-05-29,1.8855,1.8855,1.8493,1.85,124070,10.2
2020-06-01,1.8493,1.9762,1.8311,1.9588,285458,10.8
2020-06-02,1.9762,1.9943,1.9037,1.9044,234712,10.5
2020-06-03,1.9037,1.9218,1.8855,1.9044,172026,10.5
2020-06-04,1.9037,1.9943,1.9037,1.9407,600248,10.7
2020-06-05,1.9762,1.9943,1.9218,1.9407,233487,10.7
2020-06-08,1.9943,2.0668,1.9762,2.0676,664018,11.4
2020-06-09,2.0668,2.0668,2.0124,2.0495,309141,11.3
2020-06-10,2.085,2.1575,2.0124,2.1221,314294,11.7
2020-06-11,2.085,2.1575,1.958,2.0132,409469,11.1
2020-06-12,1.9762,2.085,1.9037,2.0858,237610,11.5
2020-06-15,2.1756,2.1756,1.9561,1.9966,233673,10
2020-06-16,2.016,2.016,1.9162,1.9966,194941,10
2020-06-18,1.9561,1.996,1.9361,1.9567,28932,9.8
2020-06-19,1.9561,1.996,1.9361,1.9766,112910,9.9
2020-06-22,2.016,2.0359,1.996,2.0166,259425,10.1
2020-06-23,2.0359,2.1557,2.0359,2.1364,286666,10.7
2020-06-24,2.1357,2.1357,2.0359,2.1164,162512,10.6
2020-06-25,2.0958,2.0958,2.016,2.0166,149657,10.1
2020-06-26,2.016,2.0559,2.016,2.0365,66471,10.2
2020-06-29,2.0359,2.0359,1.9361,1.9966,96456,10
2020-06-30,1.996,1.996,1.8962,1.8968,98942,9.5
2020-07-01,1.9561,1.976,1.9162,1.9766,36798,9.9
2020-07-02,1.976,1.976,1.9361,1.9567,34510,9.8
2020-07-03,1.9361,1.976,1.9361,1.9567,34870,9.8
2020-07-06,1.976,1.976,1.9561,1.9567,84771,9.8
2020-07-07,1.996,1.996,1.9561,1.9966,61232,10
2020-07-08,1.9561,1.996,1.9561,1.9966,24315,10
2020-07-09,1.996,2.016,1.9561,2.0166,51129,10.1
2020-07-10,1.996,1.996,1.976,1.9766,35030,9.9
2020-07-13,1.976,1.996,1.9561,1.9766,68233,9.9
2020-07-14,1.9561,1.996,1.9561,1.9966,59980,10
2020-07-15,1.996,2.016,1.976,1.9966,53332,10
2020-07-16,1.996,1.996,1.9561,1.9567,28994,9.8
2020-07-17,1.976,1.996,1.9561,1.9766,54971,9.9
2020-07-20,1.976,1.976,1.9361,1.9367,88081,9.7
2020-07-21,1.9361,1.976,1.9361,1.9766,2631,9.9
2020-07-22,1.976,1.976,1.9361,1.9567,44840,9.8
2020-07-23,1.9361,1.9561,1.9361,1.9367,46800,9.7
2020-07-24,1.9361,1.9361,1.7764,1.8569,214294,9.3
2020-07-27,1.7166,1.7964,1.6766,1.6772,158215,8.4
2020-07-28,1.5968,1.7565,1.5968,1.757,171823,8.8
2020-07-29,1.6966,1.7365,1.6168,1.6971,74050,8.5
2020-07-30,1.6966,1.7166,1.6966,1.7171,37860,8.6
2020-07-31,1.6567,1.7166,1.6567,1.6971,34375,8.5
2020-08-03,1.6966,1.7565,1.6766,1.757,641697,8.8
2020-08-04,1.7365,1.7764,1.7365,1.777,60186,8.9
2020-08-05,1.7964,1.7964,1.7565,1.797,71031,9
2020-08-06,1.7964,1.7964,1.7565,1.777,50700,8.9
2020-08-07,1.7565,1.7764,1.7565,1.757,37520,8.8
2020-08-10,1.7764,1.7964,1.7565,1.777,57941,8.9
2020-08-11,1.7964,1.7964,1.7764,1.777,70500,8.9
2020-08-12,1.7764,1.7964,1.7764,1.797,98200,9
2020-08-13,1.7764,1.7964,1.7764,1.797,47335,9
2020-08-14,1.7964,1.9162,1.7764,1.8169,109990,9.1
2020-08-17,1.8164,1.8363,1.8164,1.8369,94900,9.2
2020-08-18,1.8363,1.8563,1.8363,1.8569,83945,9.3
2020-08-19,1.8363,1.8563,1.8363,1.8569,89820,9.3
2020-08-20,1.8563,1.8563,1.8164,1.8169,74390,9.1
2020-08-21,1.8363,1.8563,1.8164,1.8569,152442,9.3
2020-08-24,1.8563,1.8762,1.8563,1.8768,120262,9.4
2020-08-25,1.8762,1.8762,1.8363,1.8569,152737,9.3
2020-08-26,1.8363,1.976,1.8363,1.8968,269420,9.5
2020-08-27,1.8962,1.9162,1.8762,1.9168,101526,9.6
2020-08-28,1.9162,1.9361,1.9162,1.9168,105641,9.6
2020-08-31,1.9162,1.9361,1.8762,1.8968,229137,9.5
2020-09-01,1.8962,1.9162,1.8762,1.8968,38684,9.5
2020-09-03,1.8962,1.9162,1.8962,1.9168,36436,9.6
2020-09-04,1.9162,1.9361,1.8962,1.9367,128310,9.7
2020-09-07,1.9361,1.9561,1.8962,1.8968,244786,9.5
2020-09-08,1.9162,1.9162,1.8563,1.9168,86230,9.6
2020-09-09,1.8962,1.9561,1.8762,1.9168,316440,9.6
2020-09-10,1.9162,1.9361,1.9162,1.9168,42398,9.6
2020-09-11,1.8962,1.9162,1.8962,1.9168,55530,9.6
2020-09-14,1.9162,1.9361,1.9162,1.9367,43800,9.7
2020-09-15,1.9561,1.996,1.9361,1.9966,277543,10
2020-09-16,1.976,1.996,1.9561,1.9766,127540,9.9
2020-09-17,1.9561,1.996,1.9361,1.9966,120830,10
2020-09-18,1.9561,2.016,1.9561,1.9966,120165,10
2020-09-21,2.016,2.016,1.976,1.9966,113135,10
2020-09-22,1.9561,2.016,1.9561,1.9966,147128,10
2020-09-23,1.996,2.016,1.996,2.0166,75490,10.1
2020-09-24,1.996,2.016,1.996,2.0166,51615,10.1
2020-09-25,1.996,1.996,1.976,1.9966,85862,10
2020-09-28,1.996,2.016,1.976,2.0166,151488,10.1
2020-09-29,2.016,2.0359,1.996,2.0166,75460,10.1
2020-09-30,2.016,2.0559,1.976,2.0565,141384,10.3
2020-10-01,2.0559,2.1756,2.0559,2.1364,499259,10.7
2020-10-02,2.1357,2.1557,2.0559,2.1364,186872,10.7
2020-10-05,2.1357,2.1956,2.1357,2.1963,221092,11
2020-10-06,2.1956,2.2555,2.1557,2.1763,264544,10.9
2020-10-07,2.1756,2.1956,2.1557,2.1963,213489,11
2020-10-08,2.1956,2.2156,2.1557,2.1963,109417,11
2020-10-09,2.1956,2.2156,2.1557,2.1963,105226,11
2020-10-12,2.1756,2.2156,2.1357,2.1563,118515,10.8
2020-10-13,2.1756,2.1756,2.1357,2.1763,117331,10.9
2020-10-14,2.1756,2.1956,2.1357,2.1563,74460,10.8
2020-10-15,2.1357,2.1756,2.1357,2.1763,84640,10.9
2020-10-16,2.1357,2.1756,2.1357,2.1763,140365,10.9
2020-10-19,2.1756,2.2954,2.1557,2.2761,484827,11.4
2020-10-20,2.2754,2.2954,2.2555,2.2961,83070,11.5
2020-10-21,2.2954,2.2954,2.2355,2.2562,134628,11.3
2020-10-22,2.2355,2.2355,2.1956,2.2362,163918,11.2
2020-10-23,2.2355,2.2754,2.2156,2.2162,96543,11.1
2020-10-26,2.2754,2.2754,2.1557,2.1563,129830,10.8
2020-10-27,2.1557,2.1956,2.1158,2.1563,159220,10.8
2020-10-28,2.1357,2.1357,2.0758,2.0964,239330,10.5
2020-10-29,2.0559,2.0958,2.0359,2.0765,116928,10.4
2020-10-30,2.0958,2.1158,2.0559,2.0964,133400,10.5
2020-11-02,2.0958,2.0958,2.0758,2.0964,13980,10.5
2020-11-03,2.1158,2.1158,2.0958,2.1164,8000,10.6
2020-11-04,2.0958,2.1557,2.0958,2.1164,203800,10.6
2020-11-05,2.1158,2.1557,2.1158,2.1364,79638,10.7
2020-11-06,2.1158,2.1557,2.0958,2.1563,43640,10.8
2020-11-09,2.1557,2.1557,2.0958,2.1563,64250,10.8
2020-11-10,2.1557,2.1956,2.1557,2.1563,211970,10.8
2020-11-11,2.1557,2.1756,2.1357,2.1563,73900,10.8
2020-11-12,2.1557,2.1756,2.1357,2.1763,60910,10.9
2020-11-13,2.1756,2.1956,2.1557,2.1963,60960,11
2020-11-16,2.1956,2.2355,2.1557,2.1963,158142,11
2020-11-17,2.1956,2.1956,2.1756,2.1963,35215,11
2020-11-18,2.1956,2.2954,2.1956,2.2961,370110,11.5
2020-11-19,2.2954,2.2954,2.2555,2.2961,94125,11.5
2020-11-20,2.2954,2.2954,2.2555,2.2562,68446,11.3
2020-11-23,2.2555,2.2555,2.1956,2.2562,139739,11.3
2020-11-24,2.2355,2.2555,2.1956,2.2562,87504,11.3
2020-11-25,2.2555,2.2555,2.1956,2.2362,96800,11.2
2020-11-26,2.2355,2.2355,2.2156,2.2162,51515,11.1
2020-11-27,2.2355,2.2355,2.2156,2.2362,81320,11.2
2020-11-30,2.2355,2.2555,2.2355,2.2562,131958,11.3
2020-12-01,2.2555,2.3353,2.0559,2.336,455037,11.7
2020-12-02,2.3553,2.4551,2.3154,2.4359,512348,12.2
2020-12-03,2.4351,2.515,2.4152,2.5157,404845,12.6
2020-12-04,2.495,2.5549,2.4551,2.5157,335923,12.6
2020-12-07,2.475,2.5948,2.4351,2.5357,348804,12.7
2020-12-08,2.5349,2.6946,2.5349,2.6755,387905,13.4
2020-12-09,2.6946,2.7944,2.6746,2.7553,493966,13.8
2020-12-10,2.7545,2.7944,2.6347,2.6355,307240,13.2
2020-12-11,2.6547,2.7345,2.5948,2.6954,253527,13.5
2020-12-14,2.7146,2.8543,2.7146,2.8352,815948,14.2
2020-12-15,2.8543,2.8543,2.7744,2.7753,356068,13.9
2020-12-16,2.7744,2.8343,2.7545,2.7553,481891,13.8
2020-12-17,2.7545,2.7545,2.6347,2.7154,445603,13.6
2020-12-18,2.7146,2.8543,2.6946,2.7953,596443,14
2020-12-21,2.8144,3.0539,2.7944,3.0548,1032082,15.3
2020-12-22,3.0539,3.2136,3.0339,3.1946,1078354,16
2020-12-23,3.2136,3.2734,3.0539,3.1147,689989,15.6
2020-12-24,3.1138,3.1537,2.8742,3.0748,655344,15.4
2020-12-25,3.0938,3.2934,3.014,3.2744,654307,16.4
2020-12-28,3.2535,3.4132,3.2335,3.3343,752784,16.7
2020-12-29,3.3333,3.4331,3.2934,3.3343,729252,16.7
2020-12-30,3.3333,3.3533,3.2535,3.2744,631099,16.4
2020-12-31,3.3333,3.3932,3.2734,3.2944,1308403,16.5
2021-01-04,3.3333,3.493,3.3333,3.4342,4257383,17.2
2021-01-05,3.473,3.5529,3.4132,3.4541,3390945,17.3
2021-01-06,3.4531,3.7924,3.4531,3.7936,1662346,19
2021-01-07,3.992,4.1716,3.992,4.1729,3124850,20.9
2021-01-08,4.2914,4.3912,4.0718,4.1929,3156729,21
2021-01-11,4.1916,4.2914,3.972,3.9932,2987023,20
2021-01-12,3.992,4.1118,3.7924,4.0731,2284067,20.4
2021-01-13,4.0918,4.2315,4.0319,4.0731,1556885,20.4
2021-01-14,4.1118,4.471,3.9321,4.4724,3247562,22.4
2021-01-15,4.471,4.8503,4.471,4.732,2330530,23.7
2021-01-18,4.7106,4.8702,4.6906,4.712,1997605,23.6
2021-01-19,4.7106,4.7904,4.2515,4.2728,4216283,21.4
2021-01-20,4.3114,4.511,3.8922,4.5123,2800971,22.6
2021-01-21,4.5908,4.7904,4.491,4.6122,1831860,23.1
2021-01-22,4.6108,4.6108,4.4112,4.4924,1744469,22.5
2021-01-25,4.471,4.5309,4.1916,4.4125,2375922,22.1
2021-01-26,4.3912,4.4112,3.972,4.0332,1684802,20.2
2021-01-27,4.0319,4.0319,3.6327,3.6338,1646160,18.2
2021-01-28,3.493,3.493,3.2734,3.2744,949748,16.4
2021-01-29,2.9541,3.513,2.9541,3.4741,2084020,17.4
2021-02-01,3.473,3.5529,3.1337,3.1347,1309601,15.7
2021-02-02,3.0938,3.2934,3.014,3.2345,845804,16.2
2021-02-03,3.2535,3.5529,3.2535,3.554,1693562,17.8
2021-02-04,3.6726,3.8922,3.5728,3.6937,1475574,18.5
2021-02-05,3.6926,3.8922,3.6926,3.8135,1139704,19.1
2021-02-08,3.8124,3.972,3.493,3.6538,1682834,18.3
2021-02-09,3.6128,3.8323,3.5728,3.7936,844133,19
2021-02-17,3.6726,4.0519,3.4132,4.0531,1233062,20.3
2021-02-18,4.0519,4.0918,3.9321,3.9733,1077674,19.9
2021-02-19,3.972,4.0319,3.8124,3.9733,1037260,19.9
2021-02-22,3.972,4.0319,3.8922,3.8934,794523,19.5
2021-02-23,3.8922,4.1118,3.8523,4.0731,1669578,20.4
2021-02-24,4.0918,4.471,4.0718,4.3926,4573199,22
2021-02-25,4.3912,4.5908,4.3513,4.5123,1922400,22.6
2021-02-26,4.511,4.511,4.0918,4.4325,1360955,22.2
2021-03-01,4.3912,4.5908,4.3912,4.5323,1914544,22.7
2021-03-02,4.5708,4.6906,4.471,4.5323,1608382,22.7
2021-03-03,4.491,4.6706,4.471,4.6122,2299967,23.1
2021-03-04,4.6108,4.6507,4.3712,4.4924,2776938,22.5
2021-03-05,4.4511,4.7904,4.3513,4.7519,3890397,23.8
2021-03-08,4.7704,4.99,4.6906,4.8717,2852749,24.4
2021-03-09,4.8702,4.8902,4.6706,4.732,1898376,23.7
2021-03-10,4.7305,4.7505,4.6307,4.712,2020332,23.6
2021-03-11,4.7106,4.8702,4.7106,4.7519,2150362,23.8
2021-03-12,4.7704,4.8104,4.6706,4.732,1293432,23.7
2021-03-15,4.7505,4.7505,4.6307,4.6321,1544996,23.2
2021-03-16,4.6507,4.6507,4.471,4.5523,2323949,22.8
2021-03-17,4.5309,4.6108,4.491,4.5323,1298680,22.7
2021-03-18,4.5908,4.7704,4.5509,4.6122,1332817,23.1
2021-03-19,4.6108,4.7505,4.5708,4.6521,1426070,23.3
2021-03-22,4.6507,4.7106,4.6108,4.6321,1182269,23.2
2021-03-23,4.6307,4.6706,4.491,4.5523,1286675,22.8
2021-03-24,4.5309,4.5708,4.1916,4.4525,2265030,22.3
2021-03-25,4.4311,4.471,4.2914,4.3327,1286606,21.7
2021-03-26,4.3313,4.4511,4.0319,4.4325,1606282,22.2
2021-03-29,4.471,4.471,4.3712,4.4724,815090,22.4
2021-03-30,4.471,4.511,4.3912,4.5123,1454450,22.6
2021-03-31,4.511,4.5509,4.4511,4.4924,845746,22.5
2021-04-01,4.511,4.9301,4.491,4.9316,5348463,24.7
2021-04-02,4.9102,5.1896,4.9102,4.9915,3559458,25
2021-04-05,4.99,5.1696,4.99,5.1313,2885481,25.7
2021-04-06,5.1297,5.1497,4.99,5.0315,2964203,25.2
2021-04-07,5.0698,5.3892,4.99,5.291,2915755,26.5
2021-04-08,5.2894,5.3892,5.2096,5.2112,1734917,26.1
2021-04-09,5.2096,5.2694,5.1497,5.2511,1326925,26.3
2021-04-12,5.2495,5.3892,5.1896,5.3709,2808265,26.9
2021-04-13,5.3692,5.4491,5.1297,5.1513,2282886,25.8
2021-04-14,5.1098,5.2295,5.0499,5.1912,1482555,26
2021-04-15,5.2495,5.2495,5.01,5.0514,1949216,25.3
2021-04-16,5.0499,5.0898,4.6706,5.0514,2250493,25.3
2021-04-19,5.0499,5.1098,4.9102,5.0914,1119614,25.5
2021-04-20,5.1098,5.2096,4.9501,4.9915,1561724,25
2021-04-22,4.99,5.0698,4.491,4.4924,1540802,22.5
2021-04-23,4.491,4.8902,4.0718,4.8917,1815584,24.5
2021-04-26,4.8902,4.8902,4.5908,4.6122,1171798,23.1
2021-04-27,4.6108,4.6906,4.471,4.5523,641825,22.8
2021-04-28,4.5509,4.6706,4.5509,4.5922,608917,23
2021-04-29,4.5908,4.6706,4.5708,4.6721,856459,23.4
2021-05-04,4.6507,4.7106,4.511,4.712,957610,23.6
2021-05-05,4.7106,4.9301,4.6507,4.8518,1691655,24.3
2021-05-06,4.8702,4.8902,4.7305,4.7519,785218,23.8
2021-05-07,4.7505,4.7904,4.5908,4.6321,1214078,23.2
2021-05-10,4.6906,5.0898,4.6507,5.0914,4433026,25.5
2021-05-11,5.1896,5.3892,5.0898,5.1313,2457068,25.7
2021-05-12,5.1896,5.2894,5.0299,5.291,2654925,26.5
2021-05-13,5.2894,5.489,5.2495,5.3909,3743814,27
2021-05-14,5.4092,5.489,5.2096,5.3509,3497161,26.8
2021-05-17,7.585,7.992,7.585,7.9929,436477,21.6
2021-05-18,8.769,8.769,8.362,8.585,4266979,23.2
2021-05-19,8.473,8.51,8.251,8.511,2318585,23
2021-05-20,8.51,9.324,8.362,9.066,2520069,24.5
2021-05-21,9.065,9.213,8.732,8.807,2321832,23.8
2021-05-24,8.806,8.843,8.584,8.696,1786957,23.5
2021-05-25,8.695,8.917,8.584,8.881,2368091,24
2021-05-26,8.88,9.176,8.732,9.1401,2106765,24.7
2021-05-27,9.139,9.25,8.695,8.918,1958624,24.1
2021-05-28,8.917,9.176,8.806,9.1401,2612255,24.7
2021-05-31,9.25,10.027,9.139,10.0282,3576935,27.1
2021-06-01,10.101,10.73,10.064,10.3612,3277706,28
2021-06-02,10.36,10.841,9.99,10.8423,3798587,29.3
2021-06-03,10.841,11.914,10.804,11.6563,2883668,31.5
2021-06-04,11.655,11.84,11.285,11.4713,2597889,31
2021-06-07,11.47,11.47,10.323,10.4352,4265206,28.2
2021-06-08,10.434,10.73,9.398,9.4361,3770785,25.5
2021-06-09,9.435,10.36,9.139,10.3242,2979284,27.9
2021-06-10,10.397,10.434,9.953,10.0652,1454827,27.2
2021-06-11,10.064,10.656,9.879,10.3612,2167347,28
2021-06-14,10.323,11.285,10.212,11.0643,5069957,29.9
2021-06-15,11.063,11.47,10.915,11.1753,2965574,30.2
2021-06-16,11.174,11.396,10.693,10.7682,2670661,29.1
2021-06-17,10.693,10.915,9.731,10.8423,3121716,29.3
2021-06-18,10.841,11.063,10.804,10.9163,1961282,29.5
2021-06-21,10.841,10.989,10.582,10.5832,1574375,28.6
2021-06-22,10.619,10.804,10.545,10.6202,1584814,28.7
2021-06-23,10.693,11.026,10.619,10.7682,2006397,29.1
2021-06-24,10.804,10.952,10.656,10.8052,1934488,29.2
2021-06-25,10.804,11.47,10.767,11.4343,3744074,30.9
2021-06-28,11.47,11.84,11.433,11.5083,1934138,31.1
2021-06-29,11.507,11.84,11.285,11.4713,2661336,31
2021-06-30,11.47,11.655,11.359,11.6193,2164883,31.4
2021-07-01,11.655,12.765,11.618,12.7665,5455655,34.5
2021-07-02,12.765,13.505,12.765,13.2105,3140482,35.7
2021-07-05,13.209,13.246,12.395,12.8775,2909425,34.8
2021-07-06,12.876,13.394,11.618,11.6193,4459236,31.4
2021-07-07,12.21,12.21,10.73,12.2114,3202471,33
2021-07-08,12.21,12.543,12.173,12.5444,2063908,33.9
2021-07-09,12.543,12.765,11.322,11.8414,3339545,32
2021-07-12,11.84,11.84,10.656,10.7312,4638005,29
2021-07-13,10.73,11.1,10.656,11.1013,2136280,30
2021-07-14,11.1,11.137,10.36,10.5462,1604519,28.5
2021-07-15,10.545,11.137,10.36,11.1013,1577999,30
2021-07-16,11.174,11.285,10.878,10.9163,1386762,29.5
2021-07-19,10.804,10.804,9.842,9.8431,2700390,26.6
2021-07-20,9.805,10.693,9.546,10.6942,2156136,28.9
2021-07-21,10.804,11.1,10.508,10.6202,1207767,28.7
2021-07-22,10.582,10.878,10.397,10.8052,1673853,29.2
2021-07-23,10.841,10.841,10.471,10.4722,1964503,28.3
2021-07-26,10.286,10.286,9.805,10.0652,3832853,27.2
2021-07-27,10.064,10.545,10.064,10.2502,2641779,27.7
2021-07-28,10.249,10.36,10.064,10.1022,1443278,27.3
2021-07-29,10.138,10.36,10.101,10.3612,2794627,28
2021-07-30,10.36,10.952,10.36,10.7682,3880810,29.1
2021-08-02,10.767,10.952,10.619,10.7312,2794798,29
2021-08-03,10.73,11.1,10.545,11.0643,4648594,29.9
2021-08-04,11.285,11.581,11.1,11.4713,5016630,31
2021-08-05,11.47,11.655,11.322,11.6563,2728833,31.5
2021-08-06,11.655,11.692,11.285,11.3233,4062076,30.6
2021-08-09,11.285,12.025,10.878,11.9524,5279680,32.3
2021-08-10,11.988,12.136,11.729,11.9524,3400502,32.3
2021-08-11,11.951,12.173,11.84,11.8414,3914514,32
2021-08-12,11.84,12.025,11.692,11.6933,3493959,31.6
2021-08-13,11.655,12.025,11.507,12.0264,3938992,32.5
2021-08-16,12.136,13.172,12.025,13.1735,5867464,35.6
2021-08-17,13.209,13.394,12.802,12.9885,4063183,35.1
2021-08-18,13.135,13.69,12.765,13.4326,5084309,36.3
2021-08-19,13.32,13.727,13.209,13.6916,3208280,37
2021-08-20,13.69,13.875,12.654,13.2475,7775744,35.8
2021-08-23,13.246,13.875,12.876,13.4696,6019857,36.4
2021-08-24,13.468,13.69,12.21,12.3964,5615543,33.5
2021-08-25,12.395,12.802,12.21,12.8035,2398854,34.6
2021-08-26,12.839,12.95,12.395,12.6185,2228087,34.1
2021-08-27,12.617,12.802,11.84,12.8035,2919375,34.6
2021-08-30,12.802,13.135,12.654,13.1365,2632052,35.5
2021-08-31,13.135,13.357,12.913,13.0255,2427409,35.2
2021-09-01,13.024,13.283,12.839,13.1365,2528575,35.5
2021-09-06,13.135,13.579,13.135,13.5066,3633176,36.5
2021-09-07,13.505,14.06,13.505,13.7656,4915852,37.2
2021-09-08,13.764,13.949,13.32,13.4326,2481029,36.3
2021-09-09,13.431,13.542,13.246,13.5066,1928060,36.5
2021-09-10,13.505,13.69,13.394,13.3955,2164136,36.2
2021-09-13,13.283,13.431,12.802,12.9515,4167234,35
2021-09-14,12.95,12.95,12.506,12.5074,3204931,33.8
2021-09-15,12.506,12.95,12.247,12.8775,1890553,34.8
2021-09-16,12.839,12.95,12.617,12.6925,1133558,34.3
2021-09-17,12.691,13.135,12.654,13.0255,1906092,35.2
2021-09-20,13.024,13.135,11.729,12.7665,1890718,34.5
2021-09-21,12.765,12.765,12.247,12.5444,1895873,33.9
2021-09-22,12.58,12.691,12.321,12.6185,1097804,34.1
2021-09-23,12.617,12.95,12.432,12.6555,1557385,34.2
2021-09-24,12.654,12.765,12.506,12.5074,775082,33.8
2021-09-27,12.506,12.58,11.914,11.9154,1898504,32.2
2021-09-28,11.914,12.173,11.655,12.1744,1405004,32.9
2021-09-29,12.21,12.21,11.914,12.0634,810878,32.6
2021-09-30,12.025,12.21,12.025,12.0264,668944,32.5
2021-10-01,12.025,12.136,11.729,11.7674,1290792,31.8
2021-10-04,11.766,11.84,11.211,11.2493,2606232,30.4
2021-10-05,11.248,12.21,11.211,12.1004,1839545,32.7
2021-10-06,12.136,12.358,11.951,12.0264,811174,32.5
2021-10-07,11.951,12.284,11.914,12.1744,1322088,32.9
2021-10-08,12.21,12.432,12.136,12.2484,1167136,33.1
2021-10-11,12.247,12.58,12.247,12.5074,993211,33.8
2021-10-12,12.58,12.691,12.395,12.3964,1751250,33.5
2021-10-13,12.395,12.506,12.173,12.2114,1070039,33
2021-10-14,12.247,12.506,12.21,12.3964,1171181,33.5
2021-10-15,12.395,12.58,12.247,12.3964,1061065,33.5
2021-10-18,12.469,12.765,12.321,12.5444,1856450,33.9
2021-10-19,12.617,12.802,12.358,12.6555,1494450,34.2
2021-10-20,12.654,12.765,12.284,12.5074,1117637,33.8
2021-10-21,12.543,12.691,12.284,12.4334,1218136,33.6
2021-10-22,12.432,12.469,12.21,12.2854,1365616,33.2
2021-10-25,12.321,12.395,11.877,11.9894,1518135,32.4
2021-10-26,11.988,12.358,11.692,12.2114,863449,33
2021-10-27,12.247,12.691,12.136,12.6555,2263811,34.2
2021-10-28,12.691,13.135,12.654,12.9515,3222195,35
2021-10-29,12.95,13.061,12.654,12.9145,1815604,34.9
2021-11-01,12.913,13.69,12.913,13.5436,4873159,36.6
2021-11-02,13.616,14.245,13.579,14.1356,3926823,38.2
2021-11-03,14.282,14.43,13.431,13.7286,3803901,37.1
2021-11-04,13.764,14.874,13.69,14.5427,4323515,39.3
2021-11-05,14.504,14.8,14.356,14.5427,2808902,39.3
2021-11-08,14.504,14.911,14.43,14.8017,3361344,40
2021-11-09,14.8,14.911,14.504,14.8757,2753245,40.2
2021-11-10,14.874,15.318,14.763,14.8757,1807225,40.2
2021-11-11,14.874,15.133,14.097,14.5797,3652596,39.4
2021-11-12,14.578,14.985,14.467,14.9497,2128083,40.4
2021-11-15,14.948,16.169,14.948,15.5418,2835645,42
2021-11-16,15.614,16.058,15.096,15.7268,1997862,42.5
2021-11-17,15.725,16.28,15.54,15.8008,2475015,42.7
2021-11-18,15.799,17.02,15.799,16.6519,3038666,45
2021-11-19,16.687,16.835,14.985,15.7268,4072179,42.5
2021-11-22,15.725,16.169,15.207,15.5048,2679627,41.9
2021-11-23,15.355,16.28,14.8,16.2079,1965859,43.8
2021-11-24,16.465,16.909,16.243,16.5409,2095286,44.7
2021-11-25,16.576,17.205,16.28,16.948,2396855,45.8
2021-11-26,16.909,17.094,16.243,16.2819,2282020,44
2021-11-29,15.688,16.65,15.17,16.4669,1709178,44.5
2021-11-30,16.872,16.872,16.058,16.0599,2608770,43.4
2021-12-01,16.058,16.132,15.392,15.6898,2098610,42.4
2021-12-02,15.762,16.095,15.466,15.5418,1436359,42
2021-12-03,15.54,15.725,14.245,14.2466,3244949,38.5
2021-12-06,14.245,14.578,13.098,13.6546,3198168,36.9
2021-12-07,14.06,14.245,13.542,14.0616,1815609,38
2021-12-08,14.245,14.356,14.023,14.1726,1346752,38.3
2021-12-09,14.171,14.578,14.023,14.5427,1557558,39.3
2021-12-10,14.578,14.911,14.467,14.6537,1555170,39.6
2021-12-13,14.652,15.096,14.578,15.0237,1373470,40.6
2021-12-14,15.022,15.281,14.8,14.9497,1301411,40.4
2021-12-15,14.948,14.985,14.615,14.6167,1258056,39.5
2021-12-16,14.615,14.763,14.245,14.2836,1612094,38.6
2021-12-17,14.208,14.8,14.208,14.8017,1598060,40
2021-12-20,14.8,15.281,14.8,15.0237,1702095,40.6
2021-12-21,15.022,15.059,14.615,14.6537,1219908,39.6
2021-12-22,14.689,14.763,14.319,14.3207,1560000,38.7
2021-12-23,14.245,14.356,13.32,13.6916,2473740,37
2021-12-24,13.69,14.097,13.69,13.9136,914305,37.6
2021-12-27,13.912,14.282,13.875,14.1726,715288,38.3
2021-12-28,14.171,14.208,13.875,13.9506,1222092,37.7
2021-12-29,13.949,14.245,13.838,14.0616,934090,38
2021-12-30,14.023,15.244,14.023,15.1718,2448459,41
2021-12-31,15.17,15.54,14.911,14.9497,1147976,40.4
2022-01-04,14.948,15.17,14.8,15.0977,1193212,40.8
2022-01-05,15.133,15.614,15.096,15.1718,2659819,41
2022-01-06,15.207,15.244,14.874,14.8757,1231987,40.2
2022-01-07,14.911,15.133,14.578,14.8757,1563773,40.2
2022-01-10,14.874,15.17,14.208,14.2096,2573212,38.4
2022-01-11,14.208,14.356,13.616,13.8396,1604818,37.4
2022-01-12,13.801,14.319,13.579,14.2466,1723928,38.5
2022-01-13,14.245,14.726,13.986,13.9876,992356,37.8
2022-01-14,13.986,14.134,13.69,13.7286,833729,37.1
2022-01-17,13.727,13.875,12.358,12.3594,3581532,33.4
2022-01-18,12.358,12.395,11.211,11.7304,1381719,31.7
2022-01-19,11.729,12.432,11.729,12.3594,722082,33.4
2022-01-20,12.358,12.691,12.173,12.6185,794302,34.1
2022-01-21,12.617,12.654,12.321,12.3224,794284,33.3
2022-01-24,12.247,12.321,11.137,11.2123,1336266,30.3
2022-01-25,11.248,11.544,10.545,11.3973,859246,30.8
2022-01-26,11.47,11.766,11.396,11.5083,667484,31.1
2022-01-27,11.507,11.951,11.248,11.7304,549824,31.7
2022-01-28,11.729,12.173,11.729,12.1374,533079,32.8
2022-02-07,12.136,12.876,12.099,12.5074,708520,33.8
2022-02-08,12.469,12.728,12.284,12.5444,621541,33.9
2022-02-09,12.543,12.839,12.543,12.6555,683522,34.2
2022-02-10,12.765,12.765,12.469,12.5815,552262,34
2022-02-11,12.58,12.691,12.432,12.5444,708735,33.9
2022-02-14,12.469,12.469,12.136,12.1374,973318,32.8
2022-02-15,12.136,12.284,12.025,12.2484,500636,33.1
2022-02-16,12.247,12.543,12.247,12.4704,554132,33.7
2022-02-17,12.469,12.617,12.247,12.5815,779717,34
2022-02-18,12.654,13.135,12.321,13.0625,1516352,35.3
2022-02-21,13.246,13.653,13.024,13.6546,1770809,36.9
2022-02-22,13.653,13.653,13.172,13.5806,1801114,36.7
2022-02-23,13.579,13.801,13.505,13.5806,921520,36.7
2022-02-24,13.579,13.875,12.95,13.4696,2090144,36.4
2022-02-25,13.431,14.023,13.431,13.8396,1779605,37.4
2022-02-28,13.838,14.023,13.764,13.8766,868103,37.5
2022-03-01,13.875,13.986,13.764,13.9506,969861,37.7
2022-03-02,13.949,13.949,13.468,13.8026,1453056,37.3
2022-03-03,13.801,13.949,13.69,13.8766,971275,37.5
2022-03-04,14.023,14.43,13.875,14.2466,1898177,38.5
2022-03-07,14.245,14.282,13.949,14.0246,1058571,37.9
2022-03-08,14.023,14.356,13.69,13.9136,1637638,37.6
2022-03-09,13.912,14.06,13.431,13.5436,1521446,36.6
2022-03-10,13.69,14.06,13.653,13.7286,540497,37.1
2022-03-11,13.764,13.801,13.209,13.2475,1292080,35.8
2022-03-14,13.246,13.246,12.395,12.7665,1688280,34.5
2022-03-15,12.691,13.098,12.654,12.8405,485424,34.7
2022-03-16,12.876,13.098,12.876,13.0255,433624,35.2
2022-03-17,13.246,13.283,13.024,13.1365,411367,35.5
2022-03-18,13.172,13.209,13.024,13.0625,390107,35.3
2022-03-21,13.135,13.283,13.024,13.2845,563959,35.9
2022-03-22,13.32,13.505,13.283,13.4326,621612,36.3
2022-03-23,13.542,13.579,13.394,13.4696,567679,36.4
2022-03-24,13.468,13.468,13.209,13.2105,693056,35.7
2022-03-25,13.209,13.283,13.061,13.0625,509398,35.3
2022-03-28,12.876,13.061,12.506,12.6185,962036,34.1
2022-03-29,13.135,13.135,12.617,12.8035,514079,34.6
2022-03-30,12.58,12.987,12.543,12.6185,705861,34.1
2022-03-31,12.617,12.913,12.543,12.5444,543614,33.9
2022-04-01,12.543,12.95,12.432,12.9515,653082,35
2022-04-04,13.024,13.986,13.024,13.8766,2050658,37.5
2022-04-05,13.875,14.134,13.616,13.6546,1290517,36.9
2022-04-06,13.69,14.06,13.468,13.8396,1135345,37.4
2022-04-07,13.838,14.171,13.727,13.7286,2108782,37.1
2022-04-08,13.727,14.06,13.505,13.5066,1083549,36.5
2022-04-12,13.505,13.616,12.765,12.7665,877852,34.5
2022-04-13,12.913,13.32,12.432,13.3215,923796,36
2022-04-14,13.357,13.542,12.987,13.1735,374082,35.6
2022-04-19,11.285,12.025,11.026,11.1753,1048327,30.2
2022-04-20,11.285,11.544,10.804,11.1383,790738,30.1
2022-04-21,11.137,11.988,10.027,11.6563,775209,31.5
2022-04-22,11.655,11.951,11.248,11.7304,629380,31.7
2022-04-25,11.766,11.84,10.582,10.5832,960728,28.6
2022-04-26,10.508,11.248,9.62,11.1753,684580,30.2
2022-04-27,11.248,11.396,10.175,11.3603,366804,30.7
2022-04-28,11.359,11.544,11.211,11.2863,389927,30.5
2022-04-29,11.285,11.47,11.026,11.2123,615194,30.3
2022-05-04,11.211,11.285,10.804,10.8793,389122,29.4
2022-05-05,10.878,11.211,10.582,11.2123,487692,30.3
2022-05-06,11.1,11.1,10.212,10.2132,459752,27.6
2022-05-09,10.212,10.212,9.213,9.2141,819314,24.9
2022-05-10,8.399,9.398,8.325,9.1771,694563,24.8
2022-05-11,9.435,9.435,9.102,9.1771,191731,24.8
2022-05-12,9.176,9.176,8.288,8.289,859117,22.4
2022-05-13,7.474,8.214,7.474,7.4749,1627230,20.2
2022-05-16,6.734,8.14,6.734,7.6599,628746,20.7
2022-05-17,6.919,8.399,6.919,8.4,751548,22.7
2022-05-18,8.51,8.954,8.325,8.363,893595,22.6
2022-05-19,8.325,8.695,7.807,8.548,819778,23.1
2022-05-20,8.547,8.917,8.325,8.511,620176,23
2022-05-23,8.51,8.584,7.77,7.9189,653424,21.4
2022-05-24,7.918,8.288,7.659,8.289,553837,22.4
2022-05-25,8.325,8.88,8.177,8.77,745463,23.7
2022-05-26,8.769,9.139,8.769,8.881,595738,24
2022-05-27,8.88,9.065,8.658,8.807,577703,23.8
2022-05-30,8.806,9.028,8.806,8.844,609728,23.9
2022-05-31,8.843,8.917,8.325,8.696,491618,23.5
2022-06-01,8.658,8.806,8.473,8.659,467100,23.4
2022-06-02,8.695,8.88,8.399,8.4,726273,22.7
2022-06-03,8.399,8.621,8.214,8.2149,582793,22.2
2022-06-06,8.251,8.695,8.214,8.326,528474,22.5
2022-06-07,8.325,8.362,7.807,8.252,534305,22.3
2022-06-08,8.325,8.695,8.288,8.474,764570,22.9
2022-06-09,8.51,8.843,8.51,8.733,717457,23.6
2022-06-10,8.695,8.843,8.436,8.474,698733,22.9
2022-06-13,7.77,8.251,7.659,7.6599,951764,20.7
2022-06-14,7.622,7.77,7.326,7.5489,515439,20.4
2022-06-15,7.548,7.585,6.808,6.8828,1079637,18.6
2022-06-16,6.882,7.215,6.512,6.6608,666488,18
2022-06-17,6.66,6.66,5.994,5.9947,1399045,16.2
2022-06-20,5.402,6.179,5.402,5.4026,945417,14.6
2022-06-21,5.032,5.883,4.884,5.7357,2382976,15.5
2022-06-22,5.18,6.29,5.18,6.2167,1035951,16.8
2022-06-23,6.179,6.29,5.735,6.2167,673028,16.8
2022-06-24,6.142,6.364,6.068,6.1427,1163721,16.6
2022-06-27,6.253,6.623,6.142,6.6238,1094743,17.9
2022-06-28,6.623,6.697,6.475,6.4757,1017517,17.5
2022-06-29,6.512,6.734,6.401,6.5128,1098399,17.6
2022-06-30,6.512,6.882,6.142,6.1427,1509306,16.6
2022-07-01,6.142,6.734,5.957,6.5498,1215472,17.7
2022-07-04,6.549,6.993,6.549,6.8828,1444533,18.6
2022-07-05,6.882,6.956,6.66,6.7348,1146303,18.2
2022-07-06,6.66,6.734,6.29,6.3647,1044898,17.2
2022-07-07,6.327,6.512,6.216,6.4387,722551,17.4
2022-07-08,6.438,6.882,6.438,6.8088,1148534,18.4
2022-07-11,6.808,6.956,6.475,6.6238,1069313,17.9
2022-07-12,6.623,6.808,6.549,6.8088,746803,18.4
2022-07-13,6.808,6.956,6.66,6.7348,856378,18.2
2022-07-14,6.66,7.4,6.623,7.4009,2398000,20
2022-07-15,7.4,7.585,7.178,7.1788,1200768,19.4
2022-07-18,7.215,7.4,7.141,7.1788,1273568,19.4
2022-07-19,7.178,7.511,7.03,7.4379,2341757,20.1
2022-07-20,7.474,8.066,7.474,7.8819,2241574,21.3
2022-07-21,7.955,7.955,7.659,7.6969,1059004,20.8
2022-07-22,7.77,7.881,7.511,7.5119,1617275,20.3
2022-07-25,7.511,7.918,7.363,7.7709,1557962,21
2022-07-26,7.77,7.918,7.622,7.6969,848484,20.8
2022-07-27,7.696,8.029,7.548,7.9559,1872227,21.5
2022-07-28,8.103,8.732,7.992,8.2149,1914562,22.2
2022-07-29,8.251,8.473,8.14,8.252,1525734,22.3
2022-08-01,8.214,8.88,8.214,8.77,2379522,23.7
2022-08-02,8.769,8.843,8.51,8.622,1920330,23.3
2022-08-03,8.51,8.88,8.436,8.844,2100550,23.9
2022-08-04,8.843,8.991,8.621,8.733,1930553,23.6
2022-08-05,8.695,9.25,8.658,9.2511,3165666,25
2022-08-08,9.213,9.435,9.213,9.2881,2466170,25.1
2022-08-09,9.361,9.398,9.139,9.2881,1963424,25.1
2022-08-10,9.287,9.324,9.139,9.1401,2390619,24.7
2022-08-11,9.176,9.361,8.917,9.029,3825817,24.4
2022-08-12,9.3702,9.9015,9.177,9.9019,2323349,20.5
2022-08-15,9.9015,10.2396,9.8049,9.8536,1602573,20.4
2022-08-16,9.8532,9.9015,9.66,9.757,1248024,20.2
2022-08-17,9.66,9.8532,9.5634,9.6121,2004122,19.9
2022-08-18,9.6117,9.9015,9.4668,9.8053,1930915,20.3
2022-08-19,9.7083,9.9498,9.5634,9.6604,1554129,20
2022-08-22,9.66,9.7566,9.3702,9.4189,1735111,19.5
2022-08-23,9.4668,9.9498,9.0804,9.9502,3747774,20.6
2022-08-24,8.9838,10.0464,8.9838,9.8536,1795351,20.4
2022-08-25,9.8532,10.0464,9.8049,9.8536,1856381,20.4
2022-08-26,9.8532,9.9015,9.4668,9.5638,2192530,19.8
2022-08-29,9.5151,9.5151,8.9355,9.4189,2889208,19.5
2022-08-30,9.4668,9.7083,9.3219,9.3223,1320426,19.3
2022-08-31,9.3219,9.4668,9.1287,9.3706,969981,19.4
2022-09-05,9.3702,9.5151,9.177,9.274,855475,19.2
2022-09-06,9.3219,9.4668,9.2736,9.3223,1297462,19.3
2022-09-07,9.2736,9.4185,8.9355,8.9359,1718720,18.5
2022-09-08,8.0661,9.1287,8.0661,8.5978,1688572,17.8
2022-09-09,7.7763,8.9355,7.7763,8.6944,1464272,18
2022-09-12,8.8389,8.9355,8.5974,8.5978,621902,17.8
2022-09-13,8.694,8.694,8.5008,8.6461,702226,17.9
2022-09-14,8.5008,8.8872,8.211,8.8393,1645348,18.3
2022-09-15,8.8872,8.9838,8.694,8.791,685827,18.2
2022-09-16,8.7906,8.7906,8.3076,8.308,893384,17.2
2022-09-19,8.3076,8.3559,7.6314,7.7283,1711174,16
2022-09-20,7.728,8.2593,7.6797,8.2114,1435759,17
2022-09-21,8.211,8.2593,7.9695,8.1631,608220,16.9
2022-09-22,7.3899,8.5974,7.3899,8.5495,1386323,17.7
2022-09-23,8.5974,8.5974,8.211,8.308,925959,17.2
2022-09-26,8.0661,8.211,7.5831,7.9216,1639628,16.4
2022-09-27,7.7763,8.1627,7.7763,8.0665,739609,16.7
2022-09-28,7.9695,8.4525,7.9212,8.2114,2174853,17
2022-09-29,8.3559,8.5491,8.1144,8.1148,1441489,16.8
2022-09-30,7.9695,8.4525,7.6797,8.4529,2740474,17.5
2022-10-03,8.4525,8.4525,7.6314,7.6317,1678862,15.8
2022-10-04,7.7763,8.0178,7.6314,7.6317,1800629,15.8
2022-10-05,7.6797,8.3076,7.6797,8.1631,1424447,16.9
2022-10-06,8.1627,8.2593,7.6797,7.7283,1612741,16
2022-10-07,7.9695,7.9695,7.0035,7.2936,2565897,15.1
2022-10-10,7.3416,7.8246,6.762,7.7283,1222569,16
2022-10-11,6.9552,7.8246,6.9552,6.9555,1563898,14.4
2022-10-12,6.279,7.4865,6.279,7.197,1181595,14.9
2022-10-13,7.245,7.2933,6.9552,7.0521,1060659,14.6
2022-10-14,7.1001,7.5831,7.1001,7.2453,1718381,15
2022-10-17,7.245,7.245,7.0035,7.197,688984,14.9
2022-10-18,7.3899,7.4865,7.1484,7.1487,958996,14.8
2022-10-19,7.1967,7.3416,7.1484,7.2936,773954,15.1
2022-10-20,7.245,7.2933,7.1484,7.1487,452251,14.8
2022-10-21,7.1484,7.1484,6.4722,6.4725,2221007,13.4
2022-10-24,6.5205,6.6654,5.8443,5.8446,2025717,12.1
2022-10-25,5.8443,6.279,5.3613,5.8446,1475427,12.1
2022-10-26,5.2647,6.0375,5.2647,5.6514,627559,11.7
2022-10-27,5.1198,6.1824,5.1198,6.1827,1475877,12.8
2022-10-28,6.279,6.5205,6.1824,6.231,1065658,12.9
2022-10-31,6.279,6.5205,5.9892,6.4242,1207491,13.3
2022-11-01,6.5205,6.8103,6.5205,6.5691,1022594,13.6
2022-11-02,5.9409,6.6654,5.9409,6.4725,720620,13.4
2022-11-03,6.3756,6.5688,6.2307,6.3759,895183,13.2
2022-11-04,5.7477,6.3756,5.7477,5.9895,1055181,12.4
2022-11-07,5.4096,6.0858,5.4096,5.4098,1507991,11.2
2022-11-08,5.3613,5.6994,5.0232,5.6997,756875,11.8
2022-11-09,5.1681,5.9409,5.1681,5.6997,597508,11.8
2022-11-10,5.2164,5.6028,5.1681,5.1683,1600433,10.7
2022-11-11,4.7817,5.5545,4.6851,5.0234,1173630,10.4
2022-11-14,4.5402,5.1681,4.5402,4.8302,1882875,10
2022-11-15,4.3953,4.83,4.347,4.3472,1734802,9
2022-11-16,3.9123,4.7817,3.9123,4.7819,2297986,9.9
2022-11-17,4.83,5.1681,4.83,5.12,1153018,10.6
2022-11-18,4.6368,5.6028,4.6368,5.4098,2094810,11.2
2022-11-21,4.8783,5.5545,4.8783,5.5064,1011887,11.4
2022-11-22,5.2647,6.0375,5.1198,5.603,1878469,11.6
2022-11-23,5.6028,5.6994,5.2647,5.2649,890562,10.9
2022-11-24,5.2647,5.5062,5.0715,5.4098,1255676,11.2
2022-11-25,5.2647,5.9409,5.2647,5.9412,1682278,12.3
2022-11-28,6.1341,6.5205,6.0858,6.5208,2365884,13.5
2022-11-29,6.4239,6.8586,6.1824,6.6657,4142748,13.8
2022-11-30,6.0375,6.8586,6.0375,6.714,2790411,13.9
2022-12-01,6.762,6.9552,6.3756,6.4242,4325145,13.3
2022-12-02,6.4239,7.0518,6.1824,7.0521,4640128,14.6
2022-12-05,7.1967,7.4382,7.0518,7.3419,3933115,15.2
2022-12-06,6.6171,7.728,6.6171,6.6174,4982801,13.7
2022-12-07,6.279,6.762,6.2307,6.2793,4294738,13
2022-12-08,5.9409,6.9069,5.8926,6.9072,3679730,14.3
2022-12-09,7.0518,7.1001,6.6171,6.7623,2645962,14
2022-12-12,6.762,7.1001,6.279,6.2793,3420228,13
2022-12-13,5.6511,6.8586,5.6511,6.8589,3160352,14.2
2022-12-14,6.9069,7.1484,6.7137,6.7623,2843222,14
2022-12-15,6.7137,6.9069,6.279,6.8106,1766029,14.1
2022-12-16,6.3273,6.9552,6.3273,6.7623,2658891,14
2022-12-19,6.7137,7.1484,6.6654,6.6657,4265348,13.8
2022-12-20,6.4722,6.762,6.3273,6.4725,3412111,13.4
2022-12-21,5.8443,6.7137,5.8443,6.2793,3237144,13
2022-12-22,5.6511,6.5205,5.6511,6.3759,1185312,13.2
2022-12-23,6.3756,6.3756,6.0858,6.1827,1178500,12.8
2022-12-26,5.796,6.1824,5.6028,5.6514,2310881,11.7
2022-12-27,5.1198,6.1824,5.1198,6.1827,1473876,12.8
2022-12-28,6.2307,6.3273,6.0375,6.1827,1376386,12.8
2022-12-29,6.1824,6.2307,5.8443,5.9412,890725,12.3
2022-12-30,5.9409,6.1341,5.9409,5.9412,1249628,12.3
2023-01-03,5.5545,6.5205,5.5545,6.5208,3080340,13.5
2023-01-04,6.1824,6.7137,6.1341,6.4242,1884177,13.3
2023-01-05,6.2307,6.5688,6.0858,6.4725,1674905,13.4
2023-01-06,5.8926,6.9069,5.8926,6.6174,4345165,13.7
2023-01-09,6.762,6.8586,6.5688,6.5691,1425350,13.6
2023-01-10,6.3756,6.8103,6.0375,6.714,2073992,13.9
2023-01-11,6.4722,7.0518,6.4722,6.8589,2870390,14.2
2023-01-12,6.9069,6.9552,6.7137,6.8589,1618383,14.2
2023-01-13,6.9069,7.1484,6.762,6.8106,2735440,14.1
2023-01-16,6.8103,7.0518,6.762,6.9072,1767304,14.3
2023-01-17,7.0035,7.2933,7.0035,7.2936,2547198,15.1
2023-01-18,7.3416,7.3416,7.1484,7.2453,2207075,15
2023-01-19,7.1967,7.4865,7.1001,7.3902,2752650,15.3
2023-01-27,7.3899,7.728,7.245,7.2453,1883403,15
2023-01-30,7.2933,7.4382,6.9552,7.197,2978195,14.9
2023-01-31,7.1967,7.3416,7.0035,7.3419,2477797,15.2
2023-02-01,7.3899,7.4865,6.7137,6.7623,4169156,14
2023-02-02,6.8103,6.9069,6.7137,6.8106,2465402,14.1
2023-02-03,6.9069,6.9552,6.762,6.8106,1202091,14.1
2023-02-06,6.9552,6.9552,6.6654,6.8106,1381825,14.1
2023-02-07,6.8103,6.9552,6.5205,6.5691,3017095,13.6
2023-02-08,6.5688,6.8103,6.5205,6.7623,1843170,14
2023-02-09,6.762,6.8103,6.6171,6.6174,720208,13.7
2023-02-10,6.6171,6.6654,6.4722,6.4725,1283452,13.4
2023-02-13,6.4722,6.5205,6.0375,6.1827,2801377,12.8
2023-02-14,6.2307,6.3756,6.1824,6.231,654380,12.9
2023-02-15,6.2307,6.5688,6.2307,6.4725,1162694,13.4
2023-02-16,6.5205,6.6654,6.5205,6.6657,1283660,13.8
2023-02-17,6.6654,6.7137,6.5205,6.5691,969573,13.6
2023-02-20,6.6171,7.1484,6.5688,7.1487,3156738,14.8
2023-02-21,7.1484,7.1967,7.0035,7.0521,2291056,14.6
2023-02-22,6.9552,7.0035,6.6654,6.6657,3730029,13.8
2023-02-23,6.6654,6.7137,6.4239,6.714,1979316,13.9
2023-02-24,6.7137,6.762,6.5205,6.5208,1360276,13.5
2023-02-27,6.5205,6.5205,6.1824,6.1827,2227623,12.8
2023-02-28,6.1824,6.3756,6.1824,6.231,1031230,12.9
2023-03-01,6.2307,6.5205,6.1824,6.5208,1218097,13.5
2023-03-02,6.5205,6.5688,6.4239,6.4725,812264,13.4
2023-03-03,6.5205,6.6171,6.279,6.2793,1345095,13
2023-03-06,6.279,6.5688,6.279,6.3276,1251506,13.1
2023-03-07,6.279,6.5688,6.279,6.5208,1704830,13.5
2023-03-08,6.4239,6.7137,6.3756,6.714,2204016,13.9
2023-03-09,6.7137,6.762,6.6171,6.714,1493297,13.9
2023-03-10,6.7137,6.7137,6.4722,6.5208,2307427,13.5
2023-03-13,6.4722,6.5688,6.4239,6.5691,1604750,13.6
2023-03-14,5.9409,6.5688,5.9409,6.2793,1858373,13
2023-03-15,6.4239,6.8586,6.4239,6.8589,3745063,14.2
2023-03-16,6.762,6.8586,6.6171,6.6174,2050341,13.7
2023-03-17,6.6171,6.8103,6.6171,6.6174,1590238,13.7
2023-03-20,6.6171,6.6654,6.3756,6.4242,1817792,13.3
2023-03-21,6.4239,6.6171,6.3756,6.5691,1496116,13.6
2023-03-22,6.5688,6.762,6.5688,6.6174,1675468,13.7
2023-03-23,6.5688,6.8103,6.5205,6.7623,2364748,14
2023-03-24,6.8103,7.0518,6.8103,6.9072,3893967,14.3
2023-03-27,7.0518,7.1484,6.9069,7.0038,3111367,14.5
2023-03-28,7.1001,7.1967,6.9552,6.9555,2701405,14.4
2023-03-29,6.9552,7.1001,6.9069,7.0521,2584648,14.6
2023-03-30,7.1001,7.4865,7.0518,7.1487,4900278,14.8
2023-03-31,7.1484,7.6314,7.1001,7.6317,7824288,15.8
2023-04-03,7.7763,8.0661,7.728,7.9699,4037044,16.5
2023-04-04,7.9695,8.211,7.8246,8.1631,4467283,16.9
2023-04-05,8.1144,8.211,7.9695,8.1148,4291197,16.8
2023-04-06,8.1144,8.3076,7.6797,7.7283,6002730,16
2023-04-07,7.728,8.2593,7.728,8.1631,6049792,16.9
2023-04-10,8.211,8.4525,7.8729,8.0665,4639759,16.7
2023-04-11,8.0661,8.3559,7.9212,8.308,4428933,17.2
2023-04-12,8.3076,8.4042,8.0178,8.0665,2226439,16.7
2023-04-13,8.1627,8.1627,7.8729,7.8732,3122975,16.3
2023-04-14,7.9695,8.0661,7.6314,7.7283,5115302,16
2023-04-17,7.7763,7.8246,7.6314,7.8249,1583366,16.2
2023-04-18,7.8246,8.1627,7.728,8.1148,3940937,16.8
2023-04-19,8.1144,8.3559,7.9212,7.9216,5010541,16.4
2023-04-20,7.8729,8.0661,7.8729,8.0665,1570257,16.7
2023-04-21,8.0661,8.6457,8.0661,8.5012,7986890,17.6
2023-04-24,8.4525,8.6457,8.3559,8.4046,3962393,17.4
2023-04-25,8.4042,8.4525,7.728,7.8732,6245795,16.3
2023-04-26,7.8729,8.1144,7.728,8.0665,1782136,16.7
2023-04-27,8.1144,8.1144,7.9212,8.0182,1952388,16.6
2023-04-28,7.245,8.211,7.245,8.1148,2822731,16.8
2023-05-04,8.1627,8.4042,8.0178,8.308,3846237,17.2
2023-05-05,8.3076,8.5974,8.2593,8.4529,4061100,17.5
2023-05-08,8.5491,8.694,8.4042,8.5012,2806076,17.6
2023-05-09,8.4042,8.5974,8.3076,8.5012,2177098,17.6
2023-05-10,8.5008,8.7423,8.4525,8.4529,3624050,17.5
2023-05-11,8.4042,8.5491,8.3076,8.3563,3465280,17.3
2023-05-12,8.3559,8.5491,8.2593,8.5495,3770002,17.7
2023-05-15,8.5491,8.8389,8.4042,8.4046,3349365,17.4
2023-05-16,8.4042,8.5008,8.3076,8.4046,2041832,17.4
2023-05-17,8.4042,8.4525,8.0178,8.1148,5075953,16.8
2023-05-18,8.1627,8.4525,8.1144,8.2597,2921780,17.1
2023-05-19,8.3076,8.4525,8.1627,8.2597,1995093,17.1
2023-05-22,8.3076,8.4525,8.2593,8.4046,2095279,17.4
2023-05-23,8.4042,8.5974,8.4042,8.4529,4857929,17.5
2023-05-24,8.6457,8.6457,8.5008,8.5012,3534715,17.6
2023-05-25,8.5008,8.5491,8.3076,8.4046,2553361,17.4
2023-05-26,8.4042,8.5008,8.3559,8.4529,2016475,17.5
2023-05-29,8.5008,8.8872,8.5008,8.8876,5734647,18.4
2023-05-30,8.9355,9.0321,8.7423,8.9359,3681849,18.5
2023-05-31,8.9355,8.9838,8.7423,8.8393,3357313,18.3
2023-06-01,8.8389,8.9838,8.694,8.8876,3179195,18.4
2023-06-02,8.9838,9.0804,8.8872,8.9359,2937570,18.5
2023-06-05,8.9355,9.1287,8.7423,8.791,3361306,18.2
2023-06-06,8.7906,9.0804,8.6457,9.0808,6655106,18.8
2023-06-07,9.1287,9.177,8.9355,9.0325,3118170,18.7
2023-06-08,9.0321,9.0804,8.694,8.6944,4012165,18
2023-06-09,8.694,8.8389,8.5491,8.8393,3316507,18.3
2023-06-12,8.8872,8.9838,8.694,8.8876,2581675,18.4
2023-06-13,8.8872,9.0321,8.7906,8.9359,3444674,18.5
2023-06-14,8.9355,9.2736,8.9355,8.9842,7245422,18.6
2023-06-15,8.9838,9.0804,8.9355,9.0325,2062220,18.7
2023-06-16,9.0321,9.5634,9.0321,9.1291,6085076,18.9
2023-06-19,9.1287,9.2253,9.0321,9.1291,2425797,18.9
2023-06-20,9.1287,9.3219,9.0804,9.274,1823318,19.2
2023-06-21,9.4185,9.5634,9.2736,9.3706,2807122,19.4
2023-06-22,9.3702,9.4668,9.2736,9.3223,2705067,19.3
2023-06-23,9.3702,9.4668,9.2736,9.4189,3204121,19.5
2023-06-26,9.4185,9.4185,8.7423,9.3223,3826350,19.3
2023-06-27,9.3219,9.3702,9.177,9.2257,2166298,19.1
2023-06-28,9.3219,9.4185,9.177,9.2257,1885471,19.1
2023-06-29,9.2253,9.2736,8.8872,8.8876,3278725,18.4
2023-06-30,8.8872,9.0321,8.8872,8.9359,1951366,18.5
2023-07-03,8.9838,9.0321,8.8872,8.8876,1493914,18.4
2023-07-04,8.9355,9.177,8.8872,9.1291,2099570,18.9
2023-07-05,9.2253,9.8532,9.1287,9.3706,7483066,19.4
2023-07-06,9.4185,9.66,9.2736,9.5155,4957105,19.7
2023-07-07,9.5151,9.66,9.2253,9.5638,2825974,19.8
2023-07-10,9.6117,10.0464,9.5634,9.9502,4398366,20.6
2023-07-11,9.8532,10.0464,9.8049,9.8053,3070148,20.3
2023-07-12,9.8532,10.0464,9.6117,9.757,4866260,20.2
2023-07-13,9.8049,9.9015,9.6117,9.8536,2723637,20.4
2023-07-14,9.9015,9.9498,9.66,9.8536,3511765,20.4
2023-07-17,9.8532,9.9498,9.7566,9.8536,3794424,20.4
2023-07-18,9.8532,9.9015,9.7083,9.757,1885633,20.2
2023-07-19,9.7566,9.8049,9.6117,9.6121,3745049,19.9
2023-07-20,9.6117,9.66,9.4185,9.5155,3320004,19.7
2023-07-21,9.5634,9.8049,9.5151,9.8053,2517849,20.3
2023-07-24,9.8049,9.9498,9.66,9.757,4105855,20.2
2023-07-25,9.8532,9.9015,9.7083,9.757,3098877,20.2
2023-07-26,9.7083,9.8049,9.66,9.8053,2046205,20.3
2023-07-27,9.7566,10.0464,9.7566,9.9502,5011115,20.6
2023-07-28,9.9498,10.2396,9.9015,10.1918,5181153,21.1
2023-07-31,10.1913,10.3845,10.0947,10.2401,2646568,21.2
2023-08-01,10.2396,10.2879,9.9015,9.9019,3719279,20.5
2023-08-02,9.9015,10.0947,9.8532,10.0468,2534615,20.8
2023-08-03,10.0464,10.0947,9.8049,9.8053,2757704,20.3
2023-08-04,9.8049,10.0464,9.8049,9.9985,2342197,20.7
2023-08-07,10.0464,10.3845,10.0464,10.2401,3764607,21.2
2023-08-08,10.2879,10.4328,10.1913,10.2401,4055539,21.2
2023-08-09,10.2879,10.3362,9.9981,10.0468,4885082,20.8
2023-08-10,9.9972,10.4971,9.9972,10.0537,2882058,18.1
2023-08-11,9.9972,10.1638,9.8306,10.1648,2008240,18.3
2023-08-14,10.2194,10.8858,10.1638,10.6091,4521768,19.1
2023-08-15,10.6081,10.7192,10.4415,10.4981,1904269,18.9
2023-08-16,10.4971,10.5526,10.3304,10.4981,2009128,18.9
2023-08-17,10.4971,10.8303,10.4971,10.5536,4351124,19
2023-08-18,10.5526,10.6081,9.4973,9.4982,5993379,17.1
2023-08-21,9.1641,9.8861,9.1641,9.6649,3433418,17.4
2023-08-22,9.664,10.2194,9.1641,10.0537,4135476,18.1
2023-08-23,10.0527,10.3304,9.9417,9.9981,1702525,18
2023-08-24,10.0527,10.2749,9.8861,10.2759,2913447,18.5
2023-08-25,10.2749,10.4971,10.1638,10.3314,3465352,18.6
2023-08-26,18.5,18.9,18.3,18.6,3465352,18.6
2023-08-28,10.3304,10.4971,10.2749,10.4425,2857398,18.8
2023-08-29,10.5526,10.6637,10.386,10.6091,3265132,19.1
2023-08-30,10.6637,11.2191,10.4971,11.1646,6872831,20.1
2023-08-31,11.1635,11.4412,11.1635,11.3312,3497716,20.4
2023-09-05,11.3302,11.5523,11.2191,11.3312,3655522,20.4
2023-09-06,11.3302,11.9966,11.1635,11.72,3971793,21.1
2023-09-07,11.7189,11.83,11.4968,11.609,3223235,20.9
2023-09-08,11.6634,11.7745,11.4968,11.6645,2446191,21
2023-09-11,11.7189,11.9966,11.5523,11.6645,4294387,21
2023-09-12,11.6079,12.8297,11.5523,12.831,6027611,23.1
2023-09-13,12.8297,13.2185,12.441,12.7754,4981329,23
2023-09-14,12.7742,13.4962,12.6631,13.1087,6078282,23.6
2023-09-15,13.163,13.2741,12.6076,12.9976,3516105,23.4
2023-09-18,12.9964,13.2185,12.7187,13.0531,3437709,23.5
2023-09-20,13.3851,13.885,13.3851,13.6086,3214644,24.5
2023-09-21,13.6073,13.6628,12.9408,12.9976,5104294,23.4
2023-09-22,12.7742,12.7742,11.7745,12.1089,7576014,21.8
2023-09-25,12.1077,12.3854,10.9414,10.9424,5784735,19.7
2023-09-26,10.9414,11.9966,10.6637,11.4979,6428795,20.7
2023-09-27,11.4968,12.6076,11.4968,12.6088,6300416,22.7
2023-09-28,12.2188,12.9964,12.2188,12.7199,6031558,22.9
2023-09-29,12.9964,12.9964,12.3299,12.6643,4889894,22.8
2023-10-02,12.6631,12.7187,12.1633,12.22,5082083,22
2023-10-03,12.1633,12.2188,11.108,11.4423,8092560,20.6
2023-10-04,11.4412,12.4965,10.9414,12.0533,4850804,21.7
2023-10-05,12.1633,12.2188,11.4412,11.609,4405729,20.9
2023-10-06,11.4968,12.2743,11.4412,12.22,4199974,22
2023-10-09,12.2188,12.552,12.0522,12.4421,4523193,22.4
2023-10-10,12.4965,13.163,12.441,12.4977,7409665,22.5
2023-10-11,12.552,13.0519,12.2743,13.0531,5722030,23.5
2023-10-12,13.0519,13.2185,12.6631,12.8865,5409745,23.2
2023-10-13,12.8853,12.9964,12.441,12.7199,5751636,22.9
2023-10-16,12.6631,12.8853,12.2188,12.22,4627301,22
2023-10-17,12.2188,12.4965,11.3302,11.3312,5037530,20.4
2023-10-18,11.3302,11.83,10.6081,11.5534,8511228,20.8
2023-10-19,11.6079,11.6634,10.9969,10.998,3922089,19.8
2023-10-20,10.9969,11.5523,10.386,11.4979,6719577,20.7
2023-10-23,11.4968,11.5523,10.9969,11.2201,2376859,20.2
2023-10-24,11.2746,11.4968,11.0525,11.3312,2343242,20.4
2023-10-25,11.3857,11.5523,10.9969,11.0535,3347971,19.9
2023-10-26,10.9414,11.0525,9.9972,10.0537,8993754,18.1
2023-10-30,10.3304,10.3304,9.5529,9.5538,2458443,17.2
2023-10-31,9.4418,9.775,8.7753,8.8872,5560070,16
2023-11-01,8.8309,9.664,7.9978,9.6093,4455664,17.3
2023-11-02,9.7195,10.4415,9.7195,10.3314,5499914,18.6
2023-11-03,10.4971,10.5526,10.0527,10.2203,3483544,18.4
2023-11-06,10.386,10.4971,10.2194,10.387,3245406,18.7
2023-11-07,10.386,10.6637,10.1638,10.387,3924535,18.7
2023-11-08,10.386,11.3857,10.2194,11.3868,6928466,20.5
2023-11-09,11.4412,11.9411,11.3302,11.3312,7057145,20.4
2023-11-10,11.3302,11.7745,11.1635,11.3312,5809436,20.4
2023-11-13,11.3302,11.6079,11.0525,11.4423,3760251,20.6
2023-11-14,11.4968,11.83,11.3857,11.609,3712027,20.9
2023-11-15,11.6634,12.3299,11.6079,11.72,5616780,21.1
2023-11-16,11.7189,11.9411,11.5523,11.9422,3062734,21.5
2023-11-17,11.9966,12.1077,11.3857,11.4423,7175900,20.6
2023-11-20,11.3857,12.0522,11.0525,11.8867,5993434,21.4
2023-11-21,11.9411,12.1077,11.83,11.9978,4046166,21.6
2023-11-22,12.0522,12.2188,11.9411,12.22,5870923,22
2023-11-23,12.2188,12.3854,11.0525,11.0535,4868655,19.9
2023-11-24,11.108,11.9411,11.0525,11.9422,6707185,21.5
2023-11-27,11.9411,11.9966,11.5523,11.609,2899603,20.9
2023-11-28,11.6079,11.9411,11.2746,11.8867,4693460,21.4
2023-11-29,11.9411,12.1633,11.83,11.9978,4615702,21.6
2023-11-30,11.83,12.1633,11.83,11.8867,4275628,21.4
2023-12-01,11.9411,12.1633,11.7745,12.0533,3839095,21.7
2023-12-04,12.1077,13.0519,12.0522,12.7754,8254142,23
2023-12-05,12.8297,13.0519,12.6631,12.8865,5254906,23.2
2023-12-06,12.8853,13.0519,12.7742,12.9976,4021667,23.4
2023-12-07,12.9964,13.0519,12.2743,12.5532,10385915,22.6
2023-12-08,12.552,12.6076,11.9966,12.22,3941795,22
2023-12-11,12.2188,12.552,12.0522,12.4977,3340948,22.5
2023-12-12,11.2746,12.552,11.2746,12.4421,2098533,22.4
2023-12-13,12.441,12.6631,12.1077,12.1644,4194134,21.9
2023-12-14,12.3854,12.6076,12.1633,12.22,3243464,22
2023-12-15,12.2188,12.7742,12.2188,12.5532,5126636,22.6
2023-12-18,12.552,12.6631,12.2743,12.4977,2957155,22.5
2023-12-19,12.3299,12.8297,11.2746,12.831,4523894,23.1
2023-12-20,12.8297,12.9408,12.7187,12.7754,3404029,23
2023-12-21,11.83,12.8297,11.83,12.7199,1872303,22.9
2023-12-22,12.7742,12.9408,12.3854,12.5532,3665640,22.6
2023-12-25,12.552,12.7187,12.441,12.6088,2891577,22.7
2023-12-26,11.3857,12.7187,11.3857,12.6088,2769519,22.7
2023-12-27,12.6631,12.8853,12.6631,12.6643,3100056,22.8
2023-12-28,11.4412,12.7742,11.4412,12.6643,2037485,22.8
2023-12-29,12.6631,12.7187,12.552,12.6088,2756602,22.7
2024-01-02,12.7187,12.7742,12.4965,12.4977,3229161,22.5
2024-01-03,12.552,12.6076,12.441,12.6088,2134101,22.7
2024-01-04,12.6076,12.9964,12.6076,12.6088,6839170,22.7
2024-01-05,12.6076,12.7742,12.552,12.7199,2069619,22.9
2024-01-08,12.8853,12.9964,12.7187,12.8865,3948495,23.2
2024-01-09,12.552,12.9964,12.552,12.7199,3281245,22.9
2024-01-10,12.7187,12.8297,12.4965,12.6088,4319216,22.7
2024-01-11,12.7742,13.2185,12.7187,12.9976,7660532,23.4
2024-01-12,13.1074,13.2185,12.7742,12.8865,5175104,23.2
2024-01-15,12.9408,13.1074,12.6076,12.6088,3581489,22.7
2024-01-16,12.6076,12.9408,12.4965,12.942,3519688,23.3
2024-01-17,12.9408,13.6073,12.8297,13.1642,8442930,23.7
2024-01-18,11.8856,13.4407,11.8856,13.1087,2434548,23.6
2024-01-19,13.1074,13.3296,12.9408,12.9976,4175529,23.4
2024-01-22,12.9964,13.3851,12.8853,13.3864,4442595,24.1
2024-01-23,13.3296,13.4962,13.2185,13.4419,3758568,24.2
2024-01-24,13.4407,13.8295,13.3851,13.553,7722039,24.4
2024-01-25,13.5518,13.7739,13.4962,13.7197,3052253,24.7
2024-01-26,13.7184,13.8295,13.6073,13.6641,3726280,24.6
2024-01-29,13.6628,13.7739,13.5518,13.6641,2330371,24.6
2024-01-30,13.6628,13.8295,13.4407,13.8308,3151121,24.9
2024-01-31,13.8295,14.5515,13.8295,14.2751,8537787,25.7
2024-02-01,14.2738,14.3849,14.1627,14.3862,2728806,25.9
2024-02-02,14.3849,15.2735,14.3849,14.775,4721308,26.6
2024-02-05,14.8292,15.218,14.607,15.0528,3332957,27.1
2024-02-06,15.1624,15.218,14.7736,14.8306,4541794,26.7
2024-02-07,14.8847,15.1624,14.7736,14.9972,2579347,27
2024-02-15,15.0513,15.1069,14.8292,15.0528,2787788,27.1
2024-02-16,15.0513,15.3846,14.9403,15.1083,2421731,27.2
2024-02-19,15.1069,15.218,14.6626,15.0528,5820290,27.1
2024-02-20,15.1624,15.4401,15.0513,15.1639,4047297,27.3
2024-02-21,15.1624,15.1624,14.8292,14.9972,3370436,27
2024-02-22,14.9958,15.0513,14.607,14.7195,4496686,26.5
2024-02-23,14.7181,14.9958,14.4404,14.5529,6082657,26.2
2024-02-26,14.607,15.6067,14.4959,15.5527,8172877,28
2024-02-27,15.5512,15.7734,15.4401,15.4971,4433464,27.9
2024-02-28,15.5512,15.6067,15.218,15.4971,4620900,27.9
2024-02-29,15.4957,15.8289,15.329,15.4971,4242483,27.9
2024-03-01,15.5512,16.2732,15.5512,15.7748,4944699,28.4
2024-03-04,15.8289,16.1621,15.7178,15.7193,4899194,28.3
2024-03-05,15.7178,16.3288,15.6067,16.2192,5476117,29.2
2024-03-06,16.1621,16.3843,15.7178,16.1081,4721171,29
2024-03-07,16.1621,16.5509,15.9955,16.2192,5459637,29.2
2024-03-08,16.2177,16.3288,15.8289,15.8859,7136845,28.6
2024-03-11,15.8844,15.9955,15.2735,15.4971,4589757,27.9
2024-03-12,15.5512,15.7178,15.218,15.4971,5371628,27.9
2024-03-13,15.4957,16.4398,15.4401,16.3303,6712893,29.4
2024-03-14,16.3288,16.8286,16.1621,16.5525,6503159,29.8
2024-03-15,16.5509,16.6065,16.0511,16.4969,4655948,29.7
2024-03-18,16.4954,16.5509,14.9958,15.8304,9654573,28.5
2024-03-19,15.8289,15.8844,15.5512,15.6638,1893063,28.2
2024-03-20,15.7178,15.94,15.6067,15.9415,3174542,28.7
2024-03-21,15.9955,16.4398,15.9955,16.3303,5608431,29.4
2024-03-22,16.662,16.662,16.2732,16.4969,5361484,29.7
2024-03-25,16.4954,16.6065,15.94,16.1081,5901436,29
2024-03-26,15.9955,16.2732,15.8844,16.2748,3405145,29.3
2024-03-27,16.3288,16.5509,16.2732,16.3858,2288120,29.5
2024-03-28,16.3843,17.1063,16.3843,17.1079,6563448,30.8
2024-03-29,17.2174,17.2174,16.8286,16.8302,2789378,30.3
2024-04-01,16.8286,16.9397,16.4398,16.6636,4753195,30
2024-04-02,16.7175,16.8842,16.2732,16.8858,4660777,30.4
2024-04-03,17.1063,17.1619,16.4954,16.4969,6216096,29.7
2024-04-04,16.5509,16.5509,16.2732,16.3303,3896641,29.4
2024-04-05,16.2177,16.3288,15.7178,15.7193,4659266,28.3
2024-04-08,15.7178,15.94,15.5512,15.7193,3049339,28.3
2024-04-09,15.7178,16.2732,15.7178,16.2192,2535578,29.2
2024-04-10,16.3288,16.3288,15.9955,15.997,1643826,28.8
2024-04-11,16.0511,16.1621,15.4401,16.1081,3012006,29
2024-04-12,16.1066,16.4954,15.9955,16.4414,3544810,29.6
2024-04-15,16.6065,16.8286,15.2735,15.4971,8200712,27.9
2024-04-16,15.5512,15.8289,14.9958,15.8304,5245141,28.5
2024-04-17,15.8844,15.94,14.9958,14.9972,4830573,27
2024-04-19,14.9958,15.0513,13.9405,14.2196,8296590,25.6
2024-04-22,14.3849,15.3846,14.3849,15.1639,3815864,27.3
2024-04-23,15.2735,15.3846,14.4404,14.8306,4185200,26.7
2024-04-24,13.3851,15.4957,13.3851,15.4971,3784307,27.9
2024-04-25,15.4957,15.4957,15.0513,15.3305,2206840,27.6
2024-04-26,15.218,15.218,14.8847,14.9972,2696093,27
2024-05-02,14.9958,14.9958,14.4959,14.8861,1728478,26.8
2024-05-03,14.8847,15.218,14.7736,14.8306,2723362,26.7
2024-05-06,14.8292,15.5512,14.8292,15.386,4654622,27.7
2024-05-07,15.4401,15.4957,15.2735,15.4416,2192606,27.8
2024-05-08,15.4401,15.94,15.218,15.8304,5745110,28.5
2024-05-09,15.8289,15.9955,15.5512,15.7193,2678046,28.3
2024-05-10,15.7178,15.8844,15.4401,15.8859,2788115,28.6
2024-05-13,15.94,16.2732,15.7178,16.1081,5220161,29
2024-05-14,16.1621,16.2177,15.94,16.0526,1862734,28.9
2024-05-15,16.1066,16.8842,15.9955,16.608,7823065,29.9
2024-05-16,16.662,16.9397,16.4954,16.6636,3864445,30
2024-05-17,16.662,17.9394,16.662,17.6634,8264068,31.8
2024-05-20,17.6617,17.995,17.4951,17.7745,4196466,32
2024-05-21,17.7173,18.2171,17.4951,18.2188,6600512,32.8
2024-05-22,18.2171,18.5504,17.6617,18.1633,4690661,32.7
2024-05-23,17.3285,18.4393,17.3285,18.441,5019434,33.2
2024-05-24,18.3282,18.4393,17.2174,17.7745,7278386,32
2024-05-27,17.9394,18.3282,17.6062,18.1077,3468910,32.6
2024-05-28,18.106,19.1058,18.106,18.9965,7603260,34.2
2024-05-29,19.0502,19.0502,18.4393,18.6077,3602765,33.5
2024-05-30,18.6059,18.8281,17.9394,18.6632,7069558,33.6
2024-05-31,18.2727,18.7725,18.2727,18.3299,2613025,33
2024-06-03,18.3837,18.7725,18.3837,18.441,3648702,33.2
2024-06-04,18.2171,18.9391,18.2171,18.6077,2807497,33.5
2024-06-05,18.6614,19.1613,18.5504,18.7743,4649430,33.8
2024-06-06,18.8836,18.9947,18.5504,18.6077,2273703,33.5
2024-06-07,18.7725,18.8281,18.2727,18.441,3511439,33.2
2024-06-10,18.5504,18.8836,18.3282,18.6632,3286277,33.6
2024-06-11,18.6614,19.2724,18.6614,19.052,4662144,34.3
2024-06-12,18.8836,19.439,18.8836,19.3853,3496148,34.9
2024-06-13,19.3835,19.6056,19.2724,19.4964,2416485,35.1
2024-06-14,19.6056,19.7722,18.8281,18.8298,5380626,33.9
2024-06-17,18.8836,18.8836,18.3837,18.6632,4197484,33.6
2024-06-18,18.6614,19.0502,18.6059,18.9965,3729383,34.2
2024-06-19,18.9947,19.1058,18.717,19.052,2905382,34.3
2024-06-20,19.0502,19.2168,18.6614,18.9965,3514892,34.2
2024-06-21,18.9947,19.439,18.7725,19.2742,3211528,34.7
2024-06-24,19.2724,19.2724,17.5506,17.6078,8795350,31.7
2024-06-25,17.6062,17.9394,17.5506,17.83,2500120,32.1
2024-06-26,17.8839,17.9394,17.3285,17.7745,2873999,32
2024-06-27,17.7728,17.7728,17.384,17.3857,2013780,31.3
2024-06-28,17.3285,17.7728,16.9397,17.2746,3953504,31.1
2024-07-01,17.2729,17.6617,17.2729,17.6634,1903011,31.8
2024-07-02,17.6617,17.8839,17.6062,17.8856,2190726,32.2
2024-07-03,17.995,18.0505,17.7173,17.83,1518494,32.1
2024-07-04,17.8283,18.1616,17.7173,17.83,1960025,32.1
2024-07-05,17.8283,18.2727,17.6062,18.2188,3474411,32.8
2024-07-08,18.2171,18.8836,18.2171,18.8298,3733053,33.9
2024-07-09,18.9391,19.1613,18.6614,18.8854,3499514,34
2024-07-10,18.8836,18.9947,18.6614,18.6632,2773637,33.6
2024-07-11,18.6614,19.4945,18.6614,19.3853,6175248,34.9
2024-07-12,19.3835,19.7167,19.3279,19.4964,4308483,35.1
2024-07-15,19.5501,19.9389,19.3835,19.5519,2849407,35.2
2024-07-16,19.5501,19.8278,19.0502,19.1631,3607324,34.5
2024-07-17,19.2168,19.8278,18.4948,19.052,7243994,34.3
2024-07-18,19.0502,19.439,19.0502,19.4408,2802516,35
2024-07-19,19.6056,19.8833,19.3835,19.663,5038827,35.4
2024-07-22,19.6612,19.7167,18.1616,18.3299,7082134,33
2024-07-23,18.3282,18.6614,17.2174,17.3301,6149569,31.2
2024-07-24,17.5924,17.9962,16.7272,17.6517,4550010,30.6
2024-07-25,17.6501,17.6501,17.2463,17.594,1886247,30.5
2024-07-26,17.5924,17.8808,17.4194,17.8825,1868981,31
2024-07-29,17.8808,18.1692,17.8231,17.9401,2245307,31.1
2024-07-30,17.9385,17.9962,17.304,17.5364,3049763,30.4
2024-07-31,17.5924,17.8231,17.3617,17.5364,2891069,30.4
2024-08-01,17.5924,17.7078,15.9774,16.0942,7243217,27.9
2024-08-02,14.5354,17.2463,14.5354,17.0749,3976824,29.6
2024-08-05,17.0733,17.0733,15.7466,16.2096,3988096,28.1
2024-08-06,16.2081,17.1886,16.2081,16.9595,3851464,29.4
2024-08-07,16.9579,17.0733,16.5542,16.7864,1767266,29.1
2024-08-08,16.8426,16.9579,16.035,16.2673,2984385,28.2
2024-08-09,16.5542,17.131,16.3811,16.9595,4566874,29.4
2024-08-12,17.0156,17.0733,16.7272,17.0749,4306783,29.6
2024-08-13,18.1991,18.1991,17.2692,17.4703,3619835,26.3
2024-08-14,17.6013,17.8006,17.1364,17.2046,1925828,25.9
2024-08-15,17.2028,17.3356,16.8707,16.8725,1895394,25.4
2024-08-16,15.2102,18.2655,15.2102,18.2675,6272958,27.5
2024-08-19,18.664,18.664,18.0662,18.2675,2349831,27.5
2024-08-20,18.3983,18.9297,18.1327,18.5996,3618469,28
2024-08-21,18.5976,18.7304,18.3319,18.7325,2823838,28.2
2024-08-22,18.7304,19.0625,18.664,18.9317,3178550,28.5
2024-08-23,18.8633,19.2618,18.664,19.0646,3129066,28.7
2024-08-26,19.2618,19.3946,18.9961,18.9982,2893333,28.6
2024-08-27,18.9961,19.0625,18.5312,18.9317,2298053,28.5
2024-08-28,18.9297,19.0625,18.5312,18.7325,2998406,28.2
2024-08-29,18.7304,18.9297,18.664,18.666,1825203,28.1
2024-08-30,18.664,18.7304,18.5312,18.5996,2068422,28
2024-09-04,18.5976,18.5976,18.2655,18.2675,3024930,27.5
2024-09-05,18.4648,18.5976,18.1327,18.2675,1985577,27.5
2024-09-06,18.2655,18.3319,17.867,18.0018,2511684,27.1
2024-09-09,17.8006,18.0662,17.7341,17.7361,1943158,26.7
2024-09-10,17.867,17.9998,17.3356,17.4039,2694256,26.2
2024-09-11,17.402,18.1327,17.3356,18.0682,4153773,27.2
2024-09-12,18.1991,18.1991,17.8006,17.8025,1868118,26.8
2024-09-13,17.867,18.3319,17.8006,18.1346,2733057,27.3
2024-09-16,18.1327,18.1991,17.6677,17.6696,1850270,26.6
2024-09-17,17.7341,18.2655,17.6677,18.2675,2592608,27.5
2024-09-18,18.3319,18.9961,18.1991,18.7325,5789645,28.2
2024-09-19,18.7304,18.9961,18.664,18.7325,2231569,28.2
2024-09-20,18.9297,19.1954,18.7304,18.8653,3693202,28.4
2024-09-23,18.8633,19.5275,18.7304,19.1975,6276280,28.9
2024-09-24,19.1954,19.6603,19.1954,19.596,3361283,29.5
2024-09-25,19.6603,20.9223,19.5939,20.7253,7580333,31.2
2024-09-26,20.7895,21.188,20.5902,20.8581,4504216,31.4
2024-09-27,20.8559,21.4537,20.723,21.1903,5164434,31.9
2024-09-30,21.188,21.2544,20.7895,21.1903,3201246,31.9
2024-10-01,21.188,21.5865,20.8559,20.991,4685292,31.6
2024-10-02,20.9887,21.3208,20.723,21.3231,5797263,32.1
2024-10-03,21.2544,21.4537,20.7895,21.0574,5095219,31.7
2024-10-04,21.0551,21.1216,20.7895,20.7917,3604882,31.3
2024-10-07,20.7895,21.0551,20.6566,21.0574,3572419,31.7
2024-10-08,21.1216,21.1216,19.926,19.9282,14033329,30
2024-10-09,19.7932,20.2581,19.5939,19.9946,4059917,30.1
2024-10-10,17.9998,20.1917,17.9998,19.596,5926488,29.5
2024-10-11,19.5939,19.926,19.5275,19.7289,3008158,29.7
2024-10-14,19.7267,19.9924,19.6603,19.8617,2312165,29.9
2024-10-15,19.7932,19.926,19.3946,19.3967,4100538,29.2
2024-10-16,19.3946,19.5939,19.2618,19.4632,1603144,29.3
2024-10-17,19.4611,19.7267,18.9961,19.7289,3833460,29.7
2024-10-18,19.7267,20.0588,19.7267,19.7953,3272144,29.8
2024-10-21,19.7932,19.7932,19.3946,19.3967,1800727,29.2
2024-10-22,19.3946,19.5275,18.7969,19.131,2854731,28.8
2024-10-23,19.2618,19.3282,18.9961,19.3303,1436368,29.1
2024-10-24,19.3282,19.3946,18.8633,18.8653,1794322,28.4
2024-10-25,18.8633,19.0625,18.7304,18.8653,1437688,28.4
2024-10-28,18.7969,19.129,18.7969,18.9982,1579194,28.6
2024-10-29,19.1954,19.1954,18.9961,19.0646,980791,28.7
2024-10-30,19.0625,19.129,18.664,18.7989,1806378,28.3
2024-10-31,18.7969,18.9297,18.5312,18.666,1640056,28.1
2024-11-01,18.664,18.7304,18.3319,18.3339,2056355,27.6
2024-11-04,18.3319,19.0625,18.1991,18.7325,2943870,28.2
2024-11-05,18.7304,18.9297,18.7304,18.7325,1171295,28.2
2024-11-06,18.8633,19.4611,18.8633,19.4632,3315882,29.3
2024-11-07,19.5275,19.6603,19.3282,19.3303,2102951,29.1
2024-11-08,19.3282,19.5275,19.129,19.3967,2588480,29.2
2024-11-11,19.1954,19.3946,18.2655,19.0646,2767067,28.7
2024-11-12,19.0625,19.4611,18.9961,18.9982,2279079,28.6
2024-11-13,18.9961,18.9961,18.5312,18.7989,2209126,28.3
2024-11-14,18.9297,18.9297,17.9998,18.1346,2705357,27.3
2024-11-15,17.9998,18.1327,17.3356,17.6032,4433831,26.5
2024-11-18,17.6013,18.4648,17.402,18.2675,3440251,27.5
2024-11-19,18.2655,18.2655,17.7341,17.7361,1728241,26.7
2024-11-20,16.605,18.4648,16.605,18.0682,2887804,27.2
2024-11-21,18.0662,18.2655,17.9334,18.0682,1444984,27.2
2024-11-22,17.9998,18.1991,17.867,17.9353,2273946,27
2024-11-25,16.9371,18.1991,16.9371,18.0682,1495536,27.2
2024-11-26,17.8006,18.4648,17.4685,18.2675,2379471,27.5
2024-11-27,17.4685,18.3983,16.4722,18.2675,1286249,27.5
2024-11-28,18.2655,18.5976,18.1327,18.201,1875109,27.4
2024-11-29,18.1991,18.664,18.1327,18.5996,3873080,28
2024-12-02,18.7304,18.9297,18.5312,18.7989,1887622,28.3
2024-12-03,18.7969,18.7969,18.4648,18.5332,2173388,27.9
2024-12-04,18.5312,18.5312,18.0662,18.201,3313793,27.4
2024-12-05,18.1991,19.9924,17.867,19.9282,10203249,30
2024-12-06,20.1253,20.1253,19.6603,19.7953,3251773,29.8
2024-12-09,19.7932,19.926,19.5275,19.7289,4211462,29.7
2024-12-10,19.7267,19.7932,19.4611,19.6624,2973473,29.6
2024-12-11,18.2655,19.7932,18.2655,19.4632,3536337,29.3
2024-12-12,19.4611,19.7267,19.3282,19.3303,2881530,29.1
2024-12-13,19.1954,19.3282,18.9961,19.131,3685667,28.8
2024-12-16,18.5976,19.2618,17.8006,19.2639,1525615,29
2024-12-17,19.2618,19.3282,19.0625,19.1975,1389744,28.9
2024-12-18,19.1954,19.2618,19.0625,19.2639,1779310,29
2024-12-19,19.1954,19.2618,18.7304,19.2639,3426276,29
2024-12-20,19.129,19.129,18.9961,19.0646,1496983,28.7
2024-12-23,19.129,19.3282,19.0625,19.0646,1174651,28.7
2024-12-24,19.0625,19.129,18.664,18.7989,2757162,28.3
2024-12-25,18.9961,19.7932,18.7969,19.2639,4022586,29
2024-12-26,19.2618,19.3946,19.129,19.131,1023720,28.8
2024-12-27,19.129,19.3946,19.0625,19.3303,2987736,29.1
2024-12-30,19.0625,19.5939,17.8006,19.2639,1558004,29
2024-12-31,19.2618,19.2618,18.9961,18.9982,2034472,28.6
2025-01-02,18.9961,19.129,18.8633,18.9317,1401360,28.5
2025-01-03,17.0699,18.9297,17.0699,18.2675,3709809,27.5
2025-01-06,18.2655,18.3983,17.867,17.8689,2836087,26.9
2025-01-07,17.867,18.0662,17.6677,17.8025,1924303,26.8
2025-01-08,17.8006,18.1991,17.6677,18.0018,2288452,27.1
2025-01-09,16.2065,17.9998,16.2065,17.7361,1011162,26.7
2025-01-10,17.402,17.9334,17.2692,17.2711,2230773,26
2025-01-13,17.2692,17.8006,15.808,17.6032,2221222,26.5
2025-01-14,17.6013,17.8006,17.4685,17.6696,1524047,26.6
2025-01-15,17.6013,17.9334,17.4685,17.9353,1393264,27
2025-01-16,17.9334,18.7304,17.9334,18.1346,2588339,27.3
2025-01-17,18.1327,18.2655,17.9998,18.1346,1258707,27.3
2025-01-20,17.4685,18.1991,17.4685,17.9353,1689823,27
2025-01-21,17.2692,18.1991,17.2692,17.9353,1194587,27
2025-01-22,17.9334,18.1327,16.3393,17.8025,1585969,26.8
2025-01-23,17.8006,18.3983,17.8006,18.201,2135385,27.4
2025-01-24,17.8006,18.3319,17.8006,18.2675,1053215,27.5
2025-02-04,17.2692,18.5312,17.2692,18.4668,2659476,27.8
2025-02-05,17.402,18.5976,16.6714,18.4003,890948,27.7
2025-02-06,18.3983,18.7969,18.3983,18.4668,1817434,27.8
2025-02-07,18.4648,18.4648,18.2655,18.3339,1321537,27.6
2025-02-10,18.3319,18.5976,17.9998,18.4003,2963323,27.7
2025-02-11,17.9998,18.5312,17.9334,18.4003,1089920,27.7
2025-02-12,16.605,18.664,16.605,18.2675,1910078,27.5
2025-02-13,17.9334,18.2655,17.9334,18.201,2033202,27.4
2025-02-14,18.2655,18.664,18.2655,18.2675,2949613,27.5
2025-02-17,18.3319,18.7969,18.1327,18.4003,3435635,27.7
2025-02-18,18.5976,18.5976,18.3983,18.4668,1644250,27.8
2025-02-19,18.5976,18.8633,18.3983,18.7989,3587592,28.3
2025-02-20,18.8633,19.3946,18.7969,19.131,5841664,28.8
2025-02-21,19.129,19.1954,18.7969,18.9317,2715493,28.5
2025-02-24,18.9297,19.4611,18.7969,19.4632,4853997,29.3
2025-02-25,19.5275,19.8596,19.3946,19.7289,7064647,29.7
2025-02-26,19.6603,20.1917,19.5275,19.7289,6037247,29.7
2025-02-27,19.7932,19.8596,19.4611,19.8617,3994960,29.9
2025-02-28,19.8596,20.1253,19.5939,19.7289,4658155,29.7
2025-03-03,19.7267,20.3909,19.4611,20.061,6817158,30.2
2025-03-04,19.7267,20.3245,19.6603,20.1939,5146704,30.4
2025-03-05,18.1991,20.5238,18.1991,19.7953,4169571,29.8
2025-03-06,19.7932,20.7895,19.7267,20.5924,7672728,31
2025-03-07,20.723,20.9887,20.5902,20.7253,5270012,31.2
2025-03-10,20.5902,21.0551,20.3245,20.5924,4426087,31
2025-03-11,20.4574,20.7895,20.1917,20.6589,4999316,31.1
2025-03-12,20.6566,20.9223,20.5238,20.526,3255257,30.9
2025-03-13,20.5238,20.7895,20.1917,20.3267,5577228,30.6
2025-03-14,18.3319,20.4574,18.3319,20.2603,3028000,30.5
2025-03-18,20.4574,20.5902,20.1917,20.1939,2173169,30.4
2025-03-19,20.1917,20.4574,20.0588,20.3267,3523330,30.6
2025-03-20,20.1917,20.9223,20.0588,20.526,4337652,30.9
2025-03-21,20.2581,20.723,20.1253,20.526,1921124,30.9
2025-03-24,20.2581,20.8559,20.1917,20.8581,3550651,31.4
2025-03-25,20.8559,21.188,20.4574,20.6589,4798503,31.1
2025-03-26,20.6566,20.6566,20.1253,20.1939,3639992,30.4
2025-03-27,20.1917,20.2581,19.8596,19.9282,3607943,30
2025-03-28,19.926,20.2581,19.6603,19.9282,3569748,30
2025-03-31,19.9924,20.1253,19.7267,19.8617,2718479,29.9
2025-04-01,20.1253,20.1253,19.7267,19.9946,1664204,30.1
2025-04-02,19.9924,20.1917,19.926,19.9946,2526686,30.1
2025-04-03,19.6603,19.8596,17.9998,18.0018,11624342,27.1
2025-04-04,17.1364,17.9334,16.2065,17.9353,9459395,27
2025-04-08,17.9334,17.9334,16.1401,16.1418,8215052,24.3
2025-04-09,14.546,16.605,14.546,14.8133,8283353,22.3
2025-04-10,16.2729,16.2729,16.2729,16.2747,558768,24.5
2025-04-11,17.867,17.867,16.605,17.4703,9287166,26.3
2025-04-14,17.7341,18.0662,17.3356,18.0682,6527615,27.2
2025-04-15,17.867,18.0662,17.2028,17.6032,4853119,26.5
2025-04-16,17.6013,18.1327,17.4685,17.6696,4677133,26.6
2025-04-17,17.6677,17.8006,17.402,17.8025,2219221,26.8
2025-04-18,17.8006,18.5312,17.8006,17.9353,8050211,27
2025-04-21,17.9998,18.0662,17.402,17.4703,4357952,26.3
2025-04-22,17.4685,17.7341,15.7415,17.2711,9022330,26
2025-04-23,17.2692,17.9334,17.2692,17.6696,3536832,26.6
2025-04-24,17.8006,17.9334,17.3356,17.6696,3554616,26.6
2025-04-25,17.7341,17.867,17.6013,17.6696,3055237,26.6
2025-04-28,17.6677,17.9998,17.6013,17.9353,2152665,27
2025-04-29,17.9334,17.9998,17.7341,17.8025,2152892,26.8
2025-05-05,17.8006,0,17.6677,17.8689,2157900,26.9
2025-05-06,17.9334,18.2655,17.7341,17.8025,3462200,26.8
2025-05-07,17.8006,17.8006,17.4685,17.6696,2748900,26.6
2025-05-08,17.7341,17.9998,17.5349,17.8689,3569600,26.9
2025-05-09,17.9334,17.9998,17.6013,17.6696,2057100,26.6
2025-05-12,17.6677,17.867,17.5349,17.8025,2793200,26.8
2025-05-13,17.9334,18.3319,17.867,18.0018,4457200,27.1
2025-05-14,17.9998,18.3983,17.8006,18.3339,7034500,27.6
2025-05-15,18.5312,18.664,18.3319,18.4668,4589500,27.8
2025-05-16,18.4648,18.7304,18.1991,18.2675,4861600,27.5
2025-05-19,18.4648,18.4648,17.9334,18.1346,3296000,27.3
2025-05-20,18.0662,18.3983,17.9998,18.2675,3633900,27.5
2025-05-21,18.2655,18.4648,17.867,18.0018,3609600,27.1
2025-05-22,18.1327,18.2655,17.7341,17.8689,5784700,26.9
2025-05-23,17.8006,17.9334,17.5349,17.5368,3731400,26.4
2025-05-26,17.5349,17.867,17.2028,17.8689,3623500,26.9
2025-05-27,16.1401,18.0662,16.1401,17.9353,4492600,27
2025-05-28,17.9998,18.3319,17.9334,17.9353,4700000,27
2025-05-29,17.9998,18.1327,17.7341,17.8025,2779000,26.8
2025-05-30,17.9334,18.3319,17.6677,17.7361,4339800,26.7
2025-06-02,17.6013,17.9998,17.5349,18.0018,2533600,27.1
2025-06-03,18.1991,19.1954,18.0662,18.9317,14634700,28.5
2025-06-04,19.0625,19.0625,18.7304,18.7989,3332700,28.3
2025-06-05,18.8633,18.9297,18.5976,18.666,4302600,28.1
2025-06-06,18.7969,18.7969,17.9998,18.0018,7721200,27.1
2025-06-09,18.0662,18.0662,17.6677,17.7361,3867700,26.7
2025-06-10,17.5349,17.9334,17.5349,17.7361,2867000,26.7
2025-06-11,17.5349,17.867,17.3356,17.7361,1626400,26.7
2025-06-12,17.7341,17.9998,17.7341,17.9353,2486600,27
2025-06-13,18.0662,18.0662,17.3356,17.5368,6782000,26.4
2025-06-16,17.3356,17.9998,16.605,18.0018,2246500,27.1
2025-06-17,17.9998,18.1327,17.8006,17.9353,2521500,27
2025-06-18,17.7341,18.0662,17.7341,17.9353,2278900,27
2025-06-19,17.9334,17.9334,17.7341,17.8689,1523500,26.9
2025-06-20,17.867,18.1327,17.8006,17.8689,1940800,26.9
2025-06-23,17.867,17.867,17.5349,17.7361,2397800,26.7
2025-06-24,17.867,18.3983,17.8006,18.1346,6513600,27.3
2025-06-25,18.1327,18.1991,17.9334,18.0018,3912100,27.1
2025-06-26,17.9334,17.9998,17.6677,17.9353,3045400,27
2025-06-27,17.9334,18.0662,17.7341,17.9353,2699600,27
2025-06-30,17.9334,18.1991,17.867,17.9353,3272500,27
2025-07-01,17.9334,18.0662,17.7341,17.7361,3017900,26.7
2025-07-02,17.8006,18.7304,17.6677,18.2675,7870800,27.5
2025-07-03,18.1991,18.664,17.9998,18.1346,8309500,27.3
2025-07-04,18.1327,18.5312,18.0662,18.201,3838400,27.4
2025-07-07,18.2655,18.7304,18.1991,18.5996,6743100,28
2025-07-08,18.5976,18.8633,18.4648,18.7325,6862600,28.2
2025-07-09,18.7304,19.5275,18.7304,19.131,13016900,28.8
2025-07-10,19.1954,19.3282,18.7969,18.8653,5970000,28.4
2025-07-11,18.8633,19.926,18.664,19.4632,12948200,29.3
2025-07-14,19.5275,20.1253,19.0625,19.596,8368700,29.5
2025-07-15,19.6603,20.3245,19.2618,19.3303,11334000,29.1
2025-07-16,19.3282,19.6603,19.129,19.3967,7035900,29.2
2025-07-17,19.3946,19.7932,19.2618,19.4632,6862000,29.3
2025-07-18,19.5275,20.723,19.3946,19.9946,13408400,30.1
2025-07-21,19.9924,20.4574,19.5939,19.6624,5581500,29.6
2025-07-22,19.6603,20.1917,19.3946,20.061,7657200,30.2
2025-07-23,20.0588,20.8559,19.926,20.061,10446300,30.2
2025-07-24,20.1253,20.1917,19.6603,19.9282,5770100,30
2025-07-25,20.0588,21.2544,19.8596,21.2567,13823400,32
2025-07-28,21.2544,23.3798,21.2544,23.3824,10926200,35.2
2025-07-29,24.044,24.9739,22.2507,22.4524,18370400,33.8
2025-07-30,22.3171,24.4426,22.2507,24.2459,11221200,36.5
2025-07-31,24.2433,24.8411,23.4463,24.1795,8270800,36.4
2025-08-01,24.2433,24.7082,23.247,23.3824,10249700,35.2
2025-08-04,23.3798,23.9776,22.0514,23.8474,6020400,35.9
2025-08-05,24.044,25.2396,22.5828,23.9138,14027500,36
2025-08-06,23.9112,24.3097,23.7119,24.1795,5171400,36.4
2025-08-07,24.3761,24.7082,23.9112,24.4452,5554900,36.8
2025-08-08,24.5754,25.1732,23.7119,23.9802,11076100,36.1
2025-08-11,24.1105,24.5754,23.6455,24.2459,7336400,36.5
2025-08-12,24.3761,24.5754,23.8448,24.2459,5400600,36.5
2025-08-13,24.2433,26.6344,24.2433,26.6373,18270300,40.1
2025-08-14,27.8964,29.2912,26.8337,29.2944,11727700,44.1
2025-08-15,29.6897,31.2174,27.5643,29.2944,12201200,44.1
2025-08-18,29.2912,29.7562,28.2285,29.2944,7607400,44.1
2025-08-19,30.7395,31.3543,28.8951,29.1012,6855200,42.6
2025-08-20,29.6465,29.6465,26.231,27.9399,13168200,40.9
2025-08-21,27.9388,29.305,27.7339,27.8032,5600000,40.7
2025-08-22,28.0071,28.3487,25.7529,26.0271,9934100,38.1
2025-08-25,25.9578,27.324,25.9578,26.3004,7491700,38.5
2025-08-26,26.2994,28.8268,25.6163,28.6913,8278500,42
2025-08-27,28.8951,29.3733,28.0754,28.0765,8140100,41.1
2025-08-28,28.0754,28.417,27.5972,27.8715,6945700,40.8
2025-08-29,27.9388,30.0564,27.7339,28.4864,8632800,41.7
2025-09-03,28.6902,28.7585,27.5972,27.7349,7817200,40.6
2025-09-04,27.7339,28.0754,27.324,27.53,15016000,40.3
2025-09-05,28.0071,29.0318,26.1627,26.3004,21663000,38.5
2025-09-08,26.2994,26.5726,24.7282,24.7975,10934500,36.3
2025-09-09,24.8648,25.4796,23.9768,25.4123,8137900,37.2
2025-09-10,25.9578,26.1627,24.7282,24.9341,12592400,36.5
2025-09-11,25.343,25.343,23.6353,24.6609,16781800,36.1
2025-09-12,24.6599,25.0698,24.1817,24.3193,16641600,35.6
2025-09-15,24.3867,25.4796,24.3184,25.2757,10942400,37
2025-09-16,25.343,25.9578,24.8648,25.0024,10128000,36.6
2025-09-17,25.0015,25.0698,24.455,24.4559,6212100,35.8
2025-09-18,24.5233,24.7965,24.0451,24.3876,5598800,35.7
2025-09-19,24.455,24.7282,24.2501,24.4559,3744100,35.8
2025-09-22,24.6599,24.6599,23.567,23.7045,6809600,34.7
2025-09-23,23.7036,24.1134,23.4986,23.4995,5576400,34.4
2025-09-24,25.5817,25.6576,23.7598,24.823,4184700,32.7
2025-09-25,25.0503,25.4299,24.8226,25.4303,5393100,33.5
2025-09-26,25.4299,25.4299,24.6708,24.6712,3668500,32.5
2025-09-29,24.6708,25.0503,24.443,24.8989,3021000,32.8
2025-09-30,24.8985,26.0371,24.5189,25.9617,9459300,34.2
2025-10-01,25.9612,26.2649,25.8853,26.1894,3293100,34.5
2025-10-02,26.189,26.2649,25.2021,25.3544,5321700,33.4
2025-10-03,25.3539,25.3539,24.5948,24.823,4216600,32.7
2025-10-06,24.8985,27.0999,24.7467,27.0244,11836700,35.6
2025-10-07,27.3276,27.4794,26.4926,26.4931,6261800,34.9
2025-10-08,27.2517,27.859,25.9612,26.569,9683200,35
2025-10-09,26.5685,27.0999,26.0371,26.2653,4337000,34.6
2025-10-10,26.4926,26.7962,26.2649,26.4931,6659200,34.9
2025-10-13,26.3408,26.4926,25.6576,26.3412,6974400,34.7
2025-10-14,26.4167,27.2517,26.113,26.1894,12150100,34.5
2025-10-15,26.189,26.3408,25.6576,25.8099,6434500,34
2025-10-16,25.8094,26.113,25.5058,25.5821,5919400,33.7
2025-10-17,25.6576,26.113,25.1262,25.1267,6516100,33.1
2025-10-20,25.1262,25.4299,22.6212,22.6216,11201100,29.8
2025-10-21,22.6212,23.3044,20.5716,22.3938,9085500,29.5
2025-10-22,22.3935,22.773,21.7103,22.6216,4147700,29.8
2025-10-23,22.6212,22.773,21.4825,21.8625,3832500,28.8
2025-10-24,21.8621,22.2416,21.4066,22.0902,4178900,29.1
2025-10-27,22.1657,23.3803,21.8621,22.242,5080500,29.3
2025-10-28,22.2416,22.9248,22.0898,22.8493,3810800,30.1
2025-10-29,22.8489,23.4562,22.6212,22.6975,2794500,29.9
2025-10-30,22.6971,22.8489,22.0139,22.1661,3913200,29.2
2025-10-31,22.5453,22.5453,21.8621,22.0902,2605300,29.1
2025-11-03,22.0898,22.2416,21.2548,21.2552,4103000,28
2025-11-04,21.2548,23.2285,21.0271,23.077,7416700,30.4
2025-11-05,23.1526,23.1526,22.4694,22.4698,2340400,29.6
2025-11-06,22.4694,22.8489,22.1657,22.5457,3021400,29.7
2025-11-07,22.5453,22.6971,21.2548,21.6347,3301400,28.5
2025-11-10,21.7103,22.6212,21.5584,21.9384,2841600,28.9
2025-11-11,21.8621,22.5453,21.7862,22.5457,2661700,29.7
2025-11-12,22.5453,22.9248,22.5453,22.8493,3928800,30.1
2025-11-13,22.773,22.9248,22.4694,22.4698,2121400,29.6
2025-11-14,22.4694,22.9248,22.3175,22.8493,3376300,30.1
2025-11-17,22.8489,23.3044,22.773,23.153,3321300,30.5
2025-11-18,23.1526,23.6839,23.0007,23.153,3627200,30.5
2025-11-19,23.0007,23.1526,21.8621,22.5457,4191600,29.7
2025-11-20,22.5453,22.6971,22.1657,22.3938,1665000,29.5
2025-11-21,22.4694,22.4694,22.0139,22.1661,2209800,29.2
2025-11-24,22.2416,22.4694,22.1657,22.3179,1245900,29.4
2025-11-25,22.3175,22.3935,21.4825,21.5588,3421400,28.4
2025-11-26,21.5584,22.6212,21.4825,22.3179,2189700,29.4
2025-11-27,22.4694,22.5453,22.0139,22.0143,1337200,29
2025-11-28,22.0139,22.1657,21.6344,21.6347,2134800,28.5
2025-12-01,21.6344,21.938,21.4825,21.4829,1359400,28.3
2025-12-02,21.6344,21.8621,21.0271,21.6347,3234600,28.5
2025-12-03,21.6344,22.0898,21.0271,21.9384,1997700,28.9
2025-12-04,21.938,22.4694,21.938,22.3179,3834600,29.4
2025-12-05,22.3935,22.4694,21.7862,21.8625,3001400,28.8
2025-12-08,21.8621,22.0898,21.4825,21.5588,2027900,28.4
2025-12-09,21.6344,21.6344,20.7234,21.2552,4944000,28
2025-12-10,21.3307,21.4825,21.103,21.1793,1871800,27.9
2025-12-11,21.2548,21.4825,21.1789,21.1793,1073600,27.9
2025-12-12,19.8125,21.4825,19.8125,19.9647,4257800,26.3
2025-12-15,20.0402,20.4198,19.7366,20.0406,2955400,26.4
2025-12-16,20.0402,21.1789,19.2052,20.7238,5149700,27.3
2025-12-17,20.7993,20.7993,20.1921,20.1924,1874100,26.6
2025-12-18,20.1921,20.1921,19.5848,19.8129,3767300,26.1
2025-12-19,19.8125,20.1162,19.7366,20.0406,2368700,26.4
2025-12-22,20.0402,20.4957,20.0402,20.3442,3519200,26.8
2025-12-23,20.3439,20.5716,20.1162,20.1165,3024900,26.5
2025-12-24,20.1162,20.4957,19.8884,20.3442,2931700,26.8
2025-12-25,20.3439,20.6475,20.0402,20.0406,3113300,26.4
2025-12-26,20.0402,20.1921,19.3571,19.8888,3951700,26.2
2025-12-29,19.8884,20.1162,19.7366,19.8888,2032700,26.2
2025-12-30,19.8884,20.0402,19.7366,19.8129,1247200,26.1
2025-12-31,19.7366,19.9643,19.6607,19.7369,1398500,26
2026-01-05,19.7366,19.8125,18.598,19.0537,4694400,25.1
2026-01-06,18.3702,19.8125,18.2184,19.5092,4247500,25.7
2026-01-07,19.5848,19.9643,19.433,19.7369,3724000,26
2026-01-08,19.7366,20.268,19.7366,19.8888,5835200,26.2
2026-01-09,19.8884,20.3439,19.8125,19.8888,4767500,26.2
2026-01-12,19.8884,21.7862,19.8125,21.7106,14339200,28.6
2026-01-13,21.7862,22.2416,21.0271,21.2552,10578400,28
2026-01-14,21.3307,21.4825,20.5716,21.1034,9221200,27.8
2026-01-15,21.103,21.6344,20.6475,21.0274,6886300,27.7
2026-01-16,21.1789,21.2548,20.4957,20.7997,5850500,27.4
2026-01-19,20.7993,21.1789,20.7993,20.8756,4412800,27.5
2026-01-20,20.8753,21.103,20.4957,20.572,6354400,27.1
2026-01-21,20.5716,20.5716,19.5848,19.9647,8676800,26.3
2026-01-22,19.9643,20.4198,19.7366,20.1165,5574500,26.5
2026-01-23,20.1162,20.6475,20.1162,20.1165,4651700,26.5
2026-01-26,20.3439,20.4957,19.6607,19.8129,4535300,26.1
2026-01-27,19.8125,20.0402,19.0534,19.8129,2745000,26.1
2026-01-28,19.8125,19.9643,19.5848,19.8888,3602400,26.2
2026-01-29,19.8884,20.1162,19.8125,20.0406,1846400,26.4
2026-01-30,19.8884,20.3439,19.8884,20.1165,3015700,26.5
2026-02-02,20.1162,20.4198,19.8884,19.9647,3024100,26.3
2026-02-03,19.9643,20.3439,19.9643,20.1165,3696400,26.5
2026-02-04,20.3439,20.8753,20.1162,20.4961,7017700,27
2026-02-05,20.4957,20.7993,20.1921,20.1924,2887100,26.6
2026-02-06,20.1921,20.1921,19.5089,19.5092,5618400,25.7
2026-02-09,19.5089,19.8884,19.5089,19.5092,1755600,25.7
2026-02-10,19.5089,19.8884,19.433,19.661,2239800,25.9
2026-02-11,19.5089,20.3439,19.5089,20.1924,3956700,26.6
2026-02-12,20.1921,20.4198,20.1162,20.2683,1549700,26.7
2026-02-13,20.268,20.4957,20.1162,20.3442,3483400,26.8
2026-02-23,20.3439,20.7234,20.268,20.6479,3189200,27.2
2026-02-24,20.6475,21.2548,20.1162,20.8756,7266900,27.5
2026-02-25,20.8753,21.103,20.7234,20.8756,4982500,27.5
2026-02-26,20.8753,21.103,20.5716,20.7238,3920800,27.3
2026-02-27,21.0271,21.2548,20.5716,20.9515,5517000,27.6
2026-03-02,20.9512,21.0271,19.5848,20.1165,8880800,26.5
2026-03-03,20.1162,21.2548,20.0402,20.4202,7606600,26.9
2026-03-04,20.4957,21.1789,19.6607,21.1793,9364300,27.9
2026-03-05,22.0139,22.8489,21.3307,21.6347,21764500,28.5
2026-03-06,21.6344,21.7103,20.4957,20.4961,9437100,27
2026-03-09,20.4198,20.4957,18.4461,18.4465,11383400,24.3
2026-03-10,18.4461,19.6607,16.7002,18.7501,15467400,24.7
2026-03-11,18.9016,19.8125,18.6739,19.4333,5509700,25.6
2026-03-12,19.433,19.7366,18.522,18.7501,7021500,24.7
2026-03-13,17.0038,18.9016,17.0038,18.5983,5696900,24.5
2026-03-16,18.598,19.1293,18.2943,18.7501,2860200,24.7
2026-03-17,18.9775,19.433,18.7498,18.7501,4306600,24.7
2026-03-18,18.9016,19.0534,18.2943,18.5224,3454300,24.4
2026-03-19,18.522,18.522,17.5352,17.8392,6657900,23.5
2026-03-20,17.0798,18.2184,16.0929,17.9151,3152000,23.6
2026-03-23,17.9907,17.9907,16.4725,16.7764,5945400,22.1
2026-03-24,17.3075,17.8389,17.0798,17.3837,2764000,22.9
2026-03-25,17.8389,18.1425,17.3834,17.9151,4328200,23.6
2026-03-26,18.0666,18.0666,17.4593,17.5355,3061200,23.1
2026-03-27,17.5352,18.2943,17.0038,18.1428,4741600,23.9
2026-03-30,17.4593,17.9907,17.4593,17.9151,3836600,23.6
2026-03-31,17.9907,18.6739,17.9907,18.2946,8533100,24.1
2026-04-01,18.598,19.3571,18.598,18.5983,12042200,24.5
2026-04-02,19.3848,19.5739,18.8174,19.1031,4978600,20.2
2026-04-03,19.1031,19.4814,18.7249,18.914,3552000,20
2026-04-06,19.4814,19.4814,18.4412,18.4412,4460100,19.5
2026-04-07,18.4412,18.914,17.4955,18.914,2394800,20
2026-04-08,19.7651,20.4271,19.3869,20.238,8798900,21.4
2026-04-09,20.238,20.4271,19.576,19.8597,3111900,21
2026-04-10,19.8597,20.1434,19.6706,19.6706,3511200,20.8
2026-04-13,19.6685,19.8576,19.2902,19.4814,3919700,20.6
2026-04-14,19.4814,19.9543,19.4814,19.576,2564900,20.7
2026-04-15,19.3869,19.8597,19.3869,19.576,3697100,20.7
2026-04-16,19.576,19.6706,19.1977,19.2923,2742700,20.4
2026-04-17,19.2902,19.763,19.1957,19.1977,2430600,20.3
2026-04-20,19.1957,19.3848,19.1011,19.1977,2702000,20.3
2026-04-21,19.1977,19.3869,18.914,18.914,3218800,20
2026-04-22,18.914,19.1031,18.7249,18.7249,2331500,19.8
2026-04-23,18.912,19.0066,18.5338,18.5357,3551000,19.6
2026-04-24,18.6283,18.7229,18.4392,18.5357,2033400,19.6
2026-04-28,18.5357,18.7249,18.4412,18.4412,1905900,19.5
2026-04-29,18.4412,18.5357,18.3466,18.3466,3014600,19.4
2026-05-04,18.3466,18.6303,18.252,18.3466,3445200,19.4
2026-05-05,18.3446,18.5338,17.9664,18.1574,3025500,19.2
2026-05-06,18.252,18.914,18.1574,18.6303,4669500,19.7
2026-05-07,18.7229,18.912,18.4392,18.5357,2173500,19.6
2026-05-08,18.7249,18.7249,18.3466,18.4412,2084500,19.5
2026-05-11,18.4412,18.8194,18.252,18.4412,2985100,19.5
2026-05-12,18.4412,18.5357,18.3466,18.3466,1642000,19.4
2026-05-13,18.4412,18.5357,18.1574,18.3466,2710700,19.4
2026-05-14,18.3446,18.5338,18.2501,18.252,1549300,19.3
2026-05-15,18.3466,18.5357,18.252,18.3466,1980300,19.4
2026-05-18,18.3466,19.1031,17.4955,19.0086,9510500,20.1
2026-05-19,19.1957,19.4794,18.7229,18.8194,3769700,19.9
2026-05-20,18.8194,18.8194,17.7792,18.3466,4333200,19.4
2026-05-21,18.5338,18.5338,18.1555,18.252,3262900,19.3
2026-05-22,18.252,19.0086,18.0629,18.6303,4134300,19.7
2026-05-25,18.1574,18.914,18.1574,18.6303,2067000,19.7
2026-05-26,18.6303,19.2923,18.5357,19.2923,7017800,20.4
2026-05-27,19.3848,19.3848,19.0066,19.1977,2378800,20.3
2026-05-28,17.4936,19.3848,17.4936,18.8194,3282000,19.9
2026-05-29,18.8174,19.1011,18.7229,18.8194,3190700,19.9
2026-06-01,18.8194,19.2923,18.7249,19.0086,2608800,20.1
2026-06-02,18.912,19.1011,18.4392,18.5357,2435100,19.6
2026-06-03,18.4392,19.1011,18.2501,18.8194,3498300,19.9
2026-06-04,18.8194,19.1031,18.6303,18.914,1957800,20
2026-06-05,18.914,19.1031,18.7249,18.7249,1768400,19.8
2026-06-08,18.7229,18.7229,17.9664,18.1574,4918200,19.2
2026-06-09,18.1574,18.252,17.8737,18.0629,3242800,19.1
2026-06-10,18.061,18.3446,17.9664,18.1574,1144400,19.2
2026-06-11,18.1574,18.3466,17.9683,17.9683,1461100,19
2026-06-12,17.7773,18.3446,17.7773,18.1574,2248400,19.2
2026-06-15,18.1574,19.0086,18.0629,18.914,6579600,20
2026-06-16,18.912,20.1413,18.7229,19.7651,11771900,20.9
2026-06-17,19.576,20.238,19.4814,19.6706,4308000,20.8
2026-06-18,19.3848,19.9522,19.3848,19.4814,4582500,20.6
2026-06-19,19.5739,20.0467,19.1957,19.4814,4975100,20.6
2026-06-22,19.6706,19.7651,19.2923,19.576,3187600,20.7
2026-06-23,19.5739,19.9522,19.1011,19.1977,5882600,20.3
2026-06-24,19.1977,19.2923,18.7249,18.914,3357600,20
2026-06-25,18.914,19.1031,18.6303,18.6303,2228300,19.7
2026-06-26,18.6283,18.7229,18.3446,18.5357,2607600,19.6
2026-06-29,18.5357,18.914,18.4412,18.914,1763900,20
2026-06-30,19.1031,19.576,18.914,19.0086,2890700,20.1
2026-07-01,19.1031,19.3869,19.0086,19.2923,2694000,20.4
2026-07-02,19.2923,19.4814,19.0086,19.3869,8103300,20.5
2026-07-03,19.3869,20.7108,19.3869,20.3326,24433300,21.5
2026-07-06,20.238,20.5217,19.1977,19.6706,11410700,20.8
2026-07-07,19.5739,21.0869,19.4794,21.0891,17126900,22.3
2026-07-08,21.0891,21.3728,20.6163,20.8054,11214900,22
2026-07-09,20.8054,21.4674,20.4271,20.9,17371700,22.1
2026-07-10,20.9945,21.2783,20.6163,20.6163,10379100,21.8
2026-07-13,20.238,20.6163,19.1031,19.6706,20337000,20.8
2026-07-14,19.6685,20.0467,19.2902,20.0488,8227000,21.2
2026-07-15,18.252,20.1434,18.252,19.3869,7629300,20.5
2026-07-16,19.3848,19.3848,18.2501,19.1977,15604900,20.3
2026-07-17,18.1555,19.4794,17.9664,18.8194,5688000,19.9
2026-07-20,18.8174,18.8174,17.3045,17.4954,12370200,18.5
2026-07-21,17.4936,18.2501,17.3045,17.4954,5700500,18.5
2026-07-22,17.59,18.1574,17.4955,17.6846,8499500,18.7
2026-07-23,17.6846,18.6303,17.2117,18.3466,10273600,19.4
2026-07-24,18.3446,18.4392,17.4936,17.59,5117100,18.6
2026-07-27,17.59,17.8737,16.4552,16.4552,7948000,17.4
2026-07-28,14.9421,17.4009,14.9421,16.8335,8155600,17.8
2026-07-29,16.928,17.1172,16.4552,16.7389,3974500,17.7
2026-07-30,16.7389,17.6846,16.4552,17.4009,7576400,18.4
2026-07-31,17.4009,17.9683,17.0226,17.0226,5252900,18
2026-08-03,17.0208,17.8718,17.0208,17.4954,6203100,18.5
2026-08-04,17.5882,17.7773,17.3045,17.59,4943200,18.6
2026-08-05,17.6827,17.9664,17.3045,17.3063,6748000,18.3
2026-08-06,17.3045,17.5882,17.2099,17.3063,3708200,18.3
2026-08-07,17.399,17.5882,17.2099,17.4954,3126200,18.5
2026-08-10,17.4955,18.0629,17.4955,17.9683,5023900,19
2026-08-11,17.9683,18.3466,17.6846,17.7792,6774800,18.8
2026-08-12,17.7792,17.9683,17.6846,17.7792,2630100,18.8
2026-08-13,17.59,18.0629,17.4009,17.4009,5878000,18.4
2026-08-14,17.4955,17.59,17.1172,17.4009,6299500,18.4
2026-08-17,18.3,18.4,17.3,17.4,2336200,17.4
2026-08-18,17.3,17.6,17.1,17.1,3213000,17.1
2026-08-19,17.2,17.2,16.8,16.9,2045300,16.9
2026-08-20,16.9,17.2,16.9,16.9,1790800,16.9
2026-08-21,17,18.1,16.8,18.1,8242600,18.1
2026-08-24,18.1,18.5,17.8,17.9,4844800,17.9
2026-08-25,17.9,18.1,17.6,17.7,4650100,17.7
2026-08-26,17.5,17.9,17.5,17.8,2667300,17.8
2026-08-27,17.8,18.1,17.7,17.8,2374800,17.8
