date,open,high,low,close,volume,close_raw
2009-11-05,22.235,22.235,22.235,22.2367,46500,43.2
2009-11-06,23.3159,23.3159,22.6468,23.3176,1420500,45.3
2009-11-09,22.6468,23.2644,22.1836,22.1852,379190,43.1
2009-11-10,21.1027,21.1542,21.1027,21.1042,241150,41
2009-11-11,20.4336,21.1027,20.0733,20.5895,416210,40
2009-11-12,19.7645,20.4336,19.5586,19.56,282170,38
2009-11-13,18.5807,20.0733,18.5807,20.0748,664120,39
2009-11-16,20.0733,20.9483,19.816,20.9498,231890,40.7
2009-11-17,21.5145,21.5145,20.4336,21.1042,249410,41
2009-11-18,21.1027,21.1027,20.0733,20.6925,432410,40.2
2009-11-19,20.588,20.6909,19.6615,20.5895,520320,40
2009-11-20,20.588,20.588,19.6615,19.9203,279530,38.7
2009-11-23,19.9189,20.0733,19.1983,19.8174,327300,38.5
2009-11-24,19.816,19.816,18.9924,19.4056,215780,37.7
2009-11-25,19.4042,19.4042,18.4777,18.4791,337700,35.9
2009-11-26,17.6542,17.6542,17.6027,17.604,63290,34.2
2009-11-27,16.7278,18.4777,16.7278,17.604,196960,34.2
2009-11-30,17.6027,18.0145,16.7278,17.9643,237250,34.9
2009-12-01,17.963,18.4777,17.4998,18.2217,118540,35.4
2009-12-02,17.4998,18.4263,17.4483,17.5011,147850,34
2009-12-03,16.8822,17.4998,16.7792,16.7804,47530,32.6
2009-12-04,17.6027,17.6027,17.4998,17.604,264960,34.2
2009-12-07,18.3748,18.3748,17.2425,18.3761,113690,35.7
2009-12-08,18.0145,18.9924,17.6027,18.0158,60640,35
2009-12-09,17.3969,18.0145,17.1395,17.9643,142880,34.9
2009-12-10,17.963,17.963,17.088,17.9129,145670,34.8
2009-12-11,17.191,17.4998,17.0366,17.0378,164380,33.1
2009-12-14,17.0366,17.8601,17.0366,17.8614,121610,34.7
2009-12-15,18.0145,18.6836,17.7572,18.685,256900,36.3
2009-12-16,18.6836,18.6836,17.7572,18.685,411340,36.3
2009-12-17,18.7866,18.7866,17.9116,18.3761,276570,35.7
2009-12-18,18.7351,18.7866,18.1174,18.7879,176870,36.5
2009-12-21,18.941,19.3013,18.1174,18.5306,58460,36
2009-12-22,18.7866,18.7866,18.066,18.0673,50840,35.1
2009-12-23,17.8086,18.066,17.6542,17.6555,16400,34.3
2009-12-24,17.2939,18.0145,17.2939,17.5011,25490,34
2009-12-25,17.963,18.1174,17.4998,18.1188,46850,35.2
2009-12-28,17.2425,18.4263,17.2425,18.2732,125740,35.5
2009-12-29,18.5292,18.5292,17.963,17.9643,19840,34.9
2009-12-30,17.963,18.2204,17.9116,17.9643,30580,34.9
2009-12-31,18.0145,18.2719,17.5513,17.604,37010,34.2
2010-01-04,18.0145,18.4777,18.0145,18.4791,182850,35.9
2010-01-05,19.3527,19.3527,19.2498,19.3541,310230,37.6
2010-01-06,18.7866,20.0733,18.7866,20.0748,181180,39
2010-01-07,20.0733,20.0733,19.5586,19.56,52800,38
2010-01-08,19.3013,19.7645,18.838,18.8394,104480,36.6
2010-01-11,18.2719,18.7866,18.0145,18.1702,65870,35.3
2010-01-12,18.1689,18.1689,17.2939,17.2952,50580,33.6
2010-01-13,17.1395,18.0145,17.1395,17.5011,77110,34
2010-01-14,17.4998,18.2719,17.4998,17.9643,96900,34.9
2010-01-15,18.2204,18.2204,17.963,18.0158,70080,35
2010-01-18,18.0145,18.066,17.4998,17.9643,137520,34.9
2010-01-19,17.963,18.0145,17.963,18.0158,44690,35
2010-01-20,17.963,18.1689,17.9116,18.0158,167340,35
2010-01-21,17.963,18.066,17.9116,18.0158,180850,35
2010-01-22,18.0145,18.066,17.963,18.0673,76030,35.1
2010-01-25,18.0145,18.066,17.963,18.0158,33860,35
2010-01-26,17.8601,18.2719,17.8601,18.0673,13200,35.1
2010-01-27,18.0145,18.066,17.963,18.0158,37310,35
2010-01-28,18.7351,18.8895,18.4777,18.8909,155980,36.7
2010-01-29,19.5071,19.5071,18.5292,18.9423,48200,36.8
2010-02-01,18.941,19.0439,18.7866,18.9938,58010,36.9
2010-02-02,18.2719,19.0954,18.2719,18.9423,11500,36.8
2010-02-03,19.0439,19.0439,18.7866,18.9938,32010,36.9
2010-02-04,18.5292,19.1468,18.5292,18.9938,33270,36.9
2010-02-05,18.066,19.0439,18.066,18.8909,57580,36.7
2010-02-08,18.8895,18.941,18.2719,18.8909,49710,36.7
2010-02-09,18.4263,18.941,18.4263,18.8909,27680,36.7
2010-02-10,18.3748,19.0439,18.3748,18.4791,61160,35.9
2010-02-11,18.9924,19.0439,18.5292,18.5306,33250,36
2010-02-12,19.2498,19.2498,19.1468,19.1997,10750,37.3
2010-02-22,20.0218,20.0218,19.5586,19.7145,60330,38.3
2010-02-23,19.9189,19.9704,19.3013,19.9718,142490,38.8
2010-02-24,19.9704,19.9704,19.5586,19.9718,191360,38.8
2010-02-25,19.5586,19.9704,19.5586,19.9718,188170,38.8
2010-02-26,19.9704,20.9483,19.6615,20.9498,213710,40.7
2010-03-01,21.8233,21.9777,20.9483,21.9793,346170,42.7
2010-03-02,23.0071,23.0071,22.3895,22.7514,197760,44.2
2010-03-03,22.7497,22.8527,22.235,22.5455,21370,43.8
2010-03-04,21.6174,22.5439,21.6174,22.1337,91150,43
2010-03-05,22.1321,22.1321,21.2056,21.2072,64510,41.2
2010-03-08,20.4336,21.3601,20.4336,21.1042,47160,41
2010-03-09,20.4851,21.7718,20.4851,20.8983,21150,40.6
2010-03-10,20.588,21.1027,20.1248,20.8469,76300,40.5
2010-03-11,21.463,21.5145,20.8454,21.0013,35790,40.8
2010-03-12,21.463,21.5145,21.3086,21.4131,106040,41.6
2010-03-15,21.6174,21.6174,21.2056,21.2072,8960,41.2
2010-03-16,20.5365,21.3601,20.1762,20.1777,58660,39.2
2010-03-17,20.588,20.588,19.5586,19.56,14360,38
2010-03-18,20.0733,20.4336,19.5586,20.4351,8590,39.7
2010-03-19,20.0733,20.8454,20.0733,20.5895,7480,40
2010-03-22,20.7939,20.7939,19.5586,19.56,203640,38
2010-03-23,20.0733,20.2792,19.5586,19.6115,43490,38.1
2010-03-24,19.6101,20.2792,19.6101,20.0233,6980,38.9
2010-03-25,19.3527,20.1762,19.3013,19.3027,19530,37.5
2010-03-26,19.3013,19.6101,19.1468,19.2512,13020,37.4
2010-03-29,18.4263,19.713,18.4263,19.4571,25990,37.8
2010-03-30,19.4557,19.7645,19.0439,19.1482,15870,37.2
2010-03-31,18.8895,19.4557,18.8895,18.8909,15030,36.7
2010-04-01,18.7351,19.3013,18.7351,19.0453,10760,37
2010-04-02,19.0439,19.713,19.0439,19.7145,31910,38.3
2010-04-05,19.713,20.0733,19.6615,19.7145,26930,38.3
2010-04-06,19.5071,19.9189,19.5071,19.7659,8010,38.4
2010-04-07,19.6101,19.7645,19.4557,19.56,21320,38
2010-04-08,19.816,19.816,19.4557,19.4571,7010,37.8
2010-04-09,19.3527,19.7645,19.3013,19.4571,29780,37.8
2010-04-12,20.3821,20.3821,20.3821,20.3836,44900,39.6
2010-04-13,21.3601,21.3601,21.1027,21.3616,325740,41.5
2010-04-14,20.8454,21.1027,20.3307,20.5895,16540,40
2010-04-15,20.8454,20.8454,20.0733,20.5895,8510,40
2010-04-16,20.3307,20.588,20.0733,20.5895,21040,40
2010-04-19,19.9704,20.5365,19.6615,19.663,21940,38.2
2010-04-20,19.6615,20.2792,19.6615,19.8174,30550,38.5
2010-04-21,20.0733,20.7939,19.816,20.7954,90920,40.4
2010-04-22,20.3307,21.0512,20.0733,20.0748,33050,39
2010-04-26,20.1248,20.588,20.0733,20.1262,36740,39.1
2010-04-27,20.1248,20.3307,20.0733,20.2807,52640,39.4
2010-04-28,20.2792,20.3307,20.2792,20.2807,15880,39.4
2010-04-29,20.3307,21.2571,20.3307,21.2587,298170,41.3
2010-05-04,22.2865,22.2865,22.1321,22.2881,205660,43.3
2010-05-05,23.3674,23.3674,22.338,23.3691,425580,45.4
2010-05-06,23.4189,24.1909,23.4189,24.1927,179890,47
2010-05-07,24.1909,24.1909,23.0586,23.7294,192210,46.1
2010-05-10,24.1394,24.1394,22.9042,23.3691,123900,45.4
2010-05-11,22.6468,23.0586,22.235,22.3911,237130,43.5
2010-05-12,22.3895,22.3895,21.3086,21.3101,204140,41.4
2010-05-13,21.3086,22.1321,20.588,20.5895,161370,40
2010-05-14,21.6174,21.6174,21.6174,21.619,85600,42
2010-05-17,22.6983,22.6983,22.6983,22.6999,110470,44.1
2010-05-18,23.7791,23.8306,21.8748,23.8324,168910,46.3
2010-05-19,24.5512,25.0144,23.8821,25.0162,179090,48.6
2010-05-20,24.4997,26.2497,24.4997,25.7369,291150,50
2010-05-21,24.4483,25.735,24.4483,25.6339,223850,49.8
2010-05-24,24.3968,25.4777,24.3968,24.3986,30620,47.4
2010-05-25,23.213,24.4483,23.213,24.45,120830,47.5
2010-05-26,25.2203,25.2203,23.4703,24.7074,51380,48
2010-05-27,24.7571,24.7571,24.6541,24.7589,67630,48.1
2010-05-28,24.1909,25.9924,24.1909,25.9942,63210,50.5
2010-05-31,25.9924,27.2791,25.735,27.0237,110920,52.5
2010-06-01,27.2791,27.2791,27.0218,27.0237,4840,52.5
2010-06-02,25.9924,28.3085,25.9924,28.0532,44820,54.5
2010-06-03,28.0512,28.3085,27.7938,28.0532,108620,54.5
2010-06-04,28.0512,28.0512,26.7644,27.2811,64380,53
2010-06-07,25.9924,27.2791,25.9924,25.9942,94640,50.5
2010-06-08,25.9924,26.2497,25.0144,25.9942,96820,50.5
2010-06-09,25.9924,26.2497,25.2203,25.4795,135640,49.5
2010-06-10,24.8085,25.4777,24.8085,25.4795,19060,49.5
2010-06-11,25.735,25.9924,25.0144,25.0162,21500,48.6
2010-06-14,24.7056,26.2497,24.7056,26.2516,56540,51
2010-06-15,27.0218,27.0218,26.2497,26.2516,18470,51
2010-06-16,27.0218,27.0218,25.735,26.2516,5620,51
2010-06-17,26.5071,26.5071,25.9924,26.509,127810,51.5
2010-06-18,27.0218,27.0218,26.2497,27.0237,99320,52.5
2010-06-21,26.2497,27.2791,26.2497,27.0237,50820,52.5
2010-06-22,26.5071,27.2791,26.5071,27.0237,9450,52.5
2010-06-23,25.735,27.2791,25.735,27.0237,15750,52.5
2010-06-24,27.0218,27.0218,26.2497,26.2516,12830,51
2010-06-25,25.2203,26.7644,25.2203,26.2516,9860,51
2010-06-28,26.5071,26.5071,25.2203,25.7369,6720,50
2010-06-29,26.2497,26.5071,25.735,26.2516,34200,51
2010-06-30,26.2497,26.5071,25.9924,26.2516,82550,51
2010-07-01,25.4777,26.2497,25.4777,26.2516,36400,51
2010-07-02,26.2497,26.7644,26.2497,26.2516,19080,51
2010-07-05,26.7644,26.7644,25.9924,25.9942,3850,50.5
2010-07-06,26.7644,26.7644,25.4777,26.2516,53090,51
2010-07-07,25.735,26.7644,25.735,26.2516,31160,51
2010-07-08,26.5071,26.7644,26.2497,26.7664,60740,52
2010-07-09,26.7644,26.7644,26.5071,26.7664,340,52
2010-07-12,26.2497,26.7644,26.2497,26.7664,36160,52
2010-07-13,25.9924,26.7644,25.9924,25.9942,1110,50.5
2010-07-14,25.9924,26.7644,25.9924,26.2516,32640,51
2010-07-15,25.9924,26.5071,25.9924,26.509,25410,51.5
2010-07-16,26.5071,26.5071,26.5071,26.509,1410,51.5
2010-07-19,25.735,26.7644,25.4777,26.509,27350,51.5
2010-07-20,26.5071,26.7644,25.735,26.509,47770,51.5
2010-07-21,26.7644,27.0218,25.9924,27.0237,76480,52.5
2010-07-22,27.0218,27.2791,25.735,27.0237,7260,52.5
2010-07-23,27.2791,27.2791,25.9924,25.9942,24700,50.5
2010-07-26,27.0218,27.0218,25.735,25.7369,69870,50
2010-07-27,25.735,26.7644,25.735,25.9942,55670,50.5
2010-07-28,26.7644,26.7644,25.735,25.7369,56740,50
2010-07-29,25.2718,26.2497,25.2718,26.2516,17520,51
2010-07-30,25.9924,27.0218,25.9924,26.7664,51120,52
2010-08-02,27.0218,27.2791,26.2497,27.0237,48730,52.5
2010-08-03,27.5365,27.5365,26.5071,27.0237,3430,52.5
2010-08-04,26.7644,27.0218,26.5071,27.0237,62210,52.5
2010-08-05,26.5071,27.2791,26.5071,26.7664,2490,52
2010-08-06,27.0218,27.0218,26.2497,26.7664,14230,52
2010-08-09,26.2497,27.0218,26.2497,26.509,5540,51.5
2010-08-10,26.2497,26.5071,25.735,26.2516,23020,51
2010-08-11,25.735,26.7644,25.735,25.9942,15930,50.5
2010-08-12,26.2497,26.2497,24.8085,24.8104,4550,48.2
2010-08-13,23.8306,25.9924,23.8306,25.6339,2780,49.8
2010-08-16,26.5071,26.5071,25.735,26.2516,25770,51
2010-08-17,25.735,26.7644,25.4777,26.509,62290,51.5
2010-08-18,26.5071,26.5071,25.2203,26.2516,1580,51
2010-08-19,25.4262,26.2497,25.4262,25.9942,3410,50.5
2010-08-20,25.9924,25.9924,24.7571,25.0162,10600,48.6
2010-08-23,25.2203,25.2203,24.4997,25.0162,30220,48.6
2010-08-24,25.0144,25.2203,23.8306,25.2221,54570,49
2010-08-25,24.1909,24.2938,23.985,24.1927,137290,47
2010-08-26,24.3968,24.3968,23.0071,23.6779,101380,46
2010-08-27,23.6762,23.6762,22.9556,23.1632,100730,45
2010-08-30,23.6762,24.2938,22.1321,23.1632,184210,45
2010-08-31,23.1615,23.6762,22.6468,23.1632,225080,45
2010-09-01,23.1615,24.2938,23.1615,23.9353,2620,46.5
2010-09-06,24.4483,24.7056,24.088,24.7074,28010,48
2010-09-07,25.4262,25.4262,23.9336,24.7074,25250,48
2010-09-08,23.4703,25.2203,23.4703,25.2221,8300,49
2010-09-09,24.4483,25.6321,24.4483,25.2221,3910,49
2010-09-10,25.2203,25.4777,24.7056,25.2221,44370,49
2010-09-13,25.2203,26.2497,24.6027,25.2221,2060,49
2010-09-14,25.5291,25.5291,24.4483,25.428,480,49.4
2010-09-15,24.7056,25.4777,24.7056,25.428,38160,49.4
2010-09-16,24.4997,25.6835,24.4997,25.428,500,49.4
2010-09-17,25.4262,25.4777,24.4483,25.4795,26190,49.5
2010-09-20,25.735,26.2497,24.7571,25.0162,2990,48.6
2010-09-21,25.6835,25.6835,24.963,25.4795,20760,49.5
2010-09-22,25.6835,25.6835,25.2203,25.4795,4600,49.5
2010-09-23,25.3232,25.6321,24.963,25.428,16520,49.4
2010-09-24,25.6321,25.6321,25.3232,25.428,1330,49.4
2010-09-27,24.7056,25.5806,24.7056,25.428,8150,49.4
2010-09-28,24.963,25.6835,24.963,25.6854,34630,49.9
2010-09-29,25.6835,25.9924,25.4777,25.4795,13420,49.5
2010-09-30,25.5806,25.5806,24.8085,25.4795,5240,49.5
2010-10-01,25.5291,26.2497,25.4777,26.2516,25780,51
2010-10-04,26.7644,26.7644,25.2203,25.9942,33010,50.5
2010-10-05,25.2203,26.2497,25.2203,25.9942,15840,50.5
2010-10-06,26.2497,26.5071,25.4777,26.509,57690,51.5
2010-10-07,25.4777,27.7938,25.4777,27.0237,28580,52.5
2010-10-08,25.9924,28.3085,25.9924,27.7958,46890,54
2010-10-11,28.5659,28.5659,27.2791,28.0532,29520,54.5
2010-10-12,28.0512,28.3085,27.7938,27.7958,49940,54
2010-10-13,27.2791,28.0512,27.2791,28.0532,9810,54.5
2010-10-14,27.5365,28.0512,27.5365,27.5385,10830,53.5
2010-10-15,27.5365,27.7938,27.2791,27.2811,63260,53
2010-10-18,28.0512,28.5659,27.2791,28.5679,72110,55.5
2010-10-19,29.5953,29.5953,27.7938,28.8253,97770,56
2010-10-20,29.0806,29.0806,28.0512,28.8253,30230,56
2010-10-21,28.3085,28.8232,27.7938,28.8253,7120,56
2010-10-22,29.0806,29.0806,27.7938,28.3106,22270,55
2010-10-25,28.8232,29.0806,28.0512,29.0827,40340,56.5
2010-10-26,29.5953,29.8526,28.5659,29.0827,1560,56.5
2010-10-27,29.3379,29.3379,28.3085,28.3106,5900,55
2010-10-28,28.5659,29.5953,27.7938,28.8253,19220,56
2010-10-29,29.5953,29.5953,28.8232,29.34,51330,57
2010-11-01,29.8526,29.8526,29.0806,29.34,2580,57
2010-11-02,29.0806,29.3379,28.8232,29.0827,7070,56.5
2010-11-03,29.3379,29.3379,29.0806,29.0827,19940,56.5
2010-11-04,29.3379,30.3673,29.3379,30.3695,51880,59
2010-11-05,31.1394,31.3967,30.11,31.1416,48980,60.5
2010-11-08,31.6541,32.6835,30.3673,32.6858,39330,63.5
2010-11-09,34.2276,34.2276,32.4261,32.4285,39600,63
2010-11-10,31.3967,33.4555,31.1394,32.4285,48510,63
2010-11-11,33.4555,33.4555,31.3967,31.399,2000,61
2010-11-12,32.4261,32.9408,31.3967,32.4285,22910,63
2010-11-15,31.6541,33.7129,31.6541,32.6858,12070,63.5
2010-11-16,32.1688,32.9408,31.9114,32.6858,12600,63.5
2010-11-17,32.6835,32.6835,32.4261,32.6858,6580,63.5
2010-11-18,32.6835,33.4555,32.4261,32.6858,26150,63.5
2010-11-19,33.4555,33.4555,31.3967,31.399,31560,61
2010-11-22,32.1688,32.1688,31.1394,31.9137,34160,62
2010-11-23,32.1688,32.1688,31.3967,31.399,16230,61
2010-11-24,31.9114,31.9114,31.1394,31.9137,3200,62
2010-11-25,31.9114,33.4555,31.9114,33.4579,53540,65
2010-11-26,33.9702,34.4849,33.9702,34.4874,27130,67
2010-11-29,33.7129,34.2276,33.4555,34.2301,18630,66.5
2010-11-30,34.9996,34.9996,33.9702,33.9727,15690,66
2010-12-01,33.9702,34.4849,33.4555,33.9727,20670,66
2010-12-02,33.4555,33.9702,32.6835,33.9727,7580,66
2010-12-03,33.9702,33.9702,32.6835,32.6858,12350,63.5
2010-12-06,31.9114,32.1688,31.1394,31.399,53160,61
2010-12-07,30.882,31.3967,30.11,31.399,63480,61
2010-12-08,31.9114,31.9114,31.3967,31.399,60390,61
2010-12-09,31.3967,32.4261,31.3967,31.6564,17640,61.5
2010-12-10,32.1688,32.1688,30.11,31.9137,31410,62
2010-12-13,32.1688,33.1982,32.1688,32.9432,26590,64
2010-12-14,33.4555,33.4555,31.6541,32.9432,38850,64
2010-12-15,32.9408,33.4555,31.9114,33.4579,48060,65
2010-12-16,32.1688,33.9702,32.1688,32.4285,163730,63
2010-12-17,33.4555,33.7129,32.9408,32.9432,3440,64
2010-12-20,33.7129,33.7129,32.9408,32.9432,31410,64
2010-12-21,32.9408,33.9702,32.9408,33.9727,68970,66
2010-12-22,34.4849,35.5143,34.4849,35.5169,104440,69
2010-12-23,35.7717,36.029,34.4849,34.4874,97420,67
2010-12-24,34.9996,35.7717,32.9408,35.0022,43660,68
2010-12-27,36.029,36.029,33.7129,33.9727,2790,66
2010-12-28,35.257,35.257,33.9702,35.2595,4090,68.5
2010-12-29,35.7717,36.5437,35.5143,36.5464,15140,71
2010-12-30,37.0584,37.5731,36.5437,37.5758,2410,73
2010-12-31,35.7717,38.6025,35.7717,38.6053,61460,75
2011-01-04,39.6319,40.1466,37.0584,40.1495,5480,78
2011-01-05,40.404,41.176,39.3746,39.6348,56180,77
2011-01-06,40.1466,40.1466,39.1172,39.6348,350,77
2011-01-07,40.1466,40.1466,38.8599,39.6348,59940,77
2011-01-10,40.9187,40.9187,38.6025,38.6053,2170,75
2011-01-11,39.6319,39.6319,37.8305,39.1201,11000,76
2011-01-12,40.1466,40.1466,38.3452,38.6053,35380,75
2011-01-13,39.6319,39.6319,37.8305,38.0906,69830,74
2011-01-14,39.3746,39.3746,37.8305,37.8332,52060,73.5
2011-01-17,37.8305,39.6319,37.8305,39.6348,87600,77
2011-01-18,39.6319,41.4334,39.6319,41.4364,51280,80.5
2011-01-19,43.4922,43.4922,41.6907,43.4953,84390,84.5
2011-01-20,44.5216,45.551,44.5216,45.5543,64060,88.5
2011-01-21,47.6098,47.6098,47.6098,47.6132,10670,92.5
2011-01-24,49.9259,49.9259,45.2936,45.2969,121890,88
2011-01-25,43.4922,45.2936,43.2348,43.4953,86100,84.5
2011-01-26,42.4628,44.7789,42.4628,44.7822,1460,87
2011-01-27,44.7789,46.323,43.7495,43.7527,18010,85
2011-01-28,43.7495,45.2936,43.2348,44.2674,4950,86
2011-02-08,45.2936,45.2936,44.2642,44.2674,16770,86
2011-02-09,45.2936,46.323,45.2936,46.069,65660,89.5
2011-02-10,46.323,46.323,45.2936,45.2969,15780,88
2011-02-11,46.0657,46.0657,44.2642,45.5543,3360,88.5
2011-02-14,46.0657,46.0657,44.5216,44.5248,8620,86.5
2011-02-15,44.2642,44.5216,43.4922,44.5248,4600,86.5
2011-02-16,44.7789,45.8083,44.5216,44.7822,3610,87
2011-02-17,43.7495,45.8083,43.7495,45.8116,1710,89
2011-02-18,45.8083,46.323,45.0363,45.8116,8520,89
2011-02-21,47.3524,47.3524,43.7495,44.7822,21990,87
2011-02-22,42.7201,42.7201,42.7201,42.7232,4950,83
2011-02-23,41.176,41.6907,40.6613,41.179,57710,80
2011-02-24,39.1172,40.6613,39.1172,39.1201,98470,76
2011-02-25,40.6613,40.9187,39.1172,40.9216,3910,79.5
2011-02-28,42.7201,42.7201,42.7201,42.7232,1990,83
2011-03-01,42.7201,44.2642,42.7201,44.0101,2200,85.5
2011-03-02,44.2642,44.2642,42.2054,42.2085,12130,82
2011-03-03,41.176,43.2348,41.176,41.6937,2680,81
2011-03-04,43.2348,43.7495,41.6907,43.7527,20180,85
2011-03-07,45.8083,45.8083,44.2642,45.8116,19710,89
2011-03-08,46.8377,47.8671,46.8377,47.3559,11840,92
2011-03-09,46.323,48.8965,45.0363,46.5838,8590,90.5
2011-03-10,44.7789,48.1245,44.7789,47.3559,8030,92
2011-03-11,46.323,49.4112,46.323,47.8706,10240,93
2011-03-14,48.8965,48.8965,45.551,45.5543,11420,88.5
2011-03-15,43.7495,46.8377,43.4922,43.4953,15270,84.5
2011-03-16,44.7789,45.0363,42.4628,43.4953,7670,84.5
2011-03-17,45.551,45.551,41.4334,41.4364,21500,80.5
2011-03-18,43.2348,43.2348,39.3746,40.1495,39200,78
2011-03-21,41.9481,41.9481,40.1466,41.9511,5890,81.5
2011-03-22,44.0069,44.0069,42.4628,44.0101,11140,85.5
2011-03-23,43.2348,44.0069,42.9775,42.9806,3320,83.5
2011-03-24,42.2054,43.4922,41.176,41.179,4120,80
2011-03-25,41.6907,41.6907,40.404,40.6643,22390,79
2011-03-28,40.6613,42.2054,40.6613,40.6643,5310,79
2011-03-29,41.176,41.6907,40.1466,40.6643,6930,79
2011-03-30,40.1466,40.9187,40.1466,40.9216,16730,79.5
2011-03-31,41.176,42.2054,41.176,42.2085,3050,82
2011-04-01,42.2054,42.2054,40.9187,42.2085,1810,82
2011-04-04,41.6907,41.6907,41.176,41.179,790,80
2011-04-05,41.176,42.2054,41.176,41.179,5750,80
2011-04-06,41.176,42.4628,41.176,41.9511,3590,81.5
2011-04-07,41.9481,41.9481,41.176,41.6937,6950,81
2011-04-08,41.9481,42.7201,41.176,42.7232,8090,83
2011-04-13,43.7495,44.0069,42.7201,42.7232,12910,83
2011-04-14,44.7789,44.7789,44.7789,44.7822,22170,87
2011-04-15,46.8377,46.8377,46.8377,46.8411,19670,91
2011-04-18,46.0657,46.8377,45.8083,46.069,16940,89.5
2011-04-19,45.8083,46.323,45.8083,45.8116,14050,89
2011-04-20,45.0363,46.323,45.0363,46.3264,13370,90
2011-04-21,46.5804,48.6392,46.5804,48.6427,20940,94.5
2011-04-22,50.4406,50.9553,50.4406,50.959,28630,99
2011-04-25,51.47,53.0141,51.47,53.018,34180,103
2011-04-26,55.5876,55.5876,55.5876,55.5917,29510,108
2011-04-27,58.1611,58.1611,57.6464,58.1653,70160,113
2011-04-28,60.7346,60.7346,60.2199,60.739,40880,118
2011-04-29,63.3081,63.3081,63.3081,63.3127,30330,123
2011-05-04,66.3963,66.3963,65.8816,66.4012,68230,129
2011-05-05,65.8816,66.911,63.3081,63.3127,16400,123
2011-05-06,60.2199,60.2199,60.2199,60.2243,7150,117
2011-05-09,58.1611,60.7346,57.6464,60.739,63490,118
2011-05-10,61.764,63.3081,60.7346,63.3127,41750,123
2011-05-11,62.7934,66.3963,62.7934,65.3717,46090,127
2011-05-12,65.3669,66.911,62.2787,65.3717,4140,127
2011-05-13,65.3669,65.3669,62.2787,62.2832,38970,121
2011-05-16,62.2787,62.2787,60.2199,60.2243,32140,117
2011-05-17,60.2199,60.2199,57.6464,57.6506,69070,112
2011-05-18,57.1317,57.6464,55.0729,55.0769,36830,107
2011-05-19,56.617,56.617,52.4994,52.5032,34560,102
2011-05-20,53.0141,53.0141,49.9259,49.9295,63300,97
2011-05-23,48.3818,49.4112,47.6098,47.6132,57090,92.5
2011-05-24,45.8083,45.8083,45.2936,45.2969,45350,88
2011-05-25,43.2348,43.2348,43.2348,43.238,3910,84
2011-05-26,41.176,45.2936,41.176,45.2969,163920,88
2011-05-27,46.323,47.3524,45.8083,47.3559,17860,92
2011-05-30,49.6686,49.6686,48.8965,49.6722,52370,96.5
2011-05-31,51.9847,51.9847,51.9847,51.9885,83540,101
2011-06-01,53.5288,54.5582,51.9847,54.5622,88590,106
2011-06-02,57.1317,57.1317,56.617,57.1359,88510,111
2011-06-03,59.7052,59.7052,54.5582,54.5622,126270,106
2011-06-06,51.9847,54.5582,51.9847,51.9885,25270,101
2011-06-07,54.5582,54.5582,51.9847,52.5032,42720,102
2011-06-08,52.4994,53.0141,49.9259,50.1869,58400,97.5
2011-06-09,51.47,52.4994,51.2127,52.5032,38260,102
2011-06-10,54.5582,54.5582,51.47,51.4738,25970,100
2011-06-13,51.47,51.47,49.4112,49.9295,26220,97
2011-06-14,49.4112,51.2127,48.8965,48.9001,31260,95
2011-06-15,50.4406,50.4406,48.8965,50.1869,28480,97.5
2011-06-16,49.9259,51.47,49.6686,51.2164,8350,99.5
2011-06-17,51.47,51.47,48.8965,48.9001,9510,95
2011-06-20,50.4406,50.4406,49.1539,49.6722,3540,96.5
2011-06-21,50.1833,50.1833,49.1539,50.1869,17850,97.5
2011-06-22,50.1833,50.9553,50.1833,50.1869,31660,97.5
2011-06-23,50.698,50.698,49.6686,49.6722,10760,96.5
2011-06-24,50.1833,50.1833,49.4112,49.6722,7740,96.5
2011-06-27,50.698,50.698,48.8965,49.1574,18260,95.5
2011-06-28,49.9259,50.1833,49.4112,49.6722,26010,96.5
2011-06-29,50.4406,50.4406,49.6686,50.1869,18550,97.5
2011-06-30,50.1833,50.1833,49.1539,49.9295,14180,97
2011-07-01,49.9259,49.9259,49.1539,49.4148,41630,96
2011-07-04,49.6686,49.9259,49.4112,49.4148,14480,96
2011-07-05,49.4112,50.4406,49.4112,49.6722,16060,96.5
2011-07-06,50.1833,50.1833,49.4112,49.6722,15310,96.5
2011-07-07,49.6686,51.9847,49.6686,51.9885,36020,101
2011-07-08,52.4994,54.5582,52.4994,54.5622,87970,106
2011-07-11,54.0435,54.0435,51.9847,51.9885,7630,101
2011-07-12,50.1833,51.47,49.4112,49.4148,20870,96
2011-07-13,50.1833,51.2127,50.1833,51.2164,47870,99.5
2011-07-14,50.1833,51.47,49.9259,51.2164,26060,99.5
2011-07-15,50.4406,50.9553,49.6686,49.6722,27170,96.5
2011-07-18,49.1539,50.1833,48.8965,49.4148,13280,96
2011-07-19,48.8965,49.4112,47.0951,47.0985,101280,91.5
2011-07-20,47.0951,48.1245,47.0951,48.128,9980,93.5
2011-07-21,48.3818,48.3818,46.5804,47.0985,35480,91.5
2011-07-22,46.8377,47.6098,46.323,46.8411,47410,91
2011-07-25,46.8377,47.6098,46.0657,47.6132,12470,92.5
2011-07-26,47.6098,47.8671,46.5804,47.6132,6150,92.5
2011-07-27,47.6098,47.6098,47.3524,47.6132,4880,92.5
2011-07-28,48.1245,48.1245,47.6098,47.8706,4330,93
2011-07-29,47.8671,48.1245,47.3524,47.6132,2860,92.5
2011-08-01,47.6098,48.3818,47.3524,48.3853,18770,94
2011-08-02,48.3818,48.8965,48.3818,48.6427,15420,94.5
2011-08-03,48.8965,48.8965,47.3524,48.128,19210,93.5
2011-08-04,48.3818,49.4112,48.3818,49.1574,7210,95.5
2011-08-05,49.1539,51.47,49.1539,51.4738,52270,100
2011-08-08,50.698,51.9847,50.4406,50.7017,10460,98.5
2011-08-09,49.4112,49.9259,48.6392,49.4148,18090,96
2011-08-10,49.9259,50.9553,49.4112,50.4443,2560,98
2011-08-11,49.9259,50.4406,49.4112,50.4443,2090,98
2011-08-12,50.4406,50.4406,48.8965,49.4148,4790,96
2011-08-15,49.4112,49.4112,48.8965,48.9001,1740,95
2011-08-16,48.8965,49.4112,48.3818,48.3853,28800,94
2011-08-17,48.6392,48.6392,47.8671,48.128,50780,93.5
2011-08-18,48.8965,50.1833,48.8965,49.9295,48900,97
2011-08-19,49.6686,51.9847,49.4112,51.9885,45370,101
2011-08-22,51.9847,52.4994,51.2127,51.4738,33760,100
2011-08-23,50.9553,50.9553,49.6686,49.6722,41490,96.5
2011-08-24,49.9259,50.4406,49.6686,49.6722,11620,96.5
2011-08-25,50.4406,50.9553,50.4406,50.4443,25630,98
2011-08-26,50.698,51.9847,50.4406,51.4738,132370,100
2011-08-29,51.47,54.0435,51.47,53.018,53770,103
2011-08-30,54.0435,54.0435,52.4994,52.5032,134710,102
2011-08-31,53.0141,55.0729,52.4994,55.0769,263560,107
2011-09-01,57.6464,57.6464,56.1023,57.6506,162930,112
2011-09-05,59.7052,60.2199,59.7052,60.2243,299250,117
2011-09-06,62.7934,62.7934,60.2199,62.798,310490,122
2011-09-07,65.8816,65.8816,59.7052,62.798,245240,122
2011-09-08,62.7934,65.8816,62.7934,65.8864,223340,128
2011-09-09,66.911,68.9698,65.8816,68.9748,106570,134
2011-09-12,71.5433,72.058,71.5433,72.0633,118740,140
2011-09-13,75.6609,75.6609,75.6609,75.6664,155430,147
2011-09-14,73.6021,79.2638,73.6021,77.7254,147770,151
2011-09-15,77.7197,81.3226,77.7197,81.3285,326740,158
2011-09-16,81.3226,84.4108,77.7197,77.7254,612590,151
2011-09-19,74.1168,79.2638,74.1168,79.2696,189840,154
2011-09-20,79.2638,79.2638,75.6609,75.6664,31100,147
2011-09-21,75.1462,75.1462,72.058,72.0633,26490,140
2011-09-22,68.4551,68.9698,68.4551,68.4601,166040,133
2011-09-23,65.3669,65.3669,65.3669,65.3717,16040,127
2011-09-26,62.2787,66.911,62.2787,64.3422,105400,125
2011-09-27,64.3375,66.911,61.764,65.8864,28140,128
2011-09-28,66.911,66.911,63.3081,63.3127,35270,123
2011-09-29,61.764,64.3375,60.7346,61.2538,50330,119
2011-09-30,59.7052,63.8228,59.7052,61.7685,85880,120
2011-10-03,62.2787,62.2787,60.7346,60.739,13650,118
2011-10-04,59.7052,60.7346,59.7052,60.2243,62390,117
2011-10-05,60.2199,61.2493,59.1905,59.1948,16640,115
2011-10-06,59.1905,60.7346,59.1905,59.1948,146530,115
2011-10-07,60.2199,60.2199,56.617,56.6211,32380,110
2011-10-10,56.617,59.1905,56.617,59.1948,70170,115
2011-10-11,59.1905,60.7346,58.6758,58.6801,17450,114
2011-10-12,58.1611,58.6758,57.1317,57.6506,20520,112
2011-10-13,57.6464,58.6758,56.617,58.1653,16600,113
2011-10-14,57.1317,58.6758,57.1317,58.6801,19000,114
2011-10-17,59.1905,59.7052,58.6758,59.1948,40890,115
2011-10-18,58.1611,59.1905,57.6464,57.6506,10310,112
2011-10-19,58.6758,58.6758,55.5876,57.6506,61500,112
2011-10-20,58.6758,60.2199,58.1611,60.2243,28700,117
2011-10-21,62.2787,62.7934,61.764,62.798,391760,122
2011-10-24,65.3669,65.8816,65.3669,65.8864,84190,128
2011-10-25,67.9404,68.4551,63.8228,63.8275,45150,124
2011-10-26,64.3375,66.3963,63.8228,64.3422,93830,125
2011-10-27,65.3669,65.8816,63.8228,64.3422,57920,125
2011-10-28,65.8816,65.8816,64.3375,64.3422,104170,125
2011-10-31,65.3669,66.3963,64.8522,65.3717,113250,127
2011-11-01,65.3669,65.3669,63.8228,64.3422,28670,125
2011-11-02,63.8228,64.3375,63.3081,63.3127,22520,123
2011-11-03,63.3081,64.8522,63.3081,63.8275,43360,124
2011-11-04,63.8228,65.3669,63.8228,64.3422,27340,125
2011-11-07,64.8522,65.8816,64.8522,65.8864,123110,128
2011-11-08,65.3669,65.8816,64.8522,65.3717,24460,127
2011-11-09,65.8816,65.8816,64.3375,64.8569,41780,126
2011-11-10,64.3375,64.8522,62.7934,64.8569,34850,126
2011-11-11,65.3669,65.3669,63.8228,63.8275,9280,124
2011-11-14,64.3375,64.3375,61.764,64.3422,60650,125
2011-11-15,63.3081,64.3375,62.2787,63.8275,53600,124
2011-11-16,64.3375,64.3375,62.7934,62.798,62040,122
2011-11-17,63.3081,63.3081,61.2493,61.2538,39120,119
2011-11-18,59.1905,61.2493,58.6758,58.6801,96590,114
2011-11-21,59.7052,59.7052,56.617,58.1653,23040,113
2011-11-22,57.1317,58.6758,57.1317,57.6506,38410,112
2011-11-23,58.6758,60.2199,58.1611,60.2243,117200,117
2011-11-24,61.2493,62.2787,59.7052,59.7096,57680,116
2011-11-25,60.2199,61.764,60.2199,60.739,37740,118
2011-11-28,61.764,61.764,59.7052,60.2243,41320,117
2011-11-29,59.7052,61.2493,59.7052,60.2243,36600,117
2011-11-30,59.7052,61.2493,59.7052,61.2538,27150,119
2011-12-01,60.2199,61.2493,58.6758,59.7096,123830,116
2011-12-02,59.7052,60.2199,57.6464,60.2243,46780,117
2011-12-05,59.1905,60.2199,58.6758,59.7096,79350,116
2011-12-06,59.1905,61.764,59.1905,59.1948,149410,115
2011-12-07,59.7052,60.2199,58.6758,58.6801,24800,114
2011-12-08,59.1905,59.1905,58.1611,58.1653,86720,113
2011-12-09,58.1611,58.6758,56.617,57.6506,62790,112
2011-12-12,57.6464,57.6464,56.1023,56.1064,39160,109
2011-12-13,54.5582,56.1023,54.0435,54.0474,74990,105
2011-12-14,54.0435,54.5582,51.47,51.4738,78200,100
2011-12-15,49.1539,49.9259,48.8965,48.9001,34150,95
2011-12-16,47.0951,47.8671,46.5804,46.5838,367210,90.5
2011-12-19,46.5804,47.3524,45.2936,47.3559,37470,92
2011-12-20,46.8377,48.3818,46.8377,47.8706,73660,93
2011-12-21,47.8671,49.1539,47.8671,48.6427,68470,94.5
2011-12-22,48.1245,48.3818,46.323,46.3264,154570,90
2011-12-23,44.2642,46.8377,44.2642,46.069,60480,89.5
2011-12-26,45.8083,45.8083,44.5216,45.8116,88690,89
2011-12-27,44.5216,45.8083,44.5216,45.8116,85500,89
2011-12-28,46.323,46.5804,45.8083,46.069,54330,89.5
2011-12-29,45.551,46.5804,45.2936,46.3264,146450,90
2011-12-30,45.8083,46.5804,45.8083,46.5838,213030,90.5
2012-01-03,47.0951,47.0951,45.551,45.5543,23960,88.5
2012-01-04,45.551,46.0657,45.551,45.5543,54990,88.5
2012-01-05,45.0363,45.0363,44.0069,44.5248,90720,86.5
2012-01-06,44.5216,44.5216,42.4628,42.4659,96570,82.5
2012-01-09,40.9187,42.9775,40.9187,42.9806,18580,83.5
2012-01-10,42.9775,44.0069,42.9775,43.7527,116650,85
2012-01-11,45.0363,45.8083,45.0363,45.8116,61230,89
2012-01-12,47.3524,47.3524,46.8377,47.0985,35630,91.5
2012-01-13,47.0951,49.4112,47.0951,49.4148,40850,96
2012-01-16,50.698,51.47,50.698,51.4738,75170,100
2012-01-17,51.9847,54.0435,50.4406,50.4443,126200,98
2012-01-18,50.4406,51.47,50.4406,51.2164,7580,99.5
2012-01-19,51.47,53.0141,51.47,53.018,113760,103
2012-01-20,53.0141,54.5582,51.9847,51.9885,96420,101
2012-01-30,54.0435,54.5582,52.4994,54.5622,167540,106
2012-01-31,56.617,56.617,55.0729,55.0769,148470,107
2012-02-01,55.0729,55.0729,53.0141,53.5327,138100,104
2012-02-02,55.0729,56.1023,54.0435,56.1064,144980,109
2012-02-03,58.1611,58.6758,56.617,56.6211,236350,110
2012-02-06,57.6464,57.6464,54.0435,54.0474,171910,105
2012-02-07,52.4994,56.1023,52.4994,53.018,115930,103
2012-02-08,54.5582,55.5876,53.5288,54.5622,192290,106
2012-02-09,55.5876,56.617,54.5582,55.5917,48280,108
2012-02-10,55.5876,55.5876,53.0141,54.5622,257860,106
2012-02-13,54.0435,54.5582,53.5288,54.0474,67160,105
2012-02-14,53.0141,54.5582,53.0141,54.0474,98640,105
2012-02-15,54.0435,55.0729,53.5288,54.0474,48260,105
2012-02-16,53.5288,55.0729,53.5288,54.0474,109110,105
2012-02-17,54.5582,55.0729,54.0435,54.5622,43240,106
2012-02-20,55.5876,56.617,55.5876,56.6211,153720,110
2012-02-21,57.1317,57.6464,55.0729,55.0769,72400,107
2012-02-22,55.5876,56.1023,55.0729,55.0769,146000,107
2012-02-23,55.0729,56.1023,55.0729,56.1064,82090,109
2012-02-24,56.617,56.617,55.5876,55.5917,108220,108
2012-02-27,57.1317,57.6464,56.1023,57.1359,224650,111
2012-02-28,57.1317,57.1317,56.1023,56.1064,98090,109
2012-02-29,56.1023,58.6758,56.1023,58.6801,889850,114
2012-03-01,61.2493,61.2493,61.2493,61.2538,381260,119
2012-03-02,62.7934,63.8228,62.7934,63.8275,160330,124
2012-03-05,66.3963,66.911,63.8228,63.8275,360360,124
2012-03-06,63.3081,63.8228,60.7346,60.739,262080,118
2012-03-07,59.1905,60.7346,58.1611,59.1948,226650,115
2012-03-08,58.6758,61.764,58.1611,58.1653,172530,113
2012-03-09,58.1611,60.7346,57.1317,60.2243,78890,117
2012-03-12,60.2199,60.7346,58.1611,60.2243,68680,117
2012-03-13,59.7052,60.7346,59.1905,59.1948,51720,115
2012-03-14,60.2199,60.7346,58.6758,60.739,67670,118
2012-03-15,61.764,62.7934,60.7346,60.739,248650,118
2012-03-16,61.764,61.764,58.1611,58.1653,205480,113
2012-03-19,58.6758,60.7346,57.6464,59.7096,141730,116
2012-03-20,58.6758,60.2199,58.6758,59.1948,184330,115
2012-03-21,59.1905,60.7346,59.1905,59.1948,131040,115
2012-03-22,59.1905,59.7052,58.6758,58.6801,63890,114
2012-03-23,58.6758,59.7052,58.6758,59.1948,108340,115
2012-03-26,59.7052,60.2199,58.6758,60.2243,73390,117
2012-03-27,60.2199,60.2199,58.1611,58.1653,70220,113
2012-03-28,58.1611,59.7052,57.6464,58.6801,61930,114
2012-03-29,59.1905,59.1905,58.1611,58.1653,51980,113
2012-03-30,58.6758,59.7052,58.1611,58.6801,81340,114
2012-04-03,59.1905,59.7052,58.1611,59.7096,62840,116
2012-04-04,59.7052,60.2199,58.6758,58.6801,70730,114
2012-04-05,59.1905,59.7052,58.6758,58.6801,42570,114
2012-04-06,58.6758,59.7052,58.6758,58.6801,84530,114
2012-04-09,59.1905,59.7052,59.1905,59.1948,92670,115
2012-04-10,59.1905,61.2493,59.1905,60.739,205600,118
2012-04-11,61.764,62.2787,60.2199,60.2243,229940,117
2012-04-12,60.2199,62.2787,60.2199,60.739,242960,118
2012-04-13,60.7346,60.7346,59.7052,59.7096,67600,116
2012-04-16,60.2199,60.2199,58.1611,58.6801,131550,114
2012-04-17,59.1905,59.7052,58.1611,58.6801,209950,114
2012-04-18,59.1905,59.7052,58.6758,59.1948,253170,115
2012-04-19,59.1905,60.2199,59.1905,60.2243,162880,117
2012-04-20,59.7052,60.2199,59.7052,59.7096,85580,116
2012-04-23,59.7052,59.7052,58.6758,59.1948,132410,115
2012-04-24,59.1905,59.1905,57.6464,57.6506,167190,112
2012-04-25,58.1611,58.1611,56.617,57.6506,293750,112
2012-04-26,57.1317,57.6464,56.617,57.1359,142460,111
2012-04-27,57.1317,57.1317,55.5876,56.6211,206990,110
2012-05-02,56.617,57.1317,55.0729,55.5917,144830,108
2012-05-03,55.0729,55.5876,53.0141,53.018,419910,103
2012-05-04,53.5288,55.5876,53.5288,55.5917,191020,108
2012-05-07,56.617,58.1611,56.617,57.6506,173010,112
2012-05-08,57.1317,57.1317,55.5876,56.1064,63240,109
2012-05-09,54.5582,55.5876,54.0435,54.0474,124130,105
2012-05-10,54.0435,54.5582,53.0141,54.0474,104870,105
2012-05-11,54.5582,54.5582,53.5288,53.5327,75340,104
2012-05-14,53.5288,54.5582,52.4994,52.5032,146620,102
2012-05-15,51.47,52.4994,50.4406,50.7017,163930,98.5
2012-05-16,50.9553,53.0141,50.4406,51.4738,369880,100
2012-05-17,51.47,53.0141,51.47,51.4738,71240,100
2012-05-18,51.47,52.4994,50.9553,51.4738,145210,100
2012-05-21,51.9847,53.5288,51.47,53.018,138690,103
2012-05-22,53.0141,53.5288,51.47,51.4738,66580,100
2012-05-23,50.698,52.4994,50.698,51.4738,89760,100
2012-05-24,50.9553,51.9847,50.4406,51.4738,132690,100
2012-05-25,51.47,52.4994,51.2127,51.4738,194740,100
2012-05-28,51.9847,51.9847,51.2127,51.4738,41290,100
2012-05-29,51.2127,51.47,51.2127,51.4738,30980,100
2012-05-30,51.47,51.9847,51.2127,51.9885,57160,101
2012-05-31,51.47,51.9847,51.47,51.9885,53440,101
2012-06-01,51.9847,52.4994,51.47,52.5032,50820,102
2012-06-04,51.9847,52.4994,51.47,51.4738,65430,100
2012-06-05,51.2127,52.4994,51.2127,51.9885,99620,101
2012-06-06,51.9847,52.4994,51.47,51.4738,16790,100
2012-06-07,51.47,51.9847,50.9553,51.4738,165510,100
2012-06-08,51.9847,51.9847,51.2127,51.2164,73070,99.5
2012-06-11,50.9553,51.47,50.9553,51.4738,57160,100
2012-06-12,51.47,51.9847,51.2127,51.4738,41550,100
2012-06-13,51.47,52.4994,51.2127,51.9885,46820,101
2012-06-14,51.9847,52.4994,51.47,52.5032,44680,102
2012-06-15,51.9847,54.5582,51.9847,54.5622,254960,106
2012-06-18,53.5288,54.5582,53.0141,53.018,21750,103
2012-06-19,51.9847,54.0435,51.9847,53.5327,33990,104
2012-06-20,53.0141,53.5288,53.0141,53.5327,3960,104
2012-06-21,53.0141,53.5288,52.4994,53.5327,3750,104
2012-06-22,53.0141,53.0141,51.47,51.4738,20610,100
2012-06-25,51.47,53.0141,51.47,51.9885,27000,101
2012-06-26,51.47,51.9847,51.47,51.9885,65380,101
2012-06-27,51.47,51.9847,51.2127,51.2164,57750,99.5
2012-06-28,50.9553,51.2127,50.698,50.7017,17110,98.5
2012-06-29,50.9553,51.9847,50.698,51.4738,49080,100
2012-07-02,51.47,53.5288,51.2127,53.5327,72920,104
2012-07-03,51.47,53.0141,51.47,53.018,11840,103
2012-07-04,53.0141,53.0141,51.47,51.4738,10260,100
2012-07-05,51.9847,51.9847,51.47,51.4738,1870,100
2012-07-06,51.47,53.0141,51.47,51.4738,800,100
2012-07-09,51.47,51.47,50.698,50.7017,77680,98.5
2012-07-10,51.47,51.47,50.4406,50.4443,31620,98
2012-07-11,51.47,51.47,50.1833,50.4443,12980,98
2012-07-12,49.6686,51.47,49.6686,49.6722,10840,96.5
2012-07-13,49.6686,50.9553,49.6686,50.4443,1490,98
2012-07-16,51.2127,51.2127,49.9259,50.1869,19960,97.5
2012-07-17,49.6686,50.9553,49.6686,50.4443,32030,98
2012-07-18,50.9553,50.9553,50.4406,50.7017,1780,98.5
2012-07-19,50.9553,50.9553,50.4406,50.959,12250,99
2012-07-20,51.47,51.47,49.6686,49.6722,68470,96.5
2012-07-23,49.6686,50.9553,49.6686,49.6722,13900,96.5
2012-07-24,50.1833,50.1833,49.4112,49.4148,18750,96
2012-07-25,49.4112,49.9259,48.8965,48.9001,39140,95
2012-07-26,49.4112,49.9259,48.6392,48.9001,29930,95
2012-07-27,49.6686,49.6686,48.1245,48.128,43620,93.5
2012-07-30,48.1245,49.4112,48.1245,49.1574,36660,95.5
2012-07-31,48.8965,49.4112,48.8965,49.4148,27180,96
2012-08-01,49.1539,50.1833,49.1539,50.1869,83550,97.5
2012-08-02,49.9259,50.4406,49.9259,50.4443,36450,98
2012-08-03,50.4406,50.4406,49.9259,50.4443,26020,98
2012-08-06,50.4406,50.4406,49.6686,50.4443,80210,98
2012-08-07,50.698,50.698,49.9259,49.9295,2970,97
2012-08-08,49.9259,50.4406,49.9259,50.4443,9250,98
2012-08-09,50.698,51.47,50.698,51.4738,34940,100
2012-08-10,52.4994,52.4994,51.47,52.5032,37200,102
2012-08-13,53.0141,53.0141,51.47,53.018,10940,103
2012-08-14,51.9847,53.0141,51.9847,51.9885,18860,101
2012-08-15,51.9847,52.4994,51.47,51.4738,7570,100
2012-08-16,51.9847,51.9847,50.9553,51.9885,23310,101
2012-08-17,52.4994,53.0141,51.9847,51.9885,14650,101
2012-08-20,52.4994,53.0141,51.9847,51.9885,4440,101
2012-08-21,52.4994,52.4994,49.4112,49.4148,69660,96
2012-08-22,47.0951,48.6392,47.0951,47.3559,184990,92
2012-08-23,45.2936,46.8377,45.0363,46.3264,285750,90
2012-08-24,44.2642,47.3524,44.0069,47.3559,39080,92
2012-08-27,47.3524,48.3818,45.8083,47.3559,193630,92
2012-08-28,45.0363,47.3524,45.0363,47.3559,64450,92
2012-08-29,47.6098,47.6098,46.5804,47.3559,26170,92
2012-08-30,46.8377,47.6098,46.8377,47.3559,25440,92
2012-08-31,47.6098,49.4112,47.3524,49.4148,26190,96
2012-09-04,49.4112,51.47,48.3818,51.4738,154780,100
2012-09-05,51.47,53.0141,51.2127,51.4738,238500,100
2012-09-06,49.4112,51.9847,49.4112,51.2164,110570,99.5
2012-09-07,51.2127,53.0141,51.2127,53.018,141590,103
2012-09-10,53.0141,54.0435,51.2127,54.0474,694350,105
2012-09-11,52.4994,53.5288,52.4994,52.5032,11840,102
2012-09-12,52.4994,53.0141,51.9847,52.5032,27320,102
2012-09-13,51.9847,52.4994,51.9847,51.9885,33000,101
2012-09-14,52.4994,52.4994,51.9847,51.9885,21430,101
2012-09-17,51.9847,52.4994,51.47,51.9885,34900,101
2012-09-18,51.9847,52.4994,51.9847,51.9885,47980,101
2012-09-19,51.47,52.4994,51.47,51.4738,33030,100
2012-09-20,51.2127,51.2127,49.9259,50.4443,65020,98
2012-09-21,51.47,51.47,50.4406,50.4443,166080,98
2012-09-24,51.47,51.47,50.4406,50.959,960,99
2012-09-25,51.2127,51.2127,49.9259,50.4443,31070,98
2012-09-26,51.47,51.47,49.4112,49.6722,119020,96.5
2012-09-27,49.4112,50.1833,49.4112,49.4148,39430,96
2012-09-28,50.1833,50.4406,49.4112,49.6722,16710,96.5
2012-10-01,49.6686,50.1833,49.4112,49.6722,72060,96.5
2012-10-02,50.1833,50.1833,49.4112,49.6722,32810,96.5
2012-10-03,50.1833,50.1833,49.4112,49.9295,230,97
2012-10-04,50.4406,50.4406,49.4112,49.4148,7070,96
2012-10-05,49.6686,49.9259,49.4112,49.9295,40630,97
2012-10-08,49.9259,50.1833,49.9259,50.1869,35420,97.5
2012-10-09,50.4406,50.4406,49.9259,49.9295,21580,97
2012-10-10,49.4112,50.1833,49.4112,49.9295,22290,97
2012-10-11,49.9259,50.1833,49.4112,49.4148,21750,96
2012-10-12,49.6686,49.6686,49.1539,49.1574,15530,95.5
2012-10-15,49.4112,49.6686,49.1539,49.4148,6710,96
2012-10-16,49.6686,50.1833,49.4112,50.1869,215880,97.5
2012-10-17,50.4406,50.4406,49.9259,50.1869,43030,97.5
2012-10-18,50.1833,50.4406,49.9259,50.4443,62750,98
2012-10-19,50.4406,50.4406,49.1539,49.4148,12600,96
2012-10-22,49.4112,49.4112,48.8965,48.9001,7270,95
2012-10-23,48.8965,49.1539,48.3818,48.9001,6890,95
2012-10-24,48.8965,49.4112,48.6392,48.6427,17610,94.5
2012-10-25,48.8965,49.4112,47.8671,47.8706,50310,93
2012-10-26,48.8965,48.8965,48.1245,48.9001,1950,95
2012-10-29,48.1245,49.1539,48.1245,48.9001,1190,95
2012-10-30,47.8671,48.8965,47.8671,48.9001,2110,95
2012-10-31,48.1245,48.8965,48.1245,48.6427,750,94.5
2012-11-01,48.8965,48.8965,48.1245,48.128,18250,93.5
2012-11-02,47.6098,48.3818,45.8083,45.8116,22840,89
2012-11-05,47.3524,47.3524,46.323,47.3559,350,92
2012-11-06,48.1245,48.1245,47.3524,47.8706,5510,93
2012-11-07,48.1245,48.1245,46.5804,47.8706,3930,93
2012-11-08,48.3818,49.9259,47.0951,49.9295,90690,97
2012-11-09,49.9259,49.9259,49.4112,49.9295,21400,97
2012-11-12,50.1833,50.1833,49.4112,49.9295,1550,97
2012-11-13,49.6686,49.9259,48.3818,49.6722,1330,96.5
2012-11-14,49.4112,49.6686,48.3818,48.6427,7920,94.5
2012-11-15,49.4112,49.4112,48.3818,48.6427,490,94.5
2012-11-16,48.6392,48.6392,46.8377,48.6427,15800,94.5
2012-11-19,49.4112,49.4112,47.8671,48.9001,1950,95
2012-11-20,49.4112,49.4112,47.6098,48.9001,1710,95
2012-11-21,47.8671,48.6392,47.6098,48.3853,1370,94
2012-11-22,48.1245,48.3818,47.6098,47.6132,3100,92.5
2012-11-23,48.1245,48.1245,46.323,46.5838,23850,90.5
2012-11-26,48.1245,48.1245,45.2936,45.2969,46140,88
2012-11-27,45.2936,45.551,45.0363,45.2969,20820,88
2012-11-28,45.2936,46.0657,44.2642,44.2674,18800,86
2012-11-29,44.2642,45.2936,43.7495,45.0395,2460,87.5
2012-11-30,45.2936,45.2936,44.5216,45.2969,5690,88
2012-12-03,45.2936,46.5804,45.0363,46.5838,69440,90.5
2012-12-04,47.0951,47.6098,45.551,47.6132,15040,92.5
2012-12-05,47.8671,48.8965,47.6098,48.128,64720,93.5
2012-12-06,48.6392,48.6392,48.1245,48.6427,40700,94.5
2012-12-07,49.1539,49.6686,48.6392,49.4148,210590,96
2012-12-10,49.9259,49.9259,49.4112,49.4148,61450,96
2012-12-11,49.6686,49.9259,49.4112,49.6722,90380,96.5
2012-12-12,49.6686,49.9259,49.4112,49.4148,48470,96
2012-12-13,49.6686,49.9259,48.8965,49.6722,27500,96.5
2012-12-14,49.9259,50.1833,49.6686,49.9295,18960,97
2012-12-17,49.9259,49.9259,48.3818,49.6722,9860,96.5
2012-12-18,49.6686,49.6686,48.8965,49.6722,59250,96.5
2012-12-19,49.4112,50.698,49.4112,50.7017,33680,98.5
2012-12-20,50.698,53.0141,50.1833,53.018,77050,103
2012-12-21,50.9553,53.5288,50.9553,50.959,28730,99
2012-12-24,51.9847,51.9847,50.4406,51.9885,33830,101
2012-12-25,50.4406,51.9847,50.4406,51.9885,1420,101
2012-12-26,50.4406,52.4994,50.4406,52.5032,3700,102
2012-12-27,52.4994,52.4994,51.9847,52.5032,34040,102
2012-12-28,52.4994,52.4994,51.2127,52.5032,21580,102
2013-01-02,53.0141,53.0141,51.47,51.9885,2050,101
2013-01-03,53.0141,53.0141,50.9553,51.9885,50760,101
2013-01-04,51.9847,52.4994,51.9847,52.5032,21720,102
2013-01-07,52.4994,55.0729,51.47,54.0474,224230,105
2013-01-08,54.5582,56.617,54.5582,56.6211,225320,110
2013-01-09,59.1905,59.1905,58.6758,59.1948,109840,115
2013-01-10,60.2199,61.764,58.6758,61.7685,229030,120
2013-01-11,64.3375,64.3375,61.764,61.7685,100590,120
2013-01-14,61.2493,61.2493,59.1905,59.7096,70350,116
2013-01-15,59.7052,59.7052,57.6464,59.7096,63030,116
2013-01-16,59.7052,59.7052,58.6758,58.6801,21320,114
2013-01-17,58.1611,59.7052,57.1317,57.6506,87070,112
2013-01-18,58.6758,58.6758,55.5876,56.6211,45180,110
2013-01-21,57.1317,57.6464,55.0729,55.5917,54360,108
2013-01-22,56.1023,56.1023,54.5582,54.5622,52690,106
2013-01-23,54.5582,55.0729,53.5288,54.0474,39270,105
2013-01-24,54.0435,55.5876,53.5288,55.0769,4050,107
2013-01-25,56.1023,58.6758,55.0729,58.6801,37620,114
2013-01-28,58.6758,61.764,58.1611,61.2538,92680,119
2013-01-29,61.2493,62.7934,61.2493,62.2832,54430,121
2013-01-30,62.7934,63.8228,61.764,62.798,240310,122
2013-01-31,62.7934,62.7934,60.2199,61.2538,197090,119
2013-02-01,60.7346,61.764,60.2199,61.2538,186060,119
2013-02-04,62.2787,62.2787,59.7052,59.7096,67130,116
2013-02-05,59.7052,60.7346,57.6464,57.6506,154830,112
2013-02-06,57.6464,60.7346,57.6464,57.6506,247050,112
2013-02-07,58.1611,60.2199,57.6464,59.7096,26630,116
2013-02-08,59.7052,59.7052,59.1905,59.7096,2980,116
2013-02-18,60.2199,60.7346,59.7052,60.2243,61970,117
2013-02-19,59.7052,60.2199,58.6758,58.6801,17170,114
2013-02-20,59.7052,59.7052,58.6758,59.7096,95210,116
2013-02-21,59.1905,60.7346,57.1317,57.1359,104960,111
2013-02-22,59.1905,59.7052,57.1317,59.1948,22330,115
2013-02-25,59.1905,60.2199,58.6758,60.2243,23960,117
2013-02-26,59.7052,60.2199,57.1317,58.6801,62620,114
2013-02-27,58.6758,59.1905,57.1317,57.1359,105190,111
2013-02-28,57.6464,58.6758,57.1317,57.6506,110280,112
2013-03-01,57.6464,58.6758,57.6464,58.6801,6430,114
2013-03-04,59.1905,59.7052,58.1611,59.1948,38900,115
2013-03-05,58.6758,59.7052,58.6758,58.6801,41290,114
2013-03-06,59.1905,59.1905,58.6758,59.1948,10840,115
2013-03-07,58.6758,59.1905,57.6464,57.6506,27750,112
2013-03-08,59.1905,59.1905,58.1611,59.1948,28450,115
2013-03-11,59.1905,59.7052,59.1905,59.7096,19930,116
2013-03-12,59.7052,60.2199,58.6758,60.2243,47660,117
2013-03-13,60.2199,60.2199,59.7052,60.2243,17420,117
2013-03-14,59.1905,60.7346,59.1905,60.2243,14420,117
2013-03-15,60.2199,63.3081,60.2199,63.3127,246470,123
2013-03-18,63.3081,63.3081,61.2493,61.2538,7360,119
2013-03-19,61.2493,61.764,60.7346,60.739,25930,118
2013-03-20,61.2493,62.2787,60.7346,61.7685,12220,120
2013-03-21,61.764,65.8816,61.764,65.8864,271460,128
2013-03-22,66.911,69.4845,65.3669,66.9159,140570,130
2013-03-25,66.911,67.9404,65.8816,66.4012,167810,129
2013-03-26,66.3963,66.3963,63.3081,63.8275,136570,124
2013-03-27,64.3375,64.3375,63.3081,64.3422,40600,125
2013-03-28,64.3375,64.3375,62.7934,63.3127,32100,123
2013-03-29,62.7934,64.3375,62.2787,63.8275,20280,124
2013-04-01,63.8228,64.8522,63.3081,64.3422,61890,125
2013-04-02,64.8522,66.3963,64.3375,65.8864,187030,128
2013-04-03,65.3669,65.8816,64.8522,65.8864,37490,128
2013-04-04,65.8816,65.8816,64.3375,64.3422,38960,125
2013-04-05,64.3375,64.3375,63.3081,64.3422,27760,125
2013-04-08,64.3375,64.3375,63.3081,63.3127,32170,123
2013-04-09,63.3081,64.3375,63.3081,63.3127,41630,123
2013-04-10,63.3081,65.3669,63.3081,63.3127,121170,123
2013-04-11,64.3375,64.3375,62.7934,63.8275,29340,124
2013-04-12,64.3375,64.3375,62.2787,62.2832,75730,121
2013-04-15,61.764,61.764,58.1611,58.6801,86620,114
2013-04-16,57.1317,57.1317,56.1023,56.6211,186990,110
2013-04-17,58.1611,59.7052,56.617,59.7096,112830,116
2013-04-18,59.7052,59.7052,56.1023,56.6211,208500,110
2013-04-22,56.617,57.6464,55.5876,57.1359,41020,111
2013-04-23,56.617,58.1611,56.617,57.1359,127720,111
2013-04-24,57.6464,57.6464,56.1023,56.1064,53170,109
2013-04-25,57.1317,57.1317,56.1023,56.1064,42150,109
2013-04-26,56.1023,56.617,56.1023,56.1064,41900,109
2013-05-02,56.617,57.1317,56.617,56.6211,66780,110
2013-05-03,56.617,57.1317,56.1023,57.1359,72420,111
2013-05-06,57.6464,58.1611,56.617,58.1653,47550,113
2013-05-07,58.6758,58.6758,57.1317,58.1653,51650,113
2013-05-08,58.1611,58.1611,56.617,56.6211,42400,110
2013-05-09,57.6464,57.6464,56.617,56.6211,39040,110
2013-05-10,56.617,57.6464,56.617,57.1359,158720,111
2013-05-13,57.1317,58.1611,57.1317,58.1653,75410,113
2013-05-14,57.6464,57.6464,56.617,57.1359,58190,111
2013-05-15,57.1317,57.6464,56.617,57.6506,2490,112
2013-05-16,57.1317,57.6464,56.617,57.1359,55130,111
2013-05-17,57.6464,57.6464,56.617,56.6211,77890,110
2013-05-20,56.617,56.617,54.5582,56.6211,50810,110
2013-05-21,56.1023,58.1611,56.1023,57.6506,102550,112
2013-05-22,57.6464,58.1611,56.617,57.1359,37710,111
2013-05-23,57.1317,57.1317,56.1023,56.6211,57300,110
2013-05-24,56.617,57.1317,56.1023,56.1064,62520,109
2013-05-27,56.617,56.617,55.5876,56.6211,92770,110
2013-05-28,57.6464,57.6464,56.1023,56.6211,36130,110
2013-05-29,56.1023,56.617,55.5876,56.6211,56430,110
2013-05-30,56.617,57.1317,56.1023,57.1359,81970,111
2013-05-31,57.1317,57.6464,57.1317,57.1359,102110,111
2013-06-03,56.617,57.1317,56.617,57.1359,46510,111
2013-06-04,57.1317,57.1317,56.1023,56.1064,44930,109
2013-06-05,56.1023,56.617,56.1023,56.1064,41670,109
2013-06-06,56.1023,56.617,55.5876,56.6211,39410,110
2013-06-07,56.1023,56.617,56.1023,56.6211,22850,110
2013-06-10,56.1023,56.617,55.5876,55.5917,75720,108
2013-06-11,55.5876,56.1023,55.0729,55.5917,44770,108
2013-06-12,55.5876,55.5876,54.0435,54.0474,171590,105
2013-06-13,53.5288,54.0435,50.9553,51.2164,214000,99.5
2013-06-14,51.47,51.9847,50.698,50.959,281900,99
2013-06-17,51.9847,51.9847,50.698,50.959,124100,99
2013-06-18,49.6686,51.2127,49.6686,50.959,56240,99
2013-06-19,50.9553,51.2127,50.698,50.959,61370,99
2013-06-20,50.9553,50.9553,50.1833,50.959,75750,99
2013-06-21,50.698,50.9553,50.4406,50.959,21960,99
2013-06-24,50.698,50.9553,47.6098,47.6132,106750,92.5
2013-06-25,47.3524,47.6098,44.5216,45.8116,177860,89
2013-06-26,45.8083,46.323,44.2642,45.8116,251410,89
2013-06-27,45.8083,46.323,45.2936,45.8116,225510,89
2013-06-28,45.8083,46.323,45.551,45.8116,78470,89
2013-07-01,45.8083,47.3524,45.2936,47.0985,85260,91.5
2013-07-02,47.0951,49.4112,47.0951,48.9001,235740,95
2013-07-03,49.4112,49.9259,48.3818,48.3853,98460,94
2013-07-04,48.8965,48.8965,47.6098,48.3853,158460,94
2013-07-05,47.8671,48.3818,47.6098,48.3853,29130,94
2013-07-08,48.1245,48.3818,47.3524,48.3853,73870,94
2013-07-09,48.1245,48.1245,47.3524,47.8706,27620,93
2013-07-10,47.8671,48.1245,47.0951,47.3559,45440,92
2013-07-11,47.3524,47.3524,45.551,45.5543,148810,88.5
2013-07-12,45.551,46.323,44.2642,46.3264,707460,90
2013-07-15,46.323,46.5804,45.2936,45.2969,210330,88
2013-07-16,45.2936,45.551,45.0363,45.2969,94150,88
2013-07-17,45.2936,45.8083,45.0363,45.5543,231900,88.5
2013-07-18,45.551,46.8377,45.551,46.3264,459530,90
2013-07-19,46.5804,48.1245,46.5804,47.8706,446060,93
2013-07-22,48.3818,50.1833,48.3818,49.9295,430140,97
2013-07-23,49.6686,49.6686,48.6392,48.6427,245280,94.5
2013-07-24,48.3818,48.3818,46.323,46.8411,345180,91
2013-07-25,46.8377,46.8377,45.8083,46.3264,247570,90
2013-07-26,46.323,46.5804,45.2936,46.3264,261070,90
2013-07-29,46.323,46.8377,45.2936,45.5543,155990,88.5
2013-07-30,45.2936,46.0657,45.2936,45.8116,156250,89
2013-07-31,45.8083,46.0657,45.2936,45.5543,79700,88.5
2013-08-01,45.551,45.551,45.2936,45.2969,273930,88
2013-08-02,45.551,45.8083,45.2936,45.5543,128920,88.5
2013-08-05,45.551,45.8083,45.2936,45.2969,87000,88
2013-08-06,45.0363,45.2936,44.5216,45.0395,291510,87.5
2013-08-07,45.0363,45.551,44.7789,45.2969,200230,88
2013-08-08,45.2936,47.3524,45.2936,45.5543,235810,88.5
2013-08-09,45.8083,46.323,45.8083,46.069,196710,89.5
2013-08-12,46.0657,46.0657,45.551,45.5543,77960,88.5
2013-08-13,45.551,45.8083,45.2936,45.2969,171310,88
2013-08-14,45.551,45.8083,45.0363,45.2969,239150,88
2013-08-15,45.551,45.8083,45.0363,45.2969,525350,88
2013-08-16,45.2936,45.551,44.7789,45.0395,206380,87.5
2013-08-19,44.7789,45.551,44.7789,44.7822,340060,87
2013-08-20,44.7789,45.0363,44.2642,44.2674,326950,86
2013-08-21,44.5216,44.5216,42.7201,43.238,544640,84
2013-08-22,43.2348,43.7495,42.9775,42.9806,216920,83.5
2013-08-23,43.2348,43.2348,41.176,41.6937,461420,81
2013-08-26,41.6907,42.4628,39.6319,42.4659,474310,82.5
2013-08-27,41.6907,42.4628,41.176,42.2085,159520,82
2013-08-28,41.4334,41.6907,40.1466,41.6937,314750,81
2013-08-29,41.6907,41.9481,41.176,41.6937,210300,81
2013-08-30,41.6907,42.2054,40.6613,42.2085,202340,82
2013-09-03,41.176,42.2054,41.176,41.9511,111670,81.5
2013-09-04,41.9481,41.9481,41.176,41.6937,109600,81
2013-09-05,41.6907,42.2054,41.176,42.2085,95440,82
2013-09-06,42.2054,42.7201,41.9481,42.4659,125080,82.5
2013-09-09,42.4628,42.4628,41.4334,42.2085,98490,82
2013-09-10,42.2054,42.4628,41.9481,41.9511,26170,81.5
2013-09-11,41.9481,42.4628,41.6907,42.2085,91930,82
2013-09-12,42.2054,42.4628,41.9481,42.2085,41390,82
2013-09-13,42.2054,42.4628,41.9481,42.2085,38960,82
2013-09-16,42.2054,42.2054,41.4334,42.2085,106510,82
2013-09-17,41.9481,42.2054,41.6907,41.9511,44630,81.5
2013-09-18,41.9481,41.9481,41.6907,41.9511,128100,81.5
2013-09-19,42.2054,42.2054,41.6907,41.9511,44100,81.5
2013-09-20,41.9481,42.4628,41.6907,42.4659,210010,82.5
2013-09-23,42.4628,42.4628,41.9481,42.2085,32770,82
2013-09-24,42.2054,42.4628,41.9481,41.9511,81270,81.5
2013-09-25,41.9481,42.2054,41.6907,41.9511,109910,81.5
2013-09-26,41.9481,42.2054,41.6907,41.9511,68550,81.5
2013-09-27,42.2054,42.4628,41.9481,42.2085,126800,82
2013-09-30,42.2054,44.2642,42.2054,44.0101,356610,85.5
2013-10-01,44.0069,44.2642,43.4922,44.0101,233660,85.5
2013-10-02,43.7495,44.2642,43.7495,44.2674,201460,86
2013-10-03,44.2642,44.2642,43.2348,43.7527,104000,85
2013-10-04,43.2348,43.7495,43.2348,43.238,116620,84
2013-10-07,43.2348,43.4922,42.7201,42.9806,240180,83.5
2013-10-08,42.9775,43.7495,42.7201,43.4953,251670,84.5
2013-10-09,43.7495,43.7495,42.9775,42.9806,72800,83.5
2013-10-10,42.9775,43.2348,42.7201,42.7232,133530,83
2013-10-11,42.7201,42.7201,42.2054,42.2085,113800,82
2013-10-14,42.2054,42.4628,41.6907,42.2085,88460,82
2013-10-15,42.2054,42.2054,41.6907,42.2085,127820,82
2013-10-16,41.9481,42.7201,41.9481,42.2085,200960,82
2013-10-17,42.2054,42.4628,42.2054,42.4659,126470,82.5
2013-10-18,42.4628,42.4628,41.6907,41.6937,91000,81
2013-10-21,42.2054,42.7201,41.9481,42.2085,249700,82
2013-10-22,42.2054,42.4628,41.6907,41.9511,139030,81.5
2013-10-23,41.9481,42.2054,41.9481,41.9511,246370,81.5
2013-10-24,41.9481,42.2054,41.6907,41.9511,99470,81.5
2013-10-25,41.6907,41.9481,41.6907,41.9511,80320,81.5
2013-10-28,41.6907,41.9481,41.4334,41.4364,144490,80.5
2013-10-29,41.176,41.6907,40.9187,41.6937,250520,81
2013-10-30,41.4334,42.2054,41.4334,41.9511,274620,81.5
2013-10-31,41.9481,42.2054,41.6907,41.9511,208770,81.5
2013-11-01,41.9481,41.9481,41.4334,41.9511,61190,81.5
2013-11-04,41.9481,41.9481,41.176,41.9511,182080,81.5
2013-11-05,41.6907,41.6907,41.176,41.179,263610,80
2013-11-06,41.4334,41.4334,40.9187,41.4364,110780,80.5
2013-11-07,41.4334,41.4334,40.9187,41.4364,136380,80.5
2013-11-08,41.176,41.4334,40.9187,41.4364,158550,80.5
2013-11-11,41.176,41.4334,40.9187,41.4364,91680,80.5
2013-11-12,41.176,41.176,40.6613,41.179,235120,80
2013-11-13,41.176,41.176,40.6613,41.179,223260,80
2013-11-14,40.9187,41.176,40.9187,41.179,117560,80
2013-11-15,40.9187,41.176,40.9187,41.179,123680,80
2013-11-18,41.176,42.7201,41.176,41.9511,424650,81.5
2013-11-19,42.4628,42.4628,41.9481,41.9511,171740,81.5
2013-11-20,41.9481,41.9481,41.4334,41.6937,363820,81
2013-11-21,41.6907,41.6907,41.176,41.179,283300,80
2013-11-22,41.4334,41.4334,41.176,41.179,147600,80
2013-11-25,41.4334,42.4628,41.176,42.2085,499650,82
2013-11-26,42.2054,43.2348,41.6907,43.238,551760,84
2013-11-27,43.2348,43.4922,42.7201,42.9806,217460,83.5
2013-11-28,42.7201,42.9775,42.2054,42.4659,123890,82.5
2013-11-29,42.2054,42.7201,42.2054,42.4659,104520,82.5
2013-12-02,42.4628,42.4628,42.2054,42.2085,68200,82
2013-12-03,42.2054,42.9775,42.2054,42.7232,263600,83
2013-12-04,42.9775,42.9775,42.4628,42.4659,45240,82.5
2013-12-05,42.4628,42.4628,41.9481,42.2085,123380,82
2013-12-06,42.2054,42.4628,41.9481,41.9511,104970,81.5
2013-12-09,44.7789,44.7789,44.2642,44.7822,1873950,87
2013-12-10,45.551,46.8377,45.0363,45.0395,369880,87.5
2013-12-11,45.2936,45.2936,44.0069,44.0101,233870,85.5
2013-12-12,43.7495,44.7789,43.7495,44.7822,280310,87
2013-12-13,44.7789,45.0363,44.2642,44.2674,232120,86
2013-12-16,44.0069,44.2642,43.4922,43.7527,267530,85
2013-12-17,43.7495,44.2642,43.7495,44.0101,176960,85.5
2013-12-18,44.0069,44.2642,43.4922,44.0101,94370,85.5
2013-12-19,43.7495,44.2642,43.7495,43.7527,165590,85
2013-12-20,44.0069,44.7789,43.4922,44.7822,1824120,87
2013-12-23,44.2642,44.2642,43.4922,44.0101,298650,85.5
2013-12-24,43.7495,44.0069,43.4922,43.7527,185210,85
2013-12-25,43.4922,44.0069,43.4922,43.7527,93200,85
2013-12-26,43.7495,43.7495,43.4922,43.4953,59250,84.5
2013-12-27,43.2348,43.7495,43.2348,43.238,32130,84
2013-12-30,43.2348,43.4922,42.4628,42.4659,144730,82.5
2013-12-31,42.4628,42.9775,42.2054,42.4659,101020,82.5
2014-01-02,42.7201,42.7201,41.9481,42.2085,92560,82
2014-01-03,42.2054,42.4628,41.9481,41.9511,48500,81.5
2014-01-06,42.2054,42.4628,41.9481,42.2085,119510,82
2014-01-07,42.2054,42.9775,42.2054,42.4659,121200,82.5
2014-01-08,42.9775,43.4922,42.4628,43.4953,153340,84.5
2014-01-09,43.4922,43.7495,43.4922,43.7527,100970,85
2014-01-10,44.0069,44.7789,44.0069,44.2674,296040,86
2014-01-13,44.2642,44.5216,44.0069,44.2674,118640,86
2014-01-14,44.2642,44.5216,44.0069,44.2674,134720,86
2014-01-15,44.5216,44.7789,44.2642,44.5248,139580,86.5
2014-01-16,44.7789,46.0657,44.7789,46.069,539730,89.5
2014-01-17,46.323,49.1539,46.323,49.1574,847000,95.5
2014-01-20,49.9259,52.4994,49.9259,50.959,593890,99
2014-01-21,50.9553,50.9553,48.8965,49.6722,491030,96.5
2014-01-22,49.9259,49.9259,47.3524,47.6132,235210,92.5
2014-01-23,47.3524,48.6392,47.0951,48.3853,213720,94
2014-01-24,48.6392,49.9259,48.3818,49.9295,142800,97
2014-01-27,49.4112,49.4112,48.1245,48.9001,146430,95
2014-02-06,47.8671,48.3818,47.3524,47.3559,334740,92
2014-02-07,47.3524,47.8671,46.5804,46.5838,361760,90.5
2014-02-10,46.5804,47.3524,46.5804,47.0985,89050,91.5
2014-02-11,47.3524,48.3818,47.3524,47.3559,221170,92
2014-02-12,47.3524,47.8671,47.0951,47.6132,156760,92.5
2014-02-13,48.3818,48.8965,47.6098,48.3853,280980,94
2014-02-14,48.1245,48.8965,48.1245,48.128,74410,93.5
2014-02-17,48.3818,48.3818,47.3524,47.8706,232920,93
2014-02-18,47.6098,47.8671,47.3524,47.6132,192910,92.5
2014-02-19,47.6098,48.3818,47.6098,48.3853,328980,94
2014-02-20,48.3818,49.1539,47.8671,48.6427,455000,94.5
2014-02-21,48.3818,49.4112,48.3818,48.9001,287340,95
2014-02-24,48.3818,49.6686,48.3818,49.6722,282900,96.5
2014-02-25,49.6686,52.4994,49.6686,51.4738,830970,100
2014-02-26,51.9847,51.9847,50.698,51.4738,180060,100
2014-02-27,50.9553,51.9847,50.4406,50.4443,324330,98
2014-02-28,50.1833,53.0141,50.1833,52.5032,508920,102
2014-03-03,52.4994,52.4994,49.9259,49.9295,273600,97
2014-03-04,49.6686,50.1833,48.3818,49.6722,304540,96.5
2014-03-05,50.4406,50.698,49.6686,50.1869,133460,97.5
2014-03-06,49.9259,50.698,49.9259,50.4443,221980,98
2014-03-07,50.4406,50.698,49.9259,49.9295,75540,97
2014-03-10,49.9259,50.9553,49.9259,50.4443,146510,98
2014-03-11,50.4406,50.9553,50.1833,50.959,114670,99
2014-03-12,50.9553,51.9847,50.698,50.959,324300,99
2014-03-13,50.698,51.47,50.698,51.2164,409760,99.5
2014-03-14,51.2127,52.4994,50.9553,51.9885,561580,101
2014-03-17,55.5876,55.5876,55.5876,55.5917,1728150,108
2014-03-18,57.6464,58.1611,55.5876,55.5917,1721630,108
2014-03-19,55.0729,56.1023,55.0729,55.5917,443130,108
2014-03-20,55.5876,55.5876,54.0435,54.0474,374660,105
2014-03-21,53.5288,54.0435,53.0141,53.018,5340000,103
2014-03-24,52.4994,53.0141,50.9553,51.4738,370320,100
2014-03-25,51.47,53.0141,51.2127,51.2164,486700,99.5
2014-03-26,51.2127,51.47,50.1833,50.1869,316470,97.5
2014-03-27,50.1833,50.4406,49.4112,49.9295,240510,97
2014-03-28,49.9259,51.2127,49.6686,51.2164,159820,99.5
2014-03-31,51.2127,51.2127,49.9259,49.9295,142520,97
2014-04-01,49.9259,49.9259,48.3818,48.9001,177440,95
2014-04-02,48.6392,49.4112,47.0951,47.8706,291400,93
2014-04-03,48.3818,48.6392,47.8671,48.128,119190,93.5
2014-04-04,48.3818,48.6392,48.1245,48.128,115290,93.5
2014-04-07,48.1245,48.6392,48.1245,48.6427,143610,94.5
2014-04-08,48.6392,49.9259,48.6392,49.4148,173460,96
2014-04-10,49.9259,50.1833,49.1539,49.9295,203600,97
2014-04-11,49.6686,52.4994,48.8965,50.4443,496530,98
2014-04-14,50.9553,50.9553,49.4112,49.4148,103120,96
2014-04-15,49.9259,50.4406,49.4112,49.6722,365880,96.5
2014-04-16,49.4112,49.6686,47.8671,48.6427,238480,94.5
2014-04-17,48.8965,49.6686,48.6392,49.1574,93950,95.5
2014-04-18,49.1539,49.4112,46.0657,46.069,40870,89.5
2014-04-21,46.0657,47.3524,46.0657,46.3264,90030,90
2014-04-22,46.8377,47.6098,46.323,47.6132,95800,92.5
2014-04-23,47.3524,49.1539,47.3524,48.9001,132800,95
2014-04-24,48.8965,49.1539,48.3818,49.1574,71400,95.5
2014-04-25,49.1539,49.6686,48.6392,49.6722,320620,96.5
2014-04-28,49.6686,49.9259,48.1245,48.128,81830,93.5
2014-04-29,47.8671,49.4112,47.8671,49.4148,27710,96
2014-05-05,48.6392,49.4112,46.8377,46.8411,128110,91
2014-05-06,46.8377,47.3524,46.5804,47.0985,174370,91.5
2014-05-07,47.3524,48.6392,47.3524,48.128,135570,93.5
2014-05-08,47.8671,48.3818,44.7789,44.7822,222570,87
2014-05-09,43.7495,46.323,43.7495,46.3264,367480,90
2014-05-12,44.7789,46.8377,44.5216,46.8411,220620,91
2014-05-13,46.323,46.8377,45.8083,46.3264,117030,90
2014-05-14,45.2936,46.8377,45.2936,46.5838,145790,90.5
2014-05-15,46.8377,47.6098,45.8083,47.0985,422850,91.5
2014-05-16,47.3524,47.3524,46.8377,47.0985,28060,91.5
2014-05-19,47.6098,47.6098,46.5804,47.6132,88040,92.5
2014-05-20,47.6098,47.8671,47.0951,47.3559,41760,92
2014-05-21,47.6098,47.6098,46.5804,46.5838,137550,90.5
2014-05-22,46.323,46.8377,46.0657,46.069,132040,89.5
2014-05-23,46.323,46.5804,46.0657,46.069,55720,89.5
2014-05-26,46.5804,46.8377,46.0657,46.8411,76030,91
2014-05-27,46.323,47.6098,46.323,47.6132,89880,92.5
2014-05-28,47.8671,48.8965,47.6098,48.9001,150680,95
2014-05-29,48.8965,50.1833,48.8965,49.9295,280950,97
2014-05-30,50.4406,50.9553,50.1833,50.7017,755110,98.5
2014-06-02,49.6686,50.9553,49.6686,50.7017,229020,98.5
2014-06-03,50.4406,51.2127,50.4406,51.2164,184340,99.5
2014-06-04,51.47,51.47,50.4406,50.959,51080,99
2014-06-05,50.698,50.698,49.9259,49.9295,76150,97
2014-06-06,50.698,50.698,49.6686,50.1869,22360,97.5
2014-06-09,49.9259,50.4406,49.9259,49.9295,15720,97
2014-06-10,49.6686,50.9553,49.6686,50.7017,75940,98.5
2014-06-11,51.2127,51.2127,50.4406,50.4443,63000,98
2014-06-12,50.4406,50.9553,49.9259,50.959,85470,99
2014-06-13,50.698,51.2127,50.4406,50.7017,44600,98.5
2014-06-16,50.698,51.2127,50.698,51.2164,152360,99.5
2014-06-17,51.2127,51.2127,49.9259,49.9295,91030,97
2014-06-18,49.9259,50.698,49.1539,49.1574,77630,95.5
2014-06-19,48.8965,49.9259,47.8671,48.6427,78850,94.5
2014-06-20,49.4112,49.4112,45.551,45.5543,734130,88.5
2014-06-23,46.323,47.6098,46.323,47.3559,145190,92
2014-06-24,47.3524,47.6098,47.3524,47.6132,140290,92.5
2014-06-25,47.6098,47.6098,46.8377,47.3559,257640,92
2014-06-26,47.3524,47.6098,47.0951,47.0985,350120,91.5
2014-06-27,47.6098,47.6098,46.8377,47.0985,49150,91.5
2014-06-30,47.3524,47.3524,46.5804,46.5838,26750,90.5
2014-07-01,46.8377,47.3524,46.8377,47.0985,71000,91.5
2014-07-02,47.0951,47.6098,46.8377,47.6132,127400,92.5
2014-07-03,47.6098,47.6098,47.0951,47.3559,46380,92
2014-07-04,47.3524,47.8671,47.0951,47.0985,99490,91.5
2014-07-07,47.0951,47.6098,47.0951,47.6132,83010,92.5
2014-07-08,47.8671,47.8671,47.3524,47.8706,119560,93
2014-07-09,47.8671,48.3818,47.6098,48.128,245550,93.5
2014-07-10,48.1245,48.1245,47.0951,47.6132,206000,92.5
2014-07-11,47.6098,47.6098,46.8377,47.0985,175810,91.5
2014-07-14,47.0951,47.3524,46.8377,46.8411,134220,91
2014-07-15,47.0951,47.3524,46.8377,46.8411,170690,91
2014-07-16,47.3524,47.6098,46.5804,47.3559,128360,92
2014-07-17,47.0951,47.8671,47.0951,47.3559,81430,92
2014-07-18,47.6098,47.8671,47.6098,47.8706,239000,93
2014-07-21,47.8671,47.8671,47.0951,47.3559,170140,92
2014-07-22,47.6098,47.6098,46.8377,47.0985,137860,91.5
2014-07-23,47.3524,47.3524,47.0951,47.0985,46210,91.5
2014-07-24,47.0951,47.8671,47.0951,47.3559,147440,92
2014-07-25,47.3524,47.6098,46.5804,46.5838,296770,90.5
2014-07-28,46.5804,46.5804,45.8083,46.069,104340,89.5
2014-07-29,46.0657,46.8377,45.8083,46.8411,80750,91
2014-07-30,46.323,46.8377,45.0363,45.5543,532220,88.5
2014-07-31,45.2936,46.0657,45.2936,45.8116,198320,89
2014-08-01,45.8083,45.8083,45.0363,45.5543,69140,88.5
2014-08-04,45.0363,45.551,45.0363,45.2969,88690,88
2014-08-05,45.2936,45.8083,45.0363,45.2969,435700,88
2014-08-06,45.551,46.5804,45.2936,45.5543,1210150,88.5
2014-08-07,45.2936,45.8083,45.0363,45.0395,245360,87.5
2014-08-08,45.0363,45.8083,44.7789,45.5543,207960,88.5
2014-08-11,45.0363,45.551,44.5216,44.5248,416620,86.5
2014-08-12,44.5216,44.7789,43.4922,44.2674,522720,86
2014-08-13,44.2642,44.5216,43.7495,44.0101,198470,85.5
2014-08-14,44.5216,44.5216,44.0069,44.2674,317820,86
2014-08-15,43.7495,44.0069,42.7201,42.7232,482010,83
2014-08-18,42.9775,43.7495,42.4628,42.7232,283000,83
2014-08-19,42.9775,42.9775,41.9481,42.2085,553680,82
2014-08-20,42.2054,43.2348,42.2054,42.7232,364730,83
2014-08-21,42.7201,43.4922,42.7201,43.4953,334290,84.5
2014-08-22,43.4922,44.2642,43.2348,44.0101,555690,85.5
2014-08-25,44.0069,44.2642,43.7495,44.0101,432620,85.5
2014-08-26,43.7495,44.0069,43.2348,43.4953,234820,84.5
2014-08-27,43.4922,43.7495,42.7201,42.9806,235940,83.5
2014-08-28,42.9775,43.2348,42.7201,42.9806,81470,83.5
2014-08-29,42.9775,43.7495,42.9775,43.7527,149840,85
2014-09-03,44.2642,44.2642,43.7495,43.7527,261620,85
2014-09-04,43.7495,44.0069,43.4922,43.7527,236530,85
2014-09-05,43.2348,43.4922,42.4628,43.238,371700,84
2014-09-08,43.4922,43.4922,42.9775,43.238,178170,84
2014-09-09,42.9775,43.2348,42.7201,42.9806,160630,83.5
2014-09-10,42.9775,42.9775,42.2054,42.7232,203810,83
2014-09-11,42.7201,42.7201,42.4628,42.7232,123790,83
2014-09-12,42.7201,42.9775,42.4628,42.7232,201680,83
2014-09-15,42.9775,43.4922,42.7201,42.9806,368760,83.5
2014-09-16,42.9775,43.2348,42.7201,42.7232,88800,83
2014-09-17,42.9775,42.9775,42.4628,42.4659,164070,82.5
2014-09-18,42.4628,43.7495,42.4628,42.7232,191230,83
2014-09-19,43.2348,43.2348,42.7201,43.238,1451540,84
2014-09-22,42.9775,42.9775,42.4628,42.4659,67670,82.5
2014-09-23,42.7201,42.9775,42.4628,42.4659,84720,82.5
2014-09-24,42.4628,42.9775,42.4628,42.7232,283660,83
2014-09-25,42.7201,42.9775,41.9481,42.9806,151010,83.5
2014-09-26,43.2348,43.2348,42.4628,42.4659,51470,82.5
2014-09-29,42.4628,42.7201,41.9481,41.9511,52180,81.5
2014-09-30,42.2054,42.4628,41.9481,42.2085,78700,82
2014-10-01,42.7201,43.2348,42.4628,42.7232,179570,83
2014-10-02,42.7201,42.7201,42.2054,42.2085,92420,82
2014-10-03,42.2054,42.4628,41.9481,42.2085,93820,82
2014-10-06,42.2054,42.4628,41.9481,42.4659,100130,82.5
2014-10-07,42.2054,42.4628,41.9481,42.2085,42820,82
2014-10-08,42.2054,42.4628,41.9481,42.2085,83660,82
2014-10-09,42.2054,42.4628,41.9481,42.2085,28940,82
2014-10-10,42.2054,42.4628,41.9481,41.9511,144170,81.5
2014-10-13,41.9481,42.2054,41.6907,41.6937,73360,81
2014-10-14,41.6907,41.6907,41.176,41.6937,160960,81
2014-10-15,41.176,41.6907,40.9187,41.6937,188930,81
2014-10-16,41.176,41.176,40.404,40.6643,334340,79
2014-10-17,40.404,40.6613,38.0878,40.4069,586840,78.5
2014-10-20,39.8893,41.176,39.1172,40.9216,300730,79.5
2014-10-21,40.9187,41.4334,40.6613,41.179,613020,80
2014-10-22,41.176,41.4334,40.9187,41.179,304340,80
2014-10-23,41.176,41.176,40.6613,41.179,207050,80
2014-10-24,40.6613,41.176,40.6613,41.179,249330,80
2014-10-27,41.176,41.176,40.404,40.4069,145680,78.5
2014-10-28,40.1466,40.6613,40.1466,40.4069,111910,78.5
2014-10-29,40.1466,40.9187,40.1466,40.6643,103270,79
2014-10-30,40.9187,41.176,40.6613,40.6643,127350,79
2014-10-31,40.9187,41.9481,40.6613,41.9511,292410,81.5
2014-11-03,42.2054,42.2054,41.9481,41.9511,95290,81.5
2014-11-04,41.6907,42.2054,41.176,41.179,35710,80
2014-11-05,41.6907,42.2054,41.6907,41.6937,309850,81
2014-11-06,41.6907,42.2054,41.6907,42.2085,141040,82
2014-11-07,42.4628,44.0069,41.9481,44.0101,384920,85.5
2014-11-10,43.7495,45.2936,43.7495,44.0101,521440,85.5
2014-11-11,43.7495,44.0069,42.9775,42.9806,90020,83.5
2014-11-12,42.9775,43.4922,42.7201,42.7232,78550,83
2014-11-13,42.9775,42.9775,42.4628,42.4659,78560,82.5
2014-11-14,42.4628,42.9775,42.4628,42.9806,88410,83.5
2014-11-17,42.9775,43.4922,42.9775,43.238,35080,84
2014-11-18,43.2348,43.2348,41.6907,41.6937,101830,81
2014-11-19,41.6907,42.4628,41.176,41.179,108230,80
2014-11-20,41.9481,41.9481,41.176,41.4364,46100,80.5
2014-11-21,41.4334,42.4628,41.4334,42.2085,72010,82
2014-11-24,41.4334,41.6907,40.9187,40.9216,85930,79.5
2014-11-25,41.4334,42.4628,41.176,42.4659,153690,82.5
2014-11-26,42.4628,43.2348,42.2054,42.4659,346860,82.5
2014-11-27,41.9481,42.2054,41.176,41.6937,51270,81
2014-11-28,41.6907,42.2054,41.4334,41.4364,59820,80.5
2014-12-01,42.2054,42.2054,41.4334,42.2085,219510,82
2014-12-02,41.6907,42.2054,41.4334,41.4364,59090,80.5
2014-12-03,41.4334,41.9481,41.4334,41.4364,18960,80.5
2014-12-04,41.9481,41.9481,41.6907,41.6937,55090,81
2014-12-05,41.9481,42.7201,41.6907,42.4659,154990,82.5
2014-12-08,42.2054,43.7495,42.2054,43.4953,315560,84.5
2014-12-09,43.4922,44.5216,43.2348,43.4953,516420,84.5
2014-12-10,43.4922,43.7495,42.9775,43.238,121240,84
2014-12-11,42.7201,43.2348,41.6907,41.6937,377890,81
2014-12-12,42.2054,42.4628,41.6907,41.9511,53060,81.5
2014-12-15,41.9481,43.2348,41.9481,41.9511,194120,81.5
2014-12-16,42.2054,42.2054,41.4334,41.6937,80450,81
2014-12-17,41.4334,41.6907,40.6613,40.6643,341360,79
2014-12-18,40.6613,40.6613,40.1466,40.6643,504280,79
2014-12-19,39.8893,40.1466,38.6025,39.8922,2619470,77.5
2014-12-22,40.404,41.176,40.1466,41.179,59610,80
2014-12-23,41.176,42.2054,41.176,41.9511,57520,81.5
2014-12-24,42.2054,42.9775,42.2054,42.9806,212470,83.5
2014-12-25,42.4628,42.9775,42.2054,42.4659,5910,82.5
2014-12-26,42.2054,42.4628,41.6907,41.6937,69930,81
2014-12-29,42.2054,42.2054,41.6907,42.2085,23890,82
2014-12-30,41.6907,42.4628,41.6907,41.6937,14610,81
2014-12-31,41.6907,42.9775,41.6907,42.7232,166240,83
2015-01-05,43.2348,43.4922,42.9775,42.9806,104510,83.5
2015-01-06,43.2348,43.7495,42.7201,43.4953,165250,84.5
2015-01-07,43.2348,43.7495,43.2348,43.4953,120290,84.5
2015-01-08,43.4922,43.7495,43.2348,43.4953,134780,84.5
2015-01-09,43.4922,43.7495,43.2348,43.4953,296010,84.5
2015-01-12,43.4922,44.2642,43.4922,44.0101,328310,85.5
2015-01-13,44.0069,44.2642,43.7495,44.0101,45490,85.5
2015-01-14,44.0069,44.0069,43.4922,43.7527,40770,85
2015-01-15,43.4922,43.4922,42.7201,43.4953,147100,84.5
2015-01-16,42.7201,43.7495,42.7201,43.7527,118180,85
2015-01-19,43.7495,43.7495,42.9775,43.7527,13290,85
2015-01-20,43.7495,44.0069,42.9775,42.9806,45150,83.5
2015-01-21,43.2348,43.2348,42.7201,42.7232,22090,83
2015-01-22,42.9775,42.9775,42.4628,42.9806,58600,83.5
2015-01-23,42.9775,43.2348,42.9775,42.9806,10850,83.5
2015-01-26,42.9775,43.4922,42.9775,42.9806,30360,83.5
2015-01-27,42.9775,43.2348,42.4628,42.7232,81070,83
2015-01-28,42.9775,42.9775,42.2054,42.9806,46550,83.5
2015-01-29,42.9775,42.9775,42.4628,42.4659,10820,82.5
2015-01-30,42.7201,43.2348,42.4628,43.238,34570,84
2015-02-02,43.2348,43.2348,42.4628,42.4659,67020,82.5
2015-02-03,42.2054,42.4628,41.6907,41.6937,37120,81
2015-02-04,41.176,42.2054,40.6613,41.9511,105860,81.5
2015-02-05,41.176,41.9481,41.176,41.9511,97330,81.5
2015-02-06,41.6907,42.2054,41.4334,41.9511,41570,81.5
2015-02-09,41.9481,42.4628,41.9481,41.9511,79360,81.5
2015-02-10,42.4628,42.4628,41.9481,41.9511,116210,81.5
2015-02-11,41.9481,42.9775,41.9481,42.2085,136510,82
2015-02-12,42.2054,43.2348,42.2054,42.9806,134180,83.5
2015-02-13,42.9775,43.4922,42.7201,43.4953,134690,84.5
2015-02-24,43.7495,44.2642,43.7495,44.2674,345530,86
2015-02-25,44.2642,44.2642,44.0069,44.2674,151230,86
2015-02-26,44.2642,44.7789,44.0069,44.7822,125870,87
2015-02-27,44.7789,44.7789,44.0069,44.0101,181680,85.5
2015-03-02,44.0069,44.5216,44.0069,44.5248,121830,86.5
2015-03-03,44.7789,46.8377,44.5216,46.3264,353320,90
2015-03-04,46.8377,46.8377,46.0657,46.069,263570,89.5
2015-03-05,45.8083,46.0657,45.551,45.5543,134530,88.5
2015-03-06,45.2936,46.0657,45.2936,45.2969,166270,88
2015-03-09,45.2936,46.323,45.0363,45.2969,72100,88
2015-03-10,44.2642,45.2936,44.2642,45.0395,34220,87.5
2015-03-11,45.2936,45.2936,44.5216,44.7822,77110,87
2015-03-12,45.8083,45.8083,44.5216,45.0395,47600,87.5
2015-03-13,45.2936,45.2936,44.7789,44.7822,31350,87
2015-03-16,43.4922,44.7789,43.4922,43.7527,31770,85
2015-03-17,42.9775,43.7495,42.7201,43.238,104070,84
2015-03-18,42.9775,43.7495,42.9775,43.238,58050,84
2015-03-19,42.9775,43.7495,42.4628,42.4659,285720,82.5
2015-03-20,43.7495,42.7201,40.6613,40.6643,1752250,79
2015-03-23,42.4628,41.9481,40.9187,41.6937,179030,81
2015-03-24,41.6907,42.2054,41.176,41.4364,68630,80.5
2015-03-25,40.9187,41.176,40.1466,40.6643,538530,79
2015-03-26,40.404,40.6613,39.3746,39.6348,526170,77
2015-03-27,39.6319,39.6319,38.6025,39.6348,525320,77
2015-03-30,38.8599,39.6319,38.8599,39.6348,153520,77
2015-03-31,39.6319,39.8893,39.1172,39.6348,310390,77
2015-04-01,39.6319,39.6319,38.6025,38.6053,470880,75
2015-04-02,39.1172,39.1172,38.6025,38.6053,182450,75
2015-04-03,38.8599,39.3746,38.6025,38.6053,499450,75
2015-04-06,39.1172,39.1172,38.3452,38.348,123110,74.5
2015-04-07,38.3452,38.6025,37.5731,38.348,137510,74.5
2015-04-08,38.3452,38.3452,37.3158,38.348,277580,74.5
2015-04-09,38.3452,39.1172,38.0878,38.6053,111500,75
2015-04-10,38.6025,39.6319,38.6025,38.6053,593880,75
2015-04-13,38.6025,40.6613,38.6025,40.6643,272990,79
2015-04-14,39.8893,41.6907,39.8893,40.9216,358940,79.5
2015-04-15,40.9187,41.6907,40.6613,41.4364,230720,80.5
2015-04-16,41.6907,41.9481,40.9187,40.9216,87880,79.5
2015-04-17,40.6613,41.4334,40.6613,41.179,137710,80
2015-04-20,41.4334,41.6907,41.176,41.4364,98780,80.5
2015-04-21,41.6907,41.6907,41.176,41.4364,113620,80.5
2015-04-22,41.6907,41.6907,41.4334,41.6937,77210,81
2015-04-23,41.4334,41.9481,41.4334,41.6937,97820,81
2015-04-24,41.6907,41.9481,41.6907,41.9511,92090,81.5
2015-04-27,42.4628,42.7201,41.6907,41.6937,127950,81
2015-05-04,42.2054,42.2054,39.6319,41.179,193200,80
2015-05-05,41.4334,41.4334,40.404,41.179,14740,80
2015-05-06,41.176,41.6907,40.1466,41.4364,117740,80.5
2015-05-07,41.6907,42.2054,41.4334,42.2085,144180,82
2015-05-08,41.9481,42.4628,41.6907,42.4659,167370,82.5
2015-05-11,42.4628,43.2348,42.4628,42.4659,201240,82.5
2015-05-12,42.2054,42.2054,40.6613,40.6643,93750,79
2015-05-13,40.6613,41.176,40.6613,41.179,1450,80
2015-05-14,41.176,41.176,40.6613,41.179,32340,80
2015-05-15,41.176,41.4334,40.1466,40.1495,60210,78
2015-05-18,40.9187,40.9187,39.8893,39.8922,47590,77.5
2015-05-19,39.8893,40.6613,39.6319,39.6348,152760,77
2015-05-20,40.1466,40.6613,40.1466,40.4069,25070,78.5
2015-05-21,40.404,41.176,40.1466,41.179,77390,80
2015-05-22,41.176,41.9481,40.404,41.9511,125080,81.5
2015-05-25,42.2054,42.7201,41.4334,42.4659,129490,82.5
2015-05-26,42.4628,43.4922,42.4628,42.9806,351810,83.5
2015-05-27,42.9775,43.4922,42.7201,43.238,160660,84
2015-05-28,43.2348,43.4922,42.9775,43.4953,153710,84.5
2015-05-29,43.4922,43.4922,43.2348,43.238,184200,84
2015-06-01,43.2348,43.4922,42.9775,43.238,265770,84
2015-06-02,43.2348,43.2348,42.9775,42.9806,55130,83.5
2015-06-03,42.2054,42.9775,41.176,41.4364,89000,80.5
2015-06-04,41.4334,41.6907,40.6613,40.9216,86400,79.5
2015-06-05,41.6907,41.6907,41.176,41.4364,2800,80.5
2015-06-08,41.176,41.6907,40.9187,40.9216,31750,79.5
2015-06-09,40.9187,41.4334,40.6613,40.6643,15400,79
2015-06-10,41.4334,41.4334,40.6613,41.179,64730,80
2015-06-11,41.176,41.4334,40.9187,41.4364,55840,80.5
2015-06-12,41.4334,41.6907,40.9187,40.9216,49830,79.5
2015-06-15,40.9187,40.9187,40.404,40.6643,75540,79
2015-06-16,40.9187,40.9187,40.404,40.4069,49270,78.5
2015-06-17,40.1466,40.404,40.1466,40.1495,50560,78
2015-06-18,40.1466,40.1466,39.6319,39.8922,49970,77.5
2015-06-19,40.1466,40.404,39.1172,39.1201,683780,76
2015-06-22,40.1466,41.176,40.1466,41.179,130780,80
2015-06-23,41.176,41.4334,40.9187,41.179,100040,80
2015-06-24,40.6613,40.9187,40.404,40.6643,73620,79
2015-06-25,40.404,40.6613,39.3746,40.6643,131600,79
2015-06-26,39.8893,40.6613,39.8893,40.6643,83130,79
2015-06-29,40.1466,41.176,40.1466,41.179,219690,80
2015-06-30,40.9187,41.6907,40.9187,41.6937,552810,81
2015-07-01,41.176,42.2054,41.176,41.9511,186730,81.5
2015-07-02,41.6907,42.9775,41.6907,42.9806,499980,83.5
2015-07-03,42.9775,43.2348,42.9775,43.238,303950,84
2015-07-06,43.2348,44.7789,42.7201,44.7822,610250,87
2015-07-07,45.0363,45.551,44.2642,45.5543,540910,88.5
2015-07-08,45.2936,45.551,44.2642,44.5248,644590,86.5
2015-07-09,43.7495,44.7789,43.4922,44.5248,416440,86.5
2015-07-10,45.0363,45.0363,44.5216,44.7822,290670,87
2015-07-13,44.7789,45.0363,44.2642,45.0395,326520,87.5
2015-07-14,45.0363,47.3524,45.0363,47.3559,780490,92
2015-07-15,47.8671,49.6686,47.8671,49.6722,1021490,96.5
2015-07-16,48.8965,49.4112,47.8671,47.8706,135130,93
2015-07-17,47.6098,48.6392,47.0951,48.6427,147370,94.5
2015-07-20,47.0951,48.3818,47.0951,48.3853,211130,94
2015-07-21,48.3818,48.3818,46.0657,46.3264,286220,90
2015-07-22,46.5804,48.1245,46.5804,47.8706,278150,93
2015-07-23,47.3524,47.6098,47.0951,47.6132,194950,92.5
2015-07-24,47.8671,48.1245,47.0951,48.128,257470,93.5
2015-07-27,48.3818,48.3818,47.6098,47.6132,118030,92.5
2015-07-28,47.3524,48.1245,47.0951,47.3559,372170,92
2015-07-29,47.3524,47.6098,46.323,46.3264,115950,90
2015-07-30,46.323,47.3524,46.323,47.3559,123390,92
2015-07-31,47.3524,47.6098,46.323,46.3264,98300,90
2015-08-03,46.323,47.3524,45.8083,45.8116,169770,89
2015-08-04,45.8083,45.8083,43.2348,43.4953,409800,84.5
2015-08-05,44.0069,44.7789,44.0069,44.0101,114130,85.5
2015-08-06,44.0069,44.7789,43.2348,43.4953,62310,84.5
2015-08-07,44.0069,44.5216,43.4922,44.5248,82370,86.5
2015-08-10,43.4922,44.5216,43.4922,44.2674,59420,86
2015-08-11,44.2642,45.2936,44.0069,44.7822,181490,87
2015-08-12,44.7789,44.7789,43.7495,44.7822,258670,87
2015-08-13,44.2642,44.7789,44.0069,44.0101,116970,85.5
2015-08-14,43.7495,44.2642,43.7495,44.2674,96070,86
2015-08-17,44.2642,45.551,44.2642,45.5543,203600,88.5
2015-08-18,45.8083,46.323,45.2936,45.2969,175640,88
2015-08-19,45.0363,45.0363,43.7495,43.7527,86100,85
2015-08-20,43.7495,44.0069,42.9775,43.238,174000,84
2015-08-21,42.4628,43.2348,41.4334,42.7232,199920,83
2015-08-24,42.4628,42.4628,39.8893,40.6643,629030,79
2015-08-25,39.3746,40.6613,38.6025,40.6643,145010,79
2015-08-26,40.6613,40.6613,39.8893,40.1495,171480,78
2015-08-27,40.6613,40.9187,40.404,40.6643,184510,79
2015-08-28,40.6613,42.7201,40.6613,42.7232,252540,83
2015-08-31,42.7201,42.7201,41.176,41.4364,175980,80.5
2015-09-01,40.9187,41.4334,40.404,40.4069,112990,78.5
2015-09-03,40.404,40.404,39.6319,39.8922,163690,77.5
2015-09-04,40.1466,41.6907,39.3746,41.6937,254620,81
2015-09-07,41.6907,41.6907,39.8893,40.1495,61780,78
2015-09-08,40.404,40.404,39.6319,40.4069,179400,78.5
2015-09-09,40.6613,40.6613,39.8893,40.4069,96910,78.5
2015-09-10,39.8893,40.6613,39.8893,39.8922,110390,77.5
2015-09-11,40.1466,40.1466,38.8599,39.1201,268800,76
2015-09-14,38.8599,39.1172,37.5731,38.6053,366620,75
2015-09-15,38.3452,38.3452,37.0584,37.8332,665500,73.5
2015-09-16,38.0878,39.1172,38.0878,39.1201,256490,76
2015-09-17,39.3746,39.6319,39.1172,39.1201,79910,76
2015-09-18,39.3746,39.3746,38.0878,38.0906,1458050,74
2015-09-21,38.6025,38.8599,37.8305,38.6053,213050,75
2015-09-22,38.6025,38.6025,38.0878,38.348,112070,74.5
2015-09-23,38.3452,38.3452,37.5731,38.0906,294950,74
2015-09-24,38.3452,38.8599,37.8305,38.0906,408030,74
2015-09-25,38.0878,38.0878,37.5731,38.0906,273070,74
2015-09-28,38.0878,38.3452,37.3158,38.0906,272880,74
2015-09-29,37.5731,37.8305,37.3158,37.8332,125710,73.5
2015-09-30,37.5731,38.0878,37.5731,38.0906,431280,74
2015-10-01,37.8305,39.1172,37.8305,38.348,763630,74.5
2015-10-02,38.3452,38.6025,38.0878,38.0906,131360,74
2015-10-05,38.0878,38.3452,37.5731,38.0906,303610,74
2015-10-06,38.0878,38.3452,37.8305,38.0906,621550,74
2015-10-07,38.3452,38.8599,38.0878,38.0906,535450,74
2015-10-08,37.8305,38.3452,37.8305,38.0906,419880,74
2015-10-09,38.3452,38.6025,38.0878,38.0906,237210,74
2015-10-12,38.0878,38.3452,37.8305,38.0906,126450,74
2015-10-13,38.0878,38.3452,37.8305,38.0906,199180,74
2015-10-14,38.0878,38.0878,37.8305,38.0906,316750,74
2015-10-15,38.3452,38.3452,37.8305,38.0906,191440,74
2015-10-16,38.3452,39.3746,37.8305,38.348,853210,74.5
2015-10-19,38.6025,38.8599,38.3452,38.348,240820,74.5
2015-10-20,38.6025,38.6025,37.5731,38.0906,437050,74
2015-10-21,37.8305,38.0878,37.5731,38.0906,365430,74
2015-10-22,37.8305,38.3452,37.8305,38.0906,103550,74
2015-10-23,38.0878,38.3452,37.8305,38.0906,98100,74
2015-10-26,38.0878,38.0878,37.5731,37.8332,338560,73.5
2015-10-27,37.5731,38.0878,37.3158,38.0906,271830,74
2015-10-28,37.8305,38.0878,37.3158,38.0906,255940,74
2015-10-29,37.8305,38.3452,37.5731,37.8332,630820,73.5
2015-10-30,37.5731,38.0878,37.5731,38.0906,241610,74
2015-11-02,38.0878,38.0878,37.5731,37.8332,202820,73.5
2015-11-03,37.5731,37.8305,37.5731,37.8332,291740,73.5
2015-11-04,38.0878,39.3746,37.8305,38.348,961390,74.5
2015-11-05,38.6025,38.6025,38.0878,38.0906,54650,74
2015-11-06,38.0878,38.3452,37.8305,38.348,130670,74.5
2015-11-09,38.0878,38.3452,37.5731,38.0906,477620,74
2015-11-10,38.0878,38.0878,37.3158,37.8332,457570,73.5
2015-11-11,37.5731,37.8305,37.3158,37.8332,363150,73.5
2015-11-12,37.5731,37.8305,37.0584,37.8332,987880,73.5
2015-11-13,37.3158,37.8305,37.0584,37.8332,891760,73.5
2015-11-16,37.5731,37.8305,36.8011,37.8332,1542220,73.5
2015-11-17,37.5731,37.8305,37.0584,37.8332,1430700,73.5
2015-11-18,37.3158,37.8305,37.3158,37.5758,541670,73
2015-11-19,37.3158,37.5731,37.3158,37.5758,772000,73
2015-11-20,37.3158,37.5731,37.3158,37.3185,1181700,72.5
2015-11-23,37.0584,37.5731,36.8011,36.8037,129960,71.5
2015-11-24,36.8011,37.0584,35.7717,36.289,867410,70.5
2015-11-25,36.2864,36.2864,35.7717,36.289,530220,70.5
2015-11-26,36.029,36.5437,35.7717,36.0316,372390,70
2015-11-27,35.7717,36.029,35.5143,35.5169,176500,69
2015-11-30,35.5143,36.029,35.257,36.0316,1203320,70
2015-12-01,35.7717,36.2864,35.5143,36.289,510310,70.5
2015-12-02,36.5437,36.5437,35.7717,36.5464,398410,71
2015-12-03,36.5437,36.8011,36.2864,36.8037,168430,71.5
2015-12-04,36.8011,37.0584,36.5437,37.0611,436430,72
2015-12-07,37.0584,37.0584,36.2864,37.0611,385540,72
2015-12-08,36.5437,37.0584,36.5437,37.0611,154180,72
2015-12-09,36.8011,37.0584,36.5437,36.8037,543860,71.5
2015-12-10,36.5437,36.8011,36.029,36.8037,309310,71.5
2015-12-11,36.8011,36.8011,36.2864,36.5464,149220,71
2015-12-14,35.7717,36.5437,35.7717,35.7743,410270,69.5
2015-12-15,35.5143,35.7717,35.257,35.7743,361620,69.5
2015-12-16,35.7717,35.7717,35.257,35.5169,226940,69
2015-12-17,35.5143,35.5143,34.7423,35.0022,762840,68
2015-12-18,34.7423,37.0584,34.4849,36.5464,1883020,71
2015-12-21,36.2864,36.2864,34.9996,35.0022,653570,68
2015-12-22,34.9996,35.7717,34.7423,35.0022,894970,68
2015-12-23,34.4849,35.5143,34.4849,35.5169,294970,69
2015-12-24,35.5143,36.2864,35.257,36.289,190230,70.5
2015-12-25,37.0584,38.6025,36.8011,38.6053,870300,75
2015-12-28,40.9187,41.176,40.404,41.179,1959360,80
2015-12-29,41.176,41.176,40.1466,40.1495,207360,78
2015-12-30,39.6319,40.404,39.6319,39.6348,86930,77
2015-12-31,39.8893,39.8893,38.0878,39.8922,394010,77.5
2016-01-04,38.8599,39.8893,38.8599,38.8627,92620,75.5
2016-01-05,38.8599,38.8599,37.5731,38.6053,243440,75
2016-01-06,37.8305,39.1172,37.8305,39.1201,144590,76
2016-01-07,38.3452,40.404,38.0878,39.8922,375660,77.5
2016-01-08,39.1172,40.1466,39.1172,39.3774,75080,76.5
2016-01-11,39.1172,39.3746,38.6025,39.1201,159030,76
2016-01-12,39.6319,39.6319,38.8599,39.3774,119130,76.5
2016-01-13,39.3746,39.3746,38.6025,38.6053,72760,75
2016-01-14,38.0878,38.8599,37.8305,38.0906,173530,74
2016-01-15,38.6025,38.6025,36.029,36.0316,234560,70
2016-01-18,35.257,36.029,34.7423,36.0316,126500,70
2016-01-19,36.029,36.5437,35.257,36.5464,50490,71
2016-01-20,36.029,37.0584,35.7717,36.8037,162910,71.5
2016-01-21,36.8011,37.8305,36.8011,36.8037,88430,71.5
2016-01-22,36.8011,36.8011,35.7717,36.5464,77780,71
2016-01-25,37.3158,38.0878,36.8011,38.0906,83770,74
2016-01-26,37.0584,38.6025,37.0584,37.8332,93100,73.5
2016-01-27,37.3158,38.3452,37.3158,37.8332,137500,73.5
2016-01-28,38.0878,38.0878,37.0584,37.5758,42820,73
2016-01-29,37.3158,37.5731,37.0584,37.3185,160350,72.5
2016-02-01,37.3158,37.3158,36.8011,36.8037,51260,71.5
2016-02-02,37.0584,38.3452,36.2864,36.289,92570,70.5
2016-02-03,37.0584,37.3158,36.2864,37.0611,98450,72
2016-02-04,37.0584,38.0878,37.0584,37.8332,101460,73.5
2016-02-05,37.8305,38.0878,37.3158,37.8332,23030,73.5
2016-02-15,36.8011,37.8305,36.5437,37.0611,135790,72
2016-02-16,36.8011,37.3158,36.8011,37.0611,111070,72
2016-02-17,37.3158,37.3158,36.8011,37.0611,113100,72
2016-02-18,36.8011,37.5731,36.8011,37.0611,75490,72
2016-02-19,37.3158,37.3158,36.8011,36.8037,125160,71.5
2016-02-22,36.8011,38.8599,36.8011,38.348,256860,74.5
2016-02-23,38.8599,38.8599,37.8305,38.0906,88940,74
2016-02-24,38.0878,38.0878,37.8305,37.8332,28430,73.5
2016-02-25,38.3452,38.3452,37.0584,37.0611,127080,72
2016-02-26,37.5731,38.0878,36.8011,38.0906,72350,74
2016-02-29,37.5731,38.0878,37.0584,37.0611,137790,72
2016-03-01,37.0584,37.3158,37.0584,37.0611,80880,72
2016-03-02,37.0584,37.8305,37.0584,37.5758,116760,73
2016-03-03,38.3452,38.8599,37.8305,38.348,252210,74.5
2016-03-04,38.8599,38.8599,38.0878,38.348,160570,74.5
2016-03-07,38.3452,39.6319,38.0878,38.348,320530,74.5
2016-03-08,38.6025,38.8599,38.3452,38.6053,138590,75
2016-03-09,38.8599,39.1172,38.8599,38.8627,54060,75.5
2016-03-10,38.8599,38.8599,38.0878,38.348,153780,74.5
2016-03-11,38.0878,38.6025,37.8305,37.8332,236980,73.5
2016-03-14,38.0878,38.6025,38.0878,38.6053,263000,75
2016-03-15,38.6025,38.6025,37.5731,37.8332,254170,73.5
2016-03-16,38.0878,38.0878,37.5731,37.5758,237120,73
2016-03-17,37.3158,38.0878,37.0584,37.3185,903720,72.5
2016-03-18,37.3158,37.3158,36.8011,36.8037,1188240,71.5
2016-03-21,37.0584,37.3158,36.029,36.0316,485990,70
2016-03-22,36.2864,36.5437,35.5143,36.0316,323900,70
2016-03-23,36.029,37.3158,36.029,37.0611,545030,72
2016-03-24,37.0584,39.3746,37.0584,37.8332,1122090,73.5
2016-03-25,38.0878,38.3452,37.0584,38.0906,342700,74
2016-03-28,38.0878,38.3452,37.8305,38.348,220710,74.5
2016-03-29,38.0878,38.0878,37.3158,37.3185,375020,72.5
2016-03-30,37.0584,37.8305,37.0584,37.3185,340720,72.5
2016-03-31,37.3158,37.3158,36.8011,36.8037,420860,71.5
2016-04-01,36.5437,37.0584,36.2864,36.5464,331930,71
2016-04-04,36.5437,36.8011,35.7717,36.0316,384220,70
2016-04-05,36.029,36.5437,35.7717,36.289,399050,70.5
2016-04-06,36.8011,36.8011,35.7717,36.5464,428160,71
2016-04-07,36.8011,36.8011,36.029,36.5464,208440,71
2016-04-08,36.029,36.2864,35.5143,35.7743,599800,69.5
2016-04-11,35.7717,36.5437,35.7717,36.5464,694480,71
2016-04-12,36.5437,36.5437,36.029,36.0316,235220,70
2016-04-13,35.5143,36.2864,35.5143,35.5169,239340,69
2016-04-14,35.7717,36.2864,35.7717,35.7743,197410,69.5
2016-04-15,36.029,36.029,35.5143,35.7743,155690,69.5
2016-04-19,35.7717,36.029,34.9996,35.5169,427350,69
2016-04-20,35.5143,35.5143,34.7423,34.7448,214480,67.5
2016-04-21,34.7423,36.029,34.7423,36.0316,334330,70
2016-04-22,35.7717,36.029,35.5143,35.5169,195010,69
2016-04-25,35.7717,36.029,34.7423,35.2595,339790,68.5
2016-04-26,34.9996,36.029,34.9996,35.5169,465120,69
2016-04-27,35.5143,36.029,35.257,35.7743,381930,69.5
2016-04-28,35.7717,36.029,35.5143,35.5169,232460,69
2016-04-29,35.5143,36.8011,35.5143,36.0316,681090,70
2016-05-04,36.5437,36.8011,36.029,36.5464,504510,71
2016-05-05,36.5437,36.8011,36.2864,36.5464,403090,71
2016-05-06,36.5437,38.0878,36.5437,37.3185,1012480,72.5
2016-05-09,37.3158,38.0878,36.8011,36.8037,232020,71.5
2016-05-10,36.5437,37.0584,36.029,36.8037,380290,71.5
2016-05-11,37.0584,37.0584,36.2864,37.0611,353890,72
2016-05-12,37.0584,37.3158,36.8011,37.0611,229250,72
2016-05-13,37.0584,37.0584,36.2864,36.289,272690,70.5
2016-05-16,36.5437,36.8011,36.2864,36.5464,287960,71
2016-05-17,36.8011,37.0584,36.5437,36.5464,201400,71
2016-05-18,36.8011,37.0584,36.5437,36.8037,134110,71.5
2016-05-19,36.8011,37.0584,36.029,36.0316,294740,70
2016-05-20,36.029,36.029,35.5143,35.7743,413900,69.5
2016-05-23,35.7717,36.029,35.5143,35.7743,150590,69.5
2016-05-24,36.029,36.5437,35.7717,36.5464,353360,71
2016-05-25,36.2864,36.5437,36.029,36.0316,219550,70
2016-05-26,35.7717,36.029,35.5143,35.5169,114240,69
2016-05-27,36.029,36.029,35.257,35.5169,184750,69
2016-05-30,35.5143,35.5143,35.257,35.5169,157700,69
2016-05-31,35.5143,35.7717,35.257,35.7743,254110,69.5
2016-06-01,35.7717,35.7717,35.257,35.5169,147400,69
2016-06-02,35.5143,35.7717,35.257,35.5169,39940,69
2016-06-03,35.5143,35.7717,35.5143,35.5169,184710,69
2016-06-06,35.5143,35.5143,35.257,35.2595,153140,68.5
2016-06-07,35.257,35.5143,34.9996,35.5169,174210,69
2016-06-08,35.5143,36.029,35.257,36.0316,279510,70
2016-06-09,35.7717,36.029,35.5143,35.7743,114520,69.5
2016-06-10,35.7717,36.029,35.5143,36.0316,405750,70
2016-06-13,36.029,36.029,35.5143,35.5169,232740,69
2016-06-14,35.5143,35.7717,35.257,35.5169,116110,69
2016-06-15,35.5143,35.5143,34.9996,35.2595,84940,68.5
2016-06-16,35.257,35.7717,35.257,35.2595,201010,68.5
2016-06-17,35.5143,36.5437,34.9996,36.5464,1517950,71
2016-06-20,35.5143,36.029,35.257,35.7743,214630,69.5
2016-06-21,35.7717,36.029,35.5143,35.5169,108620,69
2016-06-22,35.5143,36.029,35.5143,35.5169,54550,69
2016-06-23,35.5143,35.5143,35.257,35.5169,207350,69
2016-06-24,35.5143,35.5143,33.9702,34.7448,320530,67.5
2016-06-27,34.4849,34.7423,33.9702,34.4874,151140,67
2016-06-28,34.4849,34.4849,33.9702,34.4874,294500,67
2016-06-29,34.4849,34.7423,33.9702,34.4874,416170,67
2016-06-30,34.4849,34.4849,34.2276,34.2301,208640,66.5
2016-07-01,34.2276,36.029,34.2276,34.4874,368120,67
2016-07-04,34.4849,34.7423,34.2276,34.4874,125960,67
2016-07-05,34.7423,34.9996,34.4849,34.7448,59940,67.5
2016-07-06,34.4849,34.4849,34.2276,34.4874,191960,67
2016-07-07,34.4849,34.7423,34.2276,34.4874,251200,67
2016-07-08,34.2276,34.4849,33.9702,34.4874,467620,67
2016-07-11,33.9702,34.4849,33.9702,34.4874,278680,67
2016-07-12,34.4849,34.4849,33.9702,34.4874,107970,67
2016-07-13,34.2276,34.7423,34.2276,34.4874,305500,67
2016-07-14,34.4849,35.7717,34.2276,34.7448,717250,67.5
2016-07-15,34.9996,34.9996,34.4849,34.7448,175870,67.5
2016-07-18,34.9996,35.5143,34.9996,35.5169,179580,69
2016-07-19,35.5143,35.5143,34.7423,34.7448,307780,67.5
2016-07-20,34.7423,34.9996,34.4849,34.4874,225340,67
2016-07-21,34.7423,34.9996,34.4849,34.7448,174010,67.5
2016-07-22,34.7423,34.7423,33.9702,34.4874,317090,67
2016-07-25,34.2276,34.7423,33.9702,34.4874,128060,67
2016-07-26,34.7423,34.7423,33.4555,34.2301,430300,66.5
2016-07-27,33.9702,34.2276,33.1982,33.9727,732260,66
2016-07-28,33.7129,33.9702,31.9114,33.9727,1894990,66
2016-07-29,33.1982,33.9702,32.9408,32.9432,726220,64
2016-08-01,33.4555,33.4555,32.6835,32.9432,242060,64
2016-08-02,32.6835,32.6835,31.6541,31.6564,548690,61.5
2016-08-03,31.3967,31.9114,31.1394,31.6564,236360,61.5
2016-08-04,31.1394,31.9114,31.1394,31.9137,71160,62
2016-08-05,31.6541,31.6541,30.3673,31.6564,835920,61.5
2016-08-08,31.3967,31.3967,30.3673,30.6269,312390,59.5
2016-08-09,30.3673,31.1394,30.3673,31.1416,298610,60.5
2016-08-10,30.882,31.1394,30.882,31.1416,282540,60.5
2016-08-11,31.1394,31.9114,30.882,31.399,582020,61
2016-08-12,31.3967,31.6541,30.6247,31.1416,383460,60.5
2016-08-15,30.882,30.882,30.882,30.8843,111560,60
2016-08-16,30.882,30.882,30.3673,30.6269,404310,59.5
2016-08-17,30.882,30.882,30.11,30.6269,1026130,59.5
2016-08-18,30.882,32.6835,30.3673,32.6858,1965290,63.5
2016-08-19,34.4849,34.7423,34.2276,34.7448,2293940,67.5
2016-08-22,34.7423,34.7423,33.4555,33.4579,241270,65
2016-08-23,32.9408,33.4555,32.1688,32.4285,652530,63
2016-08-24,32.4261,32.6835,31.6541,31.6564,503710,61.5
2016-08-25,32.1688,32.1688,31.1394,31.6564,756480,61.5
2016-08-26,32.1688,33.1982,32.1688,32.4285,930460,63
2016-08-29,33.1982,34.4849,32.9408,34.4874,1259500,67
2016-08-30,34.2276,36.5437,33.9702,36.0316,820870,70
2016-08-31,36.029,36.2864,34.9996,35.5169,1327980,69
2016-09-01,34.9996,35.257,34.2276,34.4874,1706300,67
2016-09-05,34.9996,35.5143,34.2276,34.4874,837650,67
2016-09-06,34.9996,35.257,34.4849,35.0022,503190,68
2016-09-07,34.9996,35.257,34.7423,35.0022,714730,68
2016-09-08,34.9996,35.257,34.4849,35.2595,1065400,68.5
2016-09-09,35.257,35.5143,34.9996,35.5169,518600,69
2016-09-12,34.9996,35.5143,34.4849,35.5169,903520,69
2016-09-13,35.0511,35.4628,34.7937,35.2595,309120,68.5
2016-09-14,34.9996,34.9996,34.382,34.3845,311860,66.8
2016-09-15,33.9702,34.0217,33.3011,33.4579,519390,65
2016-09-16,32.9923,33.4555,32.9923,33.4579,732710,65
2016-09-19,34.4849,35.2055,34.1246,35.0022,360510,68
2016-09-20,35.1025,36.1319,34.8452,36.1346,1047600,70.2
2016-09-21,36.029,36.3378,35.6172,36.289,416900,70.5
2016-09-22,36.1319,36.6466,36.029,36.5464,278580,71
2016-09-23,36.2349,36.5437,35.5658,36.5464,634890,71
2016-09-26,35.8231,36.4922,35.8231,36.4949,357780,70.9
2016-09-27,36.029,36.3378,35.8231,36.3405,554440,70.6
2016-09-28,36.029,36.2349,34.7423,34.7448,494280,67.5
2016-09-29,35.257,35.3599,34.8967,35.1051,549110,68.2
2016-09-30,34.9996,36.1834,34.9481,36.1861,556860,70.3
2016-10-03,36.029,36.029,34.9996,36.0316,580480,70
2016-10-04,35.5143,35.9775,35.3084,35.9802,532110,69.9
2016-10-05,35.9261,35.9775,35.5143,35.9802,539130,69.9
2016-10-06,35.9775,36.029,35.6172,35.6198,239540,69.2
2016-10-07,35.9261,35.9261,35.257,35.2595,167700,68.5
2016-10-10,35.257,35.7202,35.0511,35.1566,147310,68.3
2016-10-11,35.4114,35.4114,34.9996,35.1566,177420,68.3
2016-10-12,35.0511,35.257,34.9996,35.0022,48560,68
2016-10-13,34.9996,35.0511,34.9481,35.0022,148990,68
2016-10-14,34.9996,35.257,34.9481,35.1051,136680,68.2
2016-10-17,35.1025,35.154,34.3305,34.333,251580,66.7
2016-10-18,34.0217,34.6908,34.0217,34.333,97290,66.7
2016-10-19,34.2276,34.3305,34.2276,34.2301,125380,66.5
2016-10-20,34.9481,34.9481,33.9702,34.2301,68250,66.5
2016-10-21,34.2276,34.2276,34.0731,34.1271,86950,66.3
2016-10-24,33.507,33.9702,32.6835,33.9727,137940,66
2016-10-25,33.1982,33.9702,32.9923,33.9727,306970,66
2016-10-26,33.4555,33.8158,33.0437,33.8183,179620,65.7
2016-10-27,33.1982,33.8158,32.9923,33.7153,263690,65.5
2016-10-28,33.1982,33.8158,32.9408,33.8183,211670,65.7
2016-10-31,33.8158,35.154,33.6099,33.8183,464860,65.7
2016-11-01,33.9702,34.0731,33.4555,33.7153,119220,65.5
2016-11-02,33.6614,33.8673,33.1982,33.7153,74520,65.5
2016-11-03,33.7129,33.7129,32.8893,33.6124,407090,65.3
2016-11-04,33.6099,33.6099,33.0437,33.5094,98460,65.1
2016-11-07,33.507,33.507,33.0952,33.4579,83350,65
2016-11-08,33.1982,33.4555,33.1982,33.4579,198930,65
2016-11-09,33.0952,33.4555,32.6835,33.4579,297160,65
2016-11-10,33.4555,33.4555,33.0952,33.4579,586310,65
2016-11-11,33.4555,33.7129,33.1982,33.2006,53700,64.5
2016-11-14,33.1467,33.1467,31.6541,31.9137,651510,62
2016-11-15,32.4261,32.4261,32.0658,32.4285,57220,63
2016-11-16,32.4261,32.7864,32.4261,32.4799,79620,63.1
2016-11-17,32.5805,32.6835,32.4261,32.5829,222230,63.3
2016-11-18,32.5805,32.9923,32.4776,32.6344,241650,63.4
2016-11-21,32.6835,32.6835,32.4261,32.6344,73370,63.4
2016-11-22,32.632,33.0437,32.632,32.8917,135790,63.9
2016-11-23,32.9408,35.154,32.9408,35.1051,2158820,68.2
2016-11-24,36.6981,37.0069,35.154,35.5169,637070,69
2016-11-25,35.8746,35.9261,34.9996,35.0022,339930,68
2016-11-28,34.7423,34.8452,32.9408,32.9432,719490,64
2016-11-29,32.9408,33.4555,32.1173,32.274,579550,62.7
2016-11-30,33.4555,33.4555,32.4261,32.9947,499010,64.1
2016-12-01,32.9923,34.382,32.9923,33.1491,321970,64.4
2016-12-02,33.3526,33.3526,32.3232,32.3255,387740,62.8
2016-12-05,32.4261,32.8893,32.4261,32.5314,305290,63.2
2016-12-06,32.529,32.9408,32.529,32.5829,348710,63.3
2016-12-07,32.632,32.8379,32.2202,32.4285,300040,63
2016-12-08,32.6835,32.6835,32.4261,32.5829,211860,63.3
2016-12-09,32.8379,32.8893,32.4776,32.5829,265730,63.3
2016-12-12,32.7349,32.8379,32.1688,32.4285,301240,63
2016-12-13,32.4261,32.4261,31.3967,31.399,388540,61
2016-12-14,31.6541,32.2717,31.4996,31.9652,235790,62.1
2016-12-15,32.0658,32.2202,31.6026,31.9652,258880,62.1
2016-12-16,31.9629,33.4555,31.757,33.4579,981560,65
2016-12-19,32.9408,33.404,32.529,32.6858,157330,63.5
2016-12-20,32.529,32.529,31.8085,31.8623,344130,61.9
2016-12-21,31.9114,32.4261,31.8599,32.1196,196240,62.4
2016-12-22,32.7349,33.7129,32.6835,33.6124,613300,65.3
2016-12-23,33.7129,33.7129,33.3526,33.6124,225270,65.3
2016-12-26,33.6099,34.382,33.6099,33.6124,148910,65.3
2016-12-27,33.6099,33.7129,33.2496,33.4579,125060,65
2016-12-28,33.6099,33.7129,32.7864,32.7888,325410,63.7
2016-12-29,33.0437,33.0952,32.8379,32.8917,122990,63.9
2016-12-30,32.9408,33.4555,32.9408,33.355,334620,64.8
2017-01-03,33.6614,33.9702,33.3526,33.6638,397760,65.4
2017-01-04,33.9885,34.2583,33.8267,34.2583,446480,63.5
2017-01-05,34.528,34.528,33.9346,34.0425,228380,63.1
2017-01-06,33.8267,34.0964,33.6648,34.0964,337680,63.2
2017-01-09,34.0964,34.0964,33.7188,33.7727,233660,62.6
2017-01-10,34.2043,35.0675,34.2043,34.3662,488910,63.7
2017-01-11,34.3662,34.528,34.1504,34.1504,252010,63.3
2017-01-12,34.2583,34.2583,33.8267,33.8267,164770,62.7
2017-01-13,33.8267,33.9346,33.7188,33.8267,226450,62.7
2017-01-16,33.9885,33.9885,33.7188,33.8267,124960,62.7
2017-01-17,33.8267,33.9885,33.6109,33.8267,147390,62.7
2017-01-18,33.8806,33.8806,33.6648,33.7188,95680,62.5
2017-01-19,33.7727,33.7727,33.449,33.449,304740,62
2017-01-20,33.6109,33.6109,33.1793,33.1793,448800,61.5
2017-01-23,33.6627,33.8246,33.1772,33.3395,221960,41.2
2017-01-24,32.7321,33.5009,32.7321,33.3395,149750,41.2
2017-01-25,33.3795,33.3795,32.9344,33.3799,168360,41.25
2017-02-02,33.3795,34.2696,33.3795,34.1487,212950,42.2
2017-02-03,34.1482,34.9574,34.1482,34.2296,354630,42.3
2017-02-06,34.5528,34.5528,33.9864,34.4724,266640,42.6
2017-02-07,34.4719,34.4719,34.2292,34.4724,435880,42.6
2017-02-08,34.4719,34.4719,34.3505,34.4724,174120,42.6
2017-02-09,34.391,34.4719,34.2696,34.3914,398110,42.5
2017-02-10,34.391,34.391,33.7436,33.9868,342780,42
2017-02-13,33.9864,33.9864,33.5413,33.825,369880,41.8
2017-02-14,33.5818,33.6627,33.42,33.5822,375630,41.5
2017-02-15,33.5009,34.1482,33.42,33.9464,329800,41.95
2017-02-16,33.9864,34.7956,33.7436,33.9464,542230,41.95
2017-02-17,33.9864,34.2292,33.6627,33.7441,386090,41.7
2017-02-20,33.7841,34.7956,33.5009,33.9868,314390,42
2017-02-21,34.1482,34.4719,33.8246,34.4319,582730,42.55
2017-02-22,34.391,34.5528,34.1078,34.1487,415910,42.2
2017-02-23,34.2292,34.2292,33.865,34.1487,297310,42.2
2017-02-24,33.9864,33.9864,33.6223,33.7441,371930,41.7
2017-02-27,33.1772,33.5009,32.4489,33.1776,880600,41
2017-02-28,33.1772,33.339,33.0558,33.1776,787290,41
2017-03-01,33.0154,33.1772,32.8131,33.1776,367950,41
2017-03-02,33.0154,33.0963,32.8131,33.0967,343710,40.9
2017-03-03,33.0963,33.1772,32.8131,33.1776,407300,41
2017-03-06,33.0154,33.1772,32.9749,33.1776,416780,41
2017-03-07,33.1772,33.1772,32.8535,33.1776,401910,41
2017-03-08,33.1772,33.9864,32.9344,33.7441,395320,41.7
2017-03-09,33.6627,33.8246,33.5818,33.7845,237350,41.75
2017-03-10,33.7841,33.865,33.5818,33.7845,233160,41.75
2017-03-13,33.7841,33.7841,33.5818,33.7441,409950,41.7
2017-03-14,33.7436,35.2811,33.6627,34.9579,1542110,43.2
2017-03-15,35.362,35.8476,35.2002,35.403,864380,43.75
2017-03-16,35.6048,35.6048,35.2002,35.2007,223130,43.5
2017-03-17,35.2002,35.888,35.1193,35.6862,2989190,44.1
2017-03-20,35.9285,37.7087,35.9285,37.1428,1131180,45.9
2017-03-21,37.2232,39.0034,37.2232,38.1138,985180,47.1
2017-03-22,38.0324,39.2462,37.5469,38.4375,715040,47.5
2017-03-23,38.1133,39.0034,38.1133,38.8421,997410,48
2017-03-24,38.8416,39.0034,38.1942,38.6803,431540,47.8
2017-03-27,38.5988,39.1653,38.437,38.6803,529650,47.8
2017-03-28,38.5179,38.5179,37.2232,37.2237,629870,46
2017-03-29,37.2232,38.0324,37.1423,38.0329,514580,47
2017-03-30,38.7607,38.7607,37.6278,37.6283,353180,46.5
2017-03-31,37.466,38.437,37.466,38.0734,329510,47.05
2017-04-03,38.8416,38.9225,38.6798,38.7612,732940,47.9
2017-04-04,38.8416,39.0034,38.1942,38.1947,495100,47.2
2017-04-05,38.2752,38.437,37.0614,37.1428,739530,45.9
2017-04-07,37.1423,38.3561,36.5758,38.2757,542000,47.3
2017-04-10,38.1133,38.437,37.6278,37.6283,137410,46.5
2017-04-11,37.6278,37.6278,37.2232,37.3046,245780,46.1
2017-04-12,37.6278,37.8706,36.414,37.0618,500100,45.8
2017-04-13,36.6163,37.385,36.4949,37.0214,234810,45.75
2017-04-14,36.5758,37.0209,36.2522,36.8191,461510,45.5
2017-04-17,36.8186,37.3041,35.6048,35.6053,342480,44
2017-04-18,36.0094,37.2232,35.5239,37.2237,470370,46
2017-04-19,37.2232,37.2232,36.414,37.0618,206820,45.8
2017-04-20,37.0614,37.0614,36.3331,36.3336,333220,44.9
2017-04-21,36.9804,36.9804,36.414,36.4145,256870,45
2017-04-24,36.8186,36.8186,36.2522,36.7382,143750,45.4
2017-04-25,36.9804,36.9804,36.5758,36.8191,157940,45.5
2017-04-26,36.7377,36.9804,36.6568,36.7786,145110,45.45
2017-04-27,37.1018,37.1018,36.5354,36.5359,101180,45.15
2017-04-28,36.414,36.414,35.7666,35.9694,522740,44.45
2017-05-03,35.9689,36.0094,35.6048,35.848,994200,44.3
2017-05-04,35.2811,35.8476,35.2002,35.6053,472600,44
2017-05-05,35.2811,35.6048,34.8765,34.877,321530,43.1
2017-05-08,34.7147,34.917,34.5124,34.5128,435320,42.65
2017-05-09,34.1887,34.7956,33.9864,34.3105,375470,42.4
2017-05-10,34.3101,34.7956,34.3101,34.7151,349650,42.9
2017-05-11,34.7147,34.7147,34.5124,34.5533,453120,42.7
2017-05-12,34.4719,34.5933,34.391,34.4724,430230,42.6
2017-05-15,34.391,34.5528,34.2292,34.4724,212110,42.6
2017-05-16,34.391,36.0094,34.391,35.4839,572240,43.85
2017-05-17,35.4834,35.8071,34.9574,35.2007,410490,43.5
2017-05-18,34.7956,35.6048,34.7956,35.2007,377570,43.5
2017-05-19,35.2002,35.4025,34.7956,34.7961,191520,43
2017-05-22,35.0384,36.0094,34.8361,35.6862,403650,44.1
2017-05-23,36.0903,36.4949,35.362,35.6862,591860,44.1
2017-05-24,36.0094,36.0094,35.2002,35.2007,607770,43.5
2017-05-25,35.2002,35.443,34.391,34.7961,962430,43
2017-05-26,34.4719,35.443,34.4719,34.6342,241540,42.8
2017-05-29,34.6338,35.362,34.6338,34.7961,416530,43
2017-05-30,35.1597,35.1597,34.6338,34.6342,185060,42.8
2017-05-31,34.7956,34.9574,34.4719,34.9579,482750,43.2
2017-06-01,34.8765,35.5239,34.8765,35.5243,321750,43.9
2017-06-02,35.5239,35.9285,34.9574,35.4434,349680,43.8
2017-06-05,35.443,35.8476,35.443,35.848,349640,44.3
2017-06-06,36.0094,36.0094,35.6048,35.6862,130880,44.1
2017-06-07,35.6857,35.6857,35.2002,35.2411,442790,43.55
2017-06-08,35.2407,35.2407,34.8361,34.877,398540,43.1
2017-06-09,34.7956,35.2002,34.7956,34.9579,371540,43.2
2017-06-12,34.8765,35.1597,34.8361,35.0388,207600,43.3
2017-06-13,35.1193,35.1193,34.6338,34.8365,599300,43.05
2017-06-14,35.0384,35.443,34.8765,35.3625,133080,43.7
2017-06-15,35.5239,35.5239,34.9574,35.0793,405160,43.35
2017-06-16,34.9979,34.9979,34.2292,34.2296,2488690,42.3
2017-06-19,34.7956,35.3216,34.6338,35.2816,667880,43.6
2017-06-20,35.2811,35.2811,34.7147,34.7151,610350,42.9
2017-06-21,34.5528,34.5528,33.7436,33.9868,1348530,42
2017-06-22,33.9864,34.2292,33.1772,33.6632,878550,41.6
2017-06-23,33.6627,33.6627,33.1772,33.299,904960,41.15
2017-06-26,33.2177,34.1482,33.2177,34.1487,440840,42.2
2017-06-27,34.0673,34.0673,33.5818,33.6632,661190,41.6
2017-06-28,33.5009,33.7436,33.42,33.6632,229120,41.6
2017-06-29,33.9055,34.5528,33.9055,34.3105,761920,42.4
2017-06-30,34.6338,34.6338,33.9864,33.9868,514910,42
2017-07-03,33.9055,34.0673,33.5818,33.5822,389050,41.5
2017-07-04,33.6627,33.6627,33.339,33.5013,357420,41.4
2017-07-05,33.5818,33.5818,33.339,33.4204,438720,41.3
2017-07-06,33.5818,33.5818,33.42,33.5418,385200,41.45
2017-07-07,33.5413,33.865,33.42,33.7845,731880,41.75
2017-07-10,33.5818,33.7032,33.5009,33.5822,898440,41.5
2017-07-11,33.5818,33.7032,33.3795,33.7036,340440,41.65
2017-07-12,33.6627,33.7032,33.42,33.5418,305600,41.45
2017-07-13,33.6223,33.7436,33.1772,33.4204,888360,41.3
2017-07-14,33.42,33.6627,33.2581,33.5822,106840,41.5
2017-07-17,33.5818,33.6223,32.2871,32.8944,875490,40.65
2017-07-18,32.5298,33.1772,32.368,33.1776,687300,41
2017-07-19,33.1772,33.339,33.0154,33.1776,1169620,41
2017-07-20,33.2986,33.339,33.1772,33.3395,416160,41.2
2017-07-21,33.339,33.3795,33.2177,33.3395,1107560,41.2
2017-07-24,33.339,33.5413,33.1772,33.5418,486310,41.45
2017-07-25,33.5818,33.6627,33.3795,33.6632,524020,41.6
2017-07-26,33.5413,33.6627,33.339,33.6227,686550,41.55
2017-07-27,33.339,33.6627,33.339,33.5822,357380,41.5
2017-07-28,33.6627,33.6627,33.5413,33.6632,293930,41.6
2017-07-31,33.1772,34.6338,32.8535,34.6342,1053980,42.8
2017-08-01,34.1482,34.5933,33.9055,34.351,523200,42.45
2017-08-02,34.3101,34.4719,34.1482,34.3914,471600,42.5
2017-08-03,34.391,34.5124,34.391,34.4724,573590,42.6
2017-08-04,34.0673,34.5933,34.0673,34.5938,506140,42.75
2017-08-07,34.7956,34.7956,34.5528,34.5533,324280,42.7
2017-08-08,34.4719,34.6338,34.391,34.5533,253230,42.7
2017-08-09,34.5528,34.6338,33.9864,33.9868,387090,42
2017-08-10,33.9864,34.5528,33.9864,34.3914,399880,42.5
2017-08-11,34.391,34.5933,34.391,34.5533,190790,42.7
2017-08-14,34.2292,35.6048,34.1078,35.6053,752950,44
2017-08-15,35.2002,35.7666,35.2002,35.6862,629860,44.1
2017-08-16,35.5239,36.414,35.5239,36.0908,448900,44.6
2017-08-17,36.2522,36.4949,35.9285,36.3336,1177340,44.9
2017-08-18,35.6048,36.3735,35.6048,36.0908,575730,44.6
2017-08-21,36.0094,36.4949,36.0094,36.4145,575380,45
2017-08-22,36.5758,36.7377,36.414,36.4145,346450,45
2017-08-23,36.414,36.8995,36.414,36.9,297730,45.6
2017-08-24,37.1827,37.3041,36.8995,37.2237,261840,46
2017-08-25,37.2232,37.6278,37.2232,37.6283,217080,46.5
2017-08-28,37.6278,38.0324,36.6568,38.0329,453010,47
2017-08-29,37.2232,38.0729,36.5758,36.5763,726090,45.2
2017-08-30,37.2232,37.9515,36.8995,37.8711,308170,46.8
2017-08-31,38.1133,38.8416,37.9515,38.4375,489330,47.5
2017-09-01,38.437,39.2462,37.911,39.0039,691700,48.2
2017-09-05,39.0034,39.0844,38.5179,38.7612,959570,47.9
2017-09-06,38.7607,39.6508,38.7607,38.8421,509030,48
2017-09-07,39.2462,40.46,38.8821,40.4605,887640,50
2017-09-08,40.6218,43.2922,40.6218,43.05,1259150,53.2
2017-09-11,43.2113,46.0435,42.8876,43.2928,1861440,53.5
2017-09-12,43.6968,44.9106,43.6968,44.5875,1145230,55.1
2017-09-13,45.1534,45.8007,43.6968,45.3158,621580,56
2017-09-14,44.9915,46.1244,44.9915,45.5586,566010,56.3
2017-09-15,45.558,45.558,44.1014,45.3967,1652830,56.1
2017-09-18,45.3961,45.7198,44.6678,45.5586,841840,56.3
2017-09-19,44.8297,46.1244,44.8297,44.9112,508690,55.5
2017-09-20,44.5869,44.9106,43.535,43.5355,567800,53.8
2017-09-21,43.1304,43.3731,41.431,41.4316,726040,51.2
2017-09-22,41.1883,42.7258,41.1883,42.0789,647270,52
2017-09-25,43.6968,44.506,43.454,44.102,581110,54.5
2017-09-26,44.1014,45.2343,43.2113,45.2349,382200,55.9
2017-09-27,44.1823,44.6678,44.1823,44.4257,325200,54.9
2017-09-28,44.9106,45.0724,44.5869,45.073,532450,55.7
2017-09-29,45.3152,46.2053,44.1014,44.5875,465570,55.1
2017-10-02,44.6678,44.7488,44.1014,44.7493,144920,55.3
2017-10-03,44.3442,44.9106,43.7777,44.4257,124800,54.9
2017-10-04,43.8586,44.9106,43.6968,44.5066,183890,55
2017-10-05,44.506,46.8527,44.506,46.6914,586070,57.7
2017-10-06,46.7718,46.7718,45.9626,46.2059,144570,57.1
2017-10-09,46.529,46.8527,45.8007,46.2868,287000,57.2
2017-10-10,46.1244,46.529,45.7198,46.2868,529580,57.2
2017-10-11,46.1244,46.2862,44.9915,44.9921,173530,55.6
2017-10-12,44.9915,46.3672,44.9915,46.3678,375410,57.3
2017-10-13,46.3672,47.5,45.558,47.0961,341900,58.2
2017-10-16,46.3672,47.0954,46.2862,46.3678,2834670,57.3
2017-10-17,46.2053,46.3672,45.477,45.4776,2651810,56.2
2017-10-18,45.3961,46.1244,45.3961,45.8822,1563110,56.7
2017-10-19,46.1244,46.1244,45.3152,45.3158,2887020,56
2017-10-20,45.3152,45.7198,45.1534,45.7204,1605470,56.5
2017-10-23,45.3152,45.6389,44.1823,45.3158,292140,56
2017-10-24,45.3152,45.3152,44.5869,45.3158,492650,56
2017-10-25,44.7488,45.7198,44.7488,45.7204,213160,56.5
2017-10-26,45.8816,46.2862,45.3152,46.2868,377350,57.2
2017-10-27,46.2053,47.3382,45.8816,47.3388,347960,58.5
2017-10-30,47.3382,48.552,47.1764,48.5526,859390,60
2017-10-31,48.552,48.6329,46.1244,48.148,766150,59.5
2017-11-01,48.3902,48.552,47.3382,48.5526,502670,60
2017-11-02,48.552,49.1184,48.552,48.6336,846060,60.1
2017-11-03,48.6329,48.7138,47.7428,48.7145,557610,60.2
2017-11-06,48.1474,49.3612,48.0665,48.7145,639960,60.2
2017-11-07,48.7138,48.7138,48.3092,48.4717,462090,59.9
2017-11-08,48.4711,48.552,48.2283,48.4717,384980,59.9
2017-11-09,48.4711,48.552,46.9336,48.0671,658890,59.4
2017-11-10,48.6329,48.7138,47.7428,48.148,251050,59.5
2017-11-13,48.4711,48.4711,46.9336,47.7434,292440,59
2017-11-14,47.6619,47.6619,46.529,46.9342,369480,58
2017-11-15,45.7198,46.9336,45.7198,45.7204,463660,56.5
2017-11-16,45.3961,47.7428,44.5869,47.7434,391640,59
2017-11-17,46.8527,49.3612,46.1244,46.9342,542720,58
2017-11-20,46.9336,48.3092,46.529,47.8243,239070,59.1
2017-11-21,47.9046,51.1414,47.8237,50.4947,1291850,62.4
2017-11-22,50.8987,52.4362,50.8987,51.7895,2433610,64
2017-11-23,52.598,53.8118,51.7079,51.7895,896830,64
2017-11-24,51.627,52.1934,50.9796,52.0322,987480,64.3
2017-11-27,51.7888,55.0256,51.627,55.0263,1327920,68
2017-11-28,55.0256,56.644,53.4072,56.6447,427210,70
2017-11-29,56.644,56.8868,55.8348,56.6447,823730,70
2017-11-30,56.8868,57.3723,54.2973,54.298,1358460,67.1
2017-12-01,54.2164,56.1585,53.8118,55.4309,725370,68.5
2017-12-04,56.644,56.644,55.673,55.8355,1191000,69
2017-12-05,55.8348,56.7249,55.5111,55.7546,777070,68.9
2017-12-06,55.7539,55.8348,53.4072,54.7836,1083900,67.7
2017-12-07,55.5111,56.4822,54.4592,55.8355,1561970,69
2017-12-08,56.5631,58.4242,56.2394,58.1822,1662030,71.9
2017-12-11,58.2624,59.9617,57.8578,58.2632,1153430,72
2017-12-12,59.0716,59.0716,54.5401,58.425,1287240,72.2
2017-12-13,57.1295,58.4242,57.0486,57.9395,812460,71.6
2017-12-14,57.5341,59.1525,57.5341,59.1533,694180,73.1
2017-12-15,58.2624,58.8288,58.0196,58.0204,3028190,71.7
2017-12-18,58.2624,61.2564,58.2624,61.0954,960060,75.5
2017-12-19,61.0946,61.9847,60.8518,61.5,1056800,76
2017-12-20,61.0946,62.2275,60.7709,61.5809,1074900,76.1
2017-12-21,61.742,62.0656,59.2334,59.2342,981850,73.2
2017-12-22,60.2045,60.4472,58.2624,59.8007,1025600,73.9
2017-12-25,59.1525,61.0137,59.0716,60.0434,207370,74.2
2017-12-26,60.6091,61.0946,60.1236,61.0954,403710,75.5
2017-12-27,60.6091,61.2564,60.5282,60.6908,517920,75
2017-12-28,60.69,61.4992,60.2854,61.2572,377030,75.7
2017-12-29,60.5282,62.3084,60.5282,62.0665,609680,76.7
2018-01-02,62.3084,64.736,62.0656,64.7368,533950,80
2018-01-03,64.736,68.2156,64.736,66.7599,699510,82.5
2018-01-04,66.2735,67.4873,65.9498,66.7599,749910,82.5
2018-01-05,66.759,68.782,66.1926,68.5401,553920,84.7
2018-01-08,68.7011,71.857,67.6491,71.8579,567080,88.8
2018-01-09,71.857,73.3135,71.3714,72.829,517480,90
2018-01-10,72.828,72.828,70.2386,70.4013,691140,87
2018-01-11,69.3484,72.828,69.3484,72.829,650600,90
2018-01-12,73.1517,75.6602,72.828,75.2566,513870,93
2018-01-15,75.4984,75.822,72.9089,75.0947,880860,92.8
2018-01-16,74.0418,75.0938,73.1517,74.7711,658030,92.4
2018-01-17,74.851,74.9319,72.9898,72.9908,334150,90.2
2018-01-18,72.828,74.4464,70.805,74.4474,494030,92
2018-01-19,74.4464,74.6082,70.805,70.8059,1281320,87.5
2018-01-22,72.0188,75.6602,72.0188,74.852,578810,92.5
2018-01-25,75.2556,78.897,75.2556,78.6553,1034850,97.2
2018-01-26,78.7352,79.4634,76.9549,78.898,629310,97.5
2018-01-29,78.897,79.3016,76.2266,76.4704,363310,94.5
2018-01-30,76.4694,76.7122,72.828,73.4763,650630,90.8
2018-01-31,73.4754,76.874,73.3135,74.5283,1082770,92.1
2018-02-01,76.0648,76.0648,73.2326,74.5283,724810,92.1
2018-02-02,74.4464,74.851,70.1576,73.6382,669230,91
2018-02-05,69.1866,70.4004,68.5392,68.5401,661070,84.7
2018-02-06,69.5912,69.5912,63.765,69.5921,1870880,86
2018-02-07,69.5912,69.9958,67.1636,67.1645,566450,83
2018-02-08,67.8919,69.9149,66.759,68.7829,471670,85
2018-02-09,65.5452,67.1636,64.3314,66.5171,948340,82.2
2018-02-12,67.9728,68.782,65.6261,68.7829,997380,85
2018-02-13,68.782,70.4004,68.782,69.2684,485920,85.6
2018-02-21,69.2675,72.828,69.2675,72.4243,326210,89.5
2018-02-22,71.2096,72.828,71.2096,71.2105,402290,88
2018-02-23,72.0188,73.3944,71.2905,72.6671,653110,89.8
2018-02-26,73.6372,75.2556,72.7471,72.748,592570,89.9
2018-02-27,74.0418,74.4464,73.1517,73.9618,567630,91.4
2018-02-28,73.6372,74.851,72.1806,72.1816,1152830,89.2
2018-03-01,72.828,74.0418,72.2616,73.6382,686470,91
2018-03-02,73.6372,75.4174,72.4234,74.0428,265490,91.5
2018-03-05,75.2556,75.2556,73.6372,73.6382,704600,91
2018-03-06,73.6372,74.1227,73.2326,73.2336,846740,90.5
2018-03-07,73.3135,74.2036,73.1517,73.9618,1140920,91.4
2018-03-08,73.9609,76.874,73.799,76.0658,829830,94
2018-03-09,76.874,77.6832,75.9839,76.1467,398400,94.1
2018-03-12,77.0358,77.4404,76.2266,77.0368,191140,95.2
2018-03-13,77.0358,77.0358,75.6602,76.875,263070,95
2018-03-14,76.2266,77.1977,76.0648,76.0658,315590,94
2018-03-15,76.874,76.874,75.2556,75.2566,456960,93
2018-03-16,74.4464,76.2266,74.4464,74.4474,3685230,92
2018-03-19,74.4464,76.3076,74.4464,76.3086,368790,94.3
2018-03-20,76.6312,81.3246,76.3076,81.3257,981900,100.5
2018-03-21,81.3246,83.6713,80.5963,82.8632,901320,102.4
2018-03-22,82.943,84.5614,82.943,83.8342,772700,103.6
2018-03-23,80.5154,83.3476,80.5154,82.5395,946780,102
2018-03-26,82.5384,88.2837,81.6483,88.2849,1326670,109.1
2018-03-27,89.8212,92.2488,88.2028,88.204,969010,109
2018-03-28,88.2028,89.3357,86.5844,89.3368,450680,110.4
2018-03-29,90.2258,90.6304,87.3936,88.6086,515400,109.5
2018-03-30,88.2028,93.058,86.4226,91.8454,625160,113.5
2018-04-02,91.4396,95.4856,91.4396,92.7355,1034570,114.6
2018-04-03,93.058,93.058,90.4686,91.4408,930340,113
2018-04-04,91.4396,92.9771,89.012,89.0132,1266330,110
2018-04-05,90.6304,91.2778,88.2028,88.6086,616480,109.5
2018-04-06,88.6074,90.6304,84.966,86.4237,880100,106.8
2018-04-09,84.966,88.8502,82.5384,86.5855,1642750,107
2018-04-10,88.2028,88.2028,84.2377,84.9671,813040,105
2018-04-11,84.966,86.1798,79.3016,79.3026,1688700,98
2018-04-12,79.3016,83.1858,78.4924,82.5395,755630,102
2018-04-13,82.5384,83.5904,80.92,82.9441,706610,102.5
2018-04-16,84.1568,86.4226,83.7522,84.4007,859880,104.3
2018-04-17,85.7752,85.7752,83.7522,84.1579,657510,104
2018-04-18,84.1568,84.966,80.1917,80.9211,1088500,100
2018-04-19,80.92,80.92,75.2556,75.2566,2133260,93
2018-04-20,73.2326,77.845,70.2386,77.8461,2402060,96.2
2018-04-23,76.874,79.3016,76.0648,76.875,1490560,95
2018-04-24,76.874,77.6832,72.0188,77.5224,1408180,95.8
2018-04-26,76.874,76.874,72.0997,72.1816,1445210,89.2
2018-04-27,70.6432,75.2556,70.4004,74.2855,747000,91.8
2018-05-02,75.5793,75.822,74.2846,75.5803,896400,93.4
2018-05-03,75.5793,75.6602,74.0418,74.4474,1148110,92
2018-05-04,74.4464,75.9839,73.3135,74.0428,390810,91.5
2018-05-07,74.0418,78.4924,73.6372,78.0888,687860,96.5
2018-05-08,78.0878,79.7062,75.3365,78.4934,877860,97
2018-05-09,78.4924,79.3016,76.4694,76.875,931950,95
2018-05-10,76.874,78.0878,74.4464,76.0658,623530,94
2018-05-11,76.0648,76.7122,74.851,75.9849,318610,93.9
2018-05-14,76.4694,79.7062,75.6602,79.3026,722620,98
2018-05-15,80.1108,80.4345,77.6832,77.8461,738890,96.2
2018-05-16,77.845,77.845,74.9319,75.1757,461650,92.9
2018-05-17,75.0128,75.9839,70.4004,70.4013,1142920,87
2018-05-18,71.2096,74.851,70.805,74.852,885640,92.5
2018-05-21,74.851,75.6602,72.0188,72.0197,495850,89
2018-05-22,71.2096,72.7471,67.0018,68.7829,1126390,85
2018-05-23,67.3254,68.9438,67.1636,68.7829,1419580,85
2018-05-24,68.782,69.0248,67.1636,68.3783,1053550,84.5
2018-05-25,67.9728,68.3774,66.759,67.5691,776710,83.5
2018-05-28,65.9498,66.759,62.8748,64.7368,1572560,80
2018-05-29,63.1176,66.759,61.0946,64.7368,1174770,80
2018-05-30,64.736,65.9498,62.4702,64.7368,1337530,80
2018-05-31,63.9268,68.3774,63.9268,65.5461,1464880,81
2018-06-01,66.3544,67.8919,65.5452,67.8928,1027420,83.9
2018-06-04,68.7011,68.7011,67.6491,68.1355,1033490,84.2
2018-06-05,68.1346,70.2386,68.0537,69.1066,2036740,85.4
2018-06-06,69.1057,69.1866,68.3774,69.1875,1170840,85.5
2018-06-07,69.9149,72.3425,69.5912,70.6441,1148300,87.3
2018-06-08,70.6432,71.0478,69.2675,69.5921,672840,86
2018-06-11,69.5912,70.1576,68.782,68.7829,881240,85
2018-06-12,67.9728,67.9728,64.3314,66.679,1388340,82.4
2018-06-13,67.1636,67.6491,66.6781,67.5691,665420,83.5
2018-06-14,68.3774,69.0248,67.2445,68.3783,754200,84.5
2018-06-15,67.8919,68.782,67.2445,68.7829,1125470,85
2018-06-18,67.9728,68.782,65.9498,67.9737,825840,84
2018-06-19,66.3544,66.3544,63.9268,64.7368,1502690,80
2018-06-20,64.736,66.2735,63.1176,65.5461,986430,81
2018-06-21,65.5452,65.8689,64.4932,65.5461,609310,81
2018-06-22,65.5452,65.5452,64.0077,65.5461,606920,81
2018-06-25,67.5682,67.5682,65.9498,67.1645,458160,83
2018-06-26,66.759,66.759,65.4643,66.7599,258540,82.5
2018-06-27,66.759,67.1636,64.736,65.5461,418190,81
2018-06-28,64.736,65.4643,62.3084,63.9276,810880,79
2018-06-29,62.4702,64.3314,62.4702,63.9276,683730,79
2018-07-02,62.6321,63.8459,59.4762,61.5,1503790,76
2018-07-03,61.4992,61.9038,58.3433,59.8816,1224710,74
2018-07-04,59.0716,60.3663,57.4532,59.9625,967410,74.1
2018-07-05,59.2334,59.9617,58.1006,59.8007,1268230,73.9
2018-07-06,58.1006,59.9617,57.5341,59.8816,1494750,74
2018-07-09,59.8808,61.4992,59.1525,60.0434,414980,74.2
2018-07-10,59.8808,60.6091,59.7999,60.0434,495930,74.2
2018-07-11,59.8808,60.0426,58.7479,59.8816,962210,74
2018-07-12,59.8808,59.8808,58.7479,59.8816,521530,74
2018-07-13,59.8808,61.0137,59.4762,60.6099,453210,74.9
2018-07-16,60.2854,60.8518,59.7999,60.0434,1011680,74.2
2018-07-17,59.3144,60.2854,59.3144,60.2862,549360,74.5
2018-07-18,60.2854,62.3084,60.0426,61.5,1230190,76
2018-07-19,62.3084,65.1406,62.1466,64.0086,761010,79.1
2018-07-20,64.0077,64.736,63.1985,64.0086,766990,79.1
2018-07-23,64.0077,65.707,63.6031,64.0086,1161850,79.1
2018-07-24,64.0077,65.707,63.2794,65.1415,1009400,80.5
2018-07-25,65.1406,67.9728,64.6551,65.5461,935280,81
2018-07-26,66.2735,66.4353,64.736,65.5461,433810,81
2018-07-27,65.3834,65.9498,64.6551,65.7888,525860,81.3
2018-07-30,66.1926,66.1926,64.736,65.8697,515970,81.4
2018-07-31,65.5452,68.4583,65.5452,68.1355,910850,84.2
2018-08-01,68.3774,68.3774,66.9208,68.1355,299790,84.2
2018-08-02,68.1346,68.6202,67.4873,68.1355,491440,84.2
2018-08-03,68.8629,68.9438,68.1346,68.7829,478550,85
2018-08-06,68.782,71.5333,68.3774,70.725,636030,87.4
2018-08-07,70.7241,73.3135,70.4004,72.829,675440,90
2018-08-08,72.828,72.828,71.6142,72.829,405530,90
2018-08-09,72.828,73.5563,71.9379,72.748,333290,89.9
2018-08-10,71.776,72.4234,71.0478,72.0197,886180,89
2018-08-13,71.4524,74.2846,71.1287,73.5572,744800,90.9
2018-08-14,73.5563,75.6602,72.7471,75.6612,597970,93.5
2018-08-15,75.6602,75.903,74.0418,74.0428,322230,91.5
2018-08-16,72.9089,73.7181,71.6951,72.829,519730,90
2018-08-17,73.4754,73.88,72.4234,72.5053,356510,89.6
2018-08-20,73.2326,73.2326,72.2616,72.748,256130,89.9
2018-08-21,73.4754,74.2846,72.828,73.0717,292260,90.3
2018-08-22,73.4754,74.6892,73.2326,74.4474,361550,92
2018-08-23,75.0938,75.1747,73.799,73.8,269120,91.2
2018-08-24,73.799,74.4464,73.3135,73.3145,466910,90.6
2018-08-27,73.3135,74.2846,73.2326,73.8,317350,91.2
2018-08-28,74.4464,74.4464,73.6372,73.9618,315060,91.4
2018-08-29,74.4464,75.4174,73.6372,73.6382,760740,91
2018-08-30,74.4464,78.4924,74.0418,78.4934,743980,97
2018-08-31,77.3595,78.6542,76.7122,76.875,749680,95
2018-09-04,76.874,77.926,76.0648,76.0658,822140,94
2018-09-05,75.822,76.5503,74.9319,75.2566,541780,93
2018-09-06,75.2556,77.2786,75.1747,76.7132,501250,94.8
2018-09-07,76.3076,76.874,75.7411,76.875,218340,95
2018-09-10,76.1457,76.874,74.0418,74.0428,392730,91.5
2018-09-11,74.4464,74.9319,72.828,74.852,499990,92.5
2018-09-12,75.7411,76.4694,74.9319,74.9329,314160,92.6
2018-09-13,74.2036,76.0648,74.2036,74.7711,241210,92.4
2018-09-14,74.7701,74.7701,74.0418,74.1237,422950,91.6
2018-09-17,73.7181,74.1227,71.9379,74.1237,490340,91.6
2018-09-18,74.0418,74.0418,72.0997,72.9099,280760,90.1
2018-09-19,74.4464,75.2556,73.6372,73.8,447450,91.2
2018-09-20,74.0418,75.0128,74.0418,74.852,637980,92.5
2018-09-21,74.851,76.6312,73.6372,73.6382,3712030,91
2018-09-24,75.2556,76.874,75.1747,76.4704,558170,94.5
2018-09-25,76.3885,77.6023,75.9839,76.3895,289760,94.4
2018-09-26,75.6602,76.2266,75.4984,75.6612,659600,93.5
2018-09-27,75.6602,76.0648,74.4464,74.852,442950,92.5
2018-09-28,75.5793,75.5793,74.0418,75.0947,686950,92.8
2018-10-01,75.0938,75.9839,74.1227,75.9849,1291940,93.9
2018-10-02,75.9839,76.1457,73.3135,76.0658,2307220,94
2018-10-03,75.6602,75.822,74.851,75.4184,604560,93.2
2018-10-04,75.4984,75.9839,75.0938,75.9849,1441430,93.9
2018-10-05,75.903,75.903,73.5563,73.6382,1591190,91
2018-10-08,73.1517,73.6372,70.8859,72.6671,1958530,89.8
2018-10-09,72.6662,72.828,71.2096,71.2105,669990,88
2018-10-10,71.2096,71.2096,68.3774,68.3783,1323520,84.5
2018-10-11,63.6031,66.2735,63.6031,63.604,2375010,78.6
2018-10-12,61.0137,65.788,61.0137,65.7888,1444630,81.3
2018-10-15,65.5452,65.5452,63.1176,63.523,1242460,78.5
2018-10-16,63.4413,64.0886,62.713,63.604,851250,78.6
2018-10-17,65.5452,66.1926,64.3314,65.5461,993370,81
2018-10-18,65.5452,65.788,64.5742,64.8987,644320,80.2
2018-10-19,64.0077,65.5452,63.5222,65.5461,1119580,81
2018-10-22,65.5452,65.8689,64.0886,64.0895,551610,79.2
2018-10-23,63.9268,63.9268,60.7709,62.7138,1943490,77.5
2018-10-24,61.5801,62.6321,60.0426,60.6908,1772610,75
2018-10-25,57.4532,62.713,57.4532,62.7138,2117680,77.5
2018-10-26,62.3084,62.6321,61.742,61.9046,785650,76.5
2018-10-29,60.69,61.9847,60.4472,61.9046,728550,76.5
2018-10-30,60.9328,63.684,60.8518,63.1184,819270,78
2018-10-31,63.9268,67.1636,63.5222,67.1645,1008000,83
2018-11-01,66.759,67.6491,65.707,66.3553,831090,82
2018-11-02,66.9208,68.3774,66.3544,68.3783,993240,84.5
2018-11-05,66.9208,68.9438,66.9208,68.9447,536740,85.2
2018-11-06,69.753,70.4004,67.9728,67.9737,995460,84
2018-11-07,68.3774,69.1057,67.73,68.5401,892740,84.7
2018-11-08,68.782,69.5912,67.9728,68.3783,145850,84.5
2018-11-09,67.9728,68.3774,66.9208,68.2165,577220,84.3
2018-11-12,67.2445,68.1346,66.6781,67.65,241050,83.6
2018-11-13,66.3544,66.4353,63.9268,63.9276,576150,79
2018-11-14,64.0077,65.2215,62.3084,63.9276,331450,79
2018-11-15,64.5742,64.6551,63.4413,64.2513,383880,79.4
2018-11-16,65.4643,65.4643,63.9268,64.4132,399900,79.6
2018-11-19,64.4123,66.3544,64.4123,66.1934,260240,81.8
2018-11-20,65.707,66.6781,65.707,66.1934,334090,81.8
2018-11-21,64.736,65.9498,64.736,65.7079,282090,81.2
2018-11-22,65.707,66.759,65.5452,66.3553,551990,82
2018-11-23,66.3544,66.5972,65.9498,66.0316,450020,81.6
2018-11-26,66.0307,66.5972,65.707,66.4362,349670,82.1
2018-11-27,66.4353,67.1636,66.2735,66.3553,420980,82
2018-11-28,66.0307,66.3544,65.5452,65.7888,323700,81.3
2018-11-29,66.759,66.759,65.5452,65.5461,359660,81
2018-11-30,65.5452,65.8689,64.3314,64.7368,644810,80
2018-12-03,65.9498,66.6781,65.788,66.5171,739700,82.2
2018-12-04,66.759,68.3774,66.6781,68.0546,1138470,84.1
2018-12-05,67.5682,68.0537,66.759,68.0546,642600,84.1
2018-12-06,67.9728,69.0248,67.5682,67.8118,629700,83.8
2018-12-07,67.9728,69.1057,67.9728,68.4592,811580,84.6
2018-12-10,68.3774,69.5912,68.0537,69.2684,485360,85.6
2018-12-11,68.9438,69.6721,68.9438,69.5112,646530,85.9
2018-12-12,69.5103,70.4004,68.9438,70.4013,377650,87
2018-12-13,71.2096,71.3714,70.2386,70.4822,630690,87.1
2018-12-14,70.7241,70.7241,69.1866,69.1875,367370,85.5
2018-12-17,68.1346,69.1057,66.3544,66.3553,605910,82
2018-12-18,64.9788,65.8689,64.9788,65.7079,595370,81.2
2018-12-19,65.6261,66.5972,65.5452,65.9507,325700,81.5
2018-12-20,65.5452,66.3544,65.5452,65.5461,337360,81
2018-12-21,65.3834,66.2735,63.6031,63.604,2407240,78.6
2018-12-24,64.736,65.4643,63.9268,63.9276,379150,79
2018-12-25,63.8459,65.0597,63.0367,64.7368,562070,80
2018-12-26,64.736,64.8978,63.9268,63.9276,577200,79
2018-12-27,64.736,65.1406,63.9268,63.9276,425950,79
2018-12-28,64.2505,64.736,62.713,62.7138,546000,77.5
2019-01-02,63.6031,63.8459,63.2794,63.604,433670,78.6
2019-01-03,63.8459,63.8459,62.7939,63.1184,565640,78
2019-01-04,62.3084,62.713,61.0946,61.6618,463070,76.2
2019-01-07,63.1985,63.5222,62.4702,63.2803,336380,78.2
2019-01-08,63.2794,64.0077,63.1985,63.9276,279810,79
2019-01-09,63.9268,64.5742,63.8459,63.9276,339530,79
2019-01-10,63.9268,65.6261,63.9268,64.8987,450900,80.2
2019-01-11,64.9788,65.707,64.736,65.3033,452300,80.7
2019-01-14,65.3024,65.788,64.9788,65.1415,268810,80.5
2019-01-15,65.2215,66.3544,65.0597,66.2743,403800,81.9
2019-01-16,65.8689,66.8399,65.8689,65.8697,483100,81.4
2019-01-17,65.788,66.4353,64.8978,64.8987,320060,80.2
2019-01-18,64.8978,65.8689,64.8978,65.5461,359080,81
2019-01-21,65.5452,65.788,65.2215,65.3842,266000,80.8
2019-01-22,65.3834,65.4643,64.8169,64.8178,115780,80.1
2019-01-23,64.8169,64.8169,63.1176,63.1184,707690,78
2019-01-24,63.684,63.8459,62.713,63.1184,435690,78
2019-01-25,63.1176,63.6031,62.9558,63.3612,677540,78.3
2019-01-28,63.3604,64.1696,63.3604,64.0086,749070,79.1
2019-01-29,64.736,64.736,64.0886,64.3322,604480,79.5
2019-01-30,64.0077,64.4123,64.0077,64.0086,591400,79.1
2019-01-31,64.2505,64.4123,62.8748,62.8757,721900,77.7
2019-02-01,63.1176,63.6031,62.713,63.4421,679540,78.4
2019-02-11,64.6551,66.5162,64.5742,64.8987,1094450,80.2
2019-02-12,65.9498,67.1636,65.3834,66.598,1032810,82.3
2019-02-13,66.5972,69.5103,66.5972,69.5112,1361490,85.9
2019-02-14,69.5103,69.9149,67.9728,69.5921,1451830,86
2019-02-15,69.4294,69.4294,68.4583,68.5401,779850,84.7
2019-02-18,68.782,69.1866,68.7011,69.1066,659240,85.4
2019-02-19,68.8629,70.0767,68.8629,69.9967,1121720,86.5
2019-02-20,69.5912,69.9149,69.4294,69.5921,1131460,86
2019-02-21,69.834,72.7471,69.834,72.5862,2224960,89.7
2019-02-22,72.7471,73.6372,71.5333,71.5342,1234210,88.4
2019-02-25,74.4464,74.4464,73.2326,73.8,1139980,91.2
2019-02-26,73.6372,73.799,71.5333,72.829,902730,90
2019-02-27,72.9089,73.5563,72.6662,72.748,788910,89.9
2019-02-28,72.7471,72.7471,71.6142,71.9388,835220,88.9
2019-03-01,72.0188,72.1806,71.3714,72.0197,683440,89
2019-03-04,72.0997,73.9609,72.0188,72.4243,1284390,89.5
2019-03-05,72.4234,73.5563,72.2616,72.3434,772090,89.4
2019-03-06,72.828,72.9898,72.2616,72.829,695520,90
2019-03-07,73.3944,73.6372,72.6662,72.829,947510,90
2019-03-08,72.0997,72.828,71.6142,72.6671,469730,89.8
2019-03-11,71.2905,72.5852,71.2905,72.5053,602350,89.6
2019-03-12,72.5043,72.828,71.2905,71.6151,653990,88.5
2019-03-13,71.6142,72.4234,71.6142,72.0197,1014640,89
2019-03-14,72.0188,72.2616,71.6951,71.6961,201760,88.6
2019-03-15,71.6951,72.0188,69.0248,69.9967,1372560,86.5
2019-03-18,69.9958,70.8859,68.6202,70.2395,766250,86.8
2019-03-19,70.6432,70.6432,69.5912,70.4013,442460,87
2019-03-20,68.9438,69.753,67.9728,68.7829,591560,85
2019-03-21,68.8629,69.1057,68.2156,68.7829,665060,85
2019-03-22,68.7011,69.0248,68.3774,68.3783,759190,84.5
2019-03-25,67.1636,67.73,66.4353,66.5171,488150,82.2
2019-03-26,66.5162,67.9728,66.5162,67.2454,488320,83.1
2019-03-27,67.2445,68.9438,67.2445,68.7829,455910,85
2019-03-28,68.782,68.782,68.1346,68.7829,395730,85
2019-03-29,68.782,70.3195,68.2156,68.2165,756010,84.3
2019-04-01,69.2675,71.2096,68.9438,71.2105,515710,88
2019-04-02,71.4524,71.6951,69.834,71.2915,393200,88.1
2019-04-03,71.2905,71.2905,70.4004,70.9678,303680,87.7
2019-04-04,70.4813,71.2905,70.4813,71.0487,336280,87.8
2019-04-05,71.0478,71.857,71.0478,71.4533,231110,88.3
2019-04-08,71.2096,71.6142,69.4294,71.4533,582440,88.3
2019-04-09,71.776,71.776,70.4004,70.8059,280380,87.5
2019-04-10,68.9438,70.4004,68.9438,70.1586,292050,86.7
2019-04-11,70.1576,71.2096,70.1576,70.9678,188220,87.7
2019-04-12,71.0478,71.2905,70.4004,71.0487,95630,87.8
2019-04-16,69.5912,71.2905,69.1057,71.0487,290800,87.8
2019-04-17,71.0478,71.2905,70.4004,71.2105,730310,88
2019-04-18,69.6721,71.1287,69.5912,69.5921,407720,86
2019-04-19,69.5912,71.2096,69.5912,70.8868,57480,87.6
2019-04-22,70.8859,71.2096,70.805,71.1296,292240,87.9
2019-04-23,70.4813,71.2096,70.4813,71.1296,338520,87.9
2019-04-24,70.0767,71.2905,70.0767,71.2105,573510,88
2019-04-25,71.2096,71.2096,70.4813,70.725,271410,87.4
2019-04-26,70.4004,70.7241,69.9149,70.3204,284150,86.9
2019-05-02,70.4004,71.6142,69.9958,71.6151,678660,88.5
2019-05-03,71.776,73.1517,70.6432,71.6961,868120,88.6
2019-05-06,71.5333,71.5333,69.9958,70.4013,90180,87
2019-05-07,70.4004,71.776,70.4004,71.1296,337420,87.9
2019-05-08,70.4004,71.6142,70.4004,71.0487,509850,87.8
2019-05-09,71.0478,71.3714,70.805,70.9678,221500,87.7
2019-05-10,70.4813,71.4524,70.4813,70.8059,189070,87.5
2019-05-13,70.805,71.1287,70.1576,70.1586,291940,86.7
2019-05-14,68.0537,71.0478,68.0537,69.9967,327800,86.5
2019-05-15,69.9958,71.6142,69.9958,71.0487,202520,87.8
2019-05-16,71.0478,71.4524,70.4004,70.4013,359320,87
2019-05-17,69.753,71.0478,69.753,69.9967,419260,86.5
2019-05-20,70.0767,71.3714,69.9958,71.2105,396980,88
2019-05-21,71.2096,74.1227,71.2096,73.8809,976350,91.3
2019-05-22,72.828,74.1227,72.6662,72.829,436560,90
2019-05-23,72.6662,73.4754,72.0188,72.829,254800,90
2019-05-24,72.828,73.2326,70.5622,70.5632,687440,87.2
2019-05-27,70.4813,71.857,70.4813,71.5342,353840,88.4
2019-05-28,71.2096,71.6142,69.9958,70.4013,642340,87
2019-05-29,70.0767,70.9668,69.9958,70.6441,313820,87.3
2019-05-30,70.6432,71.0478,69.1866,69.1875,309190,85.5
2019-05-31,69.2675,70.2386,69.2675,69.4303,463440,85.8
2019-06-03,69.4294,69.9149,68.782,68.7829,381730,85
2019-06-04,68.782,69.2675,67.5682,68.7829,326580,85
2019-06-05,69.5103,69.5103,68.782,68.7829,214360,85
2019-06-06,68.4583,69.1866,68.4583,68.9447,254610,85.2
2019-06-07,69.1866,70.3195,68.782,69.5921,293020,86
2019-06-10,70.4004,70.4004,69.2675,70.1586,435320,86.7
2019-06-11,70.1576,70.2386,69.5912,69.5921,226860,86
2019-06-12,69.9958,69.9958,68.782,68.7829,209690,85
2019-06-13,68.782,69.753,68.2156,68.3783,111480,84.5
2019-06-14,68.782,68.782,67.6491,68.1355,248270,84.2
2019-06-17,67.4064,68.6202,67.1636,67.5691,334140,83.5
2019-06-18,67.4873,67.73,66.0307,66.3553,471770,82
2019-06-19,67.0018,67.4873,66.3544,67.0026,267320,82.8
2019-06-20,66.759,68.3774,66.5972,66.7599,313420,82.5
2019-06-21,66.759,67.9728,66.6781,67.9737,739810,84
2019-06-24,67.9728,69.1866,63.2794,68.0546,292000,84.1
2019-06-25,67.9728,68.5392,67.9728,67.9737,246500,84
2019-06-26,69.1866,69.1866,67.811,69.1875,273640,85.5
2019-06-27,66.3544,69.2675,66.3544,66.3553,598870,82
2019-06-28,67.1636,67.1636,65.9498,67.1645,513210,83
2019-07-01,69.2675,69.2675,67.8919,69.2684,329720,85.6
2019-07-02,68.4583,69.2675,68.4583,68.4592,143850,84.6
2019-07-03,68.4583,68.7011,67.3254,68.3783,391950,84.5
2019-07-04,68.4583,68.9438,68.2156,68.9447,305720,85.2
2019-07-05,68.7011,68.9438,68.1346,68.7829,96600,85
2019-07-08,68.0537,68.5392,67.5682,68.3783,395430,84.5
2019-07-09,67.9728,68.3774,67.8919,68.1355,195010,84.2
2019-07-10,68.1346,68.4583,67.811,68.1355,271130,84.2
2019-07-11,68.1346,68.3774,66.759,66.7599,585230,82.5
2019-07-12,66.759,67.811,65.9498,65.9507,447220,81.5
2019-07-15,66.759,65.9498,64.2505,64.6559,679300,79.9
2019-07-16,64.736,65.4643,64.736,65.0605,275440,80.4
2019-07-17,65.3024,65.3024,64.3314,64.575,543700,79.8
2019-07-18,63.8459,64.736,60.69,61.3382,1683640,75.8
2019-07-19,61.4992,62.9558,61.3374,62.8757,512090,77.7
2019-07-22,62.8748,64.6551,62.8748,64.0895,473610,79.2
2019-07-23,63.2794,64.4932,63.1176,64.4132,756340,79.6
2019-07-24,64.6551,65.4643,64.4123,65.3033,523110,80.7
2019-07-25,64.9788,65.788,64.6551,65.3842,322150,80.8
2019-07-26,65.3834,65.4643,64.6551,65.4651,342240,80.9
2019-07-29,65.3024,65.5452,64.8169,65.5461,354020,81
2019-07-30,65.5452,65.6261,64.6551,64.6559,345050,79.9
2019-07-31,63.9268,64.736,63.6031,64.7368,691960,80
2019-08-01,64.736,65.3024,64.6551,64.8178,367740,80.1
2019-08-02,63.9268,64.736,63.9268,63.9276,328940,79
2019-08-05,63.2794,63.9268,62.1466,62.1474,794840,76.8
2019-08-06,61.9038,61.9847,60.4472,60.6908,1021670,75
2019-08-07,61.9038,61.8229,59.5571,60.529,890330,74.8
2019-08-08,59.5571,60.5282,58.9098,60.529,800350,74.8
2019-08-09,60.6091,61.8229,60.6091,61.5809,459400,76.1
2019-08-12,61.4992,61.9038,61.0946,61.5,258890,76
2019-08-13,61.4992,61.4992,60.6091,61.1763,352420,75.6
2019-08-14,61.9038,61.9038,61.1755,61.1763,432980,75.6
2019-08-15,60.7709,61.5801,60.3663,61.5809,487060,76.1
2019-08-16,60.8518,62.713,60.8518,62.3092,405510,77
2019-08-19,62.3084,62.713,62.1466,62.3901,291070,77.1
2019-08-20,62.3084,62.3084,61.4992,61.6618,258670,76.2
2019-08-21,61.1755,62.5512,61.1755,62.3092,398000,77
2019-08-22,62.3084,63.1176,61.9038,63.1184,398850,78
2019-08-23,63.3604,63.3604,62.3084,62.3092,134130,77
2019-08-26,61.4992,61.9038,60.8518,61.5,408280,76
2019-08-27,61.4992,61.9038,60.69,60.6908,363230,75
2019-08-28,60.69,61.3374,60.3663,60.529,267990,74.8
2019-08-29,60.5282,61.0946,60.5282,60.6908,194630,75
2019-08-30,60.69,61.3374,60.6091,61.0145,181410,75.4
2019-09-03,61.0137,61.0137,59.8808,59.8816,290930,74
2019-09-04,61.0137,61.0946,59.8808,60.6908,255700,75
2019-09-05,60.69,60.8518,59.719,60.2862,305580,74.5
2019-09-06,60.2854,60.69,59.8808,59.8816,242520,74
2019-09-09,60.2854,60.5282,59.638,59.8816,267130,74
2019-09-10,59.8808,61.8229,59.8808,61.5809,420710,76.1
2019-09-11,61.661,63.2794,61.5801,63.1184,569250,78
2019-09-12,63.1176,63.1176,62.1466,62.1474,291870,76.8
2019-09-13,61.661,62.0656,61.4183,61.9046,432610,76.5
2019-09-16,61.661,63.1176,61.9038,62.9566,333720,77.8
2019-09-17,61.661,64.4123,62.9558,64.3322,604250,79.5
2019-09-18,61.661,65.4643,63.9268,65.4651,906280,80.9
2019-09-19,65.4643,65.5452,64.5742,64.8987,548790,80.2
2019-09-20,64.8169,64.8978,64.0077,64.8987,816210,80.2
2019-09-23,64.8978,65.4643,64.6551,64.7368,485650,80
2019-09-24,64.6551,64.6551,63.4413,63.9276,561260,79
2019-09-25,63.9268,64.0886,63.6031,63.9276,257150,79
2019-09-26,63.765,63.9268,63.3604,63.523,220020,78.5
2019-09-27,63.9268,64.6551,63.684,64.2513,570790,79.4
2019-09-30,64.2505,64.3314,63.5222,63.523,562880,78.5
2019-10-01,63.9268,64.0077,63.1985,63.7658,246870,78.8
2019-10-02,63.9268,63.9268,62.3084,62.3092,700310,77
2019-10-03,62.3084,63.1176,61.8229,63.1184,390570,78
2019-10-04,63.1176,63.5222,62.3893,62.6329,165650,77.4
2019-10-07,62.6321,62.8748,61.9038,61.9046,357580,76.5
2019-10-08,62.1466,62.713,61.9847,62.2283,258070,76.9
2019-10-09,62.2275,62.4702,61.9847,62.3092,223030,77
2019-10-10,62.3084,62.713,62.0656,62.3092,417560,77
2019-10-11,62.5512,62.6321,62.1466,62.3092,560570,77
2019-10-14,62.4702,62.6321,61.9847,61.9855,199640,76.6
2019-10-15,61.9847,63.684,61.9847,63.2803,411850,78.2
2019-10-16,63.5222,63.5222,62.9558,62.9566,323340,77.8
2019-10-17,62.9558,63.1176,62.3084,62.3092,818380,77
2019-10-18,62.3084,62.713,61.4992,61.5,448610,76
2019-10-21,61.4992,61.4992,60.4472,60.6908,769240,75
2019-10-22,60.69,61.0137,59.9617,60.2053,431650,74.4
2019-10-23,60.2854,61.4992,60.2854,61.3382,387600,75.8
2019-10-24,61.4992,61.4992,60.8518,61.1763,272770,75.6
2019-10-25,61.1755,61.1755,60.2854,60.3671,479400,74.6
2019-10-28,60.4472,60.69,60.2854,60.2862,502510,74.5
2019-10-29,60.2854,60.6091,59.8808,59.8816,483230,74
2019-10-30,60.3663,60.5282,59.719,59.8816,638330,74
2019-10-31,60.69,60.9328,59.719,60.0434,908640,74.2
2019-11-01,60.2854,61.4992,60.2854,61.2572,1597000,75.7
2019-11-04,61.661,62.3893,61.661,61.7428,890560,76.3
2019-11-05,61.742,61.8229,61.1755,61.5,764730,76
2019-11-06,61.4183,62.0656,61.4183,61.5,537760,76
2019-11-07,61.4992,61.9038,61.2564,61.9046,431590,76.5
2019-11-08,62.4702,62.6321,61.9847,62.1474,586260,76.8
2019-11-11,62.0656,62.0656,60.2854,60.2862,1140280,74.5
2019-11-12,60.3663,60.8518,60.2854,60.6908,399080,75
2019-11-13,60.8518,60.8518,60.1236,60.1243,645910,74.3
2019-11-14,60.2045,60.9328,60.2045,60.8526,477280,75.2
2019-11-15,60.8518,60.8518,60.2854,60.2862,275160,74.5
2019-11-18,60.69,60.69,60.2045,60.2053,222090,74.4
2019-11-19,60.2854,60.6091,59.7999,59.8816,542900,74
2019-11-20,59.8808,60.2854,59.5571,59.5579,283120,73.6
2019-11-21,59.0716,59.719,57.8578,57.8586,843260,71.5
2019-11-22,58.7479,58.9907,56.5631,57.0493,797010,70.5
2019-11-25,57.1295,57.9387,57.0486,57.8586,311430,71.5
2019-11-26,58.1006,58.7479,57.8578,57.8586,561680,71.5
2019-11-27,57.8578,58.2624,57.3723,57.454,213600,71
2019-11-28,57.1295,57.4532,55.5111,56.2401,608710,69.5
2019-11-29,56.2394,56.9677,55.7539,56.6447,302310,70
2019-12-02,57.0486,57.0486,55.8348,55.8355,273550,69
2019-12-03,55.592,55.9157,51.9506,51.9513,2271640,64.2
2019-12-04,51.8697,51.9506,48.4711,50.5757,5523420,62.5
2019-12-05,50.575,50.575,48.9566,50.1711,1458980,62
2019-12-06,49.7658,51.546,49.604,50.5757,1617700,62.5
2019-12-09,50.4132,50.4941,48.7948,48.9572,1422780,60.5
2019-12-10,48.9566,49.2803,45.8007,45.8013,2722140,56.6
2019-12-11,45.477,46.529,44.0205,45.073,2330190,55.7
2019-12-12,45.3152,47.581,45.3152,47.3388,1874500,58.5
2019-12-13,47.7428,48.0665,46.1244,46.9342,1736100,58
2019-12-16,46.3672,46.7718,45.8816,45.8822,1297380,56.7
2019-12-17,45.9626,46.0435,45.0724,45.3967,1132900,56.1
2019-12-18,45.3152,46.1244,44.506,45.6395,1110730,56.4
2019-12-19,45.3152,45.6389,44.9106,44.9921,831960,55.6
2019-12-20,44.9915,45.0724,44.1823,44.5066,1799670,55
2019-12-23,44.9915,45.2343,41.7547,41.7553,2225100,51.6
2019-12-24,41.8356,44.2632,40.6218,44.102,1401890,54.5
2019-12-25,44.3442,45.477,44.1014,45.073,1310750,55.7
2019-12-26,44.506,47.0145,44.4251,46.125,1900250,57
2019-12-27,45.7198,46.4481,45.3152,46.0441,629490,56.9
2019-12-30,46.1244,46.9336,45.9626,46.2059,887370,57.1
2019-12-31,46.2053,46.3672,45.2343,45.7204,695750,56.5
2020-01-02,46.0435,46.4481,45.558,46.125,518870,57
2020-01-03,46.2862,46.6908,45.9626,46.5296,777690,57.5
2020-01-06,46.529,46.529,45.8007,45.8013,582020,56.6
2020-01-07,45.9626,46.3672,45.8816,45.9632,319680,56.8
2020-01-08,45.477,45.7198,44.9915,45.3158,737690,56
2020-01-09,45.8007,46.2862,45.7198,46.125,505680,57
2020-01-10,46.1244,46.6908,45.7198,45.7204,524930,56.5
2020-01-13,45.8007,46.2053,45.6389,46.125,413810,57
2020-01-14,46.1244,46.3672,45.8007,45.8013,349410,56.6
2020-01-15,46.1244,46.1244,45.3152,45.7204,373290,56.5
2020-01-16,45.7198,46.0435,45.477,45.4776,290210,56.2
2020-01-17,45.3961,45.6389,44.506,44.5066,496940,55
2020-01-20,44.506,44.5869,42.8876,43.9401,541490,54.3
2020-01-21,43.9396,44.4251,43.7777,44.102,369330,54.5
2020-01-22,43.8586,44.1823,43.1304,43.2118,540210,53.4
2020-01-30,42.8876,42.8876,40.46,40.5414,1591110,50.1
2020-01-31,40.46,41.8356,40.46,40.5414,791350,50.1
2020-02-03,40.46,40.46,37.7087,40.4605,1290570,50
2020-02-04,40.5409,41.2692,40.0554,40.4605,744900,50
2020-02-05,40.8646,40.8646,39.8126,40.4605,750710,50
2020-02-06,40.4195,40.4195,38.437,40.3796,2389970,49.9
2020-02-07,40.2982,40.3791,39.489,40.3796,932290,49.9
2020-02-10,40.3791,40.3791,39.489,40.3796,600280,49.9
2020-02-11,39.8126,41.8356,39.8126,40.3796,2081860,49.9
2020-02-12,40.46,41.0264,40.46,40.8651,804720,50.5
2020-02-13,41.0264,41.1883,40.5409,40.6224,547970,50.2
2020-02-14,40.6218,40.6218,40.0149,40.2987,1120310,49.8
2020-02-17,40.2982,40.2982,39.6103,40.2178,1492320,49.7
2020-02-18,39.8126,40.2172,39.8126,40.2178,591220,49.7
2020-02-19,40.1363,41.8356,40.1363,40.7842,1818680,50.4
2020-02-20,41.1883,41.5929,40.7837,41.3507,1365480,51.1
2020-02-21,41.6738,43.6968,41.6738,42.8882,2061050,53
2020-02-24,41.7547,42.483,41.2692,41.3507,1429040,51.1
2020-02-25,40.8646,41.512,40.2982,40.9461,896710,50.6
2020-02-26,40.2982,40.7028,39.6508,40.2582,1252450,49.75
2020-02-27,39.8126,40.2982,39.489,40.2178,1642080,49.7
2020-02-28,40.2172,40.2172,38.5988,39.6513,2255610,49
2020-03-02,39.1248,39.6508,38.7202,39.6513,1588150,49
2020-03-03,39.8126,40.2982,39.2462,39.6513,1225730,49
2020-03-04,39.5699,39.934,39.3676,39.6513,909830,49
2020-03-05,40.0149,42.0784,39.7722,41.1888,1780900,50.9
2020-03-06,41.1074,44.0205,40.5409,44.0211,2794380,54.4
2020-03-09,42.8876,45.9626,41.2692,42.0789,4205130,52
2020-03-10,42.8067,43.535,42.0784,42.4026,2386840,52.4
2020-03-11,43.1304,43.1304,39.8126,40.4201,2637580,49.95
2020-03-12,38.1942,40.4195,37.6278,40.4201,4072710,49.95
2020-03-13,37.6278,40.4195,37.6278,40.3391,3783330,49.85
2020-03-16,39.6508,40.2982,38.437,40.0559,3216820,49.5
2020-03-17,40.0554,40.0554,38.5988,40.0559,3877150,49.5
2020-03-18,40.0554,40.2172,39.489,39.975,2170340,49.4
2020-03-19,39.2462,39.8126,38.8821,39.8132,3350310,49.2
2020-03-20,39.6508,39.8126,38.6798,39.8132,4120820,49.2
2020-03-23,38.9225,39.8126,37.5469,39.8132,5025020,49.2
2020-03-24,39.2462,39.7317,39.0844,39.7322,3558350,49.1
2020-03-25,39.6508,40.2172,39.2462,39.7322,2857290,49.1
2020-03-26,39.6508,39.8126,39.2867,39.6513,2763490,49
2020-03-27,39.408,41.2692,39.2462,39.8941,2587920,49.3
2020-03-30,39.2462,39.7317,39.1653,39.7322,1378940,49.1
2020-03-31,39.7317,40.3791,39.0034,39.6513,3667100,49
2020-04-01,39.489,40.46,39.489,39.8132,1725880,49.2
2020-04-03,40.1363,42.3212,40.0554,42.3217,1841480,52.3
2020-04-06,43.1304,45.2343,42.9685,45.2349,2556830,55.9
2020-04-07,45.9626,47.2573,44.5869,46.5296,2099700,57.5
2020-04-08,45.3961,47.6619,44.9106,47.6625,1338040,58.9
2020-04-09,47.7428,48.3092,47.0145,48.0671,2047890,59.4
2020-04-10,47.7428,50.575,47.1764,48.7145,1914340,60.2
2020-04-13,48.7138,49.6849,47.0145,47.0151,2106950,58.1
2020-04-14,46.9336,49.3612,46.2862,49.3618,1449880,61
2020-04-15,49.3612,50.4132,49.1184,49.2809,1106350,60.9
2020-04-16,48.2283,49.523,48.2283,49.2,981480,60.8
2020-04-17,49.3612,49.6849,48.9566,49.0382,1417150,60.6
2020-04-20,49.0375,49.3612,48.0665,48.0671,1843690,59.4
2020-04-21,47.0145,47.581,45.3961,45.8013,1855040,56.6
2020-04-22,44.9106,47.4191,44.9106,47.0961,1062970,58.2
2020-04-23,48.1474,48.3902,47.0954,47.0961,842920,58.2
2020-04-24,46.7718,48.1474,46.2862,48.148,1218690,59.5
2020-04-27,48.552,48.9566,47.3382,47.3388,1122520,58.5
2020-04-28,47.3382,48.7948,46.9336,48.3099,1095230,59.7
2020-04-29,47.581,48.4711,47.581,47.5816,830530,58.8
2020-05-04,46.2862,47.5,46.2053,46.3678,1148810,57.3
2020-05-05,46.2862,46.529,45.6389,45.6395,1098980,56.4
2020-05-06,46.1244,46.9336,45.0724,46.9342,1019980,58
2020-05-07,47.581,47.7428,46.9336,47.5816,780600,58.8
2020-05-08,47.7428,50.4941,47.6619,49.3618,3319850,61
2020-05-11,51.0605,51.0605,49.0375,51.0612,1838950,63.1
2020-05-12,50.9796,51.1414,50.0086,50.1711,1028270,62
2020-05-13,49.604,50.575,48.9566,50.0901,1598740,61.9
2020-05-14,49.7658,52.7598,49.3612,51.7086,2573510,63.9
2020-05-15,52.1934,52.5171,50.2513,50.252,1305890,62.1
2020-05-18,50.2513,50.8178,49.6849,50.5757,840070,62.5
2020-05-19,51.2224,52.1125,50.575,50.9803,1923440,63
2020-05-20,50.575,51.7079,50.575,51.6276,998400,63.8
2020-05-21,51.627,51.7888,50.8178,51.6276,1513470,63.8
2020-05-22,51.3842,51.546,50.1704,50.1711,1310850,62
2020-05-25,50.3322,50.7368,49.7658,50.0092,1354620,61.8
2020-05-26,50.1704,50.8178,50.0895,50.5757,1053240,62.5
2020-05-27,51.1414,52.2743,50.575,50.5757,2189080,62.5
2020-05-28,51.3033,51.3033,50.4941,50.8184,797480,62.8
2020-05-29,50.8178,50.8987,50.3322,50.7375,698100,62.7
2020-06-01,50.7368,51.546,50.7368,51.0612,1076880,63.1
2020-06-02,51.4651,53.2454,51.3033,51.7086,4190080,63.9
2020-06-03,52.1934,52.1934,51.4651,51.7895,749700,64
2020-06-04,52.2743,52.2743,51.2224,51.3849,1528010,63.5
2020-06-05,50.9796,51.2224,50.575,50.9803,1826680,63
2020-06-08,51.3033,52.1125,50.8178,51.3039,1758860,63.4
2020-06-09,51.3842,51.9506,50.7368,50.9803,1614250,63
2020-06-10,50.8987,50.9796,50.575,50.8993,1210600,62.9
2020-06-11,51.2224,51.8697,47.3382,47.3388,2635700,58.5
2020-06-12,46.1244,47.5,46.1244,47.3388,3042060,58.5
2020-06-15,47.3382,47.6619,44.7488,45.6395,2603230,56.4
2020-06-16,46.4481,46.7718,45.7198,46.6105,1492420,57.6
2020-06-17,46.9336,47.0954,46.0435,46.5296,1155980,57.5
2020-06-18,46.1244,46.4481,45.2343,46.125,928290,57
2020-06-19,46.6099,46.6908,46.1244,46.125,2419830,57
2020-06-22,46.529,47.3382,46.529,47.177,1621780,58.3
2020-06-23,46.9336,48.1474,46.9336,47.2579,1453290,58.4
2020-06-24,47.2573,47.581,45.7198,46.2868,935890,57.2
2020-06-25,45.8007,46.1244,45.477,45.8822,1540010,56.7
2020-06-26,45.8816,46.8527,45.6389,45.6395,574970,56.4
2020-06-29,45.6389,45.6389,43.6159,44.5875,1720440,55.1
2020-06-30,45.2343,45.3961,43.6968,43.7783,1378930,54.1
2020-07-01,44.0205,45.3961,43.6968,44.9112,965870,55.5
2020-07-02,45.3152,46.6099,44.9106,46.2868,1094380,57.2
2020-07-03,46.2862,46.8527,45.8816,46.2868,699930,57.2
2020-07-06,46.2862,46.9336,46.2053,46.6105,855780,57.6
2020-07-07,46.8527,47.2573,46.1244,46.125,959250,57
2020-07-08,46.1244,46.529,46.1244,46.125,467170,57
2020-07-09,46.2053,46.6908,46.0435,46.4487,1097650,57.4
2020-07-10,46.4481,46.6099,45.3152,46.0441,564900,56.9
2020-07-13,46.1244,46.529,45.7198,45.8013,557920,56.6
2020-07-14,45.6389,45.8007,45.0724,45.3158,929240,56
2020-07-15,45.7198,45.8816,45.0724,45.073,1250200,55.7
2020-07-16,45.3152,46.1244,44.9106,46.125,978700,57
2020-07-17,45.8816,45.9626,45.3152,45.4776,759610,56.2
2020-07-20,44.506,45.3152,44.506,44.5066,944440,55
2020-07-21,44.506,44.9915,43.9396,44.2638,1670960,54.7
2020-07-22,44.2632,44.6678,43.8586,43.8592,833760,54.2
2020-07-23,43.8586,44.1823,43.3731,43.6164,762030,53.9
2020-07-24,43.454,43.6159,41.1074,42.0789,2045780,52
2020-07-27,39.5699,41.6738,39.5699,40.0559,2819250,49.5
2020-07-28,40.46,41.2692,40.0554,40.8651,1318770,50.5
2020-07-29,40.0554,40.46,39.6508,39.9345,1352670,49.35
2020-07-30,40.3791,40.5409,40.0554,40.2987,821650,49.8
2020-07-31,39.7317,41.5929,39.7317,40.8651,2195060,50.5
2020-08-03,40.8646,42.6448,40.8646,42.5645,1395440,52.6
2020-08-04,43.0494,43.9396,43.0494,43.6974,1681090,54
2020-08-05,43.2922,44.506,43.0494,44.5066,1810780,55
2020-08-06,44.1014,44.4251,43.454,43.6164,1178020,53.9
2020-08-07,43.6968,44.3442,43.535,43.7783,959230,54.1
2020-08-10,43.8586,44.4251,43.8586,44.102,953690,54.5
2020-08-11,44.3442,44.3442,43.7777,44.1829,658760,54.6
2020-08-12,43.9396,44.3442,43.6159,43.8592,981320,54.2
2020-08-13,43.8586,44.1823,43.6968,44.0211,953060,54.4
2020-08-14,44.0205,44.1014,42.8876,43.2118,1796510,53.4
2020-08-17,42.8876,43.2922,42.3212,42.8882,1099660,53
2020-08-18,42.8876,42.8876,42.3212,42.4026,771290,52.4
2020-08-19,42.4021,42.8067,42.1593,42.6454,867050,52.7
2020-08-20,42.6448,42.7258,42.0784,42.0789,1419940,52
2020-08-21,42.0784,42.8067,42.0784,42.5645,968870,52.6
2020-08-24,42.7258,43.6968,42.7258,43.3737,1713810,53.6
2020-08-25,43.6968,44.0205,43.3731,43.3737,1698780,53.6
2020-08-26,43.3731,43.6159,43.1304,43.2928,883720,53.5
2020-08-27,43.2922,43.454,43.2113,43.3737,816320,53.6
2020-08-28,43.6159,44.9106,43.454,44.102,2380000,54.5
2020-08-31,44.506,44.9106,44.0205,44.5066,1294650,55
2020-09-01,44.506,44.506,43.9396,44.1829,1624840,54.6
2020-09-03,44.8297,44.9106,44.2632,44.8303,1754030,55.4
2020-09-04,44.0205,45.7198,44.0205,45.5586,2640190,56.3
2020-09-07,45.8007,46.2053,44.1823,44.1829,2265500,54.6
2020-09-08,44.2632,44.506,44.0205,44.3447,1460040,54.8
2020-09-09,43.7777,44.8297,43.7777,44.5066,1082410,55
2020-09-10,44.8297,44.9106,44.2632,44.3447,735560,54.8
2020-09-11,44.1823,44.506,43.9396,44.5066,539780,55
2020-09-14,44.506,45.1534,44.506,44.9921,944590,55.6
2020-09-15,44.9915,45.1534,44.5869,44.8303,794620,55.4
2020-09-16,44.8297,44.8297,44.1823,44.4257,908870,54.9
2020-09-17,44.4251,44.4251,43.6968,43.6974,1241490,54
2020-09-18,43.6968,44.1823,43.6968,43.8592,1122350,54.2
2020-09-21,44.0205,44.3442,44.0205,44.102,879920,54.5
2020-09-22,44.1014,44.1823,43.7777,43.9401,760350,54.3
2020-09-23,44.1823,44.8297,44.0205,44.8303,1284870,55.4
2020-09-24,44.5869,45.0724,44.506,44.5066,881030,55
2020-09-25,44.506,44.7488,44.1014,44.2638,708340,54.7
2020-09-28,44.2632,44.5869,44.1014,44.2638,623360,54.7
2020-09-29,44.4251,44.4251,43.3731,43.3737,1283100,53.6
2020-09-30,43.3731,44.1823,43.3731,44.1829,843740,54.6
2020-10-01,44.2632,44.506,44.1823,44.4257,964220,54.9
2020-10-02,44.4251,44.506,43.535,43.7783,1483120,54.1
2020-10-05,44.1823,45.477,43.7777,45.3158,3268020,56
2020-10-06,45.6389,47.1764,45.558,46.9342,4400570,58
2020-10-07,46.9336,50.1704,46.8527,50.0901,6435850,61.9
2020-10-08,49.7658,51.7079,49.0375,51.7086,4846470,63.9
2020-10-09,51.3842,55.1874,50.3322,55.1072,5339660,68.1
2020-10-12,55.0256,56.8058,53.8118,56.8066,5818700,70.2
2020-10-13,56.644,60.7709,55.0256,60.529,4664240,74.8
2020-10-14,60.4472,64.736,59.1525,64.7368,5066890,80
2020-10-15,64.736,67.0827,63.3604,65.627,5698130,81.1
2020-10-16,65.5452,65.5452,61.0946,64.7368,6539150,80
2020-10-19,61.661,66.3544,61.661,66.3553,3072960,82
2020-10-20,66.1926,67.73,64.736,67.7309,4875310,83.7
2020-10-21,67.1636,68.7011,66.3544,67.7309,1756450,83.7
2020-10-22,67.0018,68.782,66.759,68.7829,5130670,85
2020-10-23,68.8629,69.6721,68.3774,69.5921,3419860,86
2020-10-26,68.5392,71.1287,68.5392,71.1296,4666520,87.9
2020-10-27,71.2096,72.0188,68.782,71.1296,4042910,87.9
2020-10-28,71.0478,71.0478,68.1346,69.5921,4631980,86
2020-10-29,67.1636,68.782,64.736,67.9737,6707870,84
2020-10-30,66.5162,67.9728,64.3314,67.9737,4060060,84
2020-11-02,67.9728,68.3774,66.5972,68.3783,3845900,84.5
2020-11-03,67.9728,68.2156,67.3254,67.9737,3178300,84
2020-11-04,67.9728,68.5392,67.2445,68.1355,2008660,84.2
2020-11-05,68.3774,71.1287,67.811,71.1296,1794890,87.9
2020-11-06,71.0478,72.7471,70.4004,72.748,1218300,89.9
2020-11-09,72.828,77.3595,72.6662,77.3605,2470010,95.6
2020-11-10,77.6832,79.3016,76.7931,77.1987,3489650,95.4
2020-11-11,75.822,77.1977,74.4464,77.1987,2025450,95.4
2020-11-12,77.2786,77.2786,75.3365,75.3375,484080,93.1
2020-11-13,75.0128,75.0128,72.7471,72.9099,1094470,90.1
2020-11-16,72.4234,72.9089,67.8919,67.8928,2454980,83.9
2020-11-17,67.9728,69.5103,67.811,68.7829,813710,85
2020-11-18,68.8629,68.8629,66.9208,67.0836,985490,82.9
2020-11-19,67.1636,67.4873,65.5452,66.3553,1205410,82
2020-11-20,66.1116,67.8919,65.6261,66.3553,1166780,82
2020-11-23,66.3544,67.4873,66.3544,67.2454,871370,83.1
2020-11-24,67.2445,67.2445,64.736,66.3553,679550,82
2020-11-25,66.3544,67.1636,66.3544,66.598,686650,82.3
2020-11-26,66.1116,67.8919,66.0307,67.7309,510660,83.7
2020-11-27,67.73,67.73,67.0018,67.7309,420570,83.7
2020-11-30,66.4353,67.5682,66.1116,66.3553,964680,82
2020-12-01,65.1406,67.1636,65.1406,67.1645,1051590,83
2020-12-02,67.1636,67.9728,66.3544,67.3263,741130,83.2
2020-12-03,67.4064,67.9728,66.759,67.4882,542070,83.4
2020-12-04,67.9728,70.805,67.5682,69.5921,1978040,86
2020-12-07,69.5912,70.4813,69.1866,69.5921,825210,86
2020-12-08,69.6721,69.9149,69.0248,69.1875,855880,85.5
2020-12-09,69.1866,69.3484,68.782,69.1066,840910,85.4
2020-12-10,69.1057,69.1057,67.6491,67.8928,1432910,83.9
2020-12-11,67.8919,68.4583,67.3254,68.3783,791100,84.5
2020-12-14,68.5392,68.8629,67.8919,68.3783,1079350,84.5
2020-12-15,68.3774,68.6202,67.8919,68.3783,935010,84.5
2020-12-16,67.9728,68.4583,67.8919,68.3783,648540,84.5
2020-12-17,68.3698,69.0248,67.7966,68.7854,1179730,84
2020-12-18,68.5336,69.0248,68.5336,68.8672,1417470,84.1
2020-12-21,69.598,69.598,68.2879,68.6216,827020,83.8
2020-12-22,68.6154,68.7792,67.551,67.8027,805250,82.8
2020-12-23,67.7148,69.0248,67.6329,67.8027,910150,82.8
2020-12-24,67.7966,67.9604,66.9778,67.7208,638900,82.7
2020-12-25,67.9604,68.0423,67.4691,67.557,598590,82.5
2020-12-28,67.9604,68.1242,67.2235,67.4752,553150,82.4
2020-12-29,68.7792,68.7792,67.9604,68.1303,1440210,83.2
2020-12-30,68.3698,68.943,67.6329,68.3759,959720,83.5
2020-12-31,67.9604,72.9551,67.9604,72.7978,3806160,88.9
2021-01-04,74.5108,74.5108,72.7913,72.7978,1915700,88.9
2021-01-05,72.8732,73.692,72.1363,73.1254,1274800,89.3
2021-01-06,73.1188,74.5108,72.0544,72.3065,2344400,88.3
2021-01-07,72.3,75.739,72.3,75.3363,3028500,92
2021-01-08,76.1484,77.2947,75.3296,76.2371,2639600,93.1
2021-01-11,76.3122,78.1954,76.3122,77.056,2553900,94.1
2021-01-12,77.0491,77.2128,76.2303,76.9741,1830900,94
2021-01-13,77.131,77.2128,75.9028,76.4009,2553600,93.3
2021-01-14,76.3122,76.394,75.084,75.582,1447400,92.3
2021-01-15,76.1484,76.4759,75.739,76.1552,2144900,93
2021-01-18,77.786,80.3243,77.7041,77.8748,3740700,95.1
2021-01-19,78.441,78.441,72.4638,74.4356,2416600,90.9
2021-01-20,74.9202,75.1658,70.4168,74.4356,2314800,90.9
2021-01-21,74.9202,75.4115,73.2007,74.9269,2180900,91.5
2021-01-22,75.3296,77.9498,74.5108,76.4009,3060300,93.3
2021-01-25,77.786,80.2424,76.9672,79.4307,3869900,97
2021-01-26,80.4062,80.4062,74.7564,78.2024,2475200,95.5
2021-01-27,77.3766,77.6222,73.8558,75.0907,2243700,91.7
2021-01-28,69.8436,73.2007,69.8436,69.8499,3816800,85.3
2021-01-29,65.9134,74.5108,65.9134,70.0137,2838500,85.5
2021-02-01,70.3349,72.3,66.3228,67.1476,1792200,82
2021-02-02,67.1416,69.598,65.504,68.7854,1927500,84
2021-02-03,70.0074,72.8732,70.0074,72.7978,1539300,88.9
2021-02-04,72.0544,74.1014,71.645,73.2892,1415200,89.5
2021-02-05,73.2826,73.692,72.9551,73.371,1209500,89.6
2021-02-08,70.0893,73.6101,68.7792,70.0956,2260800,85.6
2021-02-09,70.4168,73.3645,69.6799,72.6341,1448200,88.7
2021-02-17,73.5282,75.3296,72.7094,75.3363,1142900,92
2021-02-18,75.3296,78.6048,74.5108,77.8748,2207200,95.1
2021-02-19,76.6397,78.1954,76.6397,77.7111,1419300,94.9
2021-02-22,77.7041,77.8679,76.8034,77.4654,1186200,94.6
2021-02-23,77.3766,77.3766,75.739,75.9096,1592900,92.7
2021-02-24,76.9672,76.9672,74.1014,74.5175,1478100,91
2021-02-25,75.1658,75.1658,73.2007,73.371,1571600,89.6
2021-02-26,72.5457,74.0195,72.4638,73.9443,1485300,90.3
2021-03-01,74.0195,75.2477,73.9376,74.7631,859200,91.3
2021-03-02,75.9846,75.9846,73.692,74.4356,1027600,90.9
2021-03-03,74.4289,74.5108,73.692,74.108,803200,90.5
2021-03-04,74.5108,74.5108,71.645,72.3884,1647600,88.4
2021-03-05,72.0544,73.692,71.645,73.0435,1141200,89.2
2021-03-08,74.0195,74.0195,71.2356,71.5695,1612700,87.4
2021-03-09,71.8088,71.8088,66.5684,70.9963,1166700,86.7
2021-03-10,70.99,71.2356,69.8436,71.242,817400,87
2021-03-11,71.8906,72.3819,71.1537,71.4876,878000,87.3
2021-03-12,72.0544,72.1363,71.3994,71.4876,872100,87.3
2021-03-15,72.0544,73.037,71.4812,72.4703,1188500,88.5
2021-03-16,72.7094,72.7094,71.3994,72.0608,535200,88
2021-03-17,71.7269,72.1363,71.2356,72.0608,576400,88
2021-03-18,71.9725,73.6101,71.8088,73.4529,1222500,89.7
2021-03-19,72.8732,73.2007,70.8262,72.6341,1148800,88.7
2021-03-22,72.6276,72.7094,71.645,72.1427,723300,88.1
2021-03-23,72.1363,72.2182,70.4168,70.8325,1022900,86.5
2021-03-24,69.7618,70.8262,69.598,69.6861,869100,85.1
2021-03-25,70.0074,70.4168,68.7792,70.4231,1076400,86
2021-03-26,70.0074,70.4168,68.5336,70.3412,912800,85.9
2021-03-29,70.0074,70.8262,69.598,70.505,918800,86.1
2021-03-30,70.0893,73.2826,69.9255,72.4703,1443600,88.5
2021-03-31,72.4638,76.1484,72.4638,75.7458,3145400,92.5
2021-04-01,76.0665,76.1484,75.4115,75.582,2037400,92.3
2021-04-02,76.1484,76.394,75.5752,75.9096,2155300,92.7
2021-04-05,77.786,77.8679,75.9846,76.1552,2571700,93
2021-04-06,76.1484,76.3122,74.7564,75.2545,1808000,91.9
2021-04-07,75.2477,77.2128,74.347,76.8103,1957200,93.8
2021-04-08,77.3766,77.3766,75.6571,76.1552,1205800,93
2021-04-09,75.9846,75.9846,75.0021,75.4182,1062300,92.1
2021-04-12,75.4115,75.739,74.8383,75.2545,1536200,91.9
2021-04-13,75.8209,78.6048,75.3296,77.1379,4864100,94.2
2021-04-14,77.4585,82.4532,76.7216,82.4605,6637200,100.7
2021-04-15,84.7458,85.974,81.88,81.8873,2903400,100
2021-04-16,81.7162,83.1082,77.9498,81.9692,3077700,100.1
2021-04-19,83.1082,87.6935,81.3887,87.7013,6460900,107.1
2021-04-20,87.6935,91.2962,85.2371,86.3911,4290600,105.5
2021-04-22,85.1552,87.9391,80.4062,80.4134,3474400,98.2
2021-04-23,80.4062,83.1082,78.6048,81.8873,5010500,100
2021-04-26,83.1082,83.272,77.786,77.793,3744400,95
2021-04-27,77.786,80.7337,76.6397,80.2496,2383000,98
2021-04-28,80.2424,81.7162,79.833,81.0685,1830800,99
2021-04-29,81.225,81.3887,79.4236,80.2496,1803600,98
2021-05-04,80.2424,80.2424,77.8679,78.5299,2322900,95.9
2021-05-05,78.5229,80.9793,78.441,78.6118,1788700,96
2021-05-06,78.6048,79.9149,78.2773,78.2843,1529000,95.6
2021-05-07,77.8679,79.0961,77.2128,77.793,2566600,95
2021-05-10,79.7511,83.1901,79.0142,83.1975,3909900,101.6
2021-05-11,85.1552,86.629,83.1082,83.1156,3396000,101.5
2021-05-12,83.1082,85.974,83.1082,85.1628,2454800,104
2021-05-13,84.9096,85.8102,84.1726,84.3439,2424100,103
2021-05-14,84.9914,90.068,84.9914,88.5202,3609800,108.1
2021-05-17,89.2492,89.6586,85.319,85.3266,2365200,104.2
2021-05-18,86.7928,90.068,85.8102,86.0636,2952600,105.1
2021-05-19,86.7928,89.2492,86.0559,88.4383,2094300,108
2021-05-20,89.2492,93.3432,88.3485,93.024,2826500,113.6
2021-05-21,92.115,93.1794,91.3781,91.6319,2584400,111.9
2021-05-24,91.6237,93.0157,90.8868,91.7138,2152900,112
2021-05-25,91.2962,94.5714,90.8868,93.024,1734000,113.6
2021-05-26,93.3432,93.3432,91.7056,93.024,1459300,113.6
2021-05-27,93.0157,93.1794,86.5472,90.0761,1642200,110
2021-05-28,90.068,92.115,88.9217,92.1232,2045800,112.5
2021-05-31,91.7056,91.8694,89.6586,90.1579,1011700,110.1
2021-06-01,90.068,90.068,85.7284,87.6194,2426200,107
2021-06-02,88.5942,88.8398,86.3834,86.5549,1867800,105.7
2021-06-03,86.4653,86.5472,84.3364,85.9817,2624700,105
2021-06-04,85.5646,87.8572,84.3364,87.8651,1560500,107.3
2021-06-07,87.6116,87.8572,85.1552,85.5723,905600,104.5
2021-06-08,85.6465,87.366,85.1552,85.1628,1589500,104
2021-06-09,84.3364,85.974,84.3364,85.5723,1070000,104.5
2021-06-10,85.1552,85.8921,84.3364,84.4258,876600,103.1
2021-06-11,84.4183,86.8747,84.3364,86.8006,1791100,106
2021-06-14,87.6116,88.4304,85.974,87.5376,1488600,106.9
2021-06-15,87.6116,88.3485,86.9566,87.21,994300,106.5
2021-06-16,86.7928,87.6116,85.1552,85.3266,1031500,104.2
2021-06-17,84.3364,86.7928,84.3364,84.3439,1384400,103
2021-06-18,86.3015,87.6116,84.3364,87.21,1510800,106.5
2021-06-21,87.2022,90.068,85.974,89.0115,1793300,108.7
2021-06-22,89.3311,90.068,87.9391,88.8477,1229800,108.5
2021-06-23,88.4304,88.9217,87.2022,87.4557,744300,106.8
2021-06-24,87.2022,88.3485,86.4653,87.21,766600,106.5
2021-06-25,87.0384,87.6116,85.974,87.1281,779600,106.4
2021-06-28,87.6116,89.9861,87.366,89.1753,1490000,108.9
2021-06-29,89.6586,89.9861,88.1029,88.8477,990100,108.5
2021-06-30,89.2492,92.115,89.2492,91.2225,2251800,111.4
2021-07-01,91.9941,94.1412,90.9206,93.7389,1706400,113.5
2021-07-02,94.1412,94.4715,93.4806,94.0693,1294400,113.9
2021-07-05,93.1502,93.5631,90.0122,92.1697,2219000,111.6
2021-07-06,90.838,92.4896,89.1864,90.0224,2094500,109
2021-07-07,90.0122,95.7928,87.6174,95.8036,2469900,116
2021-07-08,94.967,99.096,94.1412,98.942,2502500,119.8
2021-07-09,97.4444,101.1605,94.967,96.5469,2139100,116.9
2021-07-12,97.4444,99.0134,90.4251,99.0246,2102000,119.9
2021-07-13,99.0134,99.0134,93.4806,94.9777,1521900,115
2021-07-14,94.967,96.536,91.829,95.9688,1433200,116.2
2021-07-15,94.1412,97.3618,93.7283,94.9777,1054500,115
2021-07-16,95.3799,99.9218,94.8018,99.5202,1976800,120.5
2021-07-19,97.8573,103.225,97.8573,98.6117,1431300,119.4
2021-07-20,98.6831,101.5734,97.1141,101.5849,1779800,123
2021-07-21,101.5734,102.5644,100.7476,100.759,1393300,122
2021-07-22,100.7476,101.5734,99.096,101.5023,1098700,122.9
2021-07-23,100.0044,100.9128,98.2702,98.2813,1647400,119
2021-07-26,99.0134,100.3347,97.1967,100.0157,1257100,121.1
2021-07-27,99.5089,104.4637,99.5089,103.6496,1932300,125.5
2021-07-28,103.225,103.5553,102.3992,102.8237,839900,124.5
2021-07-29,102.8121,105.7024,101.5734,105.4666,1173800,127.7
2021-07-30,105.7024,112.8043,105.0418,110.6697,2654400,134
2021-08-02,110.492,113.9604,108.1798,112.4867,1268100,136.2
2021-08-03,112.3088,113.9604,111.483,113.8081,1355500,137.8
2021-08-04,113.7952,113.9604,111.6482,112.3215,1587600,136
2021-08-05,111.5656,113.052,110.9049,111.4956,1348900,135
2021-08-06,111.5656,112.3088,111.0701,111.0827,670500,134.5
2021-08-09,110.6572,116.4378,110.6572,116.451,1525400,141
2021-08-10,116.4378,116.8507,114.3733,114.3862,1011600,138.5
2021-08-11,114.7862,116.4378,112.8043,112.817,993500,136.6
2021-08-12,114.3733,114.3733,110.6572,110.6697,1946000,134
2021-08-13,109.4185,110.6572,108.8404,110.2568,1394600,133.5
2021-08-16,111.0701,112.7217,109.1708,110.2568,969800,133.5
2021-08-17,111.3178,111.4004,109.4185,109.4309,793600,132.5
2021-08-18,111.483,113.052,110.6572,111.0827,1302800,134.5
2021-08-19,112.3088,112.5565,111.0701,112.5693,842400,136.3
2021-08-20,111.7307,112.1436,109.7488,110.5045,1311400,133.8
2021-08-23,109.8314,110.2443,104.8766,104.8885,1719900,127
2021-08-24,104.8766,107.1888,104.8766,106.1273,1302200,128.5
2021-08-25,107.1888,112.7217,106.6108,111.4956,1163100,135
2021-08-26,111.5656,113.2998,109.0882,110.6697,970800,134
2021-08-27,109.0882,112.6391,109.0882,112.2389,1927000,135.9
2021-08-30,114.3733,114.3733,109.5011,109.5135,2696800,132.6
2021-08-31,109.5011,112.3088,109.0056,111.4956,3127300,135
2021-09-01,110.8224,111.8959,109.8314,110.0916,1024900,133.3
2021-09-06,110.6572,110.6572,108.2624,108.2746,1518900,131.1
2021-09-07,108.345,108.345,106.9411,107.201,1539300,129.8
2021-09-08,106.5282,107.354,105.7024,105.7144,1395400,128
2021-09-09,105.5372,109.1708,105.3721,108.192,1026600,131
2021-09-10,108.5927,109.3359,107.354,107.3661,711300,130
2021-09-13,108.1798,109.0056,107.4366,107.8617,1264400,130.6
2021-09-14,108.8404,112.0611,108.0146,111.9086,2566900,135.5
2021-09-15,111.483,119.6584,111.483,119.6719,2796100,144.9
2021-09-16,121.3926,123.87,119.9062,123.7188,2286500,149.8
2021-09-17,122.2184,123.4571,120.1539,120.5804,2389800,146
2021-09-20,120.6494,122.6313,118.0894,118.1028,1053000,143
2021-09-21,116.4378,119.741,116.4378,118.5157,1328900,143.5
2021-09-22,119.741,123.0442,118.5023,121.4063,859600,147
2021-09-23,120.9797,122.6313,118.0894,119.7545,932400,145
2021-09-24,119.741,120.1539,117.0984,117.6072,1161000,142.4
2021-09-27,117.8417,118.5023,111.483,111.4956,1213100,135
2021-09-28,111.4004,116.1901,110.7398,112.3215,1284000,136
2021-09-29,114.7036,116.4378,113.9604,116.451,563500,141
2021-09-30,116.5204,119.2455,116.4378,117.7724,754600,142.6
2021-10-01,117.2636,118.0894,115.612,115.6251,859300,140
2021-10-04,117.181,118.0894,115.6946,116.6161,495400,141.2
2021-10-05,117.8417,118.0068,116.1075,116.6161,599300,141.2
2021-10-06,117.6765,117.6765,116.3552,117.442,540300,142.2
2021-10-07,118.0894,118.0894,116.4378,117.0291,548300,141.7
2021-10-08,117.2636,120.5668,117.181,120.1675,1009100,145.5
2021-10-11,120.1539,122.6313,118.0894,121.4063,924200,147
2021-10-12,121.8055,122.6313,119.741,120.1675,675700,145.5
2021-10-13,121.3926,121.3926,118.0894,118.1853,1139600,143.1
2021-10-14,118.172,118.9152,116.9333,117.3594,1426200,142.1
2021-10-15,117.4288,118.4197,116.4378,116.451,891600,141
2021-10-18,116.5204,118.9978,116.4378,118.1028,634000,143
2021-10-19,118.6675,118.6675,116.3552,116.451,765000,141
2021-10-20,116.9333,118.4197,115.612,118.1853,987100,143.1
2021-10-21,118.0894,118.172,115.7772,115.7902,1085600,140.2
2021-10-22,116.1075,116.8507,115.6946,115.7077,466100,140.1
2021-10-25,118.0894,118.0894,115.9423,115.9554,575000,140.4
2021-10-26,116.8507,116.8507,114.621,115.2947,850200,139.6
2021-10-27,115.612,122.1358,115.4468,121.2411,2012700,146.8
2021-10-28,121.2274,125.9345,118.9152,125.288,1754500,151.7
2021-10-29,123.87,125.5216,121.8055,124.6273,1547000,150.9
2021-11-01,123.87,123.9526,119.8236,120.1675,1668800,145.5
2021-11-02,120.1539,122.7965,120.0713,120.1675,1021800,145.5
2021-11-03,120.1539,122.2184,118.9152,120.1675,1352400,145.5
2021-11-04,120.4016,123.4571,119.741,122.1496,1148200,147.9
2021-11-05,122.2184,123.7874,121.5578,122.067,1235600,147.8
2021-11-08,123.87,126.0171,122.879,125.5358,1877000,152
2021-11-09,126.2648,126.2648,121.9707,122.067,1478500,147.8
2021-11-10,122.2184,123.7048,121.31,121.9844,1317500,147.7
2021-11-11,122.879,124.6958,120.5668,121.3237,1740900,146.9
2021-11-12,121.31,123.9526,121.2274,123.5536,1456700,149.6
2021-11-15,123.87,127.1732,122.3836,127.1876,1822500,154
2021-11-16,127.008,128.0816,123.87,125.5358,1698000,152
2021-11-17,124.6958,125.5216,123.9526,124.297,362200,150.5
2021-11-18,124.2829,125.5216,122.2184,122.2322,1057900,148
2021-11-19,123.0442,123.7874,121.7229,121.7367,1301600,147.4
2021-11-22,121.8055,123.7874,121.3926,123.8014,634600,149.9
2021-11-23,122.7139,129.4854,122.7139,129.2523,1864400,156.5
2021-11-24,128.4119,131.8803,127.2558,129.6653,1298500,157
2021-11-25,129.6506,131.3022,128.0816,130.0782,1050400,157.5
2021-11-26,128.8248,130.0635,128.1642,130.0782,1131800,157.5
2021-11-29,127.999,128.8248,125.6042,125.9487,1470900,152.5
2021-11-30,126.0997,127.0906,123.2094,123.2233,1488000,149.2
2021-12-01,123.0442,125.5216,123.0442,123.8014,1261100,149.9
2021-12-02,123.87,126.6777,123.87,125.5358,1004300,152
2021-12-03,125.5216,128.4119,124.6958,124.7099,1148800,151
2021-12-06,124.6958,126.3474,119.741,124.7099,1098300,151
2021-12-07,124.2829,125.9345,124.2829,125.4532,569700,151.9
2021-12-08,124.861,125.5216,124.7784,124.7925,648400,151.1
2021-12-09,123.87,127.1732,123.87,127.1876,784400,154
2021-12-10,126.3474,127.1732,124.0352,126.9398,996400,153.7
2021-12-13,127.2558,129.9809,127.008,128.8394,1458500,156
2021-12-14,128.7422,130.0635,128.5771,129.6653,942300,157
2021-12-15,129.0432,133.1792,129.0432,133.1819,1227700,161
2021-12-16,133.1792,133.9237,125.8998,132.3547,957300,160
2021-12-17,132.1038,133.6755,130.0358,130.2867,2984600,157.5
2021-12-20,134.0064,134.7509,130.284,134.0091,5033600,162
2021-12-21,134.0064,137.8942,132.352,137.8143,7522000,166.6
2021-12-22,138.9696,141.4512,137.4806,140.6269,8679300,170
2021-12-23,140.5413,144.76,137.8115,141.4541,9870200,171
2021-12-24,141.4512,144.76,139.0523,141.4541,7727500,171
2021-12-27,141.3685,144.76,139.0523,139.7997,7115800,169
2021-12-28,140.2104,144.5946,138.3078,141.8677,7688200,171.5
2021-12-29,141.8648,144.0155,140.2104,142.2813,6219000,172
2021-12-30,142.2784,142.9402,139.7968,141.8677,5093400,171.5
2021-12-31,140.4586,141.9475,139.5486,141.4541,6544000,171
2022-01-04,141.4512,141.4512,139.7968,140.6269,998000,170
2022-01-05,141.4512,141.4512,133.1792,133.1819,1261000,161
2022-01-06,133.1792,133.1792,127.2234,127.226,1650400,153.8
2022-01-07,128.9605,131.9384,127.3888,127.3914,1307500,154
2022-01-10,128.9605,128.9605,126.5616,126.5642,445400,153
2022-01-11,126.5616,127.3888,119.8613,119.8637,1345000,144.9
2022-01-12,120.3576,122.2602,119.6958,119.8637,1058300,144.9
2022-01-13,119.944,121.433,117.1315,119.781,974500,144.8
2022-01-14,117.5451,119.944,117.5451,119.781,490800,144.8
2022-01-17,119.944,120.6058,113.2437,117.4648,829900,142
2022-01-18,115.808,125.6517,115.3944,117.5475,872600,142.1
2022-01-19,116.8006,125.3208,116.8006,125.1579,787300,151.3
2022-01-20,124.08,124.9072,122.4256,124.7443,473500,150.8
2022-01-21,126.0653,126.0653,123.4182,124.9098,869400,151
2022-01-24,122.6738,124.2454,118.2896,118.292,952700,143
2022-01-25,119.1168,126.5616,116.7179,126.5642,1050100,153
2022-01-26,127.7197,127.7197,121.5984,121.6009,969400,147
2022-01-27,121.1848,121.1848,117.4624,117.4648,727700,142
2022-01-28,118.3723,121.7638,118.2896,118.292,356900,143
2022-02-07,119.944,122.8392,118.2896,122.3454,611900,147.9
2022-02-08,121.1021,122.1774,119.944,120.3601,502000,145.5
2022-02-09,121.1848,122.8392,119.944,121.27,585500,146.6
2022-02-10,122.4256,123.7491,121.5157,123.7516,1433500,149.6
2022-02-11,124.08,125.3208,122.5083,123.9171,487500,149.8
2022-02-14,122.8392,125.4035,122.5083,125.4061,925700,151.6
2022-02-15,125.569,132.7656,124.08,132.7683,1575800,160.5
2022-02-16,132.352,132.352,130.284,130.783,823200,158.1
2022-02-17,130.6976,134.8336,130.4494,134.8364,1673100,163
2022-02-18,132.352,136.488,131.3594,135.0845,1183000,163.3
2022-02-21,135.1645,135.1645,132.4347,132.6029,957200,160.3
2022-02-22,129.2914,132.1866,129.2914,130.2867,559100,157.5
2022-02-23,130.2013,131.9384,129.4568,130.0385,459600,157.2
2022-02-24,129.4568,134.8336,128.7123,131.9411,989000,159.5
2022-02-25,133.1792,133.1792,130.6976,130.7003,572500,158
2022-02-28,130.6976,132.2693,129.0432,129.0458,426900,156
2022-03-01,129.8704,130.284,128.6296,129.4594,360000,156.5
2022-03-02,128.216,130.6976,128.216,129.8731,822900,157
2022-03-03,131.2766,134.0064,129.6222,131.6102,752900,159.1
2022-03-04,131.9384,134.6682,130.6976,133.4301,1197900,161.3
2022-03-07,132.1038,134.3373,130.6976,130.8657,942300,158.2
2022-03-08,130.6976,132.4347,130.284,131.362,634300,158.8
2022-03-09,131.1112,132.2693,127.8024,128.6322,875100,155.5
2022-03-10,128.795,130.9458,124.08,124.0825,1245100,150
2022-03-11,123.2528,125.3208,117.876,117.8784,1565500,142.5
2022-03-14,117.6278,117.6278,110.9275,112.5842,1649600,136.1
2022-03-15,112.0856,116.7179,112.0856,116.7203,1020500,141.1
2022-03-16,118.0414,118.0414,115.808,116.224,503900,140.5
2022-03-17,116.6352,117.7106,114.1536,114.1559,766800,138
2022-03-18,114.9808,118.0414,113.0782,113.0806,2545700,136.7
2022-03-21,114.8981,120.1094,114.8154,119.9465,890400,145
2022-03-22,120.3576,124.9072,118.2896,122.8417,969400,148.5
2022-03-23,121.433,127.2234,120.0267,121.6009,1396000,147
2022-03-24,122.7565,124.08,121.2675,121.27,760300,146.6
2022-03-25,121.5984,122.2602,119.6958,121.1046,545600,146.4
2022-03-28,119.944,120.6885,118.2896,120.4428,630000,145.6
2022-03-29,120.7712,121.9293,118.7032,119.1192,595200,144
2022-03-30,118.3723,120.3576,117.5451,119.1192,675400,144
2022-03-31,119.0341,119.365,117.3797,117.6302,589200,142.2
2022-04-01,119.1168,122.9219,117.876,121.1873,808700,146.5
2022-04-04,123.2528,128.216,122.8392,124.0825,1685400,150
2022-04-05,125.569,127.2234,124.08,125.4061,739300,151.6
2022-04-06,125.6517,128.216,124.1627,127.226,1374300,153.8
2022-04-07,128.216,128.216,124.9072,124.9098,1113200,151
2022-04-08,125.3208,125.3208,122.8392,122.8417,1169600,148.5
2022-04-12,129.051,129.051,122.9955,124.4846,1373600,125.4
2022-04-13,125.0676,128.5417,125.0676,125.9736,989500,126.9
2022-04-14,126.0729,126.5693,123.5912,124.7824,800000,125.7
2022-04-15,125.2787,125.6758,123.1941,124.0875,1015000,125
2022-04-18,125.5766,125.5766,123.0948,123.0948,890800,124
2022-04-19,123.9882,124.5839,118.6277,119.6204,943100,120.5
2022-04-20,120.5016,124.075,119.6083,123.3926,1116500,124.3
2022-04-21,121.1094,124.0875,121.1094,122.1021,1507800,123
2022-04-22,122.0898,124.075,121.5935,122.3999,1750600,123.3
2022-04-25,123.6904,123.6904,114.9547,115.1532,1076900,116
2022-04-26,115.8481,123.1941,108.3036,115.1532,2206600,116
2022-04-27,115.1532,120.9109,110.1897,118.1313,1241700,119
2022-04-28,118.1313,119.0247,115.6496,115.6496,837600,116.5
2022-04-29,116.1459,117.7342,114.2598,115.1532,1098700,116
2022-05-04,115.1532,115.9474,112.1751,112.2744,512200,113.1
2022-05-05,113.1678,118.1313,112.5722,118.1313,933300,119
2022-05-06,114.1605,117.635,114.1605,116.1459,825300,117
2022-05-09,115.1416,115.3401,110.1786,114.0612,1084200,114.9
2022-05-10,113.2671,115.2525,109.3955,115.2525,1088600,116.1
2022-05-11,112.8586,114.149,110.6749,111.0831,990800,111.9
2022-05-12,111.0831,111.8773,103.3401,103.3401,1061600,104.1
2022-05-13,102.3371,104.223,96.1829,96.1926,1761600,96.9
2022-05-16,98.2674,98.863,89.5325,89.5415,1052900,90.2
2022-05-17,87.3576,95.7956,85.0744,95.7956,1573900,96.5
2022-05-18,97.3741,102.4363,92.8081,102.4466,1291600,103.2
2022-05-19,101.2554,109.5941,99.27,109.5941,1722900,110.4
2022-05-20,108.9985,110.8846,106.2189,107.0131,930900,107.8
2022-05-23,107.8072,108.105,103.2408,103.7372,700700,104.5
2022-05-24,103.7372,109.0977,103.2408,108.2043,829900,109
2022-05-25,108.2043,112.6715,106.7153,109.6934,829700,110.5
2022-05-26,109.6823,109.8808,107.2008,107.8072,834000,108.6
2022-05-27,108.0058,111.0831,107.2116,109.197,771700,110
2022-05-30,109.197,109.197,108.105,109.197,671100,110
2022-05-31,107.2116,111.5795,107.2116,111.5795,1265300,112.4
2022-06-01,109.197,114.1605,109.197,114.1605,1097900,115
2022-06-02,114.149,114.149,112.0645,113.4656,457800,114.3
2022-06-03,113.6642,113.6642,110.6861,111.9766,394800,112.8
2022-06-06,111.9766,116.1459,107.2116,116.1459,1729500,117
2022-06-07,114.2483,117.0275,112.3623,117.0393,1460100,117.9
2022-06-08,117.1268,120.6009,117.0275,118.4291,1318800,119.3
2022-06-09,117.635,119.124,117.2379,117.635,711400,118.5
2022-06-10,114.2598,117.635,114.2598,116.1459,632500,117
2022-06-13,112.2744,114.1605,108.2043,108.2043,1101100,109
2022-06-14,103.3297,108.9875,103.3297,105.524,1658900,106.3
2022-06-15,106.2189,108.2043,103.9357,105.2262,997000,106
2022-06-16,106.2189,112.5722,106.2189,109.8919,1394900,110.7
2022-06-17,107.2116,116.1459,106.5167,116.1459,1627200,117
2022-06-20,114.1605,116.6423,110.1897,110.1897,862000,111
2022-06-21,109.9912,112.9693,108.4028,110.1897,954600,111
2022-06-22,110.1897,113.1678,105.2262,105.2262,802700,106
2022-06-23,105.2262,109.197,105.2262,109.197,397300,110
2022-06-24,107.708,109.3955,107.708,108.7007,543000,109.5
2022-06-27,108.9985,112.5722,107.708,112.1751,882000,113
2022-06-28,112.1751,113.3663,109.4948,113.1678,1209600,114
2022-06-29,108.2043,114.1605,108.2043,113.1678,713400,114
2022-06-30,111.3809,113.3663,110.6861,111.1824,456000,112
2022-07-01,111.0831,111.1824,108.2043,108.7007,478200,109.5
2022-07-04,109.5,110,107.1,107.7,357800,107.7
2022-07-05,107.9,108.5,102,102,942500,102
2022-07-06,102,106.2,100,100,1181300,100
2022-07-07,100,104.5,100,103,444900,103
2022-07-08,103.5,104.9,103.5,104.9,609700,104.9
2022-07-11,101.5,103.9,101.5,102.5,565100,102.5
2022-07-12,103.5,104,101.5,102,287100,102
2022-07-13,100.7,103.7,100.7,101,549100,101
2022-07-14,101.2,103,101.1,102.5,356200,102.5
2022-07-15,101.9,103.5,101,101.2,413900,101.2
2022-07-18,101.1,103.8,100.5,102.6,666600,102.6
2022-07-19,102.5,102.5,101,102,367200,102
2022-07-20,102.1,105.5,102,103,679400,103
2022-07-21,103.2,106.9,103,105.5,1032900,105.5
2022-07-22,105.1,109,103.7,108.5,1241500,108.5
2022-07-25,105.7,111.3,105.7,108.6,461100,108.6
2022-07-26,107,110,107,110,487400,110
2022-07-27,109.2,110,108,109.9,334400,109.9
2022-07-28,110,110.5,108,109.9,619200,109.9
2022-07-29,111,112,106.1,106.1,840100,106.1
2022-08-01,107,111,106.5,109.4,730600,109.4
2022-08-02,109.6,111,107.1,110,1114600,110
2022-08-03,109.5,110.2,106.8,110,1452700,110
2022-08-04,110,110.2,106.7,107.9,1593800,107.9
2022-08-05,107.9,108,104.1,104.5,1920800,104.5
2022-08-08,104.5,105.8,104.5,104.8,637400,104.8
2022-08-09,106,106.1,104.5,105.2,502900,105.2
2022-08-10,105.2,107,104.7,105.8,560100,105.8
2022-08-11,106,107.5,105.3,106.8,772100,106.8
2022-08-12,106.7,107.2,105.7,107.2,252200,107.2
2022-08-15,107.9,108.8,106.5,108.5,554600,108.5
2022-08-16,108.5,109.2,107.1,109,619600,109
2022-08-17,109.3,111.7,108.5,111.3,1170500,111.3
2022-08-18,111.5,114.9,110.6,112,1715300,112
2022-08-19,112,113.9,110.8,112,458300,112
2022-08-22,112,113.8,111,111.8,460700,111.8
2022-08-23,111.2,113,111,112.6,649500,112.6
2022-08-24,112.8,114,111.9,111.9,556200,111.9
2022-08-25,111.2,113.4,111,112.8,564700,112.8
2022-08-26,113.5,113.5,112,112.2,359700,112.2
2022-08-29,111,113.8,111,112.2,572700,112.2
2022-08-30,113,114.8,112,113.7,574200,113.7
2022-08-31,113.8,115.5,113.8,114.5,786700,114.5
2022-09-05,113.5,115.8,113.1,115.5,556800,115.5
2022-09-06,115.5,116.6,114.2,115,337200,115
2022-09-07,114.8,115.4,112,112,836300,112
2022-09-08,113.5,115,112,115,484100,115
2022-09-09,115.5,117,114.4,116.1,539300,116.1
2022-09-12,116.1,116.5,114.5,115,327700,115
2022-09-13,114.5,116.4,114,114,542200,114
2022-09-14,114,114,112,112,554500,112
2022-09-15,114.2,114.5,111,112,538400,112
2022-09-16,111.8,112.8,109.8,112.8,1709700,112.8
2022-09-19,111,113.5,111,112.5,548800,112.5
2022-09-20,112,113.4,111.8,113.3,302800,113.3
2022-09-21,113,113.4,111.1,112,332400,112
2022-09-22,110.9,111.5,108.1,110,435200,110
2022-09-23,109,110,108.3,108.6,353900,108.6
2022-09-26,107.2,109.5,107,107.7,658100,107.7
2022-09-27,106,108.6,106,107.7,343300,107.7
2022-09-28,105.1,105.9,102.1,102.1,415600,102.1
2022-09-29,102.6,104.1,100,100,443000,100
2022-09-30,98.2,103.2,98.2,99,893200,99
2022-10-03,97,98.5,92.2,94,752700,94
2022-10-04,93.1,95,90.4,90.5,991500,90.5
2022-10-05,93.3,93.3,91,91.4,559600,91.4
2022-10-06,91.4,91.5,86,86.7,948300,86.7
2022-10-07,84.8,86.6,80.7,81.5,1461300,81.5
2022-10-10,80,87,77,80.5,1089700,80.5
2022-10-11,80.1,80.1,74.9,79.8,1971900,79.8
2022-10-12,81.4,82.5,79.8,81.1,2400700,81.1
2022-10-13,82,82,78,78.7,1014100,78.7
2022-10-14,81,81,79,79,1554200,79
2022-10-17,78.9,80.5,77,79,1481400,79
2022-10-18,80,83.2,79.9,82,1767000,82
2022-10-19,82.5,82.5,79.9,80,1401200,80
2022-10-20,79.5,80.8,78.5,80.2,1683100,80.2
2022-10-21,81,81,74.8,74.8,1651200,74.8
2022-10-24,74.8,75.8,69.6,72.8,1295700,72.8
2022-10-25,72.5,75,69.1,75,1850400,75
2022-10-26,75,78,73.3,78,1006000,78
2022-10-27,78.7,83,77,83,1607900,83
2022-10-28,83,83.9,81.5,83.9,1768700,83.9
2022-10-31,83.9,86,82.7,85.5,1329900,85.5
2022-11-01,86.4,87.2,83.8,86.5,1128600,86.5
2022-11-02,86.5,87,81,81,893000,81
2022-11-03,80,85.4,79.9,85.4,737800,85.4
2022-11-04,84,85.4,81,84.3,952900,84.3
2022-11-07,84.3,88,82.5,84.5,1266700,84.5
2022-11-08,84,87.8,81,86,1180600,86
2022-11-09,86.5,87.5,84.5,87,1227900,87
2022-11-10,87,87.1,81,81,1015300,81
2022-11-11,82,86.6,82,86.5,1055100,86.5
2022-11-14,85.5,92.5,84.1,89.1,1292200,89.1
2022-11-15,89.1,89.8,85.8,89.4,1067100,89.4
2022-11-16,85.5,90.9,84.5,90.9,1308900,90.9
2022-11-17,90.5,97,90.2,97,1525000,97
2022-11-18,97.1,97.5,91.5,95.2,1016400,95.2
2022-11-21,95.2,95.2,93.4,95.1,633400,95.1
2022-11-22,93.6,98,88.5,91.8,1395000,91.8
2022-11-23,88.6,92.9,88.3,92.9,834200,92.9
2022-11-24,91.5,91.5,88,89,1043500,89
2022-11-25,90,94.5,90,94,923100,94
2022-11-28,94,97.2,93.5,97.2,2126900,97.2
2022-11-29,97.2,99,95.5,99,2170100,99
2022-11-30,99.5,102,92.9,102,1501800,102
2022-12-01,102,102,99,99,1543500,99
2022-12-02,99,103.9,98.4,103.9,1435000,103.9
2022-12-05,102.9,110,102.5,105,1024200,105
2022-12-06,105.5,105.5,101.6,102,1097400,102
2022-12-07,102,106,100,100,734100,100
2022-12-08,103.8,105,96,96,903000,96
2022-12-09,99,101.9,96.1,97,1175300,97
2022-12-12,100,100,96,97,913300,97
2022-12-13,96.9,97.5,95.8,97,1493100,97
2022-12-14,98.5,98.5,95.1,96,1028300,96
2022-12-15,97,99,95.1,98.2,687600,98.2
2022-12-16,98,98,93.5,93.5,2672500,93.5
2022-12-19,94.2,95.3,92.5,95,1257100,95
2022-12-20,93.4,95,92.1,94,568100,94
2022-12-21,94.7,94.9,93,94.9,582500,94.9
2022-12-22,95,95.6,93,94.4,371000,94.4
2022-12-23,92.5,95.2,91.4,95,552900,95
2022-12-26,95,95,91.5,91.5,613800,91.5
2022-12-27,91.5,95.8,91.2,91.6,617300,91.6
2022-12-28,91.7,96,91.1,93,661400,93
2022-12-29,92.5,95.8,92.5,94,629600,94
2022-12-30,96,96,93,93,453200,93
2023-01-03,95,96,93,96,740400,96
2023-01-04,97,99.3,95,99.3,549400,99.3
2023-01-05,100,100.1,98,99.5,684600,
2023-01-06,99.5,99.5,95,95.8,541300,
2023-01-09,96.7,97.3,95.5,96.5,398200,
2023-01-10,96.5,96.9,93.6,95.4,613400,
2023-01-11,96,96.3,94.3,96,556800,
2023-01-12,96.1,96.3,93,93.3,537400,
2023-01-13,94.1,95,93.4,95,319700,95
2023-01-16,95,96,93.7,94.9,339600,94.9
2023-01-17,94.7,97.5,93.3,97.5,600000,97.5
2023-01-18,97.5,99.9,96.1,99.9,620900,99.9
2023-01-19,98.3,102,95.3,102,1021900,102
2023-01-27,102,106,101.9,103.7,741600,103.7
2023-01-30,105,105.4,102,102,330200,102
2023-01-31,100.1,102,100.1,101.1,354700,101.1
2023-02-01,100.2,101.8,95.1,95.2,958200,95.2
2023-02-02,97.9,97.9,95,96.7,736900,96.7
2023-02-03,95.6,96.7,93.6,96.5,567900,96.5
2023-02-06,94.2,96.3,93.5,96.3,685600,96.3
2023-02-07,96,96,93.3,94.1,857100,94.1
2023-02-08,94.1,95.5,93.5,93.5,446700,93.5
2023-02-09,93.5,94.5,91.8,91.8,773600,91.8
2023-02-10,91.8,92,89.5,91.2,680900,91.2
2023-02-13,91.2,92.9,90.1,92.9,468600,92.9
2023-02-14,92.9,93.4,91.6,92.9,392700,92.9
2023-02-15,92,93.3,92,93,617800,93
2023-02-16,93,93.4,92.1,92.9,379900,92.9
2023-02-17,93,93,91.1,91.3,279500,91.3
2023-02-20,91.4,94.5,91.4,94.5,685100,94.5
2023-02-21,94,94.8,93.2,93.8,258400,93.8
2023-02-22,93,93.3,91,91,784400,91
2023-02-23,91.5,91.5,87,87.6,672900,87.6
2023-02-24,88.8,88.8,84.9,85.9,716200,85.9
2023-02-27,83.9,84.5,79.9,79.9,900500,79.9
2023-02-28,82,82.5,80,82,585400,82
2023-03-01,80,81.8,79.7,80.5,1083200,80.5
2023-03-02,80.4,81.3,79,79,540200,79
2023-03-03,79.7,79.8,76,76,581000,76
2023-03-06,76.5,78,74.4,74.4,850800,74.4
2023-03-07,76,79.6,75.2,78.3,1893800,78.3
2023-03-08,78.2,81,77.8,80.4,1497600,80.4
2023-03-09,80.5,82,80.1,80.8,1257800,80.8
2023-03-10,80.5,84.5,80.5,83.9,1407600,83.9
2023-03-13,83.8,85.8,83.8,84.5,1593800,84.5
2023-03-14,84.1,85,82.5,83.6,939100,83.6
2023-03-15,83.7,85.1,83.6,84.7,1108600,84.7
2023-03-16,84.7,84.7,82,83.8,897900,83.8
2023-03-17,83.8,84,82.7,83.5,1173700,83.5
2023-03-20,82.6,82.8,79.4,81.5,1328800,81.5
2023-03-21,81.5,83.2,79,80.1,1059400,80.1
2023-03-22,80.2,80.6,78.2,80.5,2038600,80.5
2023-03-23,79.7,79.7,78.5,79,1501600,79
2023-03-24,79,79,77.7,78,1368800,78
2023-03-27,78.2,78.2,76.2,76.7,1640300,76.7
2023-03-28,77.5,77.8,76.8,77.6,1759500,77.6
2023-03-29,77.6,78.8,76.8,78.8,1178200,78.8
2023-03-30,79.3,79.6,78.5,79.2,1105900,79.2
2023-03-31,79.2,79.4,77.8,77.8,1340600,77.8
2023-04-03,78.8,78.8,76.8,76.8,1651800,76.8
2023-04-04,76.9,78.6,76.9,78.4,1319600,78.4
2023-04-05,78.7,79.2,77.6,78.4,835000,78.4
2023-04-06,78.1,78.4,77,77,1050000,77
2023-04-07,77,77.9,76.9,77.6,611100,77.6
2023-04-10,77.7,78.1,77.1,77.2,863300,77.2
2023-04-11,77.6,78,77.2,77.9,753700,77.9
2023-04-12,77.9,80.2,77.9,79.5,1601300,79.5
2023-04-13,80,80.5,79.2,79.2,1223300,79.2
2023-04-14,79.3,79.9,78.1,78.1,1415100,78.1
2023-04-17,78,78.2,77.2,78.1,912500,78.1
2023-04-18,78.2,78.5,77.8,78.2,536300,78.2
2023-04-19,78.2,79.8,78,78.7,1244600,78.7
2023-04-20,79,79.1,77.7,78,754800,78
2023-04-21,78,78.1,76.2,76.4,1126600,76.4
2023-04-24,76.6,76.6,73.3,73.3,1591200,73.3
2023-04-25,73.9,73.9,71.1,71.3,1018400,71.3
2023-04-26,71.3,71.9,70.5,71.4,1167500,71.4
2023-04-27,71.7,72.9,71.3,72.3,466300,72.3
2023-04-28,72.7,73.2,72.3,73.1,612100,73.1
2023-05-04,72.8,72.8,70.6,70.6,824100,70.6
2023-05-05,70.6,73.1,70.5,73,950000,73
2023-05-08,73.5,75.2,73.1,74.1,1035000,74.1
2023-05-09,74.1,74.6,73.4,73.6,646900,73.6
2023-05-10,74,75,73.6,73.6,749900,73.6
2023-05-11,73.7,74.3,73.3,73.8,454100,73.8
2023-05-12,73.3,74.5,73.3,74.4,431700,74.4
2023-05-15,74.4,75.2,74.1,74.1,718700,74.1
2023-05-16,74.1,74.2,73.2,73.3,384400,73.3
2023-05-17,73.3,74,73,73.1,645600,73.1
2023-05-18,73.2,73.8,72.7,73.2,994700,73.2
2023-05-19,73.2,73.2,71.6,72.4,760300,72.4
2023-05-22,71.4,72.5,71.4,72,809500,72
2023-05-23,72,72,70.2,70.4,2296900,70.4
2023-05-24,70.9,71.9,70,71.8,951300,71.8
2023-05-25,71.8,72.5,70.8,72,740000,72
2023-05-26,71.8,72.1,71.4,72,757500,72
2023-05-29,72.1,72.2,71.4,71.6,483800,71.6
2023-05-30,71.6,73.2,71.6,72.8,946700,72.8
2023-05-31,72.9,73.5,72,72,718500,72
2023-06-01,72,72.2,71.5,71.8,326400,71.8
2023-06-02,72,72.7,71.8,72.3,936100,72.3
2023-06-05,73,74.7,72.8,74.1,2010900,74.1
2023-06-06,74,74.6,73.5,73.6,1265200,73.6
2023-06-07,74.2,75.7,73.5,75.5,2296600,75.5
2023-06-08,76.3,76.4,74.3,74.4,1251100,74.4
2023-06-09,75,76.9,74.2,76.5,2410700,76.5
2023-06-12,77,78.4,76.6,78.4,2600400,78.4
2023-06-13,78.6,78.8,77.9,78.8,1699700,78.8
2023-06-14,78.8,79.4,77.8,78,2339300,78
2023-06-15,78,78.1,76.7,77.1,1224800,77.1
2023-06-16,77.5,77.6,75.4,76.6,2124500,76.6
2023-06-19,76.5,76.5,74.5,74.5,1152200,74.5
2023-06-20,74.3,75.3,74.3,75.2,605600,75.2
2023-06-21,75.1,76.2,74.6,76.1,1015400,76.1
2023-06-22,76.1,76.5,75.8,76.3,850900,76.3
2023-06-23,76.1,77.8,75.7,77.3,1600600,77.3
2023-06-26,78,79,77,77.7,981300,77.7
2023-06-27,77.8,78,76.9,77.7,685500,77.7
2023-06-28,77.9,77.9,76.7,77,691700,77
2023-06-29,76.8,76.8,75.4,75.4,1147500,75.4
2023-06-30,75.4,76.2,75.2,75.2,866600,75.2
2023-07-03,75.2,76,75.2,75.4,646200,75.4
2023-07-04,75.4,75.9,75.3,75.6,823200,75.6
2023-07-05,75.9,76.3,75.5,75.8,1395400,75.8
2023-07-06,75.5,76.1,75.5,76,964100,76
2023-07-07,76.2,76.2,75.2,75.2,1421500,75.2
2023-07-10,75.4,77.9,75.4,77.9,2345800,77.9
2023-07-11,78.1,80.1,78.1,79.2,2849800,79.2
2023-07-12,80.1,80.1,79,79.5,1607300,79.5
2023-07-13,79.6,81.9,79.5,81.8,2671400,81.8
2023-07-14,82,82.7,80.7,81.8,1690600,81.8
2023-07-17,81.8,81.8,80.5,80.7,1453800,80.7
2023-07-18,80.6,81.3,80.2,80.5,1274400,80.5
2023-07-19,80.6,81.3,80.5,80.8,1370700,80.8
2023-07-20,80.9,80.9,79.1,79.5,2335700,79.5
2023-07-21,79.5,83,79.5,83,2083200,83
2023-07-24,84.6,84.7,83.2,84,2678700,84
2023-07-25,84.1,84.5,83,83.4,1938900,83.4
2023-07-26,83.4,85.2,83.2,84.6,1719300,84.6
2023-07-27,84.5,84.7,84,84.2,1846200,84.2
2023-07-28,84.2,86.2,84,86.1,2241800,86.1
2023-07-31,87,88.2,86.8,87.3,2580800,87.3
2023-08-01,87.6,87.6,86.4,86.7,1843700,86.7
2023-08-02,86.4,86.4,85.1,85.2,2264000,85.2
2023-08-03,85.5,86.6,85.2,86.1,1880500,86.1
2023-08-04,86.3,86.7,85.7,86.3,2037600,86.3
2023-08-07,86.7,88.2,86,88.2,2407300,88.2
2023-08-08,89.3,89.4,87.9,89.2,2451900,89.2
2023-08-09,89,89,87.8,88,2415600,88
2023-08-10,87.3,87.9,83,83,4724500,83
2023-08-11,82.8,85,82.5,84.5,2070900,84.5
2023-08-14,84.5,84.5,82.2,82.2,2720900,82.2
2023-08-15,82.5,83.8,81.4,82.4,2240300,82.4
2023-08-16,82.3,82.4,81.2,81.8,1866300,81.8
2023-08-17,81.8,82.8,81.4,82.1,1885500,82.1
2023-08-18,82.1,82.4,77.8,79,4020300,79
2023-08-21,78.3,79.8,78.3,78.4,2250500,78.4
2023-08-22,78.5,78.9,76.3,77.7,1849900,77.7
2023-08-23,78,78.6,77,77.5,1456000,77.5
2023-08-24,77.3,80,77.3,80,1756900,80
2023-08-25,80,80.5,79.2,79.7,1178100,79.7
2023-08-28,79.7,80.8,79.5,80.7,1100800,80.7
2023-08-29,81.2,81.4,79.8,80,1728500,80
2023-08-30,80,80.1,79.3,79.6,1580000,79.6
2023-08-31,80,81.7,79.5,81.5,2545900,81.5
2023-09-05,82.3,82.4,81.3,81.5,1426200,81.5
2023-09-06,81.5,82.7,80.8,82.7,1831100,82.7
2023-09-07,83.5,83.9,82,82,2102600,82
2023-09-08,82.1,83.5,81.8,81.8,3064800,81.8
2023-09-11,82.1,82.4,79.6,79.6,3008800,79.6
2023-09-12,80,81,79.3,81,1513100,81
2023-09-13,81,81.4,79.9,80.1,1618400,80.1
2023-09-14,80.4,80.4,78.3,78.6,1810500,78.6
2023-09-15,78.8,80.7,78.4,79.7,2314600,79.7
2023-09-18,79.7,79.7,78.1,78.5,1009600,78.5
2023-09-19,78.3,79.4,78,79,1116700,79
2023-09-20,78.8,79.8,78.7,79.7,2339000,79.7
2023-09-21,79.5,80.1,78.5,78.8,1493900,78.8
2023-09-22,77.4,78,75.4,75.4,2281400,75.4
2023-09-25,75,75.4,70.3,70.3,3403100,70.3
2023-09-26,70.3,74.9,70.3,73,2269800,73
2023-09-27,73,76,72.6,76,2155500,76
2023-09-28,74.5,77,73.1,76.5,1700600,76.5
2023-09-29,76.5,76.5,75.2,76.3,1276500,76.3
2023-10-02,76.2,78.7,76,77.4,2722000,77.4
2023-10-03,77.4,77.4,74,74,2189000,74
2023-10-04,73,75,72.8,73.5,1448600,73.5
2023-10-05,73.6,74.8,72.8,72.8,877900,72.8
2023-10-06,72.7,72.9,71,72.7,2313000,72.7
2023-10-09,72.2,74,72.1,73.5,854300,73.5
2023-10-10,74,74.3,73.2,73.2,926500,73.2
2023-10-11,73.5,73.8,72.2,73.8,909700,73.8
2023-10-12,74,74.1,73,73.1,1055400,73.1
2023-10-13,72.5,73.5,71.6,72.7,1242300,72.7
2023-10-16,72.5,72.5,71.6,71.6,1004000,71.6
2023-10-17,72,72.3,71,71,727500,71
2023-10-18,71,71.5,67.5,68.3,1882700,68.3
2023-10-19,68.3,68.4,65.9,66.4,2406000,66.4
2023-10-20,66.4,69,65.9,69,1883100,69
2023-10-23,68,68.1,65.8,66,2129600,66
2023-10-24,66.2,67.3,64.9,66.9,1638700,66.9
2023-10-25,67,67.5,66,66,1385400,66
2023-10-26,64.8,64.8,61.4,61.4,3585400,61.4
2023-10-27,62,62,57.2,57.8,4376500,57.8
2023-10-30,56,59.2,56,58,2162100,58
2023-10-31,59,59,56,58.2,2913300,58.2
2023-11-01,58.2,59.5,57,59.5,1807900,59.5
2023-11-02,60.5,62.8,59.8,62.7,1571400,62.7
2023-11-03,63,63.9,61.7,63.9,1619400,63.9
2023-11-06,64,64.6,63,64,1132500,64
2023-11-07,64,64,62,62,1583400,62
2023-11-08,62,63.9,60.5,63.8,2102400,63.8
2023-11-09,63.9,64.5,62.7,62.8,1616400,62.8
2023-11-10,62,63.4,61.7,61.7,1581800,61.7
2023-11-13,62,62.9,61,62,1203300,62
2023-11-14,62.2,62.8,61.6,62.6,1533100,62.6
2023-11-15,63.6,66.9,63.5,65.8,3867100,65.8
2023-11-16,66.8,66.9,65.4,66,1450600,66
2023-11-17,66.7,67,63.4,64.1,2889900,64.1
2023-11-20,62.7,65,62.7,63.6,1336400,63.6
2023-11-21,64.9,64.9,63.6,64.6,1393000,64.6
2023-11-22,64.7,65.5,63.6,64.9,1764000,64.9
2023-11-23,65.5,65.5,63.3,63.3,1594500,63.3
2023-11-24,63.4,63.5,60.6,61.8,2092400,61.8
2023-11-27,62,62.3,60.9,60.9,1253800,60.9
2023-11-28,60.9,61.8,59.9,61.3,1182700,61.3
2023-11-29,61.5,63,61.5,62.9,1595200,62.9
2023-11-30,62.2,62.9,60.5,60.5,2262200,60.5
2023-12-01,61,61.8,60.8,61.5,1080400,61.5
2023-12-04,61.5,63,61.5,62.2,1303600,62.2
2023-12-05,62.3,62.4,61.4,61.4,1426500,61.4
2023-12-06,61.4,62.3,61.4,62.1,1534400,62.1
2023-12-07,62.2,64.2,62.1,63.5,3977500,63.5
2023-12-08,63.5,66.9,63.5,66.2,5420600,66.2
2023-12-11,66.8,68,66.7,67.5,2893500,67.5
2023-12-12,67.7,67.7,65.7,66.2,3134200,66.2
2023-12-13,66.5,67.4,65.7,65.8,2727000,65.8
2023-12-14,66.3,66.5,64.8,65,1750100,65
2023-12-15,65,65,63,63,4208100,63
2023-12-18,63.2,63.8,62.6,62.9,1640800,62.9
2023-12-19,62.9,63.5,61.8,62.2,2055200,62.2
2023-12-20,62.8,64,62.5,63.9,1625900,63.9
2023-12-21,63,64.4,63,63.7,1375900,63.7
2023-12-22,64,64.2,63,63,2188600,63
2023-12-25,63.2,66.5,63.2,66.4,3234900,66.4
2023-12-26,66.9,66.9,65.6,66.2,2681200,66.2
2023-12-27,66.2,67.9,66,67,2866200,67
2023-12-28,67.1,67.6,66.6,67,1859800,67
2023-12-29,67.1,68.3,67,67,2217700,67
2024-01-02,67.7,69.3,67.3,68.4,3624100,68.4
2024-01-03,68,68.9,67.7,68.9,1720500,68.9
2024-01-04,69,69.1,68.1,68.1,2526000,68.1
2024-01-05,68.2,68.3,66.6,67.9,3405400,67.9
2024-01-08,68,68,66.6,66.6,2683300,66.6
2024-01-09,66.7,67.4,66,66.1,2177500,66.1
2024-01-10,66.2,67.5,66.1,66.2,1883100,66.2
2024-01-11,66.4,66.9,66,66.1,2173000,66.1
2024-01-12,66,66,64.8,64.8,2390500,64.8
2024-01-15,65.3,66.1,65.2,65.6,1312000,65.6
2024-01-16,65.6,67.3,65.3,67.1,1938100,67.1
2024-01-17,67.1,67.5,66.3,66.3,1904200,66.3
2024-01-18,66.4,67,66.4,66.4,1290100,66.4
2024-01-19,66.7,68.4,66.7,67.8,3305300,67.8
2024-01-22,68.5,68.5,67,67.7,1775900,67.7
2024-01-23,67.8,67.8,66.5,67.5,2445600,67.5
2024-01-24,67,67.5,66.2,66.2,2446900,66.2
2024-01-25,66.4,66.8,66.1,66.8,1161400,66.8
2024-01-26,67,67,65.8,65.8,1936600,65.8
2024-01-29,66,66.4,65.5,65.6,1429100,65.6
2024-01-30,65.6,66.6,65.6,66.1,1170700,66.1
2024-01-31,66.5,66.6,64.4,64.4,2589000,64.4
2024-02-01,64.4,65.5,64.4,65.1,1692500,65.1
2024-02-02,65.6,65.6,65,65.4,1607400,65.4
2024-02-05,65.4,65.7,64.7,64.9,1612700,64.9
2024-02-06,65.3,65.3,64.7,64.8,1607300,64.8
2024-02-07,65,65.3,64.6,64.9,1352400,64.9
2024-02-15,65,65.7,64.9,64.9,2030300,64.9
2024-02-16,65.1,66.4,65.1,66.2,2714100,66.2
2024-02-19,66.5,69.4,66.5,68.9,7833600,68.9
2024-02-20,69.7,69.7,68.2,68.8,3375900,68.8
2024-02-21,68.8,68.9,67.7,68,3336800,68
2024-02-22,68.1,69.3,67.8,68.1,4149500,68.1
2024-02-23,68.3,68.9,66.6,66.7,4792400,66.7
2024-02-26,66.7,67.4,66.1,66.7,2921700,66.7
2024-02-27,66.7,68.2,66.7,67.6,3037600,67.6
2024-02-28,68,68.4,67.7,68.3,3481000,68.3
2024-02-29,69.4,71.5,69.1,70.4,8297600,70.4
2024-03-01,70.4,71.2,70,70.5,3757800,70.5
2024-03-04,70.7,71.1,69.9,70.8,5315800,70.8
2024-03-05,71.2,75.7,70.9,75.7,12999600,75.7
2024-03-06,76.8,77.8,76,76.1,5003100,76.1
2024-03-07,77,80.8,76.4,80.8,8721100,80.8
2024-03-08,81,81,78,78.5,7454600,78.5
2024-03-11,78.5,81.1,76.6,77.5,7103800,77.5
2024-03-12,77.5,79.4,77.2,78.7,5975700,78.7
2024-03-13,79,81,78.9,80.9,7035500,80.9
2024-03-14,81.5,81.6,78.7,78.9,6416700,78.9
2024-03-15,78.3,79.2,76.8,78.5,6908900,78.5
2024-03-18,77.8,78.9,73.9,77.9,7516900,77.9
2024-03-19,77.9,79.4,77.2,77.4,3129300,77.4
2024-03-20,77.4,77.8,76.5,77.3,4238700,77.3
2024-03-21,78.5,78.8,77.6,78,4982600,78
2024-03-22,79.3,80.9,78.3,78.5,6018700,78.5
2024-03-25,78,78.5,75.4,75.5,8724000,75.5
2024-03-26,75.9,76.2,74,74,6370600,74
2024-03-27,75,76.1,74.1,75.4,6073600,75.4
2024-03-28,76.9,77.7,75.7,76,6237000,76
2024-03-29,76.5,76.5,74.2,74.2,8324900,74.2
2024-04-01,74.4,74.9,72.6,73.4,7701100,73.4
2024-04-02,73.4,75,73.3,74.5,3738600,74.5
2024-04-03,74.5,75.4,73.2,73.4,4986800,73.4
2024-04-04,73.1,74.5,73,73.4,3739000,73.4
2024-04-05,72.8,73.2,71.9,71.9,5609400,71.9
2024-04-08,72.1,72.8,71.7,71.9,2804400,71.9
2024-04-09,72.4,73.5,72.2,73.5,4123400,73.5
2024-04-10,73.5,73.9,72.5,72.5,3030600,72.5
2024-04-11,71.9,72.2,71.5,71.8,3576900,71.8
2024-04-12,71.8,72.6,71.7,71.9,3572900,71.9
2024-04-15,71.9,71.9,66.9,66.9,10945300,66.9
2024-04-16,66.9,67.4,64.6,66.1,8049800,66.1
2024-04-17,66.4,68.9,65.5,66.8,7216500,66.8
2024-04-19,66,67.9,65.9,66.5,4767700,66.5
2024-04-22,67.3,67.5,66.7,66.9,2931700,66.9
2024-04-23,67.7,67.7,64.5,64.7,5047400,64.7
2024-04-24,65.5,67.5,65.2,66.9,3276700,66.9
2024-04-25,67.2,68.5,66.2,68.1,6074900,68.1
2024-04-26,67.5,68.3,67.1,67.2,3593000,67.2
2024-05-02,67.8,68,67.1,68,2279400,68
2024-05-03,68.6,70.9,68.1,69.8,7049300,69.8
2024-05-06,70.7,71.3,70.1,71.1,5105300,71.1
2024-05-07,71.4,71.5,70.5,71.2,3244000,71.2
2024-05-08,70.9,73.2,70.2,72.3,6123100,72.3
2024-05-09,72.1,73.8,70.6,71.4,7165500,71.4
2024-05-10,71.4,71.9,70.6,70.8,3714800,70.8
2024-05-13,70.9,71.7,70.3,70.8,2571500,70.8
2024-05-14,71,71.4,70.1,70.6,3692100,70.6
2024-05-15,72,73.3,71.9,72.2,6888800,72.2
2024-05-16,72.9,73,72,72.4,4045400,72.4
2024-05-17,72.6,76,72.4,75.5,12300700,75.5
2024-05-20,76.5,77.3,75.7,76.4,7869900,76.4
2024-05-21,76.2,76.5,74.9,75.8,5878600,75.8
2024-05-22,76,76.4,73.8,73.9,8354500,73.9
2024-05-23,73.9,75.8,73.2,75.8,6128100,75.8
2024-05-24,75.5,76.3,73.1,73.5,7669800,73.5
2024-05-27,73.5,74,72.7,73.5,3881500,73.5
2024-05-28,74.2,75.5,73.8,75.5,5100400,75.5
2024-05-29,75.7,76.9,75,75,8003700,75
2024-05-30,74.3,77.4,74.1,77.2,11161400,77.2
2024-05-31,78,78.4,76.6,76.6,5592200,76.6
2024-06-03,77.3,78.5,76.8,77.7,6570000,77.7
2024-06-04,78,78,77.1,77.5,4403700,77.5
2024-06-05,77.5,79.4,77.5,78.1,7549800,78.1
2024-06-06,78.4,78.8,77.5,78.1,4727200,78.1
2024-06-07,78.5,78.6,77,77.6,4621100,77.6
2024-06-10,77.6,78,76.8,77.1,5324000,77.1
2024-06-11,77.2,77.5,75.7,75.8,6573500,75.8
2024-06-12,76,78.1,76,77.8,5837700,77.8
2024-06-13,78.5,78.8,78,78.6,6210400,78.6
2024-06-14,78.7,80.3,78,78,9028100,78
2024-06-17,78,78,76.2,76.2,6242500,76.2
2024-06-18,76.2,77.3,76.2,76.2,4126300,76.2
2024-06-19,76.7,76.7,74.9,75.6,6657600,75.6
2024-06-20,75.6,76.2,75.1,75.8,4159400,75.8
2024-06-21,75.8,77.5,75.5,76.2,3974100,76.2
2024-06-24,75.5,76.3,73.7,73.7,8305600,73.7
2024-06-25,74.2,74.5,73.6,73.9,5262400,73.9
2024-06-26,73.9,74.5,73.1,74,3527400,74
2024-06-27,73.9,75.2,73.6,74.5,3765600,74.5
2024-06-28,74.6,76.2,74.5,74.7,6405900,74.7
2024-07-01,74.7,76.2,74.7,76,2944600,76
2024-07-02,76.1,76.8,76,76.3,2695600,76.3
2024-07-03,76.5,76.6,75.8,76.5,2551200,76.5
2024-07-04,76.9,77.8,76.5,76.8,6265500,76.8
2024-07-05,77,77,76.3,76.7,2539100,76.7
2024-07-08,77,77,75.7,76.2,5961700,76.2
2024-07-09,76.2,76.5,75.5,76.5,5982100,76.5
2024-07-10,76.6,77.5,76.4,76.8,5381900,76.8
2024-07-11,77.2,77.2,75.8,75.8,3833600,75.8
2024-07-12,75.8,76.1,74.6,74.8,4442000,74.8
2024-07-15,74.8,75,74.2,74.5,2888200,74.5
2024-07-16,74.7,75.3,73.8,74,4286400,74
2024-07-17,74.3,74.3,71,71.8,5875500,71.8
2024-07-18,71.8,72.3,70.2,71.2,7523700,71.2
2024-07-19,71.5,71.6,70.7,71,4785600,71
2024-07-22,71.1,72.6,70.4,72.2,4068800,72.2
2024-07-23,72.4,72.4,70.1,71,3375900,71
2024-07-24,70.8,72.2,70.2,71.5,3435000,71.5
2024-07-25,71.1,71.4,70.8,71,1645300,71
2024-07-26,71,74,71,74,7229400,74
2024-07-29,74.8,74.9,73.7,74,3719200,74
2024-07-30,74,75.3,73.8,74.6,5717400,74.6
2024-07-31,75,75,74.1,74.1,3565400,74.1
2024-08-01,74.1,74.9,70.8,71.8,7659500,71.8
2024-08-02,71,73.2,71,72.2,5314700,72.2
2024-08-05,71.3,72.7,70.2,70.5,6260600,70.5
2024-08-06,71,73.4,70.5,73.2,5272100,73.2
2024-08-07,73.3,73.5,72.2,73,3653400,73
2024-08-08,73,75.6,72.7,74.5,9533100,74.5
2024-08-09,74.6,75.3,74.5,75.2,3965800,75.2
2024-08-12,75.5,76.2,74.3,75.2,4458500,75.2
2024-08-13,75,75.2,73.8,74.8,4760200,74.8
2024-08-14,75.2,77.3,74.9,76.5,10253700,76.5
2024-08-15,76.7,76.7,75,75,3319900,75
2024-08-16,75.4,77.5,75.2,77.3,8146700,77.3
2024-08-19,77.8,79,77.1,77.8,5460700,77.8
2024-08-20,77.7,79.1,77.5,77.6,5748400,77.6
2024-08-21,77.6,78.5,77.1,77.5,4523300,77.5
2024-08-22,77.7,79.6,77.3,78,6729800,78
2024-08-23,78.4,79,77.4,77.9,4063000,77.9
2024-08-26,78.1,78.2,76.2,76.2,7989100,76.2
2024-08-27,76.3,76.8,75.6,76.8,5246000,76.8
2024-08-28,77,77.9,76.8,77.1,4558700,77.1
2024-08-29,77.4,77.5,76.8,76.9,1890900,76.9
2024-08-30,77.1,77.6,76.5,76.5,3214000,76.5
2024-09-04,75.3,76,75.2,75.3,4905100,75.3
2024-09-05,75.2,75.9,74.1,74.1,5019900,74.1
2024-09-06,74.2,76,74,76,4443500,76
2024-09-09,75.8,75.9,75.1,75.4,3747400,75.4
2024-09-10,75.5,77,75.2,75.2,5918100,75.2
2024-09-11,75.2,75.7,74.8,75.1,2637200,75.1
2024-09-12,75.6,75.8,74.9,75.1,1664500,75.1
2024-09-13,75.1,75.4,74.2,74.2,2857800,74.2
2024-09-16,74.2,74.6,72.8,72.9,5065500,72.9
2024-09-17,73,74.5,72.8,74.5,2785100,74.5
2024-09-18,74.7,75.3,74.4,74.4,2719900,74.4
2024-09-19,74.5,74.8,74,74.4,2663300,74.4
2024-09-20,75,75.7,74.6,74.7,4014300,74.7
2024-09-23,74.7,75.3,74.4,74.4,1836800,74.4
2024-09-24,74.4,74.8,74,74.8,3044400,74.8
2024-09-25,75.1,75.8,75.1,75.5,5135300,75.5
2024-09-26,75.8,76.4,75.7,76.1,4617400,76.1
2024-09-27,76.3,76.4,75.2,75.9,3725200,75.9
2024-09-30,75.9,76.6,75.6,75.7,3473400,75.7
2024-10-01,75.8,77.4,75.8,76.6,6912000,76.6
2024-10-02,76.3,76.5,76,76,2345800,76
2024-10-03,76,77.3,76,76,7165200,76
2024-10-04,76,76.4,75.5,75.6,3189400,75.6
2024-10-07,76,76.3,74.5,74.8,4123200,74.8
2024-10-08,75,75.4,74.6,75.2,2771300,75.2
2024-10-09,75.3,77.1,75.1,77,8346300,77
2024-10-10,78,80.5,77.9,80,19870800,80
2024-10-11,80.2,81.1,79.5,81.1,6900400,81.1
2024-10-14,82,82.1,80.1,80.3,5907400,80.3
2024-10-15,80.3,81.5,80.2,80.8,6647800,80.8
2024-10-16,80.8,82.3,80,80.4,8065600,80.4
2024-10-17,80.6,81,79.3,81,5878300,81
2024-10-18,81.3,81.4,80.3,80.4,5100500,80.4
2024-10-21,80.1,81.2,79.7,80.2,5181300,80.2
2024-10-22,80,80.4,78.5,78.9,7311400,78.9
2024-10-23,79,80.1,78.3,79.4,4189400,79.4
2024-10-24,79.5,80.6,78.5,78.5,5506000,78.5
2024-10-25,79.1,79.3,77.2,77.2,10132900,77.2
2024-10-28,77.2,77.9,76.3,77.9,5735500,77.9
2024-10-29,78.1,78.2,77.3,78,3292200,78
2024-10-30,78,78.1,76.8,78.1,5638600,78.1
2024-10-31,77.3,77.4,76,76.6,8540200,76.6
2024-11-01,76.1,76.4,74.2,74.5,13047900,74.5
2024-11-04,74.5,74.7,73.1,73.2,8323700,73.2
2024-11-05,73.2,73.7,73,73.1,4967700,73.1
2024-11-06,73.5,74.4,73.3,74.2,6268000,74.2
2024-11-07,74.3,74.4,73.3,73.3,4433800,73.3
2024-11-08,73.3,73.6,72.2,72.3,7811800,72.3
2024-11-11,72.3,73.7,71.3,73.5,8239800,73.5
2024-11-12,73.5,73.9,72.4,72.5,3990400,72.5
2024-11-13,72.3,73.1,71.9,73,4122600,73
2024-11-14,72.6,73.2,71.4,71.4,4521100,71.4
2024-11-15,71.1,71.7,70.6,70.6,5685500,70.6
2024-11-18,70.6,71.1,69.3,70.3,5225100,70.3
2024-11-19,70.6,71.4,70,70,3920200,70
2024-11-20,69.9,70.9,69.1,70.3,3919900,70.3
2024-11-21,70.5,71.5,70.1,71.3,3799900,71.3
2024-11-22,71.3,71.6,70.8,71,3658600,71
2024-11-25,71.2,72.5,71,72.2,4915500,72.2
2024-11-26,72.3,73.1,72.1,72.7,4756300,72.7
2024-11-27,72.5,72.9,72.4,72.7,2239300,72.7
2024-11-28,72.9,73,72.2,72.4,3106100,72.4
2024-11-29,72.5,73.6,72.2,73.2,4424300,73.2
2024-12-02,73.2,73.5,72.5,72.6,2724700,72.6
2024-12-03,72.4,73,72.4,72.7,2928400,72.7
2024-12-04,72.5,72.5,71.4,72.1,4106400,72.1
2024-12-05,71.9,73.7,71.8,73.7,5390800,73.7
2024-12-06,74.1,74.2,73.2,73.4,5635400,73.4
2024-12-09,73.4,73.6,73.1,73.2,2810900,73.2
2024-12-10,73,73.3,72.7,72.7,2512300,72.7
2024-12-11,73,73.7,72.2,72.7,2857600,72.7
2024-12-12,72.5,72.7,72.1,72.1,2674500,72.1
2024-12-13,72,72,71,71.1,3536600,71.1
2024-12-16,71.2,71.7,70.9,71.1,2462600,71.1
2024-12-17,71,71.3,71,71,1652300,71
2024-12-18,71.1,71.4,71,71.4,2486900,71.4
2024-12-19,71,71.2,70.3,70.4,3513100,70.4
2024-12-20,70.5,70.6,70,70.3,2753800,70.3
2024-12-23,70.9,71,70.3,70.3,1755400,70.3
2024-12-24,70.4,70.6,69.9,70.2,3833400,70.2
2024-12-25,70.2,71.2,70.2,70.7,3713100,70.7
2024-12-26,71.1,71.3,70.5,70.5,2134200,70.5
2024-12-27,70.5,71.1,70.4,70.4,2398100,70.4
2024-12-30,70.3,70.8,70,70.1,1654300,70.1
2024-12-31,70.2,70.8,70,70,2800400,70
2025-01-02,70.1,70.9,70,70.8,2326400,70.8
2025-01-03,70.8,70.8,69.6,69.7,2679200,69.7
2025-01-06,69.8,70.2,67.2,67.2,5156900,67.2
2025-01-07,67.3,68.2,66.5,66.8,5735600,66.8
2025-01-08,66.9,68,66.6,67.7,2812900,67.7
2025-01-09,67.8,68.1,66.8,67.3,1886700,67.3
2025-01-10,67.3,67.4,65.5,65.5,2905200,65.5
2025-01-13,65.4,65.5,64.4,65,3672000,65
2025-01-14,65,65.3,63.7,63.7,3586600,63.7
2025-01-15,64.5,66.4,64,65.8,4159100,65.8
2025-01-16,66.5,66.5,65.3,66.3,2458700,66.3
2025-01-17,66.3,66.4,65.7,65.9,1689700,65.9
2025-01-20,66,66.3,65.5,65.5,1814200,65.5
2025-01-21,65.6,66.4,65.4,65.7,2258500,65.7
2025-01-22,65.8,66.2,65.2,65.2,2338800,65.2
2025-01-23,65.3,66.1,65.2,65.4,3685200,65.4
2025-01-24,65.5,68,65.4,68,6680300,68
2025-02-04,68.1,68.8,68.1,68.6,3948000,68.6
2025-02-05,68.7,68.7,67.3,67.5,4852700,67.5
2025-02-06,67.5,68.1,67.2,67.4,2799000,67.4
2025-02-07,67.7,68,67.2,67.7,2265600,67.7
2025-02-10,67.8,69.7,67.8,68.8,6909800,68.8
2025-02-11,68.8,68.9,68.1,68.7,2435600,68.7
2025-02-12,68.7,69.1,68.3,69,2088500,69
2025-02-13,68.8,69,68.3,68.9,1824000,68.9
2025-02-14,69.2,69.4,67.8,68.1,2983400,68.1
2025-02-17,68.1,68.4,66.2,66.4,5693000,66.4
2025-02-18,66.4,67.2,66,66.4,2602400,66.4
2025-02-19,66.6,67.7,66.6,67.7,3261800,67.7
2025-02-20,68,68,67.5,68,2935400,68
2025-02-21,68,68,67.2,67.6,2315500,67.6
2025-02-24,67.2,67.7,66.8,67.6,3245600,67.6
2025-02-25,67.8,68.9,67.8,68.4,5119200,68.4
2025-02-26,68.4,68.6,68,68.3,2082800,68.3
2025-02-27,68.5,69.3,68.2,68.4,4565500,68.4
2025-02-28,68.4,68.5,67.5,67.7,3925400,67.7
2025-03-03,67.8,68.4,67.7,68,2758100,68
2025-03-04,68,69.1,67.4,69.1,5946400,69.1
2025-03-05,69.3,70.2,68.2,68.2,6222600,68.2
2025-03-06,68.4,69.2,68.2,69.2,4342500,69.2
2025-03-07,69.2,70,68.4,69,4410100,69
2025-03-10,69,69.9,68.7,68.9,5117800,68.9
2025-03-11,68.2,68.9,68.1,68.9,4533500,68.9
2025-03-12,68.9,69.7,68.7,68.7,4987800,68.7
2025-03-13,68.7,71.2,68.7,70.4,11573600,70.4
2025-03-14,70.5,71.9,70.4,71.1,7301100,71.1
2025-03-17,71.4,71.4,70.3,70.5,4528900,70.5
2025-03-18,70.7,71.3,69.6,69.6,6175200,69.6
2025-03-19,69.5,69.6,68.5,68.5,6651600,68.5
2025-03-20,68.5,69.1,68.2,68.4,3437000,68.4
2025-03-21,68.6,68.6,67.5,67.9,3804100,67.9
2025-03-24,67.8,68.8,67.8,68.5,2426900,68.5
2025-03-25,68.5,69,68.1,68.5,2767600,68.5
2025-03-26,68.6,69.6,68.3,68.3,3801800,68.3
2025-03-27,68.6,70.7,68.5,69.4,7235300,69.4
2025-03-28,69.4,69.6,68.3,68.5,3797400,68.5
2025-03-31,68.5,69.7,66.8,66.8,6976700,66.8
2025-04-01,67.8,67.8,65.6,66.2,6498900,66.2
2025-04-02,66.7,67,66,66,3637800,66
2025-04-03,63,63.9,61.4,61.4,10609500,61.4
2025-04-04,57.2,58.7,57.2,58,14296500,58
2025-04-08,55.1,56.8,54,54,5452200,54
2025-04-09,50.3,52.9,50.3,50.3,13474100,50.3
2025-04-10,53.8,53.8,53.8,53.8,491600,53.8
2025-04-11,55.4,57.5,53.1,57.1,14118700,57.1
2025-04-14,57.7,60.3,56.9,60,7927500,60
2025-04-15,59,60.9,58.1,58.5,6076700,58.5
2025-04-16,58.3,58.8,56.4,56.4,6391100,56.4
2025-04-17,55,57.6,55,57.3,4980400,57.3
2025-04-18,57.9,59,57.9,58,3630300,58
2025-04-21,58,58.5,56.9,58.1,3787400,58.1
2025-04-22,57.5,59.1,54.1,58.7,9268700,58.7
2025-04-23,59.7,59.9,58.9,59.6,5295500,59.6
2025-04-24,60,60,58.3,59.9,4948200,59.9
2025-04-25,60,62,59.9,62,10545400,62
2025-04-28,62.4,62.5,61,62.5,4247600,62.5
2025-04-29,61.8,62.5,61.8,62.5,3854100,62.5
2025-05-05,62.7,62.8,61.6,62.5,2950500,62.5
2025-05-06,62.4,62.4,61.8,62,3955400,62
2025-05-07,61.6,61.8,60.9,60.9,3353100,60.9
2025-05-08,61,63,60.7,63,4439500,63
2025-05-09,63,63,62.2,62.8,3321700,62.8
2025-05-12,62.8,63.3,62,62,3820500,62
2025-05-13,62.4,63.2,62.1,62.1,4735700,62.1
2025-05-14,62.3,63.7,62.2,62.3,5676400,62.3
2025-05-15,62.6,63.5,62.4,62.8,5773200,62.8
2025-05-16,62.6,63,61.7,62.5,5901500,62.5
2025-05-19,62.4,62.4,61.4,62,6012400,62
2025-05-20,62,63.1,61.5,62.7,5378500,62.7
2025-05-21,63.1,64.3,63.1,63.6,8645400,63.6
2025-05-22,63.6,64.6,63.2,64,7955100,64
2025-05-23,64,64.3,62.7,63.2,4290900,63.2
2025-05-26,63.2,63.8,61.5,63.8,4405400,63.8
2025-05-27,63.9,64.8,63.5,64,4747700,64
2025-05-28,64.1,64.5,63.5,63.9,4017900,63.9
2025-05-29,64.1,64.2,62.9,63.4,3507500,63.4
2025-05-30,63,63.1,62,62,4024000,62
2025-06-02,62,62.5,61.7,62.1,2287700,62.1
2025-06-03,62.3,63.6,62.3,63.3,4281300,63.3
2025-06-04,63.5,64.4,63,64.1,6891000,64.1
2025-06-05,64.4,65.8,63.9,65.8,11745400,65.8
2025-06-06,65.9,66.4,64.7,65,4122600,65
2025-06-09,65,65,63.5,64.1,5031500,64.1
2025-06-10,64.5,65.5,64.1,64.8,5622000,64.8
2025-06-11,64.8,65.2,64.1,64.8,2850500,64.8
2025-06-12,65.3,66,65.2,65.8,6866200,65.8
2025-06-13,65,65.4,64.3,65.4,5911100,65.4
2025-06-16,65.7,67,65.4,66.8,7846900,66.8
2025-06-17,67,67.9,66.2,67.9,5760000,67.9
2025-06-18,67.9,67.9,66.6,67.5,5472800,67.5
2025-06-19,67,67.5,66.1,67.5,5629600,67.5
2025-06-20,67.4,67.6,66.8,67.5,6005100,67.5
2025-06-23,66.8,68,66.2,68,5818700,68
2025-06-24,68.9,69.3,68.3,69.2,6555800,69.2
2025-06-25,69.7,70.4,69.1,70.3,7935800,70.3
2025-06-26,70.4,72,70.2,72,8616800,72
2025-06-27,72.3,76.9,72,76.8,14084900,76.8
2025-06-30,76.6,77.4,76,76.8,8361100,76.8
2025-07-01,76.2,76.7,74.9,75.2,6823100,75.2
2025-07-02,75,76.3,74.6,75.2,4787500,75.2
2025-07-03,74.8,76.3,74.1,74.5,5988200,74.5
2025-07-04,74.7,75,73.7,74.6,4470400,74.6
2025-07-07,75,75.7,74.3,74.8,5874900,74.8
2025-07-08,74.9,76.2,74.6,75.6,7088700,75.6
2025-07-09,76.5,76.5,75.4,75.8,7231700,75.8
2025-07-10,76,78.4,75.9,76.9,12326900,76.9
2025-07-11,76.8,77.5,76.1,76.5,8284200,76.5
2025-07-14,76.9,77.1,74.6,75.3,6527400,75.3
2025-07-15,75.3,76.7,74.5,74.5,8071700,74.5
2025-07-16,74.3,75.5,74,75,6128400,75
2025-07-17,75.8,77.3,75.6,76.2,10772700,76.2
2025-07-18,76.5,81,76.5,79.1,14574300,79.1
2025-07-21,79.6,79.8,77.5,77.5,7866900,77.5
2025-07-22,77.3,78.4,76.6,77.7,7375500,77.7
2025-07-23,78.7,79.3,77.2,77.3,8228200,77.3
2025-07-24,77.5,77.5,75.4,76,16440600,76
2025-07-25,76,77.2,75.5,75.8,8684800,75.8
2025-07-28,76.2,78.6,75.9,77.6,12672700,77.6
2025-07-29,78.5,78.5,72.2,72.2,16023900,72.2
2025-07-30,73,73.5,71,73,9483500,73
2025-07-31,73.1,73.4,70.8,72.5,9176600,72.5
2025-08-01,72.3,72.5,71.1,72.5,5598500,72.5
2025-08-04,72.1,74,71.8,73.9,5917800,73.9
2025-08-05,74,77.2,73.5,74.6,18436200,74.6
2025-08-06,75.6,76.8,75.2,76,9656300,76
2025-08-07,76.4,77.8,75.8,76.2,9815900,76.2
2025-08-08,76.5,77.7,75.6,76.7,11377400,76.7
2025-08-11,77.9,82,77.8,82,29731100,82
2025-08-12,85,86,82.3,83.6,13213200,83.6
2025-08-13,84.4,87.4,82.1,85.9,24211400,85.9
2025-08-14,86.6,86.8,83.8,84.8,13527300,84.8
2025-08-15,84.8,86.2,82.7,83.1,13662000,83.1
2025-08-18,83.1,84.4,83,83.9,8972500,83.9
2025-08-19,84.5,86.5,83.2,85,14531000,85
2025-08-20,86.8,87.4,81,83.9,19059400,83.9
2025-08-21,83.9,84.8,83.3,84.3,9701000,84.3
2025-08-22,83,83.4,79.7,81,18642000,81
2025-08-25,81.3,81.8,78.3,79.5,10287200,79.5
2025-08-26,78.7,81.1,78.2,81.1,8579900,81.1
2025-08-27,81.3,82.8,81.2,82.2,8098600,82.2
2025-08-28,82.5,83.3,81.9,83.1,6539900,83.1
2025-08-29,83.2,83.6,82.2,83,7420100,83
2025-09-03,83.5,85.3,82.9,83,9531800,83
2025-09-04,83.5,85.3,82,84.8,13228500,84.8
2025-09-05,86.3,87.4,83,83,12005700,83
2025-09-08,82.6,83.3,80,81,13945500,81
2025-09-09,81,81.3,79.8,81,6003800,81
2025-09-10,81.4,81.4,80,81,4256100,81
2025-09-11,80.8,82.3,79.1,82,10202400,82
2025-09-12,82.3,86.9,81.6,86,21808200,86
2025-09-15,86.8,89,86.3,88.5,16596700,88.5
2025-09-16,89,89,86.8,86.8,13155500,86.8
2025-09-17,86.6,86.9,84.2,84.2,11516500,84.2
2025-09-18,84.4,85.2,83.5,84,6725200,84
2025-09-19,84.6,84.7,83.3,83.9,10383000,83.9
2025-09-22,83.9,84,81,81.9,8824400,81.9
2025-09-23,81.9,82.6,81.5,81.9,3808100,81.9
2025-09-24,82,83.7,81.1,82.9,5235500,82.9
2025-09-25,83.5,83.6,82.2,82.2,4585800,82.2
2025-09-26,82.2,83.5,82,82.2,6728100,82.2
2025-09-29,82.2,82.5,81.3,81.8,4298200,81.8
2025-09-30,82,82,80.5,81,4726100,81
2025-10-01,81.1,82.3,81.1,81.3,3192800,81.3
2025-10-02,81.5,82.1,81,81.5,3777300,81.5
2025-10-03,81.2,81.2,79.4,80,6475000,80
2025-10-06,81.4,83.3,81,83,8979600,83
2025-10-07,83.3,83.4,82.5,82.5,5203300,82.5
2025-10-08,83.7,84.4,82.6,82.6,11323000,82.6
2025-10-09,82.9,84.2,82.7,83.1,7329600,83.1
2025-10-10,83.5,84.2,83,84.1,13452100,84.1
2025-10-13,83.6,85.8,83.6,85,12632300,85
2025-10-14,85.6,85.6,82.5,82.5,12780300,82.5
2025-10-15,83,83.7,82.5,82.5,6589100,82.5
2025-10-16,85,88.2,84.8,88.2,17212400,88.2
2025-10-17,91.4,94,88,88,32812700,88
2025-10-20,87,88.8,81.9,81.9,31684600,81.9
2025-10-21,79.9,80,76.2,78,28573200,78
2025-10-22,79.9,80.6,77.4,79,13805300,79
2025-10-23,79.6,80,77.6,78.2,9732300,78.2
2025-10-24,77.9,79.5,75.7,79.3,13522400,79.3
2025-10-27,79.6,79.8,77.4,78.5,7509000,78.5
2025-10-28,78.6,79,76.2,79,7889400,79
2025-10-29,79.1,80.6,78.5,79.2,8381100,79.2
2025-10-30,79.7,80.6,79.3,79.3,6826300,79.3
2025-10-31,79.4,80.8,79,79.6,6477800,79.6
2025-11-03,79.6,79.8,77,77,7670000,77
2025-11-04,76.8,80.5,74.4,80,12598000,80
2025-11-05,79.9,81.5,79.1,80.2,8834200,80.2
2025-11-06,80.1,80.1,78.8,78.8,4652600,78.8
2025-11-07,78.2,79.7,76.8,76.8,7306800,76.8
2025-11-10,77.1,78.3,76,76,5025900,76
2025-11-11,76.5,78.9,76.4,78.2,7667500,78.2
2025-11-12,78.5,79.5,78.3,79.2,5010800,79.2
2025-11-13,79.3,79.7,78.9,79,4590600,79
2025-11-14,78.6,79.3,77.6,78,5137900,78
2025-11-17,78.8,80,78.3,79.7,5528700,79.7
2025-11-18,79.8,80.3,78.5,79,4594500,79
2025-11-19,79,79.6,78.5,78.8,3470500,78.8
2025-11-20,78.9,79.1,78.5,78.5,3398600,78.5
2025-11-21,78.4,78.4,77.2,77.5,4020000,77.5
2025-11-24,77.7,79,77.7,77.8,3380300,77.8
2025-11-25,78,78.7,77,77,3736600,77
2025-11-26,77.5,78.6,77.3,78.6,3197800,78.6
2025-11-27,78.9,79.8,78.4,78.5,4485400,78.5
2025-11-28,78.8,79,77.4,77.4,4238900,77.4
2025-12-01,77.8,79.2,77.7,78.8,5362600,78.8
2025-12-02,78.9,79.5,78,78.6,4648900,78.6
2025-12-03,79.2,81.2,78.9,80.6,12175800,80.6
2025-12-04,81.3,81.3,79.9,79.9,5309300,79.9
2025-12-05,80.2,80.6,78.2,78.2,6658500,78.2
2025-12-08,78,78.8,77.9,77.9,4073000,77.9
2025-12-09,77.9,78,76.6,77,6841600,77
2025-12-10,77.1,77.4,76.6,77,3186100,77
2025-12-11,77.4,77.6,76,76.1,3520000,76.1
2025-12-12,76.5,76.6,73.1,73.5,8979200,73.5
2025-12-15,73.2,74.3,73,73.5,4188700,73.5
2025-12-16,73.9,75.2,73,74.5,4400000,74.5
2025-12-17,74.6,75,74,74,3573600,74
2025-12-18,74.4,74.4,73.5,74,3135400,74
2025-12-19,74.3,75.8,74,75.8,4350100,75.8
2025-12-22,76,76.2,75.5,76,3463700,76
2025-12-23,76.3,77.3,75.6,76.1,5203600,76.1
2025-12-24,75.6,76.2,75.1,76.2,3229900,76.2
2025-12-25,76.5,77,76,76.3,3230800,76.3
2025-12-26,76,76,73.1,75.3,6065600,75.3
2025-12-29,75.3,75.5,74.6,75.5,2513400,75.5
2025-12-30,75.7,76.9,75.5,76.9,4153700,76.9
2025-12-31,76.7,77.2,76.1,77,4728800,77
2026-01-05,76.9,77,75,76.8,4140400,76.8
2026-01-06,76.7,77.2,75.9,77,3765300,77
2026-01-07,77.1,78.4,76.7,78.4,8379800,78.4
2026-01-08,79,79,77.7,78.3,4525700,78.3
2026-01-09,78.5,78.6,76.5,76.5,5786600,76.5
2026-01-12,76.6,78.8,75.9,78.6,8295600,78.6
2026-01-13,79.5,82.2,79.3,79.3,10133600,79.3
2026-01-14,79.1,82,78.6,80.6,13858700,80.6
2026-01-15,80.5,82.5,79.8,81,9103300,81
2026-01-16,81.3,85.5,79.9,81.4,15818700,81.4
2026-01-19,82.1,82.3,80.2,80.2,6226700,80.2
2026-01-20,80.2,81.4,79.1,80,11205300,80
2026-01-21,79,79.9,78.5,79.9,6385500,79.9
2026-01-22,79.6,80.6,79.1,79.9,5049500,79.9
2026-01-23,80,80.2,79,79,4123600,79
2026-01-26,79.1,79.5,76,77.3,5784500,77.3
2026-01-27,77.4,77.5,76.7,76.7,3805800,76.7
2026-01-28,77.2,79.5,77.1,79.5,8819900,79.5
2026-01-29,80.3,85,80.2,84.1,24722400,84.1
2026-01-30,84.6,85,83.3,84,10777800,84
2026-02-02,83.9,85.5,82.2,83.8,11833900,83.8
2026-02-03,84.5,84.8,83.3,83.8,8426800,83.8
2026-02-04,84.1,84.9,82.5,82.7,8323300,82.7
2026-02-05,82.8,82.9,79.4,79.4,10434400,79.4
2026-02-06,78.4,79.5,77.7,78.2,9419400,78.2
2026-02-09,79,79.2,78,78.2,3681100,78.2
2026-02-10,78.2,78.4,75.6,76.8,6018600,76.8
2026-02-11,77.3,78.6,76.9,78,5600000,78
2026-02-12,78.4,78.4,78,78,2759900,78
2026-02-13,78,78.3,77.7,78,3963900,78
2026-02-23,78.8,79.2,78.3,79.2,3791500,79.2
2026-02-24,79.3,80.9,78.6,80.9,8479700,80.9
2026-02-25,81.3,81.6,80.3,80.3,5852200,80.3
2026-02-26,80.7,81.2,79.9,80.4,4991400,80.4
2026-02-27,80.5,80.6,79,79,5053900,79
2026-03-02,77.8,80.7,77.3,78.4,10248500,78.4
2026-03-03,79.2,79.7,77,77,7767900,77
2026-03-04,77.1,77.6,74,76,11189700,76
2026-03-05,76.8,77.5,75.3,75.3,6074200,75.3
2026-03-06,74.9,75,73.2,73.3,7955900,73.3
2026-03-09,68.2,70,68.2,68.2,4325700,68.2
2026-03-10,69,69.8,66.1,68.3,13574400,68.3
2026-03-11,69.3,73,69.1,73,10575800,73
2026-03-12,73.2,74.5,71.8,73.1,8489100,73.1
2026-03-13,73.4,74.7,72.7,73.9,8344100,73.9
2026-03-16,74.7,75.2,73.4,73.5,4578400,73.5
2026-03-17,74,75.7,73.8,75.4,8479300,75.4
2026-03-18,75.8,75.8,74,75.3,5029900,75.3
2026-03-19,73.6,75.7,73.5,75.4,8216000,75.4
2026-03-20,75.1,75.5,71.3,71.3,8880900,71.3
2026-03-23,70.6,72.8,70.6,70.8,8307600,70.8
2026-03-24,72.5,72.8,71.7,72.1,3692600,72.1
2026-03-25,73.5,73.5,72.2,73.2,4078200,73.2
2026-03-26,73,73.2,71.8,72.1,4014500,72.1
2026-03-27,72.2,73.4,72.2,73.3,4263900,73.3
2026-03-30,72,75.3,71.8,74.8,6573900,74.8
2026-03-31,75.5,76.4,75,75.5,5911100,75.5
2026-04-01,76.8,77.4,75.9,76.9,8282500,76.9
2026-04-02,76.6,76.7,75.3,76.1,5420300,76.1
2026-04-03,76.2,77.1,74.8,75.3,5241600,75.3
2026-04-06,75.1,76.2,74.5,75.3,4242400,75.3
2026-04-07,75.4,75.7,74.3,75.1,3191700,75.1
2026-04-08,77.2,77.8,76.3,77.7,10008300,77.7
2026-04-09,77.6,79.5,76.8,78,6333100,78
2026-04-10,78.5,78.7,77.5,78,3896000,78
2026-04-13,77.2,77.6,76.4,77,5031600,77
2026-04-14,77.7,78,77,77.6,4522400,77.6
2026-04-15,78.4,78.4,77,77.2,4323100,77.2
2026-04-16,77.2,78.8,76.7,78,7346700,78
2026-04-17,78.3,82.5,78.3,79.5,13601600,79.5
2026-04-20,80,80.4,79.3,79.8,5211800,79.8
2026-04-21,80,80.9,78.8,79,7452100,79
2026-04-22,78.9,79.2,78.1,79,4824100,79
2026-04-23,79.2,79.3,77.1,78.2,6071800,78.2
2026-04-24,79,79.6,77.2,77.2,7800700,77.2
2026-04-28,77.2,77.9,76.7,77.4,3730200,77.4
2026-04-29,77,77.4,76.1,76.8,4028900,76.8
2026-05-04,77.2,77.5,76.2,76.8,3381400,76.8
2026-05-05,76.9,78.4,76.6,76.6,4691700,76.6
2026-05-06,77.3,78.5,76.9,78.4,5808400,78.4
2026-05-07,79.7,82.3,79.2,81,15769900,81
2026-05-08,81,82.4,80,80.2,8819100,80.2
2026-05-11,80.8,80.8,77.5,77.5,8192600,77.5
2026-05-12,77.7,78,76.6,77.7,6062900,77.7
2026-05-13,77.7,79.3,77.5,78.9,6479900,78.9
2026-05-14,79.3,79.5,78.6,79.1,4324500,79.1
2026-05-15,79.1,79.1,77.1,77.5,4808600,77.5
2026-05-18,77.1,77.3,76.4,76.5,5621700,76.5
2026-05-19,76.8,77.4,76.3,76.5,5113200,76.5
2026-05-20,76.4,76.8,74.4,75.6,7861100,75.6
2026-05-21,76,76.9,75.8,76.2,3550000,76.2
2026-05-22,76.1,76.7,75.6,76,2603200,76
2026-05-25,76,77.3,75.7,77.2,4612600,77.2
2026-05-26,77.3,77.3,76.7,77,2637100,77
2026-05-27,77.3,77.5,76.5,76.5,3270300,76.5
2026-05-28,76.6,76.9,75.5,75.5,3042800,75.5
2026-05-29,75.8,75.8,74.7,74.7,3638900,74.7
2026-06-01,74.8,75.2,74.2,74.7,2089100,74.7
2026-06-02,74.7,74.8,73.2,73.2,3422300,73.2
2026-06-03,73.1,75.1,72.6,75.1,3872000,75.1
2026-06-04,74.9,74.9,73.9,74,1879100,74
2026-06-05,74.3,74.3,73,73.1,2864100,73.1
2026-06-08,72.4,72.7,70.8,70.8,5812600,70.8
2026-06-09,71.3,72.5,70.9,72.4,3417100,72.4
2026-06-10,72.2,72.3,71.6,71.9,1527900,71.9
2026-06-11,71.5,71.8,71,71,1778000,71
2026-06-12,72,72.2,71.1,71.1,2524400,71.1
2026-06-15,72.1,72.8,71.9,72.2,2829700,72.2
2026-06-16,72.5,73.2,72.2,73,1998300,73
2026-06-17,73.1,73.3,72.5,72.5,2463600,72.5
2026-06-18,72.5,73.2,72.1,72.1,2955300,72.1
2026-06-19,72.2,72.6,72,72,2203100,72
2026-06-22,72.6,72.6,71.5,71.5,1679500,71.5
2026-06-23,71.8,72.3,70.7,71.5,3924900,71.5
2026-06-24,71.4,71.6,70.6,71.5,2086700,71.5
2026-06-25,71.7,71.7,71.2,71.5,1092900,71.5
2026-06-26,71.4,71.5,70.9,71.4,1949700,71.4
2026-06-29,71.6,72.1,71.4,72.1,2189400,72.1
2026-06-30,72.2,72.7,71.6,72.1,2684100,72.1
2026-07-01,72,72.8,71.9,72.5,2278500,72.5
2026-07-02,72.8,73.1,71.9,72.4,3050700,72.4
2026-07-03,72.1,72.4,71.5,71.8,2721300,71.8
2026-07-06,71.6,71.8,69.2,70.5,4680200,70.5
2026-07-07,70.4,70.4,68.3,68.6,9695900,68.6
2026-07-08,68.4,69.7,67.5,69,10943100,69
2026-07-09,68.8,69.6,68.6,68.9,2298700,68.9
2026-07-10,68.6,69.1,68.1,68.8,2701100,68.8
2026-07-13,68.3,68.5,66.7,67.9,5488400,67.9
2026-07-14,67.3,68.4,67.1,68.4,2364800,68.4
2026-07-15,68.4,68.5,67.4,68,2633500,68
2026-07-16,67.5,68,66.7,68,3440100,68
2026-07-17,67.8,68.2,67.4,68,2752400,68
2026-07-20,67.8,67.8,64.6,64.8,6394700,64.8
2026-07-21,64.5,66.1,64.5,64.9,4693800,64.9
2026-07-22,65.5,67,63.5,63.9,9078900,63.9
2026-07-23,63.9,64.6,61.7,64,5065800,64
2026-07-24,63.9,64,62.8,63.9,3341400,63.9
2026-07-27,65,65.1,63.5,63.9,4605200,63.9
2026-07-28,63.2,66.4,63.2,65.7,5574000,65.7
2026-07-29,65.8,66.6,65.1,66.3,3692600,66.3
2026-07-30,66,68.1,65.9,67.9,4858200,67.9
2026-07-31,67.9,67.9,66.1,66.1,3736800,66.1
2026-08-03,66.5,68.3,66.4,68.2,4348300,68.2
2026-08-04,68.4,68.6,67.7,68.4,3115600,68.4
