date,open,high,low,close,volume,close_raw
2007-09-20,16.6,19.7739,15.8032,16.745,314000,126
2007-09-21,17.0648,17.264,16.6,16.8646,163700,126.9
2007-09-24,17.264,17.264,16.7328,16.8513,147400,126.8
2007-09-25,16.839,16.9984,16.6664,16.9842,227300,127.8
2007-09-26,16.9984,17.1312,16.8125,16.8779,252500,127
2007-09-27,16.9984,17.0648,16.9187,17.0773,278900,128.5
2007-09-28,17.1976,18.6584,16.9984,18.672,128200,140.5
2007-10-01,20.2653,20.2653,20.2653,20.2801,52900,152.6
2007-10-02,22.2838,22.2838,20.8496,22.1938,695200,167
2007-10-03,24.3024,24.3024,21.912,22.5925,459800,170
2007-10-04,22.576,23.24,22.576,23.0975,363000,173.8
2007-10-05,25.2851,25.2851,21.5136,22.3267,191800,168
2007-10-08,22.0448,23.3728,21.5136,21.7951,212500,164
2007-10-09,21.5136,21.6597,21.1152,21.5293,296400,162
2007-10-10,21.3808,22.4698,21.3808,22.34,302800,168.1
2007-10-11,22.576,22.7752,22.3104,22.3932,167200,168.5
2007-10-12,22.576,22.576,21.819,22.1672,134000,166.8
2007-10-15,22.576,22.576,21.8987,22.3267,285100,168
2007-10-16,22.3104,22.4432,21.9784,22.1274,520600,166.5
2007-10-17,22.6955,23.24,21.912,22.1938,326800,167
2007-10-18,22.1776,22.1776,21.3941,21.6489,196100,162.9
2007-10-19,21.3808,22.1776,21.3808,22.0609,275500,166
2007-10-22,22.1112,22.1112,21.5933,21.6091,194800,162.6
2007-10-23,21.7792,21.8854,21.248,21.2635,263000,160
2007-10-24,21.7526,21.7526,20.9824,21.2635,341300,160
2007-10-25,21.3808,21.5136,21.248,21.33,418200,160.5
2007-10-26,21.6331,23.479,21.1816,21.3964,294600,161
2007-10-29,21.673,21.673,20.0528,20.0675,151000,151
2007-10-30,19.92,20.6504,19.92,20.3333,227300,153
2007-10-31,20.345,20.4379,19.4552,19.7352,193400,148.5
2007-11-01,19.8536,21.248,19.5349,21.1306,213600,159
2007-11-02,22.0448,22.151,20.3848,20.6655,196500,155.5
2007-11-05,20.4512,20.584,19.7208,20.001,213100,150.5
2007-11-06,19.92,20.0528,19.588,19.9346,179600,150
2007-11-07,19.92,20.3184,19.7208,19.9346,150500,150
2007-11-08,19.92,19.92,19.0966,19.4296,163700,146.2
2007-11-09,19.256,19.5216,18.4592,18.8581,215400,141.9
2007-11-12,18.592,19.256,18.3264,18.4062,123100,138.5
2007-11-13,18.4459,18.4459,16.7328,17.2766,191900,130
2007-11-14,17.2906,18.8709,17.2906,18.8847,121800,142.1
2007-11-15,20.5043,20.5043,19.0568,19.4694,368000,146.5
2007-11-16,19.9067,19.9067,18.8576,19.3232,199100,145.4
2007-11-19,19.0966,19.0966,18.4725,18.7119,143000,140.8
2007-11-20,18.7248,18.7248,18.3264,18.3664,111800,138.2
2007-11-21,18.0342,18.4592,17.7952,18.1139,155200,136.3
2007-11-22,18.1936,18.592,18.0475,18.2733,186600,137.5
2007-11-23,18.592,18.592,18.2069,18.3132,108600,137.8
2007-11-26,18.3264,18.4592,18.26,18.4727,117300,139
2007-11-27,18.592,18.7248,18.26,18.3265,133800,137.9
2007-11-28,18.4326,18.5256,18.1936,18.2866,103100,137.6
2007-11-29,18.3264,18.3928,18.26,18.3132,70800,137.8
2007-11-30,18.3264,18.3264,18.0608,18.2733,71700,137.5
2007-12-03,18.0608,18.4326,18.0608,18.3398,60300,138
2007-12-04,18.4592,18.4592,18.26,18.3398,141400,138
2007-12-05,18.3264,18.3928,17.9944,18.074,100300,136
2007-12-06,18.1936,18.1936,17.7952,17.8215,95200,134.1
2007-12-07,17.8616,18.1139,17.5296,17.9145,97500,134.8
2007-12-10,17.6624,17.6624,17.1312,17.2899,133800,130.1
2007-12-11,17.0648,17.1976,16.4672,16.971,96500,127.7
2007-12-12,17.1312,17.3968,16.4805,17.0108,92000,128
2007-12-13,17.0515,17.0781,16.6133,16.8115,68800,126.5
2007-12-14,16.7328,16.7992,16.4805,16.6254,85100,125.1
2007-12-17,16.7328,16.7328,15.936,15.9875,74300,120.3
2007-12-18,15.936,16.0688,15.5376,16.0805,172300,121
2007-12-19,15.936,17.1445,15.936,16.8779,145200,127
2007-12-20,16.9984,16.9984,15.6704,16.2799,39600,122.5
2007-12-21,15.936,16.8656,15.936,16.3729,74900,123.2
2007-12-24,16.4672,16.5336,15.936,15.9476,140700,120
2007-12-25,16.0688,16.2016,15.6704,15.8148,146200,119
2007-12-26,15.8032,16.3344,15.7766,15.9609,94200,120.1
2007-12-27,16.2016,16.2016,15.9891,16.0805,55700,121
2007-12-28,16.0954,16.2016,16.0422,16.1204,60700,121.3
2008-01-02,16.1086,16.2016,15.8032,15.8148,63400,119
2008-01-03,15.8032,15.8032,15.604,15.6951,70900,118.1
2008-01-04,15.4845,15.6438,15.2056,15.2832,104400,115
2008-01-07,15.3517,15.3517,13.9174,14.2864,175000,107.5
2008-01-08,14.5416,15.0064,14.2096,14.3529,163200,108
2008-01-09,14.5416,14.608,13.8112,13.9542,86900,105
2008-01-10,13.8112,13.944,13.1472,13.6884,180800,103
2008-01-11,13.5456,13.944,13.3597,13.4226,109200,101
2008-01-14,13.4792,13.5456,12.3504,12.3993,131000,93.3
2008-01-15,12.4832,12.4832,11.4739,11.8278,242700,89
2008-01-16,11.8989,12.7355,11.8989,12.7448,181300,95.9
2008-01-17,13.5456,13.9042,11.952,12.6917,289300,95.5
2008-01-18,12.616,13.5456,12.3504,12.9708,172300,97.6
2008-01-21,12.7488,12.8152,12.3504,12.5455,144900,94.4
2008-01-22,12.3504,13.0144,11.8325,12.3196,195500,92.7
2008-01-23,12.3504,12.4832,11.4208,11.7614,211500,88.5
2008-01-24,11.952,12.3238,11.5802,11.6949,162300,88
2008-01-25,11.6864,11.9387,11.5536,11.8013,177300,88.8
2008-01-28,11.8192,11.8192,11.5536,11.6418,137800,87.6
2008-01-29,11.5536,12.2043,11.4872,11.8278,202500,89
2008-01-30,12.2176,13.0144,12.0184,13.0239,391500,98
2008-01-31,13.4128,13.5987,12.1512,12.8644,300600,96.8
2008-02-01,13.1472,13.1472,12.8019,13.0106,288100,97.9
2008-02-12,13.28,13.28,12.4832,12.6385,149200,95.1
2008-02-13,12.6293,12.6293,12.377,12.6252,159800,95
2008-02-14,12.4832,13.0144,12.4832,12.6385,245400,95.1
2008-02-15,12.7488,12.7488,12.4168,12.4923,116000,94
2008-02-18,12.2176,12.2176,11.2482,11.8278,422400,89
2008-02-19,11.4208,11.8059,11.288,11.562,324900,87
2008-02-20,11.6864,11.7528,10.7568,10.9241,304000,82.2
2008-02-21,10.5974,10.5974,10.0928,10.1002,206700,76
2008-02-22,9.9733,10.2256,9.1101,9.9008,439700,74.5
2008-02-25,9.8272,10.3451,9.8272,10.3527,359900,77.9
2008-02-26,10.2123,10.624,9.4554,9.4756,284200,71.3
2008-02-27,9.4421,10.0928,9.1632,9.5686,273600,72
2008-02-28,9.8272,9.96,9.535,9.6483,340400,72.6
2008-02-29,9.6944,9.6944,9.3093,9.3825,253600,70.6
2008-03-03,9.4288,9.5616,8.4859,8.5054,430200,64
2008-03-04,8.5789,8.5789,7.9282,7.934,323800,59.7
2008-03-05,7.4368,7.5696,7.1579,7.3891,579500,55.6
2008-03-06,7.5696,7.9282,7.5696,7.934,29400,59.7
2008-03-07,8.6984,8.6984,8.6984,8.7048,43500,65.5
2008-03-10,9.5616,9.5616,8.6453,9.3028,1131700,70
2008-03-11,9.0304,9.2562,8.4859,8.4921,698200,63.9
2008-03-12,8.5554,9.4381,8.5554,9.2365,372800,68
2008-03-13,9.506,9.5603,9.0307,9.2637,296300,68.2
2008-03-14,9.0986,9.2344,8.99,9.1278,314700,67.2
2008-03-17,8.6912,8.9628,8.2838,8.2857,584900,61
2008-03-18,8.148,8.148,7.6591,7.6609,787200,56.4
2008-03-19,8.148,8.3517,7.3332,7.7424,563500,57
2008-03-20,7.8764,8.0122,7.6184,7.7695,290700,57.2
2008-03-21,7.469,7.9036,7.3604,7.4707,371100,55
2008-03-24,7.6048,7.6048,6.79,6.7916,498600,50
2008-03-25,6.6542,6.6542,6.1789,6.1803,437600,45.5
2008-03-26,6.1925,6.79,5.8258,6.4791,473600,47.7
2008-03-27,6.5727,6.5727,6.4505,6.5742,21200,48.4
2008-03-28,6.6949,6.6949,6.6949,6.6965,11100,49.3
2008-03-31,6.8172,6.8172,6.8172,6.8187,17200,50.2
2008-04-01,6.953,6.953,6.953,6.9545,4600,51.2
2008-04-02,7.0888,7.0888,7.0888,7.0904,2700,52.2
2008-04-03,7.2246,7.2246,7.2246,7.2262,1100,53.2
2008-04-04,7.3604,7.3604,7.3604,7.362,11200,54.2
2008-04-07,7.5776,7.5776,7.5776,7.5794,3000,55.8
2008-04-08,7.7949,7.7949,7.3604,7.6337,893100,56.2
2008-04-09,7.6727,7.6863,7.3468,7.3485,387200,54.1
2008-04-10,7.1431,7.1431,7.1431,7.1447,42800,52.6
2008-04-11,6.9394,6.9394,6.9394,6.941,66600,51.1
2008-04-16,6.7357,6.7357,6.7357,6.7372,61700,49.6
2008-04-17,6.5456,6.9258,6.5456,6.8323,554700,50.3
2008-04-18,6.8851,6.8851,6.5048,6.5199,213800,48
2008-04-21,6.5048,6.5184,6.4098,6.4112,265800,47.2
2008-04-22,6.2196,6.2468,6.2196,6.2211,230600,45.8
2008-04-23,6.0431,6.0431,6.0431,6.0445,65200,44.5
2008-04-24,5.8666,6.1246,5.8666,5.8815,582900,43.3
2008-04-25,5.7443,5.948,5.7443,5.9086,194400,43.5
2008-04-28,5.8666,6.0295,5.8394,6.0309,226600,44.4
2008-04-29,6.1517,6.1653,5.9073,5.9766,312600,44
2008-05-05,5.8937,6.0838,5.8394,5.8407,161500,43
2008-05-06,5.69,5.7036,5.69,5.6913,379900,41.9
2008-05-07,5.5271,5.5271,5.5271,5.5283,198200,40.7
2008-05-08,5.3641,5.3641,5.3641,5.3653,64100,39.5
2008-05-09,5.2147,5.2147,5.2147,5.2159,38300,38.4
2008-05-12,5.0653,5.0653,5.0653,5.0665,4100,37.3
2008-05-13,4.916,4.916,4.916,4.9171,5000,36.2
2008-05-14,4.7802,4.7802,4.7802,4.7813,3200,35.2
2008-05-15,4.6444,4.6444,4.6444,4.6454,5400,34.2
2008-05-16,4.5086,4.7802,4.5086,4.5096,417900,33.2
2008-05-19,4.4271,4.59,4.4271,4.4281,63100,32.6
2008-05-20,4.3049,4.3049,4.3049,4.3058,10400,31.7
2008-05-21,4.1826,4.1826,4.1826,4.1836,9700,30.8
2008-05-22,4.0604,4.0604,4.0604,4.0613,2900,29.9
2008-05-23,3.9518,3.9518,3.9518,3.9527,7900,29.1
2008-05-26,3.8431,3.8431,3.8431,3.844,2200,28.3
2008-05-27,3.7345,3.7345,3.7345,3.7354,9100,27.5
2008-05-28,3.6259,3.6259,3.6259,3.6267,43600,26.7
2008-05-29,3.5172,3.6259,3.5172,3.518,380000,25.9
2008-05-30,3.4222,3.4629,3.4222,3.4229,68800,25.2
2008-06-02,3.3271,3.3271,3.3271,3.3279,4900,24.5
2008-06-03,3.232,3.232,3.232,3.2328,3800,23.8
2008-06-04,3.137,3.137,3.137,3.1377,4900,23.1
2008-06-05,3.0555,3.0555,3.0555,3.0562,9300,22.5
2008-06-06,2.974,2.974,2.974,2.9747,8100,21.9
2008-06-09,2.8925,2.8925,2.8925,2.8932,5300,21.3
2008-06-10,2.8111,2.8111,2.8111,2.8117,84300,20.7
2008-06-11,2.7296,2.8925,2.7296,2.8932,600100,21.3
2008-06-12,2.8925,2.9061,2.8925,2.9068,89000,21.4
2008-06-13,2.9876,2.9876,2.9876,2.9883,96200,22
2008-06-16,3.0691,3.0691,3.0691,3.0698,5200,22.6
2008-06-17,3.1506,3.1506,3.1506,3.1513,105700,23.2
2008-06-18,3.232,3.232,3.0691,3.0698,1135800,22.6
2008-06-19,3.0691,3.0691,3.0691,3.0698,46800,22.6
2008-06-20,2.9469,3.0555,2.9469,2.9475,479700,21.7
2008-06-23,2.8382,3.0555,2.8382,3.0562,483000,22.5
2008-06-24,3.1234,3.1234,3.1234,3.1241,183100,23
2008-06-25,3.2456,3.2456,3.2456,3.2464,170800,23.9
2008-06-26,3.3678,3.3678,3.1234,3.3686,1299200,24.8
2008-06-27,3.4765,3.4765,3.2864,3.4773,453200,25.6
2008-06-30,3.558,3.558,3.558,3.5588,111200,26.2
2008-07-01,3.6938,3.6938,3.6938,3.6946,51800,27.2
2008-07-02,3.8296,3.8296,3.8296,3.8304,25400,28.2
2008-07-03,3.9789,3.9789,3.9789,3.9798,10100,29.3
2008-07-04,4.1283,4.1283,4.1283,4.1293,40100,30.4
2008-07-07,4.2913,4.2913,3.9654,4.2923,2024400,31.6
2008-07-08,4.4135,4.4135,4.2505,4.4145,888600,32.5
2008-07-09,4.5493,4.5493,4.5493,4.5503,3400,33.5
2008-07-10,4.7258,4.7258,4.7258,4.7269,98500,34.8
2008-07-11,4.9024,4.9024,4.9024,4.9035,14500,36.1
2008-07-14,5.0925,5.0925,5.0925,5.0937,2700,37.5
2008-07-15,5.2962,5.2962,5.2962,5.2974,2600,39
2008-07-16,5.4999,5.4999,5.4999,5.5012,313200,40.5
2008-07-17,5.7172,5.7172,5.7172,5.7185,9900,42.1
2008-07-18,5.9345,5.9345,5.9345,5.9358,79500,43.7
2008-07-21,6.1653,6.1653,5.7036,5.7049,1850900,42
2008-07-22,5.8122,5.8122,5.8122,5.8136,2800,42.8
2008-07-23,5.5814,6.0431,5.5814,5.6642,1596700,41.7
2008-07-24,5.7036,5.8666,5.4999,5.7728,1153000,42.5
2008-07-25,5.8122,5.9616,5.5814,5.7049,848700,42
2008-07-28,5.7579,5.9752,5.5678,5.9766,481100,44
2008-07-29,6.1925,6.1925,6.1925,6.1939,130000,45.6
2008-07-30,6.4369,6.4369,5.9616,6.4384,1629700,47.4
2008-07-31,6.3826,6.5184,6.1246,6.4384,988300,47.4
2008-08-01,6.3826,6.5591,6.3419,6.5471,592600,48.2
2008-08-04,6.5184,6.6949,6.2196,6.2211,636000,45.8
2008-08-05,6.0159,6.0159,6.0159,6.0173,174900,44.3
2008-08-06,5.7851,6.2196,5.7851,6.0309,1578400,44.4
2008-08-07,6.0431,6.1653,5.8394,6.0445,482300,44.5
2008-08-08,5.9752,6.1925,5.9345,6.1396,473900,45.2
2008-08-11,6.2468,6.3011,6.1789,6.3026,143700,46.4
2008-08-12,6.5456,6.5456,6.2468,6.5471,1089600,48.2
2008-08-13,6.7221,6.7221,6.3283,6.5063,561400,47.9
2008-08-14,6.2196,6.7357,6.2196,6.7372,786900,49.6
2008-08-15,6.9394,6.9394,6.9394,6.941,52300,51.1
2008-08-18,7.4147,7.4147,6.8986,7.4164,854400,54.6
2008-08-19,7.7406,7.7406,6.8986,7.2941,796400,53.7
2008-08-20,6.8851,7.1974,6.7493,6.7508,758900,49.7
2008-08-21,6.7357,7.3196,6.5863,7.3213,893700,53.9
2008-08-22,7.1974,7.5369,7.0073,7.199,829600,53
2008-08-25,7.7134,7.7134,7.2653,7.7152,586300,56.8
2008-08-26,8.2159,8.2159,8.148,8.2178,962300,60.5
2008-08-27,8.7863,8.7863,7.6999,8.2857,1462300,61
2008-08-28,8.4468,8.4468,7.9443,7.9461,392400,58.5
2008-08-29,7.4011,8.4196,7.4011,8.2857,1094700,61
2008-09-03,8.2702,8.2702,7.9443,8.2721,550100,60.9
2008-09-04,8.6912,8.6912,7.6863,7.9461,471500,58.5
2008-09-05,8.5282,8.5282,7.469,7.5386,394500,55.5
2008-09-08,7.3332,7.3332,7.0344,7.1311,503200,52.5
2008-09-09,7.0616,7.4554,6.9258,7.0632,345100,52
2008-09-10,7.1702,7.4011,6.7628,6.8866,287000,50.7
2008-09-11,6.9258,7.0616,6.4505,6.452,277200,47.5
2008-09-12,6.111,6.4505,6.111,6.1124,135300,45
2008-09-15,5.8394,6.532,5.69,6.3161,339900,46.5
2008-09-16,6.2604,6.2604,5.8258,5.8272,356400,42.9
2008-09-17,5.4456,6.111,5.4456,5.4468,383200,40.1
2008-09-18,5.0925,5.432,5.0925,5.0937,122500,37.5
2008-09-19,4.8888,5.4727,4.7802,5.474,174300,40.3
2008-09-22,5.69,5.69,5.69,5.6913,128100,41.9
2008-09-23,6.0703,6.0838,5.432,6.0581,1248200,44.6
2008-09-24,6.111,6.3554,5.8394,6.2754,513000,46.2
2008-09-25,6.2061,6.627,6.2061,6.6286,315000,48.8
2008-09-26,6.9937,6.9937,6.79,6.9953,949200,51.5
2008-09-29,7.4554,7.4554,6.9258,7.4435,1432600,54.8
2008-09-30,6.8579,6.8579,6.8579,6.8595,54900,50.5
2008-10-01,7.3332,7.3332,6.5863,7.0496,689300,51.9
2008-10-02,6.9258,7.306,6.7221,7.1311,723800,52.5
2008-10-03,7.0616,7.0616,6.7493,6.9002,424600,50.8
2008-10-06,6.8715,6.8986,6.4233,6.7916,773700,50
2008-10-07,6.0974,6.2332,6.0974,6.0988,676800,44.9
2008-10-08,5.6764,5.9073,5.6764,5.6913,812500,41.9
2008-10-09,5.7308,6.1246,5.432,6.1124,632500,45
2008-10-10,5.5542,6.0567,5.5542,5.5555,629300,40.9
2008-10-13,5.5406,5.9752,5.5406,5.7049,358800,42
2008-10-14,6.1517,6.1517,6.1517,6.1531,7800,45.3
2008-10-15,6.5727,6.5727,6.0703,6.3705,885300,46.9
2008-10-16,5.9752,6.2332,5.9073,5.9494,428300,43.8
2008-10-17,6.2468,6.369,5.9209,6.0309,261400,44.4
2008-10-20,6.4777,6.4777,5.8937,5.963,187200,43.9
2008-10-21,6.4505,6.4505,5.9752,6.2075,287900,45.7
2008-10-22,5.9888,6.1517,5.9073,5.963,170400,43.9
2008-10-23,5.5814,5.7851,5.5678,5.5691,480500,41
2008-10-24,5.5678,5.6085,5.2283,5.2567,506100,38.7
2008-10-27,4.9295,5.0246,4.916,4.9171,438000,36.2
2008-10-28,4.59,5.2147,4.5765,5.0937,606400,37.5
2008-10-29,5.1061,5.1061,4.9703,5.1072,527700,37.6
2008-10-30,5.1604,5.4456,5.0925,5.4468,397100,40.1
2008-10-31,5.6085,5.6764,5.5678,5.6777,339900,41.8
2008-11-03,5.6764,5.8394,5.3234,5.5962,403100,41.2
2008-11-04,5.7715,5.9752,5.595,5.9766,505800,44
2008-11-05,6.2468,6.2468,6.2468,6.2482,152800,46
2008-11-06,5.8122,6.6814,5.8122,6.5471,1708300,48.2
2008-11-07,6.3826,6.5863,6.0703,6.2211,700600,45.8
2008-11-10,6.6542,6.6542,6.2468,6.5063,489100,47.9
2008-11-11,6.3826,6.5184,6.0703,6.0716,478700,44.7
2008-11-12,5.7715,5.9752,5.7443,5.9766,726400,44
2008-11-13,5.7851,6.1789,5.5678,6.1803,495600,45.5
2008-11-14,6.4098,6.4641,6.2468,6.3569,324300,46.8
2008-11-17,6.3826,6.3826,6.0703,6.1803,435700,45.5
2008-11-18,6.63,6.63,6.2628,6.6324,832800,32.5
2008-11-19,6.936,6.9972,6.5892,6.7752,540400,33.2
2008-11-20,6.63,6.63,6.3648,6.4283,398000,31.5
2008-11-21,6.222,6.4668,6.12,6.4283,526600,31.5
2008-11-24,6.528,6.7116,6.3444,6.4487,432400,31.6
2008-11-25,6.528,6.732,6.3852,6.4691,226600,31.7
2008-11-26,6.426,6.426,6.0384,6.0814,508100,29.8
2008-11-27,6.222,6.3036,5.7324,5.8977,899300,28.9
2008-11-28,5.8956,6.324,5.8956,6.3263,248600,31
2008-12-01,6.528,6.528,6.12,6.3671,320000,31.2
2008-12-02,6.12,6.4668,6.018,6.3671,515500,31.2
2008-12-03,6.3648,6.528,6.3036,6.3671,248900,31.2
2008-12-04,6.4872,6.528,6.4056,6.4691,333600,31.7
2008-12-05,6.2628,6.324,6.12,6.163,193600,30.2
2008-12-08,6.12,6.222,5.8548,6.0202,349000,29.5
2008-12-09,6.12,6.4464,6.0792,6.2446,233500,30.6
2008-12-10,6.12,6.12,5.9364,5.9997,166100,29.4
2008-12-11,5.9976,6.12,5.916,6.1222,123400,30
2008-12-12,6.0384,6.4464,6.018,6.4487,843100,31.6
2008-12-15,6.834,6.8748,6.426,6.4895,584100,31.8
2008-12-16,6.4872,6.4872,6.0996,6.163,268100,30.2
2008-12-17,6.12,6.3444,6.0996,6.265,231900,30.7
2008-12-18,6.2832,6.63,6.2424,6.3875,507000,31.3
2008-12-19,6.324,6.4668,6.324,6.4079,273400,31.4
2008-12-22,6.324,6.63,6.324,6.4487,244500,31.6
2008-12-23,6.426,6.426,6.2424,6.3059,139000,30.9
2008-12-24,6.12,6.324,6.12,6.3263,170800,31
2008-12-25,6.2424,6.4056,6.2424,6.2854,157700,30.8
2008-12-26,6.2424,6.3036,6.222,6.3059,170700,30.9
2008-12-29,6.1404,6.528,6.1404,6.2854,294000,30.8
2008-12-30,6.2424,6.3648,6.2424,6.3263,246800,31
2008-12-31,6.324,6.528,6.1404,6.4283,469700,31.5
2009-01-02,6.324,6.324,6.1608,6.2242,92300,30.5
2009-01-05,6.324,6.324,6.1608,6.163,113400,30.2
2009-01-06,6.1812,6.2832,6.12,6.2854,51000,30.8
2009-01-07,6.324,6.4464,6.2832,6.3059,141800,30.9
2009-01-08,6.2832,6.3036,6.1812,6.2242,110100,30.5
2009-01-09,6.1404,6.2628,6.1404,6.2446,102700,30.6
2009-01-12,6.222,6.2628,6.1812,6.2242,97400,30.5
2009-01-13,6.1404,6.1812,6.12,6.1426,89800,30.1
2009-01-14,6.12,6.1812,6.0792,6.1018,63300,29.9
2009-01-15,6.0792,6.0996,5.9976,5.9997,108800,29.4
2009-01-16,6.018,6.0588,5.916,5.9997,78900,29.4
2009-01-19,5.9976,5.9976,5.8752,5.8977,95100,28.9
2009-01-20,5.916,5.916,5.7732,5.8161,119500,28.5
2009-01-21,5.7528,5.7528,5.6304,5.6528,106100,27.7
2009-01-22,5.712,5.814,5.712,5.7957,68200,28.4
2009-01-23,5.7936,5.814,5.712,5.7957,101000,28.4
2009-02-02,5.814,5.814,5.6712,5.6936,43800,27.9
2009-02-03,5.712,5.712,5.3856,5.4692,75600,26.8
2009-02-04,5.4672,5.5896,5.406,5.4692,93700,26.8
2009-02-05,5.508,5.712,5.3244,5.3671,104100,26.3
2009-02-06,5.4876,5.6508,5.4264,5.6324,191400,27.6
2009-02-09,5.712,5.8956,5.6712,5.8977,193300,28.9
2009-02-10,6.0996,6.12,5.6712,5.714,88900,28
2009-02-11,5.6916,5.6916,5.4468,5.5712,83700,27.3
2009-02-12,5.5488,5.6712,5.5488,5.5916,65200,27.4
2009-02-13,5.5896,5.6304,5.5488,5.5712,60000,27.3
2009-02-16,5.5488,5.5896,5.508,5.51,55700,27
2009-02-17,5.5692,5.5692,5.3652,5.4692,126100,26.8
2009-02-18,5.4264,5.4264,5.2224,5.3059,136600,26
2009-02-19,5.406,5.406,5.2632,5.3059,174500,26
2009-02-20,5.304,5.3244,5.1816,5.2651,80800,25.8
2009-02-23,5.1204,5.1204,4.8756,4.8978,147300,24
2009-02-24,4.9368,4.692,4.6104,4.6121,216800,22.6
2009-02-25,4.6104,4.9164,4.7328,4.9182,165200,24.1
2009-02-26,4.896,5.1,4.6104,4.8569,159900,23.8
2009-02-27,4.8144,5.0796,4.7736,5.0814,142600,24.9
2009-03-02,4.9572,4.998,4.8144,4.9386,116600,24.2
2009-03-03,4.9368,4.8552,4.7328,4.7753,93700,23.4
2009-03-04,4.794,4.8756,4.794,4.8365,96400,23.7
2009-03-05,4.8348,5.0796,4.8552,4.9386,159600,24.2
2009-03-06,4.9368,4.8756,4.7328,4.8569,139400,23.8
2009-03-09,4.8144,4.9368,4.8144,4.8773,92200,23.9
2009-03-10,4.8552,4.9776,4.8552,4.959,169300,24.3
2009-03-11,4.9368,5.2632,5.0388,5.2651,674100,25.8
2009-03-12,5.2224,5.2224,4.896,4.9386,376200,24.2
2009-03-13,4.9776,5.202,4.9572,4.9794,208600,24.4
2009-03-16,4.998,5.0388,4.998,5.0406,184300,24.7
2009-03-17,5.0184,5.304,5.0184,5.2855,431500,25.9
2009-03-18,5.2224,5.5692,5.2836,5.5712,448700,27.3
2009-03-19,5.5692,5.9568,5.406,5.4488,374300,26.7
2009-03-20,5.6916,5.61,5.3244,5.3671,210300,26.3
2009-03-23,5.4264,5.3856,5.1204,5.1835,289900,25.4
2009-03-24,5.2224,5.5692,5.3652,5.5508,399000,27.2
2009-03-25,5.5488,5.6712,5.406,5.5916,347000,27.4
2009-03-26,5.5692,5.7528,5.61,5.612,472700,27.5
2009-03-27,5.712,5.7732,5.508,5.5508,494600,27.2
2009-03-30,5.508,5.508,5.3448,5.3875,242900,26.4
2009-03-31,5.304,5.61,5.2632,5.51,309200,27
2009-04-01,5.5488,5.712,5.508,5.714,437000,28
2009-04-02,5.814,5.9772,5.7528,5.8161,406200,28.5
2009-04-03,5.916,6.2424,5.916,6.2446,740800,30.6
2009-04-07,6.4872,6.6504,6.0384,6.6528,814800,32.6
2009-04-08,6.4464,6.528,6.018,6.0406,745400,29.6
2009-04-09,6.222,6.528,6.0588,6.163,567200,30.2
2009-04-10,6.426,6.63,6.426,6.6324,1150100,32.5
2009-04-13,7.0584,7.0788,6.8952,7.0813,297200,34.7
2009-04-14,7.548,7.5684,7.0788,7.2854,1128200,35.7
2009-04-15,7.3236,7.3236,6.8136,6.816,731000,33.4
2009-04-16,6.8952,6.936,6.3852,6.5303,1154700,32
2009-04-17,6.9156,7.038,6.1404,6.1426,599300,30.1
2009-04-20,6.018,6.018,5.7732,5.7753,425900,28.3
2009-04-21,5.3856,5.7732,5.3856,5.714,644000,28
2009-04-22,5.508,5.8752,5.508,5.8773,441100,28.8
2009-04-23,5.8956,6.1404,5.8752,5.9997,438700,29.4
2009-04-24,6.0384,6.0384,5.7936,5.8365,372800,28.6
2009-04-27,5.7936,5.8752,5.712,5.7345,309600,28.1
2009-04-28,5.712,5.7324,5.508,5.7345,350500,28.1
2009-04-29,5.814,6.018,5.6508,6.0202,617600,29.5
2009-05-04,6.324,6.324,6.222,6.3263,278700,31
2009-05-05,6.7524,6.7524,6.5688,6.6528,1429100,32.6
2009-05-06,6.426,6.63,6.2628,6.3467,1024500,31.1
2009-05-07,6.7524,6.8748,6.528,6.7344,955300,33
2009-05-08,6.528,6.732,6.3444,6.612,831200,32.4
2009-05-11,6.63,6.732,6.4464,6.5099,806700,31.9
2009-05-12,6.324,6.6708,6.222,6.612,831900,32.4
2009-05-13,6.834,6.9564,6.4464,6.5303,784800,32
2009-05-14,6.2424,6.5688,6.222,6.5712,782900,32.2
2009-05-15,6.5484,6.834,6.528,6.8364,1780400,33.5
2009-05-18,7.14,7.2828,6.936,7.0201,1530800,34.4
2009-05-19,7.548,7.6296,7.3236,7.5915,1690800,37.2
2009-05-20,7.5684,7.65,7.3848,7.5303,1404700,36.9
2009-05-21,7.4256,7.548,7.1604,7.3058,1460100,35.8
2009-05-22,7.1381,7.2415,6.8691,7.2225,992100,34.9
2009-05-25,7.1381,7.5932,6.9932,7.5951,1029100,36.7
2009-05-26,8.0898,8.0898,7.4484,7.6571,1342400,37
2009-05-27,8.2967,8.2967,7.5519,7.5744,1291900,36.6
2009-05-28,7.2415,7.345,7.1381,7.2432,1160100,35
2009-05-29,7.345,7.5519,7.0346,7.4502,902900,36
2009-06-01,7.6553,7.8001,7.4484,7.802,1444100,37.7
2009-06-02,8.276,8.276,8.1105,8.278,2505200,40
2009-06-03,8.6898,8.6898,8.1312,8.2573,1666800,39.9
2009-06-04,7.9863,8.5657,7.9657,8.4022,1556400,40.6
2009-06-05,8.5864,8.8967,8.5864,8.8988,1158300,43
2009-06-08,9.5174,9.5174,9.3312,9.5197,1644100,46
2009-06-09,10.1588,10.1795,8.8967,9.3127,1910300,45
2009-06-10,9.414,9.5174,8.876,8.8781,2238200,42.9
2009-06-11,8.876,9.2071,8.4829,8.8988,1590200,43
2009-06-12,9.1243,9.2898,8.6898,8.7747,1317000,42.4
2009-06-15,8.8967,8.8967,8.3381,8.3401,1058500,40.3
2009-06-16,7.7794,7.8622,7.7588,7.7606,717500,37.5
2009-06-17,7.2415,8.276,7.2208,8.278,1634100,40
2009-06-18,7.9863,7.9863,7.9863,7.9883,530900,38.6
2009-06-19,8.545,8.545,7.9243,8.1952,1570600,39.6
2009-06-22,8.5864,8.5864,7.8208,7.8227,533700,37.8
2009-06-23,7.3036,7.3656,7.3036,7.3053,924800,35.3
2009-06-24,6.8898,7.8001,6.8691,7.802,744300,37.7
2009-06-25,8.0484,8.0691,7.345,7.4502,767700,36
2009-06-26,7.9657,7.9657,7.3656,7.533,611600,36.4
2009-06-29,7.5519,7.5932,7.3243,7.3674,551800,35.6
2009-06-30,7.6139,7.7588,6.9518,7.0156,679700,33.9
2009-07-01,7.0346,7.0346,6.6829,6.7879,1229300,32.8
2009-07-02,6.6208,7.0346,6.4553,6.9121,855500,33.4
2009-07-03,6.4139,7.0346,6.4139,7.0156,527000,33.9
2009-07-06,7.3036,7.3036,6.9312,7.3053,342000,35.3
2009-07-07,7.7381,7.7381,7.2001,7.3053,502500,35.3
2009-07-08,7.0346,7.2622,6.9312,7.2018,262900,34.8
2009-07-09,7.2001,7.2829,7.1587,7.2018,420600,34.8
2009-07-10,7.2415,7.2622,7.0553,7.1398,389600,34.5
2009-07-13,7.1381,7.1381,6.9518,6.9949,406200,33.8
2009-07-14,7.0553,7.2208,6.9312,7.057,542600,34.1
2009-07-15,7.2208,7.2415,7.0346,7.2018,369900,34.8
2009-07-16,7.2829,7.5105,7.2829,7.4295,470900,35.9
2009-07-17,7.5519,7.5519,7.2208,7.2432,245300,35
2009-07-20,7.0553,7.076,6.8691,7.0777,284900,34.2
2009-07-21,7.0346,7.2415,7.0346,7.2018,259300,34.8
2009-07-22,7.345,7.3863,7.1174,7.1605,135200,34.6
2009-07-23,7.2829,7.5312,7.0346,7.4709,453500,36.1
2009-07-24,7.7174,7.7794,7.6553,7.7813,565100,37.6
2009-07-27,8.3174,8.3174,7.8622,8.071,822300,39
2009-07-28,8.2346,8.2346,7.5932,7.6364,536700,36.9
2009-07-29,7.6346,7.8415,7.4898,7.5537,392700,36.5
2009-07-30,7.3863,7.5519,7.3036,7.4295,315200,35.9
2009-07-31,7.5519,7.7381,7.5519,7.6985,438700,37.2
2009-08-03,7.7588,7.8208,7.5725,7.6571,388400,37
2009-08-04,7.8622,8.0691,7.7381,7.8641,514600,38
2009-08-05,8.0484,8.0691,7.676,7.8848,414500,38.1
2009-08-06,7.8829,7.9243,7.7588,7.8227,529100,37.8
2009-08-07,7.8415,7.8415,7.676,7.7399,279900,37.4
2009-08-10,7.8622,7.9036,7.7588,7.9055,516500,38.2
2009-08-11,7.8829,7.9657,7.7794,7.8848,550800,38.1
2009-08-12,7.9036,8.2553,7.8622,8.1538,1107800,39.4
2009-08-13,8.2553,8.6484,8.2346,8.3194,1375900,40.2
2009-08-14,8.276,8.5036,8.007,8.1745,338300,39.5
2009-08-17,8.1726,8.1726,7.8829,7.9469,320000,38.4
2009-08-18,7.7588,7.9863,7.7588,7.9883,656100,38.6
2009-08-19,8.1932,8.3795,8.0691,8.1538,1013800,39.4
2009-08-20,8.1932,8.3795,8.1519,8.1952,856800,39.6
2009-08-21,8.276,8.4208,8.1105,8.1124,1283500,39.2
2009-08-24,8.276,8.3174,8.1726,8.2366,536900,39.8
2009-08-25,8.276,8.276,7.9657,8.071,513600,39
2009-08-26,8.1105,8.2346,8.0277,8.1538,589400,39.4
2009-08-27,8.1932,8.2346,8.0898,8.1538,587700,39.4
2009-08-28,8.1726,8.3588,8.1312,8.1952,1209400,39.6
2009-08-31,8.276,8.545,8.2346,8.3608,1177000,40.4
2009-09-01,8.276,8.4001,8.1726,8.3608,1163300,40.4
2009-09-03,8.2139,8.2139,8.0691,8.1745,799900,39.5
2009-09-04,8.1519,8.7105,8.1519,8.7126,3722700,42.1
2009-09-07,9.1036,9.1036,8.0277,8.6712,1251300,41.9
2009-09-08,8.6898,8.8346,8.5243,8.6298,991300,41.7
2009-09-09,8.6898,8.6898,8.3795,8.4435,1116200,40.8
2009-09-10,8.4829,8.545,8.2967,8.4642,1397300,40.9
2009-09-11,8.5864,8.6484,8.4208,8.5056,695400,41.1
2009-09-14,8.4829,8.545,8.3588,8.4022,678700,40.6
2009-09-15,8.4208,8.4829,8.1932,8.2573,807100,39.9
2009-09-16,8.3795,8.4208,8.2346,8.2366,785200,39.8
2009-09-17,8.2967,8.4415,8.2553,8.3401,681400,40.3
2009-09-18,8.3174,8.4829,8.276,8.4849,1001200,41
2009-09-21,8.545,8.5864,8.3174,8.3815,757900,40.5
2009-09-22,8.4415,8.4415,8.276,8.2987,701300,40.1
2009-09-23,8.3588,8.7933,8.3381,8.4022,1357600,40.6
2009-09-24,8.3588,8.4415,8.2346,8.278,498800,40
2009-09-25,8.276,8.3174,8.1726,8.2573,698100,39.9
2009-09-28,8.276,8.4829,8.2553,8.2987,708200,40.1
2009-09-29,8.4622,8.5864,8.276,8.3608,673200,40.4
2009-09-30,8.3381,8.3795,8.2967,8.3194,541000,40.2
2009-10-01,8.276,8.4415,8.1312,8.2159,572700,39.7
2009-10-02,8.1312,8.1312,7.676,7.9883,632100,38.6
2009-10-05,7.8415,8.007,7.8001,7.8641,680100,38
2009-10-06,7.8415,7.9657,7.8415,7.9055,508100,38.2
2009-10-07,7.8829,8.0484,7.8829,8.0296,305000,38.8
2009-10-08,7.8622,8.2139,7.8622,8.1745,543800,39.5
2009-10-09,8.276,8.4001,8.1726,8.3401,654200,40.3
2009-10-12,8.4829,8.7105,8.4208,8.5056,805100,41.1
2009-10-13,8.607,8.6691,8.276,8.2987,426300,40.1
2009-10-14,8.4829,8.6898,8.1932,8.6505,1556000,41.8
2009-10-15,8.8967,9.1036,8.6898,8.9402,1656200,43.2
2009-10-16,9.0002,9.2691,8.6484,8.6712,774600,41.9
2009-10-19,8.5864,9.1036,8.5864,9.1058,1110600,44
2009-10-20,9.2071,9.3312,9.2071,9.3334,1237000,45.1
2009-10-21,9.9105,9.9312,9.2898,9.3334,1316600,45.1
2009-10-22,9.3726,9.3726,8.9174,9.1472,929000,44.2
2009-10-23,9.145,9.3105,8.6484,8.6919,1111800,42
2009-10-26,8.4829,8.9795,8.4829,8.547,537200,41.3
2009-10-27,8.4829,8.6484,8.1105,8.278,942300,40
2009-10-28,8.3795,8.5036,8.1932,8.3815,727900,40.5
2009-10-29,8.1726,8.1726,7.8415,8.0296,594000,38.8
2009-10-30,8.3795,8.3795,7.9657,8.0917,781500,39.1
2009-11-02,8.0484,8.0484,7.5725,7.6778,744600,37.1
2009-11-03,7.6139,7.8622,7.3036,7.5744,609900,36.6
2009-11-04,7.345,7.7381,7.345,7.5744,562900,36.6
2009-11-05,7.6553,7.8829,7.6139,7.8641,408300,38
2009-11-06,8.0691,8.1105,7.6553,7.6571,325400,37
2009-11-09,7.8622,7.8622,7.407,7.533,436900,36.4
2009-11-10,7.7588,7.7588,7.345,7.4295,339000,35.9
2009-11-11,7.4484,7.7588,7.4277,7.7606,429100,37.5
2009-11-12,7.8622,7.8622,7.6139,7.6571,285700,37
2009-11-13,7.6967,7.7588,7.6139,7.6985,196600,37.2
2009-11-16,7.7174,7.7381,7.5725,7.5744,249900,36.6
2009-11-17,7.6553,7.6967,7.5519,7.5951,191700,36.7
2009-11-18,7.5519,7.7588,7.4691,7.6364,416300,36.9
2009-11-19,7.7588,7.9243,7.676,7.7192,456800,37.3
2009-11-20,7.8001,8.276,7.7174,8.1331,1421800,39.3
2009-11-23,8.3795,8.3795,7.6553,7.6571,274800,37
2009-11-24,7.7381,7.8622,7.5725,7.5951,350900,36.7
2009-11-25,7.6346,7.6346,7.1381,7.1605,718300,34.6
2009-11-26,6.9312,6.9312,6.7863,6.7879,556800,32.8
2009-11-27,6.476,7.2415,6.3311,6.8293,749000,33
2009-11-30,6.6622,7.0967,6.6415,7.0984,393200,34.3
2009-12-01,7.2829,7.4277,7.0346,7.4295,320900,35.9
2009-12-02,7.2415,7.2415,6.8691,6.9742,267400,33.7
2009-12-03,6.8277,7.1174,6.7863,6.9742,278600,33.7
2009-12-04,7.0346,7.1587,6.9312,7.0777,227200,34.2
2009-12-07,7.0139,7.076,6.9932,7.0156,197500,33.9
2009-12-08,7.0346,7.2415,6.8898,6.9949,307100,33.8
2009-12-09,7.076,7.076,6.5794,6.6638,280700,32.2
2009-12-10,6.7036,6.8277,6.4346,6.6224,164800,32
2009-12-11,6.6415,6.6415,6.1863,6.2085,425800,30
2009-12-14,6.207,6.5794,6.1036,6.5396,309700,31.6
2009-12-15,6.6208,6.6208,6.2691,6.2706,294700,30.3
2009-12-16,6.3725,6.3725,5.938,6.0015,331300,29
2009-12-17,6.0208,6.2898,5.938,6.2292,402700,30.1
2009-12-18,6.3725,6.4553,6.3311,6.4568,440800,31.2
2009-12-21,6.807,6.8691,6.5794,6.8707,464500,33.2
2009-12-22,6.9105,6.9312,6.6208,6.7052,312300,32.4
2009-12-23,6.5174,6.807,6.5174,6.7466,384500,32.6
2009-12-24,6.7656,6.9312,6.5794,6.8707,437700,33.2
2009-12-25,6.9105,6.9932,6.7863,6.9535,414200,33.6
2009-12-28,6.9312,6.9312,6.5174,6.6845,338000,32.3
2009-12-29,6.6208,6.6829,6.4139,6.4361,311200,31.1
2009-12-30,6.4967,6.7449,6.3725,6.6431,450800,32.1
2009-12-31,6.6208,6.8484,6.4553,6.5396,340400,31.6
2010-01-04,6.7243,7.0553,6.6415,7.057,595800,34.1
2010-01-05,7.2415,7.4277,6.9725,7.1812,724300,34.7
2010-01-06,7.2001,7.3656,6.9312,6.9328,423900,33.5
2010-01-07,6.8277,7.1381,6.8277,6.9121,398100,33.4
2010-01-08,7.2208,7.2208,6.7243,6.9121,416400,33.4
2010-01-11,6.9518,7.0346,6.7656,6.8293,249100,33
2010-01-12,6.8898,6.8898,6.4346,6.4775,350700,31.3
2010-01-13,6.476,6.7863,6.3105,6.6845,301900,32.3
2010-01-14,6.7449,6.8484,6.538,6.6017,216000,31.9
2010-01-15,6.7243,6.7243,6.5174,6.5603,247300,31.7
2010-01-18,6.3518,6.5174,6.3105,6.3327,228500,30.6
2010-01-19,6.3725,6.5794,6.3725,6.4361,158000,31.1
2010-01-20,6.4139,6.6208,6.3725,6.4154,189800,31
2010-01-21,6.207,6.3311,6.207,6.3327,228500,30.6
2010-01-22,6.3311,6.3725,6.1242,6.2913,303400,30.4
2010-01-25,6.2898,6.3105,6.207,6.312,158600,30.5
2010-01-26,6.3932,6.7036,6.2691,6.6845,270800,32.3
2010-01-27,6.6208,6.807,6.3311,6.374,279200,30.8
2010-01-28,6.4139,6.4967,6.3311,6.3327,135300,30.6
2010-01-29,6.3311,6.4139,6.3311,6.3947,122100,30.9
2010-02-01,6.5174,6.5174,6.3105,6.4154,88000,31
2010-02-02,6.5174,6.5174,6.3518,6.374,119500,30.8
2010-02-03,6.4139,6.4346,6.3105,6.374,194700,30.8
2010-02-04,6.3932,6.538,6.3725,6.4154,163300,31
2010-02-05,6.476,6.476,6.2277,6.3327,206400,30.6
2010-02-08,6.7243,6.7243,6.2898,6.3534,192100,30.7
2010-02-09,6.3105,6.3105,6.0829,6.1464,303500,29.7
2010-02-10,6.207,6.2898,6.1656,6.2292,129300,30.1
2010-02-11,6.2691,6.4139,6.207,6.4154,116500,31
2010-02-12,6.4139,6.476,6.3518,6.4154,90500,31
2010-02-22,6.476,6.538,6.4139,6.5189,77900,31.5
2010-02-23,6.207,6.3932,6.207,6.2913,178400,30.4
2010-02-24,6.207,6.3518,6.1863,6.2706,209200,30.3
2010-02-25,6.3105,6.3725,6.207,6.2499,284500,30.2
2010-02-26,6.2484,6.3105,6.0001,6.2085,398500,30
2010-03-01,6.207,6.3105,6.207,6.312,138000,30.5
2010-03-02,6.2691,6.3725,6.2691,6.312,133700,30.5
2010-03-03,6.3105,6.5174,6.2898,6.4775,229000,31.3
2010-03-04,6.5174,6.7243,6.4967,6.5189,309200,31.5
2010-03-05,6.5794,6.6001,6.4139,6.581,193300,31.8
2010-03-08,6.6208,6.7036,6.538,6.6638,295300,32.2
2010-03-09,6.6208,7.076,6.6208,7.0363,919300,34
2010-03-10,7.1381,7.2415,6.9312,6.9742,487000,33.7
2010-03-11,6.9725,7.0346,6.8691,6.8914,130000,33.3
2010-03-12,6.9312,6.9518,6.807,6.9535,271600,33.6
2010-03-15,7.0346,7.0346,6.7656,6.8086,258300,32.9
2010-03-16,6.6208,6.7656,6.5174,6.581,394700,31.8
2010-03-17,6.6829,6.6829,6.5174,6.6224,194300,32
2010-03-18,6.6001,6.807,6.5587,6.7879,268600,32.8
2010-03-19,6.8898,6.8898,6.6415,6.7052,196000,32.4
2010-03-22,6.7863,6.7863,6.5794,6.6638,100100,32.2
2010-03-23,6.5587,6.6208,6.5174,6.581,195000,31.8
2010-03-24,6.6208,6.6208,6.5174,6.581,81600,31.8
2010-03-25,6.538,6.5587,6.3932,6.4154,207300,31
2010-03-26,6.4346,6.476,6.3725,6.4154,219000,31
2010-03-29,6.3725,6.4346,6.3725,6.3947,138600,30.9
2010-03-30,6.3932,6.4139,6.3105,6.3327,178500,30.6
2010-03-31,6.2691,6.4346,6.2691,6.312,101800,30.5
2010-04-01,6.3311,6.4967,6.2691,6.4361,143200,31.1
2010-04-02,6.538,6.538,6.3105,6.3947,186200,30.9
2010-04-05,6.4139,6.5794,6.3932,6.5189,188400,31.5
2010-04-06,6.4553,6.5587,6.4139,6.4361,207700,31.1
2010-04-07,6.4139,6.5174,6.4139,6.5189,190200,31.5
2010-04-08,6.4967,6.8898,6.476,6.8914,1856700,33.3
2010-04-09,7.345,7.345,6.8277,6.8707,770800,33.2
2010-04-12,6.9312,6.9932,6.7449,6.8293,324700,33
2010-04-13,6.7863,6.807,6.6415,6.6431,485800,32.1
2010-04-14,6.8277,7.0346,6.7243,6.8707,685000,33.2
2010-04-15,7.0346,7.0967,6.8691,7.0156,682900,33.9
2010-04-16,6.4967,7.1381,6.4967,7.0363,838100,34
2010-04-19,7.2415,7.5519,7.076,7.4916,2032500,36.2
2010-04-20,7.6553,7.6553,7.1381,7.2432,592500,35
2010-04-21,7.2829,7.3863,7.2415,7.3053,753300,35.3
2010-04-22,7.345,7.4484,7.2001,7.2432,700500,35
2010-04-26,7.345,7.345,6.9932,7.0156,551200,33.9
2010-04-27,7.0553,7.1794,7.0346,7.0777,345800,34.2
2010-04-28,7.076,7.1174,6.9932,7.0156,409500,33.9
2010-04-29,7.0346,7.2829,7.0139,7.2225,541400,34.9
2010-05-04,7.3656,7.5725,7.3656,7.4088,574600,35.8
2010-05-05,7.5519,7.5519,7.2415,7.326,404300,35.4
2010-05-06,7.3036,7.6553,7.3036,7.5951,906900,36.7
2010-05-07,7.6346,7.6553,7.3656,7.6364,1098000,36.9
2010-05-10,7.665,7.9935,7.4898,7.995,1865400,36.5
2010-05-11,8.4972,8.4972,8.103,8.4988,1520200,38.8
2010-05-12,8.8695,9.0666,7.9059,7.9074,1315800,36.1
2010-05-13,7.6212,8.103,7.6212,7.6664,411600,35
2010-05-14,7.7745,7.7745,7.446,7.4474,659900,34
2010-05-17,7.4679,7.884,7.3803,7.4255,624600,33.9
2010-05-18,7.446,7.446,7.0518,7.1188,571700,32.5
2010-05-19,7.1613,7.1613,6.7014,6.8341,749300,31.2
2010-05-20,6.789,7.1175,6.4167,7.0093,649500,32
2010-05-21,6.8328,6.8985,6.3729,6.5712,1035600,30
2010-05-24,6.789,6.9204,6.57,6.8779,401000,31.4
2010-05-25,6.9861,7.008,6.7452,6.7684,432900,30.9
2010-05-26,6.6795,7.0956,6.6795,7.0093,357000,32
2010-05-27,6.9861,7.008,6.8985,6.8998,380200,31.5
2010-05-28,7.0737,7.4241,7.0737,7.3379,467800,33.5
2010-05-31,7.2927,7.2927,6.9642,7.0312,281500,32.1
2010-06-01,7.0956,7.1832,6.8985,6.9874,195800,31.9
2010-06-02,6.9861,7.0737,6.8328,6.9874,252100,31.9
2010-06-03,7.1175,7.227,6.9642,6.9655,200200,31.8
2010-06-04,7.1394,7.227,6.9423,6.9874,248600,31.9
2010-06-07,6.57,6.789,6.5481,6.6807,391300,30.5
2010-06-08,6.6357,6.8985,6.6357,6.8341,358400,31.2
2010-06-09,6.9642,6.9642,6.7233,6.7465,230500,30.8
2010-06-10,6.7452,6.789,6.7014,6.7684,112700,30.9
2010-06-11,6.7671,6.8985,6.7671,6.7684,148500,30.9
2010-06-14,6.8328,6.8766,6.7014,6.7903,256100,31
2010-06-15,6.789,6.8766,6.7233,6.7465,301700,30.8
2010-06-16,6.9642,6.9642,6.8109,6.8998,315000,31.5
2010-06-17,6.8985,6.9642,6.789,6.8998,323800,31.5
2010-06-18,6.9204,7.008,6.8766,6.9655,338200,31.8
2010-06-21,7.0518,7.0956,6.9204,6.9874,282800,31.9
2010-06-22,7.008,7.008,6.8328,6.8998,222800,31.5
2010-06-23,6.8109,6.9204,6.789,6.8998,142700,31.5
2010-06-24,6.8985,6.9642,6.8766,6.9655,283600,31.8
2010-06-25,6.8328,6.8985,6.7671,6.8122,222700,31.1
2010-06-28,6.7671,6.8766,6.7452,6.8341,257300,31.2
2010-06-29,6.8109,6.8766,6.8109,6.856,278100,31.3
2010-06-30,6.8328,6.8766,6.3948,6.7465,260300,30.8
2010-07-01,6.789,6.789,6.6795,6.7903,184700,31
2010-07-02,6.7233,6.8766,6.7014,6.856,227000,31.3
2010-07-05,6.7671,6.8985,6.7671,6.856,164100,31.3
2010-07-06,6.789,6.8547,6.7233,6.7684,425500,30.9
2010-07-07,6.8985,6.8985,6.7671,6.7684,220400,30.9
2010-07-08,6.8328,6.8328,6.789,6.8122,131400,31.1
2010-07-09,6.7671,6.8109,6.7452,6.7684,167700,30.9
2010-07-12,6.8985,6.9642,6.7452,6.8122,168600,31.1
2010-07-13,6.8109,6.9642,6.789,6.9436,78700,31.7
2010-07-14,6.9423,7.0737,6.8985,6.9217,180100,31.6
2010-07-15,6.9204,6.9204,6.8109,6.8122,48200,31.1
2010-07-16,6.789,6.8328,6.7452,6.8122,71500,31.1
2010-07-19,6.7452,6.789,6.7452,6.7684,82600,30.9
2010-07-20,6.7671,6.8328,6.7233,6.7684,88300,30.9
2010-07-21,6.7671,6.7671,6.7233,6.7245,66200,30.7
2010-07-22,6.789,6.789,6.6795,6.7026,78100,30.6
2010-07-23,6.7452,6.8328,6.6576,6.7245,125600,30.7
2010-07-26,6.7452,6.7452,6.6138,6.6369,65000,30.3
2010-07-27,6.6795,6.6795,6.6357,6.6588,87400,30.4
2010-07-28,6.6357,6.6357,6.5919,6.615,184000,30.2
2010-07-29,6.5919,6.6357,6.57,6.6369,125400,30.3
2010-07-30,6.5919,6.6576,6.5919,6.5931,56800,30.1
2010-08-02,6.57,6.6138,6.5262,6.5931,107300,30.1
2010-08-03,6.57,6.5919,6.5481,6.5931,122900,30.1
2010-08-04,6.5919,6.5919,6.5043,6.5712,115900,30
2010-08-05,6.5262,6.57,6.5043,6.5493,149100,29.9
2010-08-06,6.57,6.57,6.4605,6.4617,106100,29.5
2010-08-09,6.5043,6.5043,6.2853,6.3084,106700,28.8
2010-08-10,6.3729,6.3729,6.0225,6.155,215500,28.1
2010-08-11,6.0006,6.2415,5.9787,6.1989,138300,28.3
2010-08-12,6.1101,6.1101,5.8911,5.8922,175700,26.9
2010-08-13,5.913,6.132,5.913,6.0893,248400,27.8
2010-08-16,6.0444,6.3072,6.0444,6.2865,178600,28.7
2010-08-17,6.2415,6.2415,6.0225,6.1112,75000,27.9
2010-08-18,6.1539,6.1539,6.0663,6.0674,80200,27.7
2010-08-19,6.0882,6.0882,5.9787,6.0455,63900,27.6
2010-08-20,6.132,6.132,5.913,5.9579,190900,27.2
2010-08-23,6.1101,6.1101,5.8911,5.8922,94600,26.9
2010-08-24,5.8692,5.8692,5.5626,5.6074,175100,25.6
2010-08-25,5.5845,5.5845,5.2779,5.2789,307800,24.1
2010-08-26,5.256,5.475,5.1246,5.257,274600,24
2010-08-27,5.2998,5.2998,4.9932,5.0379,424700,23
2010-08-30,5.2779,5.4531,5.256,5.4541,238700,24.9
2010-08-31,5.694,5.694,5.4312,5.6293,183300,25.7
2010-09-01,5.7159,5.9568,5.475,5.936,388600,27.1
2010-09-06,5.9568,6.2196,5.8473,6.2208,245100,28.4
2010-09-07,6.1977,6.1977,5.913,5.9141,239000,27
2010-09-08,5.8911,5.9349,5.7159,5.8703,99500,26.8
2010-09-09,5.8254,6.2196,5.8254,6.1331,196500,28
2010-09-10,6.2196,6.2196,5.7159,5.8046,241200,26.5
2010-09-13,5.7159,5.8473,5.5845,5.6293,162800,25.7
2010-09-14,5.6721,5.8692,5.6721,5.8703,112600,26.8
2010-09-15,5.8473,5.8911,5.694,5.7608,161200,26.3
2010-09-16,5.8035,5.8692,5.8035,5.8703,60200,26.8
2010-09-17,5.9568,6.1758,5.913,6.1112,232000,27.9
2010-09-20,6.0882,6.2196,5.9349,5.9798,150000,27.3
2010-09-21,6.0663,6.1758,5.913,5.9579,159900,27.2
2010-09-22,5.9787,6.132,5.9787,6.1331,166700,28
2010-09-23,5.9787,6.0225,5.8911,5.9579,104900,27.2
2010-09-24,5.9349,6.0225,5.913,5.936,28400,27.1
2010-09-27,5.9787,6.0225,5.913,5.936,45100,27.1
2010-09-28,5.9787,6.0006,5.9349,5.936,101900,27.1
2010-09-29,5.9568,5.9787,5.8911,5.9141,103300,27
2010-09-30,5.913,5.913,5.8035,5.8703,119200,26.8
2010-10-01,5.8692,5.913,5.7816,5.8265,131800,26.6
2010-10-04,5.7816,5.8035,5.5188,5.6293,122700,25.7
2010-10-05,5.6064,5.8254,5.5188,5.6512,146900,25.8
2010-10-06,5.6721,5.9349,5.6502,5.8265,67500,26.6
2010-10-07,5.8254,6.0006,5.7597,5.8265,102400,26.6
2010-10-08,5.9787,6.1101,5.7597,5.8922,230300,26.9
2010-10-11,5.913,5.9568,5.8254,5.936,142700,27.1
2010-10-12,5.8911,5.913,5.7816,5.8046,82600,26.5
2010-10-13,5.475,5.8692,5.475,5.8703,48900,26.8
2010-10-14,5.7597,5.8911,5.7597,5.8703,88900,26.8
2010-10-15,5.7378,5.913,5.7378,5.9141,89100,27
2010-10-18,5.913,5.913,5.8692,5.8922,128500,26.9
2010-10-19,5.8911,5.8911,5.694,5.7608,116800,26.3
2010-10-20,5.6721,5.6721,5.5845,5.6074,172500,25.6
2010-10-21,5.3217,5.7378,5.3217,5.6732,54400,25.9
2010-10-22,5.694,5.694,5.5845,5.6293,47100,25.7
2010-10-25,5.6283,5.6721,5.5626,5.6512,65000,25.8
2010-10-26,5.8035,5.8911,5.694,5.7827,103500,26.4
2010-10-27,5.7597,5.7597,5.6502,5.6732,35700,25.9
2010-10-28,5.5845,5.694,5.5845,5.6951,38600,26
2010-10-29,5.694,5.7378,5.6721,5.6951,44000,26
2010-11-01,5.6502,5.694,5.5845,5.5855,69000,25.5
2010-11-02,5.6064,5.6064,5.4969,5.5198,110900,25.2
2010-11-03,5.5626,5.5626,5.4312,5.4541,79300,24.9
2010-11-04,5.4312,5.5626,5.4312,5.5417,135900,25.3
2010-11-05,5.694,5.7378,5.5845,5.6951,80500,26
2010-11-08,5.7159,5.7159,5.6283,5.6512,177300,25.8
2010-11-09,5.5188,5.5845,5.4312,5.4322,111100,24.8
2010-11-10,5.3655,5.475,5.3655,5.476,79800,25
2010-11-11,5.475,5.475,5.4312,5.476,68800,25
2010-11-12,5.4969,5.4969,5.256,5.3008,130700,24.2
2010-11-15,5.3217,5.3436,5.0808,5.1036,175600,23.3
2010-11-16,5.1684,5.1684,4.9056,4.9284,162900,22.5
2010-11-17,4.9494,5.1246,4.9494,5.1036,112200,23.3
2010-11-18,5.1465,5.2122,5.1027,5.1694,148000,23.6
2010-11-19,5.3655,5.3655,5.1246,5.1475,152400,23.5
2010-11-22,5.1027,5.1465,5.0151,5.016,127600,22.9
2010-11-23,5.037,5.1027,5.0151,5.0598,224600,23.1
2010-11-24,5.0808,5.1027,4.9932,5.0379,217500,23
2010-11-25,5.0808,5.2122,5.0808,5.1256,188500,23.4
2010-11-26,5.2341,5.2341,5.1246,5.1694,93800,23.6
2010-11-29,5.1465,5.475,5.1027,5.4541,174900,24.9
2010-11-30,5.256,5.6064,5.256,5.5636,357900,25.4
2010-12-01,5.5626,5.5845,5.3436,5.3884,221200,24.6
2010-12-02,5.694,5.8254,5.475,5.6951,696600,26
2010-12-03,5.913,6.0225,5.694,5.8703,1133700,26.8
2010-12-06,5.9568,6.0225,5.8035,5.8484,665000,26.7
2010-12-07,5.8911,5.9349,5.694,5.7389,1069100,26.2
2010-12-08,5.694,5.8035,5.5626,5.717,581100,26.1
2010-12-09,6.0278,6.0278,5.8829,6.0281,725600,20.8
2010-12-10,6.3176,6.4336,6.2307,6.4338,702100,22.2
2010-12-13,6.7234,6.8103,6.6654,6.8106,512700,23.5
2010-12-14,6.9552,6.9552,6.3756,6.4338,725200,22.2
2010-12-15,6.4046,6.6074,6.1438,6.173,707000,21.3
2010-12-16,6.0278,6.1148,5.9119,5.9412,773400,20.5
2010-12-17,6.0568,6.1148,5.5642,6.0281,984000,20.8
2010-12-20,6.1438,6.2597,6.0278,6.173,662000,21.3
2010-12-21,6.1727,6.2887,6.0278,6.202,266000,21.4
2010-12-22,6.2307,6.3176,5.9989,6.0571,317700,20.9
2010-12-23,6.0278,6.0858,5.854,5.9122,451700,20.4
2010-12-24,5.9119,6.0858,5.8829,5.9122,433800,20.4
2010-12-27,6.0278,6.0568,5.9119,5.9991,306400,20.7
2010-12-28,5.9989,6.1727,5.9699,6.1151,253400,21.1
2010-12-29,6.1438,6.1727,6.0278,6.0571,330500,20.9
2010-12-30,6.0858,6.1148,6.0278,6.0281,235400,20.8
2010-12-31,5.9409,6.0858,5.9409,6.0281,180400,20.8
2011-01-04,6.1148,6.1438,6.0278,6.1151,321400,21.1
2011-01-05,6.1148,6.1148,6.0278,6.0281,181100,20.8
2011-01-06,5.9699,6.0858,5.9699,6.0571,158700,20.9
2011-01-07,5.9989,6.0568,5.9699,5.9991,279800,20.7
2011-01-10,5.9989,5.9989,5.9119,5.9412,232400,20.5
2011-01-11,5.9409,5.9409,5.796,5.8252,406400,20.1
2011-01-12,5.9699,5.9699,5.796,5.8252,467900,20.1
2011-01-13,5.825,5.9119,5.825,5.8542,336400,20.2
2011-01-14,5.825,6.0858,5.825,6.0861,225100,21
2011-01-17,6.0858,6.0858,5.8829,5.8832,257100,20.3
2011-01-18,5.8829,5.9119,5.854,5.8832,418000,20.3
2011-01-19,5.9409,5.9699,5.796,5.9122,491800,20.4
2011-01-20,5.854,5.854,5.796,5.8252,308800,20.1
2011-01-21,5.796,5.9409,5.796,5.9412,307100,20.5
2011-01-24,5.9409,6.2887,5.9409,6.202,975300,21.4
2011-01-25,6.0858,6.2307,6.0278,6.144,300400,21.2
2011-01-26,6.1438,6.1727,6.0568,6.173,199000,21.3
2011-01-27,6.1727,6.2307,6.0858,6.173,143200,21.3
2011-01-28,6.2017,6.2307,6.1148,6.173,353000,21.3
2011-02-08,6.3466,6.4625,6.1727,6.3469,375400,21.9
2011-02-09,6.5785,6.8103,6.3756,6.7237,1150600,23.2
2011-02-10,6.7813,6.8683,6.4046,6.6657,464000,23
2011-02-11,6.6364,6.7523,6.5495,6.7526,608700,23.3
2011-02-14,6.7813,6.8103,6.5785,6.6657,349100,23
2011-02-15,6.6074,6.6654,6.4336,6.6077,428600,22.8
2011-02-16,6.6364,6.7813,6.5785,6.6367,495800,22.9
2011-02-17,6.6654,6.7813,6.5205,6.5498,344600,22.6
2011-02-18,6.5205,6.6074,6.3756,6.4338,370500,22.2
2011-02-21,6.0278,6.3756,6.0278,6.0281,893100,20.8
2011-02-22,5.8829,6.3466,5.825,6.3469,403200,21.9
2011-02-23,6.1727,6.3756,6.1438,6.3759,256600,22
2011-02-24,6.3756,6.6074,6.0568,6.5208,567000,22.5
2011-02-25,6.5785,6.5785,6.3756,6.5208,263800,22.5
2011-02-28,6.5495,6.7523,6.4625,6.7526,891800,23.3
2011-03-01,6.6364,6.6364,6.4046,6.5208,180700,22.5
2011-03-02,6.5495,6.5495,6.2017,6.231,279400,21.5
2011-03-03,6.0278,6.3176,6.0278,6.173,174600,21.3
2011-03-04,6.1727,6.2307,6.0278,6.202,216100,21.4
2011-03-07,6.1727,6.2597,6.1438,6.173,145900,21.3
2011-03-08,6.1438,6.3176,6.0858,6.173,301200,21.3
2011-03-09,6.0858,6.1727,5.9989,6.144,216600,21.2
2011-03-10,6.1148,6.5495,6.1148,6.5498,395700,22.6
2011-03-11,6.6074,6.7234,6.5205,6.6077,818800,22.8
2011-03-14,6.5495,6.5495,6.2307,6.26,423700,21.6
2011-03-15,6.0278,6.1727,5.9409,6.0571,680300,20.9
2011-03-16,5.9409,6.1727,5.9409,6.173,358700,21.3
2011-03-17,6.0568,6.2887,6.0568,6.26,428300,21.6
2011-03-18,6.2597,6.6074,6.2307,6.6077,725500,22.8
2011-03-21,6.4046,6.6654,6.4046,6.4628,519700,22.3
2011-03-22,6.3756,6.3756,6.2017,6.231,277400,21.5
2011-03-23,6.2597,6.3176,6.1148,6.3179,145300,21.8
2011-03-24,6.2597,6.3176,6.2017,6.202,305600,21.4
2011-03-25,6.2307,6.2307,6.1727,6.231,190400,21.5
2011-03-28,6.2017,6.2307,6.2017,6.231,191300,21.5
2011-03-29,6.0858,6.2017,6.0858,6.144,222300,21.2
2011-03-30,6.1148,6.1438,6.0278,6.144,142500,21.2
2011-03-31,6.2307,6.2307,6.0858,6.1151,77500,21.1
2011-04-01,6.1148,6.1148,6.0278,6.0571,173500,20.9
2011-04-04,6.0568,6.0568,5.9989,5.9991,124900,20.7
2011-04-05,6.0568,6.0858,5.9989,5.9991,133900,20.7
2011-04-06,6.0278,6.1727,6.0278,6.173,122500,21.3
2011-04-07,6.1148,6.1727,6.0568,6.0571,41800,20.9
2011-04-08,5.9989,6.2017,5.9989,6.0861,86300,21
2011-04-13,5.9409,6.0858,5.9409,6.0281,76600,20.8
2011-04-14,6.2597,6.2887,5.9989,6.0571,70800,20.9
2011-04-15,6.0278,6.0858,6.0278,6.0861,182100,21
2011-04-18,6.0278,6.0858,5.9119,5.9412,215200,20.5
2011-04-19,5.9699,5.9699,5.825,5.9412,172600,20.5
2011-04-20,5.8829,5.9409,5.8829,5.9122,195900,20.4
2011-04-21,5.9119,5.9699,5.854,5.8832,242400,20.3
2011-04-22,5.8829,5.8829,5.796,5.8542,141600,20.2
2011-04-25,5.796,6.0278,5.796,5.9122,295300,20.4
2011-04-26,5.9409,5.9409,5.796,5.7963,96000,20
2011-04-27,5.825,5.8829,5.767,5.7963,100700,20
2011-04-28,5.9409,5.9409,5.796,5.8252,107500,20.1
2011-04-29,5.825,6.1148,5.825,5.9701,677200,20.6
2011-05-04,5.796,6.0278,5.796,6.0281,105200,20.8
2011-05-05,5.9409,5.9409,5.854,5.8542,206000,20.2
2011-05-06,5.854,5.8829,5.825,5.8832,323300,20.3
2011-05-09,5.854,5.8829,5.767,5.7963,432400,20
2011-05-10,5.796,5.825,5.767,5.7963,536700,20
2011-05-11,5.796,5.796,5.738,5.7673,307900,19.9
2011-05-12,5.9409,5.9409,5.6801,5.7383,169400,19.8
2011-05-13,5.7091,5.796,5.6801,5.7093,235000,19.7
2011-05-16,5.7091,5.738,5.6221,5.6514,259300,19.5
2011-05-17,5.6511,5.6801,5.5062,5.5354,349300,19.1
2011-05-18,5.5352,5.5352,5.3323,5.3905,303300,18.6
2011-05-19,5.4193,5.4193,5.3033,5.3036,285400,18.3
2011-05-20,5.3613,5.5062,5.2744,5.3036,285800,18.3
2011-05-23,5.2744,5.2744,4.9556,4.9558,311100,17.1
2011-05-24,4.7817,4.7817,4.6658,4.666,329500,16.1
2011-05-25,4.6948,4.6948,4.376,4.3762,335800,15.1
2011-05-26,4.1152,4.6658,4.0862,4.579,188200,15.8
2011-05-27,4.5788,4.6658,4.5788,4.666,290100,16.1
2011-05-30,4.6948,4.7817,4.5209,4.5501,100800,15.7
2011-05-31,4.4919,4.6368,4.4919,4.637,47400,16
2011-06-01,4.5788,4.8976,4.5788,4.8978,101300,16.9
2011-06-02,4.8976,5.1295,4.8976,5.1297,539400,17.7
2011-06-03,5.2164,5.4482,4.9266,5.0138,275400,17.3
2011-06-06,4.9266,4.9556,4.8397,4.8978,95700,16.9
2011-06-07,4.8976,5.1874,4.8976,5.1877,231900,17.9
2011-06-08,5.2744,5.2744,5.0135,5.0717,213800,17.5
2011-06-09,4.8397,5.1874,4.8397,5.1007,113100,17.6
2011-06-10,5.1874,5.3903,5.1584,5.2166,183100,18
2011-06-13,5.3323,5.6221,5.2744,5.5934,943200,19.3
2011-06-14,5.5062,5.5352,5.1874,5.2746,349600,18.2
2011-06-15,5.5931,5.5931,5.1005,5.1007,535200,17.6
2011-06-16,5.1584,5.5062,5.1295,5.3905,335000,18.6
2011-06-17,5.5062,5.5642,5.1295,5.4195,1072300,18.7
2011-06-20,5.2164,5.3323,5.1584,5.1877,319000,17.9
2011-06-21,5.2164,5.3323,5.1874,5.3036,53000,18.3
2011-06-22,5.2164,5.2744,5.1874,5.2166,205700,18
2011-06-23,5.2164,5.2164,5.0135,5.0717,77700,17.5
2011-06-24,5.2164,5.3033,5.0715,5.1877,192100,17.9
2011-06-27,5.5062,5.6221,5.1295,5.2456,249700,18.1
2011-06-28,5.3903,5.738,5.2164,5.2746,259500,18.2
2011-06-29,5.3903,5.825,5.2164,5.3036,470800,18.3
2011-06-30,5.2454,5.738,5.2164,5.5064,278500,19
2011-07-01,5.3613,5.3613,5.0715,5.0717,86600,17.5
2011-07-04,5.0135,5.0135,4.8107,4.8399,122400,16.7
2011-07-05,4.9266,5.1005,4.9266,5.0717,52000,17.5
2011-07-06,5.0135,5.0135,4.8686,4.9268,37200,17
2011-07-07,4.9846,4.9846,4.8976,4.8978,16600,16.9
2011-07-08,5.0425,5.0425,4.8976,4.9848,38000,17.2
2011-07-11,4.8686,4.8976,4.8397,4.8978,22300,16.9
2011-07-12,4.8397,4.9556,4.8107,4.9558,59000,17.1
2011-07-13,4.9266,4.9266,4.8686,4.9268,43600,17
2011-07-14,4.9266,4.9266,4.8686,4.9268,43900,17
2011-07-15,4.9556,4.9556,4.8397,4.8689,70400,16.8
2011-07-18,4.8686,4.8686,4.8397,4.8689,72500,16.8
2011-07-19,4.8107,4.8686,4.8107,4.8689,13100,16.8
2011-07-20,4.8397,4.9556,4.8397,4.9268,36200,17
2011-07-21,4.8976,4.9556,4.8976,4.9268,39000,17
2011-07-22,4.9266,4.9266,4.8976,4.8978,29000,16.9
2011-07-25,4.8107,4.8976,4.8107,4.8978,15400,16.9
2011-07-26,4.8397,4.8976,4.8107,4.8689,28600,16.8
2011-07-27,4.8976,4.8976,4.8686,4.8689,45700,16.8
2011-07-28,4.8976,4.9556,4.8686,4.9268,44500,17
2011-07-29,4.8976,4.9266,4.8686,4.8978,84200,16.9
2011-08-01,4.8976,4.8976,4.8686,4.8978,70400,16.9
2011-08-02,4.8686,4.8686,4.7817,4.8109,115300,16.6
2011-08-03,4.7527,4.8107,4.7527,4.7529,30600,16.4
2011-08-04,4.7527,4.9266,4.7527,4.8109,136400,16.6
2011-08-05,4.5209,4.8686,4.5209,4.8109,25100,16.6
2011-08-08,4.7817,4.7817,4.5209,4.637,118300,16
2011-08-09,4.405,4.4629,4.318,4.3472,80200,15
2011-08-10,4.405,4.6078,4.376,4.4341,54400,15.3
2011-08-11,4.347,4.376,4.289,4.2892,77400,14.8
2011-08-12,4.347,4.347,4.289,4.3182,19000,14.9
2011-08-15,4.318,4.347,4.318,4.3182,9100,14.9
2011-08-16,4.376,4.405,4.376,4.3762,32300,15.1
2011-08-17,4.4339,4.4919,4.376,4.4631,66300,15.4
2011-08-18,4.4919,4.5788,4.4629,4.5501,53000,15.7
2011-08-19,4.4919,4.4919,4.318,4.3472,105200,15
2011-08-22,4.4919,4.6658,4.4339,4.637,181500,16
2011-08-23,4.6078,4.6078,4.405,4.579,110000,15.8
2011-08-24,4.7237,4.7237,4.4339,4.4631,62700,15.4
2011-08-25,4.4919,4.6368,4.4919,4.608,87000,15.9
2011-08-26,4.5499,4.6078,4.5209,4.579,92700,15.8
2011-08-29,4.6368,4.7817,4.6368,4.7529,194500,16.4
2011-08-30,4.7817,5.0425,4.6948,4.8689,255700,16.8
2011-08-31,4.9266,4.9266,4.7237,4.8399,558200,16.7
2011-09-01,4.6368,4.9266,4.6368,4.8978,179700,16.9
2011-09-05,4.8976,4.9846,4.7817,4.8109,122800,16.6
2011-09-06,4.8976,4.8976,4.7527,4.7819,49600,16.5
2011-09-07,4.8686,5.0715,4.8686,5.0717,271100,17.5
2011-09-08,5.2164,5.2744,5.0425,5.0717,211900,17.5
2011-09-09,5.2164,5.2454,5.0715,5.0717,221200,17.5
2011-09-12,5.1874,5.3323,5.1005,5.2166,147400,18
2011-09-13,5.1874,5.3323,5.1584,5.2166,159000,18
2011-09-14,5.2454,5.2744,4.9556,4.9558,179200,17.1
2011-09-15,5.0425,5.0425,4.9556,5.0138,133600,17.3
2011-09-16,5.0715,5.1584,4.9556,4.9848,199300,17.2
2011-09-19,5.0715,5.1584,4.9556,5.1587,93900,17.8
2011-09-20,5.0425,5.0715,4.9846,5.0717,105800,17.5
2011-09-21,4.9556,5.0715,4.9556,5.0427,78800,17.4
2011-09-22,4.9266,5.0715,4.9266,5.0427,101500,17.4
2011-09-23,4.9846,5.0135,4.8107,4.8978,279900,16.9
2011-09-26,4.8397,4.9846,4.8397,4.8689,75300,16.8
2011-09-27,4.9266,4.9266,4.8397,4.8978,131000,16.9
2011-09-28,5.0135,5.0135,4.8686,4.8978,15800,16.9
2011-09-29,4.8686,4.8686,4.7237,4.7819,177100,16.5
2011-09-30,4.7527,4.7817,4.6078,4.666,228000,16.1
2011-10-03,4.6078,4.6368,4.5209,4.579,198500,15.8
2011-10-04,4.5209,4.5499,4.4339,4.4921,155800,15.5
2011-10-05,4.5209,4.5209,4.4339,4.4341,160200,15.3
2011-10-06,4.4629,4.5499,4.4339,4.5501,190900,15.7
2011-10-07,4.4919,4.5788,4.4919,4.5211,115300,15.6
2011-10-10,4.5209,4.5209,4.4919,4.5211,31300,15.6
2011-10-11,4.5209,4.6948,4.4629,4.4631,139600,15.4
2011-10-12,4.5209,4.5209,4.405,4.4631,59900,15.4
2011-10-13,4.4339,4.5499,4.4339,4.5501,48300,15.7
2011-10-14,4.4629,4.4919,4.4629,4.4921,34900,15.5
2011-10-17,4.5209,4.5209,4.4339,4.4631,31400,15.4
2011-10-18,4.4629,4.4629,4.347,4.3472,271200,15
2011-10-19,4.376,4.405,4.318,4.3762,66700,15.1
2011-10-20,4.318,4.347,4.289,4.3472,124800,15
2011-10-21,4.4339,4.4339,4.318,4.3762,169700,15.1
2011-10-24,4.4919,4.4919,4.376,4.3762,21600,15.1
2011-10-25,4.376,4.376,4.318,4.3472,24000,15
2011-10-26,4.2021,4.4339,4.2021,4.4341,50700,15.3
2011-10-27,4.376,4.376,4.347,4.3762,19400,15.1
2011-10-28,4.376,4.5499,4.376,4.4631,288800,15.4
2011-10-31,4.5209,4.5209,4.318,4.3472,139300,15
2011-11-01,4.347,4.347,4.289,4.3182,67400,14.9
2011-11-02,4.289,4.347,4.2021,4.2313,236400,14.6
2011-11-03,4.2311,4.2311,4.1152,4.1153,224900,14.2
2011-11-04,4.1731,4.1731,4.0862,4.0864,82900,14.1
2011-11-07,4.0572,4.1152,3.9992,3.9994,105000,13.8
2011-11-08,3.9992,4.0572,3.9703,4.0284,94100,13.9
2011-11-09,4.1441,4.1731,4.0282,4.0574,147900,14
2011-11-10,4.0572,4.0862,3.9992,4.0574,70000,14
2011-11-11,4.0572,4.0572,3.9992,3.9994,55800,13.8
2011-11-14,4.0282,4.0282,3.9123,3.9415,71500,13.6
2011-11-15,3.9123,3.9413,3.8543,3.9415,116000,13.6
2011-11-16,3.9123,4.1152,3.9123,4.1153,93800,14.2
2011-11-17,4.0572,4.0572,3.9413,3.9415,31500,13.6
2011-11-18,3.9123,3.9413,3.8833,3.9125,78800,13.5
2011-11-21,3.9123,3.9413,3.6515,3.8545,121900,13.3
2011-11-22,3.8254,3.8254,3.6805,3.7386,145300,12.9
2011-11-23,3.8833,3.8833,3.7964,3.8835,54700,13.4
2011-11-24,3.9413,3.9413,3.7964,3.8255,27400,13.2
2011-11-25,3.8254,3.8254,3.7674,3.7966,41000,13.1
2011-11-28,3.8543,3.9123,3.7964,3.7966,101300,13.1
2011-11-29,3.9123,3.9703,3.8254,3.8255,46500,13.2
2011-11-30,3.9123,3.9123,3.6515,3.6516,117200,12.6
2011-12-01,3.7384,3.8833,3.7094,3.7676,47800,13
2011-12-02,3.7964,3.8254,3.7384,3.8255,18400,13.2
2011-12-05,3.8833,4.0282,3.8254,3.9994,73700,13.8
2011-12-06,4.0282,4.0862,3.8254,3.9125,109400,13.5
2011-12-07,3.8543,3.8543,3.7964,3.8255,33400,13.2
2011-12-08,3.8254,3.8254,3.7674,3.7676,79900,13
2011-12-09,3.8543,3.8543,3.7094,3.7096,58300,12.8
2011-12-12,3.7674,3.8833,3.7674,3.8255,228200,13.2
2011-12-13,3.7964,3.8254,3.7384,3.7676,192200,13
2011-12-14,3.7674,3.7674,3.6805,3.7096,342700,12.8
2011-12-15,3.7384,3.9992,3.5935,3.9994,412300,13.8
2011-12-16,3.9123,3.9992,3.7964,3.7966,549900,13.1
2011-12-19,3.7964,4.0282,3.7674,3.7676,179500,13
2011-12-20,3.8254,3.8254,3.6805,3.7096,39200,12.8
2011-12-21,3.7674,3.8543,3.7094,3.7676,26500,13
2011-12-22,3.7964,3.8833,3.5066,3.5937,196200,12.4
2011-12-23,3.6225,3.8833,3.6225,3.7096,382900,12.8
2011-12-26,3.8254,4.0572,3.6805,3.7386,464500,12.9
2011-12-27,3.6515,4.1441,3.6515,3.8835,425700,13.4
2011-12-28,4.0282,4.289,3.9413,4.0574,1065600,14
2011-12-29,4.0282,4.4629,4.0282,4.1733,750300,14.4
2011-12-30,4.347,4.4629,4.1731,4.2603,596900,14.7
2012-01-03,4.1441,4.1441,4.1152,4.1153,77900,14.2
2012-01-04,3.8543,3.9123,3.8543,3.8545,285700,13.3
2012-01-05,3.7674,3.8254,3.6225,3.7676,446500,13
2012-01-06,3.7094,3.7094,3.6225,3.6806,94100,12.7
2012-01-09,3.6225,3.6515,3.5645,3.6227,125400,12.5
2012-01-10,3.6225,3.6805,3.6225,3.6516,236700,12.6
2012-01-11,3.7094,3.7094,3.6225,3.6227,169800,12.5
2012-01-12,3.6515,3.6805,3.5935,3.6227,147000,12.5
2012-01-13,3.6805,3.6805,3.6225,3.6806,138900,12.7
2012-01-16,3.6805,3.7094,3.6515,3.6806,201000,12.7
2012-01-17,3.6515,3.7094,3.6515,3.6806,371700,12.7
2012-01-18,3.6805,3.7094,3.6805,3.7096,115600,12.8
2012-01-19,3.7094,3.7964,3.6805,3.7966,271700,13.1
2012-01-20,3.7964,3.7964,3.7674,3.7966,180600,13.1
2012-01-30,3.8254,3.9413,3.7674,3.8835,192000,13.4
2012-01-31,3.8833,4.0862,3.8833,4.0284,867100,13.9
2012-02-01,3.9413,4.0282,3.8833,3.9994,374700,13.8
2012-02-02,3.9992,4.2021,3.9992,4.1733,449500,14.4
2012-02-03,4.2021,4.2021,3.9703,3.9704,449800,13.7
2012-02-06,4.0572,4.0572,3.7964,3.9125,408400,13.5
2012-02-07,3.9413,3.9413,3.8254,3.9125,552400,13.5
2012-02-08,4.0282,4.0572,3.9123,4.0574,705300,14
2012-02-09,4.0572,4.0572,3.9413,3.9994,734500,13.8
2012-02-10,4.0282,4.0282,3.8543,3.8835,387800,13.4
2012-02-13,3.8833,3.8833,3.7674,3.7966,366600,13.1
2012-02-14,3.7964,3.8543,3.7964,3.8255,536100,13.2
2012-02-15,3.8543,3.8833,3.7094,3.7386,716700,12.9
2012-02-16,3.7674,3.8254,3.7384,3.8255,811300,13.2
2012-02-17,3.7964,3.9703,3.7964,3.9415,799600,13.6
2012-02-20,4.0282,4.1152,3.9703,4.0864,1077100,14.1
2012-02-21,4.1152,4.1441,3.9703,3.9994,944300,13.8
2012-02-22,3.9992,4.1152,3.9123,4.0864,724500,14.1
2012-02-23,4.0862,4.2601,4.0862,4.2023,1045700,14.5
2012-02-24,4.347,4.4919,4.289,4.4921,2887500,15.5
2012-02-27,4.6368,4.7817,4.6078,4.7819,2486400,16.5
2012-02-28,4.8976,4.8976,4.5788,4.637,1713400,16
2012-02-29,4.7817,4.9556,4.6368,4.8399,2498100,16.7
2012-03-01,4.8686,4.8686,4.6368,4.695,1903900,16.2
2012-03-02,4.7817,4.9266,4.6658,4.7819,1536500,16.5
2012-03-05,5.0135,5.0715,4.8686,5.0717,2854600,17.5
2012-03-06,5.1005,5.3903,4.7527,4.8109,3504100,16.6
2012-03-07,4.9266,5.0715,4.6368,4.7819,2472400,16.5
2012-03-08,4.7817,4.7817,4.4919,4.5501,1977300,15.7
2012-03-09,4.6078,4.6368,4.4919,4.608,1214200,15.9
2012-03-12,4.5499,4.5788,4.2601,4.3182,2303200,14.9
2012-03-13,4.289,4.405,4.2601,4.3762,1643500,15.1
2012-03-14,4.405,4.4339,4.1731,4.2023,1924200,14.5
2012-03-15,4.5823,4.9696,4.5823,4.9378,1372900,15.3
2012-03-16,4.9373,5.0987,4.8405,4.9055,2750500,15.2
2012-03-19,4.9373,5.2923,4.8405,5.2605,3458300,16.3
2012-03-20,5.26,5.4859,5.2277,5.4542,2910700,16.9
2012-03-21,5.4214,5.615,5.4214,5.4542,2597100,16.9
2012-03-22,5.4536,5.4536,5.2923,5.3573,2312900,16.6
2012-03-23,5.3891,5.5182,5.3246,5.4864,2622300,17
2012-03-26,5.4214,5.5504,5.3891,5.4219,2193200,16.8
2012-03-27,5.3246,5.4214,5.0664,5.0669,2543000,15.7
2012-03-28,4.8405,5.2923,4.8405,5.2605,2377700,16.3
2012-03-29,5.3568,5.4214,5.1309,5.2283,2112900,16.2
2012-03-30,5.2277,5.2923,5.1632,5.196,1908500,16.1
2012-04-03,5.1632,5.4859,5.1632,5.4542,2293400,16.9
2012-04-04,5.4859,5.4859,5.3246,5.3251,1954900,16.5
2012-04-05,5.1955,5.4536,5.1632,5.3896,1083100,16.7
2012-04-06,5.3891,5.4536,5.26,5.2928,1610700,16.4
2012-04-09,5.2923,5.4536,5.26,5.4219,922000,16.8
2012-04-10,5.26,5.4859,5.26,5.2928,1452700,16.4
2012-04-11,5.4214,5.615,5.3568,5.551,1929800,17.2
2012-04-12,5.4859,5.615,5.4214,5.4542,2493300,16.9
2012-04-13,5.4859,5.7441,5.4536,5.6155,3438400,17.4
2012-04-16,5.7441,6.0345,5.6795,6.0351,3344900,18.7
2012-04-17,6.0345,6.3572,6.0345,6.1319,2661500,19
2012-04-18,6.1313,6.1958,5.9377,6.0351,2111700,18.7
2012-04-19,5.97,5.97,5.6795,5.7124,2887500,17.7
2012-04-20,5.6473,5.97,5.6473,5.8092,2458500,18
2012-04-23,5.8086,5.9377,5.6473,5.7446,1434900,17.8
2012-04-24,5.7441,5.9377,5.6795,5.8737,1385600,18.2
2012-04-25,6.0022,6.0668,5.8731,5.906,1579400,18.3
2012-04-26,5.9377,5.97,5.8086,5.8092,1378700,18
2012-04-27,5.8409,5.9377,5.8086,5.906,825400,18.3
2012-05-02,5.9054,5.9377,5.8086,5.8737,1582600,18.2
2012-05-03,5.8409,5.9054,5.8086,5.8737,1195900,18.2
2012-05-04,5.8731,6.1636,5.8731,6.0996,1920600,18.9
2012-05-07,6.1313,6.4863,6.1313,6.4869,4090200,20.1
2012-05-08,6.7767,6.9381,6.3895,6.4546,2842100,20
2012-05-09,6.5831,6.6154,6.3895,6.4546,2046100,20
2012-05-10,6.454,6.6154,6.2927,6.3578,2286900,19.7
2012-05-11,6.3572,6.3895,6.1958,6.2287,2841400,19.3
2012-05-14,6.1958,6.3249,5.8409,5.9383,3061700,18.4
2012-05-15,5.9377,6.099,5.8409,5.9705,3433100,18.5
2012-05-16,6.0022,6.0668,5.9377,6.0674,1963900,18.8
2012-05-17,6.1313,6.1313,5.8731,5.8737,1498600,18.2
2012-05-18,5.9054,5.9054,5.6473,5.7769,2220800,17.9
2012-05-21,5.7763,6.0668,5.7763,6.0028,1327500,18.6
2012-05-22,6.099,6.1958,6.0345,6.0351,2373400,18.7
2012-05-23,6.3193,6.3193,5.7415,5.7424,1451800,15.9
2012-05-24,5.7415,5.8498,5.4887,5.7063,1257400,15.8
2012-05-25,5.8498,6.0304,5.7415,6.0314,1726600,16.7
2012-05-28,6.3193,6.3193,6.0304,6.0314,1996500,16.7
2012-05-29,5.9943,6.0665,5.8859,5.923,603600,16.4
2012-05-30,6.1026,6.1026,5.922,6.0675,893400,16.8
2012-05-31,6.0304,6.0304,5.8498,5.8869,1079600,16.3
2012-06-01,6.1026,6.1026,5.8498,5.8869,960800,16.3
2012-06-04,5.7776,5.7776,5.4887,5.5618,1449800,15.4
2012-06-05,5.4887,5.6693,5.4887,5.6341,809200,15.6
2012-06-06,5.5609,5.7415,5.5248,5.6341,840000,15.6
2012-06-07,5.7415,5.9943,5.7054,5.8869,920700,16.3
2012-06-08,5.922,5.9943,5.7415,5.7785,1040800,16
2012-06-11,5.8859,5.9582,5.7776,5.8869,928600,16.3
2012-06-12,5.7054,5.8498,5.7054,5.7424,721400,15.9
2012-06-13,5.7415,5.8137,5.7054,5.7424,682100,15.9
2012-06-14,5.7776,5.7776,5.6693,5.7063,577000,15.8
2012-06-15,5.7415,5.8498,5.7054,5.7785,823000,16
2012-06-18,5.8498,5.9582,5.7776,5.8147,938900,16.1
2012-06-19,5.8137,5.8137,5.7054,5.7424,555700,15.9
2012-06-20,5.8137,5.8137,5.7415,5.7424,366400,15.9
2012-06-21,5.7776,5.7776,5.7054,5.7063,464200,15.8
2012-06-22,5.7776,5.7776,5.6693,5.7063,523300,15.8
2012-06-25,5.6332,5.7054,5.5609,5.5618,794700,15.4
2012-06-26,5.5609,5.5971,5.4526,5.5618,904900,15.4
2012-06-27,5.5609,5.7054,5.5609,5.5618,423700,15.4
2012-06-28,5.4887,5.6332,5.3082,5.598,443700,15.5
2012-06-29,5.7054,5.7054,5.4887,5.5618,281000,15.4
2012-07-02,5.6693,5.7415,5.4526,5.4535,311000,15.1
2012-07-03,5.4887,5.5248,5.3082,5.4174,621300,15
2012-07-04,5.4887,5.4887,5.3082,5.309,294000,14.7
2012-07-05,5.3082,5.5248,5.236,5.5257,594300,15.3
2012-07-06,5.5248,5.5609,5.4165,5.4535,355300,15.1
2012-07-09,5.4526,5.4526,5.236,5.2368,260600,14.5
2012-07-10,5.2721,5.3082,5.1998,5.2729,175600,14.6
2012-07-11,5.236,5.3443,5.236,5.3452,217900,14.8
2012-07-12,5.3082,5.4165,5.3082,5.3813,188200,14.9
2012-07-13,5.3804,5.5971,5.3804,5.5257,730500,15.3
2012-07-16,5.5971,5.7054,5.4526,5.598,595100,15.5
2012-07-17,5.5609,5.7776,5.5248,5.7785,1210200,16
2012-07-18,5.7054,5.7776,5.6332,5.6702,341500,15.7
2012-07-19,5.5971,5.922,5.5971,5.8869,1261800,16.3
2012-07-20,5.8859,5.9582,5.7415,5.7785,1267800,16
2012-07-23,5.6693,5.7415,5.6332,5.6341,700600,15.6
2012-07-24,5.6332,5.6332,5.4887,5.5257,713900,15.3
2012-07-25,5.4887,5.5609,5.4526,5.5257,485400,15.3
2012-07-26,5.5609,5.5971,5.4887,5.5257,385800,15.3
2012-07-27,5.5971,5.5971,5.4887,5.4896,438900,15.2
2012-07-30,5.4887,5.4887,5.4165,5.4896,396800,15.2
2012-07-31,5.5248,5.5248,5.4165,5.4535,190100,15.1
2012-08-01,5.4526,5.5248,5.3804,5.3813,282200,14.9
2012-08-02,5.4165,5.4887,5.4165,5.4174,220600,15
2012-08-03,5.4165,5.4526,5.3804,5.4174,142200,15
2012-08-06,5.4165,5.6693,5.4165,5.6341,517800,15.6
2012-08-07,5.6332,5.7054,5.5248,5.598,546700,15.5
2012-08-08,5.5971,5.6693,5.5609,5.6341,499900,15.6
2012-08-09,5.6332,5.7054,5.5609,5.598,553000,15.5
2012-08-10,5.5971,5.5971,5.5248,5.5618,222800,15.4
2012-08-13,5.5609,5.5971,5.5248,5.5618,659300,15.4
2012-08-14,5.5248,5.5971,5.5248,5.5618,228400,15.4
2012-08-15,5.5609,5.5609,5.4887,5.5257,428600,15.3
2012-08-16,5.5248,5.5609,5.4887,5.4896,407300,15.2
2012-08-17,5.4887,5.7054,5.4887,5.6341,922900,15.6
2012-08-20,5.6332,5.7415,5.6332,5.6702,391300,15.7
2012-08-21,5.6693,5.6693,5.3082,5.309,2830800,14.7
2012-08-22,5.0554,5.4165,5.0554,5.309,1123800,14.7
2012-08-23,5.3443,5.3443,4.9471,5.0201,2917000,13.9
2012-08-24,4.911,5.3082,4.911,5.309,1275800,14.7
2012-08-27,5.3082,5.3082,4.9832,5.0562,1309100,14
2012-08-28,5.0554,5.3443,5.0554,5.309,1079700,14.7
2012-08-29,5.3443,5.4887,5.3443,5.4535,765900,15.1
2012-08-30,5.4526,5.4887,5.3804,5.4174,477400,15
2012-08-31,5.3804,5.5248,5.3082,5.5257,957800,15.3
2012-09-04,5.5248,5.5609,5.4526,5.5257,488700,15.3
2012-09-05,5.5248,5.5609,5.3443,5.3813,966600,14.9
2012-09-06,5.3443,5.4526,5.3443,5.3813,338500,14.9
2012-09-07,5.3804,5.4887,5.3804,5.4896,718900,15.2
2012-09-10,5.4887,5.4887,5.3082,5.3452,919200,14.8
2012-09-11,5.3443,5.4526,5.3082,5.4535,430400,15.1
2012-09-12,5.0554,5.4887,5.0554,5.3813,465300,14.9
2012-09-13,5.3443,5.4887,5.3443,5.4896,519300,15.2
2012-09-14,5.4887,5.6693,5.4887,5.6341,1633400,15.6
2012-09-17,5.6693,5.6693,5.5248,5.5618,591700,15.4
2012-09-18,5.4887,5.5609,5.3804,5.3813,1023500,14.9
2012-09-19,5.4165,5.5609,5.3082,5.5257,1074300,15.3
2012-09-20,5.5248,5.5609,5.4165,5.5618,678100,15.4
2012-09-21,5.5248,5.6332,5.5248,5.598,770600,15.5
2012-09-24,5.5971,5.5971,5.4165,5.4896,271100,15.2
2012-09-25,5.4887,5.5248,5.4526,5.4896,320300,15.2
2012-09-26,5.4887,5.5971,5.4887,5.598,826800,15.5
2012-09-27,5.5971,5.5971,5.4887,5.4896,264200,15.2
2012-09-28,5.4526,5.5248,5.4526,5.4896,276600,15.2
2012-10-01,5.5248,5.5971,5.4887,5.5257,510700,15.3
2012-10-02,5.5248,5.5971,5.5248,5.5618,389500,15.4
2012-10-03,5.5971,5.6332,5.5248,5.5618,661200,15.4
2012-10-04,5.5609,5.5971,5.4526,5.5257,577800,15.3
2012-10-05,5.4887,5.6332,5.4887,5.598,666000,15.5
2012-10-08,5.5609,5.6332,5.5609,5.6341,411800,15.6
2012-10-09,5.5971,5.6332,5.5248,5.5618,348900,15.4
2012-10-10,5.5248,5.5609,5.4887,5.5618,266500,15.4
2012-10-11,5.5609,5.6332,5.5248,5.5618,505200,15.4
2012-10-12,5.5609,5.5609,5.5248,5.5618,63100,15.4
2012-10-15,5.5971,5.6332,5.5248,5.5618,396300,15.4
2012-10-16,5.5609,5.6332,5.5609,5.6341,598000,15.6
2012-10-17,5.5971,5.6332,5.5248,5.5618,228200,15.4
2012-10-18,5.5248,5.5971,5.4165,5.5618,247200,15.4
2012-10-19,5.5609,5.5609,5.4526,5.5257,359300,15.3
2012-10-22,5.4526,5.5248,5.3804,5.4535,507000,15.1
2012-10-23,5.3804,5.5248,5.3804,5.4896,184600,15.2
2012-10-24,5.4887,5.4887,5.4165,5.4896,176800,15.2
2012-10-25,5.4165,5.4526,5.4165,5.4174,327400,15
2012-10-26,5.4165,5.4526,5.4165,5.4174,133400,15
2012-10-29,5.4165,5.4526,5.3804,5.4174,138100,15
2012-10-30,5.4165,5.4165,5.3804,5.4174,85900,15
2012-10-31,5.3804,5.4165,5.3804,5.4174,148000,15
2012-11-01,5.3804,5.3804,5.3443,5.3452,387600,14.8
2012-11-02,5.3443,5.3443,5.1637,5.2007,404900,14.4
2012-11-05,5.2721,5.2721,5.1276,5.2007,214500,14.4
2012-11-06,5.1998,5.236,5.1276,5.1646,162200,14.3
2012-11-07,5.1998,5.3443,5.1998,5.3452,667600,14.8
2012-11-08,5.3443,5.4526,5.2721,5.3452,298700,14.8
2012-11-09,5.3082,5.3804,5.3082,5.3813,130100,14.9
2012-11-12,5.4165,5.4526,5.3804,5.4174,251300,15
2012-11-13,5.4165,5.4165,5.3443,5.3813,170000,14.9
2012-11-14,5.3804,5.4526,5.3804,5.4174,238700,15
2012-11-15,5.4165,5.4526,5.3804,5.3813,164300,14.9
2012-11-16,5.4165,5.4526,5.3804,5.4174,151200,15
2012-11-19,5.3804,5.4165,5.3804,5.4174,365300,15
2012-11-20,5.3804,5.4526,5.3804,5.4174,158400,15
2012-11-21,5.4165,5.4165,5.3804,5.4174,171600,15
2012-11-22,5.4165,5.4165,5.3804,5.4174,40900,15
2012-11-23,5.3804,5.4165,5.3804,5.4174,132700,15
2012-11-26,5.4165,5.4165,5.3443,5.3813,288900,14.9
2012-11-27,5.3443,5.3804,5.3443,5.3813,83100,14.9
2012-11-28,5.3443,5.3804,5.3443,5.3452,90300,14.8
2012-11-29,5.3443,5.3804,5.3443,5.3452,50800,14.8
2012-11-30,5.3804,5.4165,5.3443,5.4174,166500,15
2012-12-03,5.4165,5.4165,5.3443,5.3813,221600,14.9
2012-12-04,5.3443,5.4165,5.3443,5.4174,170700,15
2012-12-05,5.3804,5.4526,5.3804,5.4174,286300,15
2012-12-06,5.3804,5.3804,5.3443,5.3813,97400,14.9
2012-12-07,5.3443,5.4165,5.3443,5.3452,361200,14.8
2012-12-10,5.5201,5.6515,5.4763,5.6082,461300,12.8
2012-12-11,5.2572,5.6515,5.2572,5.5206,471900,12.6
2012-12-12,5.5201,5.6077,5.4763,5.5644,715600,12.7
2012-12-13,5.6077,5.6077,5.5201,5.5644,346700,12.7
2012-12-14,5.5639,5.5639,5.5201,5.5644,383600,12.7
2012-12-17,5.9144,5.9144,5.8705,5.9149,2838000,13.5
2012-12-18,6.2648,6.3086,6.0458,6.1778,2815200,14.1
2012-12-19,6.1772,6.221,6.0896,6.1778,1281600,14.1
2012-12-20,6.1334,6.1334,5.9582,6.0025,1602500,13.7
2012-12-21,6.002,6.002,5.7829,5.7835,2272700,13.2
2012-12-24,5.8267,5.9582,5.7829,5.9587,1408800,13.6
2012-12-25,6.002,6.0458,5.9582,6.0025,794300,13.7
2012-12-26,6.0458,6.0896,5.8705,6.0025,418800,13.7
2012-12-27,6.0458,6.0896,5.9582,5.9587,831800,13.6
2012-12-28,6.0458,6.0458,5.9582,6.0025,576000,13.7
2013-01-02,6.0458,6.221,6.0458,6.1778,1471400,14.1
2013-01-03,6.1772,6.2648,6.0458,6.0901,787800,13.9
2013-01-04,6.0458,6.1772,6.002,6.134,572300,14
2013-01-07,6.1772,6.5277,6.1772,6.353,2732400,14.5
2013-01-08,6.3525,6.7467,6.3525,6.7035,3691500,15.3
2013-01-09,7.0096,7.0096,6.5277,6.6597,2750400,15.2
2013-01-10,6.6591,6.8782,6.4839,6.8788,1939800,15.7
2013-01-11,6.922,7.0096,6.7467,6.835,2482700,15.6
2013-01-14,6.8344,6.9658,6.6591,6.9226,2042800,15.8
2013-01-15,7.0155,7.2026,6.922,7.1566,1490500,15.3
2013-01-16,7.1558,7.2961,7.0155,7.063,2081900,15.1
2013-01-17,7.0155,7.0623,6.8284,6.8291,1606900,14.6
2013-01-18,6.7817,6.8752,6.6881,6.8759,977600,14.7
2013-01-21,6.8284,6.8752,6.7349,6.7356,661600,14.4
2013-01-22,6.7349,6.7817,6.6413,6.642,738700,14.2
2013-01-23,6.6881,6.7349,6.5946,6.6888,644500,14.3
2013-01-24,6.7349,6.8752,6.6881,6.8759,528200,14.7
2013-01-25,6.922,6.9687,6.8752,6.9227,598300,14.8
2013-01-28,6.922,7.1558,6.922,7.063,1273800,15.1
2013-01-29,7.1558,7.2026,7.0155,7.1566,944500,15.3
2013-01-30,7.109,7.2026,7.0623,7.1098,720500,15.2
2013-01-31,7.0623,7.109,6.9687,7.0162,717200,15
2013-02-01,6.4543,7.0155,6.4543,6.9695,463100,14.9
2013-02-04,6.9687,7.0623,6.922,6.9227,327300,14.8
2013-02-05,6.922,7.0155,6.8752,7.0162,498500,15
2013-02-06,7.0155,7.1558,7.0155,7.1098,345800,15.2
2013-02-07,7.2026,7.2961,7.109,7.2033,568400,15.4
2013-02-08,7.2026,7.2494,7.109,7.1566,465000,15.3
2013-02-18,7.2026,7.2961,7.1558,7.2501,678400,15.5
2013-02-19,7.2961,7.2961,7.1558,7.2501,554400,15.5
2013-02-20,7.2026,7.2961,7.0623,7.2969,734200,15.6
2013-02-21,7.2026,7.3429,6.922,6.9227,1244400,14.8
2013-02-22,6.9687,7.2026,6.922,7.1566,1099800,15.3
2013-02-25,7.1558,7.2026,7.109,7.1566,684800,15.3
2013-02-26,7.1558,7.1558,6.8752,6.9695,1009800,14.9
2013-02-27,6.9687,7.2026,6.8752,7.1566,734500,15.3
2013-02-28,7.2026,7.2026,7.1558,7.1566,857100,15.3
2013-03-01,7.0623,7.2494,7.0623,7.2501,848700,15.5
2013-03-04,7.2026,7.2494,7.109,7.1566,896700,15.3
2013-03-05,7.0623,7.1558,7.0155,7.063,756600,15.1
2013-03-06,7.109,7.1558,7.0155,7.063,344500,15.1
2013-03-07,7.109,7.109,7.0155,7.0162,415000,15
2013-03-08,7.0623,7.1558,7.0623,7.1098,233400,15.2
2013-03-11,7.109,7.109,6.5478,6.7356,4119300,14.4
2013-03-12,6.7349,6.9687,6.6413,6.9695,3021500,14.9
2013-03-13,6.8752,6.8752,6.6881,6.7824,3013300,14.5
2013-03-14,6.7349,6.8752,6.7349,6.8291,2097700,14.6
2013-03-15,6.8752,6.922,6.7349,6.8759,4469000,14.7
2013-03-18,6.8284,6.8284,6.7349,6.7356,942800,14.4
2013-03-19,6.7349,6.7817,6.6881,6.6888,770300,14.3
2013-03-20,6.7349,6.7817,6.6881,6.7356,1011300,14.4
2013-03-21,6.7817,6.7817,6.7349,6.7356,1395200,14.4
2013-03-22,6.7817,6.7817,6.6413,6.6888,962300,14.3
2013-03-25,6.6413,6.6881,6.6413,6.6888,549000,14.3
2013-03-26,6.7349,6.7349,6.6881,6.7356,505900,14.4
2013-03-27,6.7349,6.7349,6.6413,6.6888,433800,14.3
2013-03-28,6.6413,6.6881,6.6413,6.642,469200,14.2
2013-03-29,6.6881,6.6881,6.501,6.642,651400,14.2
2013-04-01,6.6881,6.7349,6.5478,6.642,620300,14.2
2013-04-02,6.6881,6.7349,6.6413,6.642,481100,14.2
2013-04-03,6.6881,6.7349,6.5946,6.642,417600,14.2
2013-04-04,6.5478,6.5946,6.501,6.5017,871700,13.9
2013-04-05,6.501,6.7349,6.4075,6.6888,483800,14.3
2013-04-08,6.6881,6.7349,6.5946,6.7356,416300,14.4
2013-04-09,6.6881,6.7817,6.6413,6.7356,515600,14.4
2013-04-10,6.7349,6.7349,6.5478,6.5953,605400,14.1
2013-04-11,6.5478,6.5946,6.501,6.5485,816400,14
2013-04-12,6.501,6.5946,6.4543,6.5017,812500,13.9
2013-04-15,6.4543,6.5478,6.3607,6.3614,670200,13.6
2013-04-16,6.2672,6.4543,6.0801,6.4082,554500,13.7
2013-04-17,6.4075,6.4075,6.314,6.3614,213400,13.6
2013-04-18,6.3607,6.4543,6.2672,6.3146,692800,13.5
2013-04-22,6.314,6.3607,6.1736,6.1743,472600,13.2
2013-04-23,6.2204,6.2672,6.1269,6.1743,385700,13.2
2013-04-24,6.1736,6.2204,6.1736,6.1743,336600,13.2
2013-04-25,6.1736,6.2672,6.1736,6.2211,136100,13.3
2013-04-26,6.2204,6.2672,6.1736,6.1743,164600,13.2
2013-05-02,6.2672,6.2672,6.1736,6.2211,163800,13.3
2013-05-03,6.2204,6.4075,6.2204,6.3614,580400,13.6
2013-05-06,6.4075,6.5946,6.4075,6.5953,699700,14.1
2013-05-07,6.5946,6.6413,6.4543,6.4549,197700,13.8
2013-05-08,6.4543,6.5478,6.4543,6.5017,525700,13.9
2013-05-09,6.501,6.5478,6.4543,6.5485,294700,14
2013-05-10,6.5478,6.5478,6.4543,6.5485,255300,14
2013-05-13,6.501,6.5946,6.501,6.5485,210400,14
2013-05-14,6.5478,6.5946,6.4543,6.5017,575100,13.9
2013-05-15,6.4543,6.5478,6.4075,6.5485,189400,14
2013-05-16,6.501,6.5946,6.501,6.5485,235400,14
2013-05-17,6.5478,6.6413,6.5478,6.642,687500,14.2
2013-05-20,6.5946,6.7817,6.5946,6.7356,762200,14.4
2013-05-21,6.7817,6.8752,6.7349,6.8291,1150300,14.6
2013-05-22,6.8284,7.1558,6.7817,7.063,3159400,15.1
2013-05-23,7.0623,7.109,6.8752,6.9227,1418900,14.8
2013-05-24,6.922,7.0623,6.8752,7.063,1048800,15.1
2013-05-27,7.0623,7.3897,7.0155,7.2033,3130700,15.4
2013-05-28,7.2494,7.3429,7.1558,7.3437,1830800,15.7
2013-05-29,7.2961,7.8574,7.2961,7.7179,6557300,16.5
2013-05-30,7.3429,7.8574,7.2494,7.8582,2219800,16.8
2013-05-31,7.9041,8.138,7.7638,7.8582,2553000,16.8
2013-06-03,7.8106,7.8574,7.6703,7.7179,2172600,16.5
2013-06-04,7.7171,7.7638,7.4364,7.484,2124100,16
2013-06-05,7.4832,7.7171,7.4364,7.6711,1747700,16.4
2013-06-06,7.6703,8.0444,7.6703,8.0453,3485700,17.2
2013-06-07,7.9977,8.2783,7.9509,8.2792,3664000,17.7
2013-06-10,8.3718,8.746,8.3251,8.4663,5998500,18.1
2013-06-11,8.5121,8.5121,8.2783,8.3727,2796400,17.9
2013-06-12,8.3718,8.3718,8.0444,8.0453,4534500,17.2
2013-06-13,8.0444,8.1848,7.9041,8.1388,3303200,17.4
2013-06-14,8.0912,8.2315,7.9977,8.0453,1685200,17.2
2013-06-17,8.138,8.3251,8.0444,8.0921,3616000,17.3
2013-06-18,8.0912,8.1848,7.9977,8.1856,1878200,17.5
2013-06-19,8.1848,8.2315,8.138,8.1856,1462700,17.5
2013-06-20,8.138,8.1848,7.9041,8.1388,2673300,17.4
2013-06-21,7.9977,8.3251,7.5767,8.0453,7351100,17.2
2013-06-24,7.9977,7.9977,7.4832,7.6243,2026900,16.3
2013-06-25,7.4832,7.6235,6.9687,7.2501,3409400,15.5
2013-06-26,7.2961,7.2961,7.0155,7.2033,1017100,15.4
2013-06-27,7.2026,7.3897,7.2026,7.3904,667200,15.8
2013-06-28,7.4364,7.4364,7.2494,7.2969,777700,15.6
2013-07-01,7.2961,7.2961,7.1558,7.2033,441100,15.4
2013-07-02,7.2494,7.4364,7.2494,7.4372,860300,15.9
2013-07-03,7.4364,7.4832,7.3429,7.4372,549000,15.9
2013-07-04,7.4364,7.4832,7.3897,7.484,507200,16
2013-07-05,7.4364,7.53,7.3897,7.4372,652800,15.9
2013-07-08,7.3897,7.3897,7.2961,7.3437,463100,15.7
2013-07-09,7.2961,7.3897,7.2961,7.3437,353300,15.7
2013-07-10,7.3429,7.4364,7.2961,7.2969,283700,15.6
2013-07-11,6.5946,7.3429,6.5946,7.2969,207200,15.6
2013-07-12,7.4832,7.6703,7.3429,7.6243,960300,16.3
2013-07-15,7.6703,7.6703,7.53,7.5775,617600,16.2
2013-07-16,7.5767,7.6703,7.53,7.6243,505500,16.3
2013-07-17,7.6235,7.7171,7.5767,7.7179,278000,16.5
2013-07-18,7.6703,7.7638,7.6235,7.6711,620300,16.4
2013-07-19,7.7171,7.9977,7.7171,7.8582,1251500,16.8
2013-07-22,7.8574,7.9041,7.6703,7.7179,511000,16.5
2013-07-23,7.7171,7.8106,7.6703,7.7646,786000,16.6
2013-07-24,7.8574,7.9509,7.6703,7.6711,1626000,16.4
2013-07-25,6.9687,7.7638,6.9687,7.6243,503300,16.3
2013-07-26,6.8752,7.6235,6.8752,7.484,687700,16
2013-07-29,7.4832,7.53,7.3897,7.4372,663888,15.9
2013-07-30,6.7349,7.53,6.7349,7.5308,395073,16.1
2013-07-31,7.53,7.53,7.4364,7.4372,383151,15.9
2013-08-01,7.4364,7.4832,7.3897,7.484,252049,16
2013-08-02,7.4832,7.4832,7.4364,7.484,337323,16
2013-08-05,7.4832,7.53,7.4832,7.5308,169546,16.1
2013-08-06,7.53,7.53,7.4364,7.484,478834,16
2013-08-07,7.4832,7.5767,7.4832,7.5308,625919,16.1
2013-08-08,7.4832,7.53,7.4832,7.484,384850,16
2013-08-09,7.53,7.53,7.3897,7.3904,347369,15.8
2013-08-12,7.4364,7.4364,7.3429,7.3904,266796,15.8
2013-08-13,7.3897,7.3897,7.2961,7.2969,536850,15.6
2013-08-14,7.3897,7.4832,7.2961,7.3904,106285,15.8
2013-08-15,7.0623,7.4832,6.6881,7.4372,267317,15.9
2013-08-16,7.4364,7.6703,7.4364,7.5775,656136,16.2
2013-08-19,7.5767,7.6703,7.53,7.5775,397100,16.2
2013-08-20,7.5767,7.6235,7.53,7.5775,428220,16.2
2013-08-21,7.5767,7.5767,7.4364,7.5775,235149,16.2
2013-08-22,7.5767,7.6235,7.4364,7.484,983512,16
2013-08-23,7.53,7.53,7.3897,7.484,1045964,16
2013-08-26,7.4832,7.4832,7.3429,7.484,763348,16
2013-08-27,7.4832,7.4832,7.3429,7.3904,505450,15.8
2013-08-28,7.3429,7.3429,7.1558,7.2033,1043763,15.4
2013-08-29,7.2026,7.2961,7.0155,7.0162,758500,15
2013-08-30,7.0155,7.2026,6.6881,7.2033,408300,15.4
2013-09-03,7.2027,7.3477,6.7193,7.1552,264810,14.8
2013-09-04,7.1543,7.1543,7.0576,7.0585,342622,14.6
2013-09-05,7.0576,7.1543,7.0576,7.1552,178600,14.8
2013-09-06,7.1543,7.1543,7.106,7.1552,332100,14.8
2013-09-09,7.1543,7.1543,7.0576,7.0585,1035800,14.6
2013-09-10,7.1543,7.1543,7.0576,7.1552,107230,14.8
2013-09-11,7.2027,7.251,7.2027,7.2519,225430,15
2013-09-12,7.251,7.251,7.2027,7.2036,151011,14.9
2013-09-13,7.2027,7.251,7.2027,7.2519,332210,15
2013-09-16,7.2993,7.3477,7.251,7.2519,203300,15
2013-09-17,7.2993,7.3477,7.251,7.3486,287021,15.2
2013-09-18,7.3477,7.396,7.2027,7.2519,446500,15
2013-09-19,7.2993,7.3477,7.251,7.3003,258929,15.1
2013-09-20,7.2993,7.3477,7.251,7.3486,1019550,15.2
2013-09-23,7.251,7.396,7.251,7.397,311700,15.3
2013-09-24,7.396,7.5894,7.3477,7.542,408354,15.6
2013-09-25,7.541,7.7344,7.541,7.7354,938412,16
2013-09-26,7.7344,7.7827,7.6377,7.687,408227,15.9
2013-09-27,7.6861,7.8311,7.6377,7.687,811047,15.9
2013-09-30,7.7344,7.9278,7.7344,7.8321,2065580,16.2
2013-10-01,7.8311,7.9278,7.7827,7.8321,761010,16.2
2013-10-02,7.7827,7.8794,7.7827,7.8321,285260,16.2
2013-10-03,7.8311,7.8311,7.6861,7.7354,418008,16
2013-10-04,7.7344,7.8311,7.6861,7.8321,469402,16.2
2013-10-07,7.8311,7.9278,7.7827,7.8804,558095,16.3
2013-10-08,7.8794,7.9278,7.7827,7.8804,493062,16.3
2013-10-09,7.8794,7.8794,7.7827,7.8321,293372,16.2
2013-10-10,7.7827,7.8311,7.6861,7.7354,558646,16
2013-10-11,7.7827,7.7827,7.6861,7.687,373100,15.9
2013-10-14,7.6861,7.6861,7.541,7.5903,779130,15.7
2013-10-15,7.5894,7.6377,7.541,7.5903,490730,15.7
2013-10-16,7.5894,7.7827,7.5894,7.7354,728500,16
2013-10-17,7.7827,7.7827,7.6861,7.7354,699607,16
2013-10-18,7.7344,7.7827,7.6861,7.687,717704,15.9
2013-10-21,7.7344,7.8311,7.7344,7.7837,744045,16.1
2013-10-22,7.7344,7.7827,7.6377,7.7354,748002,16
2013-10-23,7.7827,7.8311,7.7344,7.7837,1111325,16.1
2013-10-24,7.8311,7.8311,7.6861,7.687,936660,15.9
2013-10-25,7.7344,7.7344,7.6861,7.7354,820560,16
2013-10-28,7.7827,7.9761,7.7344,7.7837,1630100,16.1
2013-10-29,7.8794,7.9278,7.7827,7.8321,597200,16.2
2013-10-30,7.8794,8.1211,7.8794,8.0738,2446453,16.7
2013-10-31,8.0728,8.1695,8.0244,8.1221,819300,16.8
2013-11-01,8.1695,8.1695,8.0728,8.1221,439086,16.8
2013-11-04,8.1211,8.1695,8.0728,8.0738,718066,16.7
2013-11-05,8.0244,8.1211,8.0244,8.1221,837594,16.8
2013-11-06,8.1211,8.2178,8.1211,8.1705,461520,16.9
2013-11-07,8.1695,8.1695,8.0728,8.0738,591516,16.7
2013-11-08,8.0728,8.1211,8.0244,8.0738,572802,16.7
2013-11-11,8.2178,8.4595,8.1211,8.4606,1706136,17.5
2013-11-12,8.5078,8.6045,8.3628,8.4122,1209726,17.4
2013-11-13,8.3628,8.4112,8.2178,8.2672,689683,17.1
2013-11-14,8.3145,8.3628,8.2661,8.3639,422938,17.3
2013-11-15,8.3628,8.4595,8.3145,8.4606,958380,17.5
2013-11-18,8.4595,8.7495,8.4595,8.7023,1585463,18
2013-11-19,8.7012,8.8946,8.7012,8.799,1199656,18.2
2013-11-20,8.7979,8.7979,8.5562,8.7506,2056362,18.1
2013-11-21,8.7495,9.1363,8.7495,8.7506,3018968,18.1
2013-11-22,8.7495,8.8462,8.7012,8.799,1685502,18.2
2013-11-25,8.8462,8.8946,8.7012,8.799,1175700,18.2
2013-11-26,8.7495,8.7979,8.6529,8.7506,924471,18.1
2013-11-27,8.8462,8.8946,8.7495,8.799,1021327,18.2
2013-11-28,8.7979,8.8462,8.6529,8.654,645550,17.9
2013-11-29,8.7012,8.7012,8.6045,8.7023,700655,18
2013-12-02,8.7012,8.7495,8.6529,8.7023,446873,18
2013-12-03,8.7012,8.8946,8.6529,8.8473,1315657,18.3
2013-12-04,8.8946,8.8946,8.7012,8.8473,885187,18.3
2013-12-05,8.7495,8.8462,8.7012,8.799,480214,18.2
2013-12-06,8.7495,8.7979,8.7012,8.799,483727,18.2
2013-12-09,8.7979,9.0879,8.7495,9.0891,2392790,18.8
2013-12-10,9.0879,9.1363,8.9912,9.0407,644078,18.7
2013-12-11,8.9912,8.9912,8.8462,8.8957,818440,18.4
2013-12-12,8.7979,9.0396,8.7979,9.0407,1545728,18.7
2013-12-13,9.0396,9.0879,8.9429,9.0407,873356,18.7
2013-12-16,9.0396,9.4263,8.9429,9.3308,1836343,19.3
2013-12-17,9.0879,9.4263,9.0879,9.3308,1492528,19.3
2013-12-18,9.3296,9.813,9.3296,9.6692,2240542,20
2013-12-19,9.668,9.8614,9.6197,9.6209,1348325,19.9
2013-12-20,9.7163,9.8614,9.523,9.5725,2207641,19.8
2013-12-23,9.6197,9.8614,9.5713,9.8626,1923780,20.4
2013-12-24,9.958,10.0547,9.8614,9.911,1610370,20.5
2013-12-25,9.9097,10.0064,9.7647,9.8143,1946968,20.3
2013-12-26,9.813,9.8614,9.7647,9.7659,1974407,20.2
2013-12-27,9.7647,9.958,9.7647,9.7659,1296372,20.2
2013-12-30,8.7979,9.813,8.7979,9.5725,1921129,19.8
2013-12-31,9.4746,9.813,9.4746,9.8143,727090,20.3
2014-01-02,9.813,9.9097,9.7647,9.8143,509787,20.3
2014-01-03,9.8614,9.8614,9.668,9.7659,1202226,20.2
2014-01-06,9.7647,10.3448,9.7647,10.2977,2097037,21.3
2014-01-07,10.2964,10.8765,10.2964,10.7812,2113624,22.3
2014-01-08,10.7798,11.2632,10.6831,11.0713,1971028,22.9
2014-01-09,11.0699,11.5533,11.0215,11.5547,1940089,23.9
2014-01-10,11.7466,11.7466,11.4082,11.458,2127914,23.7
2014-01-13,11.3599,11.8916,11.3599,11.7481,1972661,24.3
2014-01-14,11.7466,12.4717,11.6499,12.0865,2555899,25
2014-01-15,12.085,12.9551,12.085,12.9084,4148035,26.7
2014-01-16,13.0035,13.2935,12.7618,13.1018,1954132,27.1
2014-01-17,13.1001,13.1485,12.5201,12.57,3645283,26
2014-01-20,12.5684,13.0518,12.5684,12.715,1948439,26.3
2014-01-21,12.7618,13.9703,12.7134,13.972,5883677,28.9
2014-01-22,14.1153,14.9371,13.2935,14.0687,3090865,29.1
2014-01-23,13.8736,14.212,13.5835,13.5853,1468823,28.1
2014-01-24,13.5352,13.9703,13.3418,13.5853,2298500,28.1
2014-01-27,13.7769,13.7769,13.5352,13.5369,1328980,28
2014-02-06,13.5835,13.8736,13.5352,13.6336,1695976,28.2
2014-02-07,13.7286,13.8252,13.3418,13.4886,1857679,27.9
2014-02-10,13.4385,14.0186,13.3902,13.7786,1712995,28.5
2014-02-11,13.8736,14.0669,13.4869,13.5369,1867259,28
2014-02-12,13.5352,13.6802,13.2452,13.2468,2252062,27.4
2014-02-13,13.2935,13.6802,13.0035,13.3435,2790472,27.6
2014-02-14,13.4869,13.5835,13.2935,13.4402,1483649,27.8
2014-02-17,13.5835,14.502,13.5835,14.5038,4537292,30
2014-02-18,14.502,15.5171,14.502,15.229,3940351,31.5
2014-02-19,15.2271,15.6138,15.0821,15.1807,1646301,31.4
2014-02-20,15.1788,15.3238,13.6802,14.2621,4869269,29.5
2014-02-21,14.2603,14.6954,13.7769,14.3105,2194943,29.6
2014-02-24,14.3086,14.5987,14.1636,14.6005,1271269,30.2
2014-02-25,14.5987,14.6954,14.4053,14.6489,1232865,30.3
2014-02-26,14.647,15.0337,14.5987,14.7456,1826987,30.5
2014-02-27,14.647,14.792,14.2603,14.2621,2132287,29.5
2014-02-28,14.2603,14.357,14.0186,14.2138,1558998,29.4
2014-03-03,14.212,14.212,13.2935,13.2952,3401367,27.5
2014-03-04,13.2935,13.2935,13.0035,13.1018,2086816,27.1
2014-03-05,13.1968,13.6319,13.1968,13.2952,777186,27.5
2014-03-06,13.2935,13.4869,13.2452,13.4886,938840,27.9
2014-03-07,13.4869,13.4869,13.2452,13.3435,1008248,27.6
2014-03-10,13.3418,13.3418,13.1001,13.2468,2901738,27.4
2014-03-11,13.2452,13.7769,13.1485,13.6336,2288008,28.2
2014-03-12,13.7286,14.212,13.5835,13.827,2726994,28.6
2014-03-13,13.6802,13.9703,13.5352,13.8753,2225730,28.7
2014-03-14,13.8736,13.8736,13.6802,13.7786,2676852,28.5
2014-03-17,13.5352,13.7286,13.1485,13.5853,3406879,28.1
2014-03-18,13.7286,14.1636,13.5835,13.972,3255055,28.9
2014-03-19,14.0186,14.647,13.8736,14.5522,3505091,30.1
2014-03-20,14.5503,14.792,14.2603,14.5038,3707472,30
2014-03-21,14.357,14.5503,14.2603,14.4071,15253774,29.8
2014-03-24,15.8072,15.8072,14.7437,15.5191,5089786,32.1
2014-03-25,15.6138,15.7588,14.9371,14.9873,6137288,31
2014-03-26,15.0821,15.1788,14.4053,14.5522,8356791,30.1
2014-03-27,16.0005,16.0005,14.2603,14.5522,3106703,30.1
2014-03-28,14.5503,14.8404,14.357,14.4555,2372434,29.9
2014-03-31,13.0518,14.5503,13.0518,14.1654,3988384,29.3
2014-04-01,14.1636,14.502,13.9219,14.0204,3997325,29
2014-04-02,14.0186,14.1636,13.7769,14.1171,2802032,29.2
2014-04-03,14.212,14.4053,14.1636,14.3105,1991226,29.6
2014-04-04,14.357,14.4053,14.1153,14.1654,1467520,29.3
2014-04-07,14.1636,14.502,14.1153,14.5038,2647343,30
2014-04-08,14.5503,14.8887,14.5503,14.6489,3728467,30.3
2014-04-10,14.647,14.8887,14.502,14.5522,3167362,30.1
2014-04-11,14.502,14.5987,14.357,14.4555,1555852,29.9
2014-04-14,14.4537,14.502,14.1153,14.1654,2831600,29.3
2014-04-15,14.1636,14.212,13.7286,13.7303,2948697,28.4
2014-04-16,13.7769,13.7769,13.1485,13.2952,3512353,27.5
2014-04-17,13.4869,13.6319,13.3418,13.3919,1122011,27.7
2014-04-18,13.5352,13.5352,12.9068,12.9084,1503375,26.7
2014-04-21,12.8101,12.9068,11.8916,11.8931,4474215,24.6
2014-04-22,10.7315,12.5684,10.7315,12.57,2661344,26
2014-04-23,11.3116,12.6167,11.3116,12.1832,1916632,25.2
2014-04-24,12.1817,12.6167,12.085,12.57,2793206,26
2014-04-25,12.5684,12.8101,12.5684,12.715,1325727,26.3
2014-04-28,11.4566,12.8101,11.4566,12.5216,1202218,25.9
2014-04-29,11.6983,12.7618,11.6983,12.57,638200,26
2014-05-05,11.3116,12.7618,11.3116,12.0865,2043030,25
2014-05-06,12.085,12.1333,11.5533,12.0865,3372094,25
2014-05-07,12.085,12.3267,12.085,12.2799,1548552,25.4
2014-05-08,11.9883,11.9883,11.0699,11.1196,6736951,23
2014-05-09,11.1182,12.1817,11.1182,12.1832,2753370,25.2
2014-05-12,12.1817,12.1817,11.1182,11.458,2689769,23.7
2014-05-13,11.2632,11.6983,11.1665,11.6031,2186267,24
2014-05-14,11.7466,12.1817,11.5049,12.0382,1303820,24.9
2014-05-15,12.085,12.23,11.1665,11.6514,2263434,24.1
2014-05-16,11.6499,11.94,11.6499,11.9415,818044,24.7
2014-05-19,12.085,12.085,11.6983,11.9415,723096,24.7
2014-05-20,11.8433,12.4234,11.7466,12.3766,1778610,25.6
2014-05-21,12.4234,12.9068,12.3267,12.8601,2089750,26.6
2014-05-22,12.8584,12.9068,12.375,12.6183,1431343,26.1
2014-05-23,12.5684,12.6651,12.375,12.5216,753290,25.9
2014-05-26,12.5201,12.6651,12.3267,12.6183,794750,26.1
2014-05-27,12.5684,13.0518,12.5684,12.9568,2095695,26.8
2014-05-28,12.9551,13.2452,12.9068,13.2468,1644159,27.4
2014-05-29,13.1968,13.4869,13.0518,13.0535,2488780,27
2014-05-30,13.0035,13.1968,12.9551,12.9568,1396330,26.8
2014-06-02,13.0518,13.0518,12.6651,12.7634,1333157,26.4
2014-06-03,12.7618,12.8584,12.7134,12.715,590894,26.3
2014-06-04,12.7134,12.7134,12.375,12.425,939800,25.7
2014-06-05,12.3267,12.5684,12.23,12.4733,521377,25.8
2014-06-06,12.5201,12.8101,12.4717,12.8117,803300,26.5
2014-06-09,12.9068,12.9551,12.5684,12.57,1837349,26
2014-06-10,12.5684,12.8584,12.5684,12.715,3159020,26.3
2014-06-11,12.7618,12.9551,12.7134,12.9568,1127057,26.8
2014-06-12,12.9551,13.1001,12.9068,13.0051,1415512,26.9
2014-06-13,13.0035,13.0518,12.8584,13.0051,933401,26.9
2014-06-16,12.9551,13.0035,12.8101,12.8601,809374,26.6
2014-06-17,12.8101,13.1001,12.7618,13.0535,1073381,27
2014-06-18,13.0518,13.1001,12.9551,12.9568,949690,26.8
2014-06-19,12.7134,13.0035,12.7134,12.9568,1795264,26.8
2014-06-20,13.0518,13.1485,12.9551,12.9568,2076098,26.8
2014-06-23,13.0518,13.2935,12.9551,13.1985,2432157,27.3
2014-06-24,13.1968,13.2935,13.0518,13.2952,3959510,27.5
2014-06-25,13.3418,13.9219,13.3418,13.8753,4720061,28.7
2014-06-26,14.0186,14.1153,13.8736,13.9237,2869619,28.8
2014-06-27,13.9219,14.0669,13.8252,14.0687,3078484,29.1
2014-06-30,13.9703,14.2603,13.9703,14.1171,1843026,29.2
2014-07-01,14.1153,14.5987,14.0669,14.2621,2333002,29.5
2014-07-02,14.2603,14.5987,14.212,14.5038,2928103,30
2014-07-03,14.5987,14.792,14.4537,14.6005,2399710,30.2
2014-07-04,14.5987,14.7437,14.5503,14.6972,1984484,30.4
2014-07-07,14.6954,14.792,14.3086,14.4071,3993758,29.8
2014-07-08,14.4053,14.4053,14.1636,14.4071,2633191,29.8
2014-07-09,14.4053,14.502,14.4053,14.4071,939007,29.8
2014-07-10,13.0035,14.647,13.0035,14.4555,2904130,29.9
2014-07-11,14.4053,14.502,14.3086,14.4555,1431498,29.9
2014-07-14,14.4053,15.4688,14.4053,15.4708,4447405,32
2014-07-15,15.4688,15.9039,15.4688,15.8092,2357180,32.7
2014-07-16,15.9522,16.1939,15.5171,15.5191,2232898,32.1
2014-07-17,15.4688,16.3389,15.4688,16.341,3835349,33.8
2014-07-18,16.3389,16.919,16.1939,16.6311,2916899,34.4
2014-07-21,16.6773,16.8223,16.3873,16.5344,2269268,34.2
2014-07-22,16.4839,16.4839,16.0489,16.341,2553905,33.8
2014-07-23,16.3389,16.7256,16.3389,16.7278,2525590,34.6
2014-07-24,17.2845,17.3847,16.8837,17.0356,2323286,34
2014-07-25,17.1342,17.2845,16.533,16.5346,2824655,33
2014-07-28,16.533,16.533,15.7314,15.9333,3818838,31.8
2014-07-29,15.7314,16.3326,15.7314,16.3342,1713360,32.6
2014-07-30,16.3326,16.4829,16.1322,16.2841,1682483,32.5
2014-07-31,16.2825,16.7835,16.1322,16.7851,2271998,33.5
2014-08-01,16.8336,17.0841,16.533,16.7851,2880829,33.5
2014-08-04,16.7835,17.034,16.5831,17.0356,2270326,34
2014-08-05,17.034,17.3847,16.8837,17.0356,3830274,34
2014-08-06,17.034,17.2344,16.8837,17.0857,2390537,34.1
2014-08-07,17.0841,17.1342,16.9338,17.0356,1943508,34
2014-08-08,17.0841,17.1843,16.7334,16.8352,4046755,33.6
2014-08-11,16.9839,16.9839,16.6833,16.9855,2170369,33.9
2014-08-12,17.034,17.1342,16.8837,17.0857,1437799,34.1
2014-08-13,17.0841,18.6873,17.034,18.2883,6932117,36.5
2014-08-14,18.036,18.5871,18.036,18.3384,2575454,36.6
2014-08-15,18.3366,18.537,18.1863,18.2381,2426028,36.4
2014-08-18,18.1863,19.0881,18.1362,18.7893,3826033,37.5
2014-08-19,18.8376,18.9378,18.4368,18.4887,4070102,36.9
2014-08-20,18.4869,18.8376,18.4368,18.7392,1917442,37.4
2014-08-21,18.9879,19.0881,18.2865,18.639,4521133,37.2
2014-08-22,18.6873,18.8877,18.5871,18.7392,3893118,37.4
2014-08-25,18.7374,19.9899,18.7374,19.7914,5935390,39.5
2014-08-26,19.8396,20.8416,19.7895,20.7935,5052842,41.5
2014-08-27,20.7915,21.042,20.1903,20.543,3580597,41
2014-08-28,20.541,20.9919,20.2905,20.5931,3471035,41.1
2014-08-29,20.5911,20.7915,20.04,20.1922,4747239,40.3
2014-09-03,20.1903,20.4408,19.7895,19.7914,3147286,39.5
2014-09-04,19.8396,20.1903,19.5891,20.092,3242298,40.1
2014-09-05,20.2905,20.7915,20.2404,20.5931,2719495,41.1
2014-09-08,20.7915,22.044,20.5911,21.7956,4676719,43.5
2014-09-09,21.7935,22.044,20.04,20.543,6796167,41
2014-09-10,20.541,21.0921,19.9899,21.0941,5319805,42.1
2014-09-11,21.0921,21.7935,20.8416,21.1943,4003762,42.3
2014-09-12,21.3426,22.4949,21.1923,22.4971,5333372,44.9
2014-09-15,22.1442,23.4969,22.1442,22.447,6699655,44.8
2014-09-16,22.4448,23.0961,21.8436,22.6474,4958395,45.2
2014-09-17,22.8957,23.3967,21.7935,21.7956,5896775,43.5
2014-09-18,21.7935,22.0941,20.541,20.543,8681060,41
2014-09-19,20.4909,21.2424,20.4408,21.044,9500547,42
2014-09-22,21.3426,21.9939,21.1422,21.1442,3286153,42.2
2014-09-23,21.1923,21.3426,20.6412,20.6432,3364297,41.2
2014-09-24,20.6412,20.9919,20.1903,20.6933,4130870,41.3
2014-09-25,20.6913,21.0921,20.0901,21.0941,6627355,42.1
2014-09-26,21.1923,21.3927,20.7915,20.7935,2736672,41.5
2014-09-29,20.7915,20.7915,20.3907,20.3927,2833470,40.7
2014-09-30,20.2905,20.541,20.0901,20.1421,3455862,40.2
2014-10-01,20.2905,20.9418,20.2404,20.7935,3286884,41.5
2014-10-02,20.8416,21.4929,20.8416,21.044,3381136,42
2014-10-03,21.042,21.3426,21.042,21.1943,2154749,42.3
2014-10-06,21.2925,21.6933,21.2925,21.495,2703828,42.9
2014-10-07,21.543,21.543,21.2424,21.2945,3068079,42.5
2014-10-08,21.2925,21.4929,21.1923,21.2444,3833749,42.4
2014-10-09,21.2424,21.6933,21.1923,21.5952,3140120,43.1
2014-10-10,21.5931,21.6432,21.3426,21.4449,2792251,42.8
2014-10-13,21.3426,21.543,21.3426,21.495,2737791,42.9
2014-10-14,21.543,22.2444,21.543,21.5952,3962577,43.1
2014-10-15,21.6432,21.8937,21.3927,21.6954,2792923,43.3
2014-10-16,21.7434,21.7935,20.8416,20.9939,4809372,41.9
2014-10-17,20.9919,21.0921,19.7895,20.543,5648054,41
2014-10-20,20.6412,20.7414,20.0901,20.1421,1792752,40.2
2014-10-21,18.1362,20.1903,18.1362,20.092,1919480,40.1
2014-10-22,20.1402,21.0921,20.1402,21.0941,2148904,42.1
2014-10-23,21.1923,21.1923,20.4909,20.4929,2731470,40.9
2014-10-24,20.4909,20.6913,20.2905,20.3425,1858150,40.6
2014-10-27,20.2905,20.3406,18.8877,19.0398,3242428,38
2014-10-28,18.7875,19.4889,18.7875,19.4908,1607755,38.9
2014-10-29,19.7895,19.9899,19.5891,19.8415,1498690,39.6
2014-10-30,19.9398,19.9398,19.539,19.6411,1242731,39.2
2014-10-31,19.539,20.2404,19.3386,20.2423,3179295,40.4
2014-11-03,20.3406,20.6412,20.3406,20.4929,1462984,40.9
2014-11-04,20.3907,20.9418,20.3406,20.6432,2027237,41.2
2014-11-05,20.6412,20.6412,20.0901,20.543,1493323,41
2014-11-06,20.541,20.8917,20.4909,20.4929,1093135,40.9
2014-11-07,20.4909,20.7414,20.1402,20.4428,1008709,40.8
2014-11-10,18.4368,20.7414,18.4368,20.3927,870615,40.7
2014-11-11,20.8416,20.8416,20.2905,20.4428,1249660,40.8
2014-11-12,20.4408,20.7414,20.3907,20.7434,1280946,41.4
2014-11-13,20.6913,21.1923,20.6412,20.8436,1725083,41.6
2014-11-14,20.8416,20.8416,20.3406,20.543,1221210,41
2014-11-17,20.4909,20.4909,20.2905,20.2924,882752,40.5
2014-11-18,20.2905,20.2905,19.9899,19.9918,1682418,39.9
2014-11-19,19.9899,20.04,19.6392,19.7413,1240320,39.4
2014-11-20,18.036,19.9398,17.7855,19.8415,2010510,39.6
2014-11-21,19.8897,19.9899,19.3887,19.3906,1548095,38.7
2014-11-24,19.3887,19.3887,18.8877,18.8895,1480110,37.7
2014-11-25,18.9378,19.1382,18.6372,18.9396,999049,37.8
2014-11-26,17.0841,18.9879,17.0841,17.9876,2861001,35.9
2014-11-27,16.2324,17.9859,16.2324,17.5868,2657951,35.1
2014-11-28,17.2845,17.535,16.2825,16.4344,4633115,32.8
2014-12-01,15.03,17.034,15.03,16.4344,3797339,32.8
2014-12-02,16.533,17.2344,16.533,17.2361,3172328,34.4
2014-12-03,17.2344,17.4849,17.1342,17.3363,1980060,34.6
2014-12-04,15.6312,17.3346,15.6312,16.8853,2102343,33.7
2014-12-05,16.8336,16.9338,16.4328,16.6849,2260160,33.3
2014-12-08,16.6332,16.6833,15.3306,15.3321,5214060,30.6
2014-12-09,13.8276,15.3306,13.8276,13.8289,6487953,27.6
2014-12-10,12.4749,14.2284,12.4749,14.0794,4179934,28.1
2014-12-11,12.6753,14.0781,12.6753,13.378,2653345,26.7
2014-12-12,13.3767,13.4268,12.9759,13.2277,3562744,26.4
2014-12-15,13.2264,13.3266,12.7755,12.7767,3599140,25.5
2014-12-16,12.2745,12.7755,11.6733,11.8748,4965462,23.7
2014-12-17,10.8717,12.2244,10.8717,11.9249,3562725,23.8
2014-12-18,12.024,13.0761,12.024,13.0774,4404064,26.1
2014-12-19,12.525,13.6272,12.525,12.7767,5784940,25.5
2014-12-22,12.8757,13.7274,12.8757,13.7287,3293906,27.4
2014-12-23,13.7775,13.8777,13.3266,13.5784,2453433,27.1
2014-12-24,13.6773,13.8777,13.4268,13.4782,2234680,26.9
2014-12-25,13.527,13.527,13.0761,13.0774,1887000,26.1
2014-12-26,13.1262,13.4769,12.8757,13.1776,1935680,26.3
2014-12-29,13.1763,13.3266,12.6753,12.7767,1361993,25.5
2014-12-30,12.7755,12.9759,12.1242,12.9771,2035300,25.9
2014-12-31,12.9759,13.5771,12.9258,13.4782,1973128,26.9
2015-01-05,13.3266,13.3266,12.9759,13.0272,1680604,26
2015-01-06,12.9759,12.9759,12.4749,12.8268,1832920,25.6
2015-01-07,12.7755,13.1262,12.5751,12.927,1848097,25.8
2015-01-08,13.026,13.3266,12.9258,13.0774,1804879,26.1
2015-01-09,13.026,13.8276,13.026,13.7788,3729397,27.5
2015-01-12,13.6773,13.7775,13.1262,13.5784,2409090,27.1
2015-01-13,12.2244,13.527,12.2244,13.1275,1961663,26.2
2015-01-14,13.2264,13.4769,12.9759,13.4281,1565820,26.8
2015-01-15,13.3767,14.6793,13.3767,14.4803,7361289,28.9
2015-01-16,14.4288,14.4288,14.028,14.1797,3096683,28.3
2015-01-19,12.7755,14.529,12.7755,14.0293,1642959,28
2015-01-20,13.9779,14.0781,13.7274,13.879,1984490,27.7
2015-01-21,13.8276,13.9779,13.7274,13.7788,1112107,27.5
2015-01-22,13.7775,14.028,13.7274,14.0293,1115920,28
2015-01-23,14.028,14.2785,13.9278,14.2799,1153737,28.5
2015-01-26,14.028,14.1783,13.8276,13.8289,732502,27.6
2015-01-27,13.8777,14.028,13.527,13.8289,2927589,27.6
2015-01-28,13.8276,14.028,13.5771,14.0293,1251436,28
2015-01-29,13.7775,13.9278,13.6773,13.6786,918540,27.3
2015-01-30,13.6773,13.8777,13.4268,13.4782,1206830,26.9
2015-02-02,13.4769,13.9779,13.4769,13.9792,1716534,27.9
2015-02-03,13.9779,14.3286,13.7775,13.879,1917057,27.7
2015-02-04,13.9278,14.0781,13.8276,13.9792,715090,27.9
2015-02-05,13.8777,13.8777,13.6773,13.6786,611895,27.3
2015-02-06,13.6773,14.028,13.527,14.0293,1753560,28
2015-02-09,13.7775,14.028,13.6773,13.879,575910,27.7
2015-02-10,13.8777,13.8777,13.7274,13.7287,799612,27.4
2015-02-11,12.3747,13.7775,12.3747,13.5784,1118227,27.1
2015-02-12,13.5771,13.7274,13.5771,13.7287,601820,27.4
2015-02-13,13.7775,13.8276,13.6773,13.7287,427250,27.4
2015-02-24,13.7274,13.8276,13.5771,13.6285,565124,27.2
2015-02-25,13.7775,13.7775,13.3266,13.3279,1127076,26.6
2015-02-26,13.4268,13.6773,13.2264,13.5784,2063987,27.1
2015-02-27,12.2244,13.6773,12.2244,13.5784,998769,27.1
2015-03-02,13.5771,13.6272,13.4268,13.5283,802100,27
2015-03-03,12.1743,13.6272,12.1743,13.6285,627700,27.2
2015-03-04,13.6773,13.7274,13.5771,13.7287,961766,27.4
2015-03-05,13.7274,14.1783,13.7274,13.9291,2569370,27.8
2015-03-06,14.028,14.028,13.7775,13.7788,937231,27.5
2015-03-09,13.7274,13.7775,13.5771,13.6285,770661,27.2
2015-03-10,13.5771,13.6773,13.5771,13.5784,939309,27.1
2015-03-11,13.5771,13.6272,13.4769,13.5283,1168722,27
2015-03-12,13.5771,13.6773,13.4268,13.4281,523828,26.8
2015-03-13,13.4268,13.4769,13.2264,13.2277,1356608,26.4
2015-03-16,13.2264,13.2765,12.7755,12.8268,2172118,25.6
2015-03-17,12.7755,13.026,12.7755,12.8268,897265,25.6
2015-03-18,12.8256,12.8256,12.4248,12.6264,1592800,25.2
2015-03-19,11.4228,12.7755,11.4228,12.5262,1327308,25
2015-03-20,12.525,12.6252,12.4749,12.5262,2494261,25
2015-03-23,12.6252,12.6753,12.0741,12.1254,1145689,24.2
2015-03-24,12.1242,12.1242,11.6733,11.8748,1384414,23.7
2015-03-25,11.8737,12.1242,11.2224,11.2235,2295051,22.4
2015-03-26,10.1202,11.7234,10.1202,11.474,1299048,22.9
2015-03-27,11.523,11.7234,11.3226,11.3237,1581160,22.6
2015-03-30,11.1222,11.4228,11.022,11.0231,1242415,22
2015-03-31,11.022,11.4228,11.022,11.3237,1074435,22.6
2015-04-01,10.2705,11.3226,10.2705,10.7725,1193040,21.5
2015-04-02,10.8717,11.2224,10.7715,11.1734,1365630,22.3
2015-04-03,11.1723,11.4228,11.022,11.4239,883944,22.8
2015-04-06,11.4228,11.523,11.3226,11.3237,1321770,22.6
2015-04-07,11.4729,11.5731,11.3226,11.5742,990073,23.1
2015-04-08,11.6733,11.7735,11.523,11.5241,712537,23
2015-04-09,11.523,11.6733,11.4228,11.5742,817852,23.1
2015-04-10,11.5731,11.6733,11.5731,11.5742,924646,23.1
2015-04-13,11.5731,11.7735,11.4729,11.474,839340,22.9
2015-04-14,11.523,11.7234,11.4729,11.6744,1139850,23.3
2015-04-15,11.6733,12.6252,11.6733,12.6264,3037622,25.2
2015-04-16,12.7755,13.2765,12.6753,12.7767,3490550,25.5
2015-04-17,12.7755,13.026,12.6753,12.927,3134886,25.8
2015-04-20,12.9258,13.2264,12.7755,13.0272,2350994,26
2015-04-21,13.1763,13.2765,12.9759,12.9771,1811820,25.9
2015-04-22,12.8757,13.026,12.8256,12.8268,1494554,25.6
2015-04-23,12.8256,13.0761,12.6753,12.9771,2005110,25.9
2015-04-24,13.026,13.3767,13.026,13.2778,2608911,26.5
2015-04-27,13.3767,13.4769,12.9759,13.0272,814048,26
2015-05-04,13.2264,13.2765,12.5751,12.6765,1989750,25.3
2015-05-05,12.5751,12.7755,12.1743,12.6765,1273957,25.3
2015-05-06,12.8757,13.0761,12.6753,12.8268,2356670,25.6
2015-05-07,12.8757,12.9258,12.7755,12.7767,696700,25.5
2015-05-08,12.6753,12.7755,12.525,12.6264,2077270,25.2
2015-05-11,12.6753,12.6753,12.3747,12.3759,1212890,24.7
2015-05-12,12.2745,12.3747,12.024,12.0252,1086840,24
2015-05-13,12.2745,12.3747,12.024,12.3759,1834819,24.7
2015-05-14,12.3747,12.525,12.0741,12.4761,943045,24.9
2015-05-15,12.4749,12.4749,12.1242,12.1254,640126,24.2
2015-05-18,12.1242,12.1242,11.7735,11.8748,908290,23.7
2015-05-19,11.8737,12.2244,11.7735,12.1755,1080777,24.3
2015-05-20,12.0741,12.4749,11.9739,12.426,886885,24.8
2015-05-21,12.525,12.9258,12.4248,12.927,1732631,25.8
2015-05-22,13.026,13.1763,12.8757,12.927,2165660,25.8
2015-05-25,12.9258,12.9759,12.7254,12.8268,752522,25.6
2015-05-26,12.8256,12.9759,12.8256,12.9771,1238741,25.9
2015-05-27,12.8757,12.8757,12.7755,12.7767,1493351,25.5
2015-05-28,12.7254,12.9258,12.5751,12.8769,1136020,25.7
2015-05-29,12.525,12.8757,12.525,12.6765,592248,25.3
2015-06-01,12.6753,12.9258,12.6753,12.6765,667169,25.3
2015-06-02,12.6753,12.9258,12.6753,12.7266,1002540,25.4
2015-06-03,12.7755,13.1262,12.7755,13.1275,4364620,26.2
2015-06-04,12.024,13.1763,12.024,12.9771,2211970,25.9
2015-06-05,12.9258,13.4268,12.8256,13.2778,2848867,26.5
2015-06-08,13.2765,14.2284,13.2765,13.7788,4517277,27.5
2015-06-09,13.7775,13.9779,13.5771,13.7788,2249975,27.5
2015-06-10,13.7775,14.028,13.7274,13.9792,2050521,27.9
2015-06-11,14.028,14.5791,14.028,14.2298,3982320,28.4
2015-06-12,14.2284,14.4288,14.1282,14.2799,1732011,28.5
2015-06-15,14.4288,14.4288,14.028,14.0293,1530061,28
2015-06-16,14.028,14.1282,13.8276,13.9291,1562649,27.8
2015-06-17,13.7775,13.9779,13.6773,13.7287,1410060,27.4
2015-06-18,13.7274,13.9278,13.7274,13.8289,821094,27.6
2015-06-19,13.9278,14.1783,13.6773,13.8289,2402780,27.6
2015-06-22,13.8276,13.8777,13.7274,13.8289,775412,27.6
2015-06-23,13.9278,14.028,13.8777,13.879,1410821,27.7
2015-06-24,14.028,14.2284,14.028,14.1797,1819839,28.3
2015-06-25,14.1282,14.1783,13.9779,13.9792,773522,27.9
2015-06-26,13.9278,13.9278,13.6272,13.6285,1146447,27.2
2015-06-29,13.5771,13.7274,13.3266,13.5784,723496,27.1
2015-06-30,13.527,13.6272,13.4769,13.4782,989176,26.9
2015-07-01,13.4769,13.8777,13.4769,13.879,868905,27.7
2015-07-02,13.9278,14.028,13.7274,13.9291,780470,27.8
2015-07-03,13.9278,14.1783,13.9278,14.1797,2703165,28.3
2015-07-06,14.1783,15.03,14.1282,15.0314,5091493,30
2015-07-07,15.03,15.1302,14.6793,14.6807,2248662,29.3
2015-07-08,14.5791,14.6793,14.1282,14.1797,2187072,28.3
2015-07-09,14.0781,14.2284,13.9278,14.1797,1457426,28.3
2015-07-10,14.1783,14.529,14.1783,14.33,1426311,28.6
2015-07-13,14.3286,14.3787,14.1783,14.2298,708530,28.4
2015-07-14,14.2284,14.2284,13.8777,13.879,1392121,27.7
2015-07-15,13.9779,14.0781,13.7274,13.7287,1342360,27.4
2015-07-16,13.7274,13.8276,13.5771,13.7287,1090369,27.4
2015-07-17,13.6773,13.8777,13.6773,13.7287,643876,27.4
2015-07-20,13.7274,13.7274,13.026,13.4782,2057259,26.9
2015-07-21,13.4268,13.527,13.026,13.0774,1387961,26.1
2015-07-22,13.026,13.3767,12.6753,13.378,1249770,26.7
2015-07-23,13.2765,13.4268,13.2264,13.378,718268,26.7
2015-07-24,13.2765,13.527,13.2765,13.378,758782,26.7
2015-07-27,13.3266,13.4769,13.2264,13.378,941945,26.7
2015-07-28,13.3266,13.3266,13.026,13.0272,1633535,26
2015-07-29,13.5949,13.6474,13.1225,13.2297,725994,25.2
2015-07-30,13.28,13.5424,13.28,13.5447,580369,25.8
2015-07-31,13.5424,13.6999,13.5424,13.5447,890217,25.8
2015-08-03,13.385,13.4374,13.0175,13.1772,967500,25.1
2015-08-04,13.1225,13.175,13.0175,13.1772,909818,25.1
2015-08-05,13.2275,13.385,13.2275,13.3872,304650,25.5
2015-08-06,13.4374,13.4374,13.2275,13.2822,423000,25.3
2015-08-07,13.2275,13.28,13.1225,13.1247,357832,25
2015-08-10,13.1225,13.2275,13.1225,13.1247,520175,25
2015-08-11,11.8103,13.28,11.8103,13.1247,431900,25
2015-08-12,13.1225,13.1225,12.7026,12.8097,812055,24.4
2015-08-13,12.8076,12.8076,12.2827,12.2847,1091330,23.4
2015-08-14,12.3352,12.3352,11.9152,12.0747,1114965,23
2015-08-17,11.0229,12.0727,10.8654,11.3922,1583310,21.7
2015-08-18,10.288,11.6528,10.288,11.4447,1094609,21.8
2015-08-19,11.5478,11.5478,11.2854,11.3397,942460,21.6
2015-08-20,11.2329,11.2854,10.4455,10.5522,1877260,20.1
2015-08-21,11.6003,11.6003,9.7631,10.4472,2307220,19.9
2015-08-24,10.4455,10.4455,9.5532,9.5548,3647980,18.2
2015-08-25,8.6084,10.1831,8.6084,9.9748,2296580,19
2015-08-26,8.9758,10.9704,8.9758,10.8672,2347105,20.7
2015-08-27,10.9704,11.2329,10.6555,10.7622,2451915,20.5
2015-08-28,10.8654,11.4953,10.8654,11.4447,3032902,21.8
2015-08-31,11.5478,11.6003,11.0229,11.0247,2109610,21
2015-09-01,11.3378,11.4428,11.0229,11.0247,1431681,21
2015-09-03,11.0229,11.0229,10.6555,10.7622,2032000,20.5
2015-09-04,10.6555,10.9704,10.498,10.9197,1013330,20.8
2015-09-07,10.498,10.9179,10.498,10.7622,1070252,20.5
2015-09-08,10.6555,10.8654,10.603,10.8672,461453,20.7
2015-09-09,10.8129,11.2329,10.8129,11.1297,1022800,21.2
2015-09-10,11.0229,11.0229,10.8654,10.9197,665745,20.8
2015-09-11,11.0229,11.1804,10.8654,10.8672,409236,20.7
2015-09-14,10.8654,10.8654,10.498,10.5522,452680,20.1
2015-09-15,10.5505,10.708,10.393,10.5522,722580,20.1
2015-09-16,10.708,10.8129,10.5505,10.7622,591450,20.5
2015-09-17,10.9179,11.0754,10.8129,10.9722,1184406,20.9
2015-09-18,11.0229,11.0754,10.8129,10.8147,1935010,20.6
2015-09-21,10.8129,10.9704,10.708,10.9722,656266,20.9
2015-09-22,11.0229,11.2854,11.0229,11.0772,2980548,21.1
2015-09-23,11.0754,11.5478,11.0229,11.4972,1981471,21.9
2015-09-24,11.6528,11.6528,11.2329,11.2347,1399406,21.4
2015-09-25,11.4428,11.4428,11.0754,11.1297,1609730,21.2
2015-09-28,11.8103,11.8103,11.0754,11.1297,1739900,21.2
2015-09-29,11.0754,11.0754,10.9179,11.0247,1197945,21
2015-09-30,11.0229,11.1279,10.9179,10.9197,997896,20.8
2015-10-01,11.0229,11.0229,10.9179,11.0247,797272,21
2015-10-02,11.0229,11.0229,10.9179,10.9722,297319,20.9
2015-10-05,11.0229,11.2329,10.9704,11.1297,475500,21.2
2015-10-06,11.2854,11.5478,11.2329,11.3397,2256856,21.6
2015-10-07,11.5478,11.8627,11.4953,11.4972,4591001,21.9
2015-10-08,11.4953,11.7578,11.3378,11.6547,1487230,22.2
2015-10-09,11.8103,12.2302,11.8103,12.0222,3202004,22.9
2015-10-12,12.0727,12.1777,11.9677,12.0222,2561612,22.9
2015-10-13,11.8103,11.9677,11.7578,11.7597,1785035,22.4
2015-10-14,11.7053,11.8103,11.6003,11.6547,1537853,22.2
2015-10-15,11.7053,11.8103,11.6003,11.8122,1215030,22.5
2015-10-16,11.8627,11.9677,11.7053,11.7072,1897237,22.3
2015-10-19,11.8627,11.8627,11.7053,11.7072,904150,22.3
2015-10-20,11.7053,11.9152,11.5478,11.8122,3034740,22.5
2015-10-21,11.8103,11.9152,11.7053,11.7072,1150153,22.3
2015-10-22,11.7053,11.9152,11.6528,11.8647,1554810,22.6
2015-10-23,11.8627,12.0202,11.8627,11.8647,1563060,22.6
2015-10-26,11.8627,11.9677,11.7578,11.8122,936774,22.5
2015-10-27,11.9677,11.9677,11.3903,11.4972,2133935,21.9
2015-10-28,11.4428,11.4953,11.2329,11.2872,1867934,21.5
2015-10-29,11.4428,11.6003,11.3903,11.4972,2349126,21.9
2015-10-30,11.5478,11.6003,11.3378,11.3397,1528558,21.6
2015-11-02,12.4401,12.4401,11.3903,11.3922,956372,21.7
2015-11-03,11.4428,11.6528,11.3903,11.6022,2171563,22.1
2015-11-04,11.7053,11.8103,11.5478,11.5497,1449954,22
2015-11-05,11.4428,11.6003,11.3378,11.5497,1125251,22
2015-11-06,11.5478,11.5478,11.3378,11.3397,1146170,21.6
2015-11-09,11.4953,11.4953,11.2854,11.2872,669864,21.5
2015-11-10,11.2854,11.2854,11.0754,11.1297,523470,21.2
2015-11-11,11.1279,11.1279,10.9704,10.9722,601044,20.9
2015-11-12,10.9704,11.0229,10.8129,10.9722,528469,20.9
2015-11-13,10.9179,10.9179,10.6555,10.7622,1227606,20.5
2015-11-16,10.6555,10.708,10.603,10.6572,663500,20.3
2015-11-17,10.708,10.8129,10.603,10.6572,962486,20.3
2015-11-18,10.6555,10.708,10.603,10.6047,463900,20.2
2015-11-19,10.603,10.7605,10.5505,10.6047,448981,20.2
2015-11-20,10.708,10.7605,10.603,10.6047,405294,20.2
2015-11-23,10.603,10.708,10.603,10.6047,300169,20.2
2015-11-24,10.603,10.7605,10.603,10.7097,670796,20.4
2015-11-25,10.8129,10.8654,10.708,10.7622,1071862,20.5
2015-11-26,10.8654,10.8654,10.6555,10.7097,902508,20.4
2015-11-27,10.6555,10.6555,10.498,10.4997,398966,20
2015-11-30,10.498,10.498,10.288,10.2898,596477,19.6
2015-12-01,10.288,10.393,10.2356,10.2898,520200,19.6
2015-12-02,10.3405,10.3405,10.1831,10.2373,357303,19.5
2015-12-03,10.1831,10.2356,10.0256,10.0273,730126,19.1
2015-12-04,10.0781,10.1831,10.0256,10.1323,266200,19.3
2015-12-07,10.1306,10.1306,9.7631,9.8173,1650390,18.7
2015-12-08,9.7631,9.8156,9.3957,9.8173,3070986,18.7
2015-12-09,9.7107,9.7631,9.4482,9.5023,1481612,18.1
2015-12-10,8.8183,9.5007,8.6609,9.2923,706960,17.7
2015-12-11,9.3957,9.3957,9.1858,9.2398,968724,17.6
2015-12-14,9.1333,9.1858,8.8708,8.9248,1453985,17
2015-12-15,8.9233,9.1333,8.9233,9.0823,569626,17.3
2015-12-16,9.1333,9.2907,9.0808,9.1348,565719,17.4
2015-12-17,9.0808,9.1858,8.9758,9.0298,615302,17.2
2015-12-18,8.136,9.0283,8.136,8.6623,2973716,16.5
2015-12-21,8.9233,8.9233,8.6609,8.8198,770310,16.8
2015-12-22,8.9233,9.0283,8.8708,8.9248,912516,17
2015-12-23,9.1333,9.1333,8.8708,8.9248,918000,17
2015-12-24,9.0283,9.2382,8.9233,8.9248,1055244,17
2015-12-25,9.0283,9.0808,8.8708,8.9248,599090,17
2015-12-28,8.9233,8.9233,8.7658,8.7673,432400,16.7
2015-12-29,8.7658,8.9233,8.7133,8.9248,976386,17
2015-12-30,8.9233,8.9233,8.8183,8.8723,513294,16.9
2015-12-31,8.8183,8.8708,8.7133,8.7673,347707,16.7
2016-01-04,8.7658,8.9233,8.7658,8.7673,442820,16.7
2016-01-05,8.7133,8.7658,8.5559,8.5573,566940,16.3
2016-01-06,8.5559,8.6084,8.3984,8.3998,1027675,16
2016-01-07,8.3459,8.3459,7.5586,7.7173,3450358,14.7
2016-01-08,7.6111,7.8735,7.6111,7.7173,2878302,14.7
2016-01-11,7.716,7.821,7.6635,7.7698,1240750,14.8
2016-01-12,7.0337,7.821,7.0337,7.8223,1514145,14.9
2016-01-13,7.7685,8.1884,7.716,7.8748,1846886,15
2016-01-14,8.136,8.136,7.5586,7.6123,1220430,14.5
2016-01-15,7.6635,7.7685,7.4536,7.5073,1296090,14.3
2016-01-18,7.3486,7.3486,6.8237,7.1923,4005255,13.7
2016-01-19,7.1911,7.2961,7.0862,7.1398,1270500,13.6
2016-01-20,7.1386,7.1386,6.8762,6.9823,1663753,13.3
2016-01-21,6.9287,6.9812,6.5613,6.5623,2640200,12.5
2016-01-22,6.8237,7.1386,6.6662,6.9823,2937521,13.3
2016-01-25,7.2961,7.6635,7.2961,7.6648,1650510,14.6
2016-01-26,7.0862,7.926,7.0862,7.5073,1952036,14.3
2016-01-27,7.6635,7.821,7.5586,7.7173,2143742,14.7
2016-01-28,6.9812,7.7685,6.9812,7.5073,2691850,14.3
2016-01-29,7.5061,8.136,7.5061,8.0848,3438322,15.4
2016-02-01,8.1884,8.1884,7.716,7.7173,1004118,14.7
2016-02-02,7.6111,7.6111,7.4011,7.4548,970710,14.2
2016-02-03,7.2961,7.3486,7.0862,7.2973,1436400,13.9
2016-02-04,7.6111,7.716,7.4011,7.4548,810800,14.2
2016-02-05,7.6111,7.6111,7.4011,7.6123,681900,14.5
2016-02-15,7.5061,7.6635,7.2961,7.5598,1456730,14.4
2016-02-16,7.6635,7.8735,7.6635,7.8748,1874530,15
2016-02-17,7.6635,7.8735,7.6111,7.6648,1091041,14.6
2016-02-18,7.7685,8.0835,7.7685,7.9273,3333578,15.1
2016-02-19,7.8735,8.2409,7.821,7.8748,1825559,15
2016-02-22,7.7685,8.0835,7.7685,7.9798,1625521,15.2
2016-02-23,8.136,8.3984,8.031,8.0323,3912333,15.3
2016-02-24,7.2436,8.0835,7.2436,8.0848,2606686,15.4
2016-02-25,8.0835,8.1884,7.926,7.9273,1337856,15.1
2016-02-26,8.0835,8.0835,7.926,7.9798,1252276,15.2
2016-02-29,7.9785,8.031,7.8735,7.9798,790800,15.2
2016-03-01,7.9785,8.0835,7.926,8.0323,1538937,15.3
2016-03-02,8.0835,8.1884,8.031,8.0848,1229740,15.4
2016-03-03,8.136,8.2934,8.0835,8.1373,1420196,15.5
2016-03-04,8.136,8.4509,8.136,8.2948,1722316,15.8
2016-03-07,8.4509,8.9758,8.4509,8.8198,5730717,16.8
2016-03-08,8.9758,9.2382,8.7658,8.8198,4622160,16.8
2016-03-09,8.7658,8.8183,8.5559,8.6623,2087228,16.5
2016-03-10,8.8183,8.9758,8.7133,8.7148,2681049,16.6
2016-03-11,8.7658,8.9233,8.6609,8.8198,1093630,16.8
2016-03-14,8.8183,8.9758,8.7658,8.9248,1525260,17
2016-03-15,8.8708,8.9233,8.5559,8.6623,2391069,16.5
2016-03-16,8.5559,8.7133,8.5559,8.6623,1021029,16.5
2016-03-17,8.8183,9.1333,8.8183,8.8723,2444271,16.9
2016-03-18,9.0283,9.0808,8.8183,8.9248,3549430,17
2016-03-21,8.9233,8.9233,8.6609,8.7673,1930566,16.7
2016-03-22,8.8183,8.8708,8.7133,8.8198,1199181,16.8
2016-03-23,8.7658,9.0283,8.7133,9.0298,2240188,17.2
2016-03-24,8.9233,8.9758,8.7658,8.7673,1122420,16.7
2016-03-25,8.7658,8.7658,8.5559,8.6098,1656531,16.4
2016-03-28,8.6609,8.7133,8.6084,8.7148,527101,16.6
2016-03-29,8.7133,8.7133,8.3984,8.3998,483699,16
2016-03-30,8.3984,8.5034,8.2934,8.4523,1259960,16.1
2016-03-31,8.4509,8.4509,8.031,8.0323,606450,15.3
2016-04-01,8.031,8.1884,8.031,8.0848,840700,15.4
2016-04-04,7.926,8.136,7.821,8.0848,1053845,15.4
2016-04-05,7.9785,7.9785,7.8735,7.9798,1302424,15.2
2016-04-06,8.0835,8.2934,8.0835,8.1898,1680690,15.6
2016-04-07,8.3459,8.4509,8.2934,8.3473,1075080,15.9
2016-04-08,8.3459,8.3984,8.2934,8.3998,1120610,16
2016-04-11,8.5559,8.6084,8.4509,8.4523,2542099,16.1
2016-04-12,8.5559,8.6084,8.4509,8.5573,1761846,16.3
2016-04-13,8.6609,8.8183,8.5034,8.5573,2999914,16.3
2016-04-14,8.5559,8.6084,8.3984,8.5048,1008779,16.2
2016-04-15,8.5034,8.6609,8.4509,8.5048,2417560,16.2
2016-04-19,8.3984,8.4509,8.2409,8.2948,1372361,15.8
2016-04-20,8.2409,8.3984,8.1884,8.2948,694230,15.8
2016-04-21,8.3984,8.7133,8.3459,8.6623,2077759,16.5
2016-04-22,8.6609,9.0808,8.6084,9.0298,3791039,17.2
2016-04-25,9.0283,9.0283,8.8183,8.8723,1157920,16.9
2016-04-26,8.8183,8.8708,8.7133,8.8723,1112430,16.9
2016-04-27,8.9758,9.2907,8.9758,9.0298,1862425,17.2
2016-04-28,9.0283,9.1333,8.9233,9.0298,517559,17.2
2016-04-29,9.0283,9.0283,8.9233,9.0298,463535,17.2
2016-05-04,9.0283,9.0283,8.6609,8.7673,1254571,16.7
2016-05-05,8.8183,8.8708,8.7133,8.8723,1168825,16.9
2016-05-06,8.8708,8.9233,8.7658,8.8198,541945,16.8
2016-05-09,8.9233,8.9233,8.8183,8.8723,566850,16.9
2016-05-10,8.8708,8.8708,8.6609,8.8198,713552,16.8
2016-05-11,8.8708,8.9233,8.7658,8.8723,579127,16.9
2016-05-12,8.9233,8.9758,8.8708,8.9248,937619,17
2016-05-13,8.9758,9.1858,8.9233,9.1348,2062858,17.4
2016-05-16,9.1333,9.6582,9.0808,9.6598,3921424,18.4
2016-05-17,10.1306,10.2356,9.6582,9.9748,7915940,19
2016-05-18,10.0256,10.1831,9.6582,9.7123,3735458,18.5
2016-05-19,9.7107,9.7107,9.3957,9.3973,3276536,17.9
2016-05-20,9.5007,9.6582,9.3957,9.4498,1988801,18
2016-05-23,9.2907,9.3957,9.1858,9.2923,1919538,17.7
2016-05-24,9.1858,9.4482,9.0808,9.3973,1076866,17.9
2016-05-25,9.5532,9.8156,9.5007,9.5023,1534722,18.1
2016-05-26,8.5559,9.7107,8.5559,9.6073,2211798,18.3
2016-05-27,9.4482,9.6057,9.4482,9.5023,1167412,18.1
2016-05-30,9.5007,9.5532,9.3957,9.5548,1156060,18.2
2016-05-31,9.5532,9.9731,9.4482,9.8173,3009015,18.7
2016-06-01,9.8681,9.8681,9.6582,9.6598,1508786,18.4
2016-06-02,9.6582,9.7631,9.6057,9.7648,1281449,18.6
2016-06-03,9.7631,10.0781,9.6582,9.8698,2349664,18.8
2016-06-06,9.8681,9.9731,9.7107,9.8173,999323,18.7
2016-06-07,9.8681,10.1306,9.8681,10.0798,2702969,19.2
2016-06-08,10.1306,10.498,10.1306,10.1848,2866938,19.4
2016-06-09,10.288,10.6555,10.288,10.6047,2989779,20.2
2016-06-10,10.498,10.603,10.3405,10.3948,2541967,19.8
2016-06-13,10.2356,10.288,9.9206,10.0273,3750895,19.1
2016-06-14,9.9206,10.1831,9.8156,9.9748,1682412,19
2016-06-15,9.9206,9.9206,9.6582,9.9223,1849534,18.9
2016-06-16,9.7631,9.8681,9.7107,9.7123,1104971,18.5
2016-06-17,9.6057,9.6582,9.4482,9.4498,4156665,18
2016-06-20,9.4482,9.9206,9.4482,9.9223,1467588,18.9
2016-06-21,9.9731,10.1306,9.8156,9.8173,1656917,18.7
2016-06-22,9.9206,10.0256,9.8156,9.9223,1778022,18.9
2016-06-23,9.8681,9.9731,9.8681,9.8698,715789,18.8
2016-06-24,9.9206,9.9731,8.9233,9.4498,6558098,18
2016-06-27,9.4482,9.5532,9.1858,9.4498,1448355,18
2016-06-28,9.2907,9.5532,9.2907,9.4498,846031,18
2016-06-29,9.5532,9.6582,9.5007,9.6073,882981,18.3
2016-06-30,9.8156,9.8156,9.5007,9.5548,1148438,18.2
2016-07-01,9.5007,9.7631,9.5007,9.7123,830966,18.5
2016-07-04,9.7107,9.8156,9.6057,9.7123,752900,18.5
2016-07-05,9.6057,9.7107,9.5007,9.5548,1906699,18.2
2016-07-06,9.4482,9.5007,9.3432,9.5023,1491916,18.1
2016-07-07,9.4482,9.6582,9.4482,9.5548,1323326,18.2
2016-07-08,9.4482,9.6057,9.3957,9.5023,1409190,18.1
2016-07-11,9.5007,9.6582,9.3957,9.3973,1307349,17.9
2016-07-12,9.3957,9.5532,9.3957,9.5548,1214580,18.2
2016-07-13,9.6057,9.7107,9.5532,9.6073,1710167,18.3
2016-07-14,9.6057,9.6057,9.5007,9.5023,1777981,18.1
2016-07-15,9.5007,9.6057,9.4482,9.5023,2139005,18.1
2016-07-18,9.5532,9.8156,9.4482,9.8173,2380642,18.7
2016-07-19,9.8156,9.9731,9.7107,9.8173,2445001,18.7
2016-07-20,9.8156,9.8156,9.6582,9.7123,1488769,18.5
2016-07-21,10.3279,10.3841,9.7105,9.7677,1531024,17.4
2016-07-22,9.7105,9.7105,9.4298,9.5993,2195848,17.1
2016-07-25,9.6544,9.6544,9.486,9.5432,1192527,17
2016-07-26,9.4298,9.4298,9.2615,9.3748,1268830,16.7
2016-07-27,9.2615,9.7105,9.2615,9.5993,1893372,17.1
2016-07-28,9.5982,9.5982,9.4298,9.5993,1218420,17.1
2016-07-29,9.5421,9.5982,9.486,9.487,765167,16.9
2016-08-01,9.5421,9.7666,9.5421,9.7116,1156542,17.3
2016-08-02,9.6544,9.6544,9.486,9.5993,1765158,17.1
2016-08-03,9.5982,9.6544,9.486,9.5993,724990,17.1
2016-08-04,9.6544,9.935,9.6544,9.8239,2125583,17.5
2016-08-05,9.8228,10.2157,9.8228,10.2168,2502352,18.2
2016-08-08,10.2157,10.3841,9.9911,10.0484,480944,17.9
2016-08-09,10.1034,10.7208,10.1034,10.722,2275243,19.1
2016-08-10,10.6647,10.9454,10.5524,10.9466,1502990,19.5
2016-08-11,10.8892,11.4505,10.7208,11.3395,2495613,20.2
2016-08-12,11.5067,11.8434,11.5067,11.7325,2600678,20.9
2016-08-15,11.7873,12.1802,11.7312,11.9009,1397991,21.2
2016-08-16,11.8996,12.1241,11.4505,11.6202,2287911,20.7
2016-08-17,11.675,11.9557,11.6189,11.6764,1882940,20.8
2016-08-18,11.675,12.4047,11.5067,12.4061,2112922,22.1
2016-08-19,12.4609,12.7415,11.8434,11.9009,2490108,21.2
2016-08-22,11.9557,12.2925,11.8434,12.1816,1580925,21.7
2016-08-23,12.1241,12.4609,11.7873,12.2939,1920306,21.9
2016-08-24,11.9557,12.4609,11.9557,12.1816,1777849,21.7
2016-08-25,12.0118,12.1802,11.8996,12.0132,991498,21.4
2016-08-26,12.0118,12.2925,12.0118,12.0693,847001,21.5
2016-08-29,12.068,12.1241,11.3383,11.6202,2437403,20.7
2016-08-30,11.6189,11.7873,11.4505,11.7886,791324,21
2016-08-31,11.7312,11.7873,11.6189,11.7886,1260691,21
2016-09-01,11.7873,11.7873,11.3944,11.3957,1663683,20.3
2016-09-05,11.5067,11.7873,11.4505,11.7886,1582038,21
2016-09-06,11.8996,12.2363,11.7312,12.0132,2929135,21.4
2016-09-07,11.8996,12.0118,11.7312,11.7886,1774633,21
2016-09-08,11.8996,12.0118,11.7312,11.9009,2224794,21.2
2016-09-09,12.0118,12.2363,11.7312,11.7886,3947065,21
2016-09-12,11.675,11.7873,11.5067,11.6202,1077185,20.7
2016-09-13,11.6189,11.6189,11.3944,11.5641,1215123,20.6
2016-09-14,11.4505,11.5628,11.3944,11.508,1604230,20.5
2016-09-15,11.3944,11.3944,11.1137,11.1711,1427009,19.9
2016-09-16,11.1699,11.1699,10.6647,10.722,5263064,19.1
2016-09-19,10.8331,11.226,10.777,11.2273,1507340,20
2016-09-20,11.226,11.2821,11.0015,11.2834,922590,20.1
2016-09-21,11.226,11.4505,11.1137,11.2834,1575350,20.1
2016-09-22,11.3944,11.6189,11.1699,11.1711,1827269,19.9
2016-09-23,11.226,11.2821,11.0576,11.0589,1220880,19.7
2016-09-26,11.0015,11.1137,10.777,11.0027,1564019,19.6
2016-09-27,11.1137,11.226,11.0015,11.2273,954616,20
2016-09-28,11.1699,11.226,11.0015,11.1711,1813430,19.9
2016-09-29,11.3944,12.2363,11.3944,12.2377,7816526,21.8
2016-09-30,12.3486,12.6293,11.8996,11.9009,2120414,21.2
2016-10-03,11.8996,12.1241,11.7873,11.7886,1377707,21
2016-10-04,11.8996,12.068,11.6189,11.9009,3372182,21.2
2016-10-05,11.8996,12.1241,11.8996,11.957,1893530,21.3
2016-10-06,12.0118,12.1802,11.8434,12.0132,1960923,21.4
2016-10-07,12.068,12.4609,12.068,12.2377,2892320,21.8
2016-10-10,12.1802,12.1802,11.8434,11.9009,1266829,21.2
2016-10-11,12.068,12.2925,11.8996,12.2377,2935026,21.8
2016-10-12,12.2363,12.2925,12.068,12.1255,1942480,21.6
2016-10-13,12.0118,12.068,11.8996,12.0693,1923533,21.5
2016-10-14,12.068,12.2363,12.0118,12.0693,1318775,21.5
2016-10-17,12.068,12.068,11.7312,11.7325,1663020,20.9
2016-10-18,11.7312,11.8996,11.6189,11.8448,1434253,21.1
2016-10-19,11.9557,11.9557,11.7312,11.7325,914550,20.9
2016-10-20,11.8996,11.9557,11.5628,11.5641,2461000,20.6
2016-10-21,11.5067,11.5628,11.4505,11.5641,1437310,20.6
2016-10-24,11.5067,11.5628,11.1699,11.1711,1132156,19.9
2016-10-25,11.226,11.3383,11.0015,11.2834,1722334,20.1
2016-10-26,11.1699,11.226,10.9454,11.0027,1298200,19.6
2016-10-27,11.1137,11.226,10.9454,11.1711,647680,19.9
2016-10-28,11.1699,11.1699,11.0576,11.115,853870,19.8
2016-10-31,11.1137,11.1137,10.7208,10.7782,1033619,19.2
2016-11-01,10.6647,10.777,10.4963,10.5536,1518697,18.8
2016-11-02,10.4963,10.4963,9.9911,10.0484,1327489,17.9
2016-11-03,10.0473,10.2157,9.7666,10.2168,1665200,18.2
2016-11-04,10.1034,10.2157,9.8789,10.0484,619526,17.9
2016-11-07,9.9911,10.2718,9.9911,10.2168,537174,18.2
2016-11-08,10.2718,10.3279,10.0473,10.1607,1419993,18.1
2016-11-09,10.0473,10.0473,9.2615,9.88,1972970,17.6
2016-11-10,8.9247,10.2157,8.9247,10.1045,1363400,18
2016-11-11,10.0473,10.1595,9.935,9.9923,987200,17.8
2016-11-14,9.935,9.935,9.6544,9.7116,1279134,17.3
2016-11-15,9.7666,9.935,9.7666,9.88,1423225,17.6
2016-11-16,10.1034,10.3279,9.9911,10.0484,1289675,17.9
2016-11-17,9.9911,9.9911,9.8789,9.9361,640359,17.7
2016-11-18,9.935,10.0473,9.8228,9.88,769418,17.6
2016-11-21,9.9911,10.0473,9.935,9.9361,967370,17.7
2016-11-22,10.0473,10.2718,10.0473,10.1045,2881910,18
2016-11-23,10.1595,10.1595,10.0473,10.0484,423703,17.9
2016-11-24,10.0473,10.2157,10.0473,10.0484,1059200,17.9
2016-11-25,10.0473,10.1034,9.8228,9.88,977000,17.6
2016-11-28,9.8228,9.8228,9.6544,9.7677,1757450,17.4
2016-11-29,9.8789,9.8789,9.7666,9.8239,916760,17.5
2016-11-30,8.8685,10.1034,8.8685,9.9361,1455425,17.7
2016-12-01,10.4402,10.8892,10.3841,10.4975,7014780,18.7
2016-12-02,10.6647,10.777,10.2718,10.273,1538650,18.3
2016-12-05,10.2718,10.3841,9.935,10.1607,2361765,18.1
2016-12-06,10.2777,10.3355,9.989,10.1048,1209159,17.5
2016-12-07,10.1045,10.1045,9.8158,10.047,1138966,17.4
2016-12-08,9.9313,9.989,9.8158,9.8161,691656,17
2016-12-09,9.9313,9.9313,9.5848,9.6428,1662477,16.7
2016-12-12,9.8735,10.1622,9.8735,9.8738,1276214,17.1
2016-12-13,9.8735,9.9313,9.5848,9.6428,2124317,16.7
2016-12-14,9.7003,9.8735,9.6426,9.8161,714528,17
2016-12-15,8.8342,9.8158,8.8342,9.7583,460338,16.9
2016-12-16,9.7581,9.8735,9.7581,9.7583,1658760,16.9
2016-12-19,9.7581,9.989,9.7581,9.8161,1012301,17
2016-12-20,9.8735,9.9313,9.7003,9.7006,776753,16.8
2016-12-21,9.8158,9.9313,9.5848,9.6428,1513307,16.7
2016-12-22,9.6426,9.6426,9.2961,9.2964,2252017,16.1
2016-12-23,9.3539,9.3539,9.1229,9.2387,724668,16
2016-12-26,9.4116,9.5271,9.2384,9.3541,488070,16.2
2016-12-27,9.5271,9.5271,9.1807,9.2387,727144,16
2016-12-28,9.2384,9.3539,9.1229,9.1809,570400,15.9
2016-12-29,9.1229,9.3539,9.0074,9.2387,470410,16
2016-12-30,9.2961,9.5271,9.2384,9.4696,836037,16.4
2017-01-03,9.5271,9.6426,9.4116,9.6428,583860,16.7
2017-01-04,9.6426,10.1045,9.5271,9.9316,1594950,17.2
2017-01-05,9.989,9.989,9.8735,9.9316,678715,17.2
2017-01-06,9.9313,10.0468,9.8735,9.9316,667991,17.2
2017-01-09,9.9313,10.22,9.9313,10.2203,1519906,17.7
2017-01-10,10.22,10.22,10.0468,10.1048,894172,17.5
2017-01-11,10.1045,10.1622,9.9313,10.1625,632038,17.6
2017-01-12,10.1622,10.2777,10.0468,10.1048,624348,17.5
2017-01-13,10.1622,10.2777,9.989,9.9893,908326,17.3
2017-01-16,10.0468,10.0468,9.8158,9.8161,881815,17
2017-01-17,8.8342,9.8735,8.8342,9.7583,456576,16.9
2017-01-18,9.8158,9.9313,9.7003,9.7006,531316,16.8
2017-01-19,9.7003,9.7581,9.6426,9.6428,445015,16.7
2017-01-20,9.8158,9.9313,9.6426,9.8161,519625,17
2017-01-23,9.8158,9.9313,9.5848,9.8161,279029,17
2017-01-24,9.9313,10.0468,9.8158,9.9316,487780,17.2
2017-01-25,9.989,10.22,9.989,10.2203,1089418,17.7
2017-02-02,10.22,10.3355,10.0468,10.1048,419270,17.5
2017-02-03,10.1622,10.2777,10.1045,10.1625,900964,17.6
2017-02-06,10.1045,10.7396,10.0468,10.5667,2584493,18.3
2017-02-07,10.5087,10.7396,10.3932,10.509,1700455,18.2
2017-02-08,10.3932,10.5087,10.2777,10.278,1492591,17.8
2017-02-09,10.2777,10.5087,10.2777,10.3357,1695944,17.9
2017-02-10,10.3932,10.7396,10.3932,10.6245,2389694,18.4
2017-02-13,10.7396,11.2016,10.7396,11.2019,3152891,19.4
2017-02-14,11.1438,11.3748,10.9706,11.2019,3448608,19.4
2017-02-15,11.2016,11.2593,10.9706,11.0864,1486612,19.2
2017-02-16,11.0861,11.2016,10.8551,10.9132,3068379,18.9
2017-02-17,10.8551,10.9706,10.7396,10.8554,2151286,18.8
2017-02-20,10.9129,11.2593,10.8551,11.2019,2628910,19.4
2017-02-21,11.2016,11.2593,10.9706,11.0286,1590370,19.1
2017-02-22,11.1438,11.317,11.0861,11.1441,1641630,19.3
2017-02-23,11.1438,11.1438,10.9129,10.9709,1449607,19
2017-02-24,11.0283,11.0861,10.8551,10.9709,1490150,19
2017-02-27,10.9706,10.9706,10.7396,10.8554,1175483,18.8
2017-02-28,11.1438,11.1438,10.6819,10.6822,1090673,18.5
2017-03-01,10.6819,10.6819,10.4509,10.5667,1548225,18.3
2017-03-02,10.6819,10.6819,10.4509,10.4512,750490,18.1
2017-03-03,10.4509,10.4509,10.2777,10.3357,894617,17.9
2017-03-06,10.3355,10.5087,10.2777,10.278,713898,17.8
2017-03-07,10.3355,10.3355,10.1622,10.278,1777802,17.8
2017-03-08,10.2777,10.5087,10.22,10.3357,668197,17.9
2017-03-09,10.3355,10.3355,10.1045,10.1625,1586844,17.6
2017-03-10,10.1045,10.2777,10.0468,10.2203,1313271,17.7
2017-03-13,10.1622,10.2777,10.0468,10.1625,968312,17.6
2017-03-14,10.1622,10.2777,10.1622,10.1625,398735,17.6
2017-03-15,10.1622,10.22,10.0468,10.1048,932607,17.5
2017-03-16,10.1045,10.22,10.0468,10.1625,1444531,17.6
2017-03-17,10.1622,10.1622,10.0468,10.1048,2634968,17.5
2017-03-20,10.1045,10.22,10.0468,10.1625,1072127,17.6
2017-03-21,10.1622,10.2777,10.1045,10.278,1306933,17.8
2017-03-22,10.1622,10.2777,10.1045,10.1048,1849356,17.5
2017-03-23,10.1045,10.2777,10.1045,10.1625,1039940,17.6
2017-03-24,10.22,10.2777,10.1045,10.278,804975,17.8
2017-03-27,10.2777,10.2777,10.1045,10.1048,1124294,17.5
2017-03-28,10.22,10.22,9.989,10.1048,1055003,17.5
2017-03-29,10.1622,10.2777,10.0468,10.1048,872212,17.5
2017-03-30,10.1622,10.22,10.1045,10.1625,711288,17.6
2017-03-31,10.22,10.2777,10.1622,10.1625,1075092,17.6
2017-04-03,10.1622,10.22,10.1045,10.1048,604440,17.5
2017-04-04,10.1045,10.1045,9.5848,9.7583,3593065,16.9
2017-04-05,9.8158,9.9313,9.5848,9.5851,2447770,16.6
2017-04-07,9.7003,9.8158,9.5848,9.7006,2425180,16.8
2017-04-10,9.8158,9.8158,9.7003,9.7583,471789,16.9
2017-04-11,9.8158,10.0468,9.8158,9.9316,1661323,17.2
2017-04-12,9.989,10.0468,9.8735,9.9316,1209424,17.2
2017-04-13,9.9313,9.9313,9.7581,9.7583,570355,16.9
2017-04-14,9.7581,9.7581,9.5271,9.6428,1032191,16.7
2017-04-17,9.7003,9.7003,9.4694,9.4696,1072864,16.4
2017-04-18,9.4694,9.6426,9.4116,9.6428,722346,16.7
2017-04-19,9.6426,9.6426,9.5271,9.5851,368365,16.6
2017-04-20,9.5271,9.5271,9.4116,9.4119,770537,16.3
2017-04-21,9.4116,9.5271,9.4116,9.4119,274518,16.3
2017-04-24,9.4116,9.7581,9.4116,9.6428,831998,16.7
2017-04-25,9.6426,9.7003,9.5848,9.5851,430958,16.6
2017-04-26,9.5848,9.8158,9.5271,9.7006,923363,16.8
2017-04-27,9.7003,10.3932,9.7003,10.2203,3480807,17.7
2017-04-28,10.2777,10.3355,9.8735,9.9316,1226554,17.2
2017-05-03,9.9313,9.9313,9.4694,9.6428,986560,16.7
2017-05-04,9.2384,9.6426,8.7187,9.5274,1681720,16.5
2017-05-05,9.4694,9.7581,9.3539,9.6428,1600033,16.7
2017-05-08,9.7003,9.8158,9.4694,9.4696,1244730,16.4
2017-05-09,9.5271,9.7003,9.5271,9.5851,791185,16.6
2017-05-10,9.7003,9.7003,9.5271,9.5851,934595,16.6
2017-05-11,9.6426,9.7003,9.5848,9.5851,886675,16.6
2017-05-12,9.6426,9.7003,9.5848,9.7006,848483,16.8
2017-05-15,9.7581,9.8158,9.7003,9.8161,1092913,17
2017-05-16,9.8735,10.1045,9.8158,9.8738,1253214,17.1
2017-05-17,9.8735,9.9313,9.7581,9.8161,1158480,17
2017-05-18,9.8735,9.8735,9.6426,9.6428,1290163,16.7
2017-05-19,9.7003,9.8158,9.6426,9.7006,1205750,16.8
2017-05-22,9.7581,9.989,9.7581,9.9316,1837350,17.2
2017-05-23,9.989,10.0468,9.7581,9.8161,1353125,17
2017-05-24,9.8735,9.9313,9.8158,9.8738,1343463,17.1
2017-05-25,9.8735,10.2777,9.8735,10.1048,2973678,17.5
2017-05-26,9.989,10.1045,9.8158,9.9316,1786534,17.2
2017-05-29,9.9313,9.989,9.8735,9.9316,886194,17.2
2017-05-30,9.9313,9.9313,9.7003,9.7006,1753080,16.8
2017-05-31,9.7003,9.8158,9.5848,9.8161,1805782,17
2017-06-01,9.6426,9.8158,9.6426,9.7583,1047304,16.9
2017-06-02,9.7581,9.7581,9.7003,9.7006,397347,16.8
2017-06-05,9.7003,9.7581,9.6426,9.7583,857330,16.9
2017-06-06,9.7581,9.7581,9.5848,9.7006,779403,16.8
2017-06-07,9.7003,9.7581,9.6426,9.6428,761425,16.7
2017-06-08,9.6426,9.7003,9.5848,9.6428,1778790,16.7
2017-06-09,9.6426,9.7003,9.5848,9.5851,681280,16.6
2017-06-12,9.5848,9.6426,9.5271,9.5851,738215,16.6
2017-06-13,9.5848,9.7003,9.5271,9.6428,723296,16.7
2017-06-14,9.7003,9.7581,9.5271,9.6428,961950,16.7
2017-06-15,9.5848,9.5848,9.5271,9.5274,794149,16.5
2017-06-16,9.5271,9.7003,9.4116,9.4119,6766140,16.3
2017-06-19,10.3355,10.3355,9.5271,9.7583,3161772,16.9
2017-06-20,8.8342,9.7581,8.8342,9.7006,1411748,16.8
2017-06-21,9.5848,9.7003,9.4694,9.5851,1643906,16.6
2017-06-22,9.5848,9.5848,9.5271,9.5274,805320,16.5
2017-06-23,9.5271,9.7003,9.4694,9.6428,972925,16.7
2017-06-26,9.6426,9.8735,9.6426,9.7006,2342263,16.8
2017-06-27,9.7581,9.7581,9.6426,9.6428,334970,16.7
2017-06-28,9.7581,9.7581,9.6426,9.7006,394670,16.8
2017-06-29,9.7581,9.8158,9.6426,9.6428,688314,16.7
2017-06-30,9.7003,9.7581,9.6426,9.7006,814805,16.8
2017-07-03,9.7003,9.8158,9.7003,9.8161,784599,17
2017-07-04,9.8158,10.1045,9.8158,10.047,3723634,17.4
2017-07-05,10.1045,10.1045,9.989,10.1048,1090055,17.5
2017-07-06,10.1045,10.1045,9.989,10.1048,1256617,17.5
2017-07-07,10.1045,10.22,9.989,10.1048,1919319,17.5
2017-07-10,10.0468,10.22,9.9313,10.1625,2724974,17.6
2017-07-11,10.1622,10.1622,10.0468,10.1625,495702,17.6
2017-07-12,10.1622,10.22,10.1045,10.1048,966440,17.5
2017-07-13,10.1045,10.22,10.1045,10.1625,2814135,17.6
2017-07-14,10.1622,10.1622,9.989,9.9893,1635739,17.3
2017-07-17,10.0468,10.1045,9.4694,9.7583,3095220,16.9
2017-07-18,9.7581,9.7581,9.4694,9.5274,1805757,16.5
2017-07-19,9.5271,9.6426,9.4694,9.5274,1984664,16.5
2017-07-20,9.5848,9.7003,9.4116,9.4696,1987456,16.4
2017-07-21,9.5271,9.5271,9.3539,9.3541,1087307,16.2
2017-07-24,9.4116,9.4116,9.1807,9.1809,1209450,15.9
2017-07-25,9.2384,9.2384,9.0074,9.0654,1664128,15.7
2017-07-26,9.1807,9.2384,9.0074,9.1232,3314638,15.8
2017-07-27,9.1229,9.3539,9.1229,9.3541,2203086,16.2
2017-07-28,9.3539,9.4116,9.2384,9.2964,1228727,16.1
2017-07-31,9.3539,9.4116,9.2384,9.4119,1474572,16.3
2017-08-01,9.4116,9.8158,9.3539,9.7583,5458159,16.9
2017-08-02,9.6426,9.7581,9.4694,9.4696,2199254,16.4
2017-08-03,9.5271,9.6426,9.4694,9.6428,2596423,16.7
2017-08-04,9.7003,10.0468,9.5848,9.9316,5962839,17.2
2017-08-07,9.9313,10.22,9.8735,10.1048,3626552,17.5
2017-08-08,9.9313,10.0468,9.8158,9.9316,1414712,17.2
2017-08-09,9.8158,9.989,9.5848,9.7006,3546185,16.8
2017-08-10,9.7003,9.8158,9.6426,9.7583,1418794,16.9
2017-08-11,9.7581,9.7581,9.5848,9.6428,1492782,16.7
2017-08-14,9.7003,9.8158,9.5848,9.6428,1523864,16.7
2017-08-15,9.5848,9.6426,9.4694,9.5274,807844,16.5
2017-08-16,9.5271,9.6426,9.4694,9.5851,1974380,16.6
2017-08-17,9.5848,9.5848,9.4116,9.5274,1388951,16.5
2017-08-18,9.4694,9.5848,9.4694,9.5851,658250,16.6
2017-08-21,9.5848,9.6426,9.4694,9.4696,660400,16.4
2017-08-22,9.4694,9.4694,9.3539,9.3541,716120,16.2
2017-08-23,9.3539,9.4116,9.2961,9.4119,1385042,16.3
2017-08-24,8.4878,9.4694,8.4878,9.4119,993211,16.3
2017-08-25,9.4116,9.4116,9.3539,9.4119,402809,16.3
2017-08-28,9.4116,9.5271,9.4116,9.4696,2211931,16.4
2017-08-29,10.3932,10.3932,9.3539,9.4119,858133,16.3
2017-08-30,10.3355,10.3355,9.2961,9.4119,886880,16.3
2017-08-31,9.4116,9.4694,9.2961,9.4696,1903057,16.4
2017-09-01,9.4694,9.4694,9.3539,9.4119,316000,16.3
2017-09-05,9.4694,9.5271,9.3539,9.4696,2597892,16.4
2017-09-06,9.4694,9.6426,9.4694,9.5851,1848487,16.6
2017-09-07,9.5848,9.5848,9.4694,9.4696,680205,16.4
2017-09-08,9.5271,9.6426,9.4116,9.5851,2208984,16.6
2017-09-11,9.5848,9.5848,9.3539,9.3541,1233710,16.2
2017-09-12,9.3539,9.4116,9.2961,9.3541,1356700,16.2
2017-09-13,9.4116,9.5271,9.2961,9.3541,1818095,16.2
2017-09-14,9.3539,9.5271,9.3539,9.4696,2089024,16.4
2017-09-15,8.5455,9.5271,8.5455,9.4696,1601299,16.4
2017-09-18,9.4694,9.5848,9.4116,9.5851,4642005,16.6
2017-09-19,9.5848,9.7003,9.4694,9.4696,2566020,16.4
2017-09-20,9.5271,9.5271,9.3539,9.4119,3606518,16.3
2017-09-21,9.4694,9.6426,9.4694,9.5274,3228441,16.5
2017-09-22,9.4694,9.5848,9.4116,9.5274,1847111,16.5
2017-09-25,9.5848,9.6426,9.5271,9.6428,1610412,16.7
2017-09-26,8.7187,10.1045,8.7187,9.9893,9528007,17.3
2017-09-27,9.989,10.0468,9.7581,9.8738,3228433,17.1
2017-09-28,9.872,9.991,9.8126,9.8724,2701428,16.6
2017-09-29,8.9205,9.872,8.9205,9.694,3273643,16.3
2017-10-02,9.6936,9.872,9.6341,9.694,3443282,16.3
2017-10-03,9.6341,9.6936,9.4557,9.575,2763121,16.1
2017-10-04,9.5747,9.6341,9.4557,9.6345,1044825,16.2
2017-10-05,9.5747,9.6936,9.4557,9.4561,2529530,15.9
2017-10-06,9.5152,9.5747,9.4557,9.5156,1603720,16
2017-10-09,9.4557,9.5152,9.3963,9.4561,1637862,15.9
2017-10-10,9.4557,9.4557,9.3368,9.3371,2668196,15.7
2017-10-11,9.3963,9.5152,9.3368,9.3966,2414700,15.8
2017-10-12,9.4557,9.5152,9.3368,9.3966,1963032,15.8
2017-10-13,9.3963,9.4557,9.3368,9.4561,1655614,15.9
2017-10-16,9.5152,9.6341,9.4557,9.575,3784337,16.1
2017-10-17,9.5747,9.5747,9.4557,9.5156,1933659,16
2017-10-18,9.5152,9.5747,9.4557,9.5156,2212730,16
2017-10-19,9.5152,9.5747,9.4557,9.575,2241829,16.1
2017-10-20,9.5747,9.5747,9.4557,9.4561,1066609,15.9
2017-10-23,9.4557,9.5152,9.3368,9.3966,1823585,15.8
2017-10-24,8.5042,9.3963,8.5042,9.2182,2865253,15.5
2017-10-25,9.2773,9.3368,9.0989,9.2182,2402120,15.5
2017-10-26,9.2179,9.2773,9.0394,9.0993,2312161,15.3
2017-10-27,9.0989,9.0989,8.98,9.0398,1616773,15.2
2017-10-30,9.0989,9.3963,9.0989,9.1587,2975849,15.4
2017-10-31,9.1584,9.1584,9.0394,9.0398,1666284,15.2
2017-11-01,9.0989,9.3368,9.0394,9.2182,3305625,15.5
2017-11-02,9.2773,9.2773,9.0394,9.0398,1444702,15.2
2017-11-03,9.0394,9.1584,8.861,9.1587,2671760,15.4
2017-11-06,9.2179,9.4557,9.0989,9.3966,4715698,15.8
2017-11-07,9.5747,9.8126,9.4557,9.694,7757989,16.3
2017-11-08,9.6936,9.8126,9.5747,9.7534,4379310,16.4
2017-11-09,9.7531,9.7531,9.5747,9.6345,3454746,16.2
2017-11-10,9.6341,9.8126,9.5747,9.575,2663807,16.1
2017-11-13,9.5747,9.6936,9.4557,9.694,3501724,16.3
2017-11-14,9.6936,9.6936,9.4557,9.5156,2906420,16
2017-11-15,9.4557,9.5152,9.3963,9.5156,2625858,16
2017-11-16,9.5152,9.8126,9.3963,9.7534,7029751,16.4
2017-11-17,9.7531,10.0504,9.6936,9.8724,5590930,16.6
2017-11-20,9.872,10.2883,9.872,10.1698,8576072,17.1
2017-11-21,10.1694,10.3478,10.0504,10.1103,6079230,17
2017-11-22,10.2288,10.6451,10.1099,10.6455,9905845,17.9
2017-11-23,10.7641,10.9425,10.4667,10.6455,12051182,17.9
2017-11-24,10.7046,11.002,10.5857,10.8834,9805426,18.3
2017-11-27,10.883,11.2993,10.883,11.0024,7495331,18.5
2017-11-28,10.9425,11.002,10.7046,10.7645,5507823,18.1
2017-11-29,10.8235,10.9425,10.6451,10.9429,6489854,18.4
2017-11-30,10.9425,11.1209,10.8235,10.8239,5242142,18.2
2017-12-01,10.9425,11.4182,10.883,11.2997,11241119,19
2017-12-04,11.3588,11.6561,11.3588,11.6566,6172216,19.6
2017-12-05,11.7751,11.7751,11.2993,11.2997,6041670,19
2017-12-06,11.2398,11.5372,11.002,11.4781,8159590,19.3
2017-12-07,11.3588,11.4182,11.1209,11.1808,5700149,18.8
2017-12-08,11.1804,11.3588,11.002,11.0024,3994515,18.5
2017-12-11,11.002,11.1209,10.6451,10.7645,6857494,18.1
2017-12-12,10.9425,11.4182,10.4073,11.4187,10213321,19.2
2017-12-13,11.4182,11.8345,11.2993,11.4781,8515270,19.3
2017-12-14,11.4182,11.5372,11.2398,11.4187,3875979,19.2
2017-12-15,11.2993,11.7156,11.2993,11.5376,5957618,19.4
2017-12-18,11.5967,12.6671,11.5967,12.4297,14174349,20.9
2017-12-19,12.4887,12.8455,12.3103,12.6676,8773204,21.3
2017-12-20,12.6671,13.8565,12.6671,13.0839,12123176,22
2017-12-21,13.2618,13.4997,12.905,13.1434,10252839,22.1
2017-12-22,13.1429,13.2618,12.8455,13.0839,6893931,22
2017-12-25,13.2023,13.8565,13.0834,13.5002,7176975,22.7
2017-12-26,13.6781,14.0944,13.4997,14.0949,7972179,23.7
2017-12-27,14.2728,14.5702,13.9755,14.0354,8619480,23.6
2017-12-28,14.0944,14.3323,13.797,14.1544,7434502,23.8
2017-12-29,14.2728,14.3323,14.0349,14.0354,6195027,23.6
2018-01-02,14.0349,14.2728,13.5592,13.6786,11102231,23
2018-01-03,13.6781,15.0459,13.3808,15.0465,13989403,25.3
2018-01-04,15.1649,15.7001,15.1649,15.2249,8826477,25.6
2018-01-05,15.2243,15.938,14.8675,15.5223,10957598,26.1
2018-01-08,15.2838,16.0569,15.2838,16.0575,8638877,27
2018-01-09,16.1758,16.4732,15.8785,16.2359,6027400,27.3
2018-01-10,16.3543,17.4842,16.3543,17.128,9502619,28.8
2018-01-11,17.2463,17.2463,16.5327,16.7712,7586337,28.2
2018-01-12,16.949,17.2463,16.1758,16.2359,11855352,27.3
2018-01-15,16.2353,16.949,16.1164,16.7712,6009327,28.2
2018-01-16,16.7705,16.949,16.3543,16.5928,5785271,27.9
2018-01-17,16.5327,17.1868,16.2948,16.3549,10638523,27.5
2018-01-18,16.2948,16.949,16.1758,16.9496,8185159,28.5
2018-01-19,16.949,17.1274,16.7111,16.7712,7142536,28.2
2018-01-22,16.7705,17.841,16.4732,17.7822,12478860,29.9
2018-01-23,17.841,19.0304,17.841,18.4959,6543899,31.1
2018-01-24,18.5546,18.9709,18.0789,18.4364,6571218,31
2018-01-25,18.4952,19.1493,18.4357,18.6743,10461176,31.4
2018-01-26,18.852,19.1493,18.4357,18.9716,6741998,31.9
2018-01-29,19.0304,19.5656,18.6736,19.0311,6911697,32
2018-01-30,18.4357,18.9709,17.841,18.1985,10253619,30.6
2018-01-31,18.1384,18.1978,16.4137,16.4143,16705332,27.6
2018-02-01,16.3543,16.7111,14.808,15.0465,16502037,25.3
2018-02-02,15.1054,15.938,15.1054,15.9386,5607410,26.8
2018-02-05,15.938,15.938,14.3917,14.3923,10530970,24.2
2018-02-06,13.0239,13.6186,12.9645,12.9649,13532610,21.8
2018-02-07,11.7751,13.9755,11.7751,13.2623,7675058,22.3
2018-02-08,13.0834,13.2618,12.0129,12.0134,8616990,20.2
2018-02-09,11.2993,12.3103,10.883,12.2513,8897942,20.6
2018-02-12,12.1319,13.4402,12.0724,13.4407,4200284,22.6
2018-02-13,13.6781,13.8565,13.5592,13.5597,5911995,22.8
2018-02-21,13.6186,14.1539,13.4997,13.5002,7797933,22.7
2018-02-22,13.4402,13.4997,12.3698,12.9055,6617034,21.7
2018-02-23,13.1429,13.8565,12.8455,13.6786,6113371,23
2018-02-26,13.916,14.6891,13.916,13.976,8023453,23.5
2018-02-27,14.2133,14.5702,14.1539,14.5112,7037604,24.4
2018-02-28,14.3917,14.927,14.0349,14.7491,6892167,24.8
2018-03-01,14.808,14.808,14.2133,14.3923,6140451,24.2
2018-03-02,14.2728,14.8675,14.0349,14.8681,5899131,25
2018-03-05,15.4622,15.4622,14.6296,14.6302,9103683,24.6
2018-03-06,14.808,14.9864,14.6296,14.8681,5865787,25
2018-03-07,14.8675,14.927,14.3917,14.5112,4042453,24.4
2018-03-08,14.3917,14.6296,14.3323,14.5112,2730066,24.4
2018-03-09,14.4512,14.6891,13.6781,14.0949,7295893,23.7
2018-03-12,14.3323,14.5702,14.0944,14.1544,3290606,23.8
2018-03-13,14.1539,14.2133,13.3808,13.857,5005724,23.3
2018-03-14,13.7376,13.8565,13.3808,13.5597,5838472,22.8
2018-03-15,13.5592,13.8565,13.5592,13.857,3392264,23.3
2018-03-16,13.916,14.7486,13.916,14.4518,5752020,24.3
2018-03-19,14.6296,15.1054,14.5702,15.1059,10306323,25.4
2018-03-20,15.0459,15.2243,14.7486,14.7491,4666136,24.8
2018-03-21,14.8675,15.5217,14.8675,15.1654,7385819,25.5
2018-03-22,15.2838,15.938,15.2838,15.5817,9084567,26.2
2018-03-23,15.1649,15.938,14.8675,15.6412,12388230,26.3
2018-03-26,15.4622,15.7596,14.0944,14.0949,18338821,23.7
2018-03-27,13.6781,13.8565,12.7266,12.846,15313268,21.6
2018-03-28,11.5967,13.2618,11.5967,13.1434,7548303,22.1
2018-03-29,13.2618,13.2618,12.3103,12.3702,5562880,20.8
2018-03-30,12.4292,12.6671,12.2508,12.5486,3908674,21.1
2018-04-02,12.7861,13.0239,12.7266,12.7865,3299458,21.5
2018-04-03,12.7266,12.7266,12.3698,12.4892,3896556,21
2018-04-04,12.5482,12.7861,11.6561,11.716,7643981,19.7
2018-04-05,11.7751,12.3698,11.7156,12.3702,4646802,20.8
2018-04-06,12.3698,12.6076,12.2508,12.3108,2971210,20.7
2018-04-09,12.1914,12.2508,11.8345,12.0134,3313179,20.2
2018-04-10,12.0724,12.3698,11.8345,12.2513,4004689,20.6
2018-04-11,12.4292,12.905,12.3698,12.4297,5667301,20.9
2018-04-12,12.6076,13.4402,12.5482,13.3218,7148316,22.4
2018-04-13,13.6186,13.6186,12.6076,12.7271,4185505,21.4
2018-04-16,12.8455,13.2023,12.7266,13.0244,4552404,21.9
2018-04-17,13.0239,13.0834,12.7861,12.846,2393462,21.6
2018-04-18,12.8455,13.0834,12.7861,12.9649,3465916,21.8
2018-04-19,13.0834,13.5592,12.7266,12.7271,5800615,21.4
2018-04-20,12.7861,12.905,12.4887,12.846,1414526,21.6
2018-04-23,12.8455,12.9645,11.5967,11.5971,4614146,19.5
2018-04-24,11.7751,12.1914,11.5372,12.0134,3985633,20.2
2018-04-26,12.0724,12.2508,11.1804,11.2403,4178933,18.9
2018-04-27,10.7046,11.2993,10.7046,10.8239,5917147,18.2
2018-05-02,10.8235,10.8235,9.7531,9.7534,5921216,16.4
2018-05-03,9.7531,10.1099,9.2773,10.0508,4183024,16.9
2018-05-04,10.1099,10.4073,10.0504,10.2292,2451123,17.2
2018-05-07,10.2288,11.2398,10.2288,11.1213,3261197,18.7
2018-05-08,11.1209,11.2993,10.7046,10.705,3027754,18
2018-05-09,10.7046,11.3588,10.7046,11.1213,4369720,18.7
2018-05-10,11.2993,11.5967,11.0614,11.0618,3682618,18.6
2018-05-11,11.0614,11.1804,10.883,11.0024,1918907,18.5
2018-05-14,10.883,11.3588,10.883,11.1808,1397218,18.8
2018-05-15,11.2398,11.5372,11.2398,11.2997,2900684,19
2018-05-16,11.2993,11.8345,11.2993,11.5971,4114985,19.5
2018-05-17,11.7156,12.6076,11.5967,12.2513,6348357,20.6
2018-05-18,12.3698,12.905,11.9535,12.2513,6480053,20.6
2018-05-21,12.3698,12.4887,11.8345,11.835,5209627,19.9
2018-05-22,11.894,12.0724,11.5967,11.835,6128763,19.9
2018-05-23,11.7156,11.894,11.1804,11.835,3392356,19.9
2018-05-24,11.894,11.894,11.4777,11.4781,2157600,19.3
2018-05-25,11.4182,11.4182,10.3478,10.3482,9878687,17.4
2018-05-28,10.0504,10.0504,9.3368,9.3371,7082123,15.7
2018-05-29,8.4447,10.2288,8.4447,10.0508,4257429,16.9
2018-05-30,9.991,10.1694,9.6341,9.8129,2802891,16.5
2018-05-31,8.861,10.2288,8.861,10.1103,3710800,17
2018-06-01,10.1099,10.3478,9.9315,10.3482,4258950,17.4
2018-06-04,10.2288,10.6451,10.2288,10.4671,3582115,17.6
2018-06-05,10.4667,11.1804,10.4073,10.8239,5795991,18.2
2018-06-06,11.002,11.002,10.7046,10.7645,2437219,18.1
2018-06-07,10.7641,10.9425,10.5262,10.5861,3634206,17.8
2018-06-08,10.6451,10.8235,10.4667,10.705,2639490,18
2018-06-11,10.5857,10.6451,10.2883,10.2887,3951454,17.3
2018-06-12,10.1099,10.3478,9.8126,10.0508,3404753,16.9
2018-06-13,10.1099,10.3478,10.0504,10.1698,1776111,17.1
2018-06-14,10.2288,10.2883,9.9315,9.9319,2165938,16.7
2018-06-15,9.9315,10.2288,9.872,9.9913,1982807,16.8
2018-06-18,10.0504,10.1099,9.4557,9.5156,5635131,16
2018-06-19,9.5747,9.5747,9.1584,9.5156,5673227,16
2018-06-20,9.6341,10.1099,9.5152,10.1103,3296175,17
2018-06-21,10.1099,10.1694,9.7531,9.8724,1865526,16.6
2018-06-22,9.8126,10.2883,9.6936,10.2887,5055907,17.3
2018-06-25,10.5262,10.8235,10.4073,10.4671,4309907,17.6
2018-06-26,10.4073,10.4667,10.1099,10.3482,2666160,17.4
2018-06-27,10.2883,10.883,10.2883,10.5266,7851417,17.7
2018-06-28,10.5857,10.7641,10.2288,10.3482,3496357,17.4
2018-06-29,10.3478,10.5857,10.1694,10.2887,2033080,17.3
2018-07-02,10.2883,10.2883,9.5747,9.9319,4933905,16.7
2018-07-03,9.9315,10.0504,9.5152,9.5156,2846081,16
2018-07-04,9.5152,9.7531,9.3963,9.4561,3673323,15.9
2018-07-05,9.4557,9.6341,9.0394,9.0398,2793845,15.2
2018-07-06,8.9205,9.5152,8.861,9.4561,2749470,15.9
2018-07-09,9.5152,9.8126,9.4557,9.5156,5315919,16
2018-07-10,9.6341,9.6341,9.4557,9.4561,1241082,15.9
2018-07-11,9.4557,9.4557,9.1584,9.2182,2311401,15.5
2018-07-12,9.2179,9.2773,9.0394,9.1587,1585043,15.4
2018-07-13,9.2179,9.3963,9.2179,9.2777,1191362,15.6
2018-07-16,9.2773,9.5152,9.2773,9.2777,1189083,15.6
2018-07-17,9.2773,9.3368,9.0989,9.3371,2108521,15.7
2018-07-18,9.2179,10.2288,9.2179,10.1103,5062287,17
2018-07-19,10.1099,10.2288,9.8126,9.8129,2829628,16.5
2018-07-20,9.8126,10.1694,9.8126,9.9913,2778366,16.8
2018-07-23,10.0504,10.5262,9.872,9.9913,7100108,16.8
2018-07-24,9.991,10.6451,9.9315,10.4671,11637946,17.6
2018-07-25,10.4073,10.7641,10.1099,10.3482,3993700,17.4
2018-07-26,11.1804,11.1804,9.9315,9.9913,4525340,16.8
2018-07-27,9.991,10.4073,9.8126,9.9913,8976694,16.8
2018-07-30,9.991,10.2883,9.9315,10.2887,4217572,17.3
2018-07-31,10.2883,10.2288,10.4073,10.1698,2406370,17.1
2018-08-01,10.2883,10.883,9.2773,10.5861,10634471,17.8
2018-08-02,10.5857,10.9425,10.4667,10.8834,9133422,18.3
2018-08-03,11.002,11.5372,10.883,11.2403,9788054,18.9
2018-08-06,11.2398,11.5372,11.0614,11.1808,6093954,18.8
2018-08-07,11.1804,11.2398,10.9425,10.9429,6766600,18.4
2018-08-08,10.9425,11.9535,10.9425,11.9539,10160442,20.1
2018-08-09,12.0724,12.3103,11.7156,11.7755,8860770,19.8
2018-08-10,11.7156,12.4292,11.6561,12.4297,6813948,20.9
2018-08-13,12.4887,12.7266,12.0724,12.4297,8042307,20.9
2018-08-14,12.4887,12.6076,12.2508,12.4892,5100323,21
2018-08-15,12.4887,12.7266,11.2398,11.2403,15986371,18.9
2018-08-16,11.002,11.6561,10.883,11.4781,8095755,19.3
2018-08-17,11.7156,11.7751,11.2398,11.2997,3767159,19
2018-08-20,11.2993,11.5967,11.002,11.4781,3241181,19.3
2018-08-21,11.4777,11.8345,11.4182,11.835,4308899,19.9
2018-08-22,11.894,12.0724,11.6561,11.7755,5140187,19.8
2018-08-23,11.894,12.1914,11.8345,11.9539,4830360,20.1
2018-08-24,11.9535,12.3698,11.8345,12.3108,7859362,20.7
2018-08-27,12.4292,12.8455,12.2508,12.2513,6300334,20.6
2018-08-28,12.2508,12.4887,12.1914,12.3702,4215083,20.8
2018-08-29,12.4292,12.4292,12.1319,12.2513,3829997,20.6
2018-08-30,12.0724,13.0239,12.0724,12.9649,8641733,21.8
2018-08-31,13.2023,13.2023,12.6076,12.7271,5031010,21.4
2018-09-04,12.7266,13.1429,12.6076,12.9649,7457585,21.8
2018-09-05,12.905,12.9645,12.1914,12.4892,8462551,21
2018-09-06,12.4887,12.6076,12.2508,12.4892,4159830,21
2018-09-07,12.3698,12.6076,12.1319,12.4297,7883581,20.9
2018-09-10,12.3698,12.7266,12.2508,12.4297,4694352,20.9
2018-09-11,12.3698,12.905,12.3698,12.846,5457150,21.6
2018-09-12,12.9645,13.797,12.9645,13.3813,12463806,22.5
2018-09-13,13.3808,13.6186,13.1429,13.2028,5972187,22.2
2018-09-14,12.3103,13.5592,12.3103,13.4407,6043387,22.6
2018-09-17,13.3808,13.7376,13.3213,13.5597,6225048,22.8
2018-09-18,13.5592,13.6186,13.2618,13.5597,4055461,22.8
2018-09-19,13.5592,14.0944,13.5592,13.857,7139713,23.3
2018-09-20,14.0349,14.0944,13.8565,14.0354,5289217,23.6
2018-09-21,14.0944,14.0944,13.5592,13.7976,8162189,23.2
2018-09-24,13.916,14.0349,13.797,14.0354,3778582,23.6
2018-09-25,14.1539,14.4512,14.0944,14.1544,4586905,23.8
2018-09-26,14.2133,14.2133,13.797,13.7976,7302032,23.2
2018-09-27,13.7376,14.2133,13.7376,14.2139,6586775,23.9
2018-09-28,14.2728,14.3323,13.797,13.7976,5554767,23.2
2018-10-01,13.797,14.1539,13.7376,13.857,5068595,23.3
2018-10-02,14.0349,14.7486,13.9755,14.2733,11400683,24
2018-10-03,14.3323,14.3917,14.0944,14.3923,4198825,24.2
2018-10-04,14.3917,14.808,14.3917,14.5112,6759166,24.4
2018-10-05,14.3917,14.5107,13.6186,13.7976,8720601,23.2
2018-10-08,13.797,13.797,13.3808,13.5002,6989243,22.7
2018-10-09,13.4997,13.8565,13.4402,13.7976,2969808,23.2
2018-10-10,13.916,13.9755,13.3808,13.4407,4746031,22.6
2018-10-11,12.1319,13.0834,12.1319,12.1323,13037893,20.4
2018-10-12,12.3698,12.4292,11.3588,12.4297,6940425,20.9
2018-10-15,12.6076,12.6076,11.7156,11.716,4892512,19.7
2018-10-16,11.7156,12.1319,11.6561,12.0729,5861305,20.3
2018-10-17,12.2508,12.6671,12.2508,12.5486,4927436,21.1
2018-10-18,12.4887,12.4887,12.1319,12.2513,4423376,20.6
2018-10-19,12.1319,12.3698,11.8345,12.3702,4665225,20.8
2018-10-22,12.4292,12.7266,12.3698,12.4297,4854686,20.9
2018-10-23,12.4292,12.4292,11.6561,12.0729,5689909,20.3
2018-10-24,10.883,12.0724,10.883,11.0024,6125021,18.5
2018-10-25,10.5262,11.3588,10.1099,11.3592,5916784,19.1
2018-10-26,11.4182,11.6561,11.1804,11.1808,3886800,18.8
2018-10-29,11.2398,11.4777,11.1209,11.3592,5069383,19.1
2018-10-30,11.763,11.8284,11.3709,11.6984,4326036,17.9
2018-10-31,11.763,12.4165,11.763,12.4173,5209645,19
2018-11-01,12.0244,12.4165,11.8937,11.8944,4097881,18.2
2018-11-02,11.763,12.2858,11.6977,12.2212,4493864,18.7
2018-11-05,12.1551,12.6126,11.9591,12.4826,4204399,19.1
2018-11-06,12.6126,12.874,12.2858,12.3519,4434860,18.9
2018-11-07,12.2205,12.4165,12.0898,12.2866,3792490,18.8
2018-11-08,12.4165,12.6126,12.1551,12.2212,3404967,18.7
2018-11-09,12.0898,12.1551,11.6323,11.633,4887464,17.8
2018-11-12,11.567,12.3512,11.4363,12.3519,5819811,18.9
2018-11-13,11.763,12.3512,11.763,12.2212,4562502,18.7
2018-11-14,12.0898,12.0898,11.6323,11.8944,4615514,18.2
2018-11-15,11.8937,12.2205,11.8937,12.0252,4208150,18.4
2018-11-16,12.2205,12.7433,12.1551,12.4826,5714316,19.1
2018-11-19,12.6126,12.8086,12.4819,12.6133,4275539,19.3
2018-11-20,12.6779,13.1354,12.4819,13.0708,7593562,20
2018-11-21,12.874,13.0047,12.5472,12.9401,4520241,19.8
2018-11-22,12.9393,13.2007,12.6779,12.6787,2852741,19.4
2018-11-23,12.6779,12.7433,12.4165,12.4826,4459306,19.1
2018-11-26,12.4165,12.5472,12.2205,12.548,4225743,19.2
2018-11-27,12.6126,12.7433,12.2858,12.2866,2996146,18.8
2018-11-28,12.4165,12.6126,12.2858,12.548,2764481,19.2
2018-11-29,12.4165,12.6779,12.2858,12.2866,3590956,18.8
2018-11-30,12.3512,12.6126,12.2858,12.6133,4368880,19.3
2018-12-03,12.7433,13.2007,12.7433,13.2015,8694207,20.2
2018-12-04,13.2007,13.3968,13.0047,13.2015,3707555,20.2
2018-12-05,13.07,13.2661,12.874,13.1362,6054266,20.1
2018-12-06,13.1354,13.4621,13.0047,13.3976,4461955,20.5
2018-12-07,13.2661,13.4621,13.2007,13.2015,3440086,20.2
2018-12-10,13.3314,13.5275,13.2007,13.3322,4151892,20.4
2018-12-11,13.3314,13.3314,13.0047,13.1362,4505756,20.1
2018-12-12,13.0047,13.4621,13.0047,13.4629,3457567,20.6
2018-12-13,13.4621,13.5928,13.3314,13.3976,3161826,20.5
2018-12-14,13.3968,13.5275,13.2661,13.2669,3743598,20.3
2018-12-17,13.2007,13.2661,12.9393,12.9401,5090590,19.8
2018-12-18,12.8086,12.8086,12.2858,12.548,4964291,19.2
2018-12-19,12.4165,12.4165,11.9591,12.0905,5473283,18.5
2018-12-20,13.2661,13.2661,12.0244,12.1559,2387617,18.6
2018-12-21,12.0898,12.3512,11.9591,12.2866,1461391,18.8
2018-12-24,12.2858,12.2858,11.4363,11.437,4028918,17.5
2018-12-25,11.4363,11.567,10.6521,11.5023,6345473,17.6
2018-12-26,11.567,11.6977,11.1749,11.1756,1247685,17.1
2018-12-27,11.763,12.0898,11.567,11.5677,3264439,17.7
2018-12-28,11.6323,11.8284,11.5016,11.5023,2117357,17.6
2019-01-02,11.5016,11.6977,11.2402,11.2409,1639997,17.2
2019-01-03,11.2402,11.5016,10.8481,10.9141,3053683,16.7
2019-01-04,10.7828,11.4363,10.7174,11.3716,3282759,17.4
2019-01-07,11.567,11.763,11.5016,11.633,2807490,17.8
2019-01-08,11.6977,11.8284,11.5016,11.6984,2780935,17.9
2019-01-09,11.8937,12.0898,11.8284,12.0252,4556436,18.4
2019-01-10,12.0898,12.2858,11.763,11.7637,3145902,18
2019-01-11,11.8284,11.9591,11.6323,11.6984,2268571,17.9
2019-01-14,11.763,11.763,11.5016,11.5677,2160336,17.7
2019-01-15,11.4363,11.8284,11.4363,11.6984,2324527,17.9
2019-01-16,11.763,11.8937,11.6323,11.7637,2020975,18
2019-01-17,11.8284,11.8284,11.567,11.633,1028831,17.8
2019-01-18,11.6977,11.6977,11.5016,11.5677,1671479,17.7
2019-01-21,11.6977,11.9591,11.567,11.9598,3272776,18.3
2019-01-22,11.9591,12.0244,11.763,11.7637,2315401,18
2019-01-23,11.6977,11.8284,11.6977,11.7637,1401580,18
2019-01-24,11.763,12.1551,11.763,11.8944,3445640,18.2
2019-01-25,12.0898,12.0898,11.8284,11.8944,1290644,18.2
2019-01-28,11.8937,12.2205,11.8937,12.1559,4174087,18.6
2019-01-29,12.0898,12.1551,11.9591,12.1559,2514298,18.6
2019-01-30,12.0898,12.4165,11.8937,12.1559,4224755,18.6
2019-01-31,12.1551,12.4165,12.0898,12.0905,2097567,18.5
2019-02-01,12.0898,12.2205,11.9591,12.0905,1362335,18.5
2019-02-11,12.0898,12.3512,12.0898,12.3519,2343204,18.9
2019-02-12,12.3512,12.6126,12.2858,12.4826,3723594,19.1
2019-02-13,12.5472,12.874,12.4819,12.8748,5156990,19.7
2019-02-14,12.874,12.9393,12.6779,12.6787,2439939,19.4
2019-02-15,12.7433,12.9393,12.6779,12.6787,3618055,19.4
2019-02-18,12.8086,13.2007,12.7433,13.0708,6169960,20
2019-02-19,13.07,13.2007,12.8086,12.8094,4079924,19.6
2019-02-20,12.8086,13.0047,12.7433,12.8748,3788827,19.7
2019-02-21,12.9393,13.07,12.874,12.9401,2907208,19.8
2019-02-22,12.9393,13.4621,12.8086,13.2669,5460204,20.3
2019-02-25,13.3314,13.7235,13.3314,13.5283,5804692,20.7
2019-02-26,13.4621,13.5275,13.2007,13.4629,6607609,20.6
2019-02-27,13.4621,13.7235,13.4621,13.5937,3565320,20.8
2019-02-28,13.5928,13.8542,13.3314,13.3322,6190970,20.4
2019-03-01,13.3968,13.7889,13.3314,13.7897,3396039,21.1
2019-03-04,13.8542,14.2463,13.7889,14.2472,4992343,21.8
2019-03-05,14.3117,14.377,14.0503,14.1818,4193431,21.7
2019-03-06,14.181,14.377,13.9196,14.3779,4134232,22
2019-03-07,14.377,14.5077,14.2463,14.2472,3345628,21.8
2019-03-08,14.1156,14.181,13.9196,13.9204,2754577,21.3
2019-03-11,13.9196,13.9849,13.3968,13.659,4601289,20.9
2019-03-12,13.9196,14.1156,13.7235,14.1165,3147784,21.6
2019-03-13,14.181,14.3117,13.9849,13.9858,1875987,21.4
2019-03-14,14.0503,14.2463,13.9196,13.9204,3062933,21.3
2019-03-15,13.9196,14.181,13.7889,14.1165,3167300,21.6
2019-03-18,14.1156,14.3117,14.0503,14.1818,2374640,21.7
2019-03-19,14.2463,14.7691,14.2463,14.4433,6243024,22.1
2019-03-20,14.181,14.4424,14.0503,14.4433,3563934,22.1
2019-03-21,14.4424,14.6384,13.5928,13.5937,3295248,20.8
2019-03-22,13.6582,13.7889,13.3968,13.7244,3882362,21
2019-03-25,13.3968,13.3968,13.0047,13.1362,3857219,20.1
2019-03-26,13.3314,13.3968,13.0047,13.3322,2363721,20.4
2019-03-27,14.377,14.377,13.3968,13.4629,1579405,20.6
2019-03-28,13.4621,13.5275,13.3314,13.5283,2212467,20.7
2019-03-29,13.5928,13.7235,13.4621,13.4629,2526580,20.6
2019-04-01,13.5928,13.7889,13.5275,13.7244,2079975,21
2019-04-02,13.8542,14.0503,13.6582,13.8551,3741259,21.2
2019-04-03,13.9849,14.6384,13.8542,14.3779,8248880,22
2019-04-04,14.4424,14.7038,14.3117,14.3779,3418271,22
2019-04-05,14.377,14.7038,14.3117,14.6393,4346206,22.4
2019-04-08,14.7691,15.3573,14.7691,15.3582,8099502,23.5
2019-04-09,15.488,15.684,14.7038,14.7047,7803332,22.5
2019-04-10,14.5731,15.2919,14.377,15.1622,6409481,23.2
2019-04-11,15.2266,15.2919,14.8998,14.9007,2905796,22.8
2019-04-12,14.8345,15.2266,14.6384,15.2275,3279156,23.3
2019-04-16,15.2266,15.2266,14.8345,15.1622,3945518,23.2
2019-04-17,15.1612,15.488,14.8998,14.9007,5746952,22.8
2019-04-18,14.8345,14.9652,14.3117,14.574,4057530,22.3
2019-04-19,14.6384,14.7691,14.5731,14.574,1251604,22.3
2019-04-22,14.7038,15.1612,14.5731,14.9007,3251768,22.8
2019-04-23,15.0305,15.1612,14.8998,14.9661,2228248,22.9
2019-04-24,14.8998,15.3573,14.8998,15.2275,3004948,23.3
2019-04-25,15.2266,15.2266,15.0305,15.1622,1485468,23.2
2019-04-26,14.8345,15.2266,14.8345,15.2275,2153052,23.3
2019-05-02,14.9652,15.7494,14.9652,15.6196,5125625,23.9
2019-05-03,15.488,15.684,15.2919,15.4236,2521439,23.6
2019-05-06,15.2266,15.2266,14.6384,14.7047,3704434,22.5
2019-05-07,14.8345,15.0959,14.7038,15.0314,5247253,23
2019-05-08,14.7691,15.4226,14.6384,15.2275,4122710,23.3
2019-05-09,15.0305,15.2919,14.8998,14.9661,3010134,22.9
2019-05-10,14.9652,15.4226,14.9652,15.2929,4374604,23.4
2019-05-13,15.3573,15.488,15.1612,15.1622,3385825,23.2
2019-05-14,15.0305,15.8801,14.9652,15.881,5715012,24.3
2019-05-15,15.6187,16.0761,15.6187,15.7503,4594831,24.1
2019-05-16,15.7494,16.0761,15.684,15.7503,3312879,24.1
2019-05-17,15.8801,16.0761,15.6187,15.9464,3612586,24.4
2019-05-20,16.0108,16.4682,15.9454,16.4692,4559679,25.2
2019-05-21,16.4682,16.5336,16.1415,16.2732,2798132,24.9
2019-05-22,16.2068,16.3375,15.9454,15.9464,4512329,24.4
2019-05-23,15.9454,16.0761,15.6187,16.0771,7793298,24.6
2019-05-24,16.3375,16.3375,15.5533,15.5543,5544719,23.8
2019-05-27,15.5533,15.7494,15.4226,15.7503,1835746,24.1
2019-05-28,15.684,15.9454,15.6187,15.9464,2503712,24.4
2019-05-29,15.8801,15.8801,15.6187,15.6196,1682950,23.9
2019-05-30,15.6187,15.8801,15.488,15.4889,2040587,23.7
2019-05-31,15.4226,15.4226,14.6384,14.77,5737479,22.6
2019-06-03,14.7038,14.7038,13.8542,13.9858,5504800,21.4
2019-06-04,13.9196,14.3117,13.7889,14.0511,2187539,21.5
2019-06-05,14.181,14.4424,14.0503,14.1165,2431313,21.6
2019-06-06,14.1156,14.181,13.8542,14.1818,2198787,21.7
2019-06-07,14.3117,14.7691,14.2463,14.77,3765976,22.6
2019-06-10,14.8345,15.0305,14.7691,14.8354,2743099,22.7
2019-06-11,14.8345,14.9652,14.7038,14.8354,1999217,22.7
2019-06-12,14.7691,14.7691,14.4424,14.4433,2274495,22.1
2019-06-13,14.377,14.7691,14.181,14.5086,2467519,22.2
2019-06-14,14.6384,14.7038,14.2463,14.2472,2131834,21.8
2019-06-17,14.3117,14.6384,14.2463,14.3779,1598977,22
2019-06-18,14.377,14.6384,14.3117,14.5086,1321911,22.2
2019-06-19,14.6384,14.8998,14.6384,14.77,2837615,22.6
2019-06-20,14.7691,15.0959,14.6384,15.0314,3839477,23
2019-06-21,15.2266,15.4226,15.0959,15.1622,4141030,23.2
2019-06-24,15.1612,15.3573,15.0959,15.1622,2614305,23.2
2019-06-25,15.1612,15.2919,15.0305,15.1622,2772276,23.2
2019-06-26,15.1612,15.488,15.1612,15.2929,2941681,23.4
2019-06-27,15.3573,15.4226,14.8998,14.9007,3421229,22.8
2019-06-28,15.0305,15.1612,14.7691,15.0314,2621381,23
2019-07-01,15.1612,15.4226,15.1612,15.3582,2616806,23.5
2019-07-02,15.3573,15.3573,15.1612,15.2275,2041843,23.3
2019-07-03,15.0959,15.2266,15.0305,15.0314,2511078,23
2019-07-04,15.0959,15.3573,15.0959,15.3582,2709188,23.5
2019-07-05,15.2266,15.4226,15.2266,15.2929,1565240,23.4
2019-07-08,15.2919,15.4226,15.1612,15.2275,2708838,23.3
2019-07-09,14.8998,15.4226,14.8998,15.4236,2159172,23.6
2019-07-10,15.4226,15.8147,15.4226,15.8157,5684662,24.2
2019-07-11,15.9454,16.0108,15.7494,15.7503,3477858,24.1
2019-07-12,15.7494,15.8801,15.5533,15.5543,3699469,23.8
2019-07-15,15.5533,15.684,15.488,15.5543,2225981,23.8
2019-07-16,15.5533,15.7494,15.488,15.7503,2227568,24.1
2019-07-17,15.684,15.7494,15.488,15.4889,3790508,23.7
2019-07-18,15.488,15.488,15.0305,15.2275,6307906,23.3
2019-07-19,15.2266,15.3573,14.8998,14.9661,5062133,22.9
2019-07-22,14.7691,15.0959,14.7691,14.9007,2561053,22.8
2019-07-23,14.8998,15.0959,14.8345,14.9661,2697344,22.9
2019-07-24,14.9652,15.1612,14.8998,15.0314,1961809,23
2019-07-25,15.0305,15.0305,14.8345,14.9007,2465600,22.8
2019-07-26,14.8998,15.0959,14.8345,14.8354,1521765,22.7
2019-07-29,14.8345,14.9652,14.377,14.5086,4105089,22.2
2019-07-30,14.5077,14.7691,14.377,14.4433,2257447,22.1
2019-07-31,14.5077,14.6384,14.4424,14.6393,2196958,22.4
2019-08-01,14.5731,14.6384,14.5077,14.5086,1523649,22.2
2019-08-02,14.377,14.377,13.07,14.3125,3612620,21.9
2019-08-05,14.2463,14.377,13.9196,13.9204,4001062,21.3
2019-08-06,13.7235,13.7235,13.1354,13.2015,6832418,20.2
2019-08-07,13.2007,13.5275,13.1354,13.3322,2579296,20.4
2019-08-08,13.2661,13.9849,13.07,13.7244,3320403,21
2019-08-09,13.7889,13.9196,13.5928,13.5937,2186250,20.8
2019-08-12,13.5928,13.7889,13.2007,13.5937,1848489,20.8
2019-08-13,13.5928,13.5928,13.2661,13.3976,2500158,20.5
2019-08-14,13.5928,13.7235,13.3314,13.3322,2272780,20.4
2019-08-15,13.2007,13.2661,12.9393,13.2669,2373040,20.3
2019-08-16,13.2661,13.6582,13.2007,13.3322,2343514,20.4
2019-08-19,13.5275,13.6582,13.3968,13.4629,1259354,20.6
2019-08-20,13.3968,13.7889,13.3968,13.7244,2470446,21
2019-08-21,13.7235,14.3117,13.6582,14.1165,5033641,21.6
2019-08-22,14.2463,14.2463,13.8542,13.8551,2393241,21.2
2019-08-23,13.9196,13.9849,13.7235,13.7244,1886599,21
2019-08-26,13.5928,13.6582,13.3314,13.4629,2942458,20.6
2019-08-27,13.5928,13.7235,13.3968,13.3976,2747898,20.5
2019-08-28,13.5928,13.5928,13.3968,13.4629,1363717,20.6
2019-08-29,13.5275,13.5928,13.3314,13.3976,1768909,20.5
2019-08-30,13.4621,13.8542,13.4621,13.5937,3390689,20.8
2019-09-03,13.7235,13.9196,13.3968,13.3976,1910060,20.5
2019-09-04,13.3968,13.5928,13.3314,13.5283,1826409,20.7
2019-09-05,13.6582,13.7889,13.3968,13.4629,1603600,20.6
2019-09-06,13.5275,13.5928,13.3968,13.3976,1330210,20.5
2019-09-09,12.0898,13.5275,12.0898,13.2015,2523461,20.2
2019-09-10,13.2007,13.3968,12.4165,12.6787,6728663,19.4
2019-09-11,12.7433,12.7433,12.1551,12.6133,3462639,19.3
2019-09-12,12.6779,12.9393,12.6126,12.8748,1705009,19.7
2019-09-13,12.874,12.9393,12.6779,12.7441,1663864,19.5
2019-09-16,13.2007,13.5928,13.0047,13.2015,4203834,20.2
2019-09-17,13.3968,13.5928,13.2661,13.5283,4245253,20.7
2019-09-18,13.5275,13.5928,13.2661,13.3322,1950333,20.4
2019-09-19,13.2661,13.3968,13.2007,13.2669,1560452,20.3
2019-09-20,13.2661,13.3968,13.2007,13.2015,1655783,20.2
2019-09-23,13.2661,13.3968,13.2007,13.2669,1699333,20.3
2019-09-24,13.2661,13.4621,13.07,13.2015,1608885,20.2
2019-09-25,13.1354,13.2007,13.0047,13.1362,1584330,20.1
2019-09-26,13.1354,13.2007,13.0047,13.1362,1962870,20.1
2019-09-27,13.4066,13.4743,13.2035,13.2712,1632908,19.6
2019-09-30,13.3389,13.4066,13.1357,13.2035,1442935,19.5
2019-10-01,13.1357,13.2035,12.9326,13.0681,2115081,19.3
2019-10-02,13.068,13.2035,12.9326,13.0004,1442653,19.2
2019-10-03,12.9326,13.0003,12.7972,13.0004,1981276,19.2
2019-10-04,13.068,13.1357,12.7972,12.7973,2290510,18.9
2019-10-07,12.7972,12.9326,12.5941,12.5941,1846891,18.6
2019-10-08,12.6618,12.6618,12.3909,12.4587,2385432,18.4
2019-10-09,12.4586,12.5264,12.3909,12.4587,2214585,18.4
2019-10-10,12.5264,12.8649,12.5264,12.6619,2480548,18.7
2019-10-11,12.7295,12.7972,12.5941,12.7973,1661364,18.9
2019-10-14,12.8649,13.0003,12.6618,12.6619,1872471,18.7
2019-10-15,12.6618,12.6618,12.5264,12.5941,864606,18.6
2019-10-16,12.5941,12.7972,12.5264,12.5264,1404761,18.5
2019-10-17,12.5941,12.5941,12.3909,12.5264,1578886,18.5
2019-10-18,12.5264,12.6618,12.4586,12.5264,1172022,18.5
2019-10-21,12.5264,12.5941,12.3909,12.4587,1152055,18.4
2019-10-22,12.5264,12.5264,12.1878,12.1879,2005275,18
2019-10-23,12.2555,12.3909,12.1201,12.1202,1884959,17.9
2019-10-24,12.3232,12.4586,12.1878,12.391,887676,18.3
2019-10-25,12.5264,12.7295,12.3909,12.7296,2860422,18.8
2019-10-28,12.7295,12.7295,12.5264,12.5941,1467986,18.6
2019-10-29,12.6618,12.6618,12.3909,12.5264,637594,18.5
2019-10-30,12.5264,12.7295,12.3909,12.7296,2693319,18.8
2019-10-31,12.7295,12.7972,12.5264,12.5264,928398,18.5
2019-11-01,12.5264,12.7295,12.4586,12.5941,1745886,18.6
2019-11-04,12.7295,12.8649,12.5941,12.6619,1555307,18.7
2019-11-05,12.7295,13.2035,12.6618,13.0681,5568978,19.3
2019-11-06,13.1357,13.2035,12.9326,12.9327,1683891,19.1
2019-11-07,12.9326,13.0003,12.7972,12.9327,1748390,19.1
2019-11-08,13.0003,13.068,12.8649,12.865,1839173,19
2019-11-11,12.8649,12.9326,12.6618,12.7973,1593906,18.9
2019-11-12,12.7972,12.9326,12.7295,12.7973,1587650,18.9
2019-11-13,12.7972,12.8649,12.5941,12.6619,1404935,18.7
2019-11-14,12.6618,12.8649,12.6618,12.7973,1399806,18.9
2019-11-15,12.8649,12.9326,12.7295,12.7296,1014823,18.8
2019-11-18,12.7972,12.9326,12.6618,12.7296,1029909,18.8
2019-11-19,12.6618,12.7972,12.6618,12.7973,880944,18.9
2019-11-20,12.6618,12.7295,12.5264,12.5264,1288424,18.5
2019-11-21,12.5941,12.6618,12.4586,12.4587,1680531,18.4
2019-11-22,12.5264,12.5941,12.1201,12.1879,2463836,18
2019-11-25,11.8493,12.3232,11.8493,11.9847,1263068,17.7
2019-11-26,11.9847,12.1878,11.9847,12.0525,1208626,17.8
2019-11-27,12.1201,12.1878,11.9847,11.9847,745260,17.7
2019-11-28,11.9847,12.0524,11.7138,11.7139,1524132,17.3
2019-11-29,11.7138,11.8493,11.6461,11.7816,1184605,17.4
2019-12-02,11.7815,11.7815,11.3076,11.3076,2148101,16.7
2019-12-03,11.3076,11.6461,11.2399,11.4431,1680955,16.9
2019-12-04,11.443,11.7815,11.3753,11.6462,962281,17.2
2019-12-05,11.7138,11.9847,11.6461,11.6462,2475202,17.2
2019-12-06,11.7138,11.8493,11.6461,11.6462,532496,17.2
2019-12-09,11.7138,11.7815,11.5784,11.6462,1095314,17.2
2019-12-10,11.7138,11.7138,11.443,11.5108,1011854,17
2019-12-11,11.5784,11.5784,11.443,11.4431,445065,16.9
2019-12-12,11.5107,11.7815,11.443,11.7816,801019,17.4
2019-12-13,11.8493,11.9847,11.7138,11.7816,1268792,17.4
2019-12-16,11.7815,11.9847,11.7815,11.917,1004592,17.6
2019-12-17,11.9847,11.9847,11.7815,11.917,1030035,17.6
2019-12-18,11.917,12.1878,11.8493,12.0525,2407954,17.8
2019-12-19,12.0524,12.1878,11.9847,12.1202,634331,17.9
2019-12-20,12.1201,12.2555,11.917,12.0525,1001214,17.8
2019-12-23,12.0524,12.0524,11.7815,11.917,1022403,17.6
2019-12-24,11.917,12.0524,11.7815,12.0525,974748,17.8
2019-12-25,12.0524,12.1201,11.917,11.9847,384465,17.7
2019-12-26,11.9847,12.0524,11.8493,11.9847,479721,17.7
2019-12-27,12.0524,12.0524,11.8493,11.8493,683800,17.5
2019-12-30,11.917,12.0524,11.8493,11.8493,1009854,17.5
2019-12-31,11.917,11.9847,11.7815,11.8493,1571464,17.5
2020-01-02,11.917,11.9847,11.7815,11.917,583276,17.6
2020-01-03,11.917,12.4586,11.917,12.2556,4531787,18.1
2020-01-06,12.3909,12.8649,12.3232,12.865,5455757,19
2020-01-07,12.8649,12.8649,12.5264,12.7296,2174021,18.8
2020-01-08,12.8649,13.1357,12.7295,12.7973,4766353,18.9
2020-01-09,12.5941,12.5941,12.3232,12.5264,2812511,18.5
2020-01-10,12.3909,12.5264,12.2555,12.4587,2129232,18.4
2020-01-13,12.3909,12.5264,12.1878,12.1879,2144807,18
2020-01-14,12.1878,12.1878,11.917,12.1879,2280572,18
2020-01-15,12.1878,12.2555,12.0524,12.0525,745693,17.8
2020-01-16,12.0524,12.3909,11.8493,12.1879,2482816,18
2020-01-17,12.2555,12.2555,12.0524,12.1202,1208604,17.9
2020-01-20,12.1878,12.1878,11.9847,12.0525,631604,17.8
2020-01-21,12.0524,12.3909,11.9847,12.391,3203685,18.3
2020-01-22,12.3909,12.5264,12.2555,12.391,1373677,18.3
2020-01-30,12.2555,12.3232,11.7138,11.7139,2700624,17.3
2020-01-31,11.7138,11.8493,10.969,11.0368,4335029,16.3
2020-02-03,10.9013,10.969,10.1565,10.5628,4372263,15.6
2020-02-04,10.6305,10.7659,10.3596,10.6305,3162233,15.7
2020-02-05,10.6305,11.0367,10.5628,10.9014,3133516,16.1
2020-02-06,9.818,11.5107,9.818,11.4431,2674346,16.9
2020-02-07,11.5107,11.5107,11.1044,11.1045,2118864,16.4
2020-02-10,11.0367,11.0367,10.6982,10.9014,1304312,16.1
2020-02-11,10.9013,11.0367,10.9013,10.9691,1163027,16.2
2020-02-12,10.969,11.3076,10.969,11.1722,2333773,16.5
2020-02-13,11.1722,11.3753,11.1044,11.1045,1434195,16.4
2020-02-14,11.1044,11.1722,10.969,11.0368,973836,16.3
2020-02-17,11.1044,11.1722,11.0367,11.0368,1115484,16.3
2020-02-18,11.0367,11.1722,10.9013,10.9691,1059995,16.2
2020-02-19,10.969,11.1722,10.969,11.1045,1181197,16.4
2020-02-20,11.2399,11.3753,11.0367,11.1045,2595691,16.4
2020-02-21,11.1722,11.3076,11.0367,11.1045,1338196,16.4
2020-02-24,10.969,10.969,10.3596,10.4274,4278530,15.4
2020-02-25,10.1565,10.6305,10.0888,10.6305,2175509,15.7
2020-02-26,10.4951,10.4951,10.2919,10.4274,1268699,15.4
2020-02-27,9.6825,10.4273,9.6825,10.4274,1821256,15.4
2020-02-28,9.4117,10.2919,9.4117,10.0889,2394507,14.9
2020-03-02,9.818,10.2919,9.818,10.1566,3225581,15
2020-03-03,10.6982,10.6982,10.2242,10.292,2534038,15.2
2020-03-04,10.2242,10.4951,10.1565,10.4274,3992146,15.4
2020-03-05,10.5628,10.6305,10.2919,10.292,2508168,15.2
2020-03-06,10.2919,10.2919,10.1565,10.2243,1504297,15.1
2020-03-09,10.0888,10.0888,9.2086,9.2086,5780458,13.6
2020-03-10,8.7346,9.344,8.396,8.7346,5756925,12.9
2020-03-11,8.8023,9.1409,8.1252,8.1253,5137331,12
2020-03-12,8.0575,8.1252,7.3127,7.3127,7738992,10.8
2020-03-13,6.771,7.5835,6.7033,7.4481,5762888,11
2020-03-16,7.4481,7.7189,7.1096,7.3127,3368479,10.8
2020-03-17,7.1096,7.5158,6.9741,7.5159,2942802,11.1
2020-03-18,7.5158,7.6512,7.1096,7.1773,6858667,10.6
2020-03-19,7.1773,7.1773,6.771,7.0419,4212294,10.4
2020-03-20,7.7189,7.7189,7.0418,7.5836,6473430,11.2
2020-03-23,6.8387,7.3804,6.8387,6.8388,6259216,10.1
2020-03-24,7.1096,7.1773,6.8387,6.9065,4435129,10.2
2020-03-25,6.9741,7.3804,6.9741,7.1773,4271093,10.6
2020-03-26,7.1773,7.245,6.9064,6.9065,3289159,10.2
2020-03-27,6.9064,7.0418,6.8387,6.9065,2376342,10.2
2020-03-30,6.771,6.8387,6.2293,6.2971,4145456,9.3
2020-03-31,5.6876,6.5679,5.6876,6.0939,4502481,9
2020-04-01,5.4845,6.5679,5.4845,6.3648,3625814,9.4
2020-04-03,6.4325,6.9741,6.4325,6.9742,4950311,10.3
2020-04-06,7.1096,7.6512,7.1096,7.6513,6765228,11.3
2020-04-07,8.1252,8.1252,7.6512,7.9898,11483311,11.8
2020-04-08,7.245,8.1252,7.245,8.0575,6624753,11.9
2020-04-09,8.1929,8.5315,8.0575,8.3284,6747581,12.3
2020-04-10,8.4638,8.4638,7.5835,8.2607,6484408,12.2
2020-04-13,8.3283,8.5315,8.2606,8.3284,6488141,12.3
2020-04-14,8.3283,8.396,8.0575,8.2607,3632838,12.2
2020-04-15,8.0575,8.2606,7.9898,7.9898,5117789,11.8
2020-04-16,7.9898,8.1929,7.7867,8.0575,4540460,11.9
2020-04-17,8.1929,8.396,8.1252,8.2607,5610880,12.2
2020-04-20,8.4638,8.87,8.1252,8.7346,10104067,12.9
2020-04-21,8.6669,8.6669,7.9221,7.9221,10317899,11.7
2020-04-22,7.3127,7.9221,7.245,7.7867,5376431,11.5
2020-04-23,8.4638,8.4638,7.8544,7.9898,5469377,11.8
2020-04-24,8.0575,8.1252,7.7867,7.9221,3860753,11.7
2020-04-27,7.9221,7.9898,7.7867,7.8544,2890685,11.6
2020-04-28,7.7867,7.7867,7.5158,7.6513,2964565,11.3
2020-04-29,7.6512,7.8544,7.6512,7.8544,1447268,11.6
2020-05-04,7.8544,8.1929,7.7867,7.7867,5280400,11.5
2020-05-05,7.9898,8.0575,7.8544,7.9898,2674702,11.8
2020-05-06,8.0575,8.2606,8.0575,8.193,5661785,12.1
2020-05-07,8.1252,8.2606,8.0575,8.1253,2655538,12
2020-05-08,8.1929,8.3283,8.1252,8.193,5717051,12.1
2020-05-11,8.1929,8.6669,8.1929,8.5992,9332859,12.7
2020-05-12,8.5992,8.7346,8.396,8.7346,5170964,12.9
2020-05-13,8.7346,9.0731,8.5315,8.8024,6876774,13
2020-05-14,8.7346,8.8023,8.5992,8.6669,4003786,12.8
2020-05-15,8.8023,9.0054,8.5992,8.6669,6663562,12.8
2020-05-18,8.9377,8.9377,8.7346,8.8024,4496836,13
2020-05-19,8.9377,9.1409,8.8023,8.8701,6332576,13.1
2020-05-20,8.8023,8.87,8.7346,8.7346,2856462,12.9
2020-05-21,8.8023,8.87,8.6669,8.7346,4929780,12.9
2020-05-22,8.7346,8.8023,8.396,8.3961,8302160,12.4
2020-05-25,8.396,8.7346,8.396,8.5315,4784701,12.6
2020-05-26,8.5992,8.87,8.5992,8.8024,5607588,13
2020-05-27,8.8023,8.9377,8.5992,8.6669,5720750,12.8
2020-05-28,8.6669,8.6669,8.4638,8.5315,4591485,12.6
2020-05-29,8.5992,8.5992,8.4638,8.5315,2784262,12.6
2020-06-01,8.5992,8.7346,8.5315,8.6669,2807693,12.8
2020-06-02,8.6669,9.1409,8.5992,8.8701,14002330,13.1
2020-06-03,8.9377,9.2086,8.9377,9.0732,6539631,13.4
2020-06-04,9.1409,9.2763,8.9377,8.9378,4898334,13.2
2020-06-05,8.9377,9.0731,8.7346,9.0732,7649517,13.4
2020-06-08,9.2763,9.6148,9.2086,9.4795,12047499,14
2020-06-09,9.4794,9.5471,9.2763,9.2763,7120951,13.7
2020-06-10,9.2763,9.344,9.0731,9.2086,6889064,13.6
2020-06-11,9.2086,9.344,8.4638,8.4638,11074918,12.5
2020-06-12,8.4638,8.5315,8.0575,8.4638,7516748,12.5
2020-06-15,8.5315,8.5315,7.9898,8.0575,7698713,11.9
2020-06-16,8.2606,8.396,8.1252,8.3284,3607700,12.3
2020-06-17,8.4638,8.4638,8.2606,8.3961,2803611,12.4
2020-06-18,8.3283,8.396,8.1929,8.3284,1413357,12.3
2020-06-19,8.3283,8.5992,8.3283,8.5992,3697663,12.7
2020-06-22,8.5992,8.7346,8.4638,8.5992,2917548,12.7
2020-06-23,8.5992,8.7346,8.5315,8.6669,3609685,12.8
2020-06-24,8.6669,8.7346,8.4638,8.4638,2434177,12.5
2020-06-25,8.3283,8.4638,8.1929,8.3961,2929205,12.4
2020-06-26,8.4638,8.5992,8.3283,8.3961,2286025,12.4
2020-06-29,8.4638,8.4638,8.0575,8.1253,3642769,12
2020-06-30,8.2606,8.3283,7.9221,8.0575,2680633,11.9
2020-07-01,8.1252,8.2606,8.0575,8.2607,1771104,12.2
2020-07-02,8.2606,8.3283,8.1252,8.193,1110361,12.1
2020-07-03,8.2606,8.3283,8.1252,8.193,1525801,12.1
2020-07-06,8.1929,8.396,8.1929,8.3961,2291068,12.4
2020-07-07,8.396,8.5315,8.396,8.3961,3396821,12.4
2020-07-08,8.396,8.396,8.2606,8.3284,1461213,12.3
2020-07-09,8.3283,8.5992,8.3283,8.4638,3455019,12.5
2020-07-10,8.4638,8.4638,8.3283,8.3961,1871212,12.4
2020-07-13,8.396,8.5315,8.3283,8.3961,1646395,12.4
2020-07-14,8.396,8.396,8.2606,8.3961,1570801,12.4
2020-07-15,8.396,8.5315,8.3283,8.3961,1568009,12.4
2020-07-16,8.4638,8.7346,8.396,8.5315,6355380,12.6
2020-07-17,8.5315,8.5992,8.4638,8.4638,1642130,12.5
2020-07-20,8.4638,8.4638,8.3283,8.3284,1842959,12.3
2020-07-21,8.3283,8.396,8.2606,8.3284,2500691,12.3
2020-07-22,8.396,8.5315,8.2606,8.3284,2446331,12.3
2020-07-23,8.396,8.4638,8.2606,8.4638,3229628,12.5
2020-07-24,8.396,8.4638,7.8544,7.9898,6071256,11.8
2020-07-27,7.9898,7.9898,7.245,7.3127,5310748,10.8
2020-07-28,7.3127,7.7189,7.245,7.6513,4251167,11.3
2020-07-29,7.5835,7.5835,6.9741,7.3127,4442377,10.8
2020-07-30,7.3804,7.4481,7.3127,7.3804,2393650,10.9
2020-07-31,7.245,7.3804,7.1773,7.245,1477136,10.7
2020-08-03,7.3127,7.6512,7.1773,7.6513,4475946,11.3
2020-08-04,7.7189,7.9221,7.6512,7.719,2416465,11.4
2020-08-05,7.7867,7.9898,7.7189,7.9221,3015002,11.7
2020-08-06,7.9221,8.2606,7.8544,8.0575,6569307,11.9
2020-08-07,8.1252,8.1929,7.9898,8.1253,2669221,12
2020-08-10,8.1252,8.3283,8.0575,8.193,2659999,12.1
2020-08-11,8.1929,8.2606,8.0575,8.2607,3942616,12.2
2020-08-12,8.2606,8.4638,8.1252,8.3961,3787351,12.4
2020-08-13,8.4638,8.5315,8.2606,8.3284,3791044,12.3
2020-08-14,8.3283,8.3283,8.1252,8.193,3411306,12.1
2020-08-17,8.1252,8.3283,8.0575,8.2607,3451147,12.2
2020-08-18,8.2606,8.396,8.1929,8.193,1620634,12.1
2020-08-19,8.1929,8.3283,8.1929,8.2607,1874336,12.2
2020-08-20,8.2606,8.2606,8.0575,8.1253,3420159,12
2020-08-21,8.1252,8.2606,8.1252,8.2607,2070033,12.2
2020-08-24,8.2606,8.4638,8.2606,8.3961,5530026,12.4
2020-08-25,8.4638,8.5315,8.396,8.3961,3786395,12.4
2020-08-26,8.5315,8.8023,8.396,8.7346,11330965,12.9
2020-08-27,8.7346,8.8023,8.5992,8.6669,2787771,12.8
2020-08-28,8.5992,8.8023,8.5992,8.5992,4236779,12.7
2020-08-31,8.5992,8.6669,8.5315,8.5315,4109931,12.6
2020-09-01,8.5315,8.8023,8.5315,8.6669,4740390,12.8
2020-09-03,8.6669,8.7346,8.5315,8.5992,3841259,12.7
2020-09-04,8.5992,8.5992,8.396,8.5315,4092829,12.6
2020-09-07,8.4638,8.5315,8.3283,8.3284,5850463,12.3
2020-09-08,8.3283,8.4638,8.2606,8.4638,1755546,12.5
2020-09-09,8.4638,8.4638,8.1929,8.3961,3395187,12.4
2020-09-10,8.4638,8.4638,8.3283,8.3961,1589252,12.4
2020-09-11,8.3283,8.4638,8.3283,8.3284,1646636,12.3
2020-09-14,8.3283,8.5315,8.3283,8.3961,4810138,12.4
2020-09-15,8.4638,8.5315,8.396,8.4638,2269757,12.5
2020-09-16,8.4638,8.87,8.4638,8.7346,9586611,12.9
2020-09-17,8.87,8.87,8.5992,8.6669,4310189,12.8
2020-09-18,8.7346,8.7346,8.5992,8.7346,2904182,12.9
2020-09-21,8.7346,8.9377,8.6669,8.7346,9447196,12.9
2020-09-22,8.7346,9.2086,8.6669,9.1409,15634392,13.5
2020-09-23,8.9377,9.4117,8.9377,9.2086,9345339,13.6
2020-09-24,9.2086,9.2763,9.0731,9.1409,5011253,13.5
2020-09-25,8.7346,9.2086,8.7346,9.2086,8452587,13.6
2020-09-28,9.2086,9.4117,9.1409,9.4117,7861777,13.9
2020-09-29,9.4117,9.6148,9.1409,9.1409,9827442,13.5
2020-09-30,9.1409,9.2086,9.0731,9.2086,4957088,13.6
2020-10-01,9.2763,9.4794,9.2763,9.4117,6035605,13.9
2020-10-02,9.4117,9.4794,9.0054,9.2086,10940398,13.6
2020-10-05,9.2763,9.6825,9.2086,9.6149,12173592,14.2
2020-10-06,9.7502,9.818,9.4794,9.6149,4834972,14.2
2020-10-07,9.6148,9.6825,9.4794,9.4795,5332183,14
2020-10-08,9.4794,9.7502,9.4794,9.6149,9324954,14.2
2020-10-09,9.6825,9.7502,9.5471,9.6149,3666039,14.2
2020-10-12,9.7502,9.7502,9.2763,9.2763,9497356,13.7
2020-10-13,9.2763,9.344,9.1409,9.2763,4798419,13.7
2020-10-14,9.2763,9.4117,9.2086,9.2763,3902767,13.7
2020-10-15,9.2763,9.5471,9.2763,9.344,6872099,13.8
2020-10-16,9.344,9.5471,9.2763,9.4117,5012545,13.9
2020-10-19,9.4117,9.5471,9.344,9.4117,2228223,13.9
2020-10-20,9.4794,9.7502,9.4117,9.6149,8170643,14.2
2020-10-21,9.6148,9.6825,9.344,9.4117,4022370,13.9
2020-10-22,9.4117,9.4794,9.2763,9.4795,2792673,14
2020-10-23,9.4794,9.5471,9.344,9.4117,2893693,13.9
2020-10-26,9.4117,9.4794,9.1409,9.1409,6799682,13.5
2020-10-27,9.1409,9.2086,9.0054,9.0732,3970949,13.4
2020-10-28,9.0054,9.0731,8.8023,8.8701,3906771,13.1
2020-10-29,8.8023,8.87,8.6669,8.8024,3405267,13
2020-10-30,8.8023,8.87,8.6669,8.8024,4152621,13
2020-11-02,8.8023,8.9377,8.6669,8.9378,1444878,13.2
2020-11-03,8.87,9.0731,8.87,9.0732,1968879,13.4
2020-11-04,9.1409,9.344,9.0054,9.2086,4074467,13.6
2020-11-05,9.2086,9.2763,9.0054,9.1409,1842341,13.5
2020-11-06,9.1409,9.1409,9.0054,9.1409,1359058,13.5
2020-11-09,9.1409,9.344,9.0731,9.2763,5082664,13.7
2020-11-10,9.4117,9.818,9.4117,9.6826,15174667,14.3
2020-11-11,9.6148,10.1565,9.6148,10.1566,13135173,15
2020-11-12,10.1565,10.2919,10.0211,10.0889,6661870,14.9
2020-11-13,10.0211,10.2242,9.8857,10.2243,10882444,15.1
2020-11-16,10.2242,10.3596,10.0211,10.0211,10840889,14.8
2020-11-17,10.0888,10.5628,10.0211,10.5628,10560810,15.6
2020-11-18,10.5628,10.6982,10.4951,10.6305,7243831,15.7
2020-11-19,10.5628,10.8336,10.4951,10.6305,9676527,15.7
2020-11-20,10.8465,11.0634,10.6296,10.7029,5480275,14.8
2020-11-23,10.7019,10.8465,10.485,10.7029,5608024,14.8
2020-11-24,10.7742,10.9911,10.5573,10.7752,11345057,14.9
2020-11-25,10.7019,11.2804,10.7019,10.9922,9545568,15.2
2020-11-26,11.0634,11.1357,10.8465,10.9199,3339523,15.1
2020-11-27,10.9188,10.9188,10.7019,10.8476,4405415,15
2020-11-30,10.9188,10.9188,10.6296,10.6306,7240755,14.7
2020-12-01,10.6296,10.8465,10.268,10.7752,9029393,14.9
2020-12-02,10.7742,10.7742,10.5573,10.6306,6918508,14.7
2020-12-03,10.7019,11.2804,10.6296,11.1368,13027417,15.4
2020-12-04,11.2081,11.425,11.1357,11.1368,5861082,15.4
2020-12-07,11.2081,11.2804,11.0634,11.2091,4992730,15.5
2020-12-08,11.2081,11.2081,10.9911,11.0645,6857569,15.3
2020-12-09,11.0634,11.2804,10.9911,11.1368,5594241,15.4
2020-12-10,11.2081,11.2804,10.7742,10.8476,7872403,15
2020-12-11,10.9188,11.1357,10.8465,11.1368,6223898,15.4
2020-12-14,11.1357,11.5696,11.1357,11.4984,11802454,15.9
2020-12-15,11.4973,11.4973,11.2081,11.3538,6774083,15.7
2020-12-16,11.2804,11.7865,11.2804,11.5707,9577350,16
2020-12-17,11.5696,11.7142,11.3527,11.5707,11706694,16
2020-12-18,11.5696,11.7865,11.5696,11.643,5274440,16.1
2020-12-21,11.6419,12.0035,11.4973,11.86,11744166,16.4
2020-12-22,11.8588,11.9312,11.6419,11.7877,8040691,16.3
2020-12-23,11.7142,11.9312,11.5696,11.643,8946278,16.1
2020-12-24,11.6419,11.8588,11.0634,11.5707,11202294,16
2020-12-25,11.5696,11.7865,11.4973,11.7154,5511034,16.2
2020-12-28,11.7142,12.8712,11.7142,12.8724,21213215,17.8
2020-12-29,12.8712,13.305,12.7989,12.8724,11608043,17.8
2020-12-30,12.7989,13.0158,12.6543,12.8001,8992998,17.7
2020-12-31,12.7266,13.0158,12.5096,12.8724,11403905,17.8
2021-01-04,12.8712,13.8112,12.8712,13.5956,14073416,18.8
2021-01-05,13.522,13.6666,13.305,13.5233,10004800,18.7
2021-01-06,13.6666,14.1005,13.4497,13.8126,12663162,19.1
2021-01-07,13.8835,14.6066,13.522,14.5357,13315270,20.1
2021-01-08,14.5343,15.1851,14.3174,14.825,11014376,20.5
2021-01-11,14.9682,15.619,14.9682,15.1866,10435634,21
2021-01-12,15.3297,15.402,14.6789,15.1143,11628598,20.9
2021-01-13,15.2574,15.619,14.6789,14.825,15483026,20.5
2021-01-14,14.8236,15.1128,14.6789,15.0419,7624439,20.8
2021-01-15,15.1128,15.7636,15.0405,15.6205,13936077,21.6
2021-01-18,15.619,15.7636,15.0405,15.1143,12172928,20.9
2021-01-19,15.1128,15.2574,13.6666,13.6679,17011828,18.9
2021-01-20,13.7389,14.3897,12.7989,14.2465,14178148,19.7
2021-01-21,14.3174,14.8236,14.1728,14.6804,8361484,20.3
2021-01-22,14.7512,14.8236,14.2451,14.3911,8492497,19.9
2021-01-25,14.3897,14.6066,14.1005,14.2465,8044390,19.7
2021-01-26,14.2451,14.3897,13.1604,13.451,11150538,18.6
2021-01-27,13.8112,13.8112,12.2927,12.2939,9845699,17
2021-01-28,11.5696,12.2204,11.0634,11.0645,16715936,15.3
2021-01-29,9.9788,12.1481,9.9788,12.0046,10095164,16.6
2021-02-01,12.0035,12.0758,11.0634,11.2815,5606975,15.6
2021-02-02,11.1357,11.9312,11.1357,11.86,11309146,16.4
2021-02-03,12.0035,13.0158,11.9312,13.0171,11743913,18
2021-02-04,13.305,13.6666,13.1604,13.234,7817370,18.3
2021-02-05,13.2327,13.7389,13.2327,13.3063,6002652,18.4
2021-02-08,13.305,13.9558,12.7989,13.1617,15192147,18.2
2021-02-09,13.1604,13.6666,13.1604,13.5956,7245096,18.8
2021-02-17,14.462,14.8959,13.8112,14.8973,11245517,20.6
2021-02-18,15.1851,16.3421,15.1851,15.7651,26445826,21.8
2021-02-19,15.7636,15.9805,15.0405,15.2589,14955084,21.1
2021-02-22,15.2574,15.7636,15.1851,15.6928,14764452,21.7
2021-02-23,15.9805,17.1375,15.9805,16.3436,15550482,22.6
2021-02-24,16.3421,16.3421,15.5467,15.7651,15196191,21.8
2021-02-25,15.9805,16.559,15.9082,16.2713,13606954,22.5
2021-02-26,16.2698,16.3421,15.7636,16.2713,11906672,22.5
2021-03-01,16.6313,16.8482,16.0528,16.8499,16244327,23.3
2021-03-02,16.9205,16.9205,16.4144,16.4883,16638325,22.8
2021-03-03,16.4144,16.559,16.1974,16.416,8072035,22.7
2021-03-04,16.6313,18.0052,15.9805,17.79,27043516,24.6
2021-03-05,17.7883,18.4391,17.7883,18.0069,17918237,24.9
2021-03-08,18.0052,19.1622,18.0052,18.2239,14037385,25.2
2021-03-09,18.0775,18.0775,17.2098,17.3561,18716687,24
2021-03-10,17.4267,17.499,16.9205,17.2115,15100416,23.8
2021-03-11,17.3544,17.716,17.3544,17.6454,7449530,24.4
2021-03-12,17.7883,18.0775,17.4267,17.5007,8285936,24.2
2021-03-15,17.5713,17.716,17.3544,17.4284,8582002,24.1
2021-03-16,17.2821,17.4267,16.9929,17.1391,11348987,23.7
2021-03-17,17.4267,17.7883,16.9929,17.79,13154644,24.6
2021-03-18,17.7883,17.9329,17.4267,17.5007,7545411,24.2
2021-03-19,16.9929,17.3544,16.4867,17.2838,17883263,23.9
2021-03-22,17.3544,17.5713,17.1375,17.2115,7309381,23.8
2021-03-23,17.2098,17.2098,16.7759,16.9222,8138959,23.4
2021-03-24,16.6313,16.6313,15.6913,16.416,19520938,22.7
2021-03-25,16.4144,16.7759,16.0528,16.0544,6937469,22.2
2021-03-26,16.0528,16.6313,14.8959,16.416,12040829,22.7
2021-03-29,16.559,16.8482,16.1251,16.2713,6923881,22.5
2021-03-30,16.4144,16.7759,16.1974,16.4883,7637587,22.8
2021-03-31,16.4867,16.7759,16.2698,16.6329,8535295,23
2021-04-01,16.6313,17.2098,16.559,17.1391,11873114,23.7
2021-04-02,17.2821,17.5713,16.9929,17.0668,7871897,23.6
2021-04-05,17.0652,17.1375,16.7759,16.9222,7394274,23.4
2021-04-06,16.8482,17.5713,16.4867,17.573,14548303,24.3
2021-04-07,17.716,17.7883,17.2098,17.3561,13880820,24
2021-04-08,17.3544,17.7883,17.0652,17.3561,12041386,24
2021-04-09,17.3544,17.716,17.1375,17.2115,13301632,23.8
2021-04-12,17.2098,17.3544,16.9205,17.0668,9677768,23.6
2021-04-13,17.2821,17.3544,16.6313,16.7052,11334195,23.1
2021-04-14,16.7036,17.2098,16.4144,17.0668,8509933,23.6
2021-04-15,17.2821,17.716,16.9929,17.0668,10521548,23.6
2021-04-16,17.0652,17.2098,16.4867,16.9222,8542601,23.4
2021-04-19,16.9205,16.9205,16.4867,16.8499,4607252,23.3
2021-04-20,16.8482,17.2821,16.7759,16.7775,8546352,23.2
2021-04-22,16.8482,16.8482,15.1128,15.1143,15592276,20.9
2021-04-23,15.1128,15.4743,14.7512,15.3312,9088772,21.2
2021-04-26,15.3297,15.5467,14.0281,14.0295,11422883,19.4
2021-04-27,14.1728,14.462,13.7389,14.0295,4922330,19.4
2021-04-28,14.1005,14.6789,14.0281,14.3911,4629604,19.9
2021-04-29,14.5343,14.8236,14.462,14.5357,3530214,20.1
2021-05-04,14.462,14.5343,13.8112,14.2465,5574598,19.7
2021-05-05,14.3897,15.619,14.3897,15.6205,11566925,21.6
2021-05-06,15.9082,15.9082,15.2574,15.2589,6938085,21.1
2021-05-07,15.2574,15.4743,14.8236,14.8973,6287726,20.6
2021-05-10,14.8959,15.402,14.8236,15.3312,7689884,21.2
2021-05-11,15.3297,16.1251,15.1851,15.5482,9172310,21.5
2021-05-12,15.5467,16.4144,15.402,16.0544,8192631,22.2
2021-05-13,16.0528,16.4144,15.6913,15.6928,7802931,21.7
2021-05-14,15.619,15.6913,15.3297,15.5482,6523090,21.5
2021-05-17,15.9082,15.9082,15.1851,15.1866,6409389,21
2021-05-18,15.2574,15.7636,15.1128,15.7651,7516263,21.8
2021-05-19,15.619,15.7636,15.3297,15.4035,3786853,21.3
2021-05-20,15.2574,15.2574,14.7512,15.0419,7788521,20.8
2021-05-21,14.8959,15.6913,14.5343,15.2589,9514258,21.1
2021-05-24,15.4743,16.1974,15.3297,15.8374,9474112,21.9
2021-05-25,15.9082,16.7759,15.9082,16.416,15843455,22.7
2021-05-26,16.4144,16.4144,16.1251,16.3436,7730228,22.6
2021-05-27,16.2698,16.4867,15.6913,15.9097,10864148,22
2021-05-28,16.1251,17.2098,16.0528,16.9945,24881780,23.5
2021-05-31,17.0652,18.656,16.8482,18.6578,25885879,25.8
2021-06-01,18.656,19.7406,18.656,19.0917,20841133,26.4
2021-06-02,19.2345,20.1022,19.0898,19.8149,21471661,27.4
2021-06-03,19.8129,20.2468,19.3068,19.5256,21996746,27
2021-06-04,19.5237,21.4761,19.2345,21.4782,24578114,29.7
2021-06-07,21.4761,22.633,20.9699,21.6951,24365157,30
2021-06-08,22.7777,22.7777,19.5237,19.5256,31261749,27
2021-06-09,19.5237,20.8976,19.5237,20.538,20035828,28.4
2021-06-10,20.6084,20.6084,19.0175,19.4533,15719207,26.9
2021-06-11,19.5237,20.8253,19.4514,20.3934,16328335,28.2
2021-06-14,20.8253,21.5484,20.6084,21.1889,16575872,29.3
2021-06-15,21.1868,21.4038,20.6807,20.755,14886560,28.7
2021-06-16,21.1145,22.2715,20.8976,21.1889,21206993,29.3
2021-06-17,20.9699,22.0546,20.6084,21.6951,16281221,30
2021-06-18,21.1145,21.7653,20.9699,21.6228,12375360,29.9
2021-06-21,21.693,22.4884,21.6207,21.9844,12480245,30.4
2021-06-22,22.1269,22.9946,22.0546,22.0567,13581252,30.5
2021-06-23,22.0546,22.2715,21.2591,21.6228,14506362,29.9
2021-06-24,21.693,21.9099,21.2591,21.3335,8414756,29.5
2021-06-25,21.3315,21.9822,21.1868,21.9121,10204585,30.3
2021-06-28,22.1269,22.4884,21.9099,22.0567,10126979,30.5
2021-06-29,21.9099,21.9822,21.3315,21.5505,12781870,29.8
2021-06-30,21.693,21.7653,20.8253,20.8273,11697058,28.8
2021-07-01,20.9699,20.9699,19.596,20.4657,22790257,28.3
2021-07-02,20.6084,21.1868,20.3191,20.3211,9789516,28.1
2021-07-05,20.3914,20.536,19.3068,19.5256,15180328,27
2021-07-06,19.7406,20.2468,18.0775,18.0793,16361724,25
2021-07-07,18.0775,18.2944,17.3544,18.0069,12446763,24.9
2021-07-08,17.9329,18.3667,17.6436,17.9346,7802609,24.8
2021-07-09,17.6436,18.1498,16.6313,16.9222,14302089,23.4
2021-07-12,16.9205,17.6436,16.4144,17.573,18138448,24.3
2021-07-13,17.716,18.5837,17.5713,18.5855,10295559,25.7
2021-07-14,18.5837,18.8729,17.9329,18.2962,10852889,25.3
2021-07-15,18.2944,18.5837,17.716,18.2962,10553435,25.3
2021-07-16,18.2944,18.5837,17.9329,17.9346,7930500,24.8
2021-07-19,17.8606,17.8606,16.2698,16.2713,16472447,22.5
2021-07-20,15.8359,16.559,15.1851,16.4883,12897242,22.8
2021-07-21,16.6313,16.8482,16.4144,16.416,5709241,22.7
2021-07-22,16.6313,17.5713,16.6313,17.3561,10898791,24
2021-07-23,17.4267,17.5713,16.7759,16.7775,9841878,23.2
2021-07-26,16.6313,17.2098,16.4867,17.0668,6278846,23.6
2021-07-27,17.1375,17.9329,17.0652,17.573,10606303,24.3
2021-07-28,17.5713,17.8606,17.3544,17.4284,5296388,24.1
2021-07-29,17.4267,18.0775,17.3544,18.0793,9141141,25
2021-07-30,18.1498,18.3667,17.8606,17.9346,7733837,24.8
2021-08-02,18.0775,18.3667,17.716,18.0069,8303756,24.9
2021-08-03,17.9329,18.0052,17.499,18.0069,11260601,24.9
2021-08-04,17.8606,18.656,17.8606,18.3685,13567997,25.4
2021-08-05,18.1498,18.4391,18.0052,18.3685,9041629,25.4
2021-08-06,18.3667,18.8729,18.2944,18.2962,12263902,25.3
2021-08-09,18.1498,18.5114,17.9329,18.2962,12113388,25.3
2021-08-10,18.2944,19.6683,18.1498,19.6702,23151297,27.2
2021-08-11,19.7406,20.0299,19.2345,19.3086,12306273,26.7
2021-08-12,19.5237,19.596,19.1622,19.164,9964539,26.5
2021-08-13,19.1622,19.1622,18.2221,18.9471,19061054,26.2
2021-08-16,18.9452,19.3791,18.7283,18.8747,10327363,26.1
2021-08-17,18.8006,19.5237,18.8006,19.381,14576957,26.8
2021-08-18,19.3068,20.1022,19.1622,19.7425,18095830,27.3
2021-08-19,19.7406,19.7406,19.3791,19.381,10049385,26.8
2021-08-20,19.3791,19.5237,17.6436,18.0793,15844484,25
2021-08-23,18.0775,18.1498,16.9929,16.9945,17469677,23.5
2021-08-24,17.3544,17.716,17.1375,17.4284,7224331,24.1
2021-08-25,17.716,17.9329,17.4267,17.9346,5455713,24.8
2021-08-26,17.8606,18.0052,17.4267,17.5007,5553607,24.2
2021-08-27,17.499,17.8606,17.0652,17.8623,7825847,24.7
2021-08-30,17.9329,18.4391,17.9329,18.2239,6347931,25.2
2021-08-31,18.2221,19.0898,18.1498,18.7301,14033680,25.9
2021-09-01,18.7283,19.0898,18.3667,18.8747,8917696,26.1
2021-09-06,19.0898,19.6683,18.8729,19.2363,11022829,26.6
2021-09-07,19.3791,19.3791,18.4391,18.5132,9470536,25.6
2021-09-08,18.3667,18.7283,18.0775,18.2239,7377545,25.2
2021-09-09,18.2944,18.8006,18.2221,18.8024,4577402,26
2021-09-10,18.8006,18.8729,18.3667,18.4408,5359653,25.5
2021-09-13,18.656,19.6683,18.5837,19.4533,18484033,26.9
2021-09-14,19.4514,19.8129,19.2345,19.3086,7671628,26.7
2021-09-15,19.3791,20.8253,19.1622,20.538,19652309,28.4
2021-09-16,20.6807,21.0422,20.1745,20.3934,9488037,28.2
2021-09-17,20.6084,20.8253,20.3191,20.3934,10549836,28.2
2021-09-20,20.3914,20.8253,19.3791,19.5256,18944514,27
2021-09-21,19.4514,20.3914,19.0175,20.3211,14768723,28.1
2021-09-22,20.2468,20.536,20.0299,20.3934,5795004,28.2
2021-09-23,20.536,20.8976,20.1022,20.1041,11482279,27.8
2021-09-24,20.2468,20.536,19.8129,19.9595,8713248,27.6
2021-09-27,20.4027,20.9278,19.6526,19.6546,9410000,26.2
2021-09-28,19.6526,21.3779,19.6526,21.23,15966472,28.3
2021-09-29,21.3028,21.4529,20.6278,20.9299,11237585,27.9
2021-09-30,20.9278,21.6029,20.7028,21.23,9932789,28.3
2021-10-01,21.0778,21.9779,20.8528,21.5301,15573926,28.7
2021-10-04,21.5279,22.353,21.0028,21.0049,14587878,28
2021-10-05,21.4529,21.6779,21.1528,21.5301,9918421,28.7
2021-10-06,21.6779,22.128,21.4529,21.6051,7727379,28.8
2021-10-07,21.4529,21.6029,21.1528,21.305,10238722,28.4
2021-10-08,21.7529,21.7529,21.1528,21.305,6152809,28.4
2021-10-11,21.3028,21.9029,21.3028,21.38,8580340,28.5
2021-10-12,21.4529,22.278,21.3779,21.9052,13811125,29.2
2021-10-13,21.9029,22.0529,21.6029,21.6051,5669669,28.8
2021-10-14,21.5279,21.9779,21.4529,21.5301,7882280,28.7
2021-10-15,21.7529,21.9029,21.2278,21.5301,9802561,28.7
2021-10-18,21.6029,22.728,21.6029,22.1302,16869879,29.5
2021-10-19,22.278,22.278,21.8279,21.9052,4596779,29.2
2021-10-20,21.9779,22.203,21.0778,21.6051,7032443,28.8
2021-10-21,21.7529,21.9029,21.1528,21.38,8901732,28.5
2021-10-22,21.3779,21.7529,21.1528,21.4551,7482685,28.6
2021-10-25,21.6029,22.278,21.6029,21.7551,7758645,29
2021-10-27,21.6779,23.0281,21.6029,22.8804,17368772,30.5
2021-10-28,22.8781,23.1031,22.353,22.5803,10598914,30.1
2021-10-29,22.353,23.1031,22.203,22.7304,8213111,30.3
2021-11-01,22.728,22.9531,21.9029,22.0552,11611504,29.4
2021-11-02,22.0529,22.8781,21.9029,22.7304,12702090,30.3
2021-11-03,22.653,22.9531,21.9029,21.9052,9686509,29.2
2021-11-04,21.9779,21.9779,21.3779,21.38,11541558,28.5
2021-11-05,21.3779,22.128,21.0028,21.4551,9499622,28.6
2021-11-08,21.6029,22.128,21.5279,21.7551,7398639,29
2021-11-09,21.8279,22.353,21.5279,21.9052,11013837,29.2
2021-11-10,22.128,23.6282,22.128,23.3305,20500921,31.1
2021-11-11,23.1781,23.4781,22.503,22.8804,11709804,30.5
2021-11-12,22.9531,22.9531,22.203,22.2802,10489769,29.7
2021-11-15,22.353,22.353,21.5279,21.9052,18315700,29.2
2021-11-16,21.9029,22.278,21.7529,21.7551,7945861,29
2021-11-17,22.128,22.503,21.7529,21.9052,8325551,29.2
2021-11-18,21.9029,21.9029,20.8528,21.0049,15950663,28
2021-11-19,21.0028,21.3028,19.2026,19.8797,18320967,26.5
2021-11-22,19.8777,19.8777,18.7525,18.7544,10830720,25
2021-11-23,18.8275,19.5776,18.7525,19.3546,6981560,25.8
2021-11-24,19.8026,19.9527,19.5026,19.6546,5854863,26.2
2021-11-25,19.8026,20.1027,19.5026,19.6546,5735628,26.2
2021-11-26,19.6526,19.7276,18.9775,19.0545,8080471,25.4
2021-11-29,18.4525,18.7525,17.6274,18.6044,8649703,24.8
2021-11-30,18.7525,19.9527,18.7525,19.0545,9241552,25.4
2021-12-01,19.0525,19.6526,18.8275,19.5046,4175588,26
2021-12-02,19.5026,19.6526,19.2026,19.2795,4483760,25.7
2021-12-03,19.2776,19.6526,18.7525,18.7544,4517439,25
2021-12-06,18.7525,19.0525,18.0024,18.3043,4932863,24.4
2021-12-07,18.6025,19.6526,18.5275,19.4296,6221856,25.9
2021-12-08,19.8777,20.2527,19.5026,19.8797,10139973,26.5
2021-12-09,19.9527,20.3277,19.7276,20.1047,7345552,26.8
2021-12-10,20.1027,20.1027,19.8026,19.9547,4468642,26.6
2021-12-13,20.1027,20.4777,19.7276,20.1798,6400501,26.9
2021-12-14,20.1777,20.1777,19.8026,19.8797,4466776,26.5
2021-12-15,19.8026,20.1027,19.5776,19.6546,5580063,26.2
2021-12-16,19.6526,19.8777,19.4276,19.5046,5188882,26
2021-12-17,19.5776,20.0277,19.5026,19.5046,4231886,26
2021-12-20,19.5026,19.5776,18.8275,19.0545,5635822,25.4
2021-12-21,19.0525,19.7276,18.9025,19.5796,5333507,26.1
2021-12-22,19.8777,20.0277,19.3526,19.3546,3753407,25.8
2021-12-23,19.3526,20.6278,19.1276,19.9547,9874873,26.6
2021-12-24,20.1027,20.5527,19.8777,19.8797,4356830,26.5
2021-12-27,19.8777,20.2527,19.8026,19.9547,3806765,26.6
2021-12-28,20.1777,20.6278,20.1027,20.1798,7561769,26.9
2021-12-29,20.2527,20.5527,20.0277,20.2548,3690317,27
2021-12-30,20.3277,21.3779,20.3277,20.7799,10543998,27.7
2021-12-31,20.7778,21.0028,20.4027,20.4798,5142979,27.3
2022-01-04,20.5527,21.5279,20.4777,21.155,11734905,28.2
2022-01-05,21.3028,21.6779,21.1528,21.155,9955560,28.2
2022-01-06,21.1528,21.6029,21.0028,21.23,7207778,28.3
2022-01-07,21.4529,22.0529,21.3028,21.7551,10553828,29
2022-01-10,21.7529,21.9029,20.7028,20.7799,9176413,27.7
2022-01-11,20.7778,21.1528,20.4027,20.6299,4354312,27.5
2022-01-12,21.0028,22.0529,20.9278,21.38,11420152,28.5
2022-01-13,21.8279,22.128,20.6278,20.6299,9051791,27.5
2022-01-14,20.6278,21.1528,20.4777,20.9299,4676545,27.9
2022-01-17,21.3779,22.0529,20.7778,21.0049,10588299,28
2022-01-18,21.3779,21.9779,21.0028,21.6801,11868049,28.9
2022-01-19,21.8279,22.353,21.3779,21.5301,6900067,28.7
2022-01-20,21.5279,21.8279,21.2278,21.38,5666963,28.5
2022-01-21,21.3028,22.503,21.0028,22.1302,14829567,29.5
2022-01-24,22.128,22.728,21.7529,21.7551,10347381,29
2022-01-25,21.7529,21.7529,20.8528,21.4551,7024923,28.6
2022-01-26,21.6029,21.9779,21.3028,21.305,5899082,28.4
2022-01-27,21.7529,21.9779,21.4529,21.6801,5278420,28.9
2022-01-28,21.7529,22.128,20.0277,20.3298,15250084,27.1
2022-02-07,21.0028,21.9779,21.0028,21.6801,6846475,28.9
2022-02-08,21.6779,21.9779,21.4529,21.5301,4610608,28.7
2022-02-09,21.4529,21.6029,21.0778,21.155,7964500,28.2
2022-02-10,21.3028,21.6779,21.2278,21.5301,5555522,28.7
2022-02-11,21.6029,22.278,21.6029,21.7551,12730496,29
2022-02-14,21.9779,22.803,21.9779,22.3553,14630848,29.8
2022-02-15,22.353,22.728,21.9029,21.9802,6312546,29.3
2022-02-16,21.9029,22.128,21.4529,21.9052,9495091,29.2
2022-02-17,21.8279,22.128,21.6779,21.9052,5424798,29.2
2022-02-18,21.9029,22.0529,21.6029,21.7551,6269621,29
2022-02-21,21.8279,22.128,21.7529,21.8301,6243839,29.1
2022-02-22,21.9779,22.8781,21.9029,22.6553,17917870,30.2
2022-02-23,22.728,24.9033,22.653,24.9059,27927708,33.2
2022-02-24,24.9033,27.1536,24.9033,26.1061,23615664,34.8
2022-02-25,26.1785,26.2535,25.2784,25.356,14925286,33.8
2022-02-28,25.3534,26.7786,25.2034,26.1812,14502834,34.9
2022-03-01,26.2535,26.5535,25.5784,26.2562,11533663,35
2022-03-02,26.7036,28.7288,26.7036,27.9816,14522713,37.3
2022-03-03,28.5038,28.6538,27.5287,27.9816,12652185,37.3
2022-03-04,27.9787,27.9787,27.0036,27.0814,15561280,36.1
2022-03-07,29.779,29.779,27.8287,28.9568,13984168,38.6
2022-03-08,29.2539,29.3289,28.1288,28.5067,13913238,38
2022-03-09,28.8789,30.9041,28.5038,29.557,19313604,39.4
2022-03-10,29.2539,29.4039,27.4537,28.6567,14175742,38.2
2022-03-11,28.6538,28.6538,27.0786,27.6815,20756805,36.9
2022-03-14,27.6787,27.6787,26.1035,26.1061,18128588,34.8
2022-03-15,26.0285,26.5535,24.6033,26.4062,16409591,35.2
2022-03-16,26.4035,26.5535,25.7284,26.1812,5976819,34.9
2022-03-17,26.5535,26.5535,25.2034,25.506,6125286,34
2022-03-18,26.2535,26.6286,25.8785,26.1061,8931161,34.8
2022-03-21,26.5535,26.6286,25.9535,26.3312,7428906,35.1
2022-03-22,26.6286,27.6037,26.6286,26.9313,11473718,35.9
2022-03-23,27.0036,27.3787,26.4035,26.4062,7408339,35.2
2022-03-24,26.4785,27.3787,26.4035,26.4812,9805909,35.3
2022-03-25,26.4785,26.6286,25.8785,25.8811,8234849,34.5
2022-03-28,26.2535,27.0786,25.3534,27.0814,11372442,36.1
2022-03-29,27.0786,28.3538,26.6286,27.9066,14966106,37.2
2022-03-30,27.8287,27.9037,26.6286,26.7813,8433697,35.7
2022-03-31,26.6286,27.0036,26.0285,26.0311,7654188,34.7
2022-04-04,25.2034,25.8034,25.1284,25.7311,4676629,34.3
2022-04-05,25.8034,26.2535,25.7284,25.7311,3245202,34.3
2022-04-06,25.7284,26.0285,25.2784,25.8811,5002432,34.5
2022-04-07,25.7284,26.5535,25.2034,26.1061,7977957,34.8
2022-04-08,26.1035,26.3285,25.1284,25.1309,4759176,33.5
2022-04-12,24.9033,25.4284,22.653,22.6553,9615703,30.2
2022-04-13,23.0281,23.6282,22.353,23.4055,6832512,31.2
2022-04-14,23.4781,24.2282,23.4031,23.4805,6699909,31.3
2022-04-18,23.4031,23.6282,22.428,22.5053,7613081,30
2022-04-19,21.6029,23.7032,21.6029,22.5053,8686748,30
2022-04-20,22.8781,23.0281,20.4777,20.4798,7491336,27.3
2022-04-21,20.7028,20.8528,18.4525,18.4543,16186215,24.6
2022-04-22,16.6522,18.9025,16.6522,17.7792,23702177,23.7
2022-04-25,16.0521,18.3775,16.0521,16.1288,10466384,21.5
2022-04-26,14.5519,17.7024,14.5519,17.7042,10959057,23.6
2022-04-27,17.7024,18.5275,17.2523,18.0042,8249478,24
2022-04-28,18.0024,18.3024,17.6274,17.6292,5546740,23.5
2022-04-29,17.7774,18.6775,17.6274,18.4543,8801090,24.6
2022-05-04,18.4525,19.5776,18.3775,19.2045,12065526,25.6
2022-05-05,19.5026,20.1777,19.2026,19.4296,11191371,25.9
2022-05-06,19.4276,19.4276,18.1524,18.1543,9527785,24.2
2022-05-09,18.1524,18.3024,16.5022,16.5039,11804057,22
2022-05-10,16.2022,18.1524,14.927,18.1543,10646048,24.2
2022-05-11,18.1524,19.3526,18.1524,18.7544,8110066,25
2022-05-12,18.7525,18.9775,16.8773,16.879,10759001,22.5
2022-05-13,16.8022,18.2274,16.5022,17.3291,14851967,23.1
2022-05-16,17.3273,19.0525,17.3273,19.0545,10140348,25.4
2022-05-17,19.4276,20.7028,19.1276,20.7049,15152977,27.6
2022-05-18,20.8528,21.0778,20.0277,20.1798,14713593,26.9
2022-05-19,18.9775,21.6029,18.9775,21.23,17386038,28.3
2022-05-20,21.3028,21.6029,20.4777,20.6299,10653997,27.5
2022-05-23,20.7028,21.6029,20.4777,20.9299,11431726,27.9
2022-05-24,21.0028,21.0778,19.2776,20.8549,17806421,27.8
2022-05-25,20.9278,22.278,20.6278,21.9052,14521865,29.2
2022-05-26,21.9779,22.0529,21.2278,21.305,8370668,28.4
2022-05-27,21.4529,21.7529,21.0028,21.155,9976429,28.2
2022-05-30,21.4529,22.9531,21.3028,21.7551,15463639,29
2022-05-31,21.7529,23.2531,21.7529,23.0304,16804999,30.7
2022-06-01,22.803,24.2282,22.503,23.9306,13538335,31.9
2022-06-02,23.9282,24.2282,22.8781,23.1805,14475611,30.9
2022-06-03,23.1781,23.9282,22.8781,23.4055,9665791,31.2
2022-06-06,23.4031,24.8283,23.4031,23.6306,13869008,31.5
2022-06-07,23.7032,24.7533,22.578,24.7558,19093243,33
2022-06-08,24.7533,25.4284,23.8532,24.0057,13686016,32
2022-06-09,24.0032,24.9033,24.0032,24.1557,7395242,32.2
2022-06-10,24.0032,24.1532,22.278,22.2802,19672983,29.7
2022-06-13,21.7529,22.278,20.4027,20.4048,18660114,27.2
2022-06-14,20.6278,22.428,20.1027,22.4303,11517930,29.9
2022-06-15,22.503,22.803,21.6029,22.2802,8834427,29.7
2022-06-16,22.503,23.7032,21.9779,22.9554,17228896,30.6
2022-06-17,22.803,23.4031,21.7529,22.8054,11519954,30.4
2022-06-20,22.353,22.353,20.5527,20.5548,13444858,27.4
2022-06-21,20.8528,21.0028,18.5275,18.5294,16602507,24.7
2022-06-22,18.5275,18.9025,16.7272,16.879,16592448,22.5
2022-06-23,15.227,18.5275,15.227,18.5294,7876768,24.7
2022-06-24,18.7525,19.1276,18.0024,18.0042,5805377,24
2022-06-27,18.3775,18.6025,18.0024,18.4543,6285319,24.6
2022-06-28,18.5275,19.6526,18.5275,19.0545,8160676,25.4
2022-06-29,19.1276,19.3526,18.6025,18.7544,6052714,25
2022-06-30,18.4525,18.9775,17.9274,17.9292,6272287,23.9
2022-07-01,18.0024,18.4525,16.8773,18.3793,12138770,24.5
2022-07-04,18.3775,18.9775,18.3775,18.6044,5110094,24.8
2022-07-05,18.7525,19.2026,17.7774,18.0042,6439092,24
2022-07-06,17.6274,17.6274,16.6522,16.7289,12292492,22.3
2022-07-07,16.5772,16.9523,16.2022,16.5039,5948525,22
2022-07-08,16.8773,17.4773,16.8773,17.029,3848431,22.7
2022-07-11,16.5772,17.4023,15.3771,16.954,5367081,22.6
2022-07-12,15.3771,18.3775,15.3771,18.1543,10012500,24.2
2022-07-13,17.9274,18.0024,17.4773,17.7792,6118055,23.7
2022-07-14,17.9274,18.3024,17.6274,17.7792,4900038,23.7
2022-07-15,18.0024,18.0024,17.4023,17.4041,6070870,23.2
2022-07-18,17.4773,17.7774,17.3273,17.4041,6244211,23.2
2022-07-19,17.6274,18.2274,17.5523,17.7792,7282345,23.7
2022-07-20,18.2274,18.4525,17.8524,17.9292,6815412,23.9
2022-07-21,17.9274,18.0774,17.7024,17.7792,4000584,23.7
2022-07-22,17.7024,18.1524,17.6274,17.7042,5374867,23.6
2022-07-25,17.7024,17.7024,16.8773,16.879,8460581,22.5
2022-07-26,16.8773,17.4023,16.8773,17.104,2745310,22.8
2022-07-27,16.9523,17.2523,16.8773,17.104,2966919,22.8
2022-07-28,17.2523,17.7024,17.2523,17.4791,4856330,23.3
2022-07-29,17.5523,17.7774,17.2523,17.2541,4743999,23
2022-08-01,15.5271,17.7024,15.5271,17.6292,6773968,23.5
2022-08-02,17.5523,18.3775,17.2523,18.1543,11572622,24.2
2022-08-03,18.1524,18.6775,17.9274,18.2293,6845206,24.3
2022-08-04,18.2274,18.2274,17.7024,17.7042,7405214,23.6
2022-08-05,17.6274,18.9025,17.3273,18.1543,10274284,24.2
2022-08-08,18.3024,18.9025,18.1524,18.7544,7792557,25
2022-08-09,18.8275,18.9775,18.3775,18.4543,6968806,24.6
2022-08-10,18.4525,19.1276,18.3024,18.9795,11288063,25.3
2022-08-11,19.2026,19.8026,19.0525,19.3546,13858247,25.8
2022-08-12,19.4276,19.8777,19.2776,19.5796,7255756,26.1
2022-08-15,19.6526,20.0277,19.3526,19.7296,8261042,26.3
2022-08-16,19.3526,19.8026,17.7774,19.3546,7774543,25.8
2022-08-17,19.3526,19.4276,18.9025,19.1295,8096472,25.5
2022-08-18,19.1276,19.7276,19.1276,19.3546,7856066,25.8
2022-08-19,19.3526,20.6278,19.3526,20.1798,12112781,26.9
2022-08-22,20.1777,20.6278,19.8777,20.0297,8642725,26.7
2022-08-23,20.1027,21.2278,19.8777,20.8549,14819305,27.8
2022-08-24,20.9278,21.3028,20.7778,20.9299,7654159,27.9
2022-08-25,21.0778,21.2278,20.4777,20.6299,7418386,27.5
2022-08-26,20.6278,20.8528,19.8777,20.2548,11292508,27
2022-08-29,20.0277,21.7529,19.6526,21.7551,16392448,29
2022-08-30,21.9779,22.128,21.2278,21.305,9866796,28.4
2022-08-31,21.3028,21.4529,20.8528,20.8549,9876454,27.8
2022-09-05,20.9278,21.5279,20.6278,21.305,8273273,28.4
2022-09-06,21.4529,21.6779,21.0778,21.08,7121261,28.1
2022-09-07,21.0778,21.0778,19.2776,19.2795,16375566,25.7
2022-09-08,18.9025,19.8777,18.8275,18.8294,11934169,25.1
2022-09-09,18.9025,20.1027,18.8275,20.1047,8086083,26.8
2022-09-12,20.1027,21.0778,20.0277,20.1047,10453664,26.8
2022-09-13,20.1027,20.7778,20.1027,20.5548,13122093,27.4
2022-09-14,20.4027,20.9278,19.8777,20.8549,12915568,27.8
2022-09-15,20.9278,21.1528,20.5527,20.5548,7202062,27.4
2022-09-16,20.4027,20.5527,19.8026,20.1047,9066985,26.8
2022-09-19,20.1777,20.2527,18.4525,18.7544,11726856,25
2022-09-20,18.9025,19.5026,18.5275,19.5046,6582894,26
2022-09-21,19.5026,20.1027,19.0525,19.8047,6059824,26.4
2022-09-22,19.5026,20.1027,19.4276,19.7296,7011373,26.3
2022-09-23,17.7774,20.0277,17.7774,19.7296,5583646,26.3
2022-09-26,17.7774,19.5776,17.7774,18.5294,10020208,24.7
2022-09-27,18.3775,18.4525,17.2523,17.6292,4270377,23.5
2022-09-28,17.7774,18.0024,17.1023,17.104,6271045,22.8
2022-09-29,17.3273,17.8524,16.8022,16.879,5504052,22.5
2022-09-30,16.8773,17.4773,16.2022,17.4041,7187757,23.2
2022-10-03,15.6771,17.4773,15.6771,16.0538,6072341,21.4
2022-10-04,15.9771,17.4773,15.9771,16.4289,6353809,21.9
2022-10-05,16.8773,17.5523,16.8773,17.2541,6941099,23
2022-10-06,17.5523,17.8524,16.6522,16.6539,6937902,22.2
2022-10-07,16.6522,17.4773,16.1272,17.104,10579701,22.8
2022-10-10,17.1023,18.3024,17.1023,18.0793,7953427,24.1
2022-10-11,18.3024,18.3024,16.3522,16.3538,11633431,21.8
2022-10-12,16.1272,17.5523,15.7521,17.104,5056076,22.8
2022-10-13,17.3273,17.3273,16.6522,17.104,3852025,22.8
2022-10-14,17.1023,17.7774,17.1023,17.4791,6636758,23.3
2022-10-17,17.2523,18.1524,16.9523,18.0793,10070352,24.1
2022-10-18,18.2274,18.4525,17.6274,17.7792,7222216,23.7
2022-10-19,17.7774,18.3024,17.6274,17.7042,5596337,23.6
2022-10-20,17.7024,18.0774,17.6274,17.7792,4357181,23.7
2022-10-21,17.8524,18.2274,16.3522,16.5039,15249918,22
2022-10-24,16.5772,17.1023,15.5271,15.5287,9282015,20.7
2022-10-25,15.3771,16.6522,15.002,15.9037,7194304,21.2
2022-10-26,15.002,16.2772,14.3269,15.7537,3652488,21
2022-10-27,14.1769,17.2523,14.1769,16.954,5651382,22.6
2022-10-28,15.302,17.1023,15.302,16.5789,5499927,22.1
2022-10-31,15.7521,16.8773,15.5271,16.0538,5728004,21.4
2022-11-01,16.0521,16.5772,15.6021,16.1288,3995252,21.5
2022-11-02,16.2022,17.3273,16.2022,17.029,8628977,22.7
2022-11-03,17.0273,17.2523,16.5772,16.6539,3593252,22.2
2022-11-04,16.6522,16.8022,15.6021,15.9788,7368918,21.3
2022-11-07,15.9771,16.8022,15.9771,16.2038,7734722,21.6
2022-11-08,16.3522,17.2523,16.1272,17.2541,7653594,23
2022-11-09,16.1272,17.9274,16.1272,17.4041,11321935,23.2
2022-11-10,16.8773,17.3273,15.7521,16.1288,10804513,21.5
2022-11-11,14.5519,17.1023,14.5519,16.4289,5850164,21.9
2022-11-14,16.2022,16.7272,14.852,15.0035,12878656,20
2022-11-15,14.4769,15.002,13.5018,13.5032,5186710,18
2022-11-16,12.1516,14.5519,12.1516,14.4034,15404324,19.2
2022-11-17,14.1019,14.852,13.8769,14.3284,5858911,19.1
2022-11-18,12.9017,14.3269,12.9017,14.2534,9066760,19
2022-11-21,12.8267,14.3269,12.8267,13.9533,4996782,18.6
2022-11-22,13.6518,15.227,13.5018,14.4784,7976103,19.3
2022-11-23,14.2519,14.777,13.5018,14.3284,4125879,19.1
2022-11-24,13.5018,14.3269,13.3518,14.1783,5004675,18.9
2022-11-25,13.2768,14.5519,12.8267,14.5534,3378414,19.4
2022-11-28,13.9519,15.227,13.9519,15.0035,9497022,20
2022-11-29,15.002,15.9021,14.777,15.8287,9049912,21.1
2022-11-30,14.2519,16.4272,14.2519,15.9037,6720408,21.2
2022-12-01,15.4521,16.6522,15.4521,15.6037,9984842,20.8
2022-12-02,15.302,17.1023,15.227,17.104,14305716,22.8
2022-12-05,17.3273,18.2274,17.3273,17.5541,8893014,23.4
2022-12-06,15.8271,18.3024,15.8271,17.5541,15175593,23.4
2022-12-07,16.6522,18.2274,16.6522,17.6292,7769689,23.5
2022-12-08,17.8524,18.1524,17.0273,17.6292,9102252,23.5
2022-12-09,17.5523,17.8524,17.2523,17.2541,5368011,23
2022-12-12,17.1023,17.9274,16.6522,16.6539,6870823,22.2
2022-12-13,15.3771,17.1023,15.3771,17.104,6034589,22.8
2022-12-14,17.1023,18.0024,17.1023,17.5541,7208593,23.4
2022-12-15,17.4773,18.0774,17.2523,17.4791,6842603,23.3
2022-12-16,17.4023,17.7024,17.1773,17.3291,4922202,23.1
2022-12-19,17.3273,17.7024,16.8773,16.879,7002974,22.5
2022-12-20,16.9523,17.2523,15.9021,16.879,8166998,22.5
2022-12-21,16.5022,17.1023,16.1272,16.3538,4819706,21.8
2022-12-22,16.3522,16.8773,16.3522,16.804,3640764,22.4
2022-12-23,16.4272,16.9523,16.4272,16.7289,3364401,22.3
2022-12-26,16.7272,17.1023,16.0521,16.0538,5269993,21.4
2022-12-27,15.227,16.5772,15.227,16.5789,4547639,22.1
2022-12-28,15.9771,16.8022,15.9771,16.5789,3729533,22.1
2022-12-29,15.7521,16.6522,15.7521,16.2038,2584624,21.6
2022-12-30,15.7521,16.5772,15.7521,16.0538,1988665,21.4
2023-01-03,16.2022,16.9523,16.2022,16.804,3592389,22.4
2023-01-04,16.3522,17.6274,16.3522,17.179,7168974,22.9
2023-01-05,16.5022,17.4023,16.5022,17.2541,3481121,23
2023-01-06,17.2523,17.7774,16.9523,17.179,5155334,22.9
2023-01-09,17.3273,17.4773,17.0273,17.104,3237852,22.8
2023-01-10,16.5772,17.4023,16.1272,17.104,2794801,22.8
2023-01-11,16.8773,17.4023,16.8773,17.179,2793891,22.9
2023-01-12,17.1773,18.0024,17.1773,17.9292,8645345,23.9
2023-01-13,17.9274,18.2274,17.4773,17.5541,4599879,23.4
2023-01-16,17.5523,17.7774,17.4023,17.4791,3410583,23.3
2023-01-17,17.4023,18.0024,17.4023,18.0042,5231351,24
2023-01-18,18.1524,18.9025,18.0024,18.7544,9894057,25
2023-01-19,18.7525,18.9775,18.6025,18.7544,5140882,25
2023-01-27,18.9025,19.3526,18.8275,18.9045,5253849,25.2
2023-01-30,18.3775,19.0525,18.3775,18.4543,8105645,24.6
2023-01-31,18.4525,19.2026,18.3024,19.2045,7536682,25.6
2023-02-01,19.2776,19.4276,17.8524,18.0042,7858520,24
2023-02-02,18.0024,18.6025,17.8524,17.9292,6557501,23.9
2023-02-03,17.9274,18.2274,17.6274,17.7042,3659079,23.6
2023-02-06,17.7024,18.0024,17.2523,17.6292,5224453,23.5
2023-02-07,17.4023,18.0774,17.3273,17.4791,4746030,23.3
2023-02-08,17.8524,17.8524,17.4023,17.7042,2767496,23.6
2023-02-09,17.7774,18.6775,17.6274,18.3043,8714565,24.4
2023-02-10,18.0024,18.3775,17.8524,17.8542,3135830,23.8
2023-02-13,17.8524,18.3024,17.7024,18.2293,6542815,24.3
2023-02-14,18.2274,18.6025,18.2274,18.3043,3524610,24.4
2023-02-15,18.3024,18.8275,18.3024,18.5294,4554375,24.7
2023-02-16,18.5275,19.8026,18.5275,19.8047,13068168,26.4
2023-02-17,19.8026,20.0277,19.4276,19.5046,4287474,26
2023-02-20,19.5026,20.1027,19.4276,20.1047,7207156,26.8
2023-02-21,20.1777,20.5527,19.7276,19.8047,8649324,26.4
2023-02-22,19.7276,20.8528,19.5026,19.5046,14476767,26
2023-02-23,19.5026,19.8777,18.8275,19.8797,10194603,26.5
2023-02-24,19.9527,20.1777,19.2026,19.2045,5897819,25.6
2023-02-27,19.2026,19.6526,18.7525,19.2795,6417925,25.7
2023-02-28,19.2776,19.8777,19.2776,19.5046,3900698,26
2023-03-01,17.8524,20.2527,17.8524,20.2548,7037134,27
2023-03-02,20.2527,20.4027,19.9527,20.0297,3814237,26.7
2023-03-03,20.1777,20.5527,19.8026,19.8047,8674967,26.4
2023-03-06,19.9527,20.2527,19.8026,19.9547,4247243,26.6
2023-03-07,18.0024,20.1777,18.0024,20.1047,4854737,26.8
2023-03-08,19.9527,20.6278,19.8026,20.6299,8427895,27.5
2023-03-09,20.6278,20.7778,20.3277,20.3298,4171191,27.1
2023-03-10,20.2527,20.2527,19.7276,19.8047,9239735,26.4
2023-03-13,19.6526,19.8777,19.4276,19.5796,4832922,26.1
2023-03-14,19.5776,19.6526,18.6775,18.6794,9302946,24.9
2023-03-15,18.8275,19.5776,18.7525,19.5796,5646479,26.1
2023-03-16,19.4276,19.4276,18.7525,18.9045,6216326,25.2
2023-03-17,18.9775,19.2026,18.8275,19.0545,2980123,25.4
2023-03-20,19.0525,19.0525,18.0024,18.0042,6891158,24
2023-03-21,18.3024,18.4525,18.0024,18.2293,3028075,24.3
2023-03-22,18.3775,18.7525,18.3775,18.5294,3641993,24.7
2023-03-23,18.5275,18.6775,18.3775,18.6044,2334720,24.8
2023-03-24,18.6025,18.9775,18.6025,18.9045,4015833,25.2
2023-03-27,18.8275,19.0525,18.2274,18.9045,3345236,25.2
2023-03-28,19.0525,19.5026,19.0525,19.0545,3854436,25.4
2023-03-29,19.0525,19.2776,18.9025,18.9795,2581689,25.3
2023-03-30,19.0525,19.2026,18.8275,18.9795,3213691,25.3
2023-03-31,19.0525,19.2776,18.9775,19.0545,3783733,25.4
2023-04-03,19.5026,20.1027,19.5026,19.8047,6092707,26.4
2023-04-04,19.8777,20.1027,19.6526,19.7296,4803216,26.3
2023-04-05,19.7276,20.1027,19.6526,19.8047,5862327,26.4
2023-04-06,18.6025,19.9527,18.6025,19.2795,5587133,25.7
2023-04-07,19.2776,19.5026,19.2026,19.4296,3550524,25.9
2023-04-10,19.2026,19.7276,19.2026,19.2795,4041966,25.7
2023-04-11,19.2026,19.8026,19.1276,19.5796,6820712,26.1
2023-04-12,19.7276,19.9527,19.5776,19.5796,3962846,26.1
2023-04-13,19.7276,20.1777,19.6526,19.8047,7901479,26.4
2023-04-14,19.7276,19.9527,19.2026,19.2045,4935320,25.6
2023-04-17,18.7525,19.3526,18.7525,19.2045,2560557,25.6
2023-04-18,19.2026,19.4276,19.1276,19.4296,2915390,25.9
2023-04-19,19.5026,19.7276,19.0525,19.2045,2733571,25.6
2023-04-20,19.1276,19.2026,18.7525,18.9795,3249085,25.3
2023-04-21,18.9775,19.1276,18.6775,18.6794,3281541,24.9
2023-04-24,18.6775,18.9025,18.5275,18.7544,1776302,25
2023-04-25,18.8275,19.0525,18.6025,18.6794,2404675,24.9
2023-04-26,18.7525,18.9775,18.6025,18.9795,2241328,25.3
2023-04-27,18.9775,19.2776,18.7525,18.7544,3328973,25
2023-04-28,18.8275,19.0525,18.7525,18.9795,2070364,25.3
2023-05-04,18.9775,18.9775,18.6025,18.8294,3058238,25.1
2023-05-05,16.9523,18.9775,16.9523,18.8294,1694291,25.1
2023-05-08,18.9025,19.5776,18.9025,19.2795,4354185,25.7
2023-05-09,19.3526,19.8026,19.2776,19.4296,5884591,25.9
2023-05-10,19.4276,19.5776,19.2776,19.5046,2476396,26
2023-05-11,19.5776,19.9527,19.4276,19.5796,6300136,26.1
2023-05-12,19.5776,19.8026,19.5026,19.7296,3645339,26.3
2023-05-15,19.5776,19.9527,19.2776,19.2795,5210265,25.7
2023-05-16,19.4276,20.4027,19.4276,20.0297,10963254,26.7
2023-05-17,20.0277,20.4027,19.8026,19.8047,6475104,26.4
2023-05-18,19.8777,20.1027,19.8026,19.9547,5710502,26.6
2023-05-19,19.9527,21.3028,19.9527,21.23,16008280,28.3
2023-05-22,21.3779,21.9779,21.3779,21.5301,7172271,28.7
2023-05-23,21.4529,22.128,21.3028,22.1302,11852914,29.5
2023-05-24,22.128,22.728,22.128,22.1302,9185536,29.5
2023-05-25,22.128,22.8781,21.8279,22.8054,8693452,30.4
2023-05-26,22.803,23.1031,22.428,22.7304,6986379,30.3
2023-05-29,22.8781,23.1781,22.428,22.4303,8143907,29.9
2023-05-30,22.428,22.9531,22.353,22.9554,8345882,30.6
2023-05-31,22.578,23.5531,22.503,23.2555,8106187,31
2023-06-01,23.2531,23.2531,22.653,22.9554,6313937,30.6
2023-06-02,22.9531,23.5531,22.803,23.2555,7893773,31
2023-06-05,23.3281,23.7782,23.2531,23.3305,4966435,31.1
2023-06-06,23.2531,23.4781,22.9531,23.2555,5606367,31
2023-06-07,23.4031,23.7032,23.1781,23.2555,6826473,31
2023-06-08,23.2531,24.0782,22.653,22.9554,11490556,30.6
2023-06-09,23.1031,23.1781,22.653,22.9554,5998134,30.6
2023-06-12,22.9531,23.1781,22.428,23.1805,7451899,30.9
2023-06-13,23.1781,23.4031,22.8781,23.1805,6006608,30.9
2023-06-14,23.3281,23.7032,22.8781,22.8804,7616507,30.5
2023-06-15,22.8781,24.7533,22.8781,24.7558,14756686,33
2023-06-16,24.9033,25.1284,24.2282,24.3057,8466689,32.4
2023-06-19,24.3783,25.2784,24.2282,24.6058,9072684,32.8
2023-06-21,24.9033,25.2784,24.6033,24.8308,6918294,33.1
2023-06-22,25.0533,25.0533,24.3032,24.8308,7929557,33.1
2023-06-23,24.4533,24.8283,23.7782,23.8556,15028001,31.8
2023-06-26,24.0032,24.5283,23.5531,24.4558,6524173,32.6
2023-06-27,24.5283,25.0533,24.4533,24.6058,7218552,32.8
2023-06-28,24.8283,25.1284,24.3783,24.5308,6585319,32.7
2023-06-29,24.7533,25.0533,24.3783,24.3807,6490729,32.5
2023-07-03,24.3032,25.2034,24.3032,24.9059,5516059,33.2
2023-07-04,24.9033,26.1035,24.9033,25.9561,9959111,34.6
2023-07-05,25.9535,26.1035,25.4284,25.431,5012905,33.9
2023-07-06,25.5034,25.5784,24.6783,24.8308,10332052,33.1
2023-07-07,24.8283,25.1284,24.7533,24.9059,4590807,33.2
2023-07-11,25.3534,25.5034,25.1284,25.356,4700524,33.8
2023-07-12,25.5784,25.7284,25.2784,25.356,3980746,33.8
2023-07-13,25.5034,25.8034,25.2784,25.506,3501309,34
2023-07-14,25.5784,25.8034,25.2034,25.506,4402008,34
2023-07-17,25.5784,26.2535,25.3534,26.1061,6235541,34.8
2023-07-18,26.1035,26.5535,25.8785,25.8811,4343804,34.5
2023-07-19,25.9535,26.0285,25.3534,25.431,5211610,33.9
2023-07-20,25.4284,25.5034,25.1284,25.431,3566586,33.9
2023-07-21,25.5034,25.9535,25.4284,25.7311,3448855,34.3
2023-07-24,25.9535,26.4035,25.6534,26.1812,6308810,34.9
2023-07-25,26.2535,26.5535,25.8034,26.2562,4893418,35
2023-07-26,26.2535,26.3285,25.9535,26.1061,3836847,34.8
2023-07-27,26.1035,26.2535,25.3534,25.581,7407247,34.1
2023-07-28,25.7284,26.1035,25.4284,25.8061,5608814,34.4
2023-07-31,25.8034,26.6286,25.7284,25.8061,5189440,34.4
2023-08-01,25.8785,26.1035,25.2784,25.281,7331346,33.7
2023-08-02,25.2784,25.7284,25.0533,25.506,5596240,34
2023-08-03,25.5034,25.5034,24.7533,24.7558,7404810,33
2023-08-04,24.8283,25.7284,24.6033,25.7311,6566290,34.3
2023-08-07,25.7284,25.8785,25.4284,25.7311,4657011,34.3
2023-08-08,25.8034,27.3036,25.6534,27.0064,21750373,36
2023-08-09,27.0036,27.1536,26.6286,26.7813,4942838,35.7
2023-08-10,27.0036,27.1536,26.2535,26.2562,7941612,35
2023-08-11,26.2535,26.6286,25.8034,26.2562,7030336,35
2023-08-14,25.8785,26.5535,25.8785,26.2562,5024341,35
2023-08-15,26.4785,26.4785,25.9535,25.9561,5186756,34.6
2023-08-16,25.9535,26.6286,25.8034,26.0311,5919263,34.7
2023-08-17,26.0285,26.1785,25.5784,25.581,7087784,34.1
2023-08-18,25.5784,26.1785,23.1781,24.0057,12701402,32
2023-08-21,24.0032,24.7533,23.7032,24.6058,5205133,32.8
2023-08-22,24.7533,24.7533,23.3281,24.7558,4329512,33
2023-08-23,24.9033,25.0533,24.2282,24.5308,2782465,32.7
2023-08-24,24.4533,25.0533,24.3032,25.0559,3144419,33.4
2023-08-26,33.4,33.7,33,33.2,3088935,33.2
2023-08-28,24.9033,25.2784,24.9033,25.1309,3485725,33.5
2023-08-29,25.2034,26.3285,25.1284,26.1812,9004877,34.9
2023-08-30,26.2535,26.4785,25.8785,26.1812,4305400,34.9
2023-08-31,26.1785,26.8536,26.1785,26.6313,7680779,35.5
2023-09-05,26.7786,27.6037,26.7036,27.3814,8673636,36.5
2023-09-06,27.6037,27.8287,27.1536,27.4565,5776510,36.6
2023-09-07,27.4537,28.2788,27.3036,28.1316,10086753,37.5
2023-09-08,28.1288,28.2788,27.7537,27.8316,4276549,37.1
2023-09-11,28.4288,28.8789,26.8536,26.9313,8742023,35.9
2023-09-12,26.9286,27.6787,26.7036,27.6815,4764643,36.9
2023-09-13,27.9037,28.7288,27.6787,27.9066,8761864,37.2
2023-09-14,28.0537,28.8789,27.6037,28.4317,11574931,37.9
2023-09-18,29.5539,29.779,28.7288,28.8818,6187684,38.5
2023-09-20,29.3289,29.4789,29.0289,29.4069,5227511,39.2
2023-09-21,29.5539,29.779,28.6538,28.8068,7707330,38.4
2023-09-22,28.8789,29.1039,26.9286,27.9816,11223225,37.3
2023-09-25,27.9787,28.7288,26.7036,26.7063,7209775,35.6
2023-09-26,26.7036,28.0537,26.7036,27.0814,5758159,36.1
2023-09-27,27.1536,28.0537,26.9286,28.0566,5155369,37.4
2023-09-28,28.5038,29.629,28.2038,29.632,12535543,39.5
2023-09-29,29.779,30.079,28.9539,28.9568,6241840,38.6
2023-10-02,29.3289,29.3289,28.2788,28.4317,6232571,37.9
2023-10-03,28.3538,28.3538,26.7036,27.0064,12745298,36
2023-10-04,26.9286,28.3538,26.2535,27.9066,8834987,37.2
2023-10-05,27.6037,28.0537,27.3036,27.3064,5629452,36.4
2023-10-06,27.2286,27.8287,27.1536,27.6065,4150675,36.8
2023-10-09,27.7537,28.8789,27.7537,28.6567,5997732,38.2
2023-10-10,28.5788,28.8789,28.3538,28.3567,4664283,37.8
2023-10-11,28.3538,29.854,28.3538,29.557,9533035,39.4
2023-10-12,29.4789,29.5539,28.9539,29.2569,5948831,39
2023-10-13,29.1789,30.304,29.0289,29.932,9370861,39.9
2023-10-16,30.154,31.0541,29.704,30.5322,9977172,40.7
2023-10-17,30.6791,30.7541,28.5038,28.5067,8790331,38
2023-10-18,28.5038,29.2539,27.3036,28.8818,12492461,38.5
2023-10-19,28.8789,29.1789,27.6787,28.2066,6772143,37.6
2023-10-20,28.2788,29.1789,27.8287,29.1819,7225849,38.9
2023-10-23,29.1789,29.2539,28.2038,28.6567,4288439,38.2
2023-10-24,28.7288,29.1039,28.2038,28.5817,3103391,38.1
2023-10-25,28.1288,28.9539,28.1288,28.3567,3177458,37.8
2023-10-26,28.8141,28.8141,25.7569,27.2097,13041600,35.6
2023-10-30,28.6613,28.967,26.7505,26.7511,4928009,35
2023-10-31,26.7505,27.1327,24.0755,25.2224,10876181,33
2023-11-01,23.3112,25.9862,23.3112,25.8339,4197193,33.8
2023-11-02,26.0626,27.0562,25.9098,26.8275,5272924,35.1
2023-11-03,26.8269,27.2091,26.2155,26.6746,3936222,34.9
2023-11-06,26.6741,26.9034,25.6041,26.7511,3041956,35
2023-11-07,26.9798,27.897,26.4448,27.2097,5257735,35.6
2023-11-08,27.2091,28.432,26.7505,28.4326,5522524,37.2
2023-11-09,25.6041,28.7377,25.6041,28.1268,6847987,36.8
2023-11-10,26.8269,28.5084,26.8269,27.8976,5473591,36.5
2023-11-13,27.897,28.5848,27.7441,28.5854,5433994,37.4
2023-11-14,28.7377,29.1963,28.432,28.4326,3903122,37.2
2023-11-15,28.5084,29.1198,28.1262,28.2033,6046110,36.9
2023-11-16,28.2027,28.5848,27.9734,28.5854,4080518,37.4
2023-11-17,28.432,28.5848,27.6677,27.8211,8479079,36.4
2023-11-20,27.5148,28.2027,27.1327,27.974,3396886,36.6
2023-11-21,26.7505,29.4256,26.7505,29.4262,12381501,38.5
2023-11-22,29.4256,29.6548,28.8905,29.3498,4041347,38.4
2023-11-23,29.2727,29.9606,27.897,27.8976,8408565,36.5
2023-11-24,27.897,28.3555,27.5148,28.2797,4956646,37
2023-11-27,28.3555,28.8141,28.1262,28.3561,2798854,37.1
2023-11-28,28.3555,28.5848,28.0498,28.4326,2809208,37.2
2023-11-29,28.5084,30.1134,28.5084,29.8083,11727299,39
2023-11-30,29.8077,30.3427,29.502,29.5026,6867453,38.6
2023-12-01,29.502,30.1899,29.2727,29.6555,4441637,38.8
2023-12-04,29.8841,30.4191,29.8077,30.0376,7171053,39.3
2023-12-05,30.1899,31.4892,30.037,30.5727,9699539,40
2023-12-06,30.9542,30.9542,29.9606,30.7255,4775221,40.2
2023-12-07,30.7249,30.7249,29.4256,29.6555,9711531,38.8
2023-12-08,29.7313,30.037,29.3491,29.6555,3757767,38.8
2023-12-11,29.8077,30.1899,29.6548,30.1905,3120126,39.5
2023-12-12,27.2091,30.3427,27.2091,30.1141,1803684,39.4
2023-12-13,30.1899,30.1899,28.7377,28.9676,9666593,37.9
2023-12-14,29.1198,29.4256,28.8141,28.8147,2687979,37.7
2023-12-15,28.8905,29.2727,28.6613,28.6619,4550631,37.5
2023-12-18,28.6613,29.0434,28.5848,28.5854,1836780,37.4
2023-12-19,28.7377,28.967,28.3555,28.9676,2535686,37.9
2023-12-20,28.967,29.502,28.967,29.3498,3042948,38.4
2023-12-21,28.5848,29.5784,28.5848,29.1969,1334598,38.2
2023-12-22,29.0434,29.4256,29.0434,29.2733,1989148,38.3
2023-12-25,29.3491,29.8077,29.3491,29.4262,2391163,38.5
2023-12-26,29.4256,30.037,29.4256,29.6555,3087248,38.8
2023-12-27,29.8077,29.9606,29.5784,29.579,2966843,38.7
2023-12-28,29.8077,29.8077,29.1963,29.2733,2713216,38.3
2023-12-29,29.1198,29.3491,29.0434,29.044,2033213,38
2024-01-02,29.1963,29.502,28.967,28.9676,2322306,37.9
2024-01-03,28.967,29.1963,28.8141,29.1969,2267197,38.2
2024-01-04,29.2727,29.6548,29.1963,29.2733,4035709,38.3
2024-01-05,29.3491,29.5784,28.8141,29.1969,2030071,38.2
2024-01-08,29.4256,29.4256,28.6613,28.8147,4566011,37.7
2024-01-09,28.8141,28.8905,28.0498,28.1268,8862243,36.8
2024-01-10,28.2791,28.432,27.897,27.8976,4682232,36.5
2024-01-11,28.1262,28.432,27.8205,28.4326,3724918,37.2
2024-01-12,28.5084,28.7377,28.0498,28.1268,4258359,36.8
2024-01-15,28.2791,28.5084,28.1262,28.1268,2948219,36.8
2024-01-16,28.1262,28.3555,27.9734,28.3561,1582763,37.1
2024-01-17,28.3555,28.8141,27.2855,28.3561,3653530,37.1
2024-01-18,28.5084,28.5848,28.2027,28.3561,2697203,37.1
2024-01-19,28.5848,28.6613,28.2027,28.2033,4051035,36.9
2024-01-22,28.2027,28.432,27.9734,28.0504,2557059,36.7
2024-01-23,28.0498,28.5848,28.0498,28.3561,5694503,37.1
2024-01-24,28.5084,28.5848,28.2027,28.2033,1659413,36.9
2024-01-25,28.2027,28.432,28.0498,28.1268,1981773,36.8
2024-01-26,28.0498,28.5084,27.9734,28.2033,3149562,36.9
2024-01-29,28.2791,28.432,28.1262,28.2033,2022985,36.9
2024-01-30,28.2791,28.7377,28.2791,28.4326,4401841,37.2
2024-01-31,28.3555,28.5848,28.0498,28.0504,4054040,36.7
2024-02-01,28.1262,28.5084,27.897,28.2033,2435168,36.9
2024-02-02,28.2791,28.2791,28.0498,28.0504,3280993,36.7
2024-02-05,28.2027,28.3555,27.9734,28.0504,3791399,36.7
2024-02-06,28.2027,28.8141,28.0498,28.7383,9564654,37.6
2024-02-07,28.8905,28.8905,28.432,28.7383,3967554,37.6
2024-02-15,29.8077,29.8841,28.2791,28.5854,4739310,37.4
2024-02-16,28.0498,28.8141,28.0498,28.4326,4798817,37.2
2024-02-19,28.432,29.0434,28.3555,28.6619,6052533,37.5
2024-02-20,25.8333,29.0434,25.8333,28.509,5285602,37.3
2024-02-21,28.432,28.6613,28.2027,28.2033,5085745,36.9
2024-02-22,25.4512,28.8141,25.4512,28.2797,5245630,37
2024-02-23,27.9734,28.5084,27.5148,27.5154,8056844,36
2024-02-26,27.5148,27.7441,27.2091,27.5918,4443302,36.1
2024-02-27,27.897,27.9734,27.5148,27.8976,4760324,36.5
2024-02-28,27.897,29.4256,27.897,28.4326,12576757,37.2
2024-02-29,28.6613,28.7377,28.0498,28.1268,5190256,36.8
2024-03-01,28.2791,28.5084,27.9734,28.2033,5830248,36.9
2024-03-04,28.2027,28.8141,28.2027,28.509,7209237,37.3
2024-03-05,28.5084,28.6613,28.2791,28.509,3643722,37.3
2024-03-06,28.5084,29.1198,28.3555,28.6619,11295552,37.5
2024-03-07,28.6613,29.4256,28.6613,28.9676,11763285,37.9
2024-03-08,29.0434,29.1963,28.432,28.4326,6460239,37.2
2024-03-11,28.432,28.5084,27.6677,27.7447,9243475,36.3
2024-03-12,27.6677,27.9734,27.5912,27.7447,5277063,36.3
2024-03-13,27.5148,28.2027,25.6041,28.2033,5190132,36.9
2024-03-14,28.3555,29.7313,28.2791,28.9676,18212087,37.9
2024-03-15,29.0434,29.502,28.5848,28.9676,5382266,37.9
2024-03-18,28.967,29.2727,27.897,28.1268,8899297,36.8
2024-03-19,28.2791,28.7377,28.2027,28.4326,3315437,37.2
2024-03-20,28.432,28.7377,28.2791,28.7383,4227071,37.6
2024-03-21,28.5848,29.6548,28.5848,29.3498,14453784,38.4
2024-03-22,29.502,29.7313,29.0434,29.4262,7400223,38.5
2024-03-25,29.4256,30.8013,29.3491,29.7319,14048229,38.9
2024-03-26,27.0562,30.1134,27.0562,29.8848,6538530,39.1
2024-03-27,30.1899,30.8013,29.9606,29.9612,6957774,39.2
2024-03-28,30.1134,30.2663,29.4256,29.8083,6702297,39
2024-03-29,30.1899,30.572,29.9606,29.9612,6754269,39.2
2024-04-01,30.037,31.4892,30.037,31.1077,15239975,40.7
2024-04-02,30.8013,33.4763,30.6484,33.4006,16911545,43.7
2024-04-03,33.3999,33.7821,32.3299,32.7127,11510445,42.8
2024-04-04,32.712,33.9349,32.5592,32.7892,10832439,42.9
2024-04-05,32.8649,34.2406,32.2535,32.2542,13052226,42.2
2024-04-08,32.4828,32.9413,32.1006,32.1013,8502808,42
2024-04-09,31.7185,32.7885,31.7185,32.407,6126690,42.4
2024-04-10,32.4063,32.7885,31.5656,31.7191,7098995,41.5
2024-04-11,31.7185,32.712,31.2599,32.6363,8882913,42.7
2024-04-12,32.8649,32.8649,32.3299,32.8656,4524393,43
2024-04-15,33.0178,33.3999,29.6548,29.7319,17284090,38.9
2024-04-16,29.8077,30.4956,29.3491,30.4962,10890434,39.9
2024-04-17,30.572,30.572,29.502,29.5026,6717721,38.6
2024-04-19,29.4256,30.1899,29.1963,29.3498,10273658,38.4
2024-04-22,29.2727,30.037,29.0434,29.6555,4472591,38.8
2024-04-23,29.8077,30.037,28.432,29.1205,5899561,38.1
2024-04-24,29.1198,30.1134,29.1198,30.0376,5907068,39.3
2024-04-25,30.1899,30.1899,29.5784,30.0376,4712245,39.3
2024-04-26,29.9606,30.8013,29.4256,30.3434,7499144,39.7
2024-05-02,30.1899,30.4191,29.8841,30.0376,3312495,39.3
2024-05-03,29.8841,30.7249,29.8077,30.1141,6114639,39.4
2024-05-06,30.2663,31.0306,30.037,31.0312,5061372,40.6
2024-05-07,31.1834,31.3363,30.8013,31.1841,3554200,40.8
2024-05-08,31.107,33.4763,30.572,32.8656,15651545,43
2024-05-09,32.9413,33.3235,32.2535,32.4834,4066360,42.5
2024-05-10,32.4828,33.9349,32.177,33.5535,11070019,43.9
2024-05-13,33.6292,33.9349,33.0178,33.7064,7114366,44.1
2024-05-14,33.3235,33.8585,33.0942,33.2478,3782268,43.5
2024-05-15,33.2471,33.9349,33.1706,33.3242,4316057,43.6
2024-05-16,33.8585,35.1578,33.3999,34.8528,10934156,45.6
2024-05-17,34.8521,35.0814,34.6992,34.7764,3161166,45.5
2024-05-20,35.1578,36.6864,34.0878,34.1649,6302802,44.7
2024-05-21,34.1642,34.6992,33.7056,34.7,6644247,45.4
2024-05-22,35.0049,35.0049,33.7056,34.3942,6045627,45
2024-05-23,34.3171,35.6164,34.0878,35.0057,7282066,45.8
2024-05-24,35.0049,35.6928,32.8649,33.5535,11091196,43.9
2024-05-27,34.3171,34.3935,33.4763,34.3178,3710717,44.9
2024-05-28,32.1006,35.0049,32.1006,34.6235,4121927,45.3
2024-05-29,34.6228,34.9285,33.4763,33.7828,5911909,44.2
2024-05-30,33.6292,33.7821,30.6484,33.5535,8012419,43.9
2024-05-31,32.8649,33.6292,32.8649,33.1713,4016601,43.4
2024-06-03,33.2471,33.9349,33.0942,33.4771,5163093,43.8
2024-06-04,33.6292,34.5464,33.3235,33.7828,5843638,44.2
2024-06-05,33.8585,34.0878,33.1706,33.2478,4264945,43.5
2024-06-06,33.0178,33.9349,33.0178,33.3242,3043474,43.6
2024-06-07,33.4763,34.0114,33.3235,33.5535,3396382,43.9
2024-06-10,33.5528,34.3935,33.3999,33.7064,4407390,44.1
2024-06-11,33.8585,34.3935,33.6292,34.0121,3677421,44.5
2024-06-12,34.0878,34.7757,34.0878,34.7,5578626,45.4
2024-06-13,31.2599,35.0814,31.2599,34.6235,5867170,45.3
2024-06-14,36.1514,36.1514,33.3999,33.4006,7006193,43.7
2024-06-17,35.7692,35.7692,32.8649,32.942,4685022,43.1
2024-06-18,32.9413,33.4763,32.9413,33.3242,3307065,43.6
2024-06-19,33.4763,33.6292,33.0942,33.3242,2961350,43.6
2024-06-20,33.3999,33.7821,32.8649,33.0949,5124666,43.3
2024-06-21,33.3235,33.3235,32.8649,32.8656,3922174,43
2024-06-24,32.9413,33.2471,31.0306,31.6427,7432409,41.4
2024-06-25,32.1006,32.1006,31.4127,31.872,3125965,41.7
2024-06-26,31.8713,31.8713,31.1834,31.872,3686126,41.7
2024-06-27,31.8713,31.8713,31.4892,31.4898,1898634,41.2
2024-06-28,31.4892,31.7949,30.6484,31.0312,3338067,40.6
2024-07-01,31.0306,31.4892,30.8013,31.337,2194035,41
2024-07-02,31.3363,32.3299,31.3363,32.3306,3522960,42.3
2024-07-03,30.572,32.4828,30.572,32.1777,2038482,42.1
2024-07-04,32.2535,32.5592,32.0242,32.4834,2500140,42.5
2024-07-05,32.7885,32.8649,32.0242,32.6363,2928946,42.7
2024-07-08,32.6356,33.0178,32.3299,32.8656,2781704,43
2024-07-09,33.0178,33.8585,32.7885,33.7828,5689370,44.2
2024-07-10,33.7821,33.9349,33.0942,33.1713,2583214,43.4
2024-07-11,33.2471,33.4763,32.7885,32.8656,2734871,43
2024-07-12,32.9413,33.1706,32.5592,32.6363,2257888,42.7
2024-07-15,32.6356,33.0178,32.5592,32.8656,1587581,43
2024-07-16,32.8649,33.0942,32.4828,32.8656,1364992,43
2024-07-17,33.0178,33.0178,30.572,31.7191,3927767,41.5
2024-07-18,32.0242,32.4063,31.3363,32.407,2189263,42.4
2024-07-19,32.4063,32.5592,31.7949,32.3306,2454915,42.3
2024-07-22,32.3299,32.3299,31.107,31.337,2994114,41
2024-07-23,31.4127,31.642,30.8777,30.9548,2215552,40.5
2024-07-24,30.9542,31.5656,30.572,31.337,2685433,41
2024-07-25,31.107,31.3363,30.8013,31.337,1495724,41
2024-07-26,31.4127,31.9477,31.1834,31.9484,2541563,41.8
2024-07-29,31.7185,32.0242,31.2599,31.4898,2564172,41.2
2024-07-30,31.642,31.7185,30.9542,31.1077,1888202,40.7
2024-07-31,31.107,31.642,30.9542,31.0312,2439098,40.6
2024-08-01,30.7249,31.5656,30.2663,30.5727,5303335,40
2024-08-02,30.4191,30.7249,29.8841,30.5727,2973212,40
2024-08-05,30.572,30.572,27.6677,28.8912,7020236,37.8
2024-08-06,29.0434,29.4256,28.5084,29.3498,2514909,38.4
2024-08-07,28.2791,29.4256,28.2791,29.3498,1685016,38.4
2024-08-08,26.5212,29.4256,26.4448,29.044,1775914,38
2024-08-09,28.5084,29.502,28.5084,29.5026,2823601,38.6
2024-08-12,29.502,29.9606,29.502,29.9612,1760545,39.2
2024-08-13,30.1134,30.3427,29.3491,30.0376,2465218,39.3
2024-08-14,29.4256,30.037,29.4256,29.8083,1834148,39
2024-08-15,29.6548,29.6548,29.1963,29.579,1801950,38.7
2024-08-16,26.6741,30.4191,26.6741,30.2669,3420721,39.6
2024-08-19,30.2663,31.0306,30.1134,30.802,2832558,40.3
2024-08-20,28.2791,30.8013,27.7441,30.802,2164238,40.3
2024-08-21,30.8013,31.7949,30.8013,31.1077,4757326,40.7
2024-08-22,31.107,31.2599,30.6484,31.0312,2535665,40.6
2024-08-23,27.9734,31.0306,27.9734,30.8784,3048485,40.4
2024-08-26,31.107,31.4892,30.7249,30.7255,2810038,40.2
2024-08-27,30.9542,31.107,30.7249,30.7255,1623186,40.2
2024-08-28,27.6677,31.107,27.6677,30.7255,1766015,40.2
2024-08-29,27.6677,30.8777,27.6677,30.7255,1236217,40.2
2024-08-30,31.2599,31.2599,30.572,31.1841,2094891,40.8
2024-09-04,31.1834,31.2599,30.572,30.8784,2822884,40.4
2024-09-05,30.6484,30.9542,29.8077,30.5727,1670773,40
2024-09-06,29.8077,31.0306,28.5084,30.9548,2354372,40.5
2024-09-09,30.9542,31.8713,30.8013,31.1077,2854178,40.7
2024-09-10,31.107,31.3363,30.8013,31.1077,1866229,40.7
2024-09-11,30.9542,30.9542,30.572,30.9548,1098799,40.5
2024-09-12,31.0306,31.1834,30.8013,31.1077,1270353,40.7
2024-09-13,28.0498,31.107,28.0498,30.8784,1001611,40.4
2024-09-16,30.8777,31.0306,30.3427,30.5727,1840847,40
2024-09-17,29.8841,30.6484,29.4256,30.5727,1601315,40
2024-09-18,30.572,30.9542,30.572,30.7255,976866,40.2
2024-09-19,30.7249,31.107,30.7249,30.8784,1084921,40.4
2024-09-20,31.0306,32.0242,30.9542,31.7956,7407148,41.6
2024-09-23,31.7949,32.1006,31.5656,31.5663,1497930,41.3
2024-09-24,31.3363,31.7949,31.3363,31.7956,2867991,41.6
2024-09-25,31.9477,32.3299,31.7185,31.7956,3816509,41.6
2024-09-26,31.0306,32.177,31.0306,31.4898,5812652,41.2
2024-09-27,31.4892,31.5656,31.107,31.1077,3043569,40.7
2024-09-30,31.1834,31.2599,30.8777,31.0312,2749814,40.6
2024-10-01,31.0306,31.4127,30.8777,30.8784,3607266,40.4
2024-10-02,31.107,31.4892,31.107,31.1841,3279392,40.8
2024-10-03,31.3363,31.5656,30.7249,31.1841,2808614,40.8
2024-10-04,31.1834,32.177,31.1834,31.7191,6382817,41.5
2024-10-07,28.5848,32.2535,28.5848,32.1013,3376678,42
2024-10-08,32.1006,32.6356,31.7949,31.9484,4930925,41.8
2024-10-09,31.7185,31.8713,31.4127,31.5663,4151665,41.3
2024-10-10,31.7185,31.7185,31.4127,31.4134,3047461,41.1
2024-10-11,31.4127,31.7185,31.1834,31.2605,2990976,40.9
2024-10-14,31.1834,31.4892,30.8777,30.8784,3384394,40.4
2024-10-15,30.8777,31.0306,30.1134,30.1141,5631494,39.4
2024-10-16,30.1134,30.3427,29.8841,29.8848,1757681,39.1
2024-10-17,26.9034,30.1899,26.9034,30.1905,2261160,39.5
2024-10-18,27.2091,30.4191,27.2091,29.8083,1880501,39
2024-10-21,29.8077,29.8077,29.502,29.5026,1607523,38.6
2024-10-22,29.4256,29.7313,28.432,29.044,2561827,38
2024-10-23,28.5084,29.2727,28.5084,29.2733,1632183,38.3
2024-10-24,26.3684,29.502,26.3684,29.1969,1020353,38.2
2024-10-25,29.3491,29.4256,28.8905,28.8912,899679,37.8
2024-10-28,28.6613,29.1963,28.6613,28.9676,553910,37.9
2024-10-29,28.967,29.1198,28.6613,28.9676,1611187,37.9
2024-10-30,28.967,29.3491,28.8905,28.8912,1392395,37.8
2024-10-31,28.8905,29.0434,28.7377,28.8912,1236305,37.8
2024-11-01,28.7377,29.1963,28.7377,29.1205,1427789,38.1
2024-11-04,29.1198,29.1198,28.6613,28.9676,1234991,37.9
2024-11-05,28.967,29.1963,28.8141,28.8147,1479608,37.7
2024-11-06,28.967,29.1198,28.8141,29.1205,1687652,38.1
2024-11-07,29.3491,29.4256,29.0434,29.1205,1301914,38.1
2024-11-08,29.1963,29.502,29.0434,29.2733,1444145,38.3
2024-11-11,29.2727,29.2727,28.8141,29.044,1687415,38
2024-11-12,29.1198,29.1198,28.5084,28.8147,2882711,37.7
2024-11-13,29.0492,29.0492,27.4916,28.4263,3723377,36.5
2024-11-14,28.4262,28.4262,27.258,27.2581,2457038,35
2024-11-15,24.7658,27.5695,24.7658,26.4793,5353190,34
2024-11-18,24.1428,26.4792,24.1428,26.4014,1763567,33.9
2024-11-19,25.7004,26.635,24.0649,26.012,1637652,33.4
2024-11-20,24.9216,26.1677,24.9216,25.7784,2609845,33.1
2024-11-21,25.0774,26.2456,25.0774,26.1678,2170182,33.6
2024-11-22,26.2456,26.3234,25.8562,25.9341,1954342,33.3
2024-11-25,25.7004,26.7128,25.0774,26.635,2011539,34.2
2024-11-26,26.3234,26.635,26.2456,26.4014,2284032,33.9
2024-11-27,26.5571,26.5571,26.2456,26.4793,698001,34
2024-12-09,26.4792,26.7907,26.4792,26.7129,1847530,34.3
2024-12-10,26.7907,26.8686,26.5571,26.7129,1840438,34.3
2024-12-11,26.7128,26.7907,26.4013,26.635,1936697,34.2
2024-12-12,26.4792,26.7907,26.4792,26.4793,1856539,34
2024-12-13,26.4013,26.4792,26.0119,26.3235,1768900,33.8
2024-12-16,26.3234,26.4792,26.0898,26.1678,1150786,33.6
2024-12-17,26.2456,26.4013,25.7783,25.7784,2262292,33.1
2024-12-18,25.7004,26.9465,25.7004,26.5572,3349670,34.1
2024-12-19,26.5571,27.0244,26.3234,27.0244,4820432,34.7
2024-12-20,27.0244,27.1022,26.5571,26.635,2468554,34.2
2024-12-23,26.7128,26.9465,26.4792,26.4793,2720392,34
2024-12-24,23.8313,26.635,23.8313,26.2456,1920958,33.7
2024-12-25,23.6755,26.7128,23.6755,26.4793,2488522,34
2024-12-26,26.2456,26.9465,26.2456,26.4014,2206578,33.9
2024-12-27,26.3234,26.635,26.2456,26.635,2118321,34.2
2024-12-30,26.4792,26.635,26.1677,26.4793,1147725,34
2024-12-31,26.4792,26.5571,26.3234,26.4014,1638706,33.9
2025-01-02,26.4013,26.4792,26.2456,26.3235,1047113,33.8
2025-01-03,26.4792,26.7128,26.4013,26.4793,2252344,34
2025-01-06,26.4792,26.635,26.0119,26.012,2077214,33.4
2025-01-07,25.7783,26.1677,24.7658,24.9995,3168143,32.1
2025-01-08,24.9995,25.2331,24.688,24.9995,2249495,32.1
2025-01-09,22.5073,25.311,22.5073,25.0774,932532,32.2
2025-01-10,23.364,25.4668,23.1304,24.9217,1879543,32
2025-01-13,24.6101,25.3889,24.5322,25.389,2097534,32.6
2025-01-14,25.3889,25.4668,24.8437,24.9995,983554,32.1
2025-01-15,24.5322,25.0774,22.9746,24.688,2259217,31.7
2025-01-16,22.2737,25.1552,22.2737,24.7659,1457978,31.8
2025-01-17,24.7658,25.4668,24.7658,25.389,2052487,32.6
2025-01-20,25.5446,26.0119,25.4668,25.5447,4548504,32.8
2025-01-21,24.688,25.8562,24.688,25.7784,1794532,33.1
2025-01-22,25.934,26.0119,25.4668,25.8562,1835829,33.2
2025-01-23,25.7783,26.0119,25.6225,26.012,1872952,33.4
2025-01-24,26.0119,26.0119,25.6225,25.7005,2465495,33
2025-02-04,23.0525,25.6225,23.0525,25.6226,1043538,32.9
2025-02-05,23.364,26.4013,23.364,26.0899,3075505,33.5
2025-02-06,26.0898,26.4013,26.0119,26.2456,1951501,33.7
2025-02-07,26.3234,26.4792,26.1677,26.2456,2457986,33.7
2025-02-10,26.0119,26.635,26.0119,26.012,2417769,33.4
2025-02-11,26.0898,26.2456,25.8562,26.1678,1514227,33.6
2025-02-12,26.2456,26.635,26.0898,26.4014,2230539,33.9
2025-02-13,26.4792,26.5571,26.1677,26.4793,1905228,34
2025-02-14,26.4792,27.1801,26.4792,26.7908,5256940,34.4
2025-02-17,26.7907,27.1022,26.5571,26.7908,1833123,34.4
2025-02-18,26.8686,27.1022,26.5571,26.8687,2000612,34.5
2025-02-19,27.0244,27.1801,26.7907,26.9466,2580411,34.6
2025-02-20,26.9465,27.3359,26.8686,26.8687,1879836,34.5
2025-02-21,26.8686,26.9465,26.5571,26.7129,1377448,34.3
2025-02-24,26.7128,27.1801,26.5571,27.0244,2190408,34.7
2025-02-25,27.0244,27.4916,26.9465,27.1023,4151679,34.8
2025-02-26,27.1801,27.3359,26.9465,27.1023,1652718,34.8
2025-02-27,27.1022,27.3359,26.9465,27.336,2090236,35.1
2025-02-28,27.258,28.0368,27.258,27.7254,4800869,35.6
2025-03-03,27.8032,27.881,27.4916,27.4917,1411841,35.3
2025-03-04,26.9465,27.6474,26.9465,27.2581,2416223,35
2025-03-05,27.4138,27.4138,26.8686,26.8687,1813555,34.5
2025-03-06,26.9465,27.0244,26.3234,26.7129,4686148,34.3
2025-03-07,26.7907,26.9465,26.5571,26.5572,2512757,34.1
2025-03-10,26.4792,26.7907,26.4013,26.4014,2583007,33.9
2025-03-11,26.4013,26.4013,26.0898,26.1678,3040130,33.6
2025-03-12,26.2456,26.4013,26.0119,26.3235,3131002,33.8
2025-03-13,26.3234,26.4013,25.7783,25.8562,2648401,33.2
2025-03-14,25.8562,25.934,25.1552,25.3111,4454715,32.5
2025-03-18,25.6225,26.2456,25.6225,25.8562,2432240,33.2
2025-03-19,23.5976,25.934,23.5976,25.4668,1258217,32.7
2025-03-20,25.5446,25.6225,25.0774,25.4668,1278505,32.7
2025-03-21,25.6225,25.934,25.3889,25.7005,1741290,33
2025-03-24,25.7004,25.7783,25.2331,25.389,1744370,32.6
2025-03-25,22.8967,25.7783,22.8967,25.389,1550282,32.6
2025-03-26,25.3889,25.934,25.2331,25.389,2303314,32.6
2025-03-27,25.4668,25.7004,25.1552,25.2332,1757633,32.4
2025-03-28,24.9216,25.3889,24.6101,24.8438,2398920,31.9
2025-03-31,24.8437,24.8437,23.987,23.9871,3395380,30.8
2025-04-01,21.8064,24.5322,21.8064,24.2986,2022986,31.2
2025-04-02,24.2207,24.5322,24.1428,24.1429,1418885,31
2025-04-03,23.7534,23.9092,21.7285,21.7286,6978483,27.9
2025-04-04,20.3267,21.7285,19.6258,20.4825,12068430,26.3
2025-04-08,20.2488,20.3267,18.4576,18.4576,4648485,23.7
2025-04-09,16.6663,18.4576,16.6663,16.6664,14314239,21.4
2025-04-10,18.3018,18.3018,18.3018,18.3019,229084,23.5
2025-04-11,16.7442,19.7815,16.7442,18.847,10036206,24.2
2025-04-14,16.9778,20.6382,16.9778,20.0931,9758296,25.8
2025-04-15,20.1709,20.4046,19.3921,19.4701,4500804,25
2025-04-16,19.47,20.0152,19.1585,19.4701,4947324,25
2025-04-17,19.47,19.7815,19.0027,19.7816,4578758,25.4
2025-04-18,19.9373,20.7161,19.9373,20.2489,6037210,26
2025-04-21,20.6382,21.1055,20.2488,20.9498,4883721,26.9
2025-04-22,20.9497,21.0276,18.9248,20.6383,7757036,26.5
2025-04-23,20.6382,21.2612,20.5603,20.7161,2773626,26.6
2025-04-24,21.0276,21.1055,20.2488,20.4825,2734456,26.3
2025-04-25,20.4824,20.8718,20.2488,20.3267,2731936,26.1
2025-04-28,20.3267,20.5603,20.1709,20.171,2062339,25.9
2025-04-29,20.2488,20.3267,19.8594,19.9373,2407389,25.6
2025-05-05,19.6258,0,19.6258,20.2489,3468700,26
2025-05-06,20.2488,20.794,20.2488,20.4825,3944100,26.3
2025-05-07,20.5603,21.1834,20.5603,20.7161,5039700,26.6
2025-05-08,20.794,21.1055,20.5603,21.0277,4787500,27
2025-05-09,21.1055,21.3391,20.7161,20.7161,2607900,26.6
2025-05-12,20.8718,21.417,20.6382,21.4171,4260800,27.5
2025-05-13,21.4949,21.9622,21.417,21.4171,4452500,27.5
2025-05-14,21.5728,21.9622,21.417,21.8065,4037100,28
2025-05-15,21.8843,21.8843,21.3391,21.7286,3062200,27.9
2025-05-16,21.7285,21.8843,21.3391,21.4171,2776500,27.5
2025-05-19,21.417,21.5728,21.1055,21.1055,2507600,27.1
2025-05-20,21.1055,21.3391,21.0276,21.1055,2456700,27.1
2025-05-21,21.417,22.1958,20.7161,20.8719,3478600,26.8
2025-05-22,20.9497,20.9497,20.4046,20.4825,4088700,26.3
2025-05-23,20.4824,20.6382,20.1709,20.2489,3401000,26
2025-05-26,20.3267,21.1055,20.0152,20.9498,3743600,26.9
2025-05-27,20.9497,21.417,20.9497,21.1834,4271600,27.2
2025-05-28,21.3391,22.9746,21.2612,22.5853,9089400,29
2025-05-29,22.5852,22.9746,22.1958,22.1959,3496200,28.5
2025-05-30,22.4294,22.4294,21.417,21.4171,5579400,27.5
2025-06-02,21.417,23.5198,21.3391,23.5198,8506200,30.2
2025-06-03,24.1428,25.8562,23.6755,23.7535,7414000,30.5
2025-06-04,23.9092,25.0774,23.9092,24.6101,7969900,31.6
2025-06-05,24.9216,25.934,24.1428,25.3111,9038800,32.5
2025-06-06,25.311,26.2456,25.0774,25.4668,10426600,32.7
2025-06-09,25.4668,26.0119,25.0774,25.8562,7558900,33.2
2025-06-10,25.8562,26.0119,24.9995,25.2332,5958400,32.4
2025-06-11,25.2331,25.4668,24.688,25.3111,5170300,32.5
2025-06-12,25.6225,26.2456,25.3889,25.389,7153600,32.6
2025-06-13,26.0898,27.1801,25.8562,27.1023,17082900,34.8
2025-06-16,27.258,28.8156,27.1022,28.6599,12114600,36.8
2025-06-17,28.7377,28.8156,27.1022,27.8032,11558400,35.7
2025-06-18,28.1926,28.6598,27.6474,27.959,9501400,35.9
2025-06-19,28.0368,28.0368,27.1022,27.6475,7665500,35.5
2025-06-20,27.6474,28.2704,26.7128,27.0244,10701000,34.7
2025-06-23,26.8686,28.6598,26.8686,27.336,13097700,35.1
2025-06-24,27.3359,27.3359,25.6225,25.7005,14561600,33
2025-06-25,25.7004,26.0898,25.1552,25.3111,8913800,32.5
2025-06-26,25.311,25.6225,24.9995,25.389,4267500,32.6
2025-06-27,25.3889,25.5446,24.9995,24.9995,5613000,32.1
2025-06-30,24.9995,25.6225,24.5322,25.6226,11047600,32.9
2025-07-01,24.688,25.7004,23.2082,24.9995,4909400,32.1
2025-07-02,24.9995,25.1552,24.7658,25.0774,3759200,32.2
2025-07-03,25.1552,25.5446,24.8437,24.9995,6199700,32.1
2025-07-04,24.9995,25.311,24.9216,25.0774,3641800,32.2
2025-07-07,25.2331,25.311,24.9216,24.9995,5507200,32.1
2025-07-08,25.0774,25.5446,25.0774,25.389,5375400,32.6
2025-07-09,25.3889,25.934,25.3889,25.5447,6341700,32.8
2025-07-10,25.6225,26.3234,25.3889,26.1678,10242600,33.6
2025-07-11,26.2456,26.2456,25.7004,25.7784,5104900,33.1
2025-07-14,25.8562,26.1677,25.7004,25.9341,5209900,33.3
2025-07-15,25.934,26.4013,25.7783,25.7784,6895000,33.1
2025-07-16,25.7783,25.8562,25.6225,25.7005,4036800,33
2025-07-17,25.7783,26.4792,25.7004,26.012,7573200,33.4
2025-07-18,26.0898,26.8686,26.0119,26.635,10071500,34.2
2025-07-21,26.635,27.0244,26.0119,26.012,5835900,33.4
2025-07-22,26.0898,26.2456,25.7783,26.012,4717300,33.4
2025-07-23,26.0898,26.5571,25.8562,26.3235,7978700,33.8
2025-07-24,26.5571,27.258,26.4013,26.9466,11485500,34.6
2025-07-25,27.0244,27.4916,26.7128,26.7129,7929800,34.3
2025-07-28,26.7128,27.0244,26.4792,26.635,9133700,34.2
2025-07-29,26.635,27.881,26.635,26.635,16630400,34.2
2025-07-30,26.7907,27.4138,26.635,27.336,9682500,35.1
2025-07-31,27.4916,28.2704,26.635,26.7129,11136000,34.3
2025-08-01,26.7128,27.3359,26.7128,26.8687,7809400,34.5
2025-08-04,27.1022,27.1022,26.3234,26.5572,6199900,34.1
2025-08-05,26.5571,26.9465,25.7004,26.0899,10946800,33.5
2025-08-06,26.0898,27.4138,25.7783,26.9466,7552900,34.6
2025-08-07,26.9465,27.4138,26.7128,26.9466,5160800,34.6
2025-08-08,26.9465,29.5944,26.9465,29.3608,27229400,37.7
2025-08-11,29.5944,30.0617,28.8156,29.1272,7682200,37.4
2025-08-12,29.9838,30.3732,28.8156,29.5166,10117900,37.9
2025-08-13,29.5165,29.6723,28.3483,28.582,13267000,36.7
2025-08-14,28.582,29.205,28.2704,29.2051,9266700,37.5
2025-08-15,29.205,29.9838,28.4262,28.7378,10840700,36.9
2025-08-18,28.8156,29.7502,28.6598,28.9714,9037000,37.2
2025-08-19,28.9714,29.7502,28.6598,28.8157,8167600,37
2025-08-20,28.8935,29.1271,26.8686,27.4917,11659900,35.3
2025-08-21,27.6474,27.881,27.1022,27.2581,6646000,35
2025-08-22,27.258,27.9589,26.4013,26.635,8055100,34.2
2025-08-25,26.7128,27.0244,25.6225,25.7005,6012000,33
2025-08-26,25.7004,26.3234,25.4668,26.2456,4433100,33.7
2025-08-27,26.2456,27.1022,26.0898,26.7908,5185500,34.4
2025-08-28,26.7128,26.9465,26.3234,26.4793,3593200,34
2025-08-29,26.4792,26.7128,26.3234,26.4014,4788900,33.9
2025-09-03,26.5571,27.4916,26.5571,27.336,4368600,35.1
2025-09-04,27.6474,27.6474,27.1801,27.336,5283200,35.1
2025-09-05,27.3359,28.1147,27.1022,27.336,7569400,35.1
2025-09-08,27.4138,27.6474,26.2456,26.2456,5565800,33.7
2025-09-09,26.2456,26.5571,26.1677,26.3235,2548900,33.8
2025-09-10,26.635,27.1022,26.4792,26.7129,3514900,34.3
2025-09-11,26.9465,27.1801,26.4013,26.635,3119800,34.2
2025-09-12,26.7907,27.881,26.635,27.5696,6643000,35.4
2025-09-15,27.5695,28.0368,27.3359,27.5696,3609000,35.4
2025-09-16,27.881,28.1147,27.258,27.336,5054300,35.1
2025-09-17,27.7253,28.1926,27.4138,27.5696,6285900,35.4
2025-09-18,27.5695,27.7253,26.9465,27.0244,3205000,34.7
2025-09-19,27.0244,27.3359,26.8686,26.8687,2181300,34.5
2025-09-22,26.9465,27.1022,26.1677,26.3235,3661000,33.8
2025-09-23,26.3234,26.7128,26.3234,26.3235,1127000,33.8
2025-09-24,26.4792,26.7907,26.1677,26.4793,2343800,34
2025-09-25,26.635,27.0244,26.635,26.7908,2532500,34.4
2025-09-26,26.9465,26.9465,26.4013,26.4014,2657500,33.9
2025-09-29,26.2456,26.7128,26.2456,26.2456,1627500,33.7
2025-09-30,26.2456,26.4013,25.311,25.5447,4914400,32.8
2025-10-01,25.5446,25.7783,25.4668,25.5447,1955700,32.8
2025-10-02,25.6225,25.7783,25.1552,25.3111,2063000,32.5
2025-10-03,25.311,25.3889,24.4543,24.5323,4103800,31.5
2025-10-06,24.5322,25.311,24.5322,25.1553,2519800,32.3
2025-10-07,25.311,25.6225,24.9216,24.9217,2474900,32
2025-10-08,25.6225,25.7004,24.9995,25.2332,1738300,32.4
2025-10-09,25.3889,26.0898,24.9995,26.012,4451600,33.4
2025-10-10,25.934,26.1677,25.5446,25.5447,2405400,32.8
2025-10-13,25.5446,25.5446,24.7658,24.8438,5028100,31.9
2025-10-14,24.8437,25.311,24.2986,24.4544,5934800,31.4
2025-10-15,24.5322,24.6101,23.6755,23.7535,6017300,30.5
2025-10-16,23.7534,24.4543,23.5976,24.2207,4263200,31.1
2025-10-17,24.2986,24.2986,23.6755,23.6756,2994400,30.4
2025-10-20,23.6755,23.987,21.9622,21.9622,5477300,28.2
2025-10-21,21.9622,22.8967,21.9622,22.5853,5025100,29
2025-10-22,22.6631,23.5976,22.5852,23.5977,3748200,30.3
2025-10-23,23.9092,24.6101,23.7534,23.9092,3955000,30.7
2025-10-24,24.0649,25.0774,24.0649,24.2986,5940700,31.2
2025-10-27,24.5322,25.2331,23.987,24.1429,2434700,31
2025-10-28,24.1428,24.688,23.0525,24.5323,4388500,31.5
2025-10-29,24.5322,25.1552,24.5322,24.8438,3547100,31.9
2025-10-30,24.9216,25.4668,24.6101,25.1553,4537600,32.3
2025-10-31,25.1552,26.635,24.9995,25.5447,8591200,32.8
2025-11-03,25.5446,26.3234,25.311,25.3111,3769200,32.5
2025-11-04,25.311,25.3889,24.1428,25.0774,5325100,32.2
2025-11-05,25.1552,27.1801,24.9216,26.5572,16695700,34.1
2025-11-06,26.7128,27.258,26.0119,26.8687,6846200,34.5
2025-11-07,26.8686,27.4916,26.0898,26.4793,10358500,34
2025-11-10,26.4792,26.635,25.7783,25.7784,5453400,33.1
2025-11-11,25.8562,26.0119,25.1552,25.389,3448200,32.6
2025-11-12,25.3889,26.0898,25.3889,25.9341,3168400,33.3
2025-11-13,25.8562,27.7253,25.5446,26.9466,13535500,34.6
2025-11-14,27.0244,27.8032,26.9465,27.4138,7336300,35.2
2025-11-17,27.3359,27.881,26.8686,27.4138,5281100,35.2
2025-11-18,27.258,27.5695,26.8686,27.1023,5395800,34.8
2025-11-19,27.1022,27.5695,26.9465,26.9466,4427400,34.6
2025-11-20,26.8686,27.1801,26.0898,26.7908,2562200,34.4
2025-11-21,26.4792,26.8686,25.934,26.2456,4158500,33.7
2025-11-24,26.2456,26.5571,25.7783,25.7784,2940000,33.1
2025-11-25,25.7783,26.3234,25.7004,25.8562,3380800,33.2
2025-11-26,25.934,26.4792,25.8562,26.3235,2986900,33.8
2025-11-27,26.9957,27.329,26.4958,26.4989,3382200,31.8
2025-11-28,26.4989,27.5822,26.4989,26.8323,5136500,32.2
2025-12-01,26.9989,27.3322,26.6656,26.6656,2195100,32
2025-12-02,26.7457,27.329,26.6624,27.3322,4116900,32.8
2025-12-03,27.3322,28.1655,26.9156,27.0823,5544200,32.5
2025-12-04,27.079,27.8289,26.829,27.5822,4375000,33.1
2025-12-05,27.9955,28.1622,26.9957,26.9989,4334800,32.4
2025-12-08,27.079,27.1623,26.2458,26.4989,3714500,31.8
2025-12-09,26.4989,26.5823,25.6656,25.8323,3630800,31
2025-12-10,25.8292,26.3291,25.8292,26.1656,1688300,31.4
2025-12-11,26.4156,26.5823,26.0823,26.0823,1741700,31.3
2025-12-12,26.1656,26.1656,25.0823,25.1657,4171600,30.2
2025-12-15,25.1657,25.9156,23.4991,25.8323,2849100,31
2025-12-16,25.8292,27.079,25.4959,26.7489,4177000,32.1
2025-12-17,26.9124,27.8289,26.4958,26.9989,5683000,32.4
2025-12-18,26.9957,27.329,26.7457,27.3322,2884500,32.8
2025-12-19,27.3322,27.5822,26.9156,26.9156,3546200,32.3
2025-12-22,26.9957,27.6622,26.9124,27.5822,5530300,33.1
2025-12-23,27.6656,28.8322,27.4156,28.4989,11868300,34.2
2025-12-24,28.4989,28.6655,27.9989,27.9989,6134100,33.6
2025-12-25,27.9955,28.4954,26.9957,26.9989,5052600,32.4
2025-12-26,26.9957,28.2455,26.829,28.0822,5611700,33.7
2025-12-29,28.1622,29.9119,28.0788,29.2488,11597700,35.1
2025-12-30,29.2488,29.4988,28.5822,28.8322,3842100,34.6
2025-12-31,28.9155,29.0822,28.3322,28.5822,3494200,34.3
2026-01-05,29.0822,30.4155,28.6655,29.5822,12212500,35.5
2026-01-06,29.6619,30.4951,29.412,29.8321,8890600,35.8
2026-01-07,29.9155,30.4988,29.4988,29.9988,8480700,36
2026-01-08,30.0821,31.9154,30.0821,30.9988,16619700,37.2
2026-01-09,31.6616,32.1615,30.4118,30.5821,6352000,36.7
2026-01-12,30.5821,31.2488,29.1655,29.9988,13362100,36
2026-01-13,29.9988,32.9987,29.9988,32.9987,14655800,39.6
2026-01-14,32.9987,35.8319,32.9987,33.582,15519000,40.3
2026-01-15,33.578,34.5778,32.4948,33.082,11529400,39.7
2026-01-16,33.1653,33.7487,32.0821,32.0821,10250500,38.5
2026-01-19,32.0821,33.1653,31.8321,32.9154,7066000,39.5
2026-01-20,32.8281,33.2447,31.9949,31.9987,7935100,38.4
2026-01-21,32.0782,34.4945,31.1617,34.4986,13970700,41.4
2026-01-22,34.4153,35.4153,33.332,33.4987,9470300,40.2
2026-01-23,34.1612,34.1612,31.9116,32.2487,8619800,38.7
2026-01-26,32.3282,33.7446,31.8282,32.832,9207000,39.4
2026-01-27,32.8281,34.8278,32.0782,33.9986,12369800,40.8
2026-01-28,33.9986,37.3318,33.9986,36.2486,29429500,43.5
2026-01-29,36.6652,37.3318,34.9153,36.2486,9737100,43.5
2026-01-30,36.2442,39.827,36.2442,37.8318,11340600,45.4
2026-02-02,37.8273,40.3269,36.9108,40.0817,12727300,48.1
2026-02-03,40.0769,40.8268,37.494,38.9151,12274700,46.7
2026-02-04,39.1604,39.4104,37.8273,38.9151,8077100,46.7
2026-02-05,38.9151,39.4984,37.6652,37.9985,9096900,45.6
2026-02-06,37.9939,38.8271,35.3277,36.9985,16289400,44.4
2026-02-09,38.8318,38.8318,36.9985,38.2485,5106000,45.9
2026-02-10,38.2485,38.8318,34.4986,35.1653,14132500,42.2
2026-02-11,35.2444,35.7443,34.4945,35.6652,7412300,42.8
2026-02-12,35.7486,37.4985,35.7486,36.5819,6036000,43.9
2026-02-13,36.5819,36.9152,35.6652,36.9152,4602800,44.3
2026-02-23,36.9108,39.827,36.9108,39.4984,8733200,47.4
2026-02-24,39.4984,39.9984,38.6651,39.1651,8178000,47
2026-02-25,39.2484,40.7484,38.3318,39.1651,9697000,47
2026-02-26,39.5818,39.5818,37.9152,38.5818,7490200,46.3
2026-02-27,38.5772,41.1601,38.3272,39.4984,9753000,47.4
2026-03-02,40.1602,43.4097,39.9103,43.4149,16114700,52.1
2026-03-03,44.9982,46.9981,41.2484,45.4982,19600600,54.6
2026-03-04,45.5815,46.6648,42.165,43.3316,14433900,52
2026-03-05,43.4983,45.8315,39.1651,42.4983,24138100,51
2026-03-06,42.4983,44.9982,41.2484,42.4983,15319500,51
2026-03-09,43.1649,46.7481,38.2485,38.2485,19670400,45.9
2026-03-10,38.2485,38.9984,34.4986,35.1653,20948800,42.2
2026-03-11,34.9986,37.4985,33.1653,37.4985,8418800,45
2026-03-12,38.3318,38.8318,35.4153,36.2486,8653200,43.5
2026-03-13,36.3319,37.8318,33.082,33.332,17306800,40
2026-03-16,33.578,35.0777,32.3282,34.8319,12102200,41.8
2026-03-17,34.9986,35.1653,33.332,33.332,5415900,40
2026-03-18,33.332,36.6652,32.9987,35.8319,11997800,43
2026-03-19,35.8319,36.6652,34.4986,35.7486,7489600,42.9
2026-03-20,35.8319,35.9152,32.9987,33.332,9609700,40
2026-03-23,33.332,34.332,32.2487,33.7487,6538600,40.5
2026-03-24,34.4153,34.582,33.4987,34.1653,4744900,41
2026-03-25,34.1653,36.1652,32.9154,35.1653,7282100,42.2
2026-03-26,35.4153,35.4986,33.9153,34.9986,5057500,42
2026-03-27,35.411,35.9109,34.8278,35.6652,5938400,42.8
2026-03-30,35.9942,36.9108,35.411,35.6652,5262900,42.8
2026-03-31,35.6652,35.9986,33.9153,34.082,7568200,40.9
2026-04-01,34.582,34.7486,33.2487,33.4987,7800600,40.2
2026-04-02,33.332,34.4153,33.332,33.4987,3282400,40.2
2026-04-03,33.7446,34.2445,33.4113,33.6653,3995400,40.4
2026-04-06,33.6613,33.9112,31.3283,31.4987,6957300,37.8
2026-04-07,31.5783,31.9949,30.4951,31.1654,4711000,37.4
2026-04-08,30.6654,32.4154,30.6654,31.8321,6116100,38.2
2026-04-09,31.8321,32.332,29.1655,31.2488,3760600,37.5
2026-04-10,31.1654,33.7487,30.8321,32.9987,6848600,39.6
2026-04-13,33.082,33.7487,32.582,32.7487,2809400,39.3
2026-04-14,32.9987,33.1653,32.1654,32.1654,3967200,38.6
2026-04-15,31.6616,32.9114,30.1618,32.2487,3447500,38.7
2026-04-16,32.2487,32.7487,31.9154,31.9154,2636100,38.3
2026-04-17,32.3282,32.9114,31.7449,32.2487,3025600,38.7
2026-04-20,29.4155,32.7487,29.4155,31.9154,2083300,38.3
2026-04-21,31.9154,32.6654,31.4987,32.0821,3266400,38.5
2026-04-22,32.0821,32.4987,31.6654,31.6654,2223600,38
2026-04-23,31.7449,32.1615,30.2452,31.1654,5585100,37.4
2026-04-24,31.1617,32.5781,31.1617,31.7487,2895400,38.1
2026-04-28,31.8321,32.1654,30.1655,30.1655,4207600,36.2
2026-04-29,30.1655,31.9154,29.2488,31.6654,4812500,38
2026-05-04,32.1654,33.1653,31.7487,32.7487,5570600,39.3
2026-05-05,32.7448,33.9112,32.2448,33.6653,5808300,40.4
2026-05-06,33.6653,34.4153,33.332,33.4987,4895000,40.2
2026-05-07,33.4153,33.7487,32.332,32.4154,4279200,38.9
2026-05-08,32.4115,32.7448,31.8282,32.2487,2687100,38.7
2026-05-11,32.1615,33.6613,31.7449,33.082,4403300,39.7
2026-05-12,33.082,33.7487,32.582,33.332,3863500,40
2026-05-13,33.6653,35.2486,33.082,34.1653,8739500,41
2026-05-14,34.1653,34.6653,33.582,33.7487,3299000,40.5
2026-05-15,33.7487,34.6653,33.4987,34.1653,4930200,41
2026-05-18,34.2486,36.6652,34.1653,35.4153,10693000,42.5
2026-05-19,35.3319,36.0819,32.832,33.332,9594300,40
2026-05-20,33.332,34.4153,31.6654,34.332,5473000,41.2
2026-05-21,34.3278,34.3278,33.4946,33.6653,2215500,40.4
2026-05-22,33.582,33.832,32.9154,33.2487,2735100,39.9
2026-05-25,33.2487,33.2487,31.5821,31.6654,6415000,38
2026-05-26,31.5821,32.2487,31.5821,32.0821,1641200,38.5
2026-05-27,32.4154,32.832,32.0821,32.0821,1910200,38.5
2026-05-28,31.8282,32.5781,31.8282,32.2487,2632200,38.7
2026-05-29,32.1654,32.832,31.8321,32.4987,2821400,39
2026-06-01,32.4987,32.832,32.1654,32.1654,914700,38.6
2026-06-02,31.8282,32.4948,31.495,31.4987,2093300,37.8
2026-06-03,31.4987,32.0821,31.4154,32.0821,1521900,38.5
2026-06-04,32.0821,33.2487,32.0821,32.4987,2604100,39
2026-06-05,32.4948,32.6614,32.0782,32.2487,1247800,38.7
2026-06-08,32.2487,32.4154,31.6654,31.6654,2074300,38
2026-06-09,31.6654,31.9987,31.2488,31.6654,1336500,38
2026-06-10,31.8321,32.1654,31.7487,31.8321,1184200,38.2
2026-06-11,32.4987,32.6654,31.6654,32.1654,2294800,38.6
2026-06-12,31.6654,32.332,31.6654,32.0821,1081900,38.5
2026-06-15,32.0782,32.0782,30.8284,31.1654,3786800,37.4
2026-06-16,30.9117,31.495,30.8284,31.4987,2234400,37.8
2026-06-17,31.2488,31.8321,31.1654,31.6654,1284600,38
2026-06-18,31.6654,32.582,31.2488,32.4987,4201900,39
2026-06-19,32.4987,32.6654,32.0821,32.4987,2042300,39
2026-06-22,32.4987,33.582,32.4154,32.9987,3415000,39.6
2026-06-23,32.7448,32.9114,31.495,31.4987,3854800,37.8
2026-06-24,31.495,32.4948,31.245,32.332,2038500,38.8
2026-06-25,31.4154,32.332,31.4154,31.6654,1078900,38
2026-06-26,31.6654,31.9987,31.2488,31.2488,1603500,37.5
2026-06-29,31.4154,32.332,31.4154,32.0821,2102200,38.5
2026-06-30,31.7449,32.1615,31.6616,31.7487,1405500,38.1
2026-07-01,31.5821,32.6654,31.5821,32.4154,1599200,38.9
2026-07-02,32.332,32.4987,31.9154,32.0821,1292000,38.5
2026-07-03,32.0782,32.3282,31.5783,31.7487,1436200,38.1
2026-07-06,31.6616,31.9116,30.1618,30.3321,4149700,36.4
2026-07-07,30.3321,30.5821,29.5822,29.9988,3162200,36
2026-07-08,29.9952,30.9117,29.9952,30.5821,1371700,36.7
2026-07-09,30.8321,31.4987,30.6654,31.3321,2851000,37.6
2026-07-10,31.3321,31.3321,30.1655,30.1655,1779700,36.2
2026-07-13,30.2488,30.9154,30.1655,30.8321,3181200,37
2026-07-14,31.245,32.6614,30.4118,32.332,6103000,38.8
2026-07-15,32.332,32.4154,31.3321,31.6654,1991200,38
2026-07-16,31.495,32.3282,29.8286,32.332,3114500,38.8
2026-07-17,31.6654,32.332,30.9988,31.9154,1522700,38.3
2026-07-20,31.9116,32.3282,30.5784,30.5821,2728600,36.7
2026-07-21,30.5784,30.8284,27.5789,28.0822,12004300,33.7
2026-07-22,28.0788,28.6621,26.829,27.5822,4234900,33.1
2026-07-23,27.4989,28.5822,26.8323,28.5822,3176500,34.3
2026-07-24,29.1655,29.2488,28.4989,28.4989,2616400,34.2
2026-07-27,28.1655,28.8322,27.6656,27.7489,2724800,33.3
2026-07-28,27.9989,28.5822,27.1656,27.9989,2351600,33.6
2026-07-29,27.9955,28.4954,27.9122,28.0822,771800,33.7
2026-07-30,27.9122,29.3286,27.9122,28.9988,1950800,34.8
2026-07-31,29.0787,29.2453,28.4121,28.4155,2386800,34.1
2026-08-03,28.9988,29.0822,28.2489,28.7489,2021400,34.5
2026-08-04,28.7489,29.1655,28.6655,28.7489,1416600,34.5
2026-08-05,28.7489,28.7489,28.2489,28.4989,2239500,34.2
2026-08-06,28.4989,28.9988,28.2489,28.3322,1589900,34
2026-08-07,28.3322,29.4988,28.3322,28.5822,2987800,34.3
2026-08-10,28.7489,29.3322,28.6655,29.1655,1805500,35
2026-08-11,29.3322,29.6655,29.1655,29.1655,2228700,35
2026-08-12,29.1655,29.9988,28.8322,29.6655,1850400,35.6
2026-08-13,29.6655,29.8321,29.0822,29.1655,1792900,35
2026-08-14,29.0822,29.3322,28.7489,28.7489,2456600,34.5
2026-08-17,28.3322,28.9988,26.5823,28.7489,2321500,34.5
2026-08-18,28.4121,30.1618,28.3288,29.7488,4129700,35.7
2026-08-19,29.9988,30.1655,29.5822,29.9988,2749900,36
2026-08-20,30.4155,31.0821,29.7488,30.8321,3513600,37
2026-08-21,30.6654,31.0821,29.7488,30.8321,2866300,37
2026-08-24,30.9154,31.9987,30.9154,31.6654,4872300,38
2026-08-25,31.6654,32.0821,31.3321,31.6654,2674400,38
2026-08-26,31.6654,33.7487,31.3321,32.9154,5724500,39.5
2026-08-27,32.9947,32.9947,32.4115,32.582,2020600,39.1
2026-08-28,32.4987,33.1653,32.4987,32.9987,3229000,39.6
2026-09-03,33.2487,33.7487,32.2487,32.4987,3375300,39
2026-09-04,32.4948,32.8281,31.9116,32.2487,1917400,38.7
2026-09-07,32.0821,32.4987,31.0821,31.0821,2599500,37.3
2026-09-08,29.9988,32.4987,29.1655,32.4154,2113700,38.9
2026-09-09,32.4115,33.9946,31.9949,31.9987,2531000,38.4
2026-09-10,32.0782,32.7448,31.8282,32.2487,1813100,38.7
2026-09-11,32.2448,32.9947,31.9116,31.9987,5551800,38.4
2026-09-14,28.9,34,28.9,32.6,3681700,32.6
2026-09-15,33.6,34.4,32,34.2,8111800,34.2
2026-09-16,34.2,35.3,34.1,34.3,5568000,34.3
2026-09-17,34,34.3,33,33.3,5857400,33.3
2026-09-18,33,33.7,33,33.3,2163100,33.3
2026-09-21,33.3,33.9,33.1,33.3,2958900,33.3
2026-09-22,33.3,33.6,32.6,33.2,3746200,33.2
2026-09-23,33.1,33.5,32.8,33.2,2428100,33.2
2026-09-24,33.2,33.5,32.1,32.3,3545500,32.3
2026-09-25,32.5,32.6,31.6,31.6,2540200,31.6
