date,open,high,low,close,volume,close_raw
2012-10-16,4.3648,5.337,4.3648,5.3392,8100,26.9
2012-10-18,5.6941,5.6941,5.6941,5.6965,1400,28.7
2012-10-19,6.0909,6.0909,6.0909,6.0934,2400,30.7
2012-10-22,6.5075,6.5075,6.3488,6.5103,6800,32.8
2012-10-23,6.071,6.071,6.071,6.0736,3200,30.6
2012-10-24,5.6941,5.6941,5.6941,5.6965,600,28.7
2012-10-25,5.3568,5.3568,5.3171,5.3194,2300,26.8
2012-10-26,5.456,5.456,5.3171,5.3194,200,26.8
2012-11-02,4.96,4.96,4.96,4.9621,100,25
2012-11-05,4.6426,4.6426,4.6426,4.6445,100,23.4
2012-11-06,4.7418,4.7418,4.7418,4.7438,100,23.9
2012-11-09,5.0394,5.0394,5.0394,5.0415,100,25.4
2012-11-12,5.3766,5.3766,5.3766,5.3789,100,27.1
2012-11-13,5.7338,5.7338,5.7338,5.7362,100,28.9
2012-11-14,5.7338,6.0512,5.7338,6.0538,200,30.5
2012-11-29,5.6346,5.6346,5.6346,5.6369,100,28.4
2012-11-30,5.2576,5.2576,5.2576,5.2598,300,26.5
2012-12-05,5.6086,5.6086,5.6086,5.6103,100,27.2
2012-12-19,5.2169,5.2169,5.2169,5.2184,200,25.3
2012-12-20,5.5674,5.5674,5.5674,5.569,100,27
2013-01-21,5.0107,5.0107,5.0107,5.0121,1000,24.3
2013-01-30,4.5364,4.5364,4.5364,4.5377,1500,22
2013-02-04,4.5364,4.5364,4.5364,4.5377,1000,22
2013-02-18,4.557,4.557,4.557,4.5583,100,22.1
2013-02-19,4.7426,4.7426,4.7426,4.744,300,23
2013-02-22,4.7426,4.7426,4.7426,4.744,100,23
2013-02-28,4.5364,4.5364,4.5364,4.5377,500,22
2013-03-01,4.9076,4.99,4.9076,4.9915,900,24.2
2013-03-04,5.3612,5.3612,5.3612,5.3628,500,26
2013-03-18,4.9694,4.9694,4.9488,4.9502,3000,24
2013-03-20,4.9282,4.9282,4.9282,4.9296,200,23.9
2013-03-22,4.7426,4.7426,4.7426,4.744,1000,23
2013-03-26,5.155,5.2169,5.155,5.1977,1900,25.2
2013-03-29,5.5674,5.5674,5.5674,5.569,200,27
2013-04-01,5.2581,5.2581,5.2581,5.2596,1000,25.5
2013-04-02,5.2581,5.2581,5.2581,5.2596,200,25.5
2013-04-08,5.3612,5.3612,5.2581,5.2596,1700,25.5
2013-04-09,5.2581,5.2581,5.2581,5.2596,800,25.5
2013-04-12,5.3612,5.3612,5.155,5.1565,1800,25
2013-04-22,5.6086,5.6086,5.6086,5.6103,100,27.2
2013-04-23,5.1756,5.1756,5.1756,5.1771,200,25.1
2013-04-24,5.6086,5.6086,5.6086,5.6103,100,27.2
2013-04-26,5.3612,5.3612,5.3612,5.3628,100,26
2013-05-02,5.3612,5.3612,5.3612,5.3628,2000,26
2013-05-06,5.588,5.6086,5.588,5.6103,3700,27.2
2013-05-15,5.2581,5.2581,5.2581,5.2596,200,25.5
2013-06-14,5.3612,5.3612,5.3612,5.3628,100,26
2013-06-18,5.5674,5.6086,5.5674,5.6103,900,27.2
2013-06-25,5.6086,5.6086,5.6086,5.6103,800,27.2
2013-07-25,6.1314,6.1314,6.1314,6.1339,100,28.1
2013-07-30,5.8914,5.8914,5.8914,5.8938,100,27
2013-07-31,5.3023,5.3023,5.3023,5.3044,1300,24.3
2013-08-07,4.9313,5.7823,4.9095,5.7846,1200,26.5
2013-08-08,5.705,5.705,5.705,5.7066,500,25
2013-08-13,6.0473,6.0473,6.0473,6.049,100,26.5
2013-08-14,6.0473,6.0473,6.0473,6.049,1500,26.5
2013-08-19,5.9332,6.0473,5.9332,6.049,1100,26.5
2013-08-20,6.1614,6.1614,6.1614,6.1631,1000,27
2013-08-22,6.1386,6.1614,6.1386,6.1631,6500,27
2013-08-26,6.1614,6.1614,6.1614,6.1631,100,27
2013-08-27,6.7547,6.7547,6.2755,6.7109,1600,29.4
2013-09-04,6.6178,6.6178,6.6178,6.6196,200,29
2013-09-05,6.6178,6.6178,6.6178,6.6196,200,29
2013-09-16,5.956,6.3896,5.956,6.3913,1100,28
2013-09-20,5.8191,5.8191,5.7506,5.7522,3000,25.2
2013-09-24,5.705,5.705,5.4768,5.7066,5300,25
2013-09-25,5.4768,5.5909,5.4768,5.5924,1000,24.5
2013-09-27,5.066,5.1573,5.066,5.1587,1300,22.6
2013-10-04,5.5224,5.5909,5.5224,5.5924,2000,24.5
2013-10-07,6.1386,6.1386,5.8191,6.0718,84800,26.6
2013-10-08,6.3896,6.3896,6.207,6.2087,161900,27.2
2013-10-09,6.3896,6.4124,6.2755,6.2772,220900,27.5
2013-10-11,6.2755,6.846,6.2755,6.3913,23200,28
2013-10-14,5.9332,5.9332,5.9332,5.9348,600,26
2013-10-16,5.956,5.956,5.9332,5.9348,2000,26
2013-10-18,6.1614,6.1614,6.1158,6.1631,25900,27
2013-10-21,6.1614,6.1614,6.1158,6.1403,12300,26.9
2013-10-22,6.0473,6.0473,5.5453,6.049,20500,26.5
2013-10-23,5.4768,6.0473,5.4768,6.049,5500,26.5
2013-10-24,5.9332,6.2527,5.705,5.9348,10200,26
2013-10-25,5.9332,6.0245,5.9332,6.0261,4300,26.4
2013-10-28,6.0245,6.1158,5.9332,6.1174,3200,26.8
2013-10-29,5.9332,6.0929,5.9332,6.0946,6000,26.7
2013-10-30,6.0473,6.1386,6.0473,6.1403,2400,26.9
2013-10-31,6.0473,6.2527,6.0473,6.2544,6900,27.4
2013-11-01,6.2527,6.2983,6.2527,6.3,9300,27.6
2013-11-04,6.2983,6.846,6.2983,6.5968,6700,28.9
2013-11-05,6.5037,6.5037,6.4352,6.4826,5500,28.4
2013-11-06,6.4809,6.5722,6.4124,6.4142,8600,28.1
2013-11-07,6.4124,6.6178,6.4124,6.5283,11100,28.6
2013-11-08,6.6178,7.1198,6.5265,7.1218,9700,31.2
2013-11-11,6.846,7.0742,6.7547,6.8935,8500,30.2
2013-11-12,6.7496,7.0328,6.6788,7.0351,950,29.8
2013-11-13,6.7732,6.9148,6.6316,6.7754,1700,28.7
2013-11-14,6.49,6.726,6.3248,6.7046,2850,28.4
2013-11-15,6.5136,6.6552,6.5136,6.5629,500,27.8
2013-11-18,6.608,6.608,6.608,6.6101,3800,28
2013-11-19,6.726,6.726,6.726,6.7282,300,28.5
2013-11-21,6.608,6.726,6.372,6.7046,12800,28.4
2013-11-22,6.0416,6.7024,6.0416,6.7046,1200,28.4
2013-11-25,6.7024,6.8204,6.7024,6.7046,7600,28.4
2013-11-26,6.8204,6.844,6.7024,6.799,12100,28.8
2013-11-27,6.6788,6.7024,6.6788,6.681,1100,28.3
2013-11-28,6.6788,6.7496,6.6788,6.681,5200,28.3
2013-11-29,6.726,6.7496,6.726,6.7518,9100,28.6
2013-12-02,6.7732,6.844,6.7732,6.8226,22000,28.9
2013-12-03,6.844,6.844,6.8204,6.8226,3300,28.9
2013-12-04,6.8204,6.8204,6.8204,6.8226,400,28.9
2013-12-05,6.8204,6.8204,6.7496,6.7518,2600,28.6
2013-12-06,6.7496,6.7496,6.726,6.7282,6400,28.5
2013-12-09,6.726,6.726,6.372,6.3741,43200,27
2013-12-10,6.608,6.608,6.372,6.5865,500,27.9
2013-12-11,6.5844,6.5844,6.49,6.5865,3900,27.9
2013-12-12,6.4664,6.4664,6.4664,6.4685,600,27.4
2013-12-13,6.4192,6.4192,6.4192,6.4213,100,27.2
2013-12-16,6.254,6.3248,6.254,6.3032,2200,26.7
2013-12-17,6.3012,6.372,6.3012,6.3741,5800,27
2013-12-18,6.7968,6.7968,6.4664,6.4685,700,27.4
2013-12-19,6.49,6.49,6.49,6.4921,300,27.5
2013-12-23,6.5844,6.5844,6.254,6.2796,22500,26.6
2013-12-24,6.2776,6.608,6.2776,6.2796,53100,26.6
2013-12-25,6.2304,6.2304,6.1596,6.1852,13200,26.2
2013-12-26,6.2068,6.2068,6.0416,6.0436,20200,25.6
2013-12-27,5.9944,5.9944,5.9,5.9491,30100,25.2
2013-12-30,5.9,5.9,5.8056,5.8075,84900,24.6
2013-12-31,5.8056,6.372,5.8056,6.3268,56200,26.8
2014-01-02,6.372,6.372,6.372,6.3741,1000,27
2014-01-03,6.2068,6.372,6.2068,6.3741,6200,27
2014-01-06,6.136,6.3484,6.136,6.3032,4700,26.7
2014-01-07,6.372,6.608,6.2776,6.3741,2700,27
2014-01-09,6.254,6.3484,6.254,6.3268,5100,26.8
2014-01-10,6.372,6.372,6.254,6.3268,2500,26.8
2014-01-13,6.3248,6.3248,6.2068,6.256,9800,26.5
2014-01-14,6.3012,6.844,6.3012,6.7754,19500,28.7
2014-01-15,6.962,6.962,6.962,6.9643,100,29.5
2014-01-16,6.4192,6.726,6.3956,6.7282,4800,28.5
2014-01-17,6.49,6.49,6.49,6.4921,100,27.5
2014-01-20,6.372,6.4664,6.3484,6.3741,10200,27
2014-01-21,6.3248,6.4192,6.3012,6.4213,9000,27.2
2014-01-22,6.49,6.7024,6.49,6.7046,1516,28.4
2014-01-23,6.372,6.5844,6.372,6.5865,320,27.9
2014-01-24,6.4428,6.844,6.4192,6.8462,9980,29
2014-01-27,7.08,7.316,6.726,7.2948,4700,30.9
2014-02-06,7.1508,7.316,6.844,6.9643,4900,29.5
2014-02-07,6.962,7.0328,6.7496,7.0351,700,29.8
2014-02-10,6.726,7.1036,6.5372,6.6337,3900,28.1
2014-02-11,6.6316,6.7496,6.5372,6.5393,15900,27.7
2014-02-12,6.5844,6.608,6.5608,6.5865,17920,27.9
2014-02-13,6.8204,6.8204,6.5608,6.5865,22200,27.9
2014-02-14,6.8204,7.0328,6.5372,6.7282,7600,28.5
2014-02-17,6.962,6.962,6.608,6.7046,9300,28.4
2014-02-18,6.844,6.844,6.608,6.799,800,28.8
2014-02-19,6.608,6.7732,6.608,6.7282,17100,28.5
2014-02-20,6.726,6.726,6.372,6.681,19800,28.3
2014-02-24,6.6788,6.844,6.5608,6.7282,3400,28.5
2014-02-25,6.372,6.726,6.372,6.7282,700,28.5
2014-02-26,6.4664,6.6788,6.4428,6.681,2800,28.3
2014-02-27,6.4428,6.6552,6.372,6.6101,8000,28
2014-02-28,6.608,6.962,6.608,6.9406,3600,29.4
2014-03-03,6.608,6.608,6.49,6.5629,15700,27.8
2014-03-04,6.4664,6.7024,6.4664,6.7046,3200,28.4
2014-03-05,6.5136,6.6788,6.5136,6.681,1800,28.3
2014-03-06,6.7024,6.7732,6.608,6.6101,6300,28
2014-03-07,6.608,6.608,6.5136,6.5865,4200,27.9
2014-03-10,6.49,6.49,6.4192,6.4449,7300,27.3
2014-03-11,6.4428,6.6552,6.4192,6.6101,4200,28
2014-03-12,6.5136,6.608,6.5136,6.5865,3700,27.9
2014-03-13,6.6316,6.6316,6.5136,6.5629,4800,27.8
2014-03-14,6.5608,6.5844,6.5136,6.5865,5800,27.9
2014-03-17,6.5844,6.5844,6.5844,6.5865,10400,27.9
2014-03-18,6.5608,6.962,6.5372,6.9643,7900,29.5
2014-03-19,6.9384,6.9384,6.5608,6.799,3100,28.8
2014-03-20,6.844,6.9384,6.608,6.7754,14500,28.7
2014-03-21,6.5608,6.8204,6.4192,6.8226,2100,28.9
2014-03-24,6.8204,6.9148,6.8204,6.917,700,29.3
2014-03-25,6.9148,6.9148,6.6788,6.7046,16400,28.4
2014-03-26,6.6552,6.726,6.608,6.7282,17030,28.5
2014-03-27,6.9384,6.9384,6.5608,6.917,1100,29.3
2014-03-28,6.608,6.7968,6.608,6.799,1200,28.8
2014-03-31,6.7968,6.7968,6.726,6.7754,7400,28.7
2014-04-01,6.7732,6.7732,6.7732,6.7754,2200,28.7
2014-04-02,6.608,6.7024,6.608,6.7046,600,28.4
2014-04-03,6.4664,6.7496,6.4664,6.7046,2400,28.4
2014-04-04,6.7496,6.9384,6.7496,6.8934,1400,29.2
2014-04-07,6.7732,6.8204,6.726,6.8226,300,28.9
2014-04-08,6.7496,6.7732,6.7024,6.7754,610,28.7
2014-04-10,6.9148,6.9148,6.9148,6.917,100,29.3
2014-04-11,6.5136,6.8204,6.49,6.8226,5100,28.9
2014-04-15,6.8204,6.9148,6.8204,6.917,900,29.3
2014-04-16,6.608,6.7968,6.3956,6.5865,11400,27.9
2014-04-17,6.6552,6.6552,6.6552,6.6574,300,28.2
2014-04-18,6.6552,6.6552,6.6552,6.6574,200,28.2
2014-04-21,6.4192,6.5844,6.4192,6.5865,1800,27.9
2014-04-22,6.0416,6.0416,6.0416,6.0436,700,25.6
2014-04-23,6.5844,6.5844,6.5136,6.5157,244,27.6
2014-04-24,6.372,6.6316,6.372,6.6337,1400,28.1
2014-04-25,6.7024,6.7024,6.7024,6.7046,600,28.4
2014-04-28,6.726,6.726,6.726,6.7282,200,28.5
2014-04-29,6.4664,6.844,6.4428,6.8462,3100,29
2014-05-05,6.5136,6.6316,6.5136,6.6337,2000,28.1
2014-05-07,6.6316,6.6316,6.6316,6.6337,156,28.1
2014-05-08,6.136,6.608,6.136,6.5393,510,27.7
2014-05-13,6.1596,6.5608,6.1596,6.5629,3400,27.8
2014-05-14,6.5608,6.608,6.372,6.6101,4900,28
2014-05-16,6.608,6.608,6.49,6.5629,1500,27.8
2014-05-19,6.5372,6.5372,6.5372,6.5393,1400,27.7
2014-05-20,6.5372,6.5372,6.5372,6.5393,2370,27.7
2014-05-21,6.608,6.726,6.608,6.7282,4000,28.5
2014-05-22,7.2436,7.2436,7.2436,7.2456,114,28
2014-05-23,7.1919,7.1919,6.8556,7.1679,800,27.7
2014-05-26,6.7262,6.7262,6.7262,6.728,100,26
2014-05-27,6.5969,7.0884,6.571,7.0903,6200,27.4
2014-05-28,6.4934,6.8556,6.4934,6.8574,400,26.5
2014-05-29,6.5451,6.6227,6.5451,6.5469,4000,25.3
2014-05-30,6.6745,7.166,6.5451,7.1162,6400,27.5
2014-06-02,7.1143,7.1143,6.8556,7.1162,4900,27.5
2014-06-04,6.8556,6.9849,6.7521,6.9868,3700,27
2014-06-05,6.7521,6.9332,6.7521,6.9351,2600,26.8
2014-06-09,6.8297,6.9332,6.7779,6.7798,4000,26.2
2014-06-10,7.0366,7.0366,7.0366,7.0386,100,27.2
2014-06-12,6.8556,6.8556,6.8556,6.8574,4000,26.5
2014-06-13,6.7521,6.7521,6.7521,6.7539,4000,26.1
2014-06-16,6.959,6.959,6.959,6.9609,100,26.9
2014-06-17,6.8297,7.0625,6.8297,7.0644,1600,27.3
2014-06-19,6.8556,6.9849,6.7262,6.9868,4600,27
2014-06-20,6.8556,6.959,6.8556,6.9609,5100,26.9
2014-06-24,6.8556,6.9849,6.8556,6.9868,2700,27
2014-06-25,6.8556,7.0625,6.8556,7.0644,4900,27.3
2014-06-26,6.8556,7.0625,6.8556,7.0644,1000,27.3
2014-06-30,7.1143,7.6317,7.0884,7.5561,11800,29.2
2014-07-01,7.0884,7.3988,6.9849,7.4008,800,28.6
2014-07-02,7.3988,7.6317,7.3988,7.4785,1700,28.9
2014-07-03,7.0366,7.0366,7.0366,7.0386,100,27.2
2014-07-04,7.0366,7.2177,7.0366,7.2197,15700,27.9
2014-07-07,7.4247,7.4247,7.4247,7.4267,100,28.7
2014-07-09,7.1143,7.373,7.1143,7.375,400,28.5
2014-07-10,7.2436,7.373,7.2436,7.375,900,28.5
2014-07-11,7.1143,7.3212,7.1143,7.3232,500,28.3
2014-07-16,6.9849,7.5023,6.9849,7.5043,900,29
2014-07-17,7.0366,7.3471,7.0366,7.3491,700,28.4
2014-07-18,7.0366,7.2177,7.0366,7.2197,500,27.9
2014-07-21,7.2177,7.2177,7.2177,7.2197,100,27.9
2014-07-22,7.2177,7.2177,7.2177,7.2197,200,27.9
2014-07-23,6.8556,7.2177,6.8556,7.2197,1600,27.9
2014-07-24,7.1919,7.1919,6.9332,6.9351,700,26.8
2014-07-25,6.7779,6.9332,6.7779,6.9351,200,26.8
2014-07-31,7.0884,7.0884,7.0884,7.0903,900,27.4
2014-08-06,6.5192,6.959,6.5192,6.9609,3300,26.9
2014-08-08,6.4675,6.8556,6.4675,6.8574,1900,26.5
2014-08-11,6.2864,6.8297,6.2864,6.8315,500,26.4
2014-08-12,6.9332,6.9332,6.9332,6.9351,1000,26.8
2014-08-14,6.9849,6.9849,6.9849,6.9868,100,27
2014-08-15,7.0884,7.0884,7.0884,7.0903,100,27.4
2014-08-18,6.4675,6.9849,6.4158,6.9868,6900,27
2014-08-20,6.364,6.9849,6.364,6.9868,500,27
2014-08-22,6.4675,6.8556,6.4675,6.7798,29900,26.2
2014-08-25,6.7262,6.7262,6.4675,6.4693,1100,25
2014-08-26,6.7003,6.7003,6.7003,6.7022,100,25.9
2014-08-27,6.7003,6.7521,6.6745,6.7539,1500,26.1
2014-08-28,6.4675,6.7003,6.4675,6.7022,600,25.9
2014-08-29,7.1143,7.1143,7.1143,7.1162,100,27.5
2014-09-03,6.4675,6.7003,6.4675,6.4693,9900,25
2014-09-04,6.6745,6.6745,6.6745,6.6763,100,25.8
2014-09-05,6.4675,6.6486,6.4675,6.6504,700,25.7
2014-09-09,6.1312,6.6486,6.1312,6.1587,4100,23.8
2014-09-10,6.4158,6.4158,6.4158,6.4175,100,24.8
2014-09-12,6.4934,6.4934,6.4934,6.4951,100,25.1
2014-09-18,6.1571,6.4675,6.1571,6.1846,1900,23.9
2014-09-19,6.4675,6.7779,6.4675,6.7798,12300,26.2
2014-09-22,6.8038,6.8038,6.7779,6.7798,2500,26.2
2014-09-23,6.7779,6.8038,6.5969,6.5987,4200,25.5
2014-09-24,6.6227,6.8038,6.6227,6.7798,5200,26.2
2014-09-25,6.6745,6.7779,6.6227,6.7798,5200,26.2
2014-09-26,6.7521,6.7779,6.7262,6.7539,3500,26.1
2014-09-29,7.1171,7.1171,7.1171,7.1172,2100,25.4
2014-09-30,6.977,6.977,6.5287,6.9771,1700,24.9
2014-10-01,6.9209,6.949,6.7248,6.9491,800,24.8
2014-10-03,6.949,7.1171,6.949,7.0612,24700,25.2
2014-10-06,7.061,7.1731,7.061,7.1733,24100,25.6
2014-10-07,7.2572,7.4253,7.2572,7.4255,600,26.5
2014-10-08,7.3973,7.3973,7.3973,7.3974,800,26.4
2014-10-09,7.3973,7.3973,7.3973,7.3974,10,26.4
2014-10-10,7.5654,7.5654,7.061,7.1453,10600,25.5
2014-10-13,7.061,7.3132,7.061,7.3134,15620,26.1
2014-10-15,7.061,7.2852,7.061,7.2854,10600,26
2014-10-16,7.061,7.2852,7.061,7.2854,4600,26
2014-10-17,7.061,7.2572,7.061,7.2573,1100,25.9
2014-10-20,7.061,7.3412,7.061,7.3414,2300,26.2
2014-10-23,7.1731,7.1731,7.1731,7.1733,100,25.6
2014-10-24,7.3973,7.3973,7.1731,7.3414,500,26.2
2014-10-27,7.061,7.2852,7.061,7.2854,11100,26
2014-10-29,7.061,7.2292,7.061,7.2293,2700,25.8
2014-10-30,7.2292,7.2852,7.2292,7.2854,3700,26
2014-10-31,7.3412,7.3412,7.2852,7.3414,3600,26.2
2014-11-03,8.0698,8.0698,8.0698,8.0699,117600,28.8
2014-11-04,8.8263,8.8263,8.0698,8.3502,254300,29.8
2014-11-05,8.1258,8.1258,8.0698,8.126,68000,29
2014-11-06,8.0978,8.0978,7.4813,8.0419,139500,28.7
2014-11-07,8.0137,8.0978,8.0137,8.0699,204500,28.8
2014-11-10,7.9857,8.0698,7.9857,8.0699,71400,28.8
2014-11-11,8.1258,8.1258,8.1258,8.126,100,29
2014-11-12,7.5094,8.0978,7.5094,8.098,200,28.9
2014-11-13,7.4533,7.4813,7.4533,7.4815,400,26.7
2014-11-14,8.0698,8.0698,8.0698,8.0699,100,28.8
2014-11-17,7.4253,8.1258,7.4253,8.098,400,28.9
2014-11-20,8.7703,8.7703,8.7703,8.7705,100,31.3
2014-11-24,8.1258,8.6862,7.9016,7.9018,4500,28.2
2014-11-25,7.5094,8.1818,7.5094,7.5656,700,27
2014-11-27,8.1538,8.1538,7.2852,8.154,300,29.1
2014-11-28,8.2659,8.2659,7.7055,7.7057,2500,27.5
2014-12-02,8.1818,8.1818,8.1818,8.182,100,29.2
2014-12-03,7.4533,7.4533,7.4533,7.4535,100,26.6
2014-12-04,8.0978,8.0978,8.0978,8.098,100,28.9
2014-12-05,7.8456,8.0698,7.8456,8.0699,200,28.8
2014-12-08,8.0698,8.0698,8.0698,8.0699,300,28.8
2014-12-09,7.5654,8.0978,7.4533,8.098,5500,28.9
2014-12-11,7.8456,8.1258,7.8456,8.0699,19800,28.8
2014-12-12,7.9857,8.1258,7.9857,8.126,15000,29
2014-12-16,8.6021,8.6021,8.6021,8.6023,100,30.7
2014-12-17,7.9577,7.9577,7.9577,7.9579,5000,28.4
2014-12-18,7.8456,8.0698,7.8456,8.0699,2300,28.8
2014-12-22,8.0698,8.7703,8.0698,8.7705,800,31.3
2014-12-30,8.406,8.406,8.406,8.4062,100,30
2015-01-14,8.406,8.406,8.406,8.4062,300,30
2015-01-16,7.9857,8.2659,7.9857,8.2661,800,29.5
2015-01-20,8.9664,8.9664,8.9664,8.9666,100,32
2015-01-23,8.2659,8.2659,8.2659,8.2661,1100,29.5
2015-02-12,7.5094,8.2379,7.5094,8.2381,1100,29.4
2015-02-26,8.2379,8.2379,8.2379,8.2381,200,29.4
2015-03-04,8.0978,8.0978,8.0978,8.098,800,28.9
2015-03-05,8.2099,8.2099,8.2099,8.21,100,29.3
2015-03-06,7.7055,8.0417,7.7055,8.0419,200,28.7
2015-03-11,8.0698,8.0698,8.0698,8.0699,100,28.8
2015-03-27,7.2852,7.9857,7.2852,7.9859,200,28.5
2015-03-30,8.0698,8.0698,8.0698,8.0699,100,28.8
2015-04-09,7.2852,7.9297,7.2852,7.9298,200,28.3
2015-04-10,8.35,8.35,8.35,8.3502,100,29.8
2015-04-14,7.5374,8.2379,7.5374,8.2381,700,29.4
2015-04-15,7.4253,7.5374,7.4253,7.5376,52500,26.9
2015-04-16,7.5374,7.5374,7.2852,7.2854,2400,26
2015-04-20,7.5374,7.5374,7.2852,7.2854,800,26
2015-04-22,7.5374,7.5374,7.5374,7.5376,600,26.9
2015-05-06,7.5374,7.5374,7.5374,7.5376,100,26.9
2015-05-13,7.5374,7.5374,7.5374,7.5376,1000,26.9
2015-05-29,7.5654,7.5654,7.5654,7.5656,1100,27
2015-06-05,7.9297,7.9297,7.8456,7.9018,700,28.2
2015-06-08,7.9016,7.9016,7.9016,7.9018,1200,28.2
2015-06-12,7.9016,7.9297,7.9016,7.9298,2000,28.3
2015-06-15,7.9297,7.9297,7.9297,7.9298,500,28.3
2015-06-19,7.9297,7.9297,7.9297,7.9298,100,28.3
2015-06-22,7.9297,7.9297,7.9297,7.9298,100,28.3
2015-06-25,7.6214,7.6214,7.6214,7.6216,500,27.2
2015-06-26,7.116,7.709,7.116,7.7102,1200,26
2015-07-07,8.4503,8.4503,8.4503,8.4516,100,28.5
2015-07-23,7.8573,7.8573,7.8573,7.8585,1000,26.5
2015-07-24,7.5904,7.5904,7.5904,7.5916,800,25.6
2015-07-31,7.5904,7.5904,7.5904,7.5916,2800,25.6
2015-08-03,7.5904,8.302,7.5904,8.0067,3800,27
2015-08-04,8.0055,8.302,8.0055,8.3033,520000,28
2015-08-05,8.302,9.1322,8.2724,9.1336,1148200,30.8
2015-08-06,9.7845,10.0217,9.1322,9.1633,58100,30.9
2015-08-07,9.1619,10.0217,8.895,10.0233,170500,33.8
2015-08-10,9.1915,9.7252,9.0433,9.0447,61400,30.5
2015-08-11,9.0433,9.0433,8.3317,8.5405,61400,28.8
2015-08-12,8.5392,8.5689,8.302,8.5109,16500,28.7
2015-08-13,8.5096,8.5096,8.2724,8.3033,22465,28
2015-08-14,8.2998,8.392,8.2691,8.3946,10600,27.3
2015-08-17,8.4535,8.4842,8.2691,8.4253,12500,27.4
2015-08-18,8.2998,8.2998,8.2076,8.2101,16000,26.7
2015-08-19,8.2076,8.2998,8.1461,8.2716,6900,26.9
2015-08-20,8.2383,8.2383,8.0846,8.2408,11900,26.8
2015-08-21,8.1461,8.1461,7.8694,8.0871,64020,26.3
2015-08-24,8.0846,8.0846,7.8387,7.9641,50000,25.9
2015-08-25,7.9002,8.1768,7.9002,8.1178,16300,26.4
2015-08-26,8.1154,8.5457,8.1154,8.5483,19300,27.8
2015-08-27,8.4535,8.7609,8.4535,8.7328,26200,28.4
2015-08-28,8.6994,9.0376,8.6994,9.0403,19000,29.4
2015-08-31,8.6687,9.0068,8.6072,9.0095,8400,29.3
2015-09-01,8.6072,8.6687,8.4842,8.6098,11500,28
2015-09-03,8.4535,8.6072,8.2998,8.6098,8300,28
2015-09-04,8.5765,8.6072,8.4535,8.6098,9800,28
2015-09-07,8.5765,8.5765,8.5765,8.5791,100,27.9
2015-09-08,8.6687,8.7609,8.5457,8.702,7500,28.3
2015-09-09,8.6994,8.7609,8.6994,8.7635,5700,28.5
2015-09-10,8.6994,8.7302,8.6072,8.702,9300,28.3
2015-09-11,8.6994,8.8839,8.6379,8.8558,4600,28.8
2015-09-14,8.6379,8.7302,8.6379,8.7328,1000,28.4
2015-09-15,8.7302,8.7302,8.6379,8.7328,8000,28.4
2015-09-16,8.7302,8.7302,8.7302,8.7328,500,28.4
2015-09-17,8.6379,8.7302,8.6072,8.7328,3400,28.4
2015-09-18,8.7302,8.7302,8.6072,8.702,6500,28.3
2015-09-21,8.6994,8.7302,8.6687,8.702,3400,28.3
2015-09-22,8.7302,8.8531,8.6994,8.8558,10700,28.8
2015-09-23,8.8531,9.4987,8.8531,9.5015,15200,30.9
2015-09-24,9.4987,9.5294,9.4679,9.5323,1200,31
2015-09-25,9.6524,10.4823,9.6524,10.4855,28700,34.1
2015-09-28,11.466,11.5275,10.7897,11.4695,47920,37.3
2015-09-29,11.8349,12.4497,11.3738,12.3305,41495,40.1
2015-09-30,12.4497,12.4804,11.8656,11.8692,10150,38.6
2015-10-01,11.9886,11.9886,11.5275,11.7462,11900,38.2
2015-10-02,11.8349,11.8349,11.2508,11.531,17100,37.5
2015-10-05,11.589,12.1423,11.4045,11.9615,18300,38.9
2015-10-06,11.8964,11.9886,11.7427,11.9922,17000,39
2015-10-07,11.6812,11.7119,11.6505,11.7155,13340,38.1
2015-10-08,11.7119,11.7427,11.589,11.7155,24100,38.1
2015-10-09,11.7119,11.7119,11.6505,11.7155,16426,38.1
2015-10-12,11.7119,11.7119,11.589,11.6847,13200,38
2015-10-13,11.6812,12.2345,11.6812,12.2382,22700,39.8
2015-10-14,12.2345,12.8493,12.2345,12.8225,14625,41.7
2015-10-15,12.8186,12.8186,12.296,12.6072,19309,41
2015-10-16,12.6034,12.7878,12.1423,12.6687,26110,41.2
2015-10-19,12.6649,13.2797,12.6649,13.2837,10450,43.2
2015-10-20,13.2182,13.4949,12.6034,12.9147,5860,42
2015-10-21,12.9108,13.2182,12.7878,13.2222,8200,43
2015-10-22,13.3104,13.4026,12.6034,13.4067,9700,43.6
2015-10-23,13.2182,13.4026,12.9108,13.4067,18300,43.6
2015-10-26,13.3719,13.4949,13.3719,13.4682,9870,43.8
2015-10-27,13.4641,14.7859,13.2182,14.7904,49650,48.1
2015-10-28,16.1385,16.2615,15.6774,16.2664,56170,52.9
2015-10-29,16.2922,16.784,16.2615,16.3279,15200,53.1
2015-10-30,16.2615,16.3844,15.37,15.8359,32884,51.5
2015-11-02,15.8311,15.8311,14.7552,15.0057,42356,48.8
2015-11-03,14.9089,15.6774,14.7552,15.6206,30700,50.8
2015-11-04,15.6774,15.9848,15.6467,15.6514,12400,50.9
2015-11-05,15.6467,15.8004,15.6467,15.6821,11840,51
2015-11-06,15.2163,15.6467,14.9704,15.4976,16100,50.4
2015-11-09,15.5237,15.5237,15.0626,15.0672,18300,49
2015-11-10,15.0626,15.3085,15.0011,15.2824,12200,49.7
2015-11-11,15.2163,15.5237,15.2163,15.3746,16600,50
2015-11-12,15.493,15.6467,15.2163,15.5284,8252,50.5
2015-11-13,15.5237,17.0607,15.0626,17.0659,67900,55.5
2015-11-16,17.3732,17.5403,17.1059,17.3744,23617,52
2015-11-17,17.3732,17.3732,16.705,17.2073,6810,51.5
2015-11-18,16.705,16.9723,16.5714,16.9734,12800,50.8
2015-11-19,16.705,17.8744,16.705,17.5414,29942,52.5
2015-11-20,17.5403,19.2776,17.5403,18.8111,30500,56.3
2015-11-23,18.7764,19.7119,18.7096,19.3457,21700,57.9
2015-11-24,19.0437,19.0437,18.0414,18.644,9000,55.8
2015-11-25,18.5426,18.5426,17.8744,18.3099,20300,54.8
2015-11-26,18.5426,18.6762,17.8744,17.8755,22600,53.5
2015-11-27,18.3087,18.3755,16.7718,17.0402,23050,51
2015-11-30,17.0391,17.0391,16.2707,16.3386,33100,48.9
2015-12-01,16.0368,17.0057,14.7672,16.5056,51900,49.4
2015-12-02,16.3709,16.8721,15.9032,16.7061,6400,50
2015-12-03,16.705,16.8386,16.6716,16.7061,4300,50
2015-12-04,16.705,16.8721,16.4377,16.5391,4500,49.5
2015-12-07,16.5714,16.705,14.9677,16.6393,21300,49.8
2015-12-08,16.0702,17.3064,16.0702,17.1739,13364,51.4
2015-12-09,16.8721,18.0748,16.8721,17.3744,13700,52
2015-12-10,17.3732,17.7073,16.8721,17.2407,1102,51.6
2015-12-11,17.2396,17.3064,17.0391,17.3075,2200,51.8
2015-12-14,17.3732,17.7073,16.7384,16.7395,9700,50.1
2015-12-15,16.7384,17.3732,16.7384,17.1739,1800,51.4
2015-12-16,17.3732,17.3732,17.2062,17.2073,6100,51.5
2015-12-17,17.2062,17.2062,17.2062,17.2073,1952,51.5
2015-12-18,17.2062,17.2062,16.8721,17.2073,3600,51.5
2015-12-21,17.2062,17.2062,16.6382,16.6393,5600,49.8
2015-12-22,16.5714,16.8721,16.538,16.5391,7084,49.5
2015-12-23,16.705,16.705,16.538,16.5391,5500,49.5
2015-12-24,16.705,16.705,16.4711,16.5391,5200,49.5
2015-12-25,16.3709,16.3709,16.2373,16.2383,7280,48.6
2015-12-28,16.538,17.0391,16.3709,16.5391,7200,49.5
2015-12-29,16.538,16.705,16.3709,16.6727,4200,49.9
2015-12-30,16.6716,17.0391,16.6716,17.0402,14050,51
2015-12-31,17.2062,17.2062,17.2062,17.2073,300,51.5
2016-01-04,16.4711,17.0391,16.4711,17.0402,600,51
2016-01-05,16.4377,16.6716,16.3709,16.372,3600,49
2016-01-06,16.3709,16.6382,16.3709,16.6393,3800,49.8
2016-01-07,16.5045,16.5714,16.2373,16.5725,700,49.6
2016-01-08,16.4043,16.4711,16.3041,16.4722,1700,49.3
2016-01-11,16.4711,17.0391,16.4711,17.0402,14230,51
2016-01-12,16.8721,16.8721,16.8052,16.8732,400,50.5
2016-01-13,16.705,18.3755,16.2039,18.3767,8900,55
2016-01-14,16.705,16.705,16.705,16.7061,100,50
2016-01-15,16.3709,16.538,16.0368,16.5391,3400,49.5
2016-01-18,16.2039,16.2373,16.0368,16.2049,21500,48.5
2016-01-19,16.0368,16.2039,15.8363,16.2049,1580,48.5
2016-01-20,16.705,16.705,15.8698,16.0379,20400,48
2016-01-21,16.0368,16.0368,15.7027,15.8374,10200,47.4
2016-01-22,15.7027,15.8363,15.3686,15.8374,15000,47.4
2016-01-25,16.0368,16.3709,15.7027,15.8708,7200,47.5
2016-01-26,15.402,15.8698,14.3329,15.3696,13800,46
2016-01-27,15.5357,15.6359,15.2016,15.5367,11000,46.5
2016-01-28,15.3686,15.5357,15.0345,15.5367,4100,46.5
2016-01-29,15.4688,15.4688,15.4688,15.4699,2140,46.3
2016-02-01,15.2016,15.3686,15.0345,15.3696,1600,46
2016-02-02,15.3352,15.3352,15.3352,15.3362,210,45.9
2016-02-03,15.2016,15.3352,15.2016,15.3362,1200,45.9
2016-02-04,15.4354,15.4354,15.3352,15.3362,1000,45.9
2016-02-05,15.3352,15.5357,15.3352,15.5367,4100,46.5
2016-02-15,15.7027,15.7027,15.7027,15.7038,800,47
2016-02-16,15.9366,17.2062,15.9366,16.8064,25900,50.3
2016-02-17,17.0391,17.0391,16.705,16.7061,8600,50
2016-02-18,16.8386,16.8386,15.7027,16.1047,5178,48.2
2016-02-19,16.2039,16.3041,16.0702,16.1715,4300,48.4
2016-02-22,16.1704,16.2039,15.97,16.2049,5914,48.5
2016-02-23,16.2039,16.538,16.2039,16.372,10878,49
2016-02-24,16.3375,16.3375,16.0702,16.2718,5800,48.7
2016-02-25,16.5045,17.3732,16.5045,16.6393,49150,49.8
2016-02-26,17.1727,18.0414,17.1727,17.8421,29322,53.4
2016-02-29,18.0414,18.0414,17.3732,17.6751,16500,52.9
2016-03-01,17.2062,17.6405,17.2062,17.5748,20000,52.6
2016-03-02,17.3732,17.7073,17.3732,17.508,9410,52.4
2016-03-03,17.7073,18.6762,17.7073,18.3433,19700,54.9
2016-03-04,18.3421,18.8767,18.3421,18.7109,23500,56
2016-03-07,18.7096,18.7096,18.3755,18.5104,2400,55.4
2016-03-08,18.5091,18.5091,18.2085,18.2431,4100,54.6
2016-03-09,17.8075,18.3755,17.8075,18.1428,14100,54.3
2016-03-10,18.2419,19.0437,18.2419,18.9782,16116,56.8
2016-03-11,18.9769,19.0103,18.3755,18.3767,8100,55
2016-03-14,18.4423,18.7096,18.4423,18.7109,17400,56
2016-03-15,18.5426,18.6762,18.175,18.6774,10364,55.9
2016-03-16,18.3755,18.8767,18.3755,18.8779,10372,56.5
2016-03-17,19.3778,20.3801,19.2108,20.3146,11600,60.8
2016-03-18,20.3801,21.5495,20.3801,21.0497,18908,63
2016-03-21,21.0483,21.2154,20.7142,21.0497,8300,63
2016-03-22,20.5137,20.8813,20.4469,20.749,11338,62.1
2016-03-23,20.7142,22.2511,20.6474,21.6845,20868,64.9
2016-03-24,21.3824,22.3847,21.3824,22.3528,13766,66.9
2016-03-25,22.2177,22.2177,21.5495,21.7848,12200,65.2
2016-03-28,21.3824,23.3536,21.2154,23.3217,33200,69.8
2016-03-29,23.387,23.6543,23.0529,23.0544,14558,69
2016-03-30,22.8859,23.387,22.6186,23.3886,10400,70
2016-03-31,23.3536,23.387,22.8859,22.8874,18100,68.5
2016-04-01,22.8524,22.8524,22.0506,22.286,9780,66.7
2016-04-04,22.0506,22.2845,21.917,22.2191,14000,66.5
2016-04-05,22.2511,22.9527,22.2511,22.7871,1900,68.2
2016-04-06,22.3847,22.8859,22.3847,22.8874,5300,68.5
2016-04-07,23.0529,24.7234,22.8859,24.2573,30400,72.6
2016-04-08,24.2557,25.0241,24.2223,24.7251,30000,74
2016-04-11,24.7234,24.7234,23.955,24.4578,18940,73.2
2016-04-12,23.7211,24.4561,23.7211,24.2239,9300,72.5
2016-04-13,24.2223,24.3893,24.0886,24.2239,6000,72.5
2016-04-14,24.2891,25.0575,24.2891,24.7251,24604,74
2016-04-15,24.3893,25.0575,24.3893,24.8253,5200,74.3
2016-04-19,24.8236,25.3916,24.8236,25.0592,29026,75
2016-04-20,24.8905,25.8928,24.7234,25.3933,24180,76
2016-04-21,25.3916,27.9308,25.3916,27.7322,23200,83
2016-04-22,29.6681,30.5033,29.6681,30.5054,6296,91.3
2016-04-25,33.41,33.5436,32.4077,33.5459,67400,100.4
2016-04-26,35.0805,36.751,34.2453,36.0852,30357,108
2016-04-27,36.1162,36.4169,33.7775,35.417,21452,106
2016-04-28,35.4146,35.4146,33.1093,33.5125,25380,100.3
2016-04-29,33.41,36.8512,33.41,36.7201,14802,109.9
2016-05-04,37.4192,37.7533,36.7176,37.2212,11321,111.4
2016-05-05,37.2522,37.2522,34.7464,35.0829,11538,105
2016-05-06,35.0805,35.0805,32.7418,32.744,30200,98
2016-05-09,33.41,33.41,31.0713,31.1736,35800,93.3
2016-05-10,31.0713,32.5748,30.4365,31.7416,15574,95
2016-05-11,31.7395,33.243,31.7395,33.0781,21261,99
2016-05-12,33.41,33.41,32.4077,32.4099,8768,97
2016-05-13,32.4077,32.5748,31.6059,32.5769,18860,97.5
2016-05-16,32.5748,32.7418,31.2384,32.1092,14960,96.1
2016-05-17,32.7418,33.0759,32.0736,32.4099,7210,97
2016-05-18,32.4077,32.4411,31.7395,31.7416,8810,95
2016-05-19,31.7395,32.7084,31.7395,32.7106,7160,97.9
2016-05-20,32.9089,35.3812,32.7084,35.3167,29040,105.7
2016-05-23,35.4146,37.8201,35.4146,36.7201,20551,109.9
2016-05-24,36.751,37.3858,35.7487,36.4193,17610,109
2016-05-25,36.3835,36.3835,35.0805,36.2523,5800,108.5
2016-05-26,36.4169,36.4169,34.7464,35.0494,25658,104.9
2016-05-27,34.4123,34.7464,33.7441,34.4146,16100,103
2016-05-30,35.4146,35.5817,34.5459,35.2499,8500,105.5
2016-05-31,35.5817,35.5817,34.5794,34.5817,19700,103.5
2016-06-01,34.5794,35.0137,34.0782,35.016,8700,104.8
2016-06-02,34.77,36.1608,34.0746,35.7802,14300,102.9
2016-06-03,36.5085,38.9424,35.7783,38.249,25440,110
2016-06-06,38.247,38.7686,36.5085,37.9013,13660,109
2016-06-07,37.8645,37.8645,37.0301,37.3797,6400,107.5
2016-06-08,37.5516,37.8645,37.2387,37.3797,19150,107.5
2016-06-09,37.4125,39.2901,37.4125,38.8749,30804,111.8
2016-06-10,38.5947,39.6378,38.5947,39.6399,23450,114
2016-06-13,40.1594,40.1594,38.5947,39.1183,11950,112.5
2016-06-14,39.0119,39.0119,38.247,38.9444,5900,112
2016-06-15,38.4209,38.9424,37.8993,38.7706,27904,111.5
2016-06-16,38.6642,39.2901,38.247,38.7706,12846,111.5
2016-06-17,38.7686,38.7686,38.3513,38.7706,11950,111.5
2016-06-20,38.8033,39.6378,38.8033,38.8054,9900,111.6
2016-06-21,38.8033,39.6378,38.8033,39.5008,13500,113.6
2016-06-22,40.2984,42.0717,40.2984,42.0739,28690,121
2016-06-23,42.7671,43.9841,42.2456,43.9516,19600,126.4
2016-06-24,43.1148,43.2887,39.5683,41.7262,53160,120
2016-06-27,41.724,41.724,38.247,40.683,12300,117
2016-06-28,40.3332,41.0286,40.1594,40.996,6870,117.9
2016-06-29,41.3415,42.7671,41.0634,42.1087,10460,121.1
2016-06-30,42.5933,42.941,42.1065,42.1087,8400,121.1
2016-07-01,42.1065,42.7671,41.7935,42.5259,14000,122.3
2016-07-04,42.5933,43.4625,42.5933,42.6303,12582,122.6
2016-07-05,42.7671,43.2539,42.4194,42.5607,24600,122.4
2016-07-06,42.8366,42.8366,42.0717,42.4564,9300,122.1
2016-07-07,42.4542,44.6795,42.2803,44.1602,20410,127
2016-07-08,43.8102,43.8102,42.5933,42.978,10510,123.6
2016-07-11,42.9757,44.4708,38.9424,40.7178,32910,117.1
2016-07-12,40.6809,40.6809,39.3249,40.3353,24740,116
2016-07-13,40.3332,40.368,39.6726,39.9876,13810,115
2016-07-14,39.6378,39.6378,36.8562,36.8581,72020,106
2016-07-15,36.8562,37.2039,36.5085,37.032,26900,106.5
2016-07-18,36.8562,38.247,36.8562,38.249,12752,110
2016-07-19,38.247,40.0898,37.6211,39.466,36986,113.5
2016-07-20,40.0898,43.1148,39.9507,41.6914,43200,119.9
2016-07-21,43.4625,45.201,41.6892,41.7262,47500,120
2016-07-22,42.5933,42.7671,39.9855,41.6914,25536,119.9
2016-07-25,41.724,42.7671,41.0981,41.3785,30440,119
2016-07-26,41.0286,41.1677,39.9855,41.0307,11764,118
2016-07-27,40.3332,40.8548,39.9855,40.6483,13126,116.9
2016-07-28,40.3332,40.3332,39.9855,40.0224,18000,115.1
2016-07-29,39.9855,40.8548,39.9855,39.9876,15210,115
2016-08-01,39.9855,40.2984,39.8117,39.8137,8800,114.5
2016-08-02,39.464,39.464,38.247,38.249,11300,110
2016-08-03,37.5516,37.9341,36.1608,37.2058,21100,107
2016-08-04,37.2039,38.247,36.891,36.8929,11050,106.1
2016-08-05,36.891,37.2039,36.1608,37.1015,21300,106.7
2016-08-08,36.8562,37.8993,36.6128,36.9972,12600,106.4
2016-08-09,36.9953,37.8645,36.9953,37.484,20100,107.8
2016-08-10,37.4821,38.5947,37.4821,38.0056,19600,109.3
2016-08-11,38.0036,38.6642,38.0036,38.5619,7700,110.9
2016-08-12,37.7255,37.8993,37.2039,37.3797,8000,107.5
2016-08-15,36.7171,37.3778,36.6824,37.2058,7970,107
2016-08-16,37.5516,37.5516,36.5433,36.8581,13290,106
2016-08-17,36.6824,37.7255,36.5085,37.3797,16800,107.5
2016-08-18,37.3778,37.7255,37.2039,37.3797,11460,107.5
2016-08-19,37.4125,37.5516,36.8562,37.2058,5972,107
2016-08-22,37.2039,37.2039,36.6476,37.032,6900,106.5
2016-08-23,36.9605,37.8298,36.8562,37.8317,15850,108.8
2016-08-24,37.8298,38.247,37.343,37.8665,8030,108.9
2016-08-25,37.8993,37.8993,37.2039,37.8317,15320,108.8
2016-08-26,38.247,38.247,37.0301,37.3797,15180,107.5
2016-08-29,37.0996,37.3778,36.9605,37.2058,9500,107
2016-08-30,37.0301,37.0301,36.7171,36.8581,9400,106
2016-08-31,37.0301,37.7255,37.0301,37.5536,17000,108
2016-09-01,37.5516,39.9855,37.5516,39.918,27960,114.8
2016-09-05,39.916,41.8979,39.916,41.8653,23426,120.4
2016-09-06,42.1412,43.8102,41.8979,43.0127,25640,123.7
2016-09-07,43.1148,43.1148,42.0717,42.9084,10795,123.4
2016-09-08,42.4194,43.4625,42.4194,42.8737,14735,123.3
2016-09-09,42.8714,44.5056,42.8714,43.4648,34602,125
2016-09-12,42.7671,43.4277,42.7323,43.43,5400,124.9
2016-09-13,42.8019,43.2887,42.2456,43.1171,14200,124
2016-09-14,43.1148,44.0884,42.5933,42.7693,18500,123
2016-09-15,43.1148,43.1148,42.5237,42.7693,2600,123
2016-09-16,42.7323,43.7754,42.7323,43.4648,9520,125
2016-09-19,43.7754,46.1746,43.7754,45.5859,59237,131.1
2016-09-20,45.7226,45.8964,44.2622,45.3772,16610,130.5
2016-09-21,44.7142,45.4444,44.7142,45.1338,6400,129.8
2016-09-22,44.8533,46.9395,44.8533,46.3161,44290,133.2
2016-09-23,46.5918,47.6349,46.3136,47.4288,16158,136.4
2016-09-26,48.2955,48.6432,47.9826,48.3328,9400,139
2016-09-27,48.3303,48.3303,47.6349,48.1937,11702,138.6
2016-09-28,48.2955,48.2955,47.4958,47.8113,17733,137.5
2016-09-29,47.6349,49.895,47.2872,49.7237,39694,143
2016-09-30,49.7211,52.3289,49.7211,51.9491,53250,149.4
2016-10-03,52.3289,53.0243,51.4596,51.4623,25857,148
2016-10-04,51.8073,51.8073,48.678,49.3412,39046,141.9
2016-10-05,48.7128,50.0688,48.7128,49.0283,15410,141
2016-10-06,48.7128,51.4596,48.7128,51.1146,16790,147
2016-10-07,51.1119,51.1119,49.0257,49.8976,11038,143.5
2016-10-10,50.2427,50.2427,47.6001,47.6026,14408,136.9
2016-10-11,46.9395,46.9395,43.8102,46.5942,48837,134
2016-10-12,46.1398,46.5918,45.201,46.5942,10500,134
2016-10-13,46.5918,46.5918,45.7226,45.7249,9020,131.5
2016-10-14,45.5487,47.2872,45.5487,47.2897,10367,136
2016-10-17,47.4611,47.4611,46.4527,46.4552,2730,133.6
2016-10-18,46.7657,47.4611,45.8964,45.8988,11108,132
2016-10-19,45.7226,46.9047,44.1579,44.1602,43170,127
2016-10-20,44.1579,44.5056,42.7671,44.4732,8210,127.9
2016-10-21,44.4708,44.5056,43.1148,43.8125,9000,126
2016-10-24,43.0992,43.1342,41.3472,41.3575,25670,118
2016-10-25,40.6464,42.3634,40.6464,42.3038,11548,120.7
2016-10-26,42.2933,42.9941,42.048,42.7594,6102,122
2016-10-27,43.2043,44.5008,42.7488,44.1614,21244,126
2016-10-28,44.676,45.587,43.4846,45.5633,19120,130
2016-10-31,46.6032,47.304,45.2016,46.79,24230,133.5
2016-11-01,46.9536,47.304,46.7784,47.2807,14097,134.9
2016-11-02,47.2339,47.269,45.6571,45.9138,5280,131
2016-11-03,43.8,45.552,43.8,45.2128,11510,129
2016-11-04,44.5008,45.1666,44.2205,45.1427,5300,128.8
2016-11-07,43.0992,45.3418,43.0992,45.2128,12530,129
2016-11-08,46.9536,46.9536,43.4496,44.0913,23020,125.8
2016-11-09,45.4248,47.7381,41.6394,42.4387,13800,100.9
2016-11-10,46.266,46.266,44.163,45.9717,21290,109.3
2016-11-11,46.266,46.6866,44.5836,46.2661,7800,110
2016-11-14,45.0463,46.266,44.163,44.8782,8600,106.7
2016-11-15,44.163,44.9621,43.3639,44.2052,6600,105.1
2016-11-16,45.1304,45.1304,44.3733,44.8782,3000,106.7
2016-11-17,44.9621,44.9621,43.9527,44.8361,2000,106.6
2016-11-18,43.9948,45.0042,43.7424,43.9528,5810,104.5
2016-11-21,42.1441,44.163,42.1441,43.7425,2710,104
2016-11-22,43.7424,43.7424,42.9012,43.3219,10300,103
2016-11-23,43.3218,44.163,42.9012,43.7005,3015,103.9
2016-11-24,43.7003,43.7003,43.1115,43.3219,5820,103
2016-11-25,42.9012,43.2797,42.06,42.9855,12900,102.2
2016-11-28,45.4248,45.4248,42.4806,42.691,4280,101.5
2016-11-29,42.9012,42.9012,42.06,42.691,6820,101.5
2016-11-30,42.1021,42.4806,41.6394,42.4807,8410,101
2016-12-01,42.6909,42.6909,41.8497,42.0601,10170,100
2016-12-02,42.06,42.4806,39.3261,40.3777,24810,96
2016-12-05,40.3776,40.3776,37.854,37.8962,33310,90.1
2016-12-06,37.854,37.8961,36.1716,36.5923,23145,87
2016-12-07,37.854,37.854,36.1716,37.0129,9060,88
2016-12-08,37.2231,38.0222,36.2137,38.0224,9300,90.4
2016-12-09,37.854,38.4849,37.854,38.1906,8700,90.8
2016-12-12,37.854,37.854,36.5922,37.8541,5750,90
2016-12-13,38.0222,38.0222,36.1716,36.382,15600,86.5
2016-12-14,35.3304,37.3493,35.3304,36.6344,7420,87.1
2016-12-15,36.6763,36.6763,35.8772,35.8773,8500,85.3
2016-12-16,36.9707,36.9707,35.8351,35.9193,14515,85.4
2016-12-19,36.8025,36.9707,36.1716,36.4241,12300,86.6
2016-12-20,37.0128,37.6858,37.0128,37.1391,7700,88.3
2016-12-21,37.7278,37.7699,36.5922,37.2232,2600,88.5
2016-12-22,36.2978,36.8025,36.2557,36.2558,2700,86.2
2016-12-23,36.2557,36.7604,36.0034,36.7606,4310,87.4
2016-12-26,36.1716,36.1716,35.7089,35.7511,19600,85
2016-12-27,36.5081,36.5922,35.751,36.5923,7600,87
2016-12-28,35.8351,36.5081,35.7931,36.5082,5700,86.8
2016-12-29,36.5081,36.5501,36.1716,36.2979,7400,86.3
2016-12-30,36.424,36.7604,36.3819,36.7606,1600,87.4
2017-01-03,37.181,37.4334,37.181,37.2653,7000,88.6
2017-01-04,37.2652,38.2746,37.2652,37.8121,3630,89.9
2017-01-05,38.3167,38.3167,37.0128,37.0129,10100,88
2017-01-06,35.9613,37.4334,33.4377,37.3494,5500,88.8
2017-01-09,37.0128,37.139,36.3819,37.0129,1910,88
2017-01-10,36.2137,36.9287,36.1716,36.9288,940,87.8
2017-01-11,36.9287,36.9287,36.3819,36.9288,6800,87.8
2017-01-12,37.854,37.854,36.3819,36.8867,3585,87.7
2017-01-13,36.5922,37.5596,36.5922,37.0129,6400,88
2017-01-16,36.8025,37.0128,36.3819,36.9709,13168,87.9
2017-01-17,36.8025,36.9287,36.5501,36.9288,8832,87.8
2017-01-18,36.8025,37.0128,36.5922,36.5923,3020,87
2017-01-19,36.5922,37.4334,36.466,37.4335,25615,89
2017-01-20,36.8025,37.2231,36.3819,36.9709,14400,87.9
2017-01-23,36.9707,36.9707,36.1716,36.1717,11820,86
2017-01-24,36.5922,36.9707,35.9613,35.9614,20200,85.5
2017-01-25,35.7931,35.9613,35.7931,35.9614,9241,85.5
2017-02-02,35.9613,37.0128,35.9613,36.8026,7278,87.5
2017-02-03,37.0549,37.0549,36.6763,36.6764,15110,87.2
2017-02-06,36.8025,40.3355,36.7604,39.9571,34450,95
2017-02-07,39.957,41.8497,39.957,40.7983,43505,97
2017-02-08,40.7982,40.7982,39.1158,39.873,11411,94.8
2017-02-09,38.9055,40.3776,38.9055,40.3777,13740,96
2017-02-10,40.3776,41.4291,40.3776,41.3872,14786,98.4
2017-02-13,41.2188,43.1115,41.2188,43.1116,12117,102.5
2017-02-14,43.1115,43.448,42.3965,43.1116,9110,102.5
2017-02-15,42.9012,43.1115,41.8497,42.0601,11888,100
2017-02-16,42.4806,42.4806,41.0085,41.0086,9080,97.5
2017-02-17,41.0085,42.06,40.3776,42.0601,52790,100
2017-02-20,42.06,42.9012,41.6394,42.4387,24731,100.9
2017-02-21,42.1021,44.4154,42.06,43.1958,12184,102.7
2017-02-22,43.2377,44.163,43.2377,43.6584,16148,103.8
2017-02-23,44.163,44.163,42.2703,43.6164,18850,103.7
2017-02-24,43.7424,43.9106,42.06,42.9013,14340,102
2017-02-27,42.06,42.6909,41.6394,42.0601,21600,100
2017-02-28,42.06,43.1115,41.8497,42.4807,50312,101
2017-03-01,42.5647,43.7424,42.4806,43.3219,2500,103
2017-03-02,42.9012,44.163,42.5227,44.079,16240,104.8
2017-03-03,43.7424,44.163,43.3218,43.8267,4450,104.2
2017-03-06,43.8265,46.266,43.8265,46.2241,30640,109.9
2017-03-07,46.6866,47.0651,45.8454,45.9717,7400,109.3
2017-03-08,46.0557,47.1072,46.0557,47.0232,8580,111.8
2017-03-09,47.5278,48.1166,47.1072,47.6121,16470,113.2
2017-03-10,47.9063,47.9484,46.3922,47.9065,6760,113.9
2017-03-13,47.9484,48.4111,47.8222,48.243,19720,114.7
2017-03-14,48.369,48.6634,48.2428,48.3691,21850,115
2017-03-15,48.369,50.0514,48.369,49.631,14682,118
2017-03-16,49.6308,50.4299,49.6308,50.388,21737,119.8
2017-03-17,50.5982,51.1029,50.3879,50.4722,16830,120
2017-03-20,51.3132,52.1544,50.8926,52.0704,18459,123.8
2017-03-21,51.5235,52.0703,50.472,51.3134,23543,122
2017-03-22,50.8926,51.3132,50.0514,50.8507,75830,120.9
2017-03-23,50.8926,52.1544,50.8505,52.1546,13920,124
2017-03-24,52.1544,53.4162,52.1544,52.1966,17170,124.1
2017-03-27,52.9956,53.4162,52.9956,53.2061,7091,126.5
2017-03-28,52.9956,53.248,52.7853,52.9958,10900,126
2017-03-29,52.9956,54.3836,51.7338,53.837,19080,128
2017-03-30,53.4162,54.9724,53.4162,54.6782,8672,130
2017-03-31,55.5192,55.5192,54.0892,54.7623,12820,130.2
2017-04-03,54.7621,54.7621,54.0471,54.6782,15010,130
2017-04-04,54.678,54.678,53.6686,54.2576,23500,129
2017-04-05,53.8368,53.8789,53.4162,53.837,12210,128
2017-04-07,53.8368,53.8368,52.575,53.4164,47120,127
2017-04-10,53.2059,55.9398,53.2059,55.94,46900,133
2017-04-11,55.5192,59.6411,55.5192,58.5898,13420,139.3
2017-04-12,58.5896,58.884,58.0428,58.5898,7660,139.3
2017-04-13,58.6737,60.5664,58.6737,60.5666,19240,144
2017-04-14,60.6505,62.0806,59.3046,61.576,25720,146.4
2017-04-17,62.2067,63.4685,62.2067,63.0481,30420,149.9
2017-04-18,63.09,63.3003,62.2488,62.3752,17988,148.3
2017-04-19,62.8797,67.296,62.8797,64.352,43809,153
2017-04-20,64.5621,65.193,64.3518,65.1932,11298,155
2017-04-21,65.193,69.9037,65.193,68.1374,66810,162
2017-04-24,69.399,72.7638,69.399,71.5022,58810,170
2017-04-25,71.9226,71.9226,68.9784,69.8198,31160,166
2017-04-26,69.8196,71.9226,68.5578,69.8198,39030,166
2017-04-27,71.0814,72.2591,71.0814,72.0911,9645,171.4
2017-04-28,71.2917,77.811,70.6608,75.7082,23630,180
2017-05-03,75.708,76.9698,75.708,76.1288,19028,181
2017-05-04,76.3389,76.7595,75.708,76.7597,15445,182.5
2017-05-05,76.1286,79.2831,76.1286,77.3906,16620,184
2017-05-08,79.4093,79.4093,75.708,77.2224,14650,183.6
2017-05-09,75.708,78.6522,75.708,76.5915,17623,182.1
2017-05-10,75.708,75.708,72.9741,72.9743,52420,173.5
2017-05-11,72.5535,73.8153,72.5535,73.8155,15220,175.5
2017-05-12,73.8153,74.4462,73.1844,74.4464,12959,177
2017-05-15,74.4462,74.8668,73.1844,73.8155,22510,175.5
2017-05-16,73.605,74.0256,73.1423,73.6052,18250,175
2017-05-17,72.7638,76.1286,72.5956,73.8155,28000,175.5
2017-05-18,73.8153,75.2874,73.8153,74.152,36392,176.3
2017-05-19,66.7492,75.035,66.7492,74.2782,23800,176.6
2017-05-22,73.605,75.0771,73.605,74.6988,14486,177.6
2017-05-23,74.8668,78.6522,74.8668,78.2318,53810,186
2017-05-24,78.2316,79.199,78.2316,79.073,16292,188
2017-05-25,79.0728,82.3955,79.0728,82.3958,20336,195.9
2017-05-26,84.0779,84.5406,80.5449,84.1203,23535,200
2017-05-29,83.2788,83.6994,82.4376,82.4379,17840,196
2017-05-30,82.6479,83.2788,81.5964,82.4799,11030,196.1
2017-05-31,82.2273,82.2273,80.7552,81.176,28430,193
2017-06-01,80.7552,80.7552,78.6522,80.5451,23164,191.5
2017-06-02,79.0728,79.914,78.2316,78.6524,14330,187
2017-06-05,77.811,77.811,76.1286,76.7177,26782,182.4
2017-06-06,77.3904,79.4093,76.8436,77.3906,8730,184
2017-06-07,77.1801,78.2316,77.1801,78.1057,8630,185.7
2017-06-08,77.3904,78.6101,77.3904,78.0215,8150,185.5
2017-06-09,78.0213,78.2737,76.5913,77.8112,6282,185
2017-06-12,77.3904,78.0634,77.3904,77.5168,10965,184.3
2017-06-13,77.5166,77.6007,76.5492,77.6009,8200,184.5
2017-06-14,76.5492,77.6007,76.5492,77.2645,5077,183.7
2017-06-15,77.3904,78.6522,76.7595,77.3486,13010,183.9
2017-06-16,77.3904,78.0634,77.3483,77.3486,10270,183.9
2017-06-19,77.3904,77.7269,77.096,77.3065,5000,183.8
2017-06-20,77.3904,77.3904,76.9698,77.2645,5021,183.7
2017-06-21,77.1801,77.1801,75.2874,76.5494,16730,182
2017-06-22,75.7921,75.7921,74.2359,74.2361,37350,176.5
2017-06-23,74.0256,75.035,72.3432,74.6567,49200,177.5
2017-06-26,74.0256,74.1518,73.8574,73.8576,15543,175.6
2017-06-27,74.0256,74.0256,73.1844,73.6052,10140,175
2017-06-28,73.605,75.2874,73.1844,74.2361,17204,176.5
2017-06-29,73.8574,74.0256,70.2402,73.6052,21620,175
2017-06-30,73.605,74.8247,73.3947,73.6052,12648,175
2017-07-03,72.3432,73.605,72.3432,72.4275,8011,172.2
2017-07-04,72.3432,75.708,72.3432,74.2361,32300,176.5
2017-07-05,74.4462,74.4462,73.5209,73.8155,12610,175.5
2017-07-06,73.605,74.0256,73.3106,73.5632,13335,174.9
2017-07-07,73.2265,73.3106,72.3432,72.9743,31210,173.5
2017-07-10,72.7638,72.7638,71.9226,72.6799,19808,172.8
2017-07-11,72.5535,72.6797,72.0067,72.6799,7800,172.8
2017-07-12,71.9226,72.7638,71.9226,72.3434,22233,172
2017-07-13,72.3432,73.3947,72.3432,73.3949,11728,174.5
2017-07-14,73.3947,74.8668,72.89,74.7829,13820,177.8
2017-07-17,74.0256,74.0256,72.7638,73.5211,9500,174.8
2017-07-18,73.1844,73.1844,72.3432,73.1846,8100,174
2017-07-19,67.296,73.1844,66.8754,70.2404,42620,167
2017-07-20,68.7681,68.7681,63.9312,66.7915,35448,158.8
2017-07-21,66.4548,67.296,63.9312,66.0344,27430,157
2017-07-24,64.3518,65.4033,64.3518,65.1932,6900,155
2017-07-25,65.193,68.1372,64.7724,67.2962,15203,160
2017-07-26,67.296,71.502,67.296,70.1142,25035,166.7
2017-07-27,70.6608,71.0814,68.9784,68.9786,3150,164
2017-07-28,73.1003,73.1003,69.4831,71.5022,3300,170
2017-07-31,71.0814,71.0814,68.9784,69.4413,5968,165.1
2017-08-01,69.4411,69.4411,68.1793,68.9786,7350,164
2017-08-02,68.9784,69.399,68.1372,69.1469,24300,164.4
2017-08-03,69.1887,69.3149,68.7681,69.1889,9020,164.5
2017-08-04,69.1887,69.8196,68.9784,69.3992,6700,165
2017-08-07,69.399,70.1561,69.2728,70.1563,13130,166.8
2017-08-08,70.2402,70.2402,69.6093,69.8198,5620,166
2017-08-09,69.399,69.399,68.9784,69.1889,10346,164.5
2017-08-10,68.9784,69.1887,68.5578,69.1889,9400,164.5
2017-08-11,69.1887,69.1887,68.1372,69.1469,8300,164.4
2017-08-14,68.5999,68.7681,68.3475,68.3477,5920,162.5
2017-08-15,68.3475,68.9784,68.3475,68.4739,4110,162.8
2017-08-16,68.4737,68.9784,68.4737,68.7683,11020,163.5
2017-08-17,68.7681,69.9037,68.7681,69.231,21546,164.6
2017-08-18,68.9784,69.8196,68.9784,69.6516,10400,165.6
2017-08-21,69.399,70.8711,69.399,70.661,14900,168
2017-08-22,70.8711,71.0814,70.6608,70.9975,10160,168.8
2017-08-23,70.9973,70.9973,70.5767,70.9134,9100,168.6
2017-08-24,70.8711,70.8711,69.6514,70.0301,15600,166.5
2017-08-25,69.6514,70.4505,69.6514,70.4507,9000,167.5
2017-08-28,70.2402,70.4505,70.0299,70.4507,2200,167.5
2017-08-29,69.6514,70.2402,69.6093,69.946,6310,166.3
2017-08-30,69.399,69.4411,69.399,69.4413,8360,165.1
2017-08-31,69.399,69.8196,69.399,69.6095,9350,165.5
2017-09-01,69.4411,69.8196,69.399,69.7357,6600,165.8
2017-09-05,69.7355,76.6754,69.7355,72.2172,17664,171.7
2017-09-06,71.5441,73.8153,71.5441,73.5211,21645,174.8
2017-09-07,72.8059,78.6522,72.8059,76.7597,22184,182.5
2017-09-08,76.8857,76.8857,75.2874,75.7082,12300,180
2017-09-11,76.1286,77.1801,75.708,76.97,26735,183
2017-09-12,76.9698,77.7269,76.9698,77.5168,16360,184.3
2017-09-13,77.811,78.5681,77.811,78.0215,39191,185.5
2017-09-14,78.0213,78.1895,76.9698,78.0215,15530,185.5
2017-09-15,77.1801,77.811,76.5492,77.3065,11360,183.8
2017-09-18,76.5492,78.2316,76.5492,76.97,18300,183
2017-09-19,76.9698,77.3904,75.7501,76.1288,24020,181
2017-09-20,76.1286,76.1286,72.5956,72.5958,32367,172.6
2017-09-21,72.5956,72.5956,70.6608,71.0816,25117,169
2017-09-22,71.0814,72.5535,71.0814,72.1331,5310,171.5
2017-09-25,71.7123,73.1844,71.7123,72.8481,33330,173.2
2017-09-26,72.8479,72.8479,71.9226,72.1331,11426,171.5
2017-09-27,72.1329,74.4462,72.1329,73.6473,24580,175.1
2017-09-28,73.6891,78.2316,73.6891,75.2456,15110,178.9
2017-09-29,75.2874,75.2874,74.9089,75.2456,5000,178.9
2017-10-02,74.4462,75.0771,73.605,74.2361,12080,176.5
2017-10-03,74.2359,74.6565,73.8153,74.4464,13910,177
2017-10-04,73.8153,74.4462,73.8153,74.4464,8600,177
2017-10-05,74.4462,75.708,74.2359,74.867,34494,178
2017-10-06,74.8668,74.8668,73.6471,74.1099,6500,176.2
2017-10-09,75.4977,75.4977,74.1097,74.4464,3610,177
2017-10-10,75.708,75.708,73.605,74.2361,11040,176.5
2017-10-11,74.2311,75.9675,73.797,74.2314,46900,171
2017-10-12,74.2311,74.8823,74.2311,74.3616,14930,171.3
2017-10-13,74.3613,75.0993,73.797,75.0562,19600,172.9
2017-10-16,75.0559,75.0559,74.2311,74.2314,5000,171
2017-10-17,74.2311,74.4482,74.2311,74.4485,14330,171.5
2017-10-18,74.4482,74.4482,73.797,74.0144,5610,170.5
2017-10-19,74.0141,74.4916,74.0141,74.2748,12300,171.1
2017-10-20,73.797,74.5784,71.1924,72.495,36000,167
2017-10-23,69.456,79.7442,68.1537,73.7539,59380,169.9
2017-10-24,69.9335,73.797,69.456,73.7973,7400,170
2017-10-25,78.138,78.138,69.8901,72.495,2500,167
2017-10-26,69.6731,71.1924,68.5878,71.1493,5680,163.9
2017-10-27,69.456,70.3242,69.456,69.4563,5300,160
2017-10-30,69.456,71.1924,69.456,69.4997,3910,160.1
2017-10-31,69.456,69.456,69.0219,69.4563,2400,160
2017-11-01,69.456,69.456,69.0219,69.4563,6145,160
2017-11-02,69.0219,69.4126,67.2855,68.1106,12500,156.9
2017-11-03,68.5878,68.9785,66.8514,68.9788,12200,158.9
2017-11-06,67.7196,68.5878,67.7196,68.5881,9100,158
2017-11-07,68.1537,68.8049,68.1537,68.5881,3960,158
2017-11-08,68.5878,68.5878,68.1537,68.154,5100,157
2017-11-09,68.3708,68.3708,67.7196,68.154,5200,157
2017-11-10,68.1537,71.6265,68.1537,69.7168,10451,160.6
2017-11-13,69.0219,70.1072,68.5878,70.1074,9300,161.5
2017-11-14,70.1072,70.7583,70.1072,70.5416,8400,162.5
2017-11-15,70.1072,70.5413,70.1072,70.1509,17900,161.6
2017-11-16,70.1506,71.1924,70.1506,70.5416,9100,162.5
2017-11-17,70.7583,70.9754,69.8901,70.9757,7501,163.5
2017-11-20,70.3242,70.7583,70.1072,70.5416,4138,162.5
2017-11-21,70.3242,70.3242,69.456,69.4563,6100,160
2017-11-22,69.456,70.2374,69.0219,69.8904,8700,161
2017-11-23,69.8901,70.7583,69.8901,70.3245,13500,162
2017-11-24,70.3242,72.4947,70.3242,72.495,18700,167
2017-11-27,71.6265,73.797,71.6265,72.495,12610,167
2017-11-28,71.6265,72.0606,71.6265,71.6268,6400,165
2017-11-29,71.6265,72.0606,69.456,70.2811,11400,161.9
2017-11-30,70.3242,70.3242,69.8901,70.3245,6500,162
2017-12-01,70.3242,70.7583,69.456,70.6718,6550,162.8
2017-12-04,70.6715,71.2792,70.411,71.1059,9540,163.8
2017-12-05,71.1056,71.4095,71.1056,71.3663,15100,164.4
2017-12-06,71.8436,72.4947,71.1924,72.0609,25550,166
2017-12-07,72.0606,72.4947,71.6699,72.1043,15100,166.1
2017-12-08,72.104,72.7552,72.104,72.495,24600,167
2017-12-11,72.4947,72.5815,71.8436,71.8439,14000,165.5
2017-12-12,71.8436,72.9288,70.9754,72.9291,20400,168
2017-12-13,72.9288,72.9288,72.104,72.1043,10500,166.1
2017-12-14,72.104,72.9288,72.0606,72.1043,12840,166.1
2017-12-15,72.104,72.9288,71.1924,72.9291,35470,168
2017-12-18,73.797,76.8357,73.797,76.836,37601,177
2017-12-19,76.8357,76.8357,75.9675,76.836,2720,177
2017-12-20,77.2698,77.2698,75.9675,75.9678,2830,175
2017-12-21,75.5334,75.5334,73.3629,73.7973,13820,170
2017-12-22,73.797,75.0993,73.797,74.2314,15360,171
2017-12-25,74.2311,74.4916,72.9288,74.2314,9900,171
2017-12-26,73.3629,74.6652,73.1459,74.4485,4920,171.5
2017-12-27,74.4482,74.9257,73.797,74.2314,5900,171
2017-12-28,74.6652,74.6652,74.2311,74.2314,1331,171
2017-12-29,74.6652,76.4016,73.797,76.4019,21120,176
2018-01-02,76.8357,78.138,75.1427,77.7042,24110,179
2018-01-03,77.2698,79.2233,77.2698,79.0065,23140,182
2018-01-04,79.0062,79.0062,78.138,79.0065,5760,182
2018-01-05,79.0062,79.8744,78.7892,79.8747,13800,184
2018-01-08,79.6574,81.6108,79.6574,81.6111,22231,188
2018-01-09,81.6108,82.4356,81.6108,82.0018,14900,188.9
2018-01-10,80.7426,80.8294,79.4403,79.9182,8736,184.1
2018-01-11,79.9178,80.7426,75.9675,79.9182,25744,184.1
2018-01-12,78.138,79.0062,76.4016,78.1383,5900,180
2018-01-15,77.7039,77.7039,76.4016,76.836,4600,177
2018-01-16,76.6187,76.8357,74.4482,75.4903,14400,173.9
2018-01-17,75.49,76.4016,75.0993,75.9678,17420,175
2018-01-18,75.9675,77.2698,75.5334,77.2701,4925,178
2018-01-19,77.2698,79.4403,76.4016,77.2267,16900,177.9
2018-01-22,77.2698,78.138,75.5334,75.5337,5700,174
2018-01-23,75.5334,79.4403,75.5334,76.836,15700,177
2018-01-24,76.8357,78.138,75.9675,75.9678,7026,175
2018-01-25,75.4466,75.9675,74.6652,75.3167,3110,173.5
2018-01-26,75.3164,75.9675,74.2311,74.6655,7900,172
2018-01-29,74.6652,74.6652,70.7583,73.3632,16605,169
2018-01-30,73.3629,73.3629,72.9288,73.3632,1800,169
2018-01-31,72.9288,74.6652,71.6265,73.3632,3710,169
2018-02-01,72.9288,73.7536,72.9288,73.7539,1900,169.9
2018-02-02,73.3629,73.797,72.0606,73.7973,9300,170
2018-02-05,72.9288,74.6652,72.4947,73.7973,3800,170
2018-02-06,72.0606,72.0606,69.456,71.6268,15120,165
2018-02-07,70.7583,73.797,70.7583,71.6268,5010,165
2018-02-08,71.6265,71.6265,69.456,69.4563,19074,160
2018-02-09,71.6265,71.6265,70.7583,70.7586,200,163
2018-02-12,69.8901,70.7583,69.8901,70.7586,800,163
2018-02-13,71.2358,72.2777,70.3242,72.0175,4874,165.9
2018-02-21,73.797,73.797,71.6265,72.9291,1200,168
2018-02-22,72.9288,72.9288,71.6265,71.6268,1300,165
2018-02-23,72.9288,72.9288,71.5397,71.54,10910,164.8
2018-02-26,71.6265,71.6265,70.7583,70.7586,1200,163
2018-02-27,70.7583,71.1924,68.1971,69.0222,9603,159
2018-02-28,70.3242,70.3242,67.7196,69.4563,1500,160
2018-03-01,69.456,69.456,67.7196,68.5881,19620,158
2018-03-02,68.5878,68.5878,65.115,67.2424,10516,154.9
2018-03-05,65.115,67.2421,64.2902,65.9835,7316,152
2018-03-06,66.4173,66.4173,64.2468,65.9835,7900,152
2018-03-07,64.6809,65.9832,63.3786,65.3323,6100,150.5
2018-03-08,64.0185,65.325,63.1475,64.9018,4700,149
2018-03-09,64.6718,64.6718,61.4055,64.5534,10800,148.2
2018-03-12,60.97,64.454,58.0957,60.546,27446,139
2018-03-13,60.099,66.588,56.615,62.7239,5990,144
2018-03-14,60.099,61.4055,57.9215,61.4172,20603,141
2018-03-15,60.5345,61.1878,60.099,60.1104,6100,138
2018-03-16,65.8602,65.8602,60.1105,61.681,5900,118
2018-03-19,56.4516,56.9743,55.5107,55.5129,12900,106.2
2018-03-20,50.1792,50.1792,49.9701,49.9721,4410,95.6
2018-03-21,45.0045,49.6565,45.0045,47.0448,74100,90
2018-03-22,45.4749,46.5203,42.3387,46.5221,51962,89
2018-03-23,45.4749,45.4749,44.9522,45.4767,3400,87
2018-03-26,42.8614,43.5409,40.9274,40.929,13700,78.3
2018-03-27,37.1117,41.2933,37.1117,40.5108,29700,77.5
2018-03-28,40.5093,42.8614,40.5093,42.8631,16608,82
2018-03-29,42.8614,43.3841,40.8751,43.2812,8300,82.8
2018-03-30,43.2796,43.2796,40.7706,43.1767,10900,82.6
2018-04-02,40.7706,41.816,40.7706,40.7722,5600,78
2018-04-03,38.6798,41.2933,37.1117,41.2949,34200,79
2018-04-04,41.2933,41.2933,37.3731,37.3745,27900,71.5
2018-04-05,37.6344,38.6798,36.3277,36.3291,16000,69.5
2018-04-06,37.1117,37.3731,36.4845,36.7472,28100,70.3
2018-04-09,36.8504,38.1571,36.6413,37.0609,12100,70.9
2018-04-10,36.6413,37.0594,36.4845,36.5904,10200,70
2018-04-11,35.0209,36.589,33.1915,33.1927,19660,63.5
2018-04-12,33.9755,36.014,33.2437,36.0154,18000,68.9
2018-04-13,36.589,38.4185,36.589,38.4199,18970,73.5
2018-04-16,37.6344,37.6344,36.0663,36.4859,14930,69.8
2018-04-17,34.0278,36.589,33.9755,35.4927,16600,67.9
2018-04-18,36.4845,36.4845,35.4913,35.8063,3100,68.5
2018-04-19,34.0278,35.5436,33.4528,34.4995,7304,66
2018-04-20,34.2369,35.2823,33.9755,34.7609,9200,66.5
2018-04-23,33.9755,34.4982,33.4528,33.7155,11100,64.5
2018-04-24,32.9301,33.9232,32.1461,33.9245,16500,64.9
2018-04-26,33.9755,33.9755,32.4074,33.9245,810,64.9
2018-04-27,33.9232,34.4982,33.9232,34.2382,3604,65.5
2018-05-02,33.6096,35.0209,33.4528,34.97,3709,66.9
2018-05-03,34.4982,34.6027,34.4982,34.6041,2000,66.2
2018-05-04,34.4982,34.7596,34.1846,34.4995,4000,66
2018-05-07,33.4528,34.4982,33.1915,34.4995,7540,66
2018-05-08,33.7142,34.4982,33.3483,34.4995,9400,66
2018-05-09,33.7142,35.4913,33.7142,35.0223,3000,67
2018-05-10,34.9164,34.9164,33.7142,34.4473,3800,65.9
2018-05-11,33.4528,35.0209,32.9301,35.0223,1100,67
2018-05-15,31.5188,34.4982,31.5188,34.2382,16370,65.5
2018-05-16,33.4528,34.6027,33.4528,34.6041,400,66.2
2018-05-17,33.9755,34.2369,33.7664,34.2382,4360,65.5
2018-05-18,33.9755,33.9755,32.1983,33.5064,2130,64.1
2018-05-21,33.4528,33.4528,32.4074,32.9314,22700,63
2018-05-22,33.1915,33.4528,32.4074,32.4087,11452,62
2018-05-23,32.9301,33.4528,32.6688,33.4018,4900,63.9
2018-05-24,33.4528,33.7142,32.9301,33.7155,2570,64.5
2018-05-25,33.4528,33.9232,32.9301,33.9245,6360,64.9
2018-05-28,33.4528,34.1846,32.5119,33.4541,16650,64
2018-05-29,32.9301,34.9686,31.937,34.97,4610,66.9
2018-05-30,34.8118,34.8118,34.8118,34.8132,380,66.6
2018-05-31,34.4982,35.1777,34.4982,35.1791,16470,67.3
2018-06-01,35.0209,36.3277,35.0209,36.3291,5440,69.5
2018-06-04,36.589,39.2025,36.589,38.6813,3350,74
2018-06-05,37.6344,37.6867,37.5299,37.6359,3520,72
2018-06-06,37.1117,37.6344,36.589,36.5904,3610,70
2018-06-07,36.8504,38.1571,36.8504,38.1586,14960,73
2018-06-08,38.1571,40.2479,38.1571,40.2495,20400,77
2018-06-11,40.2479,42.8614,40.2479,41.8176,24140,80
2018-06-12,41.2933,42.0774,39.7252,42.0267,16950,80.4
2018-06-13,41.816,43.6455,41.816,42.8631,18520,82
2018-06-14,42.0774,43.3318,42.0774,42.3926,3110,81.1
2018-06-15,42.0774,42.6001,41.5547,42.6017,7850,81.5
2018-06-18,42.6001,43.6977,41.816,41.8176,7100,80
2018-06-19,39.7252,41.2933,37.8958,41.2949,15300,79
2018-06-20,40.5093,40.5093,38.6798,39.204,2710,75
2018-06-21,39.2025,39.9343,39.2025,39.8836,10942,76.3
2018-06-22,39.7252,41.032,39.7252,40.929,15460,78.3
2018-06-25,40.9274,41.7115,40.9274,41.504,16130,79.4
2018-06-26,41.032,41.816,41.032,41.8176,3802,80
2018-06-27,41.2933,42.8614,41.2933,42.3403,29150,81
2018-06-28,41.3456,41.5547,39.9866,41.2949,2500,79
2018-06-29,41.2933,41.2933,41.032,41.0858,2800,78.6
2018-07-02,39.2025,40.7706,39.2025,40.2495,1500,77
2018-07-03,40.7706,40.7706,40.7706,40.7722,201,78
2018-07-04,40.6661,40.6661,37.6344,39.9881,3312,76.5
2018-07-05,37.6867,39.2025,36.589,39.204,1800,75
2018-07-06,39.2025,39.2025,39.2025,39.204,18,75
2018-07-09,36.589,36.589,36.589,36.5904,300,70
2018-07-10,34.0278,36.2754,33.2437,36.2768,5401,69.4
2018-07-11,34.4982,34.4982,34.4982,34.4995,2000,66
2018-07-12,35.5436,35.5436,34.9686,34.97,1400,66.9
2018-07-13,33.5051,34.7596,31.8847,33.3496,14162,63.8
2018-07-16,34.4982,35.0209,33.4528,33.9768,3300,65
2018-07-17,34.4982,34.4982,33.9232,33.9245,1015,64.9
2018-07-18,34.4459,34.4982,32.9301,33.9245,5030,64.9
2018-07-19,33.3483,33.4528,32.6688,33.4541,3550,64
2018-07-20,32.4074,32.6688,31.8847,32.67,14014,62.5
2018-07-23,31.8847,33.1392,31.8847,31.8859,3827,61
2018-07-24,31.6234,31.8847,31.362,31.8859,3160,61
2018-07-25,31.8847,32.9301,31.8847,32.6177,3300,62.4
2018-07-26,31.8847,33.7142,31.8847,33.7155,2501,64.5
2018-07-27,32.1461,33.7142,32.1461,32.9314,2920,63
2018-07-30,32.4074,33.4528,32.4074,32.67,4900,62.5
2018-07-31,32.4074,32.1461,32.9301,31.3632,17600,60
2018-08-01,31.8847,32.6688,31.8847,32.67,3900,62.5
2018-08-02,32.6165,32.9301,32.4074,32.4087,2180,62
2018-08-03,33.6619,33.6619,33.6619,33.6632,103,64.4
2018-08-06,32.9301,32.9301,32.6688,32.67,700,62.5
2018-08-07,31.8847,32.4074,31.8847,32.4087,2210,62
2018-08-08,32.6688,32.9301,32.1983,32.9314,3300,63
2018-08-09,32.4074,33.4528,31.8847,33.1927,5820,63.5
2018-08-10,32.9301,33.1915,32.4074,32.9314,8800,63
2018-08-13,32.6688,32.9301,31.8847,32.8268,7200,62.8
2018-08-14,33.4528,33.4528,33.2437,33.245,670,63.6
2018-08-15,32.4074,33.2437,32.4074,33.245,1508,63.6
2018-08-16,33.1392,33.2437,33.1392,33.245,2200,63.6
2018-08-17,33.1915,35.0209,32.9301,33.9768,28324,65
2018-08-20,33.9755,34.7596,33.9755,34.7609,9750,66.5
2018-08-21,34.7596,35.2823,33.9755,33.9768,7120,65
2018-08-22,33.9755,34.2369,33.3483,33.3496,16900,63.8
2018-08-23,33.4528,34.2369,33.3483,34.2382,11100,65.5
2018-08-24,33.4528,33.7142,32.9301,33.7155,1230,64.5
2018-08-27,33.7142,33.9755,33.4528,33.7155,1600,64.5
2018-08-28,34.4982,35.5436,34.4982,35.0223,23480,67
2018-08-29,35.0209,35.2823,34.7596,34.7609,2300,66.5
2018-08-30,34.7596,34.7596,34.4982,34.7609,2782,66.5
2018-08-31,33.9755,34.4982,32.9301,34.4995,5000,66
2018-09-04,34.4982,34.7596,33.7142,34.7086,7300,66.4
2018-09-05,34.7073,34.7596,33.4528,34.2382,4760,65.5
2018-09-06,34.2369,34.4982,34.2369,34.4995,1100,66
2018-09-07,32.9824,33.7142,32.9824,33.7155,1160,64.5
2018-09-10,33.4528,33.7142,32.9301,32.9314,2100,63
2018-09-11,33.4528,33.7142,32.4074,33.3496,8400,63.8
2018-09-12,33.4528,33.5573,32.6688,33.4541,4250,64
2018-09-13,33.4528,36.7981,33.4528,36.7995,50334,70.4
2018-09-14,36.9549,38.7321,36.9549,38.4722,38186,73.6
2018-09-17,38.2616,38.2616,36.3277,36.5904,7600,70
2018-09-18,36.0663,36.0663,34.4982,35.4927,20174,67.9
2018-09-19,35.4913,35.9618,34.4982,35.9632,4835,68.8
2018-09-20,35.5436,35.5436,34.8641,35.545,2424,68
2018-09-21,35.0209,35.1254,33.4005,33.4541,9060,64
2018-09-24,33.4528,33.9755,32.9301,33.9768,6800,65
2018-09-25,33.9755,34.4982,33.9755,34.4995,2300,66
2018-09-26,34.4982,34.4982,33.7142,33.7155,2502,64.5
2018-09-27,33.2437,33.4528,32.4074,33.1927,15442,63.5
2018-09-28,32.9301,33.1915,32.6688,33.1927,8702,63.5
2018-10-01,32.9301,33.1915,32.9301,33.1405,2840,63.4
2018-10-02,33.1915,34.2369,33.1915,34.2382,7900,65.5
2018-10-03,34.4982,35.5436,34.4982,34.8654,11501,66.7
2018-10-04,35.5436,35.5436,34.7596,35.0223,11048,67
2018-10-05,34.6027,35.0209,34.5505,34.7086,6600,66.4
2018-10-08,34.655,34.8641,34.5505,34.8654,4750,66.7
2018-10-09,35.0209,37.1117,35.0209,36.5904,18245,70
2018-10-10,36.0663,38.1571,36.0663,36.5904,32314,70
2018-10-11,35.0209,35.0209,33.871,34.97,7700,66.9
2018-10-12,35.5436,35.5436,34.4982,35.0223,1735,67
2018-10-15,38.0003,38.0003,35.0732,35.1268,9610,67.2
2018-10-16,35.1254,37.3731,35.1254,37.1131,6864,71
2018-10-17,37.1117,37.6344,37.1117,37.6359,8136,72
2018-10-18,38.1048,38.5753,36.7458,37.6359,10319,72
2018-10-19,37.6344,37.6344,36.014,36.0677,3800,69
2018-10-22,36.0663,36.7981,35.5436,35.545,3914,68
2018-10-23,35.4913,35.4913,34.08,35.4927,7300,67.9
2018-10-24,34.7596,34.7596,34.655,34.7609,3410,66.5
2018-10-25,34.4982,35.9095,34.4982,35.9109,9300,68.7
2018-10-26,35.2823,35.5436,34.7596,34.7609,3050,66.5
2018-10-29,34.5505,34.6027,34.4982,34.6041,900,66.2
2018-10-30,34.3937,34.9686,33.9755,34.97,2000,66.9
2018-10-31,35.4391,35.4391,33.9755,35.0223,1550,67
2018-11-01,33.9755,34.4459,33.4528,34.4473,2618,65.9
2018-11-02,32.9824,34.4459,32.9824,34.4473,15750,65.9
2018-11-05,33.5573,34.2369,33.5573,33.6109,3280,64.3
2018-11-06,33.4528,33.9755,33.296,33.82,14637,64.7
2018-11-07,32.9301,33.7142,32.9301,33.245,11330,63.6
2018-11-08,33.1915,33.1915,33.0869,33.0882,1630,63.3
2018-11-09,33.0869,33.6096,32.6688,32.67,9500,62.5
2018-11-12,32.4074,32.721,32.1461,32.7223,1000,62.6
2018-11-13,32.5119,32.5119,32.4074,32.4087,600,62
2018-11-14,31.8847,32.4074,31.362,32.4087,12296,62
2018-11-15,31.8847,32.4074,31.8847,32.4087,1300,62
2018-11-16,31.8847,32.4074,31.8847,32.4087,300,62
2018-11-19,31.5188,32.4074,31.362,32.4087,9405,62
2018-11-20,31.362,31.4143,30.8916,30.8928,7500,59.1
2018-11-21,30.8393,30.8916,30.3689,30.37,4100,58.1
2018-11-22,30.3689,30.3689,27.3372,27.3383,41739,52.3
2018-11-23,26.135,26.135,25.0896,26.136,31540,50
2018-11-26,26.135,26.6577,25.6123,26.6587,5600,51
2018-11-27,26.135,27.1804,25.4032,26.136,9240,50
2018-11-28,25.4032,25.9259,25.0896,25.9269,9700,49.6
2018-11-29,25.351,25.6123,25.1419,25.2997,3236,48.4
2018-11-30,25.2987,25.2987,24.5669,24.5679,5004,47
2018-12-03,24.5669,25.2987,24.5669,25.2997,6460,48.4
2018-12-04,25.2987,27.8076,25.2987,26.2928,6704,50.3
2018-12-05,26.2918,28.1213,26.2918,27.7042,16868,53
2018-12-06,27.7031,27.9645,27.7031,27.7042,3700,53
2018-12-07,27.7031,28.4872,27.7031,28.3837,5700,54.3
2018-12-10,27.7031,28.3826,27.7031,27.7042,5010,53
2018-12-11,27.1804,27.4418,26.7622,27.4428,1570,52.5
2018-12-12,28.3303,28.3303,28.1213,28.1224,405,53.8
2018-12-13,28.1213,28.1213,27.5986,27.7042,11600,53
2018-12-14,27.7031,27.9645,27.494,27.9655,5100,53.5
2018-12-17,27.9645,27.9645,27.2849,27.4428,21525,52.5
2018-12-18,27.494,27.494,27.1804,27.4951,4320,52.6
2018-12-19,27.715,27.7704,26.6064,27.7742,1000,50.1
2018-12-20,27.7704,27.7704,27.7704,27.7742,100,50.1
2018-12-21,26.3847,26.3847,26.3847,26.3883,520,47.6
2018-12-24,26.3293,27.715,26.0521,26.3328,4000,47.5
2018-12-25,26.0521,26.2738,25.8858,26.2774,1300,47.4
2018-12-26,25.2761,27.715,25.1652,27.7188,3740,50
2018-12-27,26.8836,27.715,26.8836,27.7188,610,50
2018-12-28,27.715,27.9922,26.8836,27.8296,2420,50.2
2019-01-02,27.4379,27.4379,26.6064,26.61,753,48
2019-01-03,26.6064,27.4379,25.4978,27.4416,3500,49.5
2019-01-04,26.0521,26.8281,26.0521,26.8318,500,48.4
2019-01-07,26.8281,27.715,26.8281,26.8318,1253,48.4
2019-01-08,26.939,27.715,26.939,27.6079,11200,49.8
2019-01-09,27.6041,27.9922,27.4379,27.9959,10310,50.5
2019-01-11,27.715,27.8813,27.1607,27.8851,500,50.3
2019-01-14,27.8813,27.8813,27.8813,27.8851,200,50.3
2019-01-15,27.715,28.6019,27.715,28.2731,14500,51
2019-01-16,28.5465,28.9899,28.2693,28.6058,16500,51.6
2019-01-17,28.2693,28.8236,28.2693,28.8275,3611,52
2019-01-18,27.9922,28.7127,27.715,28.7166,10120,51.8
2019-01-21,28.7127,28.7127,26.6064,27.1644,5500,49
2019-01-22,26.4955,26.8281,24.7772,26.4437,10500,47.7
2019-01-23,26.2184,26.2184,24.9435,25.2795,14000,45.6
2019-01-24,25.4424,26.0521,25.4424,26.0556,2100,47
2019-01-25,24.6664,25.5532,24.2229,24.2262,9580,43.7
2019-01-28,22.7817,25.3869,22.7817,24.836,6200,44.8
2019-01-29,23.2806,25.4978,23.2806,25.5013,2200,46
2019-01-30,25.2207,25.2207,23.8349,24.7806,2600,44.7
2019-01-31,24.9435,25.0544,24.8881,24.8914,1620,44.9
2019-02-01,23.6132,24.7772,23.5578,24.7806,700,44.7
2019-02-11,24.7772,24.7772,24.5555,24.5588,2220,44.3
2019-02-12,25.3869,25.3869,23.6686,23.6718,1200,42.7
2019-02-13,24.5555,24.5555,24.2783,24.2816,1700,43.8
2019-02-14,24.2783,24.9435,24.2783,24.7251,1760,44.6
2019-02-15,24.7218,25.7195,24.7218,25.723,976,46.4
2019-02-18,25.4978,27.1607,25.4978,27.1644,1683,49
2019-02-19,27.4379,27.4379,26.0521,26.2219,2102,47.3
2019-02-20,26.2184,27.1607,26.2184,26.2774,7200,47.4
2019-02-21,27.1607,27.1607,26.0521,26.3328,6000,47.5
2019-02-22,25.4978,26.6064,25.4978,26.3328,3200,47.5
2019-02-25,26.8836,26.8836,25.8304,26.3328,3010,47.5
2019-02-26,26.0521,26.2738,25.4978,26.2774,9110,47.4
2019-02-27,25.6087,25.6087,25.4978,25.5013,5800,46
2019-02-28,25.4978,25.9412,25.4978,25.6676,27424,46.3
2019-03-01,26.0521,28.2139,26.0521,28.2177,16150,50.9
2019-03-04,27.1607,29.9322,27.1607,29.2156,15220,52.7
2019-03-05,29.267,29.267,26.6618,27.7742,15210,50.1
2019-03-06,28.8236,29.6551,27.8259,29.4373,15235,53.1
2019-03-07,29.3779,32.3157,29.3779,32.1538,44522,58
2019-03-08,31.5951,32.1494,31.0408,31.8766,22890,57.5
2019-03-11,31.8723,32.7037,31.0408,32.7081,11955,59
2019-03-12,32.4266,33.5906,32.3157,33.5397,10600,60.5
2019-03-13,33.4243,33.8123,32.7037,33.2625,6085,60
2019-03-14,32.8146,32.8146,32.482,32.4864,9795,58.6
2019-03-15,32.482,32.5928,31.0408,32.5973,14400,58.8
2019-03-18,32.4266,32.7037,31.3734,31.4885,11404,56.8
2019-03-19,31.0962,32.1494,31.0408,31.5439,4200,56.9
2019-03-20,31.5951,32.5374,31.5951,32.5418,2520,58.7
2019-03-21,32.5374,32.5374,31.0408,31.1004,2800,56.1
2019-03-22,31.5951,31.5951,31.5951,31.5994,520,57
2019-03-25,31.0408,31.5397,30.2094,31.045,11510,56
2019-03-26,29.9322,31.5951,29.9322,31.2668,5148,56.4
2019-03-27,31.0408,31.0408,31.0408,31.045,600,56
2019-03-28,30.8191,31.0408,30.8191,30.9896,856,55.9
2019-03-29,29.9322,30.9854,29.9322,29.9363,5010,54
2019-04-01,30.9299,30.9299,30.9299,30.9341,101,55.8
2019-04-02,30.8745,30.8745,29.4888,29.4928,3100,53.2
2019-04-04,29.6551,29.9322,28.8236,29.4373,5299,53.1
2019-04-05,28.8236,29.4333,28.2693,29.4373,1900,53.1
2019-04-08,28.8236,29.3225,28.0476,29.3264,18100,52.9
2019-04-09,28.8236,29.1008,28.0476,28.7721,19800,51.9
2019-04-10,27.8259,28.7127,27.715,28.7166,2108,51.8
2019-04-11,28.7682,28.7682,27.8259,28.4949,5000,51.4
2019-04-12,29.3779,29.3779,28.5465,28.5503,1330,51.5
2019-04-16,27.715,27.9367,27.715,27.8296,1600,50.2
2019-04-17,27.8259,27.8259,27.8259,27.8296,200,50.2
2019-04-18,27.715,27.9922,27.2161,27.2198,2200,49.1
2019-04-19,27.2161,27.2716,27.2161,27.2753,1240,49.2
2019-04-22,26.9944,26.9944,24.5555,24.7251,26479,44.6
2019-04-23,24.9435,26.6064,24.9435,24.9469,2120,45
2019-04-24,23.6132,24.3892,23.2806,23.8381,10000,43
2019-04-25,23.8349,24.1121,23.7795,23.7827,10200,42.9
2019-04-26,23.5578,23.5578,22.7263,23.0066,8310,41.5
2019-05-02,22.7263,22.7263,22.172,22.175,6310,40
2019-05-03,21.9503,22.7263,21.9503,21.9533,10110,39.6
2019-05-06,21.6177,21.6177,21.3406,21.3434,13520,38.5
2019-05-07,23.3915,23.3915,21.3406,21.3434,1520,38.5
2019-05-08,21.3406,21.3406,21.0634,21.3434,4300,38.5
2019-05-09,21.3406,21.3406,21.3406,21.3434,2300,38.5
2019-05-10,21.3406,21.6177,21.3406,21.6206,1200,39
2019-05-13,21.6177,22.7263,21.6177,22.7294,2800,41
2019-05-14,22.7263,22.7263,21.6731,22.4522,2100,40.5
2019-05-15,22.7263,22.948,22.172,22.9511,400,41.4
2019-05-17,22.172,22.172,21.8949,21.8978,1600,39.5
2019-05-20,22.172,22.172,21.6177,21.8978,2700,39.5
2019-05-21,22.6154,22.6154,21.6177,21.6206,1730,39
2019-05-22,22.4492,22.4492,21.0634,21.8978,5940,39.5
2019-05-23,21.8949,22.172,21.8949,21.8978,600,39.5
2019-05-24,21.1743,21.1743,20.8971,21.1217,1499,38.1
2019-05-27,21.6177,21.6177,21.008,21.3434,6000,38.5
2019-05-28,21.2851,21.396,21.2851,21.3989,4760,38.6
2019-05-29,21.396,21.396,21.0634,21.3434,2700,38.5
2019-05-31,21.3406,21.3406,21.3406,21.3434,40,38.5
2019-06-03,21.5623,21.5623,20.8417,21.0663,4410,38
2019-06-04,20.8971,21.0634,20.8417,21.0663,500,38
2019-06-05,21.2297,21.2297,20.4537,21.0663,8100,38
2019-06-06,20.7863,20.7863,20.5091,20.5119,2800,37
2019-06-07,20.7863,20.7863,20.5091,20.7891,9800,37.5
2019-06-10,20.8417,20.8417,20.8417,20.8445,600,37.6
2019-06-11,21.0634,21.0634,21.0634,21.0663,2500,38
2019-06-12,21.0634,21.2297,21.0634,21.2326,1710,38.3
2019-06-13,22.0611,22.0611,21.5623,21.5652,900,38.9
2019-06-19,21.5623,21.5623,21.1188,21.1217,2200,38.1
2019-06-20,20.5645,21.0634,20.5645,20.6228,2800,37.2
2019-06-21,20.62,20.7308,20.62,20.7336,1100,37.4
2019-06-24,20.7863,20.7863,20.5091,20.7336,4800,37.4
2019-06-25,20.5645,20.7863,20.5645,20.6782,1661,37.3
2019-06-26,20.5645,20.5645,20.5645,20.5673,500,37.1
2019-06-27,20.6754,21.1743,20.62,21.1771,500,38.2
2019-06-28,20.7308,21.1743,20.7308,20.7891,2000,37.5
2019-07-01,20.7308,21.3406,20.7308,20.9554,1808,37.8
2019-07-02,22.7263,22.7263,20.7308,20.7891,2100,37.5
2019-07-03,21.0634,21.0634,20.5645,20.7891,5100,37.5
2019-07-04,21.1743,21.1743,20.5645,20.7891,10950,37.5
2019-07-05,21.0634,21.0634,20.7308,20.7336,4942,37.4
2019-07-08,21.0634,21.396,20.7863,20.7891,4062,37.5
2019-07-09,21.0634,22.8372,21.0634,22.8403,15762,41.2
2019-07-10,23.2806,25.1098,23.2806,25.0578,36592,45.2
2019-07-11,25.775,25.775,24.3892,24.5034,4052,44.2
2019-07-12,23.8349,23.8349,23.2806,23.3392,8240,42.1
2019-07-15,22.7263,23.5023,22.172,22.2304,6182,40.1
2019-07-16,21.8949,22.172,21.396,21.6206,10517,39
2019-07-17,21.3406,22.172,20.7863,21.8424,5370,39.4
2019-07-18,21.8394,21.8394,21.6177,21.6206,4410,39
2019-07-19,21.396,22.56,21.2851,22.3413,10330,40.3
2019-07-22,22.3383,22.8372,22.3383,22.5076,9620,40.6
2019-07-23,22.4492,22.5046,22.3383,22.3413,3900,40.3
2019-07-24,21.6731,21.8949,21.6177,21.6206,3898,39
2019-07-25,21.6731,21.6731,21.4514,21.5652,5495,38.9
2019-07-26,21.5623,21.5623,21.5068,21.5098,2519,38.8
2019-07-29,21.5068,21.5068,21.3406,21.3434,500,38.5
2019-07-30,21.3406,21.6177,21.3406,21.4543,5300,38.7
2019-07-31,21.6177,21.6177,21.6177,21.6206,700,39
2019-08-01,21.9503,21.9503,21.9503,21.9533,1440,39.6
2019-08-02,21.9503,21.9503,21.8949,21.8978,2800,39.5
2019-08-05,22.0057,22.172,21.9503,22.0641,1600,39.8
2019-08-06,22.172,24.0012,22.1166,23.2838,11620,42
2019-08-07,23.2806,23.2806,22.6709,22.7294,5000,41
2019-08-08,22.7263,23.0035,22.6154,22.7294,10400,41
2019-08-09,22.8372,22.8926,22.7263,22.8403,19010,41.2
2019-08-12,22.8926,23.0589,22.8926,23.062,600,41.6
2019-08-13,23.0589,23.5578,22.8372,22.8403,7500,41.2
2019-08-14,22.8372,22.8372,22.2274,22.2304,5229,40.1
2019-08-15,22.2274,23.0035,22.2274,22.2304,3000,40.1
2019-08-16,22.2829,22.3937,22.2829,22.2859,2800,40.2
2019-08-19,22.8372,22.8372,21.784,21.7869,8410,39.3
2019-08-20,21.8394,22.0611,21.8394,22.0641,2700,39.8
2019-08-21,21.9503,22.1166,21.8394,21.8424,9110,39.4
2019-08-22,22.8926,22.8926,21.3406,22.1196,7030,39.9
2019-08-23,21.6177,22.1166,21.6177,22.1196,200,39.9
2019-08-26,22.1166,22.172,21.5623,21.5652,1100,38.9
2019-08-27,21.6177,21.6177,21.6177,21.6206,1700,39
2019-08-28,21.396,21.396,21.3406,21.3434,2600,38.5
2019-08-29,21.3406,21.6177,21.0634,21.5652,14700,38.9
2019-08-30,21.3406,21.6177,21.3406,21.6206,5920,39
2019-09-03,21.6177,21.6177,21.3406,21.6206,3600,39
2019-09-04,20.8417,21.1188,20.8417,21.1217,3400,38.1
2019-09-10,20.5645,20.62,20.5645,20.5673,1400,37.1
2019-09-11,20.232,21.1188,20.0102,21.1217,4000,38.1
2019-09-12,20.3982,20.3982,20.3982,20.401,500,36.8
2019-09-13,20.4537,21.0634,20.0657,21.0663,1600,38
2019-09-16,21.6177,22.7263,21.396,22.4522,5570,40.5
2019-09-17,22.7263,22.7263,22.2274,22.2304,3320,40.1
2019-09-18,22.2274,24.2229,22.2274,24.1708,21431,43.6
2019-09-19,24.6664,24.6664,23.8349,24.1708,23130,43.6
2019-09-20,24.1675,24.3338,23.8349,23.8381,20420,43
2019-09-23,23.8349,23.8349,22.2829,23.7273,7310,42.8
2019-09-24,23.0589,23.0589,22.7817,22.7848,2440,41.1
2019-09-25,23.7795,23.8349,23.7795,23.8381,1800,43
2019-09-26,23.8349,23.8349,23.0035,23.0066,3130,41.5
2019-09-27,23.0035,23.2806,22.5046,23.2838,3510,42
2019-09-30,23.2806,23.2806,22.7817,22.8957,2217,41.3
2019-10-01,23.2806,23.2806,22.948,22.9511,1600,41.4
2019-10-02,23.1697,23.1697,22.3937,22.6739,7300,40.9
2019-10-03,22.6709,22.7263,22.56,22.5631,800,40.7
2019-10-04,22.56,23.0035,22.4492,23.0066,9910,41.5
2019-10-07,23.0035,23.336,23.0035,23.062,3300,41.6
2019-10-08,23.9458,24.5001,23.3915,24.5034,14100,44.2
2019-10-09,24.6109,24.6109,24.1675,24.1708,10700,43.6
2019-10-10,24.3892,24.6664,24.3892,24.4479,8648,44.1
2019-10-11,24.5001,26.8836,24.5001,26.1111,62199,47.1
2019-10-14,26.7727,28.1584,26.3293,26.3328,14580,47.5
2019-10-15,26.3293,27.0498,26.3293,26.8872,11450,48.5
2019-10-16,27.1607,27.1607,26.4401,26.4437,17436,47.7
2019-10-17,26.4955,26.551,26.3847,26.5546,11669,47.9
2019-10-18,26.551,26.6064,26.2738,26.3883,8612,47.6
2019-10-21,26.4955,27.1607,26.4401,27.1644,17123,49
2019-10-22,27.1607,27.1607,26.7727,26.8318,9479,48.4
2019-10-23,26.8281,26.8836,26.551,26.5546,13660,47.9
2019-10-24,26.5826,26.5826,25.9644,25.966,1350,42
2019-10-25,26.5826,26.5826,25.4698,25.4715,1660,41.2
2019-10-28,25.4698,25.4698,25.3462,25.3478,15260,41
2019-10-29,25.408,25.4698,25.3462,25.4715,5150,41.2
2019-10-30,25.408,25.6553,25.408,25.6569,1310,41.5
2019-10-31,25.408,25.5317,25.0371,25.0387,4320,40.5
2019-11-01,25.0371,25.0371,24.4189,24.9769,6450,40.4
2019-11-04,26.3353,26.3353,24.1098,24.2968,7730,39.3
2019-11-05,24.2953,24.9753,24.2953,24.2968,2100,39.3
2019-11-06,24.3571,24.6044,24.2953,24.2968,6300,39.3
2019-11-07,24.2953,24.3571,24.2953,24.3586,1900,39.4
2019-11-08,24.4189,24.4189,24.4189,24.4204,460,39.5
2019-11-11,24.4189,24.4189,24.4189,24.4204,20,39.5
2019-11-12,24.728,24.728,24.6044,24.6677,1100,39.9
2019-11-13,25.1607,25.2226,25.0371,25.0387,1560,40.5
2019-11-14,25.3462,25.6553,25.0371,25.1623,4300,40.7
2019-11-15,25.2226,25.5935,25.2226,25.5951,2800,41.4
2019-11-18,25.8408,25.9026,25.3462,25.3478,1920,41
2019-11-19,25.6553,25.7789,25.408,25.4096,3900,41.1
2019-11-20,25.408,25.408,25.408,25.4096,4600,41.1
2019-11-21,25.408,25.8408,25.3462,25.8424,5045,41.8
2019-11-22,25.7789,25.7789,24.728,25.6569,9400,41.5
2019-11-25,25.6553,25.7789,25.408,25.7806,7360,41.7
2019-11-26,25.408,25.6553,25.408,25.5333,4600,41.3
2019-11-27,25.5935,25.7171,25.5317,25.5951,3750,41.4
2019-11-28,25.6553,25.8408,25.6553,25.6569,11100,41.5
2019-11-29,25.9644,26.459,25.9644,26.3988,6500,42.7
2019-12-02,26.5826,26.8917,26.5826,26.5843,12412,43
2019-12-03,26.8917,26.8917,26.5826,26.6461,10547,43.1
2019-12-04,26.7062,26.7062,26.5826,26.6461,14800,43.1
2019-12-05,29.0554,29.0554,27.0153,27.2025,3700,44
2019-12-06,27.5099,27.8808,27.5099,27.8208,3912,45
2019-12-09,28.4372,28.4372,27.5717,27.6353,3500,44.7
2019-12-10,28.1281,28.1281,27.6335,27.7589,6100,44.9
2019-12-11,28.4372,29.0554,28.0045,28.0062,4207,45.3
2019-12-12,28.1281,28.1899,28.0663,28.0681,1500,45.4
2019-12-13,28.3136,28.3136,27.6335,27.6353,4100,44.7
2019-12-16,27.6335,27.819,27.6335,27.6353,1900,44.7
2019-12-17,27.6335,28.9936,27.2008,27.6353,3310,44.7
2019-12-18,27.2008,27.2626,26.6444,26.9552,3120,43.6
2019-12-19,26.7062,26.7062,26.5826,26.5843,2500,43
2019-12-20,26.5826,26.5826,26.5826,26.5843,1200,43
2019-12-23,26.2735,26.5826,26.088,26.5843,1300,43
2019-12-24,26.5826,26.5826,26.088,26.2752,2800,42.5
2019-12-25,26.2735,26.5826,26.2735,26.5843,2300,43
2019-12-26,26.5826,26.5826,26.3971,26.3988,700,42.7
2019-12-27,27.2008,27.2008,26.3971,26.3988,400,42.7
2019-12-30,26.3971,26.3971,26.2735,26.2752,1300,42.5
2019-12-31,26.2735,26.8917,26.2117,26.2133,2440,42.4
2020-01-02,26.459,26.459,26.1499,26.2133,3450,42.4
2020-01-03,26.2117,26.2117,26.1499,26.1515,2200,42.3
2020-01-06,26.1499,26.1499,26.1499,26.1515,50,42.3
2020-01-07,25.8408,26.3971,25.7789,26.3988,7620,42.7
2020-01-08,26.3971,26.5826,26.3971,26.3988,7417,42.7
2020-01-09,25.9644,26.3971,25.8408,25.8424,1763,41.8
2020-01-10,26.2735,26.2735,26.2735,26.2752,157,42.5
2020-01-13,26.2735,26.5208,25.9644,26.2752,1620,42.5
2020-01-14,26.2735,26.2735,25.9644,25.966,3200,42
2020-01-15,26.0262,26.0262,25.9644,25.966,2100,42
2020-01-16,25.9644,26.0262,25.6553,25.6569,4900,41.5
2020-01-17,25.6553,26.2735,25.6553,26.2752,4830,42.5
2020-01-20,26.2735,26.2735,26.2735,26.2752,100,42.5
2020-01-21,26.5826,26.5826,26.2735,26.2752,2500,42.5
2020-01-22,26.2735,26.2735,25.9644,25.966,1500,42
2020-01-30,25.9644,25.9644,25.408,25.9042,1410,41.9
2020-01-31,25.7171,25.7171,25.3462,25.3478,4700,41
2020-02-03,25.3462,25.3462,24.6044,25.3478,5500,41
2020-02-04,25.3462,25.3462,25.3462,25.3478,300,41
2020-02-05,25.3462,25.3462,25.3462,25.3478,800,41
2020-02-06,25.408,25.6553,25.3462,25.6569,600,41.5
2020-02-07,25.7171,25.7171,25.3462,25.7188,7300,41.6
2020-02-10,25.9644,28.1281,25.9644,27.0789,7020,43.8
2020-02-11,27.2008,27.2008,27.139,27.1407,1703,43.9
2020-02-12,27.819,29.7972,27.819,29.7991,20371,48.2
2020-02-13,31.5282,32.7646,30.91,32.7667,32480,53
2020-02-14,34.6192,35.2374,32.7646,34.0032,14878,55
2020-02-17,34.001,34.001,32.1464,34.0032,16450,55
2020-02-18,32.8264,34.001,32.1464,33.694,17638,54.5
2020-02-19,34.6192,37.0302,34.001,37.0325,16630,59.9
2020-02-20,37.7102,40.6776,37.092,39.5673,33870,64
2020-02-21,39.5648,40.4921,38.6375,38.64,14650,62.5
2020-02-24,38.6375,41.2958,37.092,39.32,25500,63.6
2020-02-25,39.3793,40.8012,39.1939,40.1856,13320,65
2020-02-26,40.183,40.183,38.9466,39.5673,9700,64
2020-02-27,39.0084,40.4921,38.0811,39.5673,18798,64
2020-02-28,38.9466,38.9466,36.1029,38.3308,21432,62
2020-03-02,37.7102,38.6375,35.8556,35.8579,8295,58
2020-03-03,35.2374,36.6593,33.6301,33.6322,33158,54.4
2020-03-04,33.6301,34.0628,33.6301,34.065,13290,55.1
2020-03-05,33.8774,34.8665,33.7537,34.8687,2615,56.4
2020-03-06,36.3502,36.3502,33.8774,34.9305,5100,56.5
2020-03-09,33.8774,33.8774,31.4664,31.4684,12050,50.9
2020-03-10,28.3754,31.5282,28.3754,29.0572,11100,47
2020-03-11,29.2409,29.2409,28.2517,28.3154,15600,45.8
2020-03-12,28.2517,28.2517,26.088,26.2752,16893,42.5
2020-03-13,26.2735,27.139,26.1499,27.1407,11545,43.9
2020-03-16,29.7972,29.7972,28.3754,29.0572,1510,47
2020-03-17,28.4372,28.4372,26.8299,28.1917,2715,45.6
2020-03-18,28.4372,29.6736,26.8917,26.8934,5323,43.5
2020-03-19,26.9535,27.2626,26.9535,27.2644,3100,44.1
2020-03-20,26.3353,27.7572,26.3353,26.6461,1000,43.1
2020-03-23,26.6444,27.4481,24.728,24.7296,5810,40
2020-03-24,24.728,24.8516,24.728,24.7914,1905,40.1
2020-03-25,25.7171,26.8917,25.6553,26.8934,2000,43.5
2020-03-26,26.5826,26.5826,25.9644,25.966,2000,42
2020-03-27,26.2735,26.2735,25.9644,25.966,3400,42
2020-03-30,25.9644,25.9644,24.9135,25.3478,2500,41
2020-03-31,25.3462,25.3462,25.3462,25.3478,1300,41
2020-04-01,22.9352,25.6553,22.9352,25.6569,2500,41.5
2020-04-03,25.7171,25.9644,25.6553,25.966,2400,42
2020-04-06,27.819,27.819,26.459,26.4606,200,42.8
2020-04-07,24.728,27.5099,24.728,26.8934,4410,43.5
2020-04-08,26.5826,29.179,26.5826,29.1809,2700,47.2
2020-04-09,26.9535,29.9827,26.9535,29.3045,2000,47.4
2020-04-10,29.6736,29.6736,29.6736,29.6755,100,48
2020-04-13,26.7681,28.8081,26.7681,28.3154,11100,45.8
2020-04-15,25.5935,28.4372,25.5935,28.439,1210,46
2020-04-16,28.4372,28.4372,28.1281,28.1299,3800,45.5
2020-04-17,28.2517,29.3645,28.2517,29.3664,5765,47.5
2020-04-20,29.6736,29.9827,29.3645,29.4282,4200,47.6
2020-04-21,29.7354,32.0846,29.6736,30.912,17410,50
2020-04-22,30.91,30.91,30.2918,30.6028,3660,49.5
2020-04-23,30.8482,30.8482,30.2918,30.7265,5900,49.7
2020-04-24,30.5391,30.5391,30.2918,30.2937,5510,49
2020-04-27,30.4154,30.4154,29.9827,29.9846,6640,48.5
2020-04-28,30.4154,32.4555,29.6736,32.2721,32620,52.2
2020-04-29,32.27,32.27,31.59,31.592,3200,51.1
2020-05-04,32.1464,32.1464,31.2191,31.5302,6600,51
2020-05-05,31.5282,31.5282,31.2191,31.4066,3300,50.8
2020-05-06,31.2809,31.4664,31.2191,31.4066,6400,50.8
2020-05-07,31.2809,31.3427,30.91,30.912,6800,50
2020-05-08,30.91,31.2191,29.7972,30.912,8200,50
2020-05-11,31.0336,31.2191,30.91,30.912,7600,50
2020-05-12,30.91,31.0955,30.2918,31.0356,6110,50.2
2020-05-13,31.0955,31.5282,30.91,31.0356,9850,50.2
2020-05-14,31.0955,32.641,31.0955,31.9011,8100,51.6
2020-05-15,31.8991,32.2082,31.0955,31.0974,14530,50.3
2020-05-18,31.0955,31.2191,30.91,31.2211,2500,50.5
2020-05-19,31.2191,31.5282,31.1573,31.2211,5900,50.5
2020-05-20,31.5282,32.7646,31.5282,32.3957,18300,52.4
2020-05-21,32.1464,33.9392,32.1464,33.7559,26954,54.6
2020-05-22,32.8264,33.6301,32.7646,33.3849,4600,54
2020-05-25,33.6919,34.001,33.2592,33.4467,3501,54.1
2020-05-26,32.9501,33.7537,32.7646,33.7559,9400,54.6
2020-05-27,33.0737,33.3828,32.7646,33.3849,1450,54
2020-05-28,33.5683,34.6192,33.3828,33.3849,11000,54
2020-05-29,33.3828,33.3828,32.8882,32.8903,480,53.2
2020-06-01,32.8882,32.8882,32.7646,32.7667,1840,53
2020-06-02,32.7646,33.0737,32.7646,33.0758,2760,53.5
2020-06-03,33.0737,33.0737,33.0737,33.0758,1610,53.5
2020-06-04,33.0737,33.6919,33.0737,33.3849,2080,54
2020-06-05,32.8264,33.0737,32.7646,32.7667,3000,53
2020-06-08,33.3828,34.3101,33.1973,34.0032,28920,55
2020-06-09,34.3101,35.5465,33.3828,35.4251,19230,57.3
2020-06-10,35.1756,35.1756,33.3828,33.694,13300,54.5
2020-06-11,35.5465,35.5465,31.5282,31.5302,19610,51
2020-06-12,31.0336,32.1464,30.4154,32.1484,5320,52
2020-06-15,31.8373,31.8373,30.4154,30.4174,7460,49.2
2020-06-16,31.4046,31.4046,30.91,30.912,3702,50
2020-06-17,31.4046,31.4046,31.4046,31.4066,128,50.8
2020-06-18,32.0228,32.0228,32.0228,32.0248,209,51.8
2020-06-19,31.2191,32.1464,30.91,32.0866,2600,51.9
2020-06-22,30.9718,31.5282,30.9718,31.5302,900,51
2020-06-23,31.5282,32.0228,31.2191,31.5302,4844,51
2020-06-24,31.4664,31.9609,31.2191,31.7775,4410,51.4
2020-06-25,31.7755,31.7755,31.7755,31.7775,1600,51.4
2020-06-26,31.7755,31.7755,31.7755,31.7775,10,51.4
2020-06-29,31.0336,31.0336,30.6009,30.6028,7600,49.5
2020-06-30,31.4664,31.4664,30.6009,30.6028,800,49.5
2020-07-01,30.6627,30.91,30.6627,30.7883,1900,49.8
2020-07-02,30.7864,30.8482,30.4154,30.8501,6204,49.9
2020-07-03,30.91,31.2191,30.91,31.2211,1939,50.5
2020-07-06,30.4154,30.91,30.4154,30.912,800,50
2020-07-07,30.9718,31.4664,30.9718,31.4684,1100,50.9
2020-07-08,31.4664,31.4664,31.4046,31.4066,1200,50.8
2020-07-09,31.4046,31.4046,31.0955,31.0974,2700,50.3
2020-07-10,31.0955,31.2191,30.91,31.2211,2139,50.5
2020-07-13,31.0336,31.2191,31.0336,31.2211,3500,50.5
2020-07-14,31.5282,31.7755,31.2191,31.2211,3810,50.5
2020-07-15,31.5282,32.3937,31.5282,32.3957,6500,52.4
2020-07-16,32.1464,32.1464,32.1464,32.1484,100,52
2020-07-17,31.6518,31.6518,30.9718,31.5302,1430,51
2020-07-20,32.1464,34.1246,32.1464,33.0758,11560,53.5
2020-07-21,35.5465,36.3502,35.2992,36.3525,19641,58.8
2020-07-22,36.4738,38.9466,36.4738,38.0217,15320,61.5
2020-07-23,37.092,37.7102,36.9065,36.9089,6850,59.7
2020-07-24,36.2883,36.7829,34.001,35.4869,15330,57.4
2020-07-27,34.6192,34.6192,32.8264,33.0758,5710,53.5
2020-07-28,34.3101,35.2374,34.3101,34.9305,4400,56.5
2020-07-29,34.9283,34.9283,33.0737,34.6214,3400,56
2020-07-30,35.2374,35.2374,35.2374,35.2396,1280,57
2020-07-31,34.001,34.001,34.001,34.0032,820,55
2020-08-03,34.6192,37.092,34.6192,37.0944,8700,60
2020-08-04,37.4629,38.2666,37.092,37.0944,4730,60
2020-08-05,37.7102,37.7102,37.092,37.0944,7500,60
2020-08-06,37.092,37.7102,37.092,37.7126,7020,61
2020-08-07,37.8338,38.9466,37.8338,38.64,10424,62.5
2020-08-10,38.6375,39.3793,37.7102,37.7744,9700,61.1
2020-08-11,37.772,37.772,37.1538,37.4035,2500,60.5
2020-08-12,38.3284,38.3284,38.3284,38.3308,2000,62
2020-08-13,38.3284,38.6375,37.5866,38.269,5381,61.9
2020-08-14,38.2666,38.2666,37.5247,37.5271,2100,60.7
2020-08-17,38.0193,38.2048,37.8957,38.2072,4300,61.8
2020-08-18,38.2048,38.2048,38.2048,38.2072,29,61.8
2020-08-19,38.0193,38.2048,37.5866,38.2072,7200,61.8
2020-08-20,39.1939,41.6667,39.1939,41.6075,23455,67.3
2020-08-21,41.6049,41.6049,40.8012,41.0511,10410,66.4
2020-08-24,41.0485,42.6558,41.0485,42.0403,22410,68
2020-08-25,42.0376,43.8922,41.7903,43.895,23100,71
2020-08-26,44.5104,46.365,43.954,43.9568,13710,71.1
2020-08-27,42.6558,44.4486,42.1612,44.4514,6840,71.9
2020-08-28,43.8922,43.8922,42.8413,42.844,8900,69.3
2020-08-31,42.3467,42.9649,42.2231,42.473,12401,68.7
2020-09-01,42.6558,43.8922,42.6558,43.8332,6909,70.9
2020-09-03,43.5831,44.5104,43.5831,44.5132,18100,72
2020-09-04,43.8922,45.0668,43.274,43.2767,10630,70
2020-09-07,43.0267,43.5831,42.6558,43.3386,14518,70.1
2020-09-08,43.1504,43.6449,42.9649,43.6477,14700,70.6
2020-09-09,43.3976,43.6449,43.274,43.6477,4900,70.6
2020-09-10,43.6449,45.7468,43.6449,44.6369,25829,72.2
2020-09-11,44.5722,44.9431,43.7686,44.6369,15900,72.2
2020-09-14,46.4268,48.5905,44.8195,48.2227,56771,78
2020-09-15,48.1578,48.1578,46.5505,47.9135,6412,77.5
2020-09-16,47.9105,47.9723,47.6014,47.6662,25600,77.1
2020-09-17,46.9832,47.725,46.0559,46.1825,26520,74.7
2020-09-18,46.3032,46.4268,45.8086,46.3061,16620,74.9
2020-09-21,46.3032,46.3032,45.7468,45.997,20400,74.4
2020-09-22,45.8704,46.0559,45.4377,46.0588,10300,74.5
2020-09-23,45.7468,46.0559,45.5613,45.7497,11460,74
2020-09-24,45.685,45.685,45.1286,45.3788,4900,73.4
2020-09-25,45.3141,45.3141,44.7577,45.1315,15080,73
2020-09-28,45.1286,47.6014,45.0668,47.1098,65710,76.2
2020-09-29,47.1068,47.725,47.1068,47.5426,68929,76.9
2020-09-30,47.6014,47.6014,47.2923,47.5426,20510,76.9
2020-10-01,47.5396,47.5396,46.4886,47.1717,39810,76.3
2020-10-02,47.1687,47.2923,46.4886,46.7389,29430,75.6
2020-10-05,47.1068,47.1068,46.7977,46.9244,11650,75.9
2020-10-06,46.9214,49.3324,46.9214,49.3355,76509,79.8
2020-10-07,49.3324,49.3324,49.0851,49.15,21620,79.5
2020-10-08,49.2087,49.2087,48.4051,48.7791,18766,78.9
2020-10-09,48.776,48.776,48.2196,48.5936,21914,78.6
2020-10-12,48.5905,48.6523,48.2196,48.4081,18489,78.3
2020-10-13,48.3432,48.4669,48.1578,48.47,8624,78.4
2020-10-14,48.4051,48.4051,48.1578,48.2227,12086,78
2020-10-15,48.2196,48.4051,47.6014,47.6662,32058,77.1
2020-10-16,46.9832,48.2196,46.9214,48.2227,38510,78
2020-10-19,48.3978,48.3978,44.8581,45.8131,22240,67.3
2020-10-20,45.8111,45.8111,41.5227,42.2734,50630,62.1
2020-10-21,42.2034,42.2034,39.5487,42.2053,17400,62
2020-10-22,41.1824,42.2034,40.842,41.6607,13990,61.2
2020-10-23,41.6588,41.6588,40.842,41.2523,14476,60.6
2020-10-26,41.1824,41.2504,40.1613,40.1631,18406,59
2020-10-27,40.0932,40.1613,38.2553,39.2781,34648,57.7
2020-10-28,38.7999,39.1403,37.9831,38.3251,20136,56.3
2020-10-29,38.0511,38.0511,37.0982,37.4402,15400,55
2020-10-30,37.4385,37.7108,36.4175,36.4191,25671,53.5
2020-11-02,36.4175,37.0982,35.1922,37.0998,19550,54.5
2020-11-03,37.0301,38.4596,37.0301,38.257,41806,56.2
2020-11-04,38.2553,38.7318,37.7789,38.5293,22490,56.6
2020-11-05,38.7318,41.1143,38.7318,40.5035,37504,59.5
2020-11-06,40.5017,40.5697,39.0722,39.8227,10290,58.5
2020-11-09,39.4806,40.0252,39.4806,39.9589,11320,58.7
2020-11-10,39.5487,39.6167,39.1403,39.5504,14470,58.1
2020-11-11,39.5487,39.7529,39.4806,39.5504,12600,58.1
2020-11-12,39.1403,39.5487,39.1403,39.4143,7304,57.9
2020-11-13,39.4806,39.5487,39.3445,39.4143,9510,57.9
2020-11-16,39.4806,40.1613,39.4806,39.8908,43060,58.6
2020-11-17,40.1613,42.8841,40.1613,42.7499,55067,62.8
2020-11-18,42.8841,42.8841,40.4336,42.6137,9121,62.6
2020-11-19,42.2034,42.6118,41.8631,42.0011,12740,61.7
2020-11-20,41.8631,42.8841,41.5908,42.5456,44240,62.5
2020-11-23,42.5438,42.5438,42.0673,42.4776,21216,62.4
2020-11-24,42.4076,42.5438,42.1353,42.5456,50385,62.5
2020-11-25,42.5438,43.4967,42.5438,43.0902,38721,63.3
2020-11-26,42.3395,43.2925,42.3395,42.6818,34251,62.7
2020-11-27,43.0883,43.0883,42.2715,42.5456,22544,62.5
2020-11-30,42.5438,42.6118,42.2034,42.2734,23310,62.1
2020-12-01,42.2034,42.2034,40.842,42.0011,41870,61.7
2020-12-02,41.5227,42.748,41.5227,42.7499,29800,62.8
2020-12-03,42.748,44.2455,42.748,43.9071,34378,64.5
2020-12-04,43.9052,43.9052,43.2245,43.5667,10620,64
2020-12-07,43.5648,43.769,43.2245,43.7029,19226,64.2
2020-12-08,43.7009,44.6539,43.7009,44.1794,28440,64.9
2020-12-09,44.2455,44.5859,43.8371,44.2475,16968,65
2020-12-10,44.2455,44.2455,43.9052,44.1113,12250,64.8
2020-12-11,44.1094,44.4497,44.1094,44.4517,13970,65.3
2020-12-14,44.5859,44.9262,44.2455,44.7921,19140,65.8
2020-12-15,44.7901,45.4027,44.7901,44.9282,23753,66
2020-12-16,44.9262,45.8792,44.9262,45.6089,5200,67
2020-12-17,45.675,45.743,44.3816,45.0643,18840,66.2
2020-12-18,45.0623,45.743,45.0623,45.6089,9200,67
2020-12-21,45.4708,46.628,45.4708,46.63,16400,68.5
2020-12-22,47.3087,47.5129,46.696,47.4469,26460,69.7
2020-12-23,47.4448,49.2146,47.4448,47.6511,25076,70
2020-12-24,49.6911,51.0525,46.2876,47.6511,21300,70
2020-12-25,50.576,50.576,47.7851,49.2849,6440,72.4
2020-12-28,49.0104,49.0104,48.6701,49.0126,7670,72
2020-12-29,48.5339,48.8743,48.3297,48.8764,6100,71.8
2020-12-30,48.5339,48.8743,47.9894,47.9915,16295,70.5
2020-12-31,47.9213,48.8743,47.9213,48.8764,11624,71.8
2021-01-04,49.0104,49.8272,48.6701,49.2849,11141,72.4
2021-01-05,49.2827,51.0525,49.2827,49.7614,22219,73.1
2021-01-06,49.8953,51.7332,49.8953,51.7355,27200,76
2021-01-07,51.7332,52.8904,51.7332,52.8927,10997,77.7
2021-01-08,52.4139,53.7753,52.0736,52.7566,41226,77.5
2021-01-11,52.6862,54.5241,52.6862,54.4584,29310,80
2021-01-12,54.456,55.1367,54.1157,54.7307,18519,80.4
2021-01-13,54.7283,54.7964,53.7753,53.9819,9450,79.3
2021-01-14,53.7753,53.7753,52.9585,53.7777,19835,79
2021-01-15,54.456,59.0848,54.456,58.4747,21840,85.9
2021-01-18,58.6763,62.2841,58.4721,61.6061,30655,90.5
2021-01-19,59.289,59.289,55.4771,57.5217,33000,84.5
2021-01-20,57.5192,57.5192,53.7753,57.1813,9166,84
2021-01-21,57.1788,61.9437,56.4981,61.9465,21700,91
2021-01-22,59.5613,59.5613,57.8595,59.2235,26808,87
2021-01-25,55.8174,58.2679,55.0006,57.2494,2975,84.1
2021-01-26,57.2469,57.8595,55.8855,57.8621,15810,85
2021-01-27,57.5872,57.7234,55.1367,56.1602,12900,82.5
2021-01-28,53.1627,53.435,50.576,50.5783,29961,74.3
2021-01-29,46.9683,55.6132,46.9683,55.6157,16718,81.7
2021-02-01,55.4771,55.6813,54.456,55.6837,2110,81.8
2021-02-02,53.435,61.1269,53.435,61.1296,14800,89.8
2021-02-03,59.2209,61.9437,59.2209,61.1977,13915,89.9
2021-02-04,60.9227,61.1269,59.2209,60.2446,10100,88.5
2021-02-05,59.9016,60.5823,58.8806,60.585,13200,89
2021-02-08,61.9437,62.6244,60.5823,61.9465,27608,91
2021-02-09,61.9437,62.6244,61.9437,62.5591,15105,91.9
2021-02-17,67.3893,68.7507,66.7086,68.7538,41940,101
2021-02-18,70.7928,70.7928,68.07,69.5026,38619,102.1
2021-02-19,69.4314,70.7247,69.3633,70.7279,27100,103.9
2021-02-22,71.4735,73.856,68.8868,70.7959,45200,104
2021-02-23,70.7928,73.5156,70.7928,73.1104,26450,107.4
2021-02-24,72.8349,73.4475,69.4314,70.1152,22020,103
2021-02-25,70.1802,71.8139,70.1802,71.4767,35400,105
2021-02-26,71.0651,71.1332,68.8188,71.0682,20520,104.4
2021-03-01,70.4525,73.856,68.7507,73.7912,58220,108.4
2021-03-02,73.7198,74.5367,73.1753,73.1785,23000,107.5
2021-03-03,72.8349,73.1753,70.7928,72.7701,18800,106.9
2021-03-04,73.5156,73.6517,70.4525,72.8381,28620,107
2021-03-05,73.5156,73.5156,70.7928,72.702,11050,106.8
2021-03-08,72.8349,73.5156,72.1542,73.2466,27800,107.6
2021-03-09,73.5156,80.5268,73.5156,80.5304,89500,118.3
2021-03-10,81.9563,88.4229,81.8201,86.4527,50145,127
2021-03-11,87.1296,87.8103,84.4068,85.4316,67515,125.5
2021-03-12,84.4068,86.1086,84.4068,85.4997,37475,125.6
2021-03-15,87.8103,94.0047,86.2447,93.8046,69940,137.8
2021-03-16,93.9366,94.6173,89.8524,91.8986,56460,135
2021-03-17,89.3078,92.5752,89.3078,92.5793,16450,136
2021-03-18,93.1198,93.392,89.9205,92.5793,19510,136
2021-03-19,90.5331,90.6692,88.491,89.8564,27334,132
2021-03-22,89.8524,90.1928,87.1296,87.4738,17254,128.5
2021-03-23,87.1296,87.1296,85.0194,85.7039,30500,125.9
2021-03-24,85.7001,85.7001,77.1914,82.7087,117100,121.5
2021-03-25,82.7051,85.0194,80.3226,82.981,25600,121.9
2021-03-26,83.0454,83.0454,76.9191,83.0491,24400,122
2021-03-29,82.3647,83.658,81.684,83.0491,30900,122
2021-03-30,83.7261,85.1556,83.7261,83.7298,22702,123
2021-03-31,83.7261,85.0875,83.4538,85.0913,15144,125
2021-04-01,85.0875,87.1296,85.0875,86.4527,19701,127
2021-04-02,86.4489,86.7893,85.7682,86.7931,7200,127.5
2021-04-05,86.4489,86.4489,83.7261,84.4106,13311,124
2021-04-06,84.4068,85.0875,83.7261,84.3425,12910,123.9
2021-04-07,84.4068,87.1296,84.4068,86.3847,12704,126.9
2021-04-08,83.8622,86.4489,83.7261,86.2485,1701,126.7
2021-04-09,86.4489,87.8103,86.3808,87.8142,40600,129
2021-04-12,88.4229,88.4229,86.4489,87.8142,6100,129
2021-04-13,87.1296,87.1296,85.7682,85.772,17900,126
2021-04-14,81.684,87.1296,81.684,86.4527,22448,127
2021-04-15,86.4489,88.491,85.0875,87.0654,29800,127.9
2021-04-16,87.0615,88.3549,85.1556,87.1335,24800,128
2021-04-19,86.7893,95.8426,86.7893,95.8468,38324,140.8
2021-04-20,95.9787,99.7226,93.2559,94.6215,16000,139
2021-04-22,89.7163,89.7163,85.1556,85.1594,60509,125.1
2021-04-23,76.783,87.1296,76.783,87.0654,42000,127.9
2021-04-26,86.4489,86.4489,82.3647,85.4316,10100,125.5
2021-04-27,83.0454,84.0665,81.0033,84.0702,12700,123.5
2021-04-28,83.9984,83.9984,83.0454,83.7298,10300,123
2021-04-29,83.0454,83.7261,82.4328,83.6618,6400,122.9
2021-05-04,83.0454,83.0454,81.684,82.5045,5400,121.2
2021-05-05,82.5008,83.7261,82.5008,83.7298,11204,123
2021-05-06,83.1135,83.7261,83.0454,83.5937,5700,122.8
2021-05-07,83.59,83.7261,82.3647,83.0491,8600,122
2021-05-10,83.7261,83.7261,83.0454,83.6618,5300,122.9
2021-05-11,83.5219,91.8264,82.7051,87.1335,16427,128
2021-05-12,87.1296,89.8524,87.1296,87.2015,7200,128.1
2021-05-13,86.3128,86.3128,83.0454,83.0491,5200,122
2021-05-14,83.0454,84.3387,83.0454,83.3895,4627,122.5
2021-05-17,81.8201,83.3858,81.8201,83.2533,5700,122.3
2021-05-18,81.7521,83.3858,81.7521,83.1172,7500,122.1
2021-05-19,83.0454,83.59,81.8882,83.0491,14100,122
2021-05-20,81.9563,82.8412,79.9823,81.0069,50200,119
2021-05-21,81.684,81.684,80.731,81.6196,8610,119.9
2021-05-24,81.684,83.3858,80.3907,81.6196,5216,119.9
2021-05-25,81.6159,81.6159,80.3226,80.4623,11300,118.2
2021-05-26,80.1865,80.3226,78.4166,79.3051,13100,116.5
2021-05-27,79.3016,79.6419,78.8931,79.3051,13300,116.5
2021-05-28,78.6209,79.778,78.2805,79.7816,18100,117.2
2021-05-31,80.3226,81.684,79.778,81.6876,12700,120
2021-06-01,81.684,84.4068,81.684,84.4106,8200,124
2021-06-02,84.6791,87.1296,84.4068,86.4527,14280,127
2021-06-03,86.4489,88.1507,86.4489,87.7461,17100,128.9
2021-06-04,87.8103,87.8103,84.5429,86.5889,29501,127.2
2021-06-07,83.7261,83.7942,82.5008,82.5045,4500,121.2
2021-06-08,83.7261,87.47,82.4328,84.9551,7850,124.8
2021-06-09,84.7472,85.4279,83.4538,85.2955,4510,125.3
2021-06-10,83.9303,85.2917,83.8622,84.3425,3044,123.9
2021-06-11,84.3387,85.7682,84.3387,85.4997,1000,125.6
2021-06-14,85.2236,85.7682,83.7261,85.772,3916,126
2021-06-15,85.7682,86.3128,84.4068,86.3166,5000,126.8
2021-06-16,87.1296,93.9366,87.1296,91.6944,61900,134.7
2021-06-17,91.2138,97.3401,91.2138,95.983,22139,141
2021-06-18,95.9787,97.3401,91.8945,95.2342,34465,139.9
2021-06-21,92.6433,95.2299,92.2349,92.7835,9600,136.3
2021-06-22,92.7794,92.7794,90.5331,91.2179,14602,134
2021-06-23,89.1717,90.5331,82.0924,87.7461,32600,128.9
2021-06-24,85.4279,87.9464,85.0875,87.9504,8000,129.2
2021-06-25,88.0145,90.7373,85.0875,87.4738,14910,128.5
2021-06-28,84.6791,87.1296,84.4749,86.725,13900,127.4
2021-06-29,86.7212,86.7212,86.4489,86.725,3500,127.4
2021-06-30,85.7682,86.2447,84.1345,86.2485,19600,126.7
2021-07-01,86.2447,86.2447,84.4068,84.7509,16730,124.5
2021-07-02,85.2236,85.6321,83.7261,85.6359,5400,125.8
2021-07-05,85.564,86.1766,84.4068,86.1805,5700,126.6
2021-07-06,85.0875,86.3808,81.684,81.6876,8400,120
2021-07-07,82.7731,83.1135,81.684,83.1172,15604,122.1
2021-07-08,83.1135,83.1135,81.684,83.0491,2300,122
2021-07-09,83.7261,84.4068,82.5008,83.5937,4800,122.8
2021-07-12,83.59,83.59,80.3226,80.4623,8400,118.2
2021-07-13,81.684,82.9093,81.684,82.9129,3500,121.8
2021-07-14,82.3647,83.0454,81.684,83.0491,10700,122
2021-07-15,81.8201,83.2496,81.8201,83.0491,2901,122
2021-07-16,83.0454,83.0454,83.0454,83.0491,7000,122
2021-07-19,81.684,83.0454,81.684,83.0491,2900,122
2021-07-20,81.0033,83.3858,81.0033,83.3895,6400,122.5
2021-07-21,85.0875,86.4489,81.684,83.6618,18000,122.9
2021-07-22,83.0454,85.7682,83.0454,85.5678,9600,125.7
2021-07-23,85.564,85.564,77.0552,82.7087,11502,121.5
2021-07-26,82.7051,82.7051,80.3907,82.6407,8800,121.4
2021-07-27,82.637,83.3858,81.1394,83.3214,9800,122.4
2021-07-28,83.3177,83.3177,83.2496,83.2533,305,122.3
2021-07-29,82.4328,83.3177,82.4328,83.2533,3800,122.3
2021-07-30,83.2496,83.2496,81.684,82.981,4500,121.9
2021-08-02,82.9773,83.7261,82.0244,83.0491,12525,122
2021-08-04,83.7942,85.0875,83.7942,85.0913,9700,125
2021-08-05,84.4749,87.0615,84.4068,85.6359,12200,125.8
2021-08-06,85.8363,86.3128,85.7682,85.772,6200,126
2021-08-09,86.4489,88.491,86.4489,88.4269,17500,129.9
2021-08-10,86.1086,88.4229,86.1086,88.3588,3825,129.8
2021-08-11,89.1717,96.5913,89.1717,92.9197,34635,136.5
2021-08-12,93.5963,95.298,91.6222,91.6263,36760,134.6
2021-08-13,91.6222,91.8264,88.491,91.8305,18932,134.9
2021-08-16,91.8264,95.9787,91.8264,95.983,68518,141
2021-08-17,96.6594,97.3401,95.298,95.3022,26505,140
2021-08-18,95.3661,101.4243,95.3661,101.2927,31900,148.8
2021-08-19,102.105,106.8699,101.2882,106.8747,62484,157
2021-08-20,106.8699,107.0741,101.2201,102.1095,34635,150
2021-08-23,100.199,104.7597,100.131,103.4029,18520,151.9
2021-08-24,102.7857,103.4664,100.4033,102.7903,35800,151
2021-08-25,103.1261,103.4664,102.0369,103.471,5800,152
2021-08-26,104.4875,107.5506,103.4664,103.6071,21130,152.2
2021-08-27,103.4664,105.3043,102.2411,104.8325,14910,154
2021-08-30,104.8278,108.912,104.8278,108.2361,18742,159
2021-08-31,108.2313,108.5717,106.8699,106.8747,21600,157
2021-09-01,105.5085,106.1892,104.1471,106.1939,21016,156
2021-09-06,106.2573,106.2573,103.5345,104.2198,36027,153.1
2021-09-07,102.4454,104.4194,101.4243,104.2879,13600,153.2
2021-09-08,104.1471,106.8018,104.1471,106.1939,10634,156
2021-09-09,106.6657,110.5457,106.2573,110.2783,33634,162
2021-09-10,110.2734,110.6138,108.5717,110.2783,23420,162
2021-09-14,106.8699,107.891,105.8489,107.8957,11204,158.5
2021-09-16,110.3415,110.886,109.9331,110.6867,18190,162.6
2021-09-17,110.9541,121.7092,110.9541,118.1067,65837,173.5
2021-09-20,118.1015,122.526,118.1015,119.4682,31118,175.5
2021-09-21,119.4629,120.4158,117.8972,119.9447,14000,176.2
2021-09-22,120.4839,123.2067,120.4839,121.8507,30720,179
2021-09-23,121.8453,121.8453,117.7611,117.9025,14900,173.2
2021-09-24,117.7611,117.8292,115.1064,115.1115,11750,169.1
2021-09-27,115.1064,117.0804,112.3155,114.3627,28900,168
2021-09-28,112.3836,117.0804,112.3155,117.0856,24103,172
2021-09-29,119.8032,121.8453,115.719,117.3579,12715,172.4
2021-09-30,119.8032,119.8032,115.7871,117.3579,12709,172.4
2021-10-01,117.7611,117.8292,115.9232,116.4049,18410,171
2021-10-04,116.3997,116.7401,115.719,116.4049,20240,171
2021-10-05,116.4678,119.0544,116.4678,118.4471,20520,174
2021-10-06,117.2846,118.4418,117.2846,118.3109,8005,173.8
2021-10-07,118.3057,119.1225,108.912,119.1278,41500,175
2021-10-08,119.4644,119.4644,115.749,118.9688,15026,166.5
2021-10-11,116.8208,120.036,116.8208,119.3261,12700,167
2021-10-12,119.6788,121.3221,118.607,118.9688,11710,166.5
2021-10-13,118.9643,120.036,118.607,119.3261,14382,167
2021-10-14,119.3215,119.4644,118.607,119.3261,16431,167
2021-10-15,120.036,120.2504,118.9643,119.0403,13406,166.6
2021-10-18,119.0357,119.1786,117.5353,117.5398,16202,164.5
2021-10-19,117.178,117.178,115.3918,115.682,20500,161.9
2021-10-20,115.749,116.1063,114.32,115.5391,17911,161.7
2021-10-21,116.4635,116.8208,113.6055,113.6099,47700,159
2021-10-22,113.6055,113.6055,110.7475,110.7518,27161,155
2021-10-25,110.7475,112.8196,105.746,107.1791,43442,150
2021-10-27,114.32,114.32,112.0336,112.8239,18325,157.9
2021-10-28,112.891,112.891,110.7475,112.4666,12305,157.4
2021-10-29,112.248,112.3909,110.3188,110.9661,22010,155.3
2021-11-01,110.8904,110.9619,108.604,108.9654,28010,152.5
2021-11-02,109.3185,111.3906,109.3185,109.7514,17700,153.6
2021-11-03,109.7472,110.6761,109.3185,109.3227,20950,153
2021-11-04,109.4614,110.033,109.3185,109.7514,5200,153.6
2021-11-05,109.7472,112.7481,108.604,112.6095,16300,157.6
2021-11-08,114.32,120.7505,112.6052,117.897,47000,165
2021-11-09,117.8925,119.3215,115.9634,116.2536,7321,162.7
2021-11-10,117.8925,117.8925,114.32,116.468,12120,163
2021-11-11,110.1045,115.749,110.033,114.6817,15733,160.5
2021-11-12,114.2486,114.32,111.6764,111.6806,11800,156.3
2021-11-15,111.9622,113.9628,110.9619,112.8953,26700,158
2021-11-16,110.7475,112.8196,110.7475,110.8947,8509,155.2
2021-11-17,112.1765,112.1765,110.7475,112.0379,13111,156.8
2021-11-18,113.6055,114.9631,112.3909,114.9675,12503,160.9
2021-11-19,115.8205,117.5353,108.6755,114.9675,20016,160.9
2021-11-22,114.9631,114.9631,111.1762,112.5381,4300,157.5
2021-11-23,109.6758,112.0336,109.6758,112.0379,8422,156.8
2021-11-24,112.0336,112.891,110.7475,112.5381,8009,157.5
2021-11-25,112.5338,114.32,111.462,112.3237,7802,157.2
2021-11-26,111.462,112.8196,110.8904,111.8235,8300,156.5
2021-11-29,111.8193,112.1765,109.3185,112.1808,4522,157
2021-11-30,111.9622,112.0336,111.1048,111.8235,4300,156.5
2021-12-01,111.9622,111.9622,108.2468,110.3945,25800,154.5
2021-12-02,109.3185,110.3188,108.8184,110.0372,3244,154
2021-12-03,109.39,110.033,107.961,109.8943,10800,153.8
2021-12-06,108.1039,109.1756,105.746,105.7501,22100,148
2021-12-07,105.746,109.6758,105.746,108.8225,600,152.3
2021-12-08,110.033,110.033,108.604,109.1083,7802,152.7
2021-12-09,110.3903,110.5332,108.604,109.2512,5442,152.9
2021-12-10,108.604,109.9616,108.604,109.5371,4208,153.3
2021-12-13,111.1048,114.2486,109.39,110.0372,7000,154
2021-12-14,111.462,111.462,109.3185,109.8229,6101,153.7
2021-12-15,109.8187,109.8187,108.0324,109.2512,5644,152.9
2021-12-16,109.3185,109.3185,108.8184,109.3227,2300,153
2021-12-17,109.2471,109.3185,108.4611,109.2512,5200,152.9
2021-12-20,109.3185,109.3185,105.746,108.3224,9339,151.6
2021-12-21,107.5323,108.604,106.4605,108.3224,6206,151.6
2021-12-22,107.8895,108.2468,107.5323,107.8936,6400,151
2021-12-23,107.8895,107.8895,105.8889,107.1791,7400,150
2021-12-24,104.4599,107.175,104.4599,107.1791,4800,150
2021-12-27,108.604,109.3185,108.2468,108.2509,5989,151.5
2021-12-28,108.604,111.5335,108.2468,111.4663,9050,156
2021-12-29,111.462,112.0336,110.7475,111.8235,5001,156.5
2021-12-30,111.8193,111.8193,111.8193,111.8235,1000,156.5
2021-12-31,111.8193,112.1765,110.7475,111.8235,2200,156.5
2022-01-04,111.8193,112.7481,111.462,112.7524,6100,157.8
2022-01-05,112.7481,112.7481,110.1759,112.4666,3100,157.4
2022-01-06,109.8187,112.3909,109.8187,112.3952,700,157.3
2022-01-07,110.5332,110.8904,110.4617,110.8947,4203,155.2
2022-01-10,109.3185,113.2483,109.3185,112.2523,12007,157.1
2022-01-11,112.891,113.1768,112.1765,112.8953,8901,158
2022-01-12,112.891,114.2486,111.462,113.2526,1700,158.5
2022-01-13,112.9625,113.9628,111.462,113.324,9600,158.6
2022-01-14,113.3197,114.6773,110.033,113.1097,6701,158.3
2022-01-17,112.891,113.7484,111.462,113.6813,6200,159.1
2022-01-18,113.6055,113.6055,111.8193,112.8953,3701,158
2022-01-19,112.9625,114.2486,112.5338,113.324,6900,158.6
2022-01-20,113.2483,113.4626,113.0339,113.1811,7500,158.4
2022-01-21,113.2483,113.2483,102.888,103.2492,54000,144.5
2022-01-24,103.2453,104.317,100.1015,100.7484,9610,141
2022-01-25,100.7445,103.2453,100.03,102.1774,10000,143
2022-01-26,102.1735,102.1735,100.3873,100.7484,14900,141
2022-01-27,100.7445,101.2447,99.0297,101.1771,2700,141.6
2022-01-28,101.459,103.5311,101.459,103.1778,7920,144.4
2022-02-07,107.175,107.175,103.6025,103.6065,2400,145
2022-02-08,104.317,104.317,102.888,103.4636,1000,144.8
2022-02-09,104.317,104.317,100.816,104.2496,3200,145.9
2022-02-10,105.746,109.3185,103.7454,105.7501,1700,148
2022-02-11,106.1033,106.1033,105.6746,105.6786,200,147.9
2022-02-14,105.6746,105.6746,105.6746,105.6786,500,147.9
2022-02-15,105.6031,105.6031,105.0315,105.0355,1000,147
2022-02-16,105.0315,106.4605,104.317,106.2502,2100,148.7
2022-02-17,105.746,105.746,104.317,105.7501,900,148
2022-02-18,107.175,107.175,103.674,105.7501,2900,148
2022-02-21,105.746,105.746,104.317,105.4642,2207,147.6
2022-02-22,105.0315,105.0315,103.6025,104.9641,2010,146.9
2022-02-23,105.1744,105.8175,105.1744,105.6072,1100,147.8
2022-02-24,105.5317,105.5317,102.888,102.8919,5701,144
2022-02-25,104.3885,104.3885,102.888,103.2492,3455,144.5
2022-02-28,103.6025,103.6025,102.6022,102.8205,4700,143.9
2022-03-01,105.0315,109.6758,105.0315,105.893,1414,148.2
2022-03-02,106.4605,106.4605,104.3885,105.7501,1912,148
2022-03-03,105.746,111.8193,105.1744,108.9654,10500,152.5
2022-03-04,108.9613,112.1765,108.9613,110.0372,5814,154
2022-03-07,112.1051,118.2498,112.1051,116.1107,7701,162.5
2022-03-08,116.1063,116.535,113.9628,113.9671,5151,159.5
2022-03-09,113.6055,115.0345,113.6055,115.0389,3200,161
2022-03-10,114.8916,114.9631,110.7475,114.6817,2400,160.5
2022-03-11,118.2498,118.2498,111.5335,113.6099,4600,159
2022-03-14,113.6055,114.32,110.7475,113.6099,2800,159
2022-03-15,113.6055,113.9628,110.819,113.5384,700,158.9
2022-03-16,111.9622,113.6055,111.8907,112.1808,2000,157
2022-03-17,113.2483,113.2483,111.3191,112.8953,2500,158
2022-03-18,112.7481,112.7481,112.7481,112.7524,100,157.8
2022-03-21,112.1765,112.8196,111.3906,112.8239,5400,157.9
2022-03-22,110.8904,112.0336,103.6025,112.0379,2800,156.8
2022-03-23,111.8193,112.1765,110.4617,110.4659,2200,154.6
2022-03-24,108.6755,111.7478,99.4584,111.3948,8101,155.9
2022-03-25,112.891,112.891,107.8895,111.0376,900,155.4
2022-03-28,112.1765,112.1765,108.9613,110.7518,2900,155
2022-03-29,110.2474,110.3903,110.033,110.3945,4800,154.5
2022-03-30,109.6758,110.2474,103.6025,110.2516,2700,154.3
2022-03-31,110.6046,110.6046,107.175,110.2516,2600,154.3
2022-04-04,110.7475,111.1762,110.6761,111.1805,3705,155.6
2022-04-05,111.462,111.5335,110.3903,111.4663,5100,156
2022-04-06,110.7475,111.9622,110.7475,111.9664,1600,156.7
2022-04-07,108.9613,111.8193,108.9613,111.3234,3410,155.8
2022-04-08,111.462,111.462,109.3185,111.3234,701,155.8
2022-04-12,111.9622,114.32,110.033,112.6095,3305,157.6
2022-04-13,112.891,113.0339,111.462,112.9668,1804,158.1
2022-04-14,112.7481,114.6773,112.6052,114.6817,4300,160.5
2022-04-18,117.8925,119.3215,114.3915,115.1104,15817,161.1
2022-04-19,115.106,116.1063,115.106,115.682,15000,161.9
2022-04-20,115.749,115.749,113.8913,113.8957,6400,159.4
2022-04-21,112.5338,112.5338,107.175,109.68,13500,153.5
2022-04-22,107.8895,107.8895,102.888,106.3217,8500,148.8
2022-04-25,107.175,108.8898,101.459,104.3925,4800,146.1
2022-04-26,100.1015,105.746,100.03,105.7501,4500,148
2022-04-27,102.888,106.8178,101.459,106.8218,4800,149.5
2022-04-28,106.6034,106.8892,106.6034,106.8933,400,149.6
2022-04-29,106.8892,110.6761,106.8892,110.6803,3700,154.9
2022-05-04,110.3903,110.7475,108.3897,110.6803,4400,154.9
2022-05-05,108.5326,110.033,106.6034,109.68,3700,153.5
2022-05-06,107.8895,107.8895,107.175,107.1791,1400,150
2022-05-09,105.746,107.5323,102.1735,102.1774,7400,143
2022-05-10,102.245,102.888,100.3873,102.1774,7900,143
2022-05-11,102.245,103.9598,101.459,102.8205,6000,143.9
2022-05-12,102.5308,102.5308,98.601,98.6048,11200,138
2022-05-13,98.601,100.03,93.5995,96.3183,6200,134.8
2022-05-16,96.3146,97.172,93.7424,95.6752,1800,133.9
2022-05-17,93.2423,98.4581,92.885,98.4619,5500,137.8
2022-05-18,97.172,100.7445,97.172,100.7484,3106,141
2022-05-19,100.6731,100.7445,98.2438,100.0338,4100,140
2022-05-20,101.459,102.7451,98.1009,102.6776,8200,143.7
2022-05-23,101.459,101.459,98.2438,99.5337,4206,139.3
2022-05-24,96.4575,98.4581,92.885,93.6031,13900,131
2022-05-25,95.0285,96.0288,95.0285,95.7467,2200,134
2022-05-26,97.4578,97.5293,93.0279,97.4615,11700,136.4
2022-05-27,97.1006,99.5299,96.529,98.1761,5600,137.4
2022-05-30,99.8871,100.7445,98.1723,100.0338,12700,140
2022-05-31,98.1009,98.1009,95.8859,97.7474,5800,136.8
2022-06-01,96.4575,97.8151,96.4575,97.7474,600,136.8
2022-06-02,96.529,97.5293,95.3858,97.1043,6524,135.9
2022-06-03,96.8148,98.2438,95.743,97.1043,3000,135.9
2022-06-06,97.172,97.7436,95.743,95.961,2200,134.3
2022-06-07,95.8145,96.3861,94.314,96.3183,13000,134.8
2022-06-08,97.6722,97.6722,96.0288,97.0328,3200,135.8
2022-06-09,97.0291,97.0291,96.1717,96.1754,1300,134.6
2022-06-10,95.3858,96.2432,95.3858,96.2468,3000,134.7
2022-06-13,94.6713,94.6713,89.3125,93.3173,11700,130.6
2022-06-14,93.3137,93.3137,88.598,91.9597,24000,128.7
2022-06-15,88.8124,88.8124,85.6686,86.7436,17000,121.4
2022-06-16,86.4545,86.7403,82.882,86.6722,8401,121.3
2022-06-17,86.0973,86.0973,83.3107,84.9573,4300,118.9
2022-06-20,81.5245,81.8103,76.523,76.5259,24500,107.1
2022-06-21,78.595,82.1675,76.5944,76.7402,8300,107.4
2022-06-22,76.7373,77.5233,76.7373,76.8832,11500,107.6
2022-06-23,78.595,80.6671,78.595,80.5272,1201,112.7
2022-06-24,81.453,84.2396,81.453,81.4561,2600,114
2022-06-27,81.453,89.5983,81.453,89.6017,17800,125.4
2022-06-28,91.456,92.885,89.5983,91.1737,4007,127.6
2022-06-29,92.1705,92.1705,88.0979,89.8876,2500,125.8
2022-06-30,88.2408,92.1705,88.2408,90.0305,4000,126
2022-07-01,90.027,91.0988,87.169,91.1022,5300,127.5
2022-07-04,90.9559,90.9559,90.9559,90.9593,200,127.3
2022-07-05,91.456,92.885,88.3122,90.0305,5904,126
2022-07-06,87.3119,90.3843,87.169,90.3877,1500,126.5
2022-07-07,90.2414,90.2414,90.2414,90.2448,100,126.3
2022-07-08,90.2414,90.7415,89.3125,90.745,14208,127
2022-07-11,95.0285,95.0285,90.7415,92.174,4300,129
2022-07-12,92.1705,93.5995,92.1705,93.6031,3300,131
2022-07-13,93.5995,94.6713,93.5995,94.6749,2200,132.5
2022-07-14,95.0285,95.6716,94.6713,95.4609,2700,133.6
2022-07-15,96.4575,104.9601,96.4575,104.9641,13600,146.9
2022-07-18,99.4584,104.8886,99.387,103.8923,1800,145.4
2022-07-19,100.03,103.6025,100.03,103.6065,10302,145
2022-07-20,104.2456,105.0315,104.2456,105.0355,7900,147
2022-07-21,103.4596,103.4596,97.8865,102.8205,8700,143.9
2022-07-25,102.5308,102.5308,102.1735,102.1774,1800,143
2022-07-26,100.03,100.03,99.3155,99.3193,7700,139
2022-07-27,100.5302,100.5302,98.2438,99.9624,4300,139.9
2022-07-28,97.8865,100.03,96.6719,100.0338,5400,140
2022-07-29,98.601,99.8871,98.601,99.8909,400,139.8
2022-08-01,97.5293,99.8871,97.5293,99.8909,700,139.8
2022-08-02,100.03,103.6025,99.9586,103.0349,7800,144.2
2022-08-03,102.1735,102.888,102.1735,102.8919,2700,144
2022-08-04,102.888,104.317,100.1015,100.1053,4600,140.1
2022-08-05,99.3155,100.1015,99.3155,100.1053,6600,140.1
2022-08-08,100.7445,102.6022,100.7445,102.106,3600,142.9
2022-08-09,102.1735,103.2453,102.1735,102.8919,4900,144
2022-08-10,103.4596,103.9598,102.1735,103.8923,12600,145.4
2022-08-11,104.2456,110.7475,104.2456,107.1077,4300,149.9
2022-08-12,110.033,110.033,107.175,107.1791,1917,150
2022-08-15,108.604,108.9613,104.4599,107.8936,900,151
2022-08-16,108.3897,108.3897,106.4605,108.108,1800,151.3
2022-08-17,107.8895,109.3185,107.8895,109.1798,10900,152.8
2022-08-18,109.6758,110.3903,109.3185,110.0372,8600,154
2022-08-19,110.3903,110.6046,108.9613,110.0372,1900,154
2022-08-22,107.3179,108.5326,107.3179,108.5367,2700,151.9
2022-08-24,105.8889,107.6752,105.1744,107.1791,3500,150
2022-08-25,106.8178,106.8178,105.746,106.4646,3500,149
2022-08-26,105.5317,108.6755,105.3888,107.4649,1400,150.4
2022-08-29,106.8178,107.8181,106.8178,107.8222,800,150.9
2022-08-30,107.175,109.7472,107.175,108.9654,7000,152.5
2022-08-31,110.033,110.033,109.39,109.3941,300,153.1
2022-09-05,109.3185,109.8901,107.6752,107.8936,1100,151
2022-09-06,109.3185,109.3185,106.1033,109.3227,1000,153
2022-09-07,107.175,107.961,105.0315,107.9651,4400,151.1
2022-09-08,105.746,107.1036,105.746,107.1077,900,149.9
2022-09-09,106.1033,106.1033,104.317,105.0355,4117,147
2022-09-12,107.175,107.5323,104.317,105.7501,2159,148
2022-09-13,107.175,110.7475,105.746,109.2512,10255,152.9
2022-09-14,108.9613,110.7475,108.604,110.0372,7814,154
2022-09-15,110.033,110.7475,110.033,110.6803,2522,154.9
2022-09-16,110.033,110.7475,109.39,109.3941,906,153.1
2022-09-19,107.5323,109.39,103.6025,106.8218,4802,149.5
2022-09-20,107.175,109.5329,107.175,109.5371,3600,153.3
2022-09-21,109.6758,109.6758,108.604,109.6085,3400,153.4
2022-09-22,109.1756,109.1756,107.2465,109.0369,1900,152.6
2022-09-23,109.0327,109.0327,109.0327,109.0369,100,152.6
2022-09-26,109.0327,109.3185,105.746,106.1073,6306,148.5
2022-09-27,106.1033,109.39,104.3885,104.3925,3220,146.1
2022-09-28,105.746,106.4605,105.0315,105.0355,15411,147
2022-09-29,106.4605,106.4605,104.2456,104.2496,1910,145.9
2022-09-30,103.6025,105.0315,103.6025,105.0355,700,147
2022-10-03,100.2444,104.317,100.2444,104.321,400,146
2022-10-04,104.317,104.317,102.9595,102.9634,1400,144.1
2022-10-05,103.6025,104.2456,100.03,104.2496,4000,145.9
2022-10-06,104.2456,104.2456,101.5305,103.4636,3610,144.8
2022-10-07,103.3688,103.3688,95.925,102.9963,1100,134.2
2022-10-11,93.6995,102.7549,93.6995,102.7661,400,133.9
2022-10-12,102.0642,102.0642,94.0065,101.3079,2221,132
2022-10-13,98.2272,98.2272,96.8459,96.8565,3002,126.2
2022-10-14,96.8459,102.0642,96.8459,102.0753,200,133
2022-10-17,98.9946,100.6061,98.9946,100.6171,300,131.1
2022-10-18,97.4598,103.9827,96.6924,103.9941,4224,135.5
2022-10-19,101.9875,101.9875,101.9875,101.9986,100,132.9
2022-10-20,103.9827,107.2058,103.9827,107.2175,700,139.7
2022-10-21,107.436,108.2034,100.5294,105.1453,5210,137
2022-10-24,105.1338,105.1338,98.9946,99.0054,3694,129
2022-10-25,98.9946,98.9946,98.1505,98.2379,4920,128
2022-10-26,97.8435,97.8435,94.3902,95.9355,7300,125
2022-10-27,94.3902,98.9946,94.3902,97.0867,400,126.5
2022-10-28,100.1457,100.1457,97.3063,98.9287,800,128.9
2022-10-31,98.9946,98.9946,95.1576,98.8519,1508,128.8
2022-11-01,99.762,99.762,99.762,99.7729,200,130
2022-11-02,98.2272,98.2272,98.2272,98.2379,352,128
2022-11-03,95.925,95.925,95.925,95.9355,102,125
2022-11-04,95.618,96.232,93.6228,96.2425,7300,125.4
2022-11-07,96.232,98.9179,94.3902,98.9287,1870,128.9
2022-11-08,98.9946,98.9946,98.0737,98.0844,1600,127.8
2022-11-09,98.0737,98.0737,94.8506,94.861,2500,123.6
2022-11-11,89.7858,93.6228,89.7858,93.633,10500,122
2022-11-15,86.7162,91.3206,86.7162,91.3306,700,119
2022-11-16,88.8649,91.3206,84.4907,91.3306,3426,119
2022-11-18,91.3206,91.3206,86.7929,90.4863,500,117.9
2022-11-21,90.5532,90.9369,88.251,90.9468,700,118.5
2022-11-22,90.9369,90.9369,87.5603,90.2561,4902,117.6
2022-11-23,86.7162,87.0232,86.7162,86.7257,6800,113
2022-11-24,86.4092,93.6228,86.4092,93.633,1703,122
2022-11-25,89.7858,89.7858,88.251,88.4141,2712,115.2
2022-11-28,90.4765,90.5532,90.4765,90.5631,500,118
2022-11-29,90.1695,90.1695,88.251,88.2606,7000,115
2022-11-30,88.4045,89.7858,88.4045,89.7956,3203,117
2022-12-01,80.8072,93.1624,80.8072,92.0981,2500,120
2022-12-02,92.088,92.088,91.3206,91.7143,508,119.5
2022-12-05,91.7043,92.088,89.0184,89.7956,2496,117
2022-12-06,88.251,89.7858,88.251,89.7956,3600,117
2022-12-07,88.251,89.7858,88.251,89.7189,4500,116.9
2022-12-08,89.7858,90.5532,89.7091,90.5631,2700,118
2022-12-09,90.5532,90.5532,89.0184,90.5631,2400,118
2022-12-12,90.4765,92.088,90.4765,90.5631,2800,118
2022-12-13,90.5532,92.0113,89.7858,92.0213,3400,119.9
2022-12-14,90.5532,90.5532,90.5532,90.5631,300,118
2022-12-15,90.9369,92.088,90.5532,92.0981,1900,120
2022-12-16,92.088,94.0065,91.7043,94.0168,2100,122.5
2022-12-19,93.6228,95.3111,93.6228,94.0168,800,122.5
2022-12-20,95.1576,95.1576,91.4741,91.4841,3800,119.2
2022-12-21,92.088,95.5413,91.3206,95.5517,7100,124.5
2022-12-22,95.5413,95.5413,93.6228,94.4773,2100,123.1
2022-12-23,93.6228,94.4669,92.3182,93.633,3800,122
2022-12-26,94.4669,94.4669,90.9369,94.0935,13800,122.6
2022-12-28,90.9369,94.0065,90.9369,94.0168,500,122.5
2022-12-29,92.8554,93.6228,92.8554,93.633,1000,122
2022-12-30,92.7019,94.2367,92.7019,94.247,1301,122.8
2023-01-03,89.8625,94.0065,89.8625,94.0168,1900,122.5
2023-01-04,94.8506,94.8506,91.3206,93.4795,900,121.8
2023-01-05,93.3158,93.3158,93.2391,93.2493,901,121.5
2023-01-06,93.2391,93.2391,91.7043,93.1725,700,121.4
2023-01-09,95.0809,95.0809,92.088,93.1725,6300,121.4
2023-01-10,93.2391,93.2391,90.5532,92.9423,4100,121.1
2023-01-11,91.3206,91.4741,91.3206,91.3306,2700,119
2023-01-12,91.3206,93.4693,90.6299,90.6398,1900,118.1
2023-01-13,94.3135,94.3135,91.3206,91.3306,2506,119
2023-01-16,90.5532,92.088,90.5532,92.0981,1300,120
2023-01-17,92.8554,95.1576,92.1647,95.0912,7600,123.9
2023-01-19,92.088,95.5413,91.3206,95.5517,6800,124.5
2023-01-27,103.9827,105.0571,101.6805,101.6916,17100,132.5
2023-01-30,101.6805,102.8316,101.6805,102.1521,10542,133.1
2023-01-31,103.599,108.5871,103.599,108.599,40716,141.5
2023-02-01,109.6615,118.1029,109.6615,114.6621,29700,149.4
2023-02-02,113.4217,115.11,111.6567,114.8156,14000,149.6
2023-02-03,113.7287,116.6448,113.6519,113.9713,15210,148.5
2023-02-06,113.9589,115.8774,113.345,115.8901,15800,151
2023-02-07,116.2611,116.2611,112.4241,112.4364,24605,146.5
2023-02-08,114.2659,114.2659,110.1986,112.0526,16605,146
2023-02-09,112.1171,113.9589,111.6567,113.5876,13218,148
2023-02-10,114.3426,115.8774,113.5752,114.7388,23400,149.5
2023-02-13,115.11,115.11,113.5752,113.5876,15632,148
2023-02-14,112.5776,114.3426,112.5008,114.3551,9000,149
2023-02-15,114.4961,116.3378,114.3426,115.1226,19600,150
2023-02-16,115.11,115.11,113.038,113.9713,18300,148.5
2023-02-17,113.1915,113.1915,112.2706,113.2039,3900,147.5
2023-02-20,112.1171,115.8774,112.1171,115.8901,20800,151
2023-02-21,115.8774,118.4098,115.8774,117.425,26700,153
2023-02-22,117.4122,117.7959,117.1052,117.118,5300,152.6
2023-02-23,117.1052,117.1052,114.3426,117.118,62601,152.6
2023-02-24,117.1052,117.4122,115.1867,116.9645,2402,152.4
2023-02-27,115.11,115.1867,113.5752,113.5876,20206,148
2023-02-28,115.0333,116.6448,115.0333,115.8901,14800,151
2023-03-01,115.8774,115.8774,114.3426,115.1993,1300,150.1
2023-03-02,115.8774,116.6448,114.4961,115.6598,4600,150.7
2023-03-03,116.5681,116.6448,113.038,113.0504,3600,147.3
2023-03-06,115.4937,115.4937,113.038,113.0504,4300,147.3
2023-03-07,113.5752,116.3378,113.1915,115.0458,4905,149.9
2023-03-08,114.9565,114.9565,113.6519,114.8923,14000,149.7
2023-03-09,115.0333,115.0333,113.2682,113.5876,2815,148
2023-03-10,112.8845,113.5752,112.8845,113.5876,3201,148
2023-03-13,113.5752,114.3426,113.5752,113.6644,3000,148.1
2023-03-14,112.5008,114.3426,112.5008,113.1271,3800,147.4
2023-03-15,113.4217,114.7263,113.4217,113.7411,6800,148.2
2023-03-16,113.5752,113.5752,112.5776,112.8201,6601,147
2023-03-17,113.5752,113.5752,113.1915,113.2039,3201,147.5
2023-03-20,110.5056,113.1915,108.5871,112.5131,6700,146.6
2023-03-21,112.8078,112.8078,111.273,112.0526,5800,146
2023-03-22,112.3474,114.2659,112.3474,114.2783,6810,148.9
2023-03-23,114.7263,115.8774,113.5752,115.8901,10900,151
2023-03-24,115.2635,115.8774,114.3426,115.4296,1600,150.4
2023-03-27,116.5681,116.6448,115.417,115.5063,6900,150.5
2023-03-28,116.2611,116.2611,114.4193,115.8133,600,150.9
2023-03-29,115.8007,115.8774,115.1867,115.7366,2800,150.8
2023-03-30,115.11,115.11,114.3426,114.3551,901,149
2023-03-31,115.11,115.8774,115.11,115.3528,2001,150.3
2023-04-03,116.4913,118.947,116.4913,118.653,7708,154.6
2023-04-04,118.947,122.7073,117.4889,118.7297,31501,154.7
2023-04-05,119.6377,121.2492,119.3307,121.2624,6000,158
2023-04-06,122.4003,124.3188,121.2492,122.7974,8900,160
2023-04-07,123.5514,124.3188,122.0166,123.9486,12000,161.5
2023-04-10,125.7001,125.8536,121.5562,121.5694,10700,158.4
2023-04-11,121.7096,122.784,120.4818,122.7207,9000,159.9
2023-04-12,124.3188,124.3188,122.784,123.9486,10100,161.5
2023-04-13,123.5514,124.9327,123.3979,123.9486,2600,161.5
2023-04-14,124.3188,124.7025,122.784,124.0254,4800,161.6
2023-04-17,122.784,123.8584,122.784,123.8719,2700,161.4
2023-04-18,125.6234,130.458,125.3164,130.3955,15619,169.9
2023-04-19,128.9232,129.0767,128.5395,129.0908,3111,168.2
2023-04-20,129.0767,130.458,128.3093,130.4722,9721,170
2023-04-21,133.5276,137.3646,131.9928,132.0072,39700,172
2023-04-24,132.7602,132.9137,131.2254,132.7747,13504,173
2023-04-25,133.8346,137.3646,133.2206,134.3097,27608,175
2023-04-26,134.3717,135.8298,133.5276,133.8492,12700,174.4
2023-04-27,132.7602,132.7602,130.5347,131.0862,11327,170.8
2023-04-28,131.3789,132.7602,130.9952,132.3142,3903,172.4
2023-05-04,131.2254,132.6067,129.6906,131.9305,9419,171.9
2023-05-05,132.2998,132.7602,131.2254,131.8537,13600,171.8
2023-05-08,131.9161,132.8369,131.2254,132.2375,25601,172.3
2023-05-09,132.223,132.8369,131.6091,132.391,9602,172.5
2023-05-10,131.2254,132.2998,130.9184,131.0862,3619,170.8
2023-05-11,129.6906,131.6091,129.6906,130.242,7220,169.7
2023-05-12,129.7673,130.458,129.6139,129.8583,11401,169.2
2023-05-15,130.458,131.8393,130.0743,130.0885,2500,169.5
2023-05-16,130.5347,130.5347,129.3069,130.0885,5401,169.5
2023-05-17,138.132,138.132,130.0743,130.4722,16801,170
2023-05-18,130.5347,131.2254,129.9208,129.935,6901,169.3
2023-05-19,130.0743,130.458,128.8465,128.9373,7500,168
2023-05-22,128.0791,128.9232,126.621,127.4023,16800,166
2023-05-23,127.3884,127.3884,126.0838,127.0186,9700,165.5
2023-05-24,126.0071,128.1558,125.9303,126.2511,5110,164.5
2023-05-25,126.0838,126.0838,125.7001,125.7138,6141,163.8
2023-05-26,125.0862,125.0862,122.784,123.0277,26600,160.3
2023-05-29,124.6258,125.7001,123.5514,124.7161,9708,162.5
2023-05-30,125.0862,125.0862,123.2444,124.0254,7302,161.6
2023-05-31,123.5514,125.8536,123.5514,125.0999,13403,163
2023-06-01,124.0118,124.3188,123.5514,124.3324,2212,162
2023-06-02,125.6234,125.6234,123.7816,124.6394,10800,162.4
2023-06-05,124.6258,125.2397,124.0886,124.1021,6404,161.7
2023-06-06,123.5514,124.7025,123.5514,123.6416,8100,161.1
2023-06-07,124.3188,125.5466,123.5514,125.5604,3901,163.6
2023-06-08,125.5466,125.5466,123.6281,123.6416,8062,161.1
2023-06-09,125.4699,130.3813,125.4699,127.3256,25629,165.9
2023-06-12,127.3884,128.0023,125.9303,128.0163,4851,166.8
2023-06-13,128.0023,131.4556,128.0023,131.47,12140,171.3
2023-06-14,131.9928,131.9928,128.9232,131.163,3281,170.9
2023-06-15,131.9928,131.9928,129.6906,129.7048,1800,169
2023-06-16,130.458,130.458,129.6906,129.7048,8631,169
2023-06-19,131.1487,132.0695,130.0743,131.8537,8710,171.8
2023-06-21,135.0624,135.2159,132.9904,133.2352,2316,173.6
2023-06-22,132.0695,134.295,131.7626,133.7724,11100,174.3
2023-06-23,133.5276,133.5276,129.9976,132.2375,22717,172.3
2023-06-26,132.223,132.223,129.7673,131.6235,3501,171.5
2023-06-27,130.8417,131.9928,130.8417,131.9305,5215,171.9
2023-06-28,129.8441,131.4556,129.8441,130.9327,6200,170.6
2023-06-29,129.9976,129.9976,129.3069,129.3978,5515,168.6
2023-07-03,130.0743,130.9184,129.6906,130.7792,1754,170.4
2023-07-04,131.2254,134.295,131.2254,132.0072,14500,172
2023-07-05,133.5276,133.5276,132.3765,132.391,20005,172.5
2023-07-06,132.3765,133.2206,130.458,131.6235,6400,171.5
2023-07-07,130.6882,132.1463,130.458,130.4722,8701,170
2023-07-11,133.4509,138.0553,133.1439,136.6889,13327,178.1
2023-07-12,136.5972,139.6668,136.5972,139.1448,9034,181.3
2023-07-13,139.6668,139.6668,137.3646,138.9146,4300,181
2023-07-14,138.8227,138.8227,138.132,138.1471,400,180
2023-07-17,138.2087,138.2087,137.1344,138.1471,13702,180
2023-07-18,138.132,138.132,136.5972,137.9936,5400,179.8
2023-07-19,137.9785,141.969,137.9785,139.7588,16500,182.1
2023-07-20,153.4033,153.4033,141.969,143.5195,4500,187
2023-07-21,157.8542,157.8542,157.8542,157.8714,12048,205.7
2023-07-24,173.5859,173.5859,162.7655,162.7833,53819,212.1
2023-07-25,162.7655,168.828,161.154,166.544,21806,217
2023-07-26,167.2165,167.2165,163.1492,163.4741,19636,213
2023-07-27,163.4562,163.4562,158.9285,162.6298,32810,211.9
2023-07-28,162.6121,168.828,162.6121,166.9277,46797,217.5
2023-07-31,166.1421,166.1421,164.2236,164.5485,11821,214.4
2023-08-01,164.6073,165.7584,164.3771,164.5485,29805,214.4
2023-08-02,165.7584,166.1421,164.2236,165.009,9025,215
2023-08-03,164.991,164.991,164.2236,164.9323,8321,214.9
2023-08-04,164.9143,165.7584,163.226,163.9345,13703,213.6
2023-08-07,161.3075,163.9934,159.6192,160.0971,19917,208.6
2023-08-08,162.6888,162.6888,159.7727,161.1716,6605,210
2023-08-09,161.9214,163.4562,160.3866,161.1716,12201,210
2023-08-10,161.154,161.2307,160.7703,160.9414,19800,209.7
2023-08-11,159.6959,160.3866,158.9285,158.9459,8200,207.1
2023-08-14,158.9285,159.6192,153.48,154.1107,24914,200.8
2023-08-15,155.0148,156.5496,153.48,154.341,12417,201.1
2023-08-16,155.552,155.552,152.3289,154.8015,36220,201.7
2023-08-17,155.3985,155.3985,153.9404,154.2642,4415,201
2023-08-18,153.5567,156.2426,152.0219,155.0317,28205,202
2023-08-21,155.0148,155.8589,152.4824,155.876,4400,203.1
2023-08-22,156.3961,158.4681,154.8613,155.1085,18606,202.1
2023-08-23,155.7822,156.4729,154.7078,154.7247,5941,201.6
2023-08-24,159.6192,167.2932,159.6192,166.1602,40809,216.5
2023-08-26,217,217,213,213.2,6301,213.2
2023-08-28,164.991,164.991,161.9981,162.7833,4512,212.1
2023-08-29,166.9095,167.2932,164.2236,167.158,15614,217.8
2023-08-30,167.1397,167.6002,165.7584,167.6185,4241,218.4
2023-08-31,162.0749,162.7655,155.7822,158.1017,126359,206
2023-09-05,161.154,162.6888,156.1659,157.6412,40251,205.4
2023-09-06,158.0844,161.0005,157.624,158.4854,14100,206.5
2023-09-07,158.4681,158.5448,155.8589,156.5667,35856,204
2023-09-08,156.6263,157.624,156.5496,156.8737,9505,204.4
2023-09-11,156.0892,158.0077,156.0892,156.8737,23683,204.4
2023-09-12,156.9333,157.1635,155.7822,157.1807,37910,204.8
2023-09-13,157.317,158.8518,157.1635,158.1017,21601,206
2023-09-14,157.7007,157.7007,156.6263,156.8737,8415,204.4
2023-09-18,158.4681,158.9285,157.4705,158.7157,11009,206.8
2023-09-20,159.6959,160.0029,158.5448,159.5599,14300,207.9
2023-09-21,158.2379,159.2355,156.5496,157.6412,12602,205.4
2023-09-22,157.5472,157.5472,154.2474,155.9527,18246,203.2
2023-09-25,155.9357,157.5472,155.0148,155.0317,23221,202
2023-09-26,154.3241,155.7822,153.48,153.5735,21451,200.1
2023-09-27,153.5567,155.0915,152.0987,154.955,11516,201.9
2023-09-28,154.2474,154.2474,152.7126,153.5735,9428,200.1
2023-09-29,155.7822,161.154,153.6335,157.3342,25802,205
2023-10-02,158.0844,158.2379,155.0148,157.7179,22771,205.5
2023-10-03,156.5496,157.317,155.0148,156.7969,18600,204.3
2023-10-04,156.3961,157.0868,155.0148,156.7969,18820,204.3
2023-10-05,156.9333,158.1611,156.7798,156.7969,18903,204.3
2023-10-06,157.317,159.6192,157.317,159.5599,9007,207.9
2023-10-09,159.5425,161.154,159.5425,161.1716,13826,210
2023-10-10,164.991,167.2932,162.6888,165.009,30036,215
2023-10-11,165.0677,165.1445,162.6888,163.4741,9101,213
2023-10-12,163.4562,164.991,163.0725,163.7043,9711,213.3
2023-10-13,163.8399,163.8399,160.3866,161.1716,31600,210
2023-10-16,161.9981,161.9981,159.9262,160.4041,9810,209
2023-10-17,158.8518,161.3075,158.8518,160.0204,11201,208.5
2023-10-18,160.0796,161.154,158.6216,159.6366,7200,208
2023-10-19,159.6192,159.6192,156.5496,159.6366,22100,208
2023-10-20,164.6073,164.6073,143.6573,143.8265,154634,187.4
2023-10-23,156.1792,156.1792,137.1776,138.2771,53893,165.9
2023-10-24,138.5111,140.3446,136.5109,138.3605,17311,166
2023-10-25,137.511,140.0112,136.6776,139.6107,15600,167.5
2023-10-26,139.5112,139.5112,128.5103,130.0255,54331,156
2023-10-30,129.177,129.177,124.51,125.0245,24218,150
2023-10-31,125.01,125.01,120.9263,120.9404,17334,145.1
2023-11-01,120.9263,125.01,120.9263,123.2742,8400,147.9
2023-11-02,125.01,130.4271,125.01,129.192,35057,155
2023-11-03,129.2603,131.7605,129.2603,129.442,17408,155.3
2023-11-06,131.6772,131.6772,131.1772,131.3591,20400,157.6
2023-11-07,133.0106,134.1774,131.3438,131.6925,9317,158
2023-11-08,131.6772,131.6772,130.0104,131.6091,17119,157.9
2023-11-09,131.5939,131.5939,126.6768,128.3585,66601,154
2023-11-10,128.3436,128.3436,126.7601,127.6917,15533,153.2
2023-11-13,130.0937,130.0937,127.5102,127.6084,7411,153.1
2023-11-14,129.177,131.2605,128.677,129.192,9202,155
2023-11-15,130.0104,132.4273,129.5937,129.6087,14051,155.5
2023-11-16,129.5937,129.5937,128.7603,129.2753,4402,155.1
2023-11-17,129.0103,129.0937,126.6768,126.6915,21309,152
2023-11-20,126.6768,127.0935,125.01,126.2748,12100,151.5
2023-11-21,126.6768,127.5102,126.2601,126.3581,25901,151.6
2023-11-22,127.0102,128.3436,125.1767,126.6915,20601,152
2023-11-23,126.6768,126.6768,125.4267,125.4413,12602,150.5
2023-11-24,125.0933,125.0933,123.3432,123.7743,11289,148.5
2023-11-27,123.7599,125.4267,123.7599,123.8576,3700,148.6
2023-11-28,123.8432,124.5933,122.8432,123.7743,4300,148.5
2023-11-29,123.7599,124.6766,123.3432,124.6911,5200,149.6
2023-11-30,124.6766,125.0933,124.6766,125.1079,2502,150.1
2023-12-01,125.7601,125.7601,122.5098,124.2744,16806,149.1
2023-12-04,124.5933,126.1768,124.5933,126.1081,6711,151.3
2023-12-05,127.3435,127.3435,124.4266,125.9414,5776,151.1
2023-12-06,124.1766,125.01,121.6764,124.9412,17105,149.9
2023-12-07,122.5098,123.3432,121.6764,122.524,46300,147
2023-12-08,122.5098,124.5933,122.1764,122.4407,25365,146.9
2023-12-11,122.5098,123.5932,121.6764,122.6074,6322,147.1
2023-12-12,122.5931,122.5931,121.5097,121.6905,26000,146
2023-12-13,121.6764,122.0931,118.5095,118.8566,32407,142.6
2023-12-14,119.8429,119.8429,117.5094,117.523,15707,141
2023-12-15,117.5094,119.8429,117.5094,118.7733,6110,142.5
2023-12-18,118.7595,118.8428,117.9261,118.0231,18391,141.6
2023-12-19,117.5927,117.7594,116.676,117.7731,7400,141.3
2023-12-20,117.5094,119.0929,117.5094,119.1067,4900,142.9
2023-12-21,119.0929,119.0929,117.5094,117.8564,5300,141.4
2023-12-22,117.7594,117.9261,117.2594,117.523,4030,141
2023-12-25,118.3428,118.3428,117.6761,117.6897,6211,141.2
2023-12-26,117.9261,118.5928,117.4261,118.6066,4900,142.3
2023-12-27,118.7595,119.0929,117.9261,118.6066,6000,142.3
2023-12-28,118.5928,118.5928,117.9261,118.3565,4321,142
2023-12-29,118.6762,120.843,118.6762,119.9402,7836,143.9
2024-01-02,119.9263,120.0929,118.3428,118.3565,6519,142
2024-01-03,118.0094,118.5095,118.0094,118.3565,7805,142
2024-01-04,118.3428,119.3429,118.3428,119.19,5000,143
2024-01-05,119.1762,119.1762,118.3428,118.7733,18700,142.5
2024-01-08,119.2595,119.2595,118.0094,118.6066,19705,142.3
2024-01-09,118.4261,119.4262,118.3428,119.1067,8808,142.9
2024-01-10,119.4262,123.3432,119.4262,122.274,25430,146.7
2024-01-11,122.2598,123.2599,122.0098,122.274,18400,146.7
2024-01-12,122.0931,122.5098,120.0929,120.1069,24613,144.1
2024-01-15,119.5096,120.0096,119.1762,119.4401,10618,143.3
2024-01-16,119.4262,120.7597,119.1762,120.1069,7501,144.1
2024-01-17,122.0931,122.5098,120.9263,122.3573,16140,146.8
2024-01-18,122.3431,122.7598,122.0931,122.524,6422,147
2024-01-19,122.9265,124.8433,122.7598,124.5244,26449,149.4
2024-01-22,125.01,128.3436,124.5933,127.8584,51536,153.4
2024-01-23,127.8436,127.8436,125.0933,125.4413,15422,150.5
2024-01-24,125.7601,125.7601,124.2599,125.2746,25418,150.3
2024-01-25,125.26,126.6768,124.6766,125.0245,11800,150
2024-01-26,125.0933,125.0933,124.51,125.0245,12630,150
2024-01-29,125.0933,125.8434,124.5933,124.9412,14970,149.9
2024-01-30,125.01,125.1767,124.5933,125.1912,14552,150.2
2024-01-31,124.3433,124.6766,123.3432,123.4409,10550,148.1
2024-02-01,123.3432,123.5099,122.5931,123.1908,14050,147.8
2024-02-02,123.1765,124.1766,122.5098,124.1077,20154,148.9
2024-02-05,124.1766,125.8434,124.1766,124.3577,20911,149.2
2024-02-06,124.3433,124.5933,124.1766,124.5244,4252,149.4
2024-02-07,125.8434,125.9267,124.6766,125.6913,7214,150.8
2024-02-15,125.6767,126.2601,125.3434,125.3579,6400,150.4
2024-02-16,125.3434,125.4267,124.5933,125.0245,11846,150
2024-02-19,125.01,125.01,124.2599,124.3577,15414,149.2
2024-02-20,124.2599,124.4266,124.1766,124.3577,14349,149.2
2024-02-21,123.9266,124.0933,123.3432,123.7743,9200,148.5
2024-02-22,123.6766,125.01,123.1765,124.9412,14350,149.9
2024-02-23,124.9267,126.9268,124.4266,124.8578,23193,149.8
2024-02-26,125.01,125.7601,124.3433,124.5244,9800,149.4
2024-02-27,124.51,127.5102,124.4266,126.3581,45932,151.6
2024-02-28,127.0935,128.0936,126.6768,127.6084,27062,153.1
2024-02-29,128.1769,128.3436,127.5935,127.6917,13215,153.2
2024-03-01,127.6769,127.8436,126.8435,127.0249,19034,152.4
2024-03-04,127.0102,128.0102,127.0102,127.1083,16982,152.5
2024-03-05,127.5102,127.5102,126.5101,127.1083,17582,152.5
2024-03-06,127.0935,127.0935,125.4267,125.858,21000,151
2024-03-07,125.8434,126.5935,125.3434,125.6913,31740,150.8
2024-03-08,125.0933,125.4267,124.5933,125.0245,13503,150
2024-03-11,125.01,125.01,124.76,124.7745,19122,149.7
2024-03-12,124.76,125.8434,124.76,125.5246,11643,150.6
2024-03-13,125.51,127.0935,125.3434,127.1083,50353,152.5
2024-03-14,127.0935,127.5102,126.6768,126.6915,15800,152
2024-03-15,126.7601,126.9268,126.2601,126.9416,18952,152.3
2024-03-18,126.9268,126.9268,125.8434,126.3581,44823,151.6
2024-03-19,126.3434,127.0935,126.3434,126.6082,29401,151.9
2024-03-20,126.6768,127.5935,126.6768,127.6084,45900,153.1
2024-03-21,127.9269,129.177,127.9269,128.5252,25421,154.2
2024-03-22,128.7603,130.0104,128.7603,129.7754,9029,155.7
2024-03-25,128.3436,130.5104,128.3436,128.7752,11120,154.5
2024-03-26,129.8437,130.4271,128.7603,130.1088,6527,156.1
2024-03-27,130.0937,132.9273,130.0937,132.9427,16030,159.5
2024-03-28,132.9273,136.6776,132.9273,136.6101,20938,163.9
2024-03-29,137.1776,141.5947,137.1776,139.9441,26935,167.9
2024-04-01,139.0945,140.0112,134.3441,135.86,20664,163
2024-04-02,139.0945,139.0945,135.0108,136.6101,12124,163.9
2024-04-03,136.2609,138.7611,135.5108,136.6935,13658,164
2024-04-04,137.511,138.011,135.2608,136.1934,14234,163.4
2024-04-05,135.8442,135.8442,134.1774,134.3597,15724,161.2
2024-04-08,133.5107,135.0108,133.344,134.193,5200,161
2024-04-09,134.5941,135.0108,133.344,134.193,5117,161
2024-04-10,135.0108,135.0108,134.1774,134.193,6322,161
2024-04-11,134.3441,134.3441,133.5107,133.7762,4483,160.5
2024-04-12,135.3442,135.3442,135.2608,135.3599,1410,162.4
2024-04-15,135.3442,135.3442,132.5106,134.0263,12400,160.8
2024-04-16,133.7607,133.7607,129.5937,130.859,17699,157
2024-04-17,129.5937,131.5105,129.177,130.6923,5600,156.8
2024-04-19,129.9271,129.9271,127.9269,128.4418,10600,154.1
2024-04-22,128.4269,131.5105,128.4269,130.859,21100,157
2024-04-23,131.6772,131.6772,130.4271,130.4422,8000,156.5
2024-04-24,130.3438,132.0106,130.3438,131.2757,20601,157.5
2024-04-25,130.5104,131.6772,130.4271,131.6925,4900,158
2024-04-26,131.6772,137.5943,131.6772,133.1094,20513,159.7
2024-05-02,134.1774,135.0108,133.7607,134.6097,18000,161.5
2024-05-03,134.5941,135.6775,134.3441,135.0265,8334,162
2024-05-06,135.0108,137.3443,135.0108,136.6935,12450,164
2024-05-07,137.9277,138.4277,136.9276,137.0269,37752,164.4
2024-05-08,137.011,137.261,133.4273,136.2767,11913,163.5
2024-05-09,136.0109,137.011,136.0109,136.6935,14921,164
2024-05-10,136.6776,137.011,136.0109,136.6935,29300,164
2024-05-13,136.7609,137.0943,136.2609,136.3601,3607,163.6
2024-05-14,136.6776,136.6776,133.4273,135.0265,47318,162
2024-05-15,135.0108,135.0108,133.7607,134.5264,11502,161.4
2024-05-16,135.0108,136.6776,134.6774,134.8598,25100,161.8
2024-05-17,134.8441,135.4275,134.6774,134.7764,9300,161.7
2024-05-20,134.7608,135.8442,134.7608,135.4432,10410,162.5
2024-05-21,135.4275,140.8446,135.4275,138.4438,22502,166.1
2024-05-22,138.4277,139.0945,136.5943,138.8606,9051,166.6
2024-05-23,138.8444,139.9279,137.8444,139.9441,19088,167.9
2024-05-24,139.9279,143.4281,139.4278,139.444,39371,167.3
2024-05-27,139.4278,140.8446,139.3445,139.6941,14714,167.6
2024-05-28,139.6778,142.5114,139.6778,142.5279,51502,171
2024-05-29,142.5114,143.4281,141.2613,141.2777,16370,169.5
2024-05-30,141.2613,141.2613,139.3445,140.6943,19481,168.8
2024-05-31,140.6779,140.7613,139.3445,140.7776,7470,168.9
2024-06-03,141.5947,142.5114,140.8446,142.3612,4166,170.8
2024-06-04,142.3447,142.3447,141.3446,141.361,6900,169.6
2024-06-05,141.928,142.0947,140.8446,141.6111,13210,169.9
2024-06-06,142.5114,142.5114,141.5947,142.2779,10829,170.7
2024-06-07,142.2614,142.8448,140.9279,142.2779,11405,170.7
2024-06-10,141.678,142.2614,141.678,142.1945,5332,170.6
2024-06-11,142.178,142.178,139.5945,141.6944,8668,170
2024-06-12,141.678,142.3447,141.3446,142.3612,9810,170.8
2024-06-13,142.0947,143.2615,141.7613,143.2781,8106,171.9
2024-06-14,143.7615,143.7615,142.5114,142.5279,9086,171
2024-06-17,142.8448,143.7615,142.5114,142.6946,8006,171.2
2024-06-18,142.6781,143.4281,142.6781,142.8613,3961,171.4
2024-06-19,142.8448,145.1783,142.5114,145.1951,8702,174.2
2024-06-20,145.4283,158.2627,145.4283,150.8629,10873,181
2024-06-21,150.8454,155.1791,150.8454,153.2801,26726,183.9
2024-06-24,153.2623,156.6792,153.2623,154.1969,27302,185
2024-06-25,154.179,154.3457,140.8446,153.1967,21769,183.8
2024-06-26,153.3456,153.5956,152.9289,152.9467,6012,183.5
2024-06-27,152.9289,156.5959,152.8456,154.947,10508,185.9
2024-06-28,157.5126,159.9295,156.6792,159.5313,22569,191.4
2024-07-01,159.5128,159.5128,153.3456,156.614,14220,187.9
2024-07-02,156.5959,159.1794,155.0124,159.1979,11905,191
2024-07-03,159.1794,159.5128,159.0127,159.3646,7025,191.2
2024-07-04,155.0957,159.9295,155.0957,159.8647,4100,191.8
2024-07-05,159.8461,160.6795,158.5127,159.8647,6153,191.8
2024-07-08,159.8461,160.3462,159.5961,160.3648,5315,192.4
2024-07-09,160.3462,160.3462,158.346,159.948,12416,191.9
2024-07-10,159.9295,160.5128,158.346,158.3644,15413,190
2024-07-11,158.346,158.346,158.1793,158.1977,6403,189.8
2024-07-12,158.2627,159.1794,157.5126,159.1979,15940,191
2024-07-15,159.1794,160.2628,159.1794,160.1981,12718,192.2
2024-07-16,160.1795,161.5963,160.1795,160.9482,4814,193.1
2024-07-17,160.2628,164.1798,160.2628,162.1151,14758,194.5
2024-07-18,162.0963,162.4297,159.2627,160.7815,3623,192.9
2024-07-19,162.513,162.513,160.0128,160.9482,11680,193.1
2024-07-22,163.3464,166.68,161.6796,162.1151,28331,194.5
2024-07-23,162.0963,162.0963,146.6784,159.3646,14447,191.2
2024-07-24,159.1794,160.8462,155.4291,157.1141,21312,188.5
2024-07-25,157.1792,162.1796,157.1792,162.1985,26726,194.6
2024-07-26,162.513,164.8465,160.0128,160.0314,22544,192
2024-07-29,163.3464,164.0131,160.0128,160.0314,15329,192
2024-07-30,160.0128,160.0128,158.346,158.4477,14863,190.1
2024-07-31,160.7629,160.8462,158.5127,160.6982,4001,192.8
2024-08-01,160.0961,160.0961,157.0126,158.3644,17203,190
2024-08-02,158.346,158.346,156.6792,158.3644,14801,190
2024-08-05,158.346,158.346,154.179,155.8639,15690,187
2024-08-06,155.8458,158.346,154.179,158.3644,8700,190
2024-08-07,158.346,158.346,156.6792,158.3644,6124,190
2024-08-08,158.346,159.8461,158.2627,159.7813,1850,191.7
2024-08-09,160.8462,160.8462,159.8461,160.6982,6000,192.8
2024-08-12,161.7629,163.3464,161.7629,163.3654,14623,196
2024-08-13,163.3464,163.3464,161.7629,161.8651,3984,194.2
2024-08-14,161.8463,162.8464,161.8463,162.8653,811,195.4
2024-08-15,162.513,163.013,161.6796,163.032,8974,195.6
2024-08-16,160.4295,162.8464,160.4295,161.7817,13747,194.1
2024-08-19,161.2629,162.513,161.2629,161.6984,15711,194
2024-08-20,161.6796,161.6796,160.0128,160.3648,16802,192.4
2024-08-21,161.6796,162.0963,161.2629,161.7817,4410,194.1
2024-08-22,162.513,163.2631,161.2629,163.282,3100,195.9
2024-08-23,163.3464,163.3464,162.0963,162.9486,4020,195.5
2024-08-26,160.8462,162.9297,160.8462,162.9486,5128,195.5
2024-08-27,163.5964,170.0136,163.3464,169.1165,32963,202.9
2024-08-28,169.0969,170.847,167.5967,169.7833,3431,203.7
2024-08-29,169.7636,171.5971,169.7636,171.617,8702,205.9
2024-08-30,171.6804,171.6804,170.0136,171.2002,2257,205.4
2024-09-04,169.1802,170.847,169.1802,170.0333,8801,204
2024-09-05,169.1802,169.1802,163.3464,167.5328,62173,201
2024-09-06,167.5134,170.847,167.5134,167.5328,14559,201
2024-09-09,168.3468,170.0136,165.8466,166.6994,20521,200
2024-09-10,166.68,168.7635,166.68,167.7829,24327,201.3
2024-09-11,167.8468,171.1804,167.7634,170.8668,14756,205
2024-09-12,171.6804,177.5142,171.6804,173.7841,26391,208.5
2024-09-13,175.014,183.348,173.8472,174.6176,30342,209.5
2024-09-16,175.3474,175.3474,169.5136,169.5332,20415,203.4
2024-09-17,171.1804,171.1804,168.3468,170.8668,29228,205
2024-09-18,170.847,174.9307,169.1802,172.4505,14078,206.9
2024-09-19,169.3469,172.5138,169.1802,172.4505,10138,206.9
2024-09-20,172.4305,172.9305,170.847,172.3671,29253,206.8
2024-09-23,172.3471,173.3472,170.0969,171.7003,39727,206
2024-09-24,171.6804,171.6804,164.1798,168.7831,28055,202.5
2024-09-25,166.68,169.5969,166.68,168.3663,15725,202
2024-09-26,166.68,170.9303,165.8466,170.1167,31878,204.1
2024-09-27,175.014,175.014,169.1802,171.617,16470,205.9
2024-09-30,171.5971,171.5971,169.1802,170.0333,10553,204
2024-10-01,170.0136,171.5137,169.1802,170.0333,10541,204
2024-10-02,171.6804,172.6805,170.1803,170.8668,18778,205
2024-10-03,172.5138,173.3472,171.097,171.5336,12221,205.8
2024-10-04,171.5137,172.0138,170.597,171.7003,11255,206
2024-10-07,171.6804,175.014,171.6804,174.2842,55709,209.1
2024-10-08,174.6806,175.264,172.5138,174.8676,36316,209.8
2024-10-09,175.085,175.085,157.5765,171.399,30418,186
2024-10-10,171.399,173.242,171.399,172.8734,10942,187.6
2024-10-11,172.8734,172.8734,169.7403,170.4775,17398,185
2024-10-14,170.459,170.459,168.7083,169.6481,5441,184.1
2024-10-15,169.556,170.0168,168.6345,169.556,16231,184
2024-10-16,169.556,169.556,168.7267,168.8188,4202,183.2
2024-10-17,168.8188,168.8188,167.713,168.6345,11722,183
2024-10-18,168.6345,169.9246,167.713,169.2796,4210,183.7
2024-10-21,169.2796,169.2796,164.9485,164.9485,22740,179
2024-10-22,164.9485,164.9485,161.6311,161.8154,21735,175.6
2024-10-23,161.8154,161.8154,161.2625,161.3547,11037,175.1
2024-10-24,161.3547,162.2762,161.3547,161.3547,9605,175.1
2024-10-25,161.539,162.184,161.3547,162.184,3820,176
2024-10-28,162.184,162.184,159.4195,162.184,3411,176
2024-10-29,162.184,162.184,161.9076,162.184,8010,176
2024-10-30,162.184,165.5014,162.184,163.1055,11522,177
2024-10-31,163.1055,164.027,163.1055,163.2898,2710,177.2
2024-11-01,163.2898,164.027,163.1055,163.5663,2251,177.5
2024-11-04,164.4878,164.4878,163.1055,163.1055,4225,177
2024-11-05,164.4878,165.5014,163.1055,164.027,4338,178
2024-11-06,164.9485,165.0407,164.4878,165.0407,2224,179.1
2024-11-07,165.9622,166.5151,165.87,165.87,3400,180
2024-11-08,167.2523,167.2523,165.4093,165.5936,3122,179.7
2024-11-11,165.5936,165.5936,164.027,164.3035,2301,178.3
2024-11-12,164.0092,164.0092,163.0878,163.1976,3203,177.1
2024-11-13,163.1799,163.9171,163.0878,163.1976,3116,177.1
2024-11-14,163.1977,163.382,162.184,163.0134,5805,176.9
2024-11-15,163.0134,163.0134,161.2625,161.4468,8705,175.2
2024-11-18,162.0919,162.0919,161.3547,161.3547,7407,175.1
2024-11-19,161.539,162.8291,161.3547,161.7233,11203,175.5
2024-11-20,161.7233,161.8154,160.8018,161.4468,3600,175.2
2024-11-21,161.9997,162.3683,161.4468,161.4468,986,175.2
2024-11-22,162.184,163.9349,161.8154,163.9349,1108,177.9
2024-11-25,162.184,164.9485,162.184,163.4741,2203,177.4
2024-11-26,163.4564,163.9171,163.4564,163.7505,2792,177.7
2024-11-27,163.6584,163.6584,163.1977,163.6584,4101,177.6
2024-12-09,169.556,169.556,166.7915,168.6345,7029,183
2024-12-10,169.0031,169.0031,168.6345,168.6345,2609,183
2024-12-11,169.3717,170.8461,169.3717,170.8461,5255,185.4
2024-12-12,170.6433,170.8276,169.5376,169.6481,2847,184.1
2024-12-13,170.4775,170.4775,168.6345,169.556,2202,184
2024-12-16,169.556,169.556,167.8973,167.9895,2401,182.3
2024-12-17,167.9895,171.399,167.9895,169.556,3385,184
2024-12-18,169.556,170.0168,168.7267,170.0168,1404,184.5
2024-12-19,169.8325,169.8325,166.2386,169.0031,3800,183.4
2024-12-20,169.0953,169.556,167.713,167.713,2300,182
2024-12-23,168.6345,169.0953,167.8052,167.8973,2584,182.2
2024-12-24,167.9895,167.9895,167.3444,167.713,2967,182
2024-12-25,166.9758,170.4775,166.9758,169.0031,11501,183.4
2024-12-26,169.7219,169.7219,169.6297,169.6481,962,184.1
2024-12-27,169.556,169.556,166.1465,168.5424,8652,182.9
2024-12-30,168.6345,169.9246,168.1738,169.8325,5373,184.3
2024-12-31,170.0168,170.0168,167.8052,169.9246,2692,184.4
2025-01-02,169.556,169.556,168.1738,169.4639,1664,183.9
2025-01-03,168.7267,169.0953,167.8973,169.0031,1040,183.4
2025-01-06,169.0031,169.0031,168.6345,168.6345,5824,183
2025-01-07,168.6162,168.7083,167.9712,168.7266,604,183.1
2025-01-08,169.556,169.556,168.2659,169.0953,7205,183.5
2025-01-09,169.0031,170.1089,168.7267,170.1089,17208,184.6
2025-01-10,170.1089,170.1089,168.6345,168.6345,1618,183
2025-01-13,168.6345,170.0168,168.6345,170.0168,1806,184.5
2025-01-14,168.6345,169.8325,168.6345,169.8325,515,184.3
2025-01-15,169.8325,169.8325,167.9895,168.2659,3615,182.6
2025-01-16,168.2659,170.4775,168.2659,170.4775,15500,185
2025-01-17,168.911,170.0168,168.911,170.0168,676,184.5
2025-01-20,170.0168,171.0304,169.556,171.0304,37196,185.6
2025-01-21,172.3205,173.242,171.9519,173.242,6125,188
2025-01-22,173.242,175.085,173.242,174.9007,8381,189.8
2025-01-23,174.1635,175.085,173.7028,175.085,10284,190
2025-01-24,175.085,175.085,173.4263,173.4263,2254,188.2
2025-02-04,175.9144,176.0065,174.0714,175.085,6062,190
2025-02-05,175.5458,179.2318,175.5458,177.8495,5611,193
2025-02-06,179.2318,183.1942,179.2318,181.9041,7319,197.4
2025-02-07,181.5355,182.7335,181.5355,181.7198,7954,197.2
2025-02-10,181.7198,182.457,180.614,180.614,14326,196
2025-02-11,181.2591,181.3512,179.2318,179.2318,5652,194.5
2025-02-12,179.2318,180.614,179.2318,179.2318,3920,194.5
2025-02-13,182.4372,182.4372,179.673,180.1532,5104,195.5
2025-02-14,180.2454,183.3785,180.2454,183.3785,8722,199
2025-02-17,183.655,195.358,183.3785,193.515,10739,210
2025-02-18,193.515,194.4365,188.3546,193.1464,4220,209.6
2025-02-19,193.0543,193.515,191.1191,192.5014,6708,208.9
2025-02-20,192.4805,192.4805,189.532,192.1327,6186,208.5
2025-02-21,192.1328,194.2522,192.1328,192.9621,14327,209.4
2025-02-24,194.4365,195.358,193.515,195.358,10729,212
2025-02-25,197.1089,197.201,194.4365,194.4365,3681,211
2025-02-26,194.4365,195.2659,194.0679,195.2659,2525,211.9
2025-02-27,194.4365,195.2659,193.515,194.4365,4914,211
2025-02-28,188.887,193.0333,188.887,192.1327,5460,208.5
2025-03-03,192.5935,193.515,192.1328,193.515,436,210
2025-03-04,193.515,193.515,191.8563,192.5935,2905,209
2025-03-05,191.9485,192.1328,189.7369,191.4877,6952,207.8
2025-03-06,191.672,191.8563,191.5799,191.7642,3807,208.1
2025-03-07,191.672,191.7642,190.7505,190.8427,9040,207.1
2025-03-10,191.0062,192.6647,190.8219,192.6856,2006,209.1
2025-03-11,192.2249,193.7915,191.672,192.2249,2454,208.6
2025-03-12,192.2249,192.5935,191.672,191.672,2000,208
2025-03-13,190.8427,191.672,190.8427,191.1191,2117,207.4
2025-03-14,191.3034,191.3034,190.3819,190.3819,2033,206.6
2025-03-18,190.7505,191.672,190.7505,190.7505,2902,207
2025-03-19,190.5662,192.0406,189.829,190.7505,5400,207
2025-03-20,189.3683,192.3171,189.3683,192.3171,2529,208.7
2025-03-21,192.3171,192.4092,191.1191,192.3171,2300,208.7
2025-03-24,191.672,192.87,190.7505,192.87,3000,209.3
2025-03-25,192.0406,192.87,191.672,192.87,4109,209.3
2025-03-26,191.672,192.1328,191.672,191.672,1504,208
2025-03-27,192.5935,193.515,190.8427,190.8427,4701,207.1
2025-03-28,190.9348,190.9348,190.5662,190.7505,18422,207
2025-03-31,190.9348,190.9348,189.9212,190.7505,1351,207
2025-04-01,190.0133,190.0133,189.829,190.0133,3202,206.2
2025-04-02,189.829,189.829,187.986,188.9075,9532,205
2025-04-03,185.2215,188.4468,170.0168,170.0168,72469,184.5
2025-04-04,170.0168,184.2079,165.87,184.2079,19383,199.9
2025-04-08,183.7471,183.7471,169.556,170.754,26827,185.3
2025-04-09,157.5765,174.1635,157.5765,171.6755,16122,186.3
2025-04-10,184.3,188.8154,180.8905,188.8154,27903,204.9
2025-04-11,181.5355,188.8154,181.5355,185.3137,14576,201.1
2025-04-14,186.143,187.8017,186.143,186.2352,7786,202.1
2025-04-15,186.2352,186.5116,184.3922,186.143,14457,202
2025-04-16,185.9587,185.9587,184.4843,184.6686,4333,200.4
2025-04-17,184.6686,184.8529,184.5765,184.6686,28818,200.4
2025-04-18,187.0645,187.0645,184.5765,184.5765,6225,200.3
2025-04-21,184.3922,186.0509,184.3,184.4843,11527,200.2
2025-04-22,185.6823,185.6823,175.085,180.9826,34420,196.4
2025-04-23,181.0551,182.8979,177.3695,181.259,6489,196.7
2025-04-24,181.5355,181.9963,178.8632,180.614,10503,196
2025-04-25,180.614,181.9963,180.1533,181.5355,10807,197
2025-04-28,181.5355,182.457,181.5355,182.457,10214,198
2025-04-29,183.3785,183.3785,182.6413,183.1942,3311,198.8
2025-05-05,183.4707,0,183.3785,184.3,15500,200
2025-05-06,184.3,184.3,183.655,184.3,8700,200
2025-05-07,184.3,184.3922,183.5628,183.5628,2400,199.2
2025-05-08,184.3,184.9451,183.5628,183.8393,4000,199.5
2025-05-09,183.8393,184.1157,183.3785,184.1157,4800,199.8
2025-05-12,184.0236,184.3,183.8393,184.3,3200,200
2025-05-13,184.3,185.0372,183.7471,184.5765,10100,200.3
2025-05-14,187.0645,188.9075,184.5765,188.9075,17400,205
2025-05-15,188.9075,188.9075,186.6038,187.986,12100,204
2025-05-16,188.9075,188.9075,187.0645,187.0645,3400,203
2025-05-19,187.0442,187.7813,187.0442,187.7095,4600,203.7
2025-05-20,187.8939,188.0782,187.8939,188.0782,15900,204.1
2025-05-21,188.0782,188.4468,187.8939,187.8939,3700,203.9
2025-05-22,187.986,188.2625,187.8939,187.8939,3600,203.9
2025-05-23,187.986,188.8154,187.986,188.4468,2000,204.5
2025-05-26,192.5726,192.5726,187.9656,188.631,8500,204.7
2025-05-27,189.184,189.184,188.4468,188.5389,2400,204.6
2025-05-28,188.6311,188.9075,188.6311,188.9075,7900,205
2025-05-29,188.9075,189.829,188.9075,189.184,8200,205.3
2025-05-30,189.2761,189.2761,188.7232,188.7232,3800,204.8
2025-06-02,188.3546,188.7232,187.986,187.986,300,204
2025-06-03,187.986,195.358,187.986,195.358,20100,212
2025-06-04,195.358,195.358,190.1055,194.2522,6100,210.8
2025-06-05,194.2522,194.2522,191.2113,191.2113,2300,207.5
2025-06-06,191.2113,191.672,188.5389,190.1976,8700,206.4
2025-06-09,189.3683,189.3683,188.3546,188.7232,2000,204.8
2025-06-10,188.0782,189.829,188.0782,188.9075,2400,205
2025-06-11,189.7369,189.7369,187.986,187.986,7000,204
2025-06-12,188.9075,188.9075,187.2488,188.8154,3100,204.9
2025-06-13,187.986,187.986,184.7608,184.7608,16000,200.5
2025-06-16,184.7407,184.7407,177.8302,181.259,83200,196.7
2025-06-17,180.614,180.614,178.8632,180.614,21100,196
2025-06-18,180.4297,180.4297,178.4024,178.771,16900,194
2025-06-19,178.7516,180.5023,178.7516,180.1532,5300,195.5
2025-06-20,180.5944,180.5944,175.1581,179.416,7300,194.7
2025-06-23,177.8495,179.969,176.928,179.2318,6700,194.5
2025-06-24,179.2318,180.4297,178.771,179.6925,1800,195
2025-06-25,179.6925,179.8768,179.5082,179.6925,9500,195
2025-06-26,179.2318,179.8768,179.2318,179.6925,4800,195
2025-06-27,179.8768,180.0611,179.6004,179.7847,10900,195.1
2025-06-30,180.614,181.5355,180.2454,181.4434,3400,196.9
2025-07-01,181.4434,181.5355,181.4434,181.5355,2400,197
2025-07-02,181.6079,182.8979,181.6079,182.9177,2300,198.5
2025-07-03,183.0099,183.3785,182.457,182.6413,6200,198.2
2025-07-04,183.4707,184.1157,183.4707,184.1157,1300,199.8
2025-07-07,182.9178,184.1157,179.2318,181.6277,4400,197.1
2025-07-08,181.6277,182.457,181.5355,181.6277,3700,197.1
2025-07-09,182.457,182.457,181.7198,181.812,4100,197.3
2025-07-10,182.1806,182.9178,181.9963,182.457,4200,198
2025-07-11,182.457,182.5492,181.7198,182.3649,12000,197.9
2025-07-14,181.0748,181.2591,180.7983,180.7983,3200,196.2
2025-07-15,181.5355,182.1806,181.5355,181.5355,2000,197
2025-07-16,180.1533,182.2727,180.1533,181.9963,4100,197.5
2025-07-17,181.5355,182.457,181.5355,181.9963,12800,197.5
2025-07-18,180.614,182.3649,180.614,181.1669,2600,196.6
2025-07-21,180.614,180.614,176.4673,176.8359,57500,191.9
2025-07-22,176.928,176.928,175.1772,176.8359,13200,191.9
2025-07-23,176.928,178.2181,176.6516,176.928,6800,192
2025-07-24,177.1123,177.1123,176.283,176.283,9000,191.3
2025-07-25,176.0065,177.1123,175.5458,176.928,14900,192
2025-07-28,177.8495,177.8495,175.3615,176.928,8200,192
2025-07-29,176.928,176.928,175.3615,175.5458,8900,190.5
2025-07-30,175.5458,175.5458,175.2693,175.5458,3400,190.5
2025-07-31,175.5458,176.6516,174.7164,174.7164,5500,189.6
2025-08-01,176.7437,177.8495,174.7164,174.8086,6400,189.7
2025-08-04,174.8086,177.3888,173.8871,175.085,1200,190
2025-08-05,175.085,176.0065,174.1635,174.1635,6500,189
2025-08-06,174.1635,175.085,174.1635,174.2557,5500,189.1
2025-08-07,174.2557,174.2557,173.7949,174.2557,21700,189.1
2025-08-08,174.3478,175.085,174.0714,174.1635,7000,189
2025-08-11,174.1635,174.2557,173.242,173.7949,13300,188.6
2025-08-12,175.8222,175.8222,173.8871,173.9792,17900,188.8
2025-08-13,175.5458,175.9144,174.6243,175.9144,9300,190.9
2025-08-14,175.9144,176.0987,175.5458,176.0987,6100,191.1
2025-08-15,176.0065,176.0987,175.085,176.0987,2200,191.1
2025-08-18,176.283,176.283,175.2693,176.283,900,191.3
2025-08-19,176.283,176.5594,175.3615,175.9144,8700,190.9
2025-08-20,175.9144,176.5594,175.1772,175.9144,8700,190.9
2025-08-21,175.9144,177.0202,175.9144,176.1908,12900,191.2
2025-08-22,176.928,176.928,175.3615,175.3615,1000,190.3
2025-08-25,175.3615,175.3615,173.242,173.3342,10500,188.1
2025-08-26,175.085,175.085,173.7949,173.7949,1800,188.6
2025-08-27,173.8871,174.1635,172.9656,174.1635,6600,189
2025-08-28,174.3478,174.7164,174.1635,174.5321,2200,189.4
2025-08-29,174.2557,174.2557,172.8734,174.1635,700,189
2025-09-03,174.1635,175.085,173.7028,174.7164,2100,189.6
2025-09-04,175.085,176.928,175.085,176.928,4200,192
2025-09-05,177.0931,177.8302,176.8167,177.3887,11300,192.5
2025-09-08,177.4809,177.6652,175.3615,176.283,2700,191.3
2025-09-09,177.7574,177.7574,176.283,176.4673,1200,191.5
2025-09-11,176.0065,176.928,176.0065,176.928,800,192
2025-09-12,176.9088,177.3695,175.9874,177.3887,5200,192.5
2025-09-15,177.3695,177.3695,177.3695,177.3887,2800,192.5
2025-09-16,176.928,179.6004,176.8359,179.6004,6200,194.9
2025-09-17,177.8495,178.771,177.8495,177.8495,12700,193
2025-09-18,177.8302,177.9223,177.3695,177.3887,9600,192.5
2025-09-19,177.6652,177.8495,177.6652,177.6652,1000,192.8
2025-09-22,177.6652,177.8495,176.928,177.2966,5800,192.4
2025-09-23,177.5731,177.5731,176.7437,176.7437,5100,191.8
2025-09-24,176.7245,176.7245,173.3153,175.73,10200,190.7
2025-09-25,175.9144,176.1908,175.3615,176.1908,37500,191.2
2025-09-26,177.0931,177.3695,175.9874,177.3887,1900,192.5
2025-09-29,177.3888,177.3888,176.928,177.2966,11200,192.4
2025-09-30,177.3888,179.6925,177.2966,177.2966,41100,192.4
2025-10-01,178.4024,178.4024,177.4809,177.8495,8500,193
2025-10-02,178.771,178.771,176.0065,176.928,8000,192
2025-10-03,176.4481,176.8167,175.066,175.1771,16800,190.1
2025-10-06,177.9417,177.9417,175.1772,176.1908,26400,191.2
2025-10-07,176,176.5,175.2,175.2,20200,175.2
2025-10-08,175.5,175.5,173,173,14800,173
2025-10-09,172.6,174,171.3,172,15400,172
2025-10-10,172.5,173,170.7,171,14800,171
2025-10-13,171,172.9,170.2,172.4,11200,172.4
2025-10-14,172,172.1,172,172,5900,172
2025-10-15,172,172.5,171.2,172.4,7200,172.4
2025-10-16,173,173,171,171.5,9000,171.5
2025-10-17,171,172,170.2,170.2,6100,170.2
2025-10-20,170.3,170.3,166.2,166.2,8800,166.2
2025-10-21,167,168,164.5,167.9,10700,167.9
2025-10-22,168,168.4,167,167,2400,167
2025-10-23,169.9,170.5,168.6,170,9900,170
2025-10-24,171,171,167.9,170.4,3300,170.4
2025-10-27,168,170,153.4,166.8,3600,166.8
2025-10-28,169.9,169.9,167.5,168.6,1800,168.6
2025-10-29,169,169,168,168,6500,168
2025-10-30,165,169,152,169,6600,169
2025-10-31,168.6,168.6,168.6,168.6,100,168.6
2025-11-03,168.1,168.2,166.5,167,9200,167
2025-11-04,166.7,167,166,167,5600,167
2025-11-05,167,167.8,166.8,167.1,4700,167.1
2025-11-06,169.1,169.1,166.5,166.5,8000,166.5
2025-11-07,168,168,165.3,165.4,3900,165.4
2025-11-10,165.2,165.2,163.4,163.4,4800,163.4
2025-11-11,166.9,166.9,162.2,163,2700,163
2025-11-12,163.5,166.3,163.5,166.3,600,166.3
2025-11-13,174,174,167,167,1400,167
2025-11-14,167,167,164.5,166,4600,166
2025-11-17,166,167,166,167,1500,167
2025-11-18,166.9,167,164.7,167,5000,167
2025-11-19,167.5,168,165.7,165.7,1300,165.7
2025-11-20,165.7,166.5,165.7,166.5,1700,166.5
2025-11-21,166.5,166.5,164.5,164.5,600,164.5
2025-11-24,165.1,165.9,164.5,165.9,4900,165.9
2025-11-25,166,166,164,164,3500,164
2025-11-26,164,165,163.2,165,2100,165
2025-11-27,165,166,165,165,3600,165
2025-11-28,163.2,165.9,163,163.8,1700,163.8
2025-12-01,164,166,163.7,164.5,3400,164.5
2025-12-02,164.3,165,164.2,164.5,1800,164.5
2025-12-03,166,166.2,164,165,2900,165
2025-12-04,164.2,165.6,164.1,164.3,1600,164.3
2025-12-05,165,165,164.2,164.2,2000,164.2
2025-12-08,165,165,164.2,164.2,2800,164.2
2025-12-09,166.9,167,163.5,164.4,8000,164.4
2025-12-10,166.7,166.9,164,164,4000,164
2025-12-11,164.1,165.6,164,165.6,1000,165.6
2025-12-12,164,164,164,164,1000,164
2025-12-15,164,164,164,164,1500,164
2025-12-16,164.3,164.3,163.2,163.2,3000,163.2
2025-12-17,163.1,163.2,163,163,2900,163
2025-12-18,163,163,163,163,900,163
2025-12-19,163,163,162,162.4,2800,162.4
2025-12-22,163,163,161.8,161.9,3700,161.9
2025-12-23,162,163.5,161.8,162,3900,162
2025-12-24,162,162,160.3,162,8100,162
2025-12-25,162,162,161.1,161.8,700,161.8
2025-12-26,158.2,162,158.2,162,1500,162
2025-12-29,162,162,159.6,161.9,5300,161.9
2025-12-30,161.9,161.9,161.8,161.9,2300,161.9
2025-12-31,161.9,161.9,161.9,161.9,1200,161.9
2026-01-05,164,164,161.8,161.9,3400,161.9
2026-01-06,160.3,162.6,160,162.6,3800,162.6
2026-01-07,161,161.9,160.7,161.9,5300,161.9
2026-01-08,161.9,162,160,161,6600,161
2026-01-09,161,161.2,160,161.2,3400,161.2
2026-01-12,161.4,161.4,159,160.9,5200,160.9
2026-01-13,160,160.1,159,160.1,2500,160.1
2026-01-14,160,162.4,159.8,162.4,5800,162.4
2026-01-15,167,167,160.9,161.2,6200,161.2
2026-01-16,161.9,162,161.3,162,5900,162
2026-01-19,162,162,160.2,160.6,12600,160.6
2026-01-20,160.6,161.9,160.6,161.9,1800,161.9
2026-01-21,161.6,161.6,160.5,161.4,2600,161.4
2026-01-22,161.2,161.8,160,161.7,3900,161.7
2026-01-23,161.7,161.7,160.6,161.4,2600,161.4
2026-01-26,161.4,161.4,160,160.7,6000,160.7
2026-01-27,160.5,161.6,160.5,161.5,2700,161.5
2026-01-28,161.5,161.5,159.5,161.4,500,161.4
2026-01-29,161,161.4,161,161.4,700,161.4
2026-01-30,160.2,161.9,160,161.6,4400,161.6
2026-02-02,161.4,161.4,160.1,161,2500,161
2026-02-03,161,161.5,160.9,161.5,1200,161.5
2026-02-04,161.3,161.6,160.8,161.5,3800,161.5
2026-02-05,161.5,161.6,161,161.5,2600,161.5
2026-02-06,161.5,162,160.4,161.1,10800,161.1
2026-02-09,161.5,161.5,160,161,13200,161
2026-02-10,160.1,160.1,160,160.1,6000,160.1
2026-02-11,160.3,165,160.2,163.2,1900,163.2
2026-02-12,163.1,163.1,161.2,162.8,600,162.8
2026-02-13,161.3,162.8,161.2,161.9,1400,161.9
2026-02-23,163.5,163.5,161.3,162,2100,162
2026-02-24,162.5,162.5,161.1,162,7500,162
2026-02-25,160.3,162.5,160.1,161.5,2300,161.5
2026-02-26,162.5,162.6,161.6,161.6,3200,161.6
2026-02-27,161.6,162,161.6,161.9,2700,161.9
2026-03-02,161.7,163,161,162,4400,162
2026-03-03,162,162.6,161,162.2,7200,162.2
2026-03-04,162,162,158.1,159.3,13700,159.3
2026-03-05,158,162,158,160.1,2500,160.1
2026-03-06,160.1,161,160.1,160.4,2300,160.4
2026-03-09,160.1,160.1,150.9,154.9,12900,154.9
2026-03-10,155.2,157.5,155.1,157.1,4600,157.1
2026-03-11,157.8,158,157.2,158,3600,158
2026-03-12,158,159.9,157.2,159.8,1800,159.8
2026-03-13,158.5,159.7,158.5,159.7,3100,159.7
2026-03-16,159.7,159.7,159.6,159.7,800,159.7
2026-03-17,160,162,160,160.5,1400,160.5
2026-03-18,161,161.1,160.1,160.1,800,160.1
2026-03-19,158.6,162.5,158.5,162,7400,162
2026-03-20,160.8,162,160.2,160.2,2300,160.2
2026-03-23,161.3,161.7,159,159,8000,159
2026-03-24,160,160.8,159.2,160.8,2300,160.8
2026-03-25,161,161.1,160.8,161,12700,161
2026-03-26,161,161,160.8,160.8,1900,160.8
2026-03-27,160.8,160.8,159.8,160.8,4800,160.8
2026-03-30,160.9,161,160.9,161,1900,161
2026-03-31,161,161.3,161,161.2,1200,161.2
2026-04-01,161.2,163,161.2,162,3400,162
2026-04-02,162,162,161.2,162,1700,162
2026-04-03,161.3,161.5,161,161,1800,161
2026-04-06,161,161.5,159,161.4,2500,161.4
2026-04-07,161,161.3,161,161,1600,161
2026-04-08,163.7,163.7,159,160.5,4200,160.5
2026-04-09,160.5,161.3,160.5,160.9,3300,160.9
2026-04-10,159.5,161.4,159.5,161.4,4000,161.4
2026-04-13,161.4,161.6,160.8,161.6,2600,161.6
2026-04-14,161.5,161.7,161,161,2800,161
2026-04-15,161,161,160.7,160.7,1100,160.7
2026-04-16,160.8,160.8,160,160.2,1200,160.2
2026-04-17,160.2,161,160.2,160.3,900,160.3
2026-04-20,160.2,160.4,160,160.4,1100,160.4
2026-04-21,159,159,154.9,157,27200,157
2026-04-22,157.5,158,157,157.7,1200,157.7
2026-04-23,157,158.8,156.2,156.2,4000,156.2
2026-04-24,156.5,156.9,155,155,9600,155
2026-04-28,156,156,155.1,155.6,2500,155.6
2026-04-29,155.6,159,155,155,10500,155
2026-05-04,155.2,157.8,155,155,4400,155
2026-05-05,155.1,155.1,153.4,154.7,14300,154.7
2026-05-06,155.4,155.4,152.6,152.7,8900,152.7
2026-05-07,152.9,152.9,151.3,152.6,3100,152.6
2026-05-08,152.6,152.8,150,152.2,4700,152.2
2026-05-11,152,152,149,150.9,6600,150.9
2026-05-12,150,150.4,148.5,149.3,5500,149.3
2026-05-13,149.3,150.5,149,150.4,5600,150.4
2026-05-14,150.1,150.1,149.3,149.3,3200,149.3
2026-05-15,149.3,149.4,149.3,149.3,2100,149.3
2026-05-18,149.5,150.5,149.3,150.5,1400,150.5
2026-05-19,150.5,150.5,150.4,150.4,700,150.4
2026-05-20,149.5,149.5,148.4,148.4,4000,148.4
2026-05-21,148.4,149.9,148.4,149.6,1900,149.6
2026-05-22,149.5,151,148.5,150,1400,150
2026-05-25,149,151.5,149,151.5,3700,151.5
2026-05-26,152,152,150,150,2300,150
2026-05-27,150,151.5,150,150,2300,150
2026-05-28,150,150,149.1,149.1,1200,149.1
2026-05-29,149.1,149.2,149.1,149.2,1200,149.2
2026-06-01,150,150.9,150,150.8,1500,150.8
2026-06-02,150.8,150.8,149.1,149.1,500,149.1
2026-06-03,149.1,149.1,147.2,147.2,6000,147.2
2026-06-04,132.5,148,132.5,148,1400,148
2026-06-05,148,148,148,148,300,148
2026-06-08,146,148,146,148,400,148
2026-06-09,147.9,148.5,147.9,148.5,1400,148.5
2026-06-10,148.5,148.5,147,147.2,1500,147.2
2026-06-11,148,148,148,148,100,148
2026-06-12,148.8,150,148.8,150,5800,150
2026-06-15,150,151,148,151,11600,151
2026-06-16,151,151,151,151,200,151
2026-06-17,149.1,149.8,149.1,149.8,9800,149.8
2026-06-18,149.8,151,149.8,149.8,3500,149.8
2026-06-19,149.1,150,149.1,149.7,2400,149.7
2026-06-22,149.9,150,149.1,149.2,2400,149.2
2026-06-23,149.2,149.2,149.1,149.1,800,149.1
2026-06-24,149.1,149.1,149,149,700,149
2026-06-25,149.1,149.1,149.1,149.1,300,149.1
2026-06-26,149.1,149.5,149.1,149.5,1200,149.5
2026-06-29,150,150.9,149.5,150.8,1300,150.8
2026-06-30,150.8,150.8,150.8,150.8,200,150.8
2026-07-01,150,150,148.5,150,2500,150
2026-07-02,150,150,150,150,600,150
2026-07-03,150,150,150,150,300,150
2026-07-06,150,150,149.9,149.9,1200,149.9
2026-07-07,146.2,149.8,146.2,149.8,500,149.8
2026-07-08,149.8,149.8,148,149,600,149
2026-07-09,149,149,149,149,400,149
2026-07-10,149,149,149,149,500,149
2026-07-13,150,150,148,148,400,148
2026-07-14,148.5,148.5,148.4,148.5,800,148.5
2026-07-15,148.5,148.5,148.5,148.5,500,148.5
2026-07-16,148.5,148.5,148.4,148.4,300,148.4
2026-07-20,146,146.2,145.5,145.5,3800,145.5
2026-07-21,145,145.5,145,145,1900,145
2026-07-22,144.9,144.9,133.1,139,2500,139
2026-07-23,137,137,129,131.9,12600,131.9
2026-07-24,131.9,131.9,125,127.7,1800,127.7
2026-07-27,129,129.1,127.1,127.1,3700,127.1
2026-07-28,128,128,127.1,128,3900,128
2026-07-29,128.6,129.5,126,126,7600,126
2026-07-30,127,127.9,126.7,127,9700,127
2026-07-31,127,128.5,127,127.1,8200,127.1
2026-08-03,128,128.4,128,128.4,3800,128.4
2026-08-04,131,131,128,128,1700,128
2026-08-05,128.5,128.5,128,128,12900,128
