date,open,high,low,close,volume,close_raw
2006-07-12,12.7374,12.7374,12.7374,12.7403,763190,78
2006-07-13,13.064,13.309,13.064,13.3119,1694670,81.5
2006-07-14,13.5539,13.5539,13.1457,13.1486,935410,80.5
2006-07-17,12.9007,12.9007,12.6558,12.6586,1320510,77.5
2006-07-18,12.3292,12.3292,12.3292,12.3319,721380,75.5
2006-07-19,12.2475,12.2475,11.9209,11.9236,747410,73
2006-07-20,11.7576,12.4925,11.7576,12.4953,988420,76.5
2006-07-21,12.3292,12.3292,12.2475,12.2503,603240,75
2006-07-24,12.2475,12.2475,12.0026,12.0053,311780,73.5
2006-07-25,11.8393,11.8393,11.431,11.4336,342530,70
2006-07-26,11.0228,11.1861,11.0228,11.1886,311540,68.5
2006-07-27,11.1861,11.1861,11.1044,11.1886,400570,68.5
2006-07-28,11.2677,11.2677,11.0228,11.0252,289270,67.5
2006-07-31,10.6145,10.6145,10.5329,10.5352,200780,64.5
2006-08-01,10.043,10.043,10.043,10.0452,167240,61.5
2006-08-02,9.5531,9.5531,9.5531,9.5552,476710,58.5
2006-08-03,9.9613,9.9613,9.9613,9.9635,542710,61
2006-08-04,10.4512,10.4512,10.4512,10.4536,117920,64
2006-08-07,10.6145,10.6145,10.043,10.0452,538860,61.5
2006-08-08,10.043,10.3696,10.043,10.2085,246690,62.5
2006-08-09,9.8797,9.8797,9.798,9.8002,1078960,60
2006-08-10,9.798,9.9613,9.798,9.9635,293470,61
2006-08-11,9.9613,10.1246,9.9613,10.1269,395920,62
2006-08-14,10.4512,10.6145,10.4512,10.6169,487760,65
2006-08-15,10.6145,10.6145,10.3696,10.3719,534520,63.5
2006-08-16,10.5329,10.6145,10.5329,10.6169,286200,65
2006-08-17,10.9411,10.9411,10.6962,10.6986,563530,65.5
2006-08-18,10.8595,10.8595,10.6145,10.6169,370910,65
2006-08-21,10.6145,10.6145,10.5329,10.5352,191270,64.5
2006-08-22,10.3696,10.3696,10.2879,10.2902,268930,63
2006-08-23,10.2063,10.4512,10.2063,10.4536,164010,64
2006-08-24,10.4512,10.4512,10.4512,10.4536,154360,64
2006-08-25,10.4512,10.4512,10.3696,10.3719,87030,63.5
2006-08-28,10.3696,10.5329,10.3696,10.5352,185880,64.5
2006-08-29,10.6145,10.6145,10.6145,10.6169,340960,65
2006-08-30,10.6145,10.6145,10.6145,10.6169,373920,65
2006-08-31,10.6962,10.6962,10.6962,10.6986,432700,65.5
2006-09-01,10.8595,11.0228,10.8595,11.0252,599270,67.5
2006-09-05,11.5127,11.5127,11.5127,11.5152,358380,70.5
2006-09-06,11.9209,11.9209,11.5943,11.5969,442200,71
2006-09-07,11.431,11.431,11.3494,11.3519,290910,69.5
2006-09-08,11.431,11.431,11.431,11.4336,280320,70
2006-09-11,11.5127,11.5127,11.431,11.4336,235040,70
2006-09-12,11.3494,11.3494,11.1044,11.1069,276340,68
2006-09-13,11.1861,11.431,11.1861,11.4336,173700,70
2006-09-14,11.3494,11.3494,11.2677,11.2702,153820,69
2006-09-15,11.3494,11.3494,11.2677,11.4336,276270,70
2006-09-18,11.431,11.431,11.3494,11.3519,160300,69.5
2006-09-19,11.3494,11.3494,11.3494,11.3519,176660,69.5
2006-09-20,11.431,11.431,11.3494,11.3519,312200,69.5
2006-09-21,11.431,11.431,11.3494,11.3519,247000,69.5
2006-09-22,11.2677,11.3494,11.2677,11.3519,154130,69.5
2006-09-25,11.2677,11.3494,11.2677,11.3519,188410,69.5
2006-09-26,11.3494,11.3494,11.3494,11.3519,174710,69.5
2006-09-27,11.3494,11.3494,11.2677,11.2702,265890,69
2006-09-28,11.431,11.7576,11.431,11.7602,729790,72
2006-09-29,11.7576,11.7576,11.5127,11.5152,320830,70.5
2006-10-02,11.5127,11.5943,11.5127,11.5969,266150,71
2006-10-03,11.7576,11.7576,11.676,11.7602,421820,72
2006-10-04,12.2475,12.2475,11.9209,11.9236,647480,73
2006-10-05,11.9209,11.9209,11.8393,11.8419,368720,72.5
2006-10-06,11.7576,11.9209,11.7576,11.9236,317810,73
2006-10-09,11.9209,11.9209,11.8393,11.8419,456440,72.5
2006-10-10,11.8393,11.8393,11.676,11.6786,287780,71.5
2006-10-11,11.5943,11.676,11.5943,11.5969,444880,71
2006-10-12,11.676,11.676,11.5943,11.5969,504170,71
2006-10-13,10.5329,10.5329,10.5329,10.5352,262250,64.5
2006-10-16,10.5329,10.5329,10.4512,10.4536,196690,64
2006-10-17,10.2879,10.2879,10.1246,10.1269,279980,62
2006-10-18,10.1246,10.1246,10.043,10.0452,249990,61.5
2006-10-19,10.1246,10.2063,10.1246,10.2085,404320,62.5
2006-10-20,10.2879,10.2879,10.2879,10.2902,250130,63
2006-10-23,10.2063,10.2063,10.2063,10.2085,131650,62.5
2006-10-24,10.2063,10.2063,10.2063,10.2085,128990,62.5
2006-10-25,10.1246,10.2063,10.1246,10.1269,143870,62
2006-10-26,10.1246,10.1246,10.1246,10.1269,130360,62
2006-10-27,9.9613,9.9613,9.9613,9.9635,191620,61
2006-10-30,9.8797,9.8797,9.798,9.8002,182090,60
2006-10-31,9.6347,9.7164,9.6347,9.7185,323500,59.5
2006-11-01,9.8797,10.043,9.8797,10.0452,210180,61.5
2006-11-02,10.1246,10.1246,9.9613,9.9635,280390,61
2006-11-03,9.8797,9.8797,9.8797,9.8819,145590,60.5
2006-11-06,9.8797,9.8797,9.8797,9.9635,178510,61
2006-11-07,10.043,10.043,9.9613,9.9635,197790,61
2006-11-08,9.9613,9.9613,9.9613,9.9635,150920,61
2006-11-09,9.9613,9.9613,9.9613,9.9635,157120,61
2006-11-10,9.9613,9.9613,9.8797,9.8819,187530,60.5
2006-11-13,9.8797,9.9613,9.8797,9.9635,128790,61
2006-11-14,9.9613,10.2063,9.9613,10.2085,275600,62.5
2006-11-15,10.4512,10.4512,10.2063,10.2085,404230,62.5
2006-11-16,10.043,10.043,10.043,10.0452,102170,61.5
2006-11-17,10.1246,10.2063,10.1246,10.2085,225060,62.5
2006-11-20,10.2063,10.2063,10.043,10.0452,288090,61.5
2006-11-21,10.043,10.043,10.043,10.0452,252180,61.5
2006-11-22,10.1246,10.1246,10.1246,10.1269,522740,62
2006-11-23,10.3696,10.6145,10.3696,10.6169,932860,65
2006-11-24,11.1044,11.1044,11.1044,11.1069,1422510,68
2006-11-27,11.5943,11.5943,10.6145,10.6169,1155520,65
2006-11-28,10.7778,10.7778,10.7778,10.7802,769620,66
2006-11-29,10.6145,10.6145,10.3696,10.3719,683560,63.5
2006-11-30,10.4512,10.4512,10.4512,10.4536,452420,64
2006-12-01,10.4512,10.4512,10.4512,10.4536,549720,64
2006-12-04,10.6145,10.6145,10.4512,10.4536,251050,64
2006-12-05,10.4512,10.4512,10.3696,10.3719,328060,63.5
2006-12-06,10.4512,10.4512,10.3696,10.3719,391760,63.5
2006-12-07,10.4512,10.4512,10.3696,10.8619,724950,66.5
2006-12-08,10.8595,10.8595,10.8595,10.8619,159600,66.5
2006-12-11,11.1044,11.1044,11.1044,11.1069,845050,68
2006-12-12,11.1044,11.1044,11.1044,10.7802,595410,66
2006-12-13,10.7778,10.7778,10.7778,10.7802,484060,66
2006-12-14,10.7778,10.7778,10.7778,10.6169,531450,65
2006-12-15,10.6962,10.9411,10.6962,10.9436,669860,67
2006-12-18,11.3494,11.3494,11.0228,11.0252,1196360,67.5
2006-12-19,11.2677,11.431,11.2677,11.4336,1269640,70
2006-12-20,11.5943,11.9209,11.5943,11.9236,1236380,73
2006-12-21,12.4108,12.4108,11.5943,11.5969,1260800,71
2006-12-22,11.1044,11.1861,11.1044,11.1886,773240,68.5
2006-12-25,11.3494,11.676,11.3494,11.6786,576660,71.5
2006-12-26,11.8393,11.8393,11.7576,11.7602,571160,72
2006-12-27,11.9209,11.9209,11.8393,11.8419,469440,72.5
2006-12-28,11.676,11.676,11.676,11.6786,362220,71.5
2006-12-29,11.5943,11.7576,11.5943,11.7602,427680,72
2007-01-02,11.676,12.0026,11.676,11.6786,545960,71.5
2007-01-03,11.9209,11.9209,11.7576,11.9236,364880,73
2007-01-04,12.4108,12.4108,12.1659,12.4136,717040,76
2007-01-05,12.4108,12.4108,12.3292,12.3319,602830,75.5
2007-01-08,12.1659,12.1659,12.1659,12.1686,750770,74.5
2007-01-09,12.1659,12.1659,12.0842,12.0869,596710,74
2007-01-10,12.0026,12.0842,11.9209,11.9236,689330,73
2007-01-11,11.9209,11.9209,11.8393,11.8419,588080,72.5
2007-01-12,11.7576,11.8393,11.7576,11.7602,832080,72
2007-01-15,11.8393,11.8393,11.7576,11.8419,915790,72.5
2007-01-16,12.4108,12.4108,12.3292,12.4136,1315340,76
2007-01-17,12.9824,12.9824,12.9824,12.9853,1193260,79.5
2007-01-18,13.5539,13.5539,13.5539,13.557,1327250,83
2007-01-19,14.2071,14.2071,14.2071,14.2103,499510,87
2007-01-22,14.8603,14.8603,14.8603,14.8636,134310,91
2007-01-23,15.5952,15.5952,15.5952,15.5987,44110,95.5
2007-01-24,16.33,16.33,16.33,16.3337,154660,100
2007-01-25,15.5135,15.5135,15.5135,15.517,1875550,95
2007-01-26,15.5135,16.0034,15.5135,16.007,1316130,98
2007-01-29,16.2484,16.2484,16.2484,16.252,857290,99.5
2007-01-30,16.2484,16.33,16.2484,16.3337,504630,100
2007-01-31,16.33,16.33,16.0034,16.007,825040,98
2007-02-01,16.0034,16.0034,15.6768,15.6803,737080,96
2007-02-02,15.6768,15.5135,15.5135,15.517,469480,95
2007-02-05,15.6768,15.8401,15.6768,15.6803,667550,96
2007-02-06,16.0034,16.0034,15.7585,16.007,672460,98
2007-02-07,16.33,16.33,16.33,16.3337,881820,100
2007-02-08,15.8401,16.33,15.8401,15.8437,527940,97
2007-02-09,15.8401,15.8401,15.5135,15.8437,540740,97
2007-02-12,15.8401,16.1667,15.8401,16.1703,440390,99
2007-02-13,16.1667,16.33,16.1667,16.1703,501140,99
2007-02-14,16.0851,16.1667,16.0851,16.0887,505450,98.5
2007-02-15,16.0034,16.2484,16.0034,16.007,770430,98
2007-02-26,16.6566,16.6566,16.6566,16.6603,795470,102
2007-02-27,17.4731,17.4731,17.4731,17.477,1033090,107
2007-02-28,17.6364,18.2896,17.6364,17.6404,1526510,108
2007-03-01,18.1263,18.4529,17.963,18.1304,1169600,111
2007-03-02,18.4529,18.9428,18.4529,18.9471,1173970,116
2007-03-05,19.7593,19.7593,19.7593,19.7637,199110,121
2007-03-06,20.7391,20.7391,20.7391,20.7438,157450,127
2007-03-07,21.7189,21.7189,21.7189,21.7238,213780,133
2007-03-08,22.6987,22.6987,22.6987,22.7038,356810,139
2007-03-09,23.6785,23.6785,22.862,22.8671,1344220,140
2007-03-12,24.0051,24.0051,24.0051,24.0105,1124790,147
2007-03-13,25.1482,25.1482,25.1482,25.1539,1006080,154
2007-03-14,24.0051,24.495,24.0051,24.0105,889080,147
2007-03-15,22.862,22.862,22.862,22.8671,709830,140
2007-03-16,24.0051,24.0051,24.0051,24.0105,996470,147
2007-03-19,25.1482,25.1482,25.1482,25.1539,289600,154
2007-03-20,26.2913,26.2913,26.2913,26.2972,342780,161
2007-03-21,27.5977,27.5977,27.2711,27.2772,1984180,167
2007-03-22,27.2711,27.2711,26.9445,26.9506,1413610,165
2007-03-23,26.9445,26.9445,26.128,26.1339,1043130,160
2007-03-26,25.3115,25.3115,24.8216,24.8272,869960,152
2007-03-27,23.6785,23.6785,23.6785,23.6838,690590,145
2007-03-28,22.5354,24.8216,22.5354,24.8272,2034740,152
2007-03-29,24.8216,25.1482,24.8216,25.1539,1304950,154
2007-03-30,25.1482,25.1482,24.1684,24.1738,985270,148
2007-04-02,23.1886,23.6785,23.1886,23.6838,687430,145
2007-04-03,23.6785,23.6785,23.5152,23.5205,698300,144
2007-04-04,23.8418,24.0051,23.8418,24.0105,578400,147
2007-04-05,24.0051,24.0051,23.8418,23.8472,420590,146
2007-04-06,23.5152,23.6785,23.5152,23.6838,662690,145
2007-04-09,24.1684,24.1684,24.0051,24.0105,373760,147
2007-04-10,24.1684,24.1684,23.8418,23.8472,630870,146
2007-04-11,23.8418,23.8418,23.8418,23.8472,391770,146
2007-04-12,23.8418,23.8418,23.6785,23.6838,444840,145
2007-04-13,23.5152,23.5152,23.1886,23.1938,522280,142
2007-04-16,22.5354,22.5354,22.0455,22.0505,746530,135
2007-04-17,21.8822,21.8822,21.8822,21.8871,966590,134
2007-04-18,22.862,22.862,22.862,22.8671,293170,140
2007-04-19,24.0051,24.0051,24.0051,24.0105,1528840,147
2007-04-20,23.3519,23.3519,23.0253,23.0305,613990,141
2007-04-23,22.2088,22.2088,22.2088,22.2138,572720,136
2007-04-24,22.5354,22.6987,22.5354,22.5405,458430,138
2007-04-25,22.6987,22.862,22.6987,22.8671,481340,140
2007-05-02,22.862,22.862,22.6987,22.7038,300400,139
2007-05-03,22.6987,22.6987,22.5354,22.5405,216950,138
2007-05-04,22.3721,22.5354,22.3721,22.5405,215300,138
2007-05-07,22.862,23.1886,22.862,23.1938,621190,142
2007-05-08,23.6785,23.6785,23.5152,23.5205,706620,144
2007-05-09,23.5152,23.5152,23.1886,23.1938,511170,142
2007-05-10,23.1886,23.1886,23.0253,23.0305,302700,141
2007-05-11,23.1886,24.1684,23.1886,24.1738,981410,148
2007-05-14,25.1482,25.1482,24.8216,24.8272,1254650,152
2007-05-15,24.8216,24.8216,24.495,24.5005,723670,150
2007-05-16,24.3317,24.3317,24.3317,24.3372,700180,149
2007-05-17,24.495,25.1482,24.495,25.1539,1037760,154
2007-05-18,25.4748,25.6381,25.4748,25.6439,1132680,157
2007-05-21,25.8014,26.2913,25.8014,26.2972,1167960,161
2007-05-22,27.5977,27.5977,27.4344,27.4406,1559690,168
2007-05-23,26.9445,27.2711,26.6179,26.6239,909550,163
2007-05-24,26.128,26.4546,26.128,26.1339,886790,160
2007-05-25,27.1078,27.1078,26.2913,27.1139,1040270,166
2007-05-28,27.5977,27.5977,27.1078,27.1139,785270,166
2007-05-29,27.761,27.761,27.1078,27.1139,1768560,166
2007-05-30,26.4546,26.4546,26.2913,26.2972,1026180,161
2007-05-31,26.2913,26.2913,26.2913,26.2972,828810,161
2007-06-01,25.9647,25.9647,25.4748,25.4805,992530,156
2007-06-04,24.9849,24.9849,24.3317,24.3372,1212960,149
2007-06-05,23.6785,23.6785,23.5152,23.5205,1747130,144
2007-06-06,23.3519,23.5152,23.3519,23.5205,1834680,144
2007-06-07,24.6176,24.6176,24.6176,24.6197,338320,78.5
2007-06-08,25.7152,25.7152,24.6176,24.6197,2315260,78.5
2007-06-11,24.1472,24.1472,23.52,23.522,777460,75
2007-06-12,22.8928,22.8928,22.736,22.7379,1036940,72.5
2007-06-13,22.736,23.3632,22.736,23.3652,809000,74.5
2007-06-14,23.52,23.52,23.52,23.522,794600,75
2007-06-15,23.52,23.52,23.2064,23.2084,475780,74
2007-06-18,23.0496,22.8928,22.8928,22.8947,392170,73
2007-06-19,22.8928,22.8928,22.5792,22.5811,638990,72
2007-06-20,22.4224,22.4224,22.2656,22.2675,896620,71
2007-06-21,21.952,21.952,21.4816,21.4834,1066620,68.5
2007-06-22,21.0112,21.3248,21.0112,21.013,991370,67
2007-06-25,21.0112,21.4816,21.0112,21.4834,721200,68.5
2007-06-26,21.952,21.952,21.7952,21.7971,693090,69.5
2007-06-27,21.7952,21.7952,21.3248,21.3266,446000,68
2007-06-28,21.0112,21.0112,21.0112,21.013,426320,67
2007-06-29,20.6976,20.6976,20.6976,20.6994,533490,66
2007-07-02,20.6976,20.6976,19.9136,19.9153,845440,63.5
2007-07-03,19.2864,19.2864,19.1296,19.1312,984330,61
2007-07-04,19.4432,20.0704,19.4432,20.0721,1052300,64
2007-07-05,20.0704,20.0704,19.6,19.6017,737430,62.5
2007-07-06,19.4432,19.4432,19.4432,19.4449,618380,62
2007-07-09,19.4432,19.7568,19.4432,19.7585,369540,63
2007-07-10,19.9136,19.9136,19.9136,19.9153,703820,63.5
2007-07-11,20.0704,20.0704,20.0704,20.0721,719840,64
2007-07-12,19.7568,19.7568,19.6,19.7585,478190,63
2007-07-13,19.4432,19.7568,19.4432,19.7585,385910,63
2007-07-16,19.4432,19.4432,19.2864,19.288,516650,61.5
2007-07-17,19.1296,19.4432,19.1296,19.4449,710180,62
2007-07-18,19.4432,19.4432,19.4432,19.4449,470850,62
2007-07-19,19.2864,19.2864,19.1296,19.1312,362620,61
2007-07-20,19.1296,19.1296,19.1296,19.1312,594500,61
2007-07-23,19.2864,19.1296,18.9728,18.9744,465830,60.5
2007-07-24,18.816,18.816,18.816,18.8176,284340,60
2007-07-25,18.816,18.816,18.6592,18.6608,242310,59.5
2007-07-26,18.5024,18.5024,18.3456,18.3472,332060,58.5
2007-07-27,18.3456,18.3456,18.3456,18.3472,304360,58.5
2007-07-30,18.1888,18.1888,17.7184,17.8767,241360,57
2007-07-31,17.248,17.4048,17.0912,17.0927,543710,54.5
2007-08-01,17.248,17.8752,17.0912,17.8767,524820,57
2007-08-02,18.032,18.1888,17.8752,17.8767,670280,57
2007-08-03,17.5616,17.7184,17.5616,17.5631,319110,56
2007-08-06,17.4048,17.7184,17.248,17.2495,394900,55
2007-08-07,17.4048,17.5616,17.4048,17.5631,359170,56
2007-08-08,17.7184,17.8752,17.5616,17.5631,421800,56
2007-08-09,17.8752,18.032,17.7184,18.0335,448330,57.5
2007-08-10,18.1888,18.3456,17.7184,17.8767,571880,57
2007-08-13,17.5616,17.7184,17.5616,17.5631,283060,56
2007-08-14,17.5616,17.8752,17.5616,17.7199,244930,56.5
2007-08-15,17.7184,17.7184,17.4048,17.5631,345790,56
2007-08-16,17.248,17.4048,17.0912,17.2495,523480,55
2007-08-17,16.9344,16.9344,16.7776,16.779,558450,53.5
2007-08-20,16.3072,16.464,16.1504,16.3086,726980,52
2007-08-21,17.0912,17.0912,16.3072,16.4654,2058810,52.5
2007-08-22,16.1504,16.3072,15.9936,15.995,1220220,51
2007-08-23,15.9936,15.9936,15.8368,15.995,988670,51
2007-08-24,16.3072,16.7776,16.3072,16.779,1221980,53.5
2007-08-27,16.6208,16.9344,16.464,16.779,1285560,53.5
2007-08-28,16.7776,16.7776,16.6208,16.6222,445800,53
2007-08-29,16.464,16.6208,16.464,16.6222,674700,53
2007-08-30,16.6208,16.7776,16.464,16.6222,637760,53
2007-08-31,16.6208,16.7776,16.6208,16.779,926210,53.5
2007-09-04,17.0912,17.248,16.9344,17.2495,827440,55
2007-09-05,17.5616,17.5616,17.0912,17.0927,1047040,54.5
2007-09-06,17.248,17.4048,17.0912,17.2495,966110,55
2007-09-07,17.248,17.4048,17.248,17.2495,916000,55
2007-09-10,17.4048,17.5616,17.248,17.2495,899330,55
2007-09-11,17.248,17.248,17.0912,17.0927,651500,54.5
2007-09-12,17.0912,17.248,17.0912,17.2495,616110,55
2007-09-13,17.248,17.4048,17.248,17.2495,600640,55
2007-09-14,17.248,17.4048,17.248,17.4063,553950,55.5
2007-09-17,17.5616,17.7184,17.4048,17.7199,1034570,56.5
2007-09-18,18.1888,18.5024,18.032,18.504,1987730,59
2007-09-19,19.2864,19.2864,19.2864,19.288,747910,61.5
2007-09-20,20.2272,20.2272,20.2272,20.2289,1638360,64.5
2007-09-21,20.2272,20.384,19.6,19.9153,3127520,63.5
2007-09-24,20.6976,20.8544,20.384,20.8562,2135470,66.5
2007-09-25,21.7952,21.7952,21.6384,21.7971,1890080,69.5
2007-09-26,22.5792,22.5792,21.952,22.2675,3515840,71
2007-09-27,21.952,21.952,21.4816,21.4834,2013360,68.5
2007-09-28,21.7952,21.952,21.6384,21.9539,3038330,70
2007-10-01,22.2656,22.2656,22.1088,22.1107,2323070,70.5
2007-10-02,21.952,21.952,21.4816,21.7971,2651550,69.5
2007-10-03,21.4816,21.6384,21.4816,21.6402,2107030,69
2007-10-04,21.6384,21.6384,21.4816,21.4834,2189340,68.5
2007-10-05,21.3248,21.4816,21.3248,21.3266,2169250,68
2007-10-08,21.7952,22.2656,21.7952,22.2675,2305510,71
2007-10-09,23.3632,23.3632,22.8928,23.2084,3372370,74
2007-10-10,23.2064,23.2064,22.736,22.7379,1768320,72.5
2007-10-11,22.736,22.8928,22.5792,22.8947,1338390,73
2007-10-12,22.736,22.8928,22.5792,22.8947,2106760,73
2007-10-15,22.8928,22.8928,22.736,22.7379,1504190,72.5
2007-10-16,22.5792,22.5792,22.4224,22.4243,1406560,71.5
2007-10-17,22.2656,22.4224,22.2656,22.2675,1405030,71
2007-10-18,21.7952,21.952,21.6384,21.6402,1735500,69
2007-10-19,21.6384,22.5792,21.4816,22.5811,1594200,72
2007-10-22,22.4224,22.5792,22.1088,22.1107,1312020,70.5
2007-10-23,21.952,21.952,21.7952,21.7971,980930,69.5
2007-10-24,21.6384,22.2656,21.6384,21.9539,1043610,70
2007-10-25,21.952,22.1088,21.7952,21.7971,1118010,69.5
2007-10-26,21.7952,21.952,21.6384,21.7971,1072580,69.5
2007-10-29,21.6384,21.7952,21.4816,21.4834,1001170,68.5
2007-10-30,21.3248,21.4816,21.3248,21.3266,941550,68
2007-10-31,21.168,21.3248,21.0112,21.1698,1070850,67.5
2007-11-01,21.952,21.952,21.6384,21.7971,1243420,69.5
2007-11-02,21.6384,21.6384,21.3248,21.3266,697830,68
2007-11-05,21.0112,21.3248,20.8544,21.013,1065790,67
2007-11-06,20.6976,21.0112,20.6976,20.6994,1186790,66
2007-11-07,21.0112,21.168,20.8544,21.013,983030,67
2007-11-08,21.3248,21.3248,21.0112,21.013,776700,67
2007-11-09,20.6976,20.6976,20.5408,20.6994,897770,66
2007-11-12,20.0704,20.384,19.9136,19.9153,1650760,63.5
2007-11-13,19.4432,19.7568,19.1296,19.1312,1600700,61
2007-11-14,20.0704,20.0704,20.0704,20.0721,992460,64
2007-11-15,21.0112,21.0112,20.384,20.8562,2697970,66.5
2007-11-16,20.384,20.6976,20.384,20.3857,963270,65
2007-11-19,20.384,20.5408,20.2272,20.3857,554530,65
2007-11-20,20.384,20.5408,20.2272,20.2289,941320,64.5
2007-11-21,19.7568,20.0704,19.7568,20.0721,815580,64
2007-11-22,20.384,20.6976,20.2272,20.3857,1004420,65
2007-11-23,20.6976,21.0112,20.384,21.013,1312270,67
2007-11-26,21.3248,21.6384,21.3248,21.6402,2681010,69
2007-11-27,21.6384,21.6384,21.168,21.1698,942330,67.5
2007-11-28,21.3248,21.3248,21.168,21.3266,1072540,68
2007-11-29,21.6384,21.6384,21.3248,21.4834,1100770,68.5
2007-11-30,21.4816,21.4816,21.168,21.4834,1291470,68.5
2007-12-03,21.7952,21.952,21.6384,21.9539,2122240,70
2007-12-04,22.1088,22.2656,21.952,21.9539,1935740,70
2007-12-05,21.6384,21.7952,21.4816,21.4834,1388110,68.5
2007-12-06,21.4816,21.4816,21.3248,21.3266,984950,68
2007-12-07,21.3248,21.6384,21.168,21.4834,1063270,68.5
2007-12-10,21.4816,21.4816,21.168,21.1698,1021630,67.5
2007-12-11,21.0112,21.168,20.8544,20.8562,1096070,66.5
2007-12-12,20.6976,21.168,20.6976,20.8562,1617660,66.5
2007-12-13,20.6976,20.8544,20.5408,20.5425,890940,65.5
2007-12-14,20.5408,20.6976,20.384,20.6994,626000,66
2007-12-17,20.5408,20.6976,20.5408,20.5425,798670,65.5
2007-12-18,20.384,20.5408,20.384,20.5425,674730,65.5
2007-12-19,20.6976,21.4816,20.6976,21.1698,1048910,67.5
2007-12-20,21.0112,21.0112,20.5408,20.6994,868510,66
2007-12-21,20.8544,20.8544,20.6976,20.8562,644670,66.5
2007-12-24,20.8544,20.8544,20.6976,20.8562,644050,66.5
2007-12-25,20.384,20.5408,20.0704,20.2289,1520600,64.5
2007-12-26,20.0704,20.6976,19.9136,20.5425,772790,65.5
2007-12-27,20.5408,20.6976,20.384,20.3857,712140,65
2007-12-28,20.5408,20.6976,20.384,20.5425,586780,65.5
2008-01-02,20.384,20.5408,20.2272,20.2289,401990,64.5
2008-01-03,19.9136,20.0704,19.9136,19.9153,614520,63.5
2008-01-04,19.9136,20.0704,19.9136,20.0721,462710,64
2008-01-07,19.9136,19.9136,19.6,19.6017,673470,62.5
2008-01-08,19.9136,20.0704,19.7568,19.7585,722490,63
2008-01-09,19.6,19.7568,19.2864,19.288,848460,61.5
2008-01-10,18.9728,18.9728,18.6592,18.9744,1589280,60.5
2008-01-11,19.2864,19.4432,19.1296,19.288,879290,61.5
2008-01-14,18.9728,19.1296,18.816,18.8176,855060,60
2008-01-15,18.3456,18.5024,18.1888,18.1903,1579070,58
2008-01-16,18.9728,18.9728,18.816,18.9744,790730,60.5
2008-01-17,19.9136,19.9136,18.816,19.1312,1852760,61
2008-01-18,18.9728,19.6,18.9728,19.4449,797810,62
2008-01-21,19.1296,19.2864,18.9728,19.288,706520,61.5
2008-01-22,18.816,19.1296,18.816,18.8176,984810,60
2008-01-23,18.5024,18.5024,18.032,18.3472,1264960,58.5
2008-01-24,18.6592,18.816,18.032,18.0335,991850,57.5
2008-01-25,18.032,18.5024,18.032,18.3472,873020,58.5
2008-01-28,18.5024,18.6592,18.1888,18.6608,821580,59.5
2008-01-29,18.5024,19.2864,18.5024,19.288,1215860,61.5
2008-01-30,19.9136,20.2272,19.7568,20.2289,1767370,64.5
2008-01-31,19.6,20.2272,19.4432,20.2289,1615820,64.5
2008-02-01,20.2272,20.384,20.0704,20.2289,1162700,64.5
2008-02-12,20.0704,20.0704,19.6,19.6017,507520,62.5
2008-02-13,19.4432,19.6,19.1296,19.288,757510,61.5
2008-02-14,19.4432,19.7568,19.4432,19.4449,824890,62
2008-02-15,19.4432,19.4432,19.1296,19.288,544210,61.5
2008-02-18,18.5024,18.816,18.3456,18.504,2576520,59
2008-02-19,17.8752,18.5024,17.8752,18.3472,1434650,58.5
2008-02-20,18.3456,18.5024,17.5616,17.5631,1460080,56
2008-02-21,16.7776,16.7776,16.7776,16.779,837840,53.5
2008-02-22,15.9936,16.6208,15.9936,16.6222,2903690,53
2008-02-25,17.0912,17.4048,16.7776,17.4063,1806110,55.5
2008-02-26,16.9344,17.0912,16.6208,16.6222,1524000,53
2008-02-27,16.464,17.0912,16.3072,16.4654,1075170,52.5
2008-02-28,16.6208,16.6208,16.1504,16.3086,1322580,52
2008-02-29,16.3072,16.3072,15.9936,16.1518,1126520,51.5
2008-03-03,15.9936,16.1504,15.3664,15.3677,1902480,49
2008-03-04,14.6138,14.6138,14.6138,14.615,1238100,46.6
2008-03-05,13.8925,13.8925,13.8925,13.8937,839590,44.3
2008-03-06,14.5824,14.5824,14.5824,14.5836,1083650,46.5
2008-03-07,15.3037,15.3037,15.3037,15.305,251110,48.8
2008-03-10,15.9936,15.9936,15.3664,15.8381,3678390,50.5
2008-03-11,15.3664,15.68,15.0528,15.0541,2477210,48
2008-03-12,15.0528,15.68,15.0528,15.3677,1831430,49
2008-03-13,15.5232,15.5232,15.241,15.4304,910700,49.2
2008-03-14,15.3037,15.3978,15.2723,15.305,791690,48.8
2008-03-17,14.7392,15.0528,14.551,14.5523,1901400,46.4
2008-03-18,13.8298,13.8298,13.8298,13.8309,789580,44.1
2008-03-19,13.4848,14.4256,13.1712,13.1723,3995780,42
2008-03-20,13.2339,13.4221,12.6067,12.6078,2089380,40.2
2008-03-21,12.2304,12.3558,11.9795,11.9805,2739960,38.2
2008-03-24,11.3837,11.3837,11.3837,11.3846,1060320,36.3
2008-03-25,10.8192,10.8192,10.8192,10.8201,769720,34.5
2008-03-26,10.976,11.3523,10.976,11.3533,3988170,36.2
2008-03-27,11.4464,11.4464,11.4464,11.4474,124040,36.5
2008-03-28,11.5405,11.5405,11.5405,11.5415,55000,36.8
2008-03-31,11.6346,11.6346,11.6346,11.6355,43730,37.1
2008-04-01,11.7286,11.7286,11.7286,11.7296,28570,37.4
2008-04-02,11.8227,11.8227,11.8227,11.8237,27920,37.7
2008-04-03,11.9168,11.9168,11.9168,11.9178,9010,38
2008-04-04,12.0109,12.0109,12.0109,12.0119,10920,38.3
2008-04-07,12.2304,12.2304,12.2304,12.2314,21910,39
2008-04-08,12.4499,12.4499,12.0109,12.451,3637510,39.7
2008-04-09,12.6694,12.6694,12.544,12.6705,1965990,40.4
2008-04-10,12.4186,12.4186,12.4186,12.4196,629960,39.6
2008-04-11,12.199,12.199,12.199,12.2001,262360,38.9
2008-04-16,11.9795,11.9795,11.9795,11.9805,124960,38.2
2008-04-17,11.76,12.199,11.76,12.2001,2453700,38.9
2008-04-18,11.9795,12.0109,11.9795,11.9805,1228000,38.2
2008-04-21,11.76,11.76,11.76,11.761,203040,37.5
2008-04-22,11.5405,11.5405,11.5405,11.5415,157010,36.8
2008-04-23,11.321,11.321,11.321,11.3219,111190,36.1
2008-04-24,11.1014,11.321,11.1014,11.1024,1997750,35.4
2008-04-25,10.8819,10.976,10.8819,10.8828,2127780,34.7
2008-04-28,10.7251,10.8819,10.6938,10.6947,1789050,34.1
2008-04-29,10.8192,10.8506,10.5056,10.5065,1769600,33.5
2008-05-05,10.3174,10.5056,10.3174,10.3183,661830,32.9
2008-05-06,10.1293,10.1293,10.1293,10.1301,75630,32.3
2008-05-07,9.9411,9.9411,9.9411,9.942,67740,31.7
2008-05-08,9.753,9.753,9.753,9.7538,45520,31.1
2008-05-09,9.5648,9.5648,9.5648,9.5656,166420,30.5
2008-05-12,9.3766,9.3766,9.3766,9.3774,126130,29.9
2008-05-13,9.2198,9.2198,9.2198,9.2206,120780,29.4
2008-05-14,9.063,9.063,9.063,9.0638,30620,28.9
2008-05-15,8.9062,8.9062,8.9062,8.907,76900,28.4
2008-05-16,8.7494,8.7494,8.7494,8.7502,329920,27.9
2008-05-19,8.5926,8.5926,8.5926,8.5934,112750,27.4
2008-05-20,8.4358,8.4358,8.4358,8.4366,60720,26.9
2008-05-21,8.279,8.279,8.279,8.2797,33420,26.4
2008-05-22,8.1222,8.1222,8.1222,8.1229,39270,25.9
2008-05-23,7.9654,7.9654,7.9654,7.9661,53830,25.4
2008-05-26,7.8086,7.8086,7.8086,7.8093,46980,24.9
2008-05-30,7.6832,7.6832,7.6832,7.6839,113350,24.5
2008-06-02,7.5578,7.5578,7.5578,7.5584,55000,24.1
2008-06-03,7.4323,7.4323,7.4323,7.433,49010,23.7
2008-06-04,7.3069,7.3069,7.3069,7.3075,57800,23.3
2008-06-05,7.1814,7.1814,7.1814,7.1821,68810,22.9
2008-06-06,7.056,7.056,7.056,7.0566,56610,22.5
2008-06-09,6.9306,6.9306,6.9306,6.9311,36230,22.1
2008-06-10,6.8051,6.8051,6.8051,6.8057,28230,21.7
2008-06-11,6.6797,6.8992,6.6797,6.6802,2736380,21.3
2008-06-12,6.5542,6.5542,6.5542,6.5548,901800,20.9
2008-06-13,6.4288,6.4288,6.4288,6.4293,1719330,20.5
2008-06-16,6.5542,6.5542,6.5542,6.5548,2033650,20.9
2008-06-17,6.6797,6.6797,6.6797,6.6802,118300,21.3
2008-06-18,6.8051,6.8051,6.5542,6.5548,5498700,20.9
2008-06-19,6.3661,6.3661,6.3661,6.3666,361810,20.3
2008-06-20,6.1779,6.1779,6.1779,6.1784,251780,19.7
2008-06-23,6.3347,6.3347,6.1152,6.3353,2735140,20.2
2008-06-24,6.272,6.5229,6.272,6.5234,1709030,20.8
2008-06-25,6.711,6.711,6.5856,6.7116,1536340,21.4
2008-06-26,6.8992,6.8992,6.5229,6.5862,2113170,21
2008-06-27,6.4288,6.7738,6.4288,6.7743,1550120,21.6
2008-06-30,6.711,6.8992,6.6797,6.8684,1471770,21.9
2008-07-01,7.0246,7.056,6.9933,7.0566,1202170,22.5
2008-07-02,7.2442,7.2442,6.8992,7.2448,3359180,23.1
2008-07-03,7.4323,7.4323,7.3696,7.433,1225910,23.7
2008-07-04,7.6518,7.6518,7.6518,7.6525,1225200,24.4
2008-07-07,7.8714,7.8714,7.4323,7.433,3757040,23.7
2008-07-08,7.2128,7.6518,7.2128,7.6525,2827110,24.4
2008-07-09,7.84,7.8714,7.6832,7.872,2778590,25.1
2008-07-10,8.0909,8.0909,8.0909,8.0916,1263930,25.8
2008-07-11,8.3104,8.3104,8.3104,8.3111,336910,26.5
2008-07-14,8.5299,8.5299,8.5299,8.5306,152780,27.2
2008-07-15,8.7808,8.7808,8.7808,8.7815,141750,28
2008-07-16,9.0317,9.0317,8.5299,9.0324,6616000,28.8
2008-07-17,9.2826,9.2826,9.2826,9.2833,556080,29.6
2008-07-18,9.0317,9.5334,9.0317,9.2833,5841120,29.6
2008-07-21,9.0317,9.0317,9.0317,9.0324,612140,28.8
2008-07-22,8.7808,8.7808,8.7808,8.7815,142930,28
2008-07-23,8.5462,8.5462,8.5462,8.5476,41450,23.7
2008-07-24,8.2938,8.7626,8.2938,8.2951,5096140,23
2008-07-25,8.0774,8.0774,8.0774,8.0787,1209220,22.4
2008-07-28,7.8611,8.2938,7.8611,8.2951,3247660,23
2008-07-29,8.5102,8.5102,8.5102,8.5115,356670,23.6
2008-07-30,8.5102,8.6905,8.2577,8.4754,4264500,23.5
2008-07-31,8.438,8.6183,8.2577,8.5115,1829590,23.6
2008-08-01,8.2577,8.4741,8.2577,8.259,2861530,22.9
2008-08-04,8.0414,8.0414,8.0414,8.0426,212800,22.3
2008-08-05,7.825,7.825,7.825,7.8262,250390,21.7
2008-08-06,8.0414,8.0414,7.9332,8.0426,3859220,22.3
2008-08-07,8.2577,8.2577,7.8611,7.8623,2511980,21.8
2008-08-08,8.0774,8.0774,7.8971,8.0787,1649840,22.4
2008-08-11,8.2938,8.2938,8.2938,8.2951,316520,23
2008-08-12,8.5102,8.5102,8.3299,8.5115,3480660,23.6
2008-08-13,8.7626,8.7626,8.5102,8.7639,4306440,24.3
2008-08-14,9.015,9.015,9.015,9.0164,1253810,25
2008-08-15,9.2674,9.2674,9.2674,9.2689,268020,25.7
2008-08-18,9.7001,9.7001,9.7001,9.7017,304980,26.9
2008-08-19,10.1689,10.1689,9.8083,10.1705,6259730,28.2
2008-08-20,9.8083,10.6377,9.8083,10.0262,7137620,27.8
2008-08-21,10.0968,10.4935,10.0607,10.4951,6383900,29.1
2008-08-22,10.9983,10.9983,10.5656,10.7115,4605430,29.7
2008-08-25,11.2147,11.2147,11.1425,11.2164,3017190,31.1
2008-08-26,11.7556,11.7556,11.7556,11.7574,983700,32.6
2008-08-27,12.3325,12.3325,11.7556,12.3344,7559350,34.2
2008-08-28,11.7195,12.1162,11.7195,11.7213,4720650,32.5
2008-08-29,11.1425,11.1425,11.1425,11.1443,3036160,30.9
2008-09-03,11.6834,11.6834,11.6834,11.6853,792690,32.4
2008-09-04,11.1065,11.8998,11.1065,11.8656,6373380,32.9
2008-09-05,11.2868,11.5392,11.2868,11.2885,2947750,31.3
2008-09-08,10.7459,10.7459,10.7459,10.7476,1355370,29.8
2008-09-09,10.3132,11.0344,10.241,10.2426,5424560,28.4
2008-09-10,10.4574,10.4574,9.8083,10.0984,3266460,28
2008-09-11,9.8444,10.0607,9.6641,9.7017,4149030,26.9
2008-09-12,9.3035,9.4477,9.2314,9.2328,4749580,25.6
2008-09-15,9.628,9.6641,9.1953,9.6656,4484390,26.8
2008-09-16,9.2674,9.3756,9.1953,9.1967,3393460,25.5
2008-09-17,8.7626,9.015,8.7626,8.7639,2547410,24.3
2008-09-18,8.3299,8.3299,8.3299,8.3312,721170,23.1
2008-09-19,8.7265,8.7265,8.7265,8.7279,1997090,24.2
2008-09-22,9.1592,9.1592,9.1592,9.1607,766660,25.4
2008-09-23,8.8347,9.5559,8.8347,9.0164,4780250,25
2008-09-24,9.015,9.015,8.6544,8.7279,1872870,24.2
2008-09-25,8.8347,9.1592,8.8347,9.1607,1895560,25.4
2008-09-26,9.592,9.592,9.015,9.3771,3006260,26
2008-09-29,9.2674,9.5198,9.015,9.0164,2272160,25
2008-09-30,8.5823,8.5823,8.5823,8.5836,441940,23.8
2008-10-01,8.6544,8.7986,8.438,8.6557,3109650,24
2008-10-02,9.015,9.015,8.6544,8.9803,1833580,24.9
2008-10-03,8.8347,8.9789,8.8347,8.8361,1105680,24.5
2008-10-06,8.5462,8.6544,8.402,8.4033,2517420,23.3
2008-10-07,8.0053,8.0053,8.0053,8.0066,1650130,22.2
2008-10-08,7.6087,7.9332,7.6087,7.6098,4175540,21.1
2008-10-09,7.3923,7.9693,7.3923,7.6459,2847480,21.2
2008-10-10,7.3202,7.5005,7.2841,7.2853,3509630,20.2
2008-10-13,7.5365,7.5365,7.2841,7.3935,1661310,20.5
2008-10-14,7.7529,7.7529,7.7529,7.7541,36750,21.5
2008-10-15,8.1135,8.1135,7.8611,8.1148,3776850,22.5
2008-10-16,7.7168,8.0414,7.7168,7.8262,2260740,21.7
2008-10-17,7.9332,7.9332,7.825,7.8984,1263300,21.9
2008-10-20,7.8971,7.9332,7.6808,7.718,851010,21.4
2008-10-21,8.0774,8.0774,7.825,8.0787,2482370,22.4
2008-10-22,7.9332,7.9332,7.825,7.9344,998420,22
2008-10-23,7.6447,7.6808,7.5365,7.5377,1937030,20.9
2008-10-24,7.3202,7.4284,7.212,7.2853,1987530,20.2
2008-10-27,6.9235,7.0317,6.9235,6.9246,1946980,19.2
2008-10-28,6.599,6.8514,6.599,6.8525,3256710,19
2008-10-29,7.1759,7.1759,6.9956,7.1771,2380740,19.9
2008-10-30,7.5005,7.5005,7.2841,7.5016,3295480,20.8
2008-10-31,7.8611,7.8611,7.8611,7.8623,1151500,21.8
2008-11-03,8.0774,8.1856,7.7168,7.9344,4027890,22
2008-11-04,7.9332,8.3299,7.9332,8.3312,3937070,23.1
2008-11-05,8.7265,8.7265,8.6544,8.7279,2587200,24.2
2008-11-06,8.7265,9.1592,8.6544,8.8361,7248270,24.5
2008-11-07,8.402,8.6544,8.402,8.4033,2443830,23.3
2008-11-10,8.2938,8.6905,8.2577,8.2951,4483890,23
2008-11-11,8.1135,8.1856,7.8971,7.8984,3706730,21.9
2008-11-12,7.8971,8.2577,7.6447,8.259,2528350,22.9
2008-11-13,8.2217,8.4741,8.0774,8.3312,2833500,23.1
2008-11-14,8.6544,8.6544,8.438,8.5115,2465090,23.6
2008-11-17,8.5102,8.6183,8.2938,8.3672,1711740,23.2
2008-11-18,8.3659,8.402,8.1856,8.3312,2153190,23.1
2008-11-19,8.3299,8.438,8.1496,8.1508,1957890,22.6
2008-11-20,7.789,7.8971,7.7529,7.7541,3613420,21.5
2008-11-21,7.3923,7.6447,7.3923,7.4295,4252310,20.6
2008-11-24,7.5365,7.5726,7.3923,7.4656,2758000,20.7
2008-11-25,7.5726,7.5726,7.4284,7.5016,1611360,20.8
2008-11-26,7.4284,7.4284,7.1759,7.1771,2056650,19.9
2008-11-27,7.1759,7.1759,6.8875,6.9246,2534160,19.2
2008-11-28,7.212,7.2481,7.1038,7.2492,1737900,20.1
2008-12-01,7.212,7.5005,7.1399,7.3213,1771160,20.3
2008-12-02,7.1038,7.212,7.0678,7.141,1221470,19.8
2008-12-03,7.1399,7.1759,7.0678,7.1049,1471240,19.7
2008-12-04,7.1038,7.2481,7.0678,7.0689,1509900,19.6
2008-12-05,7.0317,7.0317,6.7793,6.8525,2292110,19
2008-12-08,6.599,6.7072,6.5269,6.5639,2705620,18.2
2008-12-09,6.4908,6.7072,6.4908,6.6361,1717550,18.4
2008-12-10,6.599,6.599,6.4547,6.4918,1747650,18
2008-12-11,6.4547,6.599,6.4187,6.5279,1503000,18.1
2008-12-12,6.7793,6.8514,6.7072,6.8525,2242530,19
2008-12-15,7.1759,7.1759,6.9956,7.1771,1906450,19.9
2008-12-16,7.0678,7.1038,6.8514,6.8525,2696040,19
2008-12-17,6.8514,6.9235,6.599,6.9246,3108180,19.2
2008-12-18,6.9235,6.9956,6.8514,6.9607,1968230,19.3
2008-12-19,6.8514,6.9596,6.8153,6.9246,1482730,19.2
2008-12-22,6.9596,6.9956,6.8514,6.8525,1488230,19
2008-12-23,6.6711,6.7432,6.599,6.6721,1706570,18.5
2008-12-24,6.6711,6.7072,6.599,6.7082,1032160,18.6
2008-12-25,6.7072,6.7793,6.599,6.6,806190,18.3
2008-12-26,6.599,6.6711,6.5629,6.6,878170,18.3
2008-12-29,6.4908,6.5629,6.4187,6.4197,1226750,17.8
2008-12-30,6.4908,6.7072,6.3826,6.6361,1835610,18.4
2008-12-31,6.7072,6.7432,6.5629,6.6361,2809910,18.4
2009-01-02,6.5269,6.635,6.5269,6.6,314640,18.3
2009-01-05,6.599,6.599,6.5269,6.5639,344920,18.2
2009-01-06,6.599,6.6711,6.5629,6.6361,719720,18.4
2009-01-07,6.8153,6.8514,6.7072,6.7082,926750,18.6
2009-01-08,6.635,6.7072,6.599,6.6361,473490,18.4
2009-01-09,6.635,6.6711,6.599,6.6361,417970,18.4
2009-01-12,6.5629,6.599,6.5269,6.5639,399700,18.2
2009-01-13,6.4908,6.5629,6.4547,6.4557,686040,17.9
2009-01-14,6.4547,6.599,6.4547,6.4918,399140,18
2009-01-15,6.4547,6.4908,6.4187,6.4557,387710,17.9
2009-01-16,6.4908,6.4908,6.4187,6.4557,503190,17.9
2009-01-19,6.4547,6.4547,6.3826,6.3836,535320,17.7
2009-01-20,6.3105,6.3466,6.2744,6.2754,706340,17.4
2009-01-21,6.2023,6.2384,6.1663,6.1672,748640,17.1
2009-01-22,6.1663,6.2744,6.1663,6.2394,398340,17.3
2009-01-23,6.2744,6.3105,6.2384,6.3115,580430,17.5
2009-02-02,6.3105,6.3105,6.1663,6.1672,264340,17.1
2009-02-03,6.0941,6.1302,5.9138,5.9508,618720,16.5
2009-02-04,5.986,6.0941,5.9138,5.9869,528030,16.6
2009-02-05,5.9499,5.9499,5.8417,5.8426,585370,16.2
2009-02-06,5.8057,5.8778,5.7335,5.8426,1215630,16.2
2009-02-09,5.9499,6.022,5.8778,6.023,559770,16.7
2009-02-10,5.8778,5.9138,5.8417,5.8426,488550,16.2
2009-02-11,5.7335,5.8057,5.6975,5.7705,578920,16
2009-02-12,5.7696,5.8417,5.7335,5.7344,477560,15.9
2009-02-13,5.7335,5.7696,5.6975,5.7344,443610,15.9
2009-02-16,5.7696,5.7696,5.6975,5.6984,284660,15.8
2009-02-17,5.6254,5.6614,5.4451,5.482,902200,15.2
2009-02-18,5.2648,5.3369,5.2287,5.2295,1228720,14.5
2009-02-19,5.2287,5.3729,5.1205,5.1934,937800,14.4
2009-02-20,5.1926,5.1926,5.0845,5.1574,618750,14.3
2009-02-23,4.9763,5.0484,4.9042,4.9049,1517170,13.6
2009-02-24,4.9042,4.832,4.6878,4.6885,1762250,13
2009-02-25,4.6878,4.9042,4.9042,4.9049,513510,13.6
2009-02-26,4.9042,5.1205,4.9042,5.1213,4170860,14.2
2009-02-27,5.1205,5.3729,5.1205,5.3377,2043090,14.8
2009-03-02,5.3369,5.5532,5.3369,5.482,1759870,15.2
2009-03-03,5.4811,5.4451,5.2287,5.2295,1623270,14.5
2009-03-04,5.2287,5.3008,5.0845,5.1934,2032500,14.4
2009-03-05,5.1926,5.3369,5.2287,5.2656,1576600,14.6
2009-03-06,5.2648,5.2648,5.1566,5.2295,940290,14.5
2009-03-09,5.2287,5.3369,5.2648,5.3016,736870,14.7
2009-03-10,5.3008,5.4811,5.2648,5.4459,1770500,15.1
2009-03-11,5.4451,5.6975,5.5893,5.6984,3558270,15.8
2009-03-12,5.6975,5.7335,5.4451,5.5541,3479340,15.4
2009-03-13,5.5532,5.6975,5.5893,5.5902,1438120,15.5
2009-03-16,5.5893,5.6975,5.5893,5.6984,1097460,15.8
2009-03-17,5.6975,5.9499,5.8057,5.9508,3112540,16.5
2009-03-18,5.9499,6.2384,6.1302,6.2394,3527590,17.3
2009-03-19,6.2384,6.4908,6.022,6.023,4286250,16.7
2009-03-20,6.022,6.1302,5.9499,6.023,2563930,16.7
2009-03-23,6.022,6.022,5.8417,5.9148,1961050,16.4
2009-03-24,5.9138,6.2023,6.1302,6.2033,3713140,17.2
2009-03-25,6.2023,6.2384,6.022,6.0951,2897580,16.9
2009-03-26,6.0941,6.1663,6.0581,6.1312,3326200,17
2009-03-27,6.1302,6.1663,6.022,6.023,3163970,16.7
2009-03-30,5.8417,6.022,5.8417,5.8426,2367150,16.2
2009-03-31,5.7696,5.8778,5.7696,5.8426,2071870,16.2
2009-04-01,5.986,6.0941,5.8417,6.0951,2415720,16.9
2009-04-02,6.0941,6.1302,6.022,6.059,2881600,16.8
2009-04-03,6.0581,6.3466,6.2023,6.3475,10270350,17.6
2009-04-07,6.3466,6.635,6.3466,6.6361,6703710,18.4
2009-04-08,6.635,6.9596,6.5269,6.6721,6727350,18.5
2009-04-09,6.6711,6.8514,6.635,6.8164,3873960,18.9
2009-04-10,6.8153,7.1399,7.1399,7.141,4816910,19.8
2009-04-13,7.4644,7.4644,7.4644,7.4656,1740000,20.7
2009-04-14,7.825,7.825,7.6447,7.8262,10058320,21.7
2009-04-15,7.9332,8.1856,7.6808,8.0787,13287190,22.4
2009-04-16,8.4741,8.4741,8.3299,8.4754,8197070,23.5
2009-04-17,8.8347,8.8347,8.0774,8.2951,12032370,23
2009-04-20,7.8971,7.8971,7.8971,7.8984,1221080,21.9
2009-04-21,7.5365,7.5365,7.5365,7.5377,2412160,20.9
2009-04-22,7.7168,7.8971,7.3923,7.7902,8945300,21.6
2009-04-23,7.6447,7.8611,7.4644,7.4656,4751820,20.7
2009-04-24,7.2841,7.3562,7.1038,7.141,5814800,19.8
2009-04-27,7.212,7.3923,7.0678,7.1049,2813780,19.7
2009-04-28,7.3562,7.3562,7.1038,7.2853,2984650,20.2
2009-04-29,7.2841,7.5726,7.212,7.5738,4328260,21
2009-05-04,7.9332,7.9332,7.9332,7.9344,544920,22
2009-05-05,8.3299,8.3299,8.3299,8.3312,916300,23.1
2009-05-06,8.6544,8.6544,8.0414,8.223,14491540,22.8
2009-05-07,8.6183,8.6183,8.3659,8.6197,7911400,23.9
2009-05-08,8.6905,8.9068,8.6183,8.7279,8563120,24.2
2009-05-11,8.6183,8.9789,8.5823,8.7279,6854610,24.2
2009-05-12,8.7265,9.015,8.5823,9.0164,7881390,25
2009-05-13,8.9068,9.1232,8.7626,8.7639,7867890,24.3
2009-05-14,8.5823,8.6905,8.402,8.6557,5603810,24
2009-05-15,8.9429,9.0871,8.6905,9.0885,11074380,25.2
2009-05-18,9.0871,9.3756,9.0511,9.2328,7657650,25.6
2009-05-19,9.6641,9.6641,9.4477,9.6656,9596740,26.8
2009-05-20,9.5559,10.0968,9.4838,9.918,9622920,27.5
2009-05-21,9.9165,10.0607,9.7001,9.7738,9575920,27.1
2009-05-22,9.5198,9.6641,9.3035,9.4131,10175210,26.1
2009-05-25,9.7362,9.8804,9.6641,9.882,5999100,27.4
2009-05-26,10.0968,10.241,9.8804,9.9902,6642100,27.7
2009-05-27,9.9165,10.0968,9.628,9.7377,6285330,27
2009-05-28,9.5559,9.7001,9.3756,9.4131,5485150,26.1
2009-05-29,9.4838,9.592,9.2674,9.5574,4873260,26.5
2009-06-01,9.8083,10.0247,9.7001,10.0262,5523910,27.8
2009-06-02,10.4935,10.4935,10.4213,10.4951,11676430,29.1
2009-06-03,10.4574,10.5656,10.3492,10.423,6458500,28.9
2009-06-04,10.818,10.9262,10.7819,10.8918,9690430,30.2
2009-06-05,11.431,11.431,11.431,11.4328,3259550,31.7
2009-06-08,11.9719,11.9719,11.9719,11.9738,989270,33.2
2009-06-09,12.5489,12.5489,12.5489,12.5508,4339730,34.8
2009-06-10,13.1619,13.1619,12.0801,13.164,22994630,36.5
2009-06-11,13.5225,13.811,13.3422,13.8131,7371280,38.3
2009-06-12,14.4961,14.4961,14.0634,14.4984,10098960,40.2
2009-06-15,14.1355,14.8567,13.7749,14.0656,14189730,39
2009-06-16,13.3783,13.7028,13.3783,13.3803,8858570,37.1
2009-06-17,12.7292,13.7028,12.7292,13.7049,17333360,38
2009-06-18,14.0273,14.0273,13.5225,13.7049,7644460,38
2009-06-19,13.7028,13.7389,13.1619,13.2721,6492790,36.8
2009-06-22,12.6931,12.9816,12.621,12.623,7845160,35
2009-06-23,12.008,12.008,12.008,12.0099,1411230,33.3
2009-06-24,12.5849,12.5849,12.2604,12.5869,9533710,34.9
2009-06-25,13.1258,13.1258,12.3325,12.3705,8405980,34.3
2009-06-26,12.2604,12.8013,12.2604,12.8033,6571010,35.5
2009-06-29,12.8013,13.1619,12.8013,12.9476,4691420,35.9
2009-06-30,13.0537,13.1619,12.4407,12.5869,7978740,34.9
2009-07-01,12.1522,12.5489,11.9719,11.9738,6676510,33.2
2009-07-02,11.8998,12.3686,11.5392,12.2623,6985650,34
2009-07-03,12.2604,12.3325,11.9359,12.2262,4704320,33.9
2009-07-06,12.3325,12.8013,12.2965,12.8033,5161800,35.5
2009-07-07,12.7652,13.0898,12.621,12.623,4271450,35
2009-07-08,12.9095,12.9095,12.5489,12.7312,6408430,35.3
2009-07-09,12.6931,12.8013,12.5128,12.5148,3535570,34.7
2009-07-10,12.4768,12.5489,12.0801,12.2623,5395950,34
2009-07-13,12.2243,12.2243,11.6834,11.6853,6066650,32.4
2009-07-14,11.6113,11.7556,11.2147,11.3607,5952350,31.5
2009-07-15,11.5392,11.8998,11.5392,11.8656,4110600,32.9
2009-07-16,12.4046,12.4046,12.1522,12.2262,4537470,33.9
2009-07-17,12.0801,12.1522,11.9359,11.9377,3414390,33.1
2009-07-20,11.5031,11.5392,11.3589,11.4328,6202790,31.7
2009-07-21,11.5392,11.7916,11.5031,11.6853,3998680,32.4
2009-07-22,11.8277,11.8277,11.5392,11.541,3330460,32
2009-07-23,11.431,12.1162,11.395,12.118,3974580,33.6
2009-07-24,12.6931,12.6931,12.6931,12.6951,2934710,35.2
2009-07-27,13.1619,13.3061,12.9095,13.3082,11539490,36.9
2009-07-28,13.2701,13.5586,12.9095,12.9836,8562350,36
2009-07-29,13.1619,13.2701,12.8013,12.8033,6228640,35.5
2009-07-30,12.621,12.8013,12.2965,12.5508,5475760,34.8
2009-07-31,12.621,13.1258,12.621,13.1279,6836280,36.4
2009-08-03,12.9816,13.3422,12.9095,13.0918,5204980,36.3
2009-08-04,13.6307,13.6307,13.2701,13.4885,10313950,37.4
2009-08-05,13.3422,13.5225,13.3061,13.4885,5071900,37.4
2009-08-06,13.4864,13.5946,13.2701,13.2721,6647680,36.8
2009-08-07,13.3422,13.3422,13.198,13.2361,4525140,36.7
2009-08-10,13.4143,13.5586,13.2701,13.3803,6140320,37.1
2009-08-11,13.3783,13.4504,13.3061,13.3082,3675610,36.9
2009-08-12,13.4504,13.4864,13.3422,13.4164,5361890,37.2
2009-08-13,13.7028,13.8831,13.5586,13.7049,8716920,38
2009-08-14,13.7028,13.9552,13.7028,13.8853,6886430,38.5
2009-08-17,13.8831,13.9913,13.7389,13.741,5986700,38.1
2009-08-18,13.7028,13.811,13.6307,13.6689,5584280,37.9
2009-08-19,13.7749,13.811,13.6667,13.7771,3535430,38.2
2009-08-20,13.811,13.847,13.7028,13.7049,4951300,38
2009-08-21,13.8831,14.3879,13.811,13.8492,7283680,38.4
2009-08-24,13.8831,13.9913,13.8831,13.9213,3897210,38.6
2009-08-25,13.8831,13.9192,13.7028,13.741,4833510,38.1
2009-08-26,13.7749,13.847,13.6667,13.7049,4693390,38
2009-08-27,13.7028,13.7749,13.6307,13.6689,3613800,37.9
2009-08-28,13.7028,13.7389,13.6307,13.741,4010160,38.1
2009-08-31,13.9552,14.0995,13.847,14.1017,7268970,39.1
2009-09-01,13.9913,14.2076,13.8831,14.1377,7435400,39.2
2009-09-03,14.0634,14.1355,13.9552,13.9935,4667290,38.8
2009-09-04,14.0995,14.1355,13.7028,13.7049,6419750,38
2009-09-07,13.7028,13.9913,13.6667,13.8492,7356150,38.4
2009-09-08,14.0634,14.0634,13.847,13.9574,4661920,38.7
2009-09-09,13.9552,13.9552,13.7749,13.7771,4334640,38.2
2009-09-10,13.7028,13.7749,13.5586,13.5967,4170280,37.7
2009-09-11,13.7028,13.7749,13.5225,13.5607,5409950,37.6
2009-09-14,13.5946,13.7028,13.5225,13.6328,6348820,37.8
2009-09-15,13.7028,14.0273,13.5946,13.5967,6969570,37.7
2009-09-16,14.2484,14.2484,14.2484,14.2495,1761560,31.6
2009-09-17,14.9248,14.9248,14.4288,14.7455,15850050,32.7
2009-09-18,14.6543,14.6993,14.4288,14.475,6808910,32.1
2009-09-21,14.3386,14.4288,13.9779,13.9789,7198140,31
2009-09-22,13.8426,14.1132,13.7975,13.8887,5913810,30.8
2009-09-23,14.4288,14.5641,14.1583,14.1593,7452220,31.4
2009-09-24,14.1583,14.2935,13.9779,14.1593,4396080,31.4
2009-09-25,14.3386,14.8346,14.2935,14.8357,15573970,32.9
2009-09-28,15.5561,15.5561,15.3306,15.5572,10081000,34.5
2009-09-29,15.7815,15.8717,15.1052,15.1063,8965230,33.5
2009-09-30,15.1502,15.1953,14.7444,14.8808,5449000,33
2009-10-01,14.8797,14.8797,14.519,14.5651,6379760,32.3
2009-10-02,14.2484,14.3837,13.8877,14.1593,6788610,31.4
2009-10-05,14.2935,14.3386,14.023,14.1593,3893870,31.4
2009-10-06,14.2935,14.2935,14.1132,14.1142,3642370,31.3
2009-10-07,14.2935,14.519,14.2484,14.3397,2562550,31.8
2009-10-08,14.3837,14.4288,14.2484,14.4299,3041830,32
2009-10-09,14.5641,14.6543,14.4288,14.6102,3207060,32.4
2009-10-12,14.7895,14.8797,14.6993,14.8357,4027550,32.9
2009-10-13,14.7444,14.8346,14.6092,14.6102,3270540,32.4
2009-10-14,14.6092,15.1052,14.6092,15.1063,4741740,33.5
2009-10-15,15.7364,15.7364,15.1502,15.467,8078690,34.3
2009-10-16,15.2855,15.4208,15.015,15.0161,5366350,33.3
2009-10-19,14.8797,15.015,14.7444,14.7906,2878820,32.8
2009-10-20,14.9248,14.9248,14.7444,14.7455,3361600,32.7
2009-10-21,14.519,14.6993,14.4739,14.475,4001730,32.1
2009-10-22,14.6543,14.7444,14.519,14.6553,4228910,32.5
2009-10-23,14.8797,15.3757,14.6993,14.8808,15047270,33
2009-10-26,15.1052,15.2404,14.7444,14.7906,3573860,32.8
2009-10-27,14.5641,14.6993,14.2034,14.475,6158620,32.1
2009-10-28,14.519,14.5641,14.2484,14.2495,5023980,31.6
2009-10-29,13.9779,13.9779,13.5721,13.7535,6794730,30.5
2009-10-30,13.9779,14.1132,13.7525,13.9789,3401690,31
2009-11-02,13.4368,13.527,13.3016,13.3025,6416880,29.5
2009-11-03,13.3016,13.4368,12.7154,12.8967,4500180,28.6
2009-11-04,12.9408,13.2114,12.8056,12.8967,4115490,28.6
2009-11-05,13.031,13.3917,12.9408,13.3025,2745900,29.5
2009-11-06,13.527,13.527,13.0761,13.0771,2666610,29
2009-11-09,12.7154,13.0761,12.4899,12.4908,2942620,27.7
2009-11-10,12.6703,12.7154,12.2645,12.3556,3972740,27.4
2009-11-11,12.3998,12.6252,12.3096,12.6261,2733200,28
2009-11-12,12.7605,12.8507,12.5801,12.6261,3089030,28
2009-11-13,12.5801,12.6252,12.4899,12.5359,1527600,27.8
2009-11-16,12.535,12.535,12.2194,12.2203,3998520,27.1
2009-11-17,12.1743,12.3096,12.039,12.1752,3768840,27
2009-11-18,12.1743,12.1743,12.039,12.1752,1934810,27
2009-11-19,12.2194,12.3547,12.1292,12.3556,2443880,27.4
2009-11-20,12.3547,12.3998,12.2194,12.2654,1937980,27.2
2009-11-23,12.1743,12.2645,11.8587,11.9046,2242550,26.4
2009-11-24,11.7685,11.9489,11.498,11.4988,2734330,25.5
2009-11-25,11.0921,11.2725,10.9569,10.9577,5431610,24.3
2009-11-26,10.4158,10.6412,10.4158,10.4166,2444950,23.1
2009-11-27,9.9198,10.9118,9.9198,10.9126,4966400,24.2
2009-11-30,11.0471,11.4529,11.002,11.4537,3985390,25.4
2009-12-01,11.9489,11.9939,11.8136,11.9948,5410810,26.6
2009-12-02,11.6332,12.1743,11.4078,11.4086,4073980,25.3
2009-12-03,11.2725,11.498,10.9569,11.4086,5195460,25.3
2009-12-04,11.4078,11.4529,11.2274,11.2733,3139880,25
2009-12-07,11.2725,11.3627,11.1823,11.2282,2555490,24.9
2009-12-08,11.1823,11.2274,10.8216,10.8224,1998770,24
2009-12-09,10.3707,10.506,10.2805,10.3264,4342150,22.9
2009-12-10,10.506,10.506,10.1903,10.2362,2900710,22.7
2009-12-11,10.1453,10.2805,9.8747,9.9205,4037750,22
2009-12-14,10.3707,10.4158,10.2354,10.4166,5550210,23.1
2009-12-15,10.6412,10.8216,10.4609,10.642,2601110,23.6
2009-12-16,10.5962,10.5962,10.1453,10.146,3351260,22.5
2009-12-17,10.1002,10.506,9.9649,10.4616,2683930,23.2
2009-12-18,10.5962,10.9569,10.5511,10.9126,5001200,24.2
2009-12-21,11.2725,11.3627,11.002,11.3184,3604890,25.1
2009-12-22,11.3176,11.3627,10.9569,10.9577,4385340,24.3
2009-12-23,10.8216,11.002,10.7765,10.8675,2732390,24.1
2009-12-24,10.8216,10.9118,10.6412,10.9126,3392430,24.2
2009-12-25,11.1823,11.2725,11.002,11.1831,3125160,24.8
2009-12-28,10.9569,11.1372,10.9118,10.9126,3281530,24.2
2009-12-29,10.8216,10.9118,10.6863,10.6871,2298700,23.7
2009-12-30,10.6863,11.0471,10.6863,10.8224,2818640,24
2009-12-31,10.9569,11.1372,10.8667,10.8675,3532270,24.1
2010-01-04,10.8667,11.4078,10.8667,11.4086,3915650,25.3
2010-01-05,11.9038,11.9489,11.543,11.7243,6943660,26
2010-01-06,11.6783,11.7234,11.4529,11.4537,2858960,25.4
2010-01-07,11.4529,11.543,11.2274,11.2282,3161900,24.9
2010-01-08,11.7685,11.7685,11.2725,11.2733,5310660,25
2010-01-11,11.2725,11.4078,11.0471,11.093,2797600,24.6
2010-01-12,11.0471,11.2274,10.7314,10.7322,2662780,23.8
2010-01-13,10.5962,10.8667,10.3707,10.8224,2823860,24
2010-01-14,11.002,11.002,10.7314,10.7322,2343700,23.8
2010-01-15,10.6412,10.7314,10.4609,10.5518,2607150,23.4
2010-01-18,10.5511,10.5511,10.2354,10.2362,2519720,22.7
2010-01-19,10.3707,10.506,10.2805,10.3715,2099690,23
2010-01-20,10.506,10.506,10.2354,10.2362,1481840,22.7
2010-01-21,10.1903,10.3707,9.9649,10.1009,2123590,22.4
2010-01-22,10.0551,10.1903,10.01,10.1009,1326430,22.4
2010-01-25,10.1002,10.1453,10.01,10.0558,1117050,22.3
2010-01-26,10.2354,10.5511,10.2354,10.5518,1818090,23.4
2010-01-27,10.3707,10.506,10.1903,10.1911,1068880,22.6
2010-01-28,10.1903,10.2354,10.0551,10.0558,1020840,22.3
2010-01-29,9.9198,10.1453,9.9198,10.0107,1292140,22.2
2010-02-01,10.1002,10.1453,10.01,10.0558,848600,22.3
2010-02-02,10.1002,10.1002,10.01,10.0558,1037620,22.3
2010-02-03,10.0551,10.1002,10.01,10.0558,925380,22.3
2010-02-04,10.1002,10.2354,10.0551,10.1911,1389870,22.6
2010-02-05,10.0551,10.1903,10.01,10.0558,1341270,22.3
2010-02-08,10.01,10.3256,9.9649,10.3264,1742690,22.9
2010-02-09,10.1903,10.2354,10.0551,10.0558,1048730,22.3
2010-02-10,10.0551,10.1903,10.0551,10.146,577290,22.5
2010-02-11,10.1903,10.6412,10.1453,10.642,2848220,23.6
2010-02-12,10.7765,11.0471,10.6412,10.7773,2496910,23.9
2010-02-22,10.8216,11.002,10.7765,10.7773,1840790,23.9
2010-02-23,10.6863,10.7314,10.4609,10.5518,1071070,23.4
2010-02-24,10.4609,10.6412,10.3707,10.5969,1265070,23.5
2010-02-25,10.5962,10.6412,10.3707,10.4616,2264710,23.2
2010-02-26,10.4609,10.5962,10.4158,10.5969,1131380,23.5
2010-03-01,10.7314,10.9118,10.6863,10.8224,3460920,24
2010-03-02,10.8667,10.8667,10.6863,10.6871,1844690,23.7
2010-03-03,10.8216,10.9569,10.7765,10.8675,2867170,24.1
2010-03-04,10.9118,10.9569,10.7314,10.7322,1858600,23.8
2010-03-05,10.7314,10.7765,10.6863,10.7322,1651560,23.8
2010-03-08,10.8216,10.9118,10.7314,10.7773,2246200,23.9
2010-03-09,10.7765,10.8667,10.7314,10.8224,2643980,24
2010-03-10,10.8216,10.9118,10.7314,10.7773,2476050,23.9
2010-03-11,10.8216,10.8667,10.6863,10.6871,2568640,23.7
2010-03-12,10.7765,10.7765,10.6863,10.7773,2251590,23.9
2010-03-15,10.8667,10.9118,10.7314,10.7322,2836720,23.8
2010-03-16,10.6412,10.6863,10.4158,10.4166,3329710,23.1
2010-03-17,10.4158,10.4609,10.2805,10.3264,2660440,22.9
2010-03-18,10.3256,10.3707,10.2354,10.3264,2026360,22.9
2010-03-19,10.3256,10.3256,10.1903,10.1911,2427150,22.6
2010-03-22,10.1903,10.2805,10.1453,10.1911,1941960,22.6
2010-03-23,10.1903,10.3256,10.1002,10.146,2242520,22.5
2010-03-24,10.1903,10.2805,10.1453,10.2362,1224340,22.7
2010-03-25,10.1903,10.2354,10.1002,10.1009,2814130,22.4
2010-03-26,10.0551,10.1002,10.01,10.0107,1734150,22.2
2010-03-29,10.01,10.1002,9.9649,9.9656,1978560,22.1
2010-03-30,9.9649,10.01,9.8296,9.8303,2430140,21.8
2010-03-31,9.8296,9.9198,9.7845,9.7852,1612840,21.7
2010-04-01,9.7845,10.1453,9.7394,10.0107,2471370,22.2
2010-04-02,10.01,10.0551,9.9198,9.9205,1621940,22
2010-04-05,10.0551,10.0551,9.9198,9.9205,1544520,22
2010-04-06,9.9649,10.01,9.9198,10.0107,2191010,22.2
2010-04-07,10.0551,10.0551,9.9649,10.0558,1775930,22.3
2010-04-08,10.01,10.0551,9.9198,9.9205,1339300,22
2010-04-09,10.01,10.0551,9.9198,9.9656,1988810,22.1
2010-04-12,10.01,10.01,9.9198,9.9205,1971210,22
2010-04-13,9.9198,9.9649,9.8296,9.8754,1493600,21.9
2010-04-14,9.8747,9.9198,9.7845,9.8754,1798760,21.9
2010-04-15,9.9198,9.9198,9.7845,9.8303,1775920,21.8
2010-04-16,9.9198,9.9198,9.7845,9.7852,1208320,21.7
2010-04-19,9.7845,9.7845,9.6944,9.6951,1252790,21.5
2010-04-20,9.6493,9.7845,9.5591,9.5598,1883700,21.2
2010-04-21,9.6042,9.6944,9.514,9.65,1817830,21.4
2010-04-22,9.7845,10.1002,9.7394,9.9656,2043620,22.1
2010-04-26,10.0551,10.0551,9.9198,10.0107,2516290,22.2
2010-04-27,9.9198,10.01,9.8747,10.0107,1635530,22.2
2010-04-28,9.9198,9.9649,9.8296,9.9205,2049490,22
2010-04-29,9.9198,9.9198,9.8296,9.8303,2067460,21.8
2010-05-04,10.01,10.2805,10.01,10.2813,7553940,22.8
2010-05-05,10.2354,10.5962,10.1903,10.1911,4056450,22.6
2010-05-06,10.2805,10.3256,10.1903,10.2362,1859050,22.7
2010-05-07,10.1453,10.1903,10.01,10.1009,3256180,22.4
2010-05-10,10.01,10.0551,9.8296,9.8303,2914530,21.8
2010-05-11,9.9649,10.01,9.8747,9.9656,2192010,22.1
2010-05-12,9.8747,9.9198,9.7845,9.7852,2448900,21.7
2010-05-13,9.8296,9.9198,9.7845,9.8303,2976180,21.8
2010-05-14,9.8296,9.8747,9.7845,9.7852,1935740,21.7
2010-05-17,9.7394,9.7845,9.5591,9.6049,2395660,21.3
2010-05-18,9.514,9.5591,9.4689,9.5147,2100890,21.1
2010-05-19,9.4689,9.4689,9.1984,9.199,2383930,20.4
2010-05-20,9.2435,9.6493,9.2435,9.65,4276520,21.4
2010-05-21,9.6493,9.6493,9.2885,9.3343,2392360,20.7
2010-05-24,9.3787,9.4689,9.3336,9.4696,1356590,21
2010-05-25,9.3336,9.4238,9.3336,9.3794,776330,20.8
2010-05-26,9.3787,9.4238,9.3336,9.3343,1334190,20.7
2010-05-27,9.2885,9.3336,9.2435,9.3343,884310,20.7
2010-05-28,9.4689,9.514,9.3336,9.3794,2303990,20.8
2010-05-31,9.3787,9.4238,9.2885,9.2892,941250,20.6
2010-06-01,9.2885,9.3336,9.2435,9.2441,1401210,20.5
2010-06-02,9.1533,9.1984,9.0631,9.1539,2972510,20.3
2010-06-03,9.1984,9.2885,9.1533,9.1539,1460460,20.3
2010-06-04,9.1533,9.3336,9.1533,9.2892,2536090,20.6
2010-06-07,9.1533,9.2885,9.1533,9.199,1243960,20.4
2010-06-08,9.3787,9.3787,9.1984,9.2441,4942980,20.5
2010-06-09,9.3336,9.3336,9.2435,9.2441,1137990,20.5
2010-06-10,9.2435,9.3336,9.2435,9.3343,1397910,20.7
2010-06-11,9.3787,9.4238,9.3336,9.3343,1023590,20.7
2010-06-14,9.3336,9.4238,9.3336,9.3794,824080,20.8
2010-06-15,9.3787,9.4689,9.3787,9.3794,768840,20.8
2010-06-16,9.3787,9.4689,9.3787,9.4696,1026960,21
2010-06-17,9.4238,9.4238,9.3336,9.3794,985270,20.8
2010-06-18,9.3336,9.4238,9.3336,9.3794,1656860,20.8
2010-06-21,9.4238,9.514,9.3787,9.5147,1846050,21.1
2010-06-22,9.8296,9.8296,9.5591,9.6049,13728450,21.3
2010-06-23,9.5591,9.6493,9.514,9.5147,676740,21.1
2010-06-24,9.514,9.6042,9.4689,9.4696,702580,21
2010-06-25,9.3787,9.4238,9.2435,9.2441,1416600,20.5
2010-06-28,9.3336,9.4238,9.2885,9.2892,1164430,20.6
2010-06-29,9.4689,9.4689,9.3787,9.4696,1184920,21
2010-06-30,9.3787,9.4689,9.3787,9.3794,1599770,20.8
2010-07-01,9.3787,9.4689,9.3336,9.4245,1209150,20.9
2010-07-02,9.4689,9.4689,9.3787,9.4245,1903910,20.9
2010-07-05,9.3787,9.4689,9.3787,9.4245,2061920,20.9
2010-07-06,9.3336,9.4238,9.2885,9.3343,5223190,20.7
2010-07-07,9.3826,9.4917,9.219,9.274,1877780,17
2010-07-08,9.4372,9.4372,9.219,9.274,1594490,17
2010-07-09,9.2735,9.3281,9.219,9.2194,1054210,16.9
2010-07-12,9.219,9.2735,9.1644,9.1649,773670,16.8
2010-07-13,9.2735,9.3826,9.1644,9.3831,2047040,17.2
2010-07-14,9.3826,9.4372,9.2735,9.3831,2989760,17.2
2010-07-15,9.3826,9.4372,9.2735,9.3831,2960740,17.2
2010-07-16,9.3826,9.4372,9.3281,9.4376,2356950,17.3
2010-07-19,9.3281,9.4917,9.3281,9.4922,2344270,17.4
2010-07-20,9.4917,9.5463,9.4372,9.4922,1725060,17.4
2010-07-21,9.3826,9.4917,9.3826,9.4376,1222830,17.3
2010-07-22,9.4372,9.4917,9.4372,9.4376,1875490,17.3
2010-07-23,9.4917,9.5463,9.4372,9.4922,1858190,17.4
2010-07-26,9.3826,9.5463,9.3826,9.5467,2118370,17.5
2010-07-27,9.5463,9.5463,9.4372,9.4922,3047630,17.4
2010-07-28,9.4372,9.5463,9.4372,9.4376,1004580,17.3
2010-07-29,9.3826,9.4372,9.2735,9.3285,993920,17.1
2010-07-30,9.3281,9.3826,9.2735,9.3285,732760,17.1
2010-08-02,9.3281,9.3281,9.219,9.274,542890,17
2010-08-03,9.2735,9.3281,9.219,9.274,1099670,17
2010-08-04,9.219,9.2735,9.1644,9.1649,947860,16.8
2010-08-05,9.1644,9.219,9.1099,9.2194,865310,16.9
2010-08-06,9.1644,9.219,9.0553,9.0558,314590,16.6
2010-08-09,9.0008,9.0553,8.728,8.8375,1191600,16.2
2010-08-10,8.8371,8.8371,8.5098,8.5648,2153170,15.7
2010-08-11,8.6189,8.728,8.5098,8.6739,1759960,15.9
2010-08-12,8.6735,8.6735,8.4553,8.5102,1805600,15.6
2010-08-13,8.3462,8.5644,8.3462,8.5102,1492710,15.6
2010-08-16,8.5098,8.728,8.5098,8.6739,1051640,15.9
2010-08-17,8.728,8.728,8.5644,8.7284,1498010,16
2010-08-18,8.6735,8.728,8.5098,8.6193,1876880,15.8
2010-08-19,8.6189,8.6735,8.5644,8.6193,1189720,15.8
2010-08-20,8.6189,8.6735,8.5644,8.6739,2265160,15.9
2010-08-23,8.5644,8.728,8.5644,8.6739,910800,15.9
2010-08-24,8.6189,8.6735,8.5644,8.5648,1536660,15.7
2010-08-25,8.5098,8.6189,8.4553,8.5102,2682160,15.6
2010-08-26,8.5098,8.5644,8.4553,8.5648,879450,15.7
2010-08-27,8.5644,8.6735,8.4553,8.6193,847670,15.8
2010-08-30,8.728,8.9462,8.6735,8.8375,1041390,16.2
2010-08-31,8.8371,8.9462,8.728,8.8921,1198450,16.3
2010-09-01,8.8917,8.9462,8.7826,8.8375,677210,16.2
2010-09-06,8.8371,9.1644,8.7826,9.0012,1598340,16.5
2010-09-07,8.9462,8.9462,8.728,8.7284,825190,16
2010-09-08,8.728,8.728,8.6189,8.6193,678750,15.8
2010-09-09,8.728,8.728,8.6189,8.7284,511760,16
2010-09-10,8.728,8.728,8.5644,8.5648,780550,15.7
2010-09-13,8.6189,8.6189,8.4553,8.4557,552150,15.5
2010-09-14,8.6189,8.6189,8.5098,8.5102,659370,15.6
2010-09-15,8.5098,8.5644,8.4553,8.5102,396820,15.6
2010-09-16,8.4553,8.5644,8.4553,8.5102,665950,15.6
2010-09-17,8.5098,8.6189,8.5098,8.5648,552670,15.7
2010-09-20,8.6189,8.728,8.5644,8.7284,1487110,16
2010-09-21,8.728,8.728,8.6189,8.7284,942510,16
2010-09-22,8.728,8.7826,8.728,8.7284,828220,16
2010-09-23,8.6735,8.7826,8.6735,8.7284,1224500,16
2010-09-24,8.728,8.7826,8.6735,8.7284,1408370,16
2010-09-27,8.6735,9.1644,8.6189,9.1649,1812850,16.8
2010-09-28,8.9462,9.2735,8.9462,9.274,3069070,17
2010-09-29,9.2735,9.2735,9.0008,9.0012,585900,16.5
2010-09-30,9.0008,9.1099,8.9462,9.1103,816970,16.7
2010-10-01,9.0008,9.219,9.0008,9.2194,1505850,16.9
2010-10-04,9.1644,9.219,9.0008,9.1649,1424520,16.8
2010-10-05,9.0008,9.1644,8.9462,9.1649,1443980,16.8
2010-10-06,9.1644,9.219,9.1099,9.2194,2051070,16.9
2010-10-07,9.219,9.2735,9.1099,9.2194,1417280,16.9
2010-10-08,9.1099,9.1644,9.0553,9.1649,607200,16.8
2010-10-11,9.0553,9.1099,9.0553,9.1103,1022520,16.7
2010-10-12,9.1099,9.1099,8.9462,8.9467,1355370,16.4
2010-10-13,8.8371,8.9462,8.8371,8.8375,292770,16.2
2010-10-14,8.9462,8.9462,8.7826,8.783,480800,16.1
2010-10-15,8.6735,8.8371,8.6735,8.7284,481200,16
2010-10-18,8.728,8.7826,8.6189,8.6739,528910,15.9
2010-10-19,8.6735,8.728,8.5644,8.6193,1215730,15.8
2010-10-20,8.5644,8.5644,8.3462,8.4557,1259090,15.5
2010-10-21,8.4553,8.5644,8.4007,8.5102,1167310,15.6
2010-10-22,8.4007,8.4553,8.3462,8.4011,2295480,15.4
2010-10-25,8.4007,8.4553,8.2916,8.3466,1143430,15.3
2010-10-26,8.3462,8.6189,8.3462,8.5102,1237850,15.6
2010-10-27,8.5098,8.5644,8.4007,8.4011,1756150,15.4
2010-10-28,8.4007,8.5644,8.4007,8.5648,1681290,15.7
2010-10-29,8.5644,8.728,8.5098,8.7284,2119560,16
2010-11-01,8.6735,8.728,8.5644,8.6193,667620,15.8
2010-11-02,8.6189,8.6735,8.5098,8.6193,1210930,15.8
2010-11-03,8.5644,8.6189,8.4553,8.4557,894620,15.5
2010-11-04,8.4553,8.5644,8.4553,8.5102,743900,15.6
2010-11-05,8.6189,8.728,8.5644,8.6739,1481130,15.9
2010-11-08,8.6735,8.6735,8.5644,8.6193,1343320,15.8
2010-11-09,8.5644,8.6189,8.4553,8.4557,1941200,15.5
2010-11-10,8.4007,8.5098,8.3462,8.3466,655550,15.3
2010-11-11,8.3462,8.4007,8.2916,8.292,742960,15.2
2010-11-12,8.2371,8.2371,8.0734,8.1284,1557710,14.9
2010-11-15,8.1825,8.1825,7.9098,7.9101,1194060,14.5
2010-11-16,7.7461,7.9098,7.6916,7.801,800260,14.3
2010-11-17,7.8007,7.9098,7.7461,7.7465,1520320,14.2
2010-11-18,7.7461,7.8552,7.637,7.6374,2502170,14
2010-11-19,7.8007,7.8007,7.5825,7.5828,2979300,13.9
2010-11-22,7.5279,7.637,7.5279,7.5828,1713190,13.9
2010-11-23,7.5825,7.6916,7.5279,7.5828,1683410,13.9
2010-11-24,7.5825,7.6916,7.5825,7.6374,1643000,14
2010-11-25,7.6916,7.8552,7.637,7.7465,689700,14.2
2010-11-26,7.7461,7.8007,7.6916,7.6919,712170,14.1
2010-11-29,7.6916,7.8007,7.6916,7.7465,1427870,14.2
2010-11-30,7.9098,8.128,7.8552,8.0193,4003240,14.7
2010-12-01,8.0189,8.0189,7.8552,7.9101,936570,14.5
2010-12-02,7.9098,8.1825,7.8552,8.1829,1217070,15
2010-12-03,8.4007,8.5644,8.3462,8.5102,5186380,15.6
2010-12-06,8.5644,8.6189,8.4007,8.4011,4272760,15.4
2010-12-07,8.3462,8.4007,8.2371,8.2375,1294360,15.1
2010-12-08,8.1825,8.2371,7.8552,7.8556,2656510,14.4
2010-12-09,7.8552,8.1825,7.8552,8.1829,1556400,15
2010-12-10,8.2371,8.5098,8.2371,8.4557,2856850,15.5
2010-12-13,8.8371,8.8371,8.7826,8.8375,4068730,16.2
2010-12-14,9.2735,9.2735,9.0008,9.2194,14871010,16.9
2010-12-15,9.4917,9.6554,9.3826,9.4376,9169010,17.3
2010-12-16,9.1644,9.2735,9.0008,9.0012,3245880,16.5
2010-12-17,9.0008,9.1644,8.6735,9.1649,3179640,16.8
2010-12-20,9.1644,9.219,8.8917,8.8921,4194910,16.3
2010-12-21,8.8371,8.8371,8.5644,8.7284,4852570,16
2010-12-22,8.8371,8.8917,8.728,8.7284,4309910,16
2010-12-23,8.6735,8.728,8.5098,8.5102,2030360,15.6
2010-12-24,8.5098,8.6189,8.4007,8.5102,2203470,15.6
2010-12-27,8.5098,8.6189,8.4553,8.5648,1584780,15.7
2010-12-28,8.5644,8.7826,8.5644,8.7284,3366960,16
2010-12-29,8.728,8.7826,8.6189,8.7284,3235330,16
2010-12-30,8.6735,8.728,8.6189,8.6739,3288570,15.9
2010-12-31,8.9462,8.9462,8.6735,8.8375,2514890,16.2
2011-01-04,8.728,8.8371,8.5644,8.5648,943920,15.7
2011-01-05,8.728,8.728,8.4553,8.4557,1953830,15.5
2011-01-06,8.4553,8.5098,8.4007,8.5102,756060,15.6
2011-01-07,8.5098,8.5644,8.4553,8.5102,1151490,15.6
2011-01-10,8.4553,8.5098,8.4007,8.4557,2398460,15.5
2011-01-11,8.4007,8.4553,8.3462,8.4011,2930390,15.4
2011-01-12,8.3462,8.5098,8.3462,8.5102,1342910,15.6
2011-01-13,8.4553,8.6189,8.4553,8.5102,965290,15.6
2011-01-14,8.4553,8.5644,8.4553,8.5102,761360,15.6
2011-01-17,8.5644,8.6189,8.5098,8.5102,1975390,15.6
2011-01-18,8.5098,8.5644,8.5098,8.5102,1034250,15.6
2011-01-19,8.5098,8.5644,8.4553,8.5102,1272700,15.6
2011-01-20,8.5098,8.6189,8.5098,8.5648,1577480,15.7
2011-01-21,8.5644,8.8371,8.5644,8.6193,1762190,15.8
2011-01-24,8.728,8.728,8.5644,8.6193,1970070,15.8
2011-01-25,8.5644,8.6189,8.5098,8.5648,2979890,15.7
2011-01-26,8.6189,8.6189,8.5098,8.6193,352750,15.8
2011-01-27,8.6189,8.6189,8.5644,8.6193,404840,15.8
2011-01-28,8.6189,8.6189,8.5098,8.6193,856310,15.8
2011-02-08,8.5644,8.728,8.5644,8.6739,499800,15.9
2011-02-09,8.7826,8.8371,8.6735,8.6739,688060,15.9
2011-02-10,8.6189,8.728,8.6189,8.6739,703020,15.9
2011-02-11,8.6735,8.6735,8.5644,8.6193,871890,15.8
2011-02-14,8.6189,8.6189,8.5098,8.5648,1001580,15.7
2011-02-15,8.5098,8.5644,8.4007,8.4557,1554060,15.5
2011-02-16,8.4553,8.5098,8.4007,8.4011,956680,15.4
2011-02-17,8.4007,8.4553,8.2916,8.4011,1512190,15.4
2011-02-18,8.2916,8.4007,8.2371,8.2375,1758540,15.1
2011-02-21,8.0189,8.0734,7.8552,7.8556,3252690,14.4
2011-02-22,7.5825,7.8007,7.5825,7.801,1294000,14.3
2011-02-23,7.8007,8.0189,7.8007,7.8556,1631120,14.4
2011-02-24,7.8552,7.8552,7.5825,7.801,1448260,14.3
2011-02-25,8.0189,8.0189,7.8007,8.0193,628860,14.7
2011-02-28,8.0189,8.0734,7.8552,7.8556,711620,14.4
2011-03-01,7.8007,7.8552,7.7461,7.801,477170,14.3
2011-03-02,7.7461,7.7461,7.5279,7.5828,1267110,13.9
2011-03-03,7.5825,7.6916,7.5279,7.6374,1181270,14
2011-03-04,7.637,7.6916,7.5825,7.5828,709330,13.9
2011-03-07,7.5825,7.6916,7.5825,7.6374,552170,14
2011-03-08,7.637,7.6916,7.5825,7.5828,677750,13.9
2011-03-09,7.5825,7.637,7.5279,7.5828,1252530,13.9
2011-03-10,7.5825,7.6916,7.5825,7.6374,654920,14
2011-03-11,7.637,7.9643,7.637,7.801,2203030,14.3
2011-03-14,7.7461,7.8007,7.5825,7.5828,1555500,13.9
2011-03-15,7.5825,7.637,7.4734,7.4737,1443280,13.7
2011-03-16,7.4734,7.5825,7.4734,7.4737,1259030,13.7
2011-03-17,7.5279,7.5825,7.4734,7.5283,1616260,13.8
2011-03-18,7.5825,7.7461,7.4734,7.6374,654130,14
2011-03-21,7.637,7.6916,7.637,7.6374,1583350,14
2011-03-22,7.637,7.6916,7.5825,7.5828,975180,13.9
2011-03-23,7.637,7.637,7.5825,7.6374,950280,14
2011-03-24,7.5825,7.637,7.5279,7.5283,241560,13.8
2011-03-25,7.5825,7.637,7.5279,7.6374,902060,14
2011-03-28,7.5825,7.6916,7.5825,7.6374,1334540,14
2011-03-29,7.637,7.6916,7.5825,7.6919,1437080,14.1
2011-03-30,7.5825,7.637,7.5825,7.5828,1405020,13.9
2011-03-31,7.5825,7.6916,7.5825,7.6374,1283220,14
2011-04-01,7.637,7.637,7.5279,7.5283,463020,13.8
2011-04-04,7.4734,7.5825,7.4734,7.5283,441290,13.8
2011-04-05,7.5279,7.5825,7.4734,7.5283,559830,13.8
2011-04-06,7.5279,7.637,7.5279,7.5828,1703820,13.9
2011-04-07,7.5279,7.637,7.5279,7.6374,2151400,14
2011-04-08,7.5279,7.5825,7.5279,7.5283,851500,13.8
2011-04-13,7.5279,7.5825,7.5279,7.5283,1207560,13.8
2011-04-14,7.5279,7.5825,7.4734,7.5828,3109390,13.9
2011-04-15,7.5279,7.5825,7.4188,7.5283,1997350,13.8
2011-04-18,7.4188,7.4734,7.3643,7.4737,1581530,13.7
2011-04-19,7.4188,7.4734,7.3643,7.3646,482800,13.5
2011-04-20,7.2552,7.3643,7.2552,7.3101,218860,13.4
2011-04-21,7.3097,7.3643,7.2552,7.3646,931880,13.5
2011-04-22,7.3097,7.3643,7.3097,7.3101,960140,13.4
2011-04-25,7.3097,7.4188,7.3097,7.3646,1877280,13.5
2011-04-26,7.3097,7.3643,7.2006,7.201,710410,13.2
2011-04-27,7.1461,7.2006,6.9824,6.9828,1721170,12.8
2011-04-28,7.037,7.0915,6.9824,7.0373,2004110,12.9
2011-04-29,7.037,7.0915,6.9824,7.0373,488290,12.9
2011-05-04,7.037,7.0915,7.037,7.0919,497840,13
2011-05-05,7.037,7.0915,7.037,7.0373,417070,12.9
2011-05-06,7.037,7.0915,6.9824,7.0373,928620,12.9
2011-05-09,7.037,7.037,6.9824,6.9828,401680,12.8
2011-05-10,6.9279,7.037,6.8733,6.8736,614480,12.6
2011-05-11,6.9279,6.9279,6.7642,6.8191,1172770,12.5
2011-05-12,6.7642,6.8733,6.7642,6.8191,1223560,12.5
2011-05-13,6.7642,6.8188,6.7642,6.8191,584450,12.5
2011-05-16,6.7642,6.9279,6.7642,6.7645,445010,12.4
2011-05-17,6.7642,6.8188,6.7097,6.7645,942290,12.4
2011-05-18,6.7097,6.7642,6.7097,6.7645,2133660,12.4
2011-05-19,6.7097,6.7642,6.7097,6.7645,914970,12.4
2011-05-20,6.7642,6.7642,6.7097,6.71,836850,12.3
2011-05-23,6.6551,6.7097,6.546,6.6554,1441950,12.2
2011-05-24,6.546,6.6551,6.4915,6.6554,2928370,12.2
2011-05-25,6.4915,6.546,6.3824,6.4918,2156020,11.9
2011-05-26,6.3278,6.6006,6.3278,6.4918,1556280,11.9
2011-05-27,6.546,6.546,6.4915,6.5463,617160,12
2011-05-30,6.546,6.546,6.3824,6.3827,361400,11.7
2011-05-31,6.3824,6.4369,6.3278,6.3827,963620,11.7
2011-06-01,6.3824,6.4915,6.3824,6.4372,1246390,11.8
2011-06-02,6.4915,6.6551,6.4915,6.5463,1871320,12
2011-06-03,6.6551,6.6551,6.4369,6.4918,789150,11.9
2011-06-06,6.4369,6.4915,6.3824,6.4918,1033250,11.9
2011-06-07,6.4915,6.546,6.4369,6.4918,845560,11.9
2011-06-08,6.4915,6.4915,6.3824,6.4372,1978330,11.8
2011-06-09,6.4369,6.4369,6.3824,6.4372,1199070,11.8
2011-06-10,6.4369,6.546,6.4369,6.4918,1154960,11.9
2011-06-13,6.4915,6.546,6.4369,6.4918,1560910,11.9
2011-06-14,6.4915,6.6551,6.4915,6.5463,2106340,12
2011-06-15,6.4915,6.546,6.4369,6.4918,1963900,11.9
2011-06-16,6.4915,6.546,6.4369,6.4918,1515940,11.9
2011-06-17,6.4915,6.546,6.4369,6.4918,3388690,11.9
2011-06-20,6.4369,6.4915,6.4369,6.4918,2187690,11.9
2011-06-21,6.4369,6.546,6.4369,6.4918,575320,11.9
2011-06-22,6.4915,6.4915,6.4369,6.4918,462750,11.9
2011-06-23,6.4369,6.546,6.4369,6.4918,444550,11.9
2011-06-24,6.4915,6.546,6.4915,6.5463,713480,12
2011-06-27,6.4915,6.6006,6.4915,6.5463,581890,12
2011-06-28,6.546,6.6006,6.546,6.5463,632680,12
2011-06-29,6.546,6.6006,6.546,6.5463,603280,12
2011-06-30,6.546,6.6006,6.546,6.5463,474400,12
2011-07-01,6.546,6.8733,6.4915,6.8736,2793870,12.6
2011-07-04,7.2006,7.2006,7.037,7.0919,3156610,13
2011-07-05,7.0915,7.1461,7.037,7.0373,944710,12.9
2011-07-06,6.9824,7.0915,6.9279,6.9828,960000,12.8
2011-07-07,6.9279,7.0915,6.9279,7.0919,1942220,13
2011-07-08,7.0915,7.2552,7.037,7.2555,1823300,13.3
2011-07-11,7.2552,7.5279,7.2552,7.4192,2359480,13.6
2011-07-12,7.4188,7.5825,7.4188,7.4192,1866690,13.6
2011-07-13,7.4188,7.5279,7.3643,7.4192,1571980,13.6
2011-07-14,7.3643,7.4188,7.3097,7.3646,1482860,13.5
2011-07-15,7.4188,7.4734,7.3643,7.4192,1721010,13.6
2011-07-18,7.4188,7.637,7.4188,7.6374,2022540,14
2011-07-19,7.637,7.6916,7.5825,7.5828,662580,13.9
2011-07-20,7.637,7.637,7.5825,7.5828,1493250,13.9
2011-07-21,7.5279,7.637,7.5279,7.5828,1221730,13.9
2011-07-22,7.5825,7.637,7.5279,7.5828,1484000,13.9
2011-07-25,7.5279,7.5279,7.3097,7.5283,922740,13.8
2011-07-26,7.4734,7.5825,7.4188,7.5828,723130,13.9
2011-07-27,7.5279,7.5825,7.5279,7.5283,212110,13.8
2011-07-28,7.5279,7.637,7.5279,7.5828,813930,13.9
2011-07-29,7.5825,7.637,7.5279,7.5828,1075840,13.9
2011-08-01,7.5825,7.7461,7.5825,7.7465,1523260,14.2
2011-08-02,7.8007,8.128,7.8007,8.1284,2283040,14.9
2011-08-03,8.128,8.3462,8.0189,8.3466,4729820,15.3
2011-08-04,8.2916,8.4007,8.1825,8.292,5098430,15.2
2011-08-05,8.0734,8.2916,8.0734,8.292,6515190,15.2
2011-08-08,8.2916,8.3462,8.2371,8.292,3156450,15.2
2011-08-09,8.128,8.2371,8.128,8.2375,8499390,15.1
2011-08-10,8.0922,8.5313,8.0922,8.2808,992280,13.2
2011-08-11,8.1549,8.2804,8.1549,8.218,1010350,13.1
2011-08-12,8.0922,8.2176,8.0294,8.0298,487110,12.8
2011-08-15,7.9667,8.0294,7.9667,8.0298,1142570,12.8
2011-08-16,8.0294,8.2176,8.0294,8.218,974630,13.1
2011-08-17,8.2176,8.4058,8.2176,8.4062,787350,13.4
2011-08-18,8.4058,8.5313,8.4058,8.469,590870,13.5
2011-08-19,8.4058,8.5313,8.4058,8.5317,1359500,13.6
2011-08-22,8.4686,8.7195,8.4686,8.6572,1221470,13.8
2011-08-23,8.6567,8.7822,8.6567,8.7199,938090,13.9
2011-08-24,8.7195,8.8449,8.7195,8.7826,816730,14
2011-08-25,8.7195,8.8449,8.7195,8.7826,1237550,14
2011-08-26,8.7822,8.8449,8.7195,8.7826,887380,14
2011-08-29,8.7822,8.8449,8.7822,8.8454,676300,14.1
2011-08-30,8.8449,8.9077,8.7822,8.7826,640510,14
2011-08-31,8.7822,8.8449,8.6567,8.7826,1769970,14
2011-09-01,8.6567,9.2213,8.6567,9.0336,2293250,14.4
2011-09-05,8.9704,9.0959,8.9077,9.0336,1506890,14.4
2011-09-06,8.8449,9.0959,8.8449,9.0336,1762560,14.4
2011-09-07,9.0331,9.0959,8.9704,9.0336,771630,14.4
2011-09-08,9.0959,9.1586,9.0331,9.0336,1565990,14.4
2011-09-09,9.0331,9.0959,8.9704,8.9708,1033410,14.3
2011-09-12,8.7195,8.9077,8.7195,8.7826,968670,14
2011-09-13,8.6567,8.9077,8.6567,8.7826,796860,14
2011-09-14,8.7822,8.9077,8.7822,8.8454,1672980,14.1
2011-09-15,8.8449,8.9077,8.7822,8.8454,1071980,14.1
2011-09-16,8.8449,8.9077,8.8449,8.8454,1732480,14.1
2011-09-19,8.7822,8.9077,8.7822,8.8454,994200,14.1
2011-09-20,8.7822,8.9077,8.7822,8.8454,1985150,14.1
2011-09-21,8.9077,8.9704,8.8449,8.9081,1792930,14.2
2011-09-22,8.9077,8.9704,8.9077,8.9081,1746550,14.2
2011-09-23,8.9077,8.9704,8.9077,8.9081,1375260,14.2
2011-09-26,8.9077,8.9704,8.9077,8.9081,1639140,14.2
2011-09-27,8.9077,8.9077,8.7822,8.8454,1917110,14.1
2011-09-28,8.8449,8.9704,8.7822,8.9081,2042770,14.2
2011-09-29,8.9077,8.9704,8.9077,8.9081,2829260,14.2
2011-09-30,8.9077,9.1586,8.9077,8.9708,900060,14.3
2011-10-03,9.0331,9.1586,8.9704,9.0963,1373010,14.5
2011-10-04,9.0959,9.1586,9.0331,9.0963,1127100,14.5
2011-10-05,9.0959,9.1586,9.0331,9.0963,1167410,14.5
2011-10-06,9.0959,9.1586,9.0959,9.0963,932600,14.5
2011-10-07,9.0959,9.2213,9.0959,9.2218,870500,14.7
2011-10-10,9.1586,9.2213,9.0959,9.0963,184460,14.5
2011-10-11,9.0959,9.0959,8.9077,9.0336,779010,14.4
2011-10-12,9.0331,9.0959,8.9704,9.0336,766350,14.4
2011-10-13,9.0331,9.1586,8.9704,9.0336,452500,14.4
2011-10-14,8.9704,8.9704,8.9077,8.9081,161450,14.2
2011-10-17,8.9077,8.9077,8.594,8.5944,753850,13.7
2011-10-18,8.5313,8.594,8.4686,8.5317,442850,13.6
2011-10-19,8.5313,8.5313,8.2176,8.3435,853420,13.3
2011-10-20,8.2804,8.3431,8.2804,8.2808,362160,13.2
2011-10-21,8.2804,8.4058,8.2176,8.218,695820,13.1
2011-10-24,8.2176,8.4686,8.2176,8.2808,97960,13.2
2011-10-25,8.2804,8.4058,8.2176,8.4062,174800,13.4
2011-10-26,8.4058,8.4058,8.2176,8.2808,137730,13.2
2011-10-27,8.2176,8.3431,8.2176,8.2808,141240,13.2
2011-10-28,8.3431,8.594,8.2804,8.5317,238900,13.6
2011-10-31,8.4686,8.5313,8.4058,8.4062,787680,13.4
2011-11-01,8.4058,8.4058,8.2804,8.3435,319380,13.3
2011-11-02,8.3431,8.3431,8.2804,8.2808,410100,13.2
2011-11-03,8.2804,8.2804,8.1549,8.2808,397690,13.2
2011-11-04,8.2804,8.2804,8.2176,8.2808,447280,13.2
2011-11-07,8.6567,8.6567,8.4686,8.5944,1255360,13.7
2011-11-08,8.7195,8.7195,8.5313,8.5944,635320,13.7
2011-11-09,8.5313,8.5313,8.4058,8.5317,320760,13.6
2011-11-10,8.5313,8.594,8.4058,8.5944,534400,13.7
2011-11-11,8.594,8.9704,8.594,8.7199,1573780,13.9
2011-11-14,8.8449,8.8449,8.6567,8.7199,1672880,13.9
2011-11-15,8.6567,8.7195,8.6567,8.7199,357080,13.9
2011-11-16,8.8449,8.9704,8.7822,8.9708,1638930,14.3
2011-11-17,8.9704,9.1586,8.9704,9.0963,1848300,14.5
2011-11-18,9.1586,9.284,9.0331,9.2845,2545130,14.8
2011-11-21,9.3468,9.7232,9.3468,9.6609,2325130,15.4
2011-11-22,9.5977,9.7859,9.535,9.7236,3083570,15.5
2011-11-23,9.7232,9.7232,9.3468,9.4727,1195140,15.1
2011-11-24,9.4095,9.4095,9.2213,9.2845,2540450,14.8
2011-11-25,9.0959,9.2213,8.8449,9.159,2324110,14.6
2011-11-28,9.0959,9.1586,8.8449,8.9708,2000670,14.3
2011-11-29,8.9077,8.9704,8.7822,8.9708,1126200,14.3
2011-11-30,8.9077,9.0331,8.7822,9.0336,2090810,14.4
2011-12-01,9.0331,9.0331,8.9077,9.0336,2380750,14.4
2011-12-02,8.9704,8.9704,8.7195,8.7199,1553120,13.9
2011-12-05,8.7195,8.7822,8.5313,8.5944,1150460,13.7
2011-12-06,8.4686,8.7195,8.4686,8.6572,885660,13.8
2011-12-07,8.4058,8.7822,8.4058,8.7199,2648620,13.9
2011-12-08,8.7195,8.8449,8.6567,8.7826,1216460,14
2011-12-09,8.7822,8.9077,8.7195,8.8454,1130220,14.1
2011-12-12,8.7822,9.284,8.7822,9.2845,3264990,14.8
2011-12-13,9.1586,9.4095,9.0959,9.2845,1527890,14.8
2011-12-14,9.2213,9.284,9.1586,9.2845,2249370,14.8
2011-12-15,9.1586,9.284,9.0959,9.2845,3413980,14.8
2011-12-16,9.2213,9.3468,9.2213,9.2845,1482350,14.8
2011-12-19,9.284,9.3468,9.2213,9.2218,817160,14.7
2011-12-20,9.2213,9.284,9.1586,9.2845,1434790,14.8
2011-12-21,9.2213,9.4095,9.2213,9.41,1427280,15
2011-12-22,9.4095,9.535,9.3468,9.5354,2131580,15.2
2011-12-23,9.4095,9.6604,9.284,9.5354,2226200,15.2
2011-12-26,9.535,9.7232,9.4095,9.5982,2331330,15.3
2011-12-27,9.4095,9.9113,9.4095,9.9118,5543810,15.8
2011-12-28,9.7232,9.8486,9.4722,9.4727,1398720,15.1
2011-12-29,9.1586,9.4722,9.0331,9.4727,2163440,15.1
2011-12-30,9.4095,9.535,9.284,9.4727,3603740,15.1
2012-01-03,9.284,9.7232,9.284,9.7236,957240,15.5
2012-01-04,9.6604,10.0368,9.535,10.0373,2845110,16
2012-01-05,10.0368,10.0368,9.8486,9.9118,1813900,15.8
2012-01-06,9.7859,10.0368,9.7859,10.0373,3081380,16
2012-01-09,10.0368,10.5386,9.9741,10.5392,3524980,16.8
2012-01-10,10.2877,11.0405,10.2877,10.9156,2776750,17.4
2012-01-11,11.0405,11.3541,11.0405,11.2292,3729860,17.9
2012-01-12,10.9778,11.3541,10.9778,11.1038,4439840,17.7
2012-01-13,11.1032,11.1659,11.0405,11.1038,1793280,17.7
2012-01-16,11.0405,11.1659,10.915,11.1038,1346180,17.7
2012-01-17,11.0405,11.1659,11.0405,11.1038,1136120,17.7
2012-01-18,11.1032,11.2287,11.0405,11.2292,778150,17.9
2012-01-19,11.1032,11.3541,11.1032,11.292,901580,18
2012-01-20,11.2914,11.4169,11.2287,11.292,631940,18
2012-01-30,11.2914,11.6051,11.2914,11.6056,1186280,18.5
2012-01-31,11.6051,11.9187,11.6051,11.9193,1198700,19
2012-02-01,11.9187,11.9814,11.856,11.9193,858130,19
2012-02-02,11.9187,12.0442,11.856,11.8566,1808830,18.9
2012-02-03,11.7932,11.9187,11.7305,11.7311,1620270,18.7
2012-02-06,11.7305,11.9814,11.6678,11.982,1557150,19.1
2012-02-07,11.9187,12.0442,11.9187,12.0448,1144320,19.2
2012-02-08,11.9814,12.6087,11.9814,12.6094,2972330,20.1
2012-02-09,13.1733,13.236,13.1106,13.2367,3770560,21.1
2012-02-10,13.236,13.8633,13.236,13.7386,2456780,21.9
2012-02-13,14.3024,14.3024,13.1106,13.1112,1398820,20.9
2012-02-14,12.546,12.6715,12.4833,12.4839,1813090,19.9
2012-02-15,11.9187,11.9187,11.9187,11.9193,570340,19
2012-02-16,11.3541,11.4169,11.3541,11.3547,6224970,18.1
2012-02-17,11.4169,11.7305,11.2914,11.5429,774480,18.4
2012-02-20,12.0442,12.1069,11.9187,12.1075,442830,19.3
2012-02-21,12.6715,12.6715,11.5423,11.9193,1513840,19
2012-02-22,11.4796,11.9814,11.4796,11.9193,1635490,19
2012-02-23,11.9187,11.9187,11.5423,11.7311,1414530,18.7
2012-02-24,11.5423,12.2951,11.5423,12.2957,2250670,19.6
2012-02-27,12.7342,12.8597,12.4833,12.8603,1210940,20.5
2012-02-28,13.487,13.487,13.1733,13.4876,3887940,21.5
2012-02-29,13.487,14.1143,13.2988,14.115,5872010,22.5
2012-03-01,14.1143,14.177,13.6751,13.8013,3154410,22
2012-03-02,13.7379,14.0515,13.6751,13.9268,2953510,22.2
2012-03-05,14.1143,14.6161,14.1143,14.6168,2126460,23.3
2012-03-06,15.3061,15.3061,13.9888,14.1777,2067260,22.6
2012-03-07,13.6751,13.8006,13.487,13.4876,3018920,21.5
2012-03-08,12.8597,12.8597,12.8597,12.8603,398410,20.5
2012-03-09,12.2324,12.546,12.2324,12.233,3225410,19.5
2012-03-12,11.9187,12.7342,11.7932,12.7348,7206980,20.3
2012-03-13,13.236,13.3615,12.9851,13.3622,2508100,21.3
2012-03-14,13.9888,13.9888,13.6751,13.9895,4538060,22.3
2012-03-15,14.0515,14.6161,13.8633,14.6168,6994260,23.3
2012-03-16,14.6161,15.1179,14.3652,15.1187,11121860,24.1
2012-03-19,14.867,15.0552,14.7416,14.805,1795030,23.6
2012-03-20,14.4279,14.6161,14.4279,14.6168,2265050,23.3
2012-03-21,14.7416,14.9925,14.6161,14.8678,1713070,23.7
2012-03-22,14.4279,14.867,14.4279,14.7423,607020,23.5
2012-03-23,14.6788,14.9297,14.6161,14.8678,992020,23.7
2012-03-26,15.0552,15.0552,14.7416,15.056,1419900,24
2012-03-27,14.867,15.0552,14.6161,14.6168,3065180,23.3
2012-03-28,14.6788,14.8043,14.4906,14.7423,1406270,23.5
2012-03-29,14.6788,14.8043,14.6161,14.6796,1392290,23.4
2012-03-30,14.7416,14.7416,14.5534,14.5541,822590,23.2
2012-04-03,14.3024,14.5534,14.3024,14.4286,844580,23
2012-04-04,14.3652,14.4279,14.3652,14.4286,544660,23
2012-04-05,14.3024,14.6161,14.3024,14.6168,841550,23.3
2012-04-06,14.6788,15.1807,14.6788,15.056,2488940,24
2012-04-09,15.2434,15.2434,15.1179,15.1187,995180,24.1
2012-04-10,15.1179,15.557,15.0552,15.4951,1491580,24.7
2012-04-11,15.6825,15.8707,15.557,15.8715,1188800,25.3
2012-04-12,15.8707,16.6235,15.8707,16.6243,2277070,26.5
2012-04-13,16.8744,16.8744,15.9962,15.997,2369110,25.5
2012-04-16,15.4943,15.808,15.2434,15.6833,1438540,25
2012-04-17,15.6825,15.6825,15.557,15.5578,845960,24.8
2012-04-18,15.4316,16.3098,15.3689,15.746,1404330,25.1
2012-04-19,15.4943,15.9962,15.4943,15.8088,895450,25.2
2012-04-20,15.8707,16.1843,15.6825,16.0597,976230,25.6
2012-04-23,15.9962,16.1216,15.808,15.8715,572930,25.3
2012-04-24,15.808,15.808,15.557,15.5578,533800,24.8
2012-04-25,15.6198,15.808,15.6198,15.6206,526040,24.9
2012-04-26,15.6825,15.6825,15.4943,15.4951,754370,24.7
2012-04-27,15.6198,15.6198,15.4316,15.4324,596780,24.6
2012-05-02,15.3689,15.4316,15.1807,15.3069,676220,24.4
2012-05-03,15.1807,15.2434,14.7416,14.7423,1699270,23.5
2012-05-04,14.5534,14.8043,14.4279,14.4286,2020240,23
2012-05-07,14.5534,15.0552,14.4279,14.805,2946650,23.6
2012-05-08,15.1179,15.4943,15.0552,15.4951,1754660,24.7
2012-05-09,15.9334,16.2471,15.6198,16.2479,3462430,25.9
2012-05-10,16.1216,16.3725,15.8707,16.0597,2006210,25.6
2012-05-11,15.9962,15.9962,15.4943,15.4951,1860300,24.7
2012-05-14,15.3689,15.4943,15.0552,15.1814,965910,24.2
2012-05-15,15.0552,15.6825,15.0552,15.4324,1825740,24.6
2012-05-16,15.6825,16.0589,15.6825,15.9342,1815150,25.4
2012-05-17,15.9334,15.9334,15.4943,15.4951,2252720,24.7
2012-05-18,15.4316,15.6198,15.1807,15.4324,1255970,24.6
2012-05-21,15.4316,15.6825,15.4316,15.6833,525690,25
2012-05-22,15.6825,16.0589,15.557,15.8088,1048640,25.2
2012-05-23,15.808,15.9334,15.6825,15.6833,1511880,25
2012-05-24,15.4943,15.6825,15.4943,15.6206,1487350,24.9
2012-05-25,15.6198,15.9962,15.6198,15.997,1350330,25.5
2012-05-28,16.0589,16.1216,15.7452,15.746,556670,25.1
2012-05-29,15.6198,15.8707,15.557,15.8088,1447240,25.2
2012-05-30,15.9962,16.0589,15.8707,15.9342,1439460,25.4
2012-05-31,15.7452,15.9962,15.7452,15.8715,725910,25.3
2012-06-01,15.7452,15.9334,15.7452,15.9342,836290,25.4
2012-06-04,15.7452,15.8707,15.4943,15.6206,1320730,24.9
2012-06-05,15.6198,15.808,15.6198,15.746,1873420,25.1
2012-06-06,15.7452,15.8707,15.7452,15.8088,361550,25.2
2012-06-07,15.808,15.8707,15.6825,15.6833,1274000,25
2012-06-08,15.7452,15.808,15.6198,15.6833,1590650,25
2012-06-11,15.557,15.6825,15.4943,15.4951,2765690,24.7
2012-06-12,15.4943,15.557,15.3689,15.3696,2636620,24.5
2012-06-13,15.3061,15.3689,14.6161,14.6168,4705830,23.3
2012-06-14,13.9261,14.2397,13.9261,13.9895,5402120,22.3
2012-06-15,14.0515,14.5534,13.487,13.4876,12592910,21.5
2012-06-18,13.9888,14.0515,13.7379,14.0522,2800660,22.4
2012-06-19,14.0515,14.2397,13.9888,14.115,555340,22.5
2012-06-20,14.1143,14.5534,14.0515,14.3032,2496770,22.8
2012-06-21,14.177,14.2397,13.9888,13.9895,3258460,22.3
2012-06-22,13.9888,14.0515,13.8633,14.0522,2333460,22.4
2012-06-25,13.9261,14.1143,13.9261,14.0522,1431420,22.4
2012-06-26,13.7379,14.1143,13.7379,13.9895,2038970,22.3
2012-06-27,13.8633,13.9888,13.8006,13.9268,1305710,22.2
2012-06-28,13.9261,13.9888,13.8633,13.9268,1907730,22.2
2012-06-29,13.9261,13.9888,13.8006,13.9268,979910,22.2
2012-07-02,13.8006,13.9261,13.8006,13.8013,1965490,22
2012-07-03,13.8006,13.8633,13.8006,13.8013,1884560,22
2012-07-04,13.8006,13.9261,13.8006,13.9268,1669780,22.2
2012-07-05,13.8633,13.9888,13.8633,13.9268,623350,22.2
2012-07-06,13.8633,13.9888,13.8633,13.9268,691330,22.2
2012-07-09,13.9261,13.9888,13.8633,13.9268,1079720,22.2
2012-07-10,13.8633,13.9888,13.8006,13.9895,863330,22.3
2012-07-11,13.8633,13.9888,13.8633,13.864,1252150,22.1
2012-07-12,13.8633,13.9261,13.8633,13.9268,1232320,22.2
2012-07-13,13.9261,13.9888,13.8633,13.9268,1116550,22.2
2012-07-16,13.9261,14.0515,13.9261,13.9895,665090,22.3
2012-07-17,13.9261,13.9888,13.9261,13.9895,561010,22.3
2012-07-18,13.9888,13.9888,13.9261,13.9895,508350,22.3
2012-07-19,13.9261,14.0515,13.9261,14.0522,894910,22.4
2012-07-20,14.0515,14.177,13.9888,14.0522,509150,22.4
2012-07-23,14.0515,14.2397,13.9888,14.1777,1183750,22.6
2012-07-24,14.1143,14.177,14.0515,14.1777,465050,22.6
2012-07-25,14.177,14.2397,14.0515,14.2404,552140,22.7
2012-07-26,14.2397,14.4279,14.2397,14.3659,587050,22.9
2012-07-27,14.4279,14.4279,14.3024,14.3659,364540,22.9
2012-07-30,14.1143,14.5534,14.1143,14.5541,4123100,23.2
2012-07-31,14.6161,14.6788,14.5534,14.6168,103280,23.3
2012-08-01,14.6161,14.6788,14.5534,14.5541,235640,23.2
2012-08-02,14.5534,14.6788,14.4906,14.6168,411910,23.3
2012-08-03,14.5534,14.6161,14.5534,14.5541,199980,23.2
2012-08-06,14.4279,14.5534,14.4279,14.4286,433790,23
2012-08-07,14.4279,14.4906,14.4279,14.4286,244760,23
2012-08-08,14.4279,14.4906,14.3652,14.4914,203320,23.1
2012-08-09,14.4279,14.4906,14.4279,14.4286,636450,23
2012-08-10,14.4279,14.4906,14.4279,14.4286,1034190,23
2012-08-13,14.3652,14.4279,14.3024,14.3032,88260,22.8
2012-08-14,14.177,14.3652,14.177,14.3032,217490,22.8
2012-08-15,14.3024,14.3652,14.3024,14.3659,283520,22.9
2012-08-16,14.3652,14.3652,14.3024,14.3032,127580,22.8
2012-08-17,14.3652,14.3652,14.2397,14.2404,244730,22.7
2012-08-20,14.2397,14.3652,14.2397,14.3032,330510,22.8
2012-08-21,13.6124,13.8006,13.6124,13.6131,218890,21.7
2012-08-22,12.9851,12.9851,12.9851,12.9858,127870,20.7
2012-08-23,12.3578,12.3578,12.3578,12.3584,2141970,19.7
2012-08-24,11.7932,12.6087,11.7932,12.6094,1342820,20.1
2012-08-27,12.0442,12.546,11.9814,12.5466,2787110,20
2012-08-28,12.2324,12.546,12.2324,12.5466,862300,20
2012-08-29,12.546,12.546,12.2951,12.2957,421360,19.6
2012-08-30,12.1696,12.6087,12.1696,12.5466,576860,20
2012-08-31,12.546,12.546,12.4205,12.5466,843420,20
2012-09-04,12.546,12.6087,12.4833,12.5466,193830,20
2012-09-05,12.4205,12.6087,12.4205,12.5466,179660,20
2012-09-06,12.546,12.546,12.4833,12.5466,425940,20
2012-09-07,12.546,12.546,12.3578,12.5466,1174230,20
2012-09-10,12.4205,12.546,12.3578,12.5466,2905340,20
2012-09-11,12.3578,12.546,12.3578,12.5466,963070,20
2012-09-12,12.3578,12.546,12.3578,12.5466,785400,20
2012-09-13,12.546,12.546,12.3578,12.5466,954180,20
2012-09-14,12.546,12.546,12.4205,12.5466,336620,20
2012-09-17,12.8597,13.1733,12.6087,13.174,738000,21
2012-09-18,13.8006,13.8006,13.1733,13.4876,1408390,21.5
2012-09-19,12.9224,13.487,12.8597,12.9858,1086730,20.7
2012-09-20,12.9851,12.9851,12.3578,12.5466,3083820,20
2012-09-21,12.546,12.546,12.4833,12.5466,3460010,20
2012-09-24,12.546,12.546,12.3578,12.5466,468010,20
2012-09-25,12.3578,12.546,12.2951,12.5466,450820,20
2012-09-26,12.3578,12.546,12.3578,12.5466,140720,20
2012-09-27,12.546,12.546,12.3578,12.4839,466900,19.9
2012-09-28,12.3578,12.546,12.1696,12.5466,1430720,20
2012-10-01,12.4205,12.546,12.2951,12.5466,730420,20
2012-10-02,12.4205,12.546,12.3578,12.5466,188730,20
2012-10-03,12.4205,12.546,12.3578,12.5466,544470,20
2012-10-04,12.3578,12.546,12.3578,12.5466,1410620,20
2012-10-05,12.4205,12.546,12.3578,12.5466,922940,20
2012-10-08,12.3578,12.4833,12.3578,12.4839,770560,19.9
2012-10-09,12.4205,12.4833,12.3578,12.4839,685560,19.9
2012-10-10,12.4205,12.4833,12.3578,12.4839,765820,19.9
2012-10-11,12.3578,12.4833,12.3578,12.4839,711670,19.9
2012-10-12,12.3578,12.4205,12.2951,12.3584,697100,19.7
2012-10-15,12.1696,12.2951,12.0442,12.2957,1542100,19.6
2012-10-16,12.1069,12.546,12.1069,12.5466,2316680,20
2012-10-17,12.3578,12.546,12.3578,12.5466,1394480,20
2012-10-18,12.4205,12.546,12.3578,12.5466,1371330,20
2012-10-19,12.4205,12.546,12.3578,12.5466,1572960,20
2012-10-22,12.3578,12.4205,12.2951,12.2957,324840,19.6
2012-10-23,12.2951,12.3578,12.1696,12.233,532050,19.5
2012-10-24,12.1069,12.2324,12.1069,12.233,492380,19.5
2012-10-25,12.0442,12.2324,11.9814,12.233,626840,19.5
2012-10-26,12.0442,12.2324,12.0442,12.233,100860,19.5
2012-10-29,12.2324,12.2324,12.1069,12.233,177910,19.5
2012-10-30,12.1069,12.2324,12.1069,12.1075,53160,19.3
2012-10-31,12.0442,12.1696,11.9814,11.982,42720,19.1
2012-11-01,11.9814,12.1069,11.9187,12.1075,509910,19.3
2012-11-02,11.5423,11.9187,11.5423,11.7311,2103460,18.7
2012-11-05,11.2287,11.7305,11.2287,11.7311,1682050,18.7
2012-11-06,11.5423,11.7305,11.4796,11.7311,664270,18.7
2012-11-07,11.5423,11.6678,11.4796,11.6684,892270,18.6
2012-11-08,11.5423,11.6678,11.4796,11.6684,308620,18.6
2012-11-09,11.6678,11.6678,11.4169,11.6684,1133500,18.6
2012-11-12,11.4796,11.6051,11.4796,11.6056,470760,18.5
2012-11-13,11.4796,11.6051,11.4796,11.6056,411410,18.5
2012-11-14,11.4796,11.6051,11.4796,11.6056,297260,18.5
2012-11-15,11.6051,11.6051,11.4796,11.6056,308700,18.5
2012-11-16,11.4796,11.6051,11.4796,11.6056,98330,18.5
2012-11-19,11.4796,11.6051,11.3541,11.6056,1681920,18.5
2012-11-20,11.4796,11.6051,11.4169,11.5429,101710,18.4
2012-11-21,11.5423,11.5423,11.3541,11.5429,835750,18.4
2012-11-22,11.3541,11.4796,11.3541,11.4802,112540,18.3
2012-11-23,11.3541,11.4796,11.2914,11.4802,242420,18.3
2012-11-26,11.3541,11.5423,11.2914,11.5429,240990,18.4
2012-11-27,11.4169,11.5423,11.3541,11.5429,165680,18.4
2012-11-28,11.3541,11.5423,11.3541,11.5429,113450,18.4
2012-11-29,11.4169,11.5423,11.3541,11.5429,98220,18.4
2012-11-30,11.6051,11.6051,11.4169,11.5429,358040,18.4
2012-12-03,11.6051,11.6051,11.4169,11.6056,130600,18.5
2012-12-04,11.4796,11.6051,11.4169,11.6056,223170,18.5
2012-12-05,11.4796,11.6051,11.4796,11.6056,471540,18.5
2012-12-06,11.4796,11.6051,11.4796,11.6056,90030,18.5
2012-12-07,11.5423,11.6051,11.4796,11.6056,695570,18.5
2012-12-10,11.6051,11.6051,11.4796,11.6056,575150,18.5
2012-12-11,11.5423,11.6051,11.5423,11.6056,536420,18.5
2012-12-12,11.4796,11.7932,11.4796,11.6056,349310,18.5
2012-12-13,11.6051,11.7305,11.5423,11.6056,188340,18.5
2012-12-14,11.7305,11.9187,11.7305,11.9193,100100,19
2012-12-17,11.9187,12.4833,11.9187,12.4839,941080,19.9
2012-12-18,12.9224,12.9224,12.546,12.7976,716960,20.4
2012-12-19,12.7969,12.7969,12.6087,12.7976,1042570,20.4
2012-12-20,12.7969,12.8597,12.6715,12.7348,1229310,20.3
2012-12-21,12.4833,12.7969,12.3578,12.6094,2040470,20.1
2012-12-24,12.546,12.546,12.1696,12.1702,353810,19.4
2012-12-25,12.1696,12.1696,11.9187,11.9193,245200,19
2012-12-26,11.7305,11.9187,11.6051,11.9193,251860,19
2012-12-27,12.1696,12.4833,12.0442,12.2957,116110,19.6
2012-12-28,12.2951,12.546,12.2951,12.4839,179340,19.9
2013-01-02,12.4833,12.6087,12.2951,12.6094,252100,20.1
2013-01-03,12.6087,12.8597,12.4833,12.8603,260820,20.5
2013-01-04,12.8597,13.0478,12.6087,12.9858,271370,20.7
2013-01-07,12.9851,13.487,12.6715,13.4876,825340,21.5
2013-01-08,13.487,13.7379,13.236,13.7386,531040,21.9
2013-01-09,13.7379,14.3024,13.5497,14.3032,787950,22.8
2013-01-10,14.3024,14.5534,14.0515,14.4914,507330,23.1
2013-01-11,14.4906,14.4906,14.3024,14.3032,272820,22.8
2013-01-14,14.1143,14.1143,13.9261,14.0522,423090,22.4
2013-01-15,13.8006,13.9888,13.8006,13.9895,679570,22.3
2013-01-16,13.8633,13.9888,13.8006,13.9895,478090,22.3
2013-01-17,13.8006,13.9888,13.8006,13.8013,140520,22
2013-01-18,13.8006,14.1143,13.6751,14.115,180850,22.5
2013-01-21,13.8006,13.9888,13.8006,13.9268,121360,22.2
2013-01-22,13.6124,13.8633,13.6124,13.8013,131750,22
2013-01-23,13.6751,13.8633,13.6751,13.8013,210140,22
2013-01-24,13.8006,13.8633,13.7379,13.8013,129270,22
2013-01-25,13.8006,13.9261,13.7379,13.9268,368970,22.2
2013-01-28,13.8633,14.4279,13.8633,14.3032,1033880,22.8
2013-01-29,14.0515,14.4279,14.0515,14.4286,1079090,23
2013-01-30,14.4279,14.4279,14.3024,14.3032,679320,22.8
2013-01-31,14.1143,14.3024,13.9888,14.3032,282870,22.8
2013-02-01,14.3024,14.3024,13.9261,14.3032,550710,22.8
2013-02-04,14.177,14.3024,14.177,14.2404,132860,22.7
2013-02-05,14.3024,14.3024,14.0515,14.2404,284470,22.7
2013-02-06,14.2397,14.3024,14.1143,14.2404,624050,22.7
2013-02-07,14.2397,14.3024,14.0515,14.0522,159560,22.4
2013-02-08,14.3652,14.3652,14.1143,14.1777,166030,22.6
2013-02-18,14.3024,14.3024,14.1143,14.115,40660,22.5
2013-02-19,13.9261,13.9888,13.7379,13.9895,582030,22.3
2013-02-20,13.6751,13.9261,13.6751,13.864,252830,22.1
2013-02-21,13.8006,13.8006,13.6124,13.6131,202880,21.7
2013-02-22,13.4242,13.6751,13.3615,13.5504,258070,21.6
2013-02-25,13.5497,13.5497,13.487,13.5504,161960,21.6
2013-02-26,13.4242,13.4242,13.236,13.2994,139870,21.2
2013-02-27,13.1733,13.1733,12.7969,13.174,215070,21
2013-02-28,12.8597,13.5497,12.8597,13.5504,166500,21.6
2013-03-01,13.8633,13.8633,13.6124,13.8013,246750,22
2013-03-04,13.3615,13.8006,12.8597,12.8603,403530,20.5
2013-03-05,12.7342,13.4242,12.7342,13.4249,165660,21.4
2013-03-06,12.9224,13.7379,12.8597,13.7386,158750,21.9
2013-03-07,13.7379,13.7379,13.0478,13.0485,193600,20.8
2013-03-08,13.1733,13.6751,12.9224,13.174,133090,21
2013-03-11,13.6751,13.7379,13.3615,13.7386,756980,21.9
2013-03-12,13.487,13.6751,13.487,13.6758,301850,21.8
2013-03-13,13.7379,13.8006,13.2988,13.2994,579250,21.2
2013-03-14,13.2988,13.7379,13.2988,13.7386,192160,21.9
2013-03-15,13.6751,13.9261,13.487,13.6758,1183570,21.8
2013-03-18,13.8006,13.8006,13.487,13.6758,88670,21.8
2013-03-19,13.5497,13.7379,13.5497,13.6758,134350,21.8
2013-03-20,13.6751,13.8006,13.5497,13.5504,183930,21.6
2013-03-21,13.6751,13.7379,13.487,13.7386,123170,21.9
2013-03-22,13.5497,13.6751,13.3615,13.3622,129650,21.3
2013-03-25,13.236,13.5497,13.236,13.5504,242910,21.6
2013-03-26,13.487,13.487,13.2988,13.2994,133560,21.2
2013-03-27,13.236,13.2988,13.0478,13.1112,79850,20.9
2013-03-28,13.0478,13.1106,12.9224,12.923,83930,20.6
2013-03-29,13.0478,13.0478,12.7969,12.9858,28830,20.7
2013-04-01,12.9851,13.6124,12.9851,13.6131,174750,21.7
2013-04-02,13.6124,13.6751,13.2988,13.6131,383330,21.7
2013-04-03,13.6751,13.6751,13.2988,13.2994,185550,21.2
2013-04-04,13.2988,13.487,12.9851,13.3622,131840,21.3
2013-04-05,13.487,13.6751,13.236,13.4249,195860,21.4
2013-04-08,13.236,13.7379,13.236,13.6758,128880,21.8
2013-04-09,13.4242,13.6751,13.3615,13.3622,126730,21.3
2013-04-10,13.2988,13.4242,12.6087,12.6094,397830,20.1
2013-04-11,12.6087,13.4242,12.6087,13.4249,443050,21.4
2013-04-12,13.4242,13.4242,12.9224,13.3622,333190,21.3
2013-04-15,13.3615,13.3615,12.9851,13.1112,51980,20.9
2013-04-16,12.7342,12.9224,12.7342,12.7976,236260,20.4
2013-04-17,13.0478,13.1106,12.6715,13.1112,420780,20.9
2013-04-18,13.1106,13.1106,12.6715,13.1112,433000,20.9
2013-04-22,12.7969,13.0478,12.7342,13.0485,292240,20.8
2013-04-23,12.7969,13.1733,12.7969,13.174,447650,21
2013-04-24,13.1733,13.236,13.1733,13.174,395920,21
2013-04-25,13.236,13.3615,13.1733,13.2994,141180,21.2
2013-04-26,13.4242,13.5497,13.2988,13.5504,414900,21.6
2013-05-02,13.3615,13.5497,13.3615,13.5504,156810,21.6
2013-05-03,13.3615,13.487,13.1733,13.4876,60420,21.5
2013-05-06,13.2988,13.6751,13.2988,13.6758,271510,21.8
2013-05-07,13.8006,13.8006,13.6124,13.6758,325570,21.8
2013-05-08,13.8006,13.8006,13.6751,13.7386,370820,21.9
2013-05-09,13.6751,13.8006,13.6751,13.7386,90640,21.9
2013-05-10,13.7379,13.8633,13.6751,13.8013,438510,22
2013-05-13,13.8006,13.8633,13.7379,13.864,182280,22.1
2013-05-14,13.8633,13.8633,13.7379,13.864,429970,22.1
2013-05-15,13.8633,13.8633,13.7379,13.7386,255090,21.9
2013-05-16,13.8006,13.8633,13.7379,13.7386,622300,21.9
2013-05-17,13.6124,13.8006,13.6124,13.6758,313910,21.8
2013-05-20,13.7501,14.1178,13.7501,14.0453,183610,19.1
2013-05-21,14.1178,14.1913,13.9707,13.9717,123050,19
2013-05-22,14.0442,14.1178,13.456,13.457,170960,18.3
2013-05-23,13.6031,13.6766,13.3825,13.3835,344110,18.2
2013-05-24,13.3825,13.456,12.9413,12.9423,486900,17.6
2013-05-27,12.9413,13.456,12.9413,13.0893,202500,17.8
2013-05-28,13.1619,13.2354,12.8678,12.9423,354600,17.6
2013-05-29,13.0148,13.0883,12.9413,12.9423,139600,17.6
2013-05-30,13.0883,13.0883,12.9413,13.0893,120800,17.8
2013-05-31,13.1619,13.1619,13.0148,13.0893,399120,17.8
2013-06-03,13.0883,13.0883,12.8678,12.9423,297630,17.6
2013-06-04,12.9413,13.0148,12.8678,12.8687,310660,17.5
2013-06-05,12.7207,12.8678,12.6472,12.7952,286370,17.4
2013-06-06,12.6472,12.7942,12.6472,12.7952,79200,17.4
2013-06-07,12.8678,12.8678,12.7207,12.8687,133210,17.5
2013-06-10,12.8678,12.9413,12.6472,12.6481,359620,17.2
2013-06-11,12.7207,12.7942,12.6472,12.7216,347730,17.3
2013-06-12,12.7207,12.7942,12.5001,12.501,581530,17
2013-06-13,12.5001,12.6472,12.353,12.5746,214010,17.1
2013-06-14,12.5736,12.5736,12.1325,12.4275,188160,16.9
2013-06-17,11.9119,12.5001,11.7648,12.501,882180,17
2013-06-18,12.4266,12.5001,11.8383,12.501,1115400,17
2013-06-19,12.353,12.5736,12.353,12.5746,979420,17.1
2013-06-20,12.4266,12.8678,12.353,12.8687,1792480,17.5
2013-06-21,12.8678,12.9413,12.7942,12.8687,4163720,17.5
2013-06-24,12.6472,12.8678,12.4266,12.8687,1182470,17.5
2013-06-25,12.5736,12.8678,12.4266,12.8687,1652410,17.5
2013-06-26,12.5001,12.8678,12.4266,12.8687,1895720,17.5
2013-06-27,12.8678,12.8678,12.5001,12.8687,706280,17.5
2013-06-28,12.7207,12.8678,12.7207,12.8687,281340,17.5
2013-07-01,12.7207,12.8678,12.7207,12.8687,362580,17.5
2013-07-02,12.8678,12.8678,12.7942,12.8687,128670,17.5
2013-07-03,12.8678,12.8678,12.7207,12.8687,232180,17.5
2013-07-04,12.8678,12.8678,12.7942,12.8687,209910,17.5
2013-07-05,12.8678,12.8678,12.7942,12.8687,119970,17.5
2013-07-08,12.7207,12.8678,12.7207,12.8687,156510,17.5
2013-07-09,12.7942,12.8678,12.7207,12.8687,117420,17.5
2013-07-10,12.8678,12.8678,12.5001,12.501,383260,17
2013-07-11,12.5001,12.6472,12.5001,12.6481,121750,17.2
2013-07-12,12.6472,12.7207,12.6472,12.6481,96710,17.2
2013-07-15,12.7207,12.7942,12.5736,12.5746,128170,17.1
2013-07-16,12.5736,12.6472,12.5001,12.5746,97250,17.1
2013-07-17,12.5736,12.6472,12.5001,12.501,357320,17
2013-07-18,12.5001,12.5001,12.4266,12.501,86990,17
2013-07-19,12.5001,12.5001,12.353,12.4275,106210,16.9
2013-07-22,12.353,12.5001,12.353,12.501,52890,17
2013-07-23,12.353,12.5001,12.2795,12.501,88480,17
2013-07-24,12.5001,12.5001,12.2795,12.501,490460,17
2013-07-25,12.2795,12.5001,12.2795,12.501,180570,17
2013-07-26,12.5001,12.5001,12.2795,12.501,422910,17
2013-07-29,12.353,12.5001,12.2795,12.501,280780,17
2013-07-30,12.353,12.5736,12.353,12.5746,421830,17.1
2013-07-31,12.353,12.5001,12.353,12.501,259220,17
2013-08-01,12.5001,12.5001,12.353,12.501,247020,17
2013-08-02,12.353,12.5001,12.353,12.501,143610,17
2013-08-05,12.4266,12.5001,12.353,12.501,103740,17
2013-08-06,12.353,12.4266,12.353,12.354,101840,16.8
2013-08-07,12.353,12.5001,12.2795,12.501,289080,17
2013-08-08,12.353,12.4266,12.353,12.4275,33090,16.9
2013-08-09,12.4266,12.4266,12.2795,12.4275,164530,16.9
2013-08-12,12.353,12.4266,12.2795,12.354,69080,16.8
2013-08-13,12.353,12.4266,12.206,12.4275,81000,16.9
2013-08-14,12.2795,12.4266,12.2795,12.4275,48940,16.9
2013-08-15,12.2795,12.4266,12.2795,12.4275,55220,16.9
2013-08-16,12.353,12.4266,12.2795,12.4275,225410,16.9
2013-08-19,12.4266,12.4266,12.2795,12.4275,550850,16.9
2013-08-20,12.2795,12.4266,12.206,12.4275,307270,16.9
2013-08-21,12.4266,12.4266,12.2795,12.4275,141610,16.9
2013-08-22,12.2795,12.4266,12.2795,12.4275,502330,16.9
2013-08-23,12.2795,12.5736,12.206,12.5746,1421600,17.1
2013-08-26,12.4266,12.4266,12.2795,12.4275,174640,16.9
2013-08-27,12.2795,12.4266,12.2795,12.4275,145510,16.9
2013-08-28,12.2795,12.353,12.206,12.354,380570,16.8
2013-08-29,12.206,12.4266,12.206,12.4275,964100,16.9
2013-08-30,12.206,12.4266,12.206,12.4275,251740,16.9
2013-09-03,12.2795,12.4266,12.2795,12.4275,350810,16.9
2013-09-04,12.2795,12.5001,12.2795,12.501,373440,17
2013-09-05,12.5736,12.5736,12.4266,12.501,106420,17
2013-09-06,12.5001,12.5736,12.4266,12.5746,152980,17.1
2013-09-09,12.5736,12.5736,12.4266,12.501,76190,17
2013-09-10,12.4266,12.5001,12.4266,12.501,334160,17
2013-09-11,12.5001,12.5001,12.353,12.501,90820,17
2013-09-12,12.4266,12.5001,12.4266,12.501,74740,17
2013-09-13,12.4266,12.5001,12.4266,12.501,162540,17
2013-09-16,12.7942,12.8678,12.6472,12.7952,436110,17.4
2013-09-17,12.8678,13.1619,12.8678,13.0893,312050,17.8
2013-09-18,12.9413,13.0148,12.8678,12.8687,91250,17.5
2013-09-19,12.7942,12.8678,12.5001,12.501,79160,17
2013-09-20,12.7942,13.3089,12.5001,13.3099,2383090,18.1
2013-09-23,12.9413,13.0883,12.8678,12.9423,77100,17.6
2013-09-24,12.8678,13.0148,12.8678,12.8687,75900,17.5
2013-09-25,12.9413,13.0883,12.8678,13.0893,143360,17.8
2013-09-26,12.9413,13.0148,12.8678,12.8687,31110,17.5
2013-09-27,12.7942,13.0148,12.7207,12.8687,62470,17.5
2013-09-30,12.8678,13.0148,12.7942,13.0158,238180,17.7
2013-10-01,13.0148,13.0148,12.7942,12.7952,95550,17.4
2013-10-02,12.7207,12.8678,12.7207,12.8687,77270,17.5
2013-10-03,12.7942,12.7942,12.6472,12.6481,149500,17.2
2013-10-04,12.8678,12.8678,12.6472,12.6481,28710,17.2
2013-10-07,12.6472,12.7942,12.6472,12.6481,62800,17.2
2013-10-08,12.6472,12.6472,12.5736,12.5746,190930,17.1
2013-10-09,12.5736,12.6472,12.5001,12.501,197470,17
2013-10-10,12.5001,12.5736,12.5001,12.501,107360,17
2013-10-11,12.5001,12.6472,12.5001,12.5746,80880,17.1
2013-10-14,12.5001,12.5736,12.5001,12.501,195520,17
2013-10-15,12.5001,12.5736,12.5001,12.501,31350,17
2013-10-16,12.5001,12.7942,12.5001,12.7952,157540,17.4
2013-10-17,12.7942,12.7942,12.5736,12.5746,50770,17.1
2013-10-18,12.5736,12.7207,12.5736,12.7216,127050,17.3
2013-10-21,12.8678,12.8678,12.6472,12.7216,163980,17.3
2013-10-22,12.5736,12.8678,12.5736,12.8687,190400,17.5
2013-10-23,12.8678,13.0148,12.7942,13.0158,277540,17.7
2013-10-24,12.8678,12.9413,12.7942,12.8687,166950,17.5
2013-10-25,12.9413,12.9413,12.7207,12.7216,108480,17.3
2013-10-28,12.7207,12.7942,12.5736,12.5746,146470,17.1
2013-10-29,12.5736,12.6472,12.5001,12.5746,213870,17.1
2013-10-30,12.6472,12.6472,12.5001,12.501,114570,17
2013-10-31,12.5001,12.5736,12.353,12.354,640650,16.8
2013-11-01,12.4266,12.5001,12.353,12.4275,167090,16.9
2013-11-04,12.5001,12.5001,12.353,12.354,86120,16.8
2013-11-05,12.353,12.5001,12.353,12.4275,41070,16.9
2013-11-06,12.4266,12.5736,12.4266,12.501,91260,17
2013-11-07,12.5001,12.5001,12.4266,12.4275,47330,16.9
2013-11-08,12.4266,12.5001,12.353,12.354,54480,16.8
2013-11-11,12.353,12.4266,12.353,12.4275,76400,16.9
2013-11-12,12.4266,12.4266,12.2795,12.2804,186840,16.7
2013-11-13,12.2795,12.353,12.206,12.2069,216090,16.6
2013-11-14,12.206,12.353,12.206,12.354,68210,16.8
2013-11-15,12.4266,12.5736,12.353,12.501,366100,17
2013-11-18,12.8678,12.8678,12.7207,12.7952,337560,17.4
2013-11-19,12.7942,12.8678,12.7207,12.7952,333560,17.4
2013-11-20,12.7942,13.0148,12.7942,13.0158,401220,17.7
2013-11-21,13.0148,13.0883,13.0148,13.0158,577710,17.7
2013-11-22,13.0148,13.0883,12.9413,13.0893,322940,17.8
2013-11-25,13.0883,13.1619,13.0148,13.0893,174060,17.8
2013-11-26,13.0883,13.1619,12.7207,12.7216,354360,17.3
2013-11-27,12.9413,13.0883,12.7942,12.7952,301280,17.4
2013-11-28,12.9413,13.3825,12.8678,13.3835,515520,18.2
2013-11-29,13.5379,13.6148,13.3072,13.3072,674920,17.3
2013-12-02,13.2285,13.3054,13.1516,13.2302,153330,17.2
2013-12-03,13.3054,13.3054,13.0747,13.2302,235290,17.2
2013-12-04,13.2302,13.2302,13.0764,13.0764,298670,17
2013-12-05,13.0764,13.1533,12.9226,12.9995,261400,16.9
2013-12-06,12.9226,13.0764,12.9226,12.9995,65710,16.9
2013-12-09,13.0764,13.3841,13.0764,13.3072,369410,17.3
2013-12-10,13.3054,13.3823,13.1516,13.1533,135720,17.1
2013-12-11,13.1533,13.1533,13.0764,13.0764,67390,17
2013-12-12,13.0747,13.2285,13.0747,13.2302,81950,17.2
2013-12-13,13.1533,13.2302,13.0764,13.0764,39080,17
2013-12-16,13.0764,13.2302,13.0764,13.0764,329410,17
2013-12-17,12.9995,13.1533,12.9995,13.0764,54950,17
2013-12-18,13.0764,13.1533,12.9995,13.0764,87930,17
2013-12-19,13.1533,13.1533,12.9995,12.9995,155960,16.9
2013-12-20,12.9995,13.0764,12.9226,12.9995,780690,16.9
2013-12-23,12.9978,13.1516,12.9978,13.1533,121840,17.1
2013-12-24,13.1533,13.1533,12.9226,12.9995,104260,16.9
2013-12-25,13.0764,13.0764,12.9226,12.9995,74180,16.9
2013-12-26,12.9226,12.9995,12.9226,12.9995,38090,16.9
2013-12-27,12.9995,13.0764,12.9226,13.0764,55000,17
2013-12-30,13.0747,13.1516,12.9209,13.1533,324950,17.1
2013-12-31,12.9978,13.2285,12.9978,13.2302,110490,17.2
2014-01-02,13.1516,13.1516,13.0747,13.1533,26260,17.1
2014-01-03,13.1516,13.2285,13.1516,13.2302,110190,17.2
2014-01-06,13.1516,13.2285,13.1516,13.2302,54460,17.2
2014-01-07,13.3072,13.3841,13.2302,13.3072,138540,17.3
2014-01-08,13.3841,13.461,13.3072,13.461,336750,17.5
2014-01-09,13.1533,13.461,13.1533,13.461,658750,17.5
2014-01-10,13.461,13.461,13.2302,13.3072,266940,17.3
2014-01-13,13.3072,13.3072,13.2302,13.3072,106790,17.3
2014-01-14,13.3072,13.3072,13.1533,13.3072,104540,17.3
2014-01-15,13.3072,13.3072,13.2302,13.3072,140950,17.3
2014-01-16,13.461,13.6918,13.2302,13.6918,615990,17.8
2014-01-17,13.8456,14.6148,13.8456,14.6148,2171960,19
2014-01-20,15.1532,15.6148,14.8456,15.6148,1305020,20.3
2014-01-21,15.9204,16.228,15.2282,16.2301,2113010,21.1
2014-01-22,16.1511,17.2278,16.0742,16.307,1449130,21.2
2014-01-23,16.307,16.384,15.9224,16.0763,698630,20.9
2014-01-24,16.0742,16.0742,15.5358,15.5378,457600,20.2
2014-01-27,15.384,15.384,15.2302,15.384,293380,20
2014-02-06,15.5378,16.2301,15.384,16.1532,525610,21
2014-02-07,16.1511,16.228,15.8435,15.8455,424860,20.6
2014-02-10,15.9224,15.9994,15.8455,15.9994,297140,20.8
2014-02-11,15.9994,16.0763,15.7686,15.7686,530060,20.5
2014-02-12,15.7666,15.8435,15.6127,15.8455,414100,20.6
2014-02-13,15.9994,15.9994,15.6917,15.7686,543360,20.5
2014-02-14,15.8435,15.8435,15.6896,15.8455,291880,20.6
2014-02-17,15.384,15.8455,15.3071,15.7686,879320,20.5
2014-02-18,15.8455,16.4609,15.7686,16.0763,785310,20.9
2014-02-19,16.1511,16.1511,15.9204,15.9224,531860,20.7
2014-02-20,15.8435,16.0742,15.6127,15.8455,933020,20.6
2014-02-21,15.6127,15.9204,15.6127,15.8455,439650,20.6
2014-02-24,15.9204,15.9204,15.6896,15.8455,288630,20.6
2014-02-25,15.7686,16.9224,15.6917,16.8455,2348620,21.9
2014-02-26,17.9224,17.9224,16.9993,17.1532,2595520,22.3
2014-02-27,17.2278,17.4586,16.6895,16.6916,1114800,21.7
2014-02-28,16.7686,16.8455,16.307,16.384,1247320,21.3
2014-03-03,16.228,16.3049,15.4589,15.5378,1918160,20.2
2014-03-04,15.384,15.4609,15.3071,15.384,1665950,20
2014-03-05,15.5378,15.6917,15.384,15.384,665420,20
2014-03-06,15.382,15.5358,15.3051,15.4609,1778190,20.1
2014-03-07,15.6917,16.2301,15.6148,15.9994,1436880,20.8
2014-03-10,15.9994,16.1532,15.9224,15.9994,978050,20.8
2014-03-11,15.9994,15.9994,15.7686,15.7686,1044960,20.5
2014-03-12,15.9994,15.9994,15.6148,15.6917,974910,20.4
2014-03-13,15.6148,15.7686,15.5378,15.7686,543220,20.5
2014-03-14,15.7686,15.8455,15.6148,15.6917,512570,20.4
2014-03-17,15.384,15.6148,15.2302,15.3071,1454630,19.9
2014-03-18,15.1513,15.3051,15.0744,15.1532,895650,19.7
2014-03-19,15.1532,15.4609,15.1532,15.384,1275710,20
2014-03-20,15.384,15.4609,15.3071,15.384,2318470,20
2014-03-21,15.4609,16.1532,15.384,15.384,8039170,20
2014-03-24,16.1532,16.1532,15.9224,16.0763,1352520,20.9
2014-03-25,16.1511,16.4587,16.0742,16.2301,2108100,21.1
2014-03-26,16.3049,16.3049,15.4589,15.4609,1400290,20.1
2014-03-27,15.5378,15.6148,15.384,15.6148,871080,20.3
2014-03-28,15.6148,15.6148,15.384,15.6148,1278110,20.3
2014-03-31,15.4609,15.6148,15.3071,15.3071,792940,19.9
2014-04-01,15.2282,15.3051,14.9975,15.0763,837140,19.6
2014-04-02,15.0744,15.1513,14.8436,15.0763,1294040,19.6
2014-04-03,14.9975,15.3051,14.9975,15.1532,211510,19.7
2014-04-04,15.1513,15.2282,14.9205,15.1532,569430,19.7
2014-04-07,15.0763,15.0763,14.9994,14.9994,194070,19.5
2014-04-08,14.9994,14.9994,14.9225,14.9225,536420,19.4
2014-04-10,14.9205,15.1513,14.9205,15.1532,377270,19.7
2014-04-11,14.9225,15.0763,14.9225,14.9225,516850,19.4
2014-04-14,14.9225,15.1532,14.9225,14.9225,283600,19.4
2014-04-15,14.9994,14.9994,14.8456,14.9225,409120,19.4
2014-04-16,14.6917,14.9225,14.6148,14.6148,468440,19
2014-04-17,14.9225,14.9225,14.6917,14.9225,403500,19.4
2014-04-18,14.9205,14.9205,14.6898,14.6917,582980,19.1
2014-04-21,14.6917,14.9225,14.6917,14.8456,549450,19.3
2014-04-22,14.9225,14.9994,14.8456,14.9994,506270,19.5
2014-04-23,14.9975,15.6127,14.9975,15.5378,671730,20.2
2014-04-24,15.5358,15.6896,15.4589,15.4609,352990,20.1
2014-04-25,15.5358,15.5358,15.2282,15.4609,544790,20.1
2014-04-28,15.3071,15.4609,14.9225,14.9225,319410,19.4
2014-04-29,14.8436,15.1513,14.8436,15.1532,183220,19.7
2014-05-05,15.0763,15.0763,14.8456,14.9225,436780,19.4
2014-05-06,14.6898,14.9205,14.6898,14.7686,476500,19.2
2014-05-07,14.6917,14.9994,14.6917,14.9225,223950,19.4
2014-05-08,14.7686,14.7686,14.3071,14.5379,1904210,18.9
2014-05-09,14.461,14.9225,14.461,14.6148,440930,19
2014-05-12,14.3071,14.5379,14.1533,14.2302,669530,18.5
2014-05-13,13.9994,14.3071,13.9994,14.2302,418680,18.5
2014-05-14,14.2284,14.7667,14.1514,14.7686,678540,19.2
2014-05-15,14.7686,14.8456,13.7687,14.6148,577880,19
2014-05-16,14.0745,14.1514,13.8438,13.9994,2603880,18.2
2014-05-19,13.8438,13.9976,13.8438,13.9994,1087530,18.2
2014-05-20,13.9207,14.0745,13.9207,13.9994,1059990,18.2
2014-05-21,13.9994,14.1533,13.9225,14.1533,849990,18.4
2014-05-22,14.0764,14.1533,13.9994,14.0764,422050,18.3
2014-05-23,13.9994,14.0764,13.9225,14.0764,513190,18.3
2014-05-26,14.0764,14.0764,13.9225,14.0764,659440,18.3
2014-05-27,14.0764,14.5379,13.9994,14.461,2031820,18.8
2014-05-28,14.461,15.384,14.461,15.384,4325310,20
2014-05-29,15.384,15.9994,15.384,15.6917,3771790,20.4
2014-05-30,15.7686,15.9224,15.5378,15.7686,3295810,20.5
2014-06-02,15.384,15.6148,15.1532,15.3071,1597590,19.9
2014-06-03,15.3071,15.7686,15.2302,15.6148,1673430,20.3
2014-06-04,15.6917,15.6917,15.3071,15.6148,1018450,20.3
2014-06-05,15.4589,15.6127,15.382,15.5378,671010,20.2
2014-06-06,15.6148,15.6917,15.4609,15.6148,1184220,20.3
2014-06-09,15.4589,15.5358,15.2282,15.5378,1847160,20.2
2014-06-10,15.5358,15.5358,15.382,15.5378,1097320,20.2
2014-06-11,15.5378,15.9994,15.4609,15.9994,3338290,20.8
2014-06-12,15.9973,16.1511,15.7666,15.9224,1550960,20.7
2014-06-13,15.9204,15.9973,15.7666,15.8455,781130,20.6
2014-06-16,16.307,16.5378,16.0763,16.1532,4916710,21
2014-06-17,16.2301,16.307,16.1532,16.1532,3014630,21
2014-06-18,15.9994,16.2301,15.9994,16.1532,4190580,21
2014-06-19,15.9994,16.2301,15.6917,16.1532,4196970,21
2014-06-20,16.1532,16.5378,15.9994,16.5378,23664070,21.5
2014-06-23,16.1511,16.1511,15.8435,15.8455,437680,20.6
2014-06-24,15.7666,15.9973,15.6127,15.8455,762880,20.6
2014-06-25,15.7666,15.9204,15.7666,15.8455,675160,20.6
2014-06-26,15.8435,15.9204,15.7666,15.9224,532960,20.7
2014-06-27,15.8435,15.9973,15.8435,15.8455,441210,20.6
2014-06-30,15.9204,15.9204,15.8435,15.8455,487780,20.6
2014-07-01,15.7686,15.8455,15.6917,15.7686,433790,20.5
2014-07-02,15.6917,15.7686,15.6148,15.6148,362440,20.3
2014-07-03,15.6148,15.7686,15.5378,15.6917,524650,20.4
2014-07-04,15.7686,15.7686,15.6148,15.6917,333980,20.4
2014-07-07,15.7686,15.8455,15.6917,15.7686,568250,20.5
2014-07-08,15.6148,15.7686,15.6148,15.6917,240380,20.4
2014-07-09,15.6917,15.6917,15.6148,15.6148,169390,20.3
2014-07-10,15.6127,15.6127,15.4589,15.5378,399550,20.2
2014-07-11,15.5358,15.5358,15.382,15.4609,296980,20.1
2014-07-14,15.4609,15.6148,15.4609,15.6148,219510,20.3
2014-07-15,15.6148,15.6917,15.5378,15.6148,295840,20.3
2014-07-16,15.5378,15.6917,15.5378,15.6148,650640,20.3
2014-07-17,15.6127,15.6127,15.5358,15.5378,243750,20.2
2014-07-18,15.5378,15.7686,15.5378,15.6917,817230,20.4
2014-07-21,15.6917,15.7686,15.6148,15.6148,232130,20.3
2014-07-22,15.6896,15.6896,15.5358,15.5378,78830,20.2
2014-07-23,15.5358,15.5358,15.4589,15.4609,168300,20.1
2014-07-24,15.4609,15.6148,15.4609,15.6148,442210,20.3
2014-07-25,15.6127,15.6127,15.4589,15.4609,297870,20.1
2014-07-28,15.4609,15.4609,15.1532,15.384,215720,20
2014-07-29,15.1532,15.384,15.0763,15.3071,365280,19.9
2014-07-30,15.1513,15.2282,15.0744,15.0763,138730,19.6
2014-07-31,14.9975,15.1513,14.9975,15.1532,173240,19.7
2014-08-01,15.1513,15.1513,14.9205,15.0763,161370,19.6
2014-08-04,14.8456,14.9994,14.7686,14.9994,80550,19.5
2014-08-05,14.9225,14.9994,14.8456,14.9994,567220,19.5
2014-08-06,14.9994,15.0763,14.9225,14.9994,207280,19.5
2014-08-07,14.8456,14.9994,14.7686,14.9994,312540,19.5
2014-08-08,14.9994,14.9994,14.6917,14.8456,228740,19.3
2014-08-11,14.6898,14.7667,14.6129,14.6917,451490,19.1
2014-08-12,14.6148,14.7686,14.5379,14.5379,274830,18.9
2014-08-13,14.536,14.6898,14.536,14.6917,113660,19.1
2014-08-14,14.6917,14.9225,14.6148,14.9225,517290,19.4
2014-08-15,14.9205,14.9205,14.6898,14.7686,41970,19.2
2014-08-18,14.6898,14.7667,14.6129,14.7686,122690,19.2
2014-08-19,14.7667,14.9205,14.6898,14.7686,158050,19.2
2014-08-20,14.6129,14.7667,14.6129,14.6917,58890,19.1
2014-08-21,14.6898,14.7667,14.6129,14.6917,175400,19.1
2014-08-22,14.6917,14.7686,14.6148,14.6148,283400,19
2014-08-25,14.8436,14.8436,14.6129,14.7686,294210,19.2
2014-08-26,14.6917,14.6917,14.384,14.5379,603760,18.9
2014-08-27,14.5379,14.6148,14.461,14.461,243640,18.8
2014-08-28,14.461,14.6148,14.461,14.6148,147500,19
2014-08-29,14.6917,14.9225,14.6917,14.9225,668950,19.4
2014-09-03,14.9994,15.1532,14.9225,14.9994,406360,19.5
2014-09-04,14.8456,15.0763,14.8456,14.9994,285280,19.5
2014-09-05,14.9975,15.1513,14.9205,15.0763,535950,19.6
2014-09-08,15.0744,15.1513,14.9975,15.1532,491890,19.7
2014-09-09,15.1513,15.2282,14.9975,15.0763,574430,19.6
2014-09-10,14.9994,15.6148,14.9225,15.384,588890,20
2014-09-11,15.3071,15.384,15.1532,15.2302,270330,19.8
2014-09-12,15.2282,15.2282,14.9975,15.1532,348410,19.7
2014-09-15,15.0763,15.1532,14.9994,14.9994,184250,19.5
2014-09-16,14.9205,14.9205,14.6898,14.7686,218980,19.2
2014-09-17,14.7686,14.7686,14.6148,14.6148,262560,19
2014-09-18,14.6129,14.7667,14.536,14.6917,224590,19.1
2014-09-19,14.6917,14.6917,13.8456,14.2302,3753890,18.5
2014-09-22,14.3822,14.4591,14.3053,14.3071,197140,18.6
2014-09-23,14.3053,14.8436,14.3053,14.7686,727590,19.2
2014-09-24,14.536,14.6129,14.3822,14.384,1233530,18.7
2014-09-25,14.384,14.5379,14.3071,14.461,141050,18.8
2014-09-26,14.4591,14.536,14.3822,14.384,64080,18.7
2014-09-29,14.384,14.6917,14.3071,14.6148,368880,19
2014-09-30,14.6129,14.7667,14.536,14.6917,1281360,19.1
2014-10-01,14.6898,14.7667,14.6129,14.6917,401870,19.1
2014-10-02,14.6129,14.6898,14.536,14.6917,314250,19.1
2014-10-03,14.6148,14.6148,14.461,14.461,450720,18.8
2014-10-06,14.4591,14.6898,14.3822,14.6917,365740,19.1
2014-10-07,14.6148,14.6917,14.461,14.6148,184300,19
2014-10-08,14.461,14.6148,14.461,14.461,86170,18.8
2014-10-09,14.461,14.6148,14.461,14.6148,246220,19
2014-10-10,14.5379,14.6917,14.461,14.461,127480,18.8
2014-10-13,14.4591,14.6129,14.2284,14.3071,162900,18.6
2014-10-14,14.3053,14.3822,13.9976,13.9994,241550,18.2
2014-10-15,14.2302,14.5379,14.0764,14.5379,470800,18.9
2014-10-16,14.536,14.536,13.9976,14.3071,730500,18.6
2014-10-17,14.2302,14.3071,13.9994,14.0764,513110,18.3
2014-10-20,14.0764,14.2302,14.0764,14.1533,544120,18.4
2014-10-21,14.1533,14.1533,13.9994,14.0764,621430,18.3
2014-10-22,13.9994,14.1533,13.9994,14.0764,224860,18.3
2014-10-23,14.0745,14.0745,13.9207,13.9994,374700,18.2
2014-10-24,13.9976,14.0745,13.9207,13.9994,116900,18.2
2014-10-27,13.9994,13.9994,13.7687,13.8456,381160,18
2014-10-28,13.7687,14.0764,13.7687,14.0764,353590,18.3
2014-10-29,13.9225,14.2302,13.9225,14.2302,251270,18.5
2014-10-30,14.2284,14.3053,14.0745,14.3071,251110,18.6
2014-10-31,14.3053,14.6898,14.1514,14.6917,972270,19.1
2014-11-03,15.0744,15.0744,14.6129,14.6917,306000,19.1
2014-11-04,14.5379,14.7686,14.5379,14.5379,237030,18.9
2014-11-05,14.384,14.6148,14.384,14.461,197670,18.8
2014-11-06,14.461,14.6148,14.461,14.5379,149160,18.9
2014-11-07,14.6148,14.6148,14.461,14.5379,169450,18.9
2014-11-10,14.6129,14.7667,14.4591,14.7686,316260,19.2
2014-11-11,14.536,14.8436,14.536,14.6917,406370,19.1
2014-11-12,14.7667,14.8436,14.6898,14.6917,297280,19.1
2014-11-13,14.6148,14.6917,14.461,14.461,113780,18.8
2014-11-14,14.4591,14.6898,14.3822,14.6917,190980,19.1
2014-11-17,14.8456,14.8456,14.5379,14.5379,131480,18.9
2014-11-18,14.461,14.5379,14.2302,14.2302,254810,18.5
2014-11-19,14.1514,14.3822,14.1514,14.3071,41950,18.6
2014-11-20,14.3053,14.7667,14.3053,14.6917,319200,19.1
2014-11-21,14.6148,14.7686,14.6148,14.6148,555990,19
2014-11-24,14.6129,14.6129,14.3822,14.384,111070,18.7
2014-11-25,14.6148,14.6148,14.384,14.461,299160,18.8
2014-11-26,14.4591,14.536,14.3822,14.384,720180,18.7
2014-11-27,14.3053,14.3822,14.2284,14.3071,70630,18.6
2014-11-28,14.536,14.536,14.2284,14.3071,78850,18.6
2014-12-01,14.384,14.461,14.1533,14.461,120360,18.8
2014-12-02,14.3071,14.384,14.2302,14.2302,71760,18.5
2014-12-03,14.2302,14.384,14.2302,14.2302,72270,18.5
2014-12-04,14.2284,14.536,13.9976,14.3071,213750,18.6
2014-12-05,14.536,14.536,14.3053,14.3071,168870,18.6
2014-12-08,14.3071,14.384,14.2302,14.2302,164790,18.5
2014-12-09,14.1514,14.2284,13.9976,13.9994,351570,18.2
2014-12-10,13.9207,13.9976,13.8438,13.9994,173280,18.2
2014-12-11,13.8456,14.2302,13.6918,13.6918,512100,17.8
2014-12-12,13.9207,13.9976,13.8438,13.9994,25390,18.2
2014-12-15,13.9994,14.0764,13.8456,13.8456,137620,18
2014-12-16,13.7669,13.8438,13.5362,13.6148,230210,17.7
2014-12-17,13.6131,13.69,12.6902,12.8456,917710,16.7
2014-12-18,12.7687,12.8456,12.2303,12.3072,2906040,16
2014-12-19,12.3072,12.3841,11.9226,12.2303,28898080,15.9
2014-12-22,12.8456,13.0764,12.8456,13.0764,274960,17
2014-12-23,13.3072,13.461,13.0764,13.461,1486810,17.5
2014-12-24,13.1533,13.461,12.9995,13.461,2671070,17.5
2014-12-25,13.461,13.461,13.2302,13.3841,886790,17.4
2014-12-26,13.3072,13.461,13.1533,13.461,1188050,17.5
2014-12-29,13.461,13.461,13.2302,13.3841,825120,17.4
2014-12-30,13.3841,13.8456,13.2302,13.8456,1359780,18
2014-12-31,13.7687,13.8456,13.6918,13.8456,1493770,18
2015-01-05,13.3841,13.6918,13.3841,13.461,314670,17.5
2015-01-06,13.3072,13.9225,13.3072,13.6918,434600,17.8
2015-01-07,13.7687,13.9225,13.6148,13.7687,626340,17.9
2015-01-08,13.69,14.0745,13.69,13.9225,975360,18.1
2015-01-09,13.9225,14.384,13.9225,14.2302,1506260,18.5
2015-01-12,14.2302,14.7686,14.0764,14.6148,1686990,19
2015-01-13,14.461,14.8456,14.384,14.461,793700,18.8
2015-01-14,14.384,14.5379,14.1533,14.2302,749810,18.5
2015-01-15,14.2302,14.2302,13.9994,14.2302,548280,18.5
2015-01-16,14.2302,14.461,14.0764,14.1533,555790,18.4
2015-01-19,14.3053,14.4591,14.2284,14.3071,635810,18.6
2015-01-20,14.2302,14.384,14.0764,14.0764,175320,18.3
2015-01-21,14.3071,14.384,14.1533,14.2302,442790,18.5
2015-01-22,14.2302,14.5379,14.1533,14.461,685280,18.8
2015-01-23,14.461,14.6148,14.384,14.461,1058110,18.8
2015-01-26,14.4591,14.4591,14.2284,14.3071,376050,18.6
2015-01-27,14.2302,14.461,13.9994,14.0764,801620,18.3
2015-01-28,14.0764,14.9994,13.9225,14.9225,2809230,19.4
2015-01-29,14.9975,15.2282,14.6898,14.7686,1384980,19.2
2015-01-30,14.5379,14.7686,14.461,14.6148,1050090,19
2015-02-02,14.384,14.461,14.0764,14.1533,930440,18.4
2015-02-03,14.1514,14.1514,13.2285,13.2302,1856520,17.2
2015-02-04,13.2302,13.7687,12.9226,13.7687,1302470,17.9
2015-02-05,13.5379,13.9225,13.5379,13.7687,322600,17.9
2015-02-06,13.5379,13.8456,13.5379,13.8456,120340,18
2015-02-09,13.6918,14.0764,13.6918,13.7687,605210,17.9
2015-02-10,13.8456,13.9994,13.8456,13.8456,386830,18
2015-02-11,13.8438,14.3053,13.8438,14.3071,836640,18.6
2015-02-12,14.3071,14.6148,14.2302,14.461,1103890,18.8
2015-02-13,14.4591,14.8436,14.4591,14.6917,1631000,19.1
2015-02-24,14.6898,14.7667,14.6129,14.7686,519760,19.2
2015-02-25,14.7686,15.384,14.7686,14.8456,1833670,19.3
2015-02-26,14.8436,15.1513,14.8436,15.0763,804100,19.6
2015-02-27,15.1532,15.2302,14.9225,14.9225,1340740,19.4
2015-03-02,14.9994,14.9994,14.7686,14.9225,1516340,19.4
2015-03-03,14.9994,15.0763,14.9225,14.9225,1276070,19.4
2015-03-04,14.9225,14.9994,14.9225,14.9994,1028060,19.5
2015-03-05,14.9994,14.9994,14.7686,14.8456,909260,19.3
2015-03-06,14.8436,15.3051,14.8436,15.0763,2361260,19.6
2015-03-09,15.2302,15.6917,15.1532,15.384,2868260,20
2015-03-10,15.4609,15.4609,15.2302,15.2302,938580,19.8
2015-03-11,15.6148,15.9224,15.4609,15.6917,3845820,20.4
2015-03-12,15.6917,15.6917,15.4609,15.6917,1533920,20.4
2015-03-13,15.6917,15.7686,15.384,15.384,1940550,20
2015-03-16,15.2302,15.2302,14.7686,14.9225,1594330,19.4
2015-03-17,14.7686,14.9994,14.7686,14.9225,716230,19.4
2015-03-18,14.9205,14.9205,14.7667,14.7686,730260,19.2
2015-03-19,14.9225,14.7686,14.461,14.6148,3871540,19
2015-03-20,14.7667,14.9975,14.6129,14.7686,4086940,19.2
2015-03-23,14.6129,15.0744,14.6129,14.7686,1899040,19.2
2015-03-24,14.6917,14.6917,14.461,14.6148,1334440,19
2015-03-25,14.6129,14.8436,14.536,14.6917,1786440,19.1
2015-03-26,14.6898,14.8436,14.6129,14.6917,1330240,19.1
2015-03-27,14.6898,14.7667,14.2284,14.6917,2053990,19.1
2015-03-30,14.4591,14.6129,14.3822,14.384,1177220,18.7
2015-03-31,14.4591,14.536,14.3822,14.384,820630,18.7
2015-04-01,14.3822,14.3822,14.1514,14.384,1706860,18.7
2015-04-02,14.3822,14.536,14.1514,14.384,676800,18.7
2015-04-03,14.461,14.461,14.2302,14.461,783480,18.8
2015-04-06,14.6129,14.6129,14.3053,14.3071,504220,18.6
2015-04-07,14.3071,14.384,14.0764,14.2302,1049690,18.5
2015-04-08,14.3071,14.461,14.2302,14.2302,1082000,18.5
2015-04-09,14.2284,14.4591,14.2284,14.3071,575480,18.6
2015-04-10,14.3822,14.536,14.2284,14.384,1085720,18.7
2015-04-13,14.384,14.5379,14.2302,14.2302,511490,18.5
2015-04-14,14.384,14.461,14.1533,14.2302,590830,18.5
2015-04-15,14.2302,14.2302,14.0764,14.0764,1216740,18.3
2015-04-16,14.0764,14.2302,13.9994,14.1533,1386090,18.4
2015-04-17,14.1514,14.2284,13.9207,13.9994,1463320,18.2
2015-04-20,13.9225,13.9994,13.7687,13.7687,776190,17.9
2015-04-21,13.6148,13.8456,13.6148,13.6918,993270,17.8
2015-04-22,13.6918,13.6918,13.3841,13.3841,956280,17.4
2015-04-23,13.3841,13.3841,13.0764,13.0764,1121440,17
2015-04-24,13.0747,13.6131,13.0747,13.5379,1129840,17.6
2015-04-27,13.7687,13.7687,13.6148,13.7687,506850,17.9
2015-05-04,13.7669,13.7669,13.1516,13.1533,920220,17.1
2015-05-05,13.1533,13.461,13.0764,13.461,752180,17.5
2015-05-06,13.5362,13.5362,13.0747,13.1533,355170,17.1
2015-05-07,13.0747,13.3054,13.0747,13.1533,238640,17.1
2015-05-08,13.1516,13.3823,13.1516,13.1533,506770,17.1
2015-05-11,13.1516,13.3823,13.1516,13.1533,429710,17.1
2015-05-12,13.1533,13.2302,12.9995,13.0764,518410,17
2015-05-13,13.0764,13.1533,12.9226,12.9226,392480,16.8
2015-05-14,12.9209,12.9209,12.6902,12.8456,491240,16.7
2015-05-15,12.6918,12.8456,12.6149,12.6149,452020,16.4
2015-05-18,12.6149,12.6149,12.0764,12.6149,914850,16.4
2015-05-19,12.6918,12.8456,12.6149,12.6149,461450,16.4
2015-05-20,12.6918,12.9226,12.6149,12.9226,425750,16.8
2015-05-21,12.9226,13.1533,12.8456,13.0764,629000,17
2015-05-22,13.0747,13.6131,13.0747,13.6148,1605430,17.7
2015-05-25,13.461,13.7687,13.461,13.7687,566070,17.9
2015-05-26,13.7669,14.0745,13.7669,13.9994,1413910,18.2
2015-05-27,13.8438,13.9976,13.7669,13.9225,1175700,18.1
2015-05-28,13.9207,14.536,13.8438,14.3071,2809890,18.6
2015-05-29,14.3053,14.4591,13.8438,13.9225,2862300,18.1
2015-06-01,13.69,14.4591,13.69,14.3071,2292960,18.6
2015-06-02,14.1514,14.3822,13.8438,13.9225,1283900,18.1
2015-06-03,13.8438,13.9976,13.7669,13.9225,746060,18.1
2015-06-04,13.8456,14.0764,13.8456,13.8456,517910,18
2015-06-05,13.8456,14.1533,13.7687,14.1533,1254230,18.4
2015-06-08,14.6148,14.6148,14.1533,14.1533,2006870,18.4
2015-06-09,14.0745,14.2284,13.7669,13.9225,1323290,18.1
2015-06-10,13.9207,13.9207,13.7669,13.9225,631740,18.1
2015-06-11,13.9976,14.1514,13.8438,13.9994,931620,18.2
2015-06-12,14.0764,14.1533,13.9225,14.1533,1097960,18.4
2015-06-15,14.2302,14.384,14.1533,14.2302,1998180,18.5
2015-06-16,14.3071,14.384,14.2302,14.2302,1428600,18.5
2015-06-17,14.2302,14.2302,14.0764,14.2302,558020,18.5
2015-06-18,14.0764,14.2302,14.0764,14.2302,643190,18.5
2015-06-19,14.2302,14.6148,14.1533,14.6148,24390100,19
2015-06-22,14.6148,14.6917,14.461,14.5379,4228770,18.9
2015-06-23,14.536,14.536,14.3822,14.384,824670,18.7
2015-06-24,14.384,14.384,14.1533,14.1533,1809740,18.4
2015-06-25,14.3071,14.3071,14.1533,14.1533,126860,18.4
2015-06-26,14.1514,14.1514,13.9207,13.9225,402820,18.1
2015-06-29,13.8438,14.3822,13.8438,14.3071,1579520,18.6
2015-06-30,14.0745,14.536,14.0745,14.3071,1959700,18.6
2015-07-01,14.536,14.536,14.2284,14.384,433330,18.7
2015-07-02,14.384,14.6148,14.3071,14.5379,1466780,18.9
2015-07-03,14.6148,14.6148,14.461,14.5379,844680,18.9
2015-07-06,14.6148,14.6148,14.461,14.6148,1116430,19
2015-07-07,14.5379,14.9994,14.384,14.9994,1735960,19.5
2015-07-08,15.0763,15.384,14.7686,15.3071,1630390,19.9
2015-07-09,14.9225,15.3071,14.9225,15.2302,739750,19.8
2015-07-10,15.3051,15.3051,15.0744,15.1532,400890,19.7
2015-07-13,15.1532,15.1532,14.6148,14.6148,973750,19
2015-07-14,14.6148,15.1532,14.6148,14.9994,1238860,19.5
2015-07-15,14.6898,14.9975,14.6898,14.6917,197820,19.1
2015-07-16,14.6917,14.9994,14.6148,14.9225,606800,19.4
2015-07-17,14.9205,14.9205,14.6129,14.6917,477610,19.1
2015-07-20,14.5379,14.6148,14.384,14.461,464660,18.8
2015-07-21,14.384,14.5379,14.2302,14.5379,311800,18.9
2015-07-22,14.5379,14.7686,14.3071,14.6148,503770,19
2015-07-23,14.6148,14.6917,14.461,14.5379,198440,18.9
2015-07-24,14.5379,14.5379,14.2302,14.2302,187090,18.5
2015-07-27,14.2302,14.6148,14.2302,14.6148,492880,19
2015-07-28,14.3822,14.536,14.3053,14.3071,305280,18.6
2015-07-29,14.2302,14.3071,14.0764,14.0764,561970,18.3
2015-07-30,13.9994,14.1533,13.8456,14.1533,606120,18.4
2015-07-31,14.0764,14.6917,14.0764,14.6148,1844850,19
2015-08-03,14.6148,14.7686,14.384,14.6148,1349170,19
2015-08-04,14.8456,14.8456,14.5379,14.6148,443600,19
2015-08-05,14.9994,14.9994,14.5379,14.9994,1420740,19.5
2015-08-06,14.9975,14.9975,14.536,14.6917,122560,19.1
2015-08-07,14.8436,14.8436,14.536,14.6917,261520,19.1
2015-08-10,14.2302,14.6148,14.2302,14.6148,393150,19
2015-08-11,14.5379,14.5379,14.2302,14.5379,1105930,18.9
2015-08-12,14.384,14.5379,14.2302,14.2302,361000,18.5
2015-08-13,14.1514,14.1514,13.6131,13.6148,790630,17.7
2015-08-14,13.461,13.6148,13.0764,13.3841,837380,17.4
2015-08-17,13.2285,13.3823,13.0747,13.2302,465330,17.2
2015-08-18,13.1516,13.2285,12.9978,13.1533,534530,17.1
2015-08-19,13.2285,13.3054,13.0747,13.1533,127330,17.1
2015-08-20,13.0764,13.1533,12.9226,13.0764,712640,17
2015-08-21,12.9978,12.9978,12.6902,12.7687,335160,16.6
2015-08-24,13.0764,13.0764,11.9226,12.2303,585430,15.9
2015-08-25,12.2303,12.3841,11.9226,11.9226,732620,15.5
2015-08-26,11.9226,12.2303,11.9226,12.1534,1020150,15.8
2015-08-27,12.3072,12.3841,12.1534,12.3072,756490,16
2015-08-28,12.3825,13.1516,12.3825,13.1533,414170,17.1
2015-08-31,13.0747,13.0747,12.7671,12.7687,282480,16.6
2015-09-01,12.6902,12.9209,12.6902,12.7687,245300,16.6
2015-09-03,12.6918,12.6918,12.2303,12.6918,577520,16.5
2015-09-04,12.6902,12.6902,12.3825,12.461,260350,16.2
2015-09-07,12.3825,12.4594,12.3056,12.3841,279930,16.1
2015-09-08,12.3072,12.538,12.3072,12.538,194360,16.3
2015-09-09,12.6149,12.9995,12.6149,12.9226,240510,16.8
2015-09-10,12.9226,12.9226,12.6918,12.9226,377830,16.8
2015-09-11,12.8456,12.8456,12.6149,12.6149,180470,16.4
2015-09-14,12.6918,12.8456,12.538,12.538,72560,16.3
2015-09-15,12.4594,12.4594,12.0749,12.0764,820360,15.7
2015-09-16,12.0749,12.4594,12.0749,12.461,623160,16.2
2015-09-17,12.538,12.538,12.1534,12.3072,81850,16
2015-09-18,12.3072,12.9226,12.3072,12.538,979340,16.3
2015-09-21,12.7671,12.7671,12.5363,12.7687,234570,16.6
2015-09-22,12.9209,12.9209,12.6132,12.8456,80440,16.7
2015-09-23,12.844,12.844,12.5363,12.7687,243140,16.6
2015-09-24,12.6918,12.7687,12.6149,12.6149,149530,16.4
2015-09-25,12.7671,12.9209,12.6132,12.8456,358980,16.7
2015-09-28,12.9226,12.9226,12.538,12.538,245380,16.3
2015-09-29,12.538,12.7687,12.461,12.538,152450,16.3
2015-09-30,12.538,12.7687,12.538,12.6149,403810,16.4
2015-10-01,12.6132,12.7671,12.6132,12.7687,212010,16.6
2015-10-02,12.7687,12.8456,12.6149,12.6149,242630,16.4
2015-10-05,12.6132,12.844,12.5363,12.8456,110970,16.7
2015-10-06,12.9995,12.9995,12.7687,12.9995,489890,16.9
2015-10-07,13.1533,13.5379,13.0764,13.461,1213000,17.5
2015-10-08,13.3841,13.8456,13.3841,13.8456,1030610,18
2015-10-09,13.9976,14.2284,13.9207,13.9225,682170,18.1
2015-10-12,13.8438,14.0745,13.69,13.9994,759930,18.2
2015-10-13,13.9976,13.9976,13.8438,13.9225,430230,18.1
2015-10-14,13.6918,13.9994,13.6918,13.6918,510240,17.8
2015-10-15,13.9207,13.9207,13.5362,13.5379,757350,17.6
2015-10-16,14.8,15.2,14,14.8,1689520,14.8
2015-10-19,14.8,14.9,14.7,14.7,494220,14.7
2015-10-20,14.5,14.6,14.2,14.2,675580,14.2
2015-10-21,14.2,14.4,14.1,14.1,423800,14.1
2015-10-22,14.1,14.7,14.1,14.4,751460,14.4
2015-10-23,14.5,14.6,14.3,14.3,176090,14.3
2015-10-26,14.5,14.5,14.1,14.1,434050,14.1
2015-10-27,14,14.1,13.6,13.7,836200,13.7
2015-10-28,13.7,13.9,13.5,13.5,534760,13.5
2015-10-29,13.5,13.7,13.1,13.7,1053360,13.7
2015-10-30,13.6,13.7,13.3,13.6,669010,13.6
2015-11-02,13.5,13.5,13.2,13.2,356920,13.2
2015-11-03,13.4,13.4,13.2,13.2,261830,13.2
2015-11-04,13.2,13.3,13.1,13.1,364340,13.1
2015-11-05,13.1,13.1,12.9,12.9,376870,12.9
2015-11-06,12.9,13.1,12.9,12.9,303760,12.9
2015-11-09,13,13,12.8,12.9,328070,12.9
2015-11-10,12.9,12.9,12.7,12.8,384380,12.8
2015-11-11,12.8,12.9,12.7,12.7,192840,12.7
2015-11-12,12.4,12.6,12.2,12.3,700990,12.3
2015-11-13,12.3,12.7,12.3,12.5,348770,12.5
2015-11-16,12.6,12.7,12.5,12.5,265230,12.5
2015-11-17,12.5,12.6,12.4,12.5,218500,12.5
2015-11-18,12.5,12.5,12.3,12.3,254490,12.3
2015-11-19,12.5,12.5,12.2,12.2,182650,12.2
2015-11-20,12.2,12.4,12.2,12.3,227070,12.3
2015-11-23,12.3,12.5,12.3,12.4,468320,12.4
2015-11-24,12.5,12.5,12.3,12.3,277400,12.3
2015-11-25,12.3,12.3,12.1,12.1,509990,12.1
2015-11-26,12,12,11.7,11.8,465740,11.8
2015-11-27,11.7,11.8,11.5,11.7,428230,11.7
2015-11-30,11.6,11.6,10.9,11,1199520,11
2015-12-01,11,11.2,10.8,10.9,1097880,10.9
2015-12-02,11.2,11.2,10.8,11.2,652480,11.2
2015-12-03,11.2,11.6,11.2,11.5,883160,11.5
2015-12-04,11.5,11.6,11.2,11.4,621810,11.4
2015-12-07,11.3,11.4,11,11,972490,11
2015-12-08,11,11.4,10.9,11.4,267360,11.4
2015-12-09,11.3,11.3,10.8,10.8,1883970,10.8
2015-12-10,10.9,11.4,10.9,11.3,954000,11.3
2015-12-11,11.5,12,11.4,12,1136350,12
2015-12-14,11.7,11.9,11.5,11.7,669640,11.7
2015-12-15,11.6,11.7,11.4,11.5,462540,11.5
2015-12-16,11.5,11.7,11.3,11.5,898850,11.5
2015-12-17,11.6,11.8,11.6,11.6,462510,11.6
2015-12-18,11.5,11.8,11.5,11.8,3800550,11.8
2015-12-21,11.7,11.8,11.5,11.7,449860,11.7
2015-12-22,11.6,11.9,11.6,11.9,1124980,11.9
2015-12-23,11.9,11.9,11.6,11.8,560750,11.8
2015-12-24,11.8,11.9,11.6,11.6,306940,11.6
2015-12-25,11.6,11.7,11.5,11.7,436180,11.7
2015-12-28,11.7,11.9,11.6,11.7,623430,11.7
2015-12-29,11.7,12.3,11.6,12,1098310,12
2015-12-30,12.6,12.6,12,12.6,1406240,12.6
2015-12-31,13.1,13.1,12.3,13.1,3528860,13.1
2016-01-04,12.6,12.8,12.3,12.6,1127820,12.6
2016-01-05,12.6,12.6,12.3,12.3,332490,12.3
2016-01-06,12.4,12.9,12.4,12.8,1267100,12.8
2016-01-07,12.7,12.8,12.4,12.6,835460,12.6
2016-01-08,12.6,12.7,12.3,12.6,452540,12.6
2016-01-11,12.6,12.7,12.3,12.3,470190,12.3
2016-01-12,12.4,12.5,12.2,12.5,229760,12.5
2016-01-13,12.5,12.6,12.3,12.4,158620,12.4
2016-01-14,11.9,12.2,11.8,11.9,493350,11.9
2016-01-15,11.8,11.9,11.1,11.1,1422060,11.1
2016-01-18,10.6,11.1,10.6,10.7,591700,10.7
2016-01-19,10.8,11.3,10.8,11.2,308310,11.2
2016-01-20,11.2,11.3,10.9,10.9,366490,10.9
2016-01-21,10.6,11.3,10.6,10.6,736540,10.6
2016-01-22,10.8,10.9,10.6,10.9,382120,10.9
2016-01-25,10.9,11.6,10.9,11.6,494380,11.6
2016-01-26,11.3,11.4,11.1,11.1,433640,11.1
2016-01-27,11.3,11.5,11.2,11.2,300190,11.2
2016-01-28,11.2,11.7,11.2,11.3,201130,11.3
2016-01-29,11.3,11.5,11.2,11.3,468470,11.3
2016-02-01,11.3,11.4,11.2,11.2,323240,11.2
2016-02-02,11.2,11.3,11.1,11.1,153230,11.1
2016-02-03,11.1,11.1,10.9,11.1,362660,11.1
2016-02-04,11.1,11.2,11,11.2,274830,11.2
2016-02-05,11.2,11.2,11.1,11.2,333120,11.2
2016-02-15,11,11.2,10.8,11,582470,11
2016-02-16,10.9,11,10.9,10.9,716690,10.9
2016-02-17,10.9,10.9,10.6,10.6,1636020,10.6
2016-02-18,10.6,11.1,10.6,11,697250,11
2016-02-19,10.8,11.1,10.8,11,781900,11
2016-02-22,10.9,11,10.8,10.8,876220,10.8
2016-02-23,10.9,11,10.8,10.9,554120,10.9
2016-02-24,10.8,11.4,10.8,11.2,1355180,11.2
2016-02-25,11.3,11.4,11,11.1,540620,11.1
2016-02-26,11.1,11.2,11,11.2,278100,11.2
2016-02-29,11.2,11.2,11,11,469130,11
2016-03-01,11,11.1,10.9,10.9,398350,10.9
2016-03-02,11,11.1,10.9,11.1,425700,11.1
2016-03-03,11,11.2,11,11,226030,11
2016-03-04,11,11.1,10.9,11,423300,11
2016-03-07,11,11,10.9,11,420860,11
2016-03-08,10.9,11,10.9,10.9,371220,10.9
2016-03-09,11,11,10.8,10.9,227820,10.9
2016-03-10,10.9,11,10.8,10.9,130410,10.9
2016-03-11,10.9,11,10.8,11,113110,11
2016-03-14,11,11,10.8,11,219320,11
2016-03-15,10.9,10.9,10.8,10.8,424580,10.8
2016-03-16,10.8,10.8,10.7,10.7,617340,10.7
2016-03-17,10.8,10.9,10.8,10.8,335970,10.8
2016-03-18,10.8,10.9,10.4,10.4,6765150,10.4
2016-03-21,10.6,10.7,10.6,10.6,298810,10.6
2016-03-22,10.7,10.7,10.5,10.6,385610,10.6
2016-03-23,10.5,10.6,10.4,10.6,1072500,10.6
2016-03-24,10.5,10.6,10.3,10.3,1204500,10.3
2016-03-25,10.4,10.4,10.3,10.4,467990,10.4
2016-03-28,10.4,10.5,10.3,10.3,383970,10.3
2016-03-29,10.3,10.4,10.1,10.1,912290,10.1
2016-03-30,10.1,10.4,10.1,10.3,830710,10.3
2016-03-31,10.2,10.4,10.1,10.3,689550,10.3
2016-04-01,10.3,10.3,10.1,10.3,551560,10.3
2016-04-04,10.3,10.3,10.1,10.3,390140,10.3
2016-04-05,10.2,10.3,10.1,10.2,351880,10.2
2016-04-06,10.2,10.3,10.1,10.3,570660,10.3
2016-04-07,10.3,10.3,10.1,10.1,623360,10.1
2016-04-08,10.2,10.2,10.1,10.1,417320,10.1
2016-04-11,10.1,10.2,10,10.1,551250,10.1
2016-04-12,10.1,10.2,9.9,10.1,1086420,10.1
2016-04-13,10.2,10.3,9.9,10.2,1437600,10.2
2016-04-14,10.1,10.3,10.1,10.2,485660,10.2
2016-04-15,10.2,10.2,10.1,10.1,125180,10.1
2016-04-19,10.1,10.1,10,10,240700,10
2016-04-20,10,10.1,9.9,10,1292850,10
2016-04-21,9.9,10.4,9.9,10.2,2322450,10.2
2016-04-22,10.1,10.3,10.1,10.2,318700,10.2
2016-04-25,10.1,10.3,10.1,10.3,805780,10.3
2016-04-26,10.2,10.4,10.2,10.2,696460,10.2
2016-04-27,10.2,10.2,10.1,10.2,378110,10.2
2016-04-28,10.1,10.4,10.1,10.3,1200410,10.3
2016-04-29,10.3,10.4,10.2,10.3,339900,10.3
2016-05-04,10.2,10.3,10.2,10.2,294080,10.2
2016-05-05,10.2,10.3,10.2,10.3,240490,10.3
2016-05-06,10.2,10.4,10.2,10.3,470690,10.3
2016-05-09,10.2,10.4,10.2,10.3,389820,10.3
2016-05-10,10.4,10.4,10.2,10.4,203080,10.4
2016-05-11,10.3,10.4,10.3,10.3,324070,10.3
2016-05-12,10.3,11,10.3,11,1933900,11
2016-05-13,11.3,11.7,11.2,11.7,2671290,11.7
2016-05-16,12.4,12.4,11.9,12.1,3430990,12.1
2016-05-17,12,12.9,11.7,12.7,4426370,12.7
2016-05-18,12.6,13,12.6,12.6,2684870,12.6
2016-05-19,12.5,12.6,12.3,12.4,1267530,12.4
2016-05-20,12.2,12.3,11.8,11.9,2787820,11.9
2016-05-23,11.9,12.2,11.7,11.7,1564460,11.7
2016-05-24,11.8,11.9,11.5,11.5,1510550,11.5
2016-05-25,11.6,11.7,11.2,11.2,1358130,11.2
2016-05-26,11.3,11.6,10.9,11,2142490,11
2016-05-27,11,11.3,10.8,11.3,795400,11.3
2016-05-30,11.3,11.3,11.1,11.1,975500,11.1
2016-05-31,11.1,11.3,11,11,1720970,11
2016-06-01,11.1,11.2,11,11.1,532220,11.1
2016-06-02,11.1,11.3,11,11.2,578720,11.2
2016-06-03,11.2,11.3,11,11.3,1548070,11.3
2016-06-06,11.3,12,11.1,12,2078010,12
2016-06-07,12.2,12.3,11.9,11.9,1458150,11.9
2016-06-08,11.8,12.2,11.7,12.1,1685930,12.1
2016-06-09,12,12.1,11.9,12.1,1421620,12.1
2016-06-10,12.1,12.1,11.5,11.5,915680,11.5
2016-06-13,11.7,11.9,11.4,11.8,2042500,11.8
2016-06-14,11.9,11.9,11.7,11.8,352490,11.8
2016-06-15,11.8,11.8,11.5,11.7,715860,11.7
2016-06-16,11.7,11.8,11.6,11.6,810600,11.6
2016-06-17,11.5,11.8,11.3,11.3,2160740,11.3
2016-06-20,11.5,11.5,11.3,11.3,801820,11.3
2016-06-21,11.4,11.5,11.2,11.5,1032700,11.5
2016-06-22,11.5,11.7,11.4,11.5,689770,11.5
2016-06-23,11.5,11.6,11.4,11.5,340140,11.5
2016-06-24,11.5,11.5,10.7,11.3,1945750,11.3
2016-06-27,11.1,11.4,10.9,11.3,731260,11.3
2016-06-28,11.2,11.4,11.1,11.3,556280,11.3
2016-06-29,11.3,11.5,11.3,11.4,412930,11.4
2016-06-30,11.3,11.5,11.2,11.3,684520,11.3
2016-07-01,11.3,11.4,11.1,11.3,504630,11.3
2016-07-04,11.4,11.4,11.2,11.3,519110,11.3
2016-07-05,11.3,11.6,11.2,11.4,1166540,11.4
2016-07-06,11.3,11.4,11.2,11.3,358400,11.3
2016-07-07,11.3,11.4,11.2,11.2,349120,11.2
2016-07-08,11.2,11.3,11,11.2,1046230,11.2
2016-07-11,11.2,11.3,11,11.2,713940,11.2
2016-07-12,11.1,11.2,11,11.2,501660,11.2
2016-07-13,11.1,11.7,11.1,11.5,2043090,11.5
2016-07-14,11.5,11.7,11.4,11.5,1864290,11.5
2016-07-15,11.6,12.3,11.6,11.9,4121930,11.9
2016-07-18,11.9,12.1,11.9,12.1,1142740,12.1
2016-07-19,12.1,12.2,11.5,11.6,1118480,11.6
2016-07-20,11.4,11.5,11.1,11.2,1972550,11.2
2016-07-21,11.2,11.5,11.2,11.3,616450,11.3
2016-07-22,11.3,11.3,11,11.1,1025910,11.1
2016-07-25,11.2,11.2,11,11,558160,11
2016-07-26,11,11.2,11,11.2,383560,11.2
2016-07-27,11.2,11.3,11.1,11.2,669570,11.2
2016-07-28,11.2,11.2,11,11.2,750120,11.2
2016-07-29,11,11.3,11,11.3,1192360,11.3
2016-08-01,11.3,11.3,11.1,11.2,406670,11.2
2016-08-02,11.1,11.2,10.9,11.1,821380,11.1
2016-08-03,11,11.1,10.8,11,416390,11
2016-08-04,10.9,11,10.5,10.5,810520,10.5
2016-08-05,10.6,11,10.5,11,2051050,11
2016-08-08,10.5,10.9,10.5,10.9,869100,10.9
2016-08-09,10.9,10.9,10.7,10.7,190360,10.7
2016-08-10,10.8,10.9,10.7,10.8,165580,10.8
2016-08-11,10.8,10.9,10.7,10.9,359550,10.9
2016-08-12,10.9,11,10.7,10.9,406780,10.9
2016-08-15,10.7,11,10.7,10.9,320470,10.9
2016-08-16,10.8,10.9,10.7,10.7,244020,10.7
2016-08-17,10.7,10.8,10.6,10.8,774790,10.8
2016-08-18,10.8,10.9,10.6,10.6,258770,10.6
2016-08-19,10.6,10.7,10.5,10.6,619850,10.6
2016-08-22,10.7,10.7,10.5,10.6,108920,10.6
2016-08-23,10.5,10.6,10.5,10.5,108640,10.5
2016-08-24,10.5,10.6,10.5,10.5,153670,10.5
2016-08-25,10.4,10.5,10.3,10.3,217980,10.3
2016-08-26,10.5,10.6,10.4,10.5,190480,10.5
2016-08-29,10.5,10.6,10.5,10.5,226790,10.5
2016-08-30,10.5,10.6,10.4,10.5,200230,10.5
2016-08-31,10.4,10.5,10.4,10.4,195100,10.4
2016-09-01,10.5,10.5,10.1,10.2,1040380,10.2
2016-09-05,10.2,10.3,10,10,1419180,10
2016-09-06,10,10.2,10,10.2,700130,10.2
2016-09-07,10.2,10.2,9.9,10,741350,10
2016-09-08,10,10.1,9.9,9.9,1084790,9.9
2016-09-09,10,10,9.7,9.9,2496270,9.9
2016-09-12,10,10.2,9.88,10,3968120,10
2016-09-13,10,10,9.91,9.99,742300,9.99
2016-09-14,9.99,10.1,9.9,10.1,1379170,10.1
2016-09-15,10,10.1,9.92,10.1,1620470,10.1
2016-09-16,10.05,10.05,9.4,9.4,9564610,9.4
2016-09-19,9.6,9.9,9.6,9.87,317770,9.87
2016-09-20,9.89,9.89,9.59,9.79,337860,9.79
2016-09-21,9.59,9.63,9.49,9.52,995760,9.52
2016-09-22,9.51,9.69,9.45,9.6,797070,9.6
2016-09-23,9.52,9.68,9.5,9.5,315760,9.5
2016-09-26,9.5,9.56,9.4,9.41,402320,9.41
2016-09-27,9.4,9.5,9.4,9.43,391300,9.43
2016-09-28,9.43,9.65,9.42,9.43,452560,9.43
2016-09-29,9.43,9.49,9.35,9.39,737210,9.39
2016-09-30,9.36,9.39,9.3,9.32,644360,9.32
2016-10-03,9.32,9.39,9.05,9.2,1055280,9.2
2016-10-04,9.2,9.25,9.1,9.15,606210,9.15
2016-10-05,9.1,9.4,9.1,9.35,570610,9.35
2016-10-06,9.35,9.68,9.35,9.61,882200,9.61
2016-10-07,9.61,9.61,9.5,9.53,456540,9.53
2016-10-10,9.55,9.55,9.33,9.37,408880,9.37
2016-10-11,9.3,9.33,9.19,9.25,402850,9.25
2016-10-12,9.21,9.34,9.18,9.22,477060,9.22
2016-10-13,9.23,9.25,9.2,9.2,559870,9.2
2016-10-14,9.18,9.33,9.19,9.21,1207130,9.21
2016-10-17,9.2,9.33,9.2,9.22,838920,9.22
2016-10-18,9.22,9.27,9.21,9.24,246240,9.24
2016-10-19,9.23,9.59,9.23,9.48,1107790,9.48
2016-10-20,9.49,9.52,9.32,9.32,759310,9.32
2016-10-21,9.27,9.3,9.22,9.25,608320,9.25
2016-10-24,9.25,9.25,9.2,9.2,622260,9.2
2016-10-25,9.2,9.29,9.1,9.1,500800,9.1
2016-10-26,9.1,9.16,9.02,9.02,574060,9.02
2016-10-27,9.02,9.06,8.95,8.95,905430,8.95
2016-10-28,9,9,8.87,8.87,508880,8.87
2016-10-31,8.82,8.86,8.76,8.82,687480,8.82
2016-11-01,8.7,8.8,8.45,8.5,877760,8.5
2016-11-02,8.4,8.49,8.21,8.25,484870,8.25
2016-11-03,8.25,8.3,8.23,8.24,270170,8.24
2016-11-04,8.26,8.41,8.26,8.38,182490,8.38
2016-11-07,8.35,8.6,8.35,8.42,316170,8.42
2016-11-08,8.5,8.5,8.39,8.43,245020,8.43
2016-11-09,8.3,8.43,8.01,8.25,372690,8.25
2016-11-10,8.3,8.43,8.3,8.4,303510,8.4
2016-11-11,8.39,8.4,8.24,8.24,224930,8.24
2016-11-14,8.24,8.24,7.95,8.01,1186200,8.01
2016-11-15,8.05,8.1,7.8,8.1,480170,8.1
2016-11-16,8.01,8.18,8.01,8.1,255980,8.1
2016-11-17,8.1,8.1,7.91,7.91,844060,7.91
2016-11-18,7.99,7.99,7.8,7.88,531210,7.88
2016-11-21,7.88,8.3,7.88,8.3,930630,8.3
2016-11-22,8.25,8.35,8,8.27,633530,8.27
2016-11-23,8.26,8.3,8.23,8.27,349760,8.27
2016-11-24,8.27,8.29,8.1,8.22,642570,8.22
2016-11-25,8.22,8.22,8.06,8.1,153500,8.1
2016-11-28,8.02,8.02,7.77,7.8,1984640,7.8
2016-11-29,7.86,7.86,7.45,7.8,2260120,7.8
2016-11-30,7.7,7.7,7.38,7.5,2387680,7.5
2016-12-01,7.5,7.62,7.5,7.55,939850,7.55
2016-12-02,7.55,7.8,7.52,7.74,940350,7.74
2016-12-05,7.61,7.64,7.45,7.5,841520,7.5
2016-12-06,7.5,7.54,7.36,7.51,1079180,7.51
2016-12-07,7.52,7.82,7.4,7.4,1858910,7.4
2016-12-08,7.5,7.91,7.47,7.91,1941520,7.91
2016-12-09,7.91,7.91,7.71,7.8,769320,7.8
2016-12-12,7.54,7.79,7.54,7.61,1239220,7.61
2016-12-13,7.61,7.66,7.6,7.62,1350180,7.62
2016-12-14,7.63,7.9,7.64,7.9,5855310,7.9
2016-12-15,7.95,8.41,7.85,8,3490530,8
2016-12-16,8,8.26,7.99,8.2,20938600,8.2
2016-12-19,8.2,8.48,8.2,8.42,1904150,8.42
2016-12-20,8.41,8.47,8.31,8.4,1689660,8.4
2016-12-21,8.34,8.37,8.25,8.26,2297650,8.26
2016-12-22,8.25,8.25,8.06,8.2,1285330,8.2
2016-12-23,8.14,8.54,8.1,8.34,2047050,8.34
2016-12-26,8.44,8.5,8.35,8.35,1216270,8.35
2016-12-27,8.32,8.6,8.2,8.6,3001210,8.6
2016-12-28,8.65,9.1,8.6,9.1,3725930,9.1
2016-12-29,9.14,9.4,9.04,9.4,6526590,9.4
2016-12-30,9.3,9.54,9.15,9.45,9635540,9.45
2017-01-03,9.16,9.3,8.79,8.79,4992030,8.79
2017-01-04,8.61,8.78,8.2,8.2,3363350,8.2
2017-01-05,8.45,8.65,8.45,8.58,1287450,8.58
2017-01-06,8.55,9.14,8.55,8.78,2703680,8.78
2017-01-09,8.66,9.08,8.64,8.99,3038300,8.99
2017-01-10,8.92,9.1,8.9,9,1232330,9
2017-01-11,8.97,9.07,8.96,9.03,1349300,9.03
2017-01-12,9.03,9.07,9,9.04,1797240,9.04
2017-01-13,9.06,9.06,8.93,8.95,2017120,8.95
2017-01-16,8.95,8.97,8.7,8.96,1291500,8.96
2017-01-17,8.81,9.3,8.81,9.24,2350910,9.24
2017-01-18,9.28,9.53,9.25,9.45,4600250,9.45
2017-01-19,9.46,9.62,9.3,9.59,2582630,9.59
2017-01-20,9.53,9.61,9.43,9.5,1869720,9.5
2017-01-23,9.45,9.65,9.43,9.55,1821800,9.55
2017-01-24,9.55,9.85,9.55,9.85,3116170,9.85
2017-01-25,9.85,10.35,9.85,10.2,3438690,10.2
2017-02-02,10.2,10.2,9.85,10.05,2300990,10.05
2017-02-03,10,10.25,9.96,10.05,2635600,10.05
2017-02-06,9.95,10.1,9.94,9.95,2846170,9.95
2017-02-07,9.9,9.96,9.76,9.87,1725610,9.87
2017-02-08,9.89,10,9.76,10,3235360,10
2017-02-09,10.1,10.35,10,10.2,2145060,10.2
2017-02-10,10.3,10.3,10.1,10.2,1469330,10.2
2017-02-13,10.15,10.2,9.9,10,1785570,10
2017-02-14,10.05,10.3,9.97,10.1,2570710,10.1
2017-02-15,10.1,10.2,9.95,9.95,2883530,9.95
2017-02-16,10.05,10.6,9.96,10.45,6179030,10.45
2017-02-17,10.35,11,10.35,11,7610430,11
2017-02-20,11,11.2,10.95,11.05,5137610,11.05
2017-02-21,11.05,11.2,10.8,10.85,5324970,10.85
2017-02-22,10.7,10.95,10.6,10.95,3962810,10.95
2017-02-23,11,11.5,10.95,11.05,5917390,11.05
2017-02-24,11,11.05,10.3,10.3,10600150,10.3
2017-02-27,10.45,10.75,10.1,10.45,3082020,10.45
2017-02-28,10.55,10.6,10.25,10.3,1955320,10.3
2017-03-01,10.3,10.4,9.9,10.2,2429100,10.2
2017-03-02,10.3,10.3,10.1,10.2,729090,10.2
2017-03-03,10.2,10.9,10.15,10.9,5044750,10.9
2017-03-06,11,11.3,10.7,10.8,4251180,10.8
2017-03-07,10.7,10.9,10.45,10.5,2221470,10.5
2017-03-08,10.45,10.75,10.25,10.6,2451570,10.6
2017-03-09,10.6,10.7,10.45,10.45,1621400,10.45
2017-03-10,10.45,10.75,10.4,10.45,1867560,10.45
2017-03-13,10.55,10.8,10.55,10.55,2546430,10.55
2017-03-14,10.55,10.7,10.45,10.45,985280,10.45
2017-03-15,10.45,10.55,10.35,10.35,1299350,10.35
2017-03-16,10.4,10.45,10.3,10.35,1893910,10.35
2017-03-17,10.35,10.45,10.3,10.3,3764970,10.3
2017-03-20,10.4,10.6,10.4,10.55,1646200,10.55
2017-03-21,10.55,10.75,10.5,10.7,2217160,10.7
2017-03-22,10.7,11.1,10.65,10.75,6347030,10.75
2017-03-23,10.75,11.5,10.75,11.4,9556890,11.4
2017-03-24,11.6,11.85,11.25,11.4,13413190,11.4
2017-03-27,11.5,11.65,11.4,11.4,5749350,11.4
2017-03-28,11.35,11.4,11.15,11.15,4881550,11.15
2017-03-29,11.2,11.25,11.05,11.2,2930270,11.2
2017-03-30,11.3,11.5,11.2,11.25,2842790,11.25
2017-03-31,11.4,11.85,11.2,11.45,10132150,11.45
2017-04-03,11.6,12.25,11.6,12.25,18140820,12.25
2017-04-04,12.8,12.8,12.3,12.4,14362330,12.4
2017-04-05,12.25,12.6,12.05,12.3,7535020,12.3
2017-04-07,11.7,13.15,11.7,13.15,26336490,13.15
2017-04-10,13.4,13.8,12.8,12.8,10962740,12.8
2017-04-11,12.7,13,12.55,12.65,5045820,12.65
2017-04-12,12.55,13,12.5,12.75,6402260,12.75
2017-04-13,12.9,12.9,11.9,11.9,4994400,11.9
2017-04-14,11.7,12.2,11.35,11.6,5497070,11.6
2017-04-17,11.9,12,11.2,11.2,5038810,11.2
2017-04-18,11.2,11.3,11.05,11.3,6659720,11.3
2017-04-19,11.3,11.7,11.3,11.6,3200840,11.6
2017-04-20,11.6,11.9,11.5,11.6,3038720,11.6
2017-04-21,11.7,11.8,11.05,11.25,5004420,11.25
2017-04-24,11,11.4,10.5,10.5,4982210,10.5
2017-04-25,10.75,11.2,10.45,11.1,5363000,11.1
2017-04-26,11.1,11.85,10.95,11.85,8428630,11.85
2017-04-27,11.9,12.6,11.9,12.4,11427550,12.4
2017-04-28,12.05,12.35,11.55,11.55,12436270,11.55
2017-05-03,11.55,11.9,11.5,11.65,4246930,11.65
2017-05-04,11.6,12.25,11.6,12.15,6460220,12.15
2017-05-05,12.15,12.15,11.95,12.1,3470050,12.1
2017-05-08,11.8,12.1,11.7,11.75,2700320,11.75
2017-05-09,11.75,11.9,11.7,11.9,2410010,11.9
2017-05-10,11.9,12.5,11.9,12.4,6651760,12.4
2017-05-11,12.6,12.65,12.2,12.35,3610150,12.35
2017-05-12,12.2,12.45,12.2,12.2,1873730,12.2
2017-05-15,12.35,13,12.15,12.65,5718970,12.65
2017-05-16,12.6,12.9,12.3,12.35,3540640,12.35
2017-05-17,12.5,12.6,12.35,12.5,2663290,12.5
2017-05-18,12.5,12.9,12.4,12.45,3435170,12.45
2017-05-19,12.45,12.55,12.35,12.4,2610790,12.4
2017-05-22,12.4,12.9,12.35,12.7,5150660,12.7
2017-05-23,12.8,12.9,12.4,12.4,3420220,12.4
2017-05-24,12.5,12.75,12.4,12.55,2937350,12.55
2017-05-25,12.55,12.75,12.35,12.4,4879100,12.4
2017-05-26,12.4,12.45,12.25,12.3,2984470,12.3
2017-05-29,12.45,13,12.4,12.7,6539820,12.7
2017-05-30,13,13.1,12.55,12.6,4936770,12.6
2017-05-31,12.6,12.75,12.45,12.5,3648970,12.5
2017-06-01,12.6,12.65,12.45,12.65,1142170,12.65
2017-06-02,12.65,12.65,12.4,12.4,1721590,12.4
2017-06-05,12.6,12.9,12.5,12.7,2279100,12.7
2017-06-06,12.75,13.55,12.75,13.55,13478470,13.55
2017-06-07,13.9,13.95,13.4,13.45,6012030,13.45
2017-06-08,13.6,13.95,13.3,13.8,3670150,13.8
2017-06-09,13.8,14.25,13.7,13.9,8232210,13.9
2017-06-12,14,14.2,13.7,13.8,4834940,13.8
2017-06-13,13.9,13.95,13.4,13.9,5375720,13.9
2017-06-14,14.1,14.1,13.9,14,3775730,14
2017-06-15,14,14.05,13.7,13.75,3015650,13.75
2017-06-16,13.7,13.9,13.6,13.9,15373500,13.9
2017-06-19,14,14.3,13.95,14.15,6721540,14.15
2017-06-20,14.3,14.6,14.3,14.55,6390010,14.55
2017-06-21,14.55,14.7,14.2,14.6,7121830,14.6
2017-06-22,14.55,14.6,14.2,14.3,4770860,14.3
2017-06-23,14.2,14.3,13.9,14.2,4049930,14.2
2017-06-26,14.2,14.2,13.95,14.2,3266330,14.2
2017-06-27,14.4,14.65,14.2,14.35,3374550,14.35
2017-06-28,14.4,14.4,14,14.2,4267300,14.2
2017-06-29,14.2,14.2,13.95,14.1,4432020,14.1
2017-06-30,14.1,14.2,13.45,13.8,8296560,13.8
2017-07-03,13.8,14,13.6,13.6,3454090,13.6
2017-07-04,13.6,13.65,12.95,13.2,5322950,13.2
2017-07-05,13,13.5,12.9,13.45,3235010,13.45
2017-07-06,13.6,13.75,13.35,13.45,2208080,13.45
2017-07-07,13.45,13.45,13,13,3089000,13
2017-07-10,13.1,13.2,12.8,12.85,2950630,12.85
2017-07-11,12.85,12.9,12.4,12.6,2802160,12.6
2017-07-12,12.6,12.85,12.55,12.6,1922680,12.6
2017-07-13,12.65,12.65,12.4,12.4,2286410,12.4
2017-07-14,12.35,12.5,12.05,12.1,3526580,12.1
2017-07-17,12,12,11.4,11.7,4502010,11.7
2017-07-18,11.7,12.1,11.5,12.1,2805030,12.1
2017-07-19,12.4,12.4,12.05,12.05,1307330,12.05
2017-07-20,12,12.05,11.8,11.8,1355350,11.8
2017-07-21,11.8,12.05,11.7,11.7,2077700,11.7
2017-07-24,11.8,11.9,11.65,11.85,2354130,11.85
2017-07-25,11.9,12.5,11.85,12.5,3406030,12.5
2017-07-26,12.55,12.95,12.5,12.8,4427250,12.8
2017-07-27,12.6,12.9,12.6,12.65,1883150,12.65
2017-07-28,12.6,12.85,12.5,12.8,2945770,12.8
2017-07-31,12.8,13.2,12.7,13.1,4492180,13.1
2017-08-01,13.1,13.1,12.95,13,1812500,13
2017-08-02,12.7,12.9,12.5,12.55,4832580,12.55
2017-08-03,12.3,12.7,12.3,12.3,3983410,12.3
2017-08-04,12.5,12.75,12.4,12.7,2336320,12.7
2017-08-07,12.7,12.75,12.55,12.55,1886350,12.55
2017-08-08,12.6,12.6,12.2,12.2,2403020,12.2
2017-08-09,12.2,12.2,11.8,11.8,3700060,11.8
2017-08-10,11.8,12.1,11.8,11.95,1484820,11.95
2017-08-11,11.95,12.1,11.85,11.95,849270,11.95
2017-08-14,12,12.15,11.95,12.1,786880,12.1
2017-08-15,12.25,12.25,11.9,11.9,1378810,11.9
2017-08-16,11.9,12.05,11.7,12,1952380,12
2017-08-17,12.05,12.1,11.85,11.85,895770,11.85
2017-08-18,11.85,11.9,11.65,11.75,928080,11.75
2017-08-21,11.8,11.9,11.6,11.7,1543440,11.7
2017-08-22,11.8,11.8,11.6,11.7,961110,11.7
2017-08-23,11.75,11.95,11.65,11.8,582450,11.8
2017-08-24,11.7,11.9,11.7,11.75,1209700,11.75
2017-08-25,11.75,11.8,11.7,11.8,1158950,11.8
2017-08-28,11.8,11.9,11.7,11.75,1104120,11.75
2017-08-29,11.75,11.8,11.6,11.6,2181750,11.6
2017-08-30,11.75,11.75,11.4,11.45,1985990,11.45
2017-08-31,11.4,11.8,11.3,11.7,2599940,11.7
2017-09-01,11.65,11.75,11.5,11.6,1408480,11.6
2017-09-05,11.7,11.9,11.5,11.85,2866040,11.85
2017-09-06,11.8,11.9,11.65,11.65,1144370,11.65
2017-09-07,11.65,11.9,11.65,11.75,1020940,11.75
2017-09-08,11.75,11.8,11.65,11.65,912570,11.65
2017-09-11,11.7,11.7,11.6,11.6,1153080,11.6
2017-09-12,11.6,11.65,11.45,11.45,1544140,11.45
2017-09-13,11.5,11.55,11.4,11.5,1356240,11.5
2017-09-14,11.55,11.7,11.45,11.7,2108820,11.7
2017-09-15,11.7,11.75,11.5,11.5,5536640,11.5
2017-09-18,11.55,11.95,11.55,11.8,1770890,11.8
2017-09-19,11.8,11.9,11.7,11.75,1529880,11.75
2017-09-20,11.75,11.75,11.65,11.7,969630,11.7
2017-09-21,11.7,11.7,11.55,11.6,1437280,11.6
2017-09-22,11.65,11.75,11.55,11.55,1343360,11.55
2017-09-25,11.45,12.35,11.45,12.3,7067150,12.3
2017-09-26,12.55,12.8,12.35,12.5,5174150,12.5
2017-09-27,12.35,12.45,12.2,12.25,1455920,12.25
2017-09-28,12.2,12.9,12.2,12.6,6772290,12.6
2017-09-29,12.6,12.65,12.4,12.5,1935010,12.5
2017-10-02,12.5,12.65,12.3,12.3,1909860,12.3
2017-10-03,12.3,12.3,12,12.15,1844640,12.15
2017-10-04,12,12.35,12,12.2,2031090,12.2
2017-10-05,12.3,12.35,12.05,12.1,1454260,12.1
2017-10-06,12.1,12.3,12.05,12.3,1067440,12.3
2017-10-09,12.6,12.6,12.35,12.45,1817050,12.45
2017-10-10,12.5,12.5,12.35,12.45,1321470,12.45
2017-10-11,12.05,12.2,11.6,11.65,9309570,11.65
2017-10-12,11.65,11.9,11.6,11.6,5790330,11.6
2017-10-13,11.35,11.6,11.3,11.5,4143320,11.5
2017-10-16,11.5,11.6,11.35,11.6,1481020,11.6
2017-10-17,11.6,11.6,11.45,11.45,3036700,11.45
2017-10-18,11.55,11.55,11.4,11.4,2845200,11.4
2017-10-19,11.4,11.6,11.35,11.5,2164080,11.5
2017-10-20,11.55,11.55,11.45,11.55,1585160,11.55
2017-10-23,11.3,11.5,11.25,11.3,1899440,11.3
2017-10-24,11.4,11.4,11.2,11.3,1902950,11.3
2017-10-25,11.3,11.4,11.3,11.3,909250,11.3
2017-10-26,11.35,11.35,11.1,11.35,1787310,11.35
2017-10-27,11.3,11.35,11.1,11.35,1152360,11.35
2017-10-30,11.4,11.4,11.15,11.25,1498710,11.25
2017-10-31,11.25,11.25,11,11,1572270,11
2017-11-01,11.15,11.2,11.05,11.2,1126140,11.2
2017-11-02,11.3,11.3,11.1,11.3,1035130,11.3
2017-11-03,11.35,11.35,11.1,11.1,700700,11.1
2017-11-06,11.25,11.25,11.1,11.2,912390,11.2
2017-11-07,11.25,11.25,11.15,11.2,754030,11.2
2017-11-08,11.2,11.25,11.15,11.2,1168460,11.2
2017-11-09,11.2,11.25,11.1,11.15,594710,11.15
2017-11-10,11.1,11.45,11.1,11.4,1951220,11.4
2017-11-13,11.5,11.5,11.2,11.2,995580,11.2
2017-11-14,11.2,11.3,11.15,11.15,1577250,11.15
2017-11-15,11.45,11.45,11.15,11.45,2355030,11.45
2017-11-16,11.4,12.05,11.4,12,7844650,12
2017-11-17,12,12.15,11.65,11.75,4020830,11.75
2017-11-20,11.7,11.85,11.65,11.85,1850790,11.85
2017-11-21,11.8,11.95,11.8,11.85,2810990,11.85
2017-11-22,11.9,12.4,11.75,12.4,7063090,12.4
2017-11-23,12.45,12.6,12.15,12.35,4070330,12.35
2017-11-24,12.25,12.45,12.15,12.4,2655650,12.4
2017-11-27,12.3,12.7,12.25,12.55,4981930,12.55
2017-11-28,12.6,12.65,12.4,12.6,3207750,12.6
2017-11-29,12.9,13.3,12.85,13.2,11303760,13.2
2017-11-30,13.35,13.4,12.95,13.1,6055990,13.1
2017-12-01,13.05,13.1,12.9,13,3311710,13
2017-12-04,13.1,13.7,13.05,13.7,10088860,13.7
2017-12-05,13.7,13.7,13,13,5927870,13
2017-12-06,13,13.25,12.8,13.25,7182320,13.25
2017-12-07,13.3,13.35,12.85,13,5844310,13
2017-12-08,12.95,13.05,12.85,12.95,3170840,12.95
2017-12-11,12.8,12.85,12.3,12.3,4124060,12.3
2017-12-12,12.4,12.55,11.45,12.45,6713650,12.45
2017-12-13,12.5,12.5,12,12,1791790,12
2017-12-14,11.9,12.5,11.9,12.5,2535990,12.5
2017-12-15,12.5,12.7,12.3,12.7,3316180,12.7
2017-12-18,12.95,12.95,12.6,12.75,3899560,12.75
2017-12-19,12.9,12.9,12.5,12.55,2998760,12.55
2017-12-20,12.55,12.75,12.45,12.55,2961790,12.55
2017-12-21,12.6,12.65,12.3,12.3,3185360,12.3
2017-12-22,12.3,12.65,12.3,12.55,4056860,12.55
2017-12-25,12.65,12.75,12.3,12.35,3767280,12.35
2017-12-26,12.45,12.6,12.35,12.6,3685430,12.6
2017-12-27,12.65,13.1,12.6,12.85,18184020,12.85
2017-12-28,12.9,13.1,12.85,12.95,9637560,12.95
2017-12-29,13,13.05,12.8,12.85,7267650,12.85
2018-01-02,12.85,13.5,12.7,13.4,16330710,13.4
2018-01-03,13.5,13.6,13.25,13.35,15695370,13.35
2018-01-04,13.35,13.85,13.35,13.6,26486080,13.6
2018-01-05,13.7,13.8,13.45,13.6,17260770,13.6
2018-01-08,13.7,14.55,13.7,14.55,33849130,14.55
2018-01-09,15.05,15.25,14.6,14.85,36237040,14.85
2018-01-10,14.7,15.65,14.5,15.6,49555650,15.6
2018-01-11,15.4,16.5,15.2,16.25,24136660,16.25
2018-01-12,16.1,16.5,15.5,15.5,34240510,15.5
2018-01-15,15.35,15.6,14.95,15.35,37458060,15.35
2018-01-16,15,15.2,14.75,14.95,42132270,14.95
2018-01-17,15.1,15.2,14.3,14.3,27468280,14.3
2018-01-18,14.15,15,13.9,15,31286260,15
2018-01-19,15.1,15.6,14.9,15.45,28631100,15.45
2018-01-22,15.3,15.5,14.85,15.1,24126670,15.1
2018-01-25,15.2,15.9,14.85,15.4,48551070,15.4
2018-01-26,15.6,15.9,15.2,15.7,22848750,15.7
2018-01-29,15.8,16.75,15.75,16.75,34304980,16.75
2018-01-30,16.6,17.3,16.25,17.1,30030790,17.1
2018-01-31,17.2,17.2,16.25,16.25,26189160,16.25
2018-02-01,16.35,16.4,15.65,15.7,26002480,15.7
2018-02-02,15.8,16.4,15.55,16.25,13867670,16.25
2018-02-05,15.85,16.05,15.15,15.15,22169590,15.15
2018-02-06,15.4,15.4,14.1,15.4,32948840,15.4
2018-02-07,15.9,16.1,15.6,15.75,14286510,15.75
2018-02-08,15.35,15.7,14.9,14.9,8479180,14.9
2018-02-09,14.4,15.15,14.3,14.95,13411880,14.95
2018-02-12,15.4,15.9,15.2,15.9,9914870,15.9
2018-02-13,16,16.1,15.85,15.9,10209140,15.9
2018-02-21,16.05,16.6,15.9,16.3,16316020,16.3
2018-02-22,16.1,16.7,16,16.1,18524560,16.1
2018-02-23,16.3,16.45,16.05,16.45,13291780,16.45
2018-02-26,16.75,16.8,16.05,16.05,19198360,16.05
2018-02-27,16.2,16.25,15.9,16.15,12575110,16.15
2018-02-28,16,16.3,15.9,16.1,15273080,16.1
2018-03-01,15.9,16.15,15.7,15.75,17478590,15.75
2018-03-02,15.5,15.8,15.45,15.7,11091610,15.7
2018-03-05,15.85,15.9,14.95,14.95,17426940,14.95
2018-03-06,15.2,15.45,15,15.3,12649080,15.3
2018-03-07,15.35,15.35,14.95,15.05,10579590,15.05
2018-03-08,15.1,15.3,15,15.2,6052260,15.2
2018-03-09,15.5,15.5,15.25,15.4,7217150,15.4
2018-03-12,15.95,16.15,15.45,15.95,17246770,15.95
2018-03-13,16,16.2,15.9,16.1,11565610,16.1
2018-03-14,16.2,16.45,16.05,16.05,16435110,16.05
2018-03-15,16.05,16.4,15.9,16.15,12448630,16.15
2018-03-16,16.3,16.55,16.25,16.3,22637590,16.3
2018-03-19,16.05,16.6,16,16.05,12281670,16.05
2018-03-20,15.9,16.05,15.9,16,12481130,16
2018-03-21,16.1,16.5,16.05,16.25,19142330,16.25
2018-03-22,16.3,16.45,15.95,16,13091770,16
2018-03-23,15.5,15.8,15.4,15.75,17462630,15.75
2018-03-26,15.5,15.75,15.4,15.65,10950260,15.65
2018-03-27,15.8,15.9,15.45,15.5,8281210,15.5
2018-03-28,15.45,15.5,15.3,15.35,6522170,15.35
2018-03-29,15.45,15.5,15.2,15.25,5936830,15.25
2018-03-30,15.3,15.55,15.2,15.5,5869030,15.5
2018-04-02,15.65,15.9,15.55,15.8,8270980,15.8
2018-04-03,15.7,15.85,15.6,15.7,6880570,15.7
2018-04-04,15.75,15.95,15.6,15.6,7381040,15.6
2018-04-05,15.65,15.75,15.55,15.7,6478900,15.7
2018-04-06,15.75,16.3,15.75,16.1,19585030,16.1
2018-04-09,16.2,16.5,16.1,16.4,14760890,16.4
2018-04-10,16.5,16.65,16,16.2,12994170,16.2
2018-04-11,16.2,16.3,15.55,15.65,16587330,15.65
2018-04-12,15.55,15.7,15.4,15.6,10108420,15.6
2018-04-13,15.75,15.8,15.35,15.45,8574840,15.45
2018-04-16,15.4,15.65,15.2,15.5,4935240,15.5
2018-04-18,15.85,15.85,15.5,15.5,4805610,15.5
2018-04-19,15.5,15.55,15,15,9404240,15
2018-04-20,15.2,15.45,14.9,15.45,7856380,15.45
2018-04-23,14.4,15.5,14.4,14.4,11192640,14.4
2018-04-24,14.4,14.5,14.1,14.15,7281230,14.15
2018-04-26,14.1,14.25,13.2,13.35,8527570,13.35
2018-04-27,13.35,13.95,13.3,13.85,5678620,13.85
2018-05-02,13.3,13.95,13.2,13.3,5157290,13.3
2018-05-03,13.3,13.7,12.65,13.7,7686450,13.7
2018-05-04,13.7,13.8,13.35,13.45,4008960,13.45
2018-05-07,13.5,13.95,13.4,13.95,4882230,13.95
2018-05-08,13.9,14,13.65,13.65,3345160,13.65
2018-05-09,13.6,13.75,13.45,13.5,2448570,13.5
2018-05-10,13.5,13.5,12.8,12.9,5838710,12.9
2018-05-11,12.9,13.15,12.7,13.1,5002790,13.1
2018-05-14,13.3,13.3,12.95,13.1,2829090,13.1
2018-05-15,13,13.3,13,13.1,3437030,13.1
2018-05-16,13.05,13.2,13,13.05,2502170,13.05
2018-05-17,13.05,13.1,12.75,12.75,2661130,12.75
2018-05-18,12.85,12.9,12.5,12.75,3843440,12.75
2018-05-21,12.8,12.95,12.6,12.6,3395120,12.6
2018-05-22,12.5,12.55,11.75,12,7441600,12
2018-05-23,12,12.25,11.8,12.15,4596350,12.15
2018-05-24,12.2,12.3,11.95,12.05,4270750,12.05
2018-05-25,12,12.1,11.65,11.65,3719300,11.65
2018-05-28,11.6,11.65,10.85,10.85,7851450,10.85
2018-05-29,10.9,11.6,10.9,11.6,7049880,11.6
2018-05-30,11.6,11.75,11.4,11.5,4355010,11.5
2018-05-31,11.45,11.85,11.4,11.75,3226080,11.75
2018-06-01,11.7,12,11.7,11.75,4314180,11.75
2018-06-04,12,12.55,12,12.55,7419940,12.55
2018-06-05,12.7,13.15,12.6,12.9,8107860,12.9
2018-06-06,12.8,13.45,12.7,13.3,8478470,13.3
2018-06-07,13.3,13.35,12.95,13,7106430,13
2018-06-08,13,13.1,12.85,12.9,3969030,12.9
2018-06-11,12.8,12.9,12.6,12.6,3756490,12.6
2018-06-12,12.5,12.95,12.35,12.8,8549820,12.8
2018-06-13,12.8,12.95,12.7,12.8,1814330,12.8
2018-06-14,12.75,12.8,12.5,12.55,2464740,12.55
2018-06-15,12.4,12.6,12.35,12.4,5462650,12.4
2018-06-18,12.4,12.55,11.85,12,3986380,12
2018-06-19,11.95,11.95,11.3,11.7,8280170,11.7
2018-06-20,11.75,12,11.6,12,3285750,12
2018-06-21,11.9,12,11.65,11.7,2488750,11.7
2018-06-22,11.6,12.05,11.6,12,3189890,12
2018-06-25,12.35,12.35,12.05,12.15,2825390,12.15
2018-06-26,11.9,12.05,11.85,12,2546840,12
2018-06-27,12,12.2,11.8,11.8,1747560,11.8
2018-06-28,11.8,11.85,11.4,11.55,3663730,11.55
2018-06-29,11.6,11.7,11.5,11.55,1885150,11.55
2018-07-02,11.55,11.55,11.1,11.1,3788190,11.1
2018-07-03,11.2,11.25,10.35,10.35,6648330,10.35
2018-07-04,10.5,10.65,10.25,10.3,6767270,10.3
2018-07-05,10.25,10.35,9.67,9.72,5658700,9.72
2018-07-06,9.8,10.4,9.7,10.4,8470650,10.4
2018-07-09,10.55,10.75,10.4,10.4,4717430,10.4
2018-07-10,10.4,10.6,10.4,10.4,2366070,10.4
2018-07-11,10.2,10.3,9.85,10,4815180,10
2018-07-12,10.15,10.45,10,10.15,3157170,10.15
2018-07-13,10.35,10.5,10.3,10.45,2839740,10.45
2018-07-16,10.55,10.7,10.45,10.5,3023400,10.5
2018-07-17,10.45,10.8,10.45,10.75,4090070,10.75
2018-07-18,10.85,11.2,10.8,11.2,5786780,11.2
2018-07-19,11.2,11.2,10.9,11,3335440,11
2018-07-20,11,11.1,10.8,11,4076100,11
2018-07-23,11.75,11.75,11.25,11.75,14236370,11.75
2018-07-24,11.6,11.8,11.4,11.4,5421070,11.4
2018-07-25,11.4,11.55,11.2,11.2,3150420,11.2
2018-07-26,11.2,11.35,11.05,11.25,4443590,11.25
2018-07-27,11.3,11.4,11.2,11.2,2794540,11.2
2018-07-30,11.3,11.55,11.25,11.5,5185990,11.5
2018-07-31,11.5,11.7,11.35,11.45,4228220,11.45
2018-08-01,11.45,11.55,11.3,11.3,2520310,11.3
2018-08-02,11.25,11.3,10.95,11.05,7584140,11.05
2018-08-03,11.25,11.3,11.05,11.05,2413580,11.05
2018-08-06,11.05,11.35,11,11.15,3133130,11.15
2018-08-07,11.2,11.25,11.05,11.15,2230630,11.15
2018-08-08,11.2,11.35,11.1,11.35,3476090,11.35
2018-08-09,11.4,11.65,11.2,11.3,8036140,11.3
2018-08-10,11.25,11.35,11.2,11.25,3197060,11.25
2018-08-13,11.25,11.8,11.2,11.8,10740690,11.8
2018-08-14,11.8,11.85,11.6,11.6,3492740,11.6
2018-08-15,11.7,11.75,11.35,11.4,5347120,11.4
2018-08-16,11.3,11.4,11.15,11.4,5988420,11.4
2018-08-17,11.55,11.6,11.2,11.2,3021220,11.2
2018-08-20,11.2,11.3,11.15,11.15,4785990,11.15
2018-08-21,11.15,11.3,11.15,11.2,5557070,11.2
2018-08-22,11.5,11.6,11.4,11.45,6524970,11.45
2018-08-23,11.45,11.5,11.35,11.4,3559200,11.4
2018-08-24,11.35,11.45,11.25,11.3,3585410,11.3
2018-08-27,11.4,11.55,11.35,11.4,4277920,11.4
2018-08-28,11.5,11.55,11.4,11.5,3742950,11.5
2018-08-29,11.5,11.55,11.35,11.4,2619380,11.4
2018-08-30,11.45,11.55,11.3,11.5,5942360,11.5
2018-08-31,11.55,11.55,11.35,11.35,6896940,11.35
2018-09-04,11.35,11.4,11.2,11.25,4334470,11.25
2018-09-05,11.25,11.25,11.05,11.1,4077680,11.1
2018-09-06,11.15,11.2,11,11.05,3468930,11.05
2018-09-07,11.3,11.5,11.25,11.3,4700940,11.3
2018-09-10,11.35,11.8,11.35,11.75,18103700,11.75
2018-09-11,11.75,11.85,11.6,11.8,6153730,11.8
2018-09-12,12,12.3,11.9,12.1,13219870,12.1
2018-09-13,12.2,12.2,12.05,12.05,7446610,12.05
2018-09-14,12.1,12.2,11.95,12,5249010,12
2018-09-17,12,12.05,11.85,11.85,7063020,11.85
2018-09-18,11.8,12.4,11.65,12.4,9697580,12.4
2018-09-19,12.45,12.75,12.35,12.55,11799070,12.55
2018-09-20,12.55,12.65,12.5,12.65,4633490,12.65
2018-09-21,12.65,12.9,12.6,12.7,14011070,12.7
2018-09-24,12.8,12.85,12.5,12.55,7248540,12.55
2018-09-25,12.65,12.8,12.5,12.65,4617820,12.65
2018-09-26,12.6,12.9,12.6,12.7,6316740,12.7
2018-09-27,12.75,12.85,12.6,12.65,4737730,12.65
2018-09-28,12.7,13.5,12.65,13.5,27263660,13.5
2018-10-01,13.8,14.4,13.7,13.85,22126950,13.85
2018-10-02,13.9,14.05,13.7,13.9,9280400,13.9
2018-10-03,13.8,14.05,13.8,13.85,16349910,13.85
2018-10-04,13.9,13.95,13.8,13.85,8961930,13.85
2018-10-05,13.8,14.3,13.75,13.8,19475140,13.8
2018-10-08,13.65,13.95,13.6,13.85,17690010,13.85
2018-10-09,13.95,13.95,13.4,13.55,19464630,13.55
2018-10-10,13.5,13.6,13.3,13.4,9022660,13.4
2018-10-11,12.5,13.1,12.5,12.5,24729240,12.5
2018-10-12,12.4,13.1,12.3,13.05,14990250,13.05
2018-10-15,13,13.2,12.9,12.95,7832090,12.95
2018-10-16,13,13.6,13,13.6,9787750,13.6
2018-10-17,13.55,13.9,13.45,13.55,8921720,13.55
2018-10-18,13.35,13.85,13.35,13.5,14182290,13.5
2018-10-19,13.3,13.6,13.25,13.45,8314490,13.45
2018-10-22,13.35,13.5,12.95,12.95,8687300,12.95
2018-10-23,12.8,12.95,12.35,12.55,9767110,12.55
2018-10-24,12.6,12.85,12.55,12.6,6594420,12.6
2018-10-25,11.95,12.65,11.95,12.55,6170000,12.55
2018-10-26,12.75,12.75,12.3,12.3,5793540,12.3
2018-10-29,12.3,12.35,11.95,12,5707100,12
2018-10-30,11.95,12.3,11.9,11.95,5088100,11.95
2018-10-31,12.2,12.5,12.15,12.5,5142100,12.5
2018-11-01,12.55,12.6,12.2,12.2,3089540,12.2
2018-11-02,12.35,12.55,12.2,12.4,6058610,12.4
2018-11-05,12.3,12.4,12.2,12.35,3015460,12.35
2018-11-06,12.4,12.5,12.25,12.25,3477960,12.25
2018-11-07,12.25,12.8,12.15,12.7,11330740,12.7
2018-11-08,12.95,12.95,12.6,12.6,3120870,12.6
2018-11-09,12.55,12.65,12.35,12.35,3513330,12.35
2018-11-12,12.2,12.35,12.05,12.2,4618460,12.2
2018-11-13,12,12.2,11.95,12,5031020,12
2018-11-14,12,12.2,11.95,11.95,3232520,11.95
2018-11-15,12,12.05,11.85,12,3884920,12
2018-11-16,12.1,12.25,12,12.1,3925350,12.1
2018-11-19,12.25,12.35,12.1,12.3,3045270,12.3
2018-11-20,12.25,12.3,12.15,12.2,2691270,12.2
2018-11-21,12.05,12.25,12.05,12.25,2547880,12.25
2018-11-22,12.3,12.45,12.25,12.4,4899780,12.4
2018-11-23,12.3,12.4,12.25,12.25,2126820,12.25
2018-11-26,12.25,12.3,12.15,12.3,1556000,12.3
2018-11-27,12.3,12.4,12.15,12.15,2873780,12.15
2018-11-28,12.1,12.25,12.1,12.25,1972080,12.25
2018-11-29,12.3,12.35,12.15,12.15,3188990,12.15
2018-11-30,12.15,12.25,12.1,12.15,2724410,12.15
2018-12-03,12.4,12.8,12.3,12.8,10674800,12.8
2018-12-04,12.8,12.9,12.65,12.8,5838070,12.8
2018-12-05,12.55,12.85,12.55,12.7,6617680,12.7
2018-12-06,12.65,12.75,12.55,12.6,4741210,12.6
2018-12-07,12.65,12.85,12.6,12.65,5038420,12.65
2018-12-10,12.6,12.6,12.45,12.5,4481730,12.5
2018-12-11,12.55,12.6,12.45,12.5,2968290,12.5
2018-12-12,12.5,12.75,12.5,12.7,2711830,12.7
2018-12-13,12.8,13.1,12.75,12.9,8926020,12.9
2018-12-14,12.9,13,12.7,12.8,3741130,12.8
2018-12-17,12.65,12.7,12.5,12.5,3971510,12.5
2018-12-18,12.3,12.45,12.2,12.4,5276070,12.4
2018-12-19,12.45,12.45,12.2,12.45,3151380,12.45
2018-12-20,12.3,12.4,12.2,12.25,3411360,12.25
2018-12-21,12.15,12.3,12.1,12.1,3672880,12.1
2018-12-24,12.3,12.45,12.15,12.15,3321220,12.15
2018-12-25,12,12.1,11.7,11.95,6727130,11.95
2018-12-26,12,12.15,11.95,11.95,2469970,11.95
2018-12-27,12.2,12.25,12,12,2092380,12
2018-12-28,12,12.15,11.95,11.95,2108370,11.95
2019-01-02,11.6,12.05,11.6,11.6,3858970,11.6
2019-01-03,11.5,11.65,11.1,11.1,6284880,11.1
2019-01-04,11,11.35,10.9,11.15,3828780,11.15
2019-01-07,11.4,11.6,11.35,11.5,3702750,11.5
2019-01-08,11.5,11.5,11.3,11.35,1572220,11.35
2019-01-09,11.4,11.55,11.4,11.4,2633920,11.4
2019-01-10,11.5,11.5,11.35,11.4,2073630,11.4
2019-01-11,11.45,11.5,11.3,11.4,2169340,11.4
2019-01-14,11.4,11.45,11.2,11.2,1929220,11.2
2019-01-15,11.25,11.35,11.2,11.3,2159900,11.3
2019-01-16,11.3,11.45,11.3,11.3,2682420,11.3
2019-01-17,11.2,11.4,11.15,11.2,1740540,11.2
2019-01-18,11.25,11.3,11.05,11.25,2620140,11.25
2019-01-21,11.35,11.85,11.25,11.7,6690440,11.7
2019-01-22,11.85,11.85,11.7,11.75,4051900,11.75
2019-01-23,11.75,12.25,11.7,12.15,7824620,12.15
2019-01-24,12.1,12.2,12,12.2,3754610,12.2
2019-01-25,12.2,12.4,12.15,12.3,6422920,12.3
2019-01-28,12.35,12.35,12.1,12.25,2703010,12.25
2019-01-29,12.2,12.2,12.05,12.15,2870480,12.15
2019-01-30,12.15,12.2,12,12,2487300,12
2019-01-31,12.1,12.4,12,12.3,5064350,12.3
2019-02-01,12.3,12.4,12.2,12.4,3351230,12.4
2019-02-11,12.6,12.95,12.45,12.95,6861770,12.95
2019-02-12,12.85,13.1,12.8,13,6462030,13
2019-02-13,13,13.1,12.95,13,6887720,13
2019-02-14,12.9,13.05,12.9,12.95,4821990,12.95
2019-02-15,12.9,13.05,12.75,13,4507890,13
2019-02-18,13.05,13.2,12.95,13.1,3713540,13.1
2019-02-19,13.15,13.15,12.8,12.8,5247880,12.8
2019-02-20,12.85,13.05,12.7,12.9,5454950,12.9
2019-02-21,12.95,13,12.8,13,4116800,13
2019-02-22,12.8,13.15,12.8,13.05,5726470,13.05
2019-02-25,13.1,13.15,12.9,12.9,6896200,12.9
2019-02-26,12.9,12.95,12.7,12.8,3764680,12.8
2019-02-27,12.8,12.9,12.7,12.7,2409880,12.7
2019-02-28,12.75,12.85,12.3,12.3,8437060,12.3
2019-03-01,12.5,12.65,12.45,12.65,2599200,12.65
2019-03-04,12.75,12.8,12.65,12.75,3063000,12.75
2019-03-05,12.75,12.9,12.65,12.7,4727110,12.7
2019-03-06,12.7,12.75,12.6,12.65,2020170,12.65
2019-03-07,12.65,12.9,12.65,12.8,3504640,12.8
2019-03-08,12.7,12.75,12.55,12.6,2904210,12.6
2019-03-11,12.6,12.65,12.45,12.55,2106880,12.55
2019-03-12,12.6,12.7,12.5,12.7,3782210,12.7
2019-03-13,12.75,12.95,12.75,12.8,6154040,12.8
2019-03-14,12.85,13.15,12.75,13,8475690,13
2019-03-15,13,13.05,12.85,12.95,4399800,12.95
2019-03-18,12.95,13.05,12.85,12.85,3314010,12.85
2019-03-19,12.8,12.9,12.7,12.7,4335960,12.7
2019-03-20,12.65,12.85,12.65,12.8,4222210,12.8
2019-03-21,12.85,12.9,12.5,12.5,4744360,12.5
2019-03-22,12.6,12.65,12.45,12.55,3001570,12.55
2019-03-25,12.3,12.45,12.15,12.25,3929770,12.25
2019-03-26,12.3,12.45,12.3,12.3,1684920,12.3
2019-03-27,12.35,12.4,12.3,12.35,1242070,12.35
2019-03-28,12.3,12.3,12.15,12.15,4031920,12.15
2019-03-29,12.2,12.35,12.15,12.2,3432790,12.2
2019-04-01,12.2,12.4,12.2,12.4,1685150,12.4
2019-04-02,12.45,12.5,12.2,12.2,1825870,12.2
2019-04-03,12.2,12.3,12.15,12.25,1428070,12.25
2019-04-04,12.3,12.3,12.2,12.3,1093530,12.3
2019-04-05,12.3,12.3,12.2,12.25,1143430,12.25
2019-04-08,12.25,12.3,12.15,12.25,1881280,12.25
2019-04-09,12.3,12.35,12.2,12.25,2722310,12.25
2019-04-10,12.2,12.25,12.05,12.1,1969270,12.1
2019-04-11,12.2,12.2,12.05,12.05,788760,12.05
2019-04-12,12.05,12.15,12.05,12.1,1541760,12.1
2019-04-16,12,12.15,11.85,12.05,3054010,12.05
2019-04-17,12.15,12.2,11.9,11.9,1712260,11.9
2019-04-18,12,12,11.75,11.75,2439170,11.75
2019-04-19,11.8,11.9,11.75,11.75,1650400,11.75
2019-04-22,11.8,11.8,11.55,11.55,2430560,11.55
2019-04-23,11.6,12.2,11.55,12.05,4444940,12.05
2019-04-24,12.15,12.2,12.05,12.05,2009830,12.05
2019-04-25,12.05,12.05,11.8,11.85,2901000,11.85
2019-04-26,11.85,12,11.85,11.95,1503470,11.95
2019-05-02,12.1,12.1,11.85,11.9,2096650,11.9
2019-05-03,11.9,12.4,11.9,12.35,8683660,12.35
2019-05-06,12.2,12.2,12.05,12.05,2757880,12.05
2019-05-07,12.15,12.2,12.05,12.1,3868150,12.1
2019-05-08,11.95,12.25,11.95,12.15,4254250,12.15
2019-05-09,12.15,12.2,11.85,11.9,6642650,11.9
2019-05-10,12,12.05,11.9,12,1969450,12
2019-05-13,11.95,12.05,11.85,11.95,1962990,11.95
2019-05-14,11.85,11.95,11.8,11.9,2992760,11.9
2019-05-15,12,12.15,11.95,12.05,3044590,12.05
2019-05-16,12.15,12.15,11.95,12,1844380,12
2019-05-17,11.95,12.05,11.95,11.95,1816710,11.95
2019-05-20,12,12.05,11.9,11.95,2869040,11.95
2019-05-21,12,12.2,11.95,12.05,5450380,12.05
2019-05-22,12.05,12.2,12,12.05,4453110,12.05
2019-05-23,12.05,12.15,11.95,12,1873810,12
2019-05-24,11.9,11.95,11.75,11.8,6040540,11.8
2019-05-27,11.8,11.9,11.75,11.8,1256990,11.8
2019-05-28,11.85,11.95,11.75,11.8,2307740,11.8
2019-05-29,11.85,11.85,11.75,11.75,1765170,11.75
2019-05-30,11.75,11.9,11.7,11.8,2100560,11.8
2019-05-31,11.75,11.9,11.7,11.75,1928870,11.75
2019-06-03,11.7,11.75,11.5,11.6,3847140,11.6
2019-06-04,11.65,11.7,11.55,11.6,2440450,11.6
2019-06-05,11.7,11.8,11.65,11.65,2401360,11.65
2019-06-06,11.65,11.7,11.55,11.55,1900010,11.55
2019-06-07,11.6,11.75,11.6,11.75,1429480,11.75
2019-06-10,11.75,11.85,11.75,11.8,3030830,11.8
2019-06-11,11.85,11.85,11.7,11.7,1201010,11.7
2019-06-12,11.7,11.8,11.65,11.65,556040,11.65
2019-06-13,11.65,11.7,11.6,11.6,1308500,11.6
2019-06-14,11.65,11.75,11.6,11.65,1135670,11.65
2019-06-17,11.65,11.7,11.45,11.45,2865290,11.45
2019-06-18,11.45,11.5,11.2,11.2,3530280,11.2
2019-06-19,11.3,11.4,11.25,11.3,1284560,11.3
2019-06-20,11.3,11.55,11.3,11.5,2744170,11.5
2019-06-21,11.45,11.6,11.4,11.45,15020810,11.45
2019-06-24,11.5,11.7,11.5,11.7,3159730,11.7
2019-06-25,11.7,11.8,11.6,11.65,2499830,11.65
2019-06-26,11.5,11.65,11.5,11.5,2815950,11.5
2019-06-27,11.3,11.55,11.3,11.3,3913270,11.3
2019-06-28,11.35,11.4,11.25,11.35,3056690,11.35
2019-07-01,11.55,11.6,11.45,11.55,4227550,11.55
2019-07-02,11.45,11.55,11.4,11.45,2530270,11.45
2019-07-03,11.5,11.5,11.35,11.35,2342120,11.35
2019-07-04,11.5,11.55,11.35,11.45,2407380,11.45
2019-07-05,11.45,11.5,11.4,11.4,2275820,11.4
2019-07-08,11.45,11.5,11.3,11.4,2468730,11.4
2019-07-09,11.4,11.45,11.3,11.35,1626810,11.35
2019-07-10,11.4,11.55,11.35,11.45,3207160,11.45
2019-07-11,11.55,11.55,11.4,11.5,2599710,11.5
2019-07-12,11.5,11.55,11.4,11.4,2599730,11.4
2019-07-15,11.5,11.5,11.3,11.35,3388570,11.35
2019-07-16,11.4,11.5,11.3,11.4,3238030,11.4
2019-07-17,11.45,11.65,11.4,11.55,7842600,11.55
2019-07-18,11.55,11.65,11.5,11.55,3647500,11.55
2019-07-19,11.55,11.75,11.55,11.7,4763810,11.7
2019-07-22,11.65,11.75,11.5,11.5,2825190,11.5
2019-07-23,11.55,11.6,11.5,11.5,1904960,11.5
2019-07-24,11.5,11.55,11.35,11.35,4401900,11.35
2019-07-25,11.35,11.35,11.2,11.2,5858050,11.2
2019-07-26,11.2,11.3,11.15,11.15,2702500,11.15
2019-07-29,11.2,11.2,10.9,10.95,6831730,10.95
2019-07-30,10.95,11.05,10.85,10.85,2008890,10.85
2019-07-31,10.9,10.9,10.6,10.7,3284590,10.7
2019-08-01,10.7,10.75,10.5,10.5,5005510,10.5
2019-08-02,10.4,10.8,10.35,10.6,3080950,10.6
2019-08-05,10.55,10.6,10.4,10.45,2081320,10.45
2019-08-06,10.35,10.5,10.2,10.45,3117750,10.45
2019-08-07,10.35,10.6,10.4,10.4,1977070,10.4
2019-08-08,10.4,10.45,10.35,10.45,1509710,10.45
2019-08-09,10.45,10.5,10.35,10.35,2443760,10.35
2019-08-12,10.4,10.45,10.3,10.35,1447220,10.35
2019-08-13,10.3,10.35,10.15,10.2,4097420,10.2
2019-08-14,10.35,10.35,10.15,10.15,3673350,10.15
2019-08-15,10.05,10.35,10,10.35,3229580,10.35
2019-08-16,10.3,10.45,10.15,10.3,1934150,10.3
2019-08-19,10.35,10.4,10.2,10.25,1298090,10.25
2019-08-20,10.3,10.3,10.2,10.3,1236150,10.3
2019-08-21,10.3,10.3,10.2,10.25,2443720,10.25
2019-08-22,10.25,10.4,10.25,10.3,2733650,10.3
2019-08-23,10.4,10.75,10.3,10.7,6009530,10.7
2019-08-26,10.5,10.65,10.45,10.55,3639220,10.55
2019-08-27,10.55,10.65,10.45,10.45,3932380,10.45
2019-08-28,10.5,10.5,10.35,10.35,2132130,10.35
2019-08-29,10.4,10.45,10.3,10.35,1731710,10.35
2019-08-30,10.35,10.4,10.3,10.4,1448930,10.4
2019-09-03,10.4,10.4,10.2,10.2,3237800,10.2
2019-09-04,10.2,10.25,10.05,10.15,2860970,10.15
2019-09-05,10.15,10.3,10.1,10.15,2863620,10.15
2019-09-06,10.2,10.2,10.1,10.15,1276330,10.15
2019-09-09,10.2,10.25,10.1,10.1,1396010,10.1
2019-09-10,10.15,10.15,10,10.05,5125250,10.05
2019-09-11,10,10.1,10,10.05,1463100,10.05
2019-09-12,10.1,10.15,10.05,10.15,2176840,10.15
2019-09-13,10.15,10.35,10.1,10.35,4211290,10.35
2019-09-16,10.15,10.4,10.25,10.35,2484340,10.35
2019-09-17,10.15,10.35,10.15,10.2,3517780,10.2
2019-09-18,10.15,10.3,10.15,10.2,3453760,10.2
2019-09-19,10.2,10.55,10.15,10.55,8105240,10.55
2019-09-20,10.6,10.6,10.35,10.35,3594730,10.35
2019-09-23,10.35,10.75,10.35,10.55,10246570,10.55
2019-09-24,10.55,10.65,10.5,10.5,2859850,10.5
2019-09-25,10.45,10.65,10.45,10.6,2613640,10.6
2019-09-26,10.6,10.7,10.55,10.7,3308980,10.7
2019-09-27,10.7,10.75,10.6,10.65,4205060,10.65
2019-09-30,10.7,10.75,10.55,10.55,3901750,10.55
2019-10-01,10.55,10.6,10.45,10.5,3586610,10.5
2019-10-02,10.5,10.6,10.4,10.4,3177060,10.4
2019-10-03,10.35,10.5,10.3,10.5,2364630,10.5
2019-10-04,10.5,10.6,10.4,10.4,1576130,10.4
2019-10-07,10.45,10.6,10.4,10.5,2965990,10.5
2019-10-08,10.45,11,10.55,11,11682970,11
2019-10-09,11,11.1,10.85,10.9,5653080,10.9
2019-10-10,10.9,10.95,10.8,10.8,3374460,10.8
2019-10-11,10.8,11.25,10.8,11,8083600,11
2019-10-14,11.1,11.3,11.1,11.1,6856600,11.1
2019-10-15,11.1,11.2,11,11.05,2781510,11.05
2019-10-16,11.05,11.2,11,11.05,2388980,11.05
2019-10-17,11.05,11.05,10.9,10.9,3904920,10.9
2019-10-18,10.95,11.05,10.8,10.8,3235350,10.8
2019-10-21,10.85,10.95,10.7,10.95,2982590,10.95
2019-10-22,10.9,11.1,10.9,11,3812730,11
2019-10-23,11,11.1,10.95,11,1855200,11
2019-10-24,11,11.05,10.9,10.95,2084420,10.95
2019-10-25,10.95,11,10.85,10.9,1939620,10.9
2019-10-28,11,11,10.75,10.85,5437940,10.85
2019-10-29,10.8,10.9,10.65,10.65,4553070,10.65
2019-10-30,10.7,10.8,10.65,10.7,2781010,10.7
2019-10-31,10.8,10.85,10.65,10.8,3127620,10.8
2019-11-01,10.8,10.95,10.7,10.9,3145580,10.9
2019-11-04,10.9,11.1,10.85,10.9,6499460,10.9
2019-11-05,10.95,10.95,10.85,10.95,4411700,10.95
2019-11-06,10.95,11.05,10.9,11,4062650,11
2019-11-07,11,11,10.85,10.9,3848980,10.9
2019-11-08,10.9,11,10.85,10.85,2863990,10.85
2019-11-11,10.85,10.9,10.75,10.8,3088540,10.8
2019-11-12,10.85,10.85,10.75,10.75,1447030,10.75
2019-11-13,10.8,10.9,10.75,10.8,2249060,10.8
2019-11-14,10.8,10.85,10.65,10.7,2044260,10.7
2019-11-15,10.8,10.8,10.65,10.7,1610810,10.7
2019-11-18,10.75,10.8,10.6,10.6,2213290,10.6
2019-11-19,10.55,10.65,10.55,10.6,2332900,10.6
2019-11-20,10.6,10.6,10.35,10.4,4829400,10.4
2019-11-21,10.35,10.45,10.2,10.2,4304070,10.2
2019-11-22,10.3,10.4,10.1,10.25,3604040,10.25
2019-11-25,10.3,10.3,10.1,10.15,2010840,10.15
2019-11-26,10.2,10.25,10.1,10.15,3956940,10.15
2019-11-27,10.2,10.25,10.1,10.1,2201930,10.1
2019-11-28,10.1,10.2,10.05,10.1,2397650,10.1
2019-11-29,10.15,10.2,10.05,10.1,2157840,10.1
2019-12-02,10.1,10.15,10,10,3128820,10
2019-12-03,10,10.05,9.75,9.75,3603780,9.75
2019-12-04,9.8,10.1,9.8,10.1,2851860,10.1
2019-12-05,10.1,10.15,9.99,10.05,958220,10.05
2019-12-06,10,10.1,9.99,10,1579960,10
2019-12-09,10,10.05,9.92,9.95,1893020,9.95
2019-12-10,9.9,10.05,9.9,10.05,2040130,10.05
2019-12-11,10.05,10.1,9.95,10.05,1047810,10.05
2019-12-12,10.05,10.1,10,10.1,1650790,10.1
2019-12-13,10.15,10.2,10.05,10.05,1361390,10.05
2019-12-16,10.05,10.1,10,10.05,1601000,10.05
2019-12-17,10.1,10.1,9.99,10.05,2119490,10.05
2019-12-18,10,10.05,9.9,9.94,2113420,9.94
2019-12-19,10.05,10.05,9.9,9.93,2703230,9.93
2019-12-20,9.98,10.05,9.95,10,1537200,10
2019-12-23,10.1,10.3,10.1,10.2,3414120,10.2
2019-12-24,10.2,10.25,10.1,10.1,1559130,10.1
2019-12-25,10.2,10.25,10.1,10.1,1263440,10.1
2019-12-26,10.1,10.15,10,10.1,2335560,10.1
2019-12-27,10.1,10.2,10,10.15,2014010,10.15
2019-12-30,10.1,10.25,10.1,10.1,1960860,10.1
2019-12-31,10.1,10.2,10.05,10.05,1831670,10.05
2020-01-02,10.1,10.3,10,10.2,2914530,10.2
2020-01-03,10.25,10.3,10.15,10.2,1975250,10.2
2020-01-06,10.1,10.15,10,10.05,2302490,10.05
2020-01-07,10.05,10.15,10,10.15,2154970,10.15
2020-01-08,10.05,10.1,9.97,9.98,4490220,9.98
2020-01-09,10.1,10.2,10.05,10.15,2443480,10.15
2020-01-10,10.15,10.5,10.15,10.5,10754160,10.5
2020-01-13,10.5,10.55,10.3,10.4,3390120,10.4
2020-01-14,10.4,10.45,10.3,10.3,1811340,10.3
2020-01-15,10.3,10.35,10.2,10.25,2479650,10.25
2020-01-16,10.3,10.55,10.3,10.4,9556920,10.4
2020-01-17,10.45,10.7,10.4,10.6,6094750,10.6
2020-01-20,10.5,10.75,10.5,10.7,4135740,10.7
2020-01-21,10.7,11.05,10.7,10.9,7604200,10.9
2020-01-22,10.9,10.95,10.75,10.9,7030700,10.9
2020-01-30,10.8,10.8,10.2,10.35,8264520,10.35
2020-01-31,10.3,10.5,10.2,10.2,6261030,10.2
2020-02-03,10.25,10.4,9.82,10.25,7105100,10.25
2020-02-04,10.25,10.4,10.1,10.2,5433400,10.2
2020-02-05,10.35,10.45,10.25,10.25,3967950,10.25
2020-02-06,10.3,10.95,10.3,10.95,22697950,10.95
2020-02-07,11,11.45,10.95,11.15,14963660,11.15
2020-02-10,10.9,11.1,10.8,10.95,5335400,10.95
2020-02-11,10.95,11.45,10.9,11.35,14652800,11.35
2020-02-12,11.4,11.8,11.4,11.55,14679180,11.55
2020-02-13,11.5,11.6,11.3,11.5,7807880,11.5
2020-02-14,11.55,11.9,11.45,11.6,17826750,11.6
2020-02-17,11.65,11.85,11.5,11.65,8914870,11.65
2020-02-18,11.65,11.75,11.35,11.55,8502440,11.55
2020-02-19,11.4,11.55,11.3,11.4,6823570,11.4
2020-02-20,11.5,11.55,11.2,11.3,7140210,11.3
2020-02-21,11.25,11.5,11.2,11.3,7650810,11.3
2020-02-24,11,11.1,10.75,10.85,11765040,10.85
2020-02-25,10.7,11.15,10.7,11.15,5669010,11.15
2020-02-26,11,11.4,10.95,11.2,8381260,11.2
2020-02-27,11.3,11.7,11.15,11.65,13069630,11.65
2020-02-28,11.35,11.75,11.35,11.6,11942990,11.6
2020-03-02,11.8,12.4,11.75,12.35,27550640,12.35
2020-03-03,12.6,12.7,12.15,12.25,15552620,12.25
2020-03-04,12.2,12.6,12.1,12.5,12163500,12.5
2020-03-05,12.65,12.7,12.2,12.2,17517480,12.2
2020-03-06,12.1,12.4,12.1,12.25,12062750,12.25
2020-03-09,11.5,11.7,11.4,11.4,17015340,11.4
2020-03-10,11,11.5,10.85,11.4,15319250,11.4
2020-03-11,11.45,11.5,10.65,10.65,18789590,10.65
2020-03-12,10,10.25,9.93,9.95,21362410,9.95
2020-03-13,9.3,10.55,9.28,10.4,16337900,10.4
2020-03-16,10.4,10.5,9.8,9.99,9159620,9.99
2020-03-17,10.2,10.2,9.56,10.2,8611390,10.2
2020-03-18,10.4,10.4,10,10,8306390,10
2020-03-19,9.9,9.96,9.6,9.75,7516500,9.75
2020-03-20,9.81,9.92,9.74,9.8,4889230,9.8
2020-03-23,9.3,9.5,9.12,9.12,10633200,9.12
2020-03-24,9.12,9.17,8.8,8.8,7815200,8.8
2020-03-25,9.15,9.26,8.9,9.11,9894240,9.11
2020-03-26,9.11,9.11,8.7,8.7,7221630,8.7
2020-03-27,8.75,8.75,8.21,8.21,11651840,8.21
2020-03-30,7.7,7.99,7.64,7.64,16130350,7.64
2020-03-31,7.86,7.86,7.12,7.3,12191270,7.3
2020-04-01,7.2,7.81,7.2,7.81,8807420,7.81
2020-04-03,7.99,8.35,7.9,8.35,10672810,8.35
2020-04-06,8.9,8.93,8.61,8.93,12901110,8.93
2020-04-07,9.4,9.4,9.01,9.18,17284520,9.18
2020-04-08,9,9.29,8.8,9.28,8761230,9.28
2020-04-09,9.4,9.49,9.18,9.19,9821780,9.19
2020-04-10,9.15,9.23,8.95,9.01,10709980,9.01
2020-04-13,9.01,9.24,9.01,9.04,7684370,9.04
2020-04-14,9.1,9.16,8.94,9.16,8530630,9.16
2020-04-15,9.2,9.8,9.18,9.7,14857170,9.7
2020-04-16,9.5,9.95,9.5,9.72,7634020,9.72
2020-04-17,9.9,9.94,9.72,9.73,8375490,9.73
2020-04-20,9.7,9.85,9.54,9.55,11284390,9.55
2020-04-21,9.35,9.45,8.97,8.99,16193310,8.99
2020-04-22,8.73,9.29,8.73,9.17,8168410,9.17
2020-04-23,9.35,9.38,9.15,9.15,5414960,9.15
2020-04-24,9.15,9.2,9.04,9.1,4794810,9.1
2020-04-27,9.18,9.23,8.99,8.99,8059440,8.99
2020-04-28,9.08,9.12,8.94,8.98,7077710,8.98
2020-04-29,9.1,9.25,9,9.1,3844890,9.1
2020-05-04,9.1,9.1,8.98,8.98,4402500,8.98
2020-05-05,8.98,9.09,8.93,8.97,4803310,8.97
2020-05-06,9,9.14,8.93,9.14,8419490,9.14
2020-05-07,9.18,9.38,9.17,9.34,12175430,9.34
2020-05-08,9.4,9.77,9.4,9.52,15592700,9.52
2020-05-11,9.69,9.75,9.54,9.69,10595020,9.69
2020-05-12,9.69,9.75,9.46,9.7,11311610,9.7
2020-05-13,9.7,10.15,9.55,9.96,19002960,9.96
2020-05-14,9.88,10.3,9.79,10.05,12577730,10.05
2020-05-15,10.2,10.2,9.8,9.8,9211120,9.8
2020-05-18,9.78,9.85,9.68,9.73,9965320,9.73
2020-05-19,9.92,10.15,9.86,9.9,15436660,9.9
2020-05-20,9.9,10.55,9.86,10.4,24361810,10.4
2020-05-21,10.5,10.55,10.25,10.5,10196270,10.5
2020-05-22,10.3,10.6,10.2,10.2,14870140,10.2
2020-05-25,10.25,10.4,10.1,10.25,9448390,10.25
2020-05-26,10.3,10.45,10.3,10.4,9396730,10.4
2020-05-27,10.45,10.55,10,10.1,15368550,10.1
2020-05-28,10.1,10.6,10.05,10.3,16769210,10.3
2020-05-29,10.2,10.45,10.2,10.3,6856490,10.3
2020-06-01,10.4,10.75,10.35,10.75,18020090,10.75
2020-06-02,10.85,10.9,10.5,10.5,13896530,10.5
2020-06-03,10.6,10.7,10.5,10.65,8714660,10.65
2020-06-04,10.75,10.9,10.6,10.6,13972710,10.6
2020-06-05,10.7,10.75,10.45,10.55,16799980,10.55
2020-06-08,10.7,10.85,10.65,10.7,17094920,10.7
2020-06-09,10.75,10.9,10.65,10.75,14170310,10.75
2020-06-10,10.75,11.5,10.6,11.5,30775990,11.5
2020-06-11,12.15,12.3,11.05,11.05,38094150,11.05
2020-06-12,11.2,11.8,11,11.8,31670570,11.8
2020-06-15,12.1,12.6,11.75,12.05,31268310,12.05
2020-06-16,12.5,12.5,11.9,11.9,18761140,11.9
2020-06-17,11.85,11.95,11.55,11.6,15663170,11.6
2020-06-18,11.4,11.75,11.35,11.4,13243590,11.4
2020-06-19,11.55,11.95,11.4,11.9,15350170,11.9
2020-06-22,12,12,11.65,11.7,10790120,11.7
2020-06-23,11.65,11.8,11.4,11.55,12607230,11.55
2020-06-24,11.6,11.65,11.2,11.2,11843150,11.2
2020-06-25,11.15,11.5,10.95,11.45,10662480,11.45
2020-06-26,11.6,11.65,11.2,11.3,6481490,11.3
2020-06-29,11.3,11.3,10.9,10.95,13159470,10.95
2020-06-30,11.1,11.2,10.6,10.75,10862380,10.75
2020-07-01,10.8,11.35,10.75,11.2,9138780,11.2
2020-07-02,11.2,11.3,11,11.05,4903810,11.05
2020-07-03,11.15,11.2,11,11,3885370,11
2020-07-06,11.05,11.6,11.05,11.55,16285280,11.55
2020-07-07,11.6,11.7,11.4,11.45,8914970,11.45
2020-07-08,11.4,11.7,11.35,11.5,9193690,11.5
2020-07-09,11.7,11.85,11.5,11.8,14045940,11.8
2020-07-10,11.7,11.8,11.5,11.55,8382730,11.55
2020-07-13,11.65,11.7,11.45,11.45,6095670,11.45
2020-07-14,11.4,11.65,11.35,11.55,6750550,11.55
2020-07-15,11.65,11.7,11.55,11.55,5535210,11.55
2020-07-16,11.55,11.6,11.45,11.6,5104280,11.6
2020-07-17,11.6,11.75,11.5,11.6,9198320,11.6
2020-07-20,11.45,11.7,11.45,11.45,8089560,11.45
2020-07-21,11.45,11.6,11.4,11.5,7047320,11.5
2020-07-22,11.55,11.6,11.25,11.3,8504960,11.3
2020-07-23,11.35,11.4,11.1,11.25,8264440,11.25
2020-07-24,11.15,11.25,10.6,10.9,20162440,10.9
2020-07-27,10.4,10.65,10.15,10.15,26014460,10.15
2020-07-28,10.2,10.6,10.1,10.55,13933220,10.55
2020-07-29,10.25,10.35,9.95,10.15,14831390,10.15
2020-07-30,10.2,10.35,10.15,10.2,6312810,10.2
2020-07-31,9.9,10.25,9.9,10.1,5740090,10.1
2020-08-03,10.15,10.45,10.05,10.35,9792690,10.35
2020-08-04,10.5,10.5,10.35,10.5,6786090,10.5
2020-08-05,10.5,10.7,10.4,10.65,8289610,10.65
2020-08-06,10.6,10.7,10.5,10.5,5678190,10.5
2020-08-07,10.55,10.55,10.4,10.45,7123120,10.45
2020-08-10,10.55,10.8,10.55,10.6,11949300,10.6
2020-08-11,10.7,10.75,10.5,10.65,7719420,10.65
2020-08-12,10.65,10.8,10.6,10.75,8772530,10.75
2020-08-13,10.75,10.9,10.75,10.85,6495400,10.85
2020-08-14,10.85,10.85,10.65,10.7,8807480,10.7
2020-08-17,10.65,10.75,10.55,10.65,5192680,10.65
2020-08-18,10.65,10.8,10.6,10.75,5212200,10.75
2020-08-19,10.8,10.8,10.7,10.8,4210320,10.8
2020-08-20,10.75,10.85,10.65,10.65,6059540,10.65
2020-08-21,10.7,11.05,10.65,11.05,12934020,11.05
2020-08-24,11.1,11.4,11.1,11.3,14295580,11.3
2020-08-25,11.3,11.4,11.2,11.25,9624650,11.25
2020-08-26,11.25,11.3,11.1,11.2,9988740,11.2
2020-08-27,11.25,11.35,11.15,11.3,6803050,11.3
2020-08-28,11.4,11.45,11.3,11.35,10087760,11.35
2020-08-31,11.5,11.55,11.2,11.2,8672820,11.2
2020-09-01,11.2,11.35,11.15,11.3,4572030,11.3
2020-09-03,11.4,11.45,11.3,11.4,11143030,11.4
2020-09-04,11.25,11.35,11.2,11.3,9881990,11.3
2020-09-07,11.4,11.4,11.2,11.2,6937040,11.2
2020-09-08,11.25,11.25,11.1,11.25,6011590,11.25
2020-09-09,11.15,11.3,11.05,11.3,8875270,11.3
2020-09-10,11.35,11.4,11.2,11.2,5248510,11.2
2020-09-11,11.15,11.25,11.1,11.15,5393090,11.15
2020-09-14,11.2,11.35,11.2,11.3,6799070,11.3
2020-09-15,11.35,11.8,11.25,11.6,24122170,11.6
2020-09-16,11.65,11.7,11.55,11.55,10179630,11.55
2020-09-17,11.55,11.7,11.45,11.45,11363380,11.45
2020-09-18,11.45,11.65,11.45,11.65,8721320,11.65
2020-09-21,11.8,12.05,11.75,11.75,17853730,11.75
2020-09-22,11.75,12.55,11.65,12.55,45707880,12.55
2020-09-23,12.7,13.25,12.5,12.65,24791380,12.65
2020-09-24,12.6,12.7,12.4,12.45,17728750,12.45
2020-09-25,12.45,13.3,12.4,13.3,39321600,13.3
2020-09-28,13.7,14.05,13.6,13.8,28883470,13.8
2020-09-29,13.8,13.95,13.3,13.3,22791400,13.3
2020-09-30,13.3,13.9,12.95,13.8,28314430,13.8
2020-10-01,14,14.2,13.65,13.75,13285440,13.75
2020-10-02,13.75,13.9,13.15,13.45,23206500,13.45
2020-10-05,13.65,13.8,13.4,13.7,22603020,13.7
2020-10-06,13.75,14.4,13.7,14.2,27112100,14.2
2020-10-07,14.05,14.3,13.7,13.7,19465920,13.7
2020-10-08,13.8,13.85,13.45,13.55,21328780,13.55
2020-10-09,13.6,13.8,13.45,13.55,12474800,13.55
2020-10-12,13.7,13.8,13.3,13.3,17962060,13.3
2020-10-13,13.3,13.6,13.2,13.45,12669050,13.45
2020-10-14,13.5,13.75,13.35,13.5,12364650,13.5
2020-10-15,13.6,14,13.45,13.85,20799860,13.85
2020-10-16,13.85,13.95,13.7,13.75,13048220,13.75
2020-10-19,13.8,14.3,13.75,14.1,20547610,14.1
2020-10-20,14,14.35,13.95,14.2,17698150,14.2
2020-10-21,14.35,14.75,14.3,14.4,25828950,14.4
2020-10-22,14.35,14.7,14.2,14.6,18152400,14.6
2020-10-23,14.8,14.8,14.5,14.55,13634620,14.55
2020-10-26,14.5,14.65,14.1,14.1,26821200,14.1
2020-10-27,14.1,14.2,13.3,13.3,37138550,13.3
2020-10-28,13.3,13.65,13.1,13.1,22628960,13.1
2020-10-29,13,13.5,13,13.5,13046030,13.5
2020-10-30,13.5,13.55,13.05,13.3,8184700,13.3
2020-11-02,13.4,13.45,13.25,13.45,5463810,13.45
2020-11-03,13.5,13.7,13.45,13.6,12021500,13.6
2020-11-04,13.7,13.9,13.5,13.65,9734960,13.65
2020-11-05,13.65,13.7,13.35,13.35,8295550,13.35
2020-11-06,13.5,13.5,13.25,13.35,6207220,13.35
2020-11-09,13.5,13.7,13.4,13.7,7874430,13.7
2020-11-10,13.95,14,13.6,13.6,9473760,13.6
2020-11-11,13.7,13.7,13.45,13.6,7954210,13.6
2020-11-12,13.6,13.75,13.6,13.7,6757380,13.7
2020-11-13,13.7,13.95,13.7,13.9,15076240,13.9
2020-11-16,14.05,14.1,13.65,13.65,12294300,13.65
2020-11-17,13.7,13.9,13.6,13.85,9076100,13.85
2020-11-18,13.85,14.4,13.8,14.2,22974320,14.2
2020-11-19,14.2,14.4,14.05,14.2,12623080,14.2
2020-11-20,14.25,14.25,14.05,14.15,9539770,14.15
2020-11-23,14.25,14.7,14.05,14.6,27268530,14.6
2020-11-24,14.6,14.65,14.2,14.5,16805930,14.5
2020-11-25,14.35,14.6,14.35,14.35,12055730,14.35
2020-11-26,14.35,14.65,14.35,14.5,21860890,14.5
2020-11-27,14.6,14.6,14.35,14.5,11455070,14.5
2020-11-30,14.55,15,14.5,14.65,18682960,14.65
2020-12-01,14.45,15.5,14.4,15.45,37839250,15.45
2020-12-02,15.45,15.8,15.15,15.4,21124570,15.4
2020-12-03,15.55,15.9,15.45,15.65,20877740,15.65
2020-12-04,15.7,16.1,15.5,15.6,24514030,15.6
2020-12-07,15.55,15.75,15.55,15.55,14994850,15.55
2020-12-08,15.65,15.9,15.5,15.85,19849710,15.85
2020-12-09,15.9,16.2,15.9,15.9,18897260,15.9
2020-12-10,15.95,16.05,15.45,15.55,21848500,15.55
2020-12-11,15.7,15.9,15.5,15.8,15443500,15.8
2020-12-14,15.95,16.1,15.8,15.95,15678170,15.95
2020-12-15,15.85,16.05,15.8,15.95,17651510,15.95
2020-12-16,16.3,16.8,16.25,16.6,23929920,16.6
2020-12-17,16.5,16.95,16.4,16.6,23515290,16.6
2020-12-18,16.8,17.15,16.65,17,25115670,17
2020-12-21,17.2,17.3,16.9,17,25779000,17
2020-12-22,17,17.35,16.9,17.15,34461030,17.15
2020-12-23,17.2,17.3,16.7,16.7,26091720,16.7
2020-12-24,16.8,16.85,15.8,16.5,29370800,16.5
2020-12-25,16.5,16.95,16.25,16.95,20824680,16.95
2020-12-28,17.05,17.1,16.55,16.75,23669440,16.75
2020-12-29,16.75,16.9,16.6,16.7,13078710,16.7
2020-12-30,16.8,17.25,16.8,16.8,35805500,16.8
2020-12-31,17,17,16.75,16.9,14969830,16.9
2021-01-04,17.05,17.7,16.9,17.55,46809600,17.55
2021-01-05,17.55,17.95,17.45,17.7,23399500,17.7
2021-01-06,17.9,18.35,17.7,18,31193600,18
2021-01-07,18.05,18.45,17.85,18.45,39683500,18.45
2021-01-08,18.8,19.5,18.65,19.4,34889200,19.4
2021-01-11,20,20.4,19.8,20.1,33493100,20.1
2021-01-12,19.9,20.05,19.5,19.8,27236800,19.8
2021-01-13,19.8,20.05,19.4,19.5,26650000,19.5
2021-01-14,19.65,20.25,19,20.1,27462300,20.1
2021-01-15,20.5,21.5,20.5,21.1,51692600,21.1
2021-01-18,21.7,21.7,20.25,20.6,59659200,20.6
2021-01-19,20.35,20.45,19.2,19.2,45045700,19.2
2021-01-20,19.4,19.6,17.95,19,34426700,19
2021-01-21,19.4,20,18.85,20,34477100,20
2021-01-22,20,20.2,19.7,19.95,29967400,19.95
2021-01-25,19.7,19.9,19.35,19.35,28071700,19.35
2021-01-26,19.3,19.3,18.05,18.1,32302200,18.1
2021-01-27,17.8,18.65,17,17.25,32158500,17.25
2021-01-28,16.15,16.95,16.05,16.05,45050900,16.05
2021-01-29,15.5,17.15,15.5,16.9,31230400,16.9
2021-02-01,17,17.45,16.1,16.1,23123900,16.1
2021-02-02,16.4,17.2,16,17.15,20756400,17.15
2021-02-03,17.35,18.2,17.15,18,27109800,18
2021-02-04,17.9,18.15,17.55,17.6,18651000,17.6
2021-02-05,17.65,18.3,17.6,18.3,18060300,18.3
2021-02-08,17.4,18.45,17.1,17.4,24037300,17.4
2021-02-09,18.15,18.2,17.1,18.15,18229600,18.15
2021-02-17,18.3,18.8,18.2,18.75,21031200,18.75
2021-02-18,18.7,18.8,18.45,18.6,22503900,18.6
2021-02-19,18.4,19,18.25,18.7,22590900,18.7
2021-02-22,18.8,19.2,18.55,18.6,25991000,18.6
2021-02-23,18.65,19,18.5,18.8,24897200,18.8
2021-02-24,18.95,19.15,18.3,18.35,24698800,18.35
2021-02-25,18.6,18.65,18.2,18.5,18339100,18.5
2021-02-26,18.25,18.55,18.2,18.35,17421100,18.35
2021-03-01,18.6,19.15,18.5,19.1,35781100,19.1
2021-03-02,19.6,19.6,19.05,19.15,21137900,19.15
2021-03-03,19.15,19.3,19,19,16624600,19
2021-03-04,19.05,19.15,18.3,18.35,23543500,18.35
2021-03-05,18.35,18.85,18.15,18.7,24861800,18.7
2021-03-08,19,19.15,18.5,18.6,13653100,18.6
2021-03-09,18.5,18.7,18.3,18.55,14770300,18.55
2021-03-10,18.65,18.9,18.4,18.7,18970000,18.7
2021-03-11,19,19.35,18.85,19.3,34594300,19.3
2021-03-12,19.4,19.5,19,19.2,19941500,19.2
2021-03-15,19.2,19.35,18.9,18.9,22954100,18.9
2021-03-16,18.95,19.15,18.75,18.9,23799400,18.9
2021-03-17,19,19.75,19,19.6,38324900,19.6
2021-03-18,19.85,19.95,19.6,19.7,19877400,19.7
2021-03-19,19.6,19.9,19.55,19.6,24328900,19.6
2021-03-22,19.7,19.7,19.15,19.2,32816300,19.2
2021-03-23,19.2,19.2,18.75,18.8,25297500,18.8
2021-03-24,18.55,18.85,18.3,18.4,22973200,18.4
2021-03-25,18.6,19.05,18.45,18.75,28724300,18.75
2021-03-26,18.75,19.1,18.3,18.95,23365100,18.95
2021-03-29,19.05,19.25,18.9,19.2,36995400,19.2
2021-03-30,19.25,20.5,19,20.5,99978500,20.5
2021-03-31,21.45,21.9,21.25,21.45,56674000,21.45
2021-04-01,21.4,21.65,21.1,21.6,33202800,21.6
2021-04-02,21.9,22.95,21.8,22.6,56039200,22.6
2021-04-05,23,23.3,22.6,23.15,46163800,23.15
2021-04-06,22.6,23.2,22.6,22.75,42374000,22.75
2021-04-07,22.3,22.6,22.1,22.3,51625800,22.3
2021-04-08,22.5,22.6,22,22.2,26665400,22.2
2021-04-09,22.2,22.9,22.2,22.7,25317200,22.7
2021-04-12,23,23.85,22.75,23.45,49313400,23.45
2021-04-13,23.45,23.55,22.6,22.7,46627800,22.7
2021-04-14,22.5,22.95,22.2,22.9,35105800,22.9
2021-04-15,23,23,22.2,22.35,36947400,22.35
2021-04-16,22.2,22.8,21.8,22.1,41485000,22.1
2021-04-19,22.3,22.9,22,22.9,29032100,22.9
2021-04-20,23,23.15,22.3,22.5,29744900,22.5
2021-04-22,22.5,22.6,21,21,35450900,21
2021-04-23,21.3,22.45,20.9,22.45,45227000,22.45
2021-04-26,22.9,23.2,22.45,22.55,41629500,22.55
2021-04-27,22.55,23.25,22.3,23.1,47546500,23.1
2021-04-28,23.1,24.35,22.9,24.2,71125700,24.2
2021-04-29,24.25,24.6,23.85,23.9,38893400,23.9
2021-05-04,23.3,24.2,23.15,24.1,54307900,24.1
2021-05-05,24.15,25.1,24.05,24.7,51677300,24.7
2021-05-06,24.55,24.9,24.3,24.4,34269000,24.4
2021-05-07,24.25,24.55,23.8,24,48458300,24
2021-05-10,23.8,24.5,23.7,24.3,41488900,24.3
2021-05-11,24.45,25.45,24.45,24.65,58012000,24.65
2021-05-12,24.85,26.35,24.8,26.35,59475300,26.35
2021-05-13,26.05,27.15,26.05,26.3,47105300,26.3
2021-05-14,26.6,26.85,26.15,26.4,32742600,26.4
2021-05-17,26.5,26.7,25.85,25.95,39752100,25.95
2021-05-18,25.9,27.4,25.65,27.3,44745200,27.3
2021-05-19,27.3,28.7,27.3,28.5,46484200,28.5
2021-05-20,28.45,29.55,28.1,29.4,57268100,29.4
2021-05-21,29.25,29.8,28.8,28.85,45792800,28.85
2021-05-24,28.85,29.25,28.8,28.9,31595200,28.9
2021-05-25,28.95,29.75,28.9,29.35,24123100,29.35
2021-05-26,29.6,29.8,29.35,29.5,31489600,29.5
2021-05-27,29.55,30.3,29,29.8,46751500,29.8
2021-05-28,30.4,31.85,30,31.85,73839900,31.85
2021-05-31,32.15,33.9,31.9,33.8,42128800,33.8
2021-06-01,33.5,33.55,32.35,32.4,47063500,32.4
2021-06-02,31.6,32.4,31.2,32.2,51657300,32.2
2021-06-03,33.2,33.2,32.2,32.75,30950700,32.75
2021-06-04,32.2,33,31.8,32.15,37481900,32.15
2021-06-07,31.8,32,30,30.7,38824700,30.7
2021-06-08,30.2,31.3,28.6,28.6,47297600,28.6
2021-06-09,28.5,30.35,28,29.6,37519500,29.6
2021-06-10,29.6,30.05,28.8,28.9,23976800,28.9
2021-06-11,29.1,30.8,28.8,30.5,36442200,30.5
2021-06-14,30.7,31.3,30.4,30.8,26889200,30.8
2021-06-15,30.8,30.8,29.8,30.1,29659500,30.1
2021-06-16,29.6,30.2,29,29.2,30686500,29.2
2021-06-17,28.55,29.65,28.55,29.4,19581100,29.4
2021-06-18,29.9,30.1,29.5,29.65,16991300,29.65
2021-06-21,29.5,30.3,29.35,29.85,24072800,29.85
2021-06-22,30.15,30.75,29.85,30.2,25185700,30.2
2021-06-23,30.2,30.35,29.75,29.75,24112800,29.75
2021-06-24,29.75,29.9,28.85,29,21749700,29
2021-06-25,29,29.5,28.9,29.5,15572700,29.5
2021-06-28,29.8,30.4,29.45,30.2,19303900,30.2
2021-06-29,30.5,31.5,30.4,31,36074600,31
2021-06-30,30.95,31.4,30.5,30.6,16495700,30.6
2021-07-01,30.6,31.25,30.45,31,29589500,31
2021-07-02,31.1,31.95,31.1,31.5,41478500,31.5
2021-07-05,31.6,32.6,30.9,32.6,52720000,32.6
2021-07-06,32.8,33.1,30.35,30.35,38579900,30.35
2021-07-07,30.65,31.15,30,31.05,41481100,31.05
2021-07-08,31,31.3,30.1,30.2,32240500,30.2
2021-07-09,30,30.5,29,29.1,38413800,29.1
2021-07-12,29.15,29.2,27.1,28.4,62616700,28.4
2021-07-13,28.8,29,28.05,28.7,18442600,28.7
2021-07-14,28.7,28.7,27,27.4,25268600,27.4
2021-07-15,27.1,28.8,27.1,28.8,25368800,28.8
2021-07-16,28.9,29.1,28.4,28.45,19474900,28.45
2021-07-19,27.5,27.95,26.7,27.5,38557500,27.5
2021-07-20,27.8,28.1,27.2,28.1,23884800,28.1
2021-07-21,28.3,28.4,27.8,27.85,14144600,27.85
2021-07-22,27.85,28.15,27.65,28,16617400,28
2021-07-23,28.3,29.95,27.9,28.7,63584600,28.7
2021-07-26,28.9,29.3,28.35,28.7,15097600,28.7
2021-07-27,29,29.75,28.7,29.1,29764400,29.1
2021-07-28,28.9,29.45,28.7,28.9,17532900,28.9
2021-07-29,29.1,29.4,29,29.3,16102300,29.3
2021-07-30,29.4,30.35,29.25,29.9,32248600,29.9
2021-08-02,29.8,30.4,29.3,29.3,26509200,29.3
2021-08-03,29.4,29.8,29.25,29.8,26539400,29.8
2021-08-04,29.8,30.8,29.65,30.65,48352900,30.65
2021-08-05,30.6,31.25,30.3,31.05,30721500,31.05
2021-08-06,31,31.15,30.3,30.3,30921200,30.3
2021-08-09,30.3,30.8,30.1,30.7,20906000,30.7
2021-08-10,30.85,31,30.3,30.6,24370800,30.6
2021-08-11,30.5,30.85,30.35,30.4,26155800,30.4
2021-08-12,30.3,30.5,29.6,29.6,27936600,29.6
2021-08-13,29.6,29.8,29.15,29.7,22964600,29.7
2021-08-16,29.85,30.4,29.4,30.3,24095900,30.3
2021-08-17,30.3,30.6,30,30.15,20325100,30.15
2021-08-18,30,30.15,29.55,29.95,22196200,29.95
2021-08-19,29.8,30.05,29.6,29.95,16698400,29.95
2021-08-20,29.8,29.9,28,28.3,42106300,28.3
2021-08-23,28.2,28.5,27,27,29889700,27
2021-08-24,26.9,27.85,26.65,27.25,25860800,27.25
2021-08-25,27.35,27.55,27.1,27.35,8164000,27.35
2021-08-26,27.5,27.55,26.85,27.1,13170400,27.1
2021-08-27,27,27.3,26.55,27.3,16479200,27.3
2021-08-30,27.35,27.95,27.2,27.9,11734700,27.9
2021-08-31,28,28,27.3,27.35,11977600,27.35
2021-09-01,27.2,27.5,27.2,27.2,10287300,27.2
2021-09-06,27.2,27.85,27.1,27.55,16262200,27.55
2021-09-07,27.75,28.35,27.55,27.9,13779100,27.9
2021-09-08,27.9,28.1,27.3,27.3,9670400,27.3
2021-09-09,27.15,27.5,27.1,27.35,9342700,27.35
2021-09-10,27.5,27.6,27.15,27.2,10699600,27.2
2021-09-13,27.25,27.3,26.8,26.9,10646300,26.9
2021-09-14,26.9,27.2,26.65,26.65,12638800,26.65
2021-09-15,26.65,26.9,26.55,26.6,10157900,26.6
2021-09-16,26.9,26.95,26.6,26.75,5187000,26.75
2021-09-17,26.9,27.1,26.7,26.8,16365100,26.8
2021-09-20,27,27.5,26.9,27.1,17459500,27.1
2021-09-21,26.85,27.05,26.5,26.8,14211800,26.8
2021-09-22,26.8,26.85,26.55,26.7,8394800,26.7
2021-09-23,26.75,27,26.6,26.6,12776800,26.6
2021-09-24,26.7,27.2,26.6,26.75,13849400,26.75
2021-09-27,27,27.1,26.5,26.5,10520000,26.5
2021-09-28,26.35,26.6,26.2,26.55,9950300,26.55
2021-09-29,26.5,26.55,25.7,25.8,19931200,25.8
2021-09-30,25.85,26.15,25.7,25.7,10103000,25.7
2021-10-01,25.65,25.65,24.5,24.7,24145000,24.7
2021-10-04,24.5,24.8,24.05,24.3,15741600,24.3
2021-10-05,24.4,25.75,24.4,25.75,13478800,25.75
2021-10-06,25.8,25.8,25.45,25.5,11698400,25.5
2021-10-07,25.5,25.75,24.9,25.5,10015400,25.5
2021-10-08,25.6,26,25.3,25.7,9327300,25.7
2021-10-11,25.9,26.6,25.9,26.5,16455900,26.5
2021-10-12,26.75,26.8,26.35,26.6,11680000,26.6
2021-10-13,26.7,26.75,26.2,26.25,9597600,26.25
2021-10-14,26.2,26.7,26.2,26.4,8760700,26.4
2021-10-15,26.5,27.2,26.4,26.85,18823000,26.85
2021-10-18,27,27.2,26.85,26.9,14767900,26.9
2021-10-19,26.9,26.95,26.2,26.2,8316500,26.2
2021-10-20,26.4,26.75,25.65,26.3,14904000,26.3
2021-10-21,26.5,26.6,26,26.1,8665200,26.1
2021-10-22,26.4,26.4,26,26.2,6241800,26.2
2021-10-25,26,26.25,25.6,25.6,15093200,25.6
2021-10-26,25.6,25.75,25.2,25.6,10164000,25.6
2021-10-27,25.75,26.65,25.65,26.5,18102100,26.5
2021-10-28,26.6,26.7,26,26.7,11057400,26.7
2021-10-29,26.6,26.7,26.2,26.6,10004300,26.6
2021-11-01,26.6,27.05,26.2,26.6,14694700,26.6
2021-11-02,26.7,26.8,26.5,26.65,9856900,26.65
2021-11-03,26.8,28.45,26.5,27.9,41004200,27.9
2021-11-04,27.9,28.15,27.45,27.45,13509500,27.45
2021-11-05,27.5,27.75,27.35,27.65,9439300,27.65
2021-11-08,27.65,28,27.3,27.85,22636800,27.85
2021-11-09,28.05,28.8,27.3,28.1,26353000,28.1
2021-11-10,28.2,28.75,28.15,28.45,16093600,28.45
2021-11-11,28.55,28.6,27.7,27.7,22523900,27.7
2021-11-12,27.45,28.45,27.3,28.1,17017200,28.1
2021-11-15,28.4,28.4,27.65,27.95,12698200,27.95
2021-11-16,28,28.8,27.7,28.05,22035100,28.05
2021-11-17,28.1,28.3,27.6,28,10324800,28
2021-11-18,28.15,28.15,27.55,27.65,12176100,27.65
2021-11-19,27.7,28.45,27,27.9,22040300,27.9
2021-11-22,28,29.5,27.9,28.8,35710300,28.8
2021-11-23,28.95,28.95,28.3,28.5,10730300,28.5
2021-11-24,28.5,30.45,28.35,30.45,67319900,30.45
2021-11-25,31,31.25,30.35,30.65,28507400,30.65
2021-11-26,30.7,31.45,30.5,30.85,29138700,30.85
2021-11-29,30.1,30.6,29.8,29.9,38634400,29.9
2021-11-30,30.25,30.3,28.65,28.9,35420000,28.9
2021-12-01,28.8,29.9,28.75,29.9,19243000,29.9
2021-12-02,29.9,30.05,29.3,29.3,13458600,29.3
2021-12-03,29.4,29.55,28,28,23483000,28
2021-12-06,28,28.4,26.4,27,26472000,27
2021-12-07,27.3,28.1,26.9,28.05,12829200,28.05
2021-12-08,28.05,28.8,27.8,28.6,15748100,28.6
2021-12-09,28.5,28.9,28.4,28.85,11915400,28.85
2021-12-10,28.85,29.05,28.4,28.6,9892400,28.6
2021-12-13,28.6,29,28.35,28.65,10709100,28.65
2021-12-14,28.55,28.8,28.1,28.1,11426600,28.1
2021-12-15,28.1,28.9,27.7,28.35,15191400,28.35
2021-12-16,28.7,28.7,28,28.6,11084400,28.6
2021-12-17,28.65,28.7,28,28.3,9269300,28.3
2021-12-20,28.25,28.7,28.15,28.65,13058500,28.65
2021-12-21,28.65,28.8,28.2,28.2,9480400,28.2
2021-12-22,28.45,28.6,27.2,27.65,12051600,27.65
2021-12-23,27.6,27.8,26.9,27.4,14265800,27.4
2021-12-24,27.4,28.25,27.4,28.2,10410800,28.2
2021-12-27,28.45,28.45,27.85,28.1,7405300,28.1
2021-12-28,28.25,30.05,28.05,30.05,45046600,30.05
2021-12-29,30.5,30.8,29.5,29.5,16201800,29.5
2021-12-30,29.6,31.05,29.6,30.5,26157300,30.5
2021-12-31,30.7,32.3,30.5,31.5,35409200,31.5
2022-01-04,32,32.85,31.7,32.1,32861600,32.1
2022-01-05,31.9,32.8,31.7,32.55,36939600,32.55
2022-01-06,32.5,33.9,32.4,32.7,38537500,32.7
2022-01-07,32.7,32.95,31.95,31.95,28165900,31.95
2022-01-10,31.95,32.95,31.15,31.6,28376500,31.6
2022-01-11,31.8,33.3,31.7,32.45,29595900,32.45
2022-01-12,32.5,34.7,31.65,34.7,62422400,34.7
2022-01-13,35.4,36.2,34.3,34.3,43947500,34.3
2022-01-14,33.8,35.45,33.75,35,26697800,35
2022-01-17,35.5,35.6,32.6,32.6,44370800,32.6
2022-01-18,32.6,34.5,32.55,33.9,39676700,33.9
2022-01-19,34.3,34.4,32.7,32.85,16989800,32.85
2022-01-20,32.6,33.5,31.8,33,19394600,33
2022-01-21,33.6,35.25,33.35,34.6,39140700,34.6
2022-01-24,34.4,34.95,33,33.3,30187300,33.3
2022-01-25,33.1,34.8,33,34.7,24092400,34.7
2022-01-26,35,36.5,34.8,35.55,48906400,35.55
2022-01-27,35.3,35.95,34.75,35.4,23697100,35.4
2022-01-28,35.2,36.2,35.2,35.55,22212200,35.55
2022-02-07,36,36.3,35.45,35.6,18652400,35.6
2022-02-08,35.35,36.2,35.35,35.85,18823800,35.85
2022-02-09,36,36.7,35,35.05,32928900,35.05
2022-02-10,35,35.25,34.2,34.75,33959900,34.75
2022-02-11,34.75,35.35,34.45,35.3,18450500,35.3
2022-02-14,34.85,35,32.85,32.85,37421900,32.85
2022-02-15,33.1,33.9,32.7,33.5,31169300,33.5
2022-02-16,33.75,34.1,33.1,33.6,20057100,33.6
2022-02-17,33.6,34.25,33.45,33.9,15739300,33.9
2022-02-18,33.6,33.8,33.2,33.35,18494900,33.35
2022-02-21,33.35,33.55,32.8,33.2,21150600,33.2
2022-02-22,32.9,33.7,32.8,33.7,24415700,33.7
2022-02-23,33.9,33.95,33.6,33.6,13866100,33.6
2022-02-24,33.4,33.7,32,32.9,30479000,32.9
2022-02-25,33.1,33.55,32.9,33,17789600,33
2022-02-28,33,33.35,32.8,32.85,16458800,32.85
2022-03-01,33,33,32.65,32.65,16919600,32.65
2022-03-02,32.5,32.55,31.1,31.25,45276000,31.25
2022-03-03,31.55,31.9,31.1,31.85,19790900,31.85
2022-03-04,31.85,32.55,31.5,32,13257500,32
2022-03-07,31.2,32,31.2,31.5,16727500,31.5
2022-03-08,31.05,31.65,30.65,30.85,16477900,30.85
2022-03-09,31,31.3,30.5,31.1,14911000,31.1
2022-03-10,31.75,32,31.55,31.55,12219700,31.55
2022-03-11,31.4,32.45,31.3,32.05,15987700,32.05
2022-03-14,32.05,32.6,31.85,32.5,20978200,32.5
2022-03-15,32.5,33.15,32.35,32.7,17471800,32.7
2022-03-16,32.8,32.95,32.55,32.9,11148500,32.9
2022-03-17,33,33.15,32.65,32.8,10884800,32.8
2022-03-18,32.8,33.25,32.55,33.1,26734000,33.1
2022-03-21,33.1,33.45,32.8,33.1,12852100,33.1
2022-03-22,33.35,34.2,33.35,34.05,24584000,34.05
2022-03-23,34,34.3,33.65,34,15498400,34
2022-03-24,34,34.05,33.6,33.65,9921600,33.65
2022-03-25,33.6,34,33.6,33.65,11344100,33.65
2022-03-28,33.5,33.55,31.8,31.85,36749100,31.85
2022-03-29,32.1,32.35,31.75,32.3,12694700,32.3
2022-03-30,31.95,32.65,31.5,32.25,15931800,32.25
2022-03-31,32.1,32.45,31.7,31.7,9023400,31.7
2022-04-01,31.65,32.25,31.55,32.2,9156000,32.2
2022-04-04,32.5,32.7,32.15,32.2,10191000,32.2
2022-04-05,32.05,32.3,31.8,31.8,8729900,31.8
2022-04-06,31.8,32.6,31.55,32.35,12151500,32.35
2022-04-07,32.4,32.9,31.75,31.9,11478600,31.9
2022-04-08,31.9,31.95,30.9,31,18745300,31
2022-04-12,31.15,31.45,30.5,30.8,9624800,30.8
2022-04-13,31,31.5,30.7,31.35,6924200,31.35
2022-04-14,31.35,31.5,30.75,30.8,6467600,30.8
2022-04-15,30.7,31,30.1,30.1,10461600,30.1
2022-04-18,30.1,30.2,29,29,14856200,29
2022-04-19,29.1,29.4,27.5,27.5,15852000,27.5
2022-04-20,27.8,28.2,27.45,27.55,12024300,27.55
2022-04-21,27.4,28.35,27.1,27.65,9902300,27.65
2022-04-22,28.1,29,27.8,28.8,11530600,28.8
2022-04-25,28.8,29,26.8,26.8,14386300,26.8
2022-04-26,26.6,27.5,25.65,27.4,11114800,27.4
2022-04-27,27,28.2,26.45,28.2,8593800,28.2
2022-04-28,27.85,28.2,27.4,27.7,6523900,27.7
2022-04-29,27.55,28.15,27.4,27.7,11168500,27.7
2022-05-04,27.7,27.7,26.7,26.75,8979400,26.75
2022-05-05,27,27.05,25.9,26.9,13505600,26.9
2022-05-06,26,26.6,25.4,25.5,15245000,25.5
2022-05-09,25.1,25.1,23.75,23.75,23972900,23.75
2022-05-10,22.55,23.9,22.55,23.9,18391700,23.9
2022-05-11,23.9,24,22.8,23.55,13068000,23.55
2022-05-12,23.45,23.45,21.95,21.95,24214900,21.95
2022-05-13,21.5,21.95,20.45,20.45,22537200,20.45
2022-05-16,21.1,21.3,19.05,19.05,35190100,19.05
2022-05-17,18.7,20.35,18.6,20.35,30818300,20.35
2022-05-18,20.95,21.75,20.7,21.75,27100600,21.75
2022-05-19,21.3,22.4,21.25,21.75,22221600,21.75
2022-05-20,21.75,22.05,21.5,21.6,14328800,21.6
2022-05-23,21.75,21.75,20.15,20.35,30824100,20.35
2022-05-24,20.35,21.75,20.1,21.75,17952200,21.75
2022-05-25,22,22.85,22,22.75,20351500,22.75
2022-05-26,22.6,22.75,22.3,22.4,15266200,22.4
2022-05-27,22.5,22.7,22.1,22.25,15040300,22.25
2022-05-30,22.45,23,22.25,22.8,16390500,22.8
2022-05-31,22.6,22.8,22.35,22.35,12812300,22.35
2022-06-01,22.3,22.6,22,22.25,14727100,22.25
2022-06-02,22.35,22.4,21.45,21.55,15929800,21.55
2022-06-03,21.5,21.7,20.95,21.15,12083400,21.15
2022-06-06,21.15,21.4,20.5,20.5,17162600,20.5
2022-06-07,20.5,20.55,19.8,20.2,16797600,20.2
2022-06-08,20.4,21.6,20.3,21.6,11493800,21.6
2022-06-09,22.25,22.35,21.7,22.3,16071100,22.3
2022-06-10,21.8,22.7,21.75,21.9,17446000,21.9
2022-06-13,21.05,21.6,20.5,20.6,16680200,20.6
2022-06-14,20.35,21.25,20.35,20.9,12472300,20.9
2022-06-15,21,21.05,19.95,20.7,13262200,20.7
2022-06-16,21.1,21.25,20.8,21,11245300,21
2022-06-17,20.5,20.5,19.8,20.25,12492500,20.25
2022-06-20,20.3,20.55,18.85,18.85,16894800,18.85
2022-06-21,18.85,19.6,18.7,19.2,10840400,19.2
2022-06-22,19.7,20.5,19.6,20.5,9689900,20.5
2022-06-23,20.15,21.7,20.15,21.3,15465200,21.3
2022-06-24,21.3,21.8,21.05,21.2,11596900,21.2
2022-06-27,21.4,21.75,21.15,21.5,9786600,21.5
2022-06-28,21.5,22.8,21.35,22.55,24887500,22.55
2022-06-29,22.1,23.3,22.1,22.6,13808600,22.6
2022-06-30,22.55,22.75,21.5,21.5,18789800,21.5
2022-07-01,21.4,22.05,20.7,22,16869800,22
2022-07-04,22.3,22.95,22.1,22.35,22132700,22.35
2022-07-05,22.4,23.6,22.35,23.05,30049300,23.05
2022-07-06,22.6,23.4,22.45,22.5,17725300,22.5
2022-07-07,22.5,23.15,22.1,22.6,15935900,22.6
2022-07-08,23,23.05,22.35,22.5,15739700,22.5
2022-07-11,22.25,22.45,21.65,22.05,21170600,22.05
2022-07-12,22.15,22.8,21.95,22.6,12469100,22.6
2022-07-13,22.6,23.4,22.6,23.05,17150700,23.05
2022-07-14,22.9,23.35,22.8,23.3,12876400,23.3
2022-07-15,23.4,23.75,22.95,23,16982600,23
2022-07-18,23.05,23.4,22.55,22.55,14305700,22.55
2022-07-19,22.55,23.15,22.45,22.95,11691000,22.95
2022-07-20,23.25,23.5,22.95,23.05,11199600,23.05
2022-07-21,23.05,23.6,23,23.1,17945400,23.1
2022-07-22,23.3,23.5,23,23,11581700,23
2022-07-25,23,23.3,22.8,22.85,6665200,22.85
2022-07-26,22.95,22.95,22.7,22.95,9279700,22.95
2022-07-27,22.85,23.05,22.75,23.05,9170900,23.05
2022-07-28,23.35,24.65,23.25,24.45,40238200,24.45
2022-07-29,24.65,24.9,24.3,24.7,17762000,24.7
2022-08-01,24.5,25.6,24.5,25.2,16701100,25.2
2022-08-02,25,25.5,24.85,24.95,18607500,24.95
2022-08-03,24.85,25.65,24.75,25.45,14338500,25.45
2022-08-04,25.65,25.7,25.1,25.2,13127200,25.2
2022-08-05,25.1,25.25,24.85,25.25,12665800,25.25
2022-08-08,25.25,25.65,25.1,25.3,7664100,25.3
2022-08-09,25.3,25.5,25,25.25,7863800,25.25
2022-08-10,25.2,25.3,24.9,24.9,8967800,24.9
2022-08-11,25.2,25.6,24.8,25.2,15664300,25.2
2022-08-12,25.05,25.65,25.05,25.65,8391200,25.65
2022-08-15,25.9,26.35,25.65,25.65,13671000,25.65
2022-08-16,25.8,25.8,25.35,25.55,9490900,25.55
2022-08-17,25.55,25.6,25.3,25.4,11130300,25.4
2022-08-18,25.2,25.65,25,25.2,12921000,25.2
2022-08-19,25.25,25.5,25.05,25.1,7722200,25.1
2022-08-22,25,25.2,24.7,24.7,9667900,24.7
2022-08-23,24.6,25,24.3,25,9877300,25
2022-08-24,25.1,25.55,24.8,25.4,13326500,25.4
2022-08-25,25.55,25.65,25.4,25.65,8891300,25.65
2022-08-26,25.7,25.8,25.1,25.1,10738200,25.1
2022-08-29,24.7,24.85,24.05,24.85,15059400,24.85
2022-08-30,24.9,25.1,24.65,24.65,8084200,24.65
2022-08-31,24.55,24.9,24.4,24.8,7673100,24.8
2022-09-05,24.7,24.85,24.6,24.7,5292400,24.7
2022-09-06,24.7,25.05,24.65,24.7,6307900,24.7
2022-09-07,24.7,25.45,24.35,24.35,22424200,24.35
2022-09-08,24.7,24.7,23.9,23.9,10363500,23.9
2022-09-09,24,24.05,22.65,23.75,21144800,23.75
2022-09-12,23.75,23.9,23.1,23.1,5734900,23.1
2022-09-13,23,23.45,23,23.05,6532800,23.05
2022-09-14,22.65,23.05,22.5,23.05,10170600,23.05
2022-09-15,23.25,23.35,22.8,23.05,8396500,23.05
2022-09-16,22.95,23,22.45,22.45,16349600,22.45
2022-09-19,22.6,22.65,21.6,21.6,10742400,21.6
2022-09-20,21.9,22.3,21.65,22.15,6368400,22.15
2022-09-21,22.05,22.1,21.75,21.75,3707700,21.75
2022-09-22,21.45,21.95,21.45,21.95,5220700,21.95
2022-09-23,21.8,22,21.45,21.45,6962300,21.45
2022-09-26,20.95,21,20.25,20.5,16606500,20.5
2022-09-27,20.8,20.8,20.4,20.5,5440900,20.5
2022-09-28,20.2,20.6,20.15,20.3,6498700,20.3
2022-09-29,20.6,20.7,19.7,19.7,7927300,19.7
2022-09-30,19.6,20.8,19.5,20.6,16490500,20.6
2022-10-03,20.3,20.4,19.2,19.2,14937100,19.2
2022-10-04,19.75,19.75,18.6,18.75,15971100,18.75
2022-10-05,19.35,19.5,19,19.25,10610300,19.25
2022-10-06,19.35,19.35,17.95,18,18656100,18
2022-10-07,17.6,17.6,16.75,16.75,40976500,16.75
2022-10-10,16.2,17.25,15.75,17,34119100,17
2022-10-11,16.95,17,15.85,15.85,24976900,15.85
2022-10-12,15.95,16.95,15.9,16.95,15160800,16.95
2022-10-13,17.05,17.7,16.95,17.65,16491000,17.65
2022-10-14,18.1,18.1,17.45,17.65,25065100,17.65
2022-10-17,17.45,18.15,17.3,18.15,12846000,18.15
2022-10-18,18.5,18.65,17.5,17.7,14148300,17.7
2022-10-19,17.75,17.85,16.9,17.3,17992600,17.3
2022-10-20,17.25,17.75,16.9,17.15,13245100,17.15
2022-10-21,17.1,17.25,15.95,15.95,22530300,15.95
2022-10-24,16.05,16.35,14.85,14.85,27147400,14.85
2022-10-25,14.9,15.85,14.05,14.9,22832700,14.9
2022-10-26,15.15,15.4,14.8,15,7624800,15
2022-10-27,15,16.05,15,16.05,21985200,16.05
2022-10-28,16.45,16.85,16.1,16.15,18824600,16.15
2022-10-31,16.2,16.5,15.6,16.15,16782900,16.15
2022-11-01,16.5,17.25,16.35,16.9,29458400,16.9
2022-11-02,16.9,17.3,16.75,16.9,19123400,16.9
2022-11-03,16.8,17.45,16.8,17.25,19534000,17.25
2022-11-04,17.05,17.25,16.05,16.6,32100600,16.6
2022-11-07,16.35,16.7,15.5,15.5,20698900,15.5
2022-11-08,15.5,16.55,15.3,16.45,22034700,16.45
2022-11-09,16.8,17.05,15.8,16.25,35899100,16.25
2022-11-10,16,16.25,15.15,15.15,37391500,15.15
2022-11-11,15.6,16.2,15.45,15.6,39517200,15.6
2022-11-14,15.45,16.1,14.85,15.85,36929800,15.85
2022-11-15,15.75,16,14.85,15.1,27646400,15.1
2022-11-16,14.8,16.15,14.45,16.15,29344400,16.15
2022-11-17,16.9,17.25,16.6,17.2,35148700,17.2
2022-11-18,16.95,17.65,16.45,17.1,32563700,17.1
2022-11-21,17.3,17.4,16.7,16.7,17502900,16.7
2022-11-22,16.6,17.85,16.6,16.9,30775500,16.9
2022-11-23,16.9,17.9,16.9,17.5,25665600,17.5
2022-11-24,17.3,18.2,16.9,18.2,18314400,18.2
2022-11-25,18.5,18.95,18,18.9,24962000,18.9
2022-11-28,19.1,19.75,19.05,19.7,28234200,19.7
2022-11-29,19.5,19.95,18.9,19.75,26282100,19.75
2022-11-30,19.55,20.2,19.15,20,25462700,20
2022-12-01,20.2,21.1,19.5,19.5,39125200,19.5
2022-12-02,19.8,20.85,19.5,20.85,27685300,20.85
2022-12-05,22.3,22.3,21.85,22.3,38505100,22.3
2022-12-06,22.25,22.65,20.75,20.75,49350900,20.75
2022-12-07,20.55,20.9,19.7,20.3,27772200,20.3
2022-12-08,20.75,21.7,20.75,21.7,20042500,21.7
2022-12-09,22.5,22.6,21.9,22.4,26467900,22.4
2022-12-12,22.5,22.6,21.3,21.3,20770500,21.3
2022-12-13,21.35,22.6,21.05,22.55,25986500,22.55
2022-12-14,23,23.5,22.7,23.25,21018800,23.25
2022-12-15,23.1,23.65,22.65,23.25,20332000,23.25
2022-12-16,22.85,23.2,22.55,22.8,25278700,22.8
2022-12-19,23,23.4,22.4,22.4,23175600,22.4
2022-12-20,22,22.45,21.25,22.45,28918700,22.45
2022-12-21,22.75,23.8,22.3,23.55,35449400,23.55
2022-12-22,23.75,24.15,23.1,23.4,17470200,23.4
2022-12-23,23.45,23.7,22.9,23.5,13227800,23.5
2022-12-26,23.45,23.55,21.9,21.9,20485300,21.9
2022-12-27,22,23,21.85,22.5,20842100,22.5
2022-12-28,22.6,23,22.05,22.9,15196800,22.9
2022-12-29,22.7,22.95,22.35,22.35,9448000,22.35
2022-12-30,22.6,22.7,22.2,22.5,10618600,22.5
2023-01-03,22.5,23.6,22.5,23.5,16251000,23.5
2023-01-04,23.6,24.1,23.3,23.3,18036600,23.3
2023-01-05,23.4,24.25,23.4,24.2,19217000,
2023-01-06,24.25,25.1,24.1,24.3,25666300,
2023-01-09,24.6,25,24.2,24.65,13239000,
2023-01-10,24.65,25.3,24.15,24.95,14761200,
2023-01-11,25.25,25.4,24.7,24.7,10080600,
2023-01-12,24.9,24.95,24.55,24.95,7154600,
2023-01-13,25.15,25.45,24.95,25.3,13353500,25.3
2023-01-16,25.4,25.55,25,25.5,7925000,25.5
2023-01-17,25.5,26.55,25.5,26.55,14388000,26.55
2023-01-18,26.55,26.85,26.55,26.8,8512500,26.8
2023-01-19,26.55,27,26.5,26.8,12060500,26.8
2023-01-27,27.1,27.4,26.65,26.65,8531800,26.65
2023-01-30,26.5,26.65,25.85,25.85,18539200,25.85
2023-01-31,25.85,27.1,25.15,27.1,25362500,27.1
2023-02-01,27.1,27.3,25.4,25.65,16199300,25.65
2023-02-02,25.7,26.35,25.4,26.15,18433700,26.15
2023-02-03,26.35,27.15,26.05,26.05,30634000,26.05
2023-02-06,26.1,26.4,25.6,25.7,19359900,25.7
2023-02-07,25.9,26.3,25.55,25.75,19755100,25.75
2023-02-08,25.9,25.95,25,25,28192600,25
2023-02-09,25.2,25.7,24.2,24.45,37343600,24.45
2023-02-10,24.5,24.8,23.65,23.65,16166300,23.65
2023-02-13,23.8,24.5,23.35,24.5,17392800,24.5
2023-02-14,24.5,24.85,24.05,24.4,9246400,24.4
2023-02-15,24.1,24.6,22.95,23.35,33356400,23.35
2023-02-16,23.75,24.25,23.45,23.9,15366000,23.9
2023-02-17,24.6,24.9,24.35,24.4,17975900,24.4
2023-02-20,24.3,25.7,24.2,25.7,20147300,25.7
2023-02-21,25.95,26.1,25.35,25.35,16561800,25.35
2023-02-22,25.1,25.5,24.7,24.7,18524900,24.7
2023-02-23,24.6,25,24.05,25,14252800,25
2023-02-24,25.05,25.05,24.3,24.3,8464100,24.3
2023-02-27,24,24.2,23.6,23.6,13398600,23.6
2023-02-28,23.95,24,23.6,23.75,6462100,23.75
2023-03-01,23.6,25.4,23.6,25.4,21605400,25.4
2023-03-02,25.4,25.7,25.2,25.6,11122900,25.6
2023-03-03,25.65,25.75,25,25,11814300,25
2023-03-06,25.25,25.6,24.7,24.9,18558000,24.9
2023-03-07,25.05,25.3,24.85,25,15476600,25
2023-03-08,24.85,25.35,24.85,25.35,13744200,25.35
2023-03-09,25.5,27.1,25.45,26.5,42575200,26.5
2023-03-10,26.5,26.85,25.95,26,23483500,26
2023-03-13,25.6,25.75,25,25,29609000,25
2023-03-14,24.9,25.05,24.1,24.4,25329600,24.4
2023-03-15,25.1,25.5,24.9,25.35,20097700,25.35
2023-03-16,24.8,24.95,24.5,24.6,19670500,24.6
2023-03-17,24.75,25.05,24.55,25.05,21263500,25.05
2023-03-20,25,25.05,24.2,24.2,16972100,24.2
2023-03-21,24.5,24.65,24.15,24.6,10858100,24.6
2023-03-22,24.75,25.25,24.6,24.8,16551000,24.8
2023-03-23,24.55,25.15,24.5,25,12242200,25
2023-03-24,25.25,25.55,25.05,25.05,16106400,25.05
2023-03-27,25.05,25.7,24.95,25.5,16704000,25.5
2023-03-28,25.9,26,25.3,25.4,17176400,25.4
2023-03-29,25.5,25.65,25.15,25.35,16807400,25.35
2023-03-30,25.7,26.45,25.4,26,39396200,26
2023-03-31,26,26.35,25.85,26.2,22409800,26.2
2023-04-03,26.6,27.05,26.5,26.75,25291900,26.75
2023-04-04,26.75,26.95,26.5,26.9,17729100,26.9
2023-04-05,26.9,26.9,25.9,26.25,39446300,26.25
2023-04-06,26.25,26.4,25.65,25.65,26271200,25.65
2023-04-07,25.75,26,25.5,26,15461800,26
2023-04-10,26.1,26.5,25.85,25.95,16465400,25.95
2023-04-11,25.9,25.95,25.6,25.95,13353600,25.95
2023-04-12,25.95,26.4,25.8,26.1,20359600,26.1
2023-04-13,26.2,26.55,26.05,26.45,16207400,26.45
2023-04-14,26.7,26.75,25.7,25.7,16397700,25.7
2023-04-17,25.8,26.05,25.65,25.9,10198100,25.9
2023-04-18,25.9,26.1,25.8,25.9,10113700,25.9
2023-04-19,26,26,25.5,25.5,14169900,25.5
2023-04-20,25.6,25.8,25.5,25.7,9010300,25.7
2023-04-21,25.7,25.8,25.5,25.6,8711200,25.6
2023-04-24,25.65,25.9,25.45,25.55,7659200,25.55
2023-04-25,25.75,25.9,24.9,25.05,15450700,25.05
2023-04-26,25.05,25.4,24.65,25.4,12437000,25.4
2023-04-27,25.4,25.5,25.15,25.15,6548900,25.15
2023-04-28,25.25,25.45,25.15,25.3,6775000,25.3
2023-05-04,25.05,25.3,24.95,25.15,8447400,25.15
2023-05-05,25.05,25.25,24.85,24.95,7684600,24.95
2023-05-08,25,25.7,25,25.65,10204600,25.65
2023-05-09,25.65,25.9,25.6,25.75,7317100,25.75
2023-05-10,25.8,26.45,25.75,26.35,14508700,26.35
2023-05-11,26.4,26.75,26.3,26.4,14943800,26.4
2023-05-12,26.55,26.85,26.35,26.8,16486600,26.8
2023-05-15,27,27.6,26.9,27,29853900,27
2023-05-16,27,27.55,27,27.4,13149900,27.4
2023-05-17,27.4,27.5,26.9,27,17690100,27
2023-05-18,27.15,27.5,27,27.2,15189700,27.2
2023-05-19,27.35,27.95,27.2,27.85,24344500,27.85
2023-05-22,28,28.5,27.8,28.15,17738400,28.15
2023-05-23,28.2,28.3,27.7,27.95,17308100,27.95
2023-05-24,28,28.05,27.3,27.4,21756500,27.4
2023-05-25,27.2,27.5,26.85,27,35282200,27
2023-05-26,27.25,27.25,26.85,27.2,11437800,27.2
2023-05-29,27.4,27.7,27.3,27.7,9984100,27.7
2023-05-30,27.95,27.95,27.4,27.7,9099700,27.7
2023-05-31,27.7,27.9,27.55,27.7,15062400,27.7
2023-06-01,27.65,28,27.65,28,8842400,28
2023-06-02,28.2,28.8,28.15,28.3,17871000,28.3
2023-06-05,28.55,28.65,28.05,28.05,14176900,28.05
2023-06-06,28.05,28.3,27.75,28.3,17184500,28.3
2023-06-07,28.7,28.8,28.15,28.35,12976500,28.35
2023-06-08,28.3,28.4,27.6,27.6,20255700,27.6
2023-06-09,27.7,28.1,27.25,28.1,12851200,28.1
2023-06-12,28.15,28.2,27.5,28.2,11276200,28.2
2023-06-13,28.2,28.4,27.95,28.2,9048400,28.2
2023-06-14,28.25,28.45,27.8,27.8,16588600,27.8
2023-06-15,27.8,27.9,27.6,27.8,11049600,27.8
2023-06-16,28.05,29.6,28,29,44855200,29
2023-06-19,29.15,29.15,28.75,28.75,8516000,28.75
2023-06-20,28.9,29.25,28.7,29.25,10685100,29.25
2023-06-21,29.25,29.55,29.1,29.4,16888300,29.4
2023-06-22,29.7,30.2,29.5,30,21640300,30
2023-06-23,30.2,30.65,30,30.3,16889100,30.3
2023-06-26,30.2,30.25,29.25,29.6,31159200,29.6
2023-06-27,29.55,29.75,29.45,29.6,11224400,29.6
2023-06-28,29.7,30,29.55,29.9,13693600,29.9
2023-06-29,29.95,30.05,29.3,29.55,14837600,29.55
2023-06-30,29.55,29.8,29.3,29.8,8144800,29.8
2023-07-03,29.8,29.95,29.45,29.7,7045400,29.7
2023-07-04,29.7,29.85,29.3,29.85,17233800,29.85
2023-07-05,29.85,30.25,29.65,29.9,14555700,29.9
2023-07-06,29.85,29.9,29.1,29.1,26337200,29.1
2023-07-07,29.1,29.6,29,29.6,9708200,29.6
2023-07-10,29.8,29.95,29.5,29.85,11191900,29.85
2023-07-11,30.05,30.35,29.85,30,17902700,30
2023-07-12,29.8,29.9,29.3,29.8,32137800,29.8
2023-07-13,29.65,30,29.65,30,11703900,30
2023-07-14,30.2,30.2,27.9,29,74861900,29
2023-07-17,28.85,28.9,28,28,41707400,28
2023-07-18,28,28.45,27.9,28.45,23016500,28.45
2023-07-19,28.45,28.6,28.2,28.25,11967700,28.25
2023-07-20,28.25,28.3,27.6,27.85,27253400,27.85
2023-07-21,27.95,28.75,27.8,28.75,29526800,28.75
2023-07-24,28.75,28.9,28.45,28.7,17378100,28.7
2023-07-25,28.6,29.15,28.4,28.5,19697700,28.5
2023-07-26,28.5,28.5,28.2,28.3,13249800,28.3
2023-07-27,28.3,28.45,27.9,28.1,21100800,28.1
2023-07-28,28.1,28.75,28.1,28.65,19908800,28.65
2023-07-31,28.9,29.1,28.5,28.95,21200800,28.95
2023-08-01,29.1,29.7,28.9,28.95,41823000,28.95
2023-08-02,28.9,29.3,28.8,29.1,18419000,29.1
2023-08-03,29.15,29.2,28.6,28.6,20537400,28.6
2023-08-04,28.6,28.95,28.5,28.95,18096200,28.95
2023-08-07,29.05,30.25,29.05,30.05,49624600,30.05
2023-08-08,30.35,30.4,29.75,29.8,15546300,29.8
2023-08-09,29.85,31.2,29.65,31.2,37815900,31.2
2023-08-10,31.15,31.3,30.55,30.55,13398600,30.55
2023-08-11,30.75,32.1,30.55,31.85,33178800,31.85
2023-08-14,31.9,32,31.5,31.9,16893000,31.9
2023-08-15,31.9,32,31.45,31.5,16928700,31.5
2023-08-16,31.5,32.9,31.2,32.9,44953500,32.9
2023-08-17,32.6,32.8,32.25,32.35,14884100,32.35
2023-08-18,32.1,32.45,30.3,31.3,45150600,31.3
2023-08-21,31.6,32.7,31.3,31.8,35255100,31.8
2023-08-22,32,32.15,30.5,32.15,32920900,32.15
2023-08-23,32.1,32.2,30.75,30.9,38653900,30.9
2023-08-24,31.1,31.7,30.9,31.55,14088400,31.55
2023-08-25,31.3,31.5,30.95,31.1,17148500,31.1
2023-08-28,31.15,31.9,30.95,31.65,18709800,31.65
2023-08-29,31.8,31.9,31.35,31.75,17672400,31.75
2023-08-30,31.8,32.5,31.8,32.5,27237000,32.5
2023-08-31,32.5,32.65,32.35,32.65,18726700,32.65
2023-09-05,32.7,33.15,32.4,32.7,22518900,32.7
2023-09-06,32.6,33.05,32.15,33.05,23144500,33.05
2023-09-07,33,33.25,32.65,33,20729300,33
2023-09-08,32.8,32.95,32.5,32.5,18547100,32.5
2023-09-11,32.7,32.7,31.55,31.6,32699500,31.6
2023-09-12,31.8,32.35,31.35,32.35,14337200,32.35
2023-09-13,32.5,32.55,31.85,31.95,17037500,31.95
2023-09-14,32,32.45,31.8,31.8,14940900,31.8
2023-09-15,32.3,33.15,32.1,32.5,34137000,32.5
2023-09-18,32.3,33.05,32.3,32.6,15196000,32.6
2023-09-19,32.7,33.6,32.65,33.3,33669800,33.3
2023-09-20,33.3,33.55,33.2,33.25,10589700,33.25
2023-09-21,33.2,33.7,32.35,32.35,31019800,32.35
2023-09-22,32,33,31.35,32.9,35946000,32.9
2023-09-25,32.8,33.15,31.4,31.65,25662800,31.65
2023-09-26,31.95,32.2,31.35,31.35,17056300,31.35
2023-09-27,31.5,31.8,30.55,31.8,19340500,31.8
2023-09-28,31.7,31.7,30.45,30.75,29418900,30.75
2023-09-29,31,31.25,30.65,30.65,12280500,30.65
2023-10-02,30.75,31.1,30.6,30.85,10885000,30.85
2023-10-03,30.65,30.65,29.05,29.2,33380900,29.2
2023-10-04,28.9,30.6,28.85,30.2,20419400,30.2
2023-10-05,30.1,30.35,29.85,29.9,10308800,29.9
2023-10-06,29.85,30.95,29.65,30.95,13108100,30.95
2023-10-09,30.95,31.3,30.6,31.2,9199800,31.2
2023-10-10,31.35,31.65,31.25,31.25,11506300,31.25
2023-10-11,31.25,31.8,31.15,31.75,8374300,31.75
2023-10-12,31.95,31.95,31.3,31.6,8160500,31.6
2023-10-13,31.2,31.6,31,31.5,11308800,31.5
2023-10-16,31.4,31.45,30.2,30.2,25870900,30.2
2023-10-17,30.45,30.7,30,30,11770400,30
2023-10-18,30.1,30.3,29.35,29.7,20147600,29.7
2023-10-19,29.5,29.9,28.95,29,20421700,29
2023-10-20,29,30.3,28.85,30.1,18953900,30.1
2023-10-23,29.8,30.1,29.4,29.7,13702000,29.7
2023-10-24,30,30.2,29.75,30,11931200,30
2023-10-25,30,30.2,29.55,29.55,8074600,29.55
2023-10-26,29,29.2,27.7,28.1,40837400,28.1
2023-10-27,28.55,29.25,28.15,28.7,16878600,28.7
2023-10-30,28.75,28.8,27,27,21271700,27
2023-10-31,27.1,27.55,26.55,27,27998300,27
2023-11-01,27.5,27.7,27.1,27.65,8556100,27.65
2023-11-02,27.95,29.05,27.9,29,15521400,29
2023-11-03,29.2,29.2,28.4,28.5,18856700,28.5
2023-11-06,28.65,29.5,28.6,29.45,26745600,29.45
2023-11-07,29.15,29.3,28.9,29,11144900,29
2023-11-08,28.9,30.1,28.75,30,20906400,30
2023-11-09,30.05,30.3,29.65,29.65,22227400,29.65
2023-11-10,29.4,30,29.25,29.5,13739800,29.5
2023-11-13,29.5,29.6,29,29.25,15892800,29.25
2023-11-14,29.6,30.45,29.5,30,18566200,30
2023-11-15,30.6,30.7,29.8,30,16567100,30
2023-11-16,29.9,30.2,29.75,30.2,9783300,30.2
2023-11-17,30.25,30.4,29.05,29.35,22164800,29.35
2023-11-20,28.7,29.45,28.7,29.2,16240800,29.2
2023-11-21,29.55,29.6,29.1,29.3,7021500,29.3
2023-11-22,29.3,29.45,28.75,29.1,19080700,29.1
2023-11-23,29.15,29.3,28.2,28.2,16575800,28.2
2023-11-24,28.4,28.4,27.5,28.3,23863000,28.3
2023-11-27,28.2,28.2,27.4,27.4,19828300,27.4
2023-11-28,27.5,28.15,26.85,28.15,17252700,28.15
2023-11-29,28.05,28.25,27.8,27.8,12029500,27.8
2023-11-30,27.8,28.1,27.5,27.5,13608300,27.5
2023-12-01,27.5,27.65,27.05,27.5,13635000,27.5
2023-12-04,27.6,28.35,27.55,28.2,19614700,28.2
2023-12-05,28.15,28.3,27.8,27.8,12589600,27.8
2023-12-06,27.7,28.1,27.7,28.1,14176100,28.1
2023-12-07,28.3,28.95,28.05,28.55,29262200,28.55
2023-12-08,28.7,28.85,28.2,28.2,14678400,28.2
2023-12-11,28.3,28.4,27.85,27.85,14345000,27.85
2023-12-12,27.95,28.1,27.8,28,6953400,28
2023-12-13,28,28.2,27.45,27.45,20639100,27.45
2023-12-14,27.7,27.75,27.1,27.1,14265300,27.1
2023-12-15,27.1,27.45,27.05,27.1,12858200,27.1
2023-12-18,27.1,27.2,26.3,26.3,21729000,26.3
2023-12-19,26.3,26.6,25.85,26.6,18259600,26.6
2023-12-20,26.7,26.95,26.45,26.95,8217200,26.95
2023-12-21,26.75,26.85,26.5,26.6,10018700,26.6
2023-12-22,26.6,27.45,26.3,27.2,22251300,27.2
2023-12-25,27.25,27.8,27.25,27.5,12751000,27.5
2023-12-26,27.6,27.6,27.15,27.5,13847000,27.5
2023-12-27,27.5,27.65,27.35,27.4,10685200,27.4
2023-12-28,27.45,27.8,27.35,27.6,10407400,27.6
2023-12-29,27.65,28.1,27.6,27.95,16014900,27.95
2024-01-02,28,28.15,27.75,27.75,14813300,27.75
2024-01-03,27.75,28.5,27.6,28.5,19990700,28.5
2024-01-04,28.6,29.55,28.5,28.6,31414000,28.6
2024-01-05,29,29.45,28.85,29.3,31291500,29.3
2024-01-08,29.6,29.65,29,29.2,15853600,29.2
2024-01-09,29.2,29.5,29.1,29.2,16760900,29.2
2024-01-10,29.1,29.8,29.1,29.45,25102500,29.45
2024-01-11,29.7,29.95,29.2,29.5,24449200,29.5
2024-01-12,29.3,30.15,29.1,29.9,41145100,29.9
2024-01-15,30.1,30.25,29.7,29.8,13057500,29.8
2024-01-16,29.75,29.9,29.6,29.9,13163500,29.9
2024-01-17,29.9,30.05,29.7,29.7,15239500,29.7
2024-01-18,29.75,30.25,29.65,29.8,14262500,29.8
2024-01-19,30,30.3,29.95,30.3,19382800,30.3
2024-01-22,30.5,30.6,30.15,30.25,13400000,30.25
2024-01-23,30.35,30.7,30.25,30.5,17926900,30.5
2024-01-24,30.45,31.25,30.4,30.75,24678500,30.75
2024-01-25,31,31,30.3,30.5,17446300,30.5
2024-01-26,30.7,30.7,30.2,30.3,15139100,30.3
2024-01-29,30.3,30.65,30.3,30.35,8935200,30.35
2024-01-30,30.35,30.7,30.3,30.7,11432400,30.7
2024-01-31,30.75,30.9,29.8,29.9,34436400,29.9
2024-02-01,29.9,30.15,29.7,29.8,10674100,29.8
2024-02-02,29.95,30.15,29.75,29.9,10080500,29.9
2024-02-05,30,30.85,29.85,30.6,20315900,30.6
2024-02-06,30.8,31.1,30.7,30.8,13437900,30.8
2024-02-07,30.75,31.2,30.75,31.1,12202200,31.1
2024-02-15,31.2,31.7,31,31.25,17188200,31.25
2024-02-16,31.3,31.4,30.75,30.8,20794300,30.8
2024-02-19,30.95,30.95,30.45,30.7,15780500,30.7
2024-02-20,30.7,31.05,30.55,30.7,16158900,30.7
2024-02-21,31,32,30.85,31.5,44463100,31.5
2024-02-22,31.4,31.5,31,31.05,15526000,31.05
2024-02-23,31.15,31.55,30.65,30.65,33551000,30.65
2024-02-26,30.65,30.75,30.15,30.5,24763200,30.5
2024-02-27,30.6,30.85,30.35,30.75,15451600,30.75
2024-02-28,30.85,31.5,30.75,31.4,28484800,31.4
2024-02-29,31.6,31.8,31.1,31.55,23713600,31.55
2024-03-01,31.75,32.2,31.7,31.95,27190200,31.95
2024-03-04,32.1,32.2,31.65,31.75,17157800,31.75
2024-03-05,31.75,31.95,31.55,31.9,12352400,31.9
2024-03-06,31.8,32.15,31.55,31.55,12265600,31.55
2024-03-07,31.55,31.6,31.15,31.3,17422800,31.3
2024-03-08,31.35,31.5,30.6,30.65,34885800,30.65
2024-03-11,30.6,30.7,30.1,30.2,20137400,30.2
2024-03-12,30.1,30.55,30.1,30.25,13195300,30.25
2024-03-13,30.3,30.85,30.15,30.85,16466100,30.85
2024-03-14,30.9,30.95,30.4,30.45,15812300,30.45
2024-03-15,30.45,30.75,30.2,30.5,17494500,30.5
2024-03-18,30.5,30.7,29.7,30.25,26184800,30.25
2024-03-19,30.3,30.55,29.9,30.4,13159300,30.4
2024-03-20,30.4,31.25,30.15,31.15,28145900,31.15
2024-03-21,31.25,31.5,31.1,31.5,15677800,31.5
2024-03-22,31.65,32.4,31.55,31.65,32805000,31.65
2024-03-25,31.6,31.7,30.8,30.85,25048000,30.85
2024-03-26,30.8,31,30.75,31,19270400,31
2024-03-27,31,31.2,30.65,30.9,15097000,30.9
2024-03-28,31.2,32,30.8,32,31997700,32
2024-03-29,32.25,32.6,31.6,31.6,34573900,31.6
2024-04-01,31.5,31.7,31.05,31.4,24131300,31.4
2024-04-02,30.5,30.95,29.6,30.2,105089800,30.2
2024-04-03,30.5,30.8,30.1,30.1,26957600,30.1
2024-04-04,30.1,30.2,29.65,29.7,30271800,29.7
2024-04-05,29.5,29.85,29.15,29.6,25456900,29.6
2024-04-08,29.3,29.45,28.95,29,26854100,29
2024-04-09,29,29.25,28.7,29.15,17950600,29.15
2024-04-10,29.3,29.45,29.1,29.1,14930400,29.1
2024-04-11,28.9,29.1,28.75,28.85,10462800,28.85
2024-04-12,29.1,29.4,28.9,29.1,15445100,29.1
2024-04-15,29,29.4,27.5,27.5,24337900,27.5
2024-04-16,27.65,27.8,27.2,27.3,22651800,27.3
2024-04-17,27.6,27.6,26.8,26.8,12961400,26.8
2024-04-19,26.4,28,26.15,26.8,23052500,26.8
2024-04-22,27.4,28.15,27.1,27.65,13422600,27.65
2024-04-23,27.55,28.15,27.55,27.8,18401000,27.8
2024-04-24,27.9,28.6,27.8,28.6,13991900,28.6
2024-04-25,28.6,28.65,28.2,28.45,9380100,28.45
2024-04-26,28.25,28.95,28.1,28.2,11932400,28.2
2024-05-02,28.35,28.35,27.5,27.6,10054400,27.6
2024-05-03,27.8,28.05,27.5,27.55,8851200,27.55
2024-05-06,27.95,28.15,27.65,28.1,8810000,28.1
2024-05-07,28.15,28.35,28.1,28.3,8560700,28.3
2024-05-08,28.3,28.35,27.85,27.95,9179100,27.95
2024-05-09,28,28.15,27.8,27.8,7552300,27.8
2024-05-10,27.9,28,27.6,27.6,6903400,27.6
2024-05-13,27.7,27.7,27.2,27.25,7861600,27.25
2024-05-14,27.3,27.55,27.2,27.25,7428600,27.25
2024-05-15,27.35,27.9,27.3,27.8,9801400,27.8
2024-05-16,28.1,28.65,28.1,28.4,16790800,28.4
2024-05-17,28.5,28.55,28.3,28.5,7138700,28.5
2024-05-20,28.75,28.75,28.2,28.3,10164400,28.3
2024-05-21,28.3,28.45,27.85,28.3,9961400,28.3
2024-05-22,28.3,28.4,27.95,28,7853200,28
2024-05-23,27.9,28.55,27.7,28.55,10710600,28.55
2024-05-24,28.45,29.25,28.3,28.7,28342000,28.7
2024-05-27,28.8,28.95,28.35,28.7,6564000,28.7
2024-05-28,28.8,29,28.6,28.85,9012300,28.85
2024-05-29,28.9,28.9,28.25,28.25,10808900,28.25
2024-05-30,28,28.25,27.6,27.85,16001700,27.85
2024-05-31,28.05,28.2,27.8,27.85,5567800,27.85
2024-06-03,28.1,29.75,28.1,29.75,28580200,29.75
2024-06-04,30.5,30.6,29.85,29.95,20232100,29.95
2024-06-05,30,30.4,29.6,29.6,15295100,29.6
2024-06-06,29.95,31.1,29.65,30.7,31379700,30.7
2024-06-07,30.7,31.1,30.7,30.75,12983500,30.75
2024-06-10,31.2,31.7,31.05,31.1,14942300,31.1
2024-06-11,31.2,31.35,30.7,31.2,14064100,31.2
2024-06-12,31.25,31.35,30.9,31.35,10808500,31.35
2024-06-13,31.5,31.9,31.25,31.65,19842400,31.65
2024-06-14,31.65,31.9,30.55,30.55,15865800,30.55
2024-06-17,30.4,30.8,30.25,30.5,14506900,30.5
2024-06-18,30.55,31.15,30.55,30.55,11579400,30.55
2024-06-19,30.6,31.2,30.45,30.9,13605100,30.9
2024-06-20,31.1,31.1,30,30.75,21298600,30.75
2024-06-21,30.7,31.35,30.45,30.65,11453900,30.65
2024-06-24,30.65,30.75,29.4,29.5,20293700,29.5
2024-06-25,29.7,29.8,29.25,29.6,11199300,29.6
2024-06-26,29.4,29.65,28.95,29.5,14572000,29.5
2024-06-27,29.3,29.5,29.1,29.2,6435800,29.2
2024-06-28,29.05,29.4,28.8,28.8,9182400,28.8
2024-07-01,29,29.35,28.8,29.3,5212400,29.3
2024-07-02,29.35,29.75,29.25,29.6,5431700,29.6
2024-07-03,29.55,30.1,29.55,29.9,6484600,29.9
2024-07-04,29.9,29.95,29.6,29.9,4385800,29.9
2024-07-05,29.9,30.15,29.6,30.1,6500200,30.1
2024-07-08,30,30.3,29.75,30.15,11712100,30.15
2024-07-09,30.15,30.4,29.95,30.35,11044600,30.35
2024-07-10,30.35,30.45,29.85,29.85,7896500,29.85
2024-07-11,30,30.15,29.85,29.85,5412300,29.85
2024-07-12,30,30.15,29.7,29.75,8716700,29.75
2024-07-15,29.8,29.95,29.6,29.75,3659300,29.75
2024-07-16,29.75,30.2,29.75,29.9,7816800,29.9
2024-07-17,30.1,31.2,29.95,30.4,25058400,30.4
2024-07-18,30.4,30.6,29.95,30.6,10719300,30.6
2024-07-19,30.55,30.85,30.15,30.3,8140200,30.3
2024-07-22,30.3,30.6,29.9,30,10809000,30
2024-07-23,30.1,30.3,29,29,11984600,29
2024-07-24,29,29.45,28.6,29.2,12412500,29.2
2024-07-25,29.15,29.15,28.6,28.8,8570900,28.8
2024-07-26,28.8,29.1,28.75,29.1,5366200,29.1
2024-07-29,29.2,29.4,28.8,29.1,5947800,29.1
2024-07-30,29.05,29.15,28.8,28.9,4458200,28.9
2024-07-31,29,29.25,28.85,29,6032600,29
2024-08-01,29,29.25,28.05,28.05,11998200,28.05
2024-08-02,28,28.55,27.95,28.4,10783600,28.4
2024-08-05,28.2,28.4,27,27.2,21028700,27.2
2024-08-06,27.55,28.45,27.3,28.4,8945400,28.4
2024-08-07,28.4,28.5,27.9,28.4,7957500,28.4
2024-08-08,28.05,28.6,28,28.25,5944200,28.25
2024-08-09,28.65,28.95,28.2,28.85,9925300,28.85
2024-08-12,28.85,29.35,28.6,29.2,9701500,29.2
2024-08-13,29.2,29.5,29.15,29.15,7059600,29.15
2024-08-14,29.25,29.4,29.2,29.2,5866500,29.2
2024-08-15,29.2,29.3,28.75,28.95,3730700,28.95
2024-08-16,28.95,29.45,28.95,29.35,8293900,29.35
2024-08-19,29.5,29.7,29.35,29.65,5992100,29.65
2024-08-20,29.65,29.8,29.5,29.65,6413400,29.65
2024-08-21,29.65,29.95,29.4,29.95,8881200,29.95
2024-08-22,30,30.05,29.8,29.9,4940600,29.9
2024-08-23,29.9,30,29.65,29.95,5876500,29.95
2024-08-26,30.05,30.2,29.75,29.75,7701300,29.75
2024-08-27,29.75,29.85,29.6,29.6,4245000,29.6
2024-08-28,29.7,29.85,29.55,29.55,4655800,29.55
2024-08-29,29.65,30.9,29.65,30.45,25193800,30.45
2024-08-30,30.55,30.65,30.35,30.55,5079700,30.55
2024-09-04,30.4,30.4,29.95,30.1,9433600,30.1
2024-09-05,30.1,30.15,29.4,29.6,10457600,29.6
2024-09-06,29.55,29.9,29.5,29.9,8550100,29.9
2024-09-09,29.65,29.75,29.5,29.5,4193600,29.5
2024-09-10,29.7,29.75,29.15,29.2,7772100,29.2
2024-09-11,29.15,29.7,29.1,29.6,6358300,29.6
2024-09-12,29.65,29.8,29.55,29.7,5852700,29.7
2024-09-13,29.7,29.95,29.55,29.8,6158600,29.8
2024-09-16,29.8,29.9,29.55,29.55,4878700,29.55
2024-09-17,29.65,29.85,29.45,29.85,5758400,29.85
2024-09-18,29.85,30.6,29.8,30.25,14764700,30.25
2024-09-19,30.35,30.6,30.3,30.5,7185600,30.5
2024-09-20,30.7,31.3,30.6,30.85,23258900,30.85
2024-09-23,30.9,31.3,30.8,30.8,6037200,30.8
2024-09-24,30.85,32.05,30.8,31.85,24839400,31.85
2024-09-25,32,32.7,31.85,32.7,28614000,32.7
2024-09-26,32.8,33.2,32.6,32.75,25838600,32.75
2024-09-27,32.9,33.65,32.8,33.6,22047200,33.6
2024-09-30,33.55,33.65,33.2,33.35,12432400,33.35
2024-10-01,33.4,34.4,33.4,33.5,16258900,33.5
2024-10-02,33.5,33.9,33.4,33.55,11383200,33.55
2024-10-03,33.55,34.2,33.55,33.75,19074200,33.75
2024-10-04,33.7,33.8,33.1,33.1,14347400,33.1
2024-10-07,33.4,34.15,33.35,33.8,14756600,33.8
2024-10-08,33.85,34.2,33.55,33.7,13909400,33.7
2024-10-09,33.7,34.3,33.6,34.15,17686600,34.15
2024-10-10,34.5,34.8,33.6,33.6,20748300,33.6
2024-10-11,33.65,33.8,33.4,33.8,7702400,33.8
2024-10-14,34.1,34.2,33.6,33.9,12932200,33.9
2024-10-15,33.95,34.2,33.6,33.7,12425100,33.7
2024-10-16,33.65,33.75,33.15,33.6,18409100,33.6
2024-10-17,33.7,34.6,33.25,34.6,27209600,34.6
2024-10-18,35.1,36.45,34.7,35.55,32868800,35.55
2024-10-21,35.65,36.1,35.25,35.25,13537800,35.25
2024-10-22,35.25,35.9,34.9,35,17680700,35
2024-10-23,35.1,35.8,34.65,35.8,12097200,35.8
2024-10-24,35.8,35.8,33.4,33.4,32157700,33.4
2024-10-25,33.65,34,33.3,33.45,19673700,33.45
2024-10-28,33.3,34.1,33.3,33.75,11423600,33.75
2024-10-29,33.85,34.3,33.8,34.05,10111000,34.05
2024-10-30,34.2,35.2,33.95,34.8,17096800,34.8
2024-10-31,34.8,35.7,34.6,35.2,17764700,35.2
2024-11-01,35,35.25,34.95,35,9112000,35
2024-11-04,35,35.35,34.65,34.9,11339100,34.9
2024-11-05,34.85,35.3,34.85,34.85,6852800,34.85
2024-11-06,35,35.5,34.8,35.5,6934000,35.5
2024-11-07,35.6,35.8,35.4,35.6,8231800,35.6
2024-11-08,35.85,36,35,35.5,9413400,35.5
2024-11-11,35.4,35.55,33.4,33.8,32893000,33.8
2024-11-12,33.8,33.9,33.25,33.55,14613800,33.55
2024-11-13,33.5,33.5,32.4,33.4,15006400,33.4
2024-11-14,33.55,33.55,32.5,32.5,9004900,32.5
2024-11-15,32.4,32.85,32.2,32.4,12216400,32.4
2024-11-18,32.55,32.7,31.9,32.6,10149900,32.6
2024-11-19,32.6,32.6,31.75,31.95,7271700,31.95
2024-11-20,31.7,32.75,31.3,32.4,8575900,32.4
2024-11-21,32.4,33.05,32.25,33.05,8026600,33.05
2024-11-22,33,33.15,32.6,32.65,5610500,32.65
2024-11-25,32.7,33.15,32.65,32.85,5082200,32.85
2024-11-26,33,33.35,32.95,33.2,6126800,33.2
2024-11-27,33.1,33.3,32.8,33.2,5196000,33.2
2024-11-28,33.2,33.6,32.95,33.15,8503500,33.15
2024-11-29,33.05,33.3,32.8,33.3,6626200,33.3
2024-12-02,33.4,33.4,32.85,33.1,5222300,33.1
2024-12-03,33.15,33.15,32.6,32.6,8715400,32.6
2024-12-04,32.55,32.6,32.15,32.4,5780600,32.4
2024-12-05,32.35,34,32.25,33.95,13198900,33.95
2024-12-06,33.9,33.95,33.6,33.8,5016000,33.8
2024-12-09,33.7,34.1,33.6,34,5819800,34
2024-12-10,34.05,34.2,33.5,33.5,5671300,33.5
2024-12-11,33.8,33.9,33.5,33.65,5182000,33.65
2024-12-12,33.65,34.1,33.65,33.8,4826000,33.8
2024-12-13,33.8,34.2,33.55,34,7644600,34
2024-12-16,34,34.1,33.85,34.1,4502700,34.1
2024-12-17,34.1,34.2,33.85,34.1,3703800,34.1
2024-12-18,34.1,34.2,33.85,34.2,4850900,34.2
2024-12-19,33.8,34,33.55,33.9,8676200,33.9
2024-12-20,33.75,33.95,33.5,33.85,7578900,33.85
2024-12-23,34.15,35,34.1,34.5,10898800,34.5
2024-12-24,34.55,34.75,34.35,34.7,6484800,34.7
2024-12-25,34.8,36.5,34.75,36.25,24376900,36.25
2024-12-26,36.45,37.4,36.35,37.1,16442000,37.1
2024-12-27,37.2,37.4,36.9,37.4,11145700,37.4
2024-12-30,37.35,37.85,36.8,37.85,10631900,37.85
2024-12-31,37.55,37.55,36.9,36.9,9388400,36.9
2025-01-02,36.95,37.2,36.6,37,5957100,37
2025-01-03,36.95,36.95,36.1,36.1,8642600,36.1
2025-01-06,36.1,36.6,36.05,36.25,9584000,36.25
2025-01-07,36.45,37.05,36.35,36.9,7377300,36.9
2025-01-08,36.7,36.9,36.5,36.7,6074100,36.7
2025-01-09,36.8,36.9,36.4,36.4,5593400,36.4
2025-01-10,36.4,36.55,35.2,35.2,15560200,35.2
2025-01-13,35,35.35,34.7,35.3,8382600,35.3
2025-01-14,35.3,35.4,34.9,35.4,4412700,35.4
2025-01-15,35.4,35.45,35.1,35.1,6977700,35.1
2025-01-16,35.4,35.8,35.05,35.45,9548300,35.45
2025-01-17,35.4,35.8,35.15,35.75,5715900,35.75
2025-01-20,35.85,36.35,35.75,35.95,6359200,35.95
2025-01-21,36.45,36.45,35.9,36.05,5396100,36.05
2025-01-22,36.2,36.65,36.15,36.35,7602200,36.35
2025-01-23,36.65,37.55,36.45,37,10155400,37
2025-01-24,37.3,37.35,36.9,37,4818200,37
2025-02-04,36.7,37.8,36.65,37.3,12650000,37.3
2025-02-05,37.45,37.5,37,37.25,5279300,37.25
2025-02-06,37.5,37.85,37.3,37.35,8268500,37.35
2025-02-07,37.35,38.1,37.2,37.45,11948300,37.45
2025-02-10,37.4,38.85,37.2,38.45,21128100,38.45
2025-02-11,38.4,38.7,38.15,38.5,5513100,38.5
2025-02-12,38.5,38.85,38.3,38.65,8553900,38.65
2025-02-13,38.5,38.8,38.4,38.8,4741600,38.8
2025-02-14,39.3,39.3,38.25,38.25,8007000,38.25
2025-02-17,38.25,38.5,38.1,38.3,6088300,38.3
2025-02-18,38.3,39.15,38.15,38.65,8042000,38.65
2025-02-19,38.65,39.1,38.5,38.75,7478000,38.75
2025-02-20,38.9,39.05,38.55,38.75,7041600,38.75
2025-02-21,38.75,38.95,38.3,38.85,8170200,38.85
2025-02-24,38.85,39.6,38.7,39.4,7261100,39.4
2025-02-25,39.5,39.7,39.25,39.25,6148600,39.25
2025-02-26,39.25,39.35,38.55,38.55,15149500,38.55
2025-02-27,38.55,38.65,38.1,38.3,12864400,38.3
2025-02-28,38.25,38.7,38.25,38.25,5601900,38.25
2025-03-03,38.35,38.85,38.35,38.85,5444600,38.85
2025-03-04,38.65,39.4,38.5,39.2,9150800,39.2
2025-03-05,39.3,39.7,38.8,38.8,9606400,38.8
2025-03-06,38.85,39.55,38.75,39.5,7514100,39.5
2025-03-07,39.65,39.9,39.4,39.75,11663800,39.75
2025-03-10,40,40.3,39.2,40,15036900,40
2025-03-11,39.4,39.9,39.4,39.9,5687100,39.9
2025-03-12,40,40.05,39.3,39.75,10908500,39.75
2025-03-13,39.65,39.7,38.95,39,16107200,39
2025-03-14,38.8,39.05,38.35,38.85,12595200,38.85
2025-03-17,39,39.2,38.5,38.85,5677600,38.85
2025-03-18,38.95,39.1,38.4,38.4,6627800,38.4
2025-03-19,38.4,38.6,37.9,38.4,12163700,38.4
2025-03-20,38.4,39,38.1,38.9,8974900,38.9
2025-03-21,38.95,39,38.35,38.65,6529400,38.65
2025-03-24,38.7,38.7,37.9,38.6,9208700,38.6
2025-03-25,38.75,38.8,38.35,38.65,5559800,38.65
2025-03-26,38.65,39.2,38.45,38.6,10412200,38.6
2025-03-27,38.4,38.6,38.15,38.25,5286900,38.25
2025-03-28,38.25,38.7,37.95,38.25,6500900,38.25
2025-03-31,38,38.75,37.95,38.3,7858700,38.3
2025-04-01,38.65,39.7,38.3,39.7,12024400,39.7
2025-04-02,39.65,39.75,39.25,39.25,8155200,39.25
2025-04-03,38.1,38.5,36.55,36.55,90990400,36.55
2025-04-04,34.1,37.5,34.1,37.4,38581000,37.4
2025-04-08,36,36.9,34.8,34.8,50377200,34.8
2025-04-09,33,36,32.4,33.1,30887500,33.1
2025-04-10,35.4,35.4,35.4,35.4,231100,35.4
2025-04-11,35.4,37.85,35.4,37.85,45803600,37.85
2025-04-14,37.95,38.5,37.55,37.8,12950500,37.8
2025-04-15,37.45,38.45,37.1,38.45,16839800,38.45
2025-04-16,38.6,38.85,38.05,38.15,9915900,38.15
2025-04-17,38,38.5,37.95,38.3,12994500,38.3
2025-04-18,38.6,39.15,38.5,38.55,14439400,38.55
2025-04-21,38.55,41.2,37.85,40.45,34146600,40.45
2025-04-22,40.45,40.65,37.65,40.65,32019500,40.65
2025-04-23,41.05,41.2,40.15,40.2,13621800,40.2
2025-04-24,40.2,40.45,39.5,40.2,13836900,40.2
2025-04-25,40.2,40.5,39.15,39.15,23650700,39.15
2025-04-28,39.25,39.3,38.75,39.25,9043800,39.25
2025-04-29,39.2,39.4,38.9,39.1,4551800,39.1
2025-05-05,39.2,39.65,38.95,39.5,5167000,39.5
2025-05-06,39.4,39.7,39.05,38.85,8137000,38.85
2025-05-07,38.95,39.15,38.55,38.85,9004500,38.85
2025-05-08,38.9,39.6,38.75,39.5,9549200,39.5
2025-05-09,39.4,40.15,39.3,39.75,15287300,39.75
2025-05-12,39.8,40.05,39.75,40,17745900,40
2025-05-13,40.35,40.4,39.6,40.1,13378200,40.1
2025-05-14,40.2,40.3,39.7,40,11857000,40
2025-05-15,40.2,41.1,40.05,40.7,18297100,40.7
2025-05-16,40.7,40.75,39.8,39.8,8322100,39.8
2025-05-19,39.5,39.65,38.95,39,15035800,39
2025-05-20,39,39.65,39,39.5,10361100,39.5
2025-05-21,39.5,42.25,39.5,41.8,39103400,41.8
2025-05-22,41.75,42,41,41.1,9149500,41.1
2025-05-23,41.1,41.8,40.8,41.8,10650200,41.8
2025-05-26,41.5,41.75,40.3,41.55,10359000,41.55
2025-05-27,41.55,42.1,41.1,41.5,8067700,41.5
2025-05-28,41.7,41.7,41.05,41.05,7824600,41.05
2025-05-29,41.15,41.4,40.75,41.3,7364400,41.3
2025-05-30,41.35,41.35,40.55,40.7,8819800,40.7
2025-06-02,40.7,42.2,40.5,41.8,11981200,41.8
2025-06-03,41.9,42,41.55,41.6,5967100,41.6
2025-06-04,41.7,41.75,41,41,7724000,41
2025-06-05,41,41.9,41,41.35,10652000,41.35
2025-06-06,41.3,42.45,41.1,41.75,15985000,41.75
2025-06-09,41.95,42.2,41.6,41.95,7225300,41.95
2025-06-10,42.1,44,42,42.9,15151600,42.9
2025-06-11,43.15,43.3,42.6,42.85,6729600,42.85
2025-06-12,43.2,45.75,43.2,45,20238200,45
2025-06-13,44.7,45.2,44.25,44.9,13819300,44.9
2025-06-16,44.6,45.5,44.55,45.5,8042500,45.5
2025-06-17,45.55,46.4,45.5,46,8798900,46
2025-06-18,46,47.8,45.7,47.2,12882100,47.2
2025-06-19,47.2,47.45,46.7,47.15,8489700,47.15
2025-06-20,47.3,47.5,46.15,46.6,10921500,46.6
2025-06-23,46.25,47.2,46.15,46.45,6599000,46.45
2025-06-24,46.85,47.2,46.15,46.5,10511600,46.5
2025-06-25,46.5,47.35,46.45,46.8,6595600,46.8
2025-06-26,47,47.2,46.2,46.8,9648600,46.8
2025-06-27,47.05,47.1,46.35,46.35,5470600,46.35
2025-06-30,46.6,47.05,46.35,46.7,6019100,46.7
2025-07-01,46.8,46.95,46.45,46.95,6104200,46.95
2025-07-02,47.3,48.1,47,47.55,9449300,47.55
2025-07-03,47.4,47.7,46.4,46.65,14989200,46.65
2025-07-04,46.7,47.2,46.2,47.05,9440800,47.05
2025-07-07,47.1,48.5,47.1,47.55,8252600,47.55
2025-07-08,47.7,48.05,47.2,47.65,6020400,47.65
2025-07-09,48,48.1,47.35,47.8,9776500,47.8
2025-07-10,47.9,47.9,47.25,47.65,8376100,47.65
2025-07-11,47.8,48.5,47.35,47.65,10780900,47.65
2025-07-14,47.75,48.1,47.2,47.95,8661400,47.95
2025-07-15,48.2,49.2,47.7,47.7,9831600,47.7
2025-07-16,47.8,48.15,47.25,47.8,9529800,47.8
2025-07-17,48.05,48.4,47.6,47.7,9050500,47.7
2025-07-18,48,50.5,47.4,50.2,26073200,50.2
2025-07-21,50.7,50.8,49.15,49.5,10525200,49.5
2025-07-22,49.2,49.5,48.7,49.5,9543900,49.5
2025-07-23,49.7,49.7,48.5,48.7,15205900,48.7
2025-07-24,48.8,49.5,48.5,49,10168300,49
2025-07-25,49.45,49.5,48.8,48.8,7947800,48.8
2025-07-28,48.8,49.3,48.35,49.1,15097200,49.1
2025-07-29,49.1,50.8,48,48,24137000,48
2025-07-30,48.85,50.3,48.1,49.3,17249500,49.3
2025-07-31,49.9,50.7,49.25,49.95,18161500,49.95
2025-08-01,50.3,50.8,49.1,49.4,13980500,49.4
2025-08-04,48.9,50,48.5,50,10261900,50
2025-08-05,50.4,53.5,49.65,51.7,34970000,51.7
2025-08-06,52.6,54.1,52.2,54.1,12203200,54.1
2025-08-07,54.8,55.2,52.9,54.6,14247000,54.6
2025-08-08,54.4,54.4,52.5,54,15418000,54
2025-08-11,53.6,53.8,52.7,53.7,11099300,53.7
2025-08-12,53.6,54.8,53,54,7085300,54
2025-08-13,54.4,54.4,52.9,53.9,8805500,53.9
2025-08-14,54.3,56.3,53.7,55.4,16179400,55.4
2025-08-15,55.9,56,53,53.9,13248000,53.9
2025-08-18,53.9,53.9,52.2,52.8,12871600,52.8
2025-08-19,52.7,53.9,52.3,53.2,10619300,53.2
2025-08-20,53.4,54.4,51.7,54.1,25005100,54.1
2025-08-21,54.8,57.8,54.7,57.8,26950700,57.8
2025-08-22,57.4,59.1,54.6,55.5,21576300,55.5
2025-08-25,56.2,56.5,51.7,53,22715200,53
2025-08-26,52.5,55,52.4,55,12289300,55
2025-08-27,55.3,56.4,54.1,55.6,15918500,55.6
2025-08-28,55.9,56.2,54.4,54.8,8394200,54.8
2025-08-29,55.2,55.8,54.3,55.6,13870300,55.6
2025-09-03,56,56.3,55.2,56.3,7512300,56.3
2025-09-04,56.7,56.8,55.7,56.4,7720900,56.4
2025-09-05,56.9,57.1,54.8,56,11299600,56
2025-09-08,55.7,56.2,53.9,54,11396400,54
2025-09-09,53.9,54.3,53.1,54.2,6237400,54.2
2025-09-10,54.5,54.9,53.4,53.9,7469300,53.9
2025-09-11,54.2,55.7,52.6,55.4,12854900,55.4
2025-09-12,55.9,55.9,55.1,55.4,6397200,55.4
2025-09-15,55.2,56,54.5,56,8931100,56
2025-09-16,56.4,56.9,55.9,56.1,6628000,56.1
2025-09-17,56.3,56.6,55.5,56.2,8281600,56.2
2025-09-18,56.5,57.3,55.8,57,8193300,57
2025-09-19,57.4,57.5,55.2,55.2,14993400,55.2
2025-09-22,55.5,55.7,53.6,54.8,8456900,54.8
2025-09-23,55.2,55.7,54.5,55.4,5215300,55.4
2025-09-24,55.4,57,54.5,57,6866400,57
2025-09-25,57.2,57.2,56,56.9,6594300,56.9
2025-09-26,56.9,56.9,55.9,56.5,6010100,56.5
2025-09-29,56.5,56.6,55.4,56.6,5361700,56.6
2025-09-30,56.6,57.1,56,56.9,8892800,56.9
2025-10-01,57.1,59.8,56.7,59.8,18440100,59.8
2025-10-02,60,60.3,58,58.7,8412100,58.7
2025-10-03,58.6,58.6,57,57,9437900,57
2025-10-06,58,59.8,57.1,59.8,10349900,59.8
2025-10-07,60,60.4,58.5,58.5,7496400,58.5
2025-10-08,58.6,60,58.5,59.9,10390300,59.9
2025-10-09,60.3,61,59.7,60,9593000,60
2025-10-10,60.2,60.4,59.2,60.4,8202400,60.4
2025-10-13,59.9,61,59.3,61,7743200,61
2025-10-14,61.1,61.3,60.1,60.6,7039200,60.6
2025-10-15,60.2,60.8,60,60,3805800,60
2025-10-16,60.1,60.4,58.5,59.5,10235300,59.5
2025-10-17,59,59.3,58.1,59,6674400,59
2025-10-20,58.6,58.8,54.9,54.9,13295700,54.9
2025-10-21,55.5,55.6,53,55.6,11955700,55.6
2025-10-22,55.7,55.7,53.5,55.4,5680600,55.4
2025-10-23,55.4,55.9,54.7,55.6,5822500,55.6
2025-10-24,55.2,55.5,53.6,54.5,7394000,54.5
2025-10-27,54.5,55.3,53.5,54.6,4852600,54.6
2025-10-28,54.4,56.8,53.6,56.8,6598200,56.8
2025-10-29,56.8,58.1,56.5,57.2,5986100,57.2
2025-10-30,57.2,57.3,56.4,56.9,3281900,56.9
2025-10-31,56.7,57.2,55.5,55.5,3469600,55.5
2025-11-03,55.4,55.8,52.3,52.3,6619800,52.3
2025-11-04,52,54.8,51.7,53.9,11567100,53.9
2025-11-05,53.5,54.5,53.2,53.5,4422600,53.5
2025-11-06,53.5,53.8,51.9,51.9,7748900,51.9
2025-11-07,51.7,51.9,48.35,48.35,20318100,48.35
2025-11-10,48.5,49.4,48.35,48.5,8290900,48.5
2025-11-11,48.7,49.65,47.45,49.65,8621000,49.65
2025-11-12,49.7,50.6,48.85,50.6,8640000,50.6
2025-11-13,50.5,50.5,48.55,48.7,17041000,48.7
2025-11-14,48.6,48.65,47.4,48.05,14304600,48.05
2025-11-17,48.1,49.05,47.9,48.9,10169700,48.9
2025-11-18,48.9,49.65,48.5,49.5,8541600,49.5
2025-11-19,49.45,50.3,49.05,49.5,9515600,49.5
2025-11-20,49.5,49.8,49.1,49.5,5896100,49.5
2025-11-21,49.05,51.3,48.9,51.3,10132900,51.3
2025-11-24,51.5,51.5,50,50,6116900,50
2025-11-25,50,51,49.75,50,5219100,50
2025-11-26,50.1,51.2,49.95,49.95,7616300,49.95
2025-11-27,49.8,50.6,49.3,49.3,3672600,49.3
2025-11-28,49,49.55,48.6,48.6,4671200,48.6
2025-12-01,48.7,49.6,48.65,49,3344100,49
2025-12-02,49,49.65,49,49.4,5477800,49.4
2025-12-03,49.2,50.9,49.2,49.7,7311300,49.7
2025-12-04,50,51,49.95,50.2,7179800,50.2
2025-12-05,50.6,50.6,49.2,49.2,6092100,49.2
2025-12-08,49.2,49.25,48.7,48.7,4224200,48.7
2025-12-09,48.35,49.25,48.05,48.55,10646500,48.55
2025-12-10,48.45,48.65,48.4,48.6,5984100,48.6
2025-12-11,48.4,48.6,47.7,47.7,6162200,47.7
2025-12-12,47.7,48.5,46,46,8811500,46
2025-12-15,46.05,47.2,45.95,46.8,6054400,46.8
2025-12-16,46.5,48.2,46.5,47.05,5417200,47.05
2025-12-17,47.2,47.8,47.1,47.2,4055200,47.2
2025-12-18,47,48,46.9,48,5520600,48
2025-12-19,47.7,49,47.7,49,7229300,49
2025-12-22,49.3,52.4,48.6,52.4,13019000,52.4
2025-12-23,54.7,56,54.2,56,8408800,56
2025-12-24,58.8,58.8,56.6,58.7,19984100,58.7
2025-12-25,58.3,58.6,55.9,55.9,15350700,55.9
2025-12-26,55.5,57.5,53.1,57.5,17485500,57.5
2025-12-29,58.2,60.4,58.1,59.9,22403400,59.9
2025-12-30,60.3,60.8,58.5,60,19183500,60
2025-12-31,59.6,60.2,58,58,14589500,58
2026-01-05,58.2,58.3,56,57.9,18337600,57.9
2026-01-06,57.5,58.7,56.7,56.7,12705700,56.7
2026-01-07,55.6,55.9,52.8,53.4,53941300,53.4
2026-01-08,53.7,55.2,53.1,53.5,16488100,53.5
2026-01-09,53.6,54.3,51.5,51.8,21551500,51.8
2026-01-12,51.5,54.3,51.1,53.8,21181100,53.8
2026-01-13,53.8,55.2,53.7,54.1,18230000,54.1
2026-01-14,53.9,55.1,53.8,54.1,14857600,54.1
2026-01-15,53.8,57.8,53.7,57.8,23196000,57.8
2026-01-16,59.4,60.6,57.9,58.4,18237000,58.4
2026-01-19,58,58.7,57.6,58.3,8938300,58.3
2026-01-20,58.2,60.9,58.1,58.1,16114900,58.1
2026-01-21,57.6,62.1,57.2,62.1,25967900,62.1
2026-01-22,63,66.4,63,63.5,17206700,63.5
2026-01-23,63.2,66.1,62.6,62.6,16451000,62.6
2026-01-26,63,63.8,61.6,62,14884400,62
2026-01-27,62,63.3,61,61.9,12496700,61.9
2026-01-28,62,65.6,61.9,63.2,12810300,63.2
2026-01-29,64,64.4,62.6,62.8,7052500,62.8
2026-01-30,62.8,65,62.7,63,9372100,63
2026-02-02,63,64,62,63.5,12216000,63.5
2026-02-03,64,64.5,62.7,63,10152200,63
2026-02-04,62.8,64.6,62.6,63.8,11683400,63.8
2026-02-05,63.8,65,62.3,62.3,10907100,62.3
2026-02-06,61.8,62.4,60.8,61.5,14979600,61.5
2026-02-09,61.6,62.1,60.3,60.3,5613100,60.3
2026-02-10,60.3,60.7,59,59.5,15767700,59.5
2026-02-11,59.3,62.9,59.3,61.1,8440100,61.1
2026-02-12,61.2,62.7,61.1,61.1,4636600,61.1
2026-02-13,61.2,62.6,61.1,62.6,8998200,62.6
2026-02-23,62.5,63.7,62.5,62.9,5818900,62.9
2026-02-24,63.2,64.2,63,63.4,7967200,63.4
2026-02-25,63.4,67.8,63.4,66.7,20065800,66.7
2026-02-26,66.8,67.3,65.6,67,8140000,67
2026-02-27,66.9,67.2,65.5,65.5,7079500,65.5
2026-03-02,65.1,70,64.1,67,22266500,67
2026-03-03,67,70.2,67,67.8,10142700,67.8
2026-03-04,67.6,68.1,65.3,66.7,15992100,66.7
2026-03-05,67.6,68.7,64.9,64.9,11705000,64.9
2026-03-06,64.9,65.4,62.6,63.8,9695500,63.8
2026-03-09,59.4,64.1,59.4,60.8,34718500,60.8
2026-03-10,63,65,62.6,65,21117100,65
2026-03-11,65.1,67.4,64.5,66.3,9254700,66.3
2026-03-12,65.6,67.1,65.1,65.7,6081700,65.7
2026-03-13,65,67,64.9,65.8,6921900,65.8
2026-03-16,65.7,68.9,65.6,66.6,10881400,66.6
2026-03-17,67,69.2,67,67.6,8825000,67.6
2026-03-18,67.7,68.8,62.9,63.3,33645200,63.3
2026-03-19,63.3,64.7,62.1,63.4,11631900,63.4
2026-03-20,63.1,64,62.7,63.4,9388100,63.4
2026-03-23,62.4,62.9,60,60,8986900,60
2026-03-24,61.1,62,60.5,60.8,6025600,60.8
2026-03-25,61.3,62.7,61.1,62.2,5688900,62.2
2026-03-26,62,62.1,60.3,60.6,5034300,60.6
2026-03-27,60.5,60.7,59.7,59.9,9368300,59.9
2026-03-30,58.9,63.4,58.1,61.2,7574900,61.2
2026-03-31,61.2,62.7,61.2,62.2,5233600,62.2
2026-04-01,62.8,63.7,62.2,62.2,3187200,62.2
2026-04-02,61.6,62.1,60.7,61.1,6494800,61.1
2026-04-03,60.8,62.3,60.6,60.8,4610800,60.8
2026-04-06,60.8,62.1,59.6,61.2,4204600,61.2
2026-04-07,61.5,62,61,61.7,2931800,61.7
2026-04-08,63.5,66,63.1,66,9822700,66
2026-04-09,65.9,68.8,65.5,66.3,11522600,66.3
2026-04-10,66.3,68.7,66.1,66.9,10148800,66.9
2026-04-13,66.3,68.7,66,67.3,5230900,67.3
2026-04-14,67.9,68.2,66.1,66.1,4179900,66.1
2026-04-15,66.4,66.5,64.3,64.3,6883400,64.3
2026-04-16,64.5,65.5,63.5,63.8,4595200,63.8
2026-04-17,64,65.2,63.9,64,3714500,64
2026-04-20,64.5,65.2,64.1,64.2,2566400,64.2
2026-04-21,68,68.6,66.9,67.7,14144000,67.7
2026-04-22,68.4,69.2,66.5,66.5,8519100,66.5
2026-04-23,66.7,67,65.2,65.4,7987700,65.4
2026-04-24,65.4,65.5,64.8,64.9,2756500,64.9
2026-04-28,65.9,69.3,65.1,68.1,8214800,68.1
2026-04-29,67.8,68.9,67.3,67.5,4951500,67.5
2026-05-04,67.6,68.1,66.2,66.2,4121200,66.2
2026-05-05,66.2,67,65.8,66.6,3623900,66.6
2026-05-06,66.6,69.8,66.6,68.9,7606000,68.9
2026-05-07,69,73.7,68.4,73.7,18877100,73.7
2026-05-08,74,74.8,72.3,73.5,4750300,73.5
2026-05-11,73,73.3,71.9,72.2,3266700,72.2
2026-05-12,72.3,76.8,71.9,76.8,6934600,76.8
2026-05-13,76,76.6,73.5,73.5,10029200,73.5
2026-05-14,73,75.1,72.8,73.6,4387600,73.6
2026-05-15,73.9,74.4,72.8,72.9,3743400,72.9
2026-05-18,72.9,74,71.6,72.1,5605300,72.1
2026-05-19,72.1,73.3,71.6,72.3,4823500,72.3
2026-05-20,71.7,72.4,70.1,71.6,5903700,71.6
2026-05-21,71.8,72.8,70.7,70.8,5478500,70.8
2026-05-22,71.1,71.8,70.5,71.2,4564100,71.2
2026-05-25,71.2,72,70,70,4541800,70
2026-05-26,70.3,70.9,69.3,69.6,5384000,69.6
2026-05-27,70,70.5,68.3,68.3,5709900,68.3
2026-05-28,68.4,69.4,68,68,7107900,68
2026-05-29,68,68.8,68,68,2629200,68
2026-06-01,68.4,69.6,67,67,5044700,67
2026-06-02,67.2,67.6,66.3,66.6,6788500,66.6
2026-06-03,66.5,67.6,66.1,66.1,5310300,66.1
2026-06-04,66.3,70.5,66.2,70.4,10815200,70.4
2026-06-05,70.5,70.5,69.2,69.8,3820900,69.8
2026-06-08,69.2,71,68.6,69.8,4880800,69.8
2026-06-09,70,73.5,69.2,72,8269000,72
2026-06-10,72.1,72.3,70.6,70.6,3159300,70.6
2026-06-11,70.7,72.5,70,71.3,4074600,71.3
2026-06-12,71.5,73,70.9,70.9,5420000,70.9
2026-06-15,71.1,73,71.1,71.8,4486600,71.8
2026-06-16,72.1,73,71.3,71.3,2756600,71.3
2026-06-17,71.3,73.5,71.2,72.1,6158700,72.1
2026-06-18,72.5,72.5,70.9,70.9,3321200,70.9
2026-06-19,71.2,72.3,70.7,72.3,7599400,72.3
2026-06-22,72.2,72.8,71.2,71.2,1971200,71.2
2026-06-23,71.4,75.5,70.9,71.7,8901600,71.7
2026-06-24,71.8,73.6,71.2,71.2,3739700,71.2
2026-06-25,71.2,73.3,71.2,72.2,6085200,72.2
2026-06-26,72,75,72,73.7,6865100,73.7
2026-06-29,73.9,76.2,73.7,74.9,8809100,74.9
2026-06-30,74.9,75.6,73.7,73.8,2833300,73.8
2026-07-01,73.8,74,73.2,73.2,3050100,73.2
2026-07-02,73,74.1,72.6,72.6,2656100,72.6
2026-07-03,72.9,72.9,72,72,2644200,72
2026-07-06,72.3,72.6,70.8,70.8,3503000,70.8
2026-07-07,70.7,72,70.6,70.8,2796900,70.8
2026-07-08,71.4,72,70.9,70.9,2344200,70.9
2026-07-09,71.1,71.6,71,71,1550100,71
2026-07-10,71.2,71.8,70.1,70.1,2145300,70.1
2026-07-13,70.3,70.3,68.5,68.5,4346600,68.5
2026-07-14,68.3,71.1,68.3,70.4,4375100,70.4
2026-07-15,70.6,71.6,69.8,69.8,3008400,69.8
2026-07-16,69.5,72.5,69.5,71.8,7250100,71.8
2026-07-17,72,74.2,71.6,73.5,7097200,73.5
2026-07-20,72.7,73.8,69,73,5188900,73
2026-07-21,73,73.9,72.2,72.7,4771800,72.7
2026-07-22,72.9,73.7,71,71,8575100,71
2026-07-23,71.2,73.9,70.6,72,6397700,72
2026-07-24,73,74,71.7,73.5,6106500,73.5
2026-07-27,73.5,75,72.5,72.5,2395500,72.5
2026-07-28,72.4,73.6,71.8,72.5,1780100,72.5
2026-07-29,72.9,72.9,71.5,71.5,2832200,71.5
2026-07-30,71.7,73,71,71.6,2420000,71.6
2026-07-31,71.5,72.3,71.1,71.3,2789200,71.3
2026-08-03,71.8,72.5,71.3,71.5,3070900,71.5
2026-08-04,72.1,74.1,71.9,74.1,4940100,74.1
2026-08-05,74.5,74.9,73.2,73.2,2746300,73.2
