date,open,high,low,close,volume,close_raw
2018-06-04,15.7901,16.191,15.7901,15.7905,2811840,102.4
2018-06-05,15.2812,16.3452,14.8032,14.8036,1357500,96
2018-06-06,14.649,14.8032,14.0322,14.1868,1605480,92
2018-06-07,14.5719,15.1733,14.356,15.1737,1376540,98.4
2018-06-08,15.5742,16.2218,15.3429,16.2223,2008500,105.2
2018-06-11,16.1602,16.8078,15.9134,16.8082,1229830,109
2018-06-12,16.6536,16.6536,15.8672,16.1914,1139130,105
2018-06-13,16.191,16.6536,16.1139,16.2531,772670,105.4
2018-06-14,16.4223,16.4223,15.9597,16.1914,617130,105
2018-06-15,16.2681,16.2681,15.9597,16.2223,723460,105.2
2018-06-18,16.0522,16.191,15.1116,15.4204,825810,100
2018-06-19,14.6644,14.9574,14.3406,14.6494,2092720,95
2018-06-20,14.649,14.8803,14.356,14.6802,554870,95.2
2018-06-21,14.7107,14.7107,14.3869,14.6802,497790,95.2
2018-06-22,14.6644,14.6644,14.4331,14.6494,328710,95
2018-06-25,14.8032,14.9574,14.7569,14.7882,918340,95.9
2018-06-26,14.5565,14.7261,14.5256,14.6494,493790,95
2018-06-27,14.4177,14.649,14.4177,14.4335,394860,93.6
2018-06-28,14.3406,14.4177,13.6467,14.2176,1319230,92.2
2018-06-29,14.0322,14.1864,13.4154,14.1405,1583700,91.7
2018-07-02,14.1556,14.1556,13.4154,13.5545,669570,87.9
2018-07-03,13.4925,13.6159,12.6136,12.6139,2112230,81.8
2018-07-04,12.4131,12.4902,11.7346,12.4905,1102650,81
2018-07-05,13.346,13.346,12.4902,13.0238,1583450,28.15
2018-07-06,12.9528,13.4154,12.4902,13.3246,1160990,28.8
2018-07-09,13.4154,13.5079,12.8834,13.1858,631240,28.5
2018-07-10,13.1841,13.1841,12.7215,12.7925,549100,27.65
2018-07-11,12.5365,12.5365,11.912,11.9135,1134570,25.75
2018-07-12,12.0276,12.0276,11.6113,12.0291,686180,26
2018-07-13,12.2126,12.2589,12.0276,12.1216,406500,26.2
2018-07-16,12.0276,12.1201,11.912,12.1216,430160,26.2
2018-07-17,12.1201,12.7215,11.8888,12.538,1174520,27.1
2018-07-18,12.7215,13.1841,12.629,12.9313,1139340,27.95
2018-07-19,12.9528,12.9528,12.7215,12.9082,680430,27.9
2018-07-20,12.9065,12.9065,12.5827,12.9082,1473990,27.9
2018-07-23,12.3052,12.8834,12.3052,12.3067,878370,26.6
2018-07-24,12.4902,12.7215,12.1664,12.2142,1019120,26.4
2018-07-25,12.3977,12.4208,11.5187,12.3761,3348190,26.75
2018-07-26,12.0276,12.1433,11.7963,11.9366,645430,25.8
2018-07-27,11.9351,12.1201,11.8426,12.006,1427670,25.95
2018-07-30,12.0045,12.1201,11.9813,12.0754,1438740,26.1
2018-07-31,12.097,12.9065,12.0276,12.8619,4690660,27.8
2018-08-01,12.9065,13.2535,12.5596,12.7462,2060620,27.55
2018-08-02,12.629,13.1841,12.4902,13.1858,3507500,28.5
2018-08-03,13.2304,13.3691,12.9528,13.1164,2418140,28.35
2018-08-06,12.9528,13.0916,12.8603,12.9544,1478320,28
2018-08-07,12.8372,13.0453,12.6752,12.9313,1670400,27.95
2018-08-08,13.0222,13.0222,12.6752,12.8388,1406450,27.75
2018-08-09,12.9065,13.0916,12.6752,12.6768,2342630,27.4
2018-08-10,12.6752,12.814,12.2126,12.5843,2362660,27.2
2018-08-13,12.4902,12.7909,12.3977,12.7,1369550,27.45
2018-08-14,12.7215,12.7215,12.4902,12.5843,850440,27.2
2018-08-15,12.4902,12.5827,12.2589,12.2604,1030610,26.5
2018-08-16,12.2589,12.4439,12.0045,12.2604,1576340,26.5
2018-08-17,12.2589,12.4439,12.2589,12.2604,691890,26.5
2018-08-20,12.3514,12.3514,11.9813,12.2604,847610,26.5
2018-08-21,12.2589,12.3283,12.1433,12.2604,904270,26.5
2018-08-22,12.3514,12.6752,12.282,12.3298,1386850,26.65
2018-08-23,12.4902,12.5596,12.3283,12.3761,1031560,26.75
2018-08-24,12.3746,12.4671,12.2589,12.3067,817010,26.6
2018-08-27,12.3052,12.4208,12.2589,12.2604,1480540,26.5
2018-08-28,12.3052,12.3977,12.1201,12.1448,1630740,26.25
2018-08-29,12.1433,12.1895,12.0739,12.0985,778240,26.15
2018-08-30,12.097,12.1664,12.0507,12.1679,887840,26.3
2018-08-31,12.1664,12.4208,12.1664,12.1679,1723040,26.3
2018-09-04,12.1664,12.3052,12.0507,12.0754,991610,26.1
2018-09-05,12.0739,12.1433,11.912,11.9366,1052150,25.8
2018-09-06,11.9351,11.9813,11.4725,11.4739,2694080,24.8
2018-09-07,11.565,11.7038,11.5187,11.6821,2154200,25.25
2018-09-10,11.75,11.7963,11.565,11.7978,1297720,25.5
2018-09-11,11.7732,11.7963,11.7038,11.7515,780150,25.4
2018-09-12,11.7963,11.8194,11.565,11.5665,1460210,25
2018-09-13,11.565,11.75,11.565,11.659,1105010,25.2
2018-09-14,11.6575,11.75,11.6344,11.6821,1343360,25.25
2018-09-17,11.6807,12.4902,11.6344,12.0523,2714630,26.05
2018-09-18,12.0507,12.097,11.8194,12.0985,1059520,26.15
2018-09-19,12.1201,12.5133,12.1201,12.3067,2934180,26.6
2018-09-20,12.3052,12.9528,12.3052,12.9544,5779740,28
2018-09-21,12.9528,13.161,12.8603,13.0932,4008110,28.3
2018-09-24,13.0916,13.161,12.9297,13.0007,2213810,28.1
2018-09-25,12.9528,13.0453,12.8603,12.9544,2261840,28
2018-09-26,12.9528,13.5773,12.8603,13.3708,4516320,28.9
2018-09-27,13.6004,13.7161,13.4848,13.6022,3663710,29.4
2018-09-28,13.6467,13.7161,13.4154,13.4865,3943650,29.15
2018-10-01,13.4848,13.5311,13.2304,13.2552,2816100,28.65
2018-10-02,13.2304,13.6004,13.2304,13.4634,3139750,29.1
2018-10-03,13.6004,13.6467,13.4848,13.579,1405830,29.35
2018-10-04,13.6467,13.9705,13.5773,13.9723,3273230,30.2
2018-10-05,13.9243,13.9937,13.7624,13.7872,3156560,29.8
2018-10-08,13.4617,13.7624,13.4617,13.579,2101380,29.35
2018-10-09,13.6004,13.7624,13.4848,13.7641,2656380,29.75
2018-10-10,13.7855,13.9243,13.7161,13.741,1689250,29.7
2018-10-11,12.8834,13.4617,12.814,12.885,4366960,27.85
2018-10-12,12.8834,13.3229,12.629,13.2783,2298230,28.7
2018-10-15,13.2766,13.2998,12.9528,13.047,2085500,28.2
2018-10-16,13.0222,13.3691,13.0222,13.2783,1363410,28.7
2018-10-17,13.4617,13.5542,13.3923,13.4634,1972280,29.1
2018-10-18,13.3229,13.4617,13.2766,13.3708,1487880,28.9
2018-10-19,13.1378,13.4154,12.9991,13.4171,1454000,29
2018-10-22,13.4154,13.5079,13.3229,13.3246,2026290,28.8
2018-10-23,13.3229,13.3229,12.3977,12.8619,2307530,27.8
2018-10-24,12.9065,12.9528,12.2589,12.2604,1535430,26.5
2018-10-25,11.6575,12.1664,11.6113,12.0754,2454470,26.1
2018-10-26,12.4439,12.4439,11.7963,11.9597,1747390,25.85
2018-10-29,11.9351,12.0276,11.7963,11.8903,1473740,25.7
2018-10-30,11.8888,12.0739,11.8426,11.9366,1327540,25.8
2018-10-31,12.0739,12.4439,12.0739,12.4455,1230140,26.9
2018-11-01,12.4671,12.4671,12.0739,12.0754,802870,26.1
2018-11-02,12.3052,12.4671,12.1201,12.3067,1048790,26.6
2018-11-05,12.3514,12.4671,12.2589,12.4224,920120,26.85
2018-11-06,12.6752,12.6752,12.3746,12.4686,1174180,26.95
2018-11-07,12.3514,12.5827,12.3514,12.4918,1180500,27
2018-11-08,12.7215,12.7215,12.4671,12.4918,710570,27
2018-11-09,12.4208,12.4671,12.1895,12.191,1090990,26.35
2018-11-12,12.1664,12.2589,11.9582,12.1679,784460,26.3
2018-11-13,11.8888,12.0276,11.8888,11.9135,947810,25.75
2018-11-14,11.8426,12.0276,11.6344,11.6821,1692450,25.25
2018-11-15,11.6807,11.8194,11.5881,11.6821,971850,25.25
2018-11-16,11.7963,12.2126,11.7732,11.8903,645780,25.7
2018-11-19,11.8888,12.3514,11.8888,12.2604,1754860,26.5
2018-11-20,12.1664,12.282,12.0739,12.2142,1534530,26.4
2018-11-21,12.0276,12.3977,11.9813,12.2604,1028070,26.5
2018-11-22,12.4439,12.4439,11.4031,12.2604,901490,26.5
2018-11-23,12.2589,12.3052,12.0739,12.0754,643390,26.1
2018-11-26,12.0276,12.2358,12.0045,12.006,1195560,25.95
2018-11-27,12.1664,12.2589,12.0045,12.0291,1040020,26
2018-11-28,12.0276,12.097,11.9813,12.0985,668970,26.15
2018-11-29,12.2358,12.3052,12.0507,12.0523,1304530,26.05
2018-11-30,12.1433,12.1664,12.0276,12.0523,635260,26.05
2018-12-03,12.2589,12.5827,12.1664,12.5843,3059840,27.2
2018-12-04,12.5827,12.9297,12.5827,12.8619,2885160,27.8
2018-12-05,12.7215,13.0916,12.629,12.9544,3540000,28
2018-12-06,12.9528,13.161,12.9065,13.0238,2977170,28.15
2018-12-07,13.0453,13.1841,12.8603,12.9544,2249340,28
2018-12-10,12.9065,13.1147,12.814,13.0701,3389080,28.25
2018-12-11,13.1147,13.1841,12.9991,13.0932,2451470,28.3
2018-12-12,13.1841,13.3691,13.0916,13.3708,3106230,28.9
2018-12-13,13.4154,13.4848,13.2766,13.2783,2502500,28.7
2018-12-14,13.1841,13.3229,13.1841,13.2552,2395670,28.65
2018-12-17,13.0916,13.1841,12.6752,12.6768,3335920,27.4
2018-12-18,12.4902,12.7215,12.3514,12.7231,3565390,27.5
2018-12-19,12.6752,12.7215,12.4671,12.7231,1152330,27.5
2018-12-20,12.5827,12.814,12.5365,12.6074,1096130,27.25
2018-12-21,12.4902,12.629,12.3514,12.6306,1436860,27.3
2018-12-24,12.629,12.6752,12.4439,12.4455,1250440,26.9
2018-12-25,12.1201,12.282,11.9351,12.2142,2408040,26.4
2018-12-26,12.1664,12.3052,12.0045,12.0291,1965260,26
2018-12-27,12.2589,12.3283,12.0507,12.0523,2093990,26.05
2018-12-28,12.1664,12.1664,11.9582,11.9597,1849440,25.85
2019-01-02,11.8426,12.0507,11.8426,11.8441,1329030,25.6
2019-01-03,11.8888,11.912,11.565,11.5665,1811430,25
2019-01-04,11.565,11.565,10.7555,11.5433,2970830,24.95
2019-01-07,11.6344,11.7963,11.6113,11.6127,1436930,25.1
2019-01-08,11.6344,11.6575,11.5881,11.6127,843170,25.1
2019-01-09,11.6575,12.0276,11.6113,11.9366,3192180,25.8
2019-01-10,11.9351,12.0045,11.912,11.9366,1644380,25.8
2019-01-11,11.9582,12.1664,11.9582,12.0291,1623150,26
2019-01-14,11.9813,12.0507,11.912,11.9597,2002420,25.85
2019-01-15,11.9582,12.2589,11.9582,12.2604,1853220,26.5
2019-01-16,12.2589,12.3746,12.2358,12.2604,1782580,26.5
2019-01-17,12.2589,12.4208,12.2126,12.3298,1858980,26.65
2019-01-18,12.3977,12.4671,12.2589,12.3761,1598890,26.75
2019-01-21,12.4439,12.7215,12.4439,12.6768,1951730,27.4
2019-01-22,12.7678,12.7678,12.3977,12.3992,2368670,26.8
2019-01-23,12.4439,12.4439,12.282,12.2836,2092730,26.55
2019-01-24,12.3514,12.4208,12.2358,12.3298,1537670,26.65
2019-01-25,12.4671,12.6059,12.3283,12.3298,1710030,26.65
2019-01-28,12.3746,12.3977,12.0507,12.1216,1864000,26.2
2019-01-29,12.1201,12.2589,11.9813,12.2604,2058540,26.5
2019-01-30,12.2589,12.3514,12.1664,12.3067,1017170,26.6
2019-01-31,12.3052,12.3052,12.1664,12.2604,2606420,26.5
2019-02-01,12.2589,12.5827,12.1664,12.5843,7859690,27.2
2019-02-11,12.4902,12.629,12.3977,12.5149,2504660,27.05
2019-02-12,12.5596,12.7909,12.4671,12.7,4957590,27.45
2019-02-13,12.6984,12.8372,12.6752,12.7462,2519920,27.55
2019-02-14,12.7215,12.7678,12.6059,12.6306,2290940,27.3
2019-02-15,12.5827,12.7909,12.5365,12.6074,3355310,27.25
2019-02-18,12.629,12.7446,12.6059,12.6537,2160450,27.35
2019-02-19,12.6752,13.0453,12.6752,12.7462,7850600,27.55
2019-02-20,12.7909,12.8603,12.6984,12.7462,2760520,27.55
2019-02-21,12.7678,12.814,12.629,12.7231,2102120,27.5
2019-02-22,12.7215,12.9528,12.6752,12.8156,6443060,27.7
2019-02-25,12.9065,12.9528,12.814,12.8388,3849680,27.75
2019-02-26,12.814,12.8834,12.6059,12.7,3078620,27.45
2019-02-27,12.6984,12.7215,12.5133,12.5843,4709200,27.2
2019-02-28,12.5365,12.5827,12.2126,12.2604,4845650,26.5
2019-03-01,12.3052,12.4208,12.2126,12.3067,2342280,26.6
2019-03-04,12.3514,12.5365,12.3514,12.4918,2834780,27
2019-03-05,12.4208,12.5827,12.3514,12.3992,3227790,26.8
2019-03-06,12.3977,12.4439,12.3283,12.3992,1004950,26.8
2019-03-07,12.3746,12.5133,12.3746,12.3761,1428410,26.75
2019-03-08,12.282,12.3283,12.1433,12.1448,2892590,26.25
2019-03-11,12.2589,12.2589,12.1433,12.1679,894870,26.3
2019-03-12,12.3052,12.3977,12.1433,12.3992,1884510,26.8
2019-03-13,12.4439,12.7446,12.4439,12.5612,4603520,27.15
2019-03-14,12.5827,12.6059,12.4439,12.4455,1525640,26.9
2019-03-15,12.4439,12.5827,12.3746,12.4224,1750100,26.85
2019-03-18,12.4671,12.6059,12.3977,12.5149,3348820,27.05
2019-03-19,12.5133,12.5827,12.3514,12.3761,2078600,26.75
2019-03-20,12.3746,12.3746,12.2126,12.3067,1701020,26.6
2019-03-21,12.3746,12.3746,12.0739,12.0754,2858380,26.1
2019-03-22,12.097,12.1664,12.0045,12.0754,2631920,26.1
2019-03-25,11.7963,11.9813,11.7732,11.8441,2295560,25.6
2019-03-26,11.8426,11.9813,11.75,11.7978,2041810,25.5
2019-03-27,11.8888,11.9351,11.7732,11.9135,1426910,25.75
2019-03-28,11.8657,11.9351,11.8194,11.8209,798820,25.55
2019-03-29,11.8194,11.9351,11.8194,11.8441,1656270,25.6
2019-04-01,11.8888,11.8888,11.7963,11.8209,1213000,25.55
2019-04-02,11.8888,11.9582,11.7732,11.7978,1197560,25.5
2019-04-03,11.7963,11.8426,11.75,11.7747,883080,25.45
2019-04-04,11.7732,11.8194,11.7038,11.7747,1084530,25.45
2019-04-05,11.7963,11.7963,11.75,11.7515,790380,25.4
2019-04-08,11.75,11.75,11.6113,11.6821,1689220,25.25
2019-04-09,11.75,11.8657,11.6807,11.7284,1526530,25.35
2019-04-10,11.7038,11.7963,11.565,11.6127,1488230,25.1
2019-04-11,11.5881,11.6575,11.565,11.6127,837020,25.1
2019-04-12,11.565,11.6113,11.4956,11.5202,1318580,24.9
2019-04-16,11.4031,11.4494,11.2874,11.3583,2097030,24.55
2019-04-17,11.4494,11.5881,11.4031,11.4508,1022100,24.75
2019-04-18,11.4494,11.4725,11.2181,11.2195,1478350,24.25
2019-04-19,11.3337,11.3337,11.1949,11.1963,1116030,24.2
2019-04-22,11.1949,11.2412,10.9405,10.9881,1544290,23.75
2019-04-23,10.9174,11.033,10.8942,10.9187,1850200,23.6
2019-04-24,10.9636,11.2643,10.9636,11.2657,1995110,24.35
2019-04-25,11.2874,11.2874,11.1718,11.1732,681910,24.15
2019-04-26,11.1255,11.1949,11.1024,11.1732,898530,24.15
2019-05-02,11.1487,11.1949,11.0099,11.0344,891770,23.85
2019-05-03,11.033,11.1024,10.9405,11.1038,1727710,24
2019-05-06,10.9405,11.0561,10.6861,10.7799,1903780,23.3
2019-05-07,10.9636,10.9636,10.6861,10.7337,1294740,23.2
2019-05-08,10.6398,10.6398,10.4779,10.618,1748140,22.95
2019-05-09,10.5935,10.7323,10.5473,10.5486,1330990,22.8
2019-05-10,10.6398,10.7092,10.5473,10.7105,1679270,23.15
2019-05-13,10.7555,10.7786,10.6861,10.7337,1130890,23.2
2019-05-14,10.6398,10.7323,10.5704,10.6411,1432870,23
2019-05-15,10.6861,11.1255,10.6398,11.0807,3260220,23.95
2019-05-16,11.1487,11.1487,10.9405,10.9881,2139740,23.75
2019-05-17,10.9636,11.0099,10.8942,10.9187,1740280,23.6
2019-05-20,10.8942,11.0561,10.8248,11.0344,2117630,23.85
2019-05-21,11.033,11.2412,11.033,11.1269,3217110,24.05
2019-05-22,10.9636,11.1949,10.9636,10.965,1706530,23.7
2019-05-23,10.9405,11.033,10.8942,10.9419,1377230,23.65
2019-05-24,10.8942,10.9636,10.7323,10.7337,2380690,23.2
2019-05-27,10.7323,10.8017,10.6861,10.7105,888140,23.15
2019-05-28,10.6861,10.8248,10.5935,10.6874,1428370,23.1
2019-05-29,10.6629,10.6861,10.5242,10.5255,2073420,22.75
2019-05-30,10.5242,10.6629,10.4085,10.618,1454130,22.95
2019-05-31,10.6167,10.6398,10.4548,10.4561,1452700,22.6
2019-06-03,10.3622,10.4085,9.9459,9.9472,2710010,21.5
2019-06-04,10.0616,10.0847,9.7609,9.8084,2334950,21.2
2019-06-05,9.9922,10.0847,9.8534,9.8546,1078360,21.3
2019-06-06,9.8534,9.9459,9.6683,9.8778,1377350,21.35
2019-06-07,9.8765,9.9922,9.8765,9.9934,1426730,21.6
2019-06-10,10.0847,10.1309,9.8534,9.9472,1692190,21.5
2019-06-11,9.9459,10.0384,9.9228,9.9472,907130,21.5
2019-06-12,9.9459,9.9922,9.8534,9.8546,672440,21.3
2019-06-13,9.8534,9.8534,9.7609,9.7852,845890,21.15
2019-06-14,9.8071,9.9228,9.8071,9.8084,1082100,21.2
2019-06-17,9.8534,9.8765,9.6221,9.6233,2217430,20.8
2019-06-18,9.6683,9.6915,9.2983,9.392,3167100,20.3
2019-06-19,9.2983,9.5527,9.252,9.2994,2057320,20.1
2019-06-20,9.3445,9.6221,9.3214,9.5308,3519910,20.6
2019-06-21,9.6221,9.7609,9.5758,9.6233,1724400,20.8
2019-06-24,9.5758,9.7377,9.5527,9.6696,1664740,20.9
2019-06-25,9.5527,9.6683,9.5527,9.6002,1564890,20.75
2019-06-26,9.437,9.5758,9.3908,9.4382,1838710,20.4
2019-06-27,9.3445,9.4833,9.3445,9.3457,1584550,20.2
2019-06-28,9.4139,9.437,9.2289,9.4151,2795060,20.35
2019-07-01,9.7146,9.7609,9.5064,9.7158,4072480,21
2019-07-02,9.6683,9.8303,9.599,9.6696,2795670,20.9
2019-07-03,9.599,9.7146,9.5527,9.6233,1983500,20.8
2019-07-04,9.599,9.9459,9.6221,9.9009,3900680,21.4
2019-07-05,9.9228,9.9922,9.8071,9.8778,1549360,21.35
2019-07-08,9.8534,9.8765,9.5064,9.6696,3362170,20.9
2019-07-09,9.5758,9.6683,9.5296,9.577,1946360,20.7
2019-07-10,9.6452,9.7146,9.5758,9.577,906800,20.7
2019-07-11,9.6683,9.7609,9.6221,9.7158,1912930,21
2019-07-12,9.7609,9.8071,9.5758,9.577,2769760,20.7
2019-07-15,9.7609,9.8303,9.599,9.7852,2857380,21.15
2019-07-16,9.784,9.8996,9.7609,9.8084,2278750,21.2
2019-07-17,9.8534,9.8534,9.7146,9.7621,2701360,21.1
2019-07-18,9.8534,9.7609,9.6221,9.6696,2824630,20.9
2019-07-19,9.8534,9.8534,9.7146,9.8084,3346840,21.2
2019-07-22,9.784,9.8534,9.6915,9.739,2774500,21.05
2019-07-23,9.7377,9.784,9.7146,9.739,1565740,21.05
2019-07-24,9.7609,9.8071,9.6683,9.6927,2120730,20.95
2019-07-25,9.6915,9.7146,9.6683,9.6696,1729230,20.9
2019-07-26,9.6452,9.6915,9.599,9.6233,1245510,20.8
2019-07-29,9.7146,9.7377,9.599,9.6233,2419230,20.8
2019-07-30,9.6683,9.6683,9.5527,9.577,1551320,20.7
2019-07-31,9.5758,9.5758,9.5064,9.5076,1219550,20.55
2019-08-01,9.5296,9.5758,9.4833,9.577,1192180,20.7
2019-08-02,9.437,9.5758,9.4139,9.5076,3516660,20.55
2019-08-05,9.437,9.5064,9.3908,9.4382,2653940,20.4
2019-08-06,9.3445,9.3908,9.2057,9.3688,1970250,20.25
2019-08-07,9.3445,9.437,9.2751,9.2994,1212000,20.1
2019-08-08,9.2983,9.3677,9.252,9.3457,1798980,20.2
2019-08-09,9.3445,9.3908,9.2983,9.3457,875180,20.2
2019-08-12,9.3445,9.4139,9.3445,9.3688,840220,20.25
2019-08-13,9.3445,9.5758,9.3214,9.5539,2100020,20.65
2019-08-14,9.6452,9.6915,9.5758,9.6464,1250150,20.85
2019-08-15,9.437,9.7146,9.437,9.7158,2105150,21
2019-08-16,9.7146,10.1772,9.6683,10.1322,6269250,21.9
2019-08-19,10.1309,10.1309,9.9459,9.9703,1938330,21.55
2019-08-20,9.9922,10.0384,9.8765,9.9703,1342680,21.55
2019-08-21,10.0153,10.0847,9.8996,10.0166,2062850,21.65
2019-08-22,10.0153,10.1078,9.9922,10.0166,1593030,21.65
2019-08-23,9.9922,10.0153,9.9228,10.0166,1304670,21.65
2019-08-26,9.8071,9.8765,9.6915,9.8315,3277300,21.25
2019-08-27,9.8765,9.969,9.8534,9.924,1805340,21.45
2019-08-28,9.8996,9.9459,9.8765,9.9009,736990,21.4
2019-08-29,9.8996,9.8996,9.7609,9.8778,948710,21.35
2019-08-30,9.8996,9.9459,9.8303,9.9472,1236390,21.5
2019-09-03,9.9922,10.0153,9.8996,9.9009,1136630,21.4
2019-09-04,9.9922,10.0847,9.8303,10.0397,1989740,21.7
2019-09-05,10.0384,10.3854,10.0384,10.271,4417320,22.2
2019-09-06,10.3391,10.3854,10.2235,10.271,1189570,22.2
2019-09-09,10.2697,10.2697,10.0153,10.0397,2274060,21.7
2019-09-10,9.9922,10.1309,9.9228,9.924,2538930,21.45
2019-09-11,9.9459,10.0616,9.8996,10.0628,1009440,21.75
2019-09-12,10.0616,10.1772,10.0384,10.1554,1835330,21.95
2019-09-13,10.1309,10.4779,10.1309,10.4792,5546230,22.65
2019-09-16,10.4779,10.5242,10.3854,10.4561,1846340,22.6
2019-09-17,10.4779,10.501,10.3854,10.4561,1689630,22.6
2019-09-18,10.4779,10.5242,10.3622,10.4561,2613940,22.6
2019-09-19,10.4548,10.6167,10.4085,10.618,3116360,22.95
2019-09-20,10.6398,10.7323,10.6167,10.7105,2046450,23.15
2019-09-23,10.7323,10.7555,10.4779,10.4792,2643620,22.65
2019-09-24,10.4779,10.5473,10.4316,10.4561,2698720,22.6
2019-09-25,10.4548,10.5242,10.3622,10.4792,1603250,22.65
2019-09-26,10.4779,10.7092,10.4779,10.6874,2315980,23.1
2019-09-27,10.6861,10.8017,10.6398,10.7337,2199880,23.2
2019-09-30,10.7786,10.8711,10.7092,10.8031,2640100,23.35
2019-10-01,10.8017,10.9868,10.7092,10.9881,2328320,23.75
2019-10-02,10.9636,11.0793,10.9174,10.9881,2720060,23.75
2019-10-03,10.8711,11.0099,10.8017,11.0113,2152040,23.8
2019-10-04,11.033,11.0793,10.8711,10.9187,2380040,23.6
2019-10-07,10.9405,10.9405,10.7092,10.7105,2959530,23.15
2019-10-08,10.9405,10.8942,10.7092,10.8956,1939340,23.55
2019-10-09,10.9174,10.9405,10.848,10.9419,1287970,23.65
2019-10-10,10.8942,10.9868,10.8942,10.9419,721560,23.65
2019-10-11,10.9174,10.9636,10.8942,10.9187,859400,23.6
2019-10-14,10.9636,11.1949,10.9174,11.0575,5147390,23.9
2019-10-15,11.033,11.2181,10.9174,11.2195,2505730,24.25
2019-10-16,11.3106,11.3568,11.2412,11.312,2027890,24.45
2019-10-17,11.2874,11.2874,11.1718,11.2889,2372790,24.4
2019-10-18,11.2874,11.38,11.2412,11.2889,1217000,24.4
2019-10-21,11.2874,11.2874,10.9174,11.0575,1602090,23.9
2019-10-22,11.0561,11.1024,10.9868,11.1038,1259780,24
2019-10-23,11.1024,11.1024,11.0099,11.0807,1210010,23.95
2019-10-24,11.1024,11.1024,10.9868,11.0344,1437210,23.85
2019-10-25,11.0561,11.0561,10.9636,11.0344,1383270,23.85
2019-10-28,11.0793,11.1024,10.9868,11.0113,1637090,23.8
2019-10-29,11.0099,11.0099,10.8942,10.965,1432590,23.7
2019-10-30,10.9636,11.1024,10.9174,11.0113,1505720,23.8
2019-10-31,11.0099,11.0793,10.9636,10.965,1249530,23.7
2019-11-01,10.9636,11.033,10.9174,10.9881,1276580,23.75
2019-11-04,11.0561,11.2874,10.9868,11.2657,3950490,24.35
2019-11-05,11.3337,11.5187,11.2874,11.4508,2664570,24.75
2019-11-06,11.4956,11.4956,11.4031,11.4508,1670500,24.75
2019-11-07,11.4725,11.4725,11.4031,11.4739,1200940,24.8
2019-11-08,11.4725,11.6344,11.4725,11.6127,4107220,25.1
2019-11-11,11.6575,11.7963,11.5881,11.6359,3594060,25.15
2019-11-12,11.5881,11.6575,11.565,11.6359,1410930,25.15
2019-11-13,11.7038,11.7038,11.4494,11.4508,3308350,24.75
2019-11-14,11.4262,11.4494,11.3106,11.4277,1789980,24.7
2019-11-15,11.4262,11.5419,11.2874,11.5202,1355990,24.9
2019-11-18,11.5187,11.5419,11.3106,11.312,1327810,24.45
2019-11-19,11.3106,11.4725,11.3106,11.4508,986340,24.75
2019-11-20,11.4725,11.5187,11.2412,11.2889,1185900,24.4
2019-11-21,11.2643,11.2874,10.8711,10.8725,4049470,23.5
2019-11-22,10.6629,11.1024,10.5473,10.6643,2348690,23.05
2019-11-25,10.6861,10.7786,10.5704,10.7799,1110080,23.3
2019-11-26,10.8248,10.8711,10.7786,10.8493,995420,23.45
2019-11-27,10.8711,10.9174,10.8017,10.8031,816030,23.35
2019-11-28,10.8017,10.8017,10.5935,10.5949,1133640,22.9
2019-11-29,10.6398,10.6861,10.5242,10.5949,754400,22.9
2019-12-02,10.6167,10.6629,10.4548,10.5023,1156110,22.7
2019-12-03,10.501,10.5242,10.3391,10.4329,1530470,22.55
2019-12-04,10.4316,10.848,10.4316,10.8493,1112220,23.45
2019-12-05,10.848,10.8942,10.6861,10.7568,588750,23.25
2019-12-06,10.7555,10.8248,10.6861,10.7105,509280,23.15
2019-12-09,10.7092,10.7555,10.501,10.5486,799820,22.8
2019-12-10,10.5242,10.5473,10.316,10.3635,1281250,22.4
2019-12-11,10.4085,10.5242,10.4085,10.5023,795470,22.7
2019-12-12,10.4779,10.7786,10.4779,10.7105,1024340,23.15
2019-12-13,10.7323,10.7555,10.6398,10.7105,903570,23.15
2019-12-16,10.6398,10.7092,10.5935,10.7105,837370,23.15
2019-12-17,10.6861,10.7092,10.5242,10.5255,797100,22.75
2019-12-18,10.501,10.5473,10.4548,10.5023,681130,22.7
2019-12-19,10.4548,10.5242,10.316,10.3404,1746590,22.35
2019-12-20,10.3622,10.5473,10.3622,10.5486,653220,22.8
2019-12-23,10.6398,10.7555,10.5935,10.6874,2394730,23.1
2019-12-24,10.7092,10.7092,10.5704,10.6411,419130,23
2019-12-25,10.6398,10.7092,10.6167,10.6411,598950,23
2019-12-26,10.6398,10.6629,10.5935,10.6643,855750,23.05
2019-12-27,10.6629,10.7323,10.6167,10.7337,819850,23.2
2019-12-30,10.8711,11.0793,10.8017,10.8493,2452800,23.45
2019-12-31,10.848,10.9868,10.848,10.8956,731740,23.55
2020-01-02,10.8942,11.033,10.8711,11.0113,1387610,23.8
2020-01-03,11.0561,11.0793,10.9405,10.9419,756700,23.65
2020-01-06,10.8248,10.8248,10.6629,10.6643,1162990,23.05
2020-01-07,10.6629,10.7323,10.6398,10.7337,1043300,23.2
2020-01-08,10.5473,10.6629,10.4548,10.5255,1710390,22.75
2020-01-09,10.6398,10.6861,10.5704,10.6643,2009840,23.05
2020-01-10,10.6398,10.8711,10.6398,10.7105,3679110,23.15
2020-01-13,10.6398,10.7092,10.5242,10.618,892360,22.95
2020-01-14,10.6167,10.6629,10.5935,10.5949,1804950,22.9
2020-01-15,10.5935,10.6398,10.5473,10.5949,1929280,22.9
2020-01-16,10.5935,10.8017,10.5935,10.7799,4383720,23.3
2020-01-17,10.8248,10.9174,10.7786,10.8262,1875160,23.4
2020-01-20,10.7786,10.848,10.7323,10.8031,2019730,23.35
2020-01-21,10.848,11.1255,10.8248,11.1269,7458340,24.05
2020-01-22,11.2181,11.2181,11.0793,11.1963,2309150,24.2
2020-01-30,10.8711,11.0099,10.5242,10.5949,4013510,22.9
2020-01-31,10.4779,10.5935,9.9922,9.9934,6118460,21.6
2020-02-03,9.9228,10.2235,9.4139,9.924,4258750,21.45
2020-02-04,9.9459,10.1309,9.8071,10.0628,2196570,21.75
2020-02-05,10.1772,10.2466,9.969,10.0628,2433210,21.75
2020-02-06,10.3391,10.3854,9.9459,10.3404,2677150,22.35
2020-02-07,10.3391,10.3391,10.1309,10.2479,1965440,22.15
2020-02-10,10.1309,10.1772,10.0153,10.1091,1304360,21.85
2020-02-11,10.1078,10.316,10.1078,10.2479,1353360,22.15
2020-02-12,10.316,10.6167,10.2697,10.4792,3157240,22.65
2020-02-13,10.4316,10.4779,10.3622,10.4561,1823230,22.6
2020-02-14,10.6861,10.8248,10.5935,10.7799,4375740,23.3
2020-02-17,10.8248,11.0561,10.7555,11.0113,6393370,23.8
2020-02-18,11.0099,11.1487,10.8942,10.965,4268770,23.7
2020-02-19,10.9174,10.9636,10.848,10.9419,1980690,23.65
2020-02-20,10.9636,11.0561,10.7786,10.8725,2950950,23.5
2020-02-21,10.8248,10.9636,10.6861,10.6874,2959980,23.1
2020-02-24,10.5242,10.5242,9.9459,9.9472,7508070,21.5
2020-02-25,9.7146,10.2929,9.6221,10.271,3236900,22.2
2020-02-26,10.0616,10.4085,9.9922,10.3404,2243500,22.35
2020-02-27,10.3391,10.5242,10.2697,10.5255,2324050,22.75
2020-02-28,10.1772,10.3622,10.1078,10.2941,2433150,22.25
2020-03-02,10.3622,10.4779,10.2235,10.4098,2567350,22.5
2020-03-03,10.5704,10.6398,10.4085,10.4098,2162150,22.5
2020-03-04,10.3391,10.4548,10.2697,10.4329,1936620,22.55
2020-03-05,10.4316,10.5704,10.316,10.3173,2022250,22.3
2020-03-06,10.2697,10.2697,10.0847,10.2016,2247920,22.05
2020-03-09,9.5527,9.7146,9.5064,9.5076,4584600,20.55
2020-03-10,9.437,9.7146,9.2983,9.577,3161970,20.7
2020-03-11,9.6221,9.6915,8.9282,8.9293,5626550,19.3
2020-03-12,8.3268,8.5581,8.3037,8.3047,4054760,17.95
2020-03-13,7.7254,8.5812,7.7254,8.4435,4332700,18.25
2020-03-16,8.4425,8.4425,7.9567,8.0734,3645430,17.45
2020-03-17,8.3037,8.3037,7.7948,8.3047,3112070,17.95
2020-03-18,8.3731,8.4193,8.188,8.3047,1908520,17.95
2020-03-19,8.1418,8.2343,7.9336,7.9809,2214980,17.25
2020-03-20,8.0724,8.0955,7.9336,8.0271,1878140,17.35
2020-03-23,7.4941,7.8642,7.471,7.4719,3265510,16.15
2020-03-24,7.6329,7.6329,7.4016,7.4488,3209920,16.1
2020-03-25,7.6329,7.7254,7.5404,7.6801,2952270,16.6
2020-03-26,7.6792,7.6792,7.4479,7.4488,1487540,16.1
2020-03-27,7.471,7.4941,7.2166,7.4025,2746330,16
2020-03-30,6.9853,7.1703,6.8927,6.8936,3360230,14.9
2020-03-31,6.939,7.1703,6.4764,6.9399,1578850,15
2020-04-01,6.939,7.2166,6.6383,7.1712,1316380,15.5
2020-04-03,7.1703,7.3785,7.1703,7.3331,1433510,15.85
2020-04-06,7.4941,7.8411,7.4479,7.8421,2966040,16.95
2020-04-07,7.8642,7.9567,7.7717,7.8421,2424610,16.95
2020-04-08,7.7717,7.7717,7.5404,7.7264,1408000,16.7
2020-04-09,7.9105,7.9336,7.7948,7.8189,2199830,16.9
2020-04-10,7.7254,7.8411,7.7023,7.7495,1495400,16.75
2020-04-13,7.7486,8.1418,7.7486,7.9577,2564400,17.2
2020-04-14,8.0261,8.0261,7.8179,7.9346,1446850,17.15
2020-04-15,8.003,8.1186,7.9567,8.1197,2536130,17.55
2020-04-16,8.0955,8.1186,7.9567,8.1197,1858330,17.55
2020-04-17,8.2343,8.2574,8.0955,8.2122,2252420,17.75
2020-04-20,8.2805,8.3037,8.0955,8.1891,1847520,17.7
2020-04-21,8.003,8.0492,7.7254,7.7958,3045020,16.85
2020-04-22,7.5173,7.9567,7.5173,7.8189,1742290,16.9
2020-04-23,7.9567,8.003,7.8411,7.8421,1401680,16.95
2020-04-24,7.9105,7.9336,7.8179,7.9115,851770,17.1
2020-04-27,7.9105,7.9799,7.8642,7.8883,962880,17.05
2020-04-28,7.9336,7.9336,7.7948,7.9115,921180,17.1
2020-04-29,7.9567,8.1186,7.8642,7.9577,2860010,17.2
2020-05-04,7.9567,8.188,7.9336,8.0503,2018840,17.4
2020-05-05,8.0955,8.1418,8.0261,8.0503,546010,17.4
2020-05-06,8.1186,8.1186,7.9799,8.1197,1175100,17.55
2020-05-07,8.1186,8.188,8.0724,8.1891,2409540,17.7
2020-05-08,8.188,8.7431,8.188,8.7442,7260470,18.9
2020-05-11,9.3445,9.3445,8.9513,9.3457,4765680,20.2
2020-05-12,9.2983,9.599,9.067,9.5308,3555810,20.6
2020-05-13,9.3908,9.5758,9.1595,9.5308,4746350,20.6
2020-05-14,9.437,9.5296,9.2983,9.4845,3351270,20.5
2020-05-15,9.5296,9.5296,9.252,9.3688,2995800,20.25
2020-05-18,9.2751,9.599,9.2057,9.5539,3017660,20.65
2020-05-19,9.8765,9.8996,9.6915,9.8546,4135900,21.3
2020-05-20,9.7146,9.8071,9.6915,9.739,1911850,21.05
2020-05-21,9.7377,10.1772,9.6452,10.1785,3539410,22
2020-05-22,9.9922,9.9922,9.7377,9.739,3322040,21.05
2020-05-25,9.7609,9.8534,9.6915,9.739,1962970,21.05
2020-05-26,9.7609,9.8534,9.7146,9.7852,2220450,21.15
2020-05-27,9.8071,9.8996,9.6683,9.6696,2673490,20.9
2020-05-28,9.6683,9.8071,9.6221,9.6696,1584390,20.9
2020-05-29,9.6452,9.6915,9.5758,9.577,1101170,20.7
2020-06-01,9.6221,9.8534,9.6221,9.8546,2341100,21.3
2020-06-02,9.9459,9.9459,9.7609,9.7852,2469400,21.15
2020-06-03,9.784,9.9228,9.784,9.8778,2064360,21.35
2020-06-04,9.8996,9.9228,9.8071,9.8084,2216760,21.2
2020-06-05,9.8303,9.9228,9.7609,9.924,2251740,21.45
2020-06-08,9.969,10.1309,9.969,10.0397,3484860,21.7
2020-06-09,10.0384,10.0847,9.9459,9.9703,1702620,21.55
2020-06-10,9.8765,10.1541,9.8303,10.1091,2295880,21.85
2020-06-11,10.1309,10.1309,9.6683,9.6696,3478310,20.9
2020-06-12,9.5296,9.8303,9.4833,9.7852,3715000,21.15
2020-06-15,9.7609,9.7609,9.2751,9.2994,2302220,20.1
2020-06-16,9.4833,9.5296,9.3908,9.5308,1487150,20.6
2020-06-17,9.5296,9.5296,9.3677,9.392,1416900,20.3
2020-06-18,9.3908,9.4602,9.3445,9.3457,625890,20.2
2020-06-19,9.3445,9.4833,9.3445,9.4845,632650,20.5
2020-06-22,9.6915,9.6915,9.4833,9.6002,1166650,20.75
2020-06-23,9.599,9.6221,9.5296,9.5539,1173850,20.65
2020-06-24,9.5758,9.599,9.437,9.4845,860730,20.5
2020-06-25,9.3445,9.437,9.2983,9.3457,1162400,20.2
2020-06-26,9.4833,9.4833,9.3214,9.4151,668030,20.35
2020-06-29,9.252,9.2983,9.067,9.0912,1752070,19.65
2020-06-30,9.1364,9.2057,8.8357,9.045,1290510,19.55
2020-07-01,9.0207,9.2057,8.9976,9.1606,751460,19.8
2020-07-02,9.2289,9.2289,9.0207,9.1375,820250,19.75
2020-07-03,9.1364,9.1595,9.0438,9.1606,593390,19.8
2020-07-06,9.1595,9.3677,9.1595,9.3688,1220550,20.25
2020-07-07,9.3908,9.437,9.3445,9.3688,895150,20.25
2020-07-08,9.3445,9.3677,9.2983,9.2994,676840,20.1
2020-07-09,9.3677,9.6915,9.2983,9.6927,3146430,20.95
2020-07-10,9.6452,9.6915,9.4602,9.4614,1398740,20.45
2020-07-13,9.6221,9.6221,9.252,9.392,1725580,20.3
2020-07-14,9.3445,9.3908,9.252,9.2994,1809120,20.1
2020-07-15,9.3908,9.599,9.3908,9.5308,1697190,20.6
2020-07-16,9.5296,9.7146,9.437,9.7158,1662150,21
2020-07-17,9.5758,9.6221,9.5064,9.5308,1180670,20.6
2020-07-20,9.4833,9.5527,9.4602,9.4845,1164560,20.5
2020-07-21,9.4833,9.5064,9.3908,9.4845,818210,20.5
2020-07-22,9.5296,9.5296,9.3677,9.3688,1224170,20.25
2020-07-23,9.3445,9.3908,9.2983,9.392,861140,20.3
2020-07-24,9.3908,9.3908,8.7894,9.0218,2951240,19.5
2020-07-27,8.8357,8.8819,8.3962,8.3972,2677650,18.15
2020-07-28,8.4193,8.6969,8.3268,8.6748,2883870,18.75
2020-07-29,8.4656,8.5118,8.0955,8.3972,1841250,18.15
2020-07-30,8.4193,8.7894,8.0955,8.6054,974910,18.6
2020-07-31,8.4193,8.6275,8.3962,8.3972,2304460,18.15
2020-08-03,8.4425,8.6044,8.3962,8.6054,1247760,18.6
2020-08-04,8.7431,8.8357,8.6738,8.7211,1210770,18.85
2020-08-05,8.7431,8.9976,8.6506,8.9987,1917290,19.45
2020-08-06,8.9744,9.0207,8.8357,8.883,1860660,19.2
2020-08-07,8.9282,8.9513,8.8125,8.8599,951190,19.15
2020-08-10,8.9282,9.1132,8.9282,8.9756,2743500,19.4
2020-08-11,9.0438,9.0438,8.9282,8.9987,1334060,19.45
2020-08-12,8.9976,9.1132,8.9976,9.0912,1634530,19.65
2020-08-13,9.1364,9.1826,9.067,9.1606,1584180,19.8
2020-08-14,9.1595,9.3445,9.0901,9.1606,2588850,19.8
2020-08-17,9.2983,9.3214,9.1364,9.2994,2732690,20.1
2020-08-18,9.2983,9.3445,9.252,9.2763,1410740,20.05
2020-08-19,9.2983,9.3677,9.252,9.3457,1132620,20.2
2020-08-20,9.3445,9.3677,9.1826,9.2532,3659990,20
2020-08-21,9.2983,9.437,9.2983,9.4151,2817550,20.35
2020-08-24,9.599,9.7146,9.4833,9.6927,2749740,20.95
2020-08-25,9.7146,9.8996,9.7146,9.8546,3775640,21.3
2020-08-26,9.8071,9.8534,9.7146,9.7621,2116830,21.1
2020-08-27,9.7609,9.8071,9.7146,9.7852,1792750,21.15
2020-08-28,9.8534,10.1078,9.8303,9.9934,5154230,21.6
2020-08-31,9.9922,10.0847,9.8303,9.8546,1793790,21.3
2020-09-01,9.8534,10.0384,9.7609,10.0397,2171350,21.7
2020-09-03,10.0616,10.2235,10.0384,10.1785,3326470,22
2020-09-04,10.0384,10.1309,10.0384,10.1091,2276910,21.85
2020-09-07,10.1078,10.1541,9.8071,9.8084,2350940,21.2
2020-09-08,9.8765,9.9459,9.7377,9.9472,1935300,21.5
2020-09-09,9.7609,9.9459,9.6915,9.8084,2762390,21.2
2020-09-10,9.8534,9.9922,9.8534,9.924,1524900,21.45
2020-09-11,9.8303,9.9228,9.7609,9.8546,1236940,21.3
2020-09-14,9.8534,9.969,9.8534,9.9472,1578270,21.5
2020-09-15,9.9459,9.969,9.8765,9.8778,1835310,21.35
2020-09-16,9.8765,9.9228,9.8303,9.9009,1258880,21.4
2020-09-17,9.8996,9.9922,9.8303,9.8546,3654030,21.3
2020-09-18,9.8996,10.0847,9.8765,10.086,5334940,21.8
2020-09-21,10.1772,10.316,10.1772,10.3173,5874890,22.3
2020-09-22,10.2697,10.3854,10.2003,10.3404,3669840,22.35
2020-09-23,10.3391,10.4085,10.2929,10.3173,2941250,22.3
2020-09-24,10.2929,10.3854,10.2235,10.3867,3988170,22.45
2020-09-25,10.3854,10.4085,10.2929,10.3635,3497970,22.4
2020-09-28,10.3391,10.6398,10.2929,10.5717,2811640,22.85
2020-09-29,10.5935,10.6398,10.4316,10.4329,2973020,22.55
2020-09-30,10.4316,10.4548,10.316,10.4561,2357980,22.6
2020-10-01,10.4779,10.5935,10.4548,10.5486,3497290,22.8
2020-10-02,10.5935,10.6398,10.3391,10.4329,4381810,22.55
2020-10-05,10.4316,10.5242,10.2929,10.4329,5363760,22.55
2020-10-06,10.501,10.5242,10.2697,10.3635,6850730,22.4
2020-10-07,10.316,10.3391,10.0847,10.086,12159210,21.8
2020-10-08,10.1309,10.1772,9.8765,9.8778,14366760,21.35
2020-10-09,9.9459,10.1541,9.8534,9.8778,13523760,21.35
2020-10-12,10.0384,10.1078,9.8071,9.8084,14203730,21.2
2020-10-13,9.8303,10.0153,9.8071,9.9009,14215200,21.4
2020-10-14,9.9922,10.5704,9.9922,10.5717,48630920,22.85
2020-10-15,10.848,11.0099,10.5473,10.5717,25323170,22.85
2020-10-16,10.5935,10.7786,10.4548,10.4792,27075400,22.65
2020-10-19,10.6167,10.8017,10.5704,10.6411,28506770,23
2020-10-20,10.6398,11.1718,10.6398,11.0575,34662420,23.9
2020-10-21,11.1949,11.2874,10.9636,10.9881,20951070,23.75
2020-10-22,10.9636,11.1024,10.8711,11.0807,24408740,23.95
2020-10-23,11.1487,11.1949,11.033,11.1038,28288440,24
2020-10-26,11.2874,11.5419,10.8017,10.8031,24707670,23.35
2020-10-27,11.0099,11.0793,10.7786,10.7799,30805330,23.3
2020-10-28,10.7786,10.848,10.3622,10.3635,32092220,22.4
2020-10-29,10.2235,10.501,10.0847,10.086,36149460,21.8
2020-10-30,10.2235,10.2929,9.8765,9.8778,28887760,21.35
2020-11-02,9.9922,10.1078,9.8996,9.9009,22943680,21.4
2020-11-03,10.0847,10.3854,10.0153,10.1785,27962010,22
2020-11-04,10.3391,10.4548,10.2466,10.2479,21927670,22.15
2020-11-05,10.2466,10.3391,10.0847,10.086,19766660,21.8
2020-11-06,10.1309,10.1772,9.9459,9.9934,15368880,21.6
2020-11-09,10.1078,10.2697,10.0847,10.2016,17624180,22.05
2020-11-10,10.4085,10.4316,10.2003,10.2247,21221910,22.1
2020-11-11,10.2697,10.3622,10.1772,10.1785,14433190,22
2020-11-12,10.2235,10.316,10.1772,10.3173,10771120,22.3
2020-11-13,10.3622,10.7092,10.3622,10.6411,22376970,23
2020-11-16,10.8248,10.8248,10.5473,10.5949,25236270,22.9
2020-11-17,10.6398,10.8017,10.5704,10.8031,17457030,23.35
2020-11-18,10.7786,10.9174,10.6861,10.8031,22760740,23.35
2020-11-19,10.8017,10.9174,10.7323,10.8262,16935520,23.4
2020-11-20,10.8711,10.8711,10.7786,10.8262,13546080,23.4
2020-11-23,10.8248,10.9405,10.6861,10.9187,17857230,23.6
2020-11-24,10.9636,11.1024,10.8248,10.9419,22530770,23.65
2020-11-25,10.9174,11.0793,10.8942,10.9187,13655890,23.6
2020-11-26,10.9405,10.9636,10.8248,10.9187,13091570,23.6
2020-11-27,10.9174,11.0561,10.8942,10.965,12261190,23.7
2020-11-30,11.0793,11.2874,10.9636,11.1501,24645230,24.1
2020-12-01,11.0099,11.3337,10.9405,11.3351,22797760,24.5
2020-12-02,11.38,11.7038,11.38,11.6127,27463650,25.1
2020-12-03,11.6113,11.7963,11.565,11.5665,17490250,25
2020-12-04,11.4956,11.565,11.4494,11.4739,16507860,24.8
2020-12-07,11.5881,11.6575,11.4725,11.5896,13044510,25.05
2020-12-08,11.6575,11.6575,11.5187,11.5665,14341140,25
2020-12-09,11.6113,11.9813,11.5881,11.9135,19001670,25.75
2020-12-10,12.0276,12.0276,11.7038,11.7053,18133060,25.3
2020-12-11,11.7038,11.8657,11.5881,11.8672,14116670,25.65
2020-12-14,11.9813,12.1664,11.8888,12.1216,15694300,26.2
2020-12-15,12.0739,12.1895,12.0045,12.0985,13700860,26.15
2020-12-16,12.2358,12.9297,12.2126,12.9313,29092450,27.95
2020-12-17,12.9528,13.5773,12.9297,13.1164,29802380,28.35
2020-12-18,13.1841,13.5311,13.1841,13.5096,15252570,29.2
2020-12-21,13.6467,13.8317,13.4617,13.6022,22777010,29.4
2020-12-22,13.4848,13.6467,13.4385,13.5096,17109090,29.2
2020-12-23,13.5079,13.5311,13.1841,13.2783,19453550,28.7
2020-12-24,13.3691,13.3691,12.4439,12.9313,26106600,27.95
2020-12-25,12.9297,13.693,12.814,13.6716,17113750,29.55
2020-12-28,13.8317,14.0168,13.6467,13.741,14471300,29.7
2020-12-29,13.7161,13.8317,13.6467,13.7641,12909770,29.75
2020-12-30,13.8317,14.1324,13.7392,13.8335,16579440,29.9
2020-12-31,13.8549,14.6876,13.8317,14.5737,16486510,31.5
2021-01-04,14.8032,15.4508,14.7569,15.2677,18607800,33
2021-01-05,15.1502,15.4277,15.0576,15.2909,14280100,33.05
2021-01-06,15.3583,15.7747,15.2427,15.3603,20222300,33.2
2021-01-07,15.6128,16.006,15.4508,16.008,16387200,34.6
2021-01-08,16.191,16.7693,16.1447,16.5169,16947900,35.7
2021-01-11,16.538,16.7693,16.2835,16.3087,13980300,35.25
2021-01-12,16.191,16.4223,15.9597,16.2393,16418200,35.1
2021-01-13,16.3992,16.6536,16.2373,16.2624,11399600,35.15
2021-01-14,16.3529,16.5611,16.1216,16.54,11995200,35.75
2021-01-15,16.7924,17.3706,16.7693,17.049,17357400,36.85
2021-01-18,17.2087,17.2087,16.6073,16.7482,13377400,36.2
2021-01-19,16.6073,16.8386,15.5896,15.6841,22796500,33.9
2021-01-20,15.8209,16.0754,14.8032,15.9617,25772300,34.5
2021-01-21,16.3067,16.7461,15.9597,16.7482,14253300,36.2
2021-01-22,16.8618,17.0699,16.5611,16.7945,12347400,36.3
2021-01-25,16.538,16.8155,16.4686,16.5632,15639600,35.8
2021-01-26,16.4223,16.5611,15.4971,16.193,18111400,35
2021-01-27,15.8441,16.3067,15.1039,15.4991,18775400,33.5
2021-01-28,14.5719,15.2658,14.4331,14.4349,27121100,31.2
2021-01-29,13.693,15.4277,13.693,14.8051,27420900,32
2021-02-01,14.8032,15.4971,14.595,14.8976,15146700,32.2
2021-02-02,14.8957,15.7747,14.7801,15.7304,13498900,34
2021-02-03,15.9597,16.4223,15.7284,16.193,18238700,35
2021-02-04,16.191,16.4686,16.006,16.193,14141400,35
2021-02-05,16.3298,16.7924,16.2373,16.7945,14358200,36.3
2021-02-08,16.191,16.8849,15.7284,16.193,21272800,35
2021-02-09,16.6536,16.8386,16.0522,16.6557,16738000,36
2021-02-17,17.0699,17.7638,16.8849,17.7661,21134000,38.4
2021-02-18,17.8101,18.1339,17.5788,17.9974,15791300,38.9
2021-02-19,17.6713,18.0877,17.6713,17.9049,12801300,38.7
2021-02-22,17.8795,17.972,17.5788,17.8586,14466800,38.6
2021-02-23,17.9489,18.6659,17.9489,18.4138,26384200,39.8
2021-02-24,18.5965,18.5965,17.9951,18.0899,14395400,39.1
2021-02-25,18.2727,18.2727,17.8101,18.0899,16440500,39.1
2021-02-26,17.7176,18.2033,17.7176,18.1593,15265000,39.25
2021-03-01,18.3652,18.6197,18.1802,18.5989,12622200,40.2
2021-03-02,18.8278,18.851,18.504,18.6451,8576800,40.3
2021-03-03,18.6659,18.7353,18.504,18.6683,8441900,40.35
2021-03-04,18.689,18.7353,17.8564,18.0668,16228300,39.05
2021-03-05,17.9951,18.2033,17.7176,18.1362,11169600,39.2
2021-03-08,18.2727,18.3652,17.8101,17.9743,10807100,38.85
2021-03-09,17.8564,18.1802,17.6713,18.0205,10594100,38.95
2021-03-10,18.0414,18.2264,17.8101,18.1825,9050000,39.3
2021-03-11,18.3652,18.7353,18.2496,18.5757,15369300,40.15
2021-03-12,18.689,18.7353,18.3884,18.5295,8046800,40.05
2021-03-15,18.5965,18.7353,18.4577,18.5526,8638500,40.1
2021-03-16,18.5503,18.5965,18.1802,18.4369,11577300,39.85
2021-03-17,18.504,18.689,18.3652,18.6451,9542800,40.3
2021-03-18,19.0591,19.4061,18.8278,19.4085,16410100,41.95
2021-03-19,19.1979,19.4986,19.1979,19.4317,7413700,42
2021-03-22,19.4292,19.4292,19.036,19.1078,10554500,41.3
2021-03-23,19.0129,19.1516,18.689,18.7145,12997700,40.45
2021-03-24,18.4115,18.7122,18.1802,18.1825,13792100,39.3
2021-03-25,18.2264,18.4115,18.1339,18.2056,10420800,39.35
2021-03-26,18.1108,18.3421,17.7638,18.2287,10188400,39.4
2021-03-29,18.3652,18.3884,18.1108,18.2981,8380600,39.55
2021-03-30,18.3652,18.689,18.2496,18.5295,10768300,40.05
2021-03-31,18.5965,18.9435,18.5271,18.6914,10304100,40.4
2021-04-01,18.7353,18.9666,18.6197,18.969,11065800,41
2021-04-02,19.2442,19.3367,19.0591,19.0847,8261300,41.25
2021-04-05,19.2904,19.3367,19.036,19.2003,11025600,41.5
2021-04-06,19.1748,19.6605,19.0129,19.5242,14957000,42.2
2021-04-07,19.4292,19.6836,19.3367,19.5242,7728400,42.2
2021-04-08,19.6142,19.6374,19.2904,19.4085,7518800,41.95
2021-04-09,19.2904,19.4292,19.1979,19.2466,8022500,41.6
2021-04-12,19.4292,19.568,19.2442,19.501,14990200,42.15
2021-04-13,19.6605,19.6605,19.1979,19.2466,15104100,41.6
2021-04-14,19.0129,19.4061,18.9203,19.3391,9753300,41.8
2021-04-15,19.4061,19.4061,18.9203,18.9227,14745100,40.9
2021-04-16,18.8741,19.0591,18.319,18.7145,15488700,40.45
2021-04-19,18.8741,19.2904,18.504,19.2466,11234400,41.6
2021-04-20,19.221,19.3829,18.8741,19.0384,11225000,41.15
2021-04-22,18.8278,19.0129,18.3652,18.3675,8352800,39.7
2021-04-23,18.3884,18.7584,18.0877,18.7377,10600700,40.5
2021-04-26,18.7353,18.8741,18.2496,18.2519,12155400,39.45
2021-04-27,18.2496,18.5503,18.2033,18.275,7370000,39.5
2021-04-28,18.2727,18.689,18.2727,18.4832,6065200,39.95
2021-04-29,18.5271,19.3136,18.4809,18.969,17966700,41
2021-05-04,18.6428,20.0768,18.5503,20.0794,31749800,43.4
2021-05-05,20.5394,21.4646,20.5163,21.2592,28214800,45.95
2021-05-06,20.8633,21.9504,20.8401,21.7912,26766000,47.1
2021-05-07,21.6497,22.1123,21.4646,21.7681,22027500,47.05
2021-05-10,21.6034,22.3898,21.6034,22.2539,19611400,48.1
2021-05-11,22.2511,22.3205,21.7422,21.7449,16021800,47
2021-05-12,21.6034,22.7831,21.6034,22.7859,23553400,49.25
2021-05-13,22.6443,23.0606,22.2048,22.2076,18045200,48
2021-05-14,22.6211,22.6443,22.2742,22.5083,13905300,48.65
2021-05-17,22.5518,22.7137,22.0198,22.1382,17123600,47.85
2021-05-18,22.066,22.6211,21.9966,22.3695,16910000,48.35
2021-05-19,22.3898,23.2225,22.3898,23.1792,17467900,50.1
2021-05-20,23.4538,23.5001,23.0837,23.2254,13171300,50.2
2021-05-21,23.13,23.9164,23.0606,23.503,18850300,50.8
2021-05-24,23.4538,23.6851,23.315,23.5493,14666700,50.9
2021-05-25,23.6851,24.1015,23.6851,23.8732,10560300,51.6
2021-05-26,23.8702,24.5178,23.6851,24.4284,16505900,52.8
2021-05-27,24.6103,24.7491,23.5001,23.7806,15941600,51.4
2021-05-28,23.9164,24.6566,23.6851,24.5209,20002700,53
2021-05-31,24.6103,24.8416,24.1477,24.8448,17054600,53.7
2021-06-01,25.0267,25.1192,24.5178,24.5672,12358200,53.1
2021-06-02,24.4715,24.6566,23.9627,24.4284,24560900,52.8
2021-06-03,24.6566,25.4893,24.4253,25.3537,23735700,54.8
2021-06-04,25.3505,25.5355,24.9804,25.2611,13371600,54.6
2021-06-07,24.5178,25.1654,23.5926,24.2433,20392100,52.4
2021-06-08,24.194,24.4715,22.6674,22.9016,25295000,49.5
2021-06-09,22.9912,23.6389,22.6674,23.503,22397000,50.8
2021-06-10,23.5001,23.6851,23.13,23.1792,10935100,50.1
2021-06-11,23.3613,24.6103,23.1763,24.3358,29600800,52.6
2021-06-14,24.379,24.6566,24.0552,24.3821,16827800,52.7
2021-06-15,24.3328,24.6103,24.0552,24.197,19611800,52.3
2021-06-16,23.8239,24.1477,23.3613,23.4568,20575900,50.7
2021-06-17,22.8987,23.5001,22.8987,23.2254,18677800,50.2
2021-06-18,23.5926,23.7776,23.4076,23.5956,9956600,51
2021-06-21,23.3613,23.5926,23.13,23.318,14920700,50.4
2021-06-22,23.5001,23.7314,23.2688,23.5493,17224200,50.9
2021-06-23,23.5463,24.1015,23.4076,23.6418,13102300,51.1
2021-06-24,23.7314,23.9164,23.4076,23.5493,10692100,50.9
2021-06-25,23.5926,23.8702,23.315,23.8732,10947700,51.6
2021-06-28,24.2865,24.9804,24.1477,24.7985,25721100,53.6
2021-06-29,24.7954,24.8879,24.4253,24.7522,16059200,53.5
2021-06-30,24.7028,24.8879,24.3328,24.3821,11461700,52.7
2021-07-01,24.4715,24.7491,24.1015,24.6597,19326700,53.3
2021-07-02,25.0729,25.3967,24.7954,25.1223,29377200,54.3
2021-07-05,25.3505,26.8771,24.8879,26.8342,46687200,58
2021-07-06,26.7383,27.1084,24.9804,24.9836,23008200,54
2021-07-07,25.443,26.1832,24.7954,26.1865,37766000,56.6
2021-07-08,25.8131,26.5532,25.7206,26.1865,27362400,56.6
2021-07-09,25.9519,27.0621,25.7206,26.1865,38234300,56.6
2021-07-12,25.6743,26.1369,24.379,24.7522,58235500,53.5
2021-07-13,25.0267,25.1192,24.4253,24.9373,20072400,53.9
2021-07-14,24.8416,24.8879,23.4076,23.5956,33443400,51
2021-07-15,23.5926,24.6103,23.5001,24.1045,20322400,52.1
2021-07-16,24.3328,24.4715,23.8702,23.8732,13987500,51.6
2021-07-19,23.13,23.5463,22.2048,22.2076,39327900,48
2021-07-20,22.3436,22.945,21.7422,22.9016,23861200,49.5
2021-07-21,23.4076,23.7776,22.945,23.2717,18598700,50.3
2021-07-22,23.1763,23.8239,23.0375,23.6418,13886900,51.1
2021-07-23,23.4076,23.6389,22.8987,22.9016,20067800,49.5
2021-07-26,22.6674,22.9681,22.5286,22.6703,14424400,49
2021-07-27,23.13,23.2688,22.9218,23.0173,13266100,49.75
2021-07-28,23.0144,23.2688,22.8987,22.9941,7468600,49.7
2021-07-29,23.1763,23.5001,23.13,23.4105,12542100,50.6
2021-07-30,23.4538,23.8702,23.3613,23.6418,16932500,51.1
2021-08-02,23.5926,23.7776,23.4076,23.503,14030000,50.8
2021-08-03,23.5001,24.0552,23.5001,23.9657,22927700,51.8
2021-08-04,24.2865,24.3328,23.9627,24.0582,19177300,52
2021-08-05,24.0089,24.379,23.9164,24.2896,12021200,52.5
2021-08-06,24.2865,24.6103,23.9627,23.9657,16084300,51.8
2021-08-09,23.8239,24.379,23.7314,24.2896,15208100,52.5
2021-08-10,24.5178,24.5178,24.0089,24.197,12265300,52.3
2021-08-11,24.194,24.7491,24.0089,24.197,20471000,52.3
2021-08-12,24.2402,24.5178,24.0552,24.0582,11779000,52
2021-08-13,24.0552,24.1477,23.6389,24.1508,15402000,52.2
2021-08-16,24.194,25.1654,24.1015,24.9836,30299500,54
2021-08-17,25.1192,25.3042,24.4253,24.6597,16002700,53.3
2021-08-18,24.5178,24.7491,24.2865,24.4284,12905800,52.8
2021-08-19,24.2865,24.6566,24.1015,24.5209,18765300,53
2021-08-20,24.4253,24.5178,23.0375,23.3642,31461200,50.5
2021-08-23,23.2688,23.5001,22.5518,22.5546,26003500,48.75
2021-08-24,22.5518,22.7599,22.3898,22.6703,16213400,49
2021-08-25,22.6211,22.7599,22.4361,22.7397,9431100,49.15
2021-08-26,22.8062,22.8293,22.2973,22.3464,10111900,48.3
2021-08-27,22.1123,22.2742,21.7422,22.2307,19689500,48.05
2021-08-30,22.4824,22.8524,22.2511,22.7628,12298900,49.2
2021-08-31,22.8987,22.8987,21.7422,22.4389,7773900,48.5
2021-09-01,22.2973,22.6443,22.2973,22.3464,8530000,48.3
2021-09-06,22.5055,22.6443,22.1585,22.6471,12880500,48.95
2021-09-07,22.6905,23.315,22.6905,22.971,11611100,49.65
2021-09-08,22.945,22.9681,22.4824,22.5777,7150900,48.8
2021-09-09,22.4361,22.8987,22.4361,22.8091,7854400,49.3
2021-09-10,23.0375,23.0375,22.6674,22.8091,7222000,49.3
2021-09-13,22.7368,22.8756,22.6211,22.6471,6802200,48.95
2021-09-14,22.6443,22.7137,22.4361,22.4389,6142500,48.5
2021-09-15,22.2973,22.5749,22.2511,22.3927,5037600,48.4
2021-09-16,22.6211,22.7368,22.4824,22.7165,5523500,49.1
2021-09-17,22.7599,23.0837,22.7599,23.0173,8274500,49.75
2021-09-20,23.3613,23.8702,23.1763,23.4568,13074700,50.7
2021-09-21,23.1763,23.5463,23.0144,23.318,10058100,50.4
2021-09-22,23.5463,23.5463,23.0837,23.3642,4960100,50.5
2021-09-23,23.4076,23.7314,23.13,23.2254,8627900,50.2
2021-09-24,23.4538,23.8239,23.2688,23.4105,7364700,50.6
2021-09-27,23.4538,23.6389,22.8987,22.9016,6850300,49.5
2021-09-28,22.8062,23.0606,22.5749,23.0404,5568700,49.8
2021-09-29,22.7599,23.0144,22.6211,22.8553,5676700,49.4
2021-09-30,22.9912,23.315,22.945,22.9479,5275100,49.6
2021-10-01,22.945,23.0375,22.6211,22.6703,6502800,49
2021-10-04,22.5749,22.6443,22.3436,22.3695,9510600,48.35
2021-10-05,22.4824,22.7599,22.4824,22.7165,5889900,49.1
2021-10-06,22.8756,23.3613,22.7599,23.2717,8579800,50.3
2021-10-07,23.4076,23.5001,23.13,23.1329,5414900,50
2021-10-08,23.1763,23.5463,23.13,23.4568,7634900,50.7
2021-10-11,23.5926,24.5178,23.5926,24.5209,23096400,53
2021-10-12,24.7028,24.7028,24.3328,24.5209,14216500,53
2021-10-13,24.5178,24.6103,24.194,24.2433,14188100,52.4
2021-10-14,24.2865,24.5178,24.1477,24.2896,19788700,52.5
2021-10-15,24.4715,24.4715,24.194,24.3358,11950400,52.6
2021-10-18,24.6103,24.7954,24.379,24.4746,15018000,52.9
2021-10-19,24.4715,24.5178,24.0552,24.3821,14167300,52.7
2021-10-20,24.4253,24.9341,24.2865,24.6134,22695300,53.2
2021-10-21,24.9804,24.9804,24.4715,24.4746,15317400,52.9
2021-10-22,24.4715,24.5178,24.1477,24.197,11640600,52.3
2021-10-25,24.1015,24.1015,23.5001,23.5493,28527000,50.9
2021-10-26,23.315,23.5926,23.1069,23.5956,20157800,51
2021-10-27,23.6851,23.9627,23.5463,23.8269,16750100,51.5
2021-10-28,24.0552,24.1015,23.8239,23.9657,13859600,51.8
2021-10-29,24.0089,24.0552,23.7314,23.8732,12744400,51.6
2021-11-01,23.9164,24.2865,23.8239,23.8732,25398000,51.6
2021-11-02,23.9627,23.9627,23.8239,23.8732,15468300,51.6
2021-11-03,24.194,25.0729,24.0552,24.8448,39738000,53.7
2021-11-04,24.8416,25.0729,24.4253,24.6597,18683600,53.3
2021-11-05,24.7491,24.7491,24.379,24.5209,13453700,53
2021-11-08,24.4253,24.6566,24.194,24.3358,21189500,52.6
2021-11-09,24.5178,24.6566,24.194,24.197,21533900,52.3
2021-11-10,24.3328,24.379,23.8702,23.9194,19484600,51.7
2021-11-11,23.9164,24.2402,23.4538,23.8269,21838500,51.5
2021-11-12,23.7776,24.379,23.6389,24.2896,12719800,52.5
2021-11-15,24.4253,24.5178,24.0089,24.0582,11079700,52
2021-11-16,24.0552,24.4715,23.8702,24.0582,12519700,52
2021-11-17,24.0552,24.2402,23.9164,24.1508,12113200,52.2
2021-11-18,24.0552,24.1477,23.7776,23.8269,12833900,51.5
2021-11-19,23.9627,24.7028,23.6851,24.197,29907300,52.3
2021-11-22,24.194,25.3505,24.194,24.5672,23613400,53.1
2021-11-23,24.7028,24.7491,24.2402,24.3358,10596400,52.6
2021-11-24,24.3328,25.7668,24.194,25.6775,52375300,55.5
2021-11-25,25.9056,25.9056,25.3042,25.3999,17981000,54.9
2021-11-26,25.4893,25.6743,24.9341,24.9836,21915600,54
2021-11-29,24.5178,24.7028,24.1015,24.197,28236300,52.3
2021-11-30,24.5641,24.5641,23.8239,23.9657,24494700,51.8
2021-12-01,23.8702,24.2402,23.8239,24.2433,11339500,52.4
2021-12-02,24.2402,24.3328,23.9164,23.9194,8970600,51.7
2021-12-03,24.0552,24.1477,23.2225,23.2254,15571600,50.2
2021-12-06,23.2688,23.5926,22.5055,22.6703,22907100,49
2021-12-07,22.945,23.2688,22.8293,23.1329,8982100,50
2021-12-08,23.2225,23.5001,23.0837,23.1329,7649900,50
2021-12-09,23.13,23.315,23.0606,23.318,5203500,50.4
2021-12-10,23.3613,23.5463,23.1763,23.2254,7507300,50.2
2021-12-13,23.2688,23.315,23.1069,23.1329,7440600,50
2021-12-14,23.13,23.5001,23.0606,23.1792,7138200,50.1
2021-12-15,23.2688,23.5001,23.1069,23.2254,6818200,50.2
2021-12-16,23.3613,23.3613,23.0606,23.0635,6325600,49.85
2021-12-17,23.13,23.1763,23.0375,23.0635,7903900,49.85
2021-12-20,23.0606,23.13,22.8293,22.9016,7689900,49.5
2021-12-21,22.8987,22.9912,22.7599,22.7859,7255100,49.25
2021-12-22,22.8062,22.8987,22.3436,22.624,12625100,48.9
2021-12-23,22.598,22.598,21.881,21.9069,13503100,47.35
2021-12-24,21.9504,22.7368,21.9504,22.624,6139300,48.9
2021-12-27,22.8524,22.8524,22.4361,22.6009,4727500,48.85
2021-12-28,22.7831,22.8293,22.5286,22.7397,7473500,49.15
2021-12-29,22.7368,22.9681,22.6674,22.7165,6141700,49.1
2021-12-30,22.7599,23.0144,22.6674,22.8091,5321600,49.3
2021-12-31,22.8987,23.3613,22.8756,23.1329,9547100,50
2022-01-04,23.3613,23.6851,23.2688,23.5493,11334600,50.9
2022-01-05,23.5463,23.6851,23.2688,23.3642,9569600,50.5
2022-01-06,23.2225,23.315,22.945,23.0867,10716700,49.9
2022-01-07,23.0837,23.1763,22.8524,22.8785,7832200,49.45
2022-01-10,22.8987,22.945,22.5055,22.5083,8771400,48.65
2022-01-11,22.6211,22.7137,22.3898,22.4158,7296500,48.45
2022-01-12,22.413,23.315,22.3898,23.318,12044200,50.4
2022-01-13,23.5463,23.9627,23.2225,23.3642,14417100,50.5
2022-01-14,23.13,23.315,22.8987,23.0173,5187100,49.75
2022-01-17,22.9912,23.3613,22.4824,22.4852,10990600,48.6
2022-01-18,22.4824,22.8756,22.4361,22.5546,7885200,48.75
2022-01-19,22.6674,22.8524,22.5749,22.5777,3749500,48.8
2022-01-20,22.5055,22.6443,22.4824,22.6471,4336100,48.95
2022-01-21,22.6674,23.5001,22.6211,23.0404,10321600,49.8
2022-01-24,23.1069,23.7776,23.0375,23.2717,16269200,50.3
2022-01-25,23.6851,24.1015,23.5926,24.012,14466300,51.9
2022-01-26,24.2402,24.6566,24.0552,24.2433,15042300,52.4
2022-01-27,24.0552,24.379,23.8239,24.012,8044000,51.9
2022-01-28,24.0089,24.5178,23.8702,24.4284,10292900,52.8
2022-02-07,24.8416,24.8879,24.4253,24.4284,9809900,52.8
2022-02-08,24.4253,25.1192,24.4253,24.891,16481000,53.8
2022-02-09,24.9804,25.3967,24.7954,24.7985,17391000,53.6
2022-02-10,24.7954,25.0729,24.5641,24.7985,11224900,53.6
2022-02-11,24.7491,24.8879,24.5178,24.8448,7847800,53.7
2022-02-14,24.6103,24.6103,23.8239,23.8269,18771500,51.5
2022-02-15,23.8702,24.1015,23.7314,23.9657,8584300,51.8
2022-02-16,24.1477,24.1477,23.8239,23.8732,6174400,51.6
2022-02-17,23.8702,24.2865,23.8702,24.1508,7301000,52.2
2022-02-18,23.9164,24.0552,23.8239,23.8732,6543700,51.6
2022-02-21,23.8702,23.9164,23.5001,23.8269,8654200,51.5
2022-02-22,23.5926,23.9164,23.4076,23.7806,10561000,51.4
2022-02-23,23.9164,24.1477,23.7776,23.9194,6188300,51.7
2022-02-24,23.8239,24.0089,23.0375,23.3642,15534300,50.5
2022-02-25,23.5926,23.7314,23.3613,23.4568,6665900,50.7
2022-02-28,23.3613,23.5463,23.2225,23.318,7106100,50.4
2022-03-01,23.4538,23.4538,23.1763,23.2717,6945900,50.3
2022-03-02,23.1763,23.1763,22.7599,22.7628,17893700,49.2
2022-03-03,22.8987,23.0837,22.7368,22.971,7391900,49.65
2022-03-04,23.0144,23.315,22.8987,23.1098,7022700,49.95
2022-03-07,22.8987,22.945,22.7137,22.7859,8122400,49.25
2022-03-08,22.6674,22.8987,22.5749,22.6703,8766400,49
2022-03-09,22.6674,22.8293,22.6211,22.7165,6957800,49.1
2022-03-10,23.0375,23.0375,22.7831,22.7859,4387100,49.25
2022-03-11,22.7599,22.7599,22.5286,22.624,6422600,48.9
2022-03-14,22.5749,22.6211,22.3436,22.4389,5161200,48.5
2022-03-15,22.4824,22.6674,22.4361,22.4852,3829700,48.6
2022-03-16,22.5749,22.8756,22.5749,22.6934,4542000,49.05
2022-03-17,22.8756,22.8987,22.6674,22.6703,3249200,49
2022-03-18,22.7368,22.8524,22.7137,22.7628,2909700,49.2
2022-03-21,22.7831,22.9218,22.7137,22.8785,3921900,49.45
2022-03-22,22.9218,23.2688,22.8987,23.0867,5953800,49.9
2022-03-23,23.0837,23.2225,22.945,22.9479,3409900,49.6
2022-03-24,22.945,23.0375,22.8062,22.8091,3214000,49.3
2022-03-25,22.8524,22.8756,22.7368,22.7859,3175400,49.25
2022-03-28,22.7368,22.7368,22.3667,22.5777,6597500,48.8
2022-03-29,22.6211,22.7368,22.5055,22.624,4272400,48.9
2022-03-30,22.6211,23.0837,22.6211,22.7397,5598900,49.15
2022-03-31,22.8987,22.9912,22.8062,22.9247,5248700,49.55
2022-04-01,22.9218,23.315,22.8524,23.2717,9575500,50.3
2022-04-04,23.315,23.4076,22.9681,22.971,9775600,49.65
2022-04-05,22.8524,22.8987,22.6905,22.6934,5803000,49.05
2022-04-06,22.6211,23.0837,22.5286,23.0867,9012200,49.9
2022-04-07,23.0837,23.2688,22.8062,22.8091,5971000,49.3
2022-04-08,22.8524,22.8524,22.5749,22.6009,7030100,48.85
2022-04-12,22.5286,22.6211,22.1585,22.2076,8278800,48
2022-04-13,22.3898,22.413,22.1585,22.2076,6722300,48
2022-04-14,22.2279,22.3667,21.8116,21.8837,8324100,47.3
2022-04-15,21.881,21.881,21.0946,21.0972,18618800,45.6
2022-04-18,21.2796,21.3953,20.7245,20.7502,11505300,44.85
2022-04-19,20.817,21.0252,20.1231,20.2182,7232900,43.7
2022-04-20,20.2156,20.4469,19.9149,19.9174,7909800,43.05
2022-04-21,19.8918,20.3544,19.8455,20.1719,10019500,43.6
2022-04-22,20.3544,20.7014,20.1462,20.4032,6684800,44.1
2022-04-25,20.4469,20.4932,18.9897,18.9921,12317000,41.05
2022-04-26,18.7816,19.4292,17.972,19.2003,11120700,41.5
2022-04-27,19.1979,19.5217,18.9203,19.2466,6154800,41.6
2022-04-28,19.2673,19.7993,19.2673,19.5704,4729300,42.3
2022-04-29,19.568,20.3544,19.5217,20.357,9795500,44
2022-05-04,20.1231,20.1925,19.4292,19.4317,6384600,42
2022-05-05,19.8224,19.8224,19.1516,19.7092,4804200,42.6
2022-05-06,19.2904,19.568,19.1979,19.2003,4889500,41.5
2022-05-09,19.0591,19.1516,17.8564,17.8586,12361700,38.6
2022-05-10,17.3244,17.972,17.3244,17.9049,10236300,38.7
2022-05-11,18.0414,18.2496,17.787,18.0437,4071500,39
2022-05-12,18.0414,18.0414,16.7924,16.7945,7306300,36.3
2022-05-13,16.7924,17.0237,15.6359,15.6379,15203300,33.8
2022-05-16,16.2373,16.5611,15.0808,15.0827,11689600,32.6
2022-05-17,15.0808,16.1216,15.0576,16.1236,9447600,34.85
2022-05-18,16.5148,17.0699,16.3529,16.6788,8689300,36.05
2022-05-19,16.376,16.8386,16.2835,16.5632,5692200,35.8
2022-05-20,16.5611,16.8618,16.3529,16.5169,5443200,35.7
2022-05-23,16.5611,16.7461,16.1216,16.1236,5290600,34.85
2022-05-24,16.0985,16.3067,15.9134,16.3087,4270100,35.25
2022-05-25,16.5842,16.9543,16.4223,16.887,6709700,36.5
2022-05-26,16.9774,17.2319,16.908,16.9796,4687800,36.7
2022-05-27,17.0699,17.3244,17.0468,17.3266,5777300,37.45
2022-05-30,17.5788,17.5788,17.3244,17.4654,4224300,37.75
2022-05-31,17.3244,17.3938,17.1856,17.1878,5119800,37.15
2022-06-01,17.1162,17.44,16.9543,17.049,3829000,36.85
2022-06-02,17.0699,17.1162,16.6536,16.8408,3533700,36.4
2022-06-03,16.8155,17.0468,16.6767,16.8639,3040200,36.45
2022-06-06,16.8618,17.0237,16.6536,16.6788,3845100,36.05
2022-06-07,16.6536,16.7461,16.191,16.7482,4640800,36.2
2022-06-08,16.7924,17.3244,16.723,17.234,6456800,37.25
2022-06-09,17.2319,17.3706,17.1393,17.3034,5776000,37.4
2022-06-10,17.1162,17.9951,17.0931,17.5579,8194200,37.95
2022-06-13,17.1162,17.2319,16.6305,16.6557,6673500,36
2022-06-14,16.3298,16.7924,16.2835,16.54,3740800,35.75
2022-06-15,16.5148,16.723,16.2141,16.5169,5449100,35.7
2022-06-16,16.6073,16.8849,16.4686,16.6788,5916100,36.05
2022-06-17,16.2141,16.376,15.659,15.9617,4994900,34.5
2022-06-20,15.9597,16.2835,15.2658,15.2677,4004000,33
2022-06-21,15.3121,15.6359,15.1733,15.2677,4900200,33
2022-06-22,15.6128,16.3298,15.474,16.1005,6208200,34.8
2022-06-23,16.0985,16.8386,15.9828,16.6326,4708100,35.95
2022-06-24,16.6305,16.6999,16.4223,16.4244,2969100,35.5
2022-06-27,16.4454,16.6305,16.4223,16.4475,4282300,35.55
2022-06-28,16.4223,17.0931,16.3529,16.9796,5342500,36.7
2022-06-29,16.7461,17.1856,16.7461,17.0027,3048300,36.75
2022-06-30,16.908,17.1625,16.4454,16.4475,3566500,35.55
2022-07-01,16.4686,16.7693,16.1216,16.6557,3473300,36
2022-07-04,16.7693,16.9774,16.6767,16.8176,3148000,36.35
2022-07-05,16.9312,17.6945,16.8155,17.4654,10888900,37.75
2022-07-06,17.3475,17.7638,17.2087,17.396,6055300,37.6
2022-07-07,17.3244,17.5788,17.1162,17.4885,3567400,37.8
2022-07-08,17.5557,17.5788,17.2781,17.3728,4058400,37.55
2022-07-11,17.1393,17.255,16.4223,16.4706,8452700,35.6
2022-07-12,16.5611,16.6999,16.4917,16.702,3916500,36.1
2022-07-13,16.723,17.0237,16.6536,16.702,3156800,36.1
2022-07-14,16.6073,16.7924,16.5842,16.6326,2902000,35.95
2022-07-15,16.6999,16.908,16.6999,16.702,4094300,36.1
2022-07-18,16.7924,17.0468,16.6999,16.7945,2990600,36.3
2022-07-19,16.7693,16.7924,16.538,16.702,2566900,36.1
2022-07-20,16.8849,16.9312,16.7461,16.7945,4923800,36.3
2022-07-21,16.9312,17.0699,16.7924,17.049,5488700,36.85
2022-07-22,17.255,17.5325,17.1393,17.1646,4424700,37.1
2022-07-25,17.0468,17.1625,17.0006,17.0258,2340300,36.8
2022-07-26,17.0237,17.1393,16.908,16.9333,2794900,36.6
2022-07-27,16.8386,16.9312,16.8386,16.9333,1654100,36.6
2022-07-28,17.0699,17.3475,17.0237,17.2572,5604300,37.3
2022-07-29,17.3475,17.5325,17.1856,17.5348,5486300,37.9
2022-08-01,17.5094,17.9489,17.3938,17.8586,6875400,38.6
2022-08-02,17.7638,17.8564,17.6019,17.7198,4609900,38.3
2022-08-03,17.7176,17.7638,17.5094,17.6504,4944700,38.15
2022-08-04,17.6945,17.972,17.6713,17.7661,4630800,38.4
2022-08-05,17.7638,17.9489,17.7176,17.7661,3914900,38.4
2022-08-08,17.8101,18.3421,17.8101,18.1362,7998700,39.2
2022-08-09,18.2264,18.3421,18.0414,18.1131,4306400,39.15
2022-08-10,17.972,18.0645,17.9026,17.9511,3001500,38.8
2022-08-11,18.0877,18.1802,17.7407,17.8123,4920200,38.5
2022-08-12,17.8101,17.9489,17.6945,17.9511,2817400,38.8
2022-08-15,18.0414,18.2033,17.972,18.0899,4366600,39.1
2022-08-16,18.0645,18.1339,18.0183,18.0437,3042300,39
2022-08-17,18.0645,18.2033,18.0414,18.1825,4459300,39.3
2022-08-18,18.0877,18.2727,18.0183,18.0899,5337200,39.1
2022-08-19,18.0645,18.1339,18.0183,18.0437,2566900,39
2022-08-22,17.972,18.0877,17.8332,17.9049,3086100,38.7
2022-08-23,17.8795,17.9489,17.7407,17.9511,3339900,38.8
2022-08-24,17.9489,18.3884,17.9489,18.1593,3993200,39.25
2022-08-25,18.1802,18.3652,18.1802,18.2981,3706900,39.55
2022-08-26,18.319,18.4809,18.2727,18.275,4353000,39.5
2022-08-29,17.9489,18.0877,17.8101,17.928,4474600,38.75
2022-08-30,17.9489,18.1108,17.9258,17.928,3807500,38.75
2022-08-31,17.9258,18.1108,17.8795,18.0205,2265500,38.95
2022-09-05,17.972,17.9951,17.8332,17.8586,2788600,38.6
2022-09-06,17.8332,18.0414,17.8332,17.8817,2340700,38.65
2022-09-07,17.8795,17.9026,17.3706,17.3728,4269000,37.55
2022-09-08,17.4632,17.5325,17.2781,17.3034,2473200,37.4
2022-09-09,17.44,17.44,17.1162,17.4191,2951100,37.65
2022-09-12,17.4169,17.4863,17.3244,17.3497,1289900,37.5
2022-09-13,17.3012,17.3938,17.255,17.2572,1687000,37.3
2022-09-14,16.8849,17.1162,16.8849,17.0258,2794500,36.8
2022-09-15,17.1162,17.1393,16.9312,16.9333,1611900,36.6
2022-09-16,16.8386,16.9543,16.6536,16.6557,2188200,36
2022-09-19,16.6536,16.6536,16.1216,16.2162,3777300,35.05
2022-09-20,16.4454,16.4454,16.1447,16.2162,1989200,35.05
2022-09-21,16.191,16.2373,15.9597,15.9617,2073000,34.5
2022-09-22,15.8672,16.0291,15.7747,15.9848,2922800,34.55
2022-09-23,15.9366,16.006,15.7515,15.8229,2265200,34.2
2022-09-26,15.659,15.659,15.2427,15.3834,5217000,33.25
2022-09-27,15.5202,15.6821,15.3583,15.4991,2336300,33.5
2022-09-28,15.4277,15.5896,15.3583,15.3834,2069900,33.25
2022-09-29,15.5896,15.5896,15.2658,15.2677,2640300,33
2022-09-30,15.2658,15.3583,14.8957,15.0364,5240200,32.5
2022-10-03,15.0345,15.0808,13.9937,13.9954,6076000,30.25
2022-10-04,14.2481,14.3406,13.878,14.0185,5966900,30.3
2022-10-05,14.3406,14.3637,14.1093,14.1111,3986800,30.5
2022-10-06,14.1093,14.2481,13.5542,13.5559,5573700,29.3
2022-10-07,13.3691,13.3691,12.6059,12.6074,14349900,27.25
2022-10-10,11.9351,12.4671,11.7269,11.9366,18275400,25.8
2022-10-11,11.9351,11.9351,11.1024,11.1038,21188700,24
2022-10-12,11.1024,11.75,10.8942,11.4739,9605400,24.8
2022-10-13,11.4725,11.7038,11.1487,11.7053,9386700,25.3
2022-10-14,12.2589,12.2589,11.7963,11.8903,6333400,25.7
2022-10-17,11.7963,11.7963,11.2643,11.6127,7760900,25.1
2022-10-18,11.8426,11.9813,11.6344,11.7053,5030200,25.3
2022-10-19,11.7038,11.7963,11.38,11.659,4571000,25.2
2022-10-20,11.6113,11.6113,11.3568,11.3814,5210100,24.6
2022-10-21,11.4956,11.4956,10.5935,10.5949,9633400,22.9
2022-10-24,10.6629,10.8017,9.8534,9.8546,11800600,21.3
2022-10-25,9.8534,10.3854,9.252,9.8546,9593300,21.3
2022-10-26,10.0384,10.0847,9.7377,9.9009,3153400,21.4
2022-10-27,9.9459,10.5704,9.9459,10.5717,5222800,22.85
2022-10-28,10.9174,11.2874,10.8711,11.2889,12484200,24.4
2022-10-31,11.38,11.4725,10.8711,11.3814,7284700,24.6
2022-11-01,11.565,12.0276,11.565,11.8672,8603400,25.65
2022-11-02,11.8888,11.9351,11.5881,11.659,5442300,25.2
2022-11-03,11.4031,11.9582,11.4031,11.9597,6663000,25.85
2022-11-04,11.565,11.7963,11.1255,11.7978,12626400,25.5
2022-11-07,11.7732,11.9351,10.9868,10.9881,6326200,23.75
2022-11-08,10.9868,11.5187,10.6398,11.1732,5353800,24.15
2022-11-09,11.3337,11.6113,11.1949,11.2657,3645200,24.35
2022-11-10,11.1024,11.1487,10.4779,10.5255,7580100,22.75
2022-11-11,10.8711,11.0793,10.5473,10.5486,5479500,22.8
2022-11-14,10.2697,10.3622,9.8534,10.271,5828500,22.2
2022-11-15,10.2003,10.2003,9.5527,9.577,10943000,20.7
2022-11-16,8.9282,10.2235,8.9282,10.2247,18062800,22.1
2022-11-17,10.501,10.6629,10.2697,10.618,5977300,22.95
2022-11-18,10.5704,10.8017,10.0847,10.5023,6390000,22.7
2022-11-21,10.4779,10.6861,10.2929,10.2941,4508400,22.25
2022-11-22,10.2003,10.6629,10.1078,10.1091,7548800,21.85
2022-11-23,10.1772,10.3622,10.0384,10.1785,3771800,22
2022-11-24,10.1772,10.2697,9.9459,10.2479,3471500,22.15
2022-11-25,10.3391,10.6398,10.2697,10.6411,5208100,23
2022-11-28,10.7786,11.38,10.7555,11.3814,9058600,24.6
2022-11-29,11.5419,11.8426,11.2643,11.659,7876400,25.2
2022-11-30,11.6575,11.9813,11.5419,11.9829,8860700,25.9
2022-12-01,12.1433,12.814,12.1433,12.6768,16532500,27.4
2022-12-02,12.4902,13.4154,12.4208,13.3246,9001200,28.8
2022-12-05,13.6467,13.7855,13.3229,13.4171,8445100,29
2022-12-06,13.3229,13.4154,12.4902,12.5149,14489700,27.05
2022-12-07,12.4902,12.5596,12.0045,12.2142,7114400,26.4
2022-12-08,12.3977,13.0453,12.2589,13.047,10144300,28.2
2022-12-09,13.161,13.1841,12.814,13.0701,4407800,28.25
2022-12-12,13.0685,13.2072,12.5827,12.5843,6189600,27.2
2022-12-13,12.5827,13.3229,12.4902,13.3246,7316900,28.8
2022-12-14,13.6467,13.7392,13.3229,13.3246,7999600,28.8
2022-12-15,13.3229,13.6698,13.2304,13.6484,7681000,29.5
2022-12-16,13.4154,13.5542,13.2304,13.4865,6469000,29.15
2022-12-19,13.4848,14.1787,13.4385,13.5328,9319200,29.25
2022-12-20,13.4154,13.5311,12.6059,12.8156,11750600,27.7
2022-12-21,12.9759,13.0453,12.1664,12.8156,6560300,27.7
2022-12-22,12.8372,13.1378,12.6059,12.8156,3604900,27.7
2022-12-23,12.814,12.9065,12.4671,12.7694,2878800,27.6
2022-12-26,12.6059,12.6752,11.8888,11.8903,7542600,25.7
2022-12-27,11.8426,12.1664,11.75,12.1679,4426300,26.3
2022-12-28,12.0739,12.2358,11.912,12.0985,3298700,26.15
2022-12-29,12.0739,12.1664,11.912,12.006,2934700,25.95
2022-12-30,12.0045,12.0739,11.9582,11.9597,2181900,25.85
2023-01-03,11.912,12.6984,11.912,12.7,3786800,27.45
2023-01-04,12.6984,12.8603,12.6059,12.6306,3185500,27.3
2023-01-05,12.629,12.8603,12.5596,12.7925,2716900,
2023-01-06,12.6984,13.1378,12.629,12.8156,4803900,
2023-01-09,12.8603,12.9297,12.7678,12.8388,2387700,
2023-01-10,12.8372,12.9528,12.629,12.7,2613300,
2023-01-11,12.6984,12.9528,12.629,12.7925,3136500,
2023-01-12,12.7909,12.9297,12.7678,12.885,2124100,
2023-01-13,12.9065,13.0916,12.8603,12.8619,2810200,27.8
2023-01-16,12.8834,12.9991,12.7909,13.0007,2492900,28.1
2023-01-17,13.1378,13.5542,13.1147,13.4171,6179200,29
2023-01-18,13.4617,13.4848,13.3691,13.4634,3241200,29.1
2023-01-19,13.346,13.5542,13.346,13.4634,4742400,29.1
2023-01-27,13.5773,13.7392,13.4154,13.4402,5539200,29.05
2023-01-30,13.4385,13.4385,13.2072,13.2783,5917000,28.7
2023-01-31,13.2535,13.6004,12.9759,13.6022,6148400,29.4
2023-02-01,13.6467,13.6467,12.9528,13.047,5944500,28.2
2023-02-02,13.0453,13.1378,12.7678,12.9544,3795200,28
2023-02-03,12.9991,13.0453,12.5365,12.538,6448000,27.1
2023-02-06,12.5365,12.9528,12.5133,12.9313,3183300,27.95
2023-02-07,12.9297,12.9759,12.6752,12.6768,3288400,27.4
2023-02-08,12.7215,12.9297,12.6752,12.885,2709000,27.85
2023-02-09,12.814,12.8834,12.629,12.6306,2757300,27.3
2023-02-10,12.6521,12.7215,12.4439,12.4686,2626000,26.95
2023-02-13,12.4208,12.4439,12.1895,12.3067,2897200,26.6
2023-02-14,12.2589,12.6752,12.2589,12.4224,2949800,26.85
2023-02-15,12.4208,12.7678,12.3052,12.6768,2633000,27.4
2023-02-16,12.7678,12.9065,12.5827,12.9082,2247700,27.9
2023-02-17,12.8372,12.8603,12.7215,12.8619,1784300,27.8
2023-02-20,12.8372,13.2304,12.814,13.232,2743200,28.6
2023-02-21,13.2304,13.3923,13.1147,13.1395,2590900,28.4
2023-02-22,12.9759,13.0222,12.7215,12.7231,2373000,27.5
2023-02-23,12.7215,12.9297,12.4902,12.9313,3597400,27.95
2023-02-24,12.9297,12.9297,12.5596,12.6074,1972500,27.25
2023-02-27,12.5827,12.5827,12.3052,12.4918,2377000,27
2023-02-28,12.4902,12.5827,12.2589,12.2604,2104000,26.5
2023-03-01,12.1201,12.6521,12.0507,12.6306,2204200,27.3
2023-03-02,12.7446,12.7678,12.4902,12.5843,1549900,27.2
2023-03-03,12.5827,12.6521,12.282,12.3992,1875800,26.8
2023-03-06,12.4902,12.6984,12.3514,12.5843,2568900,27.2
2023-03-07,12.5827,12.7215,12.5133,12.538,2340300,27.1
2023-03-08,12.4439,12.6752,12.3977,12.6306,1945300,27.3
2023-03-09,12.7215,12.8834,12.5827,12.8619,3286200,27.8
2023-03-10,12.7215,12.7678,12.4902,12.5612,2129800,27.15
2023-03-13,12.282,12.4671,12.282,12.3761,3114300,26.75
2023-03-14,12.3283,12.3746,12.1664,12.1679,2469900,26.3
2023-03-15,12.3977,12.6752,12.3977,12.5843,2361600,27.2
2023-03-16,12.4439,12.4671,12.1895,12.3761,2661700,26.75
2023-03-17,12.3977,12.5365,12.3052,12.3298,1199600,26.65
2023-03-20,12.2589,12.3052,12.1433,12.1448,2286500,26.25
2023-03-21,12.2589,12.3052,12.0739,12.191,1997800,26.35
2023-03-22,12.2358,12.3052,12.1201,12.1216,2471700,26.2
2023-03-23,12.1201,12.1895,11.9582,12.1216,2369000,26.2
2023-03-24,12.2126,12.3514,12.1664,12.2373,1955600,26.45
2023-03-27,12.2358,12.3514,12.1895,12.2604,1537100,26.5
2023-03-28,12.3514,12.814,12.3514,12.7462,7664400,27.55
2023-03-29,12.7446,13.0916,12.7215,12.9544,5720700,28
2023-03-30,13.1147,13.1841,12.814,12.8156,4898700,27.7
2023-03-31,12.8603,13.1378,12.8603,13.1164,7220300,28.35
2023-04-03,13.4154,13.5773,13.2766,13.5559,12424400,29.3
2023-04-04,13.5542,13.6467,13.4385,13.6484,7303300,29.5
2023-04-05,13.6004,13.693,13.5079,13.6484,4329800,29.5
2023-04-06,13.5773,13.9705,13.5773,13.6947,7828100,29.6
2023-04-07,13.7161,13.7392,13.6004,13.6716,4094900,29.55
2023-04-10,13.7161,14.2481,13.693,13.9723,5660400,30.2
2023-04-11,13.9705,14.063,13.693,14.0648,5209800,30.4
2023-04-12,14.063,14.3175,13.9243,14.2036,4505500,30.7
2023-04-13,14.1556,14.3175,13.9705,13.9723,3214600,30.2
2023-04-14,13.9705,14.063,13.3691,13.3708,9435600,28.9
2023-04-17,13.4154,13.6236,13.2998,13.6253,3014200,29.45
2023-04-18,13.6004,13.6004,13.3691,13.4865,2553900,29.15
2023-04-19,13.5079,13.6004,13.4154,13.4171,2611900,29
2023-04-20,13.3691,13.4154,13.2072,13.3477,2314000,28.85
2023-04-21,13.4154,13.4154,13.2766,13.2783,2354900,28.7
2023-04-24,13.2766,13.7624,13.2535,13.6484,3483000,29.5
2023-04-25,13.7161,13.8086,13.4154,13.4171,2086300,29
2023-04-26,13.5079,13.878,13.346,13.8798,3239100,30
2023-04-27,13.9705,13.9705,13.8086,13.8335,2031600,29.9
2023-04-28,13.8549,13.8549,13.6467,13.6484,2477700,29.5
2023-05-04,13.6467,13.6467,13.3691,13.4402,1917900,29.05
2023-05-05,13.4385,13.5079,13.161,13.2783,3437700,28.7
2023-05-08,13.3691,13.6004,13.2766,13.6022,2847500,29.4
2023-05-09,13.6236,13.6467,13.4385,13.5559,1990400,29.3
2023-05-10,13.5773,13.6004,13.4617,13.5559,2523100,29.3
2023-05-11,13.6467,13.6467,13.4617,13.4634,2514400,29.1
2023-05-12,13.4617,13.5542,13.4154,13.5559,2625300,29.3
2023-05-15,13.6236,13.9474,13.6004,13.8335,7336200,29.9
2023-05-16,13.9243,13.9243,13.7624,13.7872,2075700,29.8
2023-05-17,13.7392,13.8317,13.5311,13.5328,3659200,29.25
2023-05-18,13.5311,13.7392,13.5311,13.6716,3215500,29.55
2023-05-19,13.6698,13.7624,13.5311,13.7178,3397600,29.65
2023-05-22,13.7392,14.1556,13.7392,14.1111,9444100,30.5
2023-05-23,14.2018,14.2018,13.878,14.0417,4205200,30.35
2023-05-24,14.063,14.1324,13.7624,13.7872,4818900,29.8
2023-05-25,13.7855,13.8317,13.693,13.7872,2521600,29.8
2023-05-26,13.8317,13.8549,13.7161,13.8335,1794600,29.9
2023-05-29,13.878,13.9705,13.7855,13.9723,2765200,30.2
2023-05-30,14.063,14.0862,13.878,13.9723,2100900,30.2
2023-05-31,13.9705,14.0168,13.8317,13.8566,3944600,29.95
2023-06-01,13.878,14.0168,13.7624,14.0185,4776200,30.3
2023-06-02,14.2481,14.8957,14.2018,14.8976,13798700,32.2
2023-06-05,15.0114,15.1733,14.7569,14.7588,5861900,31.9
2023-06-06,14.7569,15.127,14.6876,15.1289,6000100,32.7
2023-06-07,15.0576,15.1502,14.8957,15.0827,4964100,32.6
2023-06-08,15.127,15.1502,14.6876,14.6894,5741200,31.75
2023-06-09,14.7107,15.0345,14.6182,14.9901,5315500,32.4
2023-06-12,14.9189,15.1964,14.7569,15.1289,4136800,32.7
2023-06-13,15.127,15.2195,14.9882,15.1752,3529000,32.8
2023-06-14,15.2658,15.474,15.0576,15.0827,5374800,32.6
2023-06-15,15.0808,15.2195,14.9882,15.1058,3863700,32.65
2023-06-16,15.1039,15.474,15.0345,15.0595,6928400,32.55
2023-06-19,15.0576,15.0576,14.7801,14.8513,3674300,32.1
2023-06-20,14.8957,14.9189,14.7801,14.8745,2084400,32.15
2023-06-21,14.8726,15.0345,14.8495,15.0364,2506800,32.5
2023-06-22,15.2195,15.3352,15.0808,15.0827,4395200,32.6
2023-06-23,15.1039,15.3815,15.0576,15.2215,4144400,32.9
2023-06-26,15.2195,15.4046,15.0576,15.4065,4044900,33.3
2023-06-27,15.4046,15.4508,15.2195,15.2446,3665500,32.95
2023-06-28,15.2427,15.4046,15.1502,15.4065,4303400,33.3
2023-06-29,15.4046,15.4508,15.1039,15.1058,3538900,32.65
2023-06-30,15.1039,15.1733,14.9651,14.967,2448500,32.35
2023-07-03,15.127,15.127,14.8032,14.8051,3753900,32
2023-07-04,14.8032,14.8495,14.7338,14.8051,4327000,32
2023-07-05,14.8726,14.9882,14.7801,14.7819,4323800,31.95
2023-07-06,14.7801,14.8263,14.4331,14.5969,6311500,31.55
2023-07-07,14.5719,14.7107,14.4794,14.5969,3274400,31.55
2023-07-10,14.8032,14.8495,14.6644,14.8051,4982800,32
2023-07-11,14.8957,14.9651,14.7801,14.7819,5708100,31.95
2023-07-12,14.7569,14.8032,14.6182,14.6431,4341600,31.65
2023-07-13,14.6644,14.8032,14.6413,14.7819,4412100,31.95
2023-07-14,14.8957,14.8957,14.6644,14.7819,4472000,31.95
2023-07-17,14.8495,14.8495,14.7107,14.7588,3652700,31.9
2023-07-18,14.7569,14.942,14.7107,14.9439,6508500,32.3
2023-07-19,15.1039,15.2195,14.9189,14.9439,5556900,32.3
2023-07-20,14.9882,14.9882,14.7107,14.7588,5263800,31.9
2023-07-21,14.7338,14.942,14.7338,14.9439,5206200,32.3
2023-07-24,15.0114,15.0345,14.8726,15.0133,4832200,32.45
2023-07-25,15.1733,15.6359,15.127,15.4991,13269100,33.5
2023-07-26,15.4971,15.5202,15.3583,15.4759,3413000,33.45
2023-07-27,15.4277,15.474,15.127,15.314,7797000,33.1
2023-07-28,15.2889,15.6359,15.2658,15.6379,5630800,33.8
2023-07-31,15.7747,16.006,15.7284,15.8692,7648800,34.3
2023-08-01,16.006,16.006,15.7284,15.7304,8659400,34
2023-08-02,15.6821,15.7747,15.6128,15.6841,4644300,33.9
2023-08-03,15.7284,15.7515,15.4971,15.4991,4171200,33.5
2023-08-04,15.5665,15.8209,15.474,15.5453,12322800,33.6
2023-08-07,15.8209,15.9366,15.7284,15.8923,5256500,34.35
2023-08-08,15.9134,15.9597,15.7053,15.7304,5539100,34
2023-08-09,15.7515,15.8209,15.6359,15.7304,4668500,34
2023-08-10,15.7284,15.7515,15.4971,15.4991,6166000,33.5
2023-08-11,15.5202,15.6359,15.3121,15.5685,5907600,33.65
2023-08-14,15.6128,15.6359,15.474,15.6379,4574500,33.8
2023-08-15,15.6821,15.9134,15.659,15.7535,4610800,34.05
2023-08-16,15.7284,16.3529,15.7053,16.3318,13197300,35.3
2023-08-17,16.3298,16.3298,16.0522,16.0542,5308300,34.7
2023-08-18,15.9828,15.9828,15.0114,15.0364,13220000,32.5
2023-08-21,15.0345,15.2427,14.8495,15.1521,5356600,32.75
2023-08-22,15.1502,15.3121,14.7569,15.314,6716400,33.1
2023-08-23,15.7284,15.8209,15.3583,15.3603,9087900,33.2
2023-08-24,15.4971,15.7053,15.4508,15.6379,4814900,33.8
2023-08-25,15.5896,15.659,15.4508,15.5685,3638000,33.65
2023-08-28,15.659,15.7747,15.5434,15.7304,4017200,34
2023-08-29,15.7284,15.8441,15.6128,15.6841,3702500,33.9
2023-08-30,15.7284,15.8672,15.6821,15.7304,4267500,34
2023-08-31,15.7747,15.9597,15.7747,15.9617,4121700,34.5
2023-09-05,16.0985,16.2604,16.0754,16.193,7998900,35
2023-09-06,16.2141,16.3529,16.1216,16.2856,4653200,35.2
2023-09-07,16.3067,16.723,16.2373,16.54,9044800,35.75
2023-09-08,16.5842,16.6073,16.3529,16.355,4602900,35.35
2023-09-11,16.4686,16.4686,15.9366,15.9848,10812100,34.55
2023-09-12,15.9828,16.3298,15.9134,16.3318,4935900,35.3
2023-09-13,16.376,16.3992,16.1216,16.193,4978100,35
2023-09-14,16.2373,16.538,16.1447,16.1468,7642600,34.9
2023-09-15,16.2373,16.4223,16.1447,16.1468,4523900,34.9
2023-09-18,16.1216,16.191,15.7284,15.7766,7730100,34.1
2023-09-19,15.8672,15.8903,15.6359,15.6841,5864300,33.9
2023-09-20,15.6821,15.9597,15.659,15.8923,3426300,34.35
2023-09-21,15.8903,15.9597,15.7284,15.8692,3165600,34.3
2023-09-22,15.7053,15.8441,15.4508,15.7304,7542500,34
2023-09-25,15.7284,15.8209,15.1502,15.1752,4230500,32.8
2023-09-26,15.1733,15.2658,14.9882,14.9901,4755900,32.4
2023-09-27,14.9189,15.0808,14.9189,15.0827,3553500,32.6
2023-09-28,15.0808,15.6821,14.7338,15.5685,6556500,33.65
2023-09-29,15.4971,15.5896,15.3121,15.5685,2907800,33.65
2023-10-02,15.5665,15.5665,15.2658,15.3371,2138300,33.15
2023-10-03,15.2195,15.2195,14.7569,15.0364,4650100,32.5
2023-10-04,14.9189,15.1039,14.8032,14.9207,2796000,32.25
2023-10-05,14.9651,15.0808,14.7107,14.7125,2442600,31.8
2023-10-06,14.6876,14.9189,14.6182,14.8282,2551600,32.05
2023-10-09,14.8495,14.8726,14.7569,14.8513,2793700,32.1
2023-10-10,14.942,15.1039,14.9189,15.0364,2660000,32.5
2023-10-11,15.1039,15.1039,14.942,15.0827,2199600,32.6
2023-10-12,15.127,15.1964,15.0345,15.0364,2464200,32.5
2023-10-13,14.9882,15.0114,14.8032,14.8976,1949500,32.2
2023-10-16,14.8263,14.942,14.7107,14.7125,2476400,31.8
2023-10-17,14.7801,14.8957,14.6876,14.6894,1820000,31.75
2023-10-18,14.6876,14.7107,14.3406,14.4581,4719900,31.25
2023-10-19,14.4563,14.5256,14.1787,14.1805,2785000,30.65
2023-10-20,14.2018,14.5256,14.1324,14.3887,2434100,31.1
2023-10-23,14.3869,14.5719,14.1093,14.2961,2788400,30.9
2023-10-24,14.5025,14.7107,14.3637,14.5043,2173100,31.35
2023-10-25,14.4331,14.6182,14.4331,14.4349,2122800,31.2
2023-10-26,14.2481,14.3175,13.5079,13.7872,6676400,29.8
2023-10-27,13.878,14.063,13.4617,13.6716,3872700,29.55
2023-10-30,13.5079,13.5311,12.9991,13.0007,6594400,28.1
2023-10-31,13.0453,13.1841,12.5827,12.8156,6087100,27.7
2023-11-01,13.0916,13.161,12.6984,13.047,4479300,28.2
2023-11-02,13.3229,13.693,13.1841,13.579,4705900,29.35
2023-11-03,13.8549,14.3406,13.6698,14.3424,8102700,31
2023-11-06,14.2481,14.3406,14.0168,14.3424,3301400,31
2023-11-07,14.1556,14.3175,14.0862,14.1573,1508300,30.6
2023-11-08,14.1556,14.7569,13.9705,14.7125,3874600,31.8
2023-11-09,14.7338,14.7801,14.4794,14.5737,4253500,31.5
2023-11-10,14.4331,14.5719,14.2018,14.3655,4074300,31.05
2023-11-13,14.4794,14.4794,14.1787,14.2961,2458800,30.9
2023-11-14,14.41,14.6876,14.2943,14.5737,3979700,31.5
2023-11-15,14.8032,14.8957,14.5719,14.5969,3671500,31.55
2023-11-16,14.5719,14.7107,14.5719,14.6663,2240400,31.7
2023-11-17,14.6644,14.7801,14.2018,14.4118,5082600,31.15
2023-11-20,14.1093,14.4563,14.0862,14.3424,4320400,31
2023-11-21,14.5025,14.5025,14.2481,14.2499,2243600,30.8
2023-11-22,14.2943,14.3406,14.1787,14.3193,1836200,30.95
2023-11-23,14.4331,14.4794,14.063,14.0648,3280100,30.4
2023-11-24,14.0399,14.1556,13.6236,13.9029,4696800,30.05
2023-11-27,13.8549,13.8549,13.5542,13.5559,3048100,29.3
2023-11-28,13.5542,13.8549,13.3229,13.8566,3736900,29.95
2023-11-29,13.8317,14.0168,13.693,13.8335,1779600,29.9
2023-11-30,13.7624,13.9011,13.6467,13.6484,2756300,29.5
2023-12-01,13.693,13.8086,13.5773,13.7641,2696100,29.75
2023-12-04,13.7855,14.1093,13.7855,13.9723,4761000,30.2
2023-12-05,13.9937,14.0168,13.8317,13.9029,3093500,30.05
2023-12-06,13.878,14.1093,13.878,14.0648,2489700,30.4
2023-12-07,14.1324,14.3637,14.0168,14.273,5844300,30.85
2023-12-08,14.2712,14.3406,14.1556,14.3193,2749400,30.95
2023-12-11,14.3175,14.3406,14.1787,14.273,1614200,30.85
2023-12-12,14.2712,14.3637,14.225,14.3655,2167900,31.05
2023-12-13,14.41,14.41,14.1093,14.1111,3108700,30.5
2023-12-14,14.2481,14.2712,14.1324,14.1342,2552800,30.55
2023-12-15,14.1324,14.2481,14.063,14.1573,2153100,30.6
2023-12-18,14.1556,14.1787,13.9011,13.9029,2378300,30.05
2023-12-19,13.878,14.1556,13.7855,14.1573,2109500,30.6
2023-12-20,14.0168,14.1324,13.9474,14.0417,1746600,30.35
2023-12-21,14.0168,14.1787,13.9474,14.1805,2482700,30.65
2023-12-22,14.1093,14.2481,14.0862,14.1573,1853900,30.6
2023-12-25,14.2481,14.3406,14.1556,14.3193,2572700,30.95
2023-12-26,14.2712,14.3406,14.225,14.2499,1507400,30.8
2023-12-27,14.2712,14.41,14.2712,14.273,2015600,30.85
2023-12-28,14.2943,14.6413,14.2943,14.5737,5753400,31.5
2023-12-29,14.6644,14.7801,14.5719,14.7125,4231700,31.8
2024-01-02,14.7569,14.9189,14.7107,14.8513,3710100,32.1
2024-01-03,14.7569,15.0808,14.7338,15.0827,5610600,32.6
2024-01-04,15.0808,15.5665,15.0576,15.314,10073900,33.1
2024-01-05,15.3121,15.4508,15.2658,15.3603,3569900,33.2
2024-01-08,15.4971,15.7978,15.4277,15.7766,6323800,34.1
2024-01-09,15.7284,15.9597,15.6359,15.9617,6900500,34.5
2024-01-10,15.9828,16.0522,15.8441,15.9154,7189800,34.4
2024-01-11,15.8672,16.006,15.6359,15.7998,6731000,34.15
2024-01-12,15.659,16.0522,15.5202,16.0311,10186600,34.65
2024-01-15,16.0522,16.0985,15.8672,15.8692,3727300,34.3
2024-01-16,15.7747,15.8209,15.6359,15.7998,4458700,34.15
2024-01-17,15.7978,16.0291,15.7284,15.7535,4420000,34.05
2024-01-18,15.8441,16.006,15.7515,15.9154,4108200,34.4
2024-01-19,16.006,16.2604,15.9597,16.1699,7947400,34.95
2024-01-22,16.3298,16.3298,16.0522,16.1699,4313700,34.95
2024-01-23,16.4223,16.6536,16.376,16.4012,10075300,35.45
2024-01-24,16.3067,16.4454,16.3067,16.3087,3141400,35.25
2024-01-25,16.3067,16.3067,16.1447,16.193,4271400,35
2024-01-26,16.2141,16.4223,16.191,16.3781,3145200,35.4
2024-01-29,16.3992,16.4917,16.2835,16.3087,3145300,35.25
2024-01-30,16.2373,16.3067,16.0522,16.2856,5207300,35.2
2024-01-31,16.2835,16.3067,15.9134,15.9848,5380200,34.55
2024-02-01,15.9366,16.0291,15.7284,15.7998,6209900,34.15
2024-02-02,15.7284,15.9366,15.7284,15.7998,7864700,34.15
2024-02-05,15.9366,16.6536,15.9134,16.4244,9600300,35.5
2024-02-06,16.4917,16.7461,16.4686,16.4938,4013800,35.65
2024-02-07,16.5611,17.255,16.5611,17.2572,11167100,37.3
2024-02-15,17.3475,18.0183,17.3244,17.7661,13071500,38.4
2024-02-16,17.8101,17.9026,17.5325,17.8123,7217800,38.5
2024-02-19,17.8332,18.0645,17.787,17.9974,9734800,38.9
2024-02-20,17.9489,18.0414,17.8101,17.9974,5413200,38.9
2024-02-21,17.9258,18.2033,17.8564,18.0437,7674900,39
2024-02-22,18.0414,18.6659,18.0183,18.6451,9645200,40.3
2024-02-23,18.851,19.5911,18.504,18.5526,16442400,40.1
2024-02-26,18.5965,19.1979,18.5965,19.0615,9615100,41.2
2024-02-27,19.1516,19.4061,18.9666,19.4085,8413100,41.95
2024-02-28,19.4523,19.5911,19.221,19.5242,7524100,42.2
2024-02-29,19.6374,19.6374,19.1285,19.5242,9026500,42.2
2024-03-01,19.2904,19.3598,19.0823,19.3623,9291100,41.85
2024-03-04,19.3136,19.5217,19.1285,19.3623,8435000,41.85
2024-03-05,19.3367,19.5217,19.1516,19.5242,6316800,42.2
2024-03-06,19.4523,20.1231,19.3367,19.7324,8453900,42.65
2024-03-07,19.8224,20.0306,19.6142,19.7092,7214000,42.6
2024-03-08,19.6374,19.7068,18.9666,18.969,20127300,41
2024-03-11,18.9203,19.0591,18.4577,18.6914,11182600,40.4
2024-03-12,18.6659,19.1054,18.5503,19.0615,8497100,41.2
2024-03-13,19.0591,19.4292,18.9435,19.4317,7892700,42
2024-03-14,19.4755,19.4755,19.0823,19.1541,6636800,41.4
2024-03-15,19.0823,19.2673,18.689,19.1541,7540800,41.4
2024-03-18,19.0591,19.0591,18.2264,18.5526,11297200,40.1
2024-03-19,18.5965,18.689,18.319,18.6451,5330900,40.3
2024-03-20,18.689,19.6374,18.5271,19.5704,16882000,42.3
2024-03-21,19.7068,20.8633,19.7068,20.8659,16923300,45.1
2024-03-22,21.0483,21.0483,20.3775,20.7734,10791500,44.9
2024-03-25,21.0946,21.4646,20.4238,20.7271,10737400,44.8
2024-03-26,20.7245,21.3721,20.5857,21.2592,7755900,45.95
2024-03-27,21.3721,21.3721,20.8633,21.0741,4640100,45.55
2024-03-28,22.5286,22.5286,22.066,22.2076,30022800,48
2024-03-29,22.1817,22.2742,21.9966,21.9994,6403800,47.55
2024-04-01,21.9966,22.066,21.6728,21.9531,8561000,47.45
2024-04-02,22.0198,22.2048,21.7422,22.0457,13559100,47.65
2024-04-03,21.9272,22.1817,21.6497,21.6524,8776700,46.8
2024-04-04,21.5109,21.6266,21.2565,21.2823,10756900,46
2024-04-05,21.0483,21.2333,20.8864,20.9122,12129600,45.2
2024-04-08,20.817,21.2102,20.7707,21.051,9964400,45.5
2024-04-09,21.0483,21.1871,20.9095,21.1898,5384200,45.8
2024-04-10,21.2796,21.6497,21.0946,21.1204,7754300,45.65
2024-04-11,20.8401,21.1177,20.7939,20.8659,11371200,45.1
2024-04-12,21.0252,21.9504,20.8633,21.93,13456300,47.4
2024-04-15,21.8347,21.9504,20.4469,20.542,13735800,44.4
2024-04-16,20.7939,21.0483,20.4469,21.051,15151800,45.5
2024-04-17,21.0483,21.0946,20.6551,20.7502,7454000,44.85
2024-04-19,20.3544,20.6551,20.0537,20.5883,14444400,44.5
2024-04-22,20.9789,21.1408,20.7707,20.9353,6813500,45.25
2024-04-23,21.0483,21.9735,21.0483,21.3748,15592800,46.2
2024-04-24,21.6497,21.7653,21.4646,21.7449,7532200,47
2024-04-25,21.7422,21.7422,21.1871,21.3517,7161400,46.15
2024-04-26,21.2796,21.6959,21.1177,21.5599,5678300,46.6
2024-05-02,21.6497,21.7191,21.4415,21.6755,4351500,46.85
2024-05-03,21.9735,22.5749,21.9272,22.3001,13660600,48.2
2024-05-06,22.4361,22.5286,22.1585,22.3695,7906500,48.35
2024-05-07,22.3667,22.3667,22.066,22.1613,9058500,47.9
2024-05-08,22.1585,22.7599,21.881,22.3001,15386300,48.2
2024-05-09,22.4824,22.6211,22.1123,22.4158,8705600,48.45
2024-05-10,22.5749,22.5749,22.1585,22.4389,7679300,48.5
2024-05-13,22.4361,22.5055,22.2048,22.3927,6004900,48.4
2024-05-14,22.413,22.413,22.1354,22.1613,7472800,47.9
2024-05-15,22.1585,22.2742,22.0892,22.2539,9678900,48.1
2024-05-16,22.4361,23.1069,22.3898,23.0867,20864900,49.9
2024-05-17,23.0144,23.13,22.9681,23.0173,6345600,49.75
2024-05-20,23.1069,23.3613,22.9218,22.9941,9304700,49.7
2024-05-21,22.9437,22.9914,22.4429,22.5175,11258500,47.2
2024-05-22,22.5383,22.6575,22.109,22.1359,14666400,46.4
2024-05-23,22.0851,22.2521,21.8705,22.1836,7238900,46.5
2024-05-24,22.0136,22.5383,21.8466,22.1359,14617600,46.4
2024-05-27,22.1328,22.2282,21.942,22.1836,5007700,46.5
2024-05-28,22.1805,22.3952,22.0851,22.3744,6014900,46.9
2024-05-29,22.419,22.4429,22.1328,22.1836,6948600,46.5
2024-05-30,21.9659,22.3236,21.8705,22.3267,7573700,46.8
2024-05-31,22.3236,22.419,22.0851,22.4221,5677200,47
2024-06-03,22.6575,22.7529,22.4667,22.4936,10681000,47.15
2024-06-04,22.6575,22.8006,22.419,22.7083,9962000,47.6
2024-06-05,22.7529,22.7768,22.5144,22.6606,9260100,47.5
2024-06-06,22.6814,22.896,22.5144,22.8992,13114900,48
2024-06-07,23.373,23.7069,23.2299,23.4239,15463100,49.1
2024-06-10,23.6115,23.6115,23.063,23.3285,8633400,48.9
2024-06-11,23.6115,23.7785,23.4446,23.5432,16586900,49.35
2024-06-12,23.54,23.6115,23.373,23.567,9157900,49.4
2024-06-13,23.6115,23.6592,23.5161,23.567,8424900,49.4
2024-06-14,23.6115,23.6354,23.4207,23.4239,9835600,49.1
2024-06-17,23.3969,23.3969,23.1345,23.1854,9687200,48.6
2024-06-18,23.1822,23.4207,22.9914,23.2808,10243100,48.8
2024-06-19,23.373,23.373,22.9676,23.0423,17027300,48.3
2024-06-20,23.4232,23.9956,23.3755,23.6625,34583800,24.8
2024-06-21,23.8048,23.8048,23.0892,23.3762,11686300,24.5
2024-06-24,23.3755,23.3755,22.5168,22.8514,14021100,23.95
2024-06-25,22.8507,22.8984,22.3259,22.8992,12070000,24
2024-06-26,22.8507,22.8984,22.4691,22.8992,7388500,24
2024-06-27,22.5645,22.6122,22.2782,22.3744,12338200,23.45
2024-06-28,22.3736,22.4214,21.4673,22.279,21090100,23.35
2024-07-01,22.0397,22.0397,21.6104,21.6111,9012800,22.65
2024-07-02,21.8012,22.1351,21.6104,21.8496,9248300,22.9
2024-07-03,21.8966,22.4691,21.8489,22.4221,10183800,23.5
2024-07-04,22.4214,22.4691,22.2305,22.4221,5683100,23.5
2024-07-05,22.2782,22.4214,22.1351,22.4221,8377700,23.5
2024-07-08,22.4214,22.4214,22.0397,22.3744,6699200,23.45
2024-07-09,22.2305,22.4214,22.1828,22.279,11389200,23.35
2024-07-10,22.3259,22.3736,22.0397,22.0881,10290600,23.15
2024-07-11,22.0874,22.2782,21.7535,21.7542,15419800,22.8
2024-07-12,21.8012,21.9443,21.7535,21.7542,5523200,22.8
2024-07-15,21.8012,21.8489,21.5627,21.6111,6044600,22.65
2024-07-16,21.6104,21.8012,21.515,21.6588,11029900,22.7
2024-07-17,21.8012,23.0892,21.7535,22.6129,27351200,23.7
2024-07-18,22.6122,22.7553,22.2305,22.6129,11221300,23.7
2024-07-19,22.6599,22.6599,22.0397,22.3267,14092100,23.4
2024-07-22,22.2305,22.7076,21.9443,22.5652,14480100,23.65
2024-07-23,22.7076,22.7076,21.9443,21.9927,12471200,23.05
2024-07-24,21.8012,22.1351,21.8012,21.945,10819000,23
2024-07-25,21.8012,21.8489,21.515,21.7065,8303700,22.75
2024-07-26,21.6581,21.8012,21.5627,21.7065,6322500,22.75
2024-07-29,21.8012,21.8966,21.7058,21.7065,5198700,22.75
2024-07-30,21.6581,21.8966,21.5627,21.8973,6723500,22.95
2024-07-31,21.9443,22.2782,21.8966,22.1836,11002900,23.25
2024-08-01,22.1351,22.1828,21.515,21.945,11637400,23
2024-08-02,21.515,22.4214,21.515,22.4221,13700300,23.5
2024-08-05,21.9443,21.9443,21.2764,21.2771,16810500,22.3
2024-08-06,21.3718,21.5627,21.0379,21.2771,17667600,22.3
2024-08-07,21.3718,21.3718,20.7517,20.8001,19624800,21.8
2024-08-08,20.6086,20.6563,19.7976,19.8936,41051900,20.85
2024-08-09,20.0361,20.3223,20.0361,20.1322,14966900,21.1
2024-08-12,20.2269,20.2746,20.0361,20.2753,10346600,21.25
2024-08-13,20.2269,20.2269,19.9407,20.0368,11492700,21
2024-08-14,20.0838,20.3223,19.9407,20.2276,11836400,21.2
2024-08-15,20.2269,20.2269,19.9884,20.1799,9559800,21.15
2024-08-16,20.1792,20.5609,20.0838,20.4661,21418700,21.45
2024-08-19,20.5609,20.9425,20.4177,20.8955,15706900,21.9
2024-08-20,20.9425,21.0379,20.7994,20.8478,12413000,21.85
2024-08-21,20.704,21.0856,20.5609,20.9909,20036300,22
2024-08-22,20.9902,21.6104,20.9902,21.3248,20780600,22.35
2024-08-23,21.3241,21.4673,21.181,21.3725,11973100,22.4
2024-08-26,21.4673,21.6104,21.3718,21.468,16940600,22.5
2024-08-27,21.4673,21.6581,21.4195,21.6111,15067700,22.65
2024-08-28,21.6581,22.0874,21.5627,21.945,19145000,23
2024-08-29,21.9443,22.1828,21.9443,21.945,16097600,23
2024-08-30,21.9443,22.2782,21.9443,22.279,13276300,23.35
2024-09-04,21.992,22.1828,21.8012,21.945,13719600,23
2024-09-05,21.8489,21.992,21.6581,21.7542,11375000,22.8
2024-09-06,21.7535,21.8966,21.6104,21.7542,12161700,22.8
2024-09-09,21.6581,21.8012,21.5627,21.6111,12271500,22.65
2024-09-10,21.6581,21.7058,21.181,21.2294,14110600,22.25
2024-09-11,21.1333,21.2287,20.9425,21.0863,11246200,22.1
2024-09-12,21.2764,21.3718,21.1333,21.2771,9122600,22.3
2024-09-13,21.2764,21.3241,21.1333,21.1817,10103800,22.2
2024-09-16,21.181,21.6581,21.181,21.1817,11594300,22.2
2024-09-17,21.1333,21.7058,21.1333,21.7065,7238500,22.75
2024-09-18,21.7058,22.0397,21.6581,21.945,15057800,23
2024-09-19,22.1351,22.1351,21.8489,22.1359,13432600,23.2
2024-09-20,22.2305,22.6122,22.2305,22.4698,30615100,23.55
2024-09-23,22.4691,22.6599,22.2782,22.279,8232000,23.35
2024-09-24,22.2305,22.5168,22.2305,22.4698,11039500,23.55
2024-09-25,22.6599,22.8507,22.5168,22.7083,23428400,23.8
2024-09-26,22.7076,23.28,22.5645,22.9946,26218200,24.1
2024-09-27,23.0892,23.2323,22.9461,23.09,16810100,24.2
2024-09-30,23.0415,23.2323,22.8507,23.09,21491800,24.2
2024-10-01,23.0892,23.6617,23.0415,23.5193,40736400,24.65
2024-10-02,23.4232,23.9956,23.2323,23.7579,28212200,24.9
2024-10-03,23.8048,24.0433,23.2323,23.2331,29754600,24.35
2024-10-04,23.2323,23.3277,22.9461,22.9469,21424400,24.05
2024-10-07,23.1369,23.2323,22.8984,23.0423,12843900,24.15
2024-10-08,23.0892,23.4709,23.0892,23.2808,16248500,24.4
2024-10-09,23.28,23.614,23.1846,23.5193,21677200,24.65
2024-10-10,23.7571,23.8525,23.4232,23.4239,18247800,24.55
2024-10-11,23.4232,23.4709,23.1369,23.3285,13916200,24.45
2024-10-14,23.4232,23.4709,23.2323,23.2331,11945500,24.35
2024-10-15,23.2323,23.4709,23.0415,23.1377,14126800,24.25
2024-10-16,23.0892,23.1846,22.9938,23.09,9019700,24.2
2024-10-17,23.0892,23.28,22.9938,23.2331,9422800,24.35
2024-10-18,23.3277,23.6617,23.28,23.3285,15418700,24.45
2024-10-21,23.3277,23.3755,22.9938,23.0423,9745000,24.15
2024-10-22,23.0892,23.28,22.8984,23.09,16879300,24.2
2024-10-23,23.0892,23.1846,22.6599,23.09,16761400,24.2
2024-10-24,23.0415,23.0892,22.4691,22.5652,14256700,23.65
2024-10-25,22.6599,22.7553,22.3259,22.4221,14325400,23.5
2024-10-28,22.4214,22.6122,22.3736,22.5652,7020100,23.65
2024-10-29,22.6122,22.7553,22.6122,22.6606,6285800,23.75
2024-10-30,22.7076,22.8984,22.6599,22.8992,11087000,24
2024-10-31,22.8984,22.9938,22.7553,22.8037,8621600,23.9
2024-11-01,22.7553,22.8984,22.6122,22.6129,14550800,23.7
2024-11-04,22.6599,22.6599,22.3259,22.3744,13930100,23.45
2024-11-05,22.4214,22.5645,22.3736,22.3744,9921800,23.45
2024-11-06,22.5168,22.9461,22.5168,22.8037,15680200,23.9
2024-11-07,23.0415,23.0415,22.7553,22.756,8601500,23.85
2024-11-08,22.8984,22.8984,22.3736,22.5175,13097100,23.6
2024-11-11,22.6122,22.6122,21.992,22.1359,15357300,23.2
2024-11-12,22.3259,22.3259,21.8489,21.9927,12489700,23.05
2024-11-13,21.9443,22.0874,21.6581,22.0881,13323900,23.15
2024-11-14,21.9443,21.992,21.7058,21.7542,7429400,22.8
2024-11-15,21.7535,21.7535,21.3718,21.4203,14453100,22.45
2024-11-18,21.3718,21.6581,21.181,21.4203,12110400,22.45
2024-11-19,21.515,21.515,21.181,21.3725,6936100,22.4
2024-11-20,21.2764,21.8012,21.2287,21.8019,10247500,22.85
2024-11-21,21.7535,22.1351,21.5627,22.1359,11213000,23.2
2024-11-22,22.1351,22.4691,22.0874,22.4221,14405800,23.5
2024-11-25,22.4214,22.5168,22.3259,22.4221,7187600,23.5
2024-11-26,22.4214,22.6122,22.3736,22.4698,6757500,23.55
2024-11-27,22.4214,22.5168,22.2782,22.4221,6388200,23.5
2024-11-28,22.5645,22.6122,22.3259,22.5175,8136900,23.6
2024-11-29,22.4214,22.5168,22.2782,22.5175,8447400,23.6
2024-12-02,22.6122,22.6122,22.3259,22.5652,6569300,23.65
2024-12-03,22.5645,22.6599,22.3736,22.5652,8333300,23.65
2024-12-04,22.3736,22.5168,22.3259,22.3744,8179300,23.45
2024-12-05,22.3736,23.0892,22.2782,23.09,14188900,24.2
2024-12-06,23.0892,23.1369,22.8507,23.0423,10921300,24.15
2024-12-09,22.9938,23.1846,22.8507,23.0423,7597400,24.15
2024-12-10,22.9461,23.0892,22.8984,22.9469,7039400,24.05
2024-12-11,22.9461,23.1846,22.8984,23.0423,10341200,24.15
2024-12-12,23.0892,23.3755,23.0415,23.1377,18543300,24.25
2024-12-13,23.1846,23.4232,22.9938,23.2331,11020400,24.35
2024-12-16,23.1846,23.28,22.9938,23.1854,6356400,24.3
2024-12-17,23.28,23.28,23.0415,23.09,5387400,24.2
2024-12-18,23.1369,23.1846,22.9938,23.09,5786300,24.2
2024-12-19,22.8984,22.9461,22.6599,22.6606,15028500,23.75
2024-12-20,22.7553,22.8507,22.7076,22.7083,4594100,23.8
2024-12-23,22.8984,22.9461,22.7076,22.8037,3208600,23.9
2024-12-24,22.9461,22.9461,22.7076,22.8992,5175500,24
2024-12-25,22.8984,23.7571,22.8507,23.3285,18370600,24.45
2024-12-26,23.3755,23.4232,23.1846,23.2331,5475600,24.35
2024-12-27,23.3755,23.7571,23.3277,23.4716,15395600,24.6
2024-12-30,23.614,23.614,23.2323,23.2808,10145800,24.4
2024-12-31,23.2323,23.5186,23.2323,23.5193,9403700,24.65
2025-01-02,23.5186,23.5663,23.1846,23.2331,7834500,24.35
2025-01-03,23.2323,23.2323,22.5168,22.5175,17426900,23.6
2025-01-06,22.5168,22.7553,22.4214,22.5175,8132700,23.6
2025-01-07,22.803,22.803,22.4691,22.5652,7615500,23.65
2025-01-08,22.7076,23.1846,22.5645,22.8514,11947100,23.95
2025-01-09,22.9461,22.9461,22.6599,22.8514,4709000,23.95
2025-01-10,22.8984,22.8984,22.3259,22.3267,6232100,23.4
2025-01-13,22.1351,22.7076,22.0874,22.7083,7939900,23.8
2025-01-14,22.4691,22.6599,22.4214,22.5175,4180100,23.6
2025-01-15,22.7076,22.803,22.5645,22.6129,6720200,23.7
2025-01-16,22.7553,22.8507,22.5168,22.756,8074100,23.85
2025-01-17,22.7553,23.28,22.6599,23.2808,10016400,24.4
2025-01-20,23.28,23.3755,23.1369,23.2808,5183100,24.4
2025-01-21,23.28,23.3755,23.0415,23.09,8127000,24.2
2025-01-22,23.3277,23.3277,23.0415,23.09,7455200,24.2
2025-01-23,23.2323,23.7094,23.1369,23.4716,21069200,24.6
2025-01-24,23.6617,23.7094,23.5186,23.6148,10331500,24.75
2025-02-04,23.2323,23.5663,23.1846,23.5193,12471500,24.65
2025-02-05,23.7094,23.7571,23.4232,23.567,9430900,24.7
2025-02-06,23.7571,24.3296,23.6617,24.0441,37579600,25.2
2025-02-07,24.2818,24.6158,24.0433,24.5689,26585000,25.75
2025-02-10,24.5681,25.0451,24.2818,24.5689,22152900,25.75
2025-02-11,24.902,24.9497,24.5681,24.712,15667000,25.9
2025-02-12,24.8066,24.8066,24.5204,24.5212,11524500,25.7
2025-02-13,24.425,24.8066,24.3773,24.7597,11953600,25.95
2025-02-14,24.902,24.9974,24.7112,24.8074,10239600,26
2025-02-17,24.8066,24.902,24.5204,24.5212,10972700,25.7
2025-02-18,24.5204,24.902,24.4727,24.6643,10757000,25.85
2025-02-19,24.7589,24.9497,24.6158,24.9028,12938100,26.1
2025-02-20,24.9974,25.3791,24.8543,25.3322,21179500,26.55
2025-02-21,25.3791,25.3791,25.1882,25.2845,8800600,26.5
2025-02-24,25.1882,25.4268,25.0928,25.2845,11762200,26.5
2025-02-25,25.3791,25.5699,25.1405,25.1891,14496400,26.4
2025-02-26,25.1882,25.3314,25.0928,25.0937,9946900,26.3
2025-02-27,25.1882,25.1882,24.8066,25.046,12505900,26.25
2025-02-28,25.0451,25.0928,24.8543,24.9028,12220900,26.1
2025-03-03,24.9497,25.0928,24.8543,24.9028,9359400,26.1
2025-03-04,24.902,26.2855,24.8066,26.2386,40196300,27.5
2025-03-05,26.2378,26.3332,26.0469,26.0478,13269400,27.3
2025-03-06,26.19,26.4286,26.0946,26.4294,12570100,27.7
2025-03-07,26.4286,26.6194,26.19,26.4771,14922200,27.75
2025-03-10,26.4763,27.001,26.4286,26.5249,13907700,27.8
2025-03-11,26.2378,26.7148,26.19,26.7157,15313400,28
2025-03-12,26.8102,26.9533,26.524,26.5726,10861400,27.85
2025-03-13,26.524,26.524,25.9992,26.0478,18991700,27.3
2025-03-14,25.8561,26.1423,25.8561,26.0478,10662000,27.3
2025-03-17,26.0946,26.19,25.9038,26.1909,11002100,27.45
2025-03-18,26.2378,26.3332,26.0469,26.1432,7945400,27.4
2025-03-19,26.0469,26.0946,25.9038,26.0001,12083700,27.25
2025-03-20,26.2378,26.2855,25.8561,26.1909,14430700,27.45
2025-03-21,26.0946,26.2855,26.0469,26.0955,7447300,27.35
2025-03-24,26.0946,26.9056,25.9515,26.7157,21083700,28
2025-03-25,26.8102,26.9056,26.5717,26.6203,8130100,27.9
2025-03-26,26.6194,27.1919,26.524,26.7157,24089300,28
2025-03-27,26.7148,26.8579,26.4763,26.4771,7518900,27.75
2025-03-28,26.4763,26.524,26.19,26.2863,12353600,27.55
2025-03-31,26.1423,26.2378,25.9515,26.2386,12983300,27.5
2025-04-01,26.2378,26.7148,26.1423,26.668,9054500,27.95
2025-04-02,26.7148,26.8579,26.5717,26.6203,6668600,27.9
2025-04-03,25.713,25.9515,24.7589,24.7597,58893200,25.95
2025-04-04,23.0415,24.5681,23.0415,24.5212,56795800,25.7
2025-04-08,23.8525,23.8525,22.8507,22.8514,33465800,23.95
2025-04-09,21.2764,23.7571,21.2764,22.5175,40792200,23.6
2025-04-10,24.091,24.091,24.091,24.0918,1241800,25.25
2025-04-11,25.2837,25.3791,24.425,25.3799,47940500,26.6
2025-04-14,25.3791,25.4745,24.902,25.3322,19905300,26.55
2025-04-15,24.8543,25.1405,24.6158,24.8074,21183400,26
2025-04-16,24.9497,25.2359,24.5681,24.6166,18147100,25.8
2025-04-17,24.425,24.8066,24.3773,24.8074,14259300,26
2025-04-18,25.2837,25.2837,24.8066,24.8074,16887000,26
2025-04-21,24.8066,25.0928,24.425,24.5689,12192200,25.75
2025-04-22,24.091,24.4727,22.8507,23.9964,29523500,25.15
2025-04-23,24.5681,25.0928,23.9956,24.9028,18232600,26.1
2025-04-24,24.8066,24.902,24.5204,24.5689,8915900,25.75
2025-04-25,24.7589,24.8543,24.2341,24.7597,19491800,25.95
2025-04-28,24.8066,24.902,24.6158,24.8074,11163200,26
2025-04-29,24.8066,25.3791,24.8066,25.0937,18134300,26.3
2025-05-05,25.4268,25.4268,24.9497,25.2845,9048300,26.5
2025-05-06,25.2837,25.9515,25.1882,25.6184,24407100,26.85
2025-05-07,25.6176,25.8561,25.3791,25.7615,13694100,27
2025-05-08,25.8084,26.19,25.6176,26.1432,18382100,27.4
2025-05-09,26.0469,26.7148,25.9992,26.334,18296500,27.6
2025-05-12,26.3809,28.0982,26.3332,28.0515,46701100,29.4
2025-05-13,28.146,28.3368,27.812,28.0515,13206500,29.4
2025-05-14,28.0028,29.1001,27.9551,28.4808,19728500,29.85
2025-05-15,28.5276,28.8138,28.1937,28.5285,17783500,29.9
2025-05-16,28.5276,28.5276,27.9074,28.0992,20031000,29.45
2025-05-19,27.8597,28.5753,27.7643,28.1469,20464800,29.5
2025-05-20,28.146,29.6725,28.146,29.5304,38192300,30.95
2025-05-21,29.5771,29.9587,29.2909,29.4827,19486900,30.9
2025-05-22,29.2432,29.7679,28.9092,29.101,28001500,30.5
2025-05-23,29.1478,29.1955,28.4322,28.7671,17854600,30.15
2025-05-26,28.7661,28.9569,28.146,28.9579,20226200,30.35
2025-05-27,29.1955,29.8156,28.9569,29.1964,23572600,30.6
2025-05-28,29.2909,29.3863,28.8615,29.101,18570300,30.5
2025-05-29,29.1001,29.3863,28.9092,29.3872,14712100,30.8
2025-05-30,29.3863,29.3863,29.0523,29.0533,9979500,30.45
2025-06-02,29.0046,29.5294,28.8138,29.435,13955600,30.85
2025-06-03,29.4817,30.4358,29.4817,30.1506,23860200,31.6
2025-06-04,30.245,30.245,29.7679,29.912,15682100,31.35
2025-06-05,29.911,30.1496,29.6248,29.6735,15787800,31.1
2025-06-06,29.5771,29.5771,28.9092,28.9102,28354600,30.3
2025-06-09,28.9092,29.0523,28.3845,28.3854,20750500,29.75
2025-06-10,28.5753,29.1001,28.4799,28.6717,15103700,30.05
2025-06-11,28.9569,28.9569,28.5753,28.7194,6090700,30.1
2025-06-12,28.9569,29.7202,28.8615,29.5304,24550800,30.95
2025-06-13,29.2909,30.0542,29.1001,29.7689,27415200,31.2
2025-06-16,29.5771,30.8651,29.5294,30.8184,23148300,32.3
2025-06-17,31.056,31.1037,30.5789,30.9139,17962300,32.4
2025-06-18,30.9128,31.8192,30.722,31.2955,17756300,32.8
2025-06-19,31.2945,32.4394,31.2945,32.4405,23284100,34
2025-06-20,32.6302,33.2504,32.344,32.4405,17106000,34
2025-06-23,32.0578,32.4394,31.8669,32.2496,18895500,33.8
2025-06-24,32.4871,33.155,32.1532,32.4405,25166100,34
2025-06-25,32.5825,32.6779,32.2486,32.2496,13115100,33.8
2025-06-26,32.4394,32.8687,32.2486,32.4882,12610700,34.05
2025-06-27,32.5348,32.6779,32.2963,32.3928,9837600,33.95
2025-06-30,32.5348,33.1073,32.4394,32.6313,13910000,34.2
2025-07-01,32.6302,32.9642,32.4871,32.8221,12545400,34.4
2025-07-02,32.9165,33.4889,32.8687,33.3946,16948700,35
2025-07-03,33.5366,33.6797,33.2027,33.2515,22273300,34.85
2025-07-04,33.2504,33.3935,33.0596,33.3469,12159000,34.95
2025-07-07,33.5843,33.8228,33.4889,33.6808,12244900,35.3
2025-07-08,33.6797,33.9183,33.4889,33.6808,12974100,35.3
2025-07-09,33.8228,33.966,33.1073,33.2992,31885200,34.9
2025-07-10,33.2981,33.3935,33.0596,33.2038,14459300,34.8
2025-07-11,33.2027,33.8706,33.2027,33.3469,18592100,34.95
2025-07-14,33.3458,33.4889,32.7256,33.49,18132100,35.1
2025-07-15,33.5366,34.1091,33.2027,33.2038,18005600,34.8
2025-07-16,33.2027,33.8228,33.0119,33.6331,15009100,35.25
2025-07-17,33.7751,33.966,33.4889,33.5377,16136500,35.15
2025-07-18,33.5366,34.8247,33.4412,34.5873,36570000,36.25
2025-07-21,34.6338,34.8247,33.7274,33.824,23119500,35.45
2025-07-22,33.5366,33.8228,33.2981,33.7285,26975100,35.35
2025-07-23,33.7751,33.8228,33.2981,33.3946,27862300,35
2025-07-24,33.4412,33.966,33.3458,33.4423,19279700,35.05
2025-07-25,33.4889,33.5843,33.3458,33.5854,18898200,35.2
2025-07-28,33.632,34.2045,33.5843,33.9671,30577800,35.6
2025-07-29,34.1091,34.1091,32.344,32.3451,45002200,33.9
2025-07-30,32.5825,33.0119,32.1532,32.9175,30546900,34.5
2025-07-31,33.0119,33.3935,32.2486,32.4405,26760600,34
2025-08-01,32.5825,33.1073,32.4871,32.5359,20619700,34.1
2025-08-04,32.5348,33.7274,32.4394,33.7285,23096800,35.35
2025-08-05,34.1568,36.065,34.1568,35.3029,92362100,37
2025-08-06,36.2558,37.2099,35.4925,36.4478,30371700,38.2
2025-08-07,36.7329,37.1145,36.065,36.6386,30075200,38.4
2025-08-08,36.9714,36.9714,35.6833,36.1139,31007000,37.85
2025-08-11,36.2081,36.6851,35.8742,36.0185,24602200,37.75
2025-08-12,36.065,36.2558,35.4925,35.9708,22622400,37.7
2025-08-13,36.065,36.2558,35.2063,35.7799,27538600,37.5
2025-08-14,36.0173,37.4007,36.0173,36.6386,38004200,38.4
2025-08-15,37.1145,37.1622,35.8742,35.8753,31153200,37.6
2025-08-18,36.4466,36.876,35.9219,36.2093,21688500,37.95
2025-08-19,36.4943,37.6392,36.3512,37.402,37483600,39.2
2025-08-20,38.5933,39.0227,37.1145,38.6423,52927800,40.5
2025-08-21,39.4043,40.5493,39.1181,39.6442,37569600,41.55
2025-08-22,38.6411,39.2135,36.876,37.2111,53106000,39
2025-08-25,37.7347,37.8301,35.5879,35.8276,39313700,37.55
2025-08-26,36.2558,37.5915,35.254,37.5451,29545200,39.35
2025-08-27,37.687,38.8319,37.1145,37.1634,25051600,38.95
2025-08-28,37.7824,37.7824,37.0191,37.7836,18621100,39.6
2025-08-29,38.2594,38.4025,37.7824,37.7836,23178500,39.6
2025-09-03,38.2117,38.2594,37.6392,37.7836,13486800,39.6
2025-09-04,37.7824,38.1163,37.5915,37.7836,16817900,39.6
2025-09-05,38.1163,39.0704,37.687,37.6882,35382100,39.5
2025-09-08,37.687,37.7824,36.2558,36.257,31844700,38
2025-09-09,36.7806,36.876,36.1127,36.7341,27379900,38.5
2025-09-10,37.4484,37.9732,36.8283,37.2111,25909000,39
2025-09-11,37.1145,37.2099,35.9696,36.9249,20441400,38.7
2025-09-12,37.2576,37.3053,36.7329,36.8295,18385600,38.6
2025-09-15,36.7806,37.2099,36.7806,37.2111,16479300,39
2025-09-16,37.8301,38.2594,37.4484,37.5451,30137900,39.35
2025-09-17,37.5438,37.6392,36.7329,36.9249,15622100,38.7
2025-09-18,36.9237,37.0191,36.4466,37.0203,13628900,38.8
2025-09-19,37.0191,37.0191,36.3512,36.6386,10813500,38.4
2025-09-22,36.542,36.6374,35.5879,35.7799,21457800,37.5
2025-09-23,35.8265,36.2558,35.7788,35.7799,8090400,37.5
2025-09-24,35.7788,37.0191,35.4448,37.0203,14155200,38.8
2025-09-25,37.0191,37.1622,36.7806,37.1157,11877200,38.9
2025-09-26,37.1145,37.1622,36.6374,36.9249,11437300,38.7
2025-09-29,36.8283,37.0191,36.6374,36.9726,10121500,38.75
2025-09-30,37.2662,37.2662,36.7275,37.0703,11108100,37.85
2025-10-01,37.0703,37.8048,37.0213,37.7559,13225600,38.55
2025-10-02,38.0497,38.3925,37.609,38.0497,16259200,38.85
2025-10-03,37.7559,37.8538,37.2662,37.56,11272100,38.35
2025-10-06,38.1476,38.5884,37.7069,38.5884,23149900,39.4
2025-10-07,39.176,39.176,38.1476,38.1966,11813100,39
2025-10-08,38.4375,38.5844,37.6541,37.8048,20604100,38.6
2025-10-09,37.801,38.2906,37.752,38.1476,18770600,38.95
2025-10-10,38.2945,39.0781,38.1966,38.5394,20313000,39.35
2025-10-13,38.4865,40.641,38.4375,40.4492,43313300,41.3
2025-10-14,40.8858,41.1306,39.7106,39.9595,25929200,40.8
2025-10-15,40.1513,40.4941,39.7106,39.9595,13321200,40.8
2025-10-16,40.3513,40.4003,39.9595,40.4003,20239100,41.25
2025-10-17,40.7878,40.7878,39.6127,39.8126,18690000,40.65
2025-10-20,39.8126,39.8126,37.0703,37.0703,30048800,37.85
2025-10-21,37.3113,37.6541,35.7445,36.8744,28577600,37.65
2025-10-22,37.3151,37.3641,35.6502,37.2172,15701400,38
2025-10-23,37.2662,37.2662,36.0419,36.4827,15619200,37.25
2025-10-24,36.2341,36.2341,35.3038,35.3563,23396700,36.1
2025-10-27,35.5522,35.7481,34.328,34.328,15906600,35.05
2025-10-28,34.328,35.6502,33.2996,35.2584,26134800,36
2025-10-29,35.1605,36.1399,34.9156,35.6502,13116300,36.4
2025-10-30,35.7481,35.846,34.8666,34.9646,10507900,35.7
2025-10-31,34.961,35.4507,34.3734,34.3769,12256900,35.1
2025-11-03,34.3734,34.7652,32.9045,32.9078,16737200,33.6
2025-11-04,32.9078,34.4749,32.7609,34.279,16062100,35
2025-11-05,34.1776,34.1776,33.3452,33.3975,11242500,34.1
2025-11-06,33.4431,33.7859,32.8066,32.9078,13684100,33.6
2025-11-07,32.9078,33.2506,32.3202,32.3202,16083600,33
2025-11-10,32.614,32.9078,32.2712,32.712,8793300,33.4
2025-11-11,32.7576,33.2962,32.6597,32.9568,11239700,33.65
2025-11-12,33.0058,34.279,32.9078,34.279,12025800,35
2025-11-13,33.9327,34.7652,33.8838,34.3769,12530800,35.1
2025-11-14,34.0796,34.6183,33.9817,34.3769,5603100,35.1
2025-11-17,34.3734,34.5203,33.9817,34.4259,9499500,35.15
2025-11-18,34.4749,34.6218,34.23,34.6218,8594800,35.35
2025-11-19,34.6672,34.6672,34.0307,34.0831,6830700,34.8
2025-11-20,34.1286,34.2755,33.8838,33.8872,6941100,34.6
2025-11-21,33.7893,33.7893,32.8099,33.5445,8560200,34.25
2025-11-24,33.59,33.6879,33.1983,33.2506,8275900,33.95
2025-11-25,33.2962,33.2962,32.7576,32.7609,9145600,33.45
2025-11-26,32.9078,33.2017,32.8099,33.1527,7859900,33.85
2025-11-27,33.2506,33.4955,33.0058,33.0548,8857300,33.75
2025-11-28,33.0548,33.2017,32.614,33.0548,8390800,33.75
2025-12-01,33.0058,33.0058,32.5161,32.5161,7034700,33.2
2025-12-02,32.5161,33.5934,32.4671,33.4955,14025300,34.2
2025-12-03,33.5445,34.279,33.5445,34.1811,16220500,34.9
2025-12-04,34.279,34.7687,34.0831,34.6708,12020600,35.4
2025-12-05,34.7687,34.7687,33.9852,33.9852,7316700,34.7
2025-12-08,33.9362,34.0831,33.4465,33.4955,6283600,34.2
2025-12-09,33.4921,33.4921,32.8066,33.1037,10774500,33.8
2025-12-10,33.0548,33.4465,33.0058,33.0058,5381400,33.7
2025-12-11,33.0548,33.2996,32.712,32.712,6610500,33.4
2025-12-12,32.7609,32.9078,31.3408,31.3408,19124300,32
2025-12-15,31.3408,31.6346,30.8511,31.3408,10487300,32
2025-12-16,31.3408,32.4181,29.8717,32.3202,14017600,33
2025-12-17,32.3169,32.4638,31.8762,31.9284,6749600,32.6
2025-12-18,32.1243,32.4181,31.8305,32.3202,9090400,33
2025-12-19,32.5128,32.9534,32.4148,32.9078,9184900,33.6
2025-12-22,33.1527,34.4749,33.0548,34.4749,16562200,35.2
2025-12-23,34.5693,34.6183,34.0307,34.0831,12785000,34.8
2025-12-24,33.9817,34.4714,33.59,34.23,10571000,34.95
2025-12-25,34.23,35.0625,33.2996,33.2996,10946100,34
2025-12-26,32.8099,33.6424,32.3692,33.2017,12160300,33.9
2025-12-29,33.2506,33.7403,33.1037,33.3486,6596700,34.05
2025-12-30,33.4955,33.6914,33.0548,33.6424,7265300,34.35
2025-12-31,34.0831,34.1811,33.5445,34.1811,9454000,34.9
2026-01-05,33.9327,34.2265,33.1003,34.23,8187500,34.95
2026-01-06,34.23,35.2584,33.4955,35.2584,25180300,36
2026-01-07,35.5033,35.7481,35.2094,35.6502,13319400,36.4
2026-01-08,35.7481,35.895,34.7687,35.2584,21044200,36
2026-01-09,36.2831,36.381,35.4507,35.895,28290500,36.65
2026-01-12,35.944,37.2172,35.6991,37.2172,23390400,38
2026-01-13,37.3151,37.4131,36.3847,36.5806,20065400,37.35
2026-01-14,36.4337,36.5316,35.2584,35.7481,24159300,36.5
2026-01-15,35.2548,35.8424,34.5693,34.8666,27274000,35.6
2026-01-16,34.912,35.5976,34.8631,35.0625,9580800,35.8
2026-01-19,35.1569,35.6955,35.0589,35.5522,9996300,36.3
2026-01-20,35.5976,35.8424,34.912,35.2094,15678200,35.95
2026-01-21,35.0589,35.1569,34.2755,35.0625,11159500,35.8
2026-01-22,35.1115,35.5033,34.9156,35.2584,8784900,36
2026-01-23,35.4543,36.1399,35.2094,35.7481,20704300,36.5
2026-01-26,35.9403,35.9403,34.912,34.9156,9416700,35.65
2026-01-27,34.7652,35.0589,34.0307,34.23,12126400,34.95
2026-01-28,34.279,34.5728,33.6424,33.7893,11482000,34.5
2026-01-29,33.9362,34.279,33.4465,34.1811,8593000,34.9
2026-01-30,34.1321,35.1605,34.0831,35.1605,11603200,35.9
2026-02-02,34.5728,35.0136,34.0342,34.279,9657500,35
2026-02-03,34.8666,34.8666,33.9852,33.9852,14012600,34.7
2026-02-04,33.9852,34.1811,33.6424,33.8383,11708700,34.55
2026-02-05,34.23,34.3769,34.0342,34.1321,10700200,34.85
2026-02-06,33.7859,33.8838,33.3941,33.8872,12492400,34.6
2026-02-09,34.279,34.279,33.7893,34.0342,7754700,34.75
2026-02-10,34.0796,34.2755,33.7369,33.8872,9951100,34.6
2026-02-11,33.9817,34.6183,33.8838,34.5728,11045000,35.3
2026-02-12,34.6672,35.01,34.4714,34.7197,7542700,35.45
2026-02-13,34.4714,34.7652,34.4714,34.7197,6059700,35.45
2026-02-23,34.7687,35.1605,34.7197,35.1115,9141000,35.85
2026-02-24,35.1079,35.1569,35.01,35.0625,10872100,35.8
2026-02-25,35.0625,35.6991,34.9646,35.2584,12384800,36
2026-02-26,35.3527,35.6955,35.2548,35.6991,9305800,36.45
2026-02-27,35.3074,35.6502,35.1115,35.5033,7958700,36.25
2026-03-02,35.0589,35.0589,33.9327,33.9362,17516400,34.65
2026-03-03,33.9327,34.2265,32.9045,32.9078,17273500,33.6
2026-03-04,32.8099,33.0058,31.1449,31.8305,30866600,32.5
2026-03-05,32.3202,32.4181,31.5367,31.5367,15754300,32.2
2026-03-06,31.4355,31.4355,30.7011,30.8021,14743000,31.45
2026-03-09,28.6475,29.1861,28.6475,28.6475,33386400,29.25
2026-03-10,30.1624,30.1624,29.1342,29.6758,18772700,30.3
2026-03-11,29.428,30.7011,29.33,30.4593,12998900,31.1
2026-03-12,29.9207,30.3614,29.2841,29.382,18068400,30
2026-03-13,29.382,29.6758,29.0392,29.382,9833600,30
2026-03-16,29.382,29.8227,29.382,29.5779,8138100,30.2
2026-03-17,29.6238,30.2604,29.4769,29.6758,13156600,30.3
2026-03-18,29.8687,30.1624,29.5259,29.6758,6834600,30.3
2026-03-19,29.5289,29.6758,29.2841,29.431,16386600,30.05
2026-03-20,29.382,29.4799,29.2351,29.2351,7919000,29.85
2026-03-23,28.8923,28.9413,28.3047,28.3047,15397100,28.9
2026-03-24,28.6964,29.2351,28.5495,29.2351,9251700,29.85
2026-03-25,29.6728,30.2604,29.428,30.1655,10014500,30.8
2026-03-26,30.0645,30.0645,29.5259,29.5289,7432100,30.15
2026-03-27,29.5259,30.0645,29.428,30.0186,7624800,30.65
2026-03-30,29.431,29.8717,29.1372,29.8717,6340300,30.5
2026-03-31,29.8717,30.1166,29.7738,30.0676,8861500,30.7
2026-04-01,30.7011,30.7011,30.1624,30.1655,8787500,30.8
2026-04-02,29.8717,29.9207,29.4799,29.7248,7864700,30.35
2026-04-03,29.7738,29.8717,29.1372,29.1372,8900100,29.75
2026-04-06,29.0882,29.0882,28.4026,28.4516,12541800,29.05
2026-04-07,28.6475,28.6964,27.766,28.1088,15385300,28.7
2026-04-08,29.1372,30.0676,28.8923,30.0676,18128900,30.7
2026-04-09,30.3124,30.949,29.9696,30.2635,20809500,30.9
2026-04-10,30.4104,31.9774,30.4104,31.5857,30690500,32.25
2026-04-13,30.8511,31.4877,30.8511,31.2429,10921700,31.9
2026-04-14,31.7326,31.8795,31.1939,31.3898,9838400,32.05
2026-04-15,31.7326,31.8795,31.1939,31.1939,12297700,31.85
2026-04-16,31.1939,31.4387,31.1449,31.2429,8572900,31.9
2026-04-17,31.4877,31.7815,31.3408,31.5857,12197000,32.25
2026-04-20,31.7293,32.219,31.6804,31.9284,12615300,32.6
2026-04-21,31.9774,32.1733,31.8305,32.0264,10355500,32.7
2026-04-22,32.4181,32.8099,32.2223,32.3202,15089100,33
2026-04-23,32.3169,33.0024,32.219,32.614,12864900,33.3
2026-04-24,32.712,33.5934,32.614,33.5445,24933500,34.25
2026-04-28,34.2755,34.2755,33.7859,33.8872,16775400,34.6
2026-04-29,33.7893,33.8872,32.8099,33.1527,16456400,33.85
2026-05-04,33.1037,33.2506,32.614,32.8589,11611400,33.55
2026-05-05,32.7576,32.7576,32.0231,32.614,10590600,33.3
2026-05-06,32.7609,33.2017,32.5161,33.2017,7863100,33.9
2026-05-07,33.3486,33.4955,33.0058,33.0058,9746800,33.7
2026-05-08,32.9568,33.2506,32.8589,33.1527,10525100,33.85
2026-05-11,33.2472,33.2472,33.0514,33.1037,10445400,33.8
2026-05-12,33.1003,33.1493,32.9534,33.1037,9674900,33.8
2026-05-13,33.1983,33.1983,32.8555,32.9078,11500800,33.6
2026-05-14,32.9078,33.2996,32.9078,33.2996,10236700,34
2026-05-15,33.6424,34.0831,33.2506,33.3486,22577300,34.05
2026-05-18,33.2996,33.4955,33.0548,33.2996,12191600,34
2026-05-19,33.5,33.6,32.6,32.6,15755800,32.6
2026-05-20,32.2,32.45,31.05,32.45,19950800,32.45
2026-05-21,32.5,32.6,32.2,32.25,9017000,32.25
2026-05-22,32.4,32.4,31.65,32.2,7157000,32.2
2026-05-25,32.05,32.8,32.05,32.55,6800800,32.55
2026-05-26,32.5,33,32.45,32.9,5439700,32.9
2026-05-27,33.1,33.7,32.9,33.65,16305800,33.65
2026-05-28,33.6,33.6,32.6,32.6,8065900,32.6
2026-05-29,32.65,33.05,32.65,32.75,6878700,32.75
2026-06-01,32.85,32.95,32.35,32.35,5957400,32.35
2026-06-02,32.35,32.4,31.9,31.9,8472100,31.9
2026-06-03,31.9,32,31.45,31.55,11052800,31.55
2026-06-04,31.65,31.9,31.45,31.45,6761500,31.45
2026-06-05,31.5,32,31.5,31.7,5839000,31.7
2026-06-08,31.5,31.6,30.85,30.85,9610500,30.85
2026-06-09,30.9,31.2,30.8,30.9,9572400,30.9
2026-06-10,31.05,31.25,30.9,30.95,4691800,30.95
2026-06-11,30.95,31.05,30.8,30.85,6590700,30.85
2026-06-12,31.3,31.45,31.05,31.25,10931200,31.25
2026-06-15,31.7,31.95,31.25,31.7,10553500,31.7
2026-06-16,31.8,31.9,31.55,31.75,7120000,31.75
2026-06-17,31.75,31.8,31.35,31.45,16629400,31.45
2026-06-18,31.45,31.5,31.15,31.2,8917000,31.2
2026-06-19,31.25,31.3,30.9,30.95,10874100,30.95
2026-06-22,31.15,31.15,30.9,30.9,5678600,30.9
2026-06-23,31,33.05,31,32.05,28233400,32.05
2026-06-24,32.5,32.95,32,32.5,17964000,32.5
2026-06-25,32.7,33.5,32.45,33.4,20973800,33.4
2026-06-26,33.4,33.45,32.9,33.4,10271000,33.4
2026-06-29,33.3,33.9,33.25,33.8,14115800,33.8
2026-06-30,33.85,33.85,33.45,33.5,9363600,33.5
2026-07-01,33.55,34.5,33.5,34.3,14899400,34.3
2026-07-02,34.35,34.6,33.8,33.85,12377100,33.85
2026-07-03,33.95,33.95,33.2,33.6,15380400,33.6
2026-07-06,33.6,33.95,33.2,33.75,10686300,33.75
2026-07-07,33.75,33.85,33.35,33.85,7544400,33.85
2026-07-08,33.85,34.2,33.75,33.75,12585200,33.75
2026-07-09,33.55,33.65,33.15,33.15,11473700,33.15
2026-07-10,33.15,33.2,32.3,32.4,16294000,32.4
2026-07-13,32.25,32.35,31.5,32.35,19906700,32.35
2026-07-14,32.15,32.3,31.75,32.2,11243700,32.2
2026-07-15,32.05,32.2,31.5,31.5,8134600,31.5
2026-07-16,31.3,31.9,30.75,31.9,14633400,31.9
2026-07-17,31.9,31.9,31.45,31.45,7054000,31.45
2026-07-20,31.4,31.4,29.95,29.95,14287800,29.95
2026-07-21,30,30.2,29.6,29.8,10138100,29.8
2026-07-22,29.9,30.3,29,29,19146900,29
2026-07-23,29.05,29.95,28.35,29.25,16985100,29.25
2026-07-24,28.9,29.2,28.5,28.6,10695100,28.6
2026-07-27,28.7,29.05,28.25,28.25,10295400,28.25
2026-07-28,28.15,28.6,27.8,28.5,10441600,28.5
2026-07-29,28.15,28.55,28.15,28.4,8541800,28.4
2026-07-30,28.6,29.75,28.4,29.3,19699200,29.3
2026-07-31,29.55,29.55,28.95,28.95,11594700,28.95
2026-08-03,29.15,30.3,29.15,29.95,13434400,29.95
