date,open,high,low,close,volume,close_raw
2007-11-22,3.6312,3.9783,3.471,3.5829,29400,67
2007-11-23,3.5244,3.5244,3.4123,3.4171,800,63.9
2007-11-26,3.1239,3.1239,3.1239,3.1283,1500,58.5
2007-11-27,2.8142,3.0705,2.8142,2.8877,69000,54
2007-11-28,2.7821,2.8302,2.6807,2.7807,28100,52
2007-11-29,2.7768,2.8836,2.6967,2.7487,45700,51.4
2007-11-30,2.7768,2.7768,2.6166,2.6203,46900,49
2007-12-03,2.7234,2.9477,2.67,2.9519,229300,55.2
2007-12-04,3.172,3.172,2.937,3.1765,227000,59.4
2007-12-05,3.4817,3.4817,3.0171,3.4225,192600,64
2007-12-06,3.3108,3.471,3.3108,3.4492,82600,64.5
2007-12-07,3.4123,3.471,3.1773,3.3155,158500,62
2007-12-10,3.3642,3.3642,3.0705,3.1283,81600,58.5
2007-12-11,3.1025,3.1025,2.937,3,50200,56.1
2007-12-12,3.0438,3.204,2.9904,2.9947,69200,56
2007-12-13,3.1559,3.1559,3.0171,3.0588,19400,57.2
2007-12-14,3.0491,3.0919,2.9584,3.0481,22600,57
2007-12-17,3.0438,3.0438,2.8302,2.8449,31900,53.2
2007-12-18,2.8569,2.9851,2.7768,2.9412,42800,55
2007-12-19,2.9904,3.1453,2.9904,3.0963,42900,57.9
2007-12-20,3.0438,3.0705,2.8355,2.9626,26200,55.4
2007-12-21,2.9904,3.0705,2.937,2.984,30200,55.8
2007-12-24,2.9904,3.0171,2.9477,2.9679,26900,55.5
2007-12-25,2.937,2.9584,2.8943,2.9465,15300,55.1
2007-12-26,2.8836,2.9904,2.8836,2.9412,22000,55
2007-12-27,3.0118,3.0118,2.9637,2.9679,10800,55.5
2007-12-28,2.9637,2.9797,2.9103,2.9412,22200,55
2008-01-02,2.953,2.953,2.8302,2.8342,18900,53
2008-01-03,3.1453,3.1453,2.7768,2.8075,13900,52.5
2008-01-04,2.7234,2.7821,2.702,2.7273,13500,51
2008-01-07,2.6433,2.6433,2.5899,2.6203,25800,49
2008-01-08,2.4564,2.67,2.403,2.4599,57800,46
2008-01-09,2.5098,2.5098,2.3763,2.4064,58600,45
2008-01-10,2.435,2.435,2.1947,2.262,50900,42.3
2008-01-11,2.3496,2.3977,2.2268,2.246,39600,42
2008-01-14,2.168,2.168,2.0452,2.0588,42300,38.5
2008-01-15,2.0025,2.0025,1.8797,1.893,63500,35.4
2008-01-16,1.9491,2.0719,1.9491,2.0749,24100,38.8
2008-01-17,2.2695,2.2695,1.9758,2.1925,90500,41
2008-01-18,2.136,2.2695,2.0559,2.2193,49600,41.5
2008-01-21,2.1627,2.2962,2.0826,2.2193,29500,41.5
2008-01-22,2.0879,2.1841,2.0559,2.1604,39400,40.4
2008-01-23,2.1093,2.136,1.9758,2.0856,39200,39
2008-01-24,2.1307,2.1413,1.9811,2.0321,27800,38
2008-01-25,2.0292,2.0933,2.0292,2.0695,26100,38.7
2008-01-28,2.0826,2.0826,2.0025,2.0053,6300,37.5
2008-01-29,2.0773,2.0879,2.0239,2.0909,42400,39.1
2008-01-30,2.136,2.2695,2.136,2.2727,59900,42.5
2008-01-31,2.3496,2.403,2.1627,2.2995,68800,43
2008-02-01,2.3496,2.403,2.2962,2.3957,41900,44.8
2008-02-12,2.2428,2.2962,2.136,2.2888,36500,42.8
2008-02-13,2.2962,2.2962,2.1467,2.1765,20100,40.7
2008-02-14,2.2161,2.2802,2.1894,2.1925,17600,41
2008-02-15,2.152,2.1894,2.0826,2.1337,19600,39.9
2008-02-18,2.0826,2.0826,1.9064,2.0107,24100,37.6
2008-02-19,1.9491,2.104,1.869,2.016,32900,37.7
2008-02-20,2.0292,2.0559,1.837,1.8396,33800,34.4
2008-02-21,1.7622,1.7622,1.7141,1.7166,25600,32.1
2008-02-22,1.602,1.8423,1.5486,1.6898,38800,31.6
2008-02-25,1.5486,1.7889,1.5486,1.7914,22500,33.5
2008-02-26,1.8156,1.8743,1.602,1.6096,33100,30.1
2008-02-27,1.6554,1.7622,1.602,1.6043,33900,30
2008-02-28,1.6661,1.6821,1.5967,1.631,10800,30.5
2008-02-29,1.5753,1.602,1.5486,1.5508,23600,29
2008-03-03,1.5539,1.5753,1.3991,1.4438,37100,27
2008-03-04,1.335,1.3403,1.3083,1.3102,19300,24.5
2008-03-05,1.2015,1.3083,1.1855,1.2086,64400,22.6
2008-03-06,1.319,1.319,1.319,1.3209,1300,24.7
2008-03-07,1.4471,1.4471,1.4471,1.4492,6700,27.1
2008-03-10,1.5913,1.5913,1.4525,1.5294,86600,28.6
2008-03-11,1.5967,1.5967,1.4418,1.4706,41800,27.5
2008-03-12,1.4792,1.618,1.4792,1.6203,51800,30.3
2008-03-13,1.7088,1.7088,1.5486,1.6578,49600,31
2008-03-14,1.5486,1.6287,1.5486,1.615,27800,30.2
2008-03-17,1.602,1.602,1.4685,1.4973,30900,28
2008-03-18,1.4969,1.4969,1.3495,1.3555,38700,23.9
2008-03-19,1.4742,1.4855,1.3041,1.3895,22800,24.5
2008-03-20,1.3608,1.4912,1.3041,1.4008,20300,24.7
2008-03-21,1.3721,1.3721,1.2474,1.2817,9100,22.6
2008-03-24,1.1794,1.2531,1.1737,1.174,21000,20.7
2008-03-25,1.0603,1.1737,1.0603,1.0606,32900,18.7
2008-03-26,0.9639,1.1624,0.9639,1.1116,27700,19.6
2008-03-27,1.117,1.134,1.117,1.1343,7500,20
2008-03-28,1.1453,1.1453,1.1453,1.1456,1000,20.2
2008-03-31,1.168,1.168,1.168,1.1683,3200,20.6
2008-04-01,1.1907,1.1907,1.1907,1.191,300,21
2008-04-02,1.2134,1.2134,1.2134,1.2137,100,21.4
2008-04-03,1.2361,1.2361,1.2361,1.2364,100,21.8
2008-04-04,1.2587,1.2587,1.2587,1.2591,200,22.2
2008-04-07,1.2928,1.2928,1.2928,1.2931,8500,22.8
2008-04-08,1.3268,1.3268,1.2587,1.2647,94500,22.3
2008-04-09,1.2474,1.2474,1.2474,1.2477,2500,22
2008-04-10,1.2134,1.2134,1.2134,1.2137,100,21.4
2008-04-11,1.1794,1.1794,1.1794,1.1797,2500,20.8
2008-04-16,1.1453,1.1453,1.1453,1.1456,400,20.2
2008-04-17,1.1113,1.1794,1.1113,1.174,58300,20.7
2008-04-18,1.1624,1.1624,1.1113,1.1116,34800,19.6
2008-04-21,1.1057,1.1057,1.0943,1.0946,8700,19.3
2008-04-22,1.066,1.0773,1.066,1.0662,9700,18.8
2008-04-23,1.0376,1.0376,1.0376,1.0379,1500,18.3
2008-04-24,1.0206,1.0376,1.0093,1.0095,15700,17.8
2008-04-25,0.9866,1.0206,0.9866,0.9925,14000,17.5
2008-04-28,0.9866,1.0149,0.9866,0.9925,4900,17.5
2008-04-29,1.0206,1.0206,0.9696,0.9698,9100,17.1
2008-05-05,0.9809,0.9809,0.9582,0.9585,4500,16.9
2008-05-06,0.9412,0.9412,0.9412,0.9415,2800,16.6
2008-05-07,0.9185,0.9185,0.9185,0.9188,100,16.2
2008-05-08,0.8959,0.8959,0.8959,0.8961,1100,15.8
2008-05-09,0.8732,0.8732,0.8732,0.8734,500,15.4
2008-05-12,0.8505,0.8505,0.8505,0.8507,200,15
2008-05-13,0.8278,0.8278,0.8278,0.828,100,14.6
2008-05-14,0.8051,0.8051,0.8051,0.8053,100,14.2
2008-05-15,0.7825,0.7825,0.7825,0.7827,600,13.8
2008-05-16,0.7598,0.8051,0.7598,0.7827,24900,13.8
2008-05-19,0.7484,0.7484,0.7428,0.743,11600,13.1
2008-05-20,0.7258,0.7258,0.7258,0.7259,1000,12.8
2008-05-21,0.7088,0.7088,0.7088,0.7089,200,12.5
2008-05-22,0.6917,0.6917,0.6917,0.6919,300,12.2
2008-05-23,0.6747,0.6747,0.6747,0.6749,7700,11.9
2008-05-26,0.6577,0.6577,0.6577,0.6579,300,11.6
2008-05-27,0.6407,0.6407,0.6407,0.6409,300,11.3
2008-05-28,0.6237,0.6237,0.6237,0.6239,18500,11
2008-05-29,0.618,0.6407,0.6067,0.6125,32200,10.8
2008-05-30,0.6237,0.6294,0.6124,0.6125,57300,10.8
2008-06-02,0.618,0.618,0.6067,0.6068,11700,10.7
2008-06-03,0.5897,0.5897,0.5897,0.5898,3500,10.4
2008-06-04,0.5727,0.5727,0.5727,0.5728,500,10.1
2008-06-05,0.5557,0.5557,0.5557,0.5558,3200,9.8
2008-06-06,0.5443,0.5443,0.5443,0.5445,6200,9.6
2008-06-09,0.533,0.533,0.533,0.5331,13500,9.4
2008-06-10,0.5216,0.5443,0.5216,0.5445,8600,9.6
2008-06-11,0.55,0.55,0.5443,0.5501,98300,9.7
2008-06-12,0.5613,0.5613,0.5613,0.5615,4000,9.9
2008-06-13,0.5727,0.5727,0.5727,0.5728,4100,10.1
2008-06-16,0.5897,0.5897,0.5897,0.5898,1100,10.4
2008-06-17,0.6067,0.6067,0.6067,0.6068,2100,10.7
2008-06-18,0.6237,0.6237,0.5897,0.5898,70500,10.4
2008-06-19,0.601,0.601,0.601,0.6012,4200,10.6
2008-06-20,0.5783,0.5783,0.5783,0.5785,700,10.2
2008-06-23,0.5557,0.601,0.5557,0.5955,21600,10.5
2008-06-24,0.6067,0.6067,0.5897,0.6068,48800,10.7
2008-06-25,0.6237,0.6237,0.618,0.6239,20800,11
2008-06-26,0.6464,0.6464,0.601,0.6465,36200,11.4
2008-06-27,0.618,0.6464,0.6124,0.6409,13300,11.3
2008-06-30,0.6294,0.6464,0.6294,0.6409,40000,11.3
2008-07-01,0.6407,0.6577,0.6407,0.6579,62200,11.6
2008-07-02,0.6747,0.6747,0.6464,0.6749,73300,11.9
2008-07-03,0.6917,0.6917,0.6917,0.6919,8500,12.2
2008-07-04,0.7144,0.7144,0.7144,0.7146,13000,12.6
2008-07-07,0.7428,0.7428,0.6861,0.7033,124500,12.4
2008-07-08,0.7031,0.7541,0.7031,0.743,34500,13.1
2008-07-09,0.7428,0.7428,0.7201,0.743,48500,13.1
2008-07-10,0.7655,0.7655,0.7541,0.7656,70300,13.5
2008-07-11,0.7881,0.7938,0.7881,0.794,65400,14
2008-07-14,0.8222,0.8222,0.8165,0.8224,41800,14.5
2008-07-15,0.8505,0.8505,0.8505,0.8507,12500,15
2008-07-16,0.8845,0.8845,0.8165,0.8847,133700,15.6
2008-07-17,0.9015,0.9015,0.8902,0.9018,67300,15.9
2008-07-18,0.9185,0.9185,0.8675,0.8677,45000,15.3
2008-07-21,0.8392,0.8392,0.8392,0.8394,200,14.8
2008-07-22,0.8108,0.8108,0.8108,0.811,200,14.3
2008-07-24,0.7825,0.7825,0.7825,0.7827,300,13.8
2008-07-25,0.7541,0.7541,0.7541,0.7543,1200,13.3
2008-07-28,0.7258,0.7258,0.7258,0.7259,18700,12.8
2008-07-29,0.6974,0.7484,0.6974,0.7089,112200,12.5
2008-07-30,0.7428,0.7428,0.7088,0.743,102300,13.1
2008-07-31,0.7598,0.7598,0.7314,0.76,58500,13.4
2008-08-01,0.7825,0.7825,0.7825,0.7827,42300,13.8
2008-08-04,0.8108,0.8108,0.7541,0.7543,29800,13.3
2008-08-05,0.7598,0.7598,0.7598,0.76,100,13.4
2008-08-06,0.7314,0.7655,0.7314,0.7543,89400,13.3
2008-08-07,0.7541,0.7655,0.7088,0.7373,40200,13
2008-08-08,0.7201,0.7371,0.7201,0.7316,46800,12.9
2008-08-11,0.7484,0.7541,0.7484,0.7543,5300,13.3
2008-08-12,0.7825,0.7825,0.7258,0.7827,79100,13.8
2008-08-13,0.7825,0.7938,0.7484,0.7827,35800,13.8
2008-08-14,0.8051,0.8051,0.7768,0.8053,109200,14.2
2008-08-15,0.8278,0.8278,0.8278,0.828,9700,14.6
2008-08-18,0.8845,0.8845,0.8278,0.8847,61800,15.6
2008-08-19,0.9242,0.9356,0.8222,0.8394,49300,14.8
2008-08-20,0.7881,0.8335,0.7881,0.7883,33600,13.9
2008-08-21,0.8278,0.8505,0.7938,0.8507,67400,15
2008-08-22,0.8789,0.8902,0.7938,0.8394,73000,14.8
2008-08-25,0.8675,0.9129,0.8675,0.9131,105600,16.1
2008-08-26,0.9696,0.9696,0.9696,0.9698,22900,17.1
2008-08-27,1.0319,1.0319,0.9696,0.9925,185600,17.5
2008-08-28,0.9639,0.9923,0.9582,0.9585,16300,16.9
2008-08-29,0.8959,0.9582,0.8959,0.9585,70300,16.9
2008-09-03,0.9752,0.9752,0.9752,0.9755,65000,17.2
2008-09-04,1.0433,1.0433,0.9752,1.0435,147000,18.4
2008-09-05,1.0943,1.1,1.049,1.1003,88800,19.4
2008-09-08,1.1624,1.1624,1.0149,1.1343,96900,20
2008-09-09,1.1794,1.1794,1.1057,1.157,85000,20.4
2008-09-10,1.2191,1.2417,1.083,1.0832,113500,19.1
2008-09-11,1.0546,1.1057,1.049,1.0492,9500,18.5
2008-09-12,0.9809,0.9809,0.9809,0.9812,8200,17.3
2008-09-15,0.9129,1.049,0.9129,0.9358,66900,16.5
2008-09-16,0.9356,0.9356,0.8562,0.8564,64100,15.1
2008-09-17,0.7995,0.8335,0.7995,0.7997,38000,14.1
2008-09-18,0.7541,0.7541,0.7541,0.7543,10300,13.3
2008-09-19,0.7031,0.8051,0.7031,0.8053,6300,14.2
2008-09-22,0.8448,0.8448,0.8448,0.845,700,14.9
2008-09-23,0.8959,0.8959,0.7881,0.8507,80400,15
2008-09-24,0.8448,0.8505,0.8222,0.8337,33700,14.7
2008-09-25,0.8392,0.8959,0.8392,0.8961,20000,15.8
2008-09-26,0.9469,0.9469,0.9072,0.9471,81800,16.7
2008-09-29,0.9923,0.9923,0.8789,0.8961,25300,15.8
2008-09-30,0.8505,0.8505,0.8505,0.8507,2500,15
2008-10-01,0.7995,0.9072,0.7995,0.8507,22200,15
2008-10-02,0.8732,0.9129,0.8505,0.9131,28300,16.1
2008-10-03,0.9072,0.9185,0.8732,0.8734,29300,15.4
2008-10-06,0.8505,0.8505,0.8335,0.8394,24200,14.8
2008-10-07,0.7938,0.7938,0.7825,0.7827,33800,13.8
2008-10-08,0.7825,0.8165,0.7314,0.7656,16400,13.5
2008-10-09,0.7201,0.8165,0.7201,0.811,32100,14.3
2008-10-10,0.7541,0.8051,0.7541,0.7713,29700,13.6
2008-10-13,0.8165,0.8165,0.7655,0.8167,18100,14.4
2008-10-14,0.8335,0.8335,0.8335,0.8337,100300,14.7
2008-10-15,0.8902,0.8902,0.8335,0.8904,98500,15.7
2008-10-16,0.8505,0.8675,0.8505,0.8507,12600,15
2008-10-17,0.9072,0.9072,0.8505,0.8677,24800,15.3
2008-10-20,0.9072,0.9072,0.8278,0.8337,23500,14.7
2008-10-21,0.8959,0.8959,0.8789,0.8961,164000,15.8
2008-10-22,0.9412,0.9582,0.8845,0.9585,75500,16.9
2008-10-23,0.9356,0.9356,0.8675,0.8677,48300,15.3
2008-10-24,0.9299,0.9299,0.8845,0.9131,143500,16.1
2008-10-27,0.8845,0.8845,0.8448,0.8507,70900,15
2008-10-28,0.7995,0.8392,0.7995,0.8224,71000,14.5
2008-10-29,0.8675,0.8675,0.8108,0.8677,64400,15.3
2008-10-30,0.8562,0.8845,0.8562,0.8791,34900,15.5
2008-10-31,0.8165,0.8959,0.8165,0.8394,74700,14.8
2008-11-03,0.8505,0.8505,0.7881,0.794,43200,14
2008-11-04,0.8108,0.8675,0.8108,0.845,93200,14.9
2008-11-05,0.9072,0.9185,0.8959,0.9188,82900,16.2
2008-11-06,0.9752,0.9752,0.8902,0.9528,183300,16.8
2008-11-07,0.9129,0.9469,0.8959,0.9018,122000,15.9
2008-11-10,0.9299,0.9639,0.8789,0.9244,105900,16.3
2008-11-11,0.8959,0.8959,0.8618,0.8677,60900,15.3
2008-11-12,0.8278,0.9072,0.8222,0.9018,21900,15.9
2008-11-13,0.8618,0.8959,0.8505,0.8961,20200,15.8
2008-11-14,0.9412,0.9412,0.8902,0.9018,33000,15.9
2008-11-17,0.8505,0.8959,0.8448,0.8621,39100,15.2
2008-11-18,0.8618,0.8675,0.8505,0.8621,22700,15.2
2008-11-19,0.8618,0.8618,0.8448,0.8507,19800,15
2008-11-20,0.8051,0.8392,0.7995,0.828,35400,14.6
2008-11-21,0.8278,0.8335,0.7768,0.811,21000,14.3
2008-11-24,0.8222,0.8222,0.7825,0.794,39100,14
2008-11-25,0.7938,0.7938,0.7768,0.7883,25600,13.9
2008-11-26,0.7768,0.7768,0.7371,0.7373,34500,13
2008-11-27,0.7031,0.7371,0.7031,0.7373,26100,13
2008-11-28,0.7428,0.7598,0.7428,0.76,16300,13.4
2008-12-01,0.7371,0.7881,0.7258,0.7486,26200,13.2
2008-12-02,0.7428,0.7428,0.7314,0.7373,11100,13
2008-12-03,0.7258,0.7371,0.7258,0.7316,8800,12.9
2008-12-04,0.7371,0.7371,0.7314,0.7316,5300,12.9
2008-12-05,0.7484,0.7484,0.6974,0.7146,14000,12.6
2008-12-08,0.6861,0.6861,0.6747,0.6806,10700,12
2008-12-09,0.6917,0.7088,0.6691,0.6692,13400,11.8
2008-12-10,0.6634,0.6634,0.6464,0.6465,12700,11.4
2008-12-11,0.6124,0.6804,0.6067,0.6239,4500,11
2008-12-12,0.6747,0.6974,0.6747,0.6976,14600,12.3
2008-12-15,0.7088,0.7371,0.7088,0.7373,43400,13
2008-12-16,0.7201,0.7371,0.6974,0.7033,21400,12.4
2008-12-17,0.7201,0.7484,0.6861,0.7259,10100,12.8
2008-12-18,0.6804,0.7314,0.6804,0.6976,2000,12.3
2008-12-19,0.7371,0.7371,0.7144,0.7316,3500,12.9
2008-12-22,0.7541,0.7541,0.7314,0.7316,900,12.9
2008-12-23,0.7088,0.7088,0.6974,0.7033,4200,12.4
2008-12-24,0.7144,0.7144,0.7031,0.7146,2600,12.6
2008-12-25,0.7144,0.7144,0.7031,0.7033,7500,12.4
2008-12-26,0.7258,0.7258,0.7258,0.7259,100,12.8
2008-12-29,0.7201,0.7201,0.6804,0.6806,6900,12
2008-12-30,0.6974,0.6974,0.6691,0.6692,14300,11.8
2008-12-31,0.6804,0.6804,0.6691,0.6692,8100,11.8
2009-01-02,0.6634,0.7088,0.6577,0.6919,14900,12.2
2009-01-05,0.6804,0.6804,0.6634,0.6749,8800,11.9
2009-01-06,0.6691,0.6974,0.6691,0.6976,6600,12.3
2009-01-07,0.6804,0.7144,0.6804,0.6806,9300,12
2009-01-08,0.6861,0.6861,0.6691,0.6749,7600,11.9
2009-01-09,0.6804,0.6804,0.6634,0.6806,13400,12
2009-01-12,0.6691,0.6917,0.6691,0.6919,8500,12.2
2009-01-13,0.6804,0.6804,0.6577,0.6749,23700,11.9
2009-01-14,0.6804,0.6804,0.6634,0.6692,1200,11.8
2009-01-15,0.6634,0.6691,0.6634,0.6692,3800,11.8
2009-01-16,0.6747,0.6747,0.6634,0.6692,8700,11.8
2009-01-19,0.6691,0.6691,0.6634,0.6636,6700,11.7
2009-01-20,0.6521,0.6691,0.6521,0.6522,1600,11.5
2009-01-21,0.6917,0.6917,0.6577,0.6579,10600,11.6
2009-01-22,0.6691,0.6691,0.6464,0.6636,9600,11.7
2009-01-23,0.6747,0.6747,0.6464,0.6465,9300,11.4
2009-02-02,0.6804,0.6917,0.6691,0.6749,32300,11.9
2009-02-03,0.6521,0.6804,0.6521,0.6749,9000,11.9
2009-02-04,0.6691,0.6861,0.6691,0.6806,7500,12
2009-02-05,0.6804,0.6804,0.6521,0.6636,13800,11.7
2009-02-06,0.6804,0.6861,0.6634,0.6862,18000,12.1
2009-02-09,0.6747,0.7144,0.6747,0.6919,29800,12.2
2009-02-10,0.7258,0.7258,0.6804,0.6862,15700,12.1
2009-02-11,0.6691,0.6861,0.6691,0.6749,10700,11.9
2009-02-12,0.6917,0.7088,0.6634,0.6919,18900,12.2
2009-02-13,0.6804,0.6861,0.6804,0.6862,200,12.1
2009-02-16,0.6747,0.6917,0.6747,0.6749,20300,11.9
2009-02-17,0.6747,0.6804,0.6634,0.6806,13900,12
2009-02-18,0.6747,0.6804,0.6691,0.6806,38200,12
2009-02-19,0.6804,0.6804,0.6634,0.6749,7500,11.9
2009-02-20,0.6804,0.6804,0.6691,0.6749,5300,11.9
2009-02-23,0.6804,0.7031,0.6634,0.6976,33300,12.3
2009-02-24,0.6861,0.7144,0.6804,0.6862,29200,12.1
2009-02-25,0.6861,0.7031,0.6861,0.6919,24500,12.2
2009-02-26,0.6974,0.7428,0.6917,0.6976,15000,12.3
2009-02-27,0.6974,0.6974,0.6861,0.6919,23700,12.2
2009-03-02,0.6917,0.6974,0.6861,0.6976,24900,12.3
2009-03-03,0.6917,0.6974,0.6804,0.6806,43300,12
2009-03-04,0.6911,0.7107,0.6911,0.7049,16600,10.8
2009-03-05,0.7042,0.7368,0.7042,0.7049,8300,10.8
2009-03-06,0.7172,0.7042,0.6976,0.6984,2200,10.7
2009-03-09,0.7042,0.6911,0.665,0.6788,12700,10.4
2009-03-10,0.6781,0.6911,0.6781,0.6853,10900,10.5
2009-03-11,0.6846,0.7302,0.6911,0.7245,59800,11.1
2009-03-12,0.7172,0.7498,0.6911,0.7049,9100,10.8
2009-03-13,0.7172,0.7498,0.6976,0.6984,15300,10.7
2009-03-16,0.7237,0.7042,0.7042,0.7049,1300,10.8
2009-03-17,0.7042,0.7107,0.6911,0.7049,27000,10.8
2009-03-18,0.7042,0.7433,0.7172,0.7441,53900,11.4
2009-03-19,0.7302,0.7302,0.7042,0.7115,38500,10.9
2009-03-20,0.7172,0.7302,0.6976,0.6984,7800,10.7
2009-03-23,0.7107,0.7172,0.6846,0.6984,12100,10.7
2009-03-24,0.7042,0.7368,0.7042,0.7049,19100,10.8
2009-03-25,0.7107,0.7107,0.7042,0.7049,10900,10.8
2009-03-26,0.7107,0.7042,0.6846,0.7049,36500,10.8
2009-03-27,0.6976,0.6976,0.6716,0.6723,22100,10.3
2009-03-30,0.6716,0.6911,0.6716,0.6919,4800,10.6
2009-03-31,0.6846,0.6846,0.665,0.6723,5300,10.3
2009-04-01,0.6976,0.7042,0.6781,0.6984,27300,10.7
2009-04-02,0.7172,0.7237,0.6976,0.718,24100,11
2009-04-03,0.7302,0.7563,0.7237,0.7571,59400,11.6
2009-04-07,0.7563,0.802,0.7498,0.8028,75400,12.3
2009-04-08,0.7563,0.7824,0.7302,0.731,45200,11.2
2009-04-09,0.8085,0.8085,0.7498,0.7833,42300,12
2009-04-10,0.815,0.828,0.815,0.8289,98900,12.7
2009-04-13,0.8606,0.8802,0.8476,0.8812,78100,13.5
2009-04-14,0.8802,0.9128,0.8541,0.8812,64900,13.5
2009-04-15,0.8802,0.8802,0.8215,0.8224,34000,12.6
2009-04-16,0.8476,0.8541,0.8085,0.8094,36900,12.4
2009-04-17,0.802,0.802,0.7824,0.7833,27100,12
2009-04-20,0.7498,0.7498,0.7302,0.731,31800,11.2
2009-04-21,0.6976,0.7563,0.6911,0.7506,55300,11.5
2009-04-22,0.7498,0.7498,0.7498,0.7506,5200,11.5
2009-04-23,0.7954,0.7954,0.7433,0.7767,10500,11.9
2009-04-24,0.7759,0.7759,0.7368,0.7637,12000,11.7
2009-04-27,0.7433,0.7433,0.7302,0.731,17500,11.2
2009-04-28,0.6911,0.7368,0.6911,0.731,15000,11.2
2009-04-29,0.7172,0.7628,0.7042,0.7637,49900,11.7
2009-05-04,0.802,0.802,0.802,0.8028,15100,12.3
2009-05-05,0.8541,0.8541,0.7954,0.8094,86300,12.4
2009-05-06,0.7889,0.7889,0.7824,0.7833,30600,12
2009-05-07,0.8085,0.8346,0.7954,0.8094,44500,12.4
2009-05-08,0.7824,0.8411,0.7628,0.7963,15700,12.2
2009-05-11,0.828,0.828,0.7824,0.8094,48600,12.4
2009-05-12,0.8085,0.828,0.802,0.8224,47800,12.6
2009-05-13,0.8411,0.8476,0.815,0.8224,66900,12.6
2009-05-14,0.828,0.8737,0.815,0.8746,211200,13.4
2009-05-15,0.9063,0.9063,0.9063,0.9073,58100,13.9
2009-05-18,0.965,0.965,0.965,0.966,53200,14.8
2009-05-19,1.0302,1.0302,1.0302,1.0313,26000,15.8
2009-05-20,1.1019,1.1019,1.0236,1.0574,366700,16.2
2009-05-21,1.0367,1.0497,0.991,1.0313,171600,15.8
2009-05-22,0.9519,0.991,0.9519,0.9921,106500,15.2
2009-05-25,0.9193,1.0497,0.9193,1.0509,60500,16.1
2009-05-26,1.1019,1.1084,1.0367,1.0705,95200,16.4
2009-05-27,1.0758,1.0758,1.0367,1.0574,175300,16.2
2009-05-28,1.0432,1.0497,1.0236,1.0313,48100,15.8
2009-05-29,1.0497,1.0823,1.0302,1.0835,77600,16.6
2009-06-01,1.1084,1.128,1.0758,1.1292,84300,17.3
2009-06-02,1.1997,1.1997,1.1997,1.201,148500,18.4
2009-06-03,1.2779,1.2779,1.1997,1.2793,243600,19.6
2009-06-04,1.3366,1.3431,1.304,1.3446,98200,20.6
2009-06-05,1.4279,1.4279,1.4279,1.4294,81200,21.9
2009-06-08,1.5257,1.5257,1.5257,1.5274,15800,23.4
2009-06-09,1.6235,1.63,1.4214,1.4229,300800,21.8
2009-06-10,1.4018,1.4018,1.3692,1.3707,81400,21
2009-06-11,1.2844,1.4344,1.2844,1.4229,160000,21.8
2009-06-12,1.454,1.4605,1.2779,1.2793,196900,19.6
2009-06-15,1.2975,1.3366,1.2975,1.2989,114300,19.9
2009-06-16,1.2127,1.2127,1.2127,1.214,46700,18.6
2009-06-17,1.128,1.2062,1.128,1.1749,117000,18
2009-06-18,1.1736,1.2258,1.141,1.201,85000,18.4
2009-06-19,1.2388,1.2388,1.141,1.1684,35700,17.9
2009-06-22,1.1736,1.1736,1.0954,1.0966,57600,16.8
2009-06-23,1.0236,1.0302,1.0236,1.0248,64700,15.7
2009-06-24,0.978,1.0888,0.978,1.09,17100,16.7
2009-06-25,1.141,1.1606,1.0302,1.0313,67200,15.8
2009-06-26,1.1866,1.1866,1.1214,1.1879,99500,18.2
2009-06-29,1.1801,1.2192,1.1801,1.1814,68200,18.1
2009-06-30,1.2388,1.2388,1.1214,1.1357,36400,17.4
2009-07-01,1.0954,1.1084,1.0823,1.0835,50000,16.6
2009-07-02,1.0562,1.128,1.0562,1.0966,51100,16.8
2009-07-03,1.0888,1.1214,1.0758,1.1161,47400,17.1
2009-07-06,1.141,1.1671,1.128,1.1684,10100,17.9
2009-07-07,1.154,1.1606,1.1084,1.1227,24500,17.2
2009-07-08,1.1214,1.1345,1.1019,1.1227,26700,17.2
2009-07-09,1.1149,1.1214,1.1084,1.1096,13800,17
2009-07-10,1.1149,1.1149,1.0628,1.077,19800,16.5
2009-07-13,1.0562,1.0823,1.0497,1.0509,16100,16.1
2009-07-14,1.1214,1.1214,1.0432,1.0443,18100,16
2009-07-15,1.0693,1.0758,1.0367,1.0574,15300,16.2
2009-07-16,1.1019,1.1084,1.0693,1.077,17400,16.5
2009-07-17,1.1084,1.1084,1.0693,1.077,16300,16.5
2009-07-20,1.0758,1.0758,1.0367,1.0509,15800,16.1
2009-07-21,1.0693,1.0693,1.0628,1.0705,7500,16.4
2009-07-22,1.0693,1.0758,1.0628,1.077,23800,16.5
2009-07-23,1.0628,1.1345,1.0628,1.1292,20300,17.3
2009-07-24,1.1801,1.1801,1.1736,1.1814,58600,18.1
2009-07-27,1.1214,1.1866,1.1149,1.1553,32700,17.7
2009-07-28,1.1084,1.1214,1.0954,1.0966,45300,16.8
2009-07-29,1.0954,1.0954,1.0628,1.0705,41100,16.4
2009-07-30,1.0693,1.0693,1.0432,1.0705,26100,16.4
2009-07-31,1.128,1.128,1.0628,1.0835,17700,16.6
2009-08-03,1.0823,1.0888,1.0628,1.09,32800,16.7
2009-08-04,1.0823,1.1019,1.0823,1.1031,19300,16.9
2009-08-05,1.0888,1.1084,1.0823,1.1096,22200,17
2009-08-06,1.1084,1.128,1.1019,1.1031,36500,16.9
2009-08-07,1.128,1.1671,1.0954,1.1031,17700,16.9
2009-08-10,1.1214,1.1801,1.1084,1.1814,118300,18.1
2009-08-11,1.141,1.1866,1.141,1.1618,32400,17.8
2009-08-12,1.1736,1.1736,1.141,1.1422,16800,17.5
2009-08-13,1.1606,1.1606,1.1084,1.1161,60200,17.1
2009-08-14,1.1671,1.1671,1.0888,1.1161,73900,17.1
2009-08-17,1.1019,1.1149,1.0954,1.1031,43600,16.9
2009-08-18,1.1019,1.1084,1.0888,1.1096,39700,17
2009-08-19,1.141,1.141,1.1084,1.1227,28500,17.2
2009-08-20,1.1149,1.128,1.1019,1.1292,82200,17.3
2009-08-21,1.1736,1.1866,1.141,1.1749,208100,18
2009-08-24,1.2062,1.2584,1.1214,1.2597,197500,19.3
2009-08-25,1.2388,1.2975,1.2323,1.2989,215100,19.9
2009-08-26,1.291,1.3301,1.2453,1.3054,75000,20
2009-08-27,1.2714,1.2975,1.2714,1.2924,92300,19.8
2009-08-28,1.2975,1.3692,1.2844,1.3707,216000,21
2009-08-31,1.4279,1.4279,1.4279,1.4294,41900,21.9
2009-09-01,1.5257,1.5257,1.4279,1.5274,381200,23.4
2009-09-03,1.5648,1.6104,1.4344,1.6122,483200,24.7
2009-09-04,1.5648,1.7082,1.5648,1.6253,305700,24.9
2009-09-07,1.6626,1.6626,1.5322,1.573,136800,24.1
2009-09-08,1.63,1.7408,1.5322,1.7427,313900,26.7
2009-09-09,1.78,1.7995,1.6952,1.8015,301800,27.6
2009-09-10,1.8582,1.8582,1.6626,1.7623,209900,27
2009-09-11,1.8256,1.8908,1.7017,1.7623,228000,27
2009-09-14,1.7604,1.9169,1.6952,1.8929,496300,29
2009-09-15,1.8452,1.8517,1.7865,1.8145,217500,27.8
2009-09-16,1.793,1.9299,1.793,1.8994,316800,29.1
2009-09-17,1.9364,2.0082,1.9299,2.0104,248100,30.8
2009-09-18,2.1125,2.1125,1.943,2.1017,298000,32.2
2009-09-21,2.1516,2.1712,1.943,2.1278,468700,32.6
2009-09-22,2.1386,2.1386,1.8973,2.0495,245600,31.4
2009-09-23,2.0408,2.1842,1.956,2.056,264700,31.5
2009-09-24,2.0864,2.0864,1.9951,1.9973,211900,30.6
2009-09-25,1.956,1.956,1.8647,1.9125,385200,29.3
2009-09-28,1.8908,1.9234,1.8126,1.8798,64800,28.8
2009-09-29,1.8778,1.8908,1.8126,1.8341,130800,28.1
2009-09-30,1.8452,1.969,1.8452,1.9712,332000,30.2
2009-10-01,1.956,1.969,1.8126,1.8602,99100,28.5
2009-10-02,1.7408,1.8126,1.7343,1.8145,94500,27.8
2009-10-05,1.793,1.8256,1.6952,1.7232,73000,26.4
2009-10-06,1.7278,1.7865,1.7017,1.7297,73100,26.5
2009-10-07,1.7604,1.8256,1.7604,1.795,56300,27.5
2009-10-08,1.793,1.9169,1.7604,1.919,178500,29.4
2009-10-09,2.0016,2.0082,1.969,2.0104,341400,30.8
2009-10-12,2.1386,2.1386,2.1386,2.1409,63500,32.8
2009-10-13,2.282,2.282,2.0929,2.1278,402800,32.6
2009-10-14,2.1712,2.1712,2.0277,2.154,190000,33
2009-10-15,2.2168,2.2298,2.0799,2.0952,184700,32.1
2009-10-16,2.0864,2.106,1.9886,1.9908,194500,30.5
2009-10-19,2.0212,2.1516,1.9299,2.1474,299500,32.9
2009-10-20,2.1842,2.2038,2.1516,2.2062,229300,33.8
2009-10-21,2.3472,2.3472,2.119,2.2062,113800,33.8
2009-10-22,2.1712,2.1712,2.0864,2.1213,98000,32.5
2009-10-23,2.1255,2.1516,1.9821,1.9842,209300,30.4
2009-10-26,1.956,2.0082,1.9104,1.9386,171600,29.7
2009-10-27,1.9495,1.956,1.8191,1.919,107200,29.4
2009-10-28,1.9169,2.0147,1.9169,2.0169,32700,30.9
2009-10-29,2.0473,2.1451,1.956,2.1278,313600,32.6
2009-10-30,2.1972,2.1972,2.0864,2.1735,206500,33.3
2009-11-02,2.1451,2.1451,2.0082,2.0104,91600,30.8
2009-11-03,2.0147,2.0799,1.8778,1.8863,142700,28.9
2009-11-04,1.7604,2.0016,1.7604,1.8994,67200,29.1
2009-11-05,1.9821,1.9821,1.8973,1.9647,106800,30.1
2009-11-06,2.0538,2.0799,1.8843,1.8863,69700,28.9
2009-11-09,1.8908,1.9234,1.8321,1.8341,106000,28.1
2009-11-10,1.8908,1.8908,1.7213,1.7689,72800,27.1
2009-11-11,1.8191,1.8452,1.7604,1.808,57100,27.7
2009-11-12,1.8712,1.8908,1.8256,1.8537,72000,28.4
2009-11-13,1.7734,1.8582,1.7734,1.8407,72500,28.2
2009-11-16,1.8452,1.8908,1.8126,1.8276,47400,28
2009-11-17,1.8452,1.9495,1.8452,1.9516,149400,29.9
2009-11-18,1.9495,2.0016,1.9495,2.0038,153200,30.7
2009-11-19,2.132,2.132,2.0538,2.0952,178000,32.1
2009-11-20,2.0734,2.0734,1.969,1.9712,127800,30.2
2009-11-23,1.9169,1.943,1.8647,1.8733,101100,28.7
2009-11-24,1.8908,1.9234,1.8452,1.8733,53600,28.7
2009-11-25,1.8517,1.8517,1.7474,1.7493,105700,26.8
2009-11-26,1.643,1.6496,1.643,1.6448,46900,25.2
2009-11-27,1.5322,1.7278,1.5322,1.5665,100200,24
2009-11-30,1.617,1.6626,1.5648,1.6644,74200,25.5
2009-12-01,1.6952,1.7278,1.6496,1.7232,46500,26.4
2009-12-02,1.7734,1.8191,1.6039,1.6057,90300,24.6
2009-12-03,1.5844,1.63,1.5452,1.6318,45500,25
2009-12-04,1.5648,1.7017,1.5648,1.6971,101600,26
2009-12-07,1.7539,1.7539,1.6365,1.7297,48100,26.5
2009-12-08,1.6561,1.6626,1.5974,1.6318,55100,25
2009-12-09,1.7278,1.7278,1.5257,1.5274,86000,23.4
2009-12-10,1.5322,1.5322,1.4214,1.4229,100800,21.8
2009-12-11,1.3953,1.3953,1.3431,1.3446,94500,20.6
2009-12-14,1.304,1.4344,1.304,1.436,74200,22
2009-12-15,1.4018,1.4148,1.3692,1.3772,27900,21.1
2009-12-16,1.3431,1.3496,1.291,1.2924,24600,19.8
2009-12-17,1.2258,1.2844,1.2127,1.2858,38000,19.7
2009-12-18,1.2714,1.317,1.2714,1.3185,28500,20.2
2009-12-21,1.4083,1.4083,1.4083,1.4099,10500,21.6
2009-12-22,1.5061,1.5061,1.4409,1.4556,125200,22.3
2009-12-23,1.4018,1.5583,1.4018,1.5404,80700,23.6
2009-12-24,1.4996,1.5648,1.4735,1.5339,47500,23.5
2009-12-25,1.5322,1.6235,1.5322,1.6253,103500,24.9
2009-12-28,1.7148,1.7148,1.4996,1.5665,63300,24
2009-12-29,1.5192,1.5648,1.467,1.4686,46900,22.5
2009-12-30,1.4344,1.5974,1.4344,1.5796,64300,24.2
2009-12-31,1.63,1.6626,1.5974,1.6318,74600,25
2010-01-04,1.7278,1.7604,1.6952,1.7623,77300,27
2010-01-05,1.8647,1.8712,1.7604,1.8602,273800,28.5
2010-01-06,1.8908,1.8908,1.793,1.8211,88600,27.9
2010-01-07,1.8321,1.956,1.8321,1.9451,232700,29.8
2010-01-08,2.0082,2.0473,1.8126,1.8798,97400,28.8
2010-01-11,1.8321,1.8386,1.7995,1.8015,88500,27.6
2010-01-12,1.806,1.8126,1.6822,1.7101,111500,26.2
2010-01-13,1.6952,1.8126,1.6365,1.7427,79600,26.7
2010-01-14,1.8126,1.8126,1.7148,1.7623,48100,27
2010-01-15,1.7604,1.7865,1.6496,1.6971,44700,26
2010-01-18,1.7604,1.793,1.5844,1.5861,107500,24.3
2010-01-19,1.5974,1.6365,1.5648,1.6318,51100,25
2010-01-20,1.6626,1.6626,1.4996,1.5012,84500,23
2010-01-21,1.4409,1.467,1.4214,1.4229,123100,21.8
2010-01-22,1.3562,1.467,1.3496,1.449,72800,22.2
2010-01-25,1.4178,1.4801,1.4178,1.4815,21400,19
2010-01-26,1.5191,1.5736,1.5191,1.5751,71800,20.2
2010-01-27,1.6826,1.6826,1.5736,1.6374,181500,21
2010-01-28,1.6359,1.6515,1.5736,1.6296,33200,20.9
2010-01-29,1.5892,1.597,1.5113,1.5283,141000,19.6
2010-02-01,1.4723,1.5191,1.4645,1.5205,46700,19.5
2010-02-02,1.5191,1.5191,1.4801,1.4815,25800,19
2010-02-03,1.4801,1.5268,1.4645,1.5205,41600,19.5
2010-02-04,1.5035,1.558,1.5035,1.5595,42500,20
2010-02-05,1.5191,1.5191,1.4723,1.4737,16600,18.9
2010-02-08,1.4412,1.4567,1.4412,1.4503,19400,18.6
2010-02-09,1.4022,1.41,1.371,1.3879,19500,17.8
2010-02-10,1.4412,1.4412,1.3944,1.4191,30400,18.2
2010-02-11,1.4412,1.4412,1.4178,1.4425,5000,18.5
2010-02-12,1.4334,1.4957,1.4022,1.4815,28400,19
2010-02-22,1.4801,1.4801,1.4412,1.4503,18000,18.6
2010-02-23,1.4022,1.4178,1.3944,1.3957,13600,17.9
2010-02-24,1.4022,1.4412,1.3866,1.4035,30400,18
2010-02-25,1.4334,1.4334,1.41,1.4113,16300,18.1
2010-02-26,1.4178,1.4256,1.4022,1.4269,41700,18.3
2010-03-01,1.4334,1.4412,1.4022,1.4425,53900,18.5
2010-03-02,1.4256,1.5113,1.4178,1.4815,106000,19
2010-03-03,1.4801,1.5191,1.4256,1.4815,44700,19
2010-03-04,1.5346,1.5424,1.4801,1.4815,46900,19
2010-03-05,1.4645,1.6125,1.4567,1.614,159800,20.7
2010-03-08,1.6359,1.6671,1.6359,1.6686,185700,21.4
2010-03-09,1.7528,1.7683,1.6359,1.7622,64200,22.6
2010-03-10,1.7216,1.7216,1.6359,1.6608,87900,21.3
2010-03-11,1.6047,1.6749,1.597,1.6374,74000,21
2010-03-12,1.6203,1.6904,1.5892,1.6218,100500,20.8
2010-03-15,1.5658,1.6515,1.5658,1.5829,87700,20.3
2010-03-16,1.5658,1.6203,1.5035,1.5205,102600,19.5
2010-03-17,1.4489,1.558,1.4489,1.4971,49900,19.2
2010-03-18,1.5658,1.5658,1.4957,1.5595,23100,20
2010-03-19,1.5268,1.5346,1.4801,1.5049,40000,19.3
2010-03-22,1.5113,1.5191,1.4645,1.4815,85500,19
2010-03-23,1.4957,1.5113,1.4412,1.4815,53300,19
2010-03-24,1.4801,1.4957,1.4723,1.4971,33800,19.2
2010-03-25,1.4567,1.4645,1.4334,1.4503,36600,18.6
2010-03-26,1.4567,1.5035,1.4334,1.4581,37500,18.7
2010-03-29,1.4178,1.4801,1.4178,1.4659,56400,18.8
2010-03-30,1.5113,1.5502,1.4957,1.5517,144000,19.9
2010-03-31,1.5814,1.5814,1.4412,1.4815,63400,19
2010-04-01,1.5191,1.5191,1.4645,1.5049,31900,19.3
2010-04-02,1.5113,1.5268,1.4567,1.4893,39300,19.1
2010-04-05,1.4801,1.5268,1.4723,1.5127,101300,19.4
2010-04-06,1.5346,1.597,1.5346,1.5985,425700,20.5
2010-04-07,1.706,1.706,1.5814,1.7076,275300,21.9
2010-04-08,1.8229,1.8229,1.7761,1.8246,419900,23.4
2010-04-09,1.8852,1.8852,1.6982,1.7076,235800,21.9
2010-04-12,1.6359,1.6904,1.6203,1.692,218700,21.7
2010-04-13,1.706,1.7605,1.6749,1.7466,278800,22.4
2010-04-14,1.6982,1.745,1.6749,1.6998,110200,21.8
2010-04-15,1.7138,1.7761,1.706,1.77,163600,22.7
2010-04-16,1.7528,1.8618,1.7528,1.8636,412200,23.9
2010-04-19,1.8307,1.9709,1.7917,1.9727,421100,25.3
2010-04-20,1.9709,2.041,1.9397,1.9415,263300,24.9
2010-04-21,1.9319,1.9631,1.8852,1.9337,184100,24.8
2010-04-22,1.9163,1.9163,1.8151,1.848,213400,23.7
2010-04-26,1.7995,1.8307,1.7761,1.8324,218800,23.5
2010-04-27,1.9008,1.9319,1.8073,1.9337,243200,24.8
2010-04-28,1.9086,1.9086,1.7917,1.8714,40600,24
2010-04-29,1.8384,1.8618,1.8151,1.8558,68600,23.8
2010-05-04,1.8618,1.9475,1.8307,1.9493,189600,25
2010-05-05,1.9475,1.9475,1.8384,1.9103,207100,24.5
2010-05-06,1.9475,2.0332,1.9475,2.0351,695200,26.1
2010-05-07,2.1345,2.1345,1.9942,2.1365,506300,27.4
2010-05-10,2.1968,2.1968,1.9709,1.9727,121700,25.3
2010-05-11,1.9709,2.0877,1.8696,1.8714,135500,24
2010-05-12,1.8307,1.8307,1.7917,1.7934,54600,23
2010-05-13,1.6904,1.8073,1.6749,1.6998,680800,21.8
2010-05-14,1.7138,1.8073,1.6904,1.809,259800,23.2
2010-05-17,1.8462,1.8462,1.6826,1.7154,89700,22
2010-05-18,1.7294,1.7372,1.6826,1.7154,116600,22
2010-05-19,1.6749,1.6749,1.5814,1.5907,256100,20.4
2010-05-20,1.4801,1.6359,1.4801,1.5439,250600,19.8
2010-05-21,1.4801,1.5191,1.4022,1.4815,287100,19
2010-05-24,1.4957,1.5113,1.4022,1.5127,83400,19.4
2010-05-25,1.4801,1.5502,1.4412,1.4971,88100,19.2
2010-05-26,1.5191,1.6047,1.5191,1.6062,163800,20.6
2010-05-27,1.5736,1.6593,1.558,1.6218,157300,20.8
2010-05-28,1.6826,1.706,1.6749,1.7076,134000,21.9
2010-05-31,1.7761,1.7761,1.597,1.6374,64000,21
2010-06-01,1.597,1.6749,1.5502,1.6764,97100,21.5
2010-06-02,1.5892,1.6826,1.558,1.6842,153600,21.6
2010-06-03,1.745,1.745,1.7138,1.7466,130700,22.4
2010-06-04,1.8307,1.8618,1.7528,1.8012,382900,23.1
2010-06-07,1.706,1.7216,1.706,1.7076,34000,21.9
2010-06-08,1.597,1.7138,1.5892,1.692,197300,21.7
2010-06-09,1.6904,1.6982,1.6203,1.6296,76400,20.9
2010-06-10,1.597,1.6593,1.558,1.6452,137800,21.1
2010-06-11,1.6593,1.6826,1.6125,1.6296,71300,20.9
2010-06-14,1.6281,1.6515,1.6281,1.653,90800,21.2
2010-06-15,1.6359,1.706,1.6359,1.6842,103400,21.6
2010-06-16,1.7138,1.7528,1.6904,1.731,71600,22.2
2010-06-17,1.7138,1.7372,1.6671,1.6842,149200,21.6
2010-06-18,1.597,1.6671,1.5892,1.6686,215000,21.4
2010-06-21,1.706,1.7605,1.6593,1.7622,325100,22.6
2010-06-22,1.7839,1.7839,1.6437,1.6842,84200,21.6
2010-06-23,1.6359,1.706,1.6359,1.6842,102500,21.6
2010-06-24,1.6904,1.7528,1.6904,1.731,244800,22.2
2010-06-25,1.6982,1.8307,1.6359,1.7544,414500,22.5
2010-06-28,1.7605,1.8384,1.7528,1.8402,598600,23.6
2010-06-29,1.8696,1.9475,1.7528,1.7856,236100,22.9
2010-06-30,1.7294,1.7761,1.706,1.7622,177900,22.6
2010-07-01,1.7138,1.7683,1.7138,1.77,145000,22.7
2010-07-02,1.7917,1.8618,1.7528,1.8636,586300,23.9
2010-07-05,1.9086,1.9631,1.8696,1.9649,697300,25.2
2010-07-06,2.0254,2.0877,1.9553,2.0897,1025800,26.8
2010-07-07,2.2124,2.2202,2.1812,2.2222,337500,28.5
2010-07-08,2.3682,2.3682,2.3682,2.3704,250600,30.4
2010-07-09,2.5318,2.5318,2.2435,2.3002,1016900,29.5
2010-07-12,2.3292,2.5707,2.2981,2.5731,715100,33
2010-07-13,2.7031,2.7031,2.6097,2.7057,102400,34.7
2010-07-14,2.8901,2.8901,2.7265,2.8772,438600,36.9
2010-07-15,2.8823,3.0381,2.7577,3.041,340400,39
2010-07-16,3.116,3.1861,3.0771,3.1891,595700,40.9
2010-07-19,3.3809,3.3964,3.1861,3.3139,668100,42.5
2010-07-20,3.3731,3.5912,3.1939,3.4386,472200,44.1
2010-07-21,3.5678,3.6224,3.4198,3.5868,320100,46
2010-07-22,3.6146,3.7782,3.3731,3.3762,344300,43.3
2010-07-23,3.1861,3.5834,3.1861,3.384,508100,43.4
2010-07-26,3.5834,3.6224,3.412,3.4308,425400,44
2010-07-27,3.3497,3.56,3.3108,3.3451,208100,42.9
2010-07-28,3.5055,3.5055,3.1705,3.1735,240400,40.7
2010-07-29,2.9836,3.0771,2.9836,3.0565,646900,39.2
2010-07-30,3.0381,3.1939,3.0381,3.1813,424500,40.8
2010-08-02,3.3108,3.3108,2.968,2.9864,171100,38.3
2010-08-03,3.0069,3.0459,2.8667,2.8694,266600,36.8
2010-08-04,2.7265,2.8044,2.6876,2.6901,478000,34.5
2010-08-05,2.6876,2.6953,2.5084,2.5575,548700,32.8
2010-08-06,2.4227,2.7187,2.3993,2.6043,350800,33.4
2010-08-09,2.4539,2.4539,2.376,2.3782,95200,30.5
2010-08-10,2.2981,2.2981,2.2202,2.2222,301100,28.5
2010-08-11,2.1033,2.2591,2.0721,2.1365,482700,27.4
2010-08-12,1.9865,1.9865,1.9709,1.9727,211800,25.3
2010-08-13,1.8384,2.0254,1.8384,1.9571,637000,25.1
2010-08-16,1.9086,1.9865,1.9086,1.9883,182600,25.5
2010-08-17,2.1111,2.1111,2.0644,2.1131,856200,27.1
2010-08-18,2.2202,2.2435,2.0644,2.1521,613600,27.6
2010-08-19,2.1033,2.1345,2.0176,2.0585,460800,26.4
2010-08-20,1.9475,2.1033,1.9475,2.0195,257300,25.9
2010-08-23,2.0644,2.0644,1.8696,1.8714,328100,24
2010-08-24,1.7917,1.7917,1.7605,1.7622,213700,22.6
2010-08-25,1.6515,1.6749,1.6515,1.653,307800,21.2
2010-08-26,1.5424,1.7138,1.5424,1.5985,568200,20.5
2010-08-27,1.5892,1.5892,1.4801,1.5205,411300,19.5
2010-08-30,1.558,1.6047,1.558,1.6062,31200,20.6
2010-08-31,1.706,1.706,1.6749,1.7076,122400,21.9
2010-09-01,1.8229,1.8229,1.8229,1.8246,69900,23.4
2010-09-06,1.9475,1.9475,1.9475,1.9493,36100,25
2010-09-07,2.0799,2.0799,2.0799,2.0819,73300,26.7
2010-09-08,2.2202,2.2202,2.0644,2.2222,2127100,28.5
2010-09-09,2.2591,2.3448,2.1968,2.347,689000,30.1
2010-09-10,2.4071,2.4539,2.1578,2.1599,490400,27.7
2010-09-13,2.0566,2.1812,2.0566,2.0585,478400,26.4
2010-09-14,1.9397,2.15,1.9397,2.0663,420200,26.5
2010-09-15,2.0644,2.0644,1.9241,1.9415,339500,24.9
2010-09-16,1.9631,2.0955,1.9475,2.0975,423300,26.9
2010-09-17,2.1656,2.189,2.1656,2.191,94700,28.1
2010-09-20,2.337,2.337,2.189,2.3158,740900,29.7
2010-09-21,2.2669,2.3136,2.1734,2.1755,600500,27.9
2010-09-22,2.1423,2.2591,2.1423,2.1832,359200,28
2010-09-23,2.1968,2.1968,2.0644,2.1599,305200,27.7
2010-09-24,2.1033,2.2124,2.1033,2.1365,300600,27.4
2010-09-27,2.15,2.2124,2.1267,2.1599,214800,27.7
2010-09-28,2.2202,2.2981,2.1812,2.2612,679000,29
2010-09-29,2.2825,2.3214,2.1267,2.1521,256200,27.6
2010-09-30,2.1423,2.1578,2.0799,2.1131,237000,27.1
2010-10-01,2.15,2.2124,2.0799,2.0975,175700,26.9
2010-10-04,2.0877,2.0877,1.9709,1.9727,461900,25.3
2010-10-05,1.9086,2.041,1.893,1.9805,353300,25.4
2010-10-06,1.9709,2.0799,1.9709,2.0819,280800,26.7
2010-10-07,2.1734,2.1734,1.9631,1.9883,300400,25.5
2010-10-08,1.9942,2.0488,1.9241,1.9415,254200,24.9
2010-10-11,1.9086,1.9631,1.8384,1.9103,171000,24.5
2010-10-12,1.8696,1.9163,1.7917,1.848,307900,23.7
2010-10-13,1.9086,1.9397,1.7917,1.8947,300000,24.3
2010-10-14,1.9475,1.9475,1.8774,1.887,179100,24.2
2010-10-15,1.893,1.9086,1.8696,1.887,85700,24.2
2010-10-18,1.893,1.9086,1.8618,1.8636,119100,23.9
2010-10-19,1.8462,1.8774,1.7761,1.7934,313300,23
2010-10-20,1.8384,1.8384,1.6904,1.692,289200,21.7
2010-10-21,1.7216,1.7761,1.6671,1.6842,223800,21.6
2010-10-22,1.7138,1.7138,1.597,1.5985,306900,20.5
2010-10-25,1.597,1.6982,1.5424,1.692,272900,21.7
2010-10-26,1.7138,1.745,1.7138,1.7466,187900,22.4
2010-10-27,1.8229,1.8618,1.745,1.77,588000,22.7
2010-10-28,1.7528,1.8229,1.7138,1.7232,192700,22.1
2010-10-29,1.7372,1.7683,1.6437,1.731,163400,22.2
2010-11-01,1.7216,1.7216,1.6515,1.6608,122600,21.3
2010-11-02,1.6826,1.6826,1.5892,1.6062,141100,20.6
2010-11-03,1.6203,1.6203,1.5502,1.5907,130400,20.4
2010-11-04,1.5736,1.6826,1.5736,1.6764,291800,21.5
2010-11-05,1.6749,1.7683,1.6749,1.77,373000,22.7
2010-11-08,1.7917,1.7917,1.6749,1.692,190000,21.7
2010-11-09,1.6515,1.6515,1.5892,1.6218,305900,20.8
2010-11-10,1.597,1.6437,1.597,1.6374,201200,21
2010-11-11,1.6281,1.6359,1.5658,1.5907,310000,20.4
2010-11-12,1.558,1.5658,1.4879,1.5439,262900,19.8
2010-11-15,1.5814,1.5814,1.4567,1.4659,121800,18.8
2010-11-16,1.4879,1.4879,1.4022,1.4503,164100,18.6
2010-11-17,1.4489,1.5113,1.4178,1.4971,254700,19.2
2010-11-18,1.4957,1.5892,1.4957,1.5907,247100,20.4
2010-11-19,1.5736,1.5814,1.4645,1.4659,243600,18.8
2010-11-22,1.4633,1.4874,1.399,1.4407,181900,17.9
2010-11-23,1.4472,1.5276,1.4392,1.5212,205100,18.9
2010-11-24,1.4874,1.5839,1.4472,1.5373,306600,19.1
2010-11-25,1.5839,1.6321,1.5839,1.6338,319500,20.3
2010-11-26,1.6723,1.7366,1.6723,1.7385,668400,21.6
2010-11-29,1.801,1.8492,1.6562,1.8511,364900,23
2010-11-30,1.7688,1.9135,1.7688,1.8833,436800,23.4
2010-12-01,1.817,1.9055,1.7688,1.7707,564800,22
2010-12-02,1.809,1.9216,1.7286,1.8592,611100,23.1
2010-12-03,1.9055,1.9457,1.9055,1.9477,386300,24.2
2010-12-06,2.0502,2.0663,1.8894,1.9316,532900,24
2010-12-07,1.9698,1.9698,1.8331,1.835,282100,22.8
2010-12-08,1.7688,1.8492,1.7366,1.7385,211100,21.6
2010-12-09,1.6723,1.809,1.6482,1.7787,329300,22.1
2010-12-10,1.7688,1.8653,1.7688,1.8672,229200,23.2
2010-12-13,1.9537,1.9537,1.9216,1.9558,349700,24.3
2010-12-14,1.8572,1.9296,1.817,1.8189,350700,22.6
2010-12-15,1.7929,1.8894,1.7447,1.7626,267200,21.9
2010-12-16,1.7688,1.7688,1.6723,1.6821,293800,20.9
2010-12-17,1.7688,1.8251,1.7045,1.8189,278500,22.6
2010-12-20,1.8492,1.8492,1.6964,1.7465,102900,21.7
2010-12-21,1.7527,1.7688,1.6482,1.6741,147900,20.8
2010-12-22,1.6964,1.7125,1.608,1.6338,198600,20.3
2010-12-23,1.6482,1.6482,1.5517,1.5694,234500,19.5
2010-12-24,1.5919,1.6482,1.5517,1.5694,259100,19.5
2010-12-27,1.6402,1.6804,1.5919,1.6338,187600,20.3
2010-12-28,1.6804,1.7447,1.6643,1.7465,135300,21.7
2010-12-29,1.7366,1.801,1.6723,1.6902,209500,21
2010-12-30,1.7527,1.7527,1.6643,1.6982,295500,21.1
2010-12-31,1.7286,1.7527,1.6723,1.7224,523000,21.4
2011-01-04,1.7688,1.809,1.6964,1.8109,831300,22.5
2011-01-05,1.936,1.936,1.936,1.9368,94300,20
2011-01-06,2.0715,2.0715,1.8876,1.9659,322800,20.3
2011-01-07,1.9844,2.0038,1.9166,1.9368,229900,20
2011-01-10,1.965,1.965,1.8198,1.8303,313400,18.9
2011-01-11,1.8586,1.8586,1.7618,1.8109,66000,18.7
2011-01-12,1.7908,1.8586,1.7908,1.84,179400,19
2011-01-13,1.8198,1.936,1.8198,1.8497,116600,19.1
2011-01-14,1.8876,1.907,1.8005,1.8787,157100,19.4
2011-01-17,1.8682,1.9941,1.8682,1.9562,341800,20.2
2011-01-18,1.9844,2.0812,1.936,1.9949,543800,20.6
2011-01-19,1.9941,2.0909,1.9941,2.0724,376500,21.4
2011-01-20,2.0522,2.1586,2.0328,2.1014,264700,21.7
2011-01-21,2.1102,2.1199,1.9844,2.0046,165500,20.7
2011-01-24,2.0038,2.0038,1.8973,1.8981,199700,19.6
2011-01-25,1.8973,1.907,1.8295,1.84,214400,19
2011-01-26,1.8876,1.9166,1.8586,1.9078,99300,19.7
2011-01-27,1.9263,1.936,1.8973,1.9174,125800,19.8
2011-01-28,1.9263,1.9747,1.8973,1.8981,70100,19.6
2011-02-08,1.9263,1.936,1.8682,1.8787,71600,19.4
2011-02-09,1.907,2.0038,1.8876,1.8981,120800,19.6
2011-02-10,1.8973,1.907,1.8682,1.8787,48900,19.4
2011-02-11,1.8876,1.8973,1.8392,1.8787,96100,19.4
2011-02-14,1.8779,1.8876,1.8392,1.84,106900,19
2011-02-15,1.8295,1.8392,1.7714,1.8109,160800,18.7
2011-02-16,1.7908,1.8102,1.7618,1.7722,152700,18.3
2011-02-17,1.7618,1.7618,1.723,1.7238,128400,17.8
2011-02-18,1.7424,1.7714,1.6843,1.7141,129700,17.7
2011-02-21,1.6456,1.6456,1.6069,1.6076,190400,16.6
2011-02-22,1.5294,1.5875,1.5101,1.5204,336800,15.7
2011-02-23,1.452,1.5778,1.4423,1.5398,134900,15.9
2011-02-24,1.5004,1.5004,1.4326,1.4623,197200,15.1
2011-02-25,1.5294,1.5585,1.4617,1.5495,167200,16
2011-02-28,1.5682,1.5875,1.481,1.501,140400,15.5
2011-03-01,1.5101,1.5198,1.4617,1.4913,74100,15.4
2011-03-02,1.4617,1.4617,1.3939,1.3945,292200,14.4
2011-03-03,1.2971,1.3939,1.2971,1.3073,201200,13.5
2011-03-04,1.2584,1.3552,1.239,1.3267,117000,13.7
2011-03-07,1.3262,1.3262,1.2971,1.3267,81300,13.7
2011-03-08,1.3165,1.3358,1.2778,1.288,53400,13.3
2011-03-09,1.2681,1.2681,1.2294,1.2299,146600,12.7
2011-03-10,1.239,1.3165,1.239,1.317,52200,13.6
2011-03-11,1.4036,1.4036,1.4036,1.4042,133000,14.5
2011-03-14,1.481,1.481,1.3068,1.317,270100,13.6
2011-03-15,1.2874,1.3455,1.2681,1.2977,180100,13.4
2011-03-16,1.3455,1.3552,1.3068,1.3461,89800,13.9
2011-03-17,1.3649,1.3842,1.3165,1.3558,128800,14
2011-03-18,1.3746,1.423,1.3455,1.4236,284400,14.7
2011-03-21,1.5004,1.5101,1.5004,1.5107,93400,15.6
2011-03-22,1.5972,1.6069,1.5101,1.5495,1010800,16
2011-03-23,1.5585,1.5972,1.4907,1.5688,282300,16.2
2011-03-24,1.5391,1.5585,1.5101,1.5204,193100,15.7
2011-03-25,1.5004,1.5004,1.4423,1.4526,103700,15
2011-03-28,1.4617,1.5004,1.4133,1.4526,138800,15
2011-03-29,1.452,1.452,1.3649,1.4042,178000,14.5
2011-03-30,1.3358,1.4714,1.3262,1.4429,222500,14.9
2011-03-31,1.452,1.4907,1.452,1.4623,160800,15.1
2011-04-01,1.5488,1.5488,1.4326,1.4332,125300,14.8
2011-04-04,1.481,1.5294,1.4133,1.4139,44800,14.6
2011-04-05,1.4326,1.452,1.3939,1.4526,122300,15
2011-04-06,1.4326,1.5004,1.423,1.4817,103700,15.3
2011-04-07,1.4714,1.481,1.4133,1.4139,55800,14.6
2011-04-08,1.4133,1.4326,1.4036,1.4042,65000,14.5
2011-04-13,1.4036,1.4133,1.3746,1.3751,73000,14.2
2011-04-14,1.3842,1.3939,1.3649,1.3751,51200,14.2
2011-04-15,1.3746,1.3746,1.3262,1.3364,122200,13.8
2011-04-18,1.3746,1.3746,1.2778,1.3073,101000,13.5
2011-04-19,1.2971,1.3165,1.2778,1.288,187900,13.3
2011-04-20,1.2971,1.3068,1.2874,1.288,102700,13.3
2011-04-21,1.3372,1.3372,1.2663,1.2673,144700,12.5
2011-04-22,1.2764,1.2764,1.2156,1.2673,207500,12.5
2011-04-25,1.2764,1.3169,1.2764,1.318,232100,13
2011-04-26,1.327,1.3473,1.2561,1.3078,73400,12.9
2011-04-27,1.3169,1.327,1.2663,1.3281,75500,13.1
2011-04-28,1.327,1.3372,1.2865,1.2876,85500,12.7
2011-04-29,1.3169,1.3473,1.2966,1.318,124800,13
2011-05-04,1.3372,1.3372,1.2966,1.2977,34600,12.8
2011-05-05,1.3068,1.3068,1.2663,1.2774,142100,12.6
2011-05-06,1.2764,1.3169,1.2764,1.2977,83400,12.8
2011-05-09,1.3169,1.3574,1.2966,1.3484,107500,13.3
2011-05-10,1.3372,1.3574,1.3169,1.318,71600,13
2011-05-11,1.3169,1.3169,1.2966,1.3078,36600,12.9
2011-05-12,1.2966,1.3068,1.2865,1.2876,89200,12.7
2011-05-13,1.2966,1.3068,1.2663,1.2774,70900,12.6
2011-05-16,1.2663,1.2865,1.2561,1.2571,94500,12.4
2011-05-17,1.2764,1.2764,1.2156,1.2166,77000,12
2011-05-18,1.2156,1.2359,1.1852,1.2166,82300,12
2011-05-19,1.2561,1.2561,1.1953,1.2065,90300,11.9
2011-05-20,1.2055,1.2055,1.1548,1.1862,108000,11.7
2011-05-23,1.2055,1.2055,1.1042,1.1051,172300,10.9
2011-05-24,1.0535,1.0637,1.0434,1.0442,181200,10.3
2011-05-25,0.9826,1.0029,0.9826,0.9834,199800,9.7
2011-05-26,0.9218,1.0434,0.9218,1.0138,252800,10
2011-05-27,1.0231,1.0231,0.9927,1.024,138500,10.1
2011-05-30,0.9522,0.9522,0.9522,0.953,34700,9.4
2011-05-31,0.8914,0.8914,0.8914,0.8922,65100,8.8
2011-06-01,0.8408,0.9522,0.8307,0.953,254000,9.4
2011-06-02,0.9826,0.9826,0.9826,0.9834,109900,9.7
2011-06-03,1.0434,1.0434,0.9826,1.0037,582000,9.9
2011-06-06,1.013,1.094,0.9725,1.0544,207100,10.4
2011-06-07,1.094,1.1042,1.094,1.1051,86400,10.9
2011-06-08,1.1751,1.1751,1.1447,1.176,550100,11.6
2011-06-09,1.1548,1.2561,1.1346,1.247,344800,12.3
2011-06-10,1.2865,1.3068,1.2359,1.3078,572600,12.9
2011-06-13,1.3068,1.3574,1.2561,1.318,349500,13
2011-06-14,1.2663,1.3372,1.2156,1.2166,516200,12
2011-06-15,1.1953,1.2156,1.1751,1.176,279600,11.6
2011-06-16,1.1042,1.2156,1.1042,1.176,263500,11.6
2011-06-17,1.165,1.165,1.0839,1.1051,329600,10.9
2011-06-20,1.1042,1.1447,1.0434,1.0848,186200,10.7
2011-06-21,1.1042,1.1548,1.094,1.1558,145200,11.4
2011-06-22,1.2055,1.2055,1.165,1.176,305100,11.6
2011-06-23,1.1548,1.1751,1.1244,1.1456,116100,11.3
2011-06-24,1.165,1.165,1.1447,1.1558,88200,11.4
2011-06-27,1.1548,1.1548,1.1244,1.1253,79900,11.1
2011-06-28,1.1548,1.1548,1.0839,1.0949,145000,10.8
2011-06-29,1.1042,1.1143,1.0738,1.1051,78800,10.9
2011-06-30,1.1346,1.1346,1.0637,1.0848,81400,10.7
2011-07-01,1.0535,1.0535,1.0231,1.0341,135100,10.2
2011-07-04,1.0738,1.0738,1.0231,1.0544,62900,10.4
2011-07-05,1.0839,1.1143,1.0839,1.1152,170500,11
2011-07-06,1.1548,1.1548,1.0738,1.0747,77700,10.6
2011-07-07,1.094,1.094,1.0535,1.0645,35100,10.5
2011-07-08,1.0637,1.0738,1.0434,1.0544,51600,10.4
2011-07-11,1.0535,1.0535,1.013,1.0341,116200,10.2
2011-07-12,1.013,1.0637,1.0029,1.0645,123100,10.5
2011-07-13,1.0637,1.0637,1.013,1.024,87700,10.1
2011-07-14,1.0231,1.0434,1.0029,1.0341,38100,10.2
2011-07-15,1.0333,1.0434,1.0231,1.0341,38600,10.2
2011-07-18,1.013,1.0231,1.0029,1.0138,64000,10
2011-07-19,1.0029,1.013,1.0029,1.0037,33000,9.9
2011-07-20,1.0029,1.0637,0.9927,1.0442,53700,10.3
2011-07-21,1.0637,1.0738,0.9927,1.0037,80100,9.9
2011-07-22,1.013,1.013,0.9927,0.9936,14000,9.8
2011-07-25,1.0029,1.0029,0.9421,0.9429,112200,9.3
2011-07-26,0.9624,0.9725,0.932,0.9429,47700,9.3
2011-07-27,0.9522,0.9624,0.9117,0.9327,64500,9.2
2011-07-28,0.9421,0.9927,0.932,0.953,106600,9.4
2011-07-29,0.9624,0.9624,0.932,0.9429,68100,9.3
2011-08-01,0.932,0.932,0.9117,0.9124,60200,9
2011-08-02,0.9117,0.9117,0.8509,0.8719,138400,8.6
2011-08-03,0.8307,0.9218,0.8307,0.9226,96900,9.1
2011-08-04,0.8914,0.9421,0.8914,0.9429,82600,9.3
2011-08-05,0.9725,0.9927,0.932,0.953,264000,9.4
2011-08-08,0.9522,0.9624,0.9218,0.9327,103200,9.2
2011-08-09,0.8914,0.8914,0.8712,0.8719,185300,8.6
2011-08-10,0.932,0.932,0.9016,0.9327,173300,9.2
2011-08-11,0.8712,0.9218,0.8712,0.9124,51700,9
2011-08-12,0.932,0.9421,0.9117,0.9327,88300,9.2
2011-08-15,0.9522,0.9725,0.932,0.9733,121300,9.6
2011-08-16,0.9725,1.0029,0.9522,0.9631,283300,9.5
2011-08-17,0.9725,1.0333,0.9725,1.0341,357400,10.2
2011-08-18,1.013,1.0637,0.9624,0.9834,440900,9.7
2011-08-19,0.9725,1.0029,0.9522,0.9631,140100,9.5
2011-08-22,0.9927,1.0333,0.9927,1.0341,318700,10.2
2011-08-23,1.0231,1.0333,0.9725,0.9834,214200,9.7
2011-08-24,1.0333,1.0333,0.9421,0.9429,216200,9.3
2011-08-25,0.9826,1.0029,0.9522,0.9733,117000,9.6
2011-08-26,0.9725,0.9826,0.9522,0.9733,134900,9.6
2011-08-29,0.9826,1.0333,0.9826,1.0341,335800,10.2
2011-08-30,1.094,1.094,1.0333,1.0544,395000,10.4
2011-08-31,1.0333,1.1346,1.0333,1.0848,419700,10.7
2011-09-01,1.1143,1.1346,1.094,1.1152,331900,11
2011-09-05,1.1143,1.1548,1.0434,1.0442,272800,10.3
2011-09-06,1.0738,1.0738,1.0029,1.0037,280600,9.9
2011-09-07,1.0535,1.0839,1.0333,1.0848,411600,10.7
2011-09-08,1.1346,1.1346,1.1042,1.1253,516600,11.1
2011-09-09,1.1143,1.2055,1.1143,1.2065,506400,11.9
2011-09-12,1.2764,1.2764,1.2663,1.2774,351100,12.6
2011-09-13,1.3574,1.3574,1.3068,1.318,673700,13
2011-09-14,1.3574,1.3574,1.2561,1.2571,471200,12.4
2011-09-15,1.2055,1.2359,1.2055,1.2065,557200,11.9
2011-09-16,1.2156,1.2156,1.1346,1.1355,415100,11.2
2011-09-19,1.1042,1.2055,1.1042,1.1862,240100,11.7
2011-09-20,1.1751,1.2055,1.1447,1.1659,215900,11.5
2011-09-21,1.1852,1.246,1.1751,1.2267,338200,12.1
2011-09-22,1.1852,1.2359,1.1751,1.176,203300,11.6
2011-09-23,1.1751,1.1953,1.1548,1.1659,196900,11.5
2011-09-26,1.1852,1.1852,1.1346,1.1456,128900,11.3
2011-09-27,1.1447,1.1548,1.1244,1.1456,154500,11.3
2011-09-28,1.1751,1.1751,1.1447,1.1558,82000,11.4
2011-09-29,1.1548,1.1548,1.0839,1.0848,297500,10.7
2011-09-30,1.0333,1.1143,1.0333,1.0747,167600,10.6
2011-10-03,1.0535,1.0738,1.013,1.024,129200,10.1
2011-10-04,1.0333,1.0535,1.013,1.0442,133700,10.3
2011-10-05,1.0637,1.0738,1.0434,1.0544,73700,10.4
2011-10-06,1.0637,1.1244,1.0637,1.1051,170100,10.9
2011-10-07,1.1042,1.1447,1.0637,1.0747,85800,10.6
2011-10-10,1.094,1.094,1.0434,1.0544,96800,10.4
2011-10-11,1.0839,1.0839,1.0434,1.0544,64600,10.4
2011-10-12,1.0231,1.0231,0.9927,1.0138,218700,10
2011-10-13,1.013,1.0535,1.0029,1.024,94400,10.1
2011-10-14,1.0535,1.0535,1.0231,1.024,68700,10.1
2011-10-17,1.0333,1.0434,1.0029,1.0037,50300,9.9
2011-10-18,0.9826,1.0029,0.9725,0.9834,64000,9.7
2011-10-19,1.013,1.013,0.9826,0.9936,41200,9.8
2011-10-20,1.013,1.013,0.9826,0.9936,76400,9.8
2011-10-21,1.013,1.0535,1.0029,1.0544,92600,10.4
2011-10-24,1.094,1.094,1.0231,1.0341,88500,10.2
2011-10-25,1.0231,1.0434,1.013,1.024,66100,10.1
2011-10-26,0.9826,1.0535,0.9826,1.0341,40000,10.2
2011-10-27,1.0333,1.0434,1.0333,1.0341,59200,10.2
2011-10-28,1.0637,1.1042,1.0434,1.1051,228900,10.9
2011-10-31,1.1548,1.165,1.0637,1.1051,153300,10.9
2011-11-01,1.1346,1.1346,1.0434,1.0442,68200,10.3
2011-11-02,1.0535,1.0535,1.0029,1.024,98200,10.1
2011-11-03,1.0333,1.0333,0.9927,1.0138,82500,10
2011-11-04,1.0231,1.0231,1.0029,1.0138,111700,10
2011-11-07,1.0029,1.0029,0.9927,0.9936,53000,9.8
2011-11-08,0.9927,1.013,0.9826,1.0138,36400,10
2011-11-09,1.0029,1.013,0.9826,0.9834,53600,9.7
2011-11-10,0.9725,0.9826,0.932,0.953,147500,9.4
2011-11-11,0.9522,0.9522,0.9218,0.9327,73000,9.2
2011-11-14,0.8813,0.9016,0.8813,0.882,190700,8.7
2011-11-15,0.9117,0.9117,0.8813,0.9023,43200,8.9
2011-11-16,0.9117,0.9421,0.9016,0.9429,94000,9.3
2011-11-17,0.9218,0.9421,0.9016,0.9023,41000,8.9
2011-11-18,0.9016,0.9016,0.8712,0.8922,32500,8.8
2011-11-21,0.8914,0.8914,0.8611,0.8719,45300,8.6
2011-11-22,0.8104,0.8712,0.8104,0.8719,29300,8.6
2011-11-23,0.8813,0.8914,0.8611,0.882,32600,8.7
2011-11-24,0.8813,0.9016,0.8509,0.8516,27200,8.4
2011-11-25,0.8408,0.8611,0.8408,0.8516,40800,8.4
2011-11-28,0.8813,0.8914,0.8712,0.8922,57000,8.8
2011-11-29,0.8914,0.8914,0.8611,0.8618,28000,8.5
2011-11-30,0.8813,0.9117,0.8509,0.8516,14700,8.4
2011-12-01,0.8813,0.8914,0.8611,0.8719,23400,8.6
2011-12-02,0.8611,0.8813,0.8509,0.882,40300,8.7
2011-12-05,0.8914,0.932,0.8914,0.9327,114400,9.2
2011-12-06,0.9421,0.9421,0.9016,0.9023,89300,8.9
2011-12-07,0.8914,0.9117,0.8813,0.8922,66100,8.8
2011-12-08,0.8914,0.9016,0.8611,0.882,51500,8.7
2011-12-09,0.8712,0.8712,0.8408,0.8516,56200,8.4
2011-12-12,0.8509,0.8509,0.8205,0.8212,50300,8.1
2011-12-13,0.8104,0.8307,0.8003,0.8009,55300,7.9
2011-12-14,0.8003,0.8003,0.7598,0.7705,131000,7.6
2011-12-15,0.7395,0.7496,0.7192,0.73,145800,7.2
2011-12-16,0.78,0.78,0.78,0.7806,18800,7.7
2011-12-19,0.8307,0.8307,0.7901,0.8111,245700,8
2011-12-20,0.8003,0.8003,0.78,0.7806,102100,7.7
2011-12-21,0.7395,0.7901,0.7294,0.7908,84000,7.8
2011-12-22,0.78,0.78,0.7395,0.7502,97200,7.4
2011-12-23,0.7598,0.8104,0.7496,0.7908,208600,7.8
2011-12-26,0.7689,0.7689,0.734,0.7457,44400,6.4
2011-12-27,0.7107,0.7107,0.699,0.6991,130800,6
2011-12-28,0.6524,0.7456,0.6524,0.7457,70800,6.4
2011-12-29,0.7689,0.7689,0.7107,0.7341,41600,6.3
2011-12-30,0.699,0.7689,0.699,0.769,105100,6.6
2012-01-03,0.7689,0.8039,0.7689,0.804,85300,6.9
2012-01-04,0.8155,0.8272,0.7806,0.7923,76300,6.8
2012-01-05,0.7922,0.8272,0.7922,0.8273,81400,7.1
2012-01-06,0.8155,0.8272,0.7922,0.8273,74800,7.1
2012-01-09,0.8155,0.8621,0.7922,0.8156,46300,7
2012-01-10,0.8388,0.8621,0.8272,0.8622,89000,7.4
2012-01-11,0.8738,0.8854,0.8388,0.8622,37100,7.4
2012-01-12,0.8388,0.8621,0.8388,0.8389,36900,7.2
2012-01-13,0.8388,0.8854,0.8388,0.8855,57500,7.6
2012-01-16,0.8971,0.8971,0.8505,0.8622,48200,7.4
2012-01-17,0.8971,0.9087,0.8505,0.8622,59200,7.4
2012-01-18,0.8854,0.9204,0.8854,0.8972,74900,7.7
2012-01-19,0.932,0.9553,0.9204,0.9555,170300,8.2
2012-01-20,0.967,1.0019,0.9437,0.9438,59600,8.1
2012-01-30,1.0136,1.0136,0.967,0.9904,34300,8.5
2012-01-31,1.0019,1.0369,1.0019,1.0254,114800,8.8
2012-02-01,1.0252,1.0252,0.967,0.9904,117600,8.5
2012-02-02,1.0136,1.0485,1.0136,1.0487,186700,9
2012-02-03,1.0485,1.0718,0.9786,1.0021,72600,8.6
2012-02-06,1.0252,1.0252,0.9903,0.9904,31300,8.5
2012-02-07,1.0136,1.0252,1.0019,1.0137,35100,8.7
2012-02-08,1.0136,1.0369,1.0019,1.0254,122000,8.8
2012-02-09,1.0369,1.0369,1.0136,1.037,97900,8.9
2012-02-10,1.0019,1.0136,0.9786,1.0021,77200,8.6
2012-02-13,0.9553,0.9786,0.932,0.9555,74400,8.2
2012-02-14,0.967,0.9786,0.9553,0.9555,35100,8.2
2012-02-15,0.967,0.967,0.9204,0.9321,36200,8
2012-02-16,0.932,0.9553,0.932,0.9438,20700,8.1
2012-02-17,0.967,0.9903,0.967,0.9788,29000,8.4
2012-02-20,1.0136,1.0369,1.0136,1.037,92500,8.9
2012-02-21,1.0718,1.0718,1.0019,1.0021,69300,8.6
2012-02-22,1.0136,1.0485,1.0019,1.0487,88100,9
2012-02-23,1.0602,1.0835,1.0369,1.072,175400,9.2
2012-02-24,1.0718,1.1301,1.0602,1.1302,240000,9.7
2012-02-27,1.1883,1.1883,1.1767,1.1885,66100,10.2
2012-02-28,1.2699,1.2699,1.1184,1.1885,291100,10.2
2012-02-29,1.2349,1.2349,1.1534,1.2118,219500,10.4
2012-03-01,1.1767,1.1767,1.1068,1.1302,206900,9.7
2012-03-02,1.2,1.2,1.1301,1.2001,202300,10.3
2012-03-05,1.2699,1.2699,1.2582,1.2701,51000,10.9
2012-03-06,1.3398,1.3398,1.1883,1.1885,237500,10.2
2012-03-07,1.2233,1.2233,1.1534,1.1652,177800,10
2012-03-08,1.1184,1.165,1.0835,1.0836,240000,9.3
2012-03-09,1.0835,1.1301,1.0485,1.0836,88100,9.3
2012-03-12,1.0718,1.0718,1.0252,1.037,128200,8.9
2012-03-13,1.0951,1.0951,1.0485,1.0836,86900,9.3
2012-03-14,1.1068,1.1184,1.0602,1.072,50600,9.2
2012-03-15,1.0835,1.1417,1.0485,1.1302,108700,9.7
2012-03-16,1.165,1.165,1.1301,1.1419,163600,9.8
2012-03-19,1.1534,1.165,1.1301,1.1302,85100,9.7
2012-03-20,1.165,1.165,1.1184,1.1302,73100,9.7
2012-03-21,1.1417,1.2,1.1417,1.1768,193100,10.1
2012-03-22,1.2582,1.2582,1.165,1.1885,92100,10.2
2012-03-23,1.2,1.2699,1.1883,1.2584,663800,10.8
2012-03-26,1.3327,1.3327,1.271,1.3085,170000,10.6
2012-03-27,1.2957,1.2957,1.2217,1.2221,109600,9.9
2012-03-28,1.16,1.2217,1.1476,1.2221,74300,9.9
2012-03-29,1.234,1.234,1.1229,1.1357,424400,9.2
2012-03-30,1.1106,1.1353,1.0859,1.0986,77200,8.9
2012-04-03,1.1353,1.16,1.0983,1.1604,69400,9.4
2012-04-04,1.1723,1.1723,1.0983,1.0986,63700,8.9
2012-04-05,1.0983,1.16,1.0859,1.1604,58300,9.4
2012-04-06,1.16,1.1846,1.1476,1.1604,68400,9.4
2012-04-09,1.1476,1.1846,1.1476,1.1727,62800,9.5
2012-04-10,1.1846,1.1846,1.1229,1.1233,129300,9.1
2012-04-11,1.1723,1.1846,1.1476,1.1727,193300,9.5
2012-04-12,1.1846,1.2093,1.1723,1.1727,115300,9.5
2012-04-13,1.197,1.197,1.1353,1.148,50400,9.3
2012-04-16,1.1723,1.2217,1.16,1.2097,227100,9.8
2012-04-17,1.234,1.2463,1.197,1.2221,206800,9.9
2012-04-18,1.234,1.2957,1.2217,1.2962,750100,10.5
2012-04-19,1.3697,1.3697,1.234,1.2838,128500,10.4
2012-04-20,1.2587,1.271,1.234,1.2591,117900,10.2
2012-04-23,1.2463,1.2463,1.197,1.1974,113500,9.7
2012-04-24,1.197,1.2587,1.1476,1.2468,196300,10.1
2012-04-25,1.2587,1.2834,1.234,1.2591,110300,10.2
2012-04-26,1.2957,1.2957,1.2217,1.2221,153300,9.9
2012-04-27,1.234,1.3204,1.234,1.3208,718600,10.7
2012-05-02,1.3944,1.3944,1.2587,1.2838,493500,10.4
2012-05-03,1.271,1.3451,1.2587,1.3332,198500,10.8
2012-05-04,1.3451,1.3944,1.308,1.3949,385800,11.3
2012-05-07,1.3944,1.4561,1.3574,1.4566,620500,11.8
2012-05-08,1.4808,1.5425,1.3821,1.4073,439200,11.4
2012-05-09,1.4191,1.4931,1.3944,1.4937,812600,12.1
2012-05-10,1.5055,1.5919,1.4931,1.5554,755000,12.6
2012-05-11,1.5425,1.5425,1.4438,1.4443,558700,11.7
2012-05-14,1.4191,1.4191,1.3451,1.3455,295700,10.9
2012-05-15,1.3327,1.3327,1.2587,1.2591,478900,10.2
2012-05-16,1.271,1.3204,1.2217,1.3208,418800,10.7
2012-05-17,1.3204,1.3204,1.2587,1.2715,319700,10.3
2012-05-18,1.2587,1.2587,1.2217,1.2468,168600,10.1
2012-05-21,1.271,1.3327,1.2587,1.3332,172500,10.8
2012-05-22,1.3204,1.3327,1.2587,1.2715,147300,10.3
2012-05-23,1.271,1.271,1.1846,1.1851,221900,9.6
2012-05-24,1.1846,1.234,1.1229,1.1851,138100,9.6
2012-05-25,1.2463,1.2463,1.2217,1.2468,90700,10.1
2012-05-28,1.308,1.3204,1.2217,1.2221,126200,9.9
2012-05-29,1.234,1.2587,1.197,1.2344,60500,10
2012-05-30,1.234,1.2587,1.2217,1.2468,84600,10.1
2012-05-31,1.2217,1.2217,1.16,1.1604,96900,9.4
2012-06-01,1.16,1.1723,1.16,1.1727,56200,9.5
2012-06-04,1.1723,1.1723,1.1229,1.1233,94200,9.1
2012-06-05,1.1476,1.2093,1.1229,1.2097,42100,9.8
2012-06-06,1.1846,1.234,1.1846,1.2344,62200,10
2012-06-07,1.271,1.308,1.234,1.2962,185700,10.5
2012-06-08,1.308,1.308,1.2217,1.2468,164900,10.1
2012-06-11,1.234,1.2834,1.234,1.2715,41900,10.3
2012-06-12,1.2587,1.2587,1.2093,1.2097,51900,9.8
2012-06-13,1.2093,1.2463,1.1846,1.2468,43600,10.1
2012-06-14,1.197,1.2217,1.1846,1.2097,28500,9.8
2012-06-15,1.234,1.234,1.2093,1.2221,48700,9.9
2012-06-18,1.2463,1.2587,1.2217,1.2344,48800,10
2012-06-19,1.2093,1.2217,1.197,1.2221,32700,9.9
2012-06-20,1.2217,1.2217,1.1846,1.2097,27200,9.8
2012-06-21,1.2217,1.2217,1.1846,1.1974,13500,9.7
2012-06-22,1.2093,1.2093,1.1723,1.1851,33400,9.6
2012-06-25,1.1723,1.1723,1.1353,1.1604,77900,9.4
2012-06-26,1.16,1.16,1.0859,1.1233,109600,9.1
2012-06-27,1.1476,1.1476,1.0612,1.0986,29800,8.9
2012-06-28,1.0859,1.1229,1.0859,1.1233,13200,9.1
2012-06-29,1.1229,1.1229,1.0983,1.111,6500,9
2012-07-02,1.0859,1.0983,1.0859,1.0863,26000,8.8
2012-07-03,1.0859,1.0859,1.0242,1.074,96800,8.7
2012-07-04,1.0489,1.0612,1.0366,1.0493,28600,8.5
2012-07-05,1.0489,1.0983,1.0366,1.0986,46900,8.9
2012-07-06,1.1106,1.1353,1.0859,1.0863,26800,8.8
2012-07-09,1.0859,1.0983,1.0736,1.074,43900,8.7
2012-07-10,1.0859,1.0859,1.0736,1.074,10800,8.7
2012-07-11,1.0859,1.1106,1.0736,1.111,7000,9
2012-07-12,1.1106,1.1353,1.0983,1.1357,37700,9.2
2012-07-13,1.1353,1.2093,1.1353,1.1604,118100,9.4
2012-07-16,1.1353,1.16,1.1106,1.1604,7000,9.4
2012-07-17,1.1846,1.1846,1.16,1.1727,7000,9.5
2012-07-18,1.2093,1.2093,1.1353,1.1604,19200,9.4
2012-07-19,1.16,1.197,1.1106,1.1974,106400,9.7
2012-07-20,1.2093,1.2093,1.1476,1.1604,35700,9.4
2012-07-23,1.16,1.1723,1.1229,1.148,38400,9.3
2012-07-24,1.1476,1.1476,1.1106,1.111,47300,9
2012-07-25,1.1106,1.1106,1.0983,1.111,21400,9
2012-07-26,1.1106,1.1353,1.0983,1.1357,40400,9.2
2012-07-27,1.1229,1.1229,1.0983,1.0986,6700,8.9
2012-07-30,1.0859,1.0983,1.0736,1.0986,20600,8.9
2012-07-31,1.0983,1.0983,1.0736,1.074,36700,8.7
2012-08-01,1.0736,1.0736,1.0612,1.074,36800,8.7
2012-08-02,1.0736,1.1106,1.0736,1.111,14700,9
2012-08-03,1.0983,1.0983,1.0736,1.074,25600,8.7
2012-08-06,1.1106,1.1106,1.1106,1.111,16600,9
2012-08-07,1.1229,1.1229,1.0736,1.111,10800,9
2012-08-08,1.0736,1.0983,1.0736,1.0986,13800,8.9
2012-08-09,1.1106,1.1106,1.0983,1.0986,3500,8.9
2012-08-10,1.0983,1.0983,1.0859,1.0986,7400,8.9
2012-08-13,1.0983,1.1106,1.0983,1.111,3600,9
2012-08-14,1.0859,1.0983,1.0736,1.0986,30100,8.9
2012-08-15,1.0859,1.0859,1.0736,1.0863,20300,8.8
2012-08-16,1.0736,1.0983,1.0736,1.074,16400,8.7
2012-08-17,1.0736,1.0736,1.0736,1.074,2700,8.7
2012-08-20,1.0736,1.0859,1.0612,1.0863,18300,8.8
2012-08-21,1.0736,1.0736,0.9872,0.9875,72100,8
2012-08-22,0.9872,0.9872,0.9378,0.9382,32100,7.6
2012-08-23,0.9008,0.9008,0.8761,0.8764,88300,7.1
2012-08-24,0.8268,0.9255,0.8268,0.9258,84000,7.5
2012-08-27,0.9255,0.9255,0.8638,0.8641,31200,7
2012-08-28,0.8638,0.8761,0.8391,0.8764,37700,7.1
2012-08-29,0.9008,0.9255,0.9008,0.9258,30500,7.5
2012-08-30,0.9378,0.9378,0.9132,0.9135,18600,7.4
2012-08-31,0.9255,0.9255,0.9132,0.9258,10000,7.5
2012-09-04,0.9255,0.9255,0.9255,0.9258,15000,7.5
2012-09-05,0.9378,0.9378,0.9132,0.9135,48500,7.4
2012-09-07,0.8761,0.9008,0.8761,0.9011,10600,7.3
2012-09-10,0.8638,0.9008,0.8391,0.8518,25000,6.9
2012-09-11,0.8515,0.8885,0.8391,0.8394,23500,6.8
2012-09-12,0.8638,0.8885,0.8515,0.8641,22400,7
2012-09-13,0.8638,0.8885,0.8638,0.8764,13100,7.1
2012-09-14,0.8885,0.9255,0.8885,0.9258,23800,7.5
2012-09-17,0.8885,0.9378,0.8885,0.9382,5400,7.6
2012-09-18,0.9132,0.9132,0.8761,0.8764,9100,7.1
2012-09-19,0.8515,0.8761,0.8515,0.8764,1500,7.1
2012-09-20,0.8515,0.8515,0.8515,0.8518,5800,6.9
2012-09-21,0.8515,0.8638,0.8515,0.8641,3200,7
2012-09-24,0.8268,0.8638,0.8268,0.8641,18100,7
2012-09-25,0.8144,0.8515,0.8144,0.8518,17200,6.9
2012-09-26,0.8515,0.8885,0.8515,0.8888,3600,7.2
2012-09-27,0.8638,0.8638,0.8268,0.8518,5900,6.9
2012-09-28,0.8391,0.8391,0.8391,0.8394,2800,6.8
2012-10-01,0.8268,0.8268,0.8021,0.8147,10900,6.6
2012-10-02,0.8021,0.8268,0.7898,0.8147,32300,6.6
2012-10-03,0.8021,0.8144,0.7898,0.8024,18800,6.5
2012-10-04,0.7898,0.8021,0.7898,0.8024,14300,6.5
2012-10-05,0.8021,0.8144,0.8021,0.8024,44300,6.5
2012-10-08,0.8144,0.8391,0.8144,0.8394,8400,6.8
2012-10-09,0.8391,0.8515,0.8144,0.8394,28100,6.8
2012-10-10,0.8021,0.8268,0.8021,0.8271,41000,6.7
2012-10-11,0.8391,0.8515,0.8144,0.8147,4400,6.6
2012-10-12,0.8144,0.8268,0.8144,0.8147,14000,6.6
2012-10-15,0.8021,0.8021,0.8021,0.8024,9400,6.5
2012-10-16,0.8268,0.8515,0.8268,0.8518,14100,6.9
2012-10-17,0.8515,0.8515,0.8268,0.8518,27900,6.9
2012-10-18,0.8391,0.8391,0.8268,0.8271,5400,6.7
2012-10-19,0.8144,0.8144,0.7898,0.8147,35900,6.6
2012-10-22,0.7898,0.8021,0.7898,0.8024,5200,6.5
2012-10-23,0.7898,0.8021,0.7774,0.8024,9200,6.5
2012-10-24,0.8144,0.8144,0.8144,0.8147,100,6.6
2012-10-25,0.7651,0.8021,0.7651,0.8024,5100,6.5
2012-10-26,0.7898,0.7898,0.7898,0.79,5000,6.4
2012-10-29,0.7774,0.7774,0.7404,0.7777,2900,6.3
2012-10-30,0.7527,0.7774,0.7527,0.7777,700,6.3
2012-10-31,0.7898,0.7898,0.7651,0.7777,5100,6.3
2012-11-01,0.7651,0.7774,0.7404,0.7407,9100,6
2012-11-02,0.7404,0.7404,0.691,0.7036,20200,5.7
2012-11-05,0.7157,0.7651,0.7157,0.7654,1100,6.2
2012-11-06,0.7404,0.7404,0.7281,0.7407,6000,6
2012-11-07,0.7404,0.7651,0.7281,0.7654,15400,6.2
2012-11-08,0.7281,0.7404,0.7281,0.7283,9600,5.9
2012-11-09,0.7281,0.7404,0.7281,0.7407,18100,6
2012-11-12,0.7157,0.7527,0.691,0.753,15000,6.1
2012-11-13,0.7404,0.7527,0.7281,0.753,11000,6.1
2012-11-14,0.7404,0.7527,0.7404,0.753,5100,6.1
2012-11-15,0.7404,0.7404,0.7281,0.7407,3400,6
2012-11-16,0.7404,0.7404,0.7404,0.7407,17000,6
2012-11-19,0.7527,0.7651,0.7527,0.7654,25700,6.2
2012-11-20,0.7527,0.7527,0.7527,0.753,100,6.1
2012-11-21,0.7651,0.7651,0.7404,0.7407,3400,6
2012-11-22,0.7404,0.7527,0.7404,0.753,2800,6.1
2012-11-23,0.7527,0.7651,0.7527,0.7654,16400,6.2
2012-11-26,0.7404,0.7527,0.7404,0.7407,12700,6
2012-11-27,0.7527,0.7527,0.7404,0.7407,11500,6
2012-11-28,0.7651,0.7898,0.7527,0.79,61500,6.4
2012-11-29,0.8144,0.8391,0.8021,0.8147,39100,6.6
2012-11-30,0.8021,0.8021,0.8021,0.8024,17300,6.5
2012-12-03,0.8021,0.8144,0.7898,0.8147,28000,6.6
2012-12-04,0.8021,0.8391,0.8021,0.8394,25300,6.8
2012-12-05,0.8391,0.8515,0.8144,0.8147,29700,6.6
2012-12-06,0.8144,0.8391,0.8144,0.8394,27900,6.8
2012-12-07,0.8391,0.8391,0.8268,0.8271,21400,6.7
2012-12-10,0.8268,0.8638,0.8268,0.8641,36800,7
2012-12-11,0.8391,0.8515,0.8268,0.8271,23100,6.7
2012-12-12,0.8391,0.8638,0.8268,0.8641,39100,7
2012-12-13,0.8391,0.8515,0.8391,0.8518,67300,6.9
2012-12-14,0.8638,0.8638,0.8638,0.8641,1700,7
2012-12-17,0.8515,0.8515,0.8391,0.8518,11200,6.9
2012-12-18,0.8391,0.8515,0.8268,0.8518,23600,6.9
2012-12-19,0.8515,0.8638,0.8391,0.8394,23200,6.8
2012-12-20,0.8391,0.8515,0.8391,0.8394,44700,6.8
2012-12-21,0.8391,0.8391,0.8268,0.8394,29900,6.8
2012-12-24,0.8391,0.8391,0.8391,0.8394,24100,6.8
2012-12-25,0.8391,0.8391,0.8391,0.8394,25800,6.8
2012-12-26,0.8391,0.8515,0.8391,0.8518,16500,6.9
2012-12-27,0.8391,0.8638,0.8391,0.8641,34100,7
2012-12-28,0.8515,0.8761,0.8515,0.8764,26200,7.1
2013-01-02,0.8885,0.9132,0.8638,0.9011,32500,7.3
2013-01-03,0.9132,0.9132,0.8638,0.8764,37300,7.1
2013-01-04,0.8638,0.8885,0.8268,0.8888,25800,7.2
2013-01-07,0.8885,0.9132,0.8638,0.9011,90700,7.3
2013-01-08,0.9008,0.9008,0.8638,0.8888,29200,7.2
2013-01-09,0.8885,0.9132,0.8638,0.8641,86300,7
2013-01-10,0.8515,0.8515,0.8391,0.8518,64900,6.9
2013-01-11,0.8638,0.8761,0.8638,0.8641,87800,7
2013-01-14,0.8638,0.8761,0.8638,0.8764,87700,7.1
2013-01-15,0.8885,0.8885,0.8761,0.8888,30700,7.2
2013-01-16,0.8885,0.9749,0.8885,0.9752,355600,7.9
2013-01-17,0.9749,0.9872,0.9502,0.9505,78300,7.7
2013-01-18,0.9625,0.9625,0.9255,0.9258,91100,7.5
2013-01-21,0.9255,0.9502,0.9132,0.9258,38600,7.5
2013-01-22,0.9255,0.9255,0.9008,0.9135,98800,7.4
2013-01-23,0.9132,0.9132,0.9008,0.9011,48800,7.3
2013-01-24,0.9008,0.9255,0.9008,0.9258,20500,7.5
2013-01-25,0.9378,0.9378,0.9132,0.9382,65800,7.6
2013-01-28,0.9502,0.9749,0.9132,0.9505,94600,7.7
2013-01-29,0.9255,0.9502,0.9132,0.9505,23500,7.7
2013-01-30,0.9255,0.9378,0.9255,0.9382,74500,7.6
2013-01-31,0.9255,0.9378,0.9255,0.9382,29500,7.6
2013-02-01,0.9255,0.9378,0.9255,0.9382,29800,7.6
2013-02-04,0.9255,0.9255,0.9132,0.9135,25400,7.4
2013-02-05,0.9132,0.9378,0.9132,0.9382,46500,7.6
2013-02-06,0.9378,0.9502,0.9378,0.9505,42100,7.7
2013-02-07,0.9378,0.9502,0.9378,0.9505,6900,7.7
2013-02-08,0.9502,0.9502,0.9255,0.9505,53300,7.7
2013-02-18,0.9502,0.9749,0.9378,0.9629,71000,7.8
2013-02-19,0.9625,0.9995,0.9625,0.9875,175500,8
2013-02-20,0.9995,1.0242,0.9872,1.0246,52900,8.3
2013-02-21,0.9995,1.0242,0.9625,0.9875,61000,8
2013-02-22,0.8885,0.9872,0.8885,0.9752,45600,7.9
2013-02-25,0.9749,0.9872,0.9625,0.9875,12000,8
2013-02-26,0.9749,0.9749,0.9132,0.9258,31600,7.5
2013-02-27,0.9255,0.9625,0.9255,0.9629,21100,7.8
2013-02-28,0.9749,0.9872,0.9625,0.9752,62700,7.9
2013-03-01,0.9872,0.9872,0.9749,0.9752,27900,7.9
2013-03-04,0.9502,0.9625,0.9255,0.9629,19500,7.8
2013-03-05,0.9378,0.9625,0.9255,0.9258,19900,7.5
2013-03-06,0.9625,0.9749,0.9625,0.9752,11400,7.9
2013-03-08,0.9749,0.9995,0.9749,0.9999,115700,8.1
2013-03-11,0.9995,1.0489,0.9995,1.0493,152000,8.5
2013-03-12,1.0489,1.0489,1.0366,1.0369,83500,8.4
2013-03-13,1.0489,1.1106,1.0366,1.0863,126000,8.8
2013-03-14,1.0983,1.1353,1.0983,1.111,7400,9
2013-03-15,1.0859,1.1353,1.0612,1.111,101800,9
2013-03-18,1.0859,1.0983,1.0612,1.0616,65300,8.6
2013-03-19,1.0983,1.1229,1.0859,1.0986,76400,8.9
2013-03-20,1.0983,1.1106,1.0983,1.111,63800,9
2013-03-21,1.1106,1.1353,1.1106,1.1357,64600,9.2
2013-03-22,1.1353,1.2093,1.1229,1.1604,281800,9.4
2013-03-25,1.1476,1.1476,1.1106,1.1233,79100,9.1
2013-03-26,1.1353,1.1353,1.0983,1.111,54000,9
2013-03-27,1.1353,1.1353,1.1106,1.1233,72100,9.1
2013-03-28,1.1353,1.1353,1.1106,1.111,26100,9
2013-03-29,1.0983,1.1229,1.0859,1.1233,36000,9.1
2013-04-01,1.1229,1.1229,1.1106,1.1233,31800,9.1
2013-04-02,1.1229,1.1229,1.1106,1.111,41200,9
2013-04-03,1.1243,1.1243,1.0688,1.0832,21400,7.8
2013-04-04,1.0688,1.0965,1.0688,1.0971,4400,7.9
2013-04-05,1.0826,1.0826,1.0688,1.0832,25100,7.8
2013-04-08,1.0688,1.0826,1.0549,1.0832,9700,7.8
2013-04-09,1.0688,1.0826,1.0549,1.0554,29500,7.6
2013-04-10,1.0688,1.0688,1.041,1.0415,18100,7.5
2013-04-11,1.0549,1.0688,1.0549,1.0554,14400,7.6
2013-04-12,1.0549,1.0688,1.0549,1.0693,2500,7.7
2013-04-15,1.0549,1.0549,1.0271,1.0277,6100,7.4
2013-04-16,1.0132,1.0271,0.9994,1.0277,19900,7.4
2013-04-17,1.0271,1.041,1.0271,1.0415,300,7.5
2013-04-18,1.0271,1.0271,1.0271,1.0277,2000,7.4
2013-04-22,0.9994,0.9994,0.9994,0.9999,3800,7.2
2013-04-23,1.0132,1.0271,1.0132,1.0277,3200,7.4
2013-04-24,1.0271,1.041,1.0271,1.0277,68200,7.4
2013-04-25,1.0549,1.0965,1.041,1.0971,107800,7.9
2013-04-26,1.0549,1.0549,1.0549,1.0554,100,7.6
2013-05-02,1.0688,1.0688,1.0688,1.0693,200,7.7
2013-05-03,1.041,1.0549,1.041,1.0415,11700,7.5
2013-05-06,1.0688,1.0688,1.0549,1.0693,33900,7.7
2013-05-07,1.0688,1.0688,1.0688,1.0693,15500,7.7
2013-05-08,1.0549,1.0549,1.0549,1.0554,2000,7.6
2013-05-09,1.0549,1.0549,1.0549,1.0554,4900,7.6
2013-05-10,1.0549,1.0688,1.0549,1.0693,16400,7.7
2013-05-13,1.0965,1.0965,1.0826,1.0832,1800,7.8
2013-05-14,1.0826,1.0826,1.0549,1.0693,43500,7.7
2013-05-15,1.0826,1.0826,1.0826,1.0832,13500,7.8
2013-05-16,1.0826,1.0826,1.0688,1.0693,6100,7.7
2013-05-17,1.0826,1.0826,1.0826,1.0832,12100,7.8
2013-05-20,1.0688,1.0965,1.0688,1.0971,5400,7.9
2013-05-21,1.0965,1.0965,1.0826,1.0971,64100,7.9
2013-05-22,1.0965,1.0965,1.0826,1.0971,36400,7.9
2013-05-23,1.0965,1.1104,1.0826,1.0832,18800,7.8
2013-05-24,1.0826,1.1104,1.0826,1.111,19500,8
2013-05-27,1.1104,1.1243,1.1104,1.1249,13700,8.1
2013-05-28,1.1243,1.1243,1.0965,1.0971,19600,7.9
2013-05-29,1.0965,1.1104,1.0965,1.111,57900,8
2013-05-30,1.1104,1.152,1.1104,1.1526,31000,8.3
2013-05-31,1.1798,1.1798,1.1243,1.1249,16600,8.1
2013-06-03,1.1243,1.152,1.1243,1.1526,13100,8.3
2013-06-04,1.1382,1.1382,1.1104,1.1249,16300,8.1
2013-06-05,1.1243,1.152,1.1104,1.1526,34600,8.3
2013-06-06,1.1659,1.2492,1.1659,1.2499,242700,9
2013-06-07,1.3325,1.3741,1.277,1.3748,581900,9.9
2013-06-10,1.4713,1.499,1.3464,1.3748,394000,9.9
2013-06-11,1.3602,1.388,1.3464,1.3471,89600,9.7
2013-06-12,1.3464,1.3602,1.2908,1.2915,123900,9.3
2013-06-13,1.3047,1.3047,1.2214,1.2915,258800,9.3
2013-06-14,1.2908,1.3186,1.2631,1.2776,71600,9.2
2013-06-17,1.2631,1.2631,1.2214,1.2221,89500,8.8
2013-06-18,1.2492,1.277,1.1798,1.2637,39000,9.1
2013-06-19,1.277,1.3047,1.2492,1.2499,24700,9
2013-06-20,1.2353,1.2631,1.2076,1.2499,106300,9
2013-06-21,1.2353,1.277,1.1798,1.2776,48700,9.2
2013-06-24,1.2908,1.3047,1.2353,1.2499,68200,9
2013-06-25,1.2492,1.2492,1.1798,1.2082,153900,8.7
2013-06-26,1.2492,1.2492,1.1798,1.236,17700,8.9
2013-06-27,1.2076,1.2353,1.1937,1.236,26600,8.9
2013-06-28,1.2353,1.2353,1.2076,1.2221,18200,8.8
2013-07-01,1.2214,1.2908,1.2076,1.2915,209000,9.3
2013-07-02,1.277,1.2908,1.2631,1.2915,73600,9.3
2013-07-03,1.2631,1.277,1.2631,1.2637,34000,9.1
2013-07-04,1.2631,1.277,1.2353,1.2499,72100,9
2013-07-05,1.2353,1.2492,1.2214,1.236,68600,8.9
2013-07-08,1.2353,1.2353,1.2214,1.236,40700,8.9
2013-07-09,1.2492,1.2631,1.2353,1.2499,27600,9
2013-07-10,1.2353,1.2353,1.2214,1.2221,38700,8.8
2013-07-11,1.2353,1.2631,1.2353,1.2637,5000,9.1
2013-07-12,1.277,1.2908,1.2631,1.2915,20900,9.3
2013-07-15,1.2908,1.2908,1.2631,1.2915,25200,9.3
2013-07-16,1.2908,1.3325,1.2908,1.3332,78900,9.6
2013-07-17,1.3325,1.3741,1.3186,1.3609,133500,9.8
2013-07-18,1.3602,1.3602,1.3186,1.3332,75200,9.6
2013-07-19,1.3325,1.3602,1.3325,1.3471,57200,9.7
2013-07-22,1.3464,1.3602,1.3325,1.3332,89100,9.6
2013-07-23,1.3464,1.4435,1.3464,1.4165,340600,10.2
2013-07-24,1.4296,1.4296,1.3602,1.3748,109700,9.9
2013-07-25,1.388,1.4019,1.3741,1.3748,52700,9.9
2013-07-26,1.3741,1.3741,1.3186,1.3748,119800,9.9
2013-07-29,1.3464,1.3464,1.2908,1.3193,84600,9.5
2013-07-30,1.2908,1.3186,1.2908,1.3193,59600,9.5
2013-07-31,1.3047,1.3186,1.3047,1.3193,34200,9.5
2013-08-01,1.3186,1.3464,1.3186,1.3471,44100,9.7
2013-08-02,1.3325,1.3464,1.3186,1.3332,12110,9.6
2013-08-05,1.3464,1.3464,1.3325,1.3471,37650,9.7
2013-08-06,1.3325,1.3325,1.3186,1.3332,17300,9.6
2013-08-07,1.3325,1.3464,1.3186,1.3471,30300,9.7
2013-08-08,1.3325,1.3325,1.3186,1.3332,47200,9.6
2013-08-09,1.3325,1.3325,1.3186,1.3193,96800,9.5
2013-08-12,1.3047,1.3186,1.3047,1.3193,58000,9.5
2013-08-13,1.3186,1.3325,1.3186,1.3193,35200,9.5
2013-08-14,1.3186,1.3325,1.3047,1.3193,66500,9.5
2013-08-15,1.3186,1.3186,1.3047,1.3193,101550,9.5
2013-08-16,1.3047,1.3186,1.3047,1.3193,19200,9.5
2013-08-19,1.3186,1.3602,1.3186,1.3471,121500,9.7
2013-08-20,1.3464,1.3464,1.3325,1.3471,22800,9.7
2013-08-21,1.3464,1.3464,1.3186,1.3332,58100,9.6
2013-08-22,1.3186,1.3325,1.3047,1.3054,54700,9.4
2013-08-23,1.3325,1.3741,1.3047,1.3193,16400,9.5
2013-08-26,1.3186,1.3325,1.3047,1.3332,25300,9.6
2013-08-27,1.3047,1.3325,1.3047,1.3332,18020,9.6
2013-08-28,1.3186,1.3186,1.2908,1.3054,32900,9.4
2013-08-29,1.3047,1.3047,1.277,1.2776,16300,9.2
2013-08-30,1.277,1.277,1.2492,1.2499,50800,9
2013-09-03,1.2492,1.2631,1.2492,1.2637,3600,9.1
2013-09-04,1.1937,1.2492,1.1798,1.2499,24800,9
2013-09-05,1.2631,1.277,1.2631,1.2776,300,9.2
2013-09-09,1.2631,1.3047,1.2631,1.2915,15700,9.3
2013-09-10,1.2631,1.2908,1.2631,1.2915,21800,9.3
2013-09-11,1.2908,1.2908,1.2908,1.2915,810,9.3
2013-09-12,1.3047,1.3047,1.3047,1.3054,100,9.4
2013-09-13,1.2492,1.2908,1.2492,1.2915,1900,9.3
2013-09-16,1.2492,1.2631,1.2492,1.2499,9720,9
2013-09-17,1.2492,1.2492,1.2492,1.2499,200,9
2013-09-18,1.2492,1.2492,1.2214,1.2499,6600,9
2013-09-19,1.2492,1.2492,1.2492,1.2499,27980,9
2013-09-20,1.2214,1.2492,1.2214,1.2499,27900,9
2013-09-23,1.2214,1.2631,1.2214,1.2637,24800,9.1
2013-09-24,1.2492,1.277,1.2492,1.2776,2800,9.2
2013-09-25,1.2631,1.2908,1.2631,1.2915,10900,9.3
2013-09-26,1.277,1.277,1.277,1.2776,18200,9.2
2013-09-27,1.277,1.277,1.2631,1.2776,5900,9.2
2013-09-30,1.277,1.2908,1.2631,1.2915,12500,9.3
2013-10-01,1.2908,1.3047,1.277,1.3054,55200,9.4
2013-10-02,1.3047,1.3186,1.2908,1.3193,20400,9.5
2013-10-03,1.2908,1.2908,1.2908,1.2915,9420,9.3
2013-10-04,1.2908,1.2908,1.277,1.2915,44500,9.3
2013-10-07,1.2908,1.3186,1.2908,1.3193,85900,9.5
2013-10-08,1.2631,1.3325,1.2631,1.3332,32400,9.6
2013-10-09,1.3186,1.3186,1.3186,1.3193,9050,9.5
2013-10-10,1.3186,1.3325,1.3186,1.3193,103300,9.5
2013-10-11,1.3325,1.4435,1.3186,1.4443,162710,10.4
2013-10-14,1.5684,1.5823,1.5268,1.5831,529540,11.4
2013-10-15,1.6656,1.6656,1.499,1.5831,223860,11.4
2013-10-16,1.5546,1.5684,1.499,1.5137,61500,10.9
2013-10-17,1.4852,1.6101,1.4574,1.5693,367800,11.3
2013-10-18,1.5268,1.5684,1.5129,1.5137,47210,10.9
2013-10-21,1.5684,1.5823,1.4852,1.4859,100000,10.7
2013-10-22,1.4713,1.5684,1.4713,1.5276,253240,11
2013-10-23,1.5407,1.5546,1.499,1.5137,104000,10.9
2013-10-24,1.5129,1.5129,1.4574,1.4582,70400,10.5
2013-10-25,1.499,1.499,1.4019,1.4443,126040,10.4
2013-10-28,1.4296,1.4296,1.4019,1.4026,32600,10.1
2013-10-29,1.4158,1.4296,1.388,1.4304,52600,10.3
2013-10-30,1.4158,1.4296,1.4019,1.4026,56470,10.1
2013-10-31,1.388,1.4296,1.388,1.4304,17540,10.3
2013-11-01,1.4158,1.4158,1.4019,1.4165,14200,10.2
2013-11-04,1.4158,1.4574,1.4158,1.4304,112920,10.3
2013-11-05,1.4296,1.499,1.4296,1.4998,127820,10.8
2013-11-06,1.499,1.499,1.4713,1.472,33000,10.6
2013-11-07,1.4713,1.499,1.4713,1.4859,118750,10.7
2013-11-08,1.4574,1.4713,1.4435,1.4443,52900,10.4
2013-11-11,1.4713,1.4713,1.4435,1.4582,47400,10.5
2013-11-12,1.4574,1.5407,1.4435,1.4859,172200,10.7
2013-11-13,1.4852,1.499,1.4574,1.4582,45100,10.5
2013-11-14,1.4852,1.4852,1.4713,1.4859,33100,10.7
2013-11-15,1.4713,1.499,1.4713,1.4859,33800,10.7
2013-11-18,1.499,1.5268,1.499,1.4998,101400,10.8
2013-11-19,1.499,1.499,1.4852,1.4998,44100,10.8
2013-11-20,1.5129,1.5129,1.499,1.4998,56000,10.8
2013-11-21,1.5129,1.5823,1.5129,1.5276,146000,11
2013-11-22,1.5268,1.5268,1.4852,1.5137,47600,10.9
2013-11-25,1.5129,1.5546,1.5129,1.5276,49800,11
2013-11-26,1.4852,1.5268,1.4852,1.5276,25700,11
2013-11-27,1.5268,1.5268,1.4852,1.4859,62900,10.7
2013-11-28,1.4852,1.499,1.4852,1.4859,38000,10.7
2013-11-29,1.499,1.499,1.4713,1.472,41800,10.6
2013-12-02,1.4713,1.4852,1.4713,1.4859,12600,10.7
2013-12-03,1.4852,1.5129,1.4852,1.5137,20500,10.9
2013-12-04,1.5129,1.5268,1.5129,1.5276,56500,11
2013-12-05,1.5268,1.6101,1.5268,1.5415,135300,11.1
2013-12-06,1.5546,1.5823,1.5546,1.5831,93200,11.4
2013-12-09,1.6378,1.6378,1.5268,1.5276,81400,11
2013-12-10,1.5962,1.5962,1.4852,1.4998,75100,10.8
2013-12-11,1.499,1.499,1.4713,1.4859,80500,10.7
2013-12-12,1.4574,1.4713,1.388,1.4443,111500,10.4
2013-12-13,1.4574,1.5129,1.4435,1.4582,14550,10.5
2013-12-16,1.4574,1.4852,1.4574,1.4859,12000,10.7
2013-12-17,1.4852,1.4852,1.4435,1.472,16950,10.6
2013-12-18,1.4852,1.4852,1.4574,1.4582,9600,10.5
2013-12-19,1.4852,1.4852,1.4574,1.4859,69000,10.7
2013-12-20,1.4713,1.4852,1.4713,1.4859,3700,10.7
2013-12-23,1.4713,1.5268,1.4574,1.5276,97800,11
2013-12-24,1.5129,1.5129,1.499,1.4998,19800,10.8
2013-12-25,1.4852,1.5268,1.4852,1.5137,26700,10.9
2013-12-26,1.499,1.5129,1.499,1.4998,24630,10.8
2013-12-27,1.499,1.499,1.4713,1.4998,26000,10.8
2013-12-30,1.499,1.499,1.4574,1.472,28400,10.6
2013-12-31,1.499,1.5129,1.499,1.5137,2800,10.9
2014-01-02,1.5129,1.5268,1.499,1.5137,12035,10.9
2014-01-03,1.4852,1.5129,1.4852,1.5137,15310,10.9
2014-01-06,1.5129,1.5268,1.5129,1.5276,26400,11
2014-01-07,1.5268,1.5962,1.499,1.5137,62900,10.9
2014-01-08,1.499,1.5129,1.499,1.5137,33600,10.9
2014-01-09,1.5129,1.5268,1.5129,1.5276,40200,11
2014-01-10,1.5268,1.6795,1.5268,1.6804,604755,12.1
2014-01-13,1.7072,1.7072,1.6378,1.6804,97000,12.1
2014-01-14,1.6795,1.6934,1.6656,1.6804,67600,12.1
2014-01-15,1.6378,1.6656,1.5962,1.597,109300,11.5
2014-01-16,1.5962,1.6378,1.5823,1.6387,62050,11.8
2014-01-17,1.624,1.624,1.5823,1.5831,113110,11.4
2014-01-20,1.5962,1.5962,1.5268,1.5415,129600,11.1
2014-01-21,1.5129,1.624,1.5129,1.5831,48600,11.4
2014-01-22,1.5962,1.6378,1.5268,1.5276,230700,11
2014-01-23,1.5268,1.5823,1.5268,1.5693,29200,11.3
2014-01-24,1.5684,1.5962,1.5684,1.597,29000,11.5
2014-01-27,1.5823,1.5962,1.5546,1.5693,12000,11.3
2014-02-06,1.5962,1.6378,1.5823,1.6248,54700,11.7
2014-02-07,1.624,1.6378,1.6101,1.6248,67850,11.7
2014-02-10,1.6378,1.7211,1.624,1.7081,158600,12.3
2014-02-11,1.735,1.8738,1.7211,1.7637,608800,12.7
2014-02-12,1.8322,1.8738,1.7628,1.847,152250,13.3
2014-02-13,1.8599,1.8738,1.8044,1.8192,82400,13.1
2014-02-14,1.8183,1.8322,1.7628,1.8192,210100,13.1
2014-02-17,1.7766,1.8877,1.7628,1.847,182100,13.3
2014-02-18,1.8599,1.9987,1.846,1.9998,266600,14.4
2014-02-19,2.0265,2.1236,2.0126,2.097,300840,15.1
2014-02-20,2.1098,2.1236,1.9016,1.9859,252070,14.3
2014-02-21,1.9848,2.0265,1.8738,1.9998,122350,14.4
2014-02-24,1.9987,2.0404,1.9848,2.0275,84810,14.6
2014-02-25,2.0404,2.0404,1.9987,2.0136,99320,14.5
2014-02-26,2.0126,2.0265,1.9987,2.0275,132300,14.6
2014-02-27,2.0126,2.0404,1.9848,1.9859,144580,14.3
2014-02-28,1.9848,1.9987,1.971,1.9998,81600,14.4
2014-03-03,1.9987,1.9987,1.9154,1.9164,88500,13.8
2014-03-04,1.8738,1.9293,1.8738,1.9303,50500,13.9
2014-03-05,1.9432,1.9987,1.9432,1.9581,50700,14.1
2014-03-06,1.9571,1.9848,1.9432,1.9859,48500,14.3
2014-03-07,1.971,2.0126,1.971,1.9859,124500,14.3
2014-03-10,2.0404,2.0542,1.9987,2.0136,117900,14.5
2014-03-11,2.0542,2.1098,2.0265,2.0692,168500,14.9
2014-03-12,2.082,2.2624,2.082,2.1803,528005,15.7
2014-03-13,2.1653,2.2208,2.1514,2.1803,166200,15.7
2014-03-14,2.193,2.193,2.1514,2.1525,122915,15.5
2014-03-17,2.1514,2.2069,2.1514,2.1803,176820,15.7
2014-03-18,2.193,2.193,2.1236,2.1525,142060,15.5
2014-03-19,2.193,2.193,2.1514,2.1664,117665,15.6
2014-03-20,2.1653,2.1792,2.1098,2.1525,161660,15.5
2014-03-21,2.1236,2.1653,2.1236,2.1525,230650,15.5
2014-03-24,2.1514,2.193,2.1514,2.1664,204400,15.6
2014-03-25,2.1653,2.1792,2.082,2.0831,252000,15
2014-03-26,2.0959,2.1236,1.9432,2.0831,74650,15
2014-03-27,2.0681,2.0681,1.9987,2.0275,88300,14.6
2014-03-28,2.082,2.082,1.9987,2.0275,267030,14.6
2014-03-31,2.0265,2.0265,1.971,2.0275,187100,14.6
2014-04-01,2.0126,2.0265,1.971,2.0275,86800,14.6
2014-04-02,2.0265,2.2069,2.0265,2.0414,162800,14.7
2014-04-03,2.0542,2.082,2.0404,2.0692,63110,14.9
2014-04-04,2.082,2.082,2.0265,2.0553,18600,14.8
2014-04-07,2.082,2.082,2.0265,2.0831,25410,15
2014-04-08,2.0404,2.082,2.0265,2.0692,35140,14.9
2014-04-10,2.082,2.082,2.0404,2.0692,40000,14.9
2014-04-11,2.0265,2.0681,2.0265,2.0692,17600,14.9
2014-04-14,2.0404,2.0542,2.0126,2.0275,115600,14.6
2014-04-15,1.9987,2.0265,1.9432,1.972,129100,14.2
2014-04-16,1.971,1.971,1.8044,1.9026,179800,13.7
2014-04-17,1.9154,1.9154,1.8877,1.8887,69000,13.6
2014-04-18,1.8877,1.8877,1.7905,1.8887,10930,13.6
2014-04-21,1.8044,1.8738,1.8044,1.8053,24000,13
2014-04-22,1.8738,1.8738,1.7628,1.8331,45900,13.2
2014-04-23,1.846,1.846,1.8044,1.8331,27500,13.2
2014-04-24,1.8044,1.8599,1.8044,1.8609,22100,13.4
2014-04-25,1.846,1.8738,1.846,1.8609,24920,13.4
2014-04-28,1.8599,1.8599,1.8044,1.8609,34300,13.4
2014-04-29,1.8599,1.8599,1.8599,1.8609,1000,13.4
2014-05-05,1.9154,1.9154,1.8044,1.8053,40100,13
2014-05-06,1.8044,1.846,1.7628,1.847,33200,13.3
2014-05-07,1.8322,1.8599,1.8322,1.8609,10080,13.4
2014-05-08,1.8044,1.8044,1.6795,1.6804,75320,12.1
2014-05-09,1.7766,1.7766,1.7072,1.7776,32000,12.8
2014-05-12,1.7072,1.7766,1.624,1.6248,42000,11.7
2014-05-13,1.6517,1.6517,1.5823,1.6248,13200,11.7
2014-05-14,1.624,1.6934,1.624,1.6942,47300,12.2
2014-05-15,1.6934,1.735,1.5962,1.7359,40500,12.5
2014-05-16,1.7905,1.7905,1.7211,1.722,10100,12.4
2014-05-19,1.7766,1.7766,1.7211,1.7637,14300,12.7
2014-05-20,1.735,1.7905,1.6795,1.7915,8000,12.9
2014-05-21,1.7905,1.8877,1.7905,1.8748,59300,13.5
2014-05-22,1.8599,1.8877,1.8183,1.8609,35900,13.4
2014-05-23,1.8877,1.8877,1.8044,1.8609,31100,13.4
2014-05-26,1.8044,1.8322,1.8044,1.8331,17200,13.2
2014-05-27,1.8738,1.8738,1.8183,1.847,61700,13.3
2014-05-28,1.846,1.9293,1.8044,1.8053,51280,13
2014-05-29,1.8044,1.8044,1.7489,1.7776,60010,12.8
2014-05-30,1.7766,1.7766,1.7489,1.7498,37100,12.6
2014-06-02,1.924,1.924,1.7561,1.7567,88100,11.5
2014-06-03,1.6797,1.7561,1.6492,1.7567,3700,11.5
2014-06-04,1.7102,1.7255,1.695,1.7262,10610,11.3
2014-06-05,1.7561,1.7561,1.7561,1.7567,430,11.5
2014-06-06,1.7408,1.7561,1.7408,1.7567,3000,11.5
2014-06-09,1.7408,1.7866,1.7408,1.7567,32900,11.5
2014-06-10,1.7255,1.7255,1.6492,1.6498,78800,10.8
2014-06-11,1.6644,1.7255,1.6644,1.7262,17100,11.3
2014-06-12,1.7408,1.7713,1.7408,1.7567,52600,11.5
2014-06-13,1.7561,1.7561,1.695,1.7567,42000,11.5
2014-06-16,1.7408,1.7561,1.7408,1.7414,9600,11.4
2014-06-17,1.7408,1.7713,1.7102,1.772,35700,11.6
2014-06-18,1.7713,1.7713,1.7408,1.7414,17450,11.4
2014-06-19,1.695,1.8019,1.695,1.8025,23000,11.8
2014-06-20,1.7713,1.8171,1.7561,1.8178,17700,11.9
2014-06-23,1.7866,1.7866,1.7713,1.772,8000,11.6
2014-06-24,1.7255,1.7866,1.7255,1.7873,4100,11.7
2014-06-25,1.7866,1.8324,1.7713,1.8025,8700,11.8
2014-06-26,1.8019,1.8019,1.7561,1.7873,19900,11.7
2014-06-27,1.7713,1.7713,1.7561,1.772,5100,11.6
2014-06-30,1.6797,1.8019,1.6797,1.8025,6500,11.8
2014-07-01,1.8171,1.8171,1.7713,1.772,18300,11.6
2014-07-02,1.7713,1.7713,1.7561,1.772,20100,11.6
2014-07-03,1.8019,1.8171,1.7713,1.8025,40900,11.8
2014-07-04,1.8019,1.8324,1.7713,1.8331,16300,12
2014-07-07,1.8171,1.8171,1.8019,1.8025,12700,11.8
2014-07-08,1.8019,1.8171,1.8019,1.8025,49100,11.8
2014-07-09,1.8019,1.8935,1.8019,1.8942,126600,12.4
2014-07-10,1.8477,1.8935,1.8324,1.8484,51500,12.1
2014-07-11,1.8477,1.8782,1.8477,1.8789,73100,12.3
2014-07-14,1.8782,1.9088,1.8477,1.8789,11100,12.3
2014-07-15,1.8782,1.924,1.8782,1.9248,91300,12.6
2014-07-16,1.9393,2.0462,1.9393,1.9859,173691,13
2014-07-17,1.9851,2.0767,1.9851,2.047,92500,13.4
2014-07-18,2.0156,2.0615,2.0156,2.0622,56100,13.5
2014-07-21,2.0615,2.0767,2.0309,2.0622,145400,13.5
2014-07-22,2.092,2.1683,2.0767,2.1539,238600,14.1
2014-07-23,2.1378,2.1683,2.0767,2.1081,158959,13.8
2014-07-24,2.1073,2.1073,2.0615,2.0622,127100,13.5
2014-07-25,2.1073,2.1378,2.0156,2.0317,91410,13.3
2014-07-28,2.0004,2.0309,1.9546,2.0011,34350,13.1
2014-07-29,1.9546,2.0462,1.9546,2.0164,39400,13.2
2014-07-30,2.0156,2.0462,1.9698,1.9706,25910,12.9
2014-07-31,1.9851,2.1378,1.9851,2.0775,31610,13.6
2014-08-01,2.0615,2.1989,2.0615,2.1233,460200,13.9
2014-08-04,2.1531,2.2447,2.1378,2.1997,435570,14.4
2014-08-05,2.1989,2.2294,2.1836,2.215,96890,14.5
2014-08-06,2.1989,2.1989,2.1531,2.1844,181980,14.3
2014-08-07,2.1531,2.2142,2.1073,2.215,120650,14.5
2014-08-08,2.2447,2.3669,2.2447,2.3525,503276,15.4
2014-08-11,2.3516,2.5043,2.3516,2.4441,285000,16
2014-08-12,2.4432,2.4432,2.3363,2.383,232255,15.6
2014-08-13,2.3669,2.4127,2.3363,2.4136,195320,15.8
2014-08-14,2.3821,2.3974,2.3363,2.3372,222922,15.3
2014-08-15,2.3058,2.489,2.2905,2.3677,196227,15.5
2014-08-18,2.3516,2.4432,2.3363,2.4136,348900,15.8
2014-08-19,2.4127,2.4432,2.3821,2.3983,170900,15.7
2014-08-20,2.3821,2.3974,2.321,2.3219,247069,15.2
2014-08-21,2.3058,2.5196,2.3058,2.4594,857290,16.1
2014-08-22,2.4432,2.6112,2.4432,2.5511,722100,16.7
2014-08-25,2.5501,2.5959,2.5043,2.5052,229720,16.4
2014-08-26,2.489,2.5348,2.4585,2.4747,313371,16.2
2014-08-27,2.5043,2.6723,2.4585,2.6733,723460,17.5
2014-08-28,2.7486,2.7486,2.5959,2.6274,478050,17.2
2014-08-29,2.5959,2.6264,2.5806,2.5816,228025,16.9
2014-09-03,2.5959,2.657,2.5806,2.5816,332010,16.9
2014-09-04,2.489,2.5959,2.489,2.5358,324190,16.6
2014-09-05,2.5196,2.5806,2.5196,2.5511,214200,16.7
2014-09-08,2.5654,2.7181,2.5501,2.658,375060,17.4
2014-09-09,2.5654,2.657,2.4585,2.4594,314150,16.1
2014-09-10,2.4585,2.5348,2.4127,2.5052,231010,16.4
2014-09-11,2.5348,2.7486,2.5043,2.7496,665520,18
2014-09-12,2.7791,2.9929,2.7486,2.933,540340,19.2
2014-09-15,2.9624,3.0235,2.8402,2.8566,448289,18.7
2014-09-16,2.825,2.8555,2.7028,2.8566,436540,18.7
2014-09-17,2.8555,2.9929,2.8402,2.8413,492800,18.6
2014-09-18,2.825,2.9013,2.6264,2.6427,228822,17.3
2014-09-19,2.7028,2.7333,2.6417,2.7038,134858,17.7
2014-09-22,2.7486,2.825,2.657,2.658,127159,17.4
2014-09-23,2.6723,2.7333,2.657,2.658,169300,17.4
2014-09-24,2.657,2.7791,2.657,2.7344,285563,17.9
2014-09-25,2.6875,2.9471,2.6875,2.8871,274791,18.9
2014-09-26,2.825,2.9624,2.825,2.826,177586,18.5
2014-09-29,2.9013,2.9013,2.7944,2.7955,112453,18.3
2014-09-30,2.7944,2.8097,2.7486,2.7955,161810,18.3
2014-10-01,2.825,2.9471,2.825,2.9024,466390,19
2014-10-02,2.9777,3.1914,2.9777,3.1926,587748,20.9
2014-10-03,3.4663,3.4968,3.2831,3.3607,589920,22
2014-10-06,3.3594,3.4816,3.2983,3.4065,172290,22.3
2014-10-07,3.4052,3.4358,3.3136,3.3912,210374,22.2
2014-10-08,3.3747,3.4052,3.2678,3.2996,270760,21.6
2014-10-09,3.3289,3.4968,3.2831,3.2843,201924,21.5
2014-10-10,3.2831,3.5121,3.2831,3.5134,411581,23
2014-10-13,3.8175,3.8175,3.5121,3.7426,296120,24.5
2014-10-14,3.7564,3.7717,3.3747,3.376,416795,22.1
2014-10-15,3.3594,3.451,3.2525,3.3454,473855,21.9
2014-10-16,3.3289,3.3594,3.1762,3.2537,410950,21.3
2014-10-17,3.2831,3.5732,3.2372,3.5745,340550,23.4
2014-10-20,3.6648,3.6648,3.4816,3.5593,200200,23.3
2014-10-21,3.6343,3.6343,3.4816,3.544,167170,23.2
2014-10-22,3.5121,3.5426,3.4663,3.5134,156878,23
2014-10-23,3.4816,3.4968,3.3136,3.3148,195900,21.7
2014-10-24,3.2983,3.4358,3.2983,3.3148,357870,21.7
2014-10-27,3.3136,3.3289,3.1762,3.1774,228200,20.8
2014-10-28,3.1762,3.3136,3.0998,3.2843,108000,21.5
2014-10-29,3.3441,3.3441,3.2831,3.3454,186400,21.9
2014-10-30,3.3441,3.4663,3.3441,3.4676,295695,22.7
2014-10-31,3.5121,3.7106,3.451,3.712,555195,24.3
2014-11-03,3.7106,3.787,3.5885,3.6051,287570,23.6
2014-11-04,3.5885,3.6953,3.5885,3.6967,313245,24.2
2014-11-05,3.6953,3.8939,3.6953,3.8953,542703,25.5
2014-11-06,3.8939,3.9091,3.787,3.8648,257657,25.3
2014-11-07,3.8633,4.1993,3.7717,4.2008,584310,27.5
2014-11-10,4.1687,4.1993,4.0618,4.1092,435015,26.9
2014-11-11,4.1382,4.2603,4.0466,4.1245,337100,27
2014-11-12,4.1076,4.1687,4.0466,4.0786,271770,26.7
2014-11-13,4.1076,4.2298,4.0771,4.1245,278881,27
2014-11-14,4.1076,4.1534,4.0313,4.1397,315460,27.1
2014-11-17,4.1382,4.4283,4.1382,4.3842,443230,28.7
2014-11-18,4.3672,4.5199,4.3672,4.43,471700,29
2014-11-19,4.4283,4.5047,4.3214,4.5064,311860,29.5
2014-11-20,4.5047,4.5657,4.413,4.4453,186046,29.1
2014-11-21,4.4283,4.4283,4.2603,4.2619,455750,27.9
2014-11-24,4.2451,4.2451,4.1076,4.2314,255920,27.7
2014-11-25,4.2298,4.352,4.184,4.2772,143886,28
2014-11-26,4.4283,4.4283,4.1076,4.1245,234300,27
2014-11-27,4.1229,4.1229,3.8175,4.0939,310820,26.8
2014-11-28,4.0618,4.1993,3.9702,4.0328,154100,26.4
2014-12-01,4.0313,4.1229,4.0007,4.0175,128271,26.3
2014-12-02,3.9855,4.0771,3.9855,4.0175,90651,26.3
2014-12-03,4.0771,4.413,4.0466,4.3842,449000,28.7
2014-12-04,4.3825,4.3825,4.2451,4.2619,113300,27.9
2014-12-05,4.2451,4.2451,4.1534,4.155,133344,27.2
2014-12-08,4.1534,4.2756,4.1076,4.2008,202100,27.5
2014-12-09,4.1229,4.1993,3.8022,3.8037,332720,24.9
2014-12-10,3.8786,4.0924,3.8022,4.0939,259818,26.8
2014-12-11,4.0618,4.0924,3.9702,4.0786,98211,26.7
2014-12-12,4.0771,4.1229,4.016,4.0481,139140,26.5
2014-12-15,4.0466,4.1687,3.9702,4.0481,404050,26.5
2014-12-16,4.2812,4.2812,4.0477,4.147,185600,21.3
2014-12-17,4.0866,4.1255,3.7363,3.9328,214816,20.2
2014-12-18,3.892,4.0282,3.892,4.0302,158822,20.7
2014-12-19,4.0477,4.0477,3.639,3.8744,169000,19.9
2014-12-22,3.7947,3.892,3.6974,3.7382,184700,19.2
2014-12-23,3.6779,3.7752,3.6585,3.6797,109907,18.9
2014-12-24,3.6779,3.7169,3.6585,3.7187,57620,19.1
2014-12-25,3.7169,3.7169,3.4055,3.4266,183100,17.6
2014-12-26,3.3277,3.3666,3.172,3.2125,211100,16.5
2014-12-29,3.2304,3.2887,3.2109,3.2319,202325,16.6
2014-12-30,3.2304,3.5417,3.2109,3.5435,348700,18.2
2014-12-31,3.5417,3.8725,3.5417,3.7966,236700,19.5
2015-01-05,3.8336,3.8531,3.6974,3.7382,305300,19.2
2015-01-06,3.7363,3.8336,3.6779,3.7966,218200,19.5
2015-01-07,3.7947,4.0477,3.7947,3.9328,272300,20.2
2015-01-08,4.0477,4.0477,3.8142,3.8355,149000,19.7
2015-01-09,3.8336,3.8725,3.7752,3.8355,215611,19.7
2015-01-12,3.8336,3.8336,3.6001,3.6603,223533,18.8
2015-01-13,3.5806,3.7752,3.5806,3.6992,121050,19
2015-01-14,3.6974,3.7947,3.6196,3.6797,65430,18.9
2015-01-15,3.7363,3.7947,3.6779,3.7966,231722,19.5
2015-01-16,3.6974,3.7558,3.6585,3.6603,150500,18.8
2015-01-19,3.6585,3.6779,3.639,3.6408,47800,18.7
2015-01-20,3.639,3.7363,3.639,3.7382,180200,19.2
2015-01-21,3.6974,3.6974,3.639,3.6992,65000,19
2015-01-22,3.6585,3.6974,3.6196,3.6992,51200,19
2015-01-23,3.6974,3.7363,3.6585,3.6992,69166,19
2015-01-26,3.6974,4.0477,3.6974,4.0497,547200,20.8
2015-01-27,4.0671,4.2423,3.892,4.0691,334220,20.9
2015-01-28,4.0671,4.1061,3.9893,4.0886,151060,21
2015-01-29,4.0671,4.0866,3.9698,4.0107,230316,20.6
2015-01-30,4.0088,4.0282,3.892,4.0107,178749,20.6
2015-02-02,3.9504,3.9698,3.8725,3.8939,157070,20
2015-02-03,3.8142,3.8336,3.5612,3.5629,274841,18.3
2015-02-04,3.5612,3.892,3.5028,3.8939,262259,20
2015-02-05,3.7947,3.7947,3.6974,3.6992,92194,19
2015-02-06,3.7363,3.8725,3.7363,3.7966,175730,19.5
2015-02-09,3.7947,4.0088,3.7947,3.8939,371360,20
2015-02-10,3.9337,3.9939,3.9337,3.9341,176420,19.6
2015-02-11,3.9337,4.3151,3.9337,4.3154,510243,21.5
2015-02-12,4.6161,4.7365,4.3151,4.6366,559907,23.1
2015-02-13,4.6362,4.877,4.6161,4.8172,403282,24
2015-02-24,4.7967,4.9372,4.6763,4.6767,285501,23.3
2015-02-25,4.6964,5.0777,4.6763,4.9376,821070,24.6
2015-02-26,4.9372,5.158,4.9172,5.1183,233181,25.5
2015-02-27,5.0978,5.0978,4.9974,5.0581,304700,25.2
2015-03-02,4.9974,5.0175,4.8168,4.9176,310251,24.5
2015-03-03,4.9172,5.1781,4.9172,5.0781,264569,25.3
2015-03-04,5.0777,5.1179,4.9974,5.1183,226151,25.5
2015-03-05,5.0777,5.2784,5.0576,5.1986,322170,25.9
2015-03-06,5.2182,5.2784,4.8369,5.1785,177184,25.8
2015-03-09,5.1379,5.2583,5.1379,5.1584,224562,25.7
2015-03-10,5.158,5.1981,5.1179,5.1183,288369,25.5
2015-03-11,5.1179,5.3186,5.1179,5.2186,235420,26
2015-03-12,5.1981,5.2182,4.8971,4.8975,1021100,24.4
2015-03-13,4.8971,5.0376,4.7767,4.9176,396435,24.5
2015-03-16,4.9172,4.9172,4.6562,4.7369,265855,23.6
2015-03-17,4.7566,4.8971,4.7566,4.8172,227640,24
2015-03-18,4.8168,4.8369,4.7566,4.8172,220000,24
2015-03-19,4.8369,4.8569,4.7566,4.7771,149770,23.8
2015-03-20,4.7165,4.7767,4.7165,4.7771,89295,23.8
2015-03-23,4.7767,4.8168,4.6964,4.6968,168852,23.4
2015-03-24,4.6763,4.6964,4.5559,4.6968,292040,23.4
2015-03-25,4.6964,4.8369,4.6362,4.7971,206500,23.9
2015-03-26,4.7365,4.9172,4.7365,4.8573,154700,24.2
2015-03-27,4.8569,4.9172,4.7566,4.757,166030,23.7
2015-03-30,4.7566,4.7767,4.6362,4.6366,153810,23.1
2015-03-31,4.6362,4.7365,4.6362,4.6767,120400,23.3
2015-04-01,4.6562,4.6964,4.5158,4.5763,128200,22.8
2015-04-02,4.576,4.7967,4.5559,4.7771,247850,23.8
2015-04-03,4.8168,4.8168,4.6763,4.6968,28650,23.4
2015-04-06,4.6964,4.7967,4.6964,4.7369,123000,23.6
2015-04-07,4.7365,4.9372,4.7165,4.9176,245300,24.5
2015-04-08,4.8971,4.8971,4.8168,4.8975,102500,24.4
2015-04-09,4.9172,5.0978,4.8971,5.0581,331100,25.2
2015-04-10,5.0576,5.0978,5.0576,5.0581,193800,25.2
2015-04-13,5.158,5.158,4.877,5.0581,228505,25.2
2015-04-14,4.9974,4.9974,4.877,4.8774,185960,24.3
2015-04-15,4.8369,4.877,4.7767,4.7971,188870,23.9
2015-04-16,4.8168,4.9172,4.7767,4.8573,124170,24.2
2015-04-17,4.8168,4.9573,4.7967,4.8373,109060,24.1
2015-04-20,4.877,4.877,4.8168,4.8573,136660,24.2
2015-04-21,4.8569,4.9372,4.8369,4.8573,216300,24.2
2015-04-22,4.8369,4.877,4.8168,4.8573,175700,24.2
2015-04-23,4.7967,4.7967,4.6763,4.7168,539852,23.5
2015-04-24,4.7165,4.8569,4.6964,4.757,224061,23.7
2015-04-27,4.7566,4.7566,4.6964,4.6968,127439,23.4
2015-05-04,4.7165,4.7566,4.4355,4.4559,224300,22.2
2015-05-05,4.4756,4.6763,4.1946,4.6767,338052,23.3
2015-05-06,4.4756,4.7767,4.4756,4.6165,176700,23
2015-05-07,4.6161,4.7767,4.6161,4.6767,300382,23.3
2015-05-08,4.6763,4.7165,4.6161,4.6366,78634,23.1
2015-05-11,4.6362,4.6763,4.576,4.6165,63200,23
2015-05-12,4.576,4.596,4.5158,4.5161,122336,22.5
2015-05-13,4.5158,4.5358,4.4555,4.4961,76147,22.4
2015-05-14,4.4555,4.5158,4.4154,4.4358,71407,22.1
2015-05-15,4.4355,4.5358,4.4355,4.4358,246210,22.1
2015-05-18,4.4355,4.4355,4.3351,4.3556,127700,21.7
2015-05-19,4.3552,4.4555,4.3552,4.4559,62634,22.2
2015-05-20,4.4555,4.7165,4.4154,4.6767,203084,23.3
2015-05-21,4.7165,4.7165,4.576,4.6767,131325,23.3
2015-05-22,4.6763,5.0576,4.6763,4.8573,602212,24.2
2015-05-25,4.9172,5.0978,4.877,4.9979,372170,24.9
2015-05-26,4.9974,5.0576,4.7967,4.9778,263067,24.8
2015-05-27,4.8369,4.9573,4.7967,4.8373,221253,24.1
2015-05-28,4.7967,4.9172,4.7967,4.8573,184426,24.2
2015-05-29,4.8569,4.877,4.7767,4.8172,187133,24
2015-06-01,4.8168,4.8569,4.7767,4.7971,158700,23.9
2015-06-02,4.7767,4.7967,4.7365,4.7369,119783,23.6
2015-06-03,4.7365,4.8369,4.7365,4.7771,181440,23.8
2015-06-04,4.7967,4.8168,4.7767,4.7971,162833,23.9
2015-06-05,4.7967,5.0376,4.7967,4.8975,419423,24.4
2015-06-08,4.8971,5.0376,4.8168,4.8373,301129,24.1
2015-06-09,4.8369,4.8971,4.7566,4.757,195320,23.7
2015-06-10,4.7767,5.158,4.7566,5.0581,1159790,25.2
2015-06-11,5.1179,5.2182,4.9974,5.0179,501840,25
2015-06-12,5.0175,5.1179,4.9573,5.0581,314503,25.2
2015-06-15,4.9774,5.0576,4.9172,5.0581,502033,25.2
2015-06-16,5.0576,5.0576,4.9573,4.9577,297815,24.7
2015-06-17,4.9372,4.9573,4.8569,4.8573,329000,24.2
2015-06-18,4.8168,4.9573,4.8168,4.9577,100240,24.7
2015-06-19,5.0576,5.439,5.0175,5.0781,1239536,25.3
2015-06-22,5.0777,5.0978,5.0175,5.038,101908,25.1
2015-06-23,5.0576,5.0777,5.0175,5.0581,127975,25.2
2015-06-24,5.1179,5.158,5.0576,5.1584,291377,25.7
2015-06-25,5.1981,5.3186,5.0978,5.1384,303100,25.6
2015-06-26,5.1379,5.2985,5.1379,5.1986,944150,25.9
2015-06-29,5.0777,5.1981,5.0777,5.1584,173504,25.7
2015-06-30,5.1379,5.1981,5.0576,5.0581,253260,25.2
2015-07-01,5.0777,5.0978,4.9172,5.0781,251149,25.3
2015-07-02,5.0175,5.158,5.0175,5.1183,147600,25.5
2015-07-03,5.1179,5.158,5.0777,5.0781,275012,25.3
2015-07-06,5.0576,5.3186,5.0576,5.2989,455980,26.4
2015-07-07,5.3186,5.3788,5.2182,5.2789,478250,26.3
2015-07-08,5.2784,5.2784,5.0777,5.0781,330100,25.3
2015-07-09,5.1179,5.1179,5.0175,5.0982,214980,25.4
2015-07-10,5.1179,5.2182,5.0978,5.0982,219890,25.4
2015-07-13,5.1379,5.1981,5.0777,5.0781,207071,25.3
2015-07-14,5.1379,5.158,5.0777,5.0781,292768,25.3
2015-07-15,5.1179,5.1781,4.9172,4.9376,414576,24.6
2015-07-16,4.9372,5.0175,4.9372,5.0179,276859,25
2015-07-17,5.0175,5.0175,4.9372,4.9577,138400,24.7
2015-07-20,4.9372,4.9573,4.877,4.9577,119104,24.7
2015-07-21,4.9774,5.0978,4.9573,5.0179,310705,25
2015-07-22,4.9974,5.2784,4.9974,5.2186,649233,26
2015-07-23,5.2182,5.2583,5.1379,5.1384,152440,25.6
2015-07-24,5.1379,5.6397,5.1179,5.5799,1156846,27.8
2015-07-27,5.6196,6.1214,5.6196,6.1219,949080,30.5
2015-07-28,6.2618,6.6231,5.8002,5.8007,479410,28.9
2015-07-29,5.8002,6.021,5.6999,5.8409,511773,29.1
2015-07-30,5.8404,5.8805,5.74,5.8007,223046,28.9
2015-07-31,5.8604,5.8805,5.72,5.7204,450535,28.5
2015-08-03,5.2182,5.2784,5.158,5.1584,905709,25.7
2015-08-04,5.0175,5.2784,4.9172,5.2387,402135,26.1
2015-08-05,5.3186,5.5193,5.2784,5.4394,354593,27.1
2015-08-06,5.4189,5.4189,5.2583,5.2989,360436,26.4
2015-08-07,5.2985,5.3788,5.2985,5.319,335619,26.5
2015-08-10,5.3186,5.6196,5.3186,5.5197,295070,27.5
2015-08-11,5.5594,5.5594,5.2985,5.4194,258376,27
2015-08-12,5.3988,5.3988,5.2383,5.2989,374010,26.4
2015-08-13,5.2583,5.3386,5.1781,5.1986,286620,25.9
2015-08-14,5.1981,5.2985,5.158,5.2186,184200,26
2015-08-17,5.2182,5.2985,5.158,5.2387,199400,26.1
2015-08-18,5.2182,5.2383,5.1179,5.2387,134000,26.1
2015-08-19,5.2383,5.3788,5.1981,5.3792,419890,26.8
2015-08-20,5.3788,5.3988,5.2383,5.2588,244790,26.2
2015-08-21,5.2182,5.2583,4.9172,5.2588,215800,26.2
2015-08-24,5.1179,5.1179,4.7365,4.7369,656466,23.6
2015-08-25,4.5358,4.9172,4.5358,4.7168,567700,23.5
2015-08-26,4.7165,4.9372,4.7165,4.8774,423750,24.3
2015-08-27,4.9172,5.0576,4.877,5.0581,427937,25.2
2015-08-28,5.0777,5.1981,5.0576,5.1584,532200,25.7
2015-08-31,5.1179,5.1179,4.9974,5.0179,247100,25
2015-09-01,5.0175,5.0978,4.9573,4.9577,308910,24.7
2015-09-03,4.9372,4.9974,4.8369,4.8373,201710,24.1
2015-09-04,4.8369,4.8971,4.8369,4.8774,163400,24.3
2015-09-07,4.877,4.8971,4.8369,4.8373,182216,24.1
2015-09-08,4.8369,4.9172,4.8168,4.9176,232600,24.5
2015-09-09,4.9774,4.9974,4.9172,4.9577,143726,24.7
2015-09-10,4.9172,4.9172,4.8569,4.8975,163500,24.4
2015-09-11,4.8971,4.9372,4.8168,4.8373,170250,24.1
2015-09-14,4.8168,4.8569,4.7767,4.7771,119300,23.8
2015-09-15,4.7566,4.8569,4.7566,4.7971,129800,23.9
2015-09-16,4.8369,4.8569,4.8168,4.8573,138200,24.2
2015-09-17,4.8569,4.9573,4.8569,4.9376,268633,24.6
2015-09-18,5.0175,5.2985,5.0175,5.2989,838870,26.4
2015-09-21,5.3788,5.4992,5.2985,5.3993,354880,26.9
2015-09-22,5.3988,5.439,5.3186,5.3591,246761,26.7
2015-09-23,4.8369,5.439,4.8369,5.4194,261366,27
2015-09-24,5.3788,5.4189,5.2784,5.3993,204660,26.9
2015-09-25,5.3587,5.4992,5.2784,5.4394,285310,27.1
2015-09-28,5.459,5.5995,5.3988,5.3993,240896,26.9
2015-09-29,5.3386,5.3988,5.2985,5.3792,86942,26.8
2015-09-30,5.3788,5.459,5.3788,5.3792,141336,26.8
2015-10-01,5.4189,5.4189,5.2383,5.2588,274000,26.2
2015-10-02,5.2784,5.3186,5.2182,5.2789,177300,26.3
2015-10-05,5.5795,5.6597,5.439,5.6201,772030,28
2015-10-06,6.1816,6.1816,5.6798,5.6803,757409,28.3
2015-10-07,5.72,5.72,5.439,5.4796,369900,27.3
2015-10-08,5.459,5.5594,5.439,5.4595,324740,27.2
2015-10-09,5.459,5.4992,5.2985,5.2989,757723,26.4
2015-10-12,5.2985,5.2985,5.2182,5.2387,263760,26.1
2015-10-13,5.2383,5.3988,5.2383,5.2989,226910,26.4
2015-10-14,5.2985,5.3186,5.2383,5.2387,187310,26.1
2015-10-15,5.2583,5.3186,5.2383,5.2387,201830,26.1
2015-10-16,5.2383,5.2784,5.2182,5.2186,222752,26
2015-10-19,5.2383,5.2583,5.2182,5.2186,134520,26
2015-10-20,5.2182,5.2583,5.1781,5.1785,339120,25.8
2015-10-21,5.158,5.1981,5.1179,5.1183,226700,25.5
2015-10-22,5.1179,5.3186,5.0978,5.319,253652,26.5
2015-10-23,5.3186,5.3788,5.2784,5.2989,302800,26.4
2015-10-26,5.3587,5.3587,5.1781,5.1986,201410,25.9
2015-10-27,5.1981,5.2182,5.158,5.2186,97720,26
2015-10-28,5.2182,5.3788,5.2182,5.319,413000,26.5
2015-10-29,5.3186,5.4791,5.3186,5.4194,605010,27
2015-10-30,5.439,5.459,5.3587,5.3993,126130,26.9
2015-11-02,5.3988,5.3988,5.3386,5.3591,225200,26.7
2015-11-03,5.3587,5.4189,5.3386,5.4194,275266,27
2015-11-04,5.4189,5.4189,5.3386,5.3591,247514,26.7
2015-11-05,5.3587,5.3988,5.3587,5.3792,283028,26.8
2015-11-06,5.3788,5.5193,5.3587,5.4595,574878,27.2
2015-11-09,5.4582,5.5823,5.4086,5.4087,197045,21.8
2015-11-10,5.4086,5.4086,5.2101,5.2598,213165,21.2
2015-11-11,5.2597,5.4086,5.2597,5.3094,165630,21.4
2015-11-12,5.3093,5.3342,5.2349,5.3094,223020,21.4
2015-11-13,5.3093,5.359,5.2101,5.235,337920,21.1
2015-11-16,5.0116,5.2349,4.962,5.0117,528204,20.2
2015-11-17,5.0612,5.1357,5.0116,5.0613,205196,20.4
2015-11-18,5.0612,5.1357,5.0612,5.0613,90200,20.4
2015-11-19,5.0116,5.1853,5.0116,5.1854,249140,20.9
2015-11-20,5.2101,5.2101,5.1357,5.1358,68200,20.7
2015-11-23,5.1605,5.1605,5.1109,5.1358,154988,20.7
2015-11-24,5.1357,5.1357,5.0364,5.0862,222050,20.5
2015-11-25,5.0861,5.0861,4.9868,5.0117,151288,20.2
2015-11-26,5.0116,5.0364,4.962,4.9621,138200,20
2015-11-27,5.0116,5.0116,4.9124,4.9125,170500,19.8
2015-11-30,4.9124,4.9124,4.838,4.838,69800,19.5
2015-12-01,4.3666,4.9372,4.3666,4.8629,69139,19.6
2015-12-02,4.8876,4.962,4.8876,4.9125,73700,19.8
2015-12-03,4.9124,4.9124,4.8876,4.9125,39720,19.8
2015-12-04,4.9124,4.9124,4.8628,4.9125,71810,19.8
2015-12-07,4.8628,5.0116,4.8628,4.9125,102200,19.8
2015-12-08,4.9124,5.2101,4.8876,5.2102,184664,21
2015-12-09,5.2101,5.2597,5.0612,5.0613,197400,20.4
2015-12-10,5.0116,5.1109,4.962,4.9621,81200,20
2015-12-11,4.962,5.0861,4.962,4.9621,46300,20
2015-12-14,4.9868,4.9868,4.9124,4.9125,58910,19.8
2015-12-15,4.9372,5.0612,4.9124,5.0613,112000,20.4
2015-12-16,5.0861,5.0861,4.962,5.0365,47924,20.3
2015-12-17,4.9868,5.0861,4.962,5.0117,83103,20.2
2015-12-18,5.0116,5.0612,5.0116,5.0613,43300,20.4
2015-12-21,5.0612,5.0861,5.0116,5.0365,25900,20.3
2015-12-22,5.0364,5.0612,4.9124,5.0365,50000,20.3
2015-12-23,5.0364,5.0364,4.962,4.9621,10400,20
2015-12-24,4.9372,4.9868,4.8876,4.8877,82655,19.7
2015-12-25,4.8876,4.8876,4.7635,4.8629,138400,19.6
2015-12-28,4.8131,4.8628,4.7883,4.7884,30000,19.3
2015-12-29,4.7635,4.8131,4.7139,4.8132,126919,19.4
2015-12-30,4.8131,4.8131,4.7387,4.7388,90400,19.1
2015-12-31,4.7387,4.7387,4.6643,4.714,130146,19
2016-01-04,4.6643,4.6891,4.4658,4.6644,66761,18.8
2016-01-05,4.5899,4.6891,4.5899,4.5899,71700,18.5
2016-01-06,4.6147,4.6643,4.6147,4.6644,32080,18.8
2016-01-07,4.6891,4.6891,4.4906,4.4907,105250,18.1
2016-01-08,4.4658,4.5154,4.4162,4.4163,73972,17.8
2016-01-11,4.4162,4.4658,4.3666,4.3666,41000,17.6
2016-01-12,4.3666,4.5154,4.3666,4.5155,130450,18.2
2016-01-13,4.5154,4.6147,4.441,4.4411,41610,17.9
2016-01-14,4.4162,4.4658,4.3169,4.4659,108432,18
2016-01-15,4.5154,4.5154,4.2425,4.2426,30235,17.1
2016-01-18,4.2673,4.2673,3.9696,4.1682,137350,16.8
2016-01-19,4.1681,4.3418,4.1433,4.317,75622,17.4
2016-01-20,4.2177,4.3169,4.2177,4.2178,56200,17
2016-01-21,4.1681,4.2921,4.1681,4.193,71200,16.9
2016-01-22,4.1681,4.3169,4.1433,4.2178,86270,17
2016-01-25,4.2673,4.6395,4.2673,4.6396,309775,18.7
2016-01-26,4.6147,4.6395,4.441,4.5155,128100,18.2
2016-01-27,4.565,4.6395,4.565,4.6148,107600,18.6
2016-01-28,4.5899,4.838,4.5899,4.7636,242229,19.2
2016-01-29,4.8131,4.8131,4.7139,4.7636,61315,19.2
2016-02-01,4.7883,4.7883,4.6147,4.6644,32800,18.8
2016-02-02,4.5899,4.5899,4.4906,4.5403,82300,18.3
2016-02-03,4.5402,4.565,4.4658,4.5651,48100,18.4
2016-02-04,4.6643,4.6891,4.5899,4.5899,21400,18.5
2016-02-05,4.565,4.6147,4.565,4.5899,20650,18.5
2016-02-15,4.565,4.565,4.441,4.5651,41100,18.4
2016-02-16,4.565,4.5899,4.4906,4.5155,66500,18.2
2016-02-17,4.5154,4.5899,4.441,4.4907,124285,18.1
2016-02-18,4.4906,4.5402,4.4906,4.4907,74400,18.1
2016-02-19,4.4906,4.5154,4.4658,4.5155,89900,18.2
2016-02-22,4.5154,4.7635,4.4658,4.714,360791,19
2016-02-23,4.7139,4.7387,4.5899,4.6644,139896,18.8
2016-02-24,4.5899,4.6643,4.5899,4.6396,65720,18.7
2016-02-25,4.6147,4.7139,4.5899,4.6148,152910,18.6
2016-02-26,4.6395,4.7883,4.5899,4.714,438190,19
2016-02-29,4.7139,4.8876,4.7139,4.8132,473723,19.4
2016-03-01,4.8628,4.9124,4.7635,4.7884,255617,19.3
2016-03-02,4.7883,4.962,4.7883,4.9125,510320,19.8
2016-03-03,4.9124,5.0861,4.838,5.0613,834631,20.4
2016-03-04,5.0612,5.1853,5.0116,5.111,343262,20.6
2016-03-07,5.1109,5.1109,4.9868,5.0117,272321,20.2
2016-03-08,4.9868,5.0116,4.9124,5.0117,320782,20.2
2016-03-09,4.9372,5.1605,4.9372,5.1606,445390,20.8
2016-03-10,5.2101,5.2101,5.0612,5.1606,575618,20.8
2016-03-11,5.1605,5.4582,5.0612,5.2102,1036477,21
2016-03-14,5.2845,5.5574,5.2845,5.3591,958994,21.6
2016-03-15,5.2845,5.3838,5.2101,5.235,368665,21.1
2016-03-16,5.2349,5.2597,5.1605,5.2102,318954,21
2016-03-17,5.2101,5.2845,5.1357,5.1358,509988,20.7
2016-03-18,5.1605,5.1605,5.0116,5.0117,295470,20.2
2016-03-21,4.9868,5.0612,4.962,4.9869,159226,20.1
2016-03-22,4.9868,4.9868,4.8131,4.9621,369830,20
2016-03-23,4.9124,5.0612,4.9124,4.9621,137603,20
2016-03-24,5.0364,5.0364,4.9124,4.9125,187100,19.8
2016-03-25,4.9124,4.9868,4.8131,4.8132,123439,19.4
2016-03-28,4.9124,4.9124,4.7883,4.8629,238480,19.6
2016-03-29,4.8628,5.0116,4.838,4.838,179555,19.5
2016-03-30,4.8628,4.8876,4.8131,4.838,220380,19.5
2016-03-31,4.8628,4.8628,4.6643,4.6644,316200,18.8
2016-04-01,4.7635,4.7635,4.5154,4.5155,299970,18.2
2016-04-04,4.4658,4.6147,4.4162,4.4163,135325,17.8
2016-04-05,4.441,4.5154,4.441,4.4907,156295,18.1
2016-04-06,4.4658,4.5899,4.4658,4.5899,100948,18.5
2016-04-07,4.6643,4.7139,4.5899,4.6148,115850,18.6
2016-04-08,4.6147,4.8876,4.6147,4.7884,414380,19.3
2016-04-11,4.7883,4.838,4.7387,4.8132,156826,19.4
2016-04-12,4.7387,4.8131,4.7139,4.714,84560,19
2016-04-13,4.7139,4.7883,4.6395,4.6892,187161,18.9
2016-04-14,4.7635,4.7635,4.6643,4.6644,197674,18.8
2016-04-15,4.7635,4.7635,4.6643,4.714,67190,19
2016-04-19,4.7139,4.7139,4.565,4.5651,170029,18.4
2016-04-20,4.5402,4.6643,4.4658,4.4659,246000,18
2016-04-21,4.4658,4.5154,4.4162,4.4163,283332,17.8
2016-04-22,4.4162,4.5402,4.3914,4.5155,225678,18.2
2016-04-25,4.5402,4.6643,4.5154,4.6148,194503,18.6
2016-04-26,4.6395,4.6643,4.565,4.5899,176068,18.5
2016-04-27,4.5899,4.5899,4.4658,4.4659,132940,18
2016-04-28,4.4658,4.5899,4.4658,4.5899,345160,18.5
2016-04-29,4.6147,4.6395,4.565,4.6396,213460,18.7
2016-05-04,4.6147,4.6147,4.5402,4.6148,182260,18.6
2016-05-05,4.6147,4.962,4.5899,4.9125,538731,19.8
2016-05-06,4.962,5.0364,4.8628,4.8877,400270,19.7
2016-05-09,4.838,4.8628,4.6395,4.6892,164659,18.9
2016-05-10,4.6395,4.6643,4.565,4.6148,125200,18.6
2016-05-11,4.6147,4.7635,4.6147,4.6892,175611,18.9
2016-05-12,4.7387,4.7387,4.6147,4.6148,139400,18.6
2016-05-13,4.6395,4.6395,4.565,4.5651,139824,18.4
2016-05-16,4.6395,4.6891,4.565,4.6396,98330,18.7
2016-05-17,4.6643,4.7883,4.6643,4.7388,227950,19.1
2016-05-18,4.7635,4.8131,4.6395,4.6892,240004,18.9
2016-05-19,4.7139,4.8131,4.7139,4.7636,372463,19.2
2016-05-20,4.7635,4.838,4.7635,4.8132,149970,19.4
2016-05-23,4.8628,4.8876,4.6891,4.6892,365840,18.9
2016-05-24,4.6891,4.6891,4.5402,4.6148,438564,18.6
2016-05-25,4.5899,4.6395,4.5402,4.5403,125741,18.3
2016-05-26,4.5899,4.6147,4.4658,4.4907,441370,18.1
2016-05-27,4.4658,4.565,4.4658,4.5155,147074,18.2
2016-05-30,4.5402,4.5899,4.5402,4.5651,114705,18.4
2016-05-31,4.565,4.565,4.5154,4.5651,187642,18.4
2016-06-01,4.565,4.6395,4.565,4.6396,203730,18.7
2016-06-02,4.6395,4.6643,4.5899,4.6148,170940,18.6
2016-06-03,4.6395,4.6395,4.565,4.5651,176280,18.4
2016-06-06,4.5899,4.6147,4.5154,4.5403,219875,18.3
2016-06-07,4.565,4.565,4.5154,4.5403,171712,18.3
2016-06-08,4.5402,4.565,4.5402,4.5651,181275,18.4
2016-06-09,4.565,4.6643,4.5402,4.6396,314739,18.7
2016-06-10,4.6395,4.7635,4.6147,4.7388,344755,19.1
2016-06-13,4.6643,4.6891,4.5899,4.6148,95600,18.6
2016-06-14,4.5899,4.6147,4.565,4.6148,84702,18.6
2016-06-15,4.6147,4.6147,4.565,4.6148,157125,18.6
2016-06-16,4.6147,4.6147,4.565,4.5651,162624,18.4
2016-06-17,4.565,4.565,4.5154,4.5155,125450,18.2
2016-06-20,4.5402,4.5402,4.5154,4.5403,98516,18.3
2016-06-21,4.5154,4.5899,4.5154,4.5155,206130,18.2
2016-06-22,4.5154,4.565,4.4906,4.5155,66975,18.2
2016-06-23,4.5154,4.565,4.4906,4.5155,115790,18.2
2016-06-24,4.5402,4.565,4.0937,4.3418,355180,17.5
2016-06-27,4.3418,4.3418,4.1929,4.2674,147332,17.2
2016-06-28,4.2673,4.2921,4.1929,4.193,156810,16.9
2016-06-29,4.2177,4.3418,4.2177,4.2922,121822,17.3
2016-06-30,4.3418,4.3666,4.2673,4.2674,135276,17.2
2016-07-01,4.2921,4.3418,4.2673,4.317,156958,17.4
2016-07-04,4.3169,4.3418,4.2921,4.317,189770,17.4
2016-07-05,4.3169,4.3418,4.2425,4.3418,186940,17.5
2016-07-06,4.3418,4.3418,4.2673,4.317,92100,17.4
2016-07-07,4.2177,4.3418,4.2177,4.2922,160460,17.3
2016-07-08,4.2921,4.2921,4.2177,4.2178,170239,17
2016-07-11,4.2673,4.441,4.2177,4.2674,717445,17.2
2016-07-12,4.3666,4.3666,4.2673,4.2674,39418,17.2
2016-07-13,4.3418,4.3914,4.2921,4.3915,171574,17.7
2016-07-14,4.3914,4.3914,4.2921,4.2922,224400,17.3
2016-07-15,4.3169,4.3666,4.3169,4.317,162231,17.4
2016-07-18,4.2425,4.3169,4.2177,4.2178,256211,17
2016-07-19,4.2921,4.3169,4.2425,4.2922,91800,17.3
2016-07-20,4.2921,4.3169,4.2673,4.2922,139306,17.3
2016-07-21,4.2673,4.2673,4.2425,4.2674,79875,17.2
2016-07-22,4.2425,4.2425,4.1433,4.1682,180200,16.8
2016-07-25,4.1681,4.2177,4.1681,4.1682,139100,16.8
2016-07-26,4.1929,4.2425,4.1433,4.2426,102965,17.1
2016-07-27,4.2177,4.2425,4.1681,4.1682,51040,16.8
2016-07-28,4.1681,4.2177,4.1433,4.1682,240900,16.8
2016-07-29,4.1433,4.1929,4.1185,4.1185,95839,16.6
2016-08-01,4.1185,4.1185,4.0688,4.0937,35386,16.5
2016-08-02,4.0937,4.0937,3.92,4.0441,72748,16.3
2016-08-03,3.9944,4.044,3.9696,3.9697,61919,16
2016-08-04,3.9696,3.9944,3.8456,3.8456,57930,15.5
2016-08-05,3.8207,3.8207,3.5975,3.6471,178975,14.7
2016-08-08,3.7215,3.7215,3.6223,3.672,43700,14.8
2016-08-09,3.7215,3.7463,3.6967,3.7464,112900,15.1
2016-08-10,3.7463,3.7463,3.7215,3.7464,76003,15.1
2016-08-11,3.7463,4.1185,3.7215,4.1185,326050,16.6
2016-08-12,4.1185,4.3418,4.0937,4.0937,212140,16.5
2016-08-15,4.4756,4.4756,4.23,4.4758,592413,16.4
2016-08-16,4.5847,4.7212,4.3118,4.312,251000,15.8
2016-08-17,4.3118,4.3391,4.2572,4.3393,70000,15.9
2016-08-18,4.3118,4.3118,4.23,4.2574,72666,15.6
2016-08-19,4.2572,4.2572,4.1208,4.1756,58524,15.3
2016-08-22,4.1754,4.2027,4.1481,4.1756,35827,15.3
2016-08-23,4.2027,4.2027,4.1481,4.2029,55450,15.4
2016-08-24,4.2027,4.2027,4.1481,4.1483,48100,15.2
2016-08-25,4.1481,4.1754,4.1208,4.1483,65900,15.2
2016-08-26,4.1481,4.2845,4.0935,4.1756,143848,15.3
2016-08-29,4.23,4.23,4.0935,4.121,54247,15.1
2016-08-30,4.1208,4.1481,4.0662,4.0937,42142,15
2016-08-31,4.1754,4.1754,4.0935,4.1483,55900,15.2
2016-09-01,4.1754,4.1754,4.0935,4.0937,50910,15
2016-09-05,4.1208,4.1208,4.0116,4.0664,212528,14.9
2016-09-06,4.0389,4.0389,3.9298,3.9572,202000,14.5
2016-09-07,3.9298,3.9571,3.9025,3.9027,115470,14.3
2016-09-08,3.9025,3.9298,3.9025,3.9299,88060,14.4
2016-09-09,3.9298,3.9298,3.8206,3.8208,208510,14
2016-09-12,3.8479,3.8479,3.7114,3.7662,110320,13.8
2016-09-13,3.7933,3.8206,3.7387,3.7662,42500,13.8
2016-09-14,3.4113,3.7933,3.4113,3.7935,34000,13.9
2016-09-15,3.8479,3.9843,3.8206,3.9027,199419,14.3
2016-09-16,3.9298,3.9843,3.9298,3.9845,150330,14.6
2016-09-19,4.0116,4.0389,3.8206,3.9299,75218,14.4
2016-09-20,3.8206,3.9025,3.8206,3.8481,68900,14.1
2016-09-21,3.8752,3.9025,3.8206,3.9027,28410,14.3
2016-09-22,3.9298,3.9571,3.9025,3.9027,28027,14.3
2016-09-23,3.9298,3.9298,3.8206,3.8754,45268,14.2
2016-09-26,3.8752,3.9571,3.8752,3.9572,91305,14.5
2016-09-27,3.9298,3.9843,3.9298,3.9572,127162,14.5
2016-09-28,3.9571,4.0389,3.9571,4.0118,77568,14.7
2016-09-29,4.0662,4.2572,4.0662,4.1483,222559,15.2
2016-09-30,4.0935,4.23,4.0935,4.2301,139881,15.5
2016-10-03,4.23,4.23,4.1481,4.2029,91740,15.4
2016-10-04,4.1481,4.2572,4.1208,4.121,136825,15.1
2016-10-05,4.0662,4.1208,4.0389,4.0937,82200,15
2016-10-06,4.0935,4.0935,4.0389,4.0664,40870,14.9
2016-10-07,4.0935,4.0935,4.0389,4.0664,22700,14.9
2016-10-10,4.0935,4.2027,4.0935,4.0937,59260,15
2016-10-11,4.1481,4.1481,4.0662,4.0937,30600,15
2016-10-12,4.0935,4.1208,4.0662,4.0937,13300,15
2016-10-13,4.1481,4.1481,4.0935,4.121,92039,15.1
2016-10-14,4.0935,4.1208,4.0662,4.121,16772,15.1
2016-10-17,4.0662,4.1208,4.0662,4.0664,34500,14.9
2016-10-18,4.0935,4.0935,3.9843,3.9845,44933,14.6
2016-10-19,4.0116,4.23,3.9843,4.0937,154610,15
2016-10-20,4.0935,4.2027,3.9843,4.1483,161679,15.2
2016-10-21,4.1208,4.1208,4.0662,4.0664,17600,14.9
2016-10-24,4.0389,4.1208,4.0116,4.0664,44350,14.9
2016-10-25,4.0662,4.0662,3.9843,3.9845,51100,14.6
2016-10-26,4.0389,4.0389,3.9298,3.9845,56650,14.6
2016-10-27,4.0389,4.1208,4.0389,4.0937,52031,15
2016-10-28,4.0935,4.1208,4.0662,4.121,48400,15.1
2016-10-31,4.1208,4.1208,4.0389,4.0937,32161,15
2016-11-01,4.0662,4.0662,4.0389,4.0391,27700,14.8
2016-11-02,4.0389,4.0389,3.9843,3.9845,52880,14.6
2016-11-03,3.9843,3.9843,3.9025,3.9027,62450,14.3
2016-11-04,3.9298,3.9298,3.8479,3.9299,16521,14.4
2016-11-07,3.9571,3.9843,3.9298,3.9845,57205,14.6
2016-11-08,3.9843,4.0389,3.9571,4.0391,49930,14.8
2016-11-09,4.0389,4.0389,3.8752,3.9572,141431,14.5
2016-11-10,3.9843,3.9843,3.9571,3.9572,27539,14.5
2016-11-11,3.9843,4.0116,3.9298,3.9299,30622,14.4
2016-11-14,3.9298,3.9298,3.8752,3.9027,41964,14.3
2016-11-15,3.9843,3.9843,3.8752,3.9299,30926,14.4
2016-11-16,3.9298,3.9298,3.8752,3.9299,49472,14.4
2016-11-17,3.9298,3.9298,3.8206,3.8208,57033,14
2016-11-18,3.8206,3.8206,3.6842,3.6843,364286,13.5
2016-11-21,3.6842,3.6842,3.5477,3.5752,330223,13.1
2016-11-22,3.575,3.6296,3.5477,3.5752,40770,13.1
2016-11-23,3.5477,3.6569,3.5477,3.657,14720,13.4
2016-11-24,3.6296,3.8206,3.575,3.7935,123269,13.9
2016-11-25,3.7933,3.8206,3.7114,3.7389,30900,13.7
2016-11-28,3.6842,3.6842,3.6296,3.6297,8400,13.3
2016-11-29,3.5477,3.6842,3.2748,3.6024,48859,13.2
2016-11-30,3.5477,3.6023,3.4658,3.5752,95845,13.1
2016-12-01,3.5204,3.5477,3.4931,3.5479,97978,13
2016-12-02,3.5477,3.5477,3.4931,3.5479,59919,13
2016-12-05,3.4931,3.575,3.4658,3.5206,65674,12.9
2016-12-06,3.575,3.6842,3.4658,3.5206,29387,12.9
2016-12-07,3.5204,3.5204,3.384,3.466,27710,12.7
2016-12-08,3.4658,3.4658,3.3567,3.4114,33908,12.5
2016-12-09,3.4113,3.4931,3.4113,3.4387,46173,12.6
2016-12-12,3.384,3.4931,3.3567,3.3568,24015,12.3
2016-12-13,3.4113,3.4113,3.1929,3.275,46413,12
2016-12-14,3.2748,3.3294,3.2202,3.3022,43443,12.1
2016-12-15,3.3021,3.3294,3.3021,3.3295,45610,12.2
2016-12-16,3.3294,3.5204,3.3294,3.466,49094,12.7
2016-12-19,3.4113,3.5477,3.4113,3.5479,24470,13
2016-12-20,3.5204,3.575,3.4931,3.5479,47860,13
2016-12-21,3.4658,3.5477,3.4658,3.466,25750,12.7
2016-12-22,3.4658,3.4658,3.4113,3.4114,10471,12.5
2016-12-23,3.4113,3.4113,3.3294,3.4114,29551,12.5
2016-12-26,3.384,3.4113,3.3567,3.3841,21940,12.4
2016-12-27,3.3567,3.3567,3.3021,3.3295,21200,12.2
2016-12-28,3.3294,3.4385,3.3021,3.3295,14186,12.2
2016-12-29,3.3294,3.4113,3.3021,3.3568,22771,12.3
2016-12-30,3.3021,3.3567,3.3021,3.3568,6204,12.3
2017-01-03,3.3294,3.3567,3.3294,3.3568,8155,12.3
2017-01-04,3.384,3.384,3.3294,3.3568,16310,12.3
2017-01-05,3.3294,3.3567,3.2748,3.3295,61100,12.2
2017-01-06,3.3294,3.3294,3.3021,3.3295,34500,12.2
2017-01-09,3.3294,3.3567,3.2748,3.3295,31206,12.2
2017-01-10,3.3021,3.3021,3.2748,3.275,22257,12
2017-01-11,3.2748,3.4113,3.2748,3.4114,52735,12.5
2017-01-12,3.3567,3.384,3.3294,3.3841,15311,12.4
2017-01-13,3.3021,3.3567,3.3021,3.3568,17328,12.3
2017-01-16,3.2748,3.2748,3.2475,3.275,26300,12
2017-01-17,3.3021,3.3021,3.2748,3.275,34529,12
2017-01-18,3.2748,3.3021,3.2748,3.275,14217,12
2017-01-19,3.2202,3.2475,3.1929,3.2477,39100,11.9
2017-01-20,3.1929,3.2475,3.1929,3.2477,26471,11.9
2017-01-23,3.2202,3.2748,3.2202,3.2477,44735,11.9
2017-01-24,3.2475,3.3021,3.2202,3.2204,15696,11.8
2017-01-25,3.2475,3.2475,3.2202,3.2204,8810,11.8
2017-02-02,3.3021,3.4113,3.2202,3.2477,19150,11.9
2017-02-03,3.2202,3.2475,3.1656,3.2204,123481,11.8
2017-02-06,3.2475,3.2748,3.1929,3.275,54508,12
2017-02-07,3.2475,3.2475,3.2202,3.2477,75188,11.9
2017-02-08,3.2202,3.2202,3.1929,3.2204,47870,11.8
2017-02-09,3.2202,3.5204,3.2202,3.466,228985,12.7
2017-02-10,3.5204,3.5204,3.384,3.4114,53284,12.5
2017-02-13,3.4658,3.5477,3.4385,3.4387,44745,12.6
2017-02-14,3.4658,3.4658,3.2748,3.3841,167510,12.4
2017-02-15,3.4113,3.4113,3.3021,3.4114,97129,12.5
2017-02-16,3.4385,3.4658,3.3567,3.3568,62450,12.3
2017-02-17,3.3567,3.4658,3.3567,3.4387,114156,12.6
2017-02-20,3.4385,3.5477,3.4385,3.4933,316228,12.8
2017-02-21,3.4931,3.7387,3.4931,3.6024,237583,13.2
2017-02-22,3.6569,3.6569,3.5477,3.5479,121366,13
2017-02-23,3.5477,3.6569,3.4658,3.657,250854,13.4
2017-02-24,3.6569,3.8752,3.6569,3.7935,481045,13.9
2017-02-27,3.7114,3.8206,3.6569,3.7662,109402,13.8
2017-02-28,3.7387,3.7933,3.6569,3.6843,102650,13.5
2017-03-01,3.6842,3.7933,3.5204,3.657,182358,13.4
2017-03-02,3.7114,3.766,3.4931,3.5752,166182,13.1
2017-03-03,3.575,3.6296,3.5204,3.6297,71448,13.3
2017-03-06,3.6296,3.7387,3.575,3.6843,171323,13.5
2017-03-07,3.6023,3.766,3.6023,3.7662,252347,13.8
2017-03-08,3.7933,4.0935,3.7933,3.9299,504660,14.4
2017-03-09,4.0389,4.0662,3.8479,3.8481,232259,14.1
2017-03-10,3.8479,3.9571,3.8479,3.8481,257014,14.1
2017-03-13,3.8479,3.9298,3.8479,3.8481,178750,14.1
2017-03-14,3.8479,3.8752,3.766,3.8208,130388,14
2017-03-15,3.8206,3.8752,3.766,3.7662,180478,13.8
2017-03-16,3.766,3.8752,3.766,3.8481,172989,14.1
2017-03-17,3.9025,3.9025,3.8479,3.9027,161940,14.3
2017-03-20,3.9025,3.9571,3.8479,3.8481,235570,14.1
2017-03-21,3.8479,3.8479,3.766,3.7935,185390,13.9
2017-03-22,3.7933,3.8479,3.7114,3.7389,132160,13.7
2017-03-23,3.7387,3.7933,3.7114,3.7389,75860,13.7
2017-03-24,3.7933,3.7933,3.6842,3.7389,78114,13.7
2017-03-27,3.766,3.8206,3.7114,3.7116,63394,13.6
2017-03-28,3.7387,3.766,3.6569,3.657,143438,13.4
2017-03-29,3.7114,3.7114,3.6296,3.657,34150,13.4
2017-03-30,3.6296,3.6569,3.5204,3.6024,158612,13.2
2017-03-31,3.7114,3.766,3.5477,3.7389,104918,13.7
2017-04-03,3.6842,3.6842,3.575,3.657,68244,13.4
2017-04-04,3.6023,3.766,3.6023,3.7662,144732,13.8
2017-04-05,3.766,3.7933,3.6842,3.7116,103573,13.6
2017-04-07,3.7387,3.7387,3.6296,3.7116,43499,13.6
2017-04-10,3.7114,3.7114,3.6023,3.6297,60777,13.3
2017-04-11,3.6023,3.6569,3.575,3.6297,73630,13.3
2017-04-12,3.6296,3.6296,3.6023,3.6024,73443,13.2
2017-04-13,3.6023,3.7114,3.6023,3.657,91650,13.4
2017-04-14,3.6023,3.6296,3.5477,3.6297,83855,13.3
2017-04-17,3.6296,3.6296,3.4931,3.5206,45790,12.9
2017-04-18,3.5477,3.575,3.4931,3.5479,135400,13
2017-04-19,3.5477,3.5477,3.5204,3.5479,105405,13
2017-04-20,3.5477,3.575,3.4931,3.5479,63705,13
2017-04-21,3.5477,3.5477,3.4931,3.5479,23100,13
2017-04-24,3.5477,3.5477,3.4931,3.4933,64800,12.8
2017-04-25,3.4931,3.5204,3.4931,3.4933,65400,12.8
2017-04-26,3.4931,3.4931,3.4658,3.4933,44400,12.8
2017-04-27,3.4931,3.575,3.4931,3.5752,70242,13.1
2017-04-28,3.4931,3.5477,3.4931,3.5479,35600,13
2017-05-03,3.5204,3.5477,3.4931,3.4933,52225,12.8
2017-05-04,3.4658,3.5204,3.4658,3.4933,25200,12.8
2017-05-05,3.4931,3.5204,3.4658,3.4933,19816,12.8
2017-05-08,3.5204,3.5477,3.4385,3.5206,57254,12.9
2017-05-09,3.5204,3.5204,3.4385,3.4933,112270,12.8
2017-05-10,3.4658,3.6569,3.4658,3.6297,291744,13.3
2017-05-11,3.6842,3.6842,3.575,3.6024,110479,13.2
2017-05-12,3.6296,3.9571,3.6296,3.9572,951001,14.5
2017-05-15,4.0116,4.3391,3.9843,4.2301,858578,15.5
2017-05-16,4.23,4.2845,4.0935,4.121,171397,15.1
2017-05-17,4.0935,4.2027,3.9298,4.1756,408218,15.3
2017-05-18,4.2027,4.23,4.0116,4.0118,328627,14.7
2017-05-19,4.0116,4.1208,3.9843,4.121,210234,15.1
2017-05-22,4.1208,4.1754,3.9298,3.9299,429920,14.4
2017-05-23,3.9571,3.9571,3.766,3.8208,396072,14
2017-05-24,3.8206,3.9571,3.7933,3.9299,220827,14.4
2017-05-25,3.9571,4.1481,3.9025,4.0391,362812,14.8
2017-05-26,4.0389,4.0389,3.9571,3.9572,183988,14.5
2017-05-29,3.9843,4.0935,3.9843,4.0664,271471,14.9
2017-05-30,4.0662,4.0662,3.9843,3.9845,190253,14.6
2017-05-31,3.9843,4.0389,3.9298,4.0391,154114,14.8
2017-06-01,4.0116,4.0389,3.9843,4.0391,138513,14.8
2017-06-02,4.0116,4.0116,3.9025,3.9845,129964,14.6
2017-06-05,3.9843,3.9843,3.9298,3.9572,87519,14.5
2017-06-06,3.9571,4.1754,3.9571,4.0937,374570,15
2017-06-07,4.0935,4.1481,4.0116,4.0118,177836,14.7
2017-06-08,4.0662,4.3937,4.0389,4.2847,1057568,15.7
2017-06-09,4.2845,4.2845,4.1481,4.1483,229035,15.2
2017-06-12,4.1208,4.1754,4.0662,4.0937,234540,15
2017-06-13,4.0662,4.0935,3.9843,3.9845,384930,14.6
2017-06-14,4.0116,4.0662,3.9298,3.9845,372932,14.6
2017-06-15,3.9843,3.9843,3.9298,3.9572,210354,14.5
2017-06-16,3.9843,3.9843,3.9298,3.9572,127955,14.5
2017-06-19,4.0389,4.0662,3.9571,3.9845,109282,14.6
2017-06-20,3.9843,4.0662,3.9571,4.0664,222257,14.9
2017-06-21,4.0935,4.0935,3.9571,3.9572,193408,14.5
2017-06-22,3.9571,4.0389,3.9025,3.9572,300412,14.5
2017-06-23,3.9843,4.0116,3.9298,3.9572,153309,14.5
2017-06-26,3.9843,3.9843,3.8479,3.8754,252874,14.2
2017-06-27,3.8752,3.9571,3.8479,3.9027,83164,14.3
2017-06-28,3.9025,3.9025,3.8479,3.8754,81380,14.2
2017-06-29,4.192,4.192,3.8645,3.9629,126004,12.1
2017-06-30,3.93,3.9628,3.8645,3.8646,129757,11.8
2017-07-03,3.8973,3.9628,3.8318,3.8318,109583,11.7
2017-07-04,3.8973,3.8973,3.799,3.8318,102905,11.7
2017-07-05,3.8318,3.9628,3.8318,3.8646,73423,11.8
2017-07-06,3.8645,3.93,3.8645,3.8646,68680,11.8
2017-07-07,3.8645,3.9955,3.8318,3.8973,302355,11.9
2017-07-10,3.93,3.93,3.8318,3.8646,189614,11.8
2017-07-11,3.8973,3.8973,3.8318,3.8646,59424,11.8
2017-07-12,3.8318,3.8645,3.799,3.8318,133604,11.7
2017-07-13,3.8318,3.8645,3.799,3.8318,78420,11.7
2017-07-14,3.8318,3.8318,3.799,3.7991,102374,11.6
2017-07-17,3.799,3.799,3.7335,3.7336,101030,11.4
2017-07-18,3.7008,3.7335,3.668,3.7336,61297,11.4
2017-07-19,3.7335,3.7335,3.7008,3.7008,119988,11.3
2017-07-20,3.7008,3.8645,3.7008,3.7663,122734,11.5
2017-07-21,3.7663,3.8318,3.7335,3.7663,138900,11.5
2017-07-24,3.7663,3.7663,3.7008,3.7008,61901,11.3
2017-07-25,3.7008,3.7663,3.7008,3.7663,68423,11.5
2017-07-26,3.7663,3.8645,3.7335,3.8646,210407,11.8
2017-07-27,3.8973,3.8973,3.799,3.7991,178516,11.6
2017-07-28,3.8645,4.1265,3.8645,3.9956,797607,12.2
2017-07-31,4.0938,4.1265,3.9955,4.0939,723951,12.5
2017-08-01,4.0938,4.0938,3.9955,4.0611,108911,12.4
2017-08-02,4.0283,4.061,3.9628,4.0284,218306,12.3
2017-08-03,4.0283,4.0283,3.93,3.9301,381610,12
2017-08-04,3.93,4.0283,3.8973,3.9956,247738,12.2
2017-08-07,3.9628,3.9628,3.8973,3.9629,212440,12.1
2017-08-08,3.93,3.9628,3.8973,3.9629,237815,12.1
2017-08-09,3.8973,3.8973,3.799,3.8318,176766,11.7
2017-08-10,3.8318,3.8973,3.8318,3.8318,115000,11.7
2017-08-11,3.8318,3.8318,3.799,3.7991,82900,11.6
2017-08-14,3.799,3.8645,3.799,3.8318,111323,11.7
2017-08-15,3.8645,3.8645,3.7335,3.7991,177143,11.6
2017-08-16,3.799,3.799,3.7335,3.7336,202345,11.4
2017-08-17,3.7663,3.7663,3.7008,3.7336,250852,11.4
2017-08-18,3.7008,3.7663,3.668,3.7663,265630,11.5
2017-08-21,3.7663,3.8645,3.7663,3.8318,162295,11.7
2017-08-22,3.8318,3.8318,3.7663,3.8318,151110,11.7
2017-08-23,3.8318,3.8318,3.7663,3.7991,65000,11.6
2017-08-24,3.799,3.8318,3.7663,3.7991,78305,11.6
2017-08-25,3.8318,3.8318,3.7335,3.7991,315211,11.6
2017-08-28,3.799,3.799,3.7335,3.7991,204453,11.6
2017-08-29,3.7663,3.799,3.7335,3.7336,118515,11.4
2017-08-30,3.7335,3.7663,3.7335,3.7336,113802,11.4
2017-08-31,3.7335,3.7663,3.7335,3.7663,92820,11.5
2017-09-01,3.7335,3.7663,3.7335,3.7663,40315,11.5
2017-09-05,3.7663,3.799,3.7335,3.7663,57350,11.5
2017-09-06,3.7663,3.7663,3.7335,3.7663,86385,11.5
2017-09-07,3.7663,3.9628,3.7335,3.8973,496544,11.9
2017-09-08,3.8973,3.93,3.8645,3.9301,242500,12
2017-09-11,3.8973,4.061,3.8973,3.9956,372609,12.2
2017-09-12,3.9955,3.9955,3.8973,3.9301,422500,12
2017-09-13,4.0938,4.1265,3.93,4.1266,869005,12.6
2017-09-14,4.1593,4.1593,4.061,4.1266,471392,12.6
2017-09-15,3.93,4.3558,3.93,4.3559,1231260,13.3
2017-09-18,4.3558,4.6505,4.3558,4.5196,1378879,13.8
2017-09-19,4.585,4.6178,4.5195,4.5524,456930,13.9
2017-09-20,4.5523,4.5523,4.454,4.5196,512400,13.8
2017-09-21,4.454,4.8143,4.4213,4.8144,1400219,14.7
2017-09-22,4.847,5.0435,4.8143,4.9126,1307705,15
2017-09-25,5.0763,5.0763,4.7488,4.7489,862767,14.5
2017-09-26,4.7815,4.847,4.6833,4.8471,437578,14.8
2017-09-27,4.847,4.847,4.716,4.7489,553404,14.5
2017-09-28,4.7488,4.9453,4.7488,4.8144,897023,14.7
2017-09-29,4.8143,5.0108,4.8143,4.9781,887833,15.2
2017-10-02,4.978,5.0435,4.847,4.9126,365160,15
2017-10-03,4.9453,4.9453,4.6505,4.8144,921071,14.7
2017-10-04,4.7815,4.847,4.7488,4.8471,467144,14.8
2017-10-05,4.847,5.0108,4.8143,4.9454,779174,15.1
2017-10-06,4.978,4.978,4.8798,4.9126,529013,15
2017-10-09,4.9453,5.0763,4.847,4.8799,357756,14.9
2017-10-10,4.8798,4.8798,4.7815,4.8471,249701,14.8
2017-10-11,4.847,4.8798,4.7815,4.8471,319258,14.8
2017-10-12,4.8143,4.847,4.7488,4.7816,319180,14.6
2017-10-13,4.7815,4.8143,4.716,4.7161,345030,14.4
2017-10-16,4.716,4.8143,4.6833,4.7489,239018,14.5
2017-10-17,4.7488,4.7815,4.585,4.6506,680112,14.2
2017-10-18,4.6833,4.847,4.6505,4.6506,590560,14.2
2017-10-19,4.6505,4.6505,4.4868,4.4869,575646,13.7
2017-10-20,4.5523,4.6178,4.5195,4.5196,354164,13.8
2017-10-23,4.6178,4.6178,4.3885,4.3886,384204,13.4
2017-10-24,4.4213,4.454,4.323,4.3559,326105,13.3
2017-10-25,4.3558,4.4213,4.2248,4.2576,460480,13
2017-10-26,4.2575,4.323,4.2248,4.2576,343200,13
2017-10-27,4.192,4.2575,4.192,4.2249,115079,12.9
2017-10-30,4.1593,4.2903,4.1593,4.2249,208783,12.9
2017-10-31,4.1593,4.2575,4.0938,4.1266,158410,12.6
2017-11-01,4.1265,4.192,4.0938,4.1594,145840,12.7
2017-11-02,4.1593,4.1593,4.0283,4.0284,147924,12.3
2017-11-03,3.9955,4.1593,3.8645,4.1266,403897,12.6
2017-11-06,4.2248,4.4868,4.1265,4.4869,369978,13.7
2017-11-07,4.4868,4.5195,4.3558,4.3886,241483,13.4
2017-11-08,4.3885,4.454,4.323,4.4214,214121,13.5
2017-11-09,4.3558,4.3885,4.2575,4.3231,296080,13.2
2017-11-10,4.323,4.5523,4.323,4.4541,641897,13.6
2017-11-13,4.454,4.585,4.3558,4.3559,191432,13.3
2017-11-14,4.4213,4.4213,4.2248,4.2904,214310,13.1
2017-11-15,4.3885,4.3885,4.2248,4.3231,300765,13.2
2017-11-16,4.3558,4.454,4.323,4.3886,346654,13.4
2017-11-17,4.4213,4.4213,4.2903,4.3559,209171,13.3
2017-11-20,4.323,4.3558,4.2903,4.2904,227750,13.1
2017-11-21,4.323,4.323,4.2248,4.2249,239778,12.9
2017-11-22,4.2248,4.323,4.1593,4.1594,584520,12.7
2017-11-23,4.192,4.2575,4.1593,4.1594,214075,12.7
2017-11-24,4.1265,4.3885,4.1265,4.3886,469380,13.4
2017-11-27,4.4213,4.5523,4.3885,4.4214,525664,13.5
2017-11-28,4.4868,4.4868,4.323,4.3886,180720,13.4
2017-11-29,4.3885,4.4213,4.323,4.3886,322639,13.4
2017-11-30,4.3885,4.5195,4.3558,4.5196,513895,13.8
2017-12-01,4.5195,4.5523,4.454,4.5524,439995,13.9
2017-12-04,4.585,4.8798,4.585,4.8471,944118,14.8
2017-12-05,4.9125,4.9125,4.6505,4.6506,800185,14.2
2017-12-06,4.6505,4.716,4.585,4.6506,487179,14.2
2017-12-07,4.7488,4.847,4.6505,4.7489,522340,14.5
2017-12-08,4.7815,4.847,4.6178,4.6834,421081,14.3
2017-12-11,4.585,4.6833,4.4868,4.5196,474489,13.8
2017-12-12,4.5195,4.585,4.1265,4.3559,490412,13.3
2017-12-13,4.3885,4.3885,4.2575,4.3231,296930,13.2
2017-12-14,4.2903,4.454,4.2903,4.4214,164467,13.5
2017-12-15,4.454,4.585,4.4213,4.5524,233141,13.9
2017-12-18,4.585,4.716,4.585,4.6834,698468,14.3
2017-12-19,4.6833,4.6833,4.5195,4.5851,568550,14
2017-12-20,4.5523,4.6178,4.5523,4.5524,233694,13.9
2017-12-21,4.5195,4.585,4.2903,4.5196,315020,13.8
2017-12-22,4.5195,4.5523,4.454,4.4869,295203,13.7
2017-12-25,4.2903,4.4868,4.2903,4.4214,355004,13.5
2017-12-26,4.4213,4.4868,4.4213,4.4541,147360,13.6
2017-12-27,4.5195,4.6178,4.4868,4.4869,238639,13.7
2017-12-28,4.4868,4.5523,4.454,4.5196,252175,13.8
2017-12-29,4.585,4.585,4.454,4.4541,299682,13.6
2018-01-02,4.5195,4.585,4.454,4.5851,425841,14
2018-01-03,4.585,4.585,4.454,4.4541,438699,13.6
2018-01-04,4.5523,4.7488,4.5523,4.6506,762249,14.2
2018-01-05,4.6505,4.6833,4.5523,4.6179,437184,14.1
2018-01-08,4.585,4.6178,4.5195,4.6179,372514,14.1
2018-01-09,4.6505,4.847,4.5523,4.8471,1171399,14.8
2018-01-10,4.847,5.109,4.847,5.0436,2139500,15.4
2018-01-11,5.0435,5.0435,4.9125,5.0109,708450,15.3
2018-01-12,5.0108,5.1745,4.9453,4.9454,898739,15.1
2018-01-15,5.0763,5.0763,4.8798,5.0764,730837,15.5
2018-01-16,5.109,5.1745,4.978,5.1091,959434,15.6
2018-01-17,5.109,5.3383,5.0108,5.0109,1334349,15.3
2018-01-18,5.0108,5.0763,4.847,5.0436,742981,15.4
2018-01-19,5.0435,5.0763,4.9125,4.9454,643950,15.1
2018-01-22,4.9453,4.9453,4.6833,4.7161,973768,14.4
2018-01-23,4.6505,4.9453,4.6505,4.9126,411084,15
2018-01-24,5.0108,5.3055,4.9453,5.2074,1880461,15.9
2018-01-25,5.24,5.4038,5.109,5.1419,1060692,15.7
2018-01-26,5.24,5.3055,5.109,5.1419,457443,15.7
2018-01-29,5.1418,5.2073,4.9453,4.9454,819294,15.1
2018-01-30,4.9453,5.0435,4.847,4.9781,485938,15.2
2018-01-31,5.0763,5.1745,4.9125,4.9126,563574,15
2018-02-01,4.9125,5.0108,4.8143,4.8144,370710,14.7
2018-02-02,4.7815,4.847,4.7815,4.8144,180920,14.7
2018-02-05,4.7815,4.7815,4.3558,4.3559,568442,13.3
2018-02-06,4.2575,4.2575,3.93,4.0939,1056164,12.5
2018-02-07,4.192,4.454,4.192,4.2904,629278,13.1
2018-02-08,4.3558,4.3885,4.2575,4.3231,271191,13.2
2018-02-09,4.2575,4.3885,4.0283,4.3886,473114,13.4
2018-02-12,4.4213,4.5523,4.4213,4.5524,186280,13.9
2018-02-13,4.585,4.6178,4.4868,4.6179,122410,14.1
2018-02-21,4.6505,4.8143,4.6178,4.8144,564114,14.7
2018-02-22,4.8798,5.2728,4.7488,5.1746,1605366,15.8
2018-02-23,5.1745,5.3383,5.1745,5.3056,1098905,16.2
2018-02-26,5.3055,5.4038,5.0435,5.0764,1196669,15.5
2018-02-27,5.0763,5.2073,5.0108,5.1746,505885,15.8
2018-02-28,5.1418,5.5348,5.0435,5.5349,1490989,16.9
2018-03-01,5.4693,5.5675,5.3383,5.4039,754945,16.5
2018-03-02,5.4038,5.502,5.24,5.4694,932520,16.7
2018-03-05,5.4693,5.5675,4.978,4.9781,868743,15.2
2018-03-06,5.0435,5.2073,4.978,5.2074,762898,15.9
2018-03-07,5.2728,5.2728,4.978,5.0109,678550,15.3
2018-03-08,5.0435,5.24,5.0435,5.1746,665770,15.8
2018-03-09,5.24,5.4038,5.109,5.1091,826230,15.6
2018-03-12,5.2073,5.2073,4.978,5.0109,331857,15.3
2018-03-13,5.0108,5.109,4.9453,5.0764,509335,15.5
2018-03-14,5.0763,5.0763,4.978,4.9781,596688,15.2
2018-03-15,4.978,5.0763,4.9453,5.0436,476350,15.4
2018-03-16,5.0763,5.0763,5.0108,5.0436,348740,15.4
2018-03-19,5.0435,5.0435,4.9125,4.9126,389405,15
2018-03-20,4.8798,4.9125,4.8143,4.9126,217448,15
2018-03-21,4.9125,4.9125,4.8143,4.8144,351369,14.7
2018-03-22,4.8143,4.8143,4.6505,4.6506,503728,14.2
2018-03-23,4.6505,4.6505,4.4213,4.5196,424735,13.8
2018-03-26,4.585,4.7488,4.5523,4.7489,183682,14.5
2018-03-27,4.7815,4.9125,4.716,4.7161,268312,14.4
2018-03-28,4.7488,4.7488,4.6178,4.6506,184326,14.2
2018-03-29,4.6505,4.6505,4.585,4.5851,161120,14
2018-03-30,4.585,4.716,4.5523,4.6834,164420,14.3
2018-04-02,4.6833,4.6833,4.585,4.6179,194227,14.1
2018-04-03,4.6178,4.6178,4.5523,4.5524,225010,13.9
2018-04-04,4.585,4.6833,4.5523,4.5851,285330,14
2018-04-05,4.585,4.7488,4.5523,4.7489,84684,14.5
2018-04-06,4.7488,4.7488,4.6505,4.6834,231899,14.3
2018-04-09,4.6505,4.6505,4.585,4.5851,230181,14
2018-04-10,4.585,4.6505,4.5523,4.5851,221024,14
2018-04-11,4.585,4.6178,4.5195,4.5196,258900,13.8
2018-04-12,4.4868,4.5195,4.4213,4.5196,115309,13.8
2018-04-13,4.5523,4.7815,4.5523,4.6506,330031,14.2
2018-04-16,4.6833,4.6833,4.5195,4.5196,142460,13.8
2018-04-17,4.585,4.6178,4.5195,4.6179,126765,14.1
2018-04-18,4.6505,4.6505,4.5523,4.5851,221934,14
2018-04-19,4.5523,4.585,4.4868,4.4869,194856,13.7
2018-04-20,4.5195,4.5523,4.454,4.5524,98298,13.9
2018-04-23,4.5523,4.585,4.2575,4.4214,311640,13.5
2018-04-24,4.4213,4.4213,4.2903,4.3886,180530,13.4
2018-04-26,4.3885,4.3885,4.1265,4.1266,237441,12.6
2018-04-27,4.1265,4.4213,4.1265,4.2904,367575,13.1
2018-05-02,4.323,4.323,4.2248,4.2576,80563,13
2018-05-03,4.2575,4.2575,4.1593,4.2249,163504,12.9
2018-05-04,4.2903,4.2903,4.192,4.2249,125773,12.9
2018-05-07,4.2248,4.3558,4.2248,4.2904,167050,13.1
2018-05-08,4.2903,4.2903,4.2248,4.2576,142733,13
2018-05-09,4.2575,4.323,4.2248,4.3231,96530,13.2
2018-05-10,4.4213,4.4213,4.192,4.2576,151906,13
2018-05-11,4.2575,4.2903,4.192,4.2576,105337,13
2018-05-14,4.2575,4.4213,4.2248,4.3886,206687,13.4
2018-05-15,4.454,4.585,4.3885,4.4869,195266,13.7
2018-05-16,4.5195,4.5195,4.3885,4.4541,114430,13.6
2018-05-17,4.4213,4.454,4.3558,4.3559,260502,13.3
2018-05-18,4.3885,4.3885,4.2903,4.3886,117050,13.4
2018-05-21,4.3558,4.3885,4.2903,4.2904,103238,13.1
2018-05-22,4.2903,4.323,4.1265,4.1921,299800,12.8
2018-05-23,4.192,4.2248,4.1593,4.2249,100020,12.9
2018-05-24,4.2248,4.2575,4.1593,4.1921,117404,12.8
2018-05-25,4.192,4.2248,4.0938,4.1594,188587,12.7
2018-05-28,4.1593,4.1593,3.799,3.8646,397922,11.8
2018-05-29,3.9628,4.061,3.8645,3.9956,252726,12.2
2018-05-30,3.9955,4.0283,3.93,3.9629,131500,12.1
2018-05-31,3.9628,4.061,3.9628,4.0611,99524,12.4
2018-06-01,4.061,4.0938,3.9955,4.0611,156100,12.4
2018-06-04,4.061,4.1593,4.061,4.0939,119510,12.5
2018-06-05,4.0938,4.192,4.061,4.1266,257752,12.6
2018-06-06,4.1593,4.454,4.1593,4.4214,296000,13.5
2018-06-07,4.454,4.4868,4.323,4.3559,232646,13.3
2018-06-08,4.323,4.3885,4.2903,4.3231,217720,13.2
2018-06-11,4.2903,4.323,4.192,4.1921,244785,12.8
2018-06-12,4.192,4.192,4.0283,4.1594,235450,12.7
2018-06-13,4.1593,4.2248,4.1265,4.1921,124833,12.8
2018-06-14,4.2248,4.2903,4.1593,4.2249,209100,12.9
2018-06-15,4.2248,4.2575,4.192,4.1921,64500,12.8
2018-06-18,4.2248,4.2248,4.0938,4.1266,95030,12.6
2018-06-19,4.0938,4.0938,3.8645,3.9629,227880,12.1
2018-06-20,3.9628,4.0283,3.9628,4.0284,107554,12.3
2018-06-21,3.9955,4.0283,3.9628,3.9956,56500,12.2
2018-06-22,3.9955,4.0283,3.9955,3.9956,65786,12.2
2018-06-25,4.4016,4.4016,4.0872,4.1661,143430,10.6
2018-06-26,4.2837,4.2837,4.1265,4.1661,75300,10.6
2018-06-27,4.1658,4.2837,4.1658,4.1661,103766,10.6
2018-06-28,3.7728,4.1658,3.7728,4.0875,108100,10.4
2018-06-29,4.0872,4.1265,4.0479,4.0875,67234,10.4
2018-07-02,4.0872,4.0872,3.9693,3.9696,167965,10.1
2018-07-03,4.0086,4.0086,3.8907,3.891,138590,9.9
2018-07-04,3.9693,3.9693,3.8907,3.9696,76900,10.1
2018-07-05,3.9693,3.9693,3.8514,3.891,99800,9.9
2018-07-06,3.8514,4.0086,3.8514,4.0089,247910,10.2
2018-07-09,3.93,4.0479,3.93,3.9696,32000,10.1
2018-07-10,4.0086,4.0086,3.9693,4.0089,62600,10.2
2018-07-11,3.93,3.9693,3.8514,3.8517,66700,9.8
2018-07-12,3.9693,3.9693,3.8907,3.891,97900,9.9
2018-07-13,4.0086,4.0479,3.9693,3.9696,111510,10.1
2018-07-16,4.0479,4.0872,3.9693,4.0482,192600,10.3
2018-07-17,4.0479,4.2444,4.0479,4.2447,234108,10.8
2018-07-18,4.2444,4.2837,4.2051,4.284,179766,10.9
2018-07-19,4.323,4.4802,4.323,4.4019,245700,11.2
2018-07-20,4.4409,4.6767,4.4409,4.5984,458318,11.7
2018-07-23,4.6374,4.716,4.5981,4.5984,279530,11.7
2018-07-24,4.6374,4.6374,4.4802,4.5984,267100,11.7
2018-07-25,4.5195,4.5588,4.4409,4.4412,167483,11.3
2018-07-26,4.4802,4.5195,4.4016,4.4412,117360,11.3
2018-07-27,4.4016,4.5588,4.4016,4.4805,107458,11.4
2018-07-30,4.4802,4.5195,4.4409,4.5198,116113,11.5
2018-07-31,4.5195,4.6767,4.4802,4.677,362712,11.9
2018-08-01,4.6767,4.6767,4.5588,4.5591,95020,11.6
2018-08-02,4.5588,4.5588,4.4802,4.5591,58800,11.6
2018-08-03,4.5195,4.5981,4.5195,4.5591,156300,11.6
2018-08-06,4.4409,4.5981,4.4409,4.4805,108871,11.4
2018-08-07,4.4409,4.5981,4.4409,4.5591,113222,11.6
2018-08-08,4.5588,4.5981,4.4409,4.4412,277540,11.3
2018-08-09,4.4802,4.5195,4.4016,4.5198,103381,11.5
2018-08-10,4.4802,4.4802,4.4016,4.4412,115900,11.3
2018-08-13,4.4016,4.4409,4.3623,4.3626,230420,11.1
2018-08-14,4.3623,4.4409,4.3623,4.4019,113885,11.2
2018-08-15,4.3623,4.4409,4.1265,4.3626,163808,11.1
2018-08-16,4.3623,4.4016,4.323,4.3626,95666,11.1
2018-08-17,4.4016,4.5981,4.4016,4.5591,688300,11.6
2018-08-20,4.5588,4.6767,4.5588,4.5591,350530,11.6
2018-08-21,4.5981,4.6374,4.5195,4.5198,242358,11.5
2018-08-22,4.5195,4.6374,4.5195,4.5984,270299,11.7
2018-08-23,4.5981,4.5981,4.5588,4.5984,169590,11.7
2018-08-24,4.5981,4.5981,4.5195,4.5591,390043,11.6
2018-08-27,4.5588,4.5588,4.4802,4.4805,264657,11.4
2018-08-28,4.5195,4.5588,4.4802,4.5198,132986,11.5
2018-08-29,4.6374,4.6374,4.4802,4.5198,130459,11.5
2018-08-30,4.4802,4.5588,4.4802,4.5591,268661,11.6
2018-08-31,4.5588,4.9125,4.5588,4.7163,1273172,12
2018-09-04,4.7553,4.8732,4.716,4.7949,666709,12.2
2018-09-05,4.8339,4.9518,4.7946,4.8735,944926,12.4
2018-09-06,4.8732,4.8732,4.716,4.7949,440222,12.2
2018-09-07,4.7946,4.9518,4.7553,4.9128,827249,12.5
2018-09-10,4.9125,4.9518,4.8339,4.8735,343095,12.4
2018-09-11,4.9125,5.109,4.8339,5.1093,1000317,13
2018-09-12,5.1483,5.1876,4.9518,5.0307,510889,12.8
2018-09-13,5.0697,5.1876,4.9911,5.0307,700630,12.8
2018-09-14,5.0304,5.109,4.9911,5.07,575110,12.9
2018-09-17,5.109,5.1876,5.0304,5.0307,878710,12.8
2018-09-18,5.0304,5.502,5.0304,5.5024,2799582,14
2018-09-19,5.6985,6.0522,5.6985,6.0526,1421476,15.4
2018-09-20,6.6024,6.6024,5.9343,6.0919,2475838,15.5
2018-09-21,6.0522,6.1701,5.8164,5.974,1788161,15.2
2018-09-24,5.9736,6.4845,5.9736,6.4849,2010873,16.5
2018-09-25,6.4845,7.074,6.4845,6.9566,2286952,17.7
2018-09-26,7.0347,7.5849,6.8382,7.3496,1991486,18.7
2018-09-27,7.3491,7.3884,6.9168,6.9173,1741477,17.6
2018-09-28,6.9168,7.2312,6.7989,6.878,1892093,17.5
2018-10-01,6.8775,6.8775,6.3666,6.6028,2301945,16.8
2018-10-02,6.6417,6.8775,6.5238,6.6814,1074428,17
2018-10-03,6.6024,6.7596,6.6024,6.6814,862993,17
2018-10-04,6.7203,7.0347,6.681,6.9959,1433612,17.8
2018-10-05,6.9561,7.1526,6.7989,6.7993,2002635,17.3
2018-10-08,6.7989,6.7989,6.6417,6.6814,820152,17
2018-10-09,6.7596,6.8382,6.681,6.7207,424989,17.1
2018-10-10,6.7989,6.7989,6.0522,6.0526,1714461,15.4
2018-10-11,6.0522,6.0522,5.4627,5.6203,2861405,14.3
2018-10-12,5.6199,6.1701,5.6199,6.1705,1437342,15.7
2018-10-15,6.288,6.3273,6.1701,6.1705,1161884,15.7
2018-10-16,6.0915,6.288,6.0129,6.2884,804046,16
2018-10-17,6.3666,6.5238,6.288,6.367,887235,16.2
2018-10-18,6.3666,6.7203,6.2094,6.4849,1335856,16.5
2018-10-19,6.4845,6.7989,6.288,6.6814,1376084,17
2018-10-22,6.7203,6.8382,6.4845,6.5242,940034,16.6
2018-10-23,6.5631,6.5631,6.1701,6.367,1318291,16.2
2018-10-24,6.4059,6.4059,6.1308,6.1312,971129,15.6
2018-10-25,6.0522,6.4059,5.6985,6.367,1633975,16.2
2018-10-26,6.5238,6.5631,6.2094,6.2098,586347,15.8
2018-10-29,6.2094,6.2094,6.0522,6.1312,476301,15.6
2018-10-30,6.0915,6.2487,5.9736,6.0526,911512,15.4
2018-10-31,6.1701,6.6417,6.1701,6.6421,1191789,16.9
2018-11-01,6.6417,6.7596,6.4452,6.4456,1353941,16.4
2018-11-02,6.6024,7.0347,6.4845,6.9566,2596357,17.7
2018-11-05,7.074,7.1133,6.8382,7.0352,1468233,17.9
2018-11-06,7.074,7.1526,6.7596,6.8386,1233832,17.4
2018-11-07,6.8775,6.9561,6.7203,6.9566,1337593,17.7
2018-11-08,7.1133,7.3884,6.9561,6.9566,1195422,17.7
2018-11-09,6.9168,6.9954,6.7596,6.8386,990615,17.4
2018-11-12,6.7989,7.1133,6.681,7.1138,883044,18.1
2018-11-13,7.1133,7.8207,6.9168,7.7426,4325698,19.7
2018-11-14,7.7421,7.9386,7.5063,7.7033,1802488,19.6
2018-11-15,7.7028,7.7421,7.467,7.5854,1324492,19.3
2018-11-16,7.6635,8.1351,7.467,7.4675,2837192,19
2018-11-19,7.467,7.5456,7.2312,7.4282,1520815,18.9
2018-11-20,7.3884,7.7028,7.2312,7.6247,755355,19.4
2018-11-21,7.5849,7.86,7.3884,7.7819,1024702,19.8
2018-11-22,7.7814,7.9779,7.6635,7.664,885600,19.5
2018-11-23,7.6635,7.7421,7.5456,7.5461,955006,19.2
2018-11-26,7.467,7.7421,7.467,7.5461,594911,19.2
2018-11-27,7.5456,7.6242,7.074,7.1531,2053807,18.2
2018-11-28,7.1526,7.2312,6.8775,6.9959,1582607,17.8
2018-11-29,7.0347,7.2705,6.9954,7.0745,556204,18
2018-11-30,7.074,7.1133,6.8382,6.878,993830,17.5
2018-12-03,7.074,7.2312,6.9954,7.1531,1007872,18.2
2018-12-04,7.1526,7.3491,7.1133,7.271,744401,18.5
2018-12-05,7.2312,7.3098,7.074,7.1924,859500,18.3
2018-12-06,7.2312,7.2312,6.9954,7.0745,814750,18
2018-12-07,7.074,7.2705,7.0347,7.1924,976126,18.3
2018-12-10,7.1919,7.5849,7.1919,7.5068,1216519,19.1
2018-12-11,7.6635,7.6635,7.3884,7.4675,784674,19
2018-12-12,7.5849,7.5849,7.4277,7.4675,435714,19
2018-12-13,7.5063,7.7421,7.467,7.6247,1316498,19.4
2018-12-14,7.6242,7.6242,7.467,7.5461,765151,19.2
2018-12-17,7.467,7.5063,7.2705,7.271,888474,18.5
2018-12-18,7.1919,7.1919,6.9561,7.1138,1267870,18.1
2018-12-19,7.1919,7.1919,6.9168,6.9959,611955,17.8
2018-12-20,6.9561,7.1919,6.9561,7.1138,532739,18.1
2018-12-21,7.074,7.1526,6.9954,7.1531,352891,18.2
2018-12-24,7.1133,7.1526,6.8775,6.878,675364,17.5
2018-12-25,6.7596,6.7989,6.2487,6.5635,1592833,16.7
2018-12-26,6.6024,6.7596,6.5631,6.5635,498963,16.7
2018-12-27,6.6417,6.9954,6.6417,6.6421,646905,16.9
2018-12-28,6.681,6.7203,6.5238,6.5242,398672,16.6
2019-01-02,6.6417,6.681,6.4059,6.4063,352180,16.3
2019-01-03,6.3666,6.4059,6.1701,6.2098,811609,15.8
2019-01-04,6.1701,6.4059,5.9343,6.2884,635000,16
2019-01-07,6.4059,6.4845,6.288,6.367,282510,16.2
2019-01-08,6.3666,6.4452,6.3273,6.4063,364624,16.3
2019-01-09,6.4059,6.6024,6.4059,6.5635,682652,16.7
2019-01-10,6.5631,6.5631,6.4452,6.4849,306720,16.5
2019-01-11,6.5238,6.5238,6.4452,6.4849,307582,16.5
2019-01-14,6.4845,6.7203,6.4845,6.5242,462710,16.6
2019-01-15,6.6024,7.1526,6.6024,7.0745,1631944,18
2019-01-16,7.1526,7.1526,6.8382,6.9173,636092,17.6
2019-01-17,6.9168,7.074,6.8382,6.8386,600287,17.4
2019-01-18,6.8775,6.9168,6.7596,6.76,784397,17.2
2019-01-21,6.8382,7.3491,6.8382,7.1138,1264144,18.1
2019-01-22,7.1133,7.1133,6.9561,6.9959,596616,17.8
2019-01-23,6.9954,7.1526,6.8775,6.9959,544022,17.8
2019-01-24,6.9954,7.1919,6.9561,6.9959,930195,17.8
2019-01-25,6.9561,6.9954,6.7989,6.8386,576262,17.4
2019-01-28,6.8775,6.8775,6.7203,6.7993,450427,17.3
2019-01-29,6.7989,6.9954,6.6417,6.8386,690959,17.4
2019-01-30,6.8382,6.9168,6.7989,6.7993,364940,17.3
2019-01-31,6.7989,6.8775,6.7989,6.878,233627,17.5
2019-02-01,6.9168,6.9954,6.8382,6.9959,337580,17.8
2019-02-11,6.9954,7.4277,6.9954,7.3496,1695044,18.7
2019-02-12,7.3491,7.467,7.2705,7.271,933209,18.5
2019-02-13,7.3098,7.3884,7.3098,7.3889,619487,18.8
2019-02-14,7.3884,7.6635,7.3884,7.4675,1721247,19
2019-02-15,7.467,7.5063,7.3098,7.3889,768453,18.8
2019-02-18,7.4277,7.5063,7.3098,7.5068,1004998,19.1
2019-02-19,7.5456,7.8207,7.5456,7.5854,2797328,19.3
2019-02-20,7.5849,7.6635,7.4277,7.6247,943896,19.4
2019-02-21,7.6242,7.6635,7.467,7.5461,828573,19.2
2019-02-22,7.5456,7.6242,7.4277,7.4282,1320015,18.9
2019-02-25,7.467,7.5063,7.3098,7.3103,1152018,18.6
2019-02-26,7.3098,7.4277,7.3098,7.3496,793629,18.7
2019-02-27,7.467,7.7421,7.3491,7.664,1630024,19.5
2019-02-28,7.7421,7.8207,7.4277,7.4282,1221305,18.9
2019-03-01,7.467,8.1351,7.467,8.1356,2766193,20.7
2019-03-04,8.253,8.6067,8.253,8.2928,1930995,21.1
2019-03-05,8.3316,8.5674,8.253,8.3321,1891305,21.2
2019-03-06,8.2923,9.1569,8.0958,9.1575,2605754,23.3
2019-03-07,9.2355,9.3927,8.8425,8.8431,960867,22.5
2019-03-08,8.7246,9.3534,8.5281,9.0003,2338104,22.9
2019-03-11,9.039,9.5892,8.8818,9.5112,1610018,24.2
2019-03-12,9.5106,9.7464,9.2355,9.4326,1704891,24
2019-03-13,9.2355,9.432,8.4888,9.354,1575258,23.8
2019-03-14,9.3534,9.5499,9.3141,9.354,931799,23.8
2019-03-15,9.3534,9.825,9.3534,9.6684,1430383,24.6
2019-03-18,9.6678,9.7857,9.039,9.1575,3034484,23.3
2019-03-19,9.1569,9.3141,8.9604,9.0003,1373723,22.9
2019-03-20,8.9604,9.2355,8.8032,9.1575,1431549,23.3
2019-03-21,9.2355,9.2355,8.4495,8.4501,1233254,21.5
2019-03-22,8.646,8.7639,8.3316,8.6466,1745967,22
2019-03-25,8.3316,8.5281,8.1351,8.4108,1163150,21.4
2019-03-26,8.4888,8.8425,8.4495,8.8431,813067,22.5
2019-03-27,8.8425,8.9997,8.8425,8.961,901342,22.8
2019-03-28,8.8425,8.9604,8.7246,8.8431,661080,22.5
2019-03-29,8.9211,9.1176,8.8425,8.8431,761990,22.5
2019-04-01,8.9211,9.039,8.8425,8.9217,586878,22.7
2019-04-02,8.9997,9.0783,8.7246,8.7252,844222,22.2
2019-04-03,8.7246,9.039,8.5674,9.0003,963591,22.9
2019-04-04,9.039,9.1962,8.9604,8.961,1261200,22.8
2019-04-05,9.039,9.0783,8.9211,9.0003,539891,22.9
2019-04-08,9.039,9.039,8.8425,9.0003,1180833,22.9
2019-04-09,9.039,9.432,8.9997,9.1968,2431326,23.4
2019-04-10,9.1962,9.2355,8.9997,9.0789,752230,23.1
2019-04-11,9.1176,9.3141,9.0783,9.2361,853914,23.5
2019-04-12,9.1962,9.5106,9.0783,9.1182,1748704,23.2
2019-04-16,9.2355,9.2355,8.9604,9.0789,942832,23.1
2019-04-17,9.1569,9.1569,8.5674,8.6466,2162848,22
2019-04-18,8.646,8.7246,8.3316,8.4501,1192856,21.5
2019-04-19,8.4495,8.646,8.4495,8.568,489390,21.8
2019-04-22,8.3709,8.5281,7.8993,8.0177,1510639,20.4
2019-04-23,8.0565,8.253,7.9779,8.1356,675673,20.7
2019-04-24,8.253,8.3709,8.2137,8.2928,405714,21.1
2019-04-25,8.253,8.3316,8.1744,8.2142,499508,20.9
2019-04-26,8.2137,8.2923,8.1351,8.2535,403981,21
2019-05-02,8.3316,8.3316,8.0958,8.0963,495572,20.6
2019-05-03,8.0172,8.1744,7.9779,8.057,424581,20.5
2019-05-06,8.0565,8.3709,7.8207,8.2535,1268730,21
2019-05-07,8.2923,8.3316,8.1351,8.1749,346200,20.8
2019-05-08,8.1744,8.1744,8.0565,8.1749,293721,20.8
2019-05-09,8.1744,8.4102,8.1744,8.2535,886163,21
2019-05-10,8.2923,8.6067,8.1744,8.4894,947611,21.6
2019-05-13,8.4888,8.6067,8.4495,8.4894,558090,21.6
2019-05-14,8.3316,8.8032,8.3316,8.8038,1173583,22.4
2019-05-15,8.8032,8.8818,8.646,8.7252,944372,22.2
2019-05-16,8.8425,8.8425,8.646,8.6859,663030,22.1
2019-05-17,8.6853,8.7639,8.6067,8.6466,727305,22
2019-05-20,8.6853,9.039,8.646,8.961,1710922,22.8
2019-05-21,9.0783,9.1569,8.9211,8.9217,950200,22.7
2019-05-22,8.9604,8.9997,8.7246,8.7645,1111957,22.3
2019-05-23,8.7639,9.039,8.7639,9.0396,892578,23
2019-05-24,9.039,9.3534,9.039,9.1968,2819079,23.4
2019-05-27,9.1962,9.1962,9.039,9.1968,740802,23.4
2019-05-28,9.1962,9.5892,9.1176,9.5505,1831973,24.3
2019-05-29,9.5499,9.6285,9.432,9.5112,898741,24.2
2019-05-30,9.5106,9.5892,9.3927,9.3933,861289,23.9
2019-05-31,9.3927,9.432,8.8032,8.8038,2383710,22.4
2019-06-03,8.8032,9.039,8.5674,8.7252,1445639,22.2
2019-06-04,8.8032,8.9211,8.7639,8.8824,546759,22.6
2019-06-05,8.9211,9.0783,8.8818,8.8824,689348,22.6
2019-06-06,8.8032,8.8818,8.5674,8.8038,847075,22.4
2019-06-07,8.8425,9.039,8.8425,9.0003,821120,22.9
2019-06-10,9.1176,9.1569,8.9604,9.0003,615802,22.9
2019-06-11,8.9997,9.039,8.9211,8.9217,573430,22.7
2019-06-12,8.9211,8.9997,8.7639,8.8038,1240045,22.4
2019-06-13,8.9604,9.1962,8.9132,8.9613,872510,19
2019-06-14,9.0547,9.0547,8.7718,8.7727,482031,18.6
2019-06-17,8.7718,8.9132,8.6774,8.6784,623770,18.4
2019-06-18,8.7246,8.8189,8.4888,8.8199,812510,18.7
2019-06-19,8.8661,9.0547,8.8661,8.867,591307,18.8
2019-06-20,9.0076,9.0547,8.8661,8.9613,832962,19
2019-06-21,8.9604,9.0547,8.9132,8.9142,438140,18.9
2019-06-24,8.8661,9.1962,8.8661,9.1972,779173,19.5
2019-06-25,9.1962,9.5735,9.1962,9.2915,2481917,19.7
2019-06-26,9.432,9.9036,9.432,9.7632,2232352,20.7
2019-06-27,9.8093,9.8093,9.432,9.4802,1455645,20.1
2019-06-28,9.5263,10.1866,9.3848,10.1876,2116291,21.6
2019-07-01,10.3752,10.5167,10.0922,10.1405,1654594,21.5
2019-07-02,10.1394,10.4224,10.0451,10.1876,1689731,21.6
2019-07-03,10.1866,10.4695,10.0922,10.3763,1535290,22
2019-07-04,10.3752,10.611,10.1866,10.282,939263,21.8
2019-07-05,10.328,10.611,10.1866,10.3291,1284849,21.9
2019-07-08,10.328,10.3752,10.0451,10.0933,1696050,21.4
2019-07-09,10.3752,10.3752,10.0451,10.1876,634140,21.6
2019-07-10,10.1866,10.3752,10.1866,10.2348,602441,21.7
2019-07-11,10.2337,10.3752,10.0451,10.0461,1138849,21.3
2019-07-12,10.0451,10.1394,9.8564,9.8575,1453416,20.9
2019-07-15,9.9036,10.1394,9.8564,10.1405,872295,21.5
2019-07-16,10.2337,10.3752,9.9508,10.0461,1019599,21.3
2019-07-17,10.0922,10.1866,9.9508,9.999,1332374,21.2
2019-07-18,10.0451,10.0922,9.9036,9.9518,780039,21.1
2019-07-19,9.9979,10.2337,9.8093,10.1876,1728634,21.6
2019-07-22,10.2337,10.2809,9.9036,9.9518,919339,21.1
2019-07-23,9.9979,10.0451,9.8093,9.8103,906262,20.8
2019-07-24,9.8093,9.9036,9.6678,9.6688,1124408,20.5
2019-07-25,9.6678,9.8564,9.6206,9.716,675679,20.6
2019-07-26,9.715,9.8093,9.6206,9.716,441277,20.6
2019-07-29,9.715,9.715,9.5263,9.5745,585368,20.3
2019-07-30,9.5735,9.6206,8.8661,8.9142,2181633,18.9
2019-07-31,8.9604,9.0547,8.6774,8.7255,769161,18.5
2019-08-01,8.7246,8.9604,8.7246,8.7727,492960,18.6
2019-08-02,8.8189,9.3848,8.6774,9.2915,1529051,19.7
2019-08-05,9.3848,9.3848,9.1019,9.15,852906,19.4
2019-08-06,9.149,9.149,8.7718,8.9613,641130,19
2019-08-07,8.9604,9.0076,8.5831,8.6312,1177331,18.3
2019-08-08,8.6303,8.8661,8.5831,8.8199,797385,18.7
2019-08-09,8.8661,9.0547,8.6774,8.7255,976614,18.5
2019-08-12,8.8661,8.8661,8.3002,8.4425,1412973,17.9
2019-08-13,8.4416,8.4888,8.253,8.2539,975865,17.5
2019-08-14,8.3473,8.7718,8.3473,8.584,1488578,18.2
2019-08-15,8.4888,8.6303,8.253,8.6312,1074591,18.3
2019-08-16,8.6303,8.7718,8.5831,8.584,768024,18.2
2019-08-19,8.6303,8.6774,8.4888,8.5369,528727,18.1
2019-08-20,8.536,8.6303,8.3945,8.4897,840832,18
2019-08-21,8.6303,8.6303,8.3945,8.5369,794829,18.1
2019-08-22,8.536,9.0547,8.536,8.9613,1993120,19
2019-08-23,8.9604,9.0547,8.8189,8.867,1152919,18.8
2019-08-26,8.8189,9.1019,8.7246,8.7727,1118020,18.6
2019-08-27,8.7718,8.9604,8.6774,8.7727,757600,18.6
2019-08-28,8.7246,8.8189,8.5831,8.584,675650,18.2
2019-08-29,8.536,8.7246,8.4888,8.6312,735835,18.3
2019-08-30,8.6774,8.7718,8.536,8.584,552280,18.2
2019-09-03,8.6303,8.7246,8.4888,8.4897,652763,18
2019-09-04,8.4888,8.536,8.3002,8.3954,615716,17.8
2019-09-05,8.4888,8.5831,8.3473,8.3954,376938,17.8
2019-09-06,8.4888,8.4888,8.3473,8.3482,458229,17.7
2019-09-09,8.3473,8.4416,8.3002,8.4425,367151,17.9
2019-09-10,8.3945,8.6303,8.3473,8.4897,610682,18
2019-09-11,8.4416,8.536,8.4416,8.4897,174640,18
2019-09-12,8.4888,8.7246,8.4888,8.7255,901544,18.5
2019-09-13,8.7246,8.7718,8.6303,8.6784,451276,18.4
2019-09-16,8.6774,8.7718,8.3473,8.3482,1331857,17.7
2019-09-17,8.3945,8.536,8.3473,8.3954,731026,17.8
2019-09-18,8.3002,8.5831,8.253,8.4425,388897,17.9
2019-09-19,8.4888,8.4888,8.3473,8.4425,406490,17.9
2019-09-20,8.4888,8.4888,8.3473,8.3954,363190,17.8
2019-09-23,8.4416,8.5831,8.3002,8.3954,573065,17.8
2019-09-24,8.4888,8.6303,8.4416,8.4897,1261792,18
2019-09-25,8.4888,8.6303,8.4416,8.5369,575464,18.1
2019-09-26,8.4888,8.8189,8.4416,8.7255,1661228,18.5
2019-09-27,8.7246,8.8189,8.6303,8.7255,1204050,18.5
2019-09-30,8.7246,8.7718,8.536,8.584,862528,18.2
2019-10-01,8.5831,8.5831,8.3473,8.3954,1516153,17.8
2019-10-02,8.4416,8.536,8.3002,8.301,1150310,17.6
2019-10-03,8.3473,8.4888,8.3002,8.4897,524811,18
2019-10-04,8.4416,8.9604,8.4416,8.6784,2499414,18.4
2019-10-07,8.536,8.7718,8.536,8.584,506006,18.2
2019-10-08,8.5831,8.6774,8.536,8.5369,437708,18.1
2019-10-09,8.4888,8.6774,8.4888,8.584,667377,18.2
2019-10-10,8.6303,8.6303,8.3473,8.4425,1394046,17.9
2019-10-11,8.4416,8.4888,8.3473,8.4425,467185,17.9
2019-10-14,8.4888,8.536,8.3473,8.3954,587857,17.8
2019-10-15,8.4416,8.5831,8.3473,8.4897,986856,18
2019-10-16,8.4888,8.4888,8.3473,8.3482,550000,17.7
2019-10-17,8.3945,8.3945,8.253,8.2539,710120,17.5
2019-10-18,8.253,8.253,7.8286,7.9237,2118876,16.8
2019-10-21,7.9229,8.0172,7.4984,7.7351,1175300,16.4
2019-10-22,7.7342,7.7814,7.5456,7.5936,425630,16.1
2019-10-23,7.5928,7.6871,7.5928,7.5936,396068,16.1
2019-10-24,7.6399,7.6399,7.4984,7.4992,615265,15.9
2019-10-25,7.5456,7.6399,7.4984,7.6407,501992,16.2
2019-10-28,7.6399,7.6871,7.5456,7.5936,413850,16.1
2019-10-29,7.5456,7.5928,7.357,7.4521,865858,15.8
2019-10-30,7.4041,7.4513,7.357,7.3577,483362,15.6
2019-10-31,7.4041,7.4513,7.2155,7.2162,731979,15.3
2019-11-01,7.2155,7.5928,7.2155,7.4521,1121998,15.8
2019-11-04,7.4513,7.5928,7.4041,7.4049,511704,15.7
2019-11-05,7.4041,7.4513,7.357,7.4049,339990,15.7
2019-11-06,7.4041,7.4041,7.2626,7.3106,643656,15.5
2019-11-07,7.3098,7.357,7.2626,7.3106,361574,15.5
2019-11-08,7.3098,7.4041,7.3098,7.4049,423341,15.7
2019-11-11,7.4041,7.4513,7.3098,7.3106,176909,15.5
2019-11-12,7.3098,7.3098,7.2155,7.2162,310650,15.3
2019-11-13,7.2626,7.2626,6.9797,6.9804,634330,14.8
2019-11-14,6.9797,7.074,6.791,6.8389,639378,14.5
2019-11-15,6.8382,6.9797,6.8382,6.8861,346780,14.6
2019-11-18,6.8854,6.8854,6.6496,6.6974,400078,14.2
2019-11-19,6.6967,6.791,6.6496,6.6974,303430,14.2
2019-11-20,6.7439,6.7439,6.6496,6.7446,227376,14.3
2019-11-21,6.7439,6.791,6.6024,6.6503,268683,14.1
2019-11-22,6.6024,6.8854,6.6024,6.7446,708510,14.3
2019-11-25,6.791,7.1212,6.791,7.1219,903611,15.1
2019-11-26,7.1212,7.3098,7.1212,7.2162,1138935,15.3
2019-11-27,7.1683,7.2155,6.9797,7.0276,376466,14.9
2019-11-28,6.9797,7.3098,6.9325,7.3106,975076,15.5
2019-11-29,7.3098,7.357,7.1683,7.2162,470404,15.3
2019-12-02,7.3098,7.357,7.1212,7.1219,652500,15.1
2019-12-03,7.1212,7.2155,7.0268,7.0747,360710,15
2019-12-04,7.0268,7.2155,7.0268,7.1219,403466,15.1
2019-12-05,7.1683,7.1683,7.074,7.0747,272453,15
2019-12-06,7.074,7.074,6.8382,6.8861,358712,14.6
2019-12-09,6.8382,6.9325,6.791,6.8389,336871,14.5
2019-12-10,6.8382,6.8854,6.791,6.8389,161030,14.5
2019-12-11,6.8382,7.0268,6.8382,6.9804,270369,14.8
2019-12-12,6.9797,7.1212,6.9797,7.0276,201940,14.9
2019-12-13,7.0268,7.2155,7.0268,7.1219,371459,15.1
2019-12-16,7.1683,7.2155,7.074,7.1219,290000,15.1
2019-12-17,7.1212,7.1212,6.9797,6.9804,286520,14.8
2019-12-18,6.9797,7.074,6.9797,7.0276,172738,14.9
2019-12-19,7.074,7.4513,7.074,7.3106,952021,15.5
2019-12-20,7.3098,7.4984,7.2626,7.4521,845653,15.8
2019-12-23,7.4513,7.4984,7.3098,7.3106,278989,15.5
2019-12-24,7.3098,7.357,7.2155,7.2162,424765,15.3
2019-12-25,7.2155,7.3098,7.1683,7.2162,498702,15.3
2019-12-26,7.1683,7.357,7.1683,7.2162,297220,15.3
2019-12-27,7.2626,7.357,7.2155,7.3106,235850,15.5
2019-12-30,7.3098,7.3098,7.1683,7.1691,291032,15.2
2019-12-31,7.1683,7.1683,7.0268,7.0276,383559,14.9
2020-01-02,7.074,7.1212,7.0268,7.0747,166570,15
2020-01-03,7.074,7.1683,7.074,7.1219,235280,15.1
2020-01-06,7.1212,7.357,7.074,7.2162,737325,15.3
2020-01-07,7.3098,7.6399,7.2626,7.5936,1312062,16.1
2020-01-08,7.5456,7.5928,7.2626,7.2634,761870,15.4
2020-01-09,7.6399,7.6399,7.4041,7.4521,377388,15.8
2020-01-10,7.4984,7.5456,7.357,7.4049,552445,15.7
2020-01-13,7.4041,7.4041,7.2626,7.2634,439510,15.4
2020-01-14,7.2626,7.357,7.2155,7.2634,246448,15.4
2020-01-15,7.3098,7.357,7.2155,7.3106,347018,15.5
2020-01-16,7.3098,7.4984,7.3098,7.4521,467220,15.8
2020-01-17,7.4513,7.4984,7.3098,7.3577,284450,15.6
2020-01-20,7.357,7.4513,7.3098,7.3106,319215,15.5
2020-01-21,7.3098,7.357,7.1212,7.3106,748098,15.5
2020-01-22,7.4513,7.97,7.4513,7.8766,1409227,16.7
2020-01-30,7.8286,8.1115,7.4984,7.6879,1253573,16.3
2020-01-31,7.6871,7.7814,7.3098,7.3106,912270,15.5
2020-02-03,7.2626,7.357,6.6024,6.8861,1345689,14.6
2020-02-04,6.8854,7.074,6.6496,6.6974,1200179,14.2
2020-02-05,6.791,6.9325,6.791,6.8389,527182,14.5
2020-02-06,6.9325,7.3098,6.9325,7.2634,986451,15.4
2020-02-07,7.4041,7.4041,7.1683,7.2162,584629,15.3
2020-02-10,7.2626,7.3098,7.0268,7.1219,362249,15.1
2020-02-11,7.1212,7.2626,7.1212,7.1691,304860,15.2
2020-02-12,7.2155,7.7342,7.2155,7.6407,1457150,16.2
2020-02-13,7.8757,8.1115,7.6871,7.7351,1836202,16.4
2020-02-14,7.8286,7.8286,7.5928,7.6407,726718,16.2
2020-02-17,7.5456,7.6871,7.4513,7.4992,878498,15.9
2020-02-18,7.4984,7.7814,7.357,7.6879,1034857,16.3
2020-02-19,7.6871,7.6871,7.5456,7.5464,777820,16
2020-02-20,7.8368,7.936,7.5392,7.6385,496567,15.4
2020-02-21,7.6384,7.6384,7.3904,7.3905,606203,14.9
2020-02-24,7.2416,7.3408,6.7952,6.7952,1574278,13.7
2020-02-25,6.6464,7.0432,6.5472,6.9936,618444,14.1
2020-02-26,6.8944,6.9936,6.8448,6.8448,380355,13.8
2020-02-27,6.8448,6.9936,6.8448,6.9936,178866,14.1
2020-02-28,6.7952,6.944,6.7456,6.8448,480580,13.8
2020-03-02,6.8944,6.8944,6.7952,6.8448,274207,13.8
2020-03-03,6.944,7.0432,6.8448,6.8944,508119,13.9
2020-03-04,6.8944,6.9936,6.8448,6.9936,507188,14.1
2020-03-05,6.9936,7.0928,6.9936,7.0433,524430,14.2
2020-03-06,6.944,6.9936,6.8944,6.8944,263173,13.9
2020-03-09,6.7952,6.7952,6.2496,6.2496,1333000,12.6
2020-03-10,6.2,6.448,5.8528,6.3488,629130,12.8
2020-03-11,6.448,6.5472,6.2,6.3984,1055550,12.9
2020-03-12,6.3984,6.7952,6.1008,6.5472,1076997,13.2
2020-03-13,6.5472,6.7456,6.0512,6.7456,746177,13.6
2020-03-16,6.8448,6.8448,6.448,6.4976,348390,13.1
2020-03-17,6.448,6.5472,6.2496,6.5472,431910,13.2
2020-03-18,6.5472,6.5472,6.2992,6.2992,649110,12.7
2020-03-19,6.2,6.2496,5.952,5.952,817794,12
2020-03-20,5.952,6.1504,5.5056,5.5552,813392,11.2
2020-03-23,5.208,5.4064,5.0096,5.0096,551085,10.1
2020-03-24,4.5136,4.7616,4.5136,4.5136,2237060,9.1
2020-03-25,4.2656,4.8608,4.0672,4.8608,1976943,9.8
2020-03-26,4.7616,4.8608,4.464,4.5136,575263,9.1
2020-03-27,4.5136,4.6128,4.3152,4.3152,757562,8.7
2020-03-30,4.3152,4.3152,3.9184,3.968,1268341,8
2020-03-31,3.5712,4.1664,3.5712,3.8192,537168,7.7
2020-04-01,3.8688,4.1168,3.8688,4.0176,685816,8.1
2020-04-03,4.0176,4.4144,4.0176,4.4144,707249,8.9
2020-04-06,4.5632,4.8112,4.464,4.8112,966363,9.7
2020-04-07,5.2576,5.2576,4.8608,5.2576,2502497,10.6
2020-04-08,5.7536,5.7536,5.3072,5.7536,1981939,11.6
2020-04-09,5.952,6.2992,5.8032,6.1008,1527675,12.3
2020-04-10,6.3488,6.448,5.704,5.8032,1332347,11.7
2020-04-13,5.6544,5.9024,5.6544,5.704,1229142,11.5
2020-04-14,5.704,6.2496,5.704,6.2496,2200554,12.6
2020-04-15,6.448,6.8448,6.448,6.696,2484612,13.5
2020-04-16,7.0432,7.0432,6.4976,6.5472,1492798,13.2
2020-04-17,6.448,6.6464,6.3984,6.448,1828149,13
2020-04-20,6.5472,6.696,6.2992,6.2992,1927613,12.7
2020-04-21,6.2496,6.2992,5.704,5.7536,2105713,11.6
2020-04-22,5.704,6.2992,5.5552,6.2992,1038564,12.7
2020-04-23,6.448,6.5968,6.1008,6.1008,851145,12.3
2020-04-24,6.1008,6.2,5.952,6.1008,527841,12.3
2020-04-28,5.952,6.2,5.952,6.1008,1015063,12.3
2020-04-29,6.1008,6.2992,6.0512,6.0512,1302022,12.2
2020-05-04,6.1008,6.2992,6.0512,6.1504,754660,12.4
2020-05-05,6.1504,6.2992,6.0512,6.0512,729340,12.2
2020-05-06,6.1008,6.2,6.0512,6.1504,654831,12.4
2020-05-07,6.1504,6.3984,6.1504,6.3488,1449018,12.8
2020-05-08,6.3488,6.5472,6.2,6.2,1426463,12.5
2020-05-11,6.2,6.3488,6.2,6.2496,928154,12.6
2020-05-12,6.2496,6.8448,6.2496,6.8448,3962755,13.8
2020-05-13,6.9936,7.1424,6.7456,6.7456,1868630,13.6
2020-05-14,6.7456,6.8448,6.5968,6.7952,1195056,13.7
2020-05-15,6.7456,6.8448,6.6464,6.6464,2129628,13.4
2020-05-18,6.696,7.0432,6.696,6.7456,1395140,13.6
2020-05-19,6.9936,6.9936,6.6464,6.6464,1972533,13.4
2020-05-20,6.6464,6.7952,6.5472,6.696,1345346,13.5
2020-05-21,6.7456,6.9936,6.696,6.8448,1482717,13.8
2020-05-22,6.8448,6.8944,6.696,6.696,1250307,13.5
2020-05-25,6.696,6.9936,6.5968,6.9936,2363383,14.1
2020-05-26,6.9936,7.3408,6.944,7.1921,3073580,14.5
2020-05-27,7.2416,7.2912,6.8448,6.8448,1925187,13.8
2020-05-28,6.8944,7.0432,6.8448,6.8448,1193088,13.8
2020-05-29,6.8448,6.8448,6.696,6.7456,1056859,13.6
2020-06-01,6.7952,6.944,6.7456,6.8448,990689,13.8
2020-06-02,6.8944,7.1424,6.8448,6.8448,1801286,13.8
2020-06-03,6.8944,6.944,6.8448,6.8448,711482,13.8
2020-06-04,6.8944,7.0928,6.8448,6.944,1042505,14
2020-06-05,6.944,7.44,6.8944,7.3409,3084096,14.8
2020-06-08,7.44,7.7376,7.2912,7.3905,3213010,14.9
2020-06-09,7.44,7.5392,7.192,7.1921,1533196,14.5
2020-06-10,7.192,7.3904,7.0928,7.1425,1683805,14.4
2020-06-11,7.3904,7.3904,6.5968,6.5968,2823120,13.3
2020-06-12,6.5968,6.7952,6.0512,6.7456,1786696,13.6
2020-06-15,6.7456,6.8448,6.3488,6.3984,1659846,12.9
2020-06-16,6.5472,6.6464,6.448,6.4976,799228,13.1
2020-06-17,6.4976,6.6464,6.4976,6.4976,1102562,13.1
2020-06-18,6.4976,6.696,6.448,6.5472,807525,13.2
2020-06-19,6.5472,6.7456,6.5472,6.6464,487508,13.4
2020-06-22,6.7456,6.8448,6.5968,6.6464,603761,13.4
2020-06-23,6.6464,6.696,6.5472,6.5472,772924,13.2
2020-06-24,6.5472,6.6464,6.448,6.5472,535727,13.2
2020-06-25,6.448,6.5472,6.3984,6.3984,566315,12.9
2020-06-26,6.448,6.4976,6.3488,6.3488,719930,12.8
2020-06-29,6.3488,6.3488,5.8528,5.9024,1103976,11.9
2020-06-30,5.952,6.1504,5.8528,6.0512,834400,12.2
2020-07-01,6.0512,6.2,5.952,6.2,342930,12.5
2020-07-02,6.2,6.2,6.1008,6.2,176622,12.5
2020-07-03,6.2,6.6464,6.2,6.448,848442,13
2020-07-06,6.5472,6.5968,6.448,6.4976,434015,13.1
2020-07-07,6.5472,6.5968,6.3984,6.448,592934,13
2020-07-08,6.3488,6.4976,6.2992,6.4976,634253,13.1
2020-07-09,6.8557,6.8557,6.6414,6.6962,903118,12.5
2020-07-10,6.695,6.8557,6.5343,6.6962,787210,12.5
2020-07-13,6.6963,6.7498,6.5891,6.6427,535354,12.4
2020-07-14,6.6963,6.6963,6.5891,6.6427,427145,12.4
2020-07-15,6.6963,6.8034,6.6427,6.6427,488316,12.4
2020-07-16,6.695,6.9092,6.695,6.8569,965427,12.8
2020-07-17,6.8557,6.9092,6.8021,6.9105,447737,12.9
2020-07-20,6.8557,6.8557,6.695,6.6962,636174,12.5
2020-07-21,6.7498,6.7498,6.5891,6.6427,403317,12.4
2020-07-22,6.6427,6.8034,6.5891,6.6427,392496,12.4
2020-07-23,6.6414,6.695,6.5879,6.5891,589250,12.3
2020-07-24,6.5879,6.695,6.0523,6.1605,1275817,11.5
2020-07-27,6.1606,6.1606,5.5713,5.5713,1394560,10.4
2020-07-28,5.4641,5.9463,5.4106,5.9463,579350,11.1
2020-07-29,5.9452,5.9452,5.356,5.6248,836570,10.5
2020-07-30,5.6238,5.7845,5.5167,5.6248,330399,10.5
2020-07-31,5.5177,5.7856,5.5177,5.732,1051226,10.7
2020-08-03,5.7309,6.1058,5.6774,5.9998,663213,11.2
2020-08-04,6.1058,6.2665,6.0523,6.2141,769356,11.6
2020-08-05,6.213,6.3201,6.1058,6.1605,573420,11.5
2020-08-06,6.1606,6.1606,5.9998,6.107,525870,11.4
2020-08-07,5.9987,6.213,5.9987,6.0534,483712,11.3
2020-08-10,6.0523,6.1594,5.9987,6.0534,985576,11.3
2020-08-11,6.1594,6.1594,6.0523,6.1605,435738,11.5
2020-08-12,6.1594,6.2665,6.1594,6.1605,412254,11.5
2020-08-13,6.1594,6.5343,6.1594,6.3748,883083,11.9
2020-08-14,6.4272,6.4272,6.1594,6.2141,508985,11.6
2020-08-17,6.2665,6.2665,6.1058,6.1605,452610,11.5
2020-08-18,6.1606,6.2141,6.107,6.107,369523,11.4
2020-08-19,6.1594,6.213,6.1058,6.1605,257026,11.5
2020-08-20,6.1594,6.213,6.1058,6.1605,418729,11.5
2020-08-21,6.1594,6.2665,6.1058,6.2141,526140,11.6
2020-08-24,6.3213,6.3748,6.2677,6.2677,607878,11.7
2020-08-25,6.3201,6.3736,6.2665,6.3748,980695,11.9
2020-08-26,6.3201,6.4808,6.3201,6.3748,1198633,11.9
2020-08-27,6.4272,6.4808,6.3201,6.3212,506939,11.8
2020-08-28,6.3736,6.4808,6.3736,6.3748,613235,11.9
2020-08-31,6.4272,6.4808,6.2665,6.3212,640490,11.8
2020-09-01,6.3201,6.3201,6.2665,6.3212,267462,11.8
2020-09-03,6.3201,6.8557,6.3201,6.7498,2256310,12.6
2020-09-04,6.7486,6.8557,6.5343,6.7498,2015490,12.6
2020-09-07,6.7486,6.9628,6.7486,6.7498,1504696,12.6
2020-09-08,6.7498,6.8034,6.6963,6.8034,1311607,12.7
2020-09-09,6.8034,6.8034,6.6963,6.8034,910464,12.7
2020-09-10,6.8021,7.0164,6.8021,6.8569,982940,12.8
2020-09-11,6.857,6.9105,6.8034,6.8034,688044,12.7
2020-09-14,6.8021,6.9628,6.8021,6.8569,904507,12.8
2020-09-15,6.857,7.232,6.857,7.1784,2926613,13.4
2020-09-16,7.2306,7.2306,7.0699,7.1248,740378,13.3
2020-09-17,7.1235,7.2306,7.0164,7.0712,1103722,13.2
2020-09-18,7.0699,7.2306,7.0164,7.2319,1545378,13.5
2020-09-21,7.2855,7.3927,7.1784,7.1784,1971270,13.4
2020-09-22,7.1784,7.3391,7.1248,7.1784,1362313,13.4
2020-09-23,7.2306,7.2842,7.0699,7.1248,1027701,13.3
2020-09-24,7.1235,7.177,7.0699,7.1248,854044,13.3
2020-09-25,7.1235,7.177,6.9628,7.0712,1021898,13.2
2020-09-28,7.177,7.177,7.0699,7.1248,697050,13.3
2020-09-29,7.1235,7.1235,6.8557,6.8569,1234207,12.8
2020-09-30,6.8034,7.0712,6.6963,7.0177,1068014,13.1
2020-10-01,7.0712,7.2855,7.0177,7.1784,1356631,13.4
2020-10-02,7.177,7.2306,6.8557,7.0712,1308181,13.2
2020-10-05,7.0699,7.3913,7.0699,7.2855,2381641,13.6
2020-10-06,7.3377,7.4448,7.2842,7.2855,1474939,13.6
2020-10-07,7.2842,7.3377,7.2306,7.2319,935410,13.5
2020-10-08,7.2306,7.2842,7.0699,7.1248,1115218,13.3
2020-10-09,7.1235,7.2306,7.0699,7.1248,480870,13.3
2020-10-12,7.1784,7.2855,6.9641,6.9641,907751,13
2020-10-13,7.0177,7.0712,6.9641,7.0177,448799,13.1
2020-10-14,7.0712,7.1248,7.0177,7.0177,607644,13.1
2020-10-15,7.0699,7.0699,6.9092,6.9105,738392,12.9
2020-10-16,6.9628,7.0164,6.8557,6.9105,463143,12.9
2020-10-19,6.857,7.0177,6.857,6.9641,455872,13
2020-10-20,6.9628,7.177,6.9628,7.1248,768181,13.3
2020-10-21,7.1235,7.1235,6.9092,6.9105,724443,12.9
2020-10-22,6.9092,6.9628,6.8557,6.8569,363308,12.8
2020-10-23,6.857,6.9105,6.8034,6.8034,873215,12.7
2020-10-26,7.0218,7.0218,6.7454,6.746,824213,12.2
2020-10-27,6.7454,6.7454,6.4689,6.4695,1215979,11.7
2020-10-28,6.4689,6.5242,6.3031,6.3036,932839,11.4
2020-10-29,6.3031,6.3584,6.1925,6.3036,833458,11.4
2020-10-30,6.3031,6.4689,6.3031,6.4142,393744,11.6
2020-11-02,6.4136,6.5242,6.4136,6.5248,178261,11.8
2020-11-03,6.5242,6.5795,6.3584,6.5801,631872,11.9
2020-11-04,6.5242,6.6901,6.5242,6.6907,330286,12.1
2020-11-05,6.7454,6.9113,6.6901,6.8013,796952,12.3
2020-11-06,6.8007,6.9113,6.7454,6.746,516519,12.2
2020-11-09,6.856,7.4089,6.8007,7.3542,2770065,13.3
2020-11-10,7.5747,7.5747,7.243,7.2437,1685066,13.1
2020-11-11,7.243,7.4089,7.243,7.4095,968497,13.4
2020-11-12,7.4089,7.5747,7.2983,7.4095,3212871,13.4
2020-11-13,7.4089,7.5194,7.2983,7.5201,1732784,13.6
2020-11-16,7.5747,7.7959,7.3536,7.4095,2140247,13.4
2020-11-17,7.4089,7.9618,7.3536,7.7413,3981473,14
2020-11-18,7.7959,7.8512,7.63,7.686,1828422,13.9
2020-11-19,7.6853,7.9065,7.63,7.7413,2256708,14
2020-11-20,7.7406,7.8512,7.5747,7.6307,2699073,13.8
2020-11-23,7.63,7.7406,7.4642,7.6307,1561601,13.8
2020-11-24,7.63,7.7959,7.5194,7.6307,2003307,13.8
2020-11-25,7.6853,7.9065,7.63,7.686,3082808,13.9
2020-11-26,7.6853,7.7959,7.63,7.7966,1362174,14.1
2020-11-27,7.8512,7.9065,7.6853,7.686,1876711,13.9
2020-11-30,7.7406,7.7959,7.5747,7.5754,1638664,13.7
2020-12-01,7.2983,7.63,7.2983,7.5754,1914339,13.7
2020-12-02,7.5747,8.2935,7.5194,8.2943,8143869,15
2020-12-03,8.2935,8.4594,8.1276,8.1284,2026050,14.7
2020-12-04,8.1276,8.5147,8.0723,8.1837,3031705,14.8
2020-12-07,8.2382,8.5147,8.2382,8.3496,3197577,15.1
2020-12-08,8.3488,8.5147,8.1829,8.3496,2645737,15.1
2020-12-09,8.3488,8.6252,8.2935,8.2943,2759156,15
2020-12-10,8.3488,8.5147,8.1829,8.1837,2742927,14.8
2020-12-11,8.1829,8.3488,8.1276,8.3496,2136326,15.1
2020-12-14,8.3488,8.7911,8.3488,8.7366,3556114,15.8
2020-12-15,8.7358,8.8464,8.57,8.626,1965954,15.6
2020-12-16,8.6252,8.7911,8.57,8.626,2005421,15.6
2020-12-17,8.6252,9.1229,8.5147,8.7366,3812461,15.8
2020-12-18,8.7358,8.9017,8.7358,8.8472,1438719,16
2020-12-21,8.8464,8.9017,8.6252,8.6813,2969475,15.7
2020-12-22,8.6805,8.6805,8.2935,8.4601,4365443,15.3
2020-12-23,8.4594,8.6252,8.4041,8.4601,2290772,15.3
2020-12-24,8.4594,8.4594,7.7406,8.1284,2102661,14.7
2020-12-25,8.1276,8.4041,7.9618,8.2943,1473812,15
2020-12-28,8.4041,8.57,8.2382,8.2943,1989317,15
2020-12-29,8.3488,8.957,8.2935,8.7919,4191230,15.9
2020-12-30,8.7911,8.9017,8.57,8.626,1891819,15.6
2020-12-31,8.6252,8.7358,8.57,8.626,1216897,15.6
2021-01-04,8.6805,9.2887,8.6805,9.179,5081715,16.6
2021-01-05,9.1781,9.2887,9.0123,9.1237,2706882,16.5
2021-01-06,9.1781,9.3993,9.0123,9.179,2635674,16.6
2021-01-07,9.1781,9.5099,9.0123,9.4002,2954356,17
2021-01-08,9.3993,9.5652,9.2334,9.3449,2309102,16.9
2021-01-11,9.344,9.731,9.344,9.6766,2880435,17.5
2021-01-12,9.6758,10.3945,9.6205,10.119,3855307,18.3
2021-01-13,10.1181,10.671,10.1181,10.1743,3044463,18.4
2021-01-14,10.1734,10.3392,9.9522,10.0637,1754578,18.2
2021-01-15,10.0628,10.8368,10.0628,10.7272,3289629,19.4
2021-01-18,10.8921,11.7768,10.8921,11.7779,4404671,21.3
2021-01-19,12.0532,12.6614,10.6157,11.5567,6342147,20.9
2021-01-20,11.5518,11.7208,10.4811,11.2709,3401192,20
2021-01-21,11.27,12.397,11.0446,12.398,4736008,22
2021-01-22,12.397,13.6367,12.397,13.6378,5221480,24.2
2021-01-25,13.6367,14.9891,13.6367,14.9903,4346112,26.6
2021-01-26,14.651,15.6653,13.524,14.0323,5569660,24.9
2021-01-27,14.0312,14.0875,12.6788,12.6798,4815931,22.5
2021-01-28,12.0026,12.0026,11.4391,11.44,429436,20.3
2021-01-29,10.3121,11.8335,10.3121,10.9328,5422190,19.4
2021-02-01,10.7629,10.8756,9.8613,9.862,2832720,17.5
2021-02-02,8.9033,9.9176,8.9033,9.862,4277343,17.5
2021-02-03,9.9176,10.8192,9.9176,10.8201,1588780,19.2
2021-02-04,11.1573,11.8899,11.101,11.8908,3983136,21.1
2021-02-05,12.0026,12.4534,11.7772,11.9472,3092066,21.2
2021-02-08,12.0026,12.2843,10.7629,10.9891,3245052,19.5
2021-02-09,10.7629,11.7208,10.6502,11.5527,2275805,20.5
2021-02-17,11.6645,12.6788,11.5518,12.6234,1768348,22.4
2021-02-18,12.6788,12.7915,12.228,12.3416,2255246,21.9
2021-02-19,12.3407,13.1859,12.0589,12.5671,2541722,22.3
2021-02-22,12.6788,12.9042,12.228,12.2853,2088969,21.8
2021-02-23,12.2843,12.5097,12.228,12.3416,2256006,21.9
2021-02-24,12.3407,12.6788,12.0589,12.2853,2637534,21.8
2021-02-25,12.3407,12.5661,12.0589,12.2289,1914534,21.7
2021-02-26,12.3407,13.4113,12.1153,13.4124,6573485,23.8
2021-03-01,13.4113,14.2566,13.355,13.5814,3067166,24.1
2021-03-02,13.6367,13.8058,13.355,13.8069,2229546,24.5
2021-03-03,13.9185,14.651,13.6931,14.0886,3698593,25
2021-03-04,14.2566,14.2566,12.9605,13.7505,4733711,24.4
2021-03-05,13.7494,14.3129,13.2423,14.0886,3530144,25
2021-03-08,14.3693,14.651,14.0875,14.0886,2323966,25
2021-03-09,14.0875,14.0875,13.6367,13.7505,2491382,24.4
2021-03-10,13.7494,13.8621,13.4113,13.5251,2422314,24
2021-03-11,13.6367,14.0875,13.524,14.0886,2068191,25
2021-03-12,14.1439,14.5383,13.8058,13.8069,2038718,24.5
2021-03-15,13.9185,13.9748,13.6367,13.6942,1665741,24.3
2021-03-16,13.6931,13.8621,13.1296,13.5251,2486208,24
2021-03-17,13.524,13.6367,13.355,13.5251,1705899,24
2021-03-18,13.6367,14.2566,13.5804,14.0886,2670898,25
2021-03-19,14.0875,14.1439,13.6931,13.6942,2075064,24.3
2021-03-22,13.7494,14.1439,13.524,13.7505,1987575,24.4
2021-03-23,13.7494,13.8621,13.4113,13.4124,2282886,23.8
2021-03-24,13.355,13.355,12.2843,12.8488,4565519,22.8
2021-03-25,12.7351,13.1859,12.4534,12.5671,2195792,22.3
2021-03-26,12.5097,13.0732,11.6645,12.6798,2754692,22.5
2021-03-29,12.8478,13.1296,12.7351,12.9052,1512094,22.9
2021-03-30,12.9605,13.2423,12.9042,12.9615,1248791,23
2021-03-31,12.9605,13.0169,12.7351,12.7361,1674738,22.6
2021-04-01,12.7915,13.2423,12.7351,13.0743,1889938,23.2
2021-04-02,13.0732,13.9748,13.0732,13.5251,3009037,24
2021-04-05,13.524,13.8058,13.4113,13.4124,1640535,23.8
2021-04-06,13.524,13.524,13.1296,13.187,1912372,23.4
2021-04-07,13.2423,13.6931,13.1296,13.2997,1595245,23.6
2021-04-08,13.4677,14.2566,13.355,14.0323,5771321,24.9
2021-04-09,14.0875,14.3693,14.0312,14.145,2963687,25.1
2021-04-12,14.1439,14.3129,13.9185,13.9196,1623338,24.7
2021-04-13,13.9748,14.0312,13.2986,13.2997,4378683,23.6
2021-04-14,13.2986,13.4677,12.7351,13.2997,2097485,23.6
2021-04-15,13.2986,13.8621,13.0732,13.356,2461325,23.7
2021-04-16,13.4677,13.6367,12.6788,12.9615,2699162,23
2021-04-19,12.9605,13.355,12.9605,13.187,1287559,23.4
2021-04-20,13.2423,13.6367,13.0732,13.187,2008084,23.4
2021-04-22,13.1859,13.4113,11.8899,11.8908,2396273,21.1
2021-04-23,12.0589,12.6224,11.8899,12.6234,2188074,22.4
2021-04-26,12.6224,12.9605,12.0026,12.0035,1385205,21.3
2021-04-27,11.7208,12.228,11.27,11.9472,924283,21.2
2021-04-28,11.9462,12.3407,11.9462,12.0035,699161,21.3
2021-04-29,12.1716,12.2843,12.0026,12.0035,985749,21.3
2021-05-04,11.8335,12.0589,11.27,11.6654,1281542,20.7
2021-05-05,11.8335,12.1716,11.7772,12.0599,1306763,21.4
2021-05-06,12.0026,12.1716,11.8335,11.8345,853598,21
2021-05-07,11.8335,12.0026,11.5518,11.609,1161668,20.6
2021-05-10,11.4954,11.6081,10.4811,11.3836,1719665,20.2
2021-05-11,11.4391,11.7772,11.3264,11.44,1110471,20.3
2021-05-12,11.5518,12.0589,11.4954,11.8908,1352689,21.1
2021-05-13,11.8899,12.1153,11.7772,11.7781,1000566,20.9
2021-05-14,11.8335,11.9462,11.7208,11.7217,1150483,20.8
2021-05-17,11.7772,11.8335,11.3827,11.3836,1208399,20.2
2021-05-18,11.3827,11.7208,11.3264,11.3273,996092,20.1
2021-05-19,11.3827,11.4954,11.0446,11.0455,1450840,19.6
2021-05-20,11.0446,11.3264,10.9319,11.0455,1016970,19.6
2021-05-21,10.9883,11.5518,10.8756,11.2709,1514102,20
2021-05-24,11.4391,11.7208,11.27,11.44,1042988,20.3
2021-05-25,11.5518,11.7208,11.3827,11.3836,1114648,20.2
2021-05-26,11.4954,11.6081,11.2137,11.2146,1214066,19.9
2021-05-27,11.2137,11.27,10.9319,10.9328,1461398,19.4
2021-05-28,10.9319,11.2137,10.9319,11.0455,1125756,19.6
2021-05-31,11.0446,11.101,10.7065,10.8201,1414644,19.2
2021-06-01,10.8756,11.8899,10.8192,11.8908,3099442,21.1
2021-06-02,12.1153,13.0169,12.1153,12.7925,3574726,22.7
2021-06-03,12.7915,12.9042,12.4534,12.5107,1713854,22.2
2021-06-04,12.4534,13.0169,12.2843,12.8488,3513961,22.8
2021-06-07,12.9042,13.8621,12.9042,13.2997,3260715,23.6
2021-06-08,13.4113,13.6931,12.1153,12.3416,2045033,21.9
2021-06-09,12.3407,12.9605,12.1716,12.7925,2344314,22.7
2021-06-10,12.9042,12.9042,12.2843,12.5671,1566622,22.3
2021-06-11,12.5661,13.8058,12.5661,13.5251,5791058,24
2021-06-14,13.524,14.3129,13.2986,14.0323,4718425,24.9
2021-06-15,14.0312,14.5383,13.524,13.9759,3649316,24.8
2021-06-16,13.6931,14.3129,13.524,13.7505,3626851,24.4
2021-06-17,13.7494,14.5383,13.524,14.4268,4419804,25.6
2021-06-18,14.4256,15.1018,14.3693,14.6522,3788142,26
2021-06-21,14.5947,14.8201,14.0875,14.0886,2475411,25
2021-06-22,14.1439,14.3693,13.524,13.6378,3266414,24.2
2021-06-23,13.6367,13.8058,12.7351,13.0743,6464197,23.2
2021-06-24,13.2423,13.6367,13.0732,13.187,2044933,23.4
2021-06-25,13.2423,13.4677,12.9605,13.0179,1475226,23.1
2021-06-28,13.0169,13.5804,13.0169,13.5251,2760736,24
2021-06-29,13.6931,13.6931,13.1296,13.1306,1525541,23.3
2021-06-30,13.1296,13.2986,12.9042,12.9052,1610809,22.9
2021-07-01,12.9042,13.2423,12.8478,13.0743,2329542,23.2
2021-07-02,13.2423,13.6367,13.1859,13.356,2485117,23.7
2021-07-05,13.355,13.524,12.7915,12.7925,2344400,22.7
2021-07-06,12.8478,13.0732,11.5518,11.5527,3047895,20.5
2021-07-07,11.8335,11.9462,10.9319,11.5527,2174651,20.5
2021-07-08,11.5518,12.0026,11.5518,11.609,1574994,20.6
2021-07-09,11.6081,12.0589,11.3264,11.3273,2049283,20.1
2021-07-12,11.3264,11.3827,10.2557,10.7074,2774521,19
2021-07-13,10.7065,11.1573,10.7065,10.8764,1282729,19.3
2021-07-14,10.9319,11.1573,10.6502,10.7074,1223837,19
2021-07-15,10.7065,11.101,10.6502,11.0455,1182239,19.6
2021-07-16,11.0446,11.3827,11.0446,11.3836,1375520,20.2
2021-07-19,11.2137,11.27,10.6502,10.651,1607689,18.9
2021-07-20,10.6502,11.6081,10.5375,11.5527,2473431,20.5
2021-07-21,11.5518,11.8335,11.27,11.3273,1340142,20.1
2021-07-22,11.3264,12.0589,11.3264,12.0035,2282539,21.3
2021-07-23,12.0026,12.397,11.7208,11.8908,2439909,21.1
2021-07-26,11.5518,12.228,11.5518,12.2289,1707757,21.7
2021-07-27,12.228,12.4534,11.9462,11.9472,1839877,21.2
2021-07-28,11.9462,12.0589,11.7208,11.7217,1944906,20.8
2021-07-29,11.7772,11.9462,11.6645,11.8345,1150873,21
2021-07-30,11.8335,12.1153,11.8335,11.9472,1725264,21.2
2021-08-02,12.0026,12.7351,11.9462,12.4544,3453298,22.1
2021-08-03,12.5097,13.0169,12.397,12.7361,2404970,22.6
2021-08-04,12.6224,12.8478,12.5661,12.6234,1912386,22.4
2021-08-06,13.1859,13.1859,12.7915,12.7925,2642909,22.7
2021-08-09,12.6788,13.2423,12.6788,13.2433,2395757,23.5
2021-08-10,13.2423,13.5804,13.1296,13.2433,2904428,23.5
2021-08-11,13.2986,13.4677,13.0169,13.0179,2042823,23.1
2021-08-12,13.0169,13.8058,13.0169,13.6378,3693869,24.2
2021-08-13,13.6367,14.3693,13.5804,14.3704,6047876,25.5
2021-08-16,15.1018,15.778,14.4256,15.7793,5668330,28
2021-08-17,17.1868,17.1868,15.6653,15.9483,4975514,28.3
2021-08-18,16.0598,16.5669,15.4963,16.1738,4638241,28.7
2021-08-19,16.1725,17.3558,15.9471,16.9064,3482903,30
2021-08-20,16.905,17.1868,15.2145,15.4411,7702909,27.4
2021-08-23,15.4963,16.1725,15.2709,15.5539,4414772,27.6
2021-08-24,15.7217,16.2852,15.4399,16.1174,4171435,28.6
2021-08-25,16.1161,16.6233,15.9471,16.5119,3052610,29.3
2021-08-26,16.6233,17.863,16.2852,17.5826,6320829,31.2
2021-08-27,17.4685,18.3138,17.2431,17.9207,3376620,31.8
2021-08-30,17.9193,18.2574,17.5249,17.5263,3461999,31.1
2021-08-31,17.5249,18.5392,17.2431,17.808,4080282,31.6
2021-09-01,17.8066,18.2011,17.5249,18.0898,2621445,32.1
2021-09-06,18.1447,18.99,18.1447,18.1462,3108846,32.2
2021-09-07,18.032,18.1447,16.7923,16.9064,5578742,30
2021-09-08,16.9614,17.4122,16.905,17.0754,2767839,30.3
2021-09-09,17.1868,17.863,17.0177,17.639,1926846,31.3
2021-09-10,17.6939,17.7503,17.3558,17.3572,2303998,30.8
2021-09-14,17.2431,17.9193,17.1304,17.4699,2911349,31
2021-09-15,17.5249,17.9757,17.4685,17.639,2077590,31.3
2021-09-16,17.7503,18.7646,17.7503,18.597,4876072,33
2021-09-17,18.5955,18.7646,18.2574,18.2589,2528302,32.4
2021-09-20,18.4828,18.5392,17.3558,17.4699,3730062,31
2021-09-21,17.0741,17.2995,16.4542,16.7937,4965875,29.8
2021-09-22,16.8487,17.1868,16.6796,16.6809,2170664,29.6
2021-09-23,16.6796,17.0177,16.0034,16.0047,4712653,28.4
2021-09-24,16.0598,16.4542,15.4963,15.892,2671765,28.2
2021-09-27,15.8907,16.2288,15.6653,15.9483,2385047,28.3
2021-09-28,15.9471,16.3415,15.778,16.2301,1668145,28.8
2021-09-29,16.1161,16.6233,15.8907,16.1174,2296816,28.6
2021-09-30,16.4322,16.9191,16.3105,16.5552,1671457,27.2
2021-10-01,16.6756,16.9191,16.4931,16.5552,2148959,27.2
2021-10-04,16.5539,17.3451,16.3713,16.9812,2720128,27.9
2021-10-05,17.0408,17.832,16.9191,17.2856,2099472,28.4
2021-10-06,17.5277,18.9883,17.3451,18.9898,8218625,31.2
2021-10-07,19.0492,19.7186,18.684,18.6854,3558715,30.7
2021-10-08,18.7449,19.1709,18.684,18.9898,2401676,31.2
2021-10-11,18.9883,19.4752,18.7449,18.7463,3235788,30.8
2021-10-12,18.7449,19.1709,18.3189,18.6854,3588055,30.7
2021-10-13,18.8057,19.11,18.684,18.6854,1733502,30.7
2021-10-14,18.7449,19.4143,18.684,19.1115,2935687,31.4
2021-10-15,19.11,19.7795,18.8666,19.2941,4318847,31.7
2021-10-18,19.2926,19.5969,18.9275,19.1115,2560386,31.4
2021-10-19,19.3535,19.4752,18.9883,18.9898,1941832,31.2
2021-10-20,18.9883,19.11,18.0754,18.5028,4464948,30.4
2021-10-21,18.5014,19.11,18.1363,18.8072,2484747,30.9
2021-10-22,18.8666,19.11,18.7449,18.9289,2143082,31.1
2021-10-25,18.9883,20.3881,18.9275,19.5375,5663497,32.1
2021-10-27,19.6578,20.0838,19.4752,19.5375,2513240,32.1
2021-10-28,19.5969,20.449,19.4752,19.8419,3675355,32.6
2021-10-29,19.9012,20.3272,19.7795,19.9027,3258979,32.7
2021-11-01,19.9012,20.2664,19.7795,19.781,3457891,32.5
2021-11-02,19.7795,20.9358,19.5361,20.3288,5115994,33.4
2021-11-03,20.3272,20.6315,19.11,19.1724,3441818,31.5
2021-11-04,19.2318,19.5361,19.11,19.1724,2293055,31.5
2021-11-05,19.2318,20.5707,19.2318,20.3288,4348091,33.4
2021-11-08,20.3881,21.2401,20.0838,20.4505,4165417,33.6
2021-11-09,20.449,20.7533,20.0838,20.2071,2360445,33.2
2021-11-10,20.2055,20.6315,20.2055,20.2071,3057133,33.2
2021-11-11,20.2664,20.5098,19.5969,19.781,3962740,32.5
2021-11-12,19.7795,20.0229,19.4752,19.7201,2037324,32.4
2021-11-15,19.7186,20.3272,19.7186,20.0245,2875706,32.9
2021-11-16,20.0838,21.2401,19.9621,20.694,4267355,34
2021-11-17,20.9967,20.9967,20.2055,20.2071,1777608,33.2
2021-11-18,20.2664,20.6924,20.1447,20.1462,2757988,33.1
2021-11-19,20.0838,20.3272,18.258,19.1724,6537771,31.5
2021-11-22,19.1709,19.4752,17.6494,17.6507,3080398,29
2021-11-23,17.6494,18.8057,17.4668,18.3203,1711958,30.1
2021-11-24,18.6232,18.8057,18.4406,18.5637,1443756,30.5
2021-11-25,18.5623,19.3535,18.5623,18.868,1431334,31
2021-11-26,18.9275,19.1709,18.6232,18.868,1597718,31
2021-11-29,18.8057,18.8057,18.258,18.5637,1384404,30.5
2021-11-30,18.6232,19.2318,18.5623,18.5637,1594813,30.5
2021-12-01,18.5623,19.9621,18.5623,19.6593,2918956,32.3
2021-12-02,19.6578,19.9621,19.2318,19.2332,1390004,31.6
2021-12-03,19.2926,19.6578,18.8057,18.8072,1582684,30.9
2021-12-06,18.8057,18.9275,17.6494,17.6507,2379554,29
2021-12-07,17.6494,18.5623,17.6494,18.3203,1485189,30.1
2021-12-08,18.5623,18.8666,18.3797,18.6246,1069506,30.6
2021-12-09,18.8666,19.3535,18.4406,18.7463,1116095,30.8
2021-12-10,18.8057,20.0229,18.8057,19.9636,3912946,32.8
2021-12-13,20.0229,20.449,19.7186,19.8419,2400788,32.6
2021-12-14,19.9621,20.6315,19.5361,20.2679,2991885,33.3
2021-12-15,20.3272,20.449,19.7795,19.781,1734576,32.5
2021-12-16,19.9012,20.6924,19.7795,20.1462,3045300,33.1
2021-12-17,20.2055,21.727,20.1447,20.9983,4553174,34.5
2021-12-20,21.1184,21.7879,20.8141,20.9983,3369851,34.5
2021-12-21,21.301,21.301,20.449,20.694,2572123,34
2021-12-22,20.8141,21.3619,20.3272,20.6331,2931037,33.9
2021-12-23,20.6315,20.7533,19.5361,19.781,3655472,32.5
2021-12-24,19.7795,20.8141,19.7795,20.5722,2179444,33.8
2021-12-27,20.6924,21.1184,20.0838,20.5722,1880770,33.8
2021-12-28,20.6315,20.9967,20.0838,20.0853,1884800,33
2021-12-29,20.1447,20.2664,19.6578,19.6593,1986946,32.3
2021-12-30,19.6578,20.3272,19.5361,19.8419,1472266,32.6
2021-12-31,19.8404,20.2055,19.7795,19.9636,1068337,32.8
2022-01-04,19.9621,20.5098,19.9621,20.2071,1705334,33.2
2022-01-05,20.2055,21.0576,20.2055,20.8157,3170114,34.2
2022-01-06,20.9967,21.0576,20.5707,20.8157,2339818,34.2
2022-01-07,20.8141,22.4573,20.8141,21.9721,4409504,36.1
2022-01-10,21.9705,22.153,20.6924,20.694,2499891,34
2022-01-11,20.6924,20.9967,20.2664,20.2679,2044371,33.3
2022-01-12,20.2664,20.2664,18.5623,19.5375,3139964,32.1
2022-01-13,19.7704,20.5095,19.6472,19.7092,1353732,32
2022-01-14,19.8936,20.2015,19.4009,20.0172,744047,32.5
2022-01-17,20.2631,20.5095,18.1691,18.1695,2568497,29.5
2022-01-18,18.4154,18.785,18.0459,18.1695,1417165,29.5
2022-01-19,18.2922,18.9081,18.1691,18.4774,1206735,30
2022-01-20,18.477,19.2777,18.477,18.9702,1138830,30.8
2022-01-21,19.0929,19.1545,18.8465,18.9086,952613,30.7
2022-01-24,18.9697,18.9697,17.122,17.1224,1772410,27.8
2022-01-25,17.122,17.5532,16.6293,17.4304,1379820,28.3
2022-01-26,17.43,17.8611,17.2452,17.2456,825546,28
2022-01-27,17.1836,17.4916,16.6293,16.7529,1166494,27.2
2022-01-28,16.7525,17.43,16.7525,17.2456,668630,28
2022-02-07,17.3068,18.477,17.3068,18.1695,579023,29.5
2022-02-08,18.1691,19.0929,18.1691,18.9702,1069199,30.8
2022-02-09,19.0313,19.0929,18.8465,18.847,854236,30.6
2022-02-10,18.8465,19.5856,18.8465,19.2165,1253043,31.2
2022-02-11,19.1545,19.2777,18.8465,19.0317,780547,30.9
2022-02-14,19.0313,19.9552,18.785,18.9702,1711479,30.8
2022-02-15,18.9697,19.4624,18.9697,19.0933,1048179,31
2022-02-16,19.2777,19.524,19.2161,19.5245,1130130,31.7
2022-02-17,19.524,19.8936,19.2777,19.5861,1506192,31.8
2022-02-18,19.524,20.6942,19.4009,20.3252,4556373,33
2022-02-21,20.3247,20.5711,20.2015,20.3252,2767527,33
2022-02-22,20.3247,20.3247,19.524,19.8324,2922352,32.2
2022-02-23,19.832,20.6327,19.832,20.4483,3491553,33.2
2022-02-24,20.4479,21.2486,19.7088,20.9411,5333582,34
2022-02-25,20.9406,21.9876,20.9406,21.1874,4765944,34.4
2022-02-28,20.879,21.8645,20.6327,21.557,3919678,35
2022-03-01,21.5565,22.1108,21.0022,21.0027,3373155,34.1
2022-03-02,20.8174,21.3717,20.8174,21.0027,3519315,34.1
2022-03-03,21.1254,23.0347,20.6942,22.604,6879594,36.7
2022-03-04,22.6035,22.6035,21.6181,21.9881,4309777,35.7
2022-03-07,21.4949,22.7883,21.3717,22.1729,3656075,36
2022-03-08,22.0492,22.1724,20.8174,20.8179,4471331,33.8
2022-03-09,20.7558,21.187,19.8936,20.3252,5118277,33
2022-03-10,20.3863,21.3717,20.3863,20.5099,2820613,33.3
2022-03-11,20.5095,21.187,20.2631,20.8179,2881323,33.8
2022-03-14,21.1254,21.1254,20.1399,20.3252,1959662,33
2022-03-15,20.3863,20.5711,20.0168,20.3252,1700956,33
2022-03-16,20.5095,21.187,20.3247,20.9411,2549253,34
2022-03-17,21.0638,21.4949,20.9406,20.9411,2088085,34
2022-03-18,21.1254,21.187,20.5711,20.6947,1799299,33.6
2022-03-21,20.6942,21.187,20.5711,20.7563,1838611,33.7
2022-03-22,20.8174,21.4333,20.7558,20.7563,2607215,33.7
2022-03-23,20.8174,21.1254,20.5711,20.6947,2394107,33.6
2022-03-24,20.6942,21.4333,20.6327,21.0027,2866240,34.1
2022-03-25,21.1254,22.5419,21.1254,22.1113,5565015,35.9
2022-03-28,22.4188,23.589,21.8029,23.5279,7184480,38.2
2022-03-29,23.4658,24.1433,23.0963,23.2815,3892367,37.8
2022-03-30,23.281,24.8208,22.7883,24.6366,6302751,40
2022-03-31,24.5744,24.636,23.8353,23.8359,3112126,38.7
2022-04-04,24.1433,24.6976,23.4042,23.4047,3521129,38
2022-04-05,23.4042,24.3281,23.3426,23.5895,3138218,38.3
2022-04-06,23.5274,24.3281,23.5274,24.3286,2987926,39.5
2022-04-07,24.3896,25.5599,24.0201,24.0206,4437493,39
2022-04-08,24.0201,24.1433,22.4804,22.7272,3591413,36.9
2022-04-12,22.7883,23.7737,22.4804,22.8504,2982212,37.1
2022-04-13,22.8499,23.9585,20.6327,23.9591,2668640,38.9
2022-04-14,23.9585,24.944,23.7122,24.3286,3939141,39.5
2022-04-18,25.5599,26.1758,25.1287,25.8684,3763530,42
2022-04-19,25.9294,26.2373,24.2049,24.2054,4935954,39.3
2022-04-20,24.2049,24.944,23.4042,23.4047,5225581,38
2022-04-21,23.4042,24.2665,22.5419,23.7743,3220432,38.6
2022-04-22,23.6506,24.2665,21.4333,21.4338,8144042,34.8
2022-04-25,21.4333,21.4949,19.3393,19.3397,3857126,31.4
2022-04-26,18.6002,19.832,17.43,19.8324,3459055,32.2
2022-04-27,19.7088,20.6942,18.477,20.3252,1752229,33
2022-04-28,20.3863,20.7558,20.0168,20.0172,2475095,32.5
2022-04-29,19.7088,21.3717,19.7088,21.1874,3121674,34.4
2022-05-04,21.187,21.8645,21.0638,21.1874,2830793,34.4
2022-05-05,21.3101,21.7413,20.4479,21.249,2419427,34.5
2022-05-06,21.187,21.2486,19.8936,19.894,2960449,32.3
2022-05-09,19.8936,20.3247,17.9227,17.9231,3366786,29.1
2022-05-10,17.7379,18.9697,16.6293,18.9702,3015811,30.8
2022-05-11,19.524,20.5095,18.9697,19.1549,1139111,31.1
2022-05-12,19.0929,19.1545,17.2452,17.2456,3470597,28
2022-05-13,17.2452,17.6147,15.5207,15.521,3859989,25.2
2022-05-16,13.9809,16.6909,13.9809,15.2131,2239959,24.7
2022-05-17,15.2127,16.6909,14.9664,16.6913,1540966,27.1
2022-05-18,16.9373,17.6147,16.9373,16.9376,2229134,27.5
2022-05-19,16.6293,16.9373,15.9518,16.6297,1841136,27
2022-05-20,16.8141,17.43,16.6293,16.8145,2027266,27.3
2022-05-23,16.9373,17.7379,16.6293,16.9992,2246858,27.6
2022-05-24,17.0604,17.5532,16.6909,17.5535,2165593,28.5
2022-05-25,17.7995,19.2161,17.5532,19.0317,3278931,30.9
2022-05-26,18.785,19.2777,18.3538,19.0317,1966475,30.9
2022-05-27,19.1545,19.4009,18.6618,18.6622,2213497,30.3
2022-05-30,18.6618,19.0313,18.477,18.539,2279643,30.1
2022-05-31,18.6002,18.9697,18.4154,18.539,2426444,30.1
2022-06-01,18.6002,19.4009,18.2306,19.4013,3290845,31.5
2022-06-02,21.0319,21.0319,19.6837,19.8878,3611532,29.5
2022-06-03,19.886,20.0208,19.5489,19.5507,2117908,29
2022-06-06,19.5489,20.1556,19.5489,19.6855,3155707,29.2
2022-06-07,19.6837,21.6386,19.4815,21.6406,6104723,32.1
2022-06-08,21.6386,22.852,21.6386,21.9103,5262167,32.5
2022-06-09,21.8408,22.7172,21.6386,22.2473,2960271,33
2022-06-10,22.1779,22.3127,20.6275,20.6293,5588107,30.6
2022-06-13,20.6275,20.6275,18.6052,18.6743,5505484,27.7
2022-06-14,18.9422,19.7511,17.7962,19.6855,2615680,29.2
2022-06-15,19.7511,19.886,18.8748,19.6855,2786461,29.2
2022-06-16,19.8185,20.7623,19.8185,20.2923,3235947,30.1
2022-06-17,19.886,21.9083,19.2119,21.6406,6181237,32.1
2022-06-20,21.5712,22.7846,21.2342,21.5732,6102526,32
2022-06-21,21.4364,22.1779,19.7511,20.2248,4533973,30
2022-06-22,20.0208,20.8971,18.2681,18.7417,4314173,27.8
2022-06-23,18.5378,20.3578,17.8637,20.3597,3207915,30.2
2022-06-24,20.3578,20.8971,20.0882,20.09,2070551,29.8
2022-06-27,20.1556,20.8297,20.1556,20.6293,2562497,30.6
2022-06-28,20.6275,21.7734,20.5601,21.2361,6378705,31.5
2022-06-29,20.9645,21.5038,20.7623,20.899,2686988,31
2022-06-30,20.9645,21.5038,20.7623,20.7642,3058962,30.8
2022-07-01,20.6275,21.2342,19.0096,20.6968,4634675,30.7
2022-07-04,20.8971,21.2342,19.886,19.9552,1964168,29.6
2022-07-05,19.9534,20.0882,18.2007,18.5394,5693892,27.5
2022-07-06,18.3355,19.1444,16.9199,16.9215,4064255,25.1
2022-07-07,16.9199,17.5266,16.9199,17.5282,2094288,26
2022-07-08,17.6614,18.4703,17.6614,18.0675,1554458,26.8
2022-07-11,18.0659,18.0659,16.8525,17.2585,2281150,25.6
2022-07-12,17.257,17.7962,17.1896,17.5956,1580454,26.1
2022-07-13,17.594,18.1333,17.1896,17.5956,1451985,26.1
2022-07-14,17.5266,18.0659,17.3918,17.9327,1390325,26.6
2022-07-15,17.9311,18.6726,17.9311,18.0675,1735106,26.8
2022-07-18,18.0659,18.3355,17.7288,17.9327,1253594,26.6
2022-07-19,17.9311,18.2007,17.7962,18.0001,1312594,26.7
2022-07-20,18.0659,18.8074,18.0659,18.6069,2889531,27.6
2022-07-21,18.6726,18.8074,18.2007,18.3372,1823090,27.2
2022-07-22,18.3355,18.5378,18.2007,18.2698,1512038,27.1
2022-07-25,18.2681,18.2681,17.7962,17.7979,1641339,26.4
2022-07-26,17.7288,18.0659,17.3918,17.3934,1461064,25.8
2022-07-27,17.3918,17.7288,17.1896,17.5956,967632,26.1
2022-07-28,17.8637,18.3355,17.7288,18.3372,1873380,27.2
2022-07-29,18.4029,18.9422,18.4029,18.4046,3610158,27.3
2022-08-01,18.4029,18.8074,18.3355,18.6743,1775906,27.7
2022-08-02,18.5378,19.077,18.5378,18.8765,2613415,28
2022-08-03,18.8748,19.077,18.6726,19.0114,2701450,28.2
2022-08-04,19.1444,19.3467,18.6726,18.7417,1916189,27.8
2022-08-05,18.74,18.8748,18.5378,18.7417,1581502,27.8
2022-08-08,18.74,19.4815,18.6052,19.4833,4243115,28.9
2022-08-09,19.6837,19.6837,19.077,19.1462,2398866,28.4
2022-08-10,19.1444,19.2119,18.9422,18.9439,1606811,28.1
2022-08-11,19.2119,19.3467,18.4029,18.6069,3282521,27.6
2022-08-12,18.5378,18.8748,18.5378,18.7417,2012813,27.8
2022-08-15,18.8074,19.0096,18.6726,18.8091,2017824,27.9
2022-08-16,18.8074,19.4141,18.8074,19.3484,3716392,28.7
2022-08-17,19.3467,19.6163,19.0096,19.0788,1928372,28.3
2022-08-18,19.0096,19.077,18.6052,18.6069,2274559,27.6
2022-08-19,18.8748,18.9422,18.0659,18.2698,2861967,27.1
2022-08-22,18.2007,18.2681,17.8637,18.0675,2044676,26.8
2022-08-23,17.9985,18.8748,17.8637,18.8765,1655230,28
2022-08-24,18.8748,18.8748,18.5378,18.7417,1711704,27.8
2022-08-25,18.6726,19.2119,18.6726,18.6743,2849392,27.7
2022-08-26,18.6726,18.8748,18.2007,18.2024,1599832,27
2022-08-29,18.2007,18.2007,17.3918,17.7304,2860300,26.3
2022-08-30,18.0659,18.2681,17.6614,17.7979,1791695,26.4
2022-08-31,17.8637,18.2007,17.7288,18.1349,1583635,26.9
2022-09-05,18.2007,18.74,18.2007,18.2698,1913609,27.1
2022-09-06,18.2681,18.4703,18.0659,18.0675,1572270,26.8
2022-09-07,18.0659,18.2007,17.257,17.2585,2394842,25.6
2022-09-08,17.257,17.6614,16.8525,16.854,1894596,25
2022-09-09,16.5155,17.1896,15.4369,17.1911,1940427,25.5
2022-09-12,17.257,17.4592,16.9199,16.9889,993804,25.2
2022-09-13,16.9873,17.1896,16.8525,16.9889,1152898,25.2
2022-09-14,16.8525,16.8525,16.3806,16.7866,1404480,24.9
2022-09-15,16.7177,17.0547,16.7177,16.7866,869356,24.9
2022-09-16,16.9873,16.9873,16.0436,16.2473,1627352,24.1
2022-09-19,16.2458,16.448,14.8302,15.0338,2027083,22.3
2022-09-20,14.8302,15.6391,14.8302,15.5731,1463907,23.1
2022-09-21,15.5717,15.7739,15.3021,15.4383,647431,22.9
2022-09-22,15.3695,15.9088,15.1673,15.9102,978397,23.6
2022-09-23,15.8414,16.0436,15.6391,15.6405,907716,23.2
2022-09-26,15.5043,15.5043,14.5606,14.6293,1597673,21.7
2022-09-27,14.6954,15.1673,14.6954,14.7641,1034455,21.9
2022-09-28,14.8302,15.0324,14.5606,14.5619,1497116,21.6
2022-09-29,14.7628,15.0324,13.482,13.4832,1200377,20
2022-09-30,13.482,13.482,12.2012,13.0787,2719734,19.4
2022-10-03,13.0775,13.0775,11.7968,11.7978,1983068,17.5
2022-10-04,11.9316,12.2012,10.7856,10.7866,2173327,16
2022-10-05,10.6508,11.8642,10.1115,11.7978,1916069,17.5
2022-10-06,11.7968,12.2012,10.853,10.9214,1277118,16.2
2022-10-07,10.9878,10.9878,9.9093,10.1798,2674672,15.1
2022-10-10,9.9767,11.1901,9.2352,11.1911,2085304,16.6
2022-10-11,10.0959,11.4098,10.0959,10.5813,1843479,15.3
2022-10-12,9.681,11.4098,9.5427,11.1346,1558093,16.1
2022-10-13,11.2023,11.2715,10.7874,11.0654,1003695,16
2022-10-14,11.064,11.6172,11.064,11.3421,1588886,16.4
2022-10-17,11.4789,11.4789,10.9949,11.3421,1186988,16.4
2022-10-18,11.4098,12.0321,11.4098,11.6879,2120307,16.9
2022-10-19,11.7555,11.8938,11.2715,11.4804,1318803,16.6
2022-10-20,11.4789,12.2396,11.4789,11.8262,2528436,17.1
2022-10-21,11.8938,11.963,10.7874,10.858,2675535,15.7
2022-10-24,11.064,11.4098,10.4417,10.5813,2006042,15.3
2022-10-25,10.58,11.2715,10.5108,10.858,2045083,15.7
2022-10-26,9.8193,11.2023,9.8193,10.3738,1395401,15
2022-10-27,9.3353,11.2023,9.3353,11.2038,2120323,16.2
2022-10-28,11.2023,11.4098,10.7183,10.858,1918861,15.7
2022-10-31,10.8566,11.1332,10.4417,10.9271,1404608,15.8
2022-11-01,11.064,11.6864,11.064,11.4112,2434224,16.5
2022-11-02,11.2023,11.6864,11.2023,11.2729,1476258,16.3
2022-11-03,11.3406,11.5481,11.064,11.2729,1717378,16.3
2022-11-04,11.2715,11.2715,10.4417,10.5813,2494598,15.3
2022-11-07,10.58,10.7183,9.5427,9.5439,2815618,13.8
2022-11-08,9.7502,10.3725,8.7129,9.8206,1059682,14.2
2022-11-09,8.8512,10.1651,8.8512,9.6131,1206923,13.9
2022-11-11,7.8831,9.3353,7.8831,8.0224,3016803,11.6
2022-11-14,7.3299,8.1597,7.2608,7.3309,3040631,10.6
2022-11-15,7.1225,7.3991,6.6384,6.6393,2639987,9.6
2022-11-16,6.0161,7.2608,6.0161,7.2617,3561158,10.5
2022-11-17,7.3299,7.9523,7.2608,7.9533,3038772,11.5
2022-11-18,7.9523,8.7129,7.1916,8.4374,3065299,12.2
2022-11-21,7.6065,8.8512,7.6065,8.5757,1686238,12.4
2022-11-22,7.8831,8.9895,7.8831,8.4374,2864230,12.2
2022-11-23,7.9523,8.9204,7.9523,8.4374,1977873,12.2
2022-11-24,8.2289,8.7129,7.9523,8.6449,1671646,12.5
2022-11-25,7.814,9.3353,7.814,9.2673,2175974,13.4
2022-11-28,9.1278,10.0268,9.1278,9.8206,2543240,14.2
2022-11-29,9.6119,10.0268,9.3353,9.6823,3099396,14
2022-11-30,8.7821,10.0959,8.7821,9.9589,2182119,14.4
2022-12-01,9.5427,10.58,9.5427,9.9589,3203797,14.4
2022-12-02,9.9576,10.3034,9.7502,10.1664,2586165,14.7
2022-12-05,10.3034,10.7183,10.2342,10.3738,2632885,15
2022-12-06,10.58,11.064,10.0268,10.028,4490817,14.5
2022-12-07,9.681,10.2342,9.681,9.9589,1369984,14.4
2022-12-08,9.0587,10.5108,9.0587,10.3047,1811625,14.9
2022-12-09,10.3034,10.9949,10.0959,10.858,4327867,15.7
2022-12-12,10.9257,11.3406,10.3725,10.3738,2842750,15
2022-12-13,10.1651,10.6491,10.0268,10.5122,2603528,15.2
2022-12-14,10.8566,10.8566,10.5108,10.5122,1628143,15.2
2022-12-15,10.5108,10.6491,10.2342,10.3047,2188852,14.9
2022-12-16,9.681,10.58,9.5427,10.443,1821545,15.1
2022-12-19,10.58,10.8566,10.3725,10.3738,2577936,15
2022-12-20,10.1651,10.5108,9.8193,9.8897,2444046,14.3
2022-12-21,10.0959,10.2342,9.2661,9.5439,1814095,13.8
2022-12-22,8.7821,9.8885,8.7821,9.5439,957765,13.8
2022-12-23,9.4736,9.681,9.3353,9.5439,748897,13.8
2022-12-26,9.5427,9.7502,8.8512,8.9215,1256161,12.9
2022-12-27,8.3672,9.4044,8.3672,9.4056,1251508,13.6
2022-12-28,9.5427,9.6119,9.3353,9.4748,512373,13.7
2022-12-29,9.6119,9.6119,9.197,9.2673,541300,13.4
2022-12-30,9.2661,9.4044,9.197,9.1981,581512,13.3
2023-01-03,9.2661,9.9576,9.197,9.9589,932255,14.4
2023-01-04,8.9895,10.0959,8.9895,9.7514,1241571,14.1
2023-01-05,8.8512,10.2342,8.8512,10.1664,1814491,14.7
2023-01-06,10.2342,10.3034,9.8885,9.9589,1316331,14.4
2023-01-09,9.3128,10.3791,9.0995,10.0952,884291,14.2
2023-01-10,10.237,10.237,9.8815,10.0241,617829,14.1
2023-01-11,10.0948,10.4502,10.0237,10.1663,995452,14.3
2023-01-12,10.1659,10.5924,10.1659,10.5217,1284969,14.8
2023-01-13,10.5924,10.8057,10.237,10.3084,818840,14.5
2023-01-16,10.3081,10.4502,9.9526,10.2373,765136,14.4
2023-01-17,10.3081,10.4502,10.1659,10.3795,1298949,14.6
2023-01-18,10.5213,10.9479,10.4502,10.8061,1610249,15.2
2023-01-19,10.8057,11.4455,10.7346,11.2326,3323420,15.8
2023-01-27,11.2322,11.5877,11.1611,11.1616,1902941,15.7
2023-01-30,11.1611,11.3033,11.019,11.0194,2134242,15.5
2023-01-31,10.9479,11.3033,10.8057,11.3037,1847775,15.9
2023-02-01,11.3744,11.7299,11.2322,11.2326,4286774,15.8
2023-02-02,11.2322,11.3033,10.6635,10.8772,1777353,15.3
2023-02-03,10.8768,11.09,10.5213,10.6639,1605174,15
2023-02-06,10.6635,10.7346,10.3081,10.5928,1083099,14.9
2023-02-07,10.5924,10.8768,10.5213,10.6639,1445490,15
2023-02-08,10.6635,10.8768,10.5213,10.8061,1240911,15.2
2023-02-09,10.8057,11.5877,10.8057,11.5881,5007755,16.3
2023-02-10,11.6588,11.7299,11.1611,11.2326,1752431,15.8
2023-02-13,11.2322,11.872,11.09,11.3748,3710828,16
2023-02-14,11.872,12.0142,11.3744,11.517,1362084,16.2
2023-02-15,11.5166,11.872,11.4455,11.7303,2285490,16.5
2023-02-16,11.8009,12.8673,11.7299,12.8678,4314702,18.1
2023-02-17,12.9384,13.1517,12.5118,12.5123,2224966,17.6
2023-02-20,12.7962,13.436,12.5118,13.2232,2858403,18.6
2023-02-21,13.2227,13.7915,12.8673,13.2232,3874649,18.6
2023-02-22,13.0095,13.7204,12.4408,12.4412,4147917,17.5
2023-02-23,12.4408,13.3649,12.2275,13.3654,3841686,18.8
2023-02-24,13.3649,13.6493,13.0095,13.0811,1644556,18.4
2023-02-27,12.8673,13.0806,11.9431,12.0147,3635898,16.9
2023-02-28,11.9431,12.5829,11.9431,12.5834,1737374,17.7
2023-03-01,12.5829,12.7962,12.2986,12.7967,2595787,18
2023-03-02,12.7962,12.8673,12.5829,12.7256,1577359,17.9
2023-03-03,12.7962,13.0806,12.2275,12.2279,4676670,17.2
2023-03-06,12.2275,12.5118,12.0853,12.0858,1710196,17
2023-03-07,12.0853,12.654,12.0853,12.4412,1942560,17.5
2023-03-08,12.4408,13.0806,12.0853,13.01,2482466,18.3
2023-03-09,13.0095,13.1517,12.7251,12.7967,2777255,18
2023-03-10,12.8673,13.2227,12.5829,13.01,3712178,18.3
2023-03-13,12.8673,13.3649,12.7962,13.0811,2355669,18.4
2023-03-14,12.8673,13.3649,12.5829,12.6545,3316667,17.8
2023-03-15,12.8673,13.2938,12.8673,13.1521,2587288,18.5
2023-03-16,13.1517,13.1517,12.654,12.7967,1523704,18
2023-03-17,12.7962,13.0806,12.654,12.6545,1420786,17.8
2023-03-20,12.654,12.654,11.872,11.8725,3316631,16.7
2023-03-21,12.0142,12.2986,11.872,12.299,1645627,17.3
2023-03-22,12.2986,12.4408,12.0853,12.0858,1105765,17
2023-03-23,12.0853,12.2275,11.9431,12.2279,1239214,17.2
2023-03-24,12.2275,12.3697,12.1564,12.2279,1252512,17.2
2023-03-27,12.2275,12.3697,12.2275,12.3701,1366632,17.4
2023-03-28,12.4408,12.5829,12.2275,12.299,1377806,17.3
2023-03-29,12.3697,12.5118,12.1564,12.1568,1035449,17.1
2023-03-30,12.2275,12.4408,12.1564,12.2279,950720,17.2
2023-03-31,12.2986,12.2986,12.0853,12.1568,1358250,17.1
2023-04-03,12.2275,12.8673,12.2275,12.7256,2639135,17.9
2023-04-04,12.7962,12.9384,12.654,12.9389,2566632,18.2
2023-04-05,12.9384,13.0806,12.7251,12.7967,2112133,18
2023-04-06,12.8673,13.1517,12.654,12.6545,2928205,17.8
2023-04-07,12.654,12.7251,12.3697,12.5123,1899591,17.6
2023-04-10,12.2986,12.7251,12.0853,12.2279,1931578,17.2
2023-04-11,12.2275,12.5829,12.2275,12.5834,1347037,17.7
2023-04-12,12.5829,13.0806,12.5118,12.8678,2536957,18.1
2023-04-13,12.8673,13.1517,12.7251,12.7967,2570156,18
2023-04-14,12.7962,12.9384,12.3697,12.3701,1704070,17.4
2023-04-17,12.3697,12.654,12.3697,12.4412,901747,17.5
2023-04-18,12.1564,12.5829,11.2322,12.4412,1341005,17.5
2023-04-19,12.4408,12.654,12.3697,12.5123,1143391,17.6
2023-04-20,12.4408,13.2938,12.4408,13.1521,5495342,18.5
2023-04-21,13.2227,13.2938,12.7962,12.9389,2203814,18.2
2023-04-24,12.9384,13.2227,12.654,12.7256,2284939,17.9
2023-04-25,12.7962,13.7204,12.654,13.2943,4291783,18.7
2023-04-26,13.2938,14.218,13.2227,14.2185,4013369,20
2023-04-27,14.2891,14.3602,13.7204,13.9342,2472758,19.6
2023-04-28,14.0047,14.1469,13.7204,14.0053,2610741,19.7
2023-05-04,14.0047,14.6445,13.8626,13.9342,3240062,19.6
2023-05-05,12.7962,14.0047,12.7962,13.5076,2431542,19
2023-05-08,13.5071,13.9336,13.3649,13.6498,1994440,19.2
2023-05-09,13.6493,14.0047,13.6493,13.8631,1438766,19.5
2023-05-10,13.9336,14.0047,13.7204,13.9342,1847528,19.6
2023-05-11,13.9336,14.3602,13.7915,13.792,2683266,19.4
2023-05-12,13.7915,14.0758,13.5782,13.8631,1953731,19.5
2023-05-15,13.9336,14.4313,13.7915,14.0764,2331132,19.8
2023-05-16,14.0758,14.0758,13.8626,13.8631,1122526,19.5
2023-05-17,13.9336,14.0047,13.5071,13.5076,1584612,19
2023-05-18,13.5071,13.7204,13.436,13.5076,1129621,19
2023-05-19,13.7204,13.8626,13.5071,13.6498,1493388,19.2
2023-05-22,14.0047,14.0047,13.5071,13.792,1340161,19.4
2023-05-23,13.7915,14.1469,13.6493,14.1474,1910664,19.9
2023-05-24,14.218,14.5024,13.8626,13.8631,3066601,19.5
2023-05-25,13.8626,13.9336,13.6493,13.7209,1335901,19.3
2023-05-26,13.7204,13.9336,13.7204,13.7209,1293574,19.3
2023-05-29,13.7204,14.0047,13.7204,13.9342,2011852,19.6
2023-05-30,14.0047,14.3602,13.9336,14.0053,2623707,19.7
2023-05-31,14.1469,14.6445,14.0758,14.2896,3831116,20.1
2023-06-01,14.3602,14.4313,14.0758,14.1474,1826997,19.9
2023-06-02,14.5024,14.5735,14.0047,14.1474,2186513,19.9
2023-06-05,14.3602,14.7156,14.218,14.574,3814231,20.5
2023-06-06,14.6445,14.8578,14.4313,14.5029,2136118,20.4
2023-06-07,14.5735,14.7156,14.4313,14.5029,2719568,20.4
2023-06-08,14.5024,14.6445,14.0758,14.0764,2548362,19.8
2023-06-09,13.5071,14.2891,13.1517,14.2185,2043454,20
2023-06-12,14.218,14.4313,14.0758,14.4318,1457212,20.3
2023-06-13,14.3602,14.6445,14.1469,14.1474,1684947,19.9
2023-06-14,14.9721,15.1257,14.2811,14.2815,1176622,18.6
2023-06-15,14.2811,14.5114,14.1275,14.3583,1103729,18.7
2023-06-16,14.3579,14.5882,14.2043,14.2815,1594904,18.6
2023-06-19,14.2811,14.3579,13.8972,13.8976,1234433,18.1
2023-06-21,14.2043,14.3579,14.2043,14.2815,1182936,18.6
2023-06-22,14.3579,14.8185,14.2811,14.6654,2275718,19.1
2023-06-23,14.8185,14.8185,14.5114,14.5886,1339276,19
2023-06-26,14.5882,14.665,14.2811,14.5886,1206259,19
2023-06-27,14.5882,15.1257,14.5114,15.1261,2988255,19.7
2023-06-28,15.356,15.356,14.8185,14.9725,1472327,19.5
2023-06-29,14.9721,14.9721,14.5882,14.5886,1344299,19
2023-07-03,14.5882,14.8185,14.4346,14.819,782793,19.3
2023-07-04,14.8185,14.9721,14.5882,14.819,1308908,19.3
2023-07-05,14.8185,15.2792,14.665,14.9725,2397798,19.5
2023-07-06,15.0489,15.1257,14.665,15.1261,2085709,19.7
2023-07-07,15.1257,15.7399,15.1257,15.4332,2158345,20.1
2023-07-11,15.356,15.5863,15.2024,15.2797,2030093,19.9
2023-07-12,15.2792,15.356,15.1257,15.2029,1489877,19.8
2023-07-13,15.2024,15.4328,15.2024,15.3564,1407655,20
2023-07-14,15.4328,15.5096,15.2024,15.2797,1528924,19.9
2023-07-17,15.2792,16.047,15.2792,15.8939,3854784,20.7
2023-07-18,15.8935,15.9702,15.7399,15.7404,1203824,20.5
2023-07-19,15.8167,16.2774,15.5863,15.8939,3115043,20.7
2023-07-20,15.8935,15.9702,15.7399,15.8939,892315,20.7
2023-07-21,15.8935,16.1238,15.7399,15.8171,1226855,20.6
2023-07-24,15.8167,16.1238,15.8167,15.8939,1459557,20.7
2023-07-25,15.8935,16.4309,15.8167,15.9707,1716499,20.8
2023-07-26,15.9702,16.3541,15.8167,15.8939,1057358,20.7
2023-07-27,15.9702,15.9702,15.5096,15.6636,1594523,20.4
2023-07-28,15.6631,15.9702,15.6631,15.9707,1848732,20.8
2023-07-31,15.9702,16.5077,15.8167,16.3546,2886539,21.3
2023-08-01,16.3541,16.5845,16.047,16.0475,1352503,20.9
2023-08-02,16.047,16.2006,15.8935,16.2011,1018160,21.1
2023-08-03,16.2006,16.6613,16.1238,16.2778,1964662,21.2
2023-08-04,16.4309,16.5077,16.2006,16.3546,1387898,21.3
2023-08-07,16.3541,16.5845,15.9702,16.1243,2568576,21
2023-08-08,15.8935,16.2774,15.8167,16.1243,1337331,21
2023-08-09,17.2755,17.2755,15.8935,15.9707,1152428,20.8
2023-08-10,16.047,16.047,15.2792,15.3564,3493032,20
2023-08-11,15.4328,15.5863,14.8953,15.2029,1417084,19.8
2023-08-14,15.356,15.6631,15.2792,15.3564,1081696,20
2023-08-15,15.5096,15.5096,15.2024,15.2029,1744869,19.8
2023-08-16,15.2024,15.356,15.0489,15.0493,1115484,19.6
2023-08-17,15.0489,15.2024,14.5114,14.7422,2990040,19.2
2023-08-18,14.7418,15.0489,14.2811,14.4351,2295622,18.8
2023-08-21,13.0526,14.4346,13.0526,14.1279,1433887,18.4
2023-08-22,14.2811,14.3579,13.2829,13.744,1773979,17.9
2023-08-23,13.8972,14.0507,13.6668,13.8208,731491,18
2023-08-24,13.8972,13.974,13.5133,13.8208,1543770,18
2023-08-26,18,19,18,19,1909528,19
2023-08-28,14.5882,14.665,14.2811,14.5118,812295,18.9
2023-08-29,14.5882,14.7418,14.2811,14.7422,2101939,19.2
2023-08-30,14.7418,14.8953,14.5114,14.8958,1208338,19.4
2023-08-31,14.9721,15.6631,14.8953,15.51,3406337,20.2
2023-09-05,14.4346,15.7399,13.974,15.51,2345286,20.2
2023-09-06,15.5096,15.6631,15.356,15.5868,2103956,20.3
2023-09-07,15.5863,16.1238,15.5863,15.8171,3617217,20.6
2023-09-08,15.8935,16.2774,15.7399,16.1243,3639018,21
2023-09-11,16.1238,16.738,16.1238,16.2011,4491593,21.1
2023-09-12,16.2006,16.3541,15.9702,16.2011,2328559,21.1
2023-09-13,16.5077,16.5077,16.047,16.2778,4120321,21.2
2023-09-14,16.3541,16.3541,15.5863,15.7404,3030724,20.5
2023-09-18,15.8167,16.4309,15.7399,15.8171,2264886,20.6
2023-09-20,16.2774,17.7362,16.2774,17.3528,5973015,22.6
2023-09-21,17.3523,17.6594,16.9684,17.1224,3253339,22.3
2023-09-22,16.8916,17.813,16.5845,16.9689,5240786,22.1
2023-09-25,16.9684,17.1987,15.2792,15.2797,3460928,19.9
2023-09-26,15.2792,15.6631,14.2043,14.2047,4687667,18.5
2023-09-27,14.2043,15.5863,14.0507,15.5868,2376625,20.3
2023-09-28,15.6631,15.6631,15.0489,15.2029,1934330,19.8
2023-09-29,15.2024,15.8167,15.2024,15.5868,1955214,20.3
2023-10-02,15.5863,16.3541,15.5863,15.8939,2651763,20.7
2023-10-03,15.5096,16.4309,15.2792,15.8939,5869968,20.7
2023-10-04,15.8935,16.3541,15.4328,16.3546,2336028,21.3
2023-10-05,16.5077,16.9684,15.8167,15.8939,3907797,20.7
2023-10-06,16.1238,16.3541,15.6631,15.9707,1732022,20.8
2023-10-09,16.0495,16.5192,15.8146,16.0501,2342897,20.5
2023-10-10,16.2843,16.8324,16.0495,16.5199,3797127,21.1
2023-10-11,16.5192,16.8324,16.2843,16.5982,2511949,21.2
2023-10-12,16.5975,16.8324,16.2843,16.5982,3215508,21.2
2023-10-13,16.5975,17.3804,16.2843,16.9114,4166934,21.6
2023-10-16,16.9106,17.0672,16.206,16.2067,2839368,20.7
2023-10-17,16.206,16.5192,14.7185,14.7191,3484572,18.8
2023-10-18,14.8751,15.5014,14.4054,15.1889,3917067,19.4
2023-10-19,15.0317,15.2666,14.5619,14.5626,1608219,18.6
2023-10-20,14.5619,15.3448,14.2488,15.1889,2072242,19.4
2023-10-23,15.2666,15.3448,14.7185,14.7191,1192152,18.8
2023-10-24,13.3093,15.0317,13.3093,14.7974,1290446,18.9
2023-10-25,14.9534,15.1883,14.6402,14.7191,1416201,18.8
2023-10-26,14.7185,14.7968,13.4659,13.623,3592922,17.4
2023-10-30,13.779,14.2488,13.779,14.0928,1230227,18
2023-10-31,12.683,14.0922,12.683,13.9362,1838409,17.8
2023-11-01,13.9356,13.9356,13.3093,13.8579,1075405,17.7
2023-11-02,13.8573,14.6402,13.8573,14.6408,2681682,18.7
2023-11-03,14.7185,14.7185,14.3271,14.406,926830,18.4
2023-11-06,14.4054,14.6402,14.1705,14.4843,987639,18.5
2023-11-07,14.4837,14.7185,14.1705,14.2494,1353157,18.2
2023-11-08,14.2488,15.0317,14.2488,14.954,1835126,19.1
2023-11-09,14.9534,15.3448,14.8751,14.8757,2354865,19
2023-11-10,14.8751,15.0317,14.5619,14.5626,1503435,18.6
2023-11-13,14.2488,14.9534,14.2488,14.7191,1530794,18.8
2023-11-14,14.7185,14.9534,14.4837,14.7191,1506048,18.8
2023-11-15,14.8751,15.3448,14.8751,15.0323,2152494,19.2
2023-11-16,15.0317,15.4231,14.8751,15.2672,1624902,19.5
2023-11-17,15.2666,15.4231,14.4837,14.7191,2164709,18.8
2023-11-20,14.0922,14.8751,14.0922,14.8757,926565,19
2023-11-21,14.8751,15.0317,14.7185,15.0323,1106627,19.2
2023-11-22,15.0317,15.11,14.7185,15.1106,1820384,19.3
2023-11-23,15.11,15.2666,14.4837,14.4843,1819783,18.5
2023-11-24,14.4054,14.7185,14.0139,14.4843,1715451,18.5
2023-11-27,14.4837,14.6402,14.0922,14.0928,1077723,18
2023-11-28,14.0922,14.3271,13.8573,14.3277,1103558,18.3
2023-11-29,14.4054,14.4837,14.3271,14.4843,820552,18.5
2023-11-30,14.5619,14.5619,14.2488,14.2494,987320,18.2
2023-12-01,14.4837,14.4837,14.0922,14.2494,706201,18.2
2023-12-04,14.2488,15.11,14.2488,14.8757,2479290,19
2023-12-05,15.0317,15.0317,14.6402,14.6408,1148346,18.7
2023-12-06,14.7185,15.1883,14.7185,15.1889,2981669,19.4
2023-12-07,15.11,15.3448,14.7185,15.1106,2820517,19.3
2023-12-08,15.11,15.1883,14.7968,14.8757,1862146,19
2023-12-11,14.8751,15.0317,14.7185,14.954,734608,19.1
2023-12-12,14.9534,15.7363,14.7968,15.5804,4259800,19.9
2023-12-13,15.5797,15.7363,15.2666,15.2672,2846135,19.5
2023-12-14,15.2666,15.8146,15.2666,15.5021,2921706,19.8
2023-12-15,15.5014,15.5797,15.2666,15.3455,1178638,19.6
2023-12-18,15.3448,15.8929,15.1883,15.5804,1851503,19.9
2023-12-19,15.658,16.0495,15.5797,15.8152,2602568,20.2
2023-12-20,15.8146,15.8929,15.5014,15.5804,1314411,19.9
2023-12-21,15.5797,15.7363,15.4231,15.5804,1097436,19.9
2023-12-22,15.658,15.7363,15.3448,15.4238,1612951,19.7
2023-12-25,15.4231,15.8146,15.4231,15.6587,1487305,20
2023-12-26,14.0922,16.0495,14.0922,15.9718,2826832,20.4
2023-12-27,15.9712,16.1277,15.7363,15.737,1980601,20.1
2023-12-28,15.8929,15.8929,15.658,15.6587,1855944,20
2023-12-29,15.658,15.8146,15.5797,15.6587,1156082,20
2024-01-02,15.658,15.8146,15.4231,15.5021,1927794,19.8
2024-01-03,15.658,15.8146,15.4231,15.8152,1187043,20.2
2024-01-04,15.8146,15.8146,15.5797,15.5804,1746509,19.9
2024-01-05,15.658,15.7363,15.5014,15.737,1242414,20.1
2024-01-08,15.7363,15.8929,15.658,15.737,1856337,20.1
2024-01-09,15.8146,16.3626,15.8146,16.0501,3687788,20.5
2024-01-10,16.0495,16.1277,15.8146,15.8935,1198421,20.3
2024-01-11,15.8146,15.9712,15.5797,15.6587,1852850,20
2024-01-12,15.658,15.658,15.3448,15.4238,2348470,19.7
2024-01-15,15.4231,15.5797,15.2666,15.3455,1138680,19.6
2024-01-16,15.658,15.658,15.2666,15.5021,1166345,19.8
2024-01-17,15.5014,15.8146,15.5014,15.737,1472565,20.1
2024-01-18,15.7363,15.8146,15.5014,15.5804,782530,19.9
2024-01-19,15.8981,15.8981,15.4987,15.4989,1139015,19.4
2024-01-22,15.5786,15.8182,15.4987,15.8184,1182558,19.8
2024-01-23,15.8981,15.8981,15.6584,15.8184,644328,19.8
2024-01-24,15.8182,15.8182,15.6584,15.6587,419362,19.6
2024-01-25,15.7383,15.7383,15.5786,15.5788,455603,19.5
2024-01-26,15.6584,15.7383,15.5786,15.5788,560212,19.5
2024-01-29,15.5786,15.7383,15.5786,15.6587,845633,19.6
2024-01-30,15.6584,16.5372,15.6584,16.3777,4750672,20.5
2024-01-31,16.3775,16.3775,16.0579,16.0581,1300370,20.1
2024-02-01,16.1378,16.5372,16.0579,16.5375,2001730,20.7
2024-02-02,16.5372,16.7769,16.2177,16.2179,2045506,20.3
2024-02-05,16.2976,16.6171,16.2177,16.4576,1771958,20.6
2024-02-06,16.4573,16.6171,16.2976,16.4576,859013,20.6
2024-02-07,16.4573,16.6171,16.3775,16.4576,1541336,20.6
2024-02-15,16.4573,17.0166,16.4573,16.7771,2606820,21
2024-02-16,15.978,16.8568,15.978,16.6174,1275523,20.8
2024-02-19,16.7769,16.8568,16.4573,16.6174,1616053,20.8
2024-02-20,16.5372,16.697,16.3775,16.6174,1811994,20.8
2024-02-21,16.697,16.7769,16.4573,16.7771,1954953,21
2024-02-22,15.0992,17.3361,15.0992,16.7771,2789052,21
2024-02-23,15.0992,17.0166,15.0992,16.4576,2621800,20.6
2024-02-26,16.4573,17.1764,16.4573,17.0967,2761708,21.4
2024-02-27,17.0965,17.5758,17.0166,17.1766,2879436,21.5
2024-02-28,17.1764,17.4959,16.9367,17.0967,1815392,21.4
2024-02-29,17.1764,17.416,16.8568,17.0168,2776133,21.3
2024-03-01,17.0166,17.2562,16.9367,17.0967,1651016,21.4
2024-03-04,17.1764,18.0551,17.0965,17.8956,4988132,22.4
2024-03-05,17.9753,17.9753,17.5758,17.8956,2020631,22.4
2024-03-06,17.9753,17.9753,17.3361,17.576,2702442,22
2024-03-07,17.5758,18.2948,17.4959,18.1353,3915990,22.7
2024-03-08,18.2149,18.2948,17.7356,17.8956,2549503,22.4
2024-03-11,17.8954,18.0551,17.3361,17.4163,3037665,21.8
2024-03-12,17.416,18.0551,17.2562,17.9755,2784065,22.5
2024-03-13,17.9753,18.6144,17.8954,18.2951,3109916,22.9
2024-03-14,18.3747,18.6943,18.0551,18.1353,2080024,22.7
2024-03-15,18.135,18.2149,17.6557,17.8956,3451547,22.4
2024-03-18,17.8954,17.9753,16.7769,17.3364,4296802,21.7
2024-03-19,17.3361,17.5758,17.1764,17.1766,1026775,21.5
2024-03-20,17.1764,17.416,17.0965,17.4163,1261350,21.8
2024-03-21,17.416,17.7356,17.416,17.576,1764818,22
2024-03-22,17.6557,17.8954,17.4959,17.576,2031798,22
2024-03-25,17.4959,17.6557,17.2562,17.3364,1895764,21.7
2024-03-26,17.1764,17.4959,17.1764,17.4962,1635980,21.9
2024-03-27,17.4959,18.2948,17.4959,18.2152,4366960,22.8
2024-03-28,18.2149,18.2948,17.8954,17.9755,1277111,22.5
2024-03-29,17.8155,18.135,17.7356,17.7358,1766158,22.2
2024-04-01,17.6557,17.8954,17.5758,17.8157,1597137,22.3
2024-04-02,17.8954,18.6943,17.5758,18.5347,4274796,23.2
2024-04-03,18.5345,18.6144,18.0551,18.1353,1723247,22.7
2024-04-04,18.135,18.2149,17.8954,17.9755,2050197,22.5
2024-04-05,17.8155,18.0551,17.4959,17.4962,2413436,21.9
2024-04-08,17.6557,17.6557,17.3361,17.3364,1247841,21.7
2024-04-09,17.2562,17.7356,17.0965,17.7358,1326592,22.2
2024-04-10,17.7356,17.7356,17.416,17.6559,869958,22.1
2024-04-11,17.4959,17.5758,17.2562,17.4962,950038,21.9
2024-04-12,17.4959,17.8155,17.4959,17.8157,1290586,22.3
2024-04-15,17.8155,17.8155,16.0579,16.0581,3224136,20.1
2024-04-16,16.0579,16.4573,15.5786,16.138,2882325,20.2
2024-04-17,16.1378,16.3775,15.8182,15.9782,1138990,20
2024-04-19,15.978,15.978,15.259,15.7386,1977015,19.7
2024-04-22,15.7383,16.2177,15.7383,16.138,878585,20.2
2024-04-23,16.1378,16.1378,15.7383,15.9782,940342,20
2024-04-24,16.0579,16.4573,15.8981,16.4576,1439343,20.6
2024-04-25,16.4573,16.4573,15.978,16.0581,857604,20.1
2024-04-26,16.0579,16.3775,15.978,16.0581,1131029,20.1
2024-05-02,16.0579,16.1378,15.8981,16.138,494791,20.2
2024-05-03,16.1378,16.3775,16.1378,16.138,735131,20.2
2024-05-06,16.2177,16.4573,16.1378,16.3777,1373444,20.5
2024-05-07,16.3775,17.416,16.3775,17.4163,2979573,21.8
2024-05-08,17.416,18.135,16.9367,17.9755,4054994,22.5
2024-05-09,17.9753,18.135,17.3361,17.4962,2134514,21.9
2024-05-10,17.4959,17.8954,17.3361,17.8956,3054375,22.4
2024-05-13,17.9753,18.6144,17.6557,17.9755,3543391,22.5
2024-05-14,17.9753,18.0551,17.6557,17.8157,1728785,22.3
2024-05-15,17.8954,19.5731,17.8954,19.5733,8615679,24.5
2024-05-16,19.9725,20.6915,19.8926,20.1326,5525451,25.2
2024-05-17,20.1323,20.6915,19.8926,20.2923,4340247,25.4
2024-05-20,19.9725,21.4105,19.9725,21.0114,4061466,26.3
2024-05-21,21.0111,21.5703,20.6116,20.9315,4916182,26.2
2024-05-22,20.9312,21.091,20.2122,20.4521,4052195,25.6
2024-05-23,20.4518,21.091,20.372,20.6918,2403177,25.9
2024-05-24,20.7714,21.4904,19.1736,20.2125,7162163,25.3
2024-05-27,20.2122,20.372,19.9725,20.2923,1860464,25.4
2024-05-28,20.372,21.1709,20.372,20.532,3494161,25.7
2024-05-29,20.8513,21.091,20.2921,20.2923,3798477,25.4
2024-05-30,20.2921,20.5317,19.2535,20.532,6498976,25.7
2024-05-31,20.6116,21.9698,20.2921,21.251,7224653,26.6
2024-06-03,21.4105,21.6502,21.0111,21.0913,2835391,26.4
2024-06-04,21.4904,21.4904,20.9312,20.9315,3482518,26.2
2024-06-05,20.8513,21.4904,20.6915,20.6918,4128443,25.9
2024-06-06,20.6915,21.1709,20.372,20.7717,2166232,26
2024-06-07,20.9312,21.1709,20.6915,21.0913,2484989,26.4
2024-06-10,21.091,22.3692,20.7714,21.7304,6523599,27.2
2024-06-11,21.7301,21.8899,21.2507,21.5706,2736874,27
2024-06-12,21.2507,21.6502,21.1709,21.5706,1840386,27
2024-06-13,21.5703,21.9698,21.3306,21.5706,2893391,27
2024-06-14,21.5703,21.6502,20.372,20.3722,4340486,25.5
2024-06-17,18.3747,20.5317,18.3747,20.3722,3250431,25.5
2024-06-18,20.372,20.6915,20.372,20.4521,1796092,25.6
2024-06-19,20.4518,20.9312,20.372,20.3722,2441848,25.5
2024-06-20,20.4518,20.6116,19.8127,20.532,2696839,25.7
2024-06-21,20.6116,21.4105,20.6116,20.9315,3290321,26.2
2024-06-24,20.9312,20.9312,19.8127,19.813,2817682,24.8
2024-06-25,19.8926,20.2921,19.4133,20.2923,1698627,25.4
2024-06-26,20.2921,20.5317,19.8127,20.532,1656634,25.7
2024-06-27,20.5317,21.1709,20.372,21.0913,3923381,26.4
2024-06-28,21.091,21.1709,20.2122,20.7717,2793800,26
2024-07-01,20.7714,22.1295,20.5317,21.9701,5611768,27.5
2024-07-02,21.9698,22.1295,21.6502,21.8103,1842578,27.3
2024-07-03,19.6529,22.2893,19.6529,21.5706,4448692,27
2024-07-04,21.5703,21.9698,21.4105,21.8902,2133604,27.4
2024-07-05,21.8899,22.9284,21.8899,22.05,4964149,27.6
2024-07-08,21.9698,22.529,21.4904,22.4494,4774387,28.1
2024-07-09,22.4491,22.8485,22.0496,22.1298,3256946,27.7
2024-07-10,22.1295,22.529,21.81,21.9701,3203544,27.5
2024-07-11,21.9698,22.2094,21.5703,21.6505,3570444,27.1
2024-07-12,22.4328,22.7779,21.8288,22.0889,2897060,25.6
2024-07-15,22.0877,22.5191,22.0014,22.2615,1334877,25.8
2024-07-16,22.2602,22.6916,22.0014,22.0026,1898448,25.5
2024-07-17,22.0014,22.2602,20.2758,21.2261,3666318,24.6
2024-07-18,21.1386,21.7426,21.0523,21.7438,1719260,25.2
2024-07-19,21.7426,22.2602,21.3974,22.0889,3044935,25.6
2024-07-22,22.0877,22.0877,21.2249,21.3124,2169001,24.7
2024-07-23,21.57,21.6563,20.2758,20.2769,2714815,23.5
2024-07-24,20.2758,21.2249,19.8444,20.9672,2474767,24.3
2024-07-25,21.1386,21.1386,20.6209,21.1398,1172144,24.5
2024-07-26,21.1386,21.3112,20.966,21.3124,1135540,24.7
2024-07-29,21.3112,22.6916,21.3112,22.5203,4583311,26.1
2024-07-30,22.4328,22.6916,21.9151,22.3478,2310285,25.9
2024-07-31,22.3465,22.4328,21.7426,22.2615,2549116,25.8
2024-08-01,22.2602,22.3465,20.4484,21.3124,5610118,24.7
2024-08-02,21.2249,21.7426,20.5346,21.6575,2116032,25.1
2024-08-05,21.57,21.6563,19.9307,20.7084,3137874,24
2024-08-06,20.7072,21.57,20.3621,21.3986,3137668,24.8
2024-08-07,22.0014,22.0014,21.0523,21.5712,1317388,25
2024-08-08,21.57,23.2093,21.57,22.4341,8661029,26
2024-08-09,22.4328,23.0368,22.2602,22.8655,2595023,26.5
2024-08-12,23.0368,24.0721,23.0368,23.7283,4526805,27.5
2024-08-13,23.727,23.8133,23.123,23.8146,3767890,27.6
2024-08-14,23.8133,24.331,23.3819,23.3832,2540547,27.1
2024-08-15,23.3819,23.6407,23.0368,23.3832,1985340,27.1
2024-08-16,23.5617,24.7004,23.3865,24.6128,5114860,28.1
2024-08-19,24.7851,24.8727,24.3472,24.4376,1999692,27.9
2024-08-20,24.6128,24.6128,24.1748,24.5252,3003705,28
2024-08-21,24.5252,24.9632,24.2624,24.7004,2902772,28.2
2024-08-22,24.788,24.788,24.4376,24.6128,1150765,28.1
2024-08-23,24.61,24.7851,24.3472,24.7879,1945259,28.3
2024-08-26,24.7851,25.1355,24.1721,24.1748,2491893,27.6
2024-08-27,24.1748,24.788,23.9121,24.5252,2542484,28
2024-08-28,25.4011,25.4011,24.0873,24.5252,1452433,28
2024-08-29,24.5224,24.5224,23.9969,24.2624,1574495,27.7
2024-08-30,24.1748,24.1748,23.0362,23.8245,6581251,27.2
2024-09-04,24.0845,24.0845,23.0335,23.2113,2128970,26.5
2024-09-05,23.2087,23.4714,22.5081,22.6858,3656662,25.9
2024-09-06,22.7708,23.2963,22.5956,23.2989,2661337,26.6
2024-09-09,23.2963,23.2963,22.8584,23.2113,1109830,26.5
2024-09-10,23.2087,23.2963,22.7708,23.2113,1959268,26.5
2024-09-11,23.2087,23.2963,22.7708,23.1237,1555925,26.4
2024-09-12,23.2114,23.2989,22.9486,22.9486,1048829,26.2
2024-09-13,23.0362,23.0362,22.6858,22.7734,1173983,26
2024-09-16,22.7734,22.861,22.0727,22.0727,3368289,25.2
2024-09-17,22.0702,22.5081,21.6323,22.5106,2564774,25.7
2024-09-18,22.5081,22.5956,22.3329,22.423,1206118,25.6
2024-09-19,22.423,22.9486,22.1603,22.9486,2427653,26.2
2024-09-20,23.0362,23.2989,22.7734,22.861,1667689,26.1
2024-09-23,22.9486,22.9486,22.5982,22.7734,1112394,26
2024-09-24,22.7734,22.9486,22.5982,22.7734,1253419,26
2024-09-25,22.7708,23.2963,22.6832,23.1237,2489706,26.4
2024-09-26,23.1211,23.3839,22.946,23.1237,2325501,26.4
2024-09-27,23.1211,23.2087,22.6832,22.6858,2358030,25.9
2024-09-30,22.5956,23.1211,22.3329,23.1237,2152810,26.4
2024-10-01,23.1238,23.3865,22.861,22.9486,2205834,26.2
2024-10-02,22.9486,22.9486,22.5982,22.7734,1681830,26
2024-10-03,22.7708,22.7708,21.9826,22.2478,3292892,25.4
2024-10-04,22.2453,22.2453,21.6323,21.6347,2344982,24.7
2024-10-07,21.6323,21.9826,21.2819,21.6347,2212625,24.7
2024-10-08,21.7223,21.7223,21.0216,21.1092,2672631,24.1
2024-10-09,21.2819,21.5447,21.1068,21.5471,1091733,24.6
2024-10-10,21.5447,21.7198,21.2819,21.4595,940336,24.5
2024-10-11,21.3695,21.5447,21.1068,21.3719,1458347,24.4
2024-10-14,21.0192,21.5447,20.0558,21.4595,892328,24.5
2024-10-15,21.4596,21.5471,21.1092,21.1092,893815,24.1
2024-10-16,21.1092,21.2844,20.934,21.1092,995688,24.1
2024-10-17,21.2844,21.9851,21.1968,21.8975,4708079,25
2024-10-18,21.895,22.1577,21.7198,21.8099,1045652,24.9
2024-10-21,21.8074,21.895,21.3695,21.3719,1536683,24.4
2024-10-22,21.3695,21.4571,21.1068,21.3719,1732832,24.4
2024-10-23,21.1944,21.4571,21.1944,21.4595,749011,24.5
2024-10-24,21.4596,21.6347,21.1968,21.1968,794853,24.2
2024-10-25,21.1968,21.372,21.1092,21.1968,598704,24.2
2024-10-28,21.2819,21.5447,21.1944,21.5471,1035606,24.6
2024-10-29,21.5471,22.0727,21.5471,21.9851,1815136,25.1
2024-10-30,19.7953,22.0727,19.7953,21.8975,1363588,25
2024-10-31,21.895,22.4205,21.6323,22.2478,1747802,25.4
2024-11-01,22.2453,22.2453,21.7198,21.7223,1387232,24.8
2024-11-04,21.7198,21.9826,21.3695,21.8099,1070651,24.9
2024-11-05,21.8099,22.0727,21.6347,21.8975,987313,25
2024-11-06,21.895,22.6832,21.895,22.423,3576250,25.6
2024-11-07,22.5956,22.6832,22.1577,22.3354,1630307,25.5
2024-11-08,22.423,22.8679,22.334,22.6027,3155473,25.4
2024-11-11,22.6009,23.4017,22.6009,23.0476,3784655,25.9
2024-11-12,23.0458,23.2238,22.6009,22.7807,1743570,25.6
2024-11-13,22.7789,22.7789,22.156,22.5137,3154550,25.3
2024-11-14,22.5119,22.9568,22.423,22.6917,2954966,25.5
2024-11-15,22.6009,22.6009,21.9781,22.2468,2194412,25
2024-11-18,22.245,22.245,21.6221,22.0688,1802996,24.8
2024-11-19,21.9781,22.156,21.3552,21.3569,1664218,24
2024-11-20,21.3552,21.8891,20.8213,21.5349,1960734,24.2
2024-11-21,21.5332,21.8001,21.4442,21.8018,851058,24.5
2024-11-22,21.9781,22.245,21.5332,21.6238,1327273,24.3
2024-11-25,21.7111,22.245,21.7111,22.1578,1849839,24.9
2024-11-26,21.6221,22.334,21.6221,22.1578,1691689,24.9
2024-11-27,22.156,22.156,21.8891,22.0688,989535,24.8
2024-12-09,22.423,22.9568,22.423,22.7807,1658398,25.6
2024-12-10,22.423,22.8679,22.423,22.5137,1904509,25.3
2024-12-11,22.5119,22.6899,22.245,22.4247,1738173,25.2
2024-12-12,22.423,23.2238,22.334,22.8697,4097518,25.7
2024-12-13,22.8679,22.9568,22.423,22.5137,1548179,25.3
2024-12-16,22.5119,22.6899,22.334,22.3357,865843,25.1
2024-12-17,22.5119,22.7789,22.334,22.7807,1562130,25.6
2024-12-18,22.5119,23.0458,22.334,22.7807,1305070,25.6
2024-12-19,22.6009,23.4907,22.334,23.1366,5131646,26
2024-12-20,23.1348,23.9356,23.0458,23.4036,3585919,26.3
2024-12-23,23.4017,23.6687,23.2238,23.4036,2072666,26.3
2024-12-24,23.4017,23.5797,23.1348,23.5816,2805252,26.5
2024-12-25,23.4907,23.7577,23.1348,23.4036,2452626,26.3
2024-12-26,23.4017,23.4017,23.1348,23.1366,1398665,26
2024-12-27,23.1348,23.4017,22.7789,22.7807,2536348,25.6
2024-12-30,22.7789,22.8679,22.423,22.4247,1863260,25.2
2024-12-31,22.423,22.6009,22.334,22.4247,1318381,25.2
2025-01-02,22.423,22.7789,22.423,22.6027,685430,25.4
2025-01-03,22.6899,23.2238,22.6009,22.6027,2234318,25.4
2025-01-06,22.6009,22.7789,21.2662,21.5349,3976583,24.2
2025-01-07,21.4442,21.8001,21.2662,21.5349,2079413,24.2
2025-01-08,21.5332,21.7111,21.3552,21.6238,969087,24.3
2025-01-09,21.6221,21.8001,21.5332,21.5349,658953,24.2
2025-01-10,21.5332,21.6221,21.0883,21.0899,1617981,23.7
2025-01-13,21.4438,21.4438,20.2675,20.9935,1665166,23.2
2025-01-14,20.9009,21.0818,20.8104,20.903,585621,23.1
2025-01-15,20.9914,21.1723,20.7199,21.084,896018,23.3
2025-01-16,19.0008,21.3533,19.0008,20.9935,680988,23.2
2025-01-17,21.0818,21.3533,20.9914,21.3554,604965,23.6
2025-01-20,21.3533,21.4438,21.0818,21.1745,728371,23.4
2025-01-21,21.1723,21.4438,21.0818,21.084,736501,23.3
2025-01-22,21.2628,21.5342,21.0818,21.3554,1098399,23.6
2025-01-23,21.3533,21.6247,21.3533,21.5364,722922,23.8
2025-01-24,21.5342,21.8057,21.4438,21.7174,752596,24
2025-02-04,21.8962,22.0771,21.8057,21.9889,733269,24.3
2025-02-05,21.9866,22.0771,21.8057,21.8079,945325,24.1
2025-02-06,21.8962,21.9866,21.6247,21.7174,961369,24
2025-02-07,21.8057,21.8962,21.5342,21.6269,717406,23.9
2025-02-10,21.6247,21.6247,20.9914,20.9935,1686328,23.2
2025-02-11,18.9103,21.1723,18.9103,20.8125,2263816,23
2025-02-12,20.9914,20.9914,20.4485,20.541,913399,22.7
2025-02-13,20.539,20.9914,20.4485,20.903,1350080,23.1
2025-02-14,20.9009,21.6247,20.9009,21.084,1665971,23.3
2025-02-17,21.0818,21.3533,20.9914,21.084,1000410,23.3
2025-02-18,20.9009,21.2628,20.9009,20.9935,957805,23.2
2025-02-19,18.9103,21.1723,18.9103,21.084,1126766,23.3
2025-02-20,21.1723,21.4438,21.0818,21.084,1030305,23.3
2025-02-21,21.2628,21.2628,20.9914,21.1745,738234,23.4
2025-02-24,21.1723,21.1723,20.6294,20.8125,1595179,23
2025-02-25,20.9009,20.9914,20.7199,20.9935,1110985,23.2
2025-02-26,20.9914,21.2628,20.8104,21.084,1071188,23.3
2025-02-27,21.0818,21.1723,20.9009,21.084,912292,23.3
2025-02-28,21.0818,21.5342,20.9914,21.2649,1451969,23.5
2025-03-03,21.2628,21.5342,21.0818,21.1745,1467558,23.4
2025-03-04,21.1723,21.2628,20.9009,20.9935,1320583,23.2
2025-03-05,18.9103,21.0818,18.9103,20.722,1043189,22.9
2025-03-06,20.7199,20.9009,20.6294,20.8125,1001036,23
2025-03-07,20.9914,21.0818,20.8104,20.8125,715738,23
2025-03-10,20.8104,20.9009,20.539,20.541,1022888,22.7
2025-03-11,20.6294,20.6294,20.2675,20.4505,1225228,22.6
2025-03-12,20.539,20.8104,20.4485,20.722,1075520,22.9
2025-03-13,20.8104,21.0818,20.539,20.541,945048,22.7
2025-03-14,20.539,20.6294,20.2675,20.3601,868890,22.5
2025-03-18,20.177,20.358,20.0866,20.1791,859684,22.3
2025-03-19,19.0008,20.2675,19.0008,19.6361,1078728,21.7
2025-03-20,19.0008,19.8151,17.7341,19.4552,973159,21.5
2025-03-21,19.0913,19.5437,18.277,19.4552,430129,21.5
2025-03-24,19.0913,19.4532,19.0913,19.1837,700911,21.2
2025-03-25,17.2817,19.7246,17.2817,19.6361,1480005,21.7
2025-03-26,19.8151,19.8151,19.4532,19.8171,815773,21.9
2025-03-27,19.5437,20.177,19.5437,19.9076,1815768,22
2025-03-28,19.9056,19.9961,19.5437,19.8171,477509,21.9
2025-03-31,19.7246,20.0866,19.6342,19.8171,937238,21.9
2025-04-01,19.8151,19.9961,19.6342,19.9076,881733,22
2025-04-02,19.9056,20.0866,19.8151,19.9981,595645,22.1
2025-04-03,19.0008,19.4532,18.0055,18.0073,2165095,19.9
2025-04-04,16.3769,18.0055,16.2864,16.288,728899,18
2025-04-08,14.6578,14.6578,14.6578,14.6592,969634,16.2
2025-04-09,13.2101,13.2101,13.2101,13.2114,798957,14.6
2025-04-10,13.572,14.4768,11.9434,14.4783,1051655,16
2025-04-11,15.834,15.9245,13.572,14.6592,3893541,16.2
2025-04-14,14.0244,15.3816,14.0244,15.1117,1883706,16.7
2025-04-15,15.1102,15.2911,14.2958,14.4783,999604,16
2025-04-16,14.4768,14.4768,13.4815,13.5734,1509103,15
2025-04-17,13.2101,14.0244,13.2101,13.7543,1132294,15.2
2025-04-18,13.2101,14.7482,13.2101,14.5688,1266556,16.1
2025-04-21,14.5673,15.0197,14.5673,14.6592,1295072,16.2
2025-04-22,14.5673,14.6578,13.2101,14.1163,2265814,15.6
2025-04-23,12.7577,14.6578,12.7577,14.6592,836904,16.2
2025-04-24,14.7482,15.5626,14.7482,14.9307,1724399,16.5
2025-04-25,15.0197,15.3816,15.0197,15.0212,894337,16.6
2025-04-28,15.0197,15.2911,14.9292,15.0212,923033,16.6
2025-04-29,15.2006,15.2006,14.9292,15.0212,866333,16.6
2025-05-05,15.2006,0,15.1102,15.3832,594900,17
2025-05-06,15.4721,15.9245,15.4721,15.8356,1154300,17.5
2025-05-07,15.834,15.834,15.653,15.8356,1362400,17.5
2025-05-08,15.9245,16.4674,15.9245,16.1071,981600,17.8
2025-05-09,15.9245,16.3769,15.9245,16.1071,790300,17.8
2025-05-12,16.1054,16.5578,16.1054,16.5595,1103300,18.3
2025-05-13,17.0102,17.1007,16.5578,16.831,1063300,18.6
2025-05-14,16.8293,16.8293,15.9245,16.1071,601600,17.8
2025-05-15,16.1054,16.1054,15.653,15.8356,890700,17.5
2025-05-16,15.834,15.9245,15.4721,15.4736,685500,17.1
2025-05-19,15.4721,15.653,15.2911,15.3832,445000,17
2025-05-20,15.5626,15.5626,15.1102,15.3832,756700,17
2025-05-21,15.4721,15.5626,15.1102,15.2927,578000,16.9
2025-05-22,15.2911,15.5626,15.2006,15.3832,425100,17
2025-05-23,15.3816,15.5626,15.2006,15.2022,287200,16.8
2025-05-26,15.2006,16.6483,15.2006,16.65,1943900,18.4
2025-05-27,16.8293,17.915,16.8293,17.6454,2874700,19.5
2025-05-28,17.8246,18.0055,17.1912,17.2834,1212700,19.1
2025-05-29,17.2817,17.7341,17.2817,17.6454,1222000,19.5
2025-05-30,17.6436,17.6436,17.2817,17.3739,670500,19.2
2025-06-02,17.3722,17.6436,16.9198,17.1024,1197700,18.9
2025-06-03,17.1007,17.4626,17.0102,17.2834,987900,19.1
2025-06-04,17.2817,17.4626,16.9198,17.3739,1296500,19.2
2025-06-05,17.3722,17.3722,17.1007,17.3739,720900,19.2
2025-06-06,17.3722,17.915,17.1912,17.1929,1113800,19
2025-06-09,17.1912,17.1912,16.6483,16.65,1208800,18.4
2025-06-10,16.6483,16.8293,16.5578,16.5595,495300,18.3
2025-06-11,16.8293,16.8293,16.2864,16.469,485500,18.2
2025-06-12,16.5578,17.0102,16.4674,16.831,1139200,18.6
2025-06-13,16.8293,16.8293,16.2864,16.65,1134700,18.4
2025-06-16,16.5578,16.8293,16.4674,16.831,623700,18.6
2025-06-17,16.8293,17.1007,16.8293,17.1024,737400,18.9
2025-06-18,17.0102,17.1912,16.6483,16.7405,687300,18.5
2025-06-19,16.4674,16.8293,16.4674,16.7405,648900,18.5
2025-06-20,16.7388,17.4626,16.4674,17.1929,1909300,19
2025-06-23,17.1912,17.7341,16.9198,17.6454,2597200,19.5
2025-06-24,17.6436,18.6389,17.6436,18.2788,3476500,20.2
2025-06-25,18.277,18.5484,18.096,18.3693,2233400,20.3
2025-06-26,18.3674,18.6389,18.277,18.4598,1785500,20.4
2025-06-27,18.4579,19.0008,18.277,18.6408,2268700,20.6
2025-06-30,18.8198,19.1818,18.6389,18.7313,938500,20.7
2025-07-01,18.7294,19.7246,18.3674,19.4552,3207800,21.5
2025-07-02,19.5437,20.6294,19.1818,20.2696,4402700,22.4
2025-07-03,20.8104,20.8104,18.3674,19.3647,7108100,21.4
2025-07-04,19.1818,19.1818,18.277,18.9122,2418100,20.9
2025-07-07,18.9103,19.3627,18.5484,19.0932,1510800,21.1
2025-07-08,19.3627,19.9961,19.2722,19.2742,2793200,21.3
2025-07-09,19.5437,19.7246,18.8198,18.9122,1687500,20.9
2025-07-10,18.9103,19.0008,18.5484,18.6408,1895400,20.6
2025-07-11,18.6389,18.8198,18.4579,18.5503,2409300,20.5
2025-07-14,18.5484,18.9103,18.4579,18.7313,1559800,20.7
2025-07-15,18.7294,19.0913,18.6389,18.6408,1776300,20.6
2025-07-16,18.6389,18.8198,18.5484,18.7313,983800,20.7
2025-07-17,18.8198,18.9103,18.5484,18.7313,1862400,20.7
2025-07-18,18.7294,19.1818,18.6389,19.0932,2380200,21.1
2025-07-21,19.1818,19.2722,18.8198,18.8217,1469000,20.8
2025-07-22,18.8198,19.1818,18.8198,19.0932,2072700,21.1
2025-07-23,19.2722,19.4532,19.0913,19.2742,1653700,21.3
2025-07-24,19.1818,19.8151,19.1818,19.5457,2806900,21.6
2025-07-25,19.6342,19.9056,19.6342,19.6361,2295900,21.7
2025-07-28,19.6342,19.9961,19.4532,19.7266,2208600,21.8
2025-07-29,19.4532,19.9961,18.3674,18.3693,3707900,20.3
2025-07-30,18.277,18.8198,18.1865,18.4598,1756000,20.4
2025-07-31,18.9103,19.4532,18.5484,19.2742,2477300,21.3
2025-08-01,19.3627,19.4532,18.6389,18.8217,1066300,20.8
2025-08-04,18.8198,18.8198,18.4579,18.6408,1269500,20.6
2025-08-05,18.7294,18.9103,18.1865,18.5503,2563600,20.5
2025-08-06,18.5484,19.1818,18.1865,18.8217,1403700,20.8
2025-08-07,19.4532,19.9056,19.0913,19.6361,4088900,21.7
2025-08-08,19.7246,19.8151,19.0913,19.4552,1934500,21.5
2025-08-11,19.4532,20.6294,19.4532,20.2696,5668100,22.4
2025-08-12,20.2675,20.358,19.7246,19.9076,2013400,22
2025-08-13,19.9961,20.177,19.2722,19.7266,2882400,21.8
2025-08-14,19.7246,19.9056,19.0913,19.4552,2587600,21.5
2025-08-15,19.4532,19.5437,19.0008,19.0932,2575200,21.1
2025-08-18,19.0913,19.3627,18.9103,19.2742,1165400,21.3
2025-08-19,19.0913,19.2722,18.9103,19.0932,1835300,21.1
2025-08-20,19.0913,19.0913,18.096,18.0978,3015100,20
2025-08-21,18.096,18.277,17.7341,17.8264,1816700,19.7
2025-08-22,17.8246,18.277,16.1959,17.6454,2027700,19.5
2025-08-25,17.6436,18.096,17.5531,17.6454,832400,19.5
2025-08-26,17.6436,18.096,17.6436,18.0978,712600,20
2025-08-27,18.096,18.277,17.915,17.9169,1086500,19.8
2025-08-28,17.915,18.4579,17.915,18.3693,883600,20.3
2025-08-29,18.4579,18.6389,18.277,18.2788,897000,20.2
2025-09-03,18.277,18.4579,18.096,18.3693,1047300,20.3
2025-09-04,18.3674,19.2722,18.3674,19.0932,1980300,21.1
2025-09-05,19.1818,19.4532,18.7294,18.8217,1246700,20.8
2025-09-08,18.7294,18.9103,17.915,17.9169,1698400,19.8
2025-09-09,18.0055,18.1865,17.7341,18.0978,479800,20
2025-09-10,18.1865,18.3674,18.096,18.3693,467900,20.3
2025-09-11,18.5484,18.7294,17.6436,18.0978,706000,20
2025-09-12,18.1865,18.9103,18.1865,18.9122,1297400,20.9
2025-09-15,19.0008,19.8151,18.8198,19.8171,3811500,21.9
2025-09-16,19.8151,20.0866,19.2722,19.2742,1154400,21.3
2025-09-17,19.3627,19.4532,18.8198,18.8217,1320100,20.8
2025-09-18,19.0008,19.2722,18.7294,19.1837,646500,21.2
2025-09-19,19.1818,19.2722,18.8198,18.8217,831500,20.8
2025-09-22,18.9103,19.0913,18.4579,18.6408,850300,20.6
2025-09-23,18.6389,18.8198,18.5484,18.5503,407400,20.5
2025-09-24,18.55,18.8283,18.179,18.5505,712700,20
2025-09-25,18.55,18.8283,18.55,18.736,321000,20.2
2025-09-26,18.6428,18.7355,18.3645,18.365,710000,19.8
2025-09-29,18.4573,18.55,18.0863,18.1795,740400,19.6
2025-09-30,18.2718,18.55,17.9935,18.4577,791200,19.9
2025-10-01,18.2718,18.4573,17.9935,18.2722,376600,19.7
2025-10-02,17.9935,18.3645,17.9935,18.0867,272800,19.5
2025-10-03,17.9935,18.179,17.808,17.8084,484400,19.2
2025-10-06,17.9008,18.179,17.808,18.1795,359500,19.6
2025-10-07,18.179,18.179,17.808,17.9012,276200,19.3
2025-10-08,18.0863,18.179,17.6225,17.8084,609900,19.2
2025-10-09,17.808,18.0863,17.808,17.9012,257700,19.3
2025-10-10,17.9008,18.0863,17.808,17.8084,563700,19.2
2025-10-13,17.7153,18.179,17.6225,17.8084,786000,19.2
2025-10-14,17.808,17.9935,17.5298,17.6229,717500,19
2025-10-15,17.808,17.9935,17.2515,17.2519,617700,18.6
2025-10-16,17.2515,17.437,16.9733,17.2519,978500,18.6
2025-10-17,17.2515,17.3443,17.066,17.1592,494900,18.5
2025-10-20,17.2515,17.5298,16.7878,16.7882,1134100,18.1
2025-10-21,16.8805,17.066,16.6023,16.9737,775900,18.3
2025-10-22,16.7878,17.066,16.7878,17.0664,328300,18.4
2025-10-23,16.4168,17.3443,16.2313,17.3447,274800,18.7
2025-10-24,17.3443,17.3443,16.8805,17.2519,306200,18.6
2025-10-27,17.3443,18.4573,17.3443,17.9939,2366300,19.4
2025-10-28,18.0863,18.179,17.437,17.9939,578200,19.4
2025-10-29,18.0863,18.0863,17.7153,17.9012,597700,19.3
2025-10-30,17.9008,17.9935,17.808,17.9939,681500,19.4
2025-10-31,18.0863,18.8283,17.9935,18.1795,2536800,19.6
2025-11-03,18.179,18.4573,17.808,17.8084,595200,19.2
2025-11-04,17.808,17.9935,17.066,17.9939,1237700,19.4
2025-11-05,18.179,18.179,17.6225,17.9939,470900,19.4
2025-11-06,17.9935,18.7355,17.9935,18.1795,1838400,19.6
2025-11-07,18.0863,18.3645,17.6225,17.9012,599000,19.3
2025-11-10,17.9008,17.9935,17.2515,17.2519,1129700,18.6
2025-11-11,17.2515,17.6225,17.1588,17.6229,973400,19
2025-11-12,17.8118,18.0023,17.4308,17.8132,367000,18.7
2025-11-13,17.8118,18.4785,17.8118,18.3847,1426000,19.3
2025-11-14,18.288,18.8595,18.288,18.7657,1659500,19.7
2025-11-17,19.05,19.2405,18.7643,19.0515,1641100,20
2025-11-18,19.05,19.1453,18.7643,19.1468,1421500,20.1
2025-11-19,18.9548,19.6215,18.669,18.7657,1770900,19.7
2025-11-20,18.7643,18.9548,18.3833,18.9563,1223900,19.9
2025-11-21,18.9548,18.9548,18.3833,18.6705,742200,19.6
2025-11-24,18.669,18.7643,18.4785,18.5752,382800,19.5
2025-11-25,18.669,18.669,18.1928,18.1942,772500,19.1
2025-11-26,18.669,18.669,18.1928,18.3847,561000,19.3
2025-11-27,18.3833,18.5738,18.288,18.48,350600,19.4
2025-11-28,18.3833,18.5738,18.0023,18.3847,771600,19.3
2025-12-01,18.288,18.4785,17.907,18.0037,896200,18.9
2025-12-02,18.0975,18.0975,17.7165,18.0037,622400,18.9
2025-12-03,18.0975,18.3833,17.907,18.3847,856800,19.3
2025-12-04,18.3833,18.5738,18.288,18.48,884400,19.4
2025-12-05,18.4785,18.669,18.0975,18.0989,528200,19
2025-12-08,18.0975,18.288,17.907,17.9084,552100,18.8
2025-12-09,17.907,18.0023,17.4308,17.6227,1131900,18.5
2025-12-10,17.7165,17.8118,17.6213,17.6227,249000,18.5
2025-12-11,17.8118,17.8118,17.526,17.6227,395000,18.5
2025-12-12,17.526,17.7165,17.145,17.1464,998600,18
2025-12-15,17.145,17.3355,17.0498,17.0511,512600,17.9
2025-12-16,17.145,17.526,16.9545,17.5274,619100,18.4
2025-12-17,17.526,17.526,17.3355,17.4321,197500,18.3
2025-12-18,17.4308,17.4308,17.2403,17.3369,332800,18.2
2025-12-19,17.3355,17.4308,17.145,17.2416,386500,18.1
2025-12-22,17.2403,17.526,17.145,17.3369,600600,18.2
2025-12-23,17.3355,17.4308,17.145,17.2416,540200,18.1
2025-12-24,17.2403,17.3355,17.145,17.1464,285200,18
2025-12-25,17.2403,17.2403,16.8593,16.9558,552600,17.8
2025-12-26,16.9545,17.0498,16.5735,16.7653,949400,17.6
2025-12-29,16.8593,17.6213,16.764,17.6227,743900,18.5
2025-12-30,17.6213,17.6213,17.2403,17.4321,348500,18.3
2025-12-31,17.3355,17.526,17.2403,17.3369,127700,18.2
2026-01-05,17.3355,17.3355,16.9545,16.9558,344300,17.8
2026-01-06,17.0498,17.6213,16.8593,17.5274,912700,18.4
2026-01-07,17.526,17.7165,17.4308,17.7179,690000,18.6
2026-01-08,17.4308,17.907,17.4308,17.5274,780400,18.4
2026-01-09,17.7165,18.3833,17.526,18.2895,2463100,19.2
2026-01-12,18.288,18.8595,18.1928,18.48,1118000,19.4
2026-01-13,18.288,18.4785,18.0023,18.2895,1062900,19.2
2026-01-14,18.288,20.0978,18.288,19.8136,4993700,20.8
2026-01-15,19.7168,20.0025,19.5263,19.6231,1326500,20.6
2026-01-16,19.6215,20.2883,19.5263,19.7183,2555100,20.7
2026-01-19,19.812,20.3835,19.2405,19.4325,1345600,20.4
2026-01-20,19.6215,20.0025,19.5263,19.7183,2465700,20.7
2026-01-21,19.812,19.812,19.1453,19.242,1507600,20.2
2026-01-22,19.2405,19.812,19.2405,19.4325,1331400,20.4
2026-01-23,20.0183,20.0183,17.87,19.2371,1556500,19.7
2026-01-26,19.2371,19.2371,18.3582,18.3582,1841500,18.8
2026-01-27,18.3582,18.9441,18.3582,18.6512,377800,19.1
2026-01-28,18.8465,18.8465,18.6512,18.8465,579600,19.3
2026-01-29,18.8465,20.7018,18.8465,20.5065,4375700,21
2026-01-30,20.6042,20.9948,20.3112,20.3112,1424400,20.8
2026-02-02,20.2136,22.1666,20.2136,22.0689,4872100,22.6
2026-02-03,22.0689,22.2642,21.3854,21.8736,2641400,22.4
2026-02-04,21.8736,22.6548,21.3854,22.0689,2678500,22.6
2026-02-05,22.0689,22.5572,21.483,22.3619,4276900,22.9
2026-02-06,20.2136,22.0689,20.2136,20.7018,4323500,21.2
2026-02-09,20.7018,21.5807,20.5065,21.2877,1410300,21.8
2026-02-10,21.2877,21.5807,20.0183,20.7018,1944800,21.2
2026-02-11,20.7018,22.0689,20.5065,21.8736,2724800,22.4
2026-02-12,22.2642,22.2642,21.6783,21.6783,1592100,22.2
2026-02-13,21.6783,22.2642,21.6783,22.0689,1721500,22.6
2026-02-23,22.2642,22.9478,21.8736,22.4595,1863900,23
2026-02-24,22.4595,23.0454,21.6783,22.4595,1783600,23
2026-02-25,22.6548,23.9243,21.9713,23.6313,4023400,24.2
2026-02-26,23.1431,23.729,21.9713,23.6313,1714100,24.2
2026-02-27,23.6313,25.389,23.1431,24.9008,4704500,25.5
2026-03-02,24.6078,26.3655,23.436,24.9008,5275300,25.5
2026-03-03,24.9008,26.2679,24.0219,25.389,4903200,26
2026-03-04,25.389,26.1702,23.2407,26.1702,6023200,26.8
2026-03-05,26.1702,26.3655,24.5102,24.8031,2531800,25.4
2026-03-06,24.8031,24.8031,23.2407,23.8266,2318700,24.4
2026-03-09,23.3384,23.3384,21.483,21.483,1920600,22
2026-03-10,20.7018,22.5572,20.7018,22.0689,3358100,22.6
2026-03-11,21.9713,24.2172,21.8736,24.2172,3378800,24.8
2026-03-12,24.2172,25.0961,23.3384,24.3149,2306700,24.9
2026-03-13,24.3149,24.4125,23.5337,24.2172,2743500,24.8
2026-03-16,24.2172,24.4125,22.6548,23.729,2151300,24.3
2026-03-17,23.9243,24.6078,23.6313,24.1196,1732800,24.7
2026-03-18,24.1196,24.2172,23.1431,23.436,1339700,24
2026-03-19,23.436,24.0219,22.7525,23.8266,1733900,24.4
2026-03-20,23.8266,24.4125,23.5337,23.9243,1575700,24.5
2026-03-23,23.9243,23.9243,21.6783,22.1666,1996600,22.7
2026-03-24,22.7525,22.9478,22.2642,22.6548,1387300,23.2
2026-03-25,22.8501,23.729,22.8501,23.729,1715300,24.3
2026-03-26,23.8266,25.7796,23.0454,25.389,4153000,26
2026-03-27,25.389,25.4867,24.8031,25.0961,1901800,25.7
2026-03-30,24.9984,25.7796,24.4125,25.0961,2055500,25.7
2026-03-31,25.389,26.0726,25.1937,25.7796,2640700,26.4
2026-04-01,25.9749,27.342,23.2407,23.5337,7842600,24.1
2026-04-02,23.5337,23.8266,22.4595,23.436,2709100,24
2026-04-03,23.5337,23.5337,21.776,22.0689,3246600,22.6
2026-04-06,21.9713,22.2642,20.9948,21.6783,2351700,22.2
2026-04-07,21.776,22.3619,21.1901,22.1666,1146500,22.7
2026-04-08,22.8501,23.3384,22.4595,23.1431,2547200,23.7
2026-04-09,23.3384,23.3384,22.0689,22.4595,1560100,23
2026-04-10,22.5572,22.7525,22.0689,22.1666,1150400,22.7
2026-04-13,22.0689,22.7525,21.483,22.3619,1344700,22.9
2026-04-14,22.3619,22.8501,22.2642,22.5572,1094300,23.1
2026-04-15,22.5572,22.8501,21.9713,22.3619,1554900,22.9
2026-04-16,22.3619,22.4595,21.9713,22.3619,890100,22.9
2026-04-17,22.3619,22.3619,22.0689,22.3619,667300,22.9
2026-04-20,22.3619,22.5572,22.1666,22.3619,870100,22.9
2026-04-21,22.4595,22.5572,21.483,21.5807,2093000,22.1
2026-04-22,21.483,21.8736,20.9948,21.5807,1660000,22.1
2026-04-23,21.5807,21.5807,20.7018,20.9948,2081200,21.5
2026-04-24,20.9948,21.1901,20.4089,20.8971,1396700,21.4
2026-04-28,20.8971,20.9948,20.5065,20.5065,576100,21
2026-04-29,20.4089,20.5065,20.0183,20.5065,1238200,21
2026-05-04,20.5065,20.8971,20.4089,20.7995,1017000,21.3
2026-05-05,20.8971,20.8971,20.3112,20.7995,455900,21.3
2026-05-06,21,21.1,20.6,21,462400,21
2026-05-07,21.1,21.1,20.6,20.9,582700,20.9
2026-05-08,20.9,20.9,20.3,20.4,1107900,20.4
2026-05-11,20.4,20.5,19.4,19.6,1837100,19.6
2026-05-12,19.2,19.7,18.4,19.3,1245400,19.3
2026-05-13,19.5,20.2,19.2,19.8,900700,19.8
2026-05-14,19.8,20,19.6,19.6,460800,19.6
2026-05-15,19.7,19.7,19.2,19.4,836400,19.4
2026-05-18,19,19.4,18.8,19.3,472800,19.3
2026-05-19,19.4,19.7,19.2,19.3,834000,19.3
2026-05-20,19.3,19.4,18.4,19,1216600,19
2026-05-21,19,19.2,18.7,18.9,337600,18.9
2026-05-22,18.9,19,18.6,18.9,686700,18.9
2026-05-25,19,19.4,19,19.2,453000,19.2
2026-05-26,19.4,19.4,19.1,19.4,538400,19.4
2026-05-27,19.4,19.5,19.1,19.2,316900,19.2
2026-05-28,19.2,19.3,19,19.1,295800,19.1
2026-05-29,19.1,19.1,18.9,18.9,222700,18.9
2026-06-01,18.8,19.2,18.8,18.9,270400,18.9
2026-06-02,18.9,19,18.5,18.6,863600,18.6
2026-06-03,18.6,18.8,18.5,18.7,281600,18.7
2026-06-04,18.7,18.9,18.6,18.9,346900,18.9
2026-06-05,18.9,19.1,18.8,19.1,330400,19.1
2026-06-08,19.1,19.1,18.7,18.7,284400,18.7
2026-06-09,18.7,18.9,18.7,18.7,144300,18.7
2026-06-10,18.7,19.2,18.6,19.2,629800,19.2
2026-06-11,19.1,19.3,18.9,19,323200,19
2026-06-12,19,19.1,18.9,18.9,220300,18.9
2026-06-15,19.3,19.3,19,19.1,276200,19.1
2026-06-16,19,19.2,18.8,19.1,475600,19.1
2026-06-17,19.1,19.8,19.1,19.6,1370400,19.6
2026-06-18,19.7,19.7,19.4,19.4,605300,19.4
2026-06-19,19.4,19.5,19.2,19.3,523100,19.3
2026-06-22,19.3,19.5,19.1,19.5,437500,19.5
2026-06-23,19.4,19.9,19.3,19.6,870400,19.6
2026-06-24,19.6,19.7,19.3,19.6,541500,19.6
2026-06-25,19.6,20.3,19.6,19.8,1242900,19.8
2026-06-26,19.8,19.9,19.4,19.8,491600,19.8
2026-06-29,19.8,20,19.5,19.9,690100,19.9
2026-06-30,19.9,20,19.7,20,624700,20
2026-07-01,20,20,19.7,19.7,329500,19.7
2026-07-02,19.7,19.8,19.6,19.6,409500,19.6
2026-07-03,19.6,19.7,19.3,19.4,532400,19.4
2026-07-06,19.4,19.4,18.8,18.9,622700,18.9
2026-07-07,18.7,19.1,17.3,18.7,381800,18.7
2026-07-08,18.7,18.9,18.7,18.7,518400,18.7
2026-07-09,18.7,18.9,18.6,18.7,324900,18.7
2026-07-10,18.6,18.8,17.1,18.6,325000,18.6
2026-07-13,18.5,18.6,18,18.2,728000,18.2
2026-07-14,18.2,18.4,18.1,18.2,407700,18.2
2026-07-15,18.3,18.4,17.9,17.9,380000,17.9
2026-07-16,18,18,17.1,17.8,992900,17.8
2026-07-17,17.8,17.8,17.4,17.4,333400,17.4
2026-07-20,17.4,17.6,16.8,16.8,892000,16.8
2026-07-21,17,17,16.7,16.9,651200,16.9
2026-07-22,16.9,17.1,16.4,16.6,1102100,16.6
2026-07-23,16,17,15.1,16.9,562200,16.9
2026-07-24,17,17.6,16.8,17.5,1017400,17.5
2026-07-27,17.5,17.8,17.1,17.1,497700,17.1
2026-07-28,15.5,17.5,15.5,17.3,369200,17.3
2026-07-29,17.5,17.5,17.1,17.3,190200,17.3
2026-07-30,17.3,17.8,17.3,17.6,274100,17.6
2026-07-31,17.6,18.1,17.6,17.9,481100,17.9
2026-08-03,17.8,19,17.8,18.3,362100,18.3
2026-08-04,18.7,18.7,18.1,18.2,345500,18.2
2026-08-05,18.3,18.4,18,18.2,391500,18.2
