date,open,high,low,close,volume,close_raw
2007-12-13,7.9032,8.01,5.3934,6.2045,71500,116
2007-12-14,5.7672,6.0022,5.4041,5.6161,36800,105
2007-12-17,5.0196,5.073,4.9715,4.9796,12500,93.1
2007-12-18,4.539,4.539,4.4963,4.5036,19900,84.2
2007-12-19,4.539,4.9448,4.0584,4.9529,32200,92.6
2007-12-20,4.9128,4.9128,4.3788,4.632,13000,86.6
2007-12-21,4.6939,4.9662,4.6939,4.8673,8800,91
2007-12-24,4.5924,5.0196,4.5924,4.6801,11000,87.5
2007-12-25,4.6939,4.6939,4.5764,4.5999,16900,86
2007-12-26,4.5924,4.6992,4.539,4.7069,23100,88
2007-12-27,4.6992,4.6992,4.5924,4.6266,9600,86.5
2007-12-28,4.5924,4.6458,4.5924,4.6427,2400,86.8
2008-01-02,4.6191,4.6191,4.3788,4.4929,5900,84
2008-01-04,4.3948,4.3948,4.0851,4.2308,8300,79.1
2008-01-07,3.7967,3.9997,3.7861,3.8671,2700,72.3
2008-01-08,3.9997,4.005,3.7914,3.7976,19900,71
2008-01-09,3.8448,4.1919,3.8448,3.8778,5200,72.5
2008-01-10,4.1332,4.1332,3.5297,3.7441,9900,70
2008-01-11,3.6846,4.0637,3.6846,3.7441,7000,70
2008-01-14,4.1385,4.1385,3.503,3.7173,4000,69.5
2008-01-15,3.471,3.471,3.2254,3.2306,16800,60.4
2008-01-16,3.2147,3.5511,3.2147,3.5569,25300,66.5
2008-01-17,3.8395,3.8395,3.4176,3.498,28800,65.4
2008-01-18,3.5618,3.6045,3.5564,3.5836,13200,67
2008-01-21,3.9249,3.9249,3.471,3.4767,5100,65
2008-01-22,3.8982,3.8982,3.3909,3.4499,20300,64.5
2008-01-23,3.439,3.439,3.2574,3.4178,10700,63.9
2008-01-24,3.3482,3.5778,3.3482,3.3964,9500,63.5
2008-01-25,3.5191,3.5244,3.3909,3.3964,11000,63.5
2008-01-28,3.471,3.6632,3.1292,3.2092,4900,60
2008-01-29,3.5244,3.5244,3.204,3.3162,19100,62
2008-01-30,3.3108,3.6686,3.3108,3.6746,23100,68.7
2008-01-31,4.0157,4.0157,3.5244,3.6371,1700,68
2008-02-01,3.6579,3.6846,3.4176,3.6318,14200,67.9
2008-02-12,3.5831,3.5831,3.5671,3.5783,1800,66.9
2008-02-13,3.4977,3.4977,3.3375,3.3429,2600,62.5
2008-02-14,3.3749,3.487,3.3375,3.359,7000,62.8
2008-02-15,3.3161,3.3589,3.3108,3.3643,18500,62.9
2008-02-18,3.0438,3.204,3.0438,3.2092,8700,60
2008-02-19,3.4069,3.4069,3.1506,3.1825,6100,59.5
2008-02-20,3.3642,3.3642,2.8836,3.0434,9300,56.9
2008-02-21,3.1826,3.1826,2.6273,2.6316,8700,49.2
2008-02-22,2.3977,2.6647,2.3977,2.6583,26800,49.7
2008-02-25,2.7234,2.7768,2.67,2.7813,25300,52
2008-02-26,2.8035,2.8035,2.4778,2.4818,11800,46.4
2008-02-27,2.6166,2.6166,2.4564,2.5139,3100,47
2008-02-28,2.5632,2.5632,2.3122,2.4069,4100,45
2008-02-29,2.403,2.403,2.2161,2.2197,11000,41.5
2008-03-03,2.2695,2.2695,2.0452,2.0592,10800,38.5
2008-03-04,2.1894,2.1894,1.8583,1.8613,11500,34.8
2008-03-05,1.7088,1.7622,1.6981,1.7223,20100,32.2
2008-03-06,1.885,1.885,1.885,1.8881,18400,35.3
2008-03-07,2.0719,2.0719,2.0719,2.0753,3400,38.8
2008-03-10,2.2748,2.2748,2.2428,2.2785,68700,42.6
2008-03-11,2.4991,2.4991,2.136,2.193,22800,41
2008-03-12,2.3496,2.4511,2.3282,2.332,31600,43.6
2008-03-13,2.3865,2.442,2.3865,2.3895,3300,43
2008-03-14,2.3865,2.4143,2.3033,2.3562,6500,42.4
2008-03-17,2.22,2.22,2.1201,2.1395,14300,38.5
2008-03-18,1.998,1.998,1.9481,1.9561,20500,35.2
2008-03-19,1.998,2.159,1.998,2.0561,10100,37
2008-03-20,2.1645,2.1645,2.1201,2.1284,2600,38.3
2008-03-21,2.1534,2.1534,1.998,2.0283,9400,36.5
2008-03-24,1.887,1.887,1.8149,1.845,16300,33.2
2008-03-25,1.6539,1.6761,1.6539,1.6671,24700,30
2008-03-26,1.665,1.8038,1.665,1.7894,39500,32.2
2008-03-27,1.776,1.7982,1.776,1.8005,2800,32.4
2008-03-28,1.8149,1.8149,1.8149,1.8172,100,32.7
2008-03-31,1.8482,1.8482,1.8482,1.8505,2200,33.3
2008-04-01,1.8815,1.8815,1.8815,1.8839,200,33.9
2008-04-02,1.9148,1.9148,1.9148,1.9172,100,34.5
2008-04-03,1.9481,1.9481,1.9481,1.9505,100,35.1
2008-04-04,1.9869,1.9869,1.9869,1.9894,100,35.8
2008-04-07,2.0424,2.0424,2.0424,2.045,100,36.8
2008-04-08,2.1035,2.1035,2.0868,2.0895,18700,37.6
2008-04-09,2.1645,2.1645,2.0535,2.0561,4200,37
2008-04-11,2.0424,2.0424,2.0424,2.045,600,36.8
2008-04-16,1.9814,1.9814,1.9814,1.9839,700,35.7
2008-04-17,2.0369,2.0369,1.9259,2.0339,19300,36.6
2008-04-18,2.0036,2.0091,1.8981,1.9005,3600,34.2
2008-04-21,1.887,1.9481,1.887,1.945,4100,35
2008-04-22,1.887,1.887,1.887,1.8894,5200,34
2008-04-23,1.8315,1.8315,1.8315,1.8338,400,33
2008-04-24,1.7816,1.7816,1.7816,1.7838,3100,32.1
2008-04-25,1.8315,1.8315,1.7316,1.7338,5300,31.2
2008-04-28,1.7871,1.7871,1.6872,1.7783,9500,32
2008-04-29,1.7594,1.7594,1.7094,1.7116,5300,30.8
2008-05-05,1.7705,1.7705,1.6706,1.6727,3600,30.1
2008-05-06,1.6262,1.6262,1.6262,1.6282,1700,29.3
2008-05-07,1.6706,1.6706,1.5818,1.5838,300,28.5
2008-05-08,1.6872,1.6872,1.5984,1.6004,500,28.8
2008-05-09,1.6761,1.6761,1.5873,1.5893,300,28.6
2008-05-12,1.665,1.665,1.604,1.606,300,28.9
2008-05-13,1.665,1.6761,1.5984,1.6004,300,28.8
2008-05-15,1.665,1.665,1.604,1.606,200,28.9
2008-05-16,1.5929,1.5929,1.5929,1.5949,400,28.7
2008-05-19,1.5485,1.5485,1.5485,1.5504,200,27.9
2008-05-20,1.5041,1.5041,1.5041,1.506,100,27.1
2008-05-21,1.5485,1.5485,1.5485,1.5504,200,27.9
2008-05-26,1.5041,1.5041,1.5041,1.506,100,27.1
2008-05-27,1.4597,1.4597,1.4597,1.4615,100,26.3
2008-05-28,1.4208,1.4208,1.4208,1.4226,100,25.6
2008-05-29,1.382,1.382,1.382,1.3837,200,24.9
2008-06-02,1.3431,1.3431,1.3431,1.3448,100,24.2
2008-06-03,1.3043,1.3043,1.3043,1.3059,100,23.5
2008-06-05,1.2654,1.2654,1.2654,1.267,100,22.8
2008-06-10,1.2321,1.2321,1.2321,1.2337,100,22.2
2008-06-11,1.1988,1.1988,1.1988,1.2003,5900,21.6
2008-06-12,1.1655,1.1655,1.1655,1.167,2400,21
2008-06-13,1.1322,1.1322,1.1322,1.1336,30700,20.4
2008-06-16,1.1655,1.1655,1.0989,1.167,34500,21
2008-06-17,1.16,1.16,1.16,1.1614,30600,20.9
2008-06-18,1.1933,1.1933,1.1267,1.1281,10100,20.3
2008-06-20,1.1378,1.1378,1.1378,1.1392,900,20.5
2008-06-23,1.0934,1.0934,1.0934,1.0947,7500,19.7
2008-06-24,1.0545,1.0545,1.0545,1.0558,5200,19
2008-06-25,1.0157,1.0157,1.0157,1.0169,2600,18.3
2008-06-26,0.9768,0.9768,0.9768,0.978,200,17.6
2008-06-27,0.938,0.938,0.938,0.9391,200,16.9
2008-06-30,0.9047,0.9047,0.9047,0.9058,12100,16.3
2008-07-01,0.8714,0.938,0.8714,0.9391,14300,16.9
2008-07-02,0.938,0.938,0.8714,0.9391,15100,16.9
2008-07-03,0.9546,0.9546,0.9435,0.9558,17200,17.2
2008-07-04,0.9824,0.9824,0.9824,0.9836,20100,17.7
2008-07-07,1.0212,1.0212,0.9435,0.9447,24400,17
2008-07-08,0.9546,0.9602,0.9546,0.9614,17200,17.3
2008-07-09,0.9546,0.9657,0.938,0.9669,16800,17.4
2008-07-10,0.9657,0.9824,0.9158,0.9614,35600,17.3
2008-07-11,0.9713,0.9713,0.9602,0.9725,42200,17.5
2008-07-14,1.0101,1.0101,0.9324,1.0114,29300,18.2
2008-07-15,1.0379,1.0379,1.0379,1.0392,28300,18.7
2008-07-16,1.0767,1.0767,0.999,1.0781,41800,19.4
2008-07-17,1.0934,1.0934,1.0545,1.0947,49800,19.7
2008-07-18,1.0934,1.0934,1.0545,1.0558,10000,19
2008-07-21,1.0323,1.0323,1.0323,1.0336,1800,18.6
2008-07-22,0.9935,0.9935,0.9935,0.9947,1000,17.9
2008-07-23,0.9546,0.9546,0.9546,0.9558,100,17.2
2008-07-24,0.9213,0.9213,0.9213,0.9225,10900,16.6
2008-07-25,0.888,0.888,0.888,0.8891,3000,16
2008-07-28,0.8547,0.888,0.8547,0.878,51900,15.8
2008-07-29,0.827,0.8936,0.827,0.8947,17300,16.1
2008-07-30,0.9269,0.9269,0.8936,0.928,35000,16.7
2008-07-31,0.9213,0.9546,0.888,0.9558,52500,17.2
2008-08-01,0.9435,0.9768,0.9324,0.978,33700,17.6
2008-08-04,1.0101,1.0101,0.9768,0.9892,40500,17.8
2008-08-05,0.9713,0.9713,0.9713,0.9725,300,17.5
2008-08-06,0.9324,1.0101,0.9324,1.0003,49200,18
2008-08-07,1.0212,1.0212,0.9546,0.9892,14700,17.8
2008-08-08,1.0046,1.0101,0.9546,0.9725,14200,17.5
2008-08-11,1.0268,1.0323,0.9602,1.0336,65300,18.6
2008-08-12,1.0601,1.0656,1.0434,1.067,43800,19.2
2008-08-13,1.0323,1.0712,1.0212,1.0336,38200,18.6
2008-08-14,1.0268,1.0712,1.0268,1.0725,39900,19.3
2008-08-15,1.1045,1.1045,1.1045,1.1059,4600,19.9
2008-08-18,1.16,1.1766,1.11,1.1781,51900,21.2
2008-08-19,1.1711,1.221,1.0934,1.0947,37000,19.7
2008-08-20,1.11,1.11,1.0712,1.0725,40600,19.3
2008-08-21,1.0268,1.1544,1.0101,1.1559,47500,20.8
2008-08-22,1.1933,1.1933,1.1378,1.1948,75900,21.5
2008-08-25,1.2599,1.2599,1.2599,1.2615,2300,22.7
2008-08-26,1.3431,1.3431,1.3431,1.3448,2100,24.2
2008-08-27,1.4319,1.4319,1.4319,1.4337,3200,25.8
2008-08-28,1.5318,1.5318,1.4763,1.5338,251300,27.6
2008-08-29,1.6373,1.6373,1.6095,1.6393,71400,29.5
2008-09-03,1.7483,1.7483,1.7483,1.7505,2000,31.5
2008-09-04,1.8704,1.8704,1.8704,1.8727,7300,33.7
2008-09-05,1.998,1.998,1.998,2.0006,10400,36
2008-09-08,2.1368,2.1368,1.8593,1.8894,150500,34
2008-09-09,1.998,1.998,1.8149,1.8172,65100,32.7
2008-09-10,1.8038,1.8038,1.7538,1.756,11500,31.6
2008-09-11,1.6317,1.6373,1.6317,1.6338,8300,29.4
2008-09-12,1.5207,1.5207,1.5207,1.5226,4600,27.4
2008-09-15,1.4153,1.5651,1.4153,1.4171,107400,25.5
2008-09-16,1.332,1.332,1.332,1.3337,34900,24
2008-09-17,1.2432,1.2432,1.2432,1.2448,28700,22.4
2008-09-18,1.16,1.16,1.16,1.1614,2200,20.9
2008-09-19,1.0823,1.2377,1.0823,1.2392,59000,22.3
2008-09-22,1.2821,1.2821,1.2821,1.2837,43800,23.1
2008-09-23,1.3431,1.3653,1.1933,1.2781,69800,23
2008-09-24,1.2543,1.2821,1.1711,1.1837,17500,21.3
2008-09-25,1.271,1.2987,1.2432,1.3004,28100,23.4
2008-09-26,1.3653,1.3653,1.3098,1.3393,33000,24.1
2008-09-29,1.4097,1.4153,1.2599,1.2781,46700,23
2008-09-30,1.2321,1.2321,1.2321,1.2337,1500,22.2
2008-10-01,1.1933,1.221,1.1489,1.1503,18900,20.7
2008-10-02,1.1489,1.2377,1.1433,1.2392,16500,22.3
2008-10-03,1.1766,1.2488,1.1211,1.2503,18700,22.5
2008-10-06,1.2266,1.2987,1.221,1.3004,20300,23.4
2008-10-07,1.3764,1.3764,1.2099,1.3059,73400,23.5
2008-10-08,1.3098,1.3098,1.221,1.2226,19100,22
2008-10-09,1.1711,1.2932,1.1378,1.2226,41300,22
2008-10-10,1.1045,1.1045,1.1045,1.1059,29100,19.9
2008-10-13,1.11,1.1655,1.0379,1.0392,27600,18.7
2008-10-14,1.1489,1.1489,1.1489,1.1503,1000,20.7
2008-10-15,1.2266,1.2266,1.1655,1.2281,38000,22.1
2008-10-16,1.1433,1.2987,1.1433,1.2559,73300,22.6
2008-10-17,1.3154,1.3265,1.16,1.2392,86400,22.3
2008-10-20,1.1655,1.1655,1.11,1.1114,49100,20
2008-10-21,1.11,1.1655,1.0823,1.1114,48200,20
2008-10-22,1.11,1.11,1.0379,1.067,20300,19.2
2008-10-23,0.999,0.999,0.9824,0.9836,51900,17.7
2008-10-24,0.9879,1.049,0.9546,0.9725,27700,17.5
2008-10-27,0.9158,0.9158,0.8936,0.8947,25600,16.1
2008-10-28,0.8381,0.9435,0.8325,0.9336,17400,16.8
2008-10-29,0.9602,0.9602,0.9435,0.9614,28400,17.3
2008-10-30,0.999,1.0268,0.9435,1.0281,32100,18.5
2008-10-31,1.0545,1.0656,0.999,1.067,40900,19.2
2008-11-03,1.0601,1.0601,0.999,1.0447,17300,18.8
2008-11-04,1.0046,1.0823,1.0046,1.0836,18800,19.5
2008-11-05,1.1544,1.1544,1.1267,1.1559,39100,20.8
2008-11-06,1.11,1.1378,1.0712,1.0836,24900,19.5
2008-11-07,1.0268,1.0323,1.0268,1.0281,13500,18.5
2008-11-10,1.0268,1.0268,0.999,1.0058,43600,18.1
2008-11-11,0.9657,0.9879,0.9657,0.9725,19900,17.5
2008-11-12,0.9435,1.0046,0.9324,1.0003,18800,18
2008-11-13,1.0212,1.0212,0.9768,1.0169,2800,18.3
2008-11-14,1.0545,1.0545,1.0212,1.0336,12300,18.6
2008-11-17,1.0323,1.0545,1.0046,1.0558,11000,19
2008-11-18,1.0545,1.1156,1.0545,1.1114,30400,20
2008-11-19,1.1378,1.1378,1.1045,1.1114,21600,20
2008-11-20,1.0545,1.0656,1.0545,1.067,21700,19.2
2008-11-21,0.999,1.0989,0.999,1.0447,8900,18.8
2008-11-24,1.0601,1.0989,1.0601,1.0614,13000,19.1
2008-11-25,1.1045,1.1045,1.0545,1.0558,7400,19
2008-11-26,1.0989,1.0989,0.9935,0.9947,17300,17.9
2008-11-27,1.0268,1.0268,0.9602,0.9614,10300,17.3
2008-11-28,1.0268,1.0323,1.0101,1.0336,20400,18.6
2008-12-01,1.0379,1.0379,1.0212,1.0225,1300,18.4
2008-12-02,1.0268,1.0268,0.9768,1.0003,7200,18
2008-12-03,1.0379,1.049,0.9935,0.9947,7600,17.9
2008-12-04,1.0101,1.0157,0.9879,0.9947,7700,17.9
2008-12-05,0.9713,0.9713,0.9435,0.9725,11100,17.5
2008-12-08,1.0268,1.0268,0.9213,0.9336,6600,16.8
2008-12-09,0.9713,0.999,0.9435,0.9947,25600,17.9
2008-12-10,1.0157,1.0157,0.9713,0.9725,700,17.5
2008-12-11,0.999,0.999,0.9324,0.9947,8500,17.9
2008-12-12,0.9879,1.0046,0.9879,1.0058,7600,18.1
2008-12-15,1.0268,1.0268,0.999,1.0169,6100,18.3
2008-12-16,1.0101,1.0323,0.9713,0.9947,21800,17.9
2008-12-17,1.049,1.0545,1.0212,1.0281,14900,18.5
2008-12-18,1.0545,1.0545,1.0323,1.0503,19300,18.9
2008-12-19,1.0323,1.0434,1.0268,1.0447,15300,18.8
2008-12-22,1.0389,1.051,1.0389,1.0517,9400,17.4
2008-12-23,1.1174,1.1174,1.1174,1.1182,7800,18.5
2008-12-24,1.1899,1.1899,1.1476,1.1907,88200,19.7
2008-12-25,1.2624,1.2624,1.1778,1.1786,42800,19.5
2008-12-26,1.1536,1.1536,1.1416,1.1424,39900,18.9
2008-12-29,1.1174,1.208,1.1174,1.1424,18100,18.9
2008-12-30,1.1476,1.1597,1.1355,1.1484,13900,19
2008-12-31,1.1838,1.1838,1.1416,1.1665,12300,19.3
2009-01-02,1.1597,1.1597,1.1476,1.1484,4800,19
2009-01-05,1.1114,1.1597,1.1114,1.1605,1700,19.2
2009-01-06,1.1476,1.202,1.1476,1.2028,11000,19.9
2009-01-07,1.214,1.2201,1.1838,1.1847,17000,19.6
2009-01-08,1.1838,1.2744,1.1838,1.2632,59800,20.9
2009-01-09,1.2684,1.3046,1.2684,1.2995,52100,21.5
2009-01-12,1.2865,1.2865,1.2382,1.2391,13300,20.5
2009-01-13,1.2624,1.2624,1.208,1.2089,1700,20
2009-01-14,1.2382,1.2382,1.1778,1.1907,3400,19.7
2009-01-15,1.1899,1.1899,1.1355,1.1363,11500,18.8
2009-01-16,1.1718,1.1778,1.1476,1.1484,14400,19
2009-01-19,1.202,1.202,1.1174,1.1182,3200,18.5
2009-01-20,1.1778,1.1778,1.1234,1.1242,4300,18.6
2009-01-21,1.1416,1.1416,1.1114,1.1182,5300,18.5
2009-01-22,1.1355,1.1355,1.1053,1.1182,7100,18.5
2009-01-23,1.1174,1.1174,1.1114,1.1182,4400,18.5
2009-02-02,1.1476,1.1476,1.057,1.0638,15600,17.6
2009-02-03,1.1476,1.1476,1.0208,1.0396,32300,17.2
2009-02-04,1.0389,1.057,1.0087,1.0396,11800,17.2
2009-02-05,1.0691,1.0691,1.0026,1.0033,3800,16.6
2009-02-06,0.9966,1.0268,0.9966,1.0215,21900,16.9
2009-02-09,1.0147,1.0389,1.0026,1.0396,17800,17.2
2009-02-10,0.9906,1.0208,0.9906,0.9973,11200,16.5
2009-02-11,0.9664,0.9785,0.9664,0.9731,12100,16.1
2009-02-12,0.9785,1.0087,0.9785,0.9852,2700,16.3
2009-02-13,1.0026,1.0026,0.9845,0.9852,9500,16.3
2009-02-16,1.0389,1.0389,0.9845,0.9852,1100,16.3
2009-02-17,1.0087,1.0087,0.9664,0.9671,13700,16
2009-02-18,0.9724,0.9724,0.9181,0.9308,6200,15.4
2009-02-19,0.9302,0.9664,0.906,0.9308,8200,15.4
2009-02-20,0.9241,0.9422,0.9181,0.9429,9900,15.6
2009-02-23,0.912,0.912,0.8758,0.9006,3200,14.9
2009-02-24,0.8939,0.906,0.8758,0.8825,7100,14.6
2009-02-25,0.8939,0.9483,0.9181,0.9369,9900,15.5
2009-02-26,0.9362,0.9422,0.9181,0.9429,7800,15.6
2009-02-27,0.9302,0.9362,0.9302,0.9369,4300,15.5
2009-03-02,0.9362,0.9362,0.9181,0.9369,3500,15.5
2009-03-03,0.9302,0.9241,0.9,0.9006,10300,14.9
2009-03-04,0.906,0.912,0.8818,0.9127,9500,15.1
2009-03-05,0.9,0.9543,0.9,0.9127,14600,15.1
2009-03-06,0.9117,0.9363,0.9117,0.9374,3000,15.2
2009-03-09,0.924,0.9363,0.9117,0.9127,13300,14.8
2009-03-10,0.924,0.9425,0.9178,0.9312,14300,15.1
2009-03-11,0.9302,0.9856,0.9363,0.9497,15400,15.4
2009-03-12,0.9548,0.9671,0.924,0.9497,11900,15.4
2009-03-13,0.9363,0.9733,0.9178,0.9312,17100,15.1
2009-03-16,0.9302,0.9302,0.9055,0.9312,13000,15.1
2009-03-17,0.924,0.9856,0.9363,0.9867,31200,16
2009-03-18,0.9671,1.0287,1.0287,1.0299,27700,16.7
2009-03-19,1.0287,1.0965,0.9856,0.9867,58700,16
2009-03-20,1.0595,1.0164,0.9856,0.9867,11900,16
2009-03-23,1.0041,0.9671,0.9425,0.9497,21800,15.4
2009-03-24,0.9548,1.0164,0.9979,1.0114,22800,16.4
2009-03-25,1.0041,1.0164,0.9671,1.0052,19100,16.3
2009-03-26,0.9979,1.0102,0.9979,0.9991,11600,16.2
2009-03-27,1.0349,1.0349,0.9856,0.9991,28800,16.2
2009-03-30,0.9733,0.9733,0.9548,0.9559,11800,15.5
2009-03-31,0.9856,1.0041,0.9794,0.9805,7500,15.9
2009-04-01,1.0102,1.0164,0.9918,1.0176,14700,16.5
2009-04-02,0.9918,1.0164,0.9548,1.0052,12700,16.3
2009-04-03,1.0472,1.0718,1.0102,1.0731,80000,17.4
2009-04-07,1.0903,1.1088,1.0164,1.1101,58900,18
2009-04-08,1.0534,1.0534,0.9856,1.0176,33100,16.5
2009-04-09,1.0164,1.0472,1.0164,1.0237,22400,16.6
2009-04-10,1.0472,1.0965,1.0472,1.0977,88600,17.8
2009-04-13,1.1642,1.1642,1.1581,1.1656,39900,18.9
2009-04-14,1.232,1.232,1.1519,1.1532,80800,18.7
2009-04-15,1.1334,1.1334,1.0903,1.0916,44100,17.7
2009-04-16,1.1088,1.1519,1.0472,1.0916,59900,17.7
2009-04-17,1.0903,1.1088,1.0287,1.0361,65900,16.8
2009-04-20,1.0041,1.0041,0.9671,0.9744,35100,15.8
2009-04-21,0.9117,0.9794,0.9117,0.9805,32400,15.9
2009-04-22,0.9979,1.0041,0.9918,1.0052,13200,16.3
2009-04-23,1.041,1.041,0.9733,0.9867,20800,16
2009-04-24,0.9856,0.9856,0.9548,0.9805,32700,15.9
2009-04-27,0.9979,0.9979,0.9794,0.9867,26900,16
2009-04-28,0.9856,1.0041,0.9856,1.0052,11200,16.3
2009-04-29,1.0041,1.0226,1.0041,1.0052,11900,16.3
2009-05-04,1.078,1.078,1.078,1.0792,28200,17.5
2009-05-05,1.1334,1.1519,1.1088,1.1224,67200,18.2
2009-05-06,1.1088,1.1088,1.0657,1.0669,37900,17.3
2009-05-07,1.115,1.1273,1.0842,1.1162,38700,18.1
2009-05-08,1.078,1.1396,1.078,1.1162,25700,18.1
2009-05-11,1.1088,1.115,1.0965,1.1101,39200,18
2009-05-12,1.0903,1.1642,1.0718,1.1532,63900,18.7
2009-05-13,1.1458,1.195,1.1458,1.1964,73900,19.4
2009-05-14,1.1889,1.269,1.1889,1.2704,118900,20.6
2009-05-15,1.3306,1.3306,1.2628,1.3321,109200,21.6
2009-05-18,1.3059,1.3059,1.232,1.2704,40800,20.6
2009-05-19,1.3552,1.3552,1.3367,1.3567,66000,22
2009-05-20,1.4476,1.4476,1.4476,1.4492,168100,23.5
2009-05-21,1.5462,1.5462,1.5462,1.5479,69500,25.1
2009-05-22,1.6509,1.6509,1.4414,1.5479,139300,25.1
2009-05-25,1.6016,1.6201,1.54,1.6219,129200,26.3
2009-05-26,1.6139,1.6878,1.5154,1.5664,109600,25.4
2009-05-27,1.5523,1.5585,1.4784,1.4986,108200,24.3
2009-05-28,1.4784,1.4784,1.4045,1.4061,120400,22.8
2009-05-29,1.4168,1.4907,1.3922,1.4677,34100,23.8
2009-06-01,1.4784,1.5338,1.4784,1.5171,56700,24.6
2009-06-02,1.6262,1.6262,1.5215,1.5232,66900,24.7
2009-06-03,1.4784,1.5523,1.4784,1.5417,83200,25
2009-06-04,1.54,1.6078,1.54,1.6096,62700,26.1
2009-06-05,1.7125,1.7125,1.694,1.7144,139700,27.8
2009-06-08,1.8295,1.8295,1.7002,1.8316,90900,29.7
2009-06-09,1.9466,1.9527,1.7556,1.7884,99300,29
2009-06-10,1.7433,1.7494,1.7371,1.7391,22800,28.2
2009-06-11,1.7248,1.7802,1.6632,1.7761,72500,28.8
2009-06-12,1.7433,1.811,1.6817,1.7083,63300,27.7
2009-06-15,1.7371,1.848,1.6201,1.6651,80600,27
2009-06-16,1.6016,1.6016,1.5215,1.5664,135500,25.4
2009-06-17,1.4784,1.6386,1.4784,1.6404,34000,26.6
2009-06-18,1.6878,1.6878,1.6386,1.6898,13200,27.4
2009-06-19,1.8049,1.8049,1.6324,1.7884,99600,29
2009-06-22,1.6447,1.6632,1.6386,1.6404,58600,26.6
2009-06-23,1.5277,1.54,1.5277,1.5294,84900,24.8
2009-06-24,1.5154,1.6324,1.5154,1.6342,42900,26.5
2009-06-25,1.6509,1.6509,1.5154,1.5171,53200,24.6
2009-06-26,1.5462,1.577,1.54,1.5417,22000,25
2009-06-29,1.4969,1.5154,1.4907,1.5171,3500,24.6
2009-06-30,1.5215,1.5338,1.4661,1.4677,23200,23.8
2009-07-01,1.423,1.4353,1.4106,1.4307,29500,23.2
2009-07-02,1.4476,1.5215,1.386,1.5232,24500,24.7
2009-07-03,1.4784,1.5708,1.4784,1.5664,67500,25.4
2009-07-06,1.6139,1.657,1.6139,1.6342,30000,26.5
2009-07-07,1.6632,1.6632,1.54,1.5972,5400,25.9
2009-07-08,1.5154,1.5708,1.4846,1.4862,25700,24.1
2009-07-09,1.5092,1.54,1.5092,1.5417,3500,25
2009-07-10,1.5708,1.5708,1.4907,1.5294,6600,24.8
2009-07-13,1.4846,1.5462,1.4846,1.5232,2800,24.7
2009-07-14,1.6324,1.6324,1.4538,1.4739,9700,23.9
2009-07-15,1.4784,1.5277,1.4784,1.5109,3500,24.5
2009-07-16,1.5462,1.5462,1.4907,1.5294,33500,24.8
2009-07-17,1.5092,1.5338,1.4969,1.4986,2800,24.3
2009-07-20,1.4168,1.4353,1.4045,1.4061,16100,22.8
2009-07-21,1.423,1.4784,1.423,1.4801,4100,24
2009-07-22,1.4784,1.4907,1.4476,1.4677,16300,23.8
2009-07-23,1.4784,1.5277,1.4784,1.4924,23400,24.2
2009-07-24,1.5893,1.6016,1.5154,1.6034,98600,26
2009-07-27,1.7002,1.7002,1.5893,1.6034,63000,26
2009-07-28,1.54,1.5462,1.5277,1.5294,20900,24.8
2009-07-29,1.5523,1.5523,1.4846,1.4862,5100,24.1
2009-07-30,1.54,1.54,1.4538,1.4801,9000,24
2009-07-31,1.503,1.5092,1.4784,1.5047,8000,24.4
2009-08-03,1.54,1.54,1.4907,1.4924,10100,24.2
2009-08-04,1.5523,1.5523,1.503,1.5294,11500,24.8
2009-08-05,1.5092,1.54,1.4907,1.5109,23000,24.5
2009-08-06,1.5277,1.54,1.5277,1.5417,11600,25
2009-08-07,1.54,1.54,1.5154,1.5294,17400,24.8
2009-08-10,1.54,1.5585,1.5154,1.5602,57300,25.3
2009-08-11,1.6139,1.6447,1.5893,1.6466,91300,26.7
2009-08-12,1.6632,1.7002,1.6139,1.6342,74900,26.5
2009-08-13,1.7248,1.7248,1.6201,1.6589,27700,26.9
2009-08-14,1.6324,1.6324,1.5954,1.6096,19500,26.1
2009-08-17,1.5708,1.6447,1.5708,1.6034,21000,26
2009-08-18,1.5954,1.6632,1.5954,1.6281,36500,26.4
2009-08-19,1.6632,1.6632,1.6016,1.6342,32300,26.5
2009-08-20,1.6632,1.6632,1.6016,1.6589,56300,26.9
2009-08-21,1.7125,1.7371,1.6817,1.6836,143300,27.3
2009-08-24,1.8295,1.8295,1.7248,1.7761,119600,28.8
2009-08-25,1.8172,1.848,1.7679,1.8316,122800,29.7
2009-08-26,1.8357,1.9342,1.8172,1.9364,186400,31.4
2009-08-27,2.0328,2.0328,2.0266,2.0351,159800,33
2009-08-28,2.156,2.1745,2.0944,2.1769,280900,35.3
2009-08-31,2.2176,2.2484,2.0328,2.1399,169600,34.7
2009-09-01,2.1129,2.1129,2.0328,2.0844,81300,33.8
2009-09-03,2.0698,2.0944,1.9281,2.0351,187600,33
2009-09-04,1.9712,2.0328,1.9404,1.9611,136000,31.8
2009-09-07,1.9774,2.1006,1.9158,2.0968,180700,34
2009-09-08,2.1314,2.1314,2.1252,2.1338,25100,34.6
2009-09-09,2.2792,2.2792,2.2484,2.2818,429800,37
2009-09-10,2.4024,2.4024,2.2176,2.3435,251100,38
2009-09-11,2.2977,2.3962,2.2977,2.3743,214000,38.5
2009-09-14,2.4332,2.5133,2.4024,2.5161,190900,40.8
2009-09-15,2.6488,2.6796,2.5872,2.6826,219600,43.5
2009-09-16,2.8336,2.8582,2.5872,2.8615,333200,46.4
2009-09-17,2.889,2.9691,2.6796,2.8985,130200,47
2009-09-18,2.7782,2.9691,2.5872,2.9725,163700,48.2
2009-09-21,3.0677,3.0677,3.0677,3.0712,33500,49.8
2009-09-22,3.2771,3.2771,3.2771,3.2808,44500,53.2
2009-09-23,3.505,3.505,3.505,3.509,71000,56.9
2009-09-24,3.7453,3.7453,3.7453,3.7495,295400,60.8
2009-09-25,4.004,4.004,3.8808,4.0085,239100,65
2009-09-28,4.2812,4.2812,4.2812,4.286,123600,69.5
2009-09-29,4.5769,4.5769,4.5769,4.5821,245700,74.3
2009-09-30,4.8972,4.8972,4.8664,4.9027,288900,79.5
2009-10-01,5.236,5.236,5.236,5.2419,232000,85
2009-10-02,5.5378,5.5378,4.8726,5.1063,377300,82.8
2009-10-05,4.9834,5.3161,4.9711,5.3221,454300,86.3
2009-10-06,5.581,5.581,5.3592,5.4331,342900,88.1
2009-10-07,5.5686,5.6549,5.0882,5.2913,152300,85.8
2009-10-08,4.9342,5.3592,4.928,5.0878,381100,82.5
2009-10-09,5.236,5.3284,5.236,5.3344,350000,86.5
2009-10-12,5.698,5.698,5.6056,5.7045,384500,92.5
2009-10-13,6.0922,6.0922,5.39,5.3961,220900,87.5
2009-10-14,5.544,5.6549,5.39,5.6428,317500,91.5
2009-10-15,5.544,5.8212,5.4516,5.5441,199300,89.9
2009-10-16,5.544,5.544,5.236,5.3961,203000,87.5
2009-10-19,5.1744,5.3284,5.0697,5.1001,210900,82.7
2009-10-20,5.236,5.4208,5.082,5.3961,251600,87.5
2009-10-21,5.4824,5.4824,5.1744,5.2419,276000,85
2009-10-22,5.2668,5.2668,5.2052,5.2543,229200,85.2
2009-10-23,5.2976,5.3407,5.0204,5.0261,363000,81.5
2009-10-26,5.082,5.2052,4.8664,4.9027,169200,79.5
2009-10-27,4.7124,5.3222,4.6323,4.9336,86700,80
2009-10-28,4.8726,5.0204,4.8048,4.8719,45100,79
2009-10-29,4.6508,4.6754,4.5461,4.6807,78200,75.9
2009-10-30,4.7432,4.7986,4.4352,4.6992,65800,76.2
2009-11-02,4.3736,4.6754,4.3613,4.3662,79400,70.8
2009-11-03,4.6077,4.6138,4.312,4.3786,76500,71
2009-11-04,4.466,4.737,4.3736,4.5636,79600,74
2009-11-05,4.62,4.9403,4.4352,4.8719,211300,79
2009-11-06,4.774,5.0389,4.5892,4.6191,129000,74.9
2009-11-09,4.5584,4.5584,4.5214,4.5266,33900,73.4
2009-11-10,4.7432,4.7986,4.3428,4.4711,44200,72.5
2009-11-11,4.6446,4.6508,4.3736,4.6252,148700,75
2009-11-12,4.737,4.737,4.62,4.6684,171800,75.7
2009-11-13,4.6816,4.6816,4.4352,4.5081,77300,73.1
2009-11-16,4.5584,4.6446,4.4044,4.5019,57600,73
2009-11-17,4.62,4.62,4.4722,4.5759,37200,74.2
2009-11-18,4.4968,4.6446,4.3982,4.5759,99500,74.2
2009-11-19,4.5276,4.5461,4.4783,4.5512,137100,73.8
2009-11-20,4.5276,4.8294,4.5214,4.8041,307600,77.9
2009-11-23,4.7802,4.7802,4.4475,4.4711,56100,72.5
2009-11-24,4.5338,4.5954,4.2874,4.3169,95700,70
2009-11-25,4.3859,4.3982,4.0964,4.101,61300,66.5
2009-11-26,3.8254,3.8254,3.8254,3.8297,104400,62.1
2009-11-27,3.5605,4.004,3.5605,3.8852,236200,63
2009-11-30,3.7514,3.9424,3.7514,3.9469,23300,64
2009-12-01,4.0964,4.1457,3.967,4.1257,113500,66.9
2009-12-02,4.0348,4.0471,3.85,3.9777,122500,64.5
2009-12-03,3.887,3.9917,3.7576,3.9839,78100,64.6
2009-12-04,3.9178,4.004,3.9178,4.0085,54700,65
2009-12-07,3.9424,4.0163,3.9424,4.0085,68700,65
2009-12-08,4.0225,4.0225,3.7145,3.9284,34800,63.7
2009-12-09,3.6344,3.696,3.542,3.5583,30400,57.7
2009-12-10,3.8192,3.8192,3.4496,3.6385,18000,59
2009-12-11,3.6344,3.6344,3.4496,3.6077,27700,58.5
2009-12-14,3.5728,3.7884,3.5543,3.694,10300,59.9
2009-12-15,3.6344,3.6344,3.5728,3.5768,20400,58
2009-12-16,3.6344,3.6344,3.4373,3.4535,27200,56
2009-12-17,3.5666,3.5666,3.388,3.4412,31800,55.8
2009-12-18,3.6282,3.7884,3.5605,3.7002,28700,60
2009-12-21,3.6036,3.85,3.5728,3.8544,13900,62.5
2009-12-22,3.7699,3.7761,3.6159,3.62,23800,58.7
2009-12-23,3.6221,3.85,3.6221,3.7064,25600,60.1
2009-12-24,3.7576,3.9424,3.696,3.916,61600,63.5
2009-12-25,4.0348,4.0594,4.004,4.064,66900,65.9
2009-12-28,4.041,4.0964,3.8808,3.8975,30000,63.2
2009-12-29,4.121,4.2196,3.7576,3.8852,99300,63
2009-12-30,3.9301,3.9424,3.7453,3.9407,82400,63.9
2009-12-31,3.9547,4.1272,3.8808,3.8852,63900,63
2010-01-04,4.1272,4.2874,4.1272,4.2922,34500,69.6
2010-01-05,4.5461,4.5461,4.2504,4.2552,44500,69
2010-01-06,4.312,4.312,4.1334,4.286,92000,69.5
2010-01-07,4.2504,4.466,4.2504,4.2614,64700,69.1
2010-01-08,4.3243,4.429,4.2504,4.2675,73600,69.2
2010-01-11,4.3736,4.3736,4.0656,4.0764,28900,66.1
2010-01-12,3.9424,4.1518,3.8438,3.8667,59900,62.7
2010-01-13,3.8808,4.0594,3.7268,3.9469,38100,64
2010-01-14,4.1026,4.1026,3.9424,4.0209,46300,65.2
2010-01-15,3.8192,4.0286,3.7576,3.8359,17700,62.2
2010-01-18,3.6467,3.9362,3.6467,3.7002,7600,60
2010-01-19,3.85,3.85,3.7022,3.8235,11200,62
2010-01-20,3.7083,3.8192,3.6098,3.6138,13300,58.6
2010-01-21,3.7638,3.8377,3.4989,3.5275,35700,57.2
2010-01-22,3.6529,3.8746,3.6529,3.731,35100,60.5
2010-01-25,3.696,3.696,3.696,3.7002,1500,60
2010-01-26,3.7576,3.9547,3.696,3.9592,116600,64.2
2010-01-27,3.7576,3.9424,3.7576,3.8544,49500,62.5
2010-01-28,3.7576,3.8931,3.7576,3.8852,99700,63
2010-01-29,3.6652,4.004,3.6652,3.916,91900,63.5
2010-02-01,3.8808,3.9917,3.8746,3.9962,67400,64.8
2010-02-02,4.004,4.0348,3.9301,3.9777,53400,64.5
2010-02-03,3.9917,4.004,3.9424,4.0085,71800,65
2010-02-04,4.004,4.0533,3.9855,4.0579,61800,65.8
2010-02-05,4.004,4.0102,3.887,3.9777,84100,64.5
2010-02-08,3.8808,4.004,3.8808,4.0085,70100,65
2010-02-09,3.9116,3.9424,3.85,3.9099,56000,63.4
2010-02-10,3.9424,4.004,3.9116,3.9469,42300,64
2010-02-11,4.004,4.0348,3.9424,3.9592,33900,64.2
2010-02-12,3.9609,3.9609,3.9116,3.9469,33400,64
2010-02-22,4.004,4.004,3.8808,3.9469,41700,64
2010-02-23,3.7576,3.9301,3.7576,3.9345,25500,63.8
2010-02-24,3.9424,4.0656,3.9054,4.0702,39000,66
2010-02-25,4.0656,4.1272,4.004,4.0394,47000,65.5
2010-02-26,4.1272,4.1888,4.004,4.064,72100,65.9
2010-03-01,4.1272,4.3243,4.0779,4.101,54400,66.5
2010-03-02,4.1272,4.158,4.0656,4.0825,82000,66.2
2010-03-03,4.1149,4.3859,4.0718,4.1319,72200,67
2010-03-04,4.1888,4.2504,4.0964,4.101,41400,66.5
2010-03-05,4.1888,4.2504,4.1272,4.1935,81500,68
2010-03-08,4.2504,4.3428,4.1272,4.1627,103500,67.5
2010-03-09,4.2196,4.4845,4.1888,4.4896,167400,72.8
2010-03-10,4.4968,4.6015,4.3736,4.6067,269500,74.7
2010-03-11,4.5769,4.8048,4.5769,4.6869,169900,76
2010-03-12,4.7062,4.7309,4.5646,4.5821,144900,74.3
2010-03-15,4.6631,4.6816,4.349,4.4402,85400,72
2010-03-16,4.4352,4.466,4.2319,4.2552,68600,69
2010-03-17,4.3292,4.3608,4.2344,4.2657,67200,67.4
2010-03-18,4.2976,4.3292,4.2344,4.3037,67000,68
2010-03-19,4.3608,4.3608,4.2344,4.2404,67900,67
2010-03-22,4.2976,4.2976,4.1333,4.1392,62200,65.4
2010-03-23,4.2344,4.2344,4.1143,4.1518,26500,65.6
2010-03-24,4.1712,4.2028,4.108,4.1138,50900,65
2010-03-25,4.1522,4.1522,4.0448,4.0632,41400,64.2
2010-03-26,4.1586,4.1586,4.0132,4.0506,34200,64
2010-03-29,4.108,4.1712,4.0132,4.0569,45100,64.1
2010-03-30,4.0764,4.0764,4.0448,4.0506,33000,64
2010-03-31,4.0448,4.1712,4.0448,4.1771,63800,66
2010-04-01,4.1459,4.3292,4.1396,4.2404,29200,67
2010-04-02,4.2976,4.2976,4.2028,4.2404,20200,67
2010-04-05,4.3608,4.3608,4.2976,4.3037,2100,68
2010-04-06,4.3039,4.3039,4.1206,4.1328,2200,65.3
2010-04-07,4.108,4.1396,4.108,4.1265,16000,65.2
2010-04-08,4.2344,4.405,4.108,4.405,32400,69.6
2010-04-09,4.2344,4.5504,4.2154,4.4936,48600,71
2010-04-12,4.4998,4.4998,4.2534,4.2594,2200,67.3
2010-04-13,4.3924,4.3924,4.2344,4.2404,28700,67
2010-04-14,4.247,4.3229,4.2344,4.3037,7600,68
2010-04-15,4.3102,4.563,4.2976,4.5695,129600,72.2
2010-04-16,4.6768,4.8032,4.6136,4.7467,152800,75
2010-04-19,4.6768,4.6768,4.5504,4.5632,23100,72.1
2010-04-20,4.5188,4.5504,4.5188,4.5569,10700,72
2010-04-21,4.424,4.8664,4.424,4.8733,79700,77
2010-04-22,4.6262,4.6768,4.582,4.6835,36000,74
2010-04-26,4.6705,4.6705,4.424,4.4683,6900,70.6
2010-04-27,4.5946,4.6073,4.5946,4.6138,3000,72.9
2010-04-28,4.424,4.443,4.424,4.4303,26500,70
2010-04-29,4.7084,4.7337,4.5504,4.7151,52500,74.5
2010-05-04,4.74,4.74,4.5504,4.5569,28100,72
2010-05-05,4.4872,4.6136,4.4556,4.4936,22800,71
2010-05-06,4.5504,4.7084,4.5504,4.6138,15200,72.9
2010-05-07,4.3734,4.9928,4.3482,4.6518,380700,73.5
2010-05-10,4.3734,4.4303,4.266,4.2721,40500,67.5
2010-05-11,4.424,4.6452,4.3924,4.4999,285600,71.1
2010-05-12,4.5504,4.6136,4.424,4.5126,319700,71.3
2010-05-13,4.4872,4.8095,4.4872,4.8164,447300,76.1
2010-05-14,4.9296,5.0686,4.7084,5.0759,558800,80.2
2010-05-17,5.1508,5.2646,5.0876,5.2657,201400,83.2
2010-05-18,5.3088,5.5679,5.3088,5.5758,373000,88.1
2010-05-19,5.5679,5.846,5.372,5.6265,300200,88.9
2010-05-20,5.7386,5.7386,5.372,5.6328,261100,89
2010-05-21,5.6122,5.6122,5.214,5.3733,84100,84.9
2010-05-24,5.5616,5.8586,5.1002,5.867,171900,92.7
2010-05-25,5.2456,5.2456,5.2456,5.2531,700,83
2010-05-26,5.2456,5.3846,5.1192,5.329,149000,84.2
2010-05-27,5.2772,5.3214,5.214,5.2974,127500,83.7
2010-05-28,5.3088,5.353,5.2456,5.2974,89400,83.7
2010-05-31,5.056,5.195,4.9422,4.9493,51100,78.2
2010-06-01,4.898,4.9928,4.8158,4.886,40600,77.2
2010-06-02,4.6958,4.8664,4.6768,4.8037,38100,75.9
2010-06-03,4.7779,4.8854,4.7779,4.8037,22400,75.9
2010-06-04,4.8664,4.8664,4.759,4.7784,22300,75.5
2010-06-07,4.6768,4.74,4.6768,4.6898,11000,74.1
2010-06-08,4.6136,4.898,4.6136,4.8986,27600,77.4
2010-06-09,4.7969,4.8664,4.74,4.7721,20700,75.4
2010-06-10,4.8664,4.8917,4.7716,4.8607,9600,76.8
2010-06-11,5.1508,5.1824,4.898,4.9303,19000,77.9
2010-06-14,5.1002,5.1002,4.7526,4.8733,23000,77
2010-06-15,4.9928,5.0307,4.7716,4.81,11000,76
2010-06-16,4.9296,4.9802,4.917,4.924,9400,77.8
2010-06-17,4.9612,4.9612,4.9106,4.9493,9900,78.2
2010-06-18,4.9928,4.9928,4.9422,4.9619,10700,78.4
2010-06-21,4.9549,4.9549,4.8348,4.9493,7300,78.2
2010-06-22,4.9612,4.9612,4.8664,4.8733,4300,77
2010-06-23,4.9106,4.9106,4.8095,4.9176,500,77.7
2010-06-24,4.8727,4.8727,4.8727,4.8797,1200,77.1
2010-06-25,4.6768,4.6768,4.6768,4.6835,1000,74
2010-06-28,4.74,4.74,4.6768,4.6835,2300,74
2010-06-29,4.7084,4.7084,4.6768,4.6835,600,74
2010-07-01,4.9865,4.9865,4.9865,4.9936,200,78.9
2010-07-02,4.8032,4.8032,4.6389,4.6455,4300,73.4
2010-07-05,4.8032,4.898,4.8032,4.905,2300,77.5
2010-07-06,4.8348,4.8348,4.8032,4.8227,19500,76.2
2010-07-07,4.8158,4.8348,4.7842,4.7911,28300,75.7
2010-07-08,4.9296,4.9296,4.8158,4.829,17000,76.3
2010-07-09,4.8601,4.8601,4.8348,4.867,19400,76.9
2010-07-12,4.8348,4.8474,4.8032,4.8543,20400,76.7
2010-07-13,4.8348,4.9106,4.8222,4.9176,23100,77.7
2010-07-14,4.879,4.898,4.8348,4.8417,30200,76.5
2010-07-15,4.8854,4.9738,4.8032,4.81,14100,76
2010-07-16,4.9675,4.9675,4.7842,4.7911,16100,75.7
2010-07-19,4.7716,4.8348,4.7716,4.8417,18700,76.5
2010-07-20,4.8158,4.8158,4.759,4.7657,17500,75.3
2010-07-21,4.8032,4.8032,4.721,4.7278,17700,74.7
2010-07-22,4.74,4.74,4.6578,4.6645,16400,73.7
2010-07-23,4.9612,4.9612,4.6768,4.7214,13200,74.6
2010-07-26,4.721,4.721,4.6452,4.6645,13100,73.7
2010-07-27,4.9612,4.9612,4.9612,4.9683,600,78.5
2010-07-28,4.8032,4.8032,4.8032,4.81,500,76
2010-07-29,5.0244,5.0244,4.6136,4.6202,900,73
2010-07-30,4.6199,4.8854,4.4619,4.8923,15400,77.3
2010-08-02,4.424,4.424,4.3671,4.3987,11600,69.5
2010-08-03,4.2976,4.2976,4.0701,4.0822,32200,64.5
2010-08-04,3.8868,3.9184,3.8426,3.848,40400,60.8
2010-08-05,3.8552,3.8868,3.5898,3.6075,182500,57
2010-08-06,3.8236,3.8236,3.7541,3.8227,7700,60.4
2010-08-09,3.7983,3.8552,3.6087,3.6139,5500,57.1
2010-08-10,3.7983,3.7983,3.5708,3.5759,3500,56.5
2010-08-11,3.4823,3.7541,3.4191,3.424,13200,54.1
2010-08-12,3.7225,3.7225,3.3812,3.386,33200,53.5
2010-08-13,3.6024,3.6277,3.4191,3.6012,20900,56.9
2010-08-16,3.634,3.6656,3.615,3.6582,36000,57.8
2010-08-17,3.6972,3.7288,3.634,3.6392,13500,57.5
2010-08-18,3.792,3.9374,3.5708,3.5759,25100,56.5
2010-08-19,3.8742,3.8742,3.7667,3.7721,1800,59.6
2010-08-23,3.8805,3.8805,3.6024,3.6075,8100,57
2010-08-24,3.5392,3.5392,3.457,3.4683,5700,54.8
2010-08-25,3.7351,3.7351,3.5708,3.5759,5200,56.5
2010-08-26,3.9184,3.9184,3.476,3.4809,5700,55
2010-08-27,3.792,3.8236,3.792,3.829,3000,60.5
2010-08-30,3.5961,3.8489,3.5961,3.8354,27400,60.6
2010-08-31,3.8552,3.8868,3.8552,3.8923,2100,61.5
2010-09-01,3.8552,3.8552,3.8362,3.8607,4000,61
2010-09-06,3.8868,3.9184,3.8489,3.8544,3600,60.9
2010-09-07,3.8552,3.8552,3.6656,3.6708,1100,58
2010-09-08,3.8489,3.8489,3.6656,3.6708,2500,58
2010-09-09,3.6972,3.8552,3.6972,3.7658,5700,59.5
2010-09-10,3.8552,3.8552,3.5392,3.5442,8500,56
2010-09-13,3.7604,3.7604,3.6024,3.6075,5700,57
2010-09-14,3.7035,3.7035,3.7035,3.7088,2000,58.6
2010-09-15,3.7035,3.7035,3.6024,3.6075,6700,57
2010-09-16,3.6466,3.6466,3.6024,3.6202,27000,57.2
2010-09-17,3.7604,3.7604,3.7604,3.7658,100,59.5
2010-09-20,3.8552,3.8552,3.8552,3.8607,1000,61
2010-09-22,3.634,3.634,3.634,3.6392,1000,57.5
2010-09-23,3.7604,3.7604,3.7604,3.7658,100,59.5
2010-09-27,3.5455,3.5455,3.5392,3.5442,200,56
2010-09-28,3.6972,3.6972,3.6972,3.7025,100,58.5
2010-10-04,3.476,3.476,3.476,3.4809,500,55
2010-10-06,3.4191,3.5961,3.4191,3.6012,1700,56.9
2010-10-11,3.7098,3.7098,3.7098,3.7151,1000,58.7
2010-10-12,3.4823,3.4823,3.476,3.4809,4600,55
2010-10-13,3.6656,3.6656,3.6277,3.6582,5300,57.8
2010-10-14,3.6972,3.6972,3.6972,3.7025,3500,58.5
2010-10-18,3.5392,3.5392,3.5392,3.5442,700,56
2010-10-19,3.6024,3.6656,3.6024,3.6708,30000,58
2010-10-20,3.4191,3.4191,3.4191,3.424,1000,54.1
2010-10-21,3.3559,3.4191,3.3559,3.424,800,54.1
2010-10-22,3.5898,3.5898,3.3875,3.3923,1200,53.6
2010-10-25,3.476,3.476,3.476,3.4809,100,55
2010-10-26,3.6593,3.6593,3.6593,3.6645,100,57.9
2010-10-27,3.4191,3.4191,3.4191,3.424,1000,54.1
2010-11-02,3.3496,3.3559,3.3496,3.3607,1100,53.1
2010-11-04,3.5582,3.5582,3.5582,3.5632,100,56.3
2010-11-05,3.792,3.792,3.792,3.7974,100,60
2010-11-08,3.5392,3.5392,3.5392,3.5442,2000,56
2010-11-09,3.299,3.318,3.299,3.3037,3100,52.2
2010-11-12,3.318,3.3496,3.0968,3.1012,38100,49
2010-11-15,3.3496,3.3496,3.2106,3.2151,40200,50.8
2010-11-16,3.2801,3.2864,3.1916,3.2784,25900,51.8
2010-11-17,3.4065,3.4065,3.3686,3.3734,35200,53.3
2010-11-18,3.476,3.6024,3.476,3.4809,51000,55
2010-11-19,3.8173,3.8299,3.792,3.7974,56100,60
2010-11-22,3.792,3.8489,3.792,3.8101,45300,60.2
2010-11-23,3.7288,3.7667,3.653,3.7151,35700,58.7
2010-11-24,3.653,3.7225,3.634,3.7151,50700,58.7
2010-11-25,3.9121,3.9121,3.7794,3.7847,40900,59.8
2010-11-26,4.0132,4.108,3.8742,3.9113,47600,61.8
2010-11-29,3.9058,3.9184,3.7794,3.7847,45400,59.8
2010-11-30,4.0954,4.1017,4.0385,4.0442,44400,63.9
2010-12-01,4.2028,4.2218,4.0448,4.0949,51500,64.7
2010-12-02,4.2344,4.2597,3.9247,4.1835,50800,66.1
2010-12-03,4.2344,4.2913,4.1396,4.2278,47900,66.8
2010-12-06,4.266,4.2786,4.2534,4.2657,33800,67.4
2010-12-07,4.2344,4.2534,3.969,4.1708,31600,65.9
2010-12-08,4.2407,4.2407,3.9563,4.1075,34100,64.9
2010-12-09,4.2028,4.2154,3.9184,3.9366,58500,62.2
2010-12-10,4.108,4.108,3.7288,3.9873,86400,63
2010-12-13,3.6024,4.108,3.6024,3.7531,53300,59.3
2010-12-14,3.792,3.8552,3.6087,3.6265,94100,57.3
2010-12-15,3.634,3.6656,3.4444,3.5126,119800,55.5
2010-12-16,3.2548,3.2927,3.2422,3.2848,51300,51.9
2010-12-17,3.16,3.2232,3.1347,3.1645,53400,50
2010-12-20,3.1284,3.1347,2.9767,3.1075,31800,49.1
2010-12-21,3.0399,3.2042,3.0399,3.2088,33600,50.7
2010-12-22,3.2548,3.337,3.1663,3.3417,47900,52.8
2010-12-23,3.2611,3.3243,3.2611,3.3227,31000,52.5
2010-12-24,3.3812,3.3812,3.1347,3.2215,36400,50.9
2010-12-27,3.0336,3.16,2.9704,3.0759,37300,48.6
2010-12-28,2.9894,3.1537,2.8503,3.1265,38000,49.4
2010-12-29,2.9388,3.1221,2.9262,3.1075,36800,49.1
2010-12-30,2.9704,3.1474,2.9578,3.0316,29100,47.9
2010-12-31,2.8882,2.9704,2.8566,2.9746,60800,47
2011-01-04,2.8756,2.9135,2.8503,2.9177,37200,46.1
2011-01-05,2.8819,3.0399,2.8819,3.0442,44300,48.1
2011-01-06,3.002,3.0652,2.983,3.0696,34100,48.5
2011-01-07,3.0336,3.0968,3.0336,3.0379,43300,48
2011-01-10,3.0968,3.0968,3.002,3.0949,41000,48.9
2011-01-11,3.0336,3.0905,2.9262,2.9873,33300,47.2
2011-01-12,3.0336,3.0905,3.021,3.0696,45900,48.5
2011-01-13,2.9388,3.1537,2.9388,3.1582,65900,49.9
2011-01-14,3.002,3.1221,3.002,3.0886,60500,48.8
2011-01-17,3.0652,3.1284,3.0652,3.1012,50100,49
2011-01-18,3.0652,3.16,3.0336,3.1012,74700,49
2011-01-19,3.0336,3.2927,3.002,3.2974,90500,52.1
2011-01-20,3.0652,3.318,3.0652,3.2784,51200,51.8
2011-01-21,3.1916,3.3117,3.1094,3.2531,56000,51.4
2011-01-24,3.2738,3.3622,3.2548,3.3164,53600,52.4
2011-01-25,3.3496,3.3749,3.16,3.2848,55200,51.9
2011-01-26,3.2864,3.3433,3.1031,3.2848,47700,51.9
2011-01-27,3.1916,3.3117,3.16,3.2215,26500,50.9
2011-01-28,3.2358,3.2485,3.16,3.1898,30500,50.4
2011-02-08,3.1853,3.318,3.1726,3.2721,42600,51.7
2011-02-09,3.2106,3.3433,3.1916,3.2721,47500,51.7
2011-02-10,3.2232,3.2738,3.2232,3.2594,34800,51.5
2011-02-11,3.2548,3.3812,3.2548,3.2721,38800,51.7
2011-02-14,3.318,3.4444,3.318,3.3797,38500,53.4
2011-02-15,3.2864,3.4065,3.179,3.348,31300,52.9
2011-02-16,3.3749,3.3749,3.16,3.2911,21400,52
2011-02-17,3.2801,3.2801,3.1094,3.2215,31100,50.9
2011-02-18,3.2106,3.2548,3.0968,3.1012,54100,49
2011-02-21,3.1284,3.2485,3.002,3.0506,53900,48.2
2011-02-22,2.9704,3.1537,2.9388,2.943,48500,46.5
2011-02-23,3.0336,3.179,3.0336,3.1075,53400,49.1
2011-02-24,3.0526,3.141,3.0336,3.0696,44900,48.5
2011-02-25,3.0526,3.0778,3.0526,3.0632,51900,48.4
2011-02-28,3.0652,3.1474,3.0336,3.0379,42900,48
2011-03-01,3.0336,3.1474,3.0336,3.0696,46800,48.5
2011-03-02,3.021,3.0715,2.863,2.9683,51500,46.9
2011-03-03,2.9578,2.9578,2.8756,2.8797,38900,45.5
2011-03-04,2.8756,2.9704,2.844,2.9493,66500,46.6
2011-03-07,2.9009,3.002,2.8566,2.9303,53100,46.3
2011-03-08,2.9325,2.9767,2.9072,2.9683,46700,46.9
2011-03-09,2.9544,3.0465,2.9478,2.9489,31100,44.8
2011-03-10,2.9742,3.1913,2.9742,3.1859,168500,48.4
2011-03-11,3.0597,3.3492,3.0597,3.2254,90400,49
2011-03-14,3.1584,3.2834,3.1584,3.2649,50800,49.6
2011-03-15,3.1255,3.2834,3.1255,3.2846,51200,49.9
2011-03-16,3.1584,3.3887,3.1584,3.278,61700,49.8
2011-03-17,3.1913,3.3163,3.1913,3.2649,45200,49.6
2011-03-18,3.211,3.3229,3.211,3.278,35200,49.8
2011-03-21,3.1913,3.3558,3.0992,3.278,68300,49.8
2011-03-22,3.2242,3.3558,3.1913,3.2451,55300,49.3
2011-03-23,3.4808,3.4808,3.1913,3.2583,45900,49.5
2011-03-24,3.29,3.3887,3.2242,3.2583,53700,49.5
2011-03-25,3.1584,3.3558,3.1058,3.1069,46600,47.2
2011-03-28,3.1255,3.2571,3.0926,3.0937,61500,47
2011-03-29,3.1584,3.1584,3.0005,3.0279,46700,46
2011-03-30,3.0268,3.0597,3.0005,3.0542,50500,46.4
2011-03-31,3.0268,3.0597,2.961,2.9621,47500,45
2011-04-01,3.0005,3.0268,2.8623,2.9687,43500,45.1
2011-04-04,2.961,3.0005,2.757,2.758,76200,41.9
2011-04-05,2.7307,2.7636,2.6254,2.6264,57400,39.9
2011-04-06,2.5662,2.7373,2.5399,2.6725,52600,40.6
2011-04-07,2.5662,2.6978,2.5662,2.6461,48600,40.2
2011-04-08,2.6452,2.711,2.5728,2.633,37400,40
2011-04-13,2.632,2.632,2.6123,2.633,24900,40
2011-04-14,2.632,2.6649,2.5662,2.5671,28300,39
2011-04-15,2.5991,2.6846,2.5333,2.633,28400,40
2011-04-18,2.5662,2.6517,2.4543,2.4947,54800,37.9
2011-04-19,2.5201,2.5333,2.3688,2.4684,33500,37.5
2011-04-20,2.3622,2.4675,2.3622,2.4355,25700,37
2011-04-21,2.4346,2.4675,2.3688,2.4289,22700,36.9
2011-04-22,2.3359,2.4346,2.3162,2.3828,18300,36.2
2011-04-25,2.3359,2.4214,2.3359,2.4026,31200,36.5
2011-04-26,2.3359,2.428,2.3162,2.3697,21600,36
2011-04-27,2.3359,2.428,2.3359,2.3894,20700,36.3
2011-04-28,2.3688,2.3951,2.2898,2.3368,19800,35.5
2011-04-29,2.3227,2.3885,2.3227,2.3697,21100,36
2011-05-04,2.3688,2.4543,2.3688,2.4092,23100,36.6
2011-05-05,2.3688,2.4346,2.303,2.4223,26600,36.8
2011-05-06,2.3951,2.4017,2.3359,2.3697,20900,36
2011-05-09,2.3754,2.3754,2.303,2.3697,17000,36
2011-05-10,2.3359,2.3622,2.303,2.3236,16200,35.3
2011-05-11,2.303,2.3491,2.303,2.3368,12200,35.5
2011-05-12,2.3359,2.3885,2.3162,2.317,13300,35.2
2011-05-13,2.303,2.3885,2.303,2.3565,19100,35.8
2011-05-16,2.303,2.3688,2.303,2.3302,18500,35.4
2011-05-17,2.2701,2.3293,2.2701,2.317,14600,35.2
2011-05-18,2.303,2.3885,2.303,2.3565,11300,35.8
2011-05-19,2.3227,2.3688,2.3227,2.3236,12600,35.3
2011-05-20,2.303,2.3556,2.303,2.3302,6900,35.4
2011-05-23,2.3096,2.3688,2.3096,2.3104,13000,35.1
2011-05-24,2.3293,2.3293,2.1846,2.2314,8300,33.9
2011-05-25,2.2438,2.2438,2.1056,2.1064,1000,32
2011-05-26,2.3359,2.3622,2.0661,2.2183,7200,33.7
2011-05-27,2.2372,2.303,2.2043,2.2709,7600,34.5
2011-05-30,2.2372,2.3227,2.2372,2.2512,4800,34.2
2011-06-08,2.1188,2.1188,2.1188,2.1195,1600,32.2
2011-06-09,2.1188,2.2043,2.0727,2.0735,5700,31.5
2011-06-10,2.2175,2.2964,2.2175,2.2907,9700,34.8
2011-06-13,2.2635,2.2635,2.1122,2.238,7500,34
2011-06-14,2.2109,2.3359,2.0793,2.2051,7600,33.5
2011-06-16,2.2372,2.2964,2.1253,2.2973,5900,34.9
2011-06-17,2.224,2.2635,2.1188,2.1195,6000,32.2
2011-06-20,2.2635,2.2635,2.2372,2.2644,3200,34.4
2011-06-21,2.2438,2.2569,2.2372,2.238,3000,34
2011-06-22,2.2635,2.2701,2.2306,2.2314,3300,33.9
2011-06-24,2.2635,2.3227,2.2635,2.3038,4500,35
2011-06-27,2.303,2.3096,2.303,2.3104,5100,35.1
2011-06-28,2.1714,2.2964,2.1714,2.2973,3500,34.9
2011-06-30,2.1188,2.2767,2.1188,2.1327,4000,32.4
2011-07-01,2.2372,2.3227,2.2372,2.3104,3500,35.1
2011-07-04,2.3096,2.3096,2.303,2.3038,200,35
2011-07-05,2.3556,2.3556,2.3556,2.3565,100,35.8
2011-07-19,2.303,2.303,2.303,2.3038,300,35
2011-07-22,2.2833,2.2833,2.2372,2.238,700,34
2011-07-25,2.2964,2.2964,2.2964,2.2973,5000,34.9
2011-07-26,2.2898,2.2898,2.2898,2.2907,1500,34.8
2011-07-29,2.2898,2.3688,2.2898,2.3697,5100,36
2011-08-01,2.3556,2.5267,2.3556,2.3763,5100,36.1
2011-08-03,2.303,2.303,2.303,2.3038,100,35
2011-08-08,2.4346,2.4412,2.4346,2.4421,2000,37.1
2011-08-11,2.303,2.303,2.303,2.3038,100,35
2011-08-15,2.1451,2.1451,2.1451,2.1459,200,32.6
2011-08-16,2.0003,2.0003,2.0003,2.0011,200,30.4
2011-08-18,2.1385,2.1385,1.974,1.9747,500,30
2011-08-31,1.974,1.974,1.9674,1.9681,200,29.9
2011-09-06,1.8753,1.8753,1.8753,1.876,100,28.5
2011-09-08,1.7503,1.7569,1.7503,1.7575,500,26.7
2011-09-09,1.8753,1.8753,1.8753,1.876,100,28.5
2011-09-14,1.7766,2.0003,1.7503,2.0011,4000,30.4
2011-09-20,1.7371,1.7371,1.7371,1.7378,100,26.4
2011-09-21,1.6582,1.6582,1.6582,1.6588,100,25.2
2011-09-22,1.645,1.645,1.645,1.6456,100,25
2011-09-23,1.566,1.566,1.566,1.5666,100,23.8
2011-09-26,1.5331,1.5331,1.5331,1.5337,200,23.3
2011-09-28,1.5792,1.5792,1.5792,1.5798,1500,24
2011-09-29,1.4805,1.6845,1.4805,1.6851,200,25.6
2011-09-30,1.6779,1.6779,1.6779,1.6785,2000,25.5
2011-10-03,1.7437,1.7437,1.7437,1.7443,500,26.5
2011-10-05,1.8292,1.8292,1.8292,1.8299,100,27.8
2011-10-06,1.8424,1.8424,1.8424,1.8431,100,28
2011-10-13,1.724,1.724,1.724,1.7246,400,26.2
2011-10-14,1.6187,1.6187,1.6187,1.6193,100,24.6
2011-10-17,1.52,1.52,1.52,1.5205,100,23.1
2011-10-18,1.4279,1.4279,1.4279,1.4284,100,21.7
2011-10-19,1.3489,1.3489,1.3489,1.3494,100,20.5
2011-10-20,1.3555,1.3555,1.3489,1.3494,400,20.5
2011-10-21,1.2831,1.2831,1.2831,1.2836,100,19.5
2011-10-24,1.2897,1.2897,1.2897,1.2902,1000,19.6
2011-10-25,1.2173,1.2502,1.2173,1.2507,900,19
2011-10-26,1.3292,1.3292,1.3292,1.3296,400,20.2
2011-10-27,1.2502,1.4081,1.2502,1.4086,200,21.4
2011-10-28,1.2436,1.2436,1.2436,1.2441,100,18.9
2011-10-31,1.2502,1.2502,1.2502,1.2507,200,19
2011-11-01,1.2173,1.2173,1.2173,1.2177,100,18.5
2011-11-02,1.1515,1.1515,1.1515,1.1519,100,17.5
2011-11-04,1.0857,1.2305,1.0857,1.2309,200,18.7
2011-11-07,1.0989,1.0989,1.0989,1.0993,100,16.7
2011-11-08,1.0396,1.1712,1.0396,1.1717,400,17.8
2011-11-10,1.1186,1.1186,1.1186,1.119,1000,17
2011-11-11,1.0528,1.0528,1.0528,1.0532,100,16
2011-11-14,0.9936,1.0528,0.9936,1.0532,300,16
2011-11-16,1.0989,1.0989,1.0989,1.0993,100,16.7
2011-11-17,1.1712,1.1712,1.1712,1.1717,100,17.8
2011-11-21,1.2502,1.2502,1.2502,1.2507,1100,19
2011-11-22,1.3357,1.3357,1.3357,1.3362,100,20.3
2011-11-23,1.2436,1.3818,1.2436,1.3823,1100,21
2011-11-30,1.4081,1.4081,1.4081,1.4086,1000,21.4
2011-12-01,1.316,1.316,1.316,1.3165,100,20
2011-12-02,1.3094,1.316,1.3094,1.3165,1100,20
2011-12-05,1.395,1.395,1.395,1.3955,100,21.2
2011-12-06,1.4805,1.4805,1.3028,1.4416,800,21.9
2011-12-07,1.5068,1.5068,1.5068,1.5074,500,22.9
2011-12-09,1.5595,1.5595,1.4015,1.481,2500,22.5
2011-12-12,1.5792,1.5792,1.5792,1.5798,600,24
2011-12-13,1.6845,1.6845,1.4739,1.4745,1600,22.4
2011-12-14,1.6516,1.6516,1.4805,1.514,1800,23
2011-12-15,1.4147,1.4147,1.4147,1.4152,300,21.5
2011-12-16,1.5134,1.5134,1.5134,1.514,600,23
2011-12-20,1.5924,1.5924,1.5463,1.5469,1100,23.5
2011-12-21,1.6516,1.6516,1.4476,1.4481,1000,22
2011-12-22,1.4476,1.4476,1.4476,1.4481,200,22
2011-12-23,1.5463,1.5463,1.3489,1.3494,400,20.5
2011-12-26,1.3094,1.3094,1.3094,1.3099,500,19.9
2011-12-27,1.395,1.395,1.2239,1.2243,2000,18.6
2011-12-28,1.2239,1.2239,1.2239,1.2243,100,18.6
2011-12-29,1.1383,1.3094,1.1383,1.3099,400,19.9
2011-12-30,1.3555,1.3555,1.3555,1.356,100,20.6
2012-01-03,1.4476,1.4476,1.4476,1.4481,300,22
2012-02-03,1.4608,1.4608,1.4608,1.4613,100,22.2
2012-02-14,1.4608,1.4608,1.4608,1.4613,500,22.2
2012-02-20,1.5595,1.5595,1.5595,1.56,1000,23.7
2012-02-29,1.6582,1.6582,1.6582,1.6588,100,25.2
2012-03-02,1.5576,1.5576,1.5576,1.5595,100,22
2012-03-19,1.4868,1.4868,1.4868,1.4886,100,21
2012-03-20,1.5576,1.5859,1.5576,1.5878,2900,22.4
2012-03-22,1.685,1.685,1.685,1.6871,100,23.8
2012-03-23,1.7983,1.7983,1.7842,1.7863,700,25.2
2012-03-27,1.9045,1.9045,1.9045,1.9068,300,26.9
2012-03-28,1.7771,1.7771,1.7771,1.7792,200,25.1
2012-04-06,1.6992,1.6992,1.6567,1.6587,700,23.4
2012-04-09,1.5505,1.5505,1.5505,1.5524,200,21.9
2012-04-10,1.4514,1.4514,1.4514,1.4532,2800,20.5
2012-04-11,1.5505,1.5505,1.5505,1.5524,600,21.9
2012-04-12,1.6496,1.6567,1.6496,1.6587,1100,23.4
2012-04-13,1.7275,1.77,1.7275,1.7721,300,25
2012-04-16,1.7983,1.7983,1.7983,1.8005,100,25.4
2012-04-18,1.77,1.77,1.6992,1.7013,400,24
2012-04-19,1.7983,1.7983,1.7983,1.8005,100,25.4
2012-04-24,1.6776,1.6776,1.6776,1.678,100,23.3
2012-04-26,1.5624,1.6776,1.5624,1.5627,2400,21.7
2012-04-27,1.4544,1.4544,1.4544,1.4547,100,20.2
2012-05-02,1.44,1.44,1.368,1.3683,200,19
2012-05-04,1.4616,1.4616,1.296,1.2963,200,18
2012-05-09,1.2384,1.2384,1.2384,1.2387,7400,17.2
2012-05-10,1.3248,1.3248,1.3248,1.3251,100,18.4
2012-05-11,1.3032,1.404,1.3032,1.4043,200,19.5
2012-05-14,1.3104,1.332,1.3104,1.3107,400,18.2
2012-05-15,1.2384,1.2384,1.2384,1.2387,200,17.2
2012-05-16,1.296,1.296,1.296,1.2963,200,18
2012-05-17,1.2672,1.2672,1.2672,1.2675,200,17.6
2012-05-18,1.26,1.26,1.26,1.2603,100,17.5
2012-05-24,1.2528,1.2528,1.2528,1.2531,100,17.4
2012-05-25,1.3392,1.3392,1.3392,1.3395,300,18.6
2012-05-28,1.26,1.26,1.26,1.2603,100,17.5
2012-05-30,1.26,1.26,1.26,1.2603,100,17.5
2012-06-01,1.1736,1.1736,1.1736,1.1739,400,16.3
2012-06-15,1.152,1.152,1.152,1.1523,600,16
2012-07-05,1.0728,1.0728,1.0728,1.073,100,14.9
2012-07-11,1.0728,1.0728,1.0728,1.073,100,14.9
2012-08-13,1.008,1.008,1.008,1.0082,1000,14
2012-08-16,1.0728,1.0728,1.0728,1.073,300,14.9
2012-08-23,1.0008,1.0008,1.0008,1.001,100,13.9
2012-10-16,0.936,0.936,0.936,0.9362,100,13
2012-10-22,0.8712,0.8712,0.8712,0.8714,100,12.1
2012-10-23,0.8136,0.8136,0.8136,0.8138,100,11.3
2012-10-24,0.7632,0.7632,0.7632,0.7634,100,10.6
2012-10-25,0.72,0.72,0.72,0.7202,100,10
2012-11-07,0.6696,0.6696,0.6696,0.6697,100,9.3
2012-12-04,0.7128,0.7128,0.7128,0.713,100,9.9
2012-12-19,0.756,0.756,0.756,0.7562,100,10.5
2013-01-02,0.8064,0.8064,0.8064,0.8066,200,11.2
2013-01-07,0.8568,0.8568,0.8568,0.857,100,11.9
2013-01-09,0.9144,0.9144,0.9144,0.9146,100,12.7
2013-02-22,0.8352,0.8352,0.8352,0.8354,100,11.6
2013-03-11,0.756,0.756,0.756,0.7562,200,10.5
2013-03-12,0.756,0.756,0.756,0.7562,100,10.5
2013-03-18,0.756,0.756,0.756,0.7562,200,10.5
2013-06-03,0.684,0.684,0.684,0.6842,1500,9.5
2013-06-05,0.6336,0.7488,0.6336,0.749,800,10.4
2013-06-06,0.8208,0.8208,0.8208,0.821,100,11.4
2013-06-07,0.9,0.9,0.9,0.9002,100,12.5
2013-11-06,0.81,0.81,0.81,0.8102,500,10.8
2013-11-12,0.825,0.84,0.825,0.8402,1300,11.2
2013-11-15,0.7615,0.7615,0.7615,0.7616,100,9.7
2013-12-06,0.7693,0.7693,0.7693,0.7695,100,9.8
2013-12-19,0.84,0.84,0.84,0.8402,100,10.7
2013-12-25,0.7615,0.7615,0.7615,0.7616,200,9.7
2013-12-26,0.8243,0.8243,0.8243,0.8244,1300,10.5
2014-01-08,0.8086,0.8086,0.8086,0.8087,100,10.3
2014-01-15,0.8243,0.8243,0.8243,0.8244,200,10.5
2014-01-16,0.785,0.785,0.785,0.7852,200,10
2014-02-07,0.8478,0.8478,0.8478,0.848,300,10.8
2014-02-17,0.8557,0.8557,0.8557,0.8559,100,10.9
2014-02-18,0.8557,0.8557,0.8478,0.8559,1000,10.9
2014-02-19,0.8243,0.8635,0.8243,0.8637,6200,11
2014-02-20,0.8635,0.8635,0.8478,0.848,5800,10.8
2014-02-21,0.8635,0.9028,0.8635,0.903,2400,11.5
2014-02-24,0.9185,0.9263,0.9028,0.903,4000,11.5
2014-02-25,0.9028,0.9028,0.8792,0.8951,10900,11.4
2014-02-26,0.9028,0.9342,0.9028,0.9344,24600,11.9
2014-02-27,0.9263,0.9263,0.9263,0.9265,3500,11.8
2014-03-03,0.8949,0.8949,0.8949,0.8951,4000,11.4
2014-03-04,0.8792,0.8949,0.8792,0.8951,700,11.4
2014-03-06,0.8714,0.8792,0.8714,0.8794,2700,11.2
2014-03-07,0.8714,0.8714,0.8635,0.8637,2500,11
2014-03-10,0.8949,0.8949,0.8949,0.8951,1066,11.4
2014-03-11,0.9028,0.9028,0.9028,0.903,500,11.5
2014-03-12,0.8871,0.9263,0.8635,0.9265,10000,11.8
2014-03-14,0.8792,0.9263,0.8714,0.9265,12334,11.8
2014-03-17,0.9028,0.9185,0.9028,0.9187,17000,11.7
2014-03-18,0.9263,0.9263,0.9185,0.9187,8800,11.7
2014-03-19,0.8871,0.9185,0.8871,0.9187,9600,11.7
2014-03-20,1.0048,1.0048,1.0048,1.005,100,12.8
2014-03-21,0.9263,0.9813,0.9185,0.9501,7150,12.1
2014-03-24,1.0205,1.0441,1.0205,1.0443,18400,13.3
2014-03-25,1.1461,1.1461,1.0441,1.1307,5800,14.4
2014-03-26,1.2403,1.2403,1.099,1.1307,5600,14.4
2014-03-27,1.0441,1.154,1.0441,1.1542,4700,14.7
2014-03-28,1.0833,1.0833,1.0833,1.0836,6100,13.8
2014-03-31,1.0833,1.0833,1.0833,1.0836,8400,13.8
2014-04-01,1.0519,1.0676,1.0519,1.06,5700,13.5
2014-04-02,1.0205,1.099,1.0048,1.0993,3700,14
2014-04-04,1.099,1.099,1.099,1.0993,4000,14
2014-04-07,1.099,1.1226,1.099,1.115,3800,14.2
2014-04-08,1.1383,1.2246,1.1383,1.2249,22900,15.6
2014-04-10,1.3345,1.3424,1.2639,1.272,38700,16.2
2014-04-11,1.2796,1.3345,1.2717,1.3348,4710,17
2014-04-14,1.311,1.311,1.2011,1.2013,10900,15.3
2014-04-15,1.2168,1.2168,1.0833,1.0993,6400,14
2014-04-16,1.0676,1.1775,1.0676,1.1778,200,15
2014-04-17,1.0676,1.0912,1.0676,1.0679,3700,13.6
2014-04-18,1.0676,1.0676,1.0676,1.0679,3600,13.6
2014-04-21,1.1697,1.1697,1.1697,1.1699,100,14.9
2014-04-24,1.0676,1.1697,1.0676,1.1699,2100,14.9
2014-04-25,1.0676,1.1618,1.0676,1.1621,300,14.8
2014-04-28,1.0676,1.1618,1.0676,1.1621,1700,14.8
2014-05-05,1.0519,1.0519,1.0519,1.0522,4800,13.4
2014-05-06,0.9813,0.9813,0.9499,0.9501,4100,12.1
2014-05-07,1.0441,1.0441,1.0441,1.0443,650,13.3
2014-05-08,1.1383,1.1383,0.942,1.0364,500,13.2
2014-05-09,1.1383,1.1383,1.1383,1.1385,100,14.5
2014-05-22,1.0244,1.0244,1.0244,1.0247,500,12.6
2014-05-23,1.0569,1.0569,1.0244,1.0247,200,12.6
2014-06-03,0.9756,1.0569,0.9756,1.0572,2100,13
2014-06-04,0.9512,0.9512,0.9512,0.9515,100,11.7
2014-06-09,1.0406,1.0406,1.0406,1.041,100,12.8
2014-06-10,1.0732,1.0732,1.0732,1.0735,100,13.2
2014-06-11,1.1382,1.1382,1.1382,1.1385,100,14
2014-06-13,1.2439,1.2439,1.2439,1.2443,100,15.3
2014-06-16,1.1219,1.1219,1.1219,1.1223,900,13.8
2014-06-23,1.2276,1.2276,1.2276,1.228,100,15.1
2014-06-25,1.1101,1.1774,1.1101,1.1775,1300,14
2014-06-26,1.2699,1.2699,1.2699,1.27,100,15.1
2014-06-27,1.1438,1.1438,1.1438,1.1439,2500,13.6
2014-07-03,1.0765,1.0765,1.0513,1.0514,5300,12.5
2014-07-04,1.1522,1.1522,1.1522,1.1523,100,13.7
2014-07-07,1.2615,1.2615,1.0513,1.0598,2300,12.6
2014-07-08,1.0597,1.0597,1.0597,1.0598,3000,12.6
2014-07-10,1.0597,1.0681,1.0597,1.0682,2400,12.7
2014-07-11,1.0765,1.0933,1.0765,1.0934,400,13
2014-07-16,1.0513,1.1354,1.0513,1.0934,7500,13
2014-07-17,1.0597,1.1774,1.0597,1.1775,200,14
2014-07-18,1.1522,1.1774,1.1522,1.1607,4100,13.8
2014-07-23,1.1354,1.1606,1.1354,1.1607,3000,13.8
2014-07-25,1.1269,1.1269,1.1101,1.1102,2500,13.2
2014-07-28,1.1017,1.1017,1.0933,1.0934,3900,13
2014-07-29,1.0933,1.0933,1.0849,1.085,3500,12.9
2014-07-30,1.0849,1.0849,1.0849,1.085,500,12.9
2014-07-31,1.0849,1.0849,1.0765,1.085,4650,12.9
2014-08-01,1.0849,1.0849,1.0765,1.0766,200,12.8
2014-08-06,1.0765,1.0765,1.0765,1.0766,300,12.8
2014-08-08,1.0765,1.0765,1.0765,1.0766,1000,12.8
2014-08-13,1.0597,1.1774,1.0597,1.1775,900,14
2014-08-14,1.0765,1.0765,1.0765,1.0766,7500,12.8
2014-08-15,1.0597,1.0597,1.0597,1.0598,3500,12.6
2014-08-19,1.0597,1.0597,1.0597,1.0598,300,12.6
2014-08-20,1.0597,1.0597,1.0597,1.0598,100,12.6
2014-08-22,1.1606,1.1606,1.1606,1.1607,3600,13.8
2014-08-27,1.1606,1.1606,1.1606,1.1607,500,13.8
2014-09-03,1.1606,1.1606,1.1606,1.1607,1300,13.8
2014-09-04,1.1269,1.1269,1.1269,1.1271,100,13.4
2014-09-08,1.1017,1.1017,1.0933,1.1018,7500,13.1
2014-09-09,1.0933,1.211,1.0933,1.2112,1100,14.4
2014-09-12,1.0933,1.1185,1.0933,1.1186,3400,13.3
2014-09-15,1.0933,1.0933,1.0933,1.0934,3100,13
2014-09-17,1.0933,1.0933,1.0933,1.0934,300,13
2014-09-18,1.0933,1.0933,1.0933,1.0934,2000,13
2014-09-19,1.0933,1.0933,1.0933,1.0934,2000,13
2014-09-24,1.0933,1.0933,1.0933,1.0934,300,13
2014-09-25,1.0933,1.0933,1.0933,1.0934,300,13
2014-09-26,1.0933,1.0933,1.0933,1.0934,200,13
2014-10-07,1.0513,1.0513,1.0513,1.0514,300,12.5
2014-10-08,1.0513,1.0513,1.0513,1.0514,32,12.5
2014-10-09,1.1354,1.1354,1.1354,1.1355,134,13.5
2014-10-17,1.0513,1.0513,1.0513,1.0514,100,12.5
2014-10-20,1.0513,1.0513,1.0513,1.0514,100,12.5
2014-10-21,1.1438,1.1438,1.1438,1.1439,100,13.6
2014-10-22,1.1438,1.1438,1.1438,1.1439,3500,13.6
2014-10-29,1.0344,1.1354,1.0344,1.1355,200,13.5
2014-11-03,1.0597,1.0597,1.0597,1.0598,100,12.6
2014-11-04,1.1354,1.1354,1.1354,1.1355,1000,13.5
2014-11-05,1.1269,1.1269,1.1269,1.1271,500,13.4
2014-11-06,1.0933,1.0933,1.0681,1.0682,13000,12.7
2014-11-07,1.1101,1.1101,1.0681,1.1018,7900,13.1
2014-11-10,1.1017,1.1354,1.1017,1.1186,2600,13.3
2014-11-11,1.1522,1.1522,1.1185,1.1523,1300,13.7
2014-11-12,1.1522,1.1606,1.1354,1.1523,4000,13.7
2014-11-13,1.1185,1.1522,1.1185,1.1523,2000,13.7
2014-11-14,1.1354,1.1774,1.1354,1.1439,7267,13.6
2014-11-17,1.1522,1.1522,1.1438,1.1523,4500,13.7
2014-11-18,1.1522,1.1522,1.1522,1.1523,4200,13.7
2014-11-19,1.1522,1.1606,1.1522,1.1523,4800,13.7
2014-11-20,1.1606,1.169,1.1606,1.1691,4100,13.9
2014-11-21,1.169,1.2699,1.169,1.27,28900,15.1
2014-11-24,1.2615,1.3877,1.2531,1.3878,2900,16.5
2014-11-26,1.312,1.3456,1.2867,1.3457,9600,16
2014-11-28,1.3036,1.3456,1.3036,1.3457,2800,16
2014-12-01,1.3456,1.3456,1.3288,1.3289,800,15.8
2014-12-02,1.3456,1.3877,1.3456,1.3457,3200,16
2014-12-03,1.3036,1.4802,1.3036,1.3878,12900,16.5
2014-12-04,1.4045,1.4381,1.4045,1.4383,800,17.1
2014-12-05,1.3456,1.4381,1.3456,1.371,3845,16.3
2014-12-08,1.3456,1.3877,1.2615,1.3878,6500,16.5
2014-12-09,1.3036,1.3961,1.2783,1.2953,5600,15.4
2014-12-10,1.2783,1.354,1.2699,1.2784,5200,15.2
2014-12-11,1.2783,1.3456,1.1522,1.3289,12100,15.8
2014-12-12,1.3372,1.3456,1.3036,1.3037,7600,15.5
2014-12-15,1.3456,1.354,1.3456,1.3541,2500,16.1
2014-12-16,1.3204,1.4129,1.3036,1.413,22100,16.8
2014-12-17,1.4129,1.4297,1.3288,1.3878,9410,16.5
2014-12-18,1.3288,1.3961,1.3204,1.3457,13500,16
2014-12-19,1.3288,1.3624,1.3288,1.3457,15943,16
2014-12-22,1.3372,1.354,1.3204,1.3373,14700,15.9
2014-12-23,1.354,1.3624,1.3372,1.3457,3200,16
2014-12-24,1.3372,1.3708,1.3372,1.371,5710,16.3
2014-12-25,1.3877,1.3877,1.3288,1.3373,10400,15.9
2014-12-26,1.3456,1.3456,1.3204,1.3373,1900,15.9
2014-12-29,1.3624,1.3624,1.3372,1.3373,642,15.9
2014-12-30,1.354,1.354,1.3036,1.3457,18600,16
2014-12-31,1.3456,1.3624,1.3456,1.3626,2900,16.2
2015-01-05,1.3624,1.3792,1.354,1.3541,3800,16.1
2015-01-06,1.354,1.4129,1.3288,1.413,15415,16.8
2015-01-07,1.3456,1.4129,1.3456,1.413,1000,16.8
2015-01-08,1.3961,1.4129,1.3624,1.413,9400,16.8
2015-01-09,1.4129,1.4129,1.4045,1.4046,1300,16.7
2015-01-12,1.4129,1.4129,1.4045,1.4046,1100,16.7
2015-01-13,1.4129,1.4129,1.4129,1.413,100,16.8
2015-01-14,1.4297,1.4297,1.4129,1.413,500,16.8
2015-01-15,1.4129,1.4297,1.4129,1.4298,500,17
2015-01-16,1.4213,1.4213,1.4213,1.4214,100,16.9
2015-01-19,1.4045,1.4129,1.4045,1.4046,6100,16.7
2015-01-20,1.4297,1.4718,1.4213,1.4214,5800,16.9
2015-01-21,1.5138,1.5559,1.5138,1.556,2500,18.5
2015-01-22,1.5138,1.5138,1.4297,1.514,9700,18
2015-01-23,1.4297,1.5559,1.4213,1.4971,9900,17.8
2015-01-27,1.5054,1.5054,1.4297,1.4298,6915,17
2015-01-28,1.4297,1.4297,1.3961,1.4298,9900,17
2015-01-29,1.4297,1.4465,1.4297,1.4298,8300,17
2015-01-30,1.4297,1.4297,1.4297,1.4298,18800,17
2015-02-02,1.4297,1.4297,1.4297,1.4298,6300,17
2015-02-03,1.3877,1.4213,1.3372,1.3373,10900,15.9
2015-02-04,1.3372,1.3372,1.2447,1.3205,1600,15.7
2015-02-05,1.3036,1.3204,1.3036,1.3121,2600,15.6
2015-02-06,1.2615,1.3036,1.2615,1.27,6400,15.1
2015-02-09,1.2447,1.2951,1.2447,1.2616,2200,15
2015-02-10,1.2615,1.2615,1.1774,1.2616,5300,15
2015-02-11,1.2615,1.2867,1.2615,1.2869,3600,15.3
2015-02-12,1.2699,1.2699,1.2615,1.2616,2000,15
2015-02-13,1.2615,1.2783,1.2615,1.2784,6700,15.2
2015-02-24,1.2951,1.2951,1.2951,1.2953,2200,15.4
2015-02-25,1.1858,1.2951,1.1774,1.2196,7400,14.5
2015-02-26,1.2531,1.3036,1.2531,1.2953,12400,15.4
2015-02-27,1.3372,1.3456,1.3036,1.3373,3900,15.9
2015-03-02,1.3624,1.3877,1.2951,1.2953,6800,15.4
2015-03-03,1.2951,1.3372,1.2951,1.3121,32800,15.6
2015-03-04,1.3372,1.4213,1.3204,1.4214,10100,16.9
2015-03-05,1.3877,1.4381,1.3624,1.3626,6300,16.2
2015-03-06,1.4381,1.4381,1.3624,1.4214,11300,16.9
2015-03-09,1.4045,1.4465,1.3792,1.3878,14100,16.5
2015-03-10,1.4213,1.4213,1.4213,1.4214,700,16.9
2015-03-11,1.4381,1.4381,1.3624,1.371,7700,16.3
2015-03-12,1.4297,1.4718,1.4213,1.4719,8900,17.5
2015-03-13,1.5138,1.5138,1.4465,1.4467,5100,17.2
2015-03-16,1.4718,1.4718,1.4297,1.4383,5500,17.1
2015-03-17,1.3961,1.4129,1.3708,1.371,18800,16.3
2015-03-18,1.3708,1.3708,1.3288,1.3541,8900,16.1
2015-03-19,1.3204,1.354,1.3036,1.3541,9400,16.1
2015-03-20,1.3204,1.4129,1.3204,1.413,6800,16.8
2015-03-23,1.4129,1.4129,1.3204,1.413,3700,16.8
2015-03-24,1.3624,1.4045,1.3456,1.4046,7400,16.7
2015-03-26,1.3288,1.3288,1.3204,1.3289,7900,15.8
2015-03-27,1.3036,1.3288,1.2447,1.2448,10300,14.8
2015-03-30,1.2447,1.2447,1.2363,1.2448,2800,14.8
2015-03-31,1.2615,1.2615,1.2447,1.2616,5900,15
2015-04-01,1.2531,1.2531,1.2026,1.2027,1600,14.3
2015-04-02,1.2026,1.2195,1.2026,1.2027,1100,14.3
2015-04-03,1.2615,1.3036,1.2195,1.2532,600,14.9
2015-04-06,1.2363,1.2867,1.2363,1.2869,300,15.3
2015-04-07,1.2447,1.2447,1.2447,1.2448,300,14.8
2015-04-08,1.2615,1.2783,1.2615,1.2616,7800,15
2015-04-09,1.2615,1.2615,1.2615,1.2616,1000,15
2015-04-10,1.2615,1.2615,1.2615,1.2616,2130,15
2015-04-13,1.2615,1.2615,1.2447,1.2448,600,14.8
2015-04-14,1.2615,1.2615,1.2447,1.2448,1400,14.8
2015-04-15,1.2531,1.2531,1.2531,1.2532,1000,14.9
2015-04-16,1.2867,1.3708,1.2867,1.371,44200,16.3
2015-04-17,1.4381,1.5054,1.4381,1.5055,43757,17.9
2015-04-20,1.5979,1.6484,1.5979,1.6485,7600,19.6
2015-04-21,1.8082,1.8082,1.7241,1.7242,13100,20.5
2015-04-22,1.6736,1.6736,1.5559,1.556,9600,18.5
2015-04-23,1.4381,1.4465,1.4045,1.4298,13400,17
2015-04-24,1.4718,1.5727,1.4718,1.5728,4800,18.7
2015-04-27,1.64,1.64,1.64,1.6401,100,19.5
2015-05-05,1.64,1.64,1.64,1.6401,100,19.5
2015-05-06,1.4802,1.4802,1.4802,1.4803,1200,17.6
2015-05-07,1.4718,1.5306,1.4045,1.5308,700,18.2
2015-05-08,1.5643,1.682,1.5559,1.6233,20000,19.3
2015-05-11,1.5979,1.5979,1.5979,1.5981,700,19
2015-05-12,1.6484,1.6484,1.539,1.5981,9600,19
2015-05-13,1.5895,1.5895,1.5895,1.5896,1000,18.9
2015-05-14,1.5643,1.5727,1.539,1.5392,4000,18.3
2015-05-15,1.5138,1.5138,1.5138,1.514,100,18
2015-05-18,1.5138,1.5138,1.5138,1.514,5900,18
2015-05-19,1.5643,1.5643,1.5643,1.5644,100,18.6
2015-05-20,1.5559,1.5811,1.5138,1.5224,1200,18.1
2015-05-21,1.5222,1.5559,1.5138,1.556,3300,18.5
2015-05-22,1.5643,1.5643,1.5559,1.556,2000,18.5
2015-05-25,1.5474,1.5559,1.5474,1.556,1800,18.5
2015-05-26,1.5474,1.5559,1.5222,1.5224,1739,18.1
2015-05-27,1.5138,1.5559,1.5138,1.556,3000,18.5
2015-05-28,1.5222,1.5474,1.4297,1.5476,4300,18.4
2015-06-01,1.5306,1.5895,1.5306,1.5896,16400,18.9
2015-06-02,1.6147,1.7325,1.6147,1.7326,42310,20.6
2015-06-03,1.8502,1.9007,1.8502,1.9008,34229,22.6
2015-06-04,2.0184,2.0857,2.01,2.0607,36400,24.5
2015-06-05,2.0605,2.0605,2.0184,2.0186,21047,24
2015-06-08,1.9764,2.0184,1.9764,1.9765,11750,23.5
2015-06-09,1.9764,2.0184,1.9007,2.0186,24800,24
2015-06-10,1.9343,1.9511,1.9343,1.9429,11400,23.1
2015-06-11,1.9511,2.0016,1.9427,2.0018,6300,23.8
2015-06-12,2.0605,2.1866,1.9848,2.0186,3900,24
2015-06-15,2.0605,2.2202,2.0605,2.2205,35160,26.4
2015-06-16,2.2539,2.3548,2.2539,2.2962,38400,27.3
2015-06-17,2.2959,2.4389,2.2959,2.4223,34536,28.8
2015-06-18,2.3548,2.4389,2.3548,2.3634,17194,28.1
2015-06-19,2.3632,2.4305,2.3632,2.4307,3000,28.9
2015-06-22,2.3548,2.4389,2.3548,2.4307,6700,28.9
2015-06-23,2.3969,2.4305,2.3632,2.4307,27500,28.9
2015-06-24,2.4221,2.4221,2.4221,2.4223,6000,28.8
2015-06-25,2.4305,2.4305,2.4305,2.4307,206,28.9
2015-06-26,2.523,2.523,2.2791,2.4307,11773,28.9
2015-06-29,2.4305,2.4389,2.4305,2.4307,11500,28.9
2015-06-30,2.5398,2.5398,2.4305,2.5064,6700,29.8
2015-07-01,2.4978,2.5398,2.4978,2.5401,12800,30.2
2015-07-02,2.3212,2.523,2.3212,2.5233,11500,30
2015-07-03,2.3884,2.523,2.38,2.5233,13694,30
2015-07-06,2.4473,2.5651,2.4389,2.5569,12400,30.4
2015-07-07,2.5482,2.5566,2.523,2.5569,6000,30.4
2015-07-08,2.5566,2.5566,2.5398,2.5569,17800,30.4
2015-07-09,2.6828,2.6828,2.6828,2.6831,158,31.9
2015-07-10,2.6744,2.6744,2.4389,2.6746,21748,31.8
2015-07-13,2.6071,2.6071,2.6071,2.6074,2300,31
2015-07-14,2.4389,2.5651,2.4389,2.5653,7495,30.5
2015-07-15,2.5651,2.5651,2.3969,2.5653,6400,30.5
2015-07-16,2.5651,2.8174,2.5566,2.8176,12794,33.5
2015-07-17,2.7333,3.0949,2.6576,3.0868,9600,36.7
2015-07-20,2.9435,3.3892,2.7837,3.3812,31618,40.2
2015-07-21,3.1117,3.3724,3.1117,3.3727,6000,40.1
2015-07-22,3.364,3.4061,3.364,3.3896,6600,40.3
2015-07-23,3.3892,3.4061,3.3892,3.4064,7000,40.5
2015-07-24,3.0697,3.4061,3.0697,3.4064,5015,40.5
2015-07-28,3.364,3.3724,3.364,3.3643,17000,40
2015-07-29,3.6163,3.6163,3.4481,3.4484,3337,41
2015-07-30,3.364,3.364,3.364,3.3643,1900,40
2015-07-31,3.4902,3.5322,3.4902,3.5326,5000,42
2015-08-03,3.1958,3.1958,3.1958,3.1961,500,38
2015-08-05,3.2799,3.5154,3.2799,3.5157,600,41.8
2015-08-06,3.8602,3.8602,3.8602,3.8606,100,45.9
2015-08-07,3.8602,3.8602,3.8602,3.8606,11800,45.9
2015-08-10,3.5322,3.5322,3.4902,3.4905,8100,41.5
2015-08-11,3.5322,3.5406,3.5322,3.541,3200,42.1
2015-08-12,3.2042,3.5658,3.2042,3.5494,14700,42.2
2015-08-13,3.3724,3.6163,3.2379,3.6167,14700,43
2015-08-14,3.6247,3.9779,3.6163,3.6167,25300,43
2015-08-17,3.6331,3.9695,3.6247,3.9699,20900,47.2
2015-08-18,4.3648,4.3648,3.7088,3.8017,30400,45.2
2015-08-19,3.6668,4.0789,3.6668,4.0793,58300,48.5
2015-08-20,4.0957,4.0957,3.7172,3.8353,5700,45.6
2015-08-21,3.5574,3.6247,3.4565,3.4569,6900,41.1
2015-08-24,3.2126,3.4565,3.2042,3.4569,15900,41.1
2015-08-25,3.3388,3.4313,3.3388,3.4316,5000,40.8
2015-08-26,3.2883,3.7677,3.0949,3.7681,9300,44.8
2015-08-27,4.062,4.1041,3.8013,3.911,29500,46.5
2015-08-28,3.9107,4.2975,3.9107,4.2979,45000,51.1
2015-08-31,4.2807,4.2807,4.205,4.2559,27400,50.6
2015-09-01,4.2471,4.4237,4.205,4.4241,47543,52.6
2015-09-03,4.3732,4.4321,4.205,4.4325,39800,52.7
2015-09-04,4.4153,4.7096,4.4153,4.4746,33778,53.2
2015-09-07,4.39,4.6171,4.3143,4.4746,37320,53.2
2015-09-08,4.4741,4.7264,4.4573,4.7269,42600,56.2
2015-09-09,4.7096,4.7096,4.2555,4.7101,62630,56
2015-09-10,4.7096,4.8021,4.2386,4.8026,77414,57.1
2015-09-11,4.8021,4.8442,4.7432,4.7942,102515,57
2015-09-14,4.7937,4.8694,4.718,4.8446,98132,57.6
2015-09-15,4.8273,4.903,4.7853,4.8446,114000,57.6
2015-09-16,4.8442,4.8862,4.7769,4.8615,86632,57.8
2015-09-17,4.861,4.8946,4.8442,4.8531,91624,57.7
2015-09-18,4.8526,4.903,4.8526,4.8951,84500,58.2
2015-09-21,4.8442,4.9114,4.7432,4.8951,84032,58.2
2015-09-22,4.9018,4.9364,4.8587,4.9298,66400,57.1
2015-09-23,4.9191,4.9277,4.8242,4.9039,47600,56.8
2015-09-24,4.9105,4.9968,4.9105,4.9643,78524,57.5
2015-09-25,4.945,4.9623,4.4703,4.9298,99376,57.1
2015-09-28,4.9277,4.9623,4.4358,4.9039,70934,56.8
2015-09-29,4.876,4.876,4.5308,4.878,38800,56.5
2015-09-30,4.876,4.9968,4.6688,4.9988,93847,57.9
2015-10-01,5.0227,5.0399,4.9536,4.9988,44800,57.9
2015-10-02,4.9968,5.4887,4.9709,5.491,110519,63.6
2015-10-05,5.3592,5.5922,5.3075,5.5946,59972,64.8
2015-10-06,5.4455,5.9633,5.4455,5.9399,107298,68.8
2015-10-07,5.7994,5.9633,5.3506,5.5859,179919,64.7
2015-10-08,5.5405,5.7303,5.0313,5.7327,95100,66.4
2015-10-09,5.5318,5.8253,5.1607,5.1974,101980,60.2
2015-10-12,5.2212,5.4369,5.1953,5.2147,146231,60.4
2015-10-13,5.2729,5.411,5.2125,5.3356,73100,61.8
2015-10-14,5.3075,5.3592,5.2039,5.2579,46387,60.9
2015-10-15,5.2212,5.3075,5.178,5.1888,46200,60.1
2015-10-16,5.3075,5.3075,5.1435,5.1888,101813,60.1
2015-10-19,5.1866,5.2384,5.1349,5.1629,65700,59.8
2015-10-20,5.109,5.2729,4.7034,5.137,95552,59.5
2015-10-21,5.1349,5.1866,5.0313,5.1111,56700,59.2
2015-10-22,5.0227,5.2557,4.876,5.1974,124100,60.2
2015-10-23,5.1953,5.2988,5.109,5.301,58105,61.4
2015-10-26,5.2988,5.3592,5.178,5.1974,63800,60.2
2015-10-27,5.1953,5.2729,5.0486,5.1629,67533,59.8
2015-10-28,5.0917,5.3333,5.0572,5.1456,92900,59.6
2015-10-29,5.1435,5.2384,5.0054,5.1974,79300,60.2
2015-10-30,5.1953,5.2729,5.1176,5.2751,52900,61.1
2015-11-02,5.2643,5.3247,5.1953,5.2061,104915,60.3
2015-11-03,5.7187,5.7187,5.3518,5.7197,107600,26.5
2015-11-04,6.2798,6.2798,5.7834,6.2809,259800,29.1
2015-11-05,6.3661,6.733,6.3661,6.5184,176000,30.2
2015-11-06,6.5819,6.8193,6.5172,6.5399,157500,30.3
2015-11-09,6.5387,6.5387,6.3014,6.432,96115,29.8
2015-11-10,6.3661,6.3661,6.2582,6.3025,40700,29.2
2015-11-11,6.3014,6.3014,6.1071,6.2593,117000,29
2015-11-12,6.1719,6.6682,6.064,6.6694,161000,30.9
2015-11-13,6.6682,7.143,6.3877,6.9716,152100,32.3
2015-11-16,6.9703,7.1214,6.7114,6.9932,127000,32.4
2015-11-17,6.9919,7.2077,6.7977,7.209,216900,33.4
2015-11-18,7.1214,7.2077,6.884,7.1227,53900,33
2015-11-19,7.1214,7.2077,6.8624,7.0148,75700,32.5
2015-11-20,6.8624,7.0135,6.6035,6.691,112300,31
2015-11-23,6.6898,6.6898,6.0208,6.0219,94900,27.9
2015-11-24,5.5029,5.5029,5.4382,5.4392,43300,25.2
2015-11-25,4.8987,5.2439,4.8987,4.9859,236600,23.1
2015-11-26,4.985,5.0281,4.7692,4.878,185900,22.6
2015-11-27,4.8771,5.3518,4.8771,5.3528,167400,24.8
2015-11-30,5.5029,5.8482,4.8339,4.9427,157000,22.9
2015-12-01,5.0066,5.0281,4.8771,4.878,114600,22.6
2015-12-02,4.9634,4.9634,4.4239,4.4247,131995,20.5
2015-12-03,4.4239,4.7476,3.9923,3.993,392350,18.5
2015-12-04,4.316,4.316,3.9923,3.993,270700,18.5
2015-12-07,4.2081,4.316,3.9923,3.993,318717,18.5
2015-12-08,4.2297,4.3807,4.1002,4.3815,105100,20.3
2015-12-09,4.8123,4.8123,4.6829,4.8132,97100,22.3
2015-12-10,4.8123,5.0713,4.7692,4.7701,68910,22.1
2015-12-11,4.6829,5.0281,4.4239,4.9427,103400,22.9
2015-12-14,4.9634,5.1145,4.9634,5.0722,183700,23.5
2015-12-15,5.1576,5.1792,4.9634,4.9643,141900,23
2015-12-16,5.2008,5.2008,4.9634,4.9859,178200,23.1
2015-12-17,5.0281,5.0281,4.9202,4.9427,114600,22.9
2015-12-18,4.9634,4.9634,4.8555,4.9211,21400,22.8
2015-12-21,4.5965,5.0929,4.4455,4.6406,47510,21.5
2015-12-22,4.575,4.9634,4.575,4.6621,60800,21.6
2015-12-23,4.9634,4.9634,4.6829,4.9643,40600,23
2015-12-24,4.4886,5.0281,4.4886,5.0291,8015,23.3
2015-12-25,4.9634,5.0066,4.8555,4.8564,19600,22.5
2015-12-28,4.8555,4.8555,4.8555,4.8564,2600,22.5
2015-12-29,4.8555,5.0713,4.8555,5.0722,8400,23.5
2015-12-30,5.0713,5.0713,4.8555,4.9643,17700,23
2015-12-31,4.9634,4.9634,4.9634,4.9643,10720,23
2016-01-04,4.9418,5.0713,4.4671,4.9211,18600,22.8
2016-01-05,5.0497,5.0497,5.0497,5.0506,1500,23.4
2016-01-06,4.8987,5.0929,4.8987,5.0938,30700,23.6
2016-01-07,4.8987,5.1792,4.8987,5.0075,33800,23.2
2016-01-08,4.9634,5.1792,4.9418,5.0075,32005,23.2
2016-01-11,4.8123,5.1792,4.8123,5.1802,48000,24
2016-01-12,5.0929,5.2871,5.0929,5.2665,52000,24.4
2016-01-13,5.2871,5.3518,5.0713,5.3097,46200,24.6
2016-01-14,5.2655,5.395,5.2439,5.396,51400,25
2016-01-15,5.395,5.6108,5.2008,5.2233,68200,24.2
2016-01-18,5.136,5.2224,4.7044,5.2233,57800,24.2
2016-01-19,5.3518,5.3518,4.985,5.3312,35500,24.7
2016-01-20,5.2871,5.5029,5.136,5.5039,59200,25.5
2016-01-21,5.3518,5.4382,5.2224,5.396,28600,25
2016-01-22,5.395,5.395,5.2008,5.396,26700,25
2016-01-25,5.3087,5.4166,5.2439,5.4176,30900,25.1
2016-01-26,5.4166,5.4166,5.2439,5.396,25100,25
2016-01-27,5.3303,5.3734,5.2224,5.2881,95100,24.5
2016-01-28,5.2871,5.5029,5.1792,5.5039,145700,25.5
2016-01-29,5.395,5.4597,5.2871,5.396,77200,25
2016-02-01,5.3518,5.395,5.1792,5.3528,100200,24.8
2016-02-02,5.2871,5.3734,5.2008,5.3744,86000,24.9
2016-02-03,5.3734,5.3734,5.1792,5.3744,73900,24.9
2016-02-04,5.3734,5.4597,5.2439,5.396,64100,25
2016-02-05,5.1792,5.5029,5.1792,5.5039,23600,25.5
2016-02-15,5.5029,5.5892,5.5029,5.5039,58700,25.5
2016-02-16,5.5029,5.8913,5.4166,5.8924,123530,27.3
2016-02-17,5.9345,6.0424,5.8913,6.0219,174900,27.9
2016-02-18,6.0208,6.0424,5.8913,5.9788,60500,27.7
2016-02-19,5.9777,6.1503,5.805,5.914,102400,27.4
2016-02-22,5.9561,5.9992,5.8266,5.9788,124720,27.7
2016-02-23,5.9777,6.0856,5.8913,5.9788,140800,27.7
2016-02-24,5.9345,6.0208,5.8698,6.0003,210600,27.8
2016-02-25,6.0208,6.2582,5.9345,6.1298,196600,28.4
2016-02-26,6.1287,6.1503,6.064,6.0651,127300,28.1
2016-02-29,6.0856,6.0856,6.0208,6.0219,69300,27.9
2016-03-01,6.0208,6.0208,5.6324,5.914,263400,27.4
2016-03-02,5.9129,6.2366,5.7834,6.0219,565700,27.9
2016-03-03,6.0208,6.0856,5.7834,6.0219,259400,27.9
2016-03-04,5.9345,6.064,5.7834,5.9572,213600,27.6
2016-03-07,5.9561,6.0424,5.9561,6.0219,227800,27.9
2016-03-08,6.0208,6.0424,5.9992,6.0219,182937,27.9
2016-03-09,6.0208,6.0424,5.9561,6.0219,90800,27.9
2016-03-10,6.0208,6.6035,6.0208,6.6047,385950,30.6
2016-03-11,6.7545,7.0567,6.6251,6.7558,245437,31.3
2016-03-14,6.7545,7.2293,6.7545,6.8205,252100,31.6
2016-03-15,6.8193,6.8193,6.5387,6.5399,195400,30.3
2016-03-16,6.5387,6.6682,6.3877,6.4752,211100,30
2016-03-17,6.3877,6.474,6.2582,6.2593,199800,29
2016-03-18,6.1503,6.4308,5.9561,6.2162,192000,28.8
2016-03-21,6.215,6.3877,6.215,6.3457,231200,29.4
2016-03-22,6.3445,6.3445,6.215,6.2378,310500,28.9
2016-03-23,6.3661,6.6682,6.0856,6.6694,173100,30.9
2016-03-24,6.6682,7.3156,6.5387,7.317,422700,33.9
2016-03-25,7.3156,7.553,7.2293,7.2954,120600,33.8
2016-03-28,7.3372,7.3372,7.1214,7.209,101124,33.4
2016-03-29,7.2077,7.3156,7.1214,7.2954,230636,33.8
2016-03-30,7.294,7.3372,7.1214,7.2954,91675,33.8
2016-03-31,7.2293,7.294,7.1214,7.1227,273100,33
2016-04-01,7.1214,7.3372,6.9056,7.0148,244059,32.5
2016-04-04,7.0135,7.0135,6.7977,6.7989,139900,31.5
2016-04-05,6.7977,6.9488,6.7977,6.7989,50849,31.5
2016-04-06,6.7977,6.7977,6.6035,6.7989,105078,31.5
2016-04-07,6.7977,6.884,6.7977,6.8853,139865,31.9
2016-04-08,6.884,7.0135,6.8409,6.9716,133534,32.3
2016-04-11,6.9703,7.1214,6.9703,7.058,143255,32.7
2016-04-12,7.0567,7.0998,6.9056,6.9069,126800,32
2016-04-13,6.9056,7.0135,6.8624,6.9069,65240,32
2016-04-14,6.9056,6.9272,6.6035,6.8637,165417,31.8
2016-04-15,6.7977,6.9056,6.6898,6.691,93000,31
2016-04-19,6.733,6.7761,6.6035,6.7342,76240,31.2
2016-04-20,6.733,6.7977,6.6898,6.7774,110206,31.4
2016-04-21,6.733,6.884,6.733,6.7989,106700,31.5
2016-04-22,6.8409,7.1214,6.8409,7.0795,129700,32.8
2016-04-25,7.0782,7.3156,6.9056,7.2522,150900,33.6
2016-04-26,7.2509,7.553,7.2509,7.2954,131450,33.8
2016-04-27,7.3372,7.6177,7.294,7.4465,185700,34.5
2016-04-28,7.4451,7.7041,7.3372,7.3385,180800,34
2016-04-29,7.3372,7.4235,7.0135,7.0148,168800,32.5
2016-05-04,7.0135,7.2293,6.9272,7.0148,176400,32.5
2016-05-05,7.0351,7.3372,7.0351,7.1227,135400,33
2016-05-06,7.1861,7.294,7.0782,7.2306,183419,33.5
2016-05-09,7.2509,7.4667,7.2293,7.2954,159731,33.8
2016-05-10,7.2509,7.3372,7.1646,7.1659,114400,33.2
2016-05-11,7.1646,7.294,7.1214,7.2306,142500,33.5
2016-05-12,7.2293,7.2293,6.9056,6.9069,93400,32
2016-05-13,6.884,7.0782,6.8624,6.8853,145420,31.9
2016-05-16,6.9056,7.1214,6.9056,7.1227,162900,33
2016-05-17,7.1214,7.4883,7.1214,7.3385,171400,34
2016-05-18,7.3372,7.553,7.2509,7.4896,193500,34.7
2016-05-19,7.4019,7.553,7.3372,7.4896,74300,34.7
2016-05-20,7.4883,7.553,7.294,7.4896,80700,34.7
2016-05-23,7.4883,7.4883,7.3372,7.3385,56900,34
2016-05-24,7.3372,7.4019,7.2293,7.2954,81000,33.8
2016-05-25,7.2293,7.4019,7.2293,7.3385,85700,34
2016-05-26,7.3372,7.5098,7.3372,7.4465,149500,34.5
2016-05-27,7.4451,7.4451,7.2725,7.3817,89600,34.2
2016-05-30,7.3804,7.3804,7.294,7.3385,117200,34
2016-05-31,7.3372,7.3372,7.2509,7.3385,89700,34
2016-06-01,7.3372,7.4451,7.2293,7.3385,88209,34
2016-06-02,7.3372,7.553,7.2509,7.5544,130500,35
2016-06-03,7.4451,7.6393,7.3372,7.3385,111400,34
2016-06-06,7.3842,7.6028,7.3356,7.4352,81702,30.6
2016-06-07,7.4327,7.5299,7.4085,7.4352,120900,30.6
2016-06-08,7.3842,7.5299,7.3113,7.4352,111000,30.6
2016-06-09,7.4327,7.4327,7.287,7.4352,111600,30.6
2016-06-10,7.4327,7.4327,7.1656,7.3623,91560,30.3
2016-06-13,7.3599,7.4085,7.2384,7.2894,97900,30
2016-06-14,7.287,7.3842,7.1656,7.2408,97100,29.8
2016-06-15,7.2384,7.4327,7.2384,7.3866,117700,30.4
2016-06-16,7.3842,7.3842,7.1898,7.2894,108800,30
2016-06-17,7.1898,7.2384,7.1898,7.2408,57800,29.8
2016-06-20,7.2384,7.287,7.2384,7.2651,103160,29.9
2016-06-21,7.2627,7.4327,7.2627,7.3137,102400,30.1
2016-06-22,7.2384,7.3113,7.1898,7.2651,101000,29.9
2016-06-23,7.2627,7.2627,7.117,7.1193,104030,29.3
2016-06-24,7.117,7.2141,6.9469,7.1193,65800,29.3
2016-06-27,7.0441,7.4085,7.0441,7.2894,124500,30
2016-06-28,7.1656,7.4813,7.0441,7.4838,131600,30.8
2016-06-29,7.4813,7.6514,7.3356,7.6539,113100,31.5
2016-06-30,7.5785,7.87,7.5785,7.8726,137830,32.4
2016-07-01,7.7728,8.1129,7.7728,7.9698,118200,32.8
2016-07-04,7.9671,8.04,7.8943,7.8969,102600,32.5
2016-07-05,7.8214,8.1129,7.8214,7.9698,101600,32.8
2016-07-06,7.9671,8.1129,7.5785,8.0184,130909,33
2016-07-07,7.9671,8.0157,7.8457,8.0184,105600,33
2016-07-08,8.0157,8.0157,7.7242,7.8969,98715,32.5
2016-07-11,7.8943,7.9914,7.7728,7.9455,137775,32.7
2016-07-12,7.9428,7.9671,7.8457,7.9698,103000,32.8
2016-07-13,7.9671,7.9671,7.8457,7.9455,96727,32.7
2016-07-14,7.7728,7.9914,7.7728,7.9698,99920,32.8
2016-07-15,7.9671,7.9914,7.8457,7.9941,144010,32.9
2016-07-18,7.9185,7.9428,7.7728,7.9212,69322,32.6
2016-07-19,7.9671,8.0886,7.9185,8.0913,101382,33.3
2016-07-20,8.0886,8.0886,7.87,8.0184,93500,33
2016-07-21,8.0157,8.04,7.8943,8.0184,112970,33
2016-07-22,8.0157,8.0157,7.7728,7.824,103000,32.2
2016-07-25,7.8457,7.8943,7.7242,7.824,105719,32.2
2016-07-26,7.8214,7.8214,7.6271,7.7268,103820,31.8
2016-07-27,7.7242,7.7485,7.6514,7.7511,107951,31.9
2016-07-28,7.7485,7.7485,7.6028,7.6053,121000,31.3
2016-07-29,7.6028,7.6271,7.5299,7.5324,101240,31
2016-08-01,7.5542,7.6271,7.4813,7.5324,102275,31
2016-08-02,7.5056,7.5542,7.4327,7.4352,106880,30.6
2016-08-03,7.4085,7.457,7.3356,7.3623,101100,30.3
2016-08-04,7.3356,7.3842,7.287,7.2894,90915,30
2016-08-05,7.2384,7.4813,7.1656,7.4838,127620,30.8
2016-08-08,7.4085,7.6756,7.3113,7.6782,118400,31.6
2016-08-09,7.6028,7.7728,7.5785,7.7754,83009,32
2016-08-10,7.7485,7.87,7.6756,7.7754,130870,32
2016-08-11,7.7728,7.8214,7.6028,7.6296,126500,31.4
2016-08-12,7.6271,7.6514,7.457,7.5081,77675,30.9
2016-08-15,7.4327,7.5056,7.3356,7.4838,97700,30.8
2016-08-16,7.457,7.5785,7.457,7.5567,85300,31.1
2016-08-17,7.5542,7.6028,7.5056,7.6053,88525,31.3
2016-08-18,7.6028,7.6514,7.5056,7.5324,108240,31
2016-08-19,7.5056,7.5299,7.4085,7.4352,85900,30.6
2016-08-22,7.4085,7.4327,7.3356,7.3866,126000,30.4
2016-08-23,7.3599,7.4327,7.3113,7.4109,133800,30.5
2016-08-24,7.4327,7.5785,7.3842,7.5567,130920,31.1
2016-08-25,7.5785,7.6514,7.5056,7.5567,112570,31.1
2016-08-26,7.5542,7.6756,7.5056,7.6053,111905,31.3
2016-08-29,7.5785,7.6756,7.5056,7.6053,186500,31.3
2016-08-30,7.5785,7.6028,7.4813,7.5081,108030,30.9
2016-08-31,7.4813,7.5056,7.3599,7.4352,129500,30.6
2016-09-01,7.4085,7.5056,7.3599,7.4838,133300,30.8
2016-09-05,7.457,7.6271,7.3842,7.6053,146500,31.3
2016-09-06,7.5785,7.7971,7.5299,7.7754,145440,32
2016-09-07,7.7971,7.8214,7.7485,7.7754,92635,32
2016-09-08,7.7728,7.9185,7.7485,7.8969,146145,32.5
2016-09-09,7.8943,8.0157,7.8457,7.9455,152900,32.7
2016-09-12,7.9428,7.9914,7.8457,7.8726,173900,32.4
2016-09-13,7.8943,7.9428,7.6999,7.7754,143300,32
2016-09-14,7.7485,7.7728,7.6028,7.6296,132000,31.4
2016-09-15,7.6028,7.6271,7.5299,7.581,181045,31.2
2016-09-16,7.5785,7.6999,7.5299,7.6782,172800,31.6
2016-09-19,7.6756,7.9671,7.6271,7.9698,158100,32.8
2016-09-20,7.9914,8.0643,7.9671,8.0427,185210,33.1
2016-09-21,8.04,8.2586,8.0157,8.2127,183800,33.8
2016-09-22,8.21,8.3072,8.1372,8.1641,207000,33.6
2016-09-23,8.1372,8.1857,8.0157,8.0427,172800,33.1
2016-09-26,8.0157,8.2343,7.9671,8.2127,223510,33.8
2016-09-27,8.2586,8.5015,8.21,8.4557,205796,34.8
2016-09-28,8.4529,8.5744,8.4043,8.5529,203602,35.2
2016-09-29,8.5744,8.623,8.4772,8.5286,252486,35.1
2016-09-30,8.5258,8.5258,8.4286,8.4557,179400,34.8
2016-10-03,8.4286,8.4529,8.3315,8.3585,180470,34.4
2016-10-04,8.3558,8.4529,8.2829,8.3828,194205,34.5
2016-10-05,8.4043,8.4529,8.3558,8.3828,214900,34.5
2016-10-06,8.3801,8.4043,8.2343,8.2613,204690,34
2016-10-07,8.2586,8.3072,8.1129,8.1641,158750,33.6
2016-10-10,8.1614,8.21,8.04,8.067,208200,33.2
2016-10-11,8.0643,8.2829,8.04,8.2856,211200,34.1
2016-10-12,8.2829,8.4772,8.2586,8.48,177580,34.9
2016-10-13,8.4772,8.5501,8.4286,8.5043,172200,35
2016-10-14,8.5015,8.5258,8.2829,8.3342,225339,34.3
2016-10-17,8.3315,8.3558,8.1614,8.2127,179300,33.8
2016-10-18,8.1857,8.2586,8.1372,8.2127,121100,33.8
2016-10-19,8.1857,8.2829,8.1857,8.2613,191600,34
2016-10-20,8.2343,8.4043,8.2343,8.3099,191330,34.2
2016-10-21,8.2829,8.3315,8.1857,8.2127,131100,33.8
2016-10-24,8.1857,8.2343,8.1129,8.1156,156500,33.4
2016-10-25,8.1129,8.1372,8.04,8.0913,190494,33.3
2016-10-26,8.0886,8.21,8.04,8.2127,155000,33.8
2016-10-27,8.21,8.3558,8.21,8.3342,170460,34.3
2016-10-28,8.3558,8.4529,8.3315,8.4071,199911,34.6
2016-10-31,8.4043,8.4286,8.2829,8.2856,152567,34.1
2016-11-01,8.2829,8.3315,8.1857,8.2127,144070,33.8
2016-11-02,8.1857,8.2343,8.1129,8.1156,159100,33.4
2016-11-03,8.1129,8.1857,8.04,8.1884,171255,33.7
2016-11-04,8.1857,8.2829,8.1614,8.2856,161919,34.1
2016-11-07,8.2829,8.3558,8.2343,8.3342,161818,34.3
2016-11-08,8.3072,8.3801,8.2343,8.2613,183720,34
2016-11-09,8.2829,8.2829,8.1614,8.1884,123110,33.7
2016-11-10,8.1857,8.2343,8.1129,8.2127,210318,33.8
2016-11-11,8.1857,8.2343,8.1129,8.2127,233000,33.8
2016-11-14,8.1857,8.4772,8.1614,8.48,382530,34.9
2016-11-15,8.5015,8.623,8.4529,8.6015,322300,35.4
2016-11-16,8.5501,8.623,8.4286,8.4314,278841,34.7
2016-11-17,8.4043,8.5744,8.3072,8.5772,400710,35.3
2016-11-18,8.5987,8.7444,8.5501,8.7473,415400,36
2016-11-21,8.793,8.793,8.6472,8.723,326350,35.9
2016-11-22,8.6958,8.7687,8.6472,8.6501,247940,35.6
2016-11-23,8.623,8.6715,8.5501,8.5772,270236,35.3
2016-11-24,8.5501,8.6715,8.5258,8.6501,307100,35.6
2016-11-25,8.6472,8.6958,8.5987,8.6744,223900,35.7
2016-11-28,8.6715,8.6715,8.5987,8.6258,184100,35.5
2016-11-29,8.623,8.6715,8.5987,8.6744,171300,35.7
2016-11-30,8.6715,8.7687,8.6472,8.7716,274200,36.1
2016-12-01,8.7687,8.8659,8.7444,8.8688,205726,36.5
2016-12-02,8.8416,8.8901,8.7444,8.7473,250700,36
2016-12-05,8.7201,8.7444,8.5744,8.6015,167600,35.4
2016-12-06,8.5744,8.5987,8.5258,8.5529,148800,35.2
2016-12-07,8.5501,8.5987,8.5501,8.6015,138800,35.4
2016-12-08,8.5744,8.6472,8.5744,8.6258,128320,35.5
2016-12-09,8.623,8.6472,8.5987,8.6015,158900,35.4
2016-12-12,8.5744,8.5987,8.5015,8.5286,184200,35.1
2016-12-13,8.5258,8.5501,8.3801,8.4071,145400,34.6
2016-12-14,8.4043,8.4286,8.3315,8.3585,268820,34.4
2016-12-15,8.3558,8.5987,8.3315,8.6015,353920,35.4
2016-12-16,8.5987,8.7201,8.5744,8.6987,256520,35.8
2016-12-19,8.6958,8.7201,8.623,8.6744,244438,35.7
2016-12-20,8.6715,8.6958,8.5744,8.6258,240910,35.5
2016-12-21,8.5987,8.9387,8.5987,8.9417,380030,36.8
2016-12-22,8.9387,8.9873,8.7444,8.7473,324300,36
2016-12-23,8.7201,8.7444,8.5987,8.6258,225918,35.5
2016-12-26,8.623,8.6472,8.5501,8.6258,200530,35.5
2016-12-27,8.6472,8.6715,8.5744,8.6015,205400,35.4
2016-12-28,8.623,8.6715,8.5744,8.6501,198418,35.6
2016-12-29,8.623,8.6715,8.5258,8.5286,204400,35.1
2016-12-30,8.5501,8.5744,8.4286,8.4314,152700,34.7
2017-01-03,8.4286,8.5258,8.4286,8.48,201168,34.9
2017-01-04,8.4529,8.5258,8.3801,8.3828,155500,34.5
2017-01-05,8.3801,8.4043,8.2829,8.3099,172200,34.2
2017-01-06,8.3072,8.4529,8.3072,8.4557,342668,34.8
2017-01-09,8.4529,8.6958,8.4043,8.6987,203500,35.8
2017-01-10,8.7201,8.7444,8.6472,8.6987,208000,35.8
2017-01-11,8.7201,8.7201,8.5987,8.6501,241500,35.6
2017-01-12,8.5987,8.6715,8.5987,8.6258,227300,35.5
2017-01-13,8.623,8.623,8.5258,8.5529,187500,35.2
2017-01-16,8.3558,8.5744,8.3558,8.4314,172200,34.7
2017-01-17,8.4286,8.5258,8.4043,8.48,184668,34.9
2017-01-18,8.4772,8.5258,8.4529,8.5043,153800,35
2017-01-19,8.5015,8.5258,8.4286,8.4557,140800,34.8
2017-01-20,8.4529,8.5501,8.4286,8.48,154900,34.9
2017-01-23,8.4772,8.5987,8.4772,8.5772,184111,35.3
2017-01-24,8.5501,8.6472,8.5501,8.6015,197600,35.4
2017-01-25,8.5744,8.5987,8.4286,8.4557,139800,34.8
2017-02-02,8.4529,8.4772,8.3315,8.3342,143800,34.3
2017-02-03,8.3315,8.4286,8.3072,8.3828,311500,34.5
2017-02-06,8.3801,8.5258,8.3315,8.5043,300300,35
2017-02-07,8.5015,8.623,8.4772,8.5772,220350,35.3
2017-02-08,8.5744,8.5744,8.4286,8.5529,220409,35.2
2017-02-09,8.5501,8.5744,8.4286,8.5286,182100,35.1
2017-02-10,8.5258,8.7201,8.4772,8.6987,211250,35.8
2017-02-13,8.6715,8.8416,8.623,8.7716,182609,36.1
2017-02-14,8.7687,8.8173,8.6958,8.7959,149114,36.2
2017-02-15,8.793,8.9387,8.7444,8.8931,187149,36.6
2017-02-16,8.8901,9.0359,8.8659,8.9903,173501,37
2017-02-17,8.9873,9.0359,8.9387,8.966,134800,36.9
2017-02-20,8.963,9.0602,8.9387,9.0146,157800,37.1
2017-02-21,9.0116,9.2302,8.9144,9.209,228336,37.9
2017-02-22,9.1816,9.3274,9.1573,9.2819,166300,38.2
2017-02-23,9.2302,9.3031,8.9387,9.1361,282700,37.6
2017-02-24,9.1573,9.4002,9.0359,9.379,227700,38.6
2017-02-27,9.3517,9.6431,9.2788,9.5977,219930,39.5
2017-02-28,9.5946,9.886,9.5217,9.7192,293510,40
2017-03-01,9.5946,9.6674,9.2302,9.3548,227101,38.5
2017-03-02,9.3274,9.4002,9.1816,9.2576,179400,38.1
2017-03-03,9.2302,9.3031,9.0359,9.1118,149800,37.5
2017-03-06,9.1088,9.2302,9.0602,9.1847,196305,37.8
2017-03-07,9.1816,9.2302,8.963,9.0632,240600,37.3
2017-03-08,9.0602,9.4974,8.9873,9.4519,378200,38.9
2017-03-09,9.4245,9.8617,9.2302,9.8407,429105,40.5
2017-03-10,9.7889,10.6876,9.5946,9.865,551000,40.6
2017-03-13,9.716,9.9346,9.4002,9.6949,567600,39.9
2017-03-14,9.5946,10.1046,9.3517,10.0837,543331,41.5
2017-03-15,9.9589,10.3718,9.716,10.2781,386201,42.3
2017-03-16,10.2018,10.5904,10.0804,10.4482,508200,43
2017-03-17,10.299,10.639,10.0318,10.0594,495720,41.4
2017-03-20,9.9589,10.1046,9.6674,9.6706,350200,39.8
2017-03-21,9.6917,10.1289,9.3759,10.108,614601,41.6
2017-03-22,10.0804,10.2504,9.9589,10.1323,321800,41.7
2017-03-23,10.1046,10.4933,10.0561,10.4968,337810,43.2
2017-03-24,10.4933,10.5176,10.3233,10.4725,246400,43.1
2017-03-27,10.469,10.6633,10.4204,10.6425,273800,43.8
2017-03-28,10.6147,10.7605,10.5176,10.5697,281500,43.5
2017-03-29,10.5662,10.7362,10.469,10.4968,346700,43.2
2017-03-30,10.4447,10.5419,10.0561,10.0594,280301,41.4
2017-03-31,10.0561,10.1289,9.716,9.7435,315040,40.1
2017-04-03,9.716,9.7403,9.3517,9.5977,425500,39.5
2017-04-04,9.5946,9.716,9.4002,9.7192,366900,40
2017-04-05,9.9103,9.9589,9.3274,9.4519,463245,38.9
2017-04-07,9.546,9.5946,9.2302,9.2333,428100,38
2017-04-10,9.2302,9.2788,9.0359,9.0389,538530,37.2
2017-04-11,9.0516,9.9091,8.8928,9.9111,546820,31.2
2017-04-12,10.0044,10.0679,9.4962,9.5299,576025,30
2017-04-13,9.4962,9.5598,9.2739,9.2758,508741,29.2
2017-04-14,9.3692,9.8774,9.1151,9.7205,588460,30.6
2017-04-17,9.7186,9.9726,9.4962,9.8793,592900,31.1
2017-04-18,9.8774,10.0997,9.6868,9.9429,554913,31.3
2017-04-19,9.8774,9.9726,9.528,9.784,705640,30.8
2017-04-20,9.7186,9.9091,9.5598,9.7523,412400,30.7
2017-04-21,9.7503,10.0997,9.6233,9.9746,467613,31.4
2017-04-24,9.9726,10.0997,9.8456,9.8793,361703,31.1
2017-04-25,9.8774,9.8774,9.655,9.8158,412407,30.9
2017-04-26,9.8138,9.8456,9.528,9.5299,529300,30
2017-04-27,9.528,9.6868,9.4327,9.6252,614900,30.3
2017-04-28,9.6233,9.655,9.3692,9.4981,581040,29.9
2017-05-03,9.4962,9.5915,9.2104,9.4664,652400,29.8
2017-05-04,9.4962,9.528,9.0834,9.1487,515200,28.8
2017-05-05,9.1469,9.3374,8.9881,9.0852,481500,28.6
2017-05-08,9.0834,9.5598,9.0198,9.4028,609500,29.6
2017-05-09,9.401,9.4962,9.1786,9.2758,494650,29.2
2017-05-10,9.2422,9.4645,9.2104,9.3711,498600,29.5
2017-05-11,9.3692,9.5915,9.3374,9.4981,498700,29.9
2017-05-12,9.4962,9.655,9.4327,9.5299,451300,30
2017-05-15,9.528,9.5598,9.3692,9.4028,396800,29.6
2017-05-16,9.401,9.4645,9.3374,9.3711,356800,29.5
2017-05-17,9.401,9.4645,9.3057,9.3711,320700,29.5
2017-05-18,9.3692,9.9726,9.3057,9.9111,613300,31.2
2017-05-19,9.9091,10.1314,9.9091,10.1335,743200,31.9
2017-05-22,10.1314,10.6714,10.0997,10.4511,753173,32.9
2017-05-23,10.4808,11.0207,10.1632,10.7688,648300,33.9
2017-05-24,10.6714,10.7666,10.0679,10.1652,530500,32
2017-05-25,10.1314,10.2267,9.7186,9.9111,764607,31.2
2017-05-26,9.8774,10.0362,9.7186,9.9429,733687,31.3
2017-05-29,9.9091,10.195,9.7821,10.1652,774005,32
2017-05-30,10.0997,10.195,9.8138,9.8476,777025,31
2017-05-31,9.8456,9.9726,9.3692,9.4664,970403,29.8
2017-06-01,9.3692,9.4962,9.0198,9.1487,963740,28.8
2017-06-02,9.1469,9.2739,8.4799,9.0534,1056729,28.5
2017-06-05,8.8928,9.3057,8.734,9.2122,820108,29
2017-06-06,9.3374,9.4327,8.7022,8.8628,905351,27.9
2017-06-07,8.9563,9.0834,8.4799,8.7357,1032977,27.5
2017-06-08,8.8293,8.8293,7.8765,7.878,1272138,24.8
2017-06-09,7.8765,8.2576,7.1142,7.9416,1292655,25
2017-06-12,8.0353,8.2576,7.6224,7.8463,1129152,24.7
2017-06-13,7.8447,7.94,7.5589,7.7192,1147550,24.3
2017-06-14,7.6859,7.813,7.4636,7.4969,1112410,23.6
2017-06-15,7.4954,7.5589,7.273,7.4969,960902,23.6
2017-06-16,7.4636,7.7494,7.4636,7.7192,1201596,24.3
2017-06-19,7.7177,7.9082,7.5271,7.751,1191460,24.4
2017-06-20,7.8765,7.9718,7.4636,7.6557,1101920,24.1
2017-06-21,7.6542,7.94,7.3366,7.4016,692510,23.3
2017-06-22,7.4001,7.6542,7.3048,7.6557,754429,24.1
2017-06-23,7.6542,7.7177,7.4001,7.5604,624120,23.8
2017-06-26,7.5589,7.7177,7.3048,7.4333,1010668,23.4
2017-06-27,7.4954,7.5589,7.273,7.3698,770200,23.2
2017-06-28,7.4954,7.5271,7.3048,7.4333,989000,23.4
2017-06-29,7.4001,7.4954,7.2413,7.338,988660,23.1
2017-06-30,7.3048,7.5271,7.2413,7.4016,935743,23.3
2017-07-03,7.4001,7.4954,7.3683,7.4969,852605,23.6
2017-07-04,7.4636,7.5589,7.3683,7.4016,684219,23.3
2017-07-05,7.3683,7.4636,7.3048,7.3698,440238,23.2
2017-07-06,7.3683,7.4636,7.3048,7.3698,528200,23.2
2017-07-07,7.3683,7.4636,7.273,7.3698,683179,23.2
2017-07-10,7.3683,7.4318,7.1142,7.2427,629652,22.8
2017-07-11,7.2413,7.4001,7.1142,7.2427,682514,22.8
2017-07-12,7.2413,7.3683,6.9872,7.0839,1126766,22.3
2017-07-13,7.146,7.2095,6.7014,6.7345,820624,21.2
2017-07-14,6.8284,7.2095,6.4155,7.1157,1180599,22.4
2017-07-17,7.0825,7.1778,6.6061,6.7027,994975,21.1
2017-07-18,6.7966,6.7966,6.352,6.4486,563300,20.3
2017-07-19,6.5108,6.5426,6.0979,6.1627,893045,19.4
2017-07-20,6.1932,6.2567,6.0344,6.1309,594780,19.3
2017-07-21,6.1614,6.1932,6.0344,6.0674,568837,19.1
2017-07-24,6.0979,6.0979,5.8438,5.8768,689530,18.5
2017-07-25,5.9391,6.2567,5.7803,6.1309,961495,19.3
2017-07-26,6.0662,6.225,5.9391,6.0038,700419,18.9
2017-07-27,6.0026,6.5426,5.8121,6.5121,825445,20.5
2017-07-28,6.5108,6.9237,6.2567,6.6709,980849,21
2017-07-31,6.6378,7.0507,6.3838,7.0521,897350,22.2
2017-08-01,7.0825,7.1142,6.8284,7.0204,793450,22.1
2017-08-02,7.0825,7.146,6.8284,6.9568,634400,21.9
2017-08-03,6.9554,6.9872,6.5108,6.5121,875698,20.5
2017-08-04,6.5108,6.6696,6.1932,6.3533,784600,20
2017-08-07,6.352,6.5426,6.0344,6.1944,1003755,19.5
2017-08-08,6.225,6.225,6.0344,6.1944,765438,19.5
2017-08-09,6.225,6.4155,6.0662,6.2262,886460,19.6
2017-08-10,6.225,6.5426,6.0344,6.4803,1099158,20.4
2017-08-11,6.6696,6.6696,6.3838,6.4486,598520,20.3
2017-08-14,6.6378,6.6378,6.352,6.6392,740915,20.9
2017-08-15,6.6696,6.8602,6.5743,6.8298,737750,21.5
2017-08-16,6.8284,6.9554,6.7966,6.9251,842613,21.8
2017-08-17,6.9554,7.0507,6.8284,6.8615,879385,21.6
2017-08-18,6.8602,6.9872,6.6378,6.7345,767593,21.2
2017-08-21,6.7649,6.8284,6.5108,6.6392,800597,20.9
2017-08-22,6.6378,6.7331,6.352,6.5121,1098005,20.5
2017-08-23,6.5426,6.6061,6.2885,6.4168,670451,20.2
2017-08-24,6.3838,6.5108,6.2885,6.4486,833219,20.3
2017-08-25,6.4473,6.5743,6.4473,6.5121,777060,20.5
2017-08-28,6.4155,6.5743,6.3202,6.5439,996220,20.6
2017-08-29,6.5108,6.6061,6.2885,6.5756,1029809,20.7
2017-08-30,6.6378,6.6696,6.352,6.5121,939500,20.5
2017-08-31,6.5108,6.5108,6.3202,6.4168,681623,20.2
2017-09-01,6.4155,6.4473,6.2885,6.4486,841200,20.3
2017-09-05,6.4473,6.5743,6.2885,6.5756,849700,20.7
2017-09-06,6.6696,6.6696,6.3838,6.5121,1110320,20.5
2017-09-07,6.479,6.5108,6.352,6.4168,992700,20.2
2017-09-08,6.4155,6.4473,6.3202,6.4486,979500,20.3
2017-09-11,5.8121,6.5743,5.8121,6.5121,1453769,20.5
2017-09-12,6.5108,6.5426,6.4473,6.4803,449400,20.4
2017-09-13,6.5108,6.5108,6.4473,6.4803,422540,20.4
2017-09-14,6.5108,6.5743,6.4473,6.4803,1012130,20.4
2017-09-15,6.5108,6.5108,6.4473,6.4803,354129,20.4
2017-09-18,6.5108,6.5426,6.479,6.5439,505970,20.6
2017-09-19,6.6378,6.6378,6.4155,6.4168,412008,20.2
2017-09-20,6.479,6.479,6.352,6.385,365070,20.1
2017-09-21,6.3838,6.4155,6.1932,6.258,646149,19.7
2017-09-22,6.2885,6.3202,6.0979,6.1944,467474,19.5
2017-09-25,6.225,6.2885,6.1614,6.2897,450700,19.8
2017-09-26,6.3202,6.3202,6.225,6.3215,652510,19.9
2017-09-27,6.3202,6.3202,6.1614,6.2262,299530,19.6
2017-09-28,6.225,6.225,5.9074,6.0356,763290,19
2017-09-29,6.0344,6.0344,5.8756,5.9721,405400,18.8
2017-10-02,5.9709,6.0026,5.8756,5.9403,701168,18.7
2017-10-03,5.9391,5.9709,5.8756,5.9085,291600,18.6
2017-10-04,5.9391,5.9709,5.8756,5.9085,637700,18.6
2017-10-05,5.9391,6.1297,5.7486,6.1309,663594,19.3
2017-10-06,6.1614,6.3838,6.0979,6.385,1473300,20.1
2017-10-09,6.4155,6.5108,6.2567,6.385,605129,20.1
2017-10-10,6.4155,6.4155,6.2567,6.3215,734100,19.9
2017-10-11,6.3202,6.4473,6.2567,6.3533,872400,20
2017-10-12,6.3838,6.4473,6.2885,6.385,793652,20.1
2017-10-13,6.4473,6.4473,6.352,6.4168,563600,20.2
2017-10-16,6.4473,6.5426,6.4155,6.4803,925922,20.4
2017-10-17,6.4473,6.6378,6.4155,6.5756,959563,20.7
2017-10-18,6.6061,6.6378,6.4473,6.4486,853300,20.3
2017-10-19,6.4473,6.479,6.352,6.385,611047,20.1
2017-10-20,6.3838,6.4155,6.2567,6.3533,521600,20
2017-10-23,6.352,6.352,6.1932,6.1944,444125,19.5
2017-10-24,6.225,6.2567,6.1614,6.2262,284680,19.6
2017-10-25,6.225,6.3202,6.1614,6.2262,966142,19.6
2017-10-26,6.2567,6.2567,6.1614,6.2262,435440,19.6
2017-10-27,6.225,6.2885,6.1297,6.2262,658800,19.6
2017-10-30,6.225,6.2885,6.1297,6.1944,409900,19.5
2017-10-31,6.1932,6.225,6.0979,6.0991,81305,19.2
2017-11-01,6.0979,6.1297,5.9391,5.9721,220890,18.8
2017-11-02,5.9709,6.0662,5.8756,5.9721,595635,18.8
2017-11-03,5.9709,6.0026,5.8756,5.9721,426200,18.8
2017-11-06,5.9709,6.0662,5.9074,6.0038,555039,18.9
2017-11-07,6.0026,6.0662,5.9074,6.0356,528528,19
2017-11-08,6.0344,6.0662,5.9074,6.0356,507000,19
2017-11-09,6.0026,6.0662,5.9074,6.0356,484800,19
2017-11-10,6.0026,6.0026,5.9074,5.9403,346150,18.7
2017-11-13,5.9709,6.0344,5.8121,5.8132,468773,18.3
2017-11-14,5.8438,5.9074,5.7803,5.8132,619229,18.3
2017-11-15,5.8438,5.8756,5.7486,5.7815,511235,18.2
2017-11-16,5.7486,5.8438,5.7486,5.7815,209400,18.2
2017-11-17,5.7803,5.8121,5.685,5.7497,213707,18.1
2017-11-20,5.7486,5.7803,5.6533,5.6544,355700,17.8
2017-11-21,5.685,5.7168,5.558,5.6862,460331,17.9
2017-11-22,5.6533,5.7168,5.558,5.6862,687850,17.9
2017-11-23,5.685,5.685,5.558,5.6544,353400,17.8
2017-11-24,5.6533,5.6533,5.558,5.6226,839709,17.7
2017-11-27,5.6215,5.8756,5.5898,5.8768,906270,18.5
2017-11-28,5.8756,6.0026,5.8121,5.9721,793510,18.8
2017-11-29,5.9709,6.0979,5.9709,6.0991,1045439,19.2
2017-11-30,6.0979,6.1297,5.9391,5.9721,617230,18.8
2017-12-01,5.9709,6.0026,5.7803,5.9721,843910,18.8
2017-12-04,5.9709,6.3838,5.8438,6.385,909905,20.1
2017-12-05,6.352,6.5108,6.2885,6.385,612600,20.1
2017-12-06,6.352,6.5426,6.2567,6.3533,916042,20
2017-12-07,6.3838,6.4473,6.2567,6.2897,422446,19.8
2017-12-08,6.352,6.4473,6.1614,6.385,856700,20.1
2017-12-11,6.3838,6.3838,6.1932,6.3533,510304,20
2017-12-12,6.352,6.352,6.1614,6.2897,547091,19.8
2017-12-13,6.3202,6.3202,6.0026,6.0038,711300,18.9
2017-12-14,6.0026,6.1614,5.8756,5.9721,489300,18.8
2017-12-15,5.9709,6.0344,5.8121,5.9403,794400,18.7
2017-12-18,5.9391,5.9709,5.7803,5.7815,939700,18.2
2017-12-19,5.7803,5.8438,5.6533,5.7815,566800,18.2
2017-12-20,5.7803,5.8121,5.6533,5.7815,506620,18.2
2017-12-21,5.7803,5.7803,5.6533,5.7179,381900,18
2017-12-22,5.7168,5.8121,5.6533,5.8132,1053600,18.3
2017-12-25,5.8121,5.8438,5.685,5.845,332700,18.4
2017-12-26,5.8438,5.8756,5.7168,5.845,447345,18.4
2017-12-27,5.8121,5.8438,5.6215,5.6226,354950,17.7
2017-12-28,5.6215,5.7168,5.4945,5.5909,400100,17.6
2017-12-29,5.5898,5.685,5.4945,5.6862,366715,17.9
2018-01-02,5.685,5.7486,5.5262,5.5909,334900,17.6
2018-01-03,5.6533,5.7168,5.5262,5.6544,610125,17.8
2018-01-04,5.685,5.7168,5.4945,5.6226,457520,17.7
2018-01-05,5.6215,5.685,5.4945,5.6226,520159,17.7
2018-01-08,5.685,5.685,5.4945,5.5909,314000,17.6
2018-01-09,5.6215,5.6533,5.4945,5.5909,399525,17.6
2018-01-10,5.5898,5.6215,5.4945,5.5909,344400,17.6
2018-01-11,5.5898,5.5898,5.4627,5.5909,250975,17.6
2018-01-12,5.6215,5.6533,5.4945,5.5909,347567,17.6
2018-01-15,5.6533,5.6533,5.4945,5.6226,349614,17.7
2018-01-16,5.685,5.7168,5.558,5.6226,433300,17.7
2018-01-17,5.6533,5.6533,5.5262,5.5909,213700,17.6
2018-01-18,5.5898,5.6215,5.4945,5.5909,260954,17.6
2018-01-19,5.5898,5.6215,5.5262,5.5909,219100,17.6
2018-01-22,5.5898,5.6533,5.4945,5.5909,330200,17.6
2018-01-23,5.558,5.8121,5.5262,5.6544,637046,17.8
2018-01-24,5.685,5.7486,5.6215,5.6862,314800,17.9
2018-01-25,5.7486,5.7486,5.5898,5.6862,256300,17.9
2018-01-26,5.7168,5.7168,5.558,5.6862,272135,17.9
2018-01-29,5.7168,5.7168,5.558,5.6544,317700,17.8
2018-01-30,5.7168,5.7486,5.558,5.6862,227550,17.9
2018-01-31,5.685,5.7168,5.5898,5.6544,212300,17.8
2018-02-01,5.685,5.685,5.5262,5.6226,482100,17.7
2018-02-02,5.685,5.7168,5.5262,5.6544,494225,17.8
2018-02-05,5.685,5.685,5.4945,5.5909,157200,17.6
2018-02-06,5.5898,5.5898,5.3357,5.4638,204200,17.2
2018-02-07,5.5898,5.5898,5.3992,5.5273,562405,17.4
2018-02-08,5.5898,5.5898,5.431,5.5273,486400,17.4
2018-02-09,5.5262,5.5262,5.431,5.4638,79635,17.2
2018-02-12,5.4945,5.5262,5.3992,5.4956,102700,17.3
2018-02-13,5.5262,5.6215,5.3992,5.4956,151564,17.3
2018-02-21,5.5262,5.6215,5.4945,5.5591,159900,17.5
2018-02-22,5.6215,5.6215,5.3992,5.4956,168526,17.3
2018-02-23,5.558,5.558,5.3992,5.4956,157792,17.3
2018-02-26,5.5262,5.5262,5.3992,5.4956,158411,17.3
2018-02-27,5.4945,5.4945,5.3992,5.4956,405610,17.3
2018-02-28,5.4945,5.4945,5.3992,5.432,167500,17.1
2018-03-01,5.4945,5.4945,5.3357,5.4003,184410,17
2018-03-02,5.431,5.431,5.3357,5.4003,274100,17
2018-03-05,5.431,5.4627,5.3674,5.4638,486000,17.2
2018-03-06,5.4945,5.6533,5.3992,5.6226,565700,17.7
2018-03-07,5.6533,6.0979,5.6533,6.0991,336526,19.2
2018-03-08,6.1297,6.1297,5.9074,5.9085,237515,18.6
2018-03-09,5.9074,5.9074,5.7803,5.8132,331873,18.3
2018-03-12,5.8438,6.0662,5.8438,5.9721,513600,18.8
2018-03-13,6.0026,6.0026,5.8756,6.0038,485590,18.9
2018-03-14,6.0026,6.352,6.0026,6.3215,397650,19.9
2018-03-15,6.3202,6.9237,6.3202,6.8615,634074,21.6
2018-03-16,6.8919,7.4318,6.8602,6.9886,604809,22
2018-03-19,7.019,7.0825,6.8602,6.8615,482100,21.6
2018-03-20,6.8602,6.8602,6.479,6.5121,726300,20.5
2018-03-21,6.5426,6.6378,6.2567,6.3215,498133,19.9
2018-03-22,6.7014,6.7014,6.1932,6.2262,541700,19.6
2018-03-23,6.2567,6.2567,5.7168,5.8768,426161,18.5
2018-03-26,5.9074,5.9391,5.6533,5.6862,352200,17.9
2018-03-27,5.7168,5.8121,5.685,5.7179,382300,18
2018-03-28,5.7486,6.0344,5.685,5.6862,500750,17.9
2018-03-29,5.7168,5.9391,5.685,5.7179,706200,18
2018-03-30,5.7486,5.9074,5.685,5.8132,383300,18.3
2018-04-02,5.8438,5.8756,5.685,5.8768,378945,18.5
2018-04-03,5.8756,5.8756,5.7168,5.7815,236400,18.2
2018-04-04,5.7803,5.8756,5.7486,5.8132,340600,18.3
2018-04-05,5.8438,5.9074,5.7486,5.7497,270600,18.1
2018-04-06,5.7803,5.8121,5.6215,5.6862,242704,17.9
2018-04-09,5.7168,5.8121,5.6533,5.6862,311510,17.9
2018-04-10,5.7168,5.7168,5.558,5.6862,288900,17.9
2018-04-11,5.7168,5.7168,5.5898,5.6544,144986,17.8
2018-04-12,5.6533,5.7168,5.5898,5.7179,181100,18
2018-04-13,5.7168,5.7486,5.6215,5.6544,161400,17.8
2018-04-16,5.685,5.7803,5.5898,5.7179,255730,18
2018-04-17,5.7486,5.9074,5.7168,5.9085,367244,18.6
2018-04-18,5.9074,6.3202,5.8756,6.258,434896,19.7
2018-04-19,6.2567,6.4155,6.225,6.385,228985,20.1
2018-04-20,6.3838,6.3838,5.9391,6.0356,430440,19
2018-04-23,6.0344,6.0344,5.8756,5.9721,350945,18.8
2018-04-24,5.9709,5.9709,5.8438,5.9721,237913,18.8
2018-04-26,5.9709,6.0344,5.8756,5.9721,300520,18.8
2018-04-27,5.9709,6.1297,5.8438,5.9721,344008,18.8
2018-05-02,5.9709,6.0344,5.8756,5.9085,205310,18.6
2018-05-03,5.9074,5.9391,5.8438,5.9085,208800,18.6
2018-05-04,5.9074,5.9709,5.8756,5.9403,247400,18.7
2018-05-07,5.9391,6.1932,5.9074,6.1627,298612,19.4
2018-05-08,6.1932,6.1932,6.0662,6.0674,326600,19.1
2018-05-09,6.0979,6.0979,6.0026,6.0674,297180,19.1
2018-05-10,6.0662,6.0662,5.8438,5.9403,343500,18.7
2018-05-11,5.9391,6.0979,5.7486,6.0991,333405,19.2
2018-05-14,6.0979,6.1297,5.9709,5.9721,293600,18.8
2018-05-15,5.9709,6.0979,5.8756,6.0991,254400,19.2
2018-05-16,6.0662,6.0979,5.8121,5.8768,230800,18.5
2018-05-17,5.9074,6.0026,5.8438,5.9085,248900,18.6
2018-05-18,5.9074,5.9709,5.8438,5.9085,264000,18.6
2018-05-21,5.9074,5.9709,5.8756,5.8768,270400,18.5
2018-05-22,5.9074,5.9391,5.7168,5.9403,241500,18.7
2018-05-23,5.9391,6.0026,5.8438,6.0038,242200,18.9
2018-05-24,5.9709,5.9709,5.8438,5.9721,203616,18.8
2018-05-25,5.9709,6.0026,5.8756,5.9721,232200,18.8
2018-05-28,5.9709,6.0026,5.9074,5.9403,207800,18.7
2018-05-29,5.9391,6.0026,5.9074,5.9403,234100,18.7
2018-05-30,5.9391,5.9709,5.9074,5.9403,217000,18.7
2018-05-31,5.9391,6.0026,5.9074,5.9085,184142,18.6
2018-06-01,5.9391,5.9709,5.8438,5.8768,156370,18.5
2018-06-04,5.9074,5.9074,5.8438,5.9085,171600,18.6
2018-06-05,5.9074,6.1932,5.9074,6.0991,326630,19.2
2018-06-06,6.0979,6.1297,5.9709,6.0356,205748,19
2018-06-07,6.0344,6.0344,5.9391,6.0038,203800,18.9
2018-06-08,6.0026,6.0026,5.8756,5.9721,231770,18.8
2018-06-11,5.9709,6.0344,5.8438,5.9721,219980,18.8
2018-06-12,5.9709,5.9709,5.8438,5.845,226500,18.4
2018-06-13,5.8756,5.9391,5.8438,5.8768,213100,18.5
2018-06-14,5.9074,5.9709,5.8438,5.8768,209900,18.5
2018-06-15,5.9074,6.0026,5.8756,5.8768,225000,18.5
2018-06-18,5.9074,5.9391,5.8756,5.9085,210700,18.6
2018-06-19,5.9391,5.9391,5.7486,5.9085,229900,18.6
2018-06-20,5.9074,5.9391,5.8438,5.9085,207100,18.6
2018-06-21,5.9391,5.9391,5.8121,5.8768,206600,18.5
2018-06-22,5.8756,5.9391,5.8121,5.9403,224300,18.7
2018-06-25,5.6215,6.0026,5.6215,5.9403,205400,18.7
2018-06-26,5.9391,5.9391,5.8438,5.9085,201150,18.6
2018-06-27,5.9074,5.9709,5.8438,5.9085,219100,18.6
2018-06-28,5.9074,5.9709,5.8756,5.9085,335686,18.6
2018-06-29,5.9074,5.9391,5.7486,5.845,210900,18.4
2018-07-02,5.8438,5.9074,5.7486,5.7497,200200,18.1
2018-07-03,5.8121,5.8121,5.685,5.6862,159870,17.9
2018-07-04,5.7486,5.7803,5.685,5.7179,340400,18
2018-07-05,5.7486,5.7803,5.6533,5.6544,234100,17.8
2018-07-06,5.7168,5.7803,5.6533,5.7179,195900,18
2018-07-09,5.7486,5.8756,5.7168,5.845,177900,18.4
2018-07-10,5.8438,5.9709,5.7803,5.8768,210100,18.5
2018-07-11,5.8756,5.9074,5.7803,5.8768,166300,18.5
2018-07-12,5.8756,5.9391,5.8121,5.8768,208600,18.5
2018-07-13,5.8756,6.0026,5.8121,5.9403,210256,18.7
2018-07-16,5.9391,6.0979,5.9074,6.0356,243700,19
2018-07-17,6.0344,6.3202,6.0026,6.258,356245,19.7
2018-07-18,6.225,6.5108,6.225,6.3215,324356,19.9
2018-07-19,6.2885,6.2885,6.0979,6.0991,252100,19.2
2018-07-20,6.0979,6.0979,5.9709,6.0674,225600,19.1
2018-07-23,6.0344,6.0979,5.9074,6.0991,249008,19.2
2018-07-24,6.0662,6.0662,5.8438,5.845,265891,18.4
2018-07-25,5.8756,5.8756,5.7803,5.8768,234100,18.5
2018-07-26,5.8756,6.0344,5.8121,5.9085,203908,18.6
2018-07-27,5.9074,6.0662,5.8756,6.0356,334300,19
2018-07-30,6.0344,6.1297,5.9709,6.1309,282656,19.3
2018-07-31,6.0979,6.1297,6.1614,5.9721,216500,18.8
2018-08-01,6.0662,6.1614,5.9391,6.0038,232300,18.9
2018-08-02,6.0344,6.0344,5.9074,6.0356,274706,19
2018-08-03,6.0344,6.0979,6.0026,6.0674,207900,19.1
2018-08-06,6.0662,6.1297,6.0026,6.0674,266200,19.1
2018-08-07,6.0662,6.0662,5.9709,6.0356,210130,19
2018-08-08,6.0344,6.0662,5.9709,6.0674,251506,19.1
2018-08-09,6.0662,6.0979,5.9391,6.0674,244200,19.1
2018-08-10,6.0344,6.0662,5.9391,6.0674,235800,19.1
2018-08-13,6.0344,6.0662,5.9709,6.0674,242800,19.1
2018-08-14,6.0344,6.0662,5.9709,6.0356,305800,19
2018-08-15,6.0344,6.0344,5.9391,6.0038,230900,18.9
2018-08-16,6.0026,6.0344,5.8756,6.0038,233650,18.9
2018-08-17,6.0344,6.0344,5.9391,6.0356,249100,19
2018-08-20,6.0026,6.0662,5.9709,6.0038,221200,18.9
2018-08-21,6.0026,6.0344,5.9391,6.0038,256800,18.9
2018-08-22,6.0344,6.0344,5.9391,6.0038,208000,18.9
2018-08-23,6.0026,6.0662,5.9391,6.0356,243306,19
2018-08-24,6.0344,6.1932,5.9391,6.0674,326190,19.1
2018-08-27,6.0662,6.1614,6.0662,6.0991,260693,19.2
2018-08-28,6.0979,6.1614,6.0662,6.0674,219506,19.1
2018-08-29,6.0662,6.0979,6.0026,6.0674,214700,19.1
2018-08-30,6.0662,6.2885,6.0662,6.2897,389525,19.8
2018-08-31,6.2567,6.352,6.0979,6.1944,284106,19.5
2018-09-04,6.1932,6.2885,6.0026,6.0038,263100,18.9
2018-09-05,6.0344,6.0979,5.8756,5.9085,292000,18.6
2018-09-06,5.9391,6.0026,5.8756,5.8768,253400,18.5
2018-09-07,5.8756,5.9074,5.8121,5.8768,239441,18.5
2018-09-10,5.8756,5.8756,5.8121,5.845,216200,18.4
2018-09-11,5.8438,5.9709,5.8438,5.8768,215400,18.5
2018-09-12,5.8756,5.9074,5.8438,5.9085,306400,18.6
2018-09-13,5.9074,5.9709,5.8121,5.8768,233800,18.5
2018-09-14,5.8756,5.9074,5.8121,5.8768,241800,18.5
2018-09-17,5.8756,5.8756,5.8438,5.845,201799,18.4
2018-09-18,5.8756,5.8756,5.7486,5.845,248200,18.4
2018-09-19,5.8756,5.9074,5.7803,5.845,219900,18.4
2018-09-20,5.8438,5.8438,5.7803,5.8132,232840,18.3
2018-09-21,5.8438,5.8756,5.7803,5.8132,230330,18.3
2018-09-24,5.8438,5.8438,5.7803,5.8132,242690,18.3
2018-09-25,5.8121,5.8756,5.7803,5.7815,221207,18.2
2018-09-26,5.8121,5.8756,5.7486,5.7815,235200,18.2
2018-09-27,5.8121,6.0344,5.8121,5.9403,230220,18.7
2018-09-28,5.9391,5.9709,5.8438,5.845,246100,18.4
2018-10-01,5.8438,5.9074,5.7803,5.845,215910,18.4
2018-10-02,5.8438,5.8756,5.7803,5.8132,245800,18.3
2018-10-03,5.8121,5.8438,5.7803,5.8132,221257,18.3
2018-10-04,5.8121,5.8756,5.7803,5.8132,232520,18.3
2018-10-05,5.8121,5.8756,5.7803,5.8132,214800,18.3
2018-10-08,5.8121,5.8121,5.7486,5.7815,215700,18.2
2018-10-09,5.8121,5.8121,5.7486,5.7815,212400,18.2
2018-10-10,5.7803,5.7803,5.7168,5.7815,220600,18.2
2018-10-11,5.7803,5.7803,5.7168,5.7815,207800,18.2
2018-10-12,5.7486,5.8121,5.7168,5.8132,212600,18.3
2018-10-15,5.8121,5.8121,5.7486,5.7815,203100,18.2
2018-10-16,5.7803,5.8438,5.685,5.845,224200,18.4
2018-10-17,5.8438,5.9074,5.8121,5.845,214680,18.4
2018-10-18,5.8438,5.8438,5.7803,5.845,121206,18.4
2018-10-19,5.8438,5.8438,5.7486,5.845,187200,18.4
2018-10-22,5.8438,5.8756,5.7803,5.8132,208900,18.3
2018-10-23,5.8121,5.8438,5.7168,5.8132,207886,18.3
2018-10-24,5.8121,5.9074,5.7168,5.7815,214800,18.2
2018-10-25,5.7803,5.8121,5.7168,5.8132,219500,18.3
2018-10-26,5.8121,5.8756,5.7486,5.7815,211800,18.2
2018-10-29,5.7803,5.9074,5.7486,5.7815,217800,18.2
2018-10-30,5.8121,5.8756,5.7803,5.7815,205800,18.2
2018-10-31,5.8121,5.9074,5.8121,5.8768,201540,18.5
2018-11-01,5.8438,5.8756,5.7803,5.845,182500,18.4
2018-11-02,5.8438,5.9074,5.8438,5.845,212546,18.4
2018-11-05,5.8438,5.8756,5.8121,5.8768,183603,18.5
2018-11-06,5.8756,5.9074,5.8438,5.845,205600,18.4
2018-11-07,5.8438,5.8756,5.8121,5.845,198600,18.4
2018-11-08,5.8438,6.0344,5.8438,5.9085,225600,18.6
2018-11-09,5.8756,5.8756,5.8121,5.845,237500,18.4
2018-11-12,5.8438,5.8756,5.7803,5.845,181200,18.4
2018-11-13,5.8438,5.9074,5.7486,5.845,195249,18.4
2018-11-14,5.8438,5.8438,5.7168,5.7497,217600,18.1
2018-11-15,5.7486,5.8121,5.7168,5.7179,139700,18
2018-11-16,5.7168,5.8438,5.7168,5.7497,266900,18.1
2018-11-19,5.7803,5.8121,5.7168,5.7815,252108,18.2
2018-11-20,5.7803,5.8121,5.7168,5.8132,282100,18.3
2018-11-21,5.7803,5.8121,5.7168,5.8132,314149,18.3
2018-11-22,5.8121,5.8756,5.7803,5.845,381600,18.4
2018-11-23,5.8438,5.9074,5.7803,5.845,351600,18.4
2018-11-26,5.8438,5.9391,5.8121,5.9403,482660,18.7
2018-11-27,5.9391,6.0344,5.9391,6.0356,258650,19
2018-11-28,6.0344,6.5743,5.9709,6.4168,320717,20.2
2018-11-29,6.2885,6.3838,6.2567,6.3533,258920,20
2018-11-30,6.2885,6.4473,6.2567,6.2897,272900,19.8
2018-12-03,6.2885,6.5108,6.1932,6.385,341209,20.1
2018-12-04,6.3838,6.479,6.3202,6.4486,285450,20.3
2018-12-05,6.2885,6.8284,6.1614,6.8298,389020,21.5
2018-12-06,6.8284,7.2413,6.7014,7.2427,303930,22.8
2018-12-07,7.2413,7.4954,7.1142,7.4651,370000,23.5
2018-12-10,7.4001,7.6859,7.3048,7.6239,440600,24
2018-12-11,7.6224,7.6224,7.2413,7.338,441050,23.1
2018-12-12,7.3366,7.4318,6.8284,7.1474,353300,22.5
2018-12-13,7.0825,7.3366,6.9872,6.9886,355400,22
2018-12-14,7.019,7.1142,6.8284,6.8615,251800,21.6
2018-12-17,6.8602,6.8919,6.5743,6.6709,177700,21
2018-12-18,6.6696,6.7966,6.5743,6.798,508920,21.4
2018-12-19,6.7966,6.9237,6.7331,6.8933,476048,21.7
2018-12-20,6.8919,7.2413,6.8284,7.2427,507100,22.8
2018-12-21,7.2413,7.5589,7.2095,7.5604,364110,23.8
2018-12-24,7.5589,7.6224,7.4954,7.5604,343855,23.8
2018-12-25,7.5589,7.5906,7.2095,7.5604,376108,23.8
2018-12-26,7.5589,7.6224,7.4636,7.6239,480100,24
2018-12-27,7.6224,8.0035,7.6224,7.6557,633650,24.1
2018-12-28,7.6542,7.9082,7.6542,7.8145,389908,24.6
2019-01-02,7.813,7.8765,7.3048,7.4969,256300,23.6
2019-01-03,7.5271,7.5271,7.3048,7.4333,228300,23.4
2019-01-04,7.4318,7.4318,7.3048,7.4016,208200,23.3
2019-01-07,7.2413,7.5271,7.2413,7.4016,403100,23.3
2019-01-08,7.4001,7.4636,7.3366,7.4333,275700,23.4
2019-01-09,7.4318,7.4636,7.4001,7.4651,292800,23.5
2019-01-10,7.4636,7.6224,7.4001,7.6239,282928,24
2019-01-11,7.6224,7.6224,7.5271,7.5921,224400,23.9
2019-01-14,7.5906,7.5906,7.4318,7.5604,206520,23.8
2019-01-15,7.5589,7.5589,7.3683,7.5604,217700,23.8
2019-01-16,7.5589,7.5589,7.4318,7.5604,207480,23.8
2019-01-17,7.5589,7.6224,7.4636,7.6239,218100,24
2019-01-18,7.6224,7.6224,7.3683,7.3698,210130,23.2
2019-01-21,7.4001,7.4318,7.0825,7.1474,309200,22.5
2019-01-22,7.146,7.146,6.9554,7.0839,276320,22.3
2019-01-23,7.0507,7.4001,7.0507,7.4016,254000,23.3
2019-01-24,7.4001,7.4318,7.3366,7.3698,225400,23.2
2019-01-25,7.3683,7.4636,7.273,7.3063,186600,23
2019-01-28,7.3048,7.3048,7.0507,7.211,219100,22.7
2019-01-29,7.2095,7.2413,7.0507,7.1474,159200,22.5
2019-01-30,7.146,7.2095,7.1142,7.1474,175300,22.5
2019-01-31,7.146,7.146,7.019,7.1474,155400,22.5
2019-02-01,7.1142,7.2095,7.0825,7.211,131900,22.7
2019-02-11,7.2095,7.273,7.1778,7.2427,151428,22.8
2019-02-12,7.2413,7.3048,7.146,7.3063,229300,23
2019-02-13,7.273,7.3048,7.2095,7.2745,146300,22.9
2019-02-14,7.273,7.3048,7.146,7.3063,150433,23
2019-02-15,7.273,7.3048,7.1778,7.211,205100,22.7
2019-02-18,7.2095,7.3366,7.1142,7.338,238620,23.1
2019-02-19,7.3366,7.3683,7.2095,7.2745,167100,22.9
2019-02-20,7.2413,7.3048,7.146,7.2427,185110,22.8
2019-02-21,7.2095,7.2413,7.1142,7.1474,185800,22.5
2019-02-22,7.146,7.1778,6.9872,7.1474,216400,22.5
2019-02-25,7.146,7.1778,6.9872,7.0204,145213,22.1
2019-02-26,7.019,7.0507,6.9872,7.0521,168700,22.2
2019-02-27,7.0507,7.1142,6.9872,7.1157,140500,22.4
2019-02-28,7.1142,7.146,7.0825,7.1157,127101,22.4
2019-03-01,7.1142,7.146,7.0825,7.1157,120900,22.4
2019-03-04,7.1142,7.1142,6.9872,7.0521,120300,22.2
2019-03-05,7.0507,7.1142,6.9872,7.0204,152312,22.1
2019-03-06,7.019,7.1142,7.019,7.1157,128700,22.4
2019-03-07,7.1142,7.146,7.019,7.1157,137200,22.4
2019-03-08,7.1142,7.146,7.019,7.1157,209300,22.4
2019-03-11,7.1142,7.146,7.0507,7.0839,167900,22.3
2019-03-12,7.0825,7.1142,6.9872,7.1157,307708,22.4
2019-03-13,7.1142,7.146,7.0825,7.1157,216800,22.4
2019-03-14,7.1142,7.146,7.0507,7.1474,203607,22.5
2019-03-15,7.146,7.4318,7.146,7.4016,227900,23.3
2019-03-18,7.3683,7.5589,7.3683,7.4016,325818,23.3
2019-03-19,7.3366,7.4318,7.273,7.3063,266809,23
2019-03-20,7.273,7.3048,7.1142,7.3063,188076,23
2019-03-21,7.273,7.3683,7.0507,7.0521,280000,22.2
2019-03-22,7.0507,7.1142,6.9872,7.0521,280107,22.2
2019-03-25,7.0507,7.0507,6.9872,7.0521,261400,22.2
2019-03-26,7.0507,7.146,6.9872,7.1157,266031,22.4
2019-03-27,7.1142,7.2095,7.1142,7.1474,194302,22.5
2019-03-28,7.146,7.2413,7.0825,7.1474,202490,22.5
2019-03-29,7.146,7.2413,7.146,7.1474,195400,22.5
2019-04-01,7.146,7.1778,7.0825,7.1474,206230,22.5
2019-04-02,7.146,7.2413,7.1142,7.1474,180500,22.5
2019-04-03,7.146,7.146,7.0507,7.1157,174205,22.4
2019-04-04,7.1142,7.273,7.0825,7.1792,182850,22.6
2019-04-05,7.1778,7.3683,7.1778,7.3698,271321,23.2
2019-04-08,7.3366,7.3683,7.2413,7.2427,192300,22.8
2019-04-09,7.2413,7.4636,7.2413,7.3063,203673,23
2019-04-10,7.273,7.273,7.1142,7.211,228315,22.7
2019-04-11,7.2095,7.273,7.1778,7.211,204327,22.7
2019-04-12,7.2095,7.273,7.146,7.1792,230527,22.6
2019-04-16,7.146,7.1778,7.0507,7.1474,203600,22.5
2019-04-17,7.146,7.2095,7.019,7.0521,191900,22.2
2019-04-18,7.0507,7.0825,6.9872,6.9886,209280,22
2019-04-19,7.019,7.0825,6.9872,7.0521,191900,22.2
2019-04-22,7.0507,7.1142,6.9872,7.0839,264345,22.3
2019-04-23,7.0825,7.1142,7.019,7.0839,320400,22.3
2019-04-24,7.0825,7.3048,7.0507,7.2427,263400,22.8
2019-04-25,7.2413,7.3683,7.2413,7.338,256310,23.1
2019-04-26,7.3048,7.6224,7.273,7.5604,319202,23.8
2019-05-02,7.5589,7.6224,7.3048,7.3063,289800,23
2019-05-03,7.3048,7.4318,7.3048,7.3698,250530,23.2
2019-05-06,7.3683,7.4001,7.3048,7.338,300282,23.1
2019-05-07,7.3366,7.4001,7.3048,7.338,243400,23.1
2019-05-08,7.3366,7.4001,7.3048,7.338,262552,23.1
2019-05-09,7.3366,7.3683,7.3048,7.338,248400,23.1
2019-05-10,7.3366,7.5271,7.3048,7.4969,254368,23.6
2019-05-13,7.4954,7.5589,7.3683,7.5286,387900,23.7
2019-05-14,7.4954,7.5271,7.4001,7.4651,281200,23.5
2019-05-15,7.4636,7.4954,7.3366,7.338,277120,23.1
2019-05-16,7.3366,7.4636,7.273,7.4016,292348,23.3
2019-05-17,7.4001,7.4636,7.3048,7.4016,263600,23.3
2019-05-20,6.6696,7.4636,6.6696,7.4016,305712,23.3
2019-05-21,7.4001,7.4318,7.273,7.338,269700,23.1
2019-05-22,7.3366,7.5271,7.3048,7.4333,323100,23.4
2019-05-23,7.4318,7.4318,7.3366,7.4333,290200,23.4
2019-05-24,7.4001,7.4318,7.3048,7.3698,253400,23.2
2019-05-27,7.3683,7.4636,7.3048,7.3063,282000,23
2019-05-28,7.3366,7.4318,7.273,7.3698,275400,23.2
2019-05-29,7.3683,7.4001,7.273,7.3698,292400,23.2
2019-05-30,7.3366,7.4636,7.3048,7.3698,291510,23.2
2019-05-31,7.3366,7.4001,7.3048,7.338,285900,23.1
2019-06-03,7.3366,7.4001,7.2413,7.338,293541,23.1
2019-06-04,7.3366,7.4636,7.3366,7.4016,309135,23.3
2019-06-05,7.4001,7.5271,7.4001,7.4016,275600,23.3
2019-06-06,7.4001,7.4001,7.3048,7.338,258900,23.1
2019-06-07,7.3366,7.4636,7.3048,7.3698,248100,23.2
2019-06-10,7.3683,7.4636,7.3366,7.4333,295430,23.4
2019-06-11,7.4001,7.4318,7.3683,7.4333,275800,23.4
2019-06-12,7.3683,7.4318,7.3683,7.4333,242432,23.4
2019-06-13,7.4318,7.4636,7.3366,7.4016,233800,23.3
2019-06-14,7.3683,7.4001,7.3048,7.4016,259400,23.3
2019-06-17,7.3683,7.4636,7.3683,7.4016,248700,23.3
2019-06-18,7.3683,7.4001,7.3048,7.4016,227200,23.3
2019-06-19,7.4001,7.6859,7.4001,7.5286,321153,23.7
2019-06-20,7.4954,7.5589,7.4636,7.5286,275788,23.7
2019-06-21,7.4954,7.5271,7.4318,7.4969,264550,23.6
2019-06-24,7.4954,7.5271,7.4318,7.5286,181600,23.7
2019-06-25,7.5589,7.6542,7.3683,7.4969,276343,23.6
2019-06-26,7.4954,7.4954,7.4001,7.4333,282804,23.4
2019-06-27,7.4001,7.4318,7.3683,7.4016,234300,23.3
2019-06-28,7.4001,7.4318,7.3366,7.4333,239100,23.4
2019-07-01,7.4001,7.4954,7.3683,7.4651,265920,23.5
2019-07-02,7.4318,7.4636,7.3683,7.4651,221600,23.5
2019-07-03,7.4318,7.4636,7.3683,7.4333,253593,23.4
2019-07-04,7.4318,7.4636,7.3683,7.4016,249510,23.3
2019-07-05,7.4001,7.4318,7.3366,7.3698,215800,23.2
2019-07-08,7.3683,7.4318,7.3048,7.4016,255900,23.3
2019-07-09,7.3683,7.4001,7.3048,7.4016,258700,23.3
2019-07-10,7.3683,7.4001,7.3048,7.338,272720,23.1
2019-07-11,7.3366,7.4001,7.3048,7.338,254231,23.1
2019-07-12,7.3366,7.3683,7.3048,7.3698,264700,23.2
2019-07-15,7.3366,7.4001,7.3048,7.3063,230300,23
2019-07-16,7.3366,7.3366,7.2413,7.3063,230810,23
2019-07-17,7.3048,7.3048,7.273,7.3063,215600,23
2019-07-18,7.3048,7.3048,7.2413,7.3063,228100,23
2019-07-19,7.3048,7.3366,7.2413,7.338,213200,23.1
2019-07-22,7.3048,7.3366,7.2095,7.2427,203316,22.8
2019-07-23,7.2413,7.2413,7.1142,7.1792,189100,22.6
2019-07-24,7.1778,7.2413,7.1142,7.1792,174900,22.6
2019-07-25,7.1778,7.2413,7.1778,7.211,169100,22.7
2019-07-26,7.2095,7.2413,7.1778,7.2427,176800,22.8
2019-07-29,7.2413,7.273,7.2095,7.2745,163400,22.9
2019-07-30,7.2413,7.273,7.2095,7.211,163200,22.7
2019-07-31,7.2095,7.2095,7.146,7.211,153200,22.7
2019-08-01,7.2095,7.2413,7.1778,7.211,148400,22.7
2019-08-02,7.2095,7.2413,7.1778,7.2427,182500,22.8
2019-08-05,7.2413,7.2413,7.1778,7.211,161100,22.7
2019-08-06,7.2095,7.2095,7.1778,7.211,166300,22.7
2019-08-07,7.1778,7.2413,7.146,7.211,153230,22.7
2019-08-08,7.2095,7.2095,7.146,7.211,165200,22.7
2019-08-09,7.2095,7.2413,7.1778,7.2427,148800,22.8
2019-08-12,7.2413,7.273,7.1778,7.2427,170254,22.8
2019-08-13,7.2095,7.2095,7.1778,7.211,160500,22.7
2019-08-14,7.2095,7.2413,7.146,7.211,178500,22.7
2019-08-15,7.2095,7.2095,7.146,7.211,154200,22.7
2019-08-16,7.2095,7.2413,7.1778,7.2427,156100,22.8
2019-08-19,7.2095,7.273,7.1778,7.2427,174269,22.8
2019-08-20,7.2095,7.3048,7.2095,7.2745,158710,22.9
2019-08-21,7.2413,7.273,7.2413,7.2745,166084,22.9
2019-08-22,7.2413,7.3048,7.2095,7.2745,200421,22.9
2019-08-23,7.2413,7.3048,7.2095,7.2427,145200,22.8
2019-08-26,7.2095,7.2095,7.146,7.211,164400,22.7
2019-08-27,7.2095,7.2413,7.1778,7.211,170400,22.7
2019-08-28,7.2095,7.2095,7.1778,7.211,125200,22.7
2019-08-29,7.2095,7.2413,7.1778,7.211,165125,22.7
2019-08-30,7.2095,7.2413,7.1778,7.211,151300,22.7
2019-09-03,7.2095,7.2095,7.1778,7.211,153100,22.7
2019-09-04,7.2095,7.2095,7.146,7.211,133700,22.7
2019-09-05,7.2095,7.2095,7.1778,7.211,119108,22.7
2019-09-06,7.2095,7.2413,7.146,7.1474,175710,22.5
2019-09-09,7.146,7.2095,7.146,7.1792,164800,22.6
2019-09-10,7.1778,7.2095,7.1142,7.1792,148700,22.6
2019-09-11,7.1778,7.1778,7.146,7.1792,117400,22.6
2019-09-12,7.1778,7.2095,7.146,7.211,121905,22.7
2019-09-13,7.1778,7.2095,7.146,7.1792,125700,22.6
2019-09-16,7.1778,7.2095,7.1778,7.1792,250920,22.6
2019-09-17,7.1778,7.2095,7.146,7.211,218228,22.7
2019-09-18,7.1778,7.273,7.1778,7.2427,229700,22.8
2019-09-19,7.2095,7.3683,7.2095,7.3698,243700,23.2
2019-09-20,7.3366,7.4318,7.3366,7.4333,224110,23.4
2019-09-23,7.4001,7.4636,7.4001,7.4333,225300,23.4
2019-09-24,7.4001,7.4001,7.3683,7.3698,204200,23.2
2019-09-25,7.3366,7.4001,7.3366,7.4016,232500,23.3
2019-09-26,7.3683,7.4318,7.3048,7.3698,252920,23.2
2019-09-27,7.3366,7.3683,7.3366,7.3698,381700,23.2
2019-09-30,7.3366,7.4001,7.3366,7.3698,269500,23.2
2019-10-01,7.3366,7.4001,7.3048,7.4016,237200,23.3
2019-10-02,7.3683,7.4001,7.3366,7.3698,265900,23.2
2019-10-03,7.3366,7.3683,7.3366,7.3698,216400,23.2
2019-10-04,7.3366,7.4954,7.3366,7.4333,217530,23.4
2019-10-07,7.4001,7.5271,7.4001,7.4651,251951,23.5
2019-10-08,7.4318,7.5271,7.4001,7.4651,239200,23.5
2019-10-09,7.4318,7.5271,7.4318,7.4969,283130,23.6
2019-10-10,7.4636,7.5589,7.3366,7.5604,321710,23.8
2019-10-11,7.4954,7.5906,7.4954,7.5921,316210,23.9
2019-10-14,7.5906,7.94,7.5906,7.7827,411314,24.5
2019-10-15,7.7812,7.813,7.6859,7.7827,337340,24.5
2019-10-16,7.7812,7.9082,7.7812,7.8145,312700,24.6
2019-10-17,7.7812,7.8765,7.7494,7.8145,300700,24.6
2019-10-18,7.7812,7.8765,7.7494,7.7827,329200,24.5
2019-10-21,7.7494,7.813,7.6859,7.7192,289100,24.3
2019-10-22,7.6859,7.7177,7.5906,7.6874,317610,24.2
2019-10-23,7.6542,7.6542,7.5589,7.5921,295720,23.9
2019-10-24,7.5589,7.7494,7.4954,7.6557,271675,24.1
2019-10-25,7.6224,7.7177,7.5906,7.6557,275140,24.1
2019-10-28,7.6224,7.7494,7.6224,7.6557,255900,24.1
2019-10-29,7.6542,7.7494,7.6542,7.6557,259075,24.1
2019-10-30,7.6542,7.7177,7.6224,7.6874,289600,24.2
2019-10-31,7.6542,7.7812,7.6542,7.7192,254300,24.3
2019-11-01,7.6542,7.813,7.6542,7.751,270700,24.4
2019-11-04,7.7812,7.813,7.6859,7.7827,287320,24.5
2019-11-05,7.7177,7.7812,7.5271,7.6557,365700,24.1
2019-11-06,7.6224,7.6859,7.5589,7.6874,282200,24.2
2019-11-07,7.6542,8.0988,7.5906,8.1004,409005,25.5
2019-11-08,8.0694,8.5526,8.0694,8.5541,376520,17.7
2019-11-11,8.5043,8.8426,8.5043,8.8441,390746,18.3
2019-11-12,8.7942,8.8426,8.5526,8.7958,347290,18.2
2019-11-13,8.6976,8.7459,8.2627,8.5058,367540,17.6
2019-11-14,8.4077,8.456,8.2627,8.4092,209500,17.4
2019-11-15,8.311,8.5526,8.311,8.5058,315420,17.6
2019-11-18,8.4077,8.5043,8.4077,8.5058,263600,17.6
2019-11-19,8.456,8.5043,8.4077,8.5058,243800,17.6
2019-11-20,8.456,8.5526,8.311,8.3125,213910,17.2
2019-11-21,8.311,8.5043,8.311,8.5058,243600,17.6
2019-11-22,8.4077,8.456,8.3594,8.4575,208400,17.5
2019-11-25,8.4077,8.456,8.311,8.4575,183000,17.5
2019-11-26,8.4077,8.456,8.311,8.4575,171500,17.5
2019-11-27,8.3594,8.456,8.3594,8.4575,205330,17.5
2019-11-28,8.4077,8.456,8.311,8.4092,206900,17.4
2019-11-29,8.3594,8.4077,8.2627,8.4092,227600,17.4
2019-12-02,8.3594,8.456,8.311,8.3125,183700,17.2
2019-12-03,8.311,8.3594,8.2144,8.2642,162430,17.1
2019-12-04,8.2627,8.311,8.2144,8.2158,120400,17
2019-12-05,8.2144,8.2627,8.0694,8.1675,140530,16.9
2019-12-06,8.1661,8.2144,8.0211,8.1675,113700,16.9
2019-12-09,8.1178,8.1661,8.0694,8.1675,145100,16.9
2019-12-10,8.1178,8.1178,8.0211,8.1192,107200,16.8
2019-12-11,8.0694,8.1178,8.0694,8.1192,49200,16.8
2019-12-12,8.0694,8.1178,8.0211,8.1192,89600,16.8
2019-12-13,8.0694,8.2144,8.0694,8.2158,159100,17
2019-12-16,8.1661,8.2144,8.0211,8.1192,172400,16.8
2019-12-17,8.1178,8.601,8.1178,8.5058,342710,17.6
2019-12-18,8.456,8.6493,8.4077,8.5058,450100,17.6
2019-12-19,8.456,8.601,8.3594,8.4575,348506,17.5
2019-12-20,8.4077,8.456,8.2627,8.2642,308740,17.1
2019-12-23,8.2144,8.2627,7.9245,7.9742,209895,16.5
2019-12-24,7.9245,8.0211,7.8278,8.0225,205815,16.6
2019-12-25,7.9728,8.0211,7.9245,8.0225,339984,16.6
2019-12-26,7.9728,8.0211,7.9245,8.0225,177500,16.6
2019-12-27,7.9728,8.0211,7.9245,8.0225,155330,16.6
2019-12-30,7.9728,8.0211,7.9728,8.0225,219305,16.6
2019-12-31,7.9728,7.9728,7.9245,7.9742,128200,16.5
2020-01-02,7.9245,7.9728,7.8762,7.9742,141105,16.5
2020-01-03,7.9245,7.9728,7.8762,7.9742,86280,16.5
2020-01-06,7.9245,7.9728,7.8762,7.9742,84900,16.5
2020-01-07,7.9245,7.9728,7.8762,7.9742,141400,16.5
2020-01-08,7.9245,8.2144,7.9245,8.2158,160880,17
2020-01-09,8.1661,8.4077,8.0694,8.3608,216205,17.3
2020-01-10,8.311,8.456,8.311,8.3125,188950,17.2
2020-01-13,8.311,8.4077,8.311,8.3125,192100,17.2
2020-01-14,8.311,8.4077,7.8762,8.2158,262140,17
2020-01-15,8.1661,8.2144,8.0211,8.1192,208690,16.8
2020-01-16,8.1178,8.2144,8.0694,8.1192,230035,16.8
2020-01-17,8.1178,8.2144,8.0694,8.1192,225509,16.8
2020-01-20,8.1178,8.1178,8.0211,8.1192,172600,16.8
2020-01-21,8.0694,8.1661,8.0694,8.1192,137100,16.8
2020-01-22,8.0694,8.2144,8.0211,8.2158,143900,17
2020-01-30,8.2144,8.2144,7.7795,8.0225,130210,16.6
2020-01-31,7.9728,8.0211,7.8762,7.9742,159627,16.5
2020-02-03,7.9245,8.0211,7.7795,7.9742,177200,16.5
2020-02-04,7.9728,8.1178,7.8762,7.9742,141600,16.5
2020-02-05,7.9728,8.0211,7.7795,7.9742,142320,16.5
2020-02-06,7.9728,7.9728,7.8762,7.9742,131000,16.5
2020-02-07,7.9728,7.9728,7.8762,7.9259,129200,16.4
2020-02-10,7.9245,7.9245,7.7795,7.9259,136300,16.4
2020-02-11,7.8762,7.9728,7.8762,7.9259,120440,16.4
2020-02-12,7.9245,7.9728,7.7312,7.9259,118200,16.4
2020-02-13,7.9245,7.9728,7.7312,7.9742,134100,16.5
2020-02-14,7.9245,7.9728,7.8278,7.9742,116300,16.5
2020-02-17,7.9245,7.9728,7.7795,7.9259,128930,16.4
2020-02-18,7.8762,7.9245,7.7795,7.9259,111200,16.4
2020-02-19,7.8762,7.9245,7.7795,7.8775,114100,16.3
2020-02-20,7.8762,7.9245,7.8762,7.9259,121226,16.4
2020-02-21,7.9728,7.9728,7.8278,7.9259,116611,16.4
2020-02-24,7.8762,7.8762,7.7312,7.8775,109658,16.3
2020-02-25,7.8762,7.8762,7.7312,7.8775,112600,16.3
2020-02-26,7.8762,7.8762,7.7795,7.8775,108600,16.3
2020-02-27,7.8278,7.9245,7.7795,7.8775,130100,16.3
2020-02-28,7.8762,7.8762,7.7312,7.8775,108300,16.3
2020-03-02,7.8278,7.8762,7.7795,7.8775,102770,16.3
2020-03-03,7.8762,7.8762,7.8278,7.8775,143526,16.3
2020-03-04,7.8278,7.8762,7.7795,7.8775,161400,16.3
2020-03-05,7.8762,7.8762,7.7312,7.8292,101650,16.2
2020-03-06,7.7795,7.7795,7.5862,7.6842,171208,15.9
2020-03-09,7.6829,7.6829,7.2963,7.4909,181175,15.5
2020-03-10,7.393,7.4413,7.248,7.4426,154300,15.4
2020-03-11,7.4413,7.4896,7.248,7.3459,228290,15.2
2020-03-12,7.2963,7.3446,7.248,7.3459,197400,15.2
2020-03-13,7.2963,7.393,7.248,7.3943,153900,15.3
2020-03-16,7.3446,7.393,7.2963,7.3943,151210,15.3
2020-03-17,7.393,7.393,7.2963,7.3943,161940,15.3
2020-03-18,7.3446,7.4896,7.3446,7.4426,152800,15.4
2020-03-19,7.393,7.4413,7.3446,7.4426,151400,15.4
2020-03-20,7.393,7.4413,7.3446,7.3943,161855,15.3
2020-03-23,7.3446,7.393,7.248,7.3943,162450,15.3
2020-03-24,7.3446,7.4413,7.248,7.4426,264300,15.4
2020-03-25,7.393,7.6346,7.393,7.5876,193805,15.7
2020-03-26,7.5379,7.6346,7.5379,7.6359,169300,15.8
2020-03-27,7.5862,7.7312,7.5862,7.6842,164689,15.9
2020-03-30,7.6346,7.6346,7.4896,7.5876,150300,15.7
2020-03-31,7.5862,7.5862,7.4413,7.4909,180264,15.5
2020-04-01,7.4413,7.6346,7.4413,7.5876,158200,15.7
2020-04-03,7.5379,7.5862,7.5379,7.5876,151100,15.7
2020-04-06,7.5379,8.2144,7.5379,8.1675,221931,16.9
2020-04-07,8.1178,8.2627,8.1178,8.2158,179200,17
2020-04-08,8.1178,8.2144,8.0694,8.2158,196321,17
2020-04-09,8.1661,8.311,8.1661,8.2158,162210,17
2020-04-10,8.1178,8.1661,8.0694,8.1675,156400,16.9
2020-04-13,8.0694,8.2144,8.0694,8.1675,190200,16.9
2020-04-14,8.0694,8.1661,8.0211,8.1675,203626,16.9
2020-04-15,8.1178,8.4077,8.0694,8.3608,193033,17.3
2020-04-16,8.2627,8.4077,7.6346,8.3125,169121,17.2
2020-04-17,8.2144,8.3594,8.2144,8.3608,209750,17.3
2020-04-20,8.2627,8.4077,8.2144,8.2642,200100,17.1
2020-04-21,8.1661,8.1661,7.9728,8.1192,175800,16.8
2020-04-22,8.0211,8.2144,8.0211,8.2158,166330,17
2020-04-23,8.1661,8.2627,8.1661,8.2158,165640,17
2020-04-24,8.1178,8.2144,8.0694,8.1675,216900,16.9
2020-04-28,7.8762,7.9245,7.7312,7.9259,200600,16.4
2020-04-29,7.8762,7.9728,7.8762,7.9259,158300,16.4
2020-05-04,7.9245,7.9245,7.8278,7.9259,145700,16.4
2020-05-05,7.9245,7.9728,7.8762,7.9259,140500,16.4
2020-05-06,7.8762,8.0211,7.8278,7.9259,184900,16.4
2020-05-07,7.9245,8.1178,7.9245,8.1192,197310,16.8
2020-05-08,8.0694,8.2144,8.0694,8.1192,190810,16.8
2020-05-11,8.0694,8.1661,8.0211,8.1192,179400,16.8
2020-05-12,8.0211,8.1178,7.8278,7.8292,195900,16.2
2020-05-13,7.8278,7.8762,7.6829,7.8292,189400,16.2
2020-05-14,7.7795,7.8278,7.7312,7.8292,164300,16.2
2020-05-15,7.7795,7.9245,7.7795,7.8775,195100,16.3
2020-05-18,7.8762,7.9245,7.7795,7.8775,160200,16.3
2020-05-19,7.8762,8.0211,7.8762,7.9259,173622,16.4
2020-05-20,7.8762,7.9245,7.8278,7.9259,157400,16.4
2020-05-21,7.8762,7.9728,7.8762,7.9259,150800,16.4
2020-05-22,7.8278,7.9245,7.8278,7.8775,180840,16.3
2020-05-25,7.8278,7.9728,7.7795,7.8775,183220,16.3
2020-05-26,7.8278,7.9728,7.7312,7.9259,187600,16.4
2020-05-27,7.8762,7.9245,7.7795,7.7809,189060,16.1
2020-05-28,7.7795,7.9245,7.7795,7.8775,174106,16.3
2020-05-29,7.8762,7.9245,7.7795,7.8775,172740,16.3
2020-06-01,7.8762,7.9728,7.8762,7.9259,181202,16.4
2020-06-02,7.8762,7.9728,7.8762,7.9259,153506,16.4
2020-06-03,7.8762,8.1178,7.8762,8.0225,182510,16.6
2020-06-04,7.9728,8.1661,7.9728,8.0709,182660,16.7
2020-06-05,8.0211,8.1178,7.9728,8.1192,153900,16.8
2020-06-08,8.0694,8.1661,7.9728,8.0709,204220,16.7
2020-06-09,8.0211,8.0694,7.9245,7.9742,164600,16.5
2020-06-10,7.9245,8.0694,7.8762,7.9742,239821,16.5
2020-06-11,7.9245,8.0211,7.8762,7.9259,203300,16.4
2020-06-12,7.8762,7.9728,7.7795,7.9742,221600,16.5
2020-06-15,7.9728,8.6976,7.9245,7.9259,225288,16.4
2020-06-16,7.8762,8.0211,7.8762,8.0225,212600,16.6
2020-06-17,7.9728,8.0211,7.9728,7.9742,150700,16.5
2020-06-18,7.9245,8.0211,7.8762,8.0225,213200,16.6
2020-06-19,7.9728,8.1661,7.9728,8.0709,233785,16.7
2020-06-22,7.9728,8.2627,7.9728,8.1192,243949,16.8
2020-06-23,8.0694,8.1661,8.0211,8.1192,215100,16.8
2020-06-24,8.0211,8.1661,8.0211,8.0709,205827,16.7
2020-06-25,8.0211,8.0211,7.8762,7.9259,201499,16.4
2020-06-26,7.8762,8.0211,7.8762,7.8775,222700,16.3
2020-06-29,7.8278,7.8762,7.6346,7.6359,189333,15.8
2020-06-30,7.6346,7.6829,7.4413,7.6359,229100,15.8
2020-07-01,7.5862,7.7312,7.5862,7.6842,220280,15.9
2020-07-02,7.6829,7.7312,7.6346,7.7326,234600,16
2020-07-03,7.6829,7.7795,7.6346,7.7809,244950,16.1
2020-07-06,7.7312,7.8762,7.7312,7.8292,207900,16.2
2020-07-07,7.7795,7.9728,7.7795,7.8775,187500,16.3
2020-07-08,7.7795,7.8762,7.7312,7.8292,189400,16.2
2020-07-09,7.7795,7.9245,7.7795,7.9259,208100,16.4
2020-07-10,7.8278,7.9245,7.8278,7.9259,197100,16.4
2020-07-13,7.8278,7.9245,7.8278,7.8775,205000,16.3
2020-07-14,7.8278,7.8762,7.7795,7.8775,172600,16.3
2020-07-15,7.8278,7.9245,7.8278,7.8292,205400,16.2
2020-07-16,7.7795,7.8278,7.5862,7.8292,227600,16.2
2020-07-17,7.7795,7.8278,7.6346,7.8292,175100,16.2
2020-07-20,7.7795,7.8278,7.6829,7.7809,172300,16.1
2020-07-21,7.7795,7.9245,7.7312,7.8292,195500,16.2
2020-07-22,7.8278,7.8762,7.6829,7.7809,179700,16.1
2020-07-23,7.7312,7.8278,7.6829,7.8292,177600,16.2
2020-07-24,7.7795,7.7795,7.5862,7.7326,172300,16
2020-07-27,7.7312,7.7312,7.5379,7.7326,185100,16
2020-07-28,7.6829,7.8278,7.5862,7.7809,182410,16.1
2020-07-29,7.6829,7.7795,7.5862,7.7809,182208,16.1
2020-07-30,7.7312,7.7795,7.6346,7.7809,235100,16.1
2020-07-31,7.6829,7.7795,7.6829,7.7809,149400,16.1
2020-08-03,7.7312,7.7312,7.6346,7.7326,162100,16
2020-08-04,7.6829,7.7795,7.6346,7.7326,148700,16
2020-08-05,7.6829,7.7795,7.6346,7.7809,154310,16.1
2020-08-06,7.7312,7.7795,7.6346,7.7326,166800,16
2020-08-07,7.6829,7.7312,7.6346,7.7326,162410,16
2020-08-10,7.6829,7.7312,7.6346,7.6842,178800,15.9
2020-08-11,7.6829,7.7312,7.6346,7.7326,154520,16
2020-08-12,7.6829,7.7312,7.6346,7.7326,162200,16
2020-08-13,7.6829,7.7795,7.6346,7.7809,168910,16.1
2020-08-14,7.7312,7.7795,7.6829,7.7326,175100,16
2020-08-17,7.6829,7.7312,7.6346,7.7326,156410,16
2020-08-18,7.6829,7.7312,7.6829,7.7326,186700,16
2020-08-19,7.6829,7.7795,7.6829,7.7326,170100,16
2020-08-20,7.6829,7.7795,7.6829,7.7326,184100,16
2020-08-21,7.6829,7.7312,7.6829,7.7326,165600,16
2020-08-24,7.6829,7.7795,7.6829,7.7809,177300,16.1
2020-08-25,7.7312,7.8762,7.6346,7.8292,194900,16.2
2020-08-26,7.7795,7.9245,7.7312,7.8775,174431,16.3
2020-08-27,7.8278,7.9728,7.8278,7.9742,195300,16.5
2020-08-28,7.9245,8.601,7.9245,8.4092,273885,17.4
2020-08-31,8.311,8.6976,8.311,8.4575,299638,17.5
2020-09-01,8.3594,8.5526,8.3594,8.3608,256200,17.3
2020-09-03,8.311,8.4077,8.1661,8.4092,287100,17.4
2020-09-04,8.3594,8.3594,8.1661,8.3608,260000,17.3
2020-09-07,8.311,8.3594,8.1661,8.2158,252322,17
2020-09-08,8.1661,8.1661,7.9245,7.9742,216800,16.5
2020-09-09,7.9245,7.9728,7.8762,7.9742,168800,16.5
2020-09-10,7.9245,8.0694,7.9245,8.0225,172506,16.6
2020-09-11,7.9728,8.1661,7.9245,8.1192,195322,16.8
2020-09-14,8.0694,8.1661,8.0694,8.1675,239600,16.9
2020-09-15,8.0694,8.1661,7.9245,8.1192,213150,16.8
2020-09-16,8.0694,8.1661,8.0211,8.1192,201916,16.8
2020-09-17,8.0694,8.2144,8.0694,8.1675,180103,16.9
2020-09-18,8.1178,8.1661,8.0694,8.1675,178478,16.9
2020-09-21,8.1178,8.1661,8.0211,8.1192,163700,16.8
2020-09-22,8.0694,8.0694,8.0211,8.0709,187150,16.7
2020-09-23,8.0211,8.1178,7.9728,8.1192,165415,16.8
2020-09-24,8.0694,8.1178,8.0211,8.0709,177800,16.7
2020-09-25,8.0694,8.1178,8.0211,8.1192,187320,16.8
2020-09-28,8.1178,8.1661,8.0694,8.1675,141663,16.9
2020-09-29,8.1661,8.2144,8.0694,8.1192,147405,16.8
2020-09-30,8.0694,8.1661,7.9728,8.1675,162700,16.9
2020-10-01,8.0694,8.1661,8.0694,8.1675,205700,16.9
2020-10-02,8.0694,8.1178,8.0211,8.1192,196800,16.8
2020-10-05,8.0694,8.1178,7.9728,8.1192,176708,16.8
2020-10-06,8.0694,8.1661,8.0211,8.1675,197100,16.9
2020-10-07,8.1178,8.1178,8.0694,8.0709,160300,16.7
2020-10-08,8.0694,8.1178,8.0694,8.1192,178820,16.8
2020-10-09,8.0694,8.1661,8.0211,8.1675,156100,16.9
2020-10-12,8.0694,8.1661,8.0694,8.1192,181900,16.8
2020-10-13,8.0694,8.1178,8.0211,8.1192,188300,16.8
2020-10-14,8.0694,8.2144,8.0211,8.1675,190605,16.9
2020-10-15,8.0694,8.1661,8.0211,8.0709,212200,16.7
2020-10-16,8.0694,8.1661,8.0211,8.1192,201300,16.8
2020-10-19,8.0694,8.1661,8.0694,8.1192,165400,16.8
2020-10-20,8.0694,8.1661,8.0211,8.0709,184468,16.7
2020-10-21,8.0694,8.1661,8.0211,8.0709,195179,16.7
2020-10-22,8.0694,8.0694,7.9728,8.0709,183900,16.7
2020-10-23,8.0694,8.1178,7.9728,8.1192,212400,16.8
2020-10-26,8.0694,8.1178,8.0211,8.0709,164400,16.7
2020-10-27,8.0211,8.0694,7.9728,8.0709,173200,16.7
2020-10-28,8.0211,8.0694,7.9728,7.9742,175200,16.5
2020-10-29,8.0211,8.5526,7.9728,8.0709,161600,16.7
2020-10-30,7.7312,8.0694,7.7312,8.0709,177200,16.7
2020-11-02,8.0211,8.1178,8.0211,8.1192,200800,16.8
2020-11-03,8.0694,8.1661,8.0211,8.1192,171000,16.8
2020-11-04,8.0694,8.1178,8.0211,8.1192,163868,16.8
2020-11-05,8.0694,8.1178,8.0211,8.0709,196400,16.7
2020-11-06,8.0694,8.1178,8.0211,8.1192,184400,16.8
2020-11-09,8.0694,8.1178,8.0694,8.1192,160400,16.8
2020-11-10,8.0694,8.1661,8.0694,8.0709,150310,16.7
2020-11-11,8.0694,8.1178,8.0211,8.0709,182200,16.7
2020-11-12,8.0694,8.1178,8.0211,8.0709,154950,16.7
2020-11-13,8.0211,8.1178,8.0211,8.1192,166910,16.8
2020-11-16,8.0694,8.1178,8.0211,8.1192,152700,16.8
2020-11-17,8.0694,8.1178,8.0694,8.1192,154300,16.8
2020-11-18,8.0694,8.1178,8.0211,8.1192,161972,16.8
2020-11-19,8.0694,8.1178,8.0211,8.0709,165838,16.7
2020-11-20,8.0694,8.1178,8.0694,8.1192,159600,16.8
2020-11-23,8.0694,8.1178,8.0211,8.0709,155300,16.7
2020-11-24,8.0694,8.1178,8.0211,8.0709,152120,16.7
2020-11-25,8.0694,8.1178,8.0694,8.1192,177100,16.8
2020-11-26,8.0694,8.2144,8.0211,8.1192,174940,16.8
2020-11-27,8.1178,8.1661,8.0694,8.1192,169587,16.8
2020-11-30,8.0694,8.1661,8.0211,8.0709,154730,16.7
2020-12-01,8.0694,8.1178,7.9728,8.1192,188100,16.8
2020-12-02,8.0694,8.1178,8.0694,8.1192,154940,16.8
2020-12-03,8.0694,8.2627,8.0211,8.2642,154430,17.1
2020-12-04,8.2144,8.2627,8.1178,8.2642,176200,17.1
2020-12-07,8.1661,8.2627,8.1661,8.2642,154800,17.1
2020-12-08,8.2144,8.2144,8.1178,8.2158,174530,17
2020-12-09,8.1661,8.2144,8.0694,8.2158,177500,17
2020-12-10,8.1661,8.2144,8.1178,8.1675,176150,16.9
2020-12-11,8.1178,8.1661,8.0694,8.1675,181830,16.9
2020-12-14,8.1178,8.1661,8.0694,8.1675,172200,16.9
2020-12-15,8.0694,8.1661,8.0694,8.1192,174300,16.8
2020-12-16,8.0694,8.1178,8.0211,8.1192,151686,16.8
2020-12-17,8.0694,8.1178,7.9245,8.1192,175711,16.8
2020-12-18,8.0694,8.1178,8.0694,8.1192,196100,16.8
2020-12-21,8.0694,8.1178,8.0694,8.1192,239700,16.8
2020-12-22,8.0694,8.1178,8.0211,8.1192,208440,16.8
2020-12-23,8.0694,8.1178,8.0211,8.1192,154367,16.8
2020-12-24,8.0694,8.0694,7.9728,8.0709,83920,16.7
2020-12-25,8.0694,8.1661,8.0211,8.1675,139600,16.9
2020-12-28,8.1178,8.1661,8.1178,8.1675,151700,16.9
2020-12-29,8.0694,8.1661,8.0694,8.1675,116930,16.9
2020-12-30,8.1178,8.1661,8.0211,8.1192,140300,16.8
2020-12-31,8.0694,8.1178,8.0211,8.1192,139375,16.8
2021-01-04,8.0694,8.2144,8.0211,8.2158,168467,17
2021-01-05,8.1178,8.2144,8.1178,8.2158,172401,17
2021-01-06,8.1178,8.2627,8.1178,8.2158,246210,17
2021-01-07,8.1178,8.2627,8.1178,8.2642,169400,17.1
2021-01-08,8.1178,8.2627,8.1178,8.2642,194777,17.1
2021-01-11,8.1661,8.311,8.1661,8.3125,180800,17.2
2021-01-12,8.1661,8.311,7.9728,8.3125,169508,17.2
2021-01-13,8.1661,8.311,8.1661,8.2642,206300,17.1
2021-01-14,8.1178,8.2144,8.1178,8.2158,152600,17
2021-01-15,8.1178,8.2144,8.1178,8.2158,169400,17
2021-01-18,8.1178,8.1661,8.0694,8.1192,218185,16.8
2021-01-19,8.1178,8.1178,7.9728,8.0225,189110,16.6
2021-01-20,8.0211,8.0694,7.8762,8.0225,197900,16.6
2021-01-21,7.9728,8.1178,7.8762,8.1192,232300,16.8
2021-01-22,8.0211,8.0694,7.8762,8.0709,200472,16.7
2021-01-25,7.9728,8.0694,7.9728,8.0225,160000,16.6
2021-01-26,7.9728,8.0211,7.8762,8.0225,200400,16.6
2021-01-27,7.9728,7.9728,7.8762,7.9742,186201,16.5
2021-01-28,7.9245,7.9245,7.7312,7.9259,159100,16.4
2021-01-29,7.7795,7.8278,7.6829,7.8292,193950,16.2
2021-02-01,7.7312,7.7312,7.4896,7.4909,197300,15.5
2021-02-02,7.6346,7.7312,7.5862,7.7326,149200,16
2021-02-03,7.7795,7.8278,7.7312,7.8292,131851,16.2
2021-02-04,7.8278,7.9245,7.7795,7.8775,178200,16.3
2021-02-05,7.8278,7.8762,7.7795,7.8292,160700,16.2
2021-02-08,7.7795,7.8278,7.6829,7.8292,138700,16.2
2021-02-09,7.7795,7.8762,7.7312,7.8775,134601,16.3
2021-02-17,7.8278,7.9728,7.8278,7.9742,168900,16.5
2021-02-18,7.8762,7.9728,7.8762,7.9742,160200,16.5
2021-02-19,7.8762,7.9728,7.8762,7.9259,152600,16.4
2021-02-22,7.8278,7.9245,7.8278,7.9259,162300,16.4
2021-02-23,7.8278,7.9245,7.8278,7.9259,131401,16.4
2021-02-24,7.8278,7.9245,7.8278,7.9259,142900,16.4
2021-02-25,7.8278,7.9245,7.8278,7.9259,132101,16.4
2021-02-26,7.8278,8.0211,7.7795,8.0225,172700,16.6
2021-03-01,7.9245,8.0694,7.9245,8.0709,157293,16.7
2021-03-02,7.9728,8.0694,7.9245,8.0709,184800,16.7
2021-03-03,8.0211,8.0694,7.9245,8.0225,170900,16.6
2021-03-04,7.9728,8.0694,7.9245,8.0225,175201,16.6
2021-03-05,7.9245,8.0211,7.9245,8.0225,169308,16.6
2021-03-08,7.9245,8.0694,7.9245,8.0225,178300,16.6
2021-03-09,7.9245,8.0694,7.9245,8.0225,156900,16.6
2021-03-10,7.9728,8.0694,7.9728,8.0709,162036,16.7
2021-03-11,7.9728,8.1661,7.9728,8.1675,272906,16.9
2021-03-12,8.0694,8.2144,8.0694,8.1675,254000,16.9
2021-03-15,8.0694,8.2144,8.0694,8.2158,259070,17
2021-03-16,8.1178,8.2144,8.1178,8.2158,233220,17
2021-03-17,8.1178,8.2144,8.1178,8.1675,203917,16.9
2021-03-18,8.0694,8.1178,7.9728,8.1192,230520,16.8
2021-03-19,8.0694,8.1178,7.9728,8.1192,169620,16.8
2021-03-22,8.0211,8.1178,8.0211,8.1192,338438,16.8
2021-03-23,8.0211,8.1178,7.8762,8.1192,206100,16.8
2021-03-24,8.0211,8.1178,7.8762,8.1192,266960,16.8
2021-03-25,8.0211,8.1178,8.0211,8.1192,168750,16.8
2021-03-26,8.0694,8.1661,7.9728,8.1675,212142,16.9
2021-03-29,8.1178,8.2144,7.9728,8.1675,214720,16.9
2021-03-30,8.0694,8.2144,7.9728,8.2158,192643,17
2021-03-31,8.1178,8.2144,8.1178,8.2158,196715,17
2021-04-01,8.1178,8.2144,7.9728,8.1192,190170,16.8
2021-04-02,8.2144,8.8909,8.0211,8.8924,493513,18.4
2021-04-05,9.7606,9.7606,9.7606,9.7624,63340,20.2
2021-04-06,10.727,10.727,9.9539,10.7289,1206810,22.2
2021-04-07,10.727,11.5968,9.9539,11.1156,405243,23
2021-04-08,11.5485,11.5485,10.872,11.1156,212893,23
2021-04-09,10.9203,10.9203,10.6304,10.8739,167404,22.5
2021-04-12,10.6304,10.872,10.2438,10.4873,226150,21.7
2021-04-13,10.1472,10.6304,9.664,9.6657,113921,20
2021-04-14,9.664,10.1472,9.5674,10.149,83923,21
2021-04-15,10.1472,10.872,10.1472,10.6323,57350,22
2021-04-16,10.0022,10.6787,10.0022,10.6323,119691,22
2021-04-19,10.6304,10.6304,10.3405,10.3906,37000,21.5
2021-04-20,10.6304,10.6304,10.0022,10.5356,45621,21.8
2021-04-22,10.5338,10.5338,9.5674,10.0523,108665,20.8
2021-04-23,10.0506,10.6304,10.0506,10.6323,88300,22
2021-04-26,10.6304,10.8237,10.4371,10.5839,80100,21.9
2021-04-27,10.3405,10.6304,10.3405,10.5839,35900,21.9
2021-04-28,10.5338,10.6304,10.4854,10.5839,37968,21.9
2021-04-29,10.5821,10.5821,10.3405,10.3423,12100,21.4
2021-05-04,10.2922,10.2922,9.4707,9.6657,42132,20
2021-05-05,10.0989,10.0989,9.8573,9.9557,11500,20.6
2021-05-06,10.0506,10.0506,9.664,9.6657,24310,20
2021-05-07,9.6157,10.0989,9.6157,9.9557,21915,20.6
2021-05-10,9.9539,9.9539,9.7123,9.8107,20300,20.3
2021-05-11,9.809,9.9056,9.664,9.9073,37800,20.5
2021-05-12,9.9056,10.0022,9.8573,9.859,9600,20.4
2021-05-13,9.809,10.0022,9.7606,9.859,6400,20.4
2021-05-14,9.7606,9.8573,9.7123,9.8107,4600,20.3
2021-05-17,9.809,9.8573,9.664,9.714,39800,20.1
2021-05-18,9.9056,9.9056,9.7123,9.714,7600,20.1
2021-05-19,9.9056,10.5338,9.9056,10.3906,19200,21.5
2021-05-20,10.3888,10.3888,10.1472,10.149,3700,21
2021-05-21,10.727,11.1619,10.0506,10.149,9511,21
2021-05-24,10.1472,10.3405,9.7123,10.149,68500,21
2021-05-25,10.1472,10.3405,9.664,9.7624,50900,20.2
2021-05-26,9.9056,10.0506,9.8573,9.859,3461,20.4
2021-05-27,10.0506,10.0506,9.7606,9.7624,1800,20.2
2021-05-28,9.7606,9.809,9.7606,9.8107,19400,20.3
2021-05-31,9.9539,10.0022,9.6157,9.6174,12600,19.9
2021-06-01,9.4224,9.809,9.1808,9.8107,21560,20.3
2021-06-02,9.809,9.809,8.8909,9.6657,52401,20
2021-06-03,9.664,9.664,9.4224,9.6657,21300,20
2021-06-04,9.3258,10.0989,9.3258,10.1007,423861,20.9
2021-06-07,9.8573,10.1472,9.4224,9.7624,10300,20.2
2021-06-08,9.7606,9.7606,9.4224,9.4724,70511,19.6
2021-06-09,9.4224,9.519,9.3741,9.5207,203800,19.7
2021-06-10,9.5674,9.7123,9.519,9.6174,428200,19.9
2021-06-11,9.5674,9.7123,9.5674,9.6657,422209,20
2021-06-14,9.664,10.0989,9.664,9.714,205200,20.1
2021-06-15,9.7606,9.8573,9.664,9.859,202320,20.4
2021-06-16,9.8573,9.9539,9.7606,9.9073,188472,20.5
2021-06-17,9.9056,9.9539,9.809,9.9557,205500,20.6
2021-06-18,9.9539,10.2438,9.9056,10.1007,197072,20.9
2021-06-22,10.0989,10.1472,10.0506,10.149,204500,21
2021-06-23,10.0989,10.1472,9.9539,10.0523,233800,20.8
2021-06-24,9.8573,9.8573,9.7123,9.8107,163700,20.3
2021-06-25,9.7606,9.8573,9.7123,9.8107,156760,20.3
2021-06-28,9.809,9.8573,9.664,9.7624,204520,20.2
2021-06-29,9.7606,9.809,9.664,9.6657,63200,20
2021-06-30,9.664,9.809,9.664,9.8107,19600,20.3
2021-07-01,9.664,9.9056,9.664,9.859,44160,20.4
2021-07-02,9.9056,9.9056,9.664,9.6657,51500,20
2021-07-05,9.664,9.664,9.3258,9.5207,14100,19.7
2021-07-06,9.4224,9.8573,9.4224,9.569,25406,19.8
2021-07-07,9.9056,10.0022,9.519,9.6657,49224,20
2021-07-08,9.9539,9.9539,9.4224,9.6657,1600,20
2021-07-09,9.664,9.664,9.2774,9.2791,53300,19.2
2021-07-12,9.2774,9.3258,8.9392,9.0374,162100,18.7
2021-07-13,9.0842,9.1325,8.9392,8.9891,173700,18.6
2021-07-14,8.9875,9.0358,8.8426,8.9891,194200,18.6
2021-07-15,8.9875,8.9875,8.8426,8.9891,164300,18.6
2021-07-16,8.9875,9.1325,8.9392,9.1341,185900,18.9
2021-07-19,9.1325,9.1325,8.8909,8.9408,157100,18.5
2021-07-20,8.9392,8.9875,8.7942,8.9891,161600,18.6
2021-07-21,8.9875,9.0842,8.9392,8.9891,152800,18.6
2021-07-22,8.9392,9.0358,8.9392,9.0374,181100,18.7
2021-07-23,8.9875,9.2291,8.9875,9.2307,191200,19.1
2021-07-26,9.2291,10.1472,9.1808,10.149,197470,21
2021-07-27,10.4854,11.0653,9.9539,9.9557,164020,20.6
2021-07-28,9.8573,9.9539,9.664,9.9073,131130,20.5
2021-07-29,9.896,10.2136,9.6844,9.7906,184725,18.5
2021-07-30,9.7902,10.7428,9.7902,10.6903,240880,20.2
2021-08-03,11.0074,11.0074,10.9015,11.0078,207202,20.8
2021-08-04,11.0074,11.4307,10.9015,11.4312,162100,21.6
2021-08-05,11.272,11.5895,11.272,11.5899,184010,21.9
2021-08-06,11.4307,12.7008,11.4307,12.7013,397679,24
2021-08-09,12.7008,13.6534,12.7008,13.2305,194561,25
2021-08-10,13.1242,13.3888,13.0712,13.3893,176250,25.3
2021-08-11,13.23,13.4417,13.1242,13.3893,144720,25.3
2021-08-12,13.23,13.3358,12.6479,13.2305,172650,25
2021-08-13,13.1242,13.2829,13.0183,13.2835,165900,25.1
2021-08-16,13.23,13.3888,13.1242,13.3364,150300,25.2
2021-08-17,13.23,13.3888,13.1771,13.2305,174394,25
2021-08-18,13.23,13.2829,13.0712,13.2835,167300,25.1
2021-08-19,13.23,13.4946,13.1771,13.4951,156300,25.5
2021-08-23,13.23,13.7592,13.23,13.7068,159700,25.9
2021-08-24,13.4946,14.0238,13.4946,13.7598,167320,26
2021-08-25,13.6004,13.918,13.6004,13.9185,185710,26.3
2021-08-26,13.6004,14.2355,13.6004,14.2361,156593,26.9
2021-08-27,13.6534,14.3942,13.6534,14.1831,143800,26.8
2021-08-30,14.0238,14.3942,14.0238,14.2361,190200,26.9
2021-08-31,14.0767,14.5001,14.0767,14.2361,169310,26.9
2021-09-01,14.1826,14.4472,14.1826,14.1831,158200,26.8
2021-09-06,14.0767,14.4472,14.0767,14.289,162500,27
2021-09-07,14.1296,14.4472,14.1296,14.1302,166400,26.7
2021-09-08,14.0238,14.0767,13.7592,14.0244,160300,26.5
2021-09-09,13.9709,14.2884,13.918,14.289,166300,27
2021-09-10,14.0238,14.7118,14.0238,14.5536,163800,27.5
2021-09-14,14.2355,14.5001,14.0767,14.0773,240900,26.6
2021-09-15,14.2884,14.3413,14.0238,14.2361,114900,26.9
2021-09-16,14.3942,14.4472,14.1296,14.1302,187400,26.7
2021-09-17,14.0238,14.553,14.0238,14.289,194110,27
2021-09-20,14.1826,14.553,14.1826,14.289,190200,27
2021-09-21,14.1826,14.3413,14.1296,14.2361,203200,26.9
2021-09-22,14.2355,14.2884,13.9709,14.0244,184100,26.5
2021-09-23,14.0238,14.1826,13.7063,13.7598,227900,26
2021-09-24,13.7592,13.7592,13.1771,13.2305,304220,25
2021-09-27,13.23,14.1296,13.23,13.9185,218657,26.3
2021-09-28,13.865,13.9709,13.7063,13.9714,282312,26.4
2021-09-29,13.865,14.0767,13.8121,14.0244,268400,26.5
2021-09-30,13.918,14.1826,13.918,14.1831,270810,26.8
2021-10-01,14.1826,14.2355,14.0767,14.2361,253906,26.9
2021-10-04,14.1296,14.4472,14.0238,14.0244,292540,26.5
2021-10-05,14.0238,14.1826,13.918,14.1302,249600,26.7
2021-10-06,14.0238,14.2884,13.918,13.9185,289900,26.3
2021-10-07,13.918,14.1296,13.918,14.0773,297213,26.6
2021-10-08,14.0767,14.1826,13.9709,13.9714,279600,26.4
2021-10-11,13.9709,14.1296,13.918,14.0244,228124,26.5
2021-10-12,14.0238,14.1296,13.918,13.9714,253812,26.4
2021-10-13,13.9709,14.0767,13.918,13.9185,300349,26.3
2021-10-14,13.918,14.1826,13.918,14.1302,273774,26.7
2021-10-15,14.0238,14.2884,14.0238,14.2361,245443,26.9
2021-10-18,14.1296,14.2884,14.1296,14.1302,235890,26.7
2021-10-19,14.0238,14.2884,14.0238,14.289,256878,27
2021-10-20,14.2884,14.3413,14.0767,14.1302,243285,26.7
2021-10-21,14.1296,14.4472,14.0767,14.1831,305270,26.8
2021-10-22,14.0767,14.2884,14.0767,14.289,218536,27
2021-10-25,14.1826,15.7172,14.1826,15.7179,391537,29.7
2021-10-27,17.1461,17.3048,16.9344,17.1997,471003,32.5
2021-10-28,17.0932,17.2519,15.5056,17.2526,561335,32.6
2021-10-29,17.4636,17.9399,16.8815,17.9406,585086,33.9
2021-11-01,17.7811,19.6862,17.7811,19.687,657232,37.2
2021-11-02,19.6333,21.6443,19.6333,21.1159,854330,39.9
2021-11-03,21.0622,22.4381,21.0622,21.6981,516614,41
2021-11-04,21.3268,22.491,19.6862,22.4919,1054510,42.5
2021-11-05,22.491,23.179,21.9618,21.9627,385411,41.5
2021-11-08,21.9089,22.3852,21.5914,22.3861,393071,42.3
2021-11-09,22.491,22.9673,22.0676,22.7565,476813,43
2021-11-10,22.8085,25.0312,22.1735,25.0322,596415,47.3
2021-11-11,24.9253,25.2958,24.2903,24.8205,358808,46.9
2021-11-12,24.8195,26.0896,24.3432,26.0906,453328,49.3
2021-11-15,26.0896,28.6826,26.0896,28.6838,762459,54.2
2021-11-16,29.106,31.4345,29.106,31.2241,407305,59
2021-11-17,31.3816,33.3396,30.1644,31.6474,518282,59.8
2021-11-18,31.6462,31.752,29.5823,31.0653,488945,58.7
2021-11-19,31.064,31.2228,28.5768,29.4247,609871,55.6
2021-11-22,29.4235,30.2702,27.5184,30.2715,815448,57.2
2021-11-23,28.5768,30.429,27.5184,29.6364,375879,56
2021-11-24,29.9527,30.0586,28.5768,30.0598,376923,56.8
2021-11-25,30.0586,30.0586,28.5768,28.5779,231300,54
2021-11-26,28.5768,29.6352,28.0476,29.6364,454233,56
2021-11-29,29.106,29.8998,28.6297,29.4247,230409,55.6
2021-11-30,29.6352,29.6352,28.0476,29.0013,185585,54.8
2021-12-01,27.5184,28.8943,26.1425,28.3663,210059,53.6
2021-12-02,28.3651,31.0111,28.3651,30.9594,1339805,58.5
2021-12-03,30.7465,33.3396,30.7465,31.6474,1177655,59.8
2021-12-06,31.752,32.0166,29.6352,30.589,299530,57.8
2021-12-07,29.6352,30.0056,27.5713,28.1546,849647,53.2
2021-12-08,28.1534,28.5768,27.2009,28.3133,502899,53.5
2021-12-09,28.3122,28.471,27.5184,28.4721,285808,53.8
2021-12-10,28.0476,28.3122,27.5713,27.7841,193603,52.5
2021-12-13,27.783,29.0531,27.783,28.4721,505004,53.8
2021-12-14,28.418,28.7885,27.8359,28.7367,235402,54.3
2021-12-15,28.6826,28.7356,27.8888,28.0487,311705,53
2021-12-16,28.0476,28.2064,27.2538,27.4137,164807,51.8
2021-12-17,27.4126,30.1115,24.8724,30.1127,615262,56.9
2021-12-20,30.1115,30.429,28.471,30.1127,220762,56.9
2021-12-21,29.6881,29.794,27.3067,29.4247,176700,55.6
2021-12-22,29.1589,31.2228,28.0476,30.6948,387793,58
2021-12-23,30.5348,32.0166,30.5348,31.4887,529826,59.5
2021-12-24,31.4874,32.9162,31.4874,32.4942,667304,61.4
2021-12-27,32.2812,32.3341,30.6936,30.9594,137870,58.5
2021-12-28,30.6936,33.6042,29.1589,33.6056,356554,63.5
2021-12-29,33.3396,33.3396,30.429,31.7533,155363,60
2021-12-30,31.6462,31.752,30.1644,30.8007,115311,58.2
2021-12-31,27.783,30.8524,27.783,30.5361,194932,57.7
2022-01-04,30.5348,31.5932,30.4819,30.589,107357,57.8
2022-01-05,30.5348,30.9053,30.5348,30.8536,418800,58.3
2022-01-06,30.8524,31.2757,30.6407,30.6419,228694,57.9
2022-01-07,30.6407,30.9053,30.2173,30.7478,316746,58.1
2022-01-10,30.7465,30.9582,30.429,30.6948,357182,58
2022-01-11,30.6936,31.117,30.2702,31.0124,358172,58.6
2022-01-12,31.0111,31.117,28.0476,29.901,170107,56.5
2022-01-13,29.8998,30.9582,29.8998,30.6948,313300,58
2022-01-14,30.6936,30.9053,30.2702,30.8007,109913,58.2
2022-01-17,30.7994,32.0166,30.6936,30.8536,391242,58.3
2022-01-18,27.783,31.4874,27.783,30.9594,308408,58.5
2022-01-19,30.9582,31.064,30.2173,30.2715,134509,57.2
2022-01-20,30.2702,30.6936,28.7885,30.4302,305300,57.5
2022-01-21,30.429,30.6936,29.2648,30.1656,162212,57
2022-01-24,30.1644,30.3232,28.0476,29.6364,272800,56
2022-01-25,29.6352,30.0056,28.3122,28.4192,226062,53.7
2022-01-26,28.418,29.3706,28.3122,28.4192,450110,53.7
2022-01-27,28.418,29.106,27.783,28.4192,141500,53.7
2022-01-28,28.418,29.4235,27.5184,28.8426,185583,54.5
2022-02-07,28.8414,29.2118,28.8414,29.1072,94804,55
2022-02-08,29.106,29.2118,28.7356,29.0013,124600,54.8
2022-02-09,29.0002,29.3177,28.7356,28.8426,100721,54.5
2022-02-10,28.8414,28.8414,28.3122,28.8426,85100,54.5
2022-02-11,28.8414,28.8414,28.0476,28.4721,94013,53.8
2022-02-14,28.8414,28.8414,28.0476,28.3663,46992,53.6
2022-02-15,28.471,28.5768,27.9947,28.2075,66700,53.3
2022-02-16,28.3651,28.6297,28.1534,28.4192,66804,53.7
2022-02-17,28.471,28.5768,28.3651,28.4721,72600,53.8
2022-02-18,28.5239,28.5768,28.0476,28.2604,97700,53.4
2022-02-21,28.3122,28.471,28.0476,28.1546,92440,53.2
2022-02-22,28.1534,28.471,27.9418,28.1546,81000,53.2
2022-02-23,28.3651,28.3651,27.9947,28.1546,87802,53.2
2022-02-24,27.9418,27.9947,27.4126,27.6783,123756,52.3
2022-02-25,27.6772,27.6772,27.3067,27.4666,151800,51.9
2022-02-28,27.4655,27.5713,26.9892,26.9903,228630,51
2022-03-01,26.9892,27.2538,26.8304,27.2549,275405,51.5
2022-03-02,27.4126,27.8359,27.2538,27.5724,285056,52.1
2022-03-03,27.5713,28.5768,27.2538,28.5779,337990,54
2022-03-04,28.5768,29.106,28.5768,29.0542,424216,54.9
2022-03-07,28.5768,28.8414,28.471,28.7896,265901,54.4
2022-03-08,28.7356,28.7885,28.1534,28.3663,174736,53.6
2022-03-09,28.3651,28.3651,27.148,28.0487,100435,53
2022-03-10,28.0476,28.8414,28.0476,28.7367,417068,54.3
2022-03-11,28.7356,28.9472,27.8888,27.9958,86900,52.9
2022-03-14,27.9947,28.0476,27.3067,27.3078,198200,51.6
2022-03-15,27.4126,27.8359,26.2483,27.4666,259848,51.9
2022-03-16,26.7246,30.0586,26.7246,29.1072,447850,55
2022-03-17,29.106,30.8524,29.106,29.6893,479455,56.1
2022-03-18,29.6881,29.6881,28.9472,29.1072,340502,55
2022-03-21,28.2064,30.0586,28.2064,29.901,382032,56.5
2022-03-22,29.8998,29.9527,28.3651,28.5779,97320,54
2022-03-23,28.5768,28.9472,28.5768,28.6838,159400,54.2
2022-03-24,28.6826,28.6826,27.8888,28.4192,177199,53.7
2022-03-25,28.3122,28.3651,27.6772,27.7841,196704,52.5
2022-03-28,27.783,28.8943,27.7301,28.525,149831,53.9
2022-03-29,28.5239,29.6352,28.5239,29.1072,629450,55
2022-03-30,28.8414,29.0531,28.3122,28.4192,171000,53.7
2022-03-31,28.3122,28.7885,28.0476,28.2075,209109,53.3
2022-04-04,27.5184,27.9418,27.2538,27.837,298501,52.6
2022-04-05,27.5184,28.8943,27.5184,28.2604,499900,53.4
2022-04-06,28.0476,28.3122,27.9418,28.2604,114100,53.4
2022-04-07,28.0476,28.2593,27.4126,27.5724,90300,52.1
2022-04-08,27.2538,27.783,26.8834,27.6254,210919,52.2
2022-04-12,27.6242,27.8359,27.095,27.6783,238917,52.3
2022-04-13,27.6772,27.9418,27.4655,27.9429,95097,52.8
2022-04-14,27.9947,28.3122,27.9418,28.1546,167804,53.2
2022-04-18,27.9947,28.1534,25.7191,25.8789,216700,48.9
2022-04-19,25.8779,26.5658,25.2958,25.826,248002,48.8
2022-04-20,25.9837,25.9837,23.5494,25.138,134100,47.5
2022-04-21,25.137,25.4016,23.814,25.1909,190600,47.6
2022-04-22,25.3487,26.46,24.8724,25.2968,141136,47.8
2022-04-25,25.2958,25.4016,23.4965,23.5503,159316,44.5
2022-04-26,25.5074,25.5074,22.7556,23.5503,252000,44.5
2022-04-27,23.5494,25.8779,23.5494,25.8789,78676,48.9
2022-04-28,25.8779,27.095,25.8779,26.514,41623,50.1
2022-04-29,26.5129,26.8834,26.5129,26.6198,51213,50.3
2022-05-04,26.6188,26.9363,26.1954,26.514,81924,50.1
2022-05-05,26.5129,26.8304,25.772,26.1965,70800,49.5
2022-05-06,26.1954,26.1954,25.0841,25.9318,97700,49
2022-05-09,25.9837,25.9837,23.6552,24.3442,57103,46
2022-05-10,24.3432,24.3432,23.6023,24.2383,58700,45.8
2022-05-11,24.2374,26.1954,23.9198,26.1965,88700,49.5
2022-05-12,23.814,26.1954,23.814,25.2968,169000,47.8
2022-05-13,25.2958,25.3487,24.2903,24.3442,78900,46
2022-05-16,24.3432,25.4016,24.3432,24.5559,218100,46.4
2022-05-17,24.5549,25.9308,24.0786,25.2968,137400,47.8
2022-05-18,25.2958,25.9308,24.8724,25.6143,127111,48.4
2022-05-19,25.6133,25.6133,24.8724,24.9792,184800,47.2
2022-05-20,24.9782,25.0312,24.6607,24.8734,205804,47
2022-05-23,24.8724,24.8724,24.3961,24.3971,241400,46.1
2022-05-24,24.3961,24.8724,24.1315,24.1854,161141,45.7
2022-05-25,24.1844,24.3432,23.8669,24.2913,163527,45.9
2022-05-26,24.2903,24.3432,23.814,24.0266,233432,45.4
2022-05-27,24.0257,24.2903,23.8669,24.2383,320900,45.8
2022-05-30,24.2374,24.449,24.1844,24.2383,177900,45.8
2022-05-31,24.2374,24.2374,24.0786,24.1325,119918,45.6
2022-06-01,24.1315,24.8724,24.1315,24.8734,157347,47
2022-06-02,24.8724,24.9782,24.6078,24.8734,109400,47
2022-06-03,24.8724,24.9253,23.8669,23.8679,145523,45.1
2022-06-06,23.8669,24.1844,23.814,23.815,206600,45
2022-06-07,23.814,23.814,23.2848,23.3387,161800,44.1
2022-06-08,23.3377,23.814,23.0731,23.2857,218423,44
2022-06-09,23.2848,23.4436,23.0202,23.3916,155200,44.2
2022-06-10,23.3906,23.814,23.3906,23.815,124500,45
2022-06-13,23.814,23.814,23.2848,23.4445,171030,44.3
2022-06-14,23.4436,23.4436,22.7556,23.1799,213241,43.8
2022-06-15,23.179,25.4545,23.179,23.815,87457,45
2022-06-16,23.7611,24.0786,23.7082,23.815,91900,45
2022-06-17,23.814,23.814,23.2848,23.4445,53700,44.3
2022-06-20,23.4436,23.4436,22.7556,23.0211,50400,43.5
2022-06-21,23.0202,23.0202,22.5439,22.5977,58500,42.7
2022-06-22,22.8085,23.2848,22.7027,23.0211,148300,43.5
2022-06-23,23.0202,23.2319,22.7556,23.074,98300,43.6
2022-06-24,23.0731,23.2319,23.0202,23.074,104800,43.6
2022-06-27,23.0731,23.6552,23.0202,23.5503,226600,44.5
2022-06-28,23.5494,24.1844,23.5494,23.7091,245301,44.8
2022-06-29,23.7082,24.1315,23.7082,23.815,178500,45
2022-06-30,23.814,24.1844,23.4436,23.4445,177600,44.3
2022-07-01,23.4436,23.814,23.179,23.815,178900,45
2022-07-04,23.814,24.0786,23.7611,23.815,155900,45
2022-07-05,23.814,23.814,23.2319,23.2328,161800,43.9
2022-07-06,23.2319,23.2319,22.6498,22.6507,177700,42.8
2022-07-07,22.6498,22.6498,22.1735,22.4919,141720,42.5
2022-07-08,22.491,23.0731,22.3852,22.7565,185065,43
2022-07-11,22.7556,22.8614,22.2264,22.2273,154000,42
2022-07-12,22.3852,22.491,21.5384,22.2273,180617,42
2022-07-13,22.2264,22.7027,22.2264,22.6507,167903,42.8
2022-07-14,22.6498,22.7027,22.6498,22.7036,142200,42.9
2022-07-15,22.7027,22.9673,22.7027,22.8094,122828,43.1
2022-07-18,22.8085,22.9673,22.8085,22.8624,109800,43.2
2022-07-19,22.8614,23.2319,22.8085,23.2328,156300,43.9
2022-07-20,23.2319,23.8669,23.2319,23.8679,133395,45.1
2022-07-21,23.8669,24.0786,23.8669,24.0796,102700,45.5
2022-07-22,24.0786,24.8724,24.0786,24.6088,104900,46.5
2022-07-25,24.6078,24.7136,24.6078,24.7146,104200,46.7
2022-07-26,24.7666,25.9308,24.7666,25.826,215507,48.8
2022-07-27,25.825,25.9308,25.6133,25.8789,178800,48.9
2022-07-28,25.8779,26.3012,25.8779,26.1965,239900,49.5
2022-07-29,26.1954,26.2483,25.6662,25.6672,188264,48.5
2022-08-01,25.6662,26.1954,25.6662,25.8789,139031,48.9
2022-08-02,25.8779,26.0366,25.4016,25.4026,182300,48
2022-08-03,25.4089,27.9282,25.4089,27.9295,319473,38.8
2022-08-04,27.9282,30.6635,27.9282,30.6649,703300,42.6
2022-08-05,30.6635,33.6866,30.6635,33.1123,819124,46
2022-08-08,33.1108,33.3267,31.8871,32.4645,435900,45.1
2022-08-09,32.463,32.463,30.2316,32.2485,373143,44.8
2022-08-10,32.247,34.5504,32.1751,34.336,436437,47.7
2022-08-11,34.3345,35.1982,32.9668,33.2563,412500,46.2
2022-08-12,33.2548,33.4707,31.2393,33.4003,339508,46.4
2022-08-15,33.3987,34.1905,31.3113,31.7446,415000,44.1
2022-08-16,31.7432,31.8152,30.9514,30.9528,517100,43
2022-08-17,30.9514,31.8152,30.7355,31.1688,324745,43.3
2022-08-18,31.1673,31.1673,30.8794,30.9528,249308,43
2022-08-19,30.8794,31.6712,29.7997,31.0968,316800,43.2
2022-08-22,31.0954,31.4553,30.2316,30.8089,244900,42.8
2022-08-23,30.8074,31.2393,30.2316,30.9528,291500,43
2022-08-24,30.9514,32.0311,30.2316,31.6727,383215,44
2022-08-25,31.6712,32.0311,31.2393,31.4567,214000,43.7
2022-08-26,31.4553,31.5272,29.7277,30.7369,251100,42.7
2022-08-29,30.7355,30.7355,29.5118,29.5851,217704,41.1
2022-08-30,29.4398,30.5915,29.4398,29.7291,230700,41.3
2022-08-31,29.7277,30.2316,28.936,30.161,185300,41.9
2022-09-05,30.1596,30.5195,29.7997,30.089,177840,41.8
2022-09-06,30.0876,30.0876,29.5118,29.5851,151806,41.1
2022-09-07,29.5838,29.6558,28.792,29.4412,244035,40.9
2022-09-08,29.4398,29.5118,28.936,29.4412,151900,40.9
2022-09-09,29.4398,29.7277,29.0799,29.4412,148922,40.9
2022-09-12,29.4398,29.8717,28.936,29.8731,213116,41.5
2022-09-13,29.8717,30.3756,29.5838,30.305,220167,42.1
2022-09-14,30.2316,30.3036,29.5118,30.305,201433,42.1
2022-09-15,30.2316,30.5915,29.8717,30.305,136201,42.1
2022-09-16,30.3036,30.3036,29.2959,29.2972,238489,40.7
2022-09-19,29.2959,29.2959,28.792,29.0093,260120,40.3
2022-09-20,29.0079,29.0799,28.792,29.0813,317606,40.4
2022-09-21,29.0799,29.1519,28.936,29.0813,161700,40.4
2022-09-22,29.0799,29.1519,28.792,29.1532,219900,40.5
2022-09-23,29.1519,29.1519,28.792,29.0093,237300,40.3
2022-09-26,29.0079,29.0079,28.3601,28.7933,232700,40
2022-09-27,28.792,28.792,27.9282,28.7933,231650,40
2022-09-28,28.792,28.936,28.5761,28.7933,182801,40
2022-09-29,28.792,28.792,28.1442,28.4334,228045,39.5
2022-09-30,28.4321,28.4321,27.7123,28.2175,118200,39.2
2022-10-03,28.5761,28.5761,27.2804,27.9295,287385,38.8
2022-10-04,27.9282,27.9282,27.3524,27.9295,307900,38.8
2022-10-05,27.9282,28.4321,27.4244,28.1455,174600,39.1
2022-10-06,28.1442,28.2162,27.4244,27.7856,163500,38.6
2022-10-07,27.7843,27.9282,27.2804,27.7856,209000,38.6
2022-10-10,27.7843,27.7843,27.4244,27.7856,219600,38.6
2022-10-11,27.7843,27.7843,27.2804,27.7856,186400,38.6
2022-10-12,27.7843,28.4321,27.6403,27.7856,123431,38.6
2022-10-13,27.7843,28.0722,27.3524,27.9295,169000,38.8
2022-10-14,28.0002,28.0002,27.7843,28.0015,142300,38.9
2022-10-17,28.0002,28.4321,27.3524,27.7856,137300,38.6
2022-10-18,27.7843,28.0002,27.6403,27.9295,177000,38.8
2022-10-19,27.9282,28.0002,27.4244,27.6416,111930,38.4
2022-10-20,27.6403,27.9282,27.4964,27.7136,87800,38.5
2022-10-21,27.7123,27.7123,27.2804,27.5696,210301,38.3
2022-10-24,27.5683,27.5683,26.9205,27.3537,126900,38
2022-10-25,27.3524,27.6403,27.1365,27.3537,122700,38
2022-10-26,27.3524,27.3524,26.6326,26.8498,157350,37.3
2022-10-27,27.3524,27.3524,26.8485,27.3537,86341,38
2022-10-28,27.3524,29.8717,27.1365,27.3537,128201,38
2022-10-31,28.0002,28.0002,26.7766,27.2817,20497,37.9
2022-11-01,27.3524,27.6403,26.4886,27.3537,54310,38
2022-11-02,27.2804,27.2804,26.4886,27.2097,34901,37.8
2022-11-03,27.6403,27.6403,26.4167,27.2097,135600,37.8
2022-11-04,27.2804,27.4244,26.4167,26.9937,126189,37.5
2022-11-07,27.3524,27.3524,26.6326,26.8498,193701,37.3
2022-11-08,24.4732,27.3524,24.4732,26.5618,133201,36.9
2022-11-09,26.5606,26.5606,25.193,26.5618,127901,36.9
2022-11-11,25.8408,25.8408,24.9051,25.5541,148000,35.5
2022-11-14,25.4809,25.4809,23.3215,24.1144,182000,33.5
2022-11-15,23.9693,23.9693,21.738,22.5308,485105,31.3
2022-11-16,22.3138,22.5297,20.2984,22.5308,160694,31.3
2022-11-17,22.5297,22.8896,20.2984,22.5308,189500,31.3
2022-11-18,22.4578,22.4578,20.2984,22.2428,227900,30.9
2022-11-21,21.594,22.0259,20.0824,21.595,106702,30
2022-11-22,21.594,21.594,19.4346,21.2351,259117,29.5
2022-11-23,20.8742,21.0182,19.1467,20.8752,132801,29
2022-11-24,20.5863,20.6583,19.2906,20.6592,257600,28.7
2022-11-25,20.4423,20.8742,18.6428,20.8752,228700,29
2022-11-28,20.8742,21.594,20.1544,21.595,419800,30
2022-11-29,19.4346,22.2418,19.4346,21.667,690982,30.1
2022-11-30,21.522,21.594,19.7945,21.595,601300,30
2022-12-01,21.3781,23.7534,21.3061,22.2428,526850,30.9
2022-12-02,22.2418,22.3138,21.0901,22.3148,215400,31
2022-12-05,21.594,23.8254,21.2341,23.7545,886133,33
2022-12-06,23.7534,25.049,23.1056,24.0424,803769,33.4
2022-12-07,24.0413,25.121,23.0336,23.7545,605301,33
2022-12-08,23.8974,24.2573,23.0336,23.7545,569883,33
2022-12-09,24.1133,24.2573,23.0336,23.7545,613850,33
2022-12-12,23.8254,23.8254,21.594,23.3226,336550,32.4
2022-12-13,23.2495,23.2495,21.738,23.1066,250800,32.1
2022-12-14,23.0336,23.0336,21.594,22.3148,241249,31
2022-12-15,22.3138,22.4578,20.8742,21.595,232101,30
2022-12-16,21.594,21.594,19.4346,20.8752,140718,29
2022-12-19,20.8742,20.9462,19.8665,20.5872,230800,28.6
2022-12-20,20.5863,20.5863,19.4346,20.5872,365803,28.6
2022-12-21,18.5708,20.5863,18.5708,20.4433,442800,28.4
2022-12-22,20.2264,20.4423,19.7945,20.4433,215529,28.4
2022-12-23,20.3703,20.4423,19.0747,20.4433,216250,28.4
2022-12-26,20.3703,20.3703,19.0747,20.2273,176100,28.1
2022-12-27,20.1544,20.4423,19.0747,20.3713,249600,28.3
2022-12-28,20.3703,20.3703,19.7945,20.3713,149234,28.3
2022-12-29,20.1544,20.3703,19.4346,20.2993,182300,28.2
2022-12-30,20.1544,20.2264,19.5786,20.2273,167910,28.1
2023-01-03,20.1544,20.4423,19.0747,20.4433,448912,28.4
2023-01-04,20.2984,20.2984,19.0747,20.2993,191200,28.2
2023-01-05,20.2264,20.2264,19.0747,20.0114,215250,27.8
2023-01-06,20.0104,20.0104,18.067,19.5795,333337,27.2
2023-01-09,19.4346,19.4346,17.851,18.6437,298925,25.9
2023-01-10,18.4989,18.4989,16.8433,18.1398,211045,25.2
2023-01-11,17.995,18.2829,16.5554,17.6359,204229,24.5
2023-01-12,17.6351,17.6351,16.8433,17.276,184600,24
2023-01-13,17.2752,17.6351,16.7713,17.6359,135604,24.5
2023-01-16,17.2752,18.6428,17.2752,18.6437,107800,25.9
2023-01-17,18.7148,19.6505,18.7148,19.6514,232503,27.3
2023-01-18,20.1544,20.4423,19.7225,20.4433,239300,28.4
2023-01-19,20.7302,22.4578,20.7302,22.4588,199400,31.2
2023-01-27,23.7534,23.9693,22.4578,22.8187,86700,31.7
2023-01-30,23.0336,23.0336,20.5863,22.9627,226090,31.9
2023-01-31,23.0336,23.0336,22.1698,22.7467,393604,31.6
2023-02-01,23.0336,23.6814,22.3138,22.3148,316971,31
2023-02-02,22.3138,22.3138,21.0901,21.0911,182606,29.3
2023-02-03,21.0901,21.594,21.0901,21.1631,108810,29.4
2023-02-06,21.1621,21.594,20.2984,21.2351,172505,29.5
2023-02-07,21.2341,21.594,20.1544,21.0911,221400,29.3
2023-02-08,21.0901,21.2341,20.7302,20.8752,249800,29
2023-02-09,20.8742,21.1621,20.1544,20.4433,298736,28.4
2023-02-10,20.4423,20.5143,20.1544,20.4433,303300,28.4
2023-02-13,20.4423,20.6583,19.5066,20.4433,254403,28.4
2023-02-14,20.4423,20.8742,20.1544,20.1553,334900,28
2023-02-15,20.1544,20.7302,20.0824,20.5872,394450,28.6
2023-02-16,20.1544,20.8022,19.9385,20.5872,389460,28.6
2023-02-17,20.5143,20.5863,20.1544,20.5872,444766,28.6
2023-02-20,20.1544,21.594,19.9385,21.379,369530,29.7
2023-02-21,21.3781,21.522,20.8742,21.1631,434921,29.4
2023-02-22,21.1621,21.3061,20.1544,20.1553,321351,28
2023-02-23,20.1544,20.4423,19.5786,20.2273,334057,28.1
2023-02-24,20.2264,20.2264,19.4346,19.4355,328541,27
2023-02-27,19.4346,20.0824,19.2906,19.7954,455179,27.5
2023-02-28,19.7945,20.4423,19.5786,20.2273,339700,28.1
2023-03-01,20.1544,20.5143,19.5066,20.2993,355601,28.2
2023-03-02,20.2984,20.6583,19.5066,20.2993,369039,28.2
2023-03-03,20.2984,20.3703,19.8665,20.0114,362200,27.8
2023-03-06,20.1544,20.3703,19.5066,20.0114,402377,27.8
2023-03-07,20.1544,20.2984,19.6505,20.2273,319201,28.1
2023-03-08,20.1544,20.6583,19.7225,20.5872,327713,28.6
2023-03-09,20.5863,21.522,20.1544,21.451,307000,29.8
2023-03-10,21.45,21.666,20.7302,21.0911,442600,29.3
2023-03-13,21.0901,21.522,20.2264,21.1631,308099,29.4
2023-03-14,21.1621,21.2341,20.5863,20.9471,281900,29.1
2023-03-15,20.9462,21.2341,20.2984,21.1631,256422,29.4
2023-03-16,21.1621,21.1621,20.3703,20.6592,472878,28.7
2023-03-17,20.4423,21.0901,20.2984,20.7312,267829,28.8
2023-03-20,20.2984,20.9462,20.2984,20.7312,254500,28.8
2023-03-21,20.3703,20.8742,20.3703,20.8032,201017,28.9
2023-03-22,20.3703,21.522,20.3703,20.8032,215823,28.9
2023-03-23,20.8022,20.8742,20.4423,20.7312,204000,28.8
2023-03-24,20.4423,21.0182,20.3703,20.8752,295533,29
2023-03-27,20.8742,21.0182,20.5143,21.0191,327623,29.2
2023-03-28,20.8742,21.0901,20.5863,21.0191,243200,29.2
2023-03-29,21.0182,21.0901,20.5863,21.0191,184800,29.2
2023-03-30,21.0182,21.0901,20.5863,20.5872,297300,28.6
2023-03-31,20.3703,21.3781,20.3703,20.7312,193900,28.8
2023-04-03,20.5143,21.1621,20.5143,21.0191,230600,29.2
2023-04-04,20.9462,21.1621,20.5863,21.0191,329000,29.2
2023-04-05,21.0901,21.0901,20.7302,20.8752,179900,29
2023-04-06,20.8742,21.2341,20.5863,20.8032,360343,28.9
2023-04-07,20.8022,21.1621,20.3703,20.8032,187619,28.9
2023-04-10,20.8022,21.0182,20.4423,20.7312,264601,28.8
2023-04-11,20.7302,21.0182,20.3703,20.7312,210650,28.8
2023-04-12,20.7302,20.8022,20.2984,20.6592,235403,28.7
2023-04-13,20.6583,20.8022,20.2264,20.5152,184300,28.5
2023-04-14,20.5143,20.5863,20.2264,20.5152,182550,28.5
2023-04-17,20.5143,20.5143,20.1544,20.4433,180600,28.4
2023-04-18,20.3703,20.4423,20.1544,20.3713,147100,28.3
2023-04-19,20.3703,20.6583,20.1544,20.5152,288901,28.5
2023-04-20,20.5143,20.6583,20.2984,20.5152,200920,28.5
2023-04-21,20.5143,20.6583,20.2984,20.2993,237720,28.2
2023-04-24,20.5143,20.5143,20.0824,20.4433,338503,28.4
2023-04-25,20.4423,20.4423,20.1544,20.3713,289209,28.3
2023-04-26,20.3703,20.4423,20.0824,20.4433,257001,28.4
2023-04-27,20.6583,20.9462,20.0824,20.8032,315364,28.9
2023-04-28,20.8022,21.2341,20.8022,20.9471,193244,29.1
2023-05-04,21.0182,21.0901,20.2264,20.3713,331739,28.3
2023-05-05,20.7302,20.7302,20.0824,20.5152,272434,28.5
2023-05-08,20.5143,20.6583,20.2264,20.5872,258400,28.6
2023-05-09,20.3703,20.6583,20.1544,20.2273,299357,28.1
2023-05-10,20.2264,20.4423,20.0824,20.4433,370703,28.4
2023-05-11,20.5143,20.5143,20.2264,20.3713,488722,28.3
2023-05-12,20.4423,20.4423,19.9385,20.0833,491000,27.9
2023-05-15,20.0824,20.3703,20.0824,20.2993,480100,28.2
2023-05-16,20.2984,20.4423,20.0824,20.2273,356501,28.1
2023-05-17,20.3703,20.3703,20.0104,20.1553,496500,28
2023-05-18,20.2984,20.2984,19.7945,20.1553,587600,28
2023-05-19,20.2264,20.2984,19.7945,20.0833,569956,27.9
2023-05-22,19.7945,20.2264,19.7945,20.1553,646401,28
2023-05-23,20.1544,20.2984,19.8665,20.1553,641009,28
2023-05-24,20.2264,20.2264,19.8665,20.1553,646000,28
2023-05-25,20.1544,20.1544,19.8665,20.0833,594900,27.9
2023-05-26,19.8665,20.2264,19.7945,20.0114,659751,27.8
2023-05-29,20.0104,20.4423,19.7945,20.3713,757703,28.3
2023-05-30,20.5143,22.3858,20.4423,22.3868,1086807,31.1
2023-05-31,22.6017,24.1133,22.5297,23.0347,924481,32
2023-06-01,23.1776,23.3215,20.7302,20.8752,1113816,29
2023-06-02,20.8742,21.3781,20.4423,21.1631,809755,29.4
2023-06-05,21.1621,21.45,20.8022,21.2351,901106,29.5
2023-06-06,21.2341,21.2341,20.4423,20.8032,580874,28.9
2023-06-07,20.8022,21.0182,20.3703,20.5152,704909,28.5
2023-06-08,20.5143,22.1698,20.2984,21.451,1022701,29.8
2023-06-09,21.522,22.1698,20.8742,21.3071,782466,29.6
2023-06-12,21.3061,21.8099,20.7302,21.3071,648333,29.6
2023-06-13,21.3061,21.522,20.8022,21.3071,549800,29.6
2023-06-14,21.3061,21.666,20.7302,21.451,1013845,29.8
2023-06-15,21.45,21.594,20.6583,21.451,662136,29.8
2023-06-16,21.3781,21.45,20.5143,20.5152,834053,28.5
2023-06-19,20.5863,20.8742,19.6505,19.6514,636400,27.3
2023-06-21,19.7945,20.0824,19.3626,19.7954,596941,27.5
2023-06-22,19.7945,20.0104,19.2906,19.7954,787769,27.5
2023-06-23,19.7945,19.9385,19.2187,19.7954,444126,27.5
2023-06-26,19.7225,19.7945,18.9307,19.0756,502480,26.5
2023-06-27,19.0747,19.4346,18.7868,19.2915,444921,26.8
2023-06-28,19.1467,19.3626,18.8588,19.1476,410110,26.6
2023-06-29,19.0475,19.7332,18.3618,19.735,828582,25.9
2023-07-03,19.1237,19.7332,18.9713,19.5826,318450,25.7
2023-07-04,19.1999,19.5046,18.8951,19.4302,403308,25.5
2023-07-05,19.4285,19.5046,18.8951,19.4302,350665,25.5
2023-07-06,19.3523,19.4285,18.8951,19.2778,303278,25.3
2023-07-07,19.1999,19.2761,18.7427,19.2778,310468,25.3
2023-07-11,19.1237,19.5808,19.0475,19.5064,542710,25.6
2023-07-12,19.5046,19.5808,18.9713,19.4302,384200,25.5
2023-07-13,19.4285,19.4285,18.8951,19.4302,497165,25.5
2023-07-14,19.3523,19.4285,18.9713,19.4302,473805,25.5
2023-07-17,19.3523,19.4285,19.0475,19.354,475071,25.4
2023-07-18,19.1999,19.2761,18.9713,19.2016,504500,25.2
2023-07-19,19.1237,19.1237,18.8189,18.8207,396900,24.7
2023-07-20,18.8189,19.0475,18.6666,18.9731,499300,24.9
2023-07-21,19.0475,19.2761,18.7427,19.2778,530236,25.3
2023-07-24,19.2761,19.3523,18.9713,19.2778,428744,25.3
2023-07-25,19.2761,19.3523,18.9713,19.2778,559130,25.3
2023-07-26,19.1999,19.2761,18.9713,19.2778,541751,25.3
2023-07-27,19.1237,19.1999,18.8189,19.0493,469680,25
2023-07-28,19.0475,19.1237,18.7427,19.1254,699051,25.1
2023-07-31,19.1237,19.4285,18.8189,19.2016,369710,25.2
2023-08-01,19.1237,20.4951,18.9713,19.8112,867238,26
2023-08-02,19.8094,20.1142,19.5046,19.8874,554700,26.1
2023-08-03,19.8856,19.8856,18.9713,19.1254,535234,25.1
2023-08-04,18.7427,19.5046,18.7427,19.354,612800,25.4
2023-08-07,19.3523,19.8856,19.0475,19.5826,597717,25.7
2023-08-08,19.5808,19.8094,19.5046,19.6588,362100,25.8
2023-08-09,19.657,19.8094,19.3523,19.6588,612878,25.8
2023-08-10,19.657,19.8094,19.4285,19.8112,733657,26
2023-08-11,19.8094,21.0284,19.8094,20.6494,1032254,27.1
2023-08-14,20.7999,21.638,20.4951,20.9542,731501,27.5
2023-08-15,20.9523,21.1808,20.038,20.5732,882633,27
2023-08-16,20.5713,20.7999,20.1142,20.5732,520355,27
2023-08-17,20.5713,20.7237,20.1142,20.2684,577599,26.6
2023-08-18,20.038,20.1142,18.5904,19.2778,561439,25.3
2023-08-21,18.9713,19.3523,18.438,19.2778,495350,25.3
2023-08-22,19.1999,19.3523,18.2856,18.9731,511602,24.9
2023-08-23,18.9713,19.1237,18.3618,18.7445,341801,24.6
2023-08-24,18.7427,18.8951,18.2856,18.8207,352211,24.7
2023-08-26,24.7,24.9,24.1,24.6,396500,24.6
2023-08-28,18.7427,19.3523,18.3618,19.0493,469012,25
2023-08-29,18.9713,19.3523,18.6666,19.0493,492457,25
2023-08-30,19.0475,19.1999,18.7427,19.0493,346356,25
2023-08-31,19.0475,19.1999,18.7427,19.0493,365225,25
2023-09-05,19.0475,19.1999,18.6666,18.9731,322100,24.9
2023-09-06,18.8951,18.9713,18.5904,18.9731,319121,24.9
2023-09-07,18.9713,18.9713,18.5904,18.8207,377141,24.7
2023-09-08,18.8189,18.8189,18.5142,18.8207,469268,24.7
2023-09-11,18.8189,18.9713,18.5142,18.5921,321200,24.4
2023-09-12,18.5904,18.7427,18.2856,18.3635,413500,24.1
2023-09-13,18.3618,18.7427,18.3618,18.6683,366630,24.5
2023-09-14,18.6666,18.9713,18.438,18.4397,385322,24.2
2023-09-18,18.3618,18.6666,18.057,18.2873,427676,24
2023-09-20,18.438,19.8094,18.2094,19.5826,634078,25.7
2023-09-21,19.5808,20.4189,19.3523,19.8112,797254,26
2023-09-22,19.7332,20.1904,18.6666,19.354,529352,25.4
2023-09-25,19.3523,19.5808,18.1332,18.2873,405815,24
2023-09-26,18.2094,18.7427,18.1332,18.2873,529955,24
2023-09-27,18.2094,18.5142,18.1332,18.4397,305531,24.2
2023-09-28,18.3618,18.5904,18.1332,18.2873,413629,24
2023-09-29,18.2856,18.5904,18.1332,18.1349,335800,23.8
2023-10-02,18.1332,18.9713,18.1332,18.5159,413796,24.3
2023-10-03,18.5142,18.8189,17.9808,18.2111,357903,23.9
2023-10-04,18.2094,18.5142,17.9808,18.3635,494764,24.1
2023-10-05,18.3618,18.5142,18.057,18.0587,299111,23.7
2023-10-06,18.057,18.2856,17.9808,18.1349,207449,23.8
2023-10-09,18.1332,18.3618,17.9808,18.2873,430766,24
2023-10-10,18.2856,18.5904,18.1332,18.3635,543218,24.1
2023-10-11,18.3618,18.5904,18.057,18.4397,302757,24.2
2023-10-12,18.438,18.5142,18.2094,18.3635,315304,24.1
2023-10-13,18.438,18.438,18.057,18.3635,373914,24.1
2023-10-16,18.3618,18.438,18.1332,18.2873,329072,24
2023-10-17,18.2856,18.3618,18.057,18.2111,343030,23.9
2023-10-18,18.2094,18.3618,17.9808,18.0587,333350,23.7
2023-10-19,18.057,18.2094,17.9047,18.0587,303588,23.7
2023-10-20,18.057,18.6666,18.057,18.3635,743635,24.1
2023-10-23,18.2856,18.5142,18.057,18.4397,457350,24.2
2023-10-24,18.2856,18.5904,18.2094,18.4397,493369,24.2
2023-10-25,18.3618,18.438,17.9808,18.2873,642434,24
2023-10-26,18.2856,18.2856,17.8285,17.9825,322845,23.6
2023-10-30,17.9808,18.1332,17.7523,18.0587,400886,23.7
2023-10-31,18.057,18.2094,17.8285,17.9825,436600,23.6
2023-11-01,17.9808,18.1332,17.8285,18.0587,345604,23.7
2023-11-02,18.057,18.5904,17.8285,18.2111,521171,23.9
2023-11-03,18.2094,18.2856,17.8285,18.0587,610222,23.7
2023-11-06,18.2094,18.2094,17.8285,18.0587,621381,23.7
2023-11-07,18.057,18.1332,17.8285,17.9825,516352,23.6
2023-11-08,17.9808,18.2094,17.7523,18.1349,580587,23.8
2023-11-09,18.1332,18.7427,18.057,18.5921,719860,24.4
2023-11-10,18.5904,18.7427,18.057,18.0587,583827,23.7
2023-11-13,18.057,18.3618,17.9047,18.0587,572777,23.7
2023-11-14,18.057,18.2856,17.9808,18.0587,306959,23.7
2023-11-15,17.9808,18.5904,17.9047,18.2111,737065,23.9
2023-11-16,18.1332,18.438,17.9047,18.2111,425415,23.9
2023-11-17,18.2094,18.7427,17.9047,18.1349,740575,23.8
2023-11-20,18.057,18.1332,17.7523,18.1349,325045,23.8
2023-11-21,18.057,18.2094,17.9047,18.1349,338728,23.8
2023-11-22,18.057,18.2094,17.9047,18.2111,378372,23.9
2023-11-23,18.1332,18.438,17.9808,17.9825,679175,23.6
2023-11-24,17.9808,18.2856,17.8285,18.0587,432249,23.7
2023-11-27,17.9808,18.057,17.8285,18.0587,411224,23.7
2023-11-28,18.057,18.6666,17.9047,18.2873,624210,24
2023-11-29,18.2094,18.438,18.1332,18.4397,398502,24.2
2023-11-30,18.3618,18.5142,17.8285,18.0587,475033,23.7
2023-12-01,17.9808,18.2856,17.8285,18.1349,385280,23.8
2023-12-04,18.057,18.3618,17.9808,18.2873,545697,24
2023-12-05,18.2094,18.2856,17.9808,18.2111,617159,23.9
2023-12-06,18.1332,18.438,17.9047,18.2873,725370,24
2023-12-07,18.2094,18.5904,17.8285,18.2873,832600,24
2023-12-08,18.2856,18.2856,17.9808,18.2873,488869,24
2023-12-11,18.2094,18.2856,17.9808,18.2873,640310,24
2023-12-12,17.9808,18.3618,17.9808,18.2873,643362,24
2023-12-13,18.2094,18.438,18.057,18.2873,593000,24
2023-12-14,18.2094,18.2856,17.9047,18.2111,687083,23.9
2023-12-15,18.2094,18.2094,17.8285,18.2111,638800,23.9
2023-12-18,18.1332,18.1332,17.8285,18.0587,636661,23.7
2023-12-19,17.9808,18.2856,17.8285,18.2873,713906,24
2023-12-20,18.2856,19.0475,18.1332,19.0493,693372,25
2023-12-21,18.8951,19.1237,18.5904,19.0493,570912,25
2023-12-22,18.9713,19.0475,18.6666,18.7445,655547,24.6
2023-12-25,18.6666,18.9713,18.6666,18.8969,595603,24.8
2023-12-26,18.8189,19.0475,18.5904,18.5921,647800,24.4
2023-12-27,18.5904,18.8951,18.3618,18.8207,598454,24.7
2023-12-28,18.7427,18.9713,18.7427,18.8969,470336,24.8
2023-12-29,19.0475,19.0475,18.6666,18.6683,833180,24.5
2024-01-02,18.6666,18.8951,18.5904,18.7445,354368,24.6
2024-01-03,18.6666,18.8189,18.438,18.8207,617060,24.7
2024-01-04,18.7427,19.0475,18.5904,19.0493,615364,25
2024-01-05,19.0475,19.1999,18.8189,19.2016,529280,25.2
2024-01-08,19.1999,20.038,19.0475,19.735,891235,25.9
2024-01-09,19.8094,19.8856,19.4285,19.8112,508925,26
2024-01-10,19.7332,19.9618,19.5046,19.8112,463498,26
2024-01-11,19.7332,20.2665,19.7332,19.9636,574938,26.2
2024-01-12,19.5808,20.1904,19.3523,19.8112,479810,26
2024-01-15,19.8856,20.3427,19.4285,20.0398,532214,26.3
2024-01-16,20.038,20.2665,19.8094,20.2684,553758,26.6
2024-01-17,20.2665,20.4951,20.1142,20.3446,506500,26.7
2024-01-18,20.1904,20.8761,20.038,20.5732,648243,27
2024-01-19,20.4189,20.8761,20.4189,20.8018,514046,27.3
2024-01-22,20.7999,21.0284,20.2665,21.0304,740383,27.6
2024-01-23,22.857,22.857,20.5713,20.8018,516551,27.3
2024-01-24,20.9523,20.9523,20.4951,20.8018,610005,27.3
2024-01-25,20.5713,21.4856,20.4951,21.1066,593510,27.7
2024-01-26,20.8761,21.4094,20.7999,21.259,548150,27.9
2024-01-29,20.9523,21.5618,20.8761,21.3352,602000,28
2024-01-30,21.0284,21.7142,20.9523,21.4114,591946,28.1
2024-01-31,21.1046,21.4856,20.6475,20.6494,517537,27.1
2024-02-01,20.4189,21.257,20.3427,21.1066,748813,27.7
2024-02-02,20.9523,21.257,20.7237,21.1066,576929,27.7
2024-02-05,20.9523,21.638,20.7999,21.3352,637141,28
2024-02-06,21.1808,21.4856,20.9523,21.259,478800,27.9
2024-02-07,21.0284,21.5618,20.8761,21.5638,640745,28.3
2024-02-15,21.3332,21.7142,21.3332,21.6399,271669,28.4
2024-02-16,21.4094,22.0189,21.4094,21.7161,478574,28.5
2024-02-19,21.4856,23.6189,21.3332,22.0209,564313,28.9
2024-02-20,21.7903,22.3999,21.7903,22.0971,738232,29
2024-02-21,22.0951,22.1713,21.638,22.0209,715226,28.9
2024-02-22,21.8665,22.0189,21.638,21.9447,615561,28.8
2024-02-23,21.7142,22.0951,21.4856,21.9447,864672,28.8
2024-02-26,21.5618,22.0189,21.5618,21.9447,615630,28.8
2024-02-27,21.7903,22.0951,21.5618,22.0971,578173,29
2024-02-28,22.0951,22.0951,21.638,22.0971,674090,29
2024-02-29,22.0951,22.0951,21.638,22.0209,643800,28.9
2024-03-01,21.7903,22.0951,21.638,22.0209,585733,28.9
2024-03-04,21.8665,22.0189,21.4856,21.4876,578541,28.2
2024-03-05,21.4856,21.9427,21.257,21.4114,594447,28.1
2024-03-06,21.4094,21.7903,21.257,21.5638,642941,28.3
2024-03-07,21.5618,22.0951,21.3332,22.0209,664273,28.9
2024-03-08,21.9427,22.0951,21.3332,21.7161,737565,28.5
2024-03-11,21.7142,21.9427,21.4094,21.4876,602582,28.2
2024-03-12,21.4856,21.8665,21.257,21.7161,623718,28.5
2024-03-13,21.7142,23.1618,21.4094,22.4781,719601,29.5
2024-03-14,22.3999,22.7046,21.8665,22.1733,617373,29.1
2024-03-15,22.1713,22.3999,21.638,22.3257,735690,29.3
2024-03-18,22.3237,22.5522,21.7142,22.0971,734214,29
2024-03-19,22.0951,22.3999,21.7142,22.0209,672287,28.9
2024-03-20,22.0189,22.1713,21.7903,22.1733,632263,29.1
2024-03-21,22.1713,22.6284,21.9427,22.5543,658317,29.6
2024-03-22,22.5522,22.7808,22.3237,22.6305,640044,29.7
2024-03-25,22.6284,22.857,22.2475,22.5543,628572,29.6
2024-03-26,22.5522,22.7808,22.3237,22.5543,638777,29.6
2024-03-27,22.5522,22.6284,22.1713,22.5543,681532,29.6
2024-03-28,22.5522,22.7046,22.3237,22.6305,670831,29.7
2024-03-29,22.6284,22.7808,22.3237,22.6305,651399,29.7
2024-04-01,22.6284,22.7046,22.1713,22.7067,651797,29.8
2024-04-02,22.7046,22.7808,22.3999,22.7829,690800,29.9
2024-04-03,22.7046,22.7808,22.3999,22.7067,696910,29.8
2024-04-04,22.6284,22.7808,22.3237,22.6305,681427,29.7
2024-04-05,22.6284,22.7046,22.3237,22.6305,674405,29.7
2024-04-08,22.6284,22.7046,22.2475,22.6305,644000,29.7
2024-04-09,22.6284,23.238,22.3237,22.9353,708601,30.1
2024-04-10,22.857,23.238,22.5522,22.7067,687641,29.8
2024-04-11,22.7046,22.7808,22.3237,22.7067,655902,29.8
2024-04-12,22.7046,23.0094,22.3237,22.9353,686004,30.1
2024-04-15,22.857,22.9332,22.1713,22.4019,678771,29.4
2024-04-16,22.3999,22.4761,21.257,22.1733,695412,29.1
2024-04-17,22.1713,22.2475,21.3332,21.5638,696246,28.3
2024-04-19,21.4856,21.5618,20.8761,21.4114,648098,28.1
2024-04-22,21.4094,21.9427,21.257,21.8685,704947,28.7
2024-04-23,21.8665,22.0189,21.4094,21.7161,699913,28.5
2024-04-24,21.7142,23.5427,21.4856,23.1639,769260,30.4
2024-04-25,23.1618,23.5427,22.6284,23.1639,697000,30.4
2024-04-26,23.1618,23.4665,22.7046,23.2401,751001,30.5
2024-05-02,23.238,23.4665,22.9332,23.0877,720885,30.3
2024-05-03,23.0856,23.3141,22.7808,22.8591,668061,30
2024-05-06,22.857,23.9999,22.3999,23.4687,666606,30.8
2024-05-07,23.4665,23.7713,23.0856,23.4687,638920,30.8
2024-05-08,23.4665,23.5427,22.7046,23.3163,679002,30.6
2024-05-09,23.3141,23.3141,22.9332,22.9353,630938,30.1
2024-05-10,22.9332,23.0094,22.0951,22.4019,506705,29.4
2024-05-13,22.3999,22.5522,21.7903,22.1733,537847,29.1
2024-05-14,22.1713,22.7046,21.9427,22.5543,614622,29.6
2024-05-15,22.5522,23.5427,22.3237,23.2401,627200,30.5
2024-05-16,23.238,23.4665,22.5522,23.3163,444614,30.6
2024-05-17,23.3141,23.5427,22.7046,23.1639,492722,30.4
2024-05-20,23.1618,23.3903,23.0094,23.2401,431608,30.5
2024-05-21,23.238,23.3141,22.7046,22.7067,583414,29.8
2024-05-22,22.7046,22.857,22.0189,22.2495,518656,29.2
2024-05-23,22.2475,22.6284,21.638,22.6305,563510,29.7
2024-05-24,22.6284,22.6284,21.4856,22.0971,538863,29
2024-05-27,22.0951,22.3237,21.638,22.0971,537935,29
2024-05-28,22.0951,22.7808,21.7142,22.4781,575919,29.5
2024-05-29,22.4761,22.7046,21.7903,22.1733,519600,29.1
2024-05-30,22.1713,22.3237,21.5618,22.1733,528902,29.1
2024-05-31,22.1713,22.4761,21.7142,21.9447,421969,28.8
2024-06-03,21.9427,22.3999,21.638,21.9447,490727,28.8
2024-06-04,21.9427,22.3237,21.4094,21.7923,534662,28.6
2024-06-05,21.5618,22.0951,21.4094,21.9447,466600,28.8
2024-06-06,21.9427,22.2475,21.638,21.7161,473873,28.5
2024-06-07,21.7142,22.0189,21.4856,21.7161,541764,28.5
2024-06-10,21.7142,21.9427,21.4094,21.4876,497423,28.2
2024-06-11,21.4856,21.7903,21.257,21.6399,472750,28.4
2024-06-12,21.638,21.8665,21.4856,21.7161,583871,28.5
2024-06-13,21.7142,22.3999,21.5618,22.0209,543077,28.9
2024-06-14,22.0189,22.3999,21.5618,21.7923,517500,28.6
2024-06-17,21.7903,22.1713,21.4856,21.7923,548137,28.6
2024-06-18,21.7903,22.0189,21.638,21.8685,505324,28.7
2024-06-19,21.8665,22.0189,21.638,21.8685,504303,28.7
2024-06-20,21.8665,22.0189,21.4094,21.8685,563302,28.7
2024-06-21,21.8665,22.0189,21.4856,21.9447,498900,28.8
2024-06-24,21.9427,22.0189,21.638,21.7161,495011,28.5
2024-06-25,21.7142,21.9427,21.4856,21.7161,511703,28.5
2024-06-26,21.7142,22.6284,21.5618,21.8685,509903,28.7
2024-06-27,21.8665,22.2475,21.7142,21.7923,456202,28.6
2024-06-28,21.7903,22.3999,21.7903,22.0209,536613,28.9
2024-07-01,22.0189,22.3237,21.8665,22.2495,452008,29.2
2024-07-02,22.2475,22.9332,22.0189,22.7067,504968,29.8
2024-07-03,22.7046,23.1618,22.3999,22.8591,499002,30
2024-07-04,22.857,23.0094,22.3237,22.7067,536674,29.8
2024-07-05,22.7046,22.7808,22.3237,22.7067,501600,29.8
2024-07-08,22.0951,22.7808,22.0951,22.5543,306332,29.6
2024-07-09,22.6284,22.7808,22.1713,22.6305,383207,29.7
2024-07-10,22.6284,22.7808,22.3237,22.5543,390814,29.6
2024-07-11,22.5522,22.7046,22.3237,22.4781,308801,29.5
2024-07-12,22.4761,22.5522,22.2475,22.4781,384504,29.5
2024-07-15,22.4761,22.7808,22.2475,22.4781,452326,29.5
2024-07-16,22.4761,22.7046,22.3237,22.5543,431833,29.6
2024-07-17,23.0391,24.0631,22.6125,23.6382,505473,27.7
2024-07-18,23.6364,24.2337,23.2098,23.8089,467402,27.9
2024-07-19,23.8071,24.0631,23.3804,23.7236,477814,27.8
2024-07-22,23.7217,23.8071,22.6978,23.8089,587608,27.9
2024-07-23,23.8071,23.8071,23.0391,23.5529,452032,27.6
2024-07-24,23.5511,23.8071,22.9538,23.6382,427984,27.7
2024-07-25,23.6364,23.7217,23.1244,23.2115,375631,27.2
2024-07-26,23.1244,23.7217,23.0391,23.7236,386910,27.8
2024-07-29,23.7217,23.8071,23.2951,23.7236,380109,27.8
2024-07-30,23.7217,23.7217,23.2951,23.5529,447100,27.6
2024-07-31,23.5511,24.2337,23.2951,23.8089,414504,27.9
2024-08-01,23.8071,23.9777,23.2951,23.6382,391523,27.7
2024-08-02,23.6364,23.8071,23.2098,23.8089,252600,27.9
2024-08-05,23.8071,23.8071,23.2098,23.5529,369240,27.6
2024-08-06,23.5511,23.7217,23.2098,23.6382,373557,27.7
2024-08-07,23.6364,23.7217,23.2951,23.7236,319810,27.8
2024-08-08,23.7217,23.7217,23.3804,23.7236,276820,27.8
2024-08-09,23.7217,24.2337,23.5511,23.9796,515565,28.1
2024-08-12,23.9777,24.0631,23.4658,24.0649,328900,28.2
2024-08-13,24.0631,24.1484,23.5511,23.7236,400504,27.8
2024-08-14,23.7217,23.8071,23.2951,23.6382,324613,27.7
2024-08-15,23.6364,23.7217,23.2951,23.5529,299823,27.6
2024-08-16,23.5511,23.9777,23.3804,23.8942,346558,28
2024-08-19,23.8924,24.0631,23.6364,24.0649,373202,28.2
2024-08-20,24.0631,24.2337,23.8071,24.2356,444300,28.4
2024-08-21,24.2337,25.087,23.9777,24.9183,399085,29.2
2024-08-22,24.9164,25.1724,24.6604,24.9183,342182,29.2
2024-08-23,24.9164,25.2577,24.7457,24.9183,337938,29.2
2024-08-26,24.9164,25.5137,24.7457,25.1743,354901,29.5
2024-08-27,25.1724,25.4283,24.7457,25.345,404450,29.7
2024-08-28,25.343,25.599,25.087,25.4303,404864,29.8
2024-08-29,25.4283,25.9403,25.1724,25.4303,385208,29.8
2024-08-30,25.4283,25.599,25.0017,25.2596,404700,29.6
2024-09-04,25.2577,25.2577,24.575,25.0036,414108,29.3
2024-09-05,25.0017,25.1724,24.4897,24.9183,451626,29.2
2024-09-06,24.9164,25.0017,24.4897,24.9183,379780,29.2
2024-09-09,24.831,24.9164,24.4044,24.7476,445846,29
2024-09-10,24.7457,24.831,24.4044,24.6623,435990,28.9
2024-09-11,24.6604,24.831,23.9777,24.4916,631495,28.7
2024-09-12,24.4897,24.7457,24.2337,24.6623,460502,28.9
2024-09-13,24.575,24.6604,24.3191,24.6623,598748,28.9
2024-09-16,24.6604,24.6604,24.1484,24.4916,536529,28.7
2024-09-17,24.4897,25.087,24.2337,24.6623,459501,28.9
2024-09-18,24.6604,24.831,24.4044,24.7476,466297,29
2024-09-19,24.7457,24.831,24.4897,24.6623,444900,28.9
2024-09-20,24.6604,24.7457,24.4897,24.7476,497606,29
2024-09-23,24.7457,24.7457,24.3191,24.5769,504466,28.8
2024-09-24,24.575,25.2577,24.3191,24.7476,533035,29
2024-09-25,24.7457,25.2577,24.575,25.0036,616201,29.3
2024-09-26,25.0017,25.087,24.7457,25.0036,488698,29.3
2024-09-27,25.0017,25.0017,24.575,24.7476,441622,29
2024-09-30,24.6604,24.7457,24.0631,24.3209,544428,28.5
2024-10-01,24.3191,24.6604,24.1484,24.4916,446763,28.7
2024-10-02,24.4897,24.4897,24.1484,24.2356,505956,28.4
2024-10-03,24.2337,24.4044,24.0631,24.2356,643128,28.4
2024-10-04,24.2337,24.3191,23.8924,24.2356,544925,28.4
2024-10-07,24.1484,24.4044,23.9777,24.3209,660226,28.5
2024-10-08,24.3191,24.4897,24.0631,24.4063,532121,28.6
2024-10-09,24.4044,24.6604,24.1484,24.5769,639664,28.8
2024-10-10,24.575,24.7457,24.3191,24.6623,562465,28.9
2024-10-11,24.6604,25.1724,24.4044,24.7476,620934,29
2024-10-14,24.7457,25.2577,24.4044,24.7476,594459,29
2024-10-15,24.7457,24.831,24.4044,24.6623,677924,28.9
2024-10-16,24.6604,24.6604,24.1484,24.4916,642508,28.7
2024-10-17,24.4897,24.575,23.8924,24.5769,664010,28.8
2024-10-18,24.575,24.6604,24.2337,24.4063,625300,28.6
2024-10-21,24.4044,24.6604,24.2337,24.3209,593108,28.5
2024-10-22,24.3191,24.3191,24.0631,24.2356,472700,28.4
2024-10-23,24.2337,24.4044,23.9777,24.2356,654700,28.4
2024-10-24,24.2337,24.4897,24.0631,24.2356,514422,28.4
2024-10-25,24.1484,24.4897,24.0631,24.1502,630700,28.3
2024-10-28,24.1484,24.575,24.0631,24.3209,396930,28.5
2024-10-29,24.3191,24.575,23.7217,23.9796,710917,28.1
2024-10-30,23.9777,24.3191,23.8071,24.0649,654600,28.2
2024-10-31,24.0631,24.2337,23.8924,24.2356,542799,28.4
2024-11-01,24.2337,24.4044,23.9777,24.2356,556716,28.4
2024-11-04,24.2337,24.2337,23.8071,23.9796,636800,28.1
2024-11-05,23.9777,24.1484,23.7217,24.0649,506800,28.2
2024-11-06,24.0631,24.2337,23.8924,24.2356,609453,28.4
2024-11-07,24.2337,24.2337,23.9777,24.1502,572400,28.3
2024-11-08,24.1484,24.3191,23.6364,23.8942,558900,28
2024-11-11,23.8924,23.9777,23.7217,23.9796,385640,28.1
2024-11-12,23.9777,24.1484,23.8071,23.9796,719055,28.1
2024-11-13,23.9777,24.0631,23.2951,23.9796,470475,28.1
2024-11-14,23.9777,23.9777,23.5511,23.8089,638400,27.9
2024-11-15,23.8071,23.8071,23.5511,23.7236,545441,27.8
2024-11-18,23.7217,23.7217,23.4658,23.7236,639226,27.8
2024-11-19,23.7217,24.0631,23.2951,23.6382,448632,27.7
2024-11-20,23.5511,24.1484,23.4658,23.9796,505590,28.1
2024-11-21,23.9777,24.3191,23.8071,24.1502,508400,28.3
2024-11-22,24.1484,24.6604,23.9777,24.4063,581700,28.6
2024-11-25,24.4044,24.575,24.0631,24.4916,536300,28.7
2024-11-26,24.4897,24.6604,24.3191,24.5769,606319,28.8
2024-11-27,24.575,24.575,24.1484,24.4063,504333,28.6
2024-12-09,24.4897,24.7457,24.2337,24.6623,688326,28.9
2024-12-10,24.6604,24.9164,24.4044,24.6623,708161,28.9
2024-12-11,24.6604,24.7457,24.4044,24.5769,688319,28.8
2024-12-12,24.575,24.831,24.2337,24.4916,729708,28.7
2024-12-13,24.4897,24.4897,23.8924,24.3209,728230,28.5
2024-12-16,24.1484,24.3191,23.8924,24.0649,648901,28.2
2024-12-17,24.0631,24.0631,23.6364,23.8942,793100,28
2024-12-18,23.8924,23.8924,23.5511,23.8089,636500,27.9
2024-12-19,23.8071,23.8071,23.0391,23.5529,557972,27.6
2024-12-20,23.5511,23.7217,23.0391,23.6382,568852,27.7
2024-12-23,23.6364,23.8924,23.2098,23.8089,538811,27.9
2024-12-24,23.8071,23.8071,23.3804,23.6382,539801,27.7
2024-12-25,23.6364,23.9777,23.2951,23.8089,626600,27.9
2024-12-26,23.8071,23.8071,23.2951,23.5529,599200,27.6
2024-12-27,23.5511,23.6364,23.0391,23.6382,689000,27.7
2024-12-30,23.6364,23.6364,23.2951,23.5529,584688,27.6
2024-12-31,23.5511,23.5511,23.2098,23.4676,454699,27.5
2025-01-02,23.2098,23.7217,23.2098,23.6382,576502,27.7
2025-01-03,23.6364,23.6364,23.2951,23.5529,622600,27.6
2025-01-06,23.5511,23.8071,23.2951,23.4676,687646,27.5
2025-01-07,23.4658,23.8924,23.2951,23.5529,626700,27.6
2025-01-08,23.5511,23.9777,23.3804,23.8089,745401,27.9
2025-01-09,23.8071,23.8071,23.3804,23.5529,618200,27.6
2025-01-10,23.5511,23.5511,23.2098,23.4676,719300,27.5
2025-01-13,23.4658,23.4658,23.2098,23.4676,805064,27.5
2025-01-14,23.3804,23.4658,23.0391,23.3822,656248,27.4
2025-01-15,23.3804,23.7217,23.2098,23.5529,734500,27.6
2025-01-16,23.5511,23.6364,23.0391,23.3822,682235,27.4
2025-01-17,23.3804,23.4658,23.1244,23.4676,709665,27.5
2025-01-20,23.2951,23.7217,23.2098,23.4676,631700,27.5
2025-01-21,23.4658,23.4658,23.2098,23.3822,633824,27.4
2025-01-22,23.3804,23.6364,23.2098,23.4676,499705,27.5
2025-01-23,23.4658,23.8071,23.3804,23.7236,487808,27.8
2025-01-24,23.7217,24.2337,23.3804,23.9796,452300,28.1
2025-02-04,23.5511,23.8071,23.2951,23.6382,424800,27.7
2025-02-05,23.5511,23.8924,23.3804,23.7236,509563,27.8
2025-02-06,23.6364,24.2337,23.3804,23.4676,635692,27.5
2025-02-07,23.4658,23.8071,23.2951,23.6382,478885,27.7
2025-02-10,23.6364,23.6364,23.2951,23.4676,358659,27.5
2025-02-11,23.3804,23.7217,23.2951,23.4676,447786,27.5
2025-02-12,23.4658,23.5511,23.2951,23.2969,384400,27.3
2025-02-13,23.2951,23.2951,22.8684,23.2115,535148,27.2
2025-02-14,23.1244,23.2098,22.9538,23.1262,351500,27.1
2025-02-17,23.1244,23.1244,22.6978,23.0409,365750,27
2025-02-18,22.9538,23.2951,22.7831,23.2115,500367,27.2
2025-02-19,23.2098,23.6364,22.9538,23.3822,507273,27.4
2025-02-20,23.3804,23.4658,23.1244,23.3822,472300,27.4
2025-02-21,23.2951,23.5511,23.1244,23.4676,473400,27.5
2025-02-24,23.3804,23.5511,23.2098,23.4676,462811,27.5
2025-02-25,23.4658,23.5511,23.2951,23.4676,372600,27.5
2025-02-26,23.4658,23.6364,23.2098,23.5529,552823,27.6
2025-02-27,23.5511,23.8071,23.3804,23.6382,563633,27.7
2025-02-28,23.6364,23.8071,23.2951,23.5529,474019,27.6
2025-03-03,23.4658,23.7217,23.2951,23.6382,432931,27.7
2025-03-04,23.6364,23.8924,23.2951,23.7236,585217,27.8
2025-03-05,23.6364,23.8071,23.4658,23.6382,452619,27.7
2025-03-06,23.6364,23.8071,23.3804,23.8089,484828,27.9
2025-03-07,23.7217,23.8924,23.5511,23.7236,471500,27.8
2025-03-10,23.7217,23.8071,23.4658,23.6382,527636,27.7
2025-03-11,23.6364,23.6364,23.0391,23.4676,648111,27.5
2025-03-12,23.3804,23.4658,23.0391,23.2969,596766,27.3
2025-03-13,23.2951,23.3804,23.0391,23.2115,500800,27.2
2025-03-14,23.2098,23.7217,23.0391,23.4676,574503,27.5
2025-03-18,23.5511,23.6364,23.2951,23.3822,521001,27.4
2025-03-19,23.3804,23.4658,23.2098,23.2969,577487,27.3
2025-03-20,23.2951,23.5511,23.2098,23.2969,644853,27.3
2025-03-21,23.2951,23.6364,23.2098,23.3822,702500,27.4
2025-03-24,23.3804,23.5511,23.2951,23.3822,624392,27.4
2025-03-25,23.3804,23.6364,23.2951,23.4676,681495,27.5
2025-03-26,23.4658,23.6364,23.3804,23.5529,629406,27.6
2025-03-27,23.5511,23.5511,23.1244,23.3822,673400,27.4
2025-03-28,23.3804,23.3804,23.0391,23.2969,551656,27.3
2025-03-31,23.2951,23.3804,23.1244,23.2969,609532,27.3
2025-04-01,23.2951,23.8071,23.2098,23.4676,703023,27.5
2025-04-02,23.4658,23.6364,23.3804,23.4676,486635,27.5
2025-04-03,23.4658,23.4658,22.2711,22.9555,551222,26.9
2025-04-04,22.9538,22.9538,22.1858,22.6995,544301,26.6
2025-04-08,22.6978,22.6978,22.3565,22.6142,622492,26.5
2025-04-09,22.5271,22.6978,22.3565,22.6142,552851,26.5
2025-04-10,22.6125,24.575,22.4418,24.4063,873190,28.6
2025-04-11,24.3191,24.9164,24.0631,24.8329,788736,29.1
2025-04-14,24.831,24.831,23.1244,24.4063,879182,28.6
2025-04-15,24.3191,24.3191,23.3804,23.4676,803796,27.5
2025-04-16,23.3804,23.4658,23.1244,23.2115,749211,27.2
2025-04-17,23.0391,23.2951,22.7831,23.2969,731776,27.3
2025-04-18,23.2951,23.7217,23.2098,23.5529,684175,27.6
2025-04-21,23.5511,23.6364,23.2951,23.4676,593403,27.5
2025-04-22,23.4658,23.4658,22.1858,23.2115,742203,27.2
2025-04-23,23.2098,23.5511,22.6978,23.4676,867800,27.5
2025-04-24,23.4658,23.5511,22.8684,23.4676,670604,27.5
2025-04-25,23.4658,23.5511,23.2098,23.4676,708824,27.5
2025-04-28,23.4658,23.4658,23.1244,23.3822,602701,27.4
2025-04-29,23.3804,23.4658,23.1244,23.3822,712251,27.4
2025-05-05,23.3804,0,23.2098,23.4676,487300,27.5
2025-05-06,23.3804,23.6364,23.2951,23.3822,562900,27.4
2025-05-07,23.3804,23.6364,23.2098,23.4676,596100,27.5
2025-05-08,23.3804,23.6364,23.2951,23.4676,713800,27.5
2025-05-09,23.4658,23.6364,23.2098,23.2969,756000,27.3
2025-05-12,23.2098,23.7217,23.2098,23.4676,728100,27.5
2025-05-13,23.4658,23.7217,23.3804,23.5529,782400,27.6
2025-05-14,23.4658,23.8071,23.4658,23.7236,755300,27.8
2025-05-15,23.7217,23.8071,23.2951,23.6382,789600,27.7
2025-05-16,23.5511,23.6364,22.8684,23.3822,862200,27.4
2025-05-19,23.3804,23.3804,22.9538,23.2969,752800,27.3
2025-05-20,23.2951,23.5511,23.0391,23.4676,604400,27.5
2025-05-21,23.4658,23.6364,23.2951,23.6382,815200,27.7
2025-05-22,23.5511,23.8924,23.3804,23.5529,742000,27.6
2025-05-23,23.4658,23.6364,23.2951,23.5529,666100,27.6
2025-05-26,23.4658,23.8071,22.6978,23.6382,797700,27.7
2025-05-27,23.6364,23.9777,23.2098,23.8089,669700,27.9
2025-05-28,23.8071,23.8924,23.5511,23.7236,662300,27.8
2025-05-29,23.7217,23.7217,23.0391,23.4676,616100,27.5
2025-05-30,23.4658,23.4658,23.1244,23.2969,564600,27.3
2025-06-02,23.2951,23.4658,23.0391,23.3822,658100,27.4
2025-06-03,23.3804,23.7217,23.2951,23.6382,637700,27.7
2025-06-04,23.6364,23.8071,23.3804,23.5529,600500,27.6
2025-06-05,23.5511,23.7217,23.2951,23.4676,645600,27.5
2025-06-06,23.4658,23.6364,23.2951,23.4676,573800,27.5
2025-06-09,23.4658,23.7217,23.2951,23.5529,669600,27.6
2025-06-10,23.5511,23.7217,23.2951,23.5529,709600,27.6
2025-06-11,23.4658,23.7217,23.3804,23.4676,710900,27.5
2025-06-12,23.4658,23.8071,23.3804,23.6382,706500,27.7
2025-06-13,23.6364,23.6364,23.2098,23.4676,761100,27.5
2025-06-16,23.4658,23.7217,23.2098,23.6382,594000,27.7
2025-06-17,23.6364,24.2337,23.5511,23.8942,923800,28
2025-06-18,23.8924,24.575,23.5511,24.1502,777900,28.3
2025-06-19,24.1484,24.1484,23.6364,23.8942,536000,28
2025-06-20,23.8924,23.9777,23.6364,23.8089,597000,27.9
2025-06-23,23.8071,24.3191,23.4658,23.9796,829400,28.1
2025-06-24,23.9777,24.575,23.6364,24.3209,632000,28.5
2025-06-25,24.3191,24.3191,23.7217,23.8942,573500,28
2025-06-26,23.8924,23.9777,23.6364,23.7236,691300,27.8
2025-06-27,23.7217,24.1484,23.5511,23.8942,765900,28
2025-06-30,23.8924,24.4044,23.7217,24.0649,764700,28.2
2025-07-01,24.0631,24.2337,23.8071,24.0649,841900,28.2
2025-07-02,23.9777,24.575,23.8071,24.1502,776000,28.3
2025-07-03,24.0631,24.4897,23.8924,24.1502,726400,28.3
2025-07-04,24.0631,24.6604,23.9777,24.3209,789800,28.5
2025-07-07,24.2337,24.7457,23.9777,24.4916,700400,28.7
2025-07-08,24.4897,24.6604,24.2337,24.3209,727700,28.5
2025-07-09,24.3191,24.6604,24.0631,24.4063,723200,28.6
2025-07-10,24.4044,24.575,24.2337,24.3209,744600,28.5
2025-07-11,24.3191,24.4044,24.0631,24.2356,678800,28.4
2025-07-14,24.2337,24.4897,23.9777,24.2356,716600,28.4
2025-07-15,24.2337,24.575,24.1484,24.4063,722000,28.6
2025-07-16,24.4044,24.575,24.0631,24.3209,714400,28.5
2025-07-17,24.3191,24.6604,24.1484,24.5769,703200,28.8
2025-07-18,24.575,24.831,24.4044,24.7476,720300,29
2025-07-21,24.7457,24.9164,24.4044,24.4916,514700,28.7
2025-07-22,24.4897,24.6604,24.2337,24.4916,665500,28.7
2025-07-23,24.4897,24.6604,24.2337,24.4063,709200,28.6
2025-07-24,24.4044,24.575,24.1484,24.4063,589900,28.6
2025-07-25,24.4044,24.575,24.2337,24.4916,572300,28.7
2025-07-28,24.3191,24.9164,24.3191,24.9183,807100,29.2
2025-07-29,24.9164,25.0017,24.831,24.8329,726000,29.1
2025-07-30,24.4897,25.1724,24.4897,25.1743,810600,29.5
2025-07-31,25.1724,25.343,25.087,25.345,749900,29.7
2025-08-01,25.2987,26.1358,25.2987,26.1386,1056900,28.1
2025-08-04,25.9526,26.3247,25.9526,26.3247,1174200,28.3
2025-08-05,26.1386,26.5107,25.9526,25.9526,1347300,27.9
2025-08-06,25.7665,26.0456,25.5805,26.0456,949500,28
2025-08-07,26.0456,26.1386,25.7665,26.0456,859900,28
2025-08-08,25.8568,26.1358,25.8568,26.1386,826500,28.1
2025-08-11,26.1386,26.3247,25.9526,26.3247,795400,28.3
2025-08-12,26.3247,26.4177,26.0456,26.0456,738800,28
2025-08-13,25.8568,26.2288,25.8568,26.1386,842200,28.1
2025-08-14,26.1386,26.3247,25.9526,26.3247,751400,28.3
2025-08-15,26.3218,26.5079,26.1358,26.1386,701100,28.1
2025-08-18,26.0456,26.3247,26.0456,26.3247,989500,28.3
2025-08-19,26.3218,26.6009,26.1358,26.6037,979800,28.6
2025-08-20,26.6037,26.6967,25.8596,26.0456,1057200,28
2025-08-21,25.8568,26.3218,25.8568,26.2316,1083900,28.2
2025-08-22,26.2288,26.2288,25.6708,25.7665,1027700,27.7
2025-08-25,25.6735,26.0456,25.6735,25.9526,1067900,27.9
2025-08-26,25.9498,26.1358,25.7638,26.1386,947100,28.1
2025-08-27,26.1386,26.4177,26.0456,26.4177,851600,28.4
2025-08-28,26.4148,26.6009,26.1358,26.6037,958200,28.6
2025-08-29,26.6037,26.8828,26.4177,26.8828,939100,28.9
2025-09-03,26.6939,27.0659,26.4148,27.0688,1032300,29.1
2025-09-04,27.0659,27.0659,26.5079,26.6967,801400,28.7
2025-09-05,26.6939,26.8799,26.1358,26.1386,1092600,28.1
2025-09-08,25.9498,26.2288,25.9498,26.1386,917000,28.1
2025-09-09,26.0456,26.4177,25.9526,26.4177,903300,28.4
2025-09-10,26.4148,26.6939,26.3218,26.6037,887900,28.6
2025-09-11,26.6009,26.6009,26.0428,26.2316,1022000,28.2
2025-09-12,26.2316,26.5107,26.1386,26.5107,908200,28.5
2025-09-15,26.5079,26.6939,26.3218,26.6967,848200,28.7
2025-09-16,26.6037,26.8828,26.3247,26.3247,796100,28.3
2025-09-17,26.3247,26.4177,26.0456,26.0456,743600,28
2025-09-18,25.9526,26.4177,25.9526,26.3247,790900,28.3
2025-09-19,26.3247,26.4177,26.0456,26.4177,782900,28.4
2025-09-22,26.4148,26.5079,26.0428,26.1386,787700,28.1
2025-09-23,26.1386,26.4177,26.1386,26.3247,663500,28.3
2025-09-24,26.3247,26.5107,26.1386,26.5107,614800,28.5
2025-09-25,26.5107,26.7898,26.3247,26.7898,730300,28.8
2025-09-26,26.6967,26.8828,26.5107,26.5107,770700,28.5
2025-09-29,26.5107,26.6967,26.3247,26.3247,701200,28.3
2025-09-30,26.3247,26.4177,25.2084,25.4875,896100,27.4
2025-10-01,25.4875,25.8596,25.3014,25.8596,833900,27.8
2025-10-02,25.8596,26.0456,25.7665,26.0456,777900,28
2025-10-03,26.0428,26.1358,25.5778,25.7665,719900,27.7
2025-10-06,25.7638,26.1358,25.5778,26.1386,669600,28.1
2025-10-07,26.1358,26.3218,25.7638,25.7665,650300,27.7
2025-10-08,25.7665,26.1386,25.5805,26.0456,655300,28
2025-10-09,26.0428,26.1358,25.6708,25.6735,672900,27.6
2025-10-10,25.6735,25.8596,25.4875,25.8596,734400,27.8
2025-10-13,25.8568,26.2288,25.2987,26.2316,952100,28.2
2025-10-14,26.2288,26.6009,25.9498,26.6037,822500,28.6
2025-10-15,26.6037,26.8828,26.3247,26.8828,825400,28.9
2025-10-16,26.8799,27.3449,26.5079,27.1618,815100,29.2
2025-10-17,27.1589,27.1589,26.5079,26.6037,880800,28.6
2025-10-20,26.6009,26.6009,26.1358,26.2316,1035800,28.2
2025-10-21,26.2288,26.8799,25.9498,26.6037,989600,28.6
2025-10-22,26.6009,26.6939,25.6708,26.6037,990900,28.6
2025-10-23,26.6009,26.6009,26.1358,26.2316,966000,28.2
2025-10-24,25.9498,26.7869,25.9498,26.6967,1088000,28.7
2025-10-27,26.6037,26.7898,26.4177,26.4177,845900,28.4
2025-10-28,26.6967,26.6967,26.2316,26.3247,848500,28.3
2025-10-29,26.3247,26.7898,26.2316,26.7898,1048100,28.8
2025-10-30,26.7898,27.0688,26.6037,26.9758,998100,29
2025-10-31,26.9729,27.0659,26.1358,26.1386,895900,28.1
2025-11-03,26.1358,26.2288,25.2057,25.2084,1141600,27.1
2025-11-04,25.1154,25.8596,24.5573,25.8596,947800,27.8
2025-11-05,25.6735,26.0456,25.3945,25.9526,1048300,27.9
2025-11-06,25.9526,26.1386,25.3014,25.4875,1190400,27.4
2025-11-07,25.4875,25.4875,24.8363,25.1154,989500,27
2025-11-10,25.0224,25.4875,24.8363,24.9294,1133900,26.8
2025-11-11,24.9267,25.7638,24.7407,25.7665,1104500,27.7
2025-11-12,25.7665,26.2316,25.4875,26.0456,987800,28
2025-11-13,26.0428,26.0428,25.5778,25.7665,872200,27.7
2025-11-14,25.7665,26.0456,25.4875,25.9526,946500,27.9
2025-11-17,26.3218,26.3218,25.5778,26.1386,1080700,28.1
2025-11-18,26.1358,26.3218,25.7638,25.7665,1220900,27.7
2025-11-19,25.7665,25.9526,25.3945,25.3945,989100,27.3
2025-11-20,25.3945,25.5805,25.1154,25.5805,1033000,27.5
2025-11-21,25.5778,25.7638,25.2057,25.7665,998500,27.7
2025-11-24,25.7665,25.9526,25.4875,25.9526,901800,27.9
2025-11-25,25.9526,26.0456,25.6735,25.9526,833600,27.9
2025-11-26,25.9498,26.2288,25.6708,26.2316,1156300,28.2
2025-11-27,26.2316,26.2316,25.7665,25.8596,826900,27.8
2025-11-28,25.8596,26.1386,25.4875,25.4875,866500,27.4
2025-12-01,25.3945,25.8596,25.3014,25.5805,959200,27.5
2025-12-02,25.5778,25.6708,25.2057,25.6735,885600,27.6
2025-12-03,25.6735,26.0456,25.3945,26.0456,827000,28
2025-12-04,26.0428,26.2288,25.6708,26.2316,832400,28.2
2025-12-05,26.2288,26.3218,25.2057,25.3014,1079200,27.2
2025-12-08,25.3014,25.4875,24.6503,24.9294,998600,26.8
2025-12-09,24.7407,25.2987,24.5546,25.3014,1166600,27.2
2025-12-10,25.2987,25.3917,24.8337,24.8363,930100,26.7
2025-12-11,24.7407,25.3917,24.7407,25.3014,1138100,27.2
2025-12-12,25.2084,25.4875,24.9294,24.9294,723500,26.8
2025-12-15,24.7407,25.2987,24.7407,25.3014,755400,27.2
2025-12-16,25.3014,25.5805,24.9294,25.4875,1002400,27.4
2025-12-17,25.4847,25.4847,24.9267,25.2084,718900,27.1
2025-12-18,25.2084,25.4875,24.9294,24.9294,907400,26.8
2025-12-19,24.8363,25.4875,24.7433,25.3945,840300,27.3
2025-12-22,25.3917,25.7638,25.3917,25.6735,832800,27.6
2025-12-23,25.6708,25.6708,25.2057,25.3014,1436100,27.2
2025-12-24,25.3014,25.3945,25.0224,25.0224,772300,26.9
2025-12-25,25.0224,25.3945,24.9294,25.0224,1175000,26.9
2025-12-26,25.0224,25.3014,24.8363,25.1154,1158600,27
2025-12-29,25.1154,25.4875,25.1154,25.3945,725800,27.3
2025-12-30,25.3945,25.4875,25.0224,25.0224,894800,26.9
2025-12-31,25.0224,25.1154,23.9992,25.1154,785600,27
2026-01-05,25.1127,25.3917,24.3686,25.3014,991800,27.2
2026-01-06,25.4875,25.4875,24.6503,25.1154,1155400,27
2026-01-07,25.1127,25.2987,24.7407,25.2084,1026600,27.1
2026-01-08,25.2084,25.3945,24.9294,24.9294,921800,26.8
2026-01-09,24.9294,25.2084,24.4643,25.1154,1159400,27
2026-01-12,25.1154,25.5805,24.8363,25.5805,1217300,27.5
2026-01-13,25.5778,25.7638,25.2987,25.7665,1192900,27.7
2026-01-14,25.7665,25.7665,25.3014,25.3945,1048200,27.3
2026-01-15,25.3945,25.3945,24.8363,25.1154,1172500,27
2026-01-16,25.1154,25.4875,24.9294,25.3945,1035600,27.3
2026-01-19,25.3917,25.7638,25.1127,25.7665,1408800,27.7
2026-01-20,25.7665,25.7665,25.2084,25.3945,1116400,27.3
2026-01-21,25.3945,25.4875,25.2084,25.3945,1077500,27.3
2026-01-22,25.3917,25.8568,25.3917,25.6735,1428100,27.6
2026-01-23,25.6708,25.6708,25.1127,25.2084,1375100,27.1
2026-01-26,25.2084,25.2084,24.8363,25.0224,1276400,26.9
2026-01-27,24.9294,25.3945,24.9294,25.1154,1311000,27
2026-01-28,25.0197,25.3917,24.9267,25.2084,1390500,27.1
2026-01-29,25.0224,25.5805,25.0224,25.3945,1250600,27.3
2026-01-30,25.3945,25.5805,25.2084,25.5805,1287100,27.5
2026-02-02,25.5778,25.5778,24.9267,25.2084,1418900,27.1
2026-02-03,25.2057,25.4847,25.0197,25.3014,1390400,27.2
2026-02-04,25.2987,25.3917,25.0197,25.2084,1340900,27.1
2026-02-05,25.1127,25.5778,25.0197,25.3014,1288800,27.2
2026-02-06,25.3014,25.3014,24.6503,25.0224,1193400,26.9
2026-02-09,24.9267,25.3917,24.8337,25.2084,1288100,27.1
2026-02-10,25.0197,25.4847,25.0197,25.2084,1253000,27.1
2026-02-11,25.2084,25.5805,25.1154,25.4875,1190900,27.4
2026-02-12,25.3014,25.6735,25.1154,25.4875,1067900,27.4
2026-02-13,25.4875,25.6735,25.2084,25.5805,813600,27.5
2026-02-23,25.3917,25.7638,25.2987,25.6735,838000,27.6
2026-02-24,25.6735,25.6735,25.2084,25.3945,964000,27.3
2026-02-25,25.3014,25.3945,25.2084,25.3945,893900,27.3
2026-02-26,25.3014,25.5805,25.2084,25.5805,1101200,27.5
2026-02-27,25.3945,25.6735,25.3945,25.5805,719200,27.5
2026-03-02,25.5805,25.6735,24.7433,24.9294,1051300,26.8
2026-03-03,24.9267,25.2057,24.8337,25.2084,1040700,27.1
2026-03-04,25.2057,25.2987,24.3686,24.7433,1213700,26.6
2026-03-05,24.7433,24.9294,24.6503,24.9294,1010200,26.8
2026-03-06,24.9294,25.1154,24.8363,25.1154,837000,27
2026-03-09,25.1154,25.1154,22.7899,23.069,1428000,24.8
2026-03-10,23.069,23.6271,22.6039,23.6271,1177000,25.4
2026-03-11,23.6271,24.1852,23.6271,23.9992,1182100,25.8
2026-03-12,23.9992,24.0922,23.5341,23.5341,800300,25.3
2026-03-13,23.5341,23.5341,23.069,23.255,722500,25
2026-03-16,23.0665,23.4385,23.0665,23.441,650400,25.2
2026-03-17,23.441,23.7201,23.348,23.6271,709200,25.4
2026-03-18,23.441,23.7201,23.441,23.7201,800300,25.5
2026-03-19,23.4385,23.8106,23.2525,23.8131,1118000,25.6
2026-03-20,23.7176,23.9036,23.4385,23.9061,810800,25.7
2026-03-23,23.6271,23.8131,23.255,23.7201,1050100,25.5
2026-03-24,23.6271,24.1852,23.6271,24.1852,1024000,26
2026-03-25,24.1826,24.3686,23.9036,24.3712,798700,26.2
2026-03-26,24.3712,24.3712,23.9061,24.1852,1126900,26
2026-03-27,24.1826,24.3686,23.9036,24.3712,1045400,26.2
2026-03-30,24.3686,24.3686,23.7176,24.3712,1427000,26.2
2026-03-31,24.0922,24.6503,24.0922,24.6503,1655800,26.5
2026-04-01,24.6477,24.9267,24.3686,24.8363,1407700,26.7
2026-04-02,24.8363,24.8363,24.4643,24.6503,1566900,26.5
2026-04-03,24.5546,24.7407,24.1826,24.7433,1584100,26.6
2026-04-06,24.7433,24.7433,24.2782,24.5573,1460900,26.4
2026-04-07,24.5546,24.5546,23.7176,24.3712,1900400,26.2
2026-04-08,24.2756,24.8337,24.2756,24.8363,1379600,26.7
2026-04-09,24.8363,24.9294,24.5573,24.9294,1811400,26.8
2026-04-10,24.9294,24.9294,24.2782,24.6503,1244900,26.5
2026-04-13,24.6477,24.7407,24.1826,24.7433,1415300,26.6
2026-04-14,24.7433,24.7433,24.2782,24.5573,1131200,26.4
2026-04-15,24.2782,24.6503,24.2782,24.6503,1620700,26.5
2026-04-16,24.6503,24.6503,24.0922,24.5573,1595700,26.4
2026-04-17,24.5573,24.5573,24.1852,24.4643,1602000,26.3
2026-04-20,24.4643,24.6503,24.1852,24.6503,1715300,26.5
2026-04-21,24.6503,24.6503,24.4643,24.4643,922100,26.3
2026-04-22,24.3712,24.5573,24.1852,24.5573,1791500,26.4
2026-04-23,24.5546,24.5546,24.0896,24.3712,944800,26.2
2026-04-24,24.1852,24.4643,24.0922,24.4643,1465700,26.3
2026-04-28,24.2782,24.5573,24.1852,24.5573,1618900,26.4
2026-04-29,24.3712,24.6503,24.3712,24.6503,1517600,26.5
2026-05-04,24.6503,24.6503,24.3712,24.4643,1275400,26.3
2026-05-05,24.4643,24.4643,23.9061,24.1852,1141600,26
2026-05-06,23.9966,24.2756,23.9036,24.2782,1258600,26.1
2026-05-07,24.2756,24.3686,24.0896,24.3712,1465700,26.2
2026-05-08,24.3712,24.4643,24.1852,24.4643,1220200,26.3
2026-05-11,24.4616,24.4616,24.2756,24.3712,828400,26.2
2026-05-12,24.1852,24.5573,24.1852,24.5573,1335700,26.4
2026-05-13,24.5573,24.5573,24.2782,24.4643,482200,26.3
2026-05-14,24.3712,24.5573,24.2782,24.5573,1354200,26.4
2026-05-15,24.6503,24.6503,24.2782,24.4643,1329400,26.3
2026-05-18,24.4616,24.4616,24.1826,24.3712,474000,26.2
2026-05-19,24.2782,24.4643,24.2782,24.4643,1646100,26.3
2026-05-20,24.4616,24.4616,23.8106,24.2782,1605500,26.1
2026-05-21,24.0896,24.2756,23.9966,24.2782,1357500,26.1
2026-05-22,24.2782,24.2782,23.9061,24.1852,1675600,26
2026-05-25,23.9992,24.2782,23.9992,24.1852,1911400,26
2026-05-26,24.1826,24.3686,23.9966,24.3712,1543200,26.2
2026-05-27,24.3712,24.3712,23.9061,24.1852,1238300,26
2026-05-28,24.1852,24.1852,23.7201,24.0922,871100,25.9
2026-05-29,23.9992,24.0922,23.8131,24.0922,1098500,25.9
2026-06-01,23.9992,24.1852,23.9061,24.1852,1086200,26
2026-06-02,24.1852,24.1852,23.9061,24.1852,751000,26
2026-06-03,24.1852,24.1852,23.9061,24.0922,663800,25.9
2026-06-04,24.0922,24.0922,23.7201,23.9992,1368500,25.8
2026-06-05,23.8131,24.1852,23.8131,24.1852,1574000,26
2026-06-08,24.1852,24.1852,23.9061,24.1852,1273800,26
2026-06-09,23.9966,24.3686,23.9966,24.3712,1125900,26.2
2026-06-10,24.3712,24.5573,24.1852,24.5573,1075100,26.4
2026-06-11,24.2782,24.5573,24.2782,24.4643,1051000,26.3
2026-06-12,24.2756,25.0197,24.2756,24.7433,1309800,26.6
2026-06-15,24.7433,24.7433,24.3712,24.5573,1076600,26.4
2026-06-16,24.3686,24.7407,24.3686,24.7433,1080300,26.6
2026-06-17,24.7407,24.8337,24.5546,24.8363,914600,26.7
2026-06-18,24.7433,24.9294,24.5573,24.6503,1019400,26.5
2026-06-19,24.5573,24.7433,24.4643,24.4643,1055500,26.3
2026-06-22,24.2782,24.5573,24.2782,24.4643,539200,26.3
2026-06-23,24.3712,25.1154,24.3712,24.6503,1262900,26.5
2026-06-24,24.6477,24.7407,24.4616,24.7433,1307200,26.6
2026-06-25,24.7433,24.8363,24.4643,24.5573,1755700,26.4
2026-06-26,24.5573,24.6503,24.3712,24.6503,1169400,26.5
2026-06-29,24.4616,24.7407,24.4616,24.7433,1348200,26.6
2026-06-30,24.7433,24.9294,24.5573,24.9294,976500,26.8
2026-07-01,24.8363,25.3945,24.6503,25.1154,1562400,27
2026-07-02,25.1154,25.1154,24.7433,24.9294,1134800,26.8
2026-07-03,24.9267,24.9267,24.6477,24.7433,748600,26.6
2026-07-06,24.7433,24.7433,24.3712,24.4643,1531900,26.3
2026-07-07,24.4616,24.4616,24.0896,24.3712,1613400,26.2
2026-07-08,24.1852,24.6503,24.0922,24.6503,1522200,26.5
2026-07-09,24.6503,24.6503,24.3712,24.5573,1228200,26.4
2026-07-10,24.5573,24.6503,24.3712,24.6503,1154000,26.5
2026-07-13,24.6477,25.1127,24.3686,24.8363,1055800,26.7
2026-07-14,24.8337,24.9267,24.5546,24.8363,1376700,26.7
2026-07-15,24.8363,24.8363,24.3712,24.6503,1517900,26.5
2026-07-16,24.6503,24.6503,24.3712,24.4643,1375300,26.3
2026-07-17,24.3712,24.4643,24.1852,24.1852,841700,26
2026-07-20,23.9992,24.1852,23.5341,23.7201,1610800,25.5
2026-07-21,23.6245,23.9036,23.4385,23.9061,1738400,25.7
2026-07-22,23.8131,24.0922,23.6271,23.9992,1940500,25.8
2026-07-23,23.9966,23.9966,23.2525,23.8131,2095000,25.6
2026-07-24,23.8106,23.8106,23.4385,23.441,1490700,25.2
2026-07-27,23.348,23.8131,23.162,23.5341,1308100,25.3
2026-07-28,23.348,23.7201,23.069,23.7201,1155900,25.5
2026-07-29,23.7176,23.9036,23.4385,23.8131,1244400,25.6
2026-07-30,23.6271,24.0922,23.6271,23.9992,1244300,25.8
2026-07-31,23.9992,23.9992,23.6271,23.7201,875600,25.5
2026-08-03,23.6271,23.9992,23.5341,23.9992,1457400,25.8
2026-08-04,23.9966,23.9966,23.6245,23.8131,1085000,25.6
2026-08-05,23.7176,23.9966,23.6245,23.8131,893500,25.6
2026-08-06,23.6245,23.9036,23.6245,23.8131,1157900,25.6
2026-08-07,23.8106,23.9966,23.6245,23.9061,1269800,25.7
2026-08-10,23.8131,24.0922,23.7201,24.0922,850600,25.9
2026-08-11,24.0896,24.0896,23.8106,23.9061,867900,25.7
2026-08-12,23.9061,23.9992,23.7201,23.9992,1116000,25.8
2026-08-13,23.9966,24.0896,23.8106,23.8131,1379100,25.6
2026-08-14,23.7201,23.8131,23.5341,23.6271,1214500,25.4
2026-08-17,23.441,23.7201,23.348,23.7201,1431700,25.5
2026-08-18,23.7176,23.7176,22.6014,22.8829,1354000,24.6
2026-08-19,22.7875,23.0665,22.6944,22.9759,1670900,24.7
2026-08-20,22.8829,23.162,22.7899,23.162,1026200,24.9
2026-08-21,23.1595,23.3455,22.3224,23.348,1327400,25.1
2026-08-24,23.3455,23.5315,22.9735,23.441,953700,25.2
2026-08-25,23.441,23.441,22.8829,23.255,1031400,25
2026-08-26,23.348,23.348,22.7899,23.069,636900,24.8
2026-08-27,23,23.5,23,23.4,1356300,23.4
2026-08-28,23.1,23.5,22.8,23.5,1469900,23.5
2026-09-03,23.5,23.7,23.2,23.7,1477900,23.7
