date,open,high,low,close,volume,close_raw
2007-09-19,2.425,2.425,2.425,2.4303,307840,125
2007-09-20,2.5414,2.5414,2.522,2.5469,794790,131
2007-09-21,2.6578,2.6578,2.619,2.6636,1224660,137
2007-09-24,2.7742,2.7742,2.7742,2.7802,551130,143
2007-09-25,2.91,2.91,2.8712,2.9163,962110,150
2007-09-26,3.0458,3.0458,2.9876,3.0524,781900,157
2007-09-27,3.007,3.0458,2.91,2.9163,562590,150
2007-09-28,2.9876,3.0458,2.9682,3.0524,833570,157
2007-10-01,3.1816,3.1816,3.1622,3.1885,781020,164
2007-10-02,3.3368,3.3368,3.2592,3.3441,887990,172
2007-10-03,3.492,3.492,3.4726,3.4996,1027610,180
2007-10-04,3.6666,3.6666,3.6666,3.6746,1206640,189
2007-10-05,3.8412,3.8412,3.6666,3.7523,1116040,193
2007-10-08,3.7248,3.8218,3.6666,3.7523,949940,193
2007-10-09,3.6666,3.686,3.5696,3.5774,527100,184
2007-10-10,3.6278,3.6472,3.5502,3.5774,599460,184
2007-10-11,3.5502,3.5502,3.4726,3.4801,362850,179
2007-10-12,3.4532,3.492,3.4338,3.4996,527800,180
2007-10-15,3.492,3.589,3.492,3.5968,326950,185
2007-10-16,3.589,3.589,3.5114,3.519,236970,181
2007-10-17,3.4726,3.492,3.4532,3.4607,272570,178
2007-10-18,3.4144,3.5308,3.395,3.4024,398500,175
2007-10-19,3.4726,3.5502,3.4532,3.5579,525830,183
2007-10-22,3.492,3.492,3.4532,3.4996,280000,180
2007-10-23,3.4144,3.4532,3.395,3.4024,192730,175
2007-10-24,3.395,3.492,3.395,3.4413,182750,177
2007-10-25,3.4338,3.4532,3.3756,3.3829,163650,174
2007-10-26,3.3562,3.3562,3.3174,3.3246,212630,171
2007-10-29,3.1622,3.2398,3.1622,3.1691,457260,163
2007-10-30,3.1622,3.2204,3.1622,3.1885,146250,164
2007-10-31,3.1816,3.201,3.1428,3.1496,140770,162
2007-11-01,3.1622,3.1816,3.0652,3.1302,195380,161
2007-11-02,3.104,3.104,3.0458,3.0524,197100,157
2007-11-05,3.1816,3.1816,3.1816,3.1885,66650,164
2007-11-06,3.3368,3.3368,3.3368,3.3441,70540,172
2007-11-07,3.2204,3.298,3.2204,3.2274,444180,166
2007-11-08,3.201,3.201,3.1428,3.1496,170020,162
2007-11-09,3.1428,3.2592,3.1428,3.2663,316190,168
2007-11-12,3.201,3.2204,3.1622,3.1691,96340,163
2007-11-13,3.1234,3.1234,3.007,3.0135,167790,155
2007-11-14,3.104,3.1428,3.0846,3.0913,296610,159
2007-11-15,3.0846,3.104,3.0652,3.1107,138080,160
2007-11-16,3.104,3.104,3.0652,3.0913,93360,159
2007-11-19,3.104,3.104,3.0846,3.0913,103860,159
2007-11-20,3.0458,3.0652,3.0264,3.0524,73830,157
2007-11-21,2.9682,3.007,2.9488,3.0135,193670,155
2007-11-22,3.0458,3.0652,3.007,3.0135,60070,155
2007-11-23,3.1428,3.1428,3.1428,3.1496,122430,162
2007-11-26,3.298,3.298,3.201,3.3052,594620,170
2007-11-27,3.298,3.298,3.2204,3.2857,359580,169
2007-11-28,3.2398,3.2592,3.201,3.208,237300,165
2007-11-29,3.2204,3.2398,3.104,3.1107,319240,160
2007-11-30,3.104,3.1234,3.0846,3.1107,485160,160
2007-12-03,3.0458,3.1428,3.0458,3.1107,181120,160
2007-12-04,3.1234,3.1234,3.104,3.1107,241890,160
2007-12-05,3.0846,3.104,3.0458,3.0524,263870,157
2007-12-06,3.0458,3.0652,3.0264,3.0524,164670,157
2007-12-07,3.0458,3.0846,3.0264,3.0524,402370,157
2007-12-10,3.0458,3.0652,3.007,3.0135,182810,155
2007-12-11,2.9682,2.9876,2.9294,2.9746,297280,153
2007-12-12,2.9876,3.0652,2.9876,3.033,127990,156
2007-12-13,3.0458,3.0458,3.007,3.0135,303550,155
2007-12-14,3.007,3.0264,2.9876,3.033,185510,156
2007-12-17,3.007,3.007,2.9876,3.0135,157580,155
2007-12-18,2.9876,3.0264,2.9876,3.033,154370,156
2007-12-19,3.0652,3.0846,3.0458,3.0913,167140,159
2007-12-20,3.104,3.104,3.0264,3.0524,191390,157
2007-12-21,3.0264,3.0458,3.0264,3.0524,220330,157
2007-12-24,3.0458,3.0652,3.0264,3.0524,155160,157
2007-12-25,3.0264,3.0458,3.007,3.0135,166750,155
2007-12-26,3.007,3.0264,2.9876,3.033,141200,156
2007-12-27,3.0264,3.0264,3.007,3.0135,146490,155
2007-12-28,2.9876,3.007,2.9876,3.0135,220180,155
2008-01-02,3.007,3.0458,3.007,3.0524,156160,157
2008-01-03,3.0264,3.0264,2.9876,2.9941,111990,154
2008-01-04,2.9682,2.9682,2.9488,2.9552,66670,152
2008-01-07,2.9294,2.9488,2.8712,2.9163,117490,150
2008-01-08,2.91,2.9876,2.91,2.9358,109010,151
2008-01-09,2.9294,2.9488,2.8906,2.8969,56360,149
2008-01-10,2.7742,2.8324,2.7742,2.7802,291740,143
2008-01-11,2.7936,2.8324,2.7936,2.8191,78900,145
2008-01-14,2.91,2.91,2.813,2.8191,215790,145
2008-01-15,2.716,2.7354,2.6772,2.7025,199290,139
2008-01-16,2.7742,2.813,2.7742,2.8191,171870,145
2008-01-17,2.9488,2.9488,2.7354,2.8191,248700,145
2008-01-18,2.813,2.8712,2.7742,2.858,187430,147
2008-01-21,2.813,2.813,2.7742,2.7802,189070,143
2008-01-22,2.6976,2.7538,2.6976,2.7191,165780,96.5
2008-01-23,2.6836,2.6836,2.5993,2.6064,227280,92.5
2008-01-24,2.5993,2.6695,2.5993,2.6064,125020,92.5
2008-01-25,2.5993,2.6414,2.5993,2.6486,84860,94
2008-01-28,2.6414,2.6414,2.6133,2.6486,106560,94
2008-01-29,2.6133,2.6836,2.6133,2.6909,188520,95.5
2008-01-30,2.81,2.81,2.81,2.8177,67320,100
2008-01-31,2.7257,2.8943,2.7257,2.9022,181330,103
2008-02-01,2.9224,3.0348,2.8943,3.0431,158800,108
2008-02-12,2.9786,2.9786,2.9224,2.9586,109200,105
2008-02-13,2.8943,2.9505,2.8662,2.9304,133470,104
2008-02-14,2.9224,3.0067,2.9224,2.9586,64140,105
2008-02-15,2.9224,2.9505,2.9224,2.9304,98660,104
2008-02-18,2.796,2.8381,2.796,2.8459,106770,101
2008-02-19,2.7538,2.8662,2.7538,2.8459,84920,101
2008-02-20,2.8381,2.8662,2.796,2.8177,186550,100
2008-02-21,2.6695,2.6695,2.6695,2.6768,307420,95
2008-02-22,2.5712,2.5852,2.5431,2.5923,90510,92
2008-02-25,2.7117,2.7117,2.7117,2.7191,55810,96.5
2008-02-26,2.7257,2.7538,2.6555,2.705,144900,96
2008-02-27,2.6555,2.7819,2.6414,2.705,63040,96
2008-02-28,2.7257,2.7398,2.6976,2.7473,68010,97.5
2008-02-29,2.6976,2.7257,2.6976,2.705,137890,96
2008-03-03,2.6695,2.6695,2.5712,2.5782,120440,91.5
2008-03-04,2.4447,2.5712,2.4447,2.4514,208800,87
2008-03-05,2.3323,2.4447,2.3323,2.395,270640,85
2008-03-06,2.5009,2.5009,2.5009,2.5078,11150,89
2008-03-07,2.6133,2.6133,2.6133,2.6205,113590,93
2008-03-10,2.7398,2.7398,2.6414,2.705,326010,96
2008-03-11,2.6133,2.6414,2.5993,2.6346,100450,93.5
2008-03-12,2.5852,2.7257,2.5852,2.6346,39920,93.5
2008-03-13,2.7257,2.7257,2.6133,2.6486,46390,94
2008-03-14,2.6133,2.6555,2.6133,2.6627,82740,94.5
2008-03-17,2.5852,2.6414,2.5852,2.6064,128040,92.5
2008-03-18,2.4728,2.5571,2.4728,2.4937,134940,88.5
2008-03-19,2.4869,2.5571,2.4728,2.4937,45390,88.5
2008-03-20,2.529,2.529,2.4869,2.5078,87310,89
2008-03-21,2.5009,2.5009,2.4447,2.4796,52050,88
2008-03-24,2.3745,2.3745,2.3604,2.3669,154630,84
2008-03-25,2.248,2.2621,2.248,2.2542,178050,80
2008-03-26,2.3604,2.3604,2.3604,2.3669,47960,84
2008-03-27,2.3745,2.3745,2.3745,2.381,51090,84.5
2008-03-28,2.3885,2.3885,2.3885,2.395,2070,85
2008-03-31,2.4026,2.4026,2.4026,2.4091,3020,85.5
2008-04-01,2.4166,2.4166,2.4166,2.4232,530,86
2008-04-02,2.4307,2.4307,2.4307,2.4373,2360,86.5
2008-04-03,2.4447,2.4447,2.4447,2.4514,33500,87
2008-04-04,2.4588,2.4588,2.4588,2.4655,52460,87.5
2008-04-07,2.5009,2.5009,2.5009,2.5078,2670,89
2008-04-08,2.5431,2.5431,2.5431,2.55,193450,90.5
2008-04-09,2.5852,2.5852,2.5852,2.5923,22410,92
2008-04-10,2.6274,2.6274,2.5431,2.6346,262980,93.5
2008-04-11,2.5852,2.5993,2.5852,2.6064,164600,92.5
2008-04-16,2.5571,2.5712,2.5571,2.5641,136390,91
2008-04-17,2.515,2.5993,2.515,2.6064,154750,92.5
2008-04-18,2.6414,2.6414,2.5571,2.5641,117310,91
2008-04-21,2.5571,2.5852,2.529,2.5923,82260,92
2008-04-22,2.5431,2.5852,2.5431,2.5923,20670,92
2008-04-23,2.5431,2.5431,2.5431,2.55,68250,90.5
2008-04-24,2.5009,2.515,2.5009,2.5078,97210,89
2008-04-25,2.4728,2.5431,2.4728,2.55,31170,90.5
2008-04-28,2.5712,2.5852,2.5712,2.5923,67610,92
2008-04-29,2.6274,2.6274,2.5852,2.6346,142440,93.5
2008-05-05,2.6274,2.6414,2.5852,2.5923,32320,92
2008-05-06,2.5431,2.5431,2.5431,2.55,4640,90.5
2008-05-07,2.5009,2.5852,2.5009,2.5923,92580,92
2008-05-08,2.5431,2.5852,2.5431,2.5923,87260,92
2008-05-09,2.5431,2.5431,2.5431,2.55,1320,90.5
2008-05-12,2.5009,2.5009,2.5009,2.5078,660,89
2008-05-13,2.4588,2.4588,2.4588,2.4655,60,87.5
2008-05-14,2.4166,2.4166,2.4166,2.4232,230,86
2008-05-15,2.3885,2.3885,2.3745,2.381,4420,84.5
2008-05-16,2.3323,2.3323,2.3323,2.3387,28510,83
2008-05-19,2.2902,2.2902,2.2902,2.2964,84520,81.5
2008-05-20,2.248,2.248,2.248,2.2542,4270,80
2008-05-21,2.2059,2.2059,2.2059,2.2119,470,78.5
2008-05-22,2.1637,2.1637,2.1637,2.1696,90660,77
2008-05-23,2.1216,2.1637,2.1216,2.1274,774950,75.5
2008-05-26,2.0794,2.0794,2.0794,2.0851,432440,74
2008-05-30,2.0513,2.0513,2.0513,2.0569,533870,73
2008-06-02,2.0232,2.0232,2.0232,2.0287,309100,72
2008-06-03,1.9951,1.9951,1.9951,2.0006,139990,71
2008-06-04,1.967,2.0232,1.967,2.0287,217760,72
2008-06-05,2.0092,2.0513,1.9951,2.0569,143800,73
2008-06-06,2.0794,2.0794,2.0794,2.0851,59450,74
2008-06-09,2.1075,2.1075,2.1075,2.1133,54800,75
2008-06-10,2.0654,2.0794,2.0654,2.071,35250,73.5
2008-06-11,2.0373,2.0935,2.0373,2.0992,95560,74.5
2008-06-12,2.1216,2.1216,2.1216,2.1274,34780,75.5
2008-06-13,2.1637,2.1637,2.1637,2.1696,57400,77
2008-06-16,2.2059,2.2059,2.2059,2.2119,5360,78.5
2008-06-17,2.248,2.248,2.248,2.2542,10520,80
2008-06-18,2.2902,2.2902,2.2059,2.2542,319590,80
2008-06-19,2.1918,2.1918,2.1918,2.1978,119040,78
2008-06-20,2.1356,2.248,2.1356,2.2542,272120,80
2008-06-23,2.3042,2.3042,2.2902,2.3105,50530,82
2008-06-24,2.3604,2.3604,2.3604,2.3669,36030,84
2008-06-25,2.4307,2.4307,2.4307,2.4373,18180,86.5
2008-06-26,2.5009,2.5009,2.4166,2.4937,116050,88.5
2008-06-27,2.4447,2.5571,2.4307,2.5641,102260,91
2008-06-30,2.5571,2.6274,2.5571,2.6346,63360,93.5
2008-07-01,2.6976,2.6976,2.6976,2.705,35400,96
2008-07-02,2.7679,2.7679,2.6695,2.7754,121980,98.5
2008-07-03,2.8381,2.8381,2.8381,2.8459,30380,101
2008-07-04,2.9224,2.9224,2.81,2.8177,173070,100
2008-07-07,2.81,2.81,2.7257,2.8177,278490,100
2008-07-08,2.7398,2.81,2.7257,2.8177,234670,100
2008-07-09,2.81,2.8381,2.81,2.8459,79660,101
2008-07-10,2.81,2.8662,2.7819,2.8741,133480,102
2008-07-11,2.81,2.8943,2.81,2.8741,84100,102
2008-07-14,2.8943,2.9505,2.8662,2.9586,103080,105
2008-07-15,3.0348,3.0348,3.0348,3.0431,63290,108
2008-07-16,3.091,3.091,2.9505,3.0431,100670,108
2008-07-17,3.0629,3.0629,2.9786,3.0431,102320,108
2008-07-18,2.9505,3.0348,2.9505,3.0431,131500,108
2008-07-21,2.9505,2.9505,2.9505,2.9586,140410,105
2008-07-22,2.8662,2.8662,2.8662,2.8741,113700,102
2008-07-23,2.7819,2.7819,2.7819,2.7895,105080,99
2008-07-24,2.7117,2.8381,2.7117,2.7895,100040,99
2008-07-25,2.7257,2.8381,2.7257,2.8459,29120,101
2008-07-28,2.8381,2.9224,2.8381,2.9304,28360,104
2008-07-29,3.0067,3.0067,2.9505,3.0149,37950,107
2008-07-30,3.0067,3.0067,2.9224,3.0149,47730,107
2008-07-31,2.9224,2.9786,2.9224,2.9868,35120,106
2008-08-01,2.8943,2.9786,2.8943,2.9868,51080,106
2008-08-04,2.9224,2.9786,2.8943,2.9868,42780,106
2008-08-05,2.8943,2.9505,2.8943,2.9586,50090,105
2008-08-06,3.0348,3.0348,2.9786,3.0431,30790,108
2008-08-07,3.0629,3.0629,3.0067,3.0149,66220,107
2008-08-08,3.0067,3.0067,2.9786,3.0149,57300,107
2008-08-11,3.0629,3.0629,3.0067,3.0149,38800,107
2008-08-12,2.9505,3.0067,2.9505,2.9868,34260,106
2008-08-13,2.8943,3.0067,2.8943,3.0149,41550,107
2008-08-14,3.0067,3.091,3.0067,3.0995,176550,110
2008-08-15,3.1753,3.1753,3.1753,3.184,283800,113
2008-08-18,3.3158,3.3158,3.2877,3.3249,385970,118
2008-08-19,3.4282,3.4282,3.2596,3.3531,66730,119
2008-08-20,3.2034,3.2596,3.2034,3.2122,91250,114
2008-08-21,3.2034,3.2596,3.1191,3.2685,36350,116
2008-08-22,3.2596,3.2596,3.1472,3.1558,134110,112
2008-08-25,3.1753,3.2315,3.1472,3.2122,102310,114
2008-08-26,3.1191,3.2315,3.1191,3.2122,135090,114
2008-08-27,3.091,3.2596,3.091,3.2404,124110,115
2008-08-28,3.091,3.2034,3.091,3.1558,107590,112
2008-08-29,3.0067,3.0629,3.0067,3.0149,137120,107
2008-09-03,3.0067,3.0067,2.9786,3.0149,69590,107
2008-09-04,3.0067,3.0067,2.9224,2.9304,113460,104
2008-09-05,2.81,2.9224,2.81,2.8741,87480,102
2008-09-08,2.7257,2.8943,2.7257,2.9022,104190,103
2008-09-09,2.8662,2.8662,2.81,2.8459,88690,101
2008-09-10,2.8381,2.8381,2.6976,2.705,98910,96
2008-09-11,2.6836,2.6836,2.6133,2.6768,81150,95
2008-09-12,2.5431,2.6414,2.5431,2.55,110250,90.5
2008-09-15,2.4166,2.5852,2.4166,2.5641,106760,91
2008-09-16,2.5571,2.5571,2.4307,2.4373,68270,86.5
2008-09-17,2.3183,2.3604,2.3183,2.3246,134340,82.5
2008-09-18,2.2059,2.2059,2.2059,2.2119,8770,78.5
2008-09-19,2.2059,2.3042,2.2059,2.3105,55080,82
2008-09-22,2.4166,2.4166,2.4166,2.4232,1980,86
2008-09-23,2.529,2.529,2.4447,2.5359,82530,90
2008-09-24,2.4166,2.5852,2.4166,2.4514,121100,87
2008-09-25,2.5571,2.5571,2.4447,2.5641,138590,91
2008-09-26,2.6836,2.6836,2.6274,2.6909,141480,95.5
2008-09-29,2.81,2.81,2.6976,2.8036,98040,99.5
2008-09-30,2.6695,2.6695,2.6695,2.6768,65820,95
2008-10-01,2.6695,2.7538,2.6555,2.7332,93830,97
2008-10-02,2.81,2.81,2.7538,2.7895,83330,99
2008-10-03,2.7257,2.7819,2.6695,2.6768,61480,95
2008-10-06,2.5571,2.6274,2.5431,2.55,80380,90.5
2008-10-07,2.4166,2.4166,2.4166,2.4232,55180,86
2008-10-08,2.3042,2.4728,2.3042,2.3669,66600,84
2008-10-09,2.248,2.4447,2.248,2.3669,91600,84
2008-10-10,2.2621,2.2902,2.2621,2.2683,96580,80.5
2008-10-13,2.3604,2.3604,2.2621,2.3105,112380,82
2008-10-14,2.4166,2.4166,2.4166,2.4232,46760,86
2008-10-15,2.5009,2.5009,2.4166,2.4796,85490,88
2008-10-16,2.3604,2.4447,2.3604,2.381,93070,84.5
2008-10-17,2.3183,2.3885,2.2902,2.2964,72950,81.5
2008-10-20,2.234,2.2902,2.234,2.2401,56770,79.5
2008-10-21,2.3042,2.3042,2.2761,2.3105,82250,82
2008-10-22,2.2199,2.3183,2.2199,2.3246,75770,82.5
2008-10-23,2.3183,2.3183,2.2199,2.3105,43120,82
2008-10-24,2.2059,2.234,2.2059,2.2119,83440,78.5
2008-10-27,2.1075,2.1356,2.1075,2.1133,252280,75
2008-10-28,2.0092,2.0092,2.0092,2.0147,32190,71.5
2008-10-29,2.1075,2.1075,2.0092,2.0147,45410,71.5
2008-10-30,1.9108,1.9389,1.9108,1.9301,113730,68.5
2008-10-31,2.0092,2.0092,2.0092,2.0147,19370,71.5
2008-11-03,2.0092,2.0232,2.0092,2.0147,76340,71.5
2008-11-04,2.0092,2.1075,1.9951,2.1133,13750,75
2008-11-05,2.2059,2.2059,2.2059,2.2119,13990,78.5
2008-11-06,2.1075,2.3042,2.1075,2.2119,32750,78.5
2008-11-07,2.1075,2.1918,2.1075,2.1555,17530,76.5
2008-11-10,2.1497,2.2059,2.1497,2.1978,31150,78
2008-11-11,2.1918,2.1918,2.1216,2.1696,15880,77
2008-11-12,2.0794,2.1637,2.0654,2.0992,50750,74.5
2008-11-13,2.1497,2.1778,2.1356,2.1696,64860,77
2008-11-14,2.248,2.248,2.1918,2.1978,18700,78
2008-11-17,2.1497,2.1918,2.1497,2.1978,53830,78
2008-11-18,2.1918,2.2059,2.1778,2.2119,45650,78.5
2008-11-19,2.234,2.234,2.2059,2.226,44710,79
2008-11-20,2.2059,2.2199,2.1637,2.226,41700,79
2008-11-21,2.2059,2.2199,2.2059,2.2119,109940,78.5
2008-11-24,2.248,2.2621,2.248,2.2542,61240,80
2008-11-25,2.248,2.3042,2.248,2.3105,82240,82
2008-11-26,2.3042,2.3042,2.248,2.2964,57190,81.5
2008-11-27,2.2761,2.3042,2.2621,2.2683,21500,80.5
2008-11-28,2.2761,2.3042,2.2621,2.2823,54050,81
2008-12-01,2.2902,2.3042,2.2761,2.3105,41350,82
2008-12-02,2.2761,2.2902,2.2621,2.2964,42760,81.5
2008-12-03,2.2902,2.3042,2.2902,2.2964,21060,81.5
2008-12-04,2.2761,2.3183,2.2761,2.3246,32940,82.5
2008-12-05,2.3042,2.3042,2.2761,2.2823,30630,81
2008-12-08,2.1637,2.248,2.1637,2.2401,32960,79.5
2008-12-09,2.1918,2.3042,2.1918,2.3105,40210,82
2008-12-10,2.3042,2.3042,2.1918,2.1978,42320,78
2008-12-11,2.1918,2.248,2.0935,2.226,48180,79
2008-12-12,2.2621,2.3183,2.2621,2.3246,37270,82.5
2008-12-15,2.3885,2.3885,2.3323,2.3669,29470,84
2008-12-16,2.4166,2.4166,2.3464,2.3528,60630,83.5
2008-12-17,2.3464,2.3604,2.3042,2.3669,35560,84
2008-12-18,2.3604,2.3745,2.3464,2.381,35110,84.5
2008-12-19,2.3323,2.3745,2.2621,2.2683,15100,80.5
2008-12-22,2.3604,2.3604,2.2199,2.226,7260,79
2008-12-23,2.1637,2.1637,2.1497,2.1555,9580,76.5
2008-12-24,2.1075,2.1497,2.1075,2.1555,20680,76.5
2008-12-25,2.1637,2.1778,2.1497,2.1555,3610,76.5
2008-12-26,2.1497,2.1637,2.1497,2.1555,5550,76.5
2008-12-29,2.1497,2.1918,2.1497,2.1696,4330,77
2008-12-30,2.1637,2.234,2.1637,2.2401,13790,79.5
2008-12-31,2.2199,2.234,2.2199,2.2401,9130,79.5
2009-01-02,2.248,2.248,2.248,2.2542,200,80
2009-01-05,2.1356,2.248,2.1356,2.2542,6550,80
2009-01-06,2.1918,2.1918,2.1918,2.1978,1360,78
2009-01-07,2.1637,2.2199,2.1637,2.226,2920,79
2009-01-08,2.1918,2.2199,2.1918,2.226,23750,79
2009-01-09,2.1637,2.2199,2.1637,2.2119,1700,78.5
2009-01-12,2.1356,2.2059,2.1356,2.2119,6160,78.5
2009-01-13,2.1637,2.1918,2.1637,2.1978,6570,78
2009-01-14,2.1497,2.2199,2.1497,2.226,7250,79
2009-01-15,2.1637,2.2199,2.1637,2.2119,3300,78.5
2009-01-16,2.248,2.3042,2.248,2.3105,40370,82
2009-01-19,2.3042,2.3604,2.3042,2.3105,4680,82
2009-01-20,2.3042,2.3042,2.3042,2.3105,12780,82
2009-01-21,2.3042,2.3042,2.2761,2.2964,2150,81.5
2009-01-22,2.2902,2.2902,2.2199,2.226,26920,79
2009-01-23,2.2199,2.248,2.2199,2.2542,5870,80
2009-02-02,2.3042,2.3042,2.2761,2.2823,1100,81
2009-02-03,2.1778,2.248,2.1778,2.1978,71750,78
2009-02-04,2.1637,2.1778,2.0935,2.0992,10540,74.5
2009-02-05,2.0794,2.0794,1.9951,2.0006,25700,71
2009-02-06,2.0794,2.0794,1.967,2.0006,16510,71
2009-02-09,1.967,2.0794,1.967,2.0287,9870,72
2009-02-10,1.967,1.9951,1.967,1.9865,1760,70.5
2009-02-11,1.9389,1.9389,1.8827,1.8879,24360,67
2009-02-12,1.8265,1.9389,1.8265,1.902,12640,67.5
2009-02-13,1.8827,1.8968,1.8687,1.8738,360,66.5
2009-02-16,1.8265,1.8265,1.8125,1.8315,1750,65
2009-02-17,1.8265,1.8265,1.7422,1.747,4350,62
2009-02-18,1.6579,1.672,1.6579,1.6624,1550,59
2009-02-19,1.6579,1.6579,1.5877,1.6061,10250,57
2009-02-20,1.5315,1.5315,1.5315,1.5356,1820,54.5
2009-02-23,1.4612,1.4612,1.4612,1.4652,780,52
2009-02-24,1.4612,1.391,1.3881,1.3919,160,49.4
2009-02-25,1.3881,1.3629,1.3207,1.3243,33330,47
2009-02-26,1.3207,1.2561,1.2561,1.2595,2600,44.7
2009-02-27,1.2561,1.1943,1.1943,1.1975,4640,42.5
2009-03-02,1.1943,1.1521,1.1352,1.1553,12190,41
2009-03-03,1.1521,1.1521,1.0959,1.0989,8130,39
2009-03-04,1.0959,1.1493,1.0622,1.0651,165080,37.8
2009-03-05,1.0622,1.1128,1.0622,1.0651,50430,37.8
2009-03-06,1.0622,1.1071,1.02,1.0228,85640,36.3
2009-03-09,1.02,1.0706,1.0172,1.0285,53770,36.5
2009-03-10,1.0257,1.0762,1.0116,1.0792,21540,38.3
2009-03-11,1.0762,1.1184,1.0425,1.0454,142160,37.1
2009-03-12,1.0425,1.0341,0.9919,0.9946,109200,35.3
2009-03-13,0.9919,1.0088,0.947,0.9496,187880,33.7
2009-03-16,0.947,0.9919,0.947,0.9946,358660,35.3
2009-03-17,0.9919,1.0397,1.0257,1.0426,461550,37
2009-03-18,1.0397,1.0903,1.0847,1.0905,680220,38.7
2009-03-19,1.0875,1.0481,1.0341,1.0369,549010,36.8
2009-03-20,1.0341,0.9835,0.9835,0.9862,102040,35
2009-03-23,0.9835,0.9357,0.9357,0.9383,89960,33.3
2009-03-24,0.9357,0.9807,0.9273,0.9834,1058250,34.9
2009-03-25,0.9807,1.0285,0.9695,1.0313,271510,36.6
2009-03-26,1.0285,1.079,1.0425,1.082,256100,38.4
2009-03-27,1.1324,1.1324,1.11,1.1355,694790,40.3
2009-03-30,1.1802,1.1886,1.1521,1.1919,760630,42.3
2009-03-31,1.1802,1.1886,1.1296,1.1327,364960,40.2
2009-04-01,1.124,1.1858,1.0959,1.1834,360900,42
2009-04-02,1.1802,1.1943,1.1662,1.1722,359180,41.6
2009-04-03,1.169,1.2252,1.2139,1.2285,167730,43.6
2009-04-07,1.2252,1.2842,1.2364,1.2877,313750,45.7
2009-04-08,1.2842,1.346,1.2308,1.2454,523200,44.2
2009-04-09,1.242,1.2617,1.183,1.1891,350800,42.2
2009-04-10,1.1858,1.2448,1.242,1.2482,136280,44.3
2009-04-13,1.3067,1.3067,1.3067,1.3102,86540,46.5
2009-04-14,1.2926,1.3488,1.2645,1.313,426080,46.6
2009-04-15,1.2448,1.2926,1.2448,1.2482,226180,44.3
2009-04-16,1.2448,1.2448,1.1943,1.2482,289920,44.3
2009-04-17,1.2139,1.2364,1.183,1.1863,191550,42.1
2009-04-20,1.124,1.124,1.124,1.1271,209900,40
2009-04-21,1.0678,1.0678,1.0678,1.0707,278550,38
2009-04-22,1.1212,1.1212,1.0819,1.1243,178640,39.9
2009-04-23,1.0819,1.1212,1.0762,1.1102,188790,39.4
2009-04-24,1.0678,1.0819,1.0678,1.082,91920,38.4
2009-04-27,1.124,1.1296,1.11,1.1243,121800,39.9
2009-04-28,1.0678,1.1352,1.0678,1.1243,68600,39.9
2009-04-29,1.1212,1.124,1.0959,1.1271,80160,40
2009-05-04,1.1802,1.1802,1.1802,1.1834,23560,42
2009-05-05,1.2392,1.2392,1.2392,1.2426,120020,44.1
2009-05-06,1.1774,1.2392,1.1774,1.1834,195210,42
2009-05-07,1.2252,1.2336,1.2083,1.2116,93220,43
2009-05-08,1.1549,1.2083,1.1549,1.1891,60740,42.2
2009-05-11,1.2308,1.2448,1.2083,1.2398,181710,44
2009-05-12,1.2364,1.2926,1.2224,1.2961,108000,46
2009-05-13,1.2364,1.2926,1.2308,1.2342,120240,43.8
2009-05-14,1.1802,1.2645,1.1802,1.268,87050,45
2009-05-15,1.2926,1.3067,1.2645,1.3102,120870,46.5
2009-05-18,1.3067,1.3207,1.2898,1.299,102160,46.1
2009-05-19,1.36,1.36,1.3572,1.3638,176850,48.4
2009-05-20,1.4191,1.4191,1.4191,1.4229,62030,50.5
2009-05-21,1.4893,1.4893,1.4893,1.4934,38170,53
2009-05-22,1.5596,1.5596,1.4472,1.5638,289500,55.5
2009-05-25,1.6298,1.6298,1.6298,1.6343,55220,58
2009-05-26,1.7001,1.7001,1.7001,1.7047,37440,60.5
2009-05-27,1.7844,1.7844,1.7844,1.7892,26810,63.5
2009-05-28,1.8687,1.8687,1.7984,1.8738,352890,66.5
2009-05-29,1.953,1.953,1.8125,1.8879,157610,67
2009-06-01,1.8125,1.9249,1.8125,1.8597,173360,66
2009-06-02,1.9389,1.9389,1.9249,1.9301,110190,68.5
2009-06-03,1.9249,1.9249,1.8827,1.9301,166410,68.5
2009-06-04,1.953,2.0092,1.953,2.0147,107820,71.5
2009-06-05,2.1075,2.1075,2.1075,2.1133,54890,75
2009-06-08,2.2059,2.2059,2.2059,2.2119,32360,78.5
2009-06-09,2.2199,2.248,2.1216,2.1978,138430,78
2009-06-10,2.0935,2.1216,2.0935,2.0992,108150,74.5
2009-06-11,2.0513,2.1918,2.0513,2.1978,65310,78
2009-06-12,2.2902,2.2902,2.0935,2.1696,45370,77
2009-06-15,2.0935,2.1356,2.0654,2.071,71420,73.5
2009-06-16,1.967,1.967,1.967,1.9724,81370,70
2009-06-17,1.8687,2.0232,1.8687,1.9865,129400,70.5
2009-06-18,1.9811,2.0232,1.9389,2.0147,158720,71.5
2009-06-19,2.0794,2.0794,2.0092,2.071,150290,73.5
2009-06-22,2.1637,2.1637,2.0794,2.1696,203780,77
2009-06-23,2.1075,2.1637,2.0654,2.071,74390,73.5
2009-06-24,2.1637,2.1637,2.1356,2.1696,120850,77
2009-06-25,2.2621,2.2621,2.0794,2.1555,185410,76.5
2009-06-26,2.1778,2.234,2.1497,2.1978,161090,78
2009-06-29,2.2199,2.2199,2.1778,2.1978,105480,78
2009-06-30,2.1637,2.1918,2.0935,2.0992,98830,74.5
2009-07-01,1.9951,2.0513,1.9951,2.0006,51990,71
2009-07-02,2.0995,2.0995,2.0995,2.0995,37850,47.5
2009-07-03,2.1962,2.1962,2.1609,2.2011,210630,49.8
2009-07-06,2.2321,2.2984,2.1835,2.2542,160760,51
2009-07-07,2.1481,2.21,2.1437,2.1437,103600,48.5
2009-07-08,2.0374,2.0948,2.033,2.0376,115670,46.1
2009-07-09,2.0376,2.1083,2.0332,2.0332,34500,46
2009-07-10,1.989,2.0111,1.9669,1.9669,47010,44.5
2009-07-13,1.9007,1.9139,1.8654,1.8696,41560,42.3
2009-07-14,1.8908,1.8908,1.7791,1.8785,99540,42
2009-07-15,1.8953,1.9221,1.8774,1.9009,19530,42.5
2009-07-16,1.9936,1.9936,1.9042,1.968,38430,44
2009-07-17,1.9579,2.0339,1.9534,2.0127,61980,45
2009-07-20,1.9445,1.9489,1.9132,1.9143,53450,42.8
2009-07-21,1.9579,1.9579,1.9132,1.9233,34740,43
2009-07-22,2.016,2.016,2.016,2.0172,44420,45.1
2009-07-23,2.1143,2.1143,2.092,2.1156,100070,47.3
2009-07-24,2.2171,2.2171,2.2171,2.2185,14140,49.6
2009-07-27,2.3244,2.3244,2.3244,2.3258,44510,52
2009-07-28,2.4362,2.4362,2.4362,2.4376,148200,54.5
2009-07-29,2.5479,2.5479,2.4809,2.4824,325890,55.5
2009-07-30,2.3691,2.3691,2.3691,2.3705,103030,53
2009-07-31,2.2797,2.4809,2.2797,2.4376,107360,54.5
2009-08-03,2.3691,2.5032,2.3691,2.4153,29250,54
2009-08-04,2.4138,2.4585,2.3691,2.3705,61100,53
2009-08-05,2.3468,2.4138,2.3468,2.3929,36860,53.5
2009-08-06,2.4585,2.5032,2.4585,2.46,173700,55
2009-08-07,2.4809,2.5032,2.4585,2.46,78630,55
2009-08-10,2.4809,2.5032,2.4585,2.4824,50420,55.5
2009-08-11,2.4585,2.5032,2.4362,2.4376,46830,54.5
2009-08-12,2.4138,2.4585,2.4138,2.46,50630,55
2009-08-13,2.4809,2.5032,2.4585,2.5047,78900,56
2009-08-14,2.5256,2.5256,2.4585,2.5047,27690,56
2009-08-17,2.4585,2.5032,2.4362,2.4376,33260,54.5
2009-08-18,2.4362,2.4809,2.4138,2.4824,30400,55.5
2009-08-19,2.4809,2.5256,2.4585,2.5271,67050,56.5
2009-08-20,2.5256,2.5479,2.5032,2.5047,55800,56
2009-08-21,2.5479,2.5703,2.4585,2.46,110920,55
2009-08-24,2.5256,2.5703,2.5032,2.5718,207640,57.5
2009-08-25,2.682,2.682,2.6597,2.6836,340430,60
2009-08-26,2.7714,2.8161,2.7267,2.7284,328480,61
2009-08-27,2.7491,2.7714,2.682,2.7284,153420,61
2009-08-28,2.7714,2.7938,2.7044,2.7954,194370,62.5
2009-08-31,2.7938,2.8832,2.7938,2.8849,330060,64.5
2009-09-01,2.9055,2.9055,2.8161,2.8178,155950,63
2009-09-03,2.7267,2.7938,2.7267,2.7284,76170,61
2009-09-04,2.7267,2.7714,2.6373,2.6389,100520,59
2009-09-07,2.5926,2.5926,2.5256,2.5494,121200,57
2009-09-08,2.615,2.6597,2.615,2.6613,154160,59.5
2009-09-09,2.6597,2.682,2.5926,2.6389,65900,59
2009-09-10,2.615,2.6597,2.5926,2.6613,43660,59.5
2009-09-11,2.7044,2.7267,2.6597,2.6613,83980,59.5
2009-09-14,2.7491,2.7491,2.6373,2.6836,175390,60
2009-09-15,2.682,2.682,2.5926,2.5942,111670,58
2009-09-16,2.5703,2.6373,2.5703,2.5718,78400,57.5
2009-09-17,2.5703,2.6373,2.5479,2.6165,123390,58.5
2009-09-18,2.615,2.6373,2.5926,2.6389,111910,59
2009-09-21,2.682,2.7491,2.6373,2.7507,96900,61.5
2009-09-22,2.8832,2.8832,2.8832,2.8849,90190,64.5
2009-09-23,3.0173,3.0173,3.0173,3.0191,213410,67.5
2009-09-24,2.9279,3.0173,2.8832,2.9296,336700,65.5
2009-09-25,2.8608,2.9949,2.8608,2.9967,169710,67
2009-09-28,2.9949,2.9949,2.9055,2.952,119100,66
2009-09-29,2.9502,2.9502,2.8608,2.9296,131210,65.5
2009-09-30,2.9279,2.9279,2.8608,2.8625,121720,64
2009-10-01,2.9949,2.9949,2.8385,2.8402,116420,63.5
2009-10-02,2.8385,2.8385,2.7267,2.7507,69310,61.5
2009-10-05,2.7491,2.8608,2.7491,2.8402,65960,63.5
2009-10-06,2.9726,2.9726,2.9279,2.952,231980,66
2009-10-07,2.9279,2.9949,2.9279,2.9743,109390,66.5
2009-10-08,2.9502,2.9726,2.8832,2.8849,59630,64.5
2009-10-09,2.9949,3.0173,2.9726,3.0191,146710,67.5
2009-10-12,3.0173,3.1514,3.0173,3.1085,240400,69.5
2009-10-13,3.1067,3.129,3.062,3.1309,158190,70
2009-10-14,3.129,3.2631,3.062,3.2203,198440,72
2009-10-15,3.3749,3.3749,3.2408,3.3769,128150,75.5
2009-10-16,3.3302,3.3749,3.2184,3.3545,235680,75
2009-10-19,3.3525,3.3749,3.2631,3.3769,202230,75.5
2009-10-20,3.4643,3.5313,3.4419,3.5334,262620,79
2009-10-21,3.5313,3.6654,3.5313,3.6229,128250,81
2009-10-22,3.5537,3.6207,3.5313,3.6229,289460,81
2009-10-23,3.7995,3.7995,3.6654,3.8018,452120,85
2009-10-26,3.9336,3.956,3.8889,3.8913,183000,87
2009-10-27,3.7995,3.7995,3.7101,3.8018,229550,85
2009-10-28,3.8442,3.8442,3.7101,3.8018,141680,85
2009-10-29,3.6654,3.7101,3.6207,3.7123,196400,83
2009-10-30,3.7772,3.7995,3.7101,3.8018,143230,85
2009-11-02,3.6654,3.7548,3.6207,3.6676,246230,82
2009-11-03,3.7101,3.7101,3.509,3.5111,119110,78.5
2009-11-04,3.576,3.6654,3.576,3.6676,197230,82
2009-11-05,3.8442,3.8442,3.8442,3.8465,75700,86
2009-11-06,4.023,4.023,3.9336,4.0254,271570,90
2009-11-09,4.0007,4.0677,4.0007,4.0254,122730,90
2009-11-10,4.1571,4.2018,3.9783,4.1596,114150,93
2009-11-11,4.2912,4.3583,4.2912,4.3609,86080,97.5
2009-11-12,4.47,4.5594,4.47,4.5622,161560,102
2009-11-13,4.5594,4.6041,4.47,4.6069,183080,103
2009-11-16,4.8276,4.8276,4.7829,4.8305,190440,108
2009-11-17,5.0064,5.0064,4.8276,5.0094,444440,112
2009-11-18,5.0064,5.0958,4.8723,4.92,599030,110
2009-11-19,4.7829,4.917,4.6935,4.8305,426010,108
2009-11-20,4.8276,5.0064,4.6935,5.0094,195130,112
2009-11-23,4.917,4.917,4.7829,4.92,122000,110
2009-11-24,4.917,5.0064,4.8276,4.9647,73070,111
2009-11-25,4.917,4.917,4.7382,4.8305,73500,108
2009-11-26,4.6041,5.0511,4.6041,5.0542,139450,113
2009-11-27,4.8276,5.1405,4.8276,5.0094,127600,112
2009-11-30,5.1405,5.2299,4.9617,5.2331,104680,117
2009-12-01,5.2299,5.2299,5.0958,5.1436,129550,115
2009-12-02,5.0511,5.0958,4.9617,5.0094,44700,112
2009-12-03,4.8723,5.0064,4.7829,4.92,82200,110
2009-12-04,4.917,4.917,4.6935,4.7411,265970,106
2009-12-07,4.7382,4.7382,4.5594,4.6963,196900,105
2009-12-08,4.5594,4.6935,4.5147,4.6963,270030,105
2009-12-09,4.6041,4.6935,4.47,4.6069,33670,103
2009-12-10,4.6041,4.6041,4.4253,4.6069,95520,103
2009-12-11,4.47,4.6488,4.3806,4.6516,67400,104
2009-12-14,4.7382,4.8276,4.6488,4.7411,72360,106
2009-12-15,4.7382,4.7382,4.5147,4.5174,102670,101
2009-12-16,4.3359,4.3359,4.2912,4.2938,99920,96
2009-12-17,4.0901,4.1571,4.0901,4.1596,164980,93
2009-12-18,3.956,4.0677,3.956,3.9583,154510,88.5
2009-12-21,4.1124,4.1348,3.8666,4.1373,23770,92.5
2009-12-22,4.3359,4.3359,4.2465,4.3385,20950,97
2009-12-23,4.4253,4.5147,4.1348,4.5174,21280,101
2009-12-24,4.5147,4.5147,4.3359,4.4727,34240,100
2009-12-25,4.6041,4.6041,4.47,4.4727,80110,100
2009-12-28,4.2689,4.47,4.2689,4.3385,22000,97
2009-12-29,4.2018,4.3583,4.1348,4.1373,42220,92.5
2009-12-30,3.9783,4.2242,3.9783,4.2043,62190,94
2009-12-31,4.3583,4.3583,4.1124,4.2043,112700,94
2010-01-04,4.2018,4.3806,4.2018,4.3833,28450,98
2010-01-05,4.5594,4.5594,4.4253,4.4503,81630,99.5
2010-01-06,4.2912,4.47,4.2912,4.3609,26740,97.5
2010-01-07,4.3583,4.3583,4.2018,4.3609,30400,97.5
2010-01-08,4.3136,4.4253,4.2465,4.3385,30710,97
2010-01-11,4.2465,4.3583,4.2018,4.3385,28680,97
2010-01-12,4.2465,4.3583,4.2018,4.2938,25460,96
2010-01-13,4.1348,4.3583,4.1348,4.3609,20390,97.5
2010-01-14,4.3583,4.3583,4.2912,4.3609,44660,97.5
2010-01-15,4.2465,4.3359,4.2465,4.3385,46940,97
2010-01-18,4.2465,4.2912,4.1571,4.2714,33990,95.5
2010-01-19,4.1348,4.3359,4.1348,4.2938,19960,96
2010-01-20,4.2912,4.3136,4.2018,4.2938,19680,96
2010-01-21,4.1348,4.2912,4.1348,4.2938,26680,96
2010-01-22,4.2465,4.3136,4.1124,4.3162,70700,96.5
2010-01-25,4.2242,4.2912,4.2242,4.2938,13630,96
2010-01-26,4.2912,4.3136,4.2465,4.2938,35750,96
2010-01-27,4.3359,4.3359,4.2465,4.2938,32600,96
2010-01-28,4.3583,4.3583,4.0901,4.3162,23600,96.5
2010-01-29,4.2465,4.2465,4.1571,4.2491,18870,95
2010-02-01,4.1795,4.2465,4.1795,4.2491,36180,95
2010-02-02,4.2465,4.3806,4.2242,4.3162,30660,96.5
2010-02-03,4.2242,4.4253,4.2242,4.3833,96530,98
2010-02-04,4.3359,4.5147,4.3359,4.4503,163390,99.5
2010-02-05,4.3359,4.4253,4.2465,4.2938,139900,96
2010-02-08,4.2018,4.3359,4.1571,4.2938,94980,96
2010-02-09,4.1571,4.2465,4.1571,4.2491,103160,95
2010-02-10,4.2465,4.2912,4.1795,4.2938,74660,96
2010-02-11,4.3136,4.3359,4.2912,4.3385,45850,97
2010-02-12,4.3359,4.403,4.3359,4.3833,89470,98
2010-02-22,4.3806,4.4253,4.3136,4.428,71740,99
2010-02-23,4.3806,4.4253,4.2242,4.3609,84430,97.5
2010-02-24,4.2018,4.3583,4.1795,4.2267,175340,94.5
2010-02-25,4.3359,4.3806,4.1571,4.1596,249890,93
2010-02-26,4.1124,4.1124,3.9783,4.0031,337300,89.5
2010-03-01,4.0007,4.1571,4.0007,4.0254,155190,90
2010-03-02,3.9783,4.023,3.956,3.9807,128120,89
2010-03-03,4.023,4.0901,3.9783,3.9807,119700,89
2010-03-04,4.0454,4.0901,4.023,4.0702,65980,91
2010-03-05,4.0454,4.0677,3.9783,4.0254,108370,90
2010-03-08,4.0677,4.1124,4.0007,4.0254,95640,90
2010-03-09,4.023,4.0454,4.0007,4.0478,105060,90.5
2010-03-10,4.0454,4.0677,4.023,4.0254,90660,90
2010-03-11,3.9783,4.023,3.9783,3.9807,95590,89
2010-03-12,4.023,4.1124,4.023,4.0702,101600,91
2010-03-15,4.0677,4.1348,4.0677,4.1149,113160,92
2010-03-16,4.0901,4.1348,4.023,4.0254,98240,90
2010-03-17,4.023,4.023,3.9783,3.9807,102440,89
2010-03-18,4.023,4.023,3.9336,3.9807,120250,89
2010-03-19,3.9783,3.9783,3.9113,3.936,163290,88
2010-03-22,3.9336,4.0007,3.8889,3.936,52690,88
2010-03-23,3.9336,3.9783,3.8889,3.9583,57060,88.5
2010-03-24,3.956,4.0007,3.9336,3.9807,58040,89
2010-03-25,3.9113,4.023,3.8889,3.9807,97320,89
2010-03-26,4.0007,4.023,3.956,4.0031,130170,89.5
2010-03-29,4.0007,4.0454,4.0007,4.0254,98450,90
2010-03-30,4.0007,4.0677,4.0007,4.0478,68720,90.5
2010-03-31,4.0454,4.0454,4.0007,4.0031,135820,89.5
2010-04-01,4.023,4.0901,4.023,4.0925,195460,91.5
2010-04-02,4.1571,4.1571,4.1124,4.1596,161500,93
2010-04-05,4.2912,4.3583,4.2465,4.3162,181240,96.5
2010-04-06,4.3136,4.3806,4.3136,4.3162,168710,96.5
2010-04-07,4.3359,4.3359,4.2689,4.3162,135370,96.5
2010-04-08,4.3359,4.3359,4.2912,4.3385,174960,97
2010-04-09,4.3359,4.3583,4.3136,4.3385,129220,97
2010-04-12,4.3359,4.3583,4.2912,4.3385,137590,97
2010-04-13,4.3136,4.3806,4.3136,4.3385,70380,97
2010-04-14,4.2689,4.3359,4.2689,4.2714,71170,95.5
2010-04-15,4.3359,4.47,4.3359,4.4727,159470,100
2010-04-16,4.47,4.5147,4.4253,4.4727,75910,100
2010-04-19,4.4253,4.47,4.3583,4.3609,86200,97.5
2010-04-20,4.2689,4.4253,4.2689,4.428,128820,99
2010-04-21,4.4477,4.5147,4.4253,4.4727,223690,100
2010-04-22,4.6488,4.6935,4.6041,4.6963,143480,105
2010-04-26,4.8723,4.917,4.7829,4.8752,114920,109
2010-04-27,4.8723,5.0064,4.8723,4.9647,139560,111
2010-04-28,4.9617,5.0511,4.8276,4.9647,128870,111
2010-04-29,5.0064,5.0511,4.9617,5.0542,84380,113
2010-05-04,5.2746,5.2746,5.2746,5.2778,52610,118
2010-05-05,5.4534,5.4981,5.364,5.4567,206200,122
2010-05-06,5.3193,5.4534,5.2746,5.3225,256370,119
2010-05-07,5.551,5.551,5.3924,5.4719,316080,69
2010-05-10,5.7096,5.7096,5.3924,5.3926,265800,68
2010-05-11,5.4717,5.4717,5.2735,5.3926,268990,68
2010-05-12,5.3131,5.3131,5.1545,5.1547,256220,65
2010-05-13,5.1545,5.2338,5.0752,5.1151,193870,64.5
2010-05-14,5.1149,5.2338,5.0752,5.1547,164120,65
2010-05-17,5.2338,5.2338,4.9166,4.9961,165670,63
2010-05-18,5.0356,5.0752,4.8373,5.0358,114290,63.5
2010-05-19,4.9563,5.0752,4.7977,4.7978,172960,60.5
2010-05-20,4.5598,4.8373,4.5598,4.7978,149850,60.5
2010-05-21,4.5598,4.758,4.5598,4.7185,121700,59.5
2010-05-24,4.877,4.877,4.7184,4.8772,100590,61.5
2010-05-25,4.9959,5.0752,4.8373,4.9168,224980,62
2010-05-26,4.9959,5.0752,4.9563,4.9961,126060,63
2010-05-27,5.1545,5.1545,4.9166,5.0754,140040,64
2010-05-28,5.3131,5.3131,5.1942,5.2737,129880,66.5
2010-05-31,5.2735,5.3131,5.1545,5.1944,85620,65.5
2010-06-01,5.0752,5.2338,5.0356,5.1151,190970,64.5
2010-06-02,5.0752,5.2735,4.9563,5.2737,159120,66.5
2010-06-03,5.4321,5.4321,5.3131,5.353,130200,67.5
2010-06-04,5.3131,5.3924,5.2735,5.3133,166380,67
2010-06-07,5.1545,5.2338,5.1149,5.1151,175470,64.5
2010-06-08,4.9166,5.1545,4.9166,4.9961,148800,63
2010-06-09,4.9959,5.1942,4.877,4.9565,215330,62.5
2010-06-10,4.9166,5.1545,4.9166,5.1151,152500,64.5
2010-06-11,5.1149,5.2735,5.1149,5.234,144970,66
2010-06-14,5.2338,5.3131,5.2338,5.2737,184100,66.5
2010-06-15,5.2338,5.3131,5.1942,5.234,165070,66
2010-06-16,5.1545,5.2338,5.1149,5.1547,212060,65
2010-06-17,5.0752,5.1545,5.0356,5.1547,96250,65
2010-06-18,5.1545,5.2338,5.1545,5.234,160060,66
2010-06-21,5.3528,5.3924,5.2338,5.3133,281680,67
2010-06-22,5.2338,5.4321,5.2338,5.4323,210430,68.5
2010-06-23,5.3924,5.4321,5.3528,5.4323,105830,68.5
2010-06-24,5.3924,5.4717,5.3528,5.353,147460,67.5
2010-06-25,5.3131,5.3924,5.2338,5.234,229300,66
2010-06-28,5.2338,5.3924,5.2338,5.353,119190,67.5
2010-06-29,5.3924,5.4717,5.3528,5.4719,137180,69
2010-06-30,5.3528,5.5114,5.3131,5.5116,187370,69.5
2010-07-01,5.5114,5.5114,5.3924,5.4323,186030,68.5
2010-07-02,5.4321,5.4321,5.3924,5.4323,139070,68.5
2010-07-05,5.4321,5.5907,5.4321,5.5909,184310,70.5
2010-07-06,5.5907,5.5907,5.5114,5.5909,152510,70.5
2010-07-07,5.5907,5.67,5.5114,5.5116,101480,69.5
2010-07-08,5.551,5.5907,5.5114,5.5116,126410,69.5
2010-07-09,5.5114,5.5907,5.5114,5.5116,23090,69.5
2010-07-12,5.551,5.551,5.3528,5.4323,133160,68.5
2010-07-13,5.4321,5.5114,5.3924,5.5116,136290,69.5
2010-07-14,5.6303,5.6303,5.4321,5.4323,141580,68.5
2010-07-15,5.4321,5.551,5.3528,5.353,132090,67.5
2010-07-16,5.3528,5.5114,5.3131,5.353,103720,67.5
2010-07-19,5.3131,5.4717,5.3131,5.4719,116870,69
2010-07-20,5.3924,5.4717,5.3528,5.353,98090,67.5
2010-07-21,5.4717,5.4717,5.3924,5.4719,29610,69
2010-07-22,5.3528,5.4321,5.3528,5.4323,75160,68.5
2010-07-23,5.4321,5.5114,5.4321,5.4719,79570,69
2010-07-26,5.3924,5.5114,5.3924,5.3926,90350,68
2010-07-27,5.3924,5.4717,5.3924,5.4719,105180,69
2010-07-28,5.4717,5.4717,5.3528,5.3926,116950,68
2010-07-29,5.3924,5.3924,5.3528,5.353,92660,67.5
2010-07-30,5.3924,5.4321,5.3131,5.3926,83390,68
2010-08-02,5.4717,5.4717,5.3131,5.4323,69950,68.5
2010-08-03,5.3924,5.5114,5.3924,5.3926,127240,68
2010-08-04,5.4321,5.4321,5.3528,5.3926,65650,68
2010-08-05,5.4321,5.4321,5.3528,5.3926,109720,68
2010-08-06,5.4321,5.4321,5.3131,5.3926,70650,68
2010-08-09,5.4321,5.4321,5.3131,5.3926,71090,68
2010-08-10,5.3528,5.3528,5.2735,5.3133,129620,67
2010-08-11,5.3131,5.3924,5.2338,5.3926,98620,68
2010-08-12,5.3924,5.3924,5.2338,5.2737,123390,66.5
2010-08-13,5.2735,5.3131,5.2338,5.3133,141490,67
2010-08-16,5.3131,5.3131,5.3131,5.3133,80080,67
2010-08-17,5.3131,5.3131,5.2735,5.3133,84010,67
2010-08-18,5.3131,5.3131,5.1149,5.1944,99710,65.5
2010-08-19,5.1545,5.2735,5.1149,5.1547,83370,65
2010-08-20,5.2338,5.2735,4.9563,5.1944,47520,65.5
2010-08-23,5.1942,5.2338,5.1545,5.1944,55680,65.5
2010-08-24,5.2338,5.2338,4.9563,4.9565,79650,62.5
2010-08-25,4.758,5.0752,4.7184,4.7582,77450,60
2010-08-26,4.6391,4.9166,4.6391,4.8375,98860,61
2010-08-27,4.8373,4.877,4.758,4.8375,83900,61
2010-08-30,4.877,4.9166,4.877,4.9168,131600,62
2010-08-31,4.9959,5.0356,4.9563,4.9961,383410,63
2010-09-01,4.9959,4.9959,4.9166,4.9961,70650,63
2010-09-06,4.9959,5.1149,4.9563,4.9961,146690,63
2010-09-07,4.9959,5.0356,4.877,4.8772,168790,61.5
2010-09-08,4.9166,4.9166,4.7184,4.7185,128020,59.5
2010-09-09,4.758,4.9166,4.758,4.9168,105610,62
2010-09-10,5.0752,5.0752,4.7977,4.7978,83060,60.5
2010-09-13,4.877,4.877,4.6787,4.7978,48530,60.5
2010-09-14,4.7184,4.7977,4.5598,4.5996,341010,58
2010-09-15,4.5994,4.5994,4.4012,4.441,252500,56
2010-09-16,4.2822,4.5201,4.2426,4.4806,485630,56.5
2010-09-17,4.3219,4.5598,4.3219,4.5203,266140,57
2010-09-20,4.4012,4.6391,4.4012,4.5599,307750,57.5
2010-09-21,4.5994,4.5994,4.3615,4.3617,623660,55
2010-09-22,4.3615,4.4408,4.2426,4.3617,254520,55
2010-09-23,4.2822,4.4012,4.2822,4.4013,169830,55.5
2010-09-24,4.4012,4.4805,4.3615,4.4806,78260,56.5
2010-09-27,4.4805,4.5598,4.4408,4.5599,129040,57.5
2010-09-28,4.5201,4.758,4.5201,4.7582,375150,60
2010-09-29,4.9166,4.9959,4.877,4.8772,553030,61.5
2010-09-30,4.7184,4.877,4.7184,4.8375,138730,61
2010-10-01,4.877,4.877,4.6391,4.6789,92550,59
2010-10-04,4.758,4.758,4.5201,4.6789,239990,59
2010-10-05,4.6787,4.8373,4.5994,4.8375,279060,61
2010-10-06,4.758,5.0752,4.758,5.0754,241960,64
2010-10-07,4.9959,5.3131,4.9959,5.1547,397490,65
2010-10-08,4.9166,5.2338,4.9166,5.1944,128750,65.5
2010-10-11,5.1942,5.1942,4.9959,5.1944,92940,65.5
2010-10-12,5.1545,5.1942,5.1149,5.1547,58240,65
2010-10-13,4.9959,5.1545,4.9959,5.1547,138430,65
2010-10-14,5.1545,5.3131,5.1545,5.2737,187470,66.5
2010-10-15,5.1545,5.3131,5.0356,5.1151,80750,64.5
2010-10-18,4.9959,5.1942,4.9563,4.9961,105250,63
2010-10-19,5.1545,5.1942,4.9959,5.1547,125270,65
2010-10-20,5.0356,5.1545,4.9959,5.0358,67330,63.5
2010-10-21,5.0356,5.1545,5.0356,5.1547,84490,65
2010-10-22,5.1545,5.2338,5.0356,5.234,154290,66
2010-10-25,5.2338,5.4717,5.2338,5.4719,171410,69
2010-10-26,5.4717,5.551,5.4717,5.5512,132570,70
2010-10-27,5.3924,5.551,5.3131,5.3926,79360,68
2010-10-28,5.2338,5.4717,5.2338,5.353,170510,67.5
2010-10-29,5.3924,5.3924,5.3131,5.353,86840,67.5
2010-11-01,5.2338,5.3924,5.2338,5.353,67060,67.5
2010-11-02,5.1942,5.3528,5.1942,5.353,99530,67.5
2010-11-03,5.1942,5.3924,5.1942,5.3926,91240,68
2010-11-04,5.3131,5.5114,5.3131,5.5116,238550,69.5
2010-11-05,5.4321,5.7096,5.4321,5.6702,147440,71.5
2010-11-08,5.7096,5.9475,5.7096,5.9477,254520,75
2010-11-09,5.9475,5.9475,5.8682,5.9081,220010,74.5
2010-11-10,5.7889,5.9475,5.7889,5.8684,292630,74
2010-11-11,5.8286,5.9475,5.8286,5.9477,223760,75
2010-11-12,5.8286,5.9475,5.67,5.7891,157260,73
2010-11-15,5.9079,5.9475,5.67,5.7495,81540,72.5
2010-11-16,5.7493,5.8682,5.6303,5.7098,194400,72
2010-11-17,5.6303,5.8286,5.6303,5.7495,272530,72.5
2010-11-18,5.7493,5.8286,5.6303,5.7495,236600,72.5
2010-11-19,5.7493,5.8286,5.7096,5.8288,124280,73.5
2010-11-22,5.8286,5.8286,5.7493,5.8288,156270,73.5
2010-11-23,5.8286,6.1061,5.7889,6.1064,148130,77
2010-11-24,6.1061,6.344,6.0268,6.2253,94650,78.5
2010-11-25,6.344,6.344,6.1854,6.265,129800,79
2010-11-26,6.344,6.344,6.1458,6.265,101830,79
2010-11-29,6.3837,6.4233,6.2251,6.4236,169970,81
2010-11-30,6.344,6.463,6.344,6.4236,106080,81
2010-12-01,6.4233,6.4233,6.344,6.3839,111500,80.5
2010-12-02,6.2647,6.4233,6.2647,6.3839,166650,80.5
2010-12-03,6.5026,6.5026,6.3837,6.3839,132790,80.5
2010-12-06,6.2647,6.5026,6.2647,6.5029,259520,82
2010-12-07,6.6612,6.8198,6.5423,6.8201,215150,86
2010-12-08,6.9784,7.137,6.5026,7.058,255060,89
2010-12-09,6.8198,7.137,6.8198,7.1373,203300,90
2010-12-10,7.1767,7.4939,6.8991,7.4942,292490,94.5
2010-12-13,7.8111,7.8507,7.6128,7.851,501360,99
2010-12-14,8.0886,8.1679,7.93,8.1682,397770,103
2010-12-15,8.1679,8.5644,8.1679,8.4855,348760,107
2010-12-16,8.4851,8.4851,8.0886,8.0889,201840,102
2010-12-17,7.7318,8.0093,7.6921,7.6924,153530,97
2010-12-20,7.5732,7.6921,7.3353,7.3356,174940,92.5
2010-12-21,7.0577,7.3749,6.9784,7.3356,447630,92.5
2010-12-22,7.5335,7.5335,7.0181,7.3752,103690,93
2010-12-23,7.4542,7.4542,7.2163,7.2166,224110,91
2010-12-24,6.9784,7.2956,6.9784,7.1373,188980,90
2010-12-27,7.137,7.1767,7.0577,7.058,230850,89
2010-12-28,6.9388,7.2163,6.9388,7.2166,92730,91
2010-12-29,7.3353,7.4542,7.256,7.4545,136580,94
2010-12-30,7.4542,7.8111,7.4542,7.6131,103890,96
2010-12-31,7.6128,7.93,7.6128,7.7321,90740,97.5
2011-01-04,7.6128,7.7714,7.5732,7.6528,224360,96.5
2011-01-05,7.7714,7.7714,7.6128,7.6528,77770,96.5
2011-01-06,7.4542,7.6921,7.4542,7.6131,136200,96
2011-01-07,7.6128,7.6525,7.4542,7.5735,343910,95.5
2011-01-10,7.6921,7.6921,7.5335,7.6528,188760,96.5
2011-01-11,7.7318,7.7318,7.5732,7.6528,354510,96.5
2011-01-12,7.6525,7.6921,7.5732,7.6131,327520,96
2011-01-13,7.6128,7.8111,7.5732,7.8114,81190,98.5
2011-01-14,7.8507,7.8507,7.6128,7.6131,269460,96
2011-01-17,7.6525,7.6525,7.3749,7.5338,146170,95
2011-01-18,7.5732,7.5732,7.2163,7.2166,209380,91
2011-01-19,7.3749,7.4146,7.0577,7.1769,215470,90.5
2011-01-20,7.2956,7.2956,7.137,7.1769,63700,90.5
2011-01-21,7.0974,7.2956,7.0974,7.1373,110780,90
2011-01-24,7.2956,7.2956,6.9784,6.9787,45150,88
2011-01-25,7.1767,7.256,7.0577,7.2166,46270,91
2011-01-26,7.2956,7.2956,7.137,7.1373,15700,90
2011-01-27,7.256,7.256,7.0974,7.1373,9470,90
2011-01-28,7.137,7.4939,7.137,7.4942,67030,94.5
2011-02-08,7.5335,7.6921,7.4939,7.6924,167690,97
2011-02-09,7.6921,7.93,7.6921,7.851,183610,99
2011-02-10,7.7714,7.93,7.6921,7.851,178010,99
2011-02-11,7.8507,8.0886,7.7714,8.0096,218050,101
2011-02-14,8.1679,8.4058,8.1679,8.4061,284840,106
2011-02-15,8.4058,8.8023,8.4058,8.6441,255250,109
2011-02-16,8.723,8.723,8.5644,8.6441,256390,109
2011-02-17,8.4058,8.4851,8.2472,8.2475,270500,104
2011-02-18,8.2472,8.3265,8.0886,8.3268,292640,105
2011-02-21,8.3265,8.3265,7.93,8.0096,284540,101
2011-02-22,7.6921,8.2472,7.6525,7.851,180730,99
2011-02-23,7.93,8.1679,7.8507,8.1682,579360,103
2011-02-24,8.1679,8.4058,8.1679,8.3268,376880,105
2011-02-25,8.1679,8.6437,8.1679,8.5648,319760,108
2011-02-28,8.5644,8.8816,8.4851,8.4855,335190,107
2011-03-01,8.4851,8.8816,8.4851,8.8027,589450,111
2011-03-02,8.8816,9.1988,8.723,9.1992,555610,116
2011-03-03,9.1195,9.516,9.1195,9.5164,414520,120
2011-03-04,9.516,9.9125,9.3574,9.8336,375430,124
2011-03-07,10.1504,10.1504,9.7539,10.1508,370820,128
2011-03-08,9.9125,10.309,9.9125,10.2301,401950,129
2011-03-09,10.2297,10.2297,9.9918,9.9922,759970,126
2011-03-10,9.7539,10.1504,9.7539,9.8336,110130,124
2011-03-11,9.7539,10.309,9.7539,10.3094,212320,130
2011-03-14,9.8332,10.5469,9.8332,9.9129,77200,125
2011-03-15,9.9125,9.9125,9.4367,9.4371,96350,119
2011-03-16,9.4367,9.4367,9.0402,9.1992,264380,116
2011-03-17,9.1988,9.516,9.0402,9.3578,34310,118
2011-03-18,9.3574,9.5953,9.1988,9.2785,116970,117
2011-03-21,9.2781,9.6746,9.2781,9.5957,79710,121
2011-03-22,9.6746,9.8332,9.1988,9.1992,62910,116
2011-03-23,9.4367,9.516,9.2781,9.5164,36020,120
2011-03-24,9.4367,9.7539,9.4367,9.7543,39510,123
2011-03-25,9.8332,9.9125,9.516,9.5164,34560,120
2011-03-28,9.516,9.7539,9.0402,9.675,64480,122
2011-03-29,9.8332,9.9125,9.7539,9.9129,50120,125
2011-03-30,10.0711,10.3883,9.9918,10.3887,104320,131
2011-03-31,10.7055,10.7848,10.309,10.3887,77700,131
2011-04-01,10.5469,10.7055,10.309,10.3887,57830,131
2011-04-04,10.4676,10.4676,10.2297,10.3094,23700,130
2011-04-05,10.4676,10.4676,10.2297,10.3887,35360,131
2011-04-06,10.4676,10.4676,10.309,10.3887,58560,131
2011-04-07,10.3883,10.5469,10.3883,10.5473,61320,133
2011-04-08,10.7055,10.7055,10.5469,10.6266,84740,134
2011-04-13,10.6262,10.7848,10.6262,10.7059,65640,135
2011-04-14,10.6262,10.7055,10.5469,10.7059,71840,135
2011-04-15,10.5469,10.7055,10.5469,10.6266,133350,134
2011-04-18,10.4676,10.6262,10.4676,10.5473,58420,133
2011-04-19,10.5469,10.7055,10.5469,10.6266,108050,134
2011-04-20,10.6262,10.7055,10.5469,10.7059,153070,135
2011-04-21,10.7055,10.9434,10.7055,10.7852,201490,136
2011-04-22,10.7055,10.8641,10.6262,10.6266,127730,134
2011-04-25,10.309,10.6262,10.309,10.468,101520,132
2011-04-26,10.0711,10.309,10.0711,10.1508,139450,128
2011-04-27,10.1504,10.6262,10.1504,10.6266,130270,134
2011-04-28,10.5469,10.6262,10.4676,10.5473,107270,133
2011-04-29,10.6262,10.6262,10.4676,10.6266,29220,134
2011-05-04,10.6262,10.6262,10.5469,10.6266,127280,134
2011-05-05,10.6262,10.6262,10.4676,10.6266,48900,134
2011-05-06,10.4676,10.5469,10.1504,10.468,159790,132
2011-05-09,10.309,10.4676,10.309,10.3887,105270,131
2011-05-10,10.3883,10.6262,10.3883,10.468,87300,132
2011-05-11,10.4676,10.5469,10.3883,10.468,129230,132
2011-05-12,10.5469,10.5469,10.3883,10.468,119730,132
2011-05-13,10.4676,10.4676,10.1504,10.3094,159110,130
2011-05-16,10.3883,10.4676,9.8332,9.8336,46450,124
2011-05-17,10.0711,10.1504,9.3574,9.3578,207090,118
2011-05-18,8.9609,8.9609,8.9609,8.9613,45690,113
2011-05-19,8.5644,8.5644,8.5644,8.5648,47200,108
2011-05-20,8.1679,8.6437,8.1679,8.6441,489150,109
2011-05-23,8.8023,8.9609,8.2472,8.4855,310070,107
2011-05-24,8.2472,8.4058,8.0886,8.0889,336060,102
2011-05-25,7.6921,8.0886,7.6921,7.6924,840600,97
2011-05-26,7.3353,7.6921,7.3353,7.6924,977830,97
2011-05-27,7.93,8.0093,7.8507,8.0096,131580,101
2011-05-30,8.3265,8.4058,8.1679,8.4061,88400,106
2011-05-31,8.4851,8.8023,8.4851,8.8027,54240,111
2011-06-01,9.1195,9.1988,9.1195,9.1992,64200,116
2011-06-02,9.5953,9.5953,9.5953,9.5957,18280,121
2011-06-03,10.0711,10.0711,9.1195,9.5957,244790,121
2011-06-06,9.4367,9.5953,9.1195,9.1199,53700,115
2011-06-07,9.2781,9.4367,8.723,8.7234,180380,110
2011-06-08,8.9609,8.9609,8.3265,8.7234,106270,110
2011-06-09,8.8816,8.9609,8.5644,8.9613,24500,113
2011-06-10,8.9609,9.1988,8.8816,8.9613,72400,113
2011-06-13,9.3574,9.3574,9.3574,9.3578,81300,118
2011-06-14,9.7539,9.7539,9.5953,9.7543,274280,123
2011-06-15,10.2297,10.2297,10.2297,10.2301,105290,129
2011-06-16,10.707,10.707,10.624,10.7189,289380,129
2011-06-17,11.122,11.205,10.79,11.2175,394170,135
2011-06-20,10.707,11.039,10.707,10.7189,274980,129
2011-06-21,10.375,10.956,10.375,10.9682,220520,132
2011-06-22,10.79,10.873,10.458,10.4696,239540,126
2011-06-23,10.458,10.873,10.458,10.802,43270,130
2011-06-24,10.79,10.873,10.79,10.802,46150,130
2011-06-27,10.624,11.122,10.624,11.1344,67400,134
2011-06-28,11.205,11.205,11.039,11.1344,33010,134
2011-06-29,11.122,11.122,11.039,11.1344,84900,134
2011-06-30,11.122,11.371,11.122,11.3836,141850,137
2011-07-01,11.039,11.122,10.956,11.0513,115910,133
2011-07-04,11.039,11.122,11.039,11.0513,88360,133
2011-07-05,11.039,11.122,11.039,11.0513,6430,133
2011-07-06,11.122,11.122,11.122,11.1344,9500,134
2011-07-07,11.205,11.371,11.122,11.3006,64730,136
2011-07-08,11.122,11.122,11.039,11.1344,25080,134
2011-07-11,11.039,11.039,11.039,11.0513,56550,133
2011-07-12,10.79,10.873,10.624,10.802,99110,130
2011-07-13,10.79,10.79,10.458,10.4696,197300,126
2011-07-14,10.458,10.458,10.043,10.0542,277980,121
2011-07-15,10.209,10.209,9.794,9.888,87390,119
2011-07-18,9.711,10.292,9.711,10.3034,222350,124
2011-07-19,10.292,10.292,9.877,10.1373,6990,122
2011-07-20,10.292,10.292,10.043,10.1373,73770,122
2011-07-21,10.126,10.126,9.877,10.0542,81920,121
2011-07-22,9.877,9.877,9.628,9.6387,58460,116
2011-07-25,9.628,9.711,9.545,9.7218,19830,117
2011-07-26,9.711,10.043,9.711,10.0542,76600,121
2011-07-27,10.126,10.209,10.126,10.1373,110090,122
2011-07-28,9.96,9.96,9.877,9.9711,12620,120
2011-07-29,9.794,9.96,9.462,9.5556,136390,115
2011-08-01,9.545,9.545,9.213,9.3894,101150,113
2011-08-02,9.13,9.213,8.964,8.974,25560,108
2011-08-03,8.549,8.715,8.549,8.7247,150050,105
2011-08-04,8.715,8.715,8.3,8.3092,153630,100
2011-08-05,8.3,8.715,8.3,8.6416,142460,104
2011-08-08,8.632,8.632,8.3,8.6416,250580,104
2011-08-09,8.383,8.798,8.383,8.8078,71650,106
2011-08-10,8.798,8.881,8.383,8.3923,228810,101
2011-08-11,8.134,8.549,8.134,8.3923,232520,101
2011-08-12,8.383,8.632,8.383,8.3923,110650,101
2011-08-15,8.383,8.632,8.383,8.5585,73160,103
2011-08-16,8.466,8.632,8.466,8.5585,134090,103
2011-08-17,8.632,8.632,8.466,8.5585,162430,103
2011-08-18,8.798,8.964,8.549,8.974,118100,108
2011-08-19,9.047,9.047,8.715,8.8078,127400,106
2011-08-22,8.715,8.964,8.715,8.974,45930,108
2011-08-23,8.964,8.964,8.798,8.8078,52450,106
2011-08-24,8.715,8.964,8.383,8.3923,200620,101
2011-08-25,8.549,8.798,8.549,8.7247,82350,105
2011-08-26,8.798,8.881,8.715,8.8909,38140,107
2011-08-29,8.715,8.964,8.632,8.974,107950,108
2011-08-30,9.13,9.379,9.13,9.3894,30130,113
2011-08-31,9.628,9.794,9.379,9.8049,55990,118
2011-09-01,10.043,10.209,9.96,10.2204,76680,123
2011-09-05,10.209,10.209,9.711,9.888,75340,119
2011-09-06,9.711,9.794,9.628,9.6387,86280,116
2011-09-07,9.628,9.711,9.545,9.6387,98070,116
2011-09-08,9.96,9.96,9.794,9.8049,71330,118
2011-09-09,9.794,10.126,9.794,10.1373,54440,122
2011-09-12,10.126,10.126,9.628,9.6387,145020,116
2011-09-13,9.545,9.628,9.213,9.2232,426930,111
2011-09-14,9.213,9.213,8.798,8.8909,563570,107
2011-09-15,9.13,9.213,8.466,8.8909,422260,107
2011-09-16,8.964,8.964,8.466,8.4754,556050,102
2011-09-19,8.3,8.632,8.217,8.5585,280520,103
2011-09-20,8.549,8.964,8.383,8.8909,308800,107
2011-09-21,8.881,8.881,8.632,8.7247,146760,105
2011-09-22,8.632,8.715,8.466,8.6416,223130,104
2011-09-23,8.466,8.549,8.217,8.3923,452650,101
2011-09-26,8.3,8.466,8.217,8.3923,173060,101
2011-09-27,8.3,8.466,8.217,8.3092,150920,100
2011-09-28,8.383,8.383,8.217,8.2261,167040,99
2011-09-29,8.217,8.549,8.0095,8.3092,317200,100
2011-09-30,8.217,8.466,8.217,8.3092,175980,100
2011-10-03,8.3,8.3,8.0925,8.1015,104470,97.5
2011-10-04,8.0095,8.0925,7.802,7.8522,141870,94.5
2011-10-05,7.8435,7.968,7.47,7.686,576500,92.5
2011-10-06,7.6775,7.802,7.553,7.8107,261240,94
2011-10-07,7.802,7.802,7.6775,7.686,81960,92.5
2011-10-10,7.636,7.968,7.636,7.9353,103850,95.5
2011-10-11,7.9265,7.968,7.7605,7.8107,63040,94
2011-10-12,7.6775,7.7605,7.553,7.686,90340,92.5
2011-10-13,7.6775,7.802,7.636,7.7276,108290,93
2011-10-14,7.719,7.802,7.719,7.7691,68540,93.5
2011-10-17,7.7605,7.7605,7.6775,7.7691,48520,93.5
2011-10-18,7.719,7.719,7.5945,7.6029,57200,91.5
2011-10-19,7.5945,7.636,7.2625,7.3121,243400,88
2011-10-20,7.221,7.304,7.0135,7.2706,232250,87.5
2011-10-21,7.1795,7.5115,7.1795,7.4783,148520,90
2011-10-24,7.5945,7.6775,7.553,7.5614,62290,91
2011-10-25,7.553,7.553,7.4285,7.5199,83940,90.5
2011-10-26,7.47,7.636,7.4285,7.6445,77290,92
2011-10-27,7.636,7.636,7.553,7.6445,37240,92
2011-10-28,7.6775,7.885,7.5945,7.7691,95910,93.5
2011-10-31,7.885,7.968,7.7605,7.7691,64510,93.5
2011-11-01,7.636,7.636,7.4285,7.5614,64370,91
2011-11-02,7.47,7.47,7.1795,7.3537,110370,88.5
2011-11-03,7.387,7.4285,7.221,7.4368,70800,89.5
2011-11-04,7.4285,7.553,7.4285,7.4368,73000,89.5
2011-11-07,7.387,7.47,7.304,7.4783,80540,90
2011-11-08,7.387,7.5115,7.387,7.4783,58800,90
2011-11-09,7.5115,7.553,7.4285,7.4368,75680,89.5
2011-11-10,7.4285,7.47,7.387,7.4368,62180,89.5
2011-11-11,7.4285,7.47,7.3455,7.4368,88850,89.5
2011-11-14,7.4285,7.47,7.0965,7.1044,174230,85.5
2011-11-15,7.138,7.221,6.7645,6.772,333190,81.5
2011-11-16,6.7645,7.0135,6.723,6.8551,618200,82.5
2011-11-17,6.889,6.972,6.8475,6.9382,209550,83.5
2011-11-18,6.972,6.972,6.723,6.8136,119300,82
2011-11-21,6.806,6.8475,6.6815,6.7305,138470,81
2011-11-22,6.723,6.8475,6.5985,6.8136,87040,82
2011-11-23,6.8475,6.972,6.8475,6.9798,118520,84
2011-11-24,6.972,7.055,6.64,6.6474,170460,80
2011-11-25,6.64,6.806,6.64,6.8136,85570,82
2011-11-28,6.889,6.972,6.64,6.8551,109020,82.5
2011-11-29,6.8475,6.9305,6.8475,6.9382,50720,83.5
2011-11-30,6.9305,6.9305,6.889,6.9382,81690,83.5
2011-12-01,6.9305,7.0135,6.889,7.0213,39080,84.5
2011-12-02,7.055,7.2625,7.055,7.2706,49820,87.5
2011-12-05,7.47,7.5945,7.47,7.6029,65910,91.5
2011-12-06,7.7605,7.802,7.553,7.6029,202420,91.5
2011-12-07,7.5945,7.5945,7.3455,7.5614,55130,91
2011-12-08,7.553,7.553,7.1795,7.1875,104660,86.5
2011-12-09,7.1795,7.2625,6.8475,7.0628,84510,85
2011-12-12,6.9305,7.138,6.9305,7.1459,24140,86
2011-12-13,7.304,7.47,7.304,7.4783,95850,90
2011-12-14,7.8435,7.8435,7.8435,7.8522,62300,94.5
2011-12-15,8.217,8.217,8.0925,8.2261,461180,99
2011-12-16,8.549,8.549,8.051,8.06,904050,97
2011-12-19,7.802,7.885,7.7605,7.8522,78790,94.5
2011-12-20,7.6775,8.051,7.6775,7.8938,103960,95
2011-12-21,8.2585,8.2585,8.2585,8.2677,618460,99.5
2011-12-22,8.2585,8.632,8.2585,8.6416,1184510,104
2011-12-23,8.217,8.466,8.217,8.3923,74780,101
2011-12-26,8.383,8.466,8.051,8.3092,205350,100
2011-12-27,8.2585,8.3,8.217,8.2261,76650,99
2011-12-28,8.134,8.383,8.134,8.3092,156380,100
2011-12-29,8.217,8.217,8.217,8.2261,55850,99
2011-12-30,8.217,8.3,8.217,8.2677,76710,99.5
2012-01-03,8.217,8.383,8.1755,8.1846,39190,98.5
2012-01-04,8.2585,8.3,8.1755,8.2261,38760,99
2012-01-05,8.1755,8.1755,7.8435,7.8522,15860,94.5
2012-01-06,7.8435,7.8435,7.7605,7.8107,22080,94
2012-01-09,7.802,8.1755,7.719,8.1846,14940,98.5
2012-01-10,8.466,8.466,7.968,8.1846,21890,98.5
2012-01-11,8.217,8.217,7.885,7.9353,18160,95.5
2012-01-12,8.051,8.0925,7.885,7.9353,35220,95.5
2012-01-13,7.885,8.134,7.885,8.0184,63120,96.5
2012-01-16,7.9265,8.0095,7.802,7.8107,36040,94
2012-01-17,7.719,8.1755,7.719,8.143,36590,98
2012-01-18,8.3,8.3,7.802,8.2677,19050,99.5
2012-01-19,8.217,8.632,8.217,8.6416,72240,104
2012-01-20,8.715,8.715,8.549,8.5585,52370,103
2012-01-30,8.549,8.964,8.549,8.974,40070,108
2012-01-31,9.13,9.13,8.964,9.0571,200100,109
2012-02-01,9.047,9.379,8.881,9.3894,60760,113
2012-02-02,9.379,9.628,9.13,9.4725,99860,114
2012-02-03,9.628,9.628,9.462,9.4725,90510,114
2012-02-06,9.545,9.794,9.462,9.8049,63650,118
2012-02-07,9.794,9.96,9.545,9.7218,74480,117
2012-02-08,9.628,9.794,9.545,9.7218,81410,117
2012-02-09,9.794,9.794,9.711,9.7218,44630,117
2012-02-10,9.628,9.628,9.462,9.6387,103570,116
2012-02-13,9.462,9.462,9.213,9.2232,24220,111
2012-02-14,9.047,9.545,9.047,9.5556,52090,115
2012-02-15,9.296,9.711,9.296,9.5556,23410,115
2012-02-16,9.711,9.711,9.379,9.5556,53320,115
2012-02-17,9.296,9.711,9.296,9.4725,24790,114
2012-02-20,9.545,9.711,9.13,9.3894,12450,113
2012-02-21,9.628,9.628,9.296,9.3894,19080,113
2012-02-22,9.379,9.545,9.213,9.5556,21970,115
2012-02-23,9.462,9.545,9.379,9.5556,58220,115
2012-02-24,9.628,9.628,9.296,9.3063,41550,112
2012-02-27,9.296,9.545,9.13,9.1402,82920,110
2012-02-28,9.13,9.296,9.047,9.1402,40460,110
2012-02-29,9.13,9.13,8.715,8.7247,87450,105
2012-03-01,8.466,8.466,8.3,8.3092,209560,100
2012-03-02,8.466,8.715,8.466,8.7247,156970,105
2012-03-05,9.13,9.13,9.13,9.1402,143510,110
2012-03-06,9.545,9.545,8.881,8.8909,66240,107
2012-03-07,8.881,8.964,8.549,8.8078,117880,106
2012-03-08,8.632,9.047,8.632,8.7247,84220,105
2012-03-09,8.715,8.964,8.715,8.974,37970,108
2012-03-12,8.549,9.13,8.549,8.8078,61400,106
2012-03-13,8.632,8.715,8.383,8.3923,241710,101
2012-03-14,8.715,8.715,8.217,8.7247,44600,105
2012-03-15,8.466,8.715,8.3,8.3092,230330,100
2012-03-16,8.632,8.632,8.051,8.143,240330,98
2012-03-19,8.134,8.134,7.885,8.143,150700,98
2012-03-20,8.134,8.466,8.134,8.3092,130940,100
2012-03-21,8.383,8.383,8.217,8.3092,144040,100
2012-03-22,8.1755,8.383,8.1755,8.3092,123360,100
2012-03-23,8.3,8.549,8.3,8.5585,153050,103
2012-03-26,8.715,8.881,8.466,8.8909,219500,107
2012-03-27,8.881,8.881,8.466,8.4754,773110,102
2012-03-28,8.051,8.134,8.051,8.06,593350,97
2012-03-29,8.2585,8.2585,7.802,7.8522,258600,94.5
2012-03-30,7.968,7.968,7.802,7.9769,196260,96
2012-04-03,7.968,7.968,7.885,7.9769,148470,96
2012-04-04,7.968,7.968,7.719,7.7276,248100,93
2012-04-05,7.719,7.8435,7.5945,7.7276,256960,93
2012-04-06,7.802,7.8435,7.719,7.8107,93370,94
2012-04-09,7.885,7.885,7.636,7.7276,234310,93
2012-04-10,7.719,7.719,7.636,7.6445,359080,92
2012-04-11,7.636,7.8435,7.5945,7.8522,263240,94.5
2012-04-12,7.9265,8.051,7.8435,7.9353,282800,95.5
2012-04-13,7.9265,8.134,7.885,7.8938,220290,95
2012-04-16,7.968,8.1755,7.9265,8.1015,178680,97.5
2012-04-17,8.0925,8.2585,8.0095,8.2261,213830,99
2012-04-18,8.3,8.549,8.217,8.2677,156310,99.5
2012-04-19,8.2585,8.3,8.0925,8.2261,190740,99
2012-04-20,8.3,8.3,8.0925,8.1846,250770,98.5
2012-04-23,8.0925,8.217,8.0925,8.2261,156350,99
2012-04-24,8.134,8.217,8.0925,8.2261,160260,99
2012-04-25,8.217,8.217,8.134,8.2261,233260,99
2012-04-26,8.3,8.383,8.2585,8.3092,98120,100
2012-04-27,8.383,8.383,8.3,8.3923,171160,101
2012-05-02,8.549,8.715,8.383,8.4754,217450,102
2012-05-03,8.466,8.549,8.383,8.4754,136060,102
2012-05-04,8.466,8.632,8.383,8.6416,105640,104
2012-05-07,8.632,8.715,8.383,8.6416,133040,104
2012-05-08,8.632,8.632,8.466,8.6416,137150,104
2012-05-09,8.632,8.632,8.466,8.5585,122410,103
2012-05-10,8.632,8.632,8.466,8.5585,90920,103
2012-05-11,8.549,8.632,8.466,8.4754,93430,102
2012-05-14,8.383,8.549,8.383,8.4754,79080,102
2012-05-15,8.383,8.549,8.217,8.3092,114310,100
2012-05-16,8.3,8.466,8.1755,8.2677,143950,99.5
2012-05-17,8.134,8.2585,8.051,8.2677,207350,99.5
2012-05-18,8.2585,8.2585,7.968,8.2261,169600,99
2012-05-21,8.3,8.383,8.3,8.3923,108700,101
2012-05-22,8.466,8.549,8.383,8.5585,87130,103
2012-05-23,8.3,8.632,8.3,8.4754,101180,102
2012-05-24,8.3,8.549,8.3,8.3923,71170,101
2012-05-25,8.466,8.466,8.3,8.4754,169090,102
2012-05-28,8.549,8.632,8.383,8.5585,86790,103
2012-05-29,8.549,8.632,8.466,8.6416,82090,104
2012-05-30,8.632,8.715,8.549,8.7247,226650,105
2012-05-31,8.549,8.715,8.549,8.5585,61250,103
2012-06-01,8.632,8.632,8.549,8.5585,73670,103
2012-06-04,8.8956,8.8956,8.472,8.5815,85690,81
2012-06-05,8.3661,8.6838,8.2602,8.5815,161020,81
2012-06-06,8.5779,8.7897,8.525,8.7934,186260,83
2012-06-07,9.0545,9.0545,8.8427,8.8993,103390,84
2012-06-08,9.1074,9.1074,8.8956,8.8993,115130,84
2012-06-11,8.8956,8.8956,8.5779,8.8993,144500,84
2012-06-12,8.8956,8.8956,8.6309,8.8464,116260,83.5
2012-06-13,8.9486,8.9486,8.6838,8.8464,124350,83.5
2012-06-14,8.8427,8.8427,8.525,8.7934,184830,83
2012-06-15,8.6838,8.7897,8.5779,8.7404,348600,82.5
2012-06-18,8.7897,8.7897,8.7368,8.7404,116570,82.5
2012-06-19,8.6838,8.7368,8.6309,8.6875,86230,82
2012-06-20,8.7368,8.7368,8.5779,8.6875,117450,82
2012-06-21,8.6838,8.7368,8.6309,8.7404,100900,82.5
2012-06-22,8.6838,8.6838,8.5779,8.5815,108520,81
2012-06-25,8.5779,9.0015,8.5779,9.0053,276560,85
2012-06-26,9.0015,9.0015,8.6838,9.0053,472290,85
2012-06-27,9.0015,9.0545,8.8956,9.0053,427270,85
2012-06-28,8.9486,8.9486,8.7368,8.9523,175400,84.5
2012-06-29,8.7897,8.9486,8.7897,8.8993,243790,84
2012-07-02,8.7368,8.8956,8.6309,8.6875,169750,82
2012-07-03,8.6309,8.6838,8.525,8.5815,83890,81
2012-07-04,8.5779,8.6309,8.525,8.5815,75960,81
2012-07-05,8.472,8.6838,8.472,8.5815,76350,81
2012-07-06,8.5779,8.6838,8.472,8.5285,91920,80.5
2012-07-09,8.472,8.5779,8.2602,8.3696,161250,79
2012-07-10,8.3661,8.3661,8.1543,8.3166,120480,78.5
2012-07-11,8.3132,8.3132,8.1014,8.2107,200620,77.5
2012-07-12,7.9425,8.3661,7.9425,8.2107,85610,77.5
2012-07-13,8.2602,8.472,8.2602,8.4756,181940,80
2012-07-16,8.472,8.472,8.1543,8.3696,102830,79
2012-07-17,8.1014,8.3661,8.1014,8.3696,273730,79
2012-07-18,8.3661,8.3661,8.2602,8.3166,109590,78.5
2012-07-19,8.1543,8.3661,8.1543,8.3696,185100,79
2012-07-20,8.3661,8.3661,8.3132,8.3166,225810,78.5
2012-07-23,8.3661,8.3661,8.1543,8.2637,109340,78
2012-07-24,8.2602,8.2602,7.9955,8.1577,240320,77
2012-07-25,8.1543,8.2073,7.9955,8.1577,100730,77
2012-07-26,8.0484,8.2073,8.0484,8.1577,111310,77
2012-07-27,8.1543,8.2073,8.0484,8.2107,246010,77.5
2012-07-30,8.0484,8.2073,8.0484,8.2107,199800,77.5
2012-07-31,8.1014,8.2073,8.1014,8.1577,159950,77
2012-08-01,8.1014,8.1543,7.9955,8.1048,172190,76.5
2012-08-02,8.1543,8.472,8.1543,8.3166,254950,78.5
2012-08-03,8.3132,8.3132,8.2073,8.3166,123450,78.5
2012-08-06,8.1014,8.3132,8.1014,8.3166,147010,78.5
2012-08-07,8.3661,8.4191,8.2602,8.3696,165390,79
2012-08-08,8.472,8.472,8.3661,8.4226,107540,79.5
2012-08-09,8.4191,8.472,8.3661,8.4226,100400,79.5
2012-08-10,8.472,8.472,8.3661,8.4226,65470,79.5
2012-08-13,8.3132,8.472,8.3132,8.4756,53020,80
2012-08-14,8.472,8.525,8.472,8.5285,93610,80.5
2012-08-15,8.5779,8.5779,8.472,8.4756,79010,80
2012-08-16,8.472,8.472,8.3661,8.4226,115560,79.5
2012-08-17,8.472,8.472,8.3132,8.3166,85650,78.5
2012-08-20,8.4191,8.4191,8.2602,8.3696,230260,79
2012-08-21,8.2602,8.3661,7.9955,8.1048,165180,76.5
2012-08-22,8.0484,8.1543,7.9425,8.1048,212800,76.5
2012-08-23,7.8896,7.9425,7.7307,7.734,244370,73
2012-08-24,7.7307,7.8366,7.3601,7.734,263110,73
2012-08-27,7.7307,7.7307,7.3601,7.3631,304450,69.5
2012-08-28,7.3601,7.413,7.2542,7.4161,118670,70
2012-08-29,7.6778,7.7837,7.413,7.4691,135960,70.5
2012-08-30,7.6248,7.8366,7.5189,7.8399,60820,74
2012-08-31,7.7307,7.7307,7.466,7.4691,208770,70.5
2012-09-04,7.7307,7.8366,7.6248,7.681,73830,72.5
2012-09-05,7.8366,7.8366,7.5719,7.628,87930,72
2012-09-06,7.5719,7.7307,7.5719,7.681,70640,72.5
2012-09-07,7.6778,7.7307,7.6248,7.628,90690,72
2012-09-10,7.7307,7.7307,7.5189,7.575,68830,71.5
2012-09-11,7.6248,7.6778,7.5719,7.628,73230,72
2012-09-12,7.6778,7.6778,7.6248,7.628,83310,72
2012-09-13,7.6248,7.6778,7.5719,7.628,80380,72
2012-09-14,7.8366,7.8366,7.7307,7.8399,151910,74
2012-09-17,8.0484,8.2073,7.9425,7.9458,324310,75
2012-09-18,8.1543,8.2073,7.8366,8.1048,103210,76.5
2012-09-19,8.0484,8.1543,8.0484,8.1577,206300,77
2012-09-20,8.2073,8.2073,8.1014,8.1577,115490,77
2012-09-21,8.2073,8.472,8.2073,8.4756,307720,80
2012-09-24,8.472,8.472,8.2602,8.4226,262890,79.5
2012-09-25,8.472,8.525,8.3132,8.5285,214740,80.5
2012-09-26,8.6309,8.8956,8.5779,8.8464,450280,83.5
2012-09-27,8.9486,9.0015,8.472,8.7934,316390,83
2012-09-28,8.7368,8.8427,8.525,8.7934,278510,83
2012-10-01,8.6838,8.7368,8.525,8.7404,160560,82.5
2012-10-02,8.6838,8.7368,8.6309,8.6875,141870,82
2012-10-03,8.6838,8.6838,8.3661,8.3696,112160,79
2012-10-04,8.472,8.472,8.3661,8.4756,53330,80
2012-10-05,8.472,8.472,8.3661,8.4756,53850,80
2012-10-08,8.472,8.5779,8.472,8.5815,157200,81
2012-10-09,8.472,8.5779,8.472,8.5285,44400,80.5
2012-10-10,8.5779,8.5779,8.4191,8.4756,54980,80
2012-10-11,8.3661,8.472,8.3661,8.3696,53630,79
2012-10-12,8.2602,8.472,8.2602,8.3166,34370,78.5
2012-10-15,8.2073,8.3661,8.2073,8.3696,42970,79
2012-10-16,8.3661,8.4191,8.2602,8.3696,62130,79
2012-10-17,8.3661,8.3661,8.2602,8.3696,44560,79
2012-10-18,8.1543,8.3661,8.1543,8.3696,52280,79
2012-10-19,8.3661,8.4191,8.2602,8.3696,59850,79
2012-10-22,8.3661,8.3661,8.1543,8.3166,51680,78.5
2012-10-23,8.2073,8.3661,8.2073,8.2637,48050,78
2012-10-24,8.2602,8.2602,8.1014,8.2637,59780,78
2012-10-25,8.1543,8.3132,8.1543,8.2637,112290,78
2012-10-26,8.2073,8.2602,8.2073,8.2107,49720,77.5
2012-10-29,8.1014,8.2602,8.1014,8.2637,28610,78
2012-10-30,8.2602,8.2602,8.1543,8.2637,43900,78
2012-10-31,8.1543,8.2602,8.1543,8.2637,46420,78
2012-11-01,8.2073,8.2602,8.2073,8.2637,52830,78
2012-11-02,8.1543,8.2602,7.9425,8.2107,30990,77.5
2012-11-05,8.2073,8.2602,8.2073,8.2637,24130,78
2012-11-06,8.1014,8.2602,8.1014,8.2637,28510,78
2012-11-07,8.2602,8.2602,8.1543,8.2637,85680,78
2012-11-08,8.1543,8.3132,8.1543,8.3166,163300,78.5
2012-11-09,8.3132,8.3132,8.1543,8.3166,29400,78.5
2012-11-12,8.1543,8.3132,8.1543,8.3166,39430,78.5
2012-11-13,8.2073,8.3132,8.2073,8.2637,28090,78
2012-11-14,8.1543,8.3132,8.1543,8.2637,30740,78
2012-11-15,8.1543,8.2602,8.1543,8.2107,33090,77.5
2012-11-16,8.1543,8.2073,8.1014,8.2107,26820,77.5
2012-11-19,8.1014,8.2073,8.0484,8.1577,37530,77
2012-11-20,8.1543,8.1543,7.9955,8.1577,30340,77
2012-11-21,8.0484,8.1014,7.9955,8.1048,40420,76.5
2012-11-22,7.9955,8.0484,7.9955,8.0518,51090,76
2012-11-23,8.0484,8.0484,7.9955,8.0518,30240,76
2012-11-26,7.9955,7.9955,7.8896,7.9988,49340,75.5
2012-11-27,7.8896,7.9955,7.7837,7.7869,44800,73.5
2012-11-28,7.7307,7.7837,7.413,7.7869,150630,73.5
2012-11-29,7.7307,7.8366,7.7307,7.8399,75950,74
2012-11-30,7.7307,7.7837,7.6248,7.7869,51470,73.5
2012-12-03,7.7837,7.8366,7.7307,7.7869,120380,73.5
2012-12-04,7.7837,7.7837,7.6778,7.734,97460,73
2012-12-05,7.7307,7.7307,7.6778,7.734,53690,73
2012-12-06,7.7307,7.7307,7.6778,7.734,44490,73
2012-12-07,7.7307,7.7307,7.466,7.4691,128930,70.5
2012-12-10,7.6778,7.8366,7.6778,7.7869,93490,73.5
2012-12-11,7.7837,8.0484,7.7837,8.0518,140130,76
2012-12-12,7.9425,8.1014,7.7837,7.8929,83930,74.5
2012-12-13,8.0484,8.0484,7.8896,7.8929,37040,74.5
2012-12-14,7.8896,8.0484,7.8896,8.0518,59940,76
2012-12-17,7.7837,7.8896,7.6778,7.8399,65620,74
2012-12-18,7.8896,7.8896,7.6778,7.734,71320,73
2012-12-19,7.6248,7.9425,7.6248,7.9458,85810,75
2012-12-20,7.8366,7.8896,7.7307,7.734,119360,73
2012-12-21,7.8896,7.8896,7.5719,7.7869,220600,73.5
2012-12-24,7.8896,7.9425,7.7837,7.8399,115730,74
2012-12-25,7.9425,7.9425,7.7837,7.8399,164070,74
2012-12-26,7.8366,7.9425,7.7837,7.9458,129370,75
2012-12-27,7.9425,8.1543,7.8896,8.1577,143480,77
2012-12-28,8.1543,8.472,8.1014,8.4756,70570,80
2013-01-02,8.4191,8.6838,8.3661,8.4756,106720,80
2013-01-03,8.472,8.472,8.3661,8.4756,118830,80
2013-01-04,8.472,8.525,8.3661,8.4756,162880,80
2013-01-07,8.525,8.8956,8.525,8.8464,370650,83.5
2013-01-08,8.9486,9.0015,8.8427,8.9523,363210,84.5
2013-01-09,8.9486,8.9486,8.7897,8.7934,81350,83
2013-01-10,8.7897,8.7897,8.5779,8.7934,120980,83
2013-01-11,8.9486,8.9486,8.7368,8.8464,171140,83.5
2013-01-14,8.8956,8.8956,8.7897,8.8464,215400,83.5
2013-01-15,9.0015,9.0545,8.8427,8.8464,160930,83.5
2013-01-16,9.0015,9.0545,8.8427,8.9523,237940,84.5
2013-01-17,9.0015,9.0545,8.9486,9.0053,137110,85
2013-01-18,9.0015,9.0545,8.9486,9.0053,205380,85
2013-01-21,8.9486,9.0545,8.8956,8.8993,133100,84
2013-01-22,9.4001,9.4001,9.0494,9.1247,200700,65
2013-01-23,9.1897,9.33,9.1195,9.1949,305690,65.5
2013-01-24,9.1897,9.2598,9.1195,9.1949,248840,65.5
2013-01-25,9.1897,9.33,9.1897,9.2651,352190,66
2013-01-28,9.4703,9.5404,9.4001,9.4054,331350,67
2013-01-29,9.4001,9.4703,9.33,9.4054,312550,67
2013-01-30,9.4001,9.4703,9.33,9.4054,596680,67
2013-01-31,9.2598,9.4001,9.2598,9.3352,131930,66.5
2013-02-01,9.33,9.4001,9.2598,9.4054,188520,67
2013-02-04,9.4001,9.4703,9.4001,9.4054,244350,67
2013-02-05,9.4001,9.5404,9.4001,9.4054,741040,67
2013-02-06,9.5404,9.5404,9.4001,9.4756,175610,67.5
2013-02-07,9.5404,9.5404,9.4001,9.4756,104460,67.5
2013-02-08,9.4001,9.5404,9.2598,9.4756,96950,67.5
2013-02-18,9.4703,9.4703,9.2598,9.2651,117770,66
2013-02-19,9.5404,9.5404,9.33,9.4054,463190,67
2013-02-20,9.4703,9.4703,9.33,9.4054,145770,67
2013-02-21,9.33,9.4001,9.1195,9.1247,91840,65
2013-02-22,9.1195,9.2598,8.9091,8.9843,109240,64
2013-02-25,9.1195,9.1195,8.9792,9.1247,60860,65
2013-02-26,9.0494,9.0494,8.6285,8.7737,145630,62.5
2013-02-27,8.7688,8.9091,8.6986,8.9141,115050,63.5
2013-02-28,8.9091,9.4703,8.9091,9.4054,551700,67
2013-03-01,9.5404,9.5404,9.2598,9.2651,132410,66
2013-03-04,9.4703,9.821,9.33,9.5458,379190,68
2013-03-05,9.4703,9.4703,9.2598,9.2651,201440,66
2013-03-06,9.5404,9.5404,9.1897,9.2651,94290,66
2013-03-07,9.2598,9.2598,9.0494,9.0545,283370,64.5
2013-03-08,9.1195,9.1897,9.0494,9.1247,73590,65
2013-03-11,9.1195,9.2598,9.0494,9.2651,74730,66
2013-03-12,9.1195,9.1897,8.9091,8.9141,169070,63.5
2013-03-13,9.0494,9.1195,8.8389,8.9141,144800,63.5
2013-03-14,8.9091,8.9792,8.8389,8.9843,75210,64
2013-03-15,9.0494,9.1897,8.9792,9.1949,415500,65.5
2013-03-18,9.1897,9.2598,9.0494,9.0545,102710,64.5
2013-03-19,8.9792,9.1897,8.9792,9.0545,58810,64.5
2013-03-20,8.9792,9.1195,8.9792,9.1247,61650,65
2013-03-21,9.1195,9.2598,9.1195,9.1949,94400,65.5
2013-03-22,9.1897,9.4703,9.1195,9.1247,210740,65
2013-03-25,9.1195,9.4001,9.1195,9.3352,286920,66.5
2013-03-26,9.4001,9.4703,9.2598,9.2651,154130,66
2013-03-27,9.2598,9.2598,9.0494,9.0545,114830,64.5
2013-03-28,9.1195,9.1195,8.8389,8.9843,135090,64
2013-03-29,8.8389,8.9792,8.8389,8.9141,36080,63.5
2013-04-01,8.9792,9.1897,8.9091,9.1949,88590,65.5
2013-04-02,9.0494,9.2598,9.0494,9.2651,95700,66
2013-04-03,9.1195,9.2598,8.9091,9.0545,124760,64.5
2013-04-04,9.1195,9.1195,8.7688,8.9141,116840,63.5
2013-04-05,9.0494,9.1897,8.9792,9.1247,218290,65
2013-04-08,9.2598,9.2598,9.0494,9.1247,99740,65
2013-04-09,9.0494,9.1195,8.9091,8.9843,141820,64
2013-04-10,8.9792,8.9792,8.8389,8.8439,505340,63
2013-04-11,8.8389,8.9792,8.7688,8.9843,133050,64
2013-04-12,8.9792,8.9792,8.7688,8.9141,98270,63.5
2013-04-15,8.9091,8.9091,8.418,8.7035,82290,62
2013-04-16,8.5583,8.6986,8.3479,8.7035,246990,62
2013-04-17,8.6986,8.8389,8.5583,8.7035,109460,62
2013-04-18,8.4882,8.6285,8.418,8.6333,463190,61.5
2013-04-22,8.5583,8.6285,8.418,8.5632,204960,61
2013-04-23,8.6285,8.6285,8.4882,8.6333,90120,61.5
2013-04-24,8.5583,8.6285,8.5583,8.5632,181360,61
2013-04-25,8.6285,8.6986,8.5583,8.7035,59080,62
2013-04-26,8.5583,8.6986,8.5583,8.7035,82480,62
2013-05-02,8.5583,8.9792,8.5583,8.9141,157650,63.5
2013-05-03,8.7688,8.9792,8.7688,8.9141,73490,63.5
2013-05-06,8.9792,9.0494,8.9792,8.9843,77570,64
2013-05-07,8.9792,9.0494,8.9091,8.9843,340450,64
2013-05-08,8.9792,9.0494,8.9792,9.0545,69240,64.5
2013-05-09,8.9091,9.0494,8.9091,9.0545,61220,64.5
2013-05-10,9.0494,9.1195,8.7688,8.9843,144130,64
2013-05-13,8.9792,9.0494,8.8389,9.0545,82340,64.5
2013-05-14,9.0494,9.0494,8.9091,9.0545,35240,64.5
2013-05-15,9.0494,9.0494,8.9091,8.9843,115010,64
2013-05-16,9.0494,9.0494,8.9091,8.9141,58710,63.5
2013-05-17,8.9792,8.9792,8.9091,8.9843,41100,64
2013-05-20,8.9792,8.9792,8.8389,8.9843,20020,64
2013-05-21,8.8389,9.0494,8.8389,9.0545,31840,64.5
2013-05-22,8.9792,9.2598,8.9792,9.2651,246700,66
2013-05-23,9.2598,9.2598,8.9792,8.9843,199720,64
2013-05-24,8.9792,9.1897,8.9792,9.1247,355190,65
2013-05-27,9.1195,9.4703,9.1195,9.4054,255140,67
2013-05-28,9.4001,9.5404,9.33,9.4054,243170,67
2013-05-29,9.4703,10.0315,9.1195,10.0371,848370,71.5
2013-05-30,10.3121,10.5927,10.0315,10.0371,1325820,71.5
2013-05-31,10.2419,10.2419,9.5404,9.5458,759040,68
2013-06-03,9.5404,9.821,9.4001,9.6862,183400,69
2013-06-04,10.3121,10.3121,10.0315,10.0371,2422400,71.5
2013-06-05,9.9613,9.9613,9.7509,9.7564,635050,69.5
2013-06-06,9.6807,9.7509,9.6106,9.616,549640,68.5
2013-06-07,9.6106,9.7509,9.5404,9.7564,906520,69.5
2013-06-10,10.1016,10.1016,9.821,9.8266,1263220,70
2013-06-11,9.8912,9.8912,9.5404,9.616,1013170,68.5
2013-06-12,9.6807,9.821,9.6106,9.6862,650840,69
2013-06-13,9.6106,9.7509,9.4001,9.5458,643900,68
2013-06-14,9.5404,9.5404,9.1195,9.1247,1565440,65
2013-06-17,9.1897,9.1897,8.9091,8.9843,1538990,64
2013-06-18,9.0494,9.1195,8.9792,8.9843,1364110,64
2013-06-19,9.1195,9.1195,8.9792,8.9843,951470,64
2013-06-20,8.9792,9.0494,8.9091,8.9141,357810,63.5
2013-06-21,8.8389,8.9792,8.7688,8.8439,635240,63
2013-06-24,8.9091,8.9792,8.6986,8.7737,755930,62.5
2013-06-25,8.7688,8.7688,8.3479,8.6333,946390,61.5
2013-06-26,8.6285,8.6986,8.418,8.6333,1003120,61.5
2013-06-27,8.6285,8.8389,8.6285,8.8439,345020,63
2013-06-28,8.8389,8.9091,8.7688,8.7737,320100,62.5
2013-07-01,8.7688,8.7688,8.5583,8.6333,155160,61.5
2013-07-02,8.6986,8.9792,8.6285,8.9141,413990,63.5
2013-07-03,8.9091,8.9792,8.7688,8.9141,514930,63.5
2013-07-04,8.9091,9.0494,8.8389,8.8439,1982700,63
2013-07-05,8.9091,8.9091,8.7688,8.8439,144780,63
2013-07-08,8.8389,8.8389,8.6285,8.7035,238650,62
2013-07-09,8.6986,8.8389,8.6986,8.8439,280430,63
2013-07-10,8.9091,8.9091,8.6986,8.7737,207760,62.5
2013-07-11,8.7688,8.9091,8.6986,8.9141,2499420,63.5
2013-07-12,8.9091,9.1195,8.8389,9.1247,2300070,65
2013-07-15,9.1195,9.1897,8.8389,9.0545,2470510,64.5
2013-07-16,9.0494,9.1195,8.8389,8.9843,3291530,64
2013-07-17,8.9792,9.1195,8.8389,8.9843,3892710,64
2013-07-18,8.9091,9.0494,8.8389,8.9141,4173320,63.5
2013-07-19,8.9792,9.0494,8.8389,8.9843,3411160,64
2013-07-22,8.9792,8.9792,8.8389,8.9141,4404440,63.5
2013-07-23,8.9091,8.9792,8.8389,8.9141,4466240,63.5
2013-07-24,8.9091,8.9792,8.7688,8.9141,2637950,63.5
2013-07-25,8.9091,8.9792,8.8389,8.9843,4287660,64
2013-07-26,8.9792,8.9792,8.8389,8.9843,3877670,64
2013-07-29,8.9091,8.9792,8.8389,8.8439,1029000,63
2013-07-30,8.8389,8.9091,8.6986,8.7035,176550,62
2013-07-31,8.6986,8.8389,8.5583,8.8439,273900,63
2013-08-01,8.6986,8.9091,8.6986,8.9141,185760,63.5
2013-08-02,8.8389,8.9792,8.8389,8.9141,171820,63.5
2013-08-05,8.8389,8.9792,8.8389,8.9843,264270,64
2013-08-06,8.9091,9.0494,8.8389,9.0545,397020,64.5
2013-08-07,9.0494,9.33,8.9792,9.2651,506530,66
2013-08-08,9.2598,9.33,9.1897,9.2651,280580,66
2013-08-09,9.2598,9.33,9.1195,9.2651,268440,66
2013-08-12,9.2598,9.2598,9.0494,9.0545,185980,64.5
2013-08-13,9.1195,9.1897,9.0494,9.1247,225200,65
2013-08-14,9.1195,9.1897,8.9792,9.1949,190870,65.5
2013-08-15,9.2598,9.4001,9.2598,9.2651,844420,66
2013-08-16,9.2598,9.33,9.1897,9.3352,305030,66.5
2013-08-19,9.33,9.4703,9.2598,9.2651,433700,66
2013-08-20,9.2598,9.33,9.0494,9.1247,442460,65
2013-08-21,9.1195,9.2598,8.9792,9.1949,330550,65.5
2013-08-22,9.1195,9.4703,9.1195,9.3352,629460,66.5
2013-08-23,9.33,9.4001,9.0494,9.2651,284080,66
2013-08-26,9.2598,9.2598,9.0494,9.1247,284690,65
2013-08-27,9.0494,9.1195,8.9792,8.9843,145150,64
2013-08-28,8.9091,8.9091,8.4882,8.9141,774770,63.5
2013-08-29,8.8389,8.9091,8.6285,8.6333,463010,61.5
2013-08-30,8.6285,8.7688,8.6285,8.7737,157030,62.5
2013-09-03,8.6986,8.7688,8.6285,8.7035,166220,62
2013-09-04,8.6285,8.7688,8.5583,8.7035,363360,62
2013-09-05,8.6285,8.7688,8.5583,8.7035,280670,62
2013-09-06,8.6986,8.9792,8.6285,8.9141,1846240,63.5
2013-09-09,8.8389,8.9091,8.6986,8.7035,309190,62
2013-09-10,8.6986,8.9091,8.6986,8.8439,129590,63
2013-09-11,8.8389,8.9091,8.7688,8.9141,223790,63.5
2013-09-12,8.8389,8.9091,8.7688,8.8439,148430,63
2013-09-13,8.7688,8.9792,8.7688,8.8439,195260,63
2013-09-16,8.9091,8.9091,8.7688,8.7737,266060,62.5
2013-09-17,8.8389,8.8389,8.7688,8.7737,116100,62.5
2013-09-18,8.7688,8.8389,8.6986,8.7737,153790,62.5
2013-09-19,8.8389,8.8389,8.7688,8.7737,170480,62.5
2013-09-20,8.7688,8.7688,8.6285,8.6333,883320,61.5
2013-09-23,8.7688,8.7688,8.6285,8.7035,69140,62
2013-09-24,8.6285,8.7688,8.6285,8.7737,176720,62.5
2013-09-25,8.7688,8.8389,8.6986,8.7035,325130,62
2013-09-26,8.6986,8.8389,8.6986,8.7737,141530,62.5
2013-09-27,8.7688,8.8389,8.6986,8.7737,137190,62.5
2013-09-30,8.7688,8.8389,8.6986,8.7737,369040,62.5
2013-10-01,8.7688,8.8389,8.6986,8.7035,432890,62
2013-10-02,8.7688,8.8389,8.6986,8.7737,276360,62.5
2013-10-03,8.8389,8.8389,8.6986,8.7737,212530,62.5
2013-10-04,8.7688,8.8389,8.7688,8.8439,382690,63
2013-10-07,8.8389,8.9792,8.7688,8.9843,472720,64
2013-10-08,8.9792,9.1195,8.9792,8.9843,1562330,64
2013-10-09,9.0494,9.0494,8.9091,8.9843,87560,64
2013-10-10,8.9792,8.9792,8.8389,8.9843,163200,64
2013-10-11,8.9792,9.0494,8.9091,8.9843,242240,64
2013-10-14,8.9792,8.9792,8.8389,8.9141,57260,63.5
2013-10-15,8.8389,8.9792,8.8389,8.9843,186260,64
2013-10-16,8.9792,9.1195,8.9792,9.0545,363210,64.5
2013-10-17,9.0494,9.1897,9.0494,9.1247,251590,65
2013-10-18,9.1195,9.1897,8.9792,9.1949,208190,65.5
2013-10-21,9.1897,9.33,9.1195,9.2651,247830,66
2013-10-22,9.2598,9.4001,9.2598,9.3352,247120,66.5
2013-10-23,9.4001,9.4703,9.33,9.4756,255940,67.5
2013-10-24,9.4703,9.4703,9.2598,9.3352,133480,66.5
2013-10-25,9.33,9.4001,9.2598,9.3352,71350,66.5
2013-10-28,9.33,9.33,9.1897,9.2651,52520,66
2013-10-29,9.1897,9.2598,9.1195,9.2651,90160,66
2013-10-30,9.33,9.4001,9.2598,9.4054,182310,67
2013-10-31,9.4001,9.4703,9.4001,9.4756,132420,67.5
2013-11-01,9.4703,9.4703,9.33,9.4054,81420,67
2013-11-04,9.4001,9.4703,9.2598,9.4054,88640,67
2013-11-05,9.33,9.4703,9.1897,9.3352,90080,66.5
2013-11-06,9.2598,9.4001,9.2598,9.3352,217440,66.5
2013-11-07,9.33,9.4001,9.1897,9.3352,198630,66.5
2013-11-08,9.2598,9.33,9.2598,9.2651,122590,66
2013-11-11,9.33,9.33,9.1195,9.2651,74310,66
2013-11-12,9.2598,9.33,9.1195,9.2651,212900,66
2013-11-13,9.1897,9.33,9.1897,9.2651,257600,66
2013-11-14,9.1195,9.33,9.1195,9.3352,469050,66.5
2013-11-15,9.33,9.4001,9.2598,9.3352,482580,66.5
2013-11-18,9.4001,9.5404,9.33,9.4054,470600,67
2013-11-19,9.4001,9.5404,9.33,9.5458,355360,68
2013-11-20,9.4703,9.5404,9.4001,9.5458,186590,68
2013-11-21,9.5404,9.6807,9.4703,9.5458,229600,68
2013-11-22,9.5404,9.6106,9.4703,9.5458,251730,68
2013-11-25,9.5404,9.6807,9.5404,9.616,229550,68.5
2013-11-26,9.6106,9.6106,9.4001,9.616,731520,68.5
2013-11-27,9.6106,9.6106,9.4001,9.4054,522130,67
2013-11-28,9.4703,9.5404,9.4001,9.5458,275520,68
2013-11-29,9.5404,9.6807,9.5404,9.6862,358020,69
2013-12-02,9.6106,9.821,9.6106,9.8266,176520,70
2013-12-03,9.821,9.9613,9.821,9.967,282280,71
2013-12-04,9.8912,10.0315,9.8912,9.967,69710,71
2013-12-05,9.9613,10.0315,9.821,9.967,238180,71
2013-12-06,9.8912,9.9613,9.8912,9.967,81510,71
2013-12-09,10.0315,10.0315,9.8912,9.967,105100,71
2013-12-10,9.9613,10.1016,9.8912,10.0371,311260,71.5
2013-12-11,10.0315,10.0315,9.8912,10.0371,69190,71.5
2013-12-12,9.9613,10.0315,9.9613,10.0371,44460,71.5
2013-12-13,9.9613,10.1016,9.9613,9.967,95740,71
2013-12-16,9.821,9.9613,9.4703,9.4756,300030,67.5
2013-12-17,9.5404,9.821,9.4703,9.8266,158210,70
2013-12-18,9.821,9.9613,9.6106,9.967,54910,71
2013-12-19,9.7509,9.8912,9.6807,9.8266,210000,70
2013-12-20,9.821,9.821,9.2598,9.2651,610150,66
2013-12-23,9.5404,9.821,9.4703,9.8266,78040,70
2013-12-24,9.6807,9.821,9.6106,9.7564,130170,69.5
2013-12-25,9.7509,9.7509,9.5404,9.6862,164890,69
2013-12-26,9.6807,9.8912,9.6106,9.8266,465220,70
2013-12-27,9.8912,9.8912,9.6807,9.8266,149540,70
2013-12-30,9.821,9.821,9.6106,9.6862,244580,69
2013-12-31,9.821,9.8912,9.5404,9.8266,96990,70
2014-01-02,9.821,9.8912,9.7509,9.8266,74950,70
2014-01-03,9.821,9.8912,9.7509,9.8968,91920,70.5
2014-01-06,9.8912,9.8912,9.7509,9.8968,111760,70.5
2014-01-07,9.8912,9.8912,9.821,9.8968,294120,70.5
2014-01-08,9.821,9.8912,9.821,9.8266,109890,70
2014-01-09,9.821,9.8912,9.7509,9.8968,185370,70.5
2014-01-10,9.9613,10.0315,9.8912,9.967,143010,71
2014-01-13,10.0315,10.0315,9.8912,9.967,102090,71
2014-01-14,9.9613,9.9613,9.8912,9.8968,111540,70.5
2014-01-15,9.821,9.9613,9.821,9.8968,165250,70.5
2014-01-16,9.8912,9.8912,9.821,9.8968,53630,70.5
2014-01-17,9.8912,10.5225,9.8912,10.1775,561090,72.5
2014-01-20,10.3121,10.8031,10.3121,10.6689,1235820,76
2014-01-21,10.8031,11.224,10.3121,11.1602,659560,79.5
2014-01-22,11.1539,11.224,10.8031,10.8092,418970,77
2014-01-23,10.8031,10.8031,10.5225,10.5987,130540,75.5
2014-01-24,10.6628,10.733,10.5225,10.739,191230,76.5
2014-01-27,10.733,10.733,10.6628,10.739,148840,76.5
2014-02-06,10.733,10.733,10.4524,10.5987,263650,75.5
2014-02-07,10.733,10.733,10.3822,10.4583,223270,74.5
2014-02-10,10.4524,10.6628,10.4524,10.6689,94390,76
2014-02-11,10.8031,10.8031,10.6628,10.739,613520,76.5
2014-02-12,10.733,10.8733,10.6628,10.8794,165600,77.5
2014-02-13,10.8733,10.9434,10.8031,10.9496,289440,78
2014-02-14,10.9434,11.0136,10.8031,10.8092,146690,77
2014-02-17,10.8031,10.8031,10.6628,10.739,178110,76.5
2014-02-18,10.9434,11.0136,10.8031,10.9496,306040,78
2014-02-19,11.0837,11.0837,10.8733,11.0198,194840,78.5
2014-02-20,11.0136,11.0136,10.8031,11.0198,213160,78.5
2014-02-21,11.0136,11.0136,10.8733,10.8794,148430,77.5
2014-02-24,11.0136,11.0136,10.8733,10.9496,86730,78
2014-02-25,10.8733,11.0136,10.8733,10.9496,143390,78
2014-02-26,10.9434,10.9434,10.8031,10.8794,107900,77.5
2014-02-27,10.9434,10.9434,10.8031,10.9496,155860,78
2014-02-28,10.9434,10.9434,10.733,10.739,183980,76.5
2014-03-03,10.8031,10.8733,10.3822,10.4583,298310,74.5
2014-03-04,10.3822,10.4524,10.1718,10.3179,364470,73.5
2014-03-05,10.3822,10.5225,10.3121,10.4583,333980,74.5
2014-03-06,10.4524,10.6628,10.4524,10.4583,209630,74.5
2014-03-07,10.4524,10.5927,10.4524,10.5285,93650,75
2014-03-10,10.5927,10.6628,10.5225,10.5987,112090,75.5
2014-03-11,10.5927,10.6628,10.4524,10.5285,100320,75
2014-03-12,10.733,10.9434,10.6628,10.8092,525690,77
2014-03-13,10.8031,10.8733,10.733,10.8092,297830,77
2014-03-14,10.8031,10.8031,10.5927,10.6689,321940,76
2014-03-17,10.8031,11.0136,10.8031,11.0198,1132960,78.5
2014-03-18,10.8733,10.9434,10.8031,10.8794,1153490,77.5
2014-03-19,10.8031,10.9434,10.8031,10.8794,430220,77.5
2014-03-20,10.8733,10.9434,10.733,10.739,424610,76.5
2014-03-21,10.8733,11.0136,10.8031,11.0198,2543040,78.5
2014-03-24,10.9434,11.0136,10.8031,10.9496,238500,78
2014-03-25,10.8733,10.8733,10.733,10.739,205980,76.5
2014-03-26,10.733,10.733,10.2419,10.3179,316700,73.5
2014-03-27,10.4524,10.4524,10.1016,10.4583,570750,74.5
2014-03-28,10.5225,10.5225,10.3822,10.3881,300040,74
2014-03-31,10.5225,10.5225,10.3121,10.3179,230690,73.5
2014-04-01,10.3121,10.3121,10.1016,10.1775,398500,72.5
2014-04-02,10.1718,10.2419,9.9613,10.1775,836130,72.5
2014-04-03,10.2419,10.3822,10.2419,10.3179,142310,73.5
2014-04-04,10.3121,10.3822,10.2419,10.3179,825720,73.5
2014-04-07,10.3121,10.3822,10.2419,10.2477,816100,73
2014-04-08,10.1718,10.2419,9.9613,9.967,875040,71
2014-04-10,10.1016,10.1718,9.821,9.8968,1327050,70.5
2014-04-11,9.7509,9.821,9.6106,9.6862,494540,69
2014-04-14,9.6807,9.6807,9.4703,9.616,766980,68.5
2014-04-15,9.5404,9.7509,9.4703,9.5458,656970,68
2014-04-16,9.4703,9.5404,9.1897,9.2651,858690,66
2014-04-17,9.33,9.4703,9.2598,9.3352,872910,66.5
2014-04-18,9.33,9.33,9.0494,9.1247,654850,65
2014-04-21,9.1195,9.1897,8.9792,9.0545,385040,64.5
2014-04-22,8.9792,9.2598,8.9792,9.2651,898000,66
2014-04-23,9.33,9.5404,9.2598,9.4054,779980,67
2014-04-24,9.4001,9.4703,9.33,9.4054,319690,67
2014-04-25,9.33,9.4703,9.33,9.4054,642550,67
2014-04-28,9.4001,9.4001,9.1195,9.1949,452850,65.5
2014-04-29,9.1897,9.33,9.0494,9.1247,588810,65
2014-05-05,9.1195,9.1195,8.9792,8.9843,768250,64
2014-05-06,8.7688,8.9091,8.6986,8.9141,877520,63.5
2014-05-07,8.7688,9.1195,8.7688,9.0545,391550,64.5
2014-05-08,8.8389,8.8389,8.4882,8.7737,1477880,62.5
2014-05-09,8.6986,8.9792,8.6986,8.9843,609100,64
2014-05-12,8.9091,8.9091,8.4882,8.7737,475820,62.5
2014-05-13,8.5583,8.7688,8.5583,8.7737,193560,62.5
2014-05-14,8.6986,9.1195,8.6986,9.0545,360580,64.5
2014-05-15,9.0494,9.1897,8.8389,9.0545,251360,64.5
2014-05-16,8.9091,9.1897,8.9091,9.1247,138200,65
2014-05-19,9.2598,9.4001,9.1897,9.4054,651700,67
2014-05-20,9.2598,9.4001,9.1195,9.3352,74920,66.5
2014-05-21,9.4001,9.4703,9.2598,9.4054,510090,67
2014-05-22,9.4001,9.4703,9.2598,9.2651,283130,66
2014-05-23,9.33,9.4001,9.2598,9.3352,188440,66.5
2014-05-26,9.33,9.4703,9.2598,9.4054,336430,67
2014-05-27,9.4001,9.4001,9.33,9.4054,151300,67
2014-05-28,9.4001,9.4001,9.2598,9.3352,139920,66.5
2014-05-29,9.33,9.4703,9.33,9.4054,227100,67
2014-05-30,9.4001,9.6106,9.2598,9.616,455870,68.5
2014-06-02,9.5404,9.5404,9.4001,9.4756,206710,67.5
2014-06-03,9.4703,9.4703,9.4001,9.4054,148340,67
2014-06-04,9.4001,9.4001,8.9792,9.0545,107760,64.5
2014-06-05,9.0494,9.1897,8.9091,9.1247,94140,65
2014-06-06,9.1195,9.1897,9.1195,9.1247,107290,65
2014-06-09,9.1897,9.2598,9.1195,9.2651,112650,66
2014-06-10,9.2598,9.2598,9.1195,9.1949,178030,65.5
2014-06-11,9.1897,9.2598,9.1897,9.1949,87450,65.5
2014-06-12,9.1897,9.2598,9.1195,9.1247,158980,65
2014-06-13,9.1195,9.1897,9.0494,9.0545,154110,64.5
2014-06-16,9.0494,9.1195,9.0494,9.1247,128740,65
2014-06-17,9.0494,9.1195,8.9792,9.0545,137500,64.5
2014-06-18,9.0494,9.1195,8.9792,9.1247,195090,65
2014-06-19,9.0494,9.0494,8.9091,8.9141,224650,63.5
2014-06-20,8.9792,9.1195,8.7688,8.7737,1200250,62.5
2014-06-23,8.9091,8.9792,8.8389,8.9141,289800,63.5
2014-06-24,8.9091,8.9792,8.8389,8.9141,289340,63.5
2014-06-25,8.9091,9.0494,8.9091,9.0545,277900,64.5
2014-06-26,9.0494,9.1195,8.9792,9.0545,165720,64.5
2014-06-27,9.0494,9.0494,8.9091,8.9141,75660,63.5
2014-06-30,8.9091,8.9792,8.8389,8.9843,213360,64
2014-07-01,8.9792,9.1195,8.9792,9.0545,183330,64.5
2014-07-02,9.0494,9.1195,8.9792,9.0545,47370,64.5
2014-07-03,9.1195,9.1897,9.0494,9.1949,198570,65.5
2014-07-04,9.1897,9.33,9.1195,9.3352,271870,66.5
2014-07-07,9.9613,9.9613,9.9613,9.967,662250,71
2014-07-08,10.5225,10.5225,9.9613,10.0371,1315750,71.5
2014-07-09,10.0315,10.1016,9.9613,9.967,307680,71
2014-07-10,9.9613,9.9613,9.6807,9.7564,289160,69.5
2014-07-11,9.6807,9.821,9.6807,9.7564,446060,69.5
2014-07-14,9.821,9.8912,9.6807,9.7564,274390,69.5
2014-07-15,9.7509,9.8912,9.7509,9.8266,323760,70
2014-07-16,9.8912,9.8912,9.7509,9.8266,405580,70
2014-07-17,9.821,9.821,9.6807,9.6862,256930,69
2014-07-18,9.6807,9.9613,9.6807,9.8266,781080,70
2014-07-21,9.9613,10.1016,9.821,9.8968,756480,70.5
2014-07-22,9.8912,9.9613,9.821,9.8266,218190,70
2014-07-23,9.8912,9.8912,9.821,9.8266,149720,70
2014-07-24,9.821,9.9613,9.7509,9.8968,730540,70.5
2014-07-25,9.9613,10.3822,9.8912,10.2477,1328790,73
2014-07-28,10.2419,10.2419,10.1016,10.1073,509880,72
2014-07-29,10.2419,10.2419,10.0315,10.2477,397580,73
2014-07-30,10.2419,10.3121,10.1718,10.2477,331720,73
2014-07-31,10.2419,10.4524,10.1718,10.3881,803780,74
2014-08-01,10.3822,10.6628,10.3121,10.5987,638690,75.5
2014-08-04,10.5927,11.0136,10.5927,10.9496,979240,78
2014-08-05,10.9434,10.9434,10.733,10.8092,1891980,77
2014-08-06,10.9022,11.3354,10.7578,11.1917,1804610,77.5
2014-08-07,11.0466,11.191,11.0466,11.1195,629310,77
2014-08-08,10.9744,11.1188,10.9022,10.9751,871560,76
2014-08-11,10.9022,10.9744,10.83,10.9751,624140,76
2014-08-12,10.9744,11.3354,10.9744,11.3361,1732400,78.5
2014-08-13,11.191,11.3354,11.1188,11.2639,1657240,78
2014-08-14,11.3354,11.4076,11.1188,11.3361,1829170,78.5
2014-08-15,11.4076,11.4798,11.191,11.1917,2248120,77.5
2014-08-18,11.2632,11.4076,11.191,11.2639,615090,78
2014-08-19,11.3354,11.4076,11.191,11.2639,704120,78
2014-08-20,11.2632,11.3354,11.1188,11.1195,770600,77
2014-08-21,11.191,11.2632,10.9744,11.1917,1112210,77.5
2014-08-22,11.191,11.552,11.191,11.4083,1635580,79
2014-08-25,11.552,11.6964,11.4798,11.6249,1655160,80.5
2014-08-26,12.3453,12.3453,12.2379,12.3472,717890,57.5
2014-08-27,12.6673,12.882,12.3453,12.3472,3137220,57.5
2014-08-28,12.3453,12.3453,11.9159,12.0251,3366640,56
2014-08-29,12.2379,12.7747,11.9159,12.5619,3117820,58.5
2014-09-03,12.56,12.6673,12.3453,12.4546,3399560,58
2014-09-04,12.3453,12.4526,12.2379,12.3472,2269860,57.5
2014-09-05,12.2379,12.3453,11.9159,11.9177,5229900,55.5
2014-09-08,12.0232,12.3453,12.0232,12.1325,1466720,56.5
2014-09-09,12.1306,12.1306,11.7012,11.9177,1881730,55.5
2014-09-10,11.8085,12.0232,11.5938,11.8104,3656420,55
2014-09-11,11.8085,12.0232,11.7012,11.703,2160590,54.5
2014-09-12,11.8085,12.0232,11.8085,11.9177,1671630,55.5
2014-09-15,11.9159,12.0232,11.7012,11.703,1576130,54.5
2014-09-16,11.7012,11.7012,11.3791,11.703,2744360,54.5
2014-09-17,11.8085,11.8085,11.4865,11.703,1987090,54.5
2014-09-18,11.7012,11.7012,11.4865,11.703,1683380,54.5
2014-09-19,11.5938,11.9159,11.4865,11.703,3504070,54.5
2014-09-22,11.8085,11.9159,11.7012,11.703,750170,54.5
2014-09-23,11.7012,12.0232,11.7012,12.0251,1498020,56
2014-09-24,12.0232,12.0232,11.8085,11.9177,1182150,55.5
2014-09-25,11.5938,11.5938,11.1644,11.1662,7753290,52
2014-09-26,11.0571,11.3791,11.0571,11.0588,2115680,51.5
2014-09-29,10.9497,10.9497,10.3485,10.4146,2850510,48.5
2014-09-30,10.2197,10.4344,9.8333,10.3072,4871710,48
2014-10-01,10.3056,10.6277,10.3056,10.6293,1688520,49.5
2014-10-02,10.6277,10.6277,10.4344,10.522,2455680,49
2014-10-03,10.4344,11.0571,10.37,10.7367,4304000,50
2014-10-06,10.9497,11.1644,10.8424,10.9514,1352160,51
2014-10-07,11.0571,11.0571,10.8424,10.8441,1531200,50.5
2014-10-08,10.735,10.9497,10.7135,10.7152,1628530,49.9
2014-10-09,10.735,10.8424,10.4774,10.5005,3946480,48.9
2014-10-10,10.4559,10.6706,10.3915,10.4361,1715080,48.6
2014-10-13,10.4344,10.6062,10.4344,10.479,1207120,48.8
2014-10-14,10.4774,10.5203,10.3271,10.3287,2095390,48.1
2014-10-15,10.3056,10.3271,10.1553,10.2428,1838510,47.7
2014-10-16,10.1768,10.2412,9.8762,9.9851,2950030,46.5
2014-10-17,9.9191,10.0694,9.8118,9.9422,2491500,46.3
2014-10-20,9.9836,10.3056,9.9621,10.0925,1219710,47
2014-10-21,10.1553,10.4988,10.1338,10.5005,2846410,48.9
2014-10-22,10.5203,10.6062,10.3056,10.3072,2071480,48
2014-10-23,10.2412,10.3485,10.1553,10.1569,1575350,47.3
2014-10-24,10.1553,10.2841,10.1124,10.2428,740530,47.7
2014-10-27,10.1553,10.2627,10.0265,10.071,1231950,46.9
2014-10-28,10.048,10.1338,10.0265,10.0496,912980,46.8
2014-10-29,10.1338,10.2412,10.0694,10.2428,1124220,47.7
2014-10-30,10.2627,10.3056,10.1983,10.2213,772160,47.6
2014-10-31,10.2197,10.3056,10.1124,10.3072,970860,48
2014-11-03,10.413,10.6062,10.3915,10.5649,2671730,49.2
2014-11-04,10.4774,10.5632,10.3915,10.4146,1086740,48.5
2014-11-05,10.413,10.4559,10.2841,10.4146,751310,48.5
2014-11-06,10.4344,10.4344,10.3056,10.3287,747280,48.1
2014-11-07,10.3271,10.37,10.2841,10.3717,567090,48.3
2014-11-10,10.37,10.5632,10.37,10.4575,1522760,48.7
2014-11-11,10.4559,10.4774,10.3915,10.4361,761240,48.6
2014-11-12,10.4344,10.5203,10.4344,10.479,1106560,48.8
2014-11-13,10.4774,10.5418,10.4344,10.479,934660,48.8
2014-11-14,10.4774,10.6277,10.413,10.6079,2765430,49.4
2014-11-17,10.6277,10.7135,10.6062,10.6508,1164180,49.6
2014-11-18,10.5847,10.6062,10.413,10.4146,1353050,48.5
2014-11-19,10.37,10.4344,10.3485,10.3931,884820,48.4
2014-11-20,10.413,10.4774,10.3485,10.3502,835340,48.2
2014-11-21,10.3485,10.3915,10.2841,10.3072,948120,48
2014-11-24,10.3056,10.4344,10.1983,10.3072,781250,48
2014-11-25,10.37,10.5847,10.3485,10.5864,1661680,49.3
2014-11-26,10.6277,10.6277,10.3915,10.3931,1543650,48.4
2014-11-27,10.413,10.413,10.3056,10.3502,360070,48.2
2014-11-28,10.413,10.5418,10.37,10.3717,1001310,48.3
2014-12-01,10.37,10.5203,10.37,10.4361,403800,48.6
2014-12-02,10.4988,10.4988,10.413,10.4146,868170,48.5
2014-12-03,10.413,10.4344,10.3485,10.3717,1457650,48.3
2014-12-04,10.3915,10.4559,10.37,10.3931,516730,48.4
2014-12-05,10.3915,10.4988,10.3915,10.4575,890450,48.7
2014-12-08,10.4774,10.5418,10.3915,10.5005,985520,48.9
2014-12-09,10.4559,10.4774,10.1768,10.2643,1396920,47.8
2014-12-10,10.1983,10.4988,10.1983,10.4575,765320,48.7
2014-12-11,10.3056,10.5203,10.3056,10.3502,1202410,48.2
2014-12-12,10.3271,10.413,10.3271,10.3502,672740,48.2
2014-12-15,10.3485,10.37,10.3056,10.3287,412390,48.1
2014-12-16,10.3056,10.3056,10.0694,10.0925,1232870,47
2014-12-17,10.0909,10.1338,9.4468,9.663,2256690,45
2014-12-18,9.8118,10.1338,9.683,10.114,1089700,47.1
2014-12-19,10.048,10.2197,10.005,10.0925,3336130,47
2014-12-22,10.1768,10.1768,10.0909,10.0925,835050,47
2014-12-23,10.0909,10.1338,9.9621,9.9851,196630,46.5
2014-12-24,10.0694,10.0694,9.9836,10.0281,110740,46.7
2014-12-25,10.048,10.048,9.8547,9.8563,165880,45.9
2014-12-26,9.8547,10.0694,9.7474,10.0066,824220,46.6
2014-12-29,9.8977,10.1124,9.8977,10.071,446970,46.9
2014-12-30,10.1338,10.1983,10.0909,10.1999,1029140,47.5
2014-12-31,10.2197,10.3056,10.1768,10.2428,334990,47.7
2015-01-05,10.2412,10.2412,10.1553,10.2213,320790,47.6
2015-01-06,10.1768,10.2627,10.1553,10.2643,462360,47.8
2015-01-07,10.2627,10.3056,10.1983,10.2428,319600,47.7
2015-01-08,10.2412,10.3915,10.2412,10.3072,788420,48
2015-01-09,10.3056,10.4344,10.2627,10.2643,969330,47.8
2015-01-12,10.2627,10.3485,10.1553,10.1569,472380,47.3
2015-01-13,10.1338,10.2197,10.0694,10.114,784490,47.1
2015-01-14,10.1768,10.1768,10.0909,10.114,585600,47.1
2015-01-15,10.1124,10.1983,10.048,10.1784,826580,47.4
2015-01-16,10.1768,10.1768,10.0909,10.1569,275570,47.3
2015-01-19,10.1553,10.2841,10.1338,10.1569,407620,47.3
2015-01-20,10.1768,10.2197,10.1124,10.114,316350,47.1
2015-01-21,10.1124,10.1768,10.1124,10.114,227060,47.1
2015-01-22,10.1768,10.1768,10.1124,10.114,204950,47.1
2015-01-23,10.1768,10.3056,10.1553,10.3072,770380,48
2015-01-26,10.413,10.4988,10.3056,10.3502,241650,48.2
2015-01-27,10.3485,10.37,10.1768,10.3072,517330,48
2015-01-28,10.2197,10.3056,10.1983,10.2213,323250,47.6
2015-01-29,10.2197,10.2627,10.1768,10.2213,185770,47.6
2015-01-30,10.2412,10.3915,10.2197,10.3072,938950,48
2015-02-02,10.3056,10.3271,10.2412,10.2428,408830,47.7
2015-02-03,10.2412,10.2627,10.0694,10.071,304890,46.9
2015-02-04,10.1553,10.1553,9.9836,10.071,754650,46.9
2015-02-05,10.0265,10.0909,10.0265,10.0496,264080,46.8
2015-02-06,10.0909,10.1338,10.048,10.071,160630,46.9
2015-02-09,10.0694,10.1983,10.0694,10.1569,437370,47.3
2015-02-10,10.1983,10.2412,10.1338,10.1354,362290,47.2
2015-02-11,10.1768,10.413,10.1338,10.4146,894030,48.5
2015-02-12,10.4988,10.735,10.4774,10.7367,2221520,50
2015-02-13,10.735,11.0571,10.735,10.8441,1455720,50.5
2015-02-24,10.9497,11.0571,10.735,11.0588,906580,51.5
2015-02-25,10.9497,11.0571,10.735,10.7367,756990,50
2015-02-26,10.735,10.8424,10.5632,10.7152,1158830,49.9
2015-02-27,10.735,10.735,10.6277,10.6293,538120,49.5
2015-03-02,10.6491,10.735,10.6277,10.7152,788530,49.9
2015-03-03,10.7135,11.2718,10.7135,11.1662,2373010,52
2015-03-04,11.1644,11.1644,10.9497,11.0588,816360,51.5
2015-03-05,10.9497,11.0571,10.8424,10.9514,845730,51
2015-03-06,10.735,10.9497,10.7135,10.7152,1493200,49.9
2015-03-09,10.7135,10.8424,10.6491,10.6723,661550,49.7
2015-03-10,10.6277,10.7135,10.6062,10.6723,895980,49.7
2015-03-11,10.6706,10.6706,10.5632,10.5864,844110,49.3
2015-03-12,10.5847,10.7135,10.5847,10.6508,814790,49.6
2015-03-13,10.6491,10.7135,10.6277,10.6508,529480,49.6
2015-03-16,10.6277,10.6491,10.4988,10.5649,1155790,49.2
2015-03-17,10.5847,10.6062,10.5418,10.5864,332570,49.3
2015-03-18,10.5847,10.6062,10.5632,10.5864,709890,49.3
2015-03-19,10.5847,10.6277,10.4774,10.5434,787290,49.1
2015-03-20,10.6062,10.5632,10.4344,10.4361,1952070,48.6
2015-03-23,10.5418,10.5418,10.3485,10.3717,709040,48.3
2015-03-24,10.37,10.3915,10.3271,10.3717,1057820,48.3
2015-03-25,10.37,10.3915,10.3271,10.3502,637570,48.2
2015-03-26,10.3056,10.3485,10.1983,10.1999,581580,47.5
2015-03-27,10.37,10.37,10.0909,10.114,1097010,47.1
2015-03-30,10.1338,10.1553,10.005,10.0066,934790,46.6
2015-03-31,10.1338,10.1124,10.005,10.0925,710820,47
2015-04-01,10.005,10.0909,9.8762,9.8778,482240,46
2015-04-02,9.9621,9.9621,9.8547,9.9422,444740,46.3
2015-04-03,9.9406,9.9406,9.8977,9.8992,311650,46.1
2015-04-06,9.8977,9.9191,9.8547,9.8563,455810,45.9
2015-04-07,9.8547,9.9191,9.8118,9.9207,672070,46.2
2015-04-08,9.9191,9.9406,9.8762,9.8778,611130,46
2015-04-09,9.8762,10.005,9.8762,9.8992,639520,46.1
2015-04-10,9.9406,10.2841,9.9406,10.1999,1224360,47.5
2015-04-13,10.2197,10.4559,10.2197,10.4361,1697520,48.6
2015-04-14,10.4559,10.4559,10.2197,10.2213,426570,47.6
2015-04-15,10.2627,10.2841,10.1124,10.1999,443980,47.5
2015-04-16,10.1983,10.3915,10.1983,10.3287,601670,48.1
2015-04-17,10.3485,10.6062,10.3271,10.479,1078340,48.8
2015-04-20,10.4344,10.5203,10.413,10.4361,936960,48.6
2015-04-21,10.4344,10.4988,10.3915,10.4146,591750,48.5
2015-04-22,10.4774,10.4774,10.413,10.4361,625130,48.6
2015-04-23,10.4774,10.5203,10.413,10.479,584810,48.8
2015-04-24,10.4774,10.5203,10.4559,10.479,287890,48.8
2015-04-27,10.5203,10.5203,10.4344,10.4361,242300,48.6
2015-05-04,9.7044,10.4559,9.7044,10.3287,1448720,48.1
2015-05-05,10.3271,10.4774,10.3056,10.479,762350,48.8
2015-05-06,10.4774,10.4774,10.3056,10.3287,186040,48.1
2015-05-07,10.3271,10.4344,10.3056,10.4361,262900,48.6
2015-05-08,10.4344,10.4344,10.37,10.3717,70990,48.3
2015-05-11,10.413,10.413,10.3056,10.3072,309660,48
2015-05-12,10.3485,10.3485,10.0909,10.1999,618510,47.5
2015-05-13,10.1983,10.2197,10.048,10.1999,555300,47.5
2015-05-14,10.1983,10.2197,10.1553,10.1784,83130,47.4
2015-05-15,10.1768,10.2412,10.0909,10.0925,458130,47
2015-05-18,10.0909,10.1124,9.9406,9.9422,1655740,46.3
2015-05-19,10.005,10.0265,9.9406,10.0066,552310,46.6
2015-05-20,10.005,10.2197,10.005,10.114,617150,47.1
2015-05-21,10.0909,10.1983,10.0694,10.1354,387320,47.2
2015-05-22,10.1124,10.413,10.0694,10.4146,1058290,48.5
2015-05-25,10.37,10.37,10.2412,10.3502,334190,48.2
2015-05-26,10.3271,10.4774,10.3271,10.3717,623860,48.3
2015-05-27,10.413,10.4559,10.3271,10.3287,712170,48.1
2015-05-28,10.3056,10.3485,10.2627,10.2643,623820,47.8
2015-05-29,10.2627,10.3271,10.1983,10.1999,618530,47.5
2015-06-01,10.3271,10.5632,10.3056,10.4575,1238300,48.7
2015-06-02,10.4774,10.4988,10.3271,10.3287,418090,48.1
2015-06-03,10.3056,10.4344,10.3056,10.3717,766250,48.3
2015-06-04,10.413,10.5203,10.413,10.479,1277590,48.8
2015-06-05,10.4774,10.5632,10.4344,10.479,626020,48.8
2015-06-08,10.4774,10.6277,10.4774,10.522,593240,49
2015-06-09,10.5632,10.5847,10.4988,10.522,446220,49
2015-06-10,10.5203,10.5418,10.413,10.4361,476610,48.6
2015-06-11,10.4344,10.5632,10.4344,10.5649,528030,49.2
2015-06-12,10.6062,11.1644,10.5847,11.1662,2997570,52
2015-06-15,11.1644,11.1644,10.735,10.8441,850000,50.5
2015-06-16,10.8424,10.9497,10.7135,10.8441,739750,50.5
2015-06-17,10.8424,11.0571,10.6921,10.8441,653080,50.5
2015-06-18,10.8424,10.9497,10.8424,10.8441,683660,50.5
2015-06-19,10.9497,11.0571,10.8424,10.9514,944200,51
2015-06-22,11.0571,11.1644,10.9497,11.0588,532730,51.5
2015-06-23,11.0571,11.2718,10.9497,11.1662,1356440,52
2015-06-24,11.0571,11.2718,11.0571,11.2735,780150,52.5
2015-06-25,11.1644,11.3791,11.0571,11.2735,1089400,52.5
2015-06-26,11.1644,11.2718,11.1644,11.1662,1026800,52
2015-06-29,11.3712,11.6953,11.3712,11.535,1764630,42.7
2015-06-30,11.4793,11.9384,11.4793,11.7511,3429780,43.5
2015-07-01,11.8844,11.8844,11.6143,11.7241,797910,43.4
2015-07-02,11.8034,11.8574,11.7494,11.8591,1117760,43.9
2015-07-03,11.9924,12.1275,11.9654,12.0482,1937740,44.6
2015-07-06,12.1545,12.1815,11.8844,12.0482,1602770,44.6
2015-07-07,11.9924,12.0735,11.9114,11.9402,2060130,44.2
2015-07-08,11.9114,11.9114,11.6683,11.7511,1648750,43.5
2015-07-09,11.6143,12.0465,11.5603,11.8861,1664850,44
2015-07-10,11.9654,12.0465,11.8844,11.9672,1334490,44.3
2015-07-13,11.9654,11.9654,11.8844,11.9132,1259500,44.1
2015-07-14,11.8034,11.9114,11.8034,11.8861,642340,44
2015-07-15,11.9384,11.9384,11.6953,11.7511,1452980,43.5
2015-07-16,11.6143,11.6953,11.5333,11.562,940730,42.8
2015-07-17,11.6143,11.6413,11.4793,11.535,770060,42.7
2015-07-20,11.5333,11.6953,11.4522,11.508,763460,42.6
2015-07-21,11.4793,11.6953,11.4793,11.616,575410,43
2015-07-22,11.6953,12.0465,11.6413,12.0212,1978850,44.5
2015-07-23,12.0195,12.1545,11.9114,11.9132,1096080,44.1
2015-07-24,11.9924,11.9924,11.7764,11.8321,752000,43.8
2015-07-27,11.8844,11.9654,11.8034,11.8861,1634930,44
2015-07-28,11.9384,12.1275,11.8304,11.8321,2556060,43.8
2015-07-29,11.8844,11.9114,11.6413,11.67,1177900,43.2
2015-07-30,11.6683,11.7223,11.5873,11.643,729400,43.1
2015-07-31,11.5873,11.7223,11.5333,11.643,1367150,43.1
2015-08-03,11.5333,11.7223,11.5063,11.643,1810730,43.1
2015-08-04,11.5603,11.6413,11.5333,11.616,710800,43
2015-08-05,11.6683,11.6683,11.5603,11.67,494710,43.2
2015-08-06,11.6143,11.6683,11.5333,11.616,490170,43
2015-08-07,11.6413,11.6413,11.5873,11.616,318890,43
2015-08-10,11.6143,11.7494,11.6143,11.7511,802880,43.5
2015-08-11,11.7494,11.8034,11.7223,11.8051,1130250,43.7
2015-08-12,11.8034,11.8034,11.6413,11.643,810320,43.1
2015-08-13,11.6413,11.6413,11.4522,11.4809,860480,42.5
2015-08-14,11.4793,11.5873,11.2362,11.2918,819060,41.8
2015-08-17,11.2902,11.4252,11.0741,11.0757,758640,41
2015-08-18,11.0741,11.2632,11.0741,11.2648,563880,41.7
2015-08-19,11.2632,11.2632,10.9661,11.0217,787690,40.8
2015-08-20,11.0201,11.1281,10.831,10.9677,1142450,40.6
2015-08-21,10.885,10.9661,10.4799,10.8326,3110370,40.1
2015-08-24,10.831,10.831,10.2368,10.8326,2732410,40.1
2015-08-25,10.4799,10.831,10.4799,10.8326,2271270,40.1
2015-08-26,10.723,10.912,10.696,10.8596,1642870,40.2
2015-08-27,10.912,11.1551,10.831,11.0757,1429370,41
2015-08-28,11.1821,11.2632,11.0201,11.2648,930510,41.7
2015-08-31,11.2632,11.2632,11.0201,11.2108,886190,41.5
2015-09-01,11.2092,11.2632,10.9931,11.2108,885510,41.5
2015-09-03,11.2092,11.2092,11.0741,11.1027,1232010,41.1
2015-09-04,11.1281,11.2092,11.1011,11.2108,716580,41.5
2015-09-07,11.1281,11.3172,11.1011,11.2378,433750,41.6
2015-09-08,11.2362,11.3172,11.2092,11.2648,580480,41.7
2015-09-09,11.3442,11.3442,11.2632,11.3189,514350,41.9
2015-09-10,11.2632,11.4793,11.1281,11.4539,1097080,42.4
2015-09-11,11.4522,11.4522,11.3172,11.3459,445540,42
2015-09-14,11.3442,11.3442,11.2362,11.2918,477150,41.8
2015-09-15,11.2902,11.2902,11.1821,11.2648,962630,41.7
2015-09-16,11.2632,11.3172,11.2362,11.2648,1295070,41.7
2015-09-17,11.3442,11.3982,11.2632,11.3459,454840,42
2015-09-18,11.4522,11.4793,11.3442,11.3459,6992330,42
2015-09-21,11.5873,11.6143,11.3982,11.589,1158500,42.9
2015-09-22,11.5873,11.6143,11.5063,11.562,365500,42.8
2015-09-23,11.4793,11.5333,11.4522,11.4809,707360,42.5
2015-09-24,11.5333,11.5333,11.4522,11.4539,664570,42.4
2015-09-25,11.4522,11.4522,11.3172,11.3729,636970,42.1
2015-09-28,11.3712,11.3982,11.2632,11.3459,465240,42
2015-09-29,11.2632,11.3172,11.1821,11.2378,431390,41.6
2015-09-30,11.3172,11.3442,11.2632,11.2648,338130,41.7
2015-10-01,11.3172,11.3712,11.2362,11.2378,417940,41.6
2015-10-02,11.2362,11.2632,11.1821,11.2378,494680,41.6
2015-10-05,11.2362,11.2632,11.2092,11.2378,472330,41.6
2015-10-06,11.3442,11.3982,11.2902,11.3729,841260,42.1
2015-10-07,11.3982,11.6413,11.2902,11.4809,2096590,42.5
2015-10-08,11.4793,11.9114,11.4793,11.7511,2457280,43.5
2015-10-09,11.7494,11.8574,11.6953,11.6971,1831340,43.3
2015-10-12,11.6953,11.7764,11.6413,11.67,974660,43.2
2015-10-13,11.6413,11.6683,11.5603,11.562,1174250,42.8
2015-10-14,11.4793,11.6143,11.4793,11.4809,1173050,42.5
2015-10-15,11.5333,11.5603,11.4793,11.4809,539950,42.5
2015-10-16,11.5603,11.5603,11.4793,11.562,368830,42.8
2015-10-19,11.5603,11.5603,11.5063,11.535,341820,42.7
2015-10-20,11.5333,11.5333,11.3712,11.3999,576750,42.2
2015-10-21,11.4793,11.4793,11.2632,11.2648,578460,41.7
2015-10-22,11.2902,11.5603,11.2902,11.4809,478920,42.5
2015-10-23,11.5063,11.9924,11.5063,11.9942,3208630,44.4
2015-10-26,12.1005,12.3436,12.0195,12.0212,2448930,44.5
2015-10-27,11.9924,12.1005,11.8844,11.9942,694730,44.4
2015-10-28,12.0195,12.2085,11.9924,11.9942,1220690,44.4
2015-10-29,11.9924,12.4246,11.9924,12.4264,3769240,46
2015-10-30,12.4516,12.4516,12.2355,12.2914,1867210,45.5
2015-11-02,12.3166,12.3706,12.1275,12.1563,1108090,45
2015-11-03,12.1545,12.4246,11.9654,12.4264,1349370,46
2015-11-04,12.5056,12.6407,12.3166,12.3184,1389650,45.6
2015-11-05,12.2896,12.4516,12.2896,12.2914,765040,45.5
2015-11-06,12.2896,12.3706,12.1545,12.1833,860260,45.1
2015-11-09,12.2355,12.2625,12.1005,12.1833,602460,45.1
2015-11-10,12.1005,12.1815,12.0195,12.0212,832570,44.5
2015-11-11,12.0195,12.1005,11.8574,11.9132,1367910,44.1
2015-11-12,11.8304,11.9924,11.5333,11.8051,2052850,43.7
2015-11-13,11.8034,11.9654,11.8034,11.9672,758120,44.3
2015-11-16,11.8574,11.9384,11.7223,11.7241,1007330,43.4
2015-11-17,11.7494,11.8844,11.6953,11.7241,814300,43.4
2015-11-18,11.7764,11.9114,11.6953,11.8051,686870,43.7
2015-11-19,11.8574,11.8574,11.7223,11.7241,755330,43.4
2015-11-20,11.8034,11.8574,11.7223,11.8051,679170,43.7
2015-11-23,11.7764,11.8574,11.7764,11.8051,563750,43.7
2015-11-24,11.8034,11.8304,11.6953,11.7241,478700,43.4
2015-11-25,11.6953,11.7494,11.5873,11.7241,841660,43.4
2015-11-26,11.7223,11.7223,11.6413,11.67,236160,43.2
2015-11-27,11.6413,11.6683,11.4793,11.508,645100,42.6
2015-11-30,11.4252,11.5603,11.3982,11.562,942170,42.8
2015-12-01,11.5873,11.6143,11.5333,11.562,261670,42.8
2015-12-02,11.5063,11.6953,11.5063,11.508,723660,42.6
2015-12-03,11.5063,11.5873,11.4793,11.562,417700,42.8
2015-12-04,11.5063,11.5873,11.3982,11.4269,564530,42.3
2015-12-07,11.4522,11.4522,11.3442,11.4269,804560,42.3
2015-12-08,11.3712,11.5063,11.2902,11.4539,778590,42.4
2015-12-09,11.4522,11.7223,11.2902,11.2918,1356520,41.8
2015-12-10,11.2902,11.4252,11.1551,11.1568,622480,41.3
2015-12-11,11.1551,11.2362,11.1551,11.2108,680860,41.5
2015-12-14,11.1551,11.2362,11.1011,11.1568,614150,41.3
2015-12-15,11.1281,11.2632,11.1281,11.2108,376440,41.5
2015-12-16,11.2902,11.4252,11.2362,11.2648,522330,41.7
2015-12-17,11.3442,11.4252,11.2902,11.3189,575650,41.9
2015-12-18,11.3172,11.3712,10.804,10.8056,2466150,40
2015-12-21,11.0741,11.2092,11.0741,11.2108,522360,41.5
2015-12-22,11.2092,11.2902,11.1821,11.2378,366380,41.6
2015-12-23,11.1281,11.3172,11.1281,11.2648,737670,41.7
2015-12-24,11.3172,11.3712,11.2632,11.3459,672060,42
2015-12-25,11.4252,11.4793,11.3442,11.4539,564790,42.4
2015-12-28,11.4522,11.8034,11.4522,11.7511,1494140,43.5
2015-12-29,11.7494,12.2896,11.6143,12.2914,2905940,45.5
2015-12-30,12.4246,12.4246,11.8844,12.4264,2836200,46
2015-12-31,12.3436,12.4246,12.1815,12.3454,3361900,45.7
2016-01-04,12.8298,12.8298,12.2085,12.8316,4809120,47.5
2016-01-05,12.6947,12.8838,12.6407,12.8316,2480100,47.5
2016-01-06,12.8027,12.9378,12.6137,12.8316,1976280,47.5
2016-01-07,12.6407,13.0188,12.5597,12.9667,2852010,48
2016-01-08,12.8298,12.9648,12.6947,12.9667,1641950,48
2016-01-11,12.9648,13.2619,12.8568,13.0477,1591300,48.3
2016-01-12,13.0458,13.0728,12.8568,12.9667,1030900,48
2016-01-13,12.9648,12.9648,12.7487,12.9397,2003030,47.9
2016-01-14,12.7487,13.0188,12.7487,12.9667,2616100,48
2016-01-15,12.9918,12.9918,12.8027,12.8316,931360,47.5
2016-01-18,12.6407,12.8568,12.1545,12.8316,2516720,47.5
2016-01-19,12.7487,12.9918,12.7487,12.8316,736420,47.5
2016-01-20,12.7217,12.9648,12.7217,12.8046,1569270,47.4
2016-01-21,12.9108,12.9648,12.7757,12.9127,2201170,47.8
2016-01-22,12.9108,13.2619,12.9108,13.0477,1432160,48.3
2016-01-25,13.0999,13.0999,12.9648,13.0477,1960040,48.3
2016-01-26,12.9648,13.0728,12.7757,12.9667,1779070,48
2016-01-27,12.8298,12.8568,12.6677,12.8316,3440360,47.5
2016-01-28,12.6947,13.0458,12.6947,13.0477,4244530,48.3
2016-01-29,13.0188,13.0188,12.7487,12.8587,2231860,47.6
2016-02-01,12.7487,12.9378,12.6947,12.6966,1133280,47
2016-02-02,12.6137,12.7487,12.6137,12.6966,1017260,47
2016-02-03,12.6137,12.6947,12.4246,12.6966,1102250,47
2016-02-04,12.6947,12.8298,12.6947,12.6966,404050,47
2016-02-05,12.5326,12.6947,12.5326,12.5885,895260,46.6
2016-02-15,12.5597,12.5867,12.2896,12.2914,685060,45.5
2016-02-16,12.4786,12.4786,12.2896,12.3184,392060,45.6
2016-02-17,12.5056,12.5056,12.2896,12.2914,259490,45.5
2016-02-18,12.4246,12.4786,12.3436,12.4264,595150,46
2016-02-19,12.3976,12.3976,11.9654,12.1833,1393710,45.1
2016-02-22,12.1815,12.2085,12.0465,12.2103,724960,45.2
2016-02-23,12.2085,12.5056,12.2085,12.3184,418590,45.6
2016-02-24,12.2625,12.3976,12.1815,12.2643,534860,45.4
2016-02-25,12.2896,12.3976,12.2625,12.2914,528840,45.5
2016-02-26,12.3166,12.3706,12.0735,12.1563,1235270,45
2016-02-29,12.1545,12.1545,11.9114,11.9132,259290,44.1
2016-03-01,11.9924,12.0465,11.7764,11.9132,956870,44.1
2016-03-02,11.9924,12.1815,11.9384,12.1563,560340,45
2016-03-03,12.2625,12.2896,12.1545,12.2643,491450,45.4
2016-03-04,12.2625,12.4246,12.2085,12.3724,802550,45.8
2016-03-07,12.3706,12.5597,12.2896,12.3724,557500,45.8
2016-03-08,12.3166,12.5326,12.3166,12.5345,1079780,46.4
2016-03-09,12.5597,12.6677,12.5597,12.5615,1123530,46.5
2016-03-10,12.5597,12.6407,12.5326,12.5615,575310,46.5
2016-03-11,12.5597,12.5597,12.2625,12.2643,560370,45.4
2016-03-14,12.1815,12.2896,12.1545,12.2643,346630,45.4
2016-03-15,12.2625,12.4246,12.1005,12.1563,1073480,45
2016-03-16,12.0735,12.1275,12.0465,12.0482,434350,44.6
2016-03-17,12.1545,12.2355,12.1275,12.1563,488110,45
2016-03-18,12.1545,12.1815,11.9114,11.9132,5451040,44.1
2016-03-21,12.0735,12.3166,12.0735,12.2103,1039980,45.2
2016-03-22,12.2085,12.3166,12.1275,12.2914,657090,45.5
2016-03-23,12.1545,12.3166,12.0465,12.2643,1615870,45.4
2016-03-24,12.2625,12.2896,12.1545,12.1833,510060,45.1
2016-03-25,12.1545,12.4246,12.1545,12.3724,1257200,45.8
2016-03-28,12.4516,12.6407,12.3976,12.6155,820660,46.7
2016-03-29,12.6947,12.8027,12.5867,12.6425,1482760,46.8
2016-03-30,12.3976,12.6947,12.3976,12.6966,650730,47
2016-03-31,12.5326,12.8568,12.5326,12.7506,1398070,47.2
2016-04-01,12.7487,12.8027,12.6407,12.7506,548420,47.2
2016-04-04,12.7757,12.7757,12.6407,12.7236,351710,47.1
2016-04-05,12.7217,12.7757,12.5597,12.7236,323780,47.1
2016-04-06,12.7217,12.8568,12.6677,12.8587,547050,47.6
2016-04-07,12.8568,12.8838,12.7217,12.7506,289730,47.2
2016-04-08,12.7487,12.8568,12.6677,12.8316,600280,47.5
2016-04-11,12.8298,13.6401,12.8298,13.6421,1288260,50.5
2016-04-12,14.0452,14.1803,13.7751,14.0473,1157120,52
2016-04-13,14.0452,14.3153,13.6401,14.0473,807840,52
2016-04-14,13.9102,14.7205,13.9102,14.1823,1075850,52.5
2016-04-15,14.1803,14.7205,14.0452,14.0473,1549470,52
2016-04-19,14.0452,14.0452,13.424,13.4259,1021510,49.7
2016-04-20,13.424,13.7751,13.424,13.6421,1417390,50.5
2016-04-21,13.9102,14.1803,13.6401,13.9122,1196330,51.5
2016-04-22,13.9102,14.8555,13.9102,14.7226,1729690,54.5
2016-04-25,14.9906,15.1256,14.1803,14.1823,1404690,52.5
2016-04-26,14.1803,14.7205,14.1803,14.5875,724510,54
2016-04-27,14.8555,14.8555,14.0452,14.3174,974580,53
2016-04-28,14.3153,14.4504,14.0452,14.0473,520580,52
2016-04-29,14.1803,14.3153,14.0452,14.1823,421970,52.5
2016-05-04,13.9102,14.1803,13.7751,13.7771,755160,51
2016-05-05,13.9102,14.3153,13.9102,13.9122,413180,51.5
2016-05-06,14.0452,14.1803,14.0452,14.1823,813560,52.5
2016-05-09,14.3153,14.3153,14.0452,14.0473,786590,52
2016-05-10,14.0452,14.0452,13.7751,14.0473,698580,52
2016-05-11,14.0452,14.4504,14.0452,14.4525,865680,53.5
2016-05-12,14.5854,14.7205,14.4504,14.4525,469130,53.5
2016-05-13,14.4504,14.5854,14.3153,14.4525,793060,53.5
2016-05-16,14.4504,14.9906,14.3153,14.8577,1233650,55
2016-05-17,14.9906,14.9906,14.7205,14.7226,518280,54.5
2016-05-18,14.7205,14.7205,14.4504,14.4525,586250,53.5
2016-05-19,14.7205,14.7205,14.3153,14.4525,623940,53.5
2016-05-20,14.4504,14.5854,13.9102,13.9122,1554880,51.5
2016-05-23,14.0452,14.0452,13.6401,14.0473,1410160,52
2016-05-24,14.3153,14.3153,13.9102,14.0473,471240,52
2016-05-25,14.0452,14.1803,13.9102,14.0473,283630,52
2016-05-26,14.0452,14.0452,13.6401,13.7771,611130,51
2016-05-27,13.7751,14.0452,13.7751,13.9122,383940,51.5
2016-05-30,14.0452,14.5854,14.0452,14.4525,1078090,53.5
2016-05-31,14.4504,14.5854,14.1803,14.1823,418750,52.5
2016-06-01,14.3153,14.4504,14.1803,14.4525,469570,53.5
2016-06-02,14.4504,14.5854,14.3153,14.4525,510870,53.5
2016-06-03,14.4504,14.5854,14.3153,14.5875,345410,54
2016-06-06,14.5854,14.7205,14.3153,14.4525,295810,53.5
2016-06-07,14.4504,14.7205,14.4504,14.7226,401370,54.5
2016-06-08,14.7205,15.1256,14.5854,14.7226,1064310,54.5
2016-06-09,14.7205,14.8555,14.5854,14.7226,113090,54.5
2016-06-10,14.7205,14.8555,14.5854,14.5875,170630,54
2016-06-13,14.4504,14.4504,14.1803,14.1823,631990,52.5
2016-06-14,14.1803,14.4504,14.1803,14.4525,278210,53.5
2016-06-15,14.5854,14.7205,14.3153,14.4525,311910,53.5
2016-06-16,14.4504,14.5854,14.3153,14.4525,455360,53.5
2016-06-17,14.3153,14.4504,14.0452,14.0473,3234450,52
2016-06-20,14.1803,14.5854,14.0452,14.4525,231660,53.5
2016-06-21,14.5854,14.7205,14.4504,14.5875,333390,54
2016-06-22,14.5854,14.5854,14.1803,14.1823,464600,52.5
2016-06-23,14.3153,14.4504,14.1803,14.3174,291630,53
2016-06-24,14.3153,14.3153,13.3429,14.0473,1143290,52
2016-06-27,14.3904,14.6602,14.3604,14.513,527320,48.4
2016-06-28,14.5103,14.5103,14.3005,14.3031,414530,47.7
2016-06-29,14.3005,14.5403,14.3005,14.3931,625710,48
2016-06-30,14.5403,15.2898,14.4504,14.8129,814400,49.4
2016-07-01,15.1399,15.4397,14.96,15.2926,888200,51
2016-07-04,15.4397,15.5896,15.2898,15.2926,459790,51
2016-07-05,15.4397,15.7395,15.2898,15.2926,579190,51
2016-07-06,15.2898,15.4397,15.1399,15.2926,528660,51
2016-07-07,15.4397,15.5896,15.1399,15.4426,640510,51.5
2016-07-08,15.5896,15.5896,15.2898,15.4426,718620,51.5
2016-07-11,15.4397,15.5896,15.1399,15.2926,632350,51
2016-07-12,15.2898,15.5896,15.2898,15.5925,1001810,52
2016-07-13,15.7395,16.489,15.7395,16.492,1578230,55
2016-07-14,16.489,16.6389,16.0393,16.0423,973530,53.5
2016-07-15,16.1892,16.3391,15.8894,16.3421,373250,54.5
2016-07-18,16.3391,16.3391,16.0393,16.1922,519810,54
2016-07-19,16.1892,16.3391,15.1399,15.5925,1550450,52
2016-07-20,15.5896,15.7395,14.99,14.9928,1193970,50
2016-07-21,15.1399,15.4397,14.96,15.1427,622420,50.5
2016-07-22,15.1399,15.2898,14.8701,14.9928,628770,50
2016-07-25,15.1399,15.2898,14.99,15.1427,148890,50.5
2016-07-26,15.1399,15.2898,14.93,15.1427,266140,50.5
2016-07-27,15.2898,15.2898,14.99,15.2926,335420,51
2016-07-28,15.4397,15.8894,15.2898,15.7424,528660,52.5
2016-07-29,15.7395,15.7395,15.2898,15.2926,359260,51
2016-08-01,15.4397,15.5896,15.1399,15.4426,460650,51.5
2016-08-02,15.1399,15.5896,15.1399,15.2926,1349020,51
2016-08-03,14.99,15.1399,14.6902,14.7829,1214100,49.3
2016-08-04,14.8401,14.8701,14.2405,14.2431,732590,47.5
2016-08-05,13.9407,14.1805,13.3411,13.4035,1844020,44.7
2016-08-08,13.4011,13.6409,12.4717,13.4035,3019390,44.7
2016-08-09,13.3411,13.7308,13.3411,13.6434,827360,45.5
2016-08-10,13.7009,14.5703,13.7009,14.573,2852080,48.6
2016-08-11,14.5703,14.7502,14.4504,14.6929,1964870,49
2016-08-12,14.8401,14.8401,14.5703,14.6929,1226560,49
2016-08-15,14.6902,14.6902,14.5403,14.6929,543500,49
2016-08-16,14.6902,14.6902,14.2405,14.3631,1691880,47.9
2016-08-17,14.3604,14.6003,14.0906,14.3631,1763870,47.9
2016-08-18,14.6602,14.6602,14.3005,14.3631,432750,47.9
2016-08-19,14.3904,14.5103,14.1506,14.3031,1158000,47.7
2016-08-22,14.3904,14.3904,14.0007,14.0632,1594810,46.9
2016-08-23,14.0007,14.5403,13.9107,14.543,1687820,48.5
2016-08-24,14.5403,14.6302,14.4803,14.543,478690,48.5
2016-08-25,14.5403,14.5403,14.3304,14.483,644830,48.3
2016-08-26,14.3904,14.4803,14.3604,14.3931,240700,48
2016-08-29,14.3904,14.6003,14.3904,14.3931,858310,48
2016-08-30,14.3904,14.5103,14.2405,14.423,233880,48.1
2016-08-31,14.3904,14.5403,14.3604,14.423,482190,48.1
2016-09-01,14.4504,14.4803,14.2705,14.3931,349770,48
2016-09-05,14.4204,14.4204,14.2705,14.3631,394080,47.9
2016-09-06,14.4803,14.5103,14.3604,14.3631,598070,47.9
2016-09-07,14.4204,14.4204,14.2105,14.2431,515100,47.5
2016-09-08,14.3904,14.3904,14.2705,14.3331,334150,47.8
2016-09-09,14.5403,14.6602,14.4504,14.6329,918320,48.8
2016-09-12,14.99,14.99,14.6602,14.9328,728040,49.8
2016-09-13,14.8401,14.96,14.6902,14.7229,393290,49.1
2016-09-14,14.8401,14.8401,14.4803,14.483,801730,48.3
2016-09-15,14.8757,15.2062,14.692,15.1342,824280,41.2
2016-09-16,14.9491,15.7939,14.9491,15.7954,2866190,43
2016-09-19,15.7939,15.7939,15.4266,15.5383,447860,42.3
2016-09-20,15.3164,15.7939,15.2246,15.6485,779080,42.6
2016-09-21,15.7939,16.1245,15.647,16.0525,739790,43.7
2016-09-22,16.051,16.3081,16.051,16.1627,1031190,44
2016-09-23,16.1979,16.2898,16.1612,16.2913,464830,44.35
2016-09-26,16.2898,16.5285,16.051,16.4199,420940,44.7
2016-09-27,16.4918,16.8774,16.4183,16.879,362780,45.95
2016-09-28,16.7122,16.7122,16.1612,16.4015,1071170,44.65
2016-09-29,16.3999,16.5101,16.3816,16.5117,218130,44.95
2016-09-30,16.3449,16.455,15.6103,16.3464,170270,44.5
2016-10-03,16.3449,16.3449,15.7939,15.7954,1050750,43
2016-10-04,15.7939,16.1612,15.7204,16.1627,446930,44
2016-10-05,16.2714,16.3449,16.051,16.0893,254440,43.8
2016-10-06,16.0877,16.0877,15.647,15.6852,797640,42.7
2016-10-07,15.7939,15.9408,15.5735,15.7219,250280,42.8
2016-10-10,15.8674,15.8674,15.4266,15.4648,286190,42.1
2016-10-11,15.5001,15.6103,15.3164,15.4648,307500,42.1
2016-10-12,15.4633,15.7204,15.4633,15.5015,164250,42.2
2016-10-13,15.6103,15.8306,15.3899,15.7954,1097150,43
2016-10-14,15.7388,15.9408,15.5735,15.7954,628940,43
2016-10-17,15.7939,15.8306,15.6837,15.7954,542930,43
2016-10-18,15.7939,15.7939,15.6103,15.7587,320680,42.9
2016-10-19,15.7388,16.0877,15.6837,16.0893,654870,43.8
2016-10-20,16.0143,16.0143,15.7939,15.9056,331270,43.3
2016-10-21,15.9041,15.9041,15.6837,15.7954,751380,43
2016-10-24,15.7939,15.7939,15.6103,15.7954,587640,43
2016-10-25,15.5735,15.7388,15.5368,15.6852,555710,42.7
2016-10-26,15.5735,15.7204,15.4266,15.5934,434490,42.45
2016-10-27,15.5735,15.7572,15.4266,15.7219,1053560,42.8
2016-10-28,15.7204,15.8674,15.647,15.7403,711780,42.85
2016-10-31,15.6103,15.8857,15.5368,15.6117,980500,42.5
2016-11-01,15.6103,15.7388,15.6103,15.7036,207880,42.75
2016-11-02,15.7204,15.8674,15.5368,15.5383,481870,42.3
2016-11-03,15.4633,15.7204,15.3715,15.575,488460,42.4
2016-11-04,15.4266,15.6837,15.4266,15.575,166620,42.4
2016-11-07,15.5735,15.7388,15.5368,15.7036,195260,42.75
2016-11-08,15.6837,15.7572,15.647,15.7219,351360,42.8
2016-11-09,15.7572,15.7572,15.4266,15.6117,846210,42.5
2016-11-10,15.7204,15.7939,15.647,15.7219,254060,42.8
2016-11-11,15.7204,16.1612,15.5552,16.1627,1006070,44
2016-11-14,16.051,16.455,15.7572,15.7587,1412440,42.9
2016-11-15,15.7939,15.9776,15.6286,15.7036,404110,42.75
2016-11-16,15.7021,15.9041,15.647,15.6852,465120,42.7
2016-11-17,15.647,15.7204,15.445,15.6852,993910,42.7
2016-11-18,15.7939,15.7939,15.5368,15.6485,376190,42.6
2016-11-21,15.6103,15.647,15.5001,15.6485,326180,42.6
2016-11-22,15.5735,15.6837,15.5735,15.6485,261260,42.6
2016-11-23,15.647,15.7204,15.6286,15.6852,286930,42.7
2016-11-24,15.6837,15.6837,15.445,15.6117,619360,42.5
2016-11-25,15.5368,15.6103,15.243,15.6117,1651400,42.5
2016-11-28,15.3531,15.6103,15.096,15.6117,1107530,42.5
2016-11-29,15.6103,15.6103,15.243,15.2444,986930,41.5
2016-11-30,15.0777,15.4266,14.8389,15.4281,1461410,42
2016-12-01,15.4633,15.5001,15.243,15.4281,701120,42
2016-12-02,15.243,15.5001,15.243,15.4281,627590,42
2016-12-05,15.4266,15.4817,15.2062,15.4097,672940,41.95
2016-12-06,15.3899,15.3899,15.0409,15.3179,563020,41.7
2016-12-07,15.3164,15.4633,15.0042,15.4281,981090,42
2016-12-08,15.243,15.4266,15.243,15.4281,713700,42
2016-12-09,15.4266,15.4266,15.1328,15.4281,705920,42
2016-12-12,15.2797,15.4266,15.1695,15.4281,756230,42
2016-12-13,15.4266,15.4266,15.096,15.4281,1231230,42
2016-12-14,15.4266,15.6103,15.2797,15.5934,830990,42.45
2016-12-15,15.5368,15.5735,15.3715,15.4281,388600,42
2016-12-16,15.4266,15.6103,15.1879,15.6117,3293250,42.5
2016-12-19,15.647,15.9041,15.647,15.7219,620190,42.8
2016-12-20,15.6653,15.7939,15.3715,15.373,876460,41.85
2016-12-21,15.3715,15.3715,15.1695,15.2077,766850,41.4
2016-12-22,15.2797,15.4633,15.1879,15.4281,667670,42
2016-12-23,15.2797,15.4633,15.2797,15.4648,282360,42.1
2016-12-26,15.5001,15.5001,15.3899,15.4281,205460,42
2016-12-27,15.4633,15.6653,15.4266,15.5383,260080,42.3
2016-12-28,15.5919,15.5919,15.2613,15.2811,1112890,41.6
2016-12-29,15.2797,15.445,15.2797,15.3913,386900,41.9
2016-12-30,15.2797,15.4266,15.2797,15.4281,704400,42
2017-01-03,15.4266,15.4266,15.2797,15.2811,321500,41.6
2017-01-04,15.2797,15.445,15.2797,15.4464,314110,42.05
2017-01-05,15.3899,15.5735,15.3899,15.5383,359450,42.3
2017-01-06,15.5735,15.9776,15.5552,15.8321,850050,43.1
2017-01-09,15.9041,15.9776,15.8674,15.8689,459010,43.2
2017-01-10,15.8674,15.9041,15.7388,15.7587,432520,42.9
2017-01-11,15.7572,15.9592,15.647,15.7954,415040,43
2017-01-12,15.8674,15.9041,15.7388,15.7954,518850,43
2017-01-13,15.8123,15.9592,15.7755,15.9056,506040,43.3
2017-01-16,15.9041,15.9041,15.7388,15.7403,249960,42.85
2017-01-17,15.7939,15.7939,15.5368,15.6668,662430,42.65
2017-01-18,15.5368,15.6653,15.4633,15.4648,743470,42.1
2017-01-19,15.4633,15.5368,15.3531,15.4281,1160620,42
2017-01-20,15.4817,15.5001,15.3715,15.4281,714290,42
2017-01-23,15.5001,15.5001,15.3164,15.4281,729750,42
2017-01-24,15.5001,15.5001,15.243,15.2444,539560,41.5
2017-01-25,15.3899,15.4266,15.243,15.4281,788030,42
2017-02-02,15.5368,15.7388,15.5368,15.6117,390520,42.5
2017-02-03,15.6103,15.6103,15.4082,15.4281,397270,42
2017-02-06,15.6103,15.647,15.4266,15.575,473180,42.4
2017-02-07,15.5735,15.7204,15.5001,15.7219,794850,42.8
2017-02-08,15.7572,15.7572,15.6837,15.7036,334800,42.75
2017-02-09,15.7204,15.7388,15.6286,15.6668,282170,42.65
2017-02-10,15.647,15.7021,15.445,15.6117,834560,42.5
2017-02-13,15.6103,15.647,15.5368,15.6117,316160,42.5
2017-02-14,15.647,15.7388,15.5919,15.6301,496140,42.55
2017-02-15,15.647,16.4183,15.647,16.3464,2270860,44.5
2017-02-16,16.3449,16.4183,16.1612,16.1627,871460,44
2017-02-17,16.1979,16.1979,16.0143,16.1627,692670,44
2017-02-20,16.0877,16.6754,15.9041,16.6403,804050,45.3
2017-02-21,16.6387,17.2631,16.6387,17.0627,1291740,46.45
2017-02-22,17.006,17.1896,16.7122,16.7872,885490,45.7
2017-02-23,16.7856,16.8958,16.5285,16.6219,584670,45.25
2017-02-24,16.6203,16.8958,16.4918,16.6219,508290,45.25
2017-02-27,16.8774,17.0795,16.6387,16.879,788600,45.95
2017-02-28,16.9693,16.9693,16.5285,16.5301,1009600,45
2017-03-01,16.4183,16.6571,16.2714,16.4199,651080,44.7
2017-03-02,16.3816,16.5101,16.1612,16.1995,794680,44.1
2017-03-03,16.3265,16.4918,16.2714,16.3464,290560,44.5
2017-03-06,16.4918,16.6754,16.3816,16.4382,366910,44.75
2017-03-07,16.4367,16.6387,16.3816,16.475,238620,44.85
2017-03-08,16.4734,16.4734,16.1612,16.3464,554530,44.5
2017-03-09,16.3449,16.3449,16.2347,16.2362,271170,44.2
2017-03-10,16.2347,16.4183,16.1612,16.2362,841330,44.2
2017-03-13,16.3816,16.4183,16.2347,16.2362,362880,44.2
2017-03-14,16.2347,16.3449,16.1796,16.1811,370080,44.05
2017-03-15,16.1979,16.2347,15.9041,15.9791,557540,43.5
2017-03-16,15.8674,16.1612,15.8674,16.1627,192350,44
2017-03-17,16.2347,16.455,16.0877,16.0893,1070220,43.8
2017-03-20,16.2714,16.3449,15.9041,15.9056,1170670,43.3
2017-03-21,16.0877,16.0877,15.0593,15.226,6736840,41.45
2017-03-22,15.2246,15.5735,15.2246,15.2995,1495860,41.65
2017-03-23,15.298,15.647,15.298,15.6117,1028940,42.5
2017-03-24,15.5368,15.5919,15.4817,15.5566,1562480,42.35
2017-03-27,15.4633,15.5735,15.4266,15.5566,1056690,42.35
2017-03-28,15.5552,15.5552,15.4266,15.4281,710950,42
2017-03-29,15.5368,15.5735,15.4266,15.5015,732520,42.2
2017-03-30,15.5368,15.5552,15.4266,15.5015,665180,42.2
2017-03-31,15.4633,15.5552,15.3531,15.3546,604220,41.8
2017-04-03,15.3899,15.4266,15.243,15.2444,623430,41.5
2017-04-04,15.3164,15.4266,15.2613,15.4281,529490,42
2017-04-05,15.4266,15.4633,15.2797,15.2811,526530,41.6
2017-04-07,15.2797,15.4266,15.243,15.4281,370920,42
2017-04-10,15.4266,15.6103,15.3899,15.575,949330,42.4
2017-04-11,15.4633,15.7755,15.4633,15.6301,1211260,42.55
2017-04-12,15.6286,15.7572,15.4266,15.4464,660120,42.05
2017-04-13,15.445,15.7021,15.445,15.575,860710,42.4
2017-04-14,15.5001,15.5552,15.3164,15.3362,700080,41.75
2017-04-17,15.3348,15.4266,14.9675,15.3362,1273790,41.75
2017-04-18,15.243,15.4266,15.1695,15.3179,420640,41.7
2017-04-19,15.3164,15.3164,15.2246,15.2444,961170,41.5
2017-04-20,15.243,15.2797,14.8757,14.9138,1169510,40.6
2017-04-21,14.7655,15.1511,14.7655,14.8771,473170,40.5
2017-04-24,14.8022,15.0226,14.5634,14.6934,422960,40
2017-04-25,14.692,14.8757,14.692,14.822,291630,40.35
2017-04-26,14.8389,14.8757,14.7287,14.8403,418510,40.4
2017-04-27,14.8389,15.0593,14.8389,15.024,532960,40.9
2017-04-28,14.8757,15.0226,14.8389,15.024,868180,40.9
2017-05-03,15.096,15.096,14.8022,14.8771,330500,40.5
2017-05-04,14.894,14.894,14.7287,14.8036,695060,40.3
2017-05-05,14.8022,14.8389,14.7287,14.8403,518030,40.4
2017-05-08,14.8389,14.894,14.7471,14.8403,457360,40.4
2017-05-09,14.8389,15.0226,14.8022,14.9689,579970,40.75
2017-05-10,14.894,14.9858,14.8389,14.8587,722530,40.45
2017-05-11,14.8757,15.0042,14.8573,14.8771,861350,40.5
2017-05-12,14.8389,14.9124,14.8022,14.8771,372820,40.5
2017-05-15,14.8757,15.1695,14.8022,15.024,655580,40.9
2017-05-16,15.0593,15.243,14.9858,15.2444,1007010,41.5
2017-05-17,15.1695,15.3164,15.1144,15.1709,538140,41.3
2017-05-18,15.1695,15.3164,15.0777,15.1709,815460,41.3
2017-05-19,15.1695,15.1695,14.9491,15.024,645030,40.9
2017-05-22,14.9858,15.2062,14.9858,15.1342,825830,41.2
2017-05-23,15.1328,15.1328,14.9858,15.0056,799020,40.85
2017-05-24,15.0042,15.0409,14.8389,14.8771,1407180,40.5
2017-05-25,14.8022,14.8757,14.6736,14.7118,1822220,40.05
2017-05-26,14.7287,14.8757,14.692,14.8771,724620,40.5
2017-05-29,14.8757,14.9675,14.692,14.9322,784880,40.65
2017-05-30,14.8022,14.9124,14.7838,14.7852,665930,40.25
2017-05-31,14.8022,14.9491,14.7655,14.7852,633970,40.25
2017-06-01,14.8757,14.9307,14.7838,14.8954,710890,40.55
2017-06-02,14.894,14.9307,14.8389,14.9138,630520,40.6
2017-06-05,14.8757,14.9307,14.7838,14.9138,494100,40.6
2017-06-06,14.9675,14.9675,14.894,14.9322,439540,40.65
2017-06-07,14.9307,15.0593,14.9307,15.0607,494480,41
2017-06-08,15.096,15.3531,14.9491,15.1709,702230,41.3
2017-06-09,15.2062,15.3531,15.2062,15.2811,538240,41.6
2017-06-12,15.3531,15.5552,15.2797,15.5566,1150090,42.35
2017-06-13,15.6286,15.7939,15.5184,15.7954,953070,43
2017-06-14,15.7939,15.8306,15.1328,15.2444,1835800,41.5
2017-06-15,15.2797,15.5368,15.2797,15.5383,777300,42.3
2017-06-16,15.7388,15.7939,15.5735,15.7954,3660640,43
2017-06-19,15.6103,15.8306,15.5552,15.8321,756020,43.1
2017-06-20,15.8674,15.8674,15.5368,15.5383,475170,42.3
2017-06-21,15.5368,15.7204,15.4082,15.7219,556290,42.8
2017-06-22,15.6653,15.6837,15.4633,15.4648,291210,42.1
2017-06-23,15.3531,15.4633,15.3531,15.4464,452090,42.05
2017-06-26,15.445,15.7755,15.445,15.7219,579860,42.8
2017-06-27,15.7204,15.7204,15.6103,15.6485,217480,42.6
2017-06-28,15.647,15.647,15.5184,15.5934,240730,42.45
2017-06-29,15.7204,15.7204,15.5368,15.5566,171730,42.35
2017-06-30,15.647,15.6837,15.5184,15.6852,452240,42.7
2017-07-03,15.6837,15.6837,15.5001,15.5383,537620,42.3
2017-07-04,15.5001,15.5368,15.243,15.4281,938440,42
2017-07-05,15.5368,15.5735,15.298,15.4281,493510,42
2017-07-06,15.6103,15.6103,15.4266,15.575,324260,42.4
2017-07-07,15.6653,15.6837,15.4266,15.4281,238900,42
2017-07-10,15.5368,15.5368,15.0593,15.0975,555810,41.1
2017-07-11,15.096,15.4633,15.096,15.4648,436010,42.1
2017-07-12,15.5919,15.647,15.4266,15.6485,459760,42.6
2017-07-13,15.647,15.647,15.3899,15.6485,552600,42.6
2017-07-14,15.647,15.647,15.5001,15.6485,355150,42.6
2017-07-17,15.6103,15.6103,15.3531,15.575,489240,42.4
2017-07-18,15.243,15.5368,15.243,15.5383,146220,42.3
2017-07-19,15.6103,15.6103,15.4082,15.4281,300130,42
2017-07-20,15.4266,15.5735,15.3531,15.575,259280,42.4
2017-07-21,15.4633,15.5919,15.298,15.5934,563380,42.45
2017-07-24,15.5919,15.5919,15.3899,15.5015,222770,42.2
2017-07-25,15.3531,15.4633,15.3531,15.4281,193720,42
2017-07-26,15.4266,15.647,15.3531,15.6485,508260,42.6
2017-07-27,15.4633,15.647,15.4633,15.5383,254710,42.3
2017-07-28,15.5368,15.7572,15.4266,15.7587,431700,42.9
2017-07-31,16.0143,16.3449,15.9776,16.3464,1244560,44.5
2017-08-01,16.3449,16.3449,16.1612,16.3097,404610,44.4
2017-08-02,16.1245,16.3449,16.1245,16.3097,388850,44.4
2017-08-03,16.2347,16.455,16.1612,16.3097,481890,44.4
2017-08-04,16.3816,16.4918,16.3081,16.3648,436280,44.55
2017-08-07,16.3632,16.3816,16.2714,16.3464,342670,44.5
2017-08-08,16.3449,16.4918,16.3449,16.4933,655500,44.9
2017-08-09,16.2714,16.5285,15.9776,15.9791,631740,43.5
2017-08-10,15.9776,16.0877,15.7939,15.8689,178660,43.2
2017-08-11,15.8674,16.051,15.7572,15.9791,125330,43.5
2017-08-14,15.9776,15.9959,15.8674,15.9791,227890,43.5
2017-08-15,15.9408,15.9776,15.6103,15.6485,508250,42.6
2017-08-16,15.6103,15.7388,15.5735,15.7219,259540,42.8
2017-08-17,15.7939,15.7939,15.5735,15.7036,334020,42.75
2017-08-18,15.7021,15.8306,15.5735,15.7036,523350,42.75
2017-08-21,15.5368,15.7572,15.5368,15.7587,297760,42.9
2017-08-22,15.647,15.7939,15.647,15.7219,219070,42.8
2017-08-23,15.8857,15.9041,15.7204,15.9056,141920,43.3
2017-08-24,15.9776,16.1428,15.9041,15.9974,391490,43.55
2017-08-25,15.9959,16.4367,15.9959,16.3648,625340,44.55
2017-08-28,16.3632,16.7122,16.1979,16.7137,815250,45.5
2017-08-29,16.6754,16.9693,16.5101,16.9158,1051820,46.05
2017-08-30,16.9142,18.0712,16.9142,18.0729,1588730,49.2
2017-08-31,17.9977,18.5854,17.8141,17.9994,1464890,49
2017-09-01,17.8875,18.3283,17.8875,18.1463,613910,49.4
2017-09-05,18.3283,18.4752,18.2181,18.4402,1083940,50.2
2017-09-06,18.4385,18.4385,17.9977,18.3667,977140,50
2017-09-07,18.365,18.365,18.1446,18.3484,468460,49.95
2017-09-08,18.365,18.8425,18.1263,18.5871,1674650,50.6
2017-09-11,18.5119,18.5119,18.1079,18.1096,678430,49.3
2017-09-12,17.8508,18.1079,17.8508,18.1096,1762650,49.3
2017-09-13,18.1079,18.1263,17.6304,17.6688,983030,48.1
2017-09-14,17.4651,18.365,17.4651,18.0545,1038060,49.15
2017-09-15,17.7039,18.1814,17.7039,17.9627,3535620,48.9
2017-09-18,17.961,18.1446,17.9242,17.9994,309400,49
2017-09-19,17.9977,18.1079,17.9426,18.0361,677170,49.1
2017-09-20,18.0344,18.0528,17.8875,17.9994,587010,49
2017-09-21,17.9977,18.0344,17.6488,18.0361,642630,49.1
2017-09-22,18.0712,18.2548,17.7406,18.0361,635450,49.1
2017-09-25,17.9977,18.1079,17.9242,17.9994,991050,49
2017-09-26,17.9977,18.3466,17.9242,18.1463,1097210,49.4
2017-09-27,18.2915,18.916,18.2915,18.7708,1612010,51.1
2017-09-28,18.8792,19.0261,18.6588,18.6606,802280,50.8
2017-09-29,18.5487,18.8058,18.5487,18.8075,771460,51.2
2017-10-02,18.8058,18.8425,18.6956,18.7341,719100,51
2017-10-03,18.769,19.2833,18.769,18.7708,2940110,51.1
2017-10-04,18.8792,19.0996,18.8058,19.1014,1930800,52
2017-10-05,19.1363,19.5404,19.0996,19.3585,1639860,52.7
2017-10-06,19.3567,19.4302,19.2098,19.3218,1246450,52.6
2017-10-09,19.2465,19.2465,18.8425,19.1014,655850,52
2017-10-10,18.916,19.1731,18.6221,19.1749,1812200,52.2
2017-10-11,19.1731,20.1648,19.1731,20.1667,1820720,54.9
2017-10-12,20.0179,20.4953,19.7975,20.2034,955520,55
2017-10-13,20.0179,20.5688,19.9811,20.5707,1163690,56
2017-10-16,20.5688,20.6423,20.0546,20.0565,1164490,54.6
2017-10-17,20.128,20.4953,20.0179,20.3136,611740,55.3
2017-10-18,20.3117,20.4586,20.1648,20.1667,645210,54.9
2017-10-19,20.1648,20.275,20.0179,20.2034,652270,55
2017-10-20,20.2015,20.4953,20.0546,20.3136,1699930,55.3
2017-10-23,20.3484,20.4219,20.2015,20.3503,1042390,55.4
2017-10-24,20.3852,20.4953,20.0913,20.3871,1015940,55.5
2017-10-25,20.3852,20.4219,20.2015,20.3136,639470,55.3
2017-10-26,20.3117,20.3484,19.4669,20.3136,1424800,55.3
2017-10-27,20.4953,21.083,20.275,20.9381,1881040,57
2017-10-30,21.083,21.4871,20.9728,21.3054,1520110,58
2017-10-31,21.4136,21.5972,21.1932,21.4891,1225710,58.5
2017-11-01,21.5238,21.5972,21.3769,21.5258,1443760,58.6
2017-11-02,21.5238,22.038,21.4871,22.0401,1396970,60
2017-11-03,22.0013,22.2584,21.6707,22.1136,1227960,60.2
2017-11-06,22.1849,22.3318,22.038,22.2238,1023210,60.5
2017-11-07,22.3318,22.9563,22.1482,22.7748,1645400,62
2017-11-08,23.5072,24.0949,22.9563,24.0604,2031740,65.5
2017-11-09,24.7928,25.711,24.6091,25.1992,1902810,68.6
2017-11-10,24.9029,25.711,23.9847,24.2441,2037660,66
2017-11-13,24.2418,25.1968,23.9847,25.1992,1213210,68.6
2017-11-14,25.1601,25.5274,24.756,25.1992,1697460,68.6
2017-11-15,25.3437,25.5274,24.7193,25.3461,2415870,69
2017-11-16,24.9764,25.6743,24.9764,25.6767,1449350,69.9
2017-11-17,25.7845,26.4456,25.6743,26.2277,1572620,71.4
2017-11-20,26.3721,28.025,26.262,28.0276,1958970,76.3
2017-11-21,28.6494,29.9717,28.0985,28.2848,3764030,77
2017-11-22,28.2821,28.9432,26.9966,27.9174,1670670,76
2017-11-23,27.9148,28.5759,27.621,28.1011,1302120,76.5
2017-11-24,28.0985,28.0985,27.3639,27.3664,858280,74.5
2017-11-27,27.1802,29.2004,26.4456,27.9174,2152690,76
2017-11-28,28.4658,28.98,27.9148,27.9909,1786250,76.2
2017-11-29,28.2821,28.2821,27.9515,27.9909,1324620,76.2
2017-11-30,27.9883,28.1719,27.3639,27.3664,1728020,74.5
2017-12-01,27.3639,27.6944,27.1067,27.4032,966230,74.6
2017-12-04,27.5842,28.3556,27.3639,27.9542,1716220,76.1
2017-12-05,28.2821,28.8331,26.0048,26.8154,3682370,73
2017-12-06,27.0333,27.0333,25.6743,26.8154,2680770,73
2017-12-07,26.6293,27.1067,26.0783,26.4481,1010070,72
2017-12-08,26.1518,26.9966,25.5274,26.8154,1767290,73
2017-12-11,26.4456,26.8864,26.0783,26.4481,1057910,72
2017-12-12,26.8129,26.8496,25.3437,26.1542,1138470,71.2
2017-12-13,26.262,26.5191,26.0416,26.4481,547600,72
2017-12-14,26.4089,26.6293,26.0783,26.4481,477210,72
2017-12-15,25.9681,26.3354,25.7477,25.7869,4185530,70.2
2017-12-18,26.2252,27.1802,26.2252,27.1828,1199690,74
2017-12-19,27.4006,27.7312,26.9231,26.9991,1006310,73.5
2017-12-20,26.9231,27.1435,26.5925,26.9991,1506770,73.5
2017-12-21,27.1435,27.7312,26.8129,26.8154,1721550,73
2017-12-22,27.07,27.7679,26.9598,27.7705,2254940,75.6
2017-12-25,27.9148,28.6494,27.8413,28.6521,1399540,78
2017-12-26,28.7596,29.0167,28.5759,28.6521,2308080,78
2017-12-27,28.6494,29.0167,28.1719,28.3582,2925370,77.2
2017-12-28,28.4658,28.8331,28.429,28.4317,1109290,77.4
2017-12-29,28.5025,29.3473,28.2821,28.395,2105550,77.3
2018-01-02,28.5025,28.8331,28.429,28.7256,1435130,78.2
2018-01-03,29.2004,30.5594,28.8698,29.5705,5014340,80.5
2018-01-04,29.935,30.5226,29.5677,29.7541,2937490,81
2018-01-05,29.7513,29.7513,29.0167,29.3868,2825160,80
2018-01-08,29.384,30.0819,29.0534,29.497,3978990,80.3
2018-01-09,29.7146,30.3023,29.384,29.6072,3276860,80.6
2018-01-10,29.7513,30.2288,29.6044,29.6807,3525280,80.8
2018-01-11,29.6778,30.1921,29.4207,29.7541,3234530,81
2018-01-12,29.935,31.698,29.8615,31.3704,5641810,85.4
2018-01-15,31.7347,32.6162,31.6245,32.0316,3992270,87.2
2018-01-16,32.0286,32.1388,31.2205,31.5908,4033950,86
2018-01-17,31.5878,31.8816,30.4859,30.8561,3664360,84
2018-01-18,30.4859,31.0001,29.5677,31.0031,2516550,84.4
2018-01-19,31.2205,31.6613,30.8532,30.8561,4547470,84
2018-01-22,31.0369,31.4409,30.8532,31.2235,1971820,85
2018-01-25,31.2205,32.8734,31.2205,31.2602,6498690,85.1
2018-01-26,31.5878,31.7715,31.1838,31.4071,1879950,85.5
2018-01-29,31.5878,32.0653,31.294,31.4071,1648430,85.5
2018-01-30,31.4042,31.5143,30.6696,31.2235,2528460,85
2018-01-31,31.4042,32.4693,31.2572,31.5908,5163910,86
2018-02-01,32.1388,32.2489,31.2205,31.8112,2444650,86.6
2018-02-02,31.7715,32.5061,31.7715,32.0316,4141270,87.2
2018-02-05,31.3674,31.5878,29.788,29.7909,2587460,81.1
2018-02-06,29.788,29.788,27.7312,29.7909,6416850,81.1
2018-02-07,30.1186,30.4492,29.7513,29.7541,1569240,81
2018-02-08,29.384,29.7513,29.0167,29.0194,1035980,79
2018-02-09,27.9148,28.8698,27.3639,28.7256,1512070,78.2
2018-02-12,29.0167,30.7063,29.0167,30.7092,1403590,83.6
2018-02-13,31.2205,31.9551,30.8532,31.6275,1361140,86.1
2018-02-21,32.2857,33.7916,32.0653,33.0601,3032580,90
2018-02-22,33.057,33.7916,32.7264,33.2438,2059700,90.5
2018-02-23,33.4243,33.7916,33.4243,33.6479,1315690,91.6
2018-02-26,33.7916,35.4445,33.7916,34.8968,2663650,95
2018-02-27,35.4445,35.5914,33.9753,34.3458,2312070,93.5
2018-02-28,33.9018,34.9302,33.9018,34.8601,1652330,94.9
2018-03-01,34.6731,35.1873,34.2691,34.5295,1228940,94
2018-03-02,33.7916,35.0772,33.7916,34.7131,876310,94.5
2018-03-05,34.8935,36.5831,34.5262,34.5295,1957990,94
2018-03-06,35.2608,36.1791,34.5262,36.1825,1563590,98.5
2018-03-07,36.1791,36.73,35.4445,36.2192,1554880,98.6
2018-03-08,35.9954,38.3461,35.9587,37.909,2497640,103.2
2018-03-09,37.9054,38.9338,36.73,38.0192,3193390,103.5
2018-03-12,36.73,38.2359,36.6198,36.7335,4156360,100
2018-03-13,36.73,37.7952,36.6933,37.6886,1364520,102.6
2018-03-14,37.6483,38.5298,37.6483,37.6518,2048400,102.5
2018-03-15,37.7952,37.7952,36.5464,36.5498,2784640,99.5
2018-03-16,36.6198,37.0973,36.5096,36.6233,3090070,99.7
2018-03-19,38.3461,38.5665,36.8035,38.3498,1201010,104.4
2018-03-20,37.8319,38.7502,37.8319,38.2763,1045660,104.2
2018-03-21,38.5298,39.8888,38.3829,39.6722,3520200,108
2018-03-22,40.0357,40.6601,39.6684,39.6722,2262170,108
2018-03-23,38.7869,40.8438,38.7502,40.2232,3455080,109.5
2018-03-26,40.403,43.0108,39.8521,41.8027,4681960,113.8
2018-03-27,42.9741,43.2679,41.4682,41.5088,3149210,113
2018-03-28,41.5049,42.6068,41.2111,42.0598,1452270,114.5
2018-03-29,42.0559,42.4232,41.6886,42.2435,1580300,115
2018-03-30,42.2762,43.0476,41.8722,43.0516,1733950,117.2
2018-04-02,43.5985,45.7289,43.3414,45.1822,2458390,123
2018-04-03,44.8841,45.1779,44.3698,44.925,2412640,122.3
2018-04-04,45.1779,47.345,45.1779,46.8352,1939060,127.5
2018-04-05,48.4836,48.8509,47.6388,48.1209,3190050,131
2018-04-06,47.749,48.6673,47.6388,48.6351,1954390,132.4
2018-04-09,49.5855,49.7692,48.8509,49.5535,3209490,134.9
2018-04-10,49.5855,50.2466,48.1163,48.1209,4492970,131
2018-04-11,48.3367,49.0346,45.5452,46.2842,3216110,126
2018-04-12,45.5452,46.9409,44.5902,46.6515,3592730,127
2018-04-13,47.0144,47.9694,46.6471,46.8719,2093210,127.6
2018-04-16,47.0144,47.4552,45.7289,47.276,1686590,128.7
2018-04-17,47.749,48.4836,46.8308,47.7535,2303090,130
2018-04-18,48.1163,48.4836,47.7123,47.7168,2306360,129.9
2018-04-19,47.2348,47.3817,44.4066,44.4108,5509300,120.9
2018-04-20,44.4066,45.7289,41.8355,45.1822,4165000,123
2018-04-23,45.2514,46.2063,45.1044,45.2556,4834080,123.2
2018-04-24,44.076,46.8675,43.4149,46.6515,8719000,127
2018-04-26,46.5736,46.6471,45.1412,46.6515,6434440,127
2018-04-27,45.0677,46.4635,44.8106,46.2842,3015830,126
2018-05-02,45.9125,46.2798,44.076,45.9168,5204200,125
2018-05-03,45.1779,46.3165,44.8106,45.1822,4728270,123
2018-05-04,44.6637,45.9492,44.076,45.7332,3214170,124.5
2018-05-07,45.3616,45.9125,45.3616,45.7699,1059820,124.6
2018-05-08,45.7656,45.8758,45.2514,45.5128,1263540,123.9
2018-05-09,45.031,45.2514,44.7371,45.1454,1685960,122.9
2018-05-10,45.1044,45.1044,44.076,44.2638,1783310,120.5
2018-05-11,44.1127,45.5452,43.7087,45.5495,1349320,124
2018-05-14,45.9125,48.4836,45.9125,48.4882,2365670,132
2018-05-15,49.1815,49.512,48.4836,48.4882,1713520,132
2018-05-16,48.4836,48.4836,47.0144,47.7535,879210,130
2018-05-17,47.749,47.749,44.9943,45.1822,1772650,123
2018-05-18,44.8106,45.9125,44.2597,45.1822,1523270,123
2018-05-21,45.1779,45.1779,42.0191,42.0231,2255860,114.4
2018-05-22,40.6968,41.8722,39.0807,39.0844,2590430,106.4
2018-05-23,37.134,39.044,36.3627,37.8355,2360420,103
2018-05-24,37.8319,38.5665,37.1708,38.2396,3032350,104.1
2018-05-25,38.2359,40.6234,36.73,39.3048,2656380,107
2018-05-28,37.7584,40.7703,37.6483,40.7742,3154610,111
2018-05-29,39.044,40.954,38.9705,40.4068,1698700,110
2018-05-30,40.4397,41.6886,38.8971,40.7742,1827510,111
2018-05-31,41.0641,42.9741,40.0357,42.6108,5567040,116
2018-06-01,42.3864,44.076,41.8722,43.7128,4227700,119
2018-06-04,43.7087,44.1127,43.5251,44.0802,901540,120
2018-06-05,44.076,44.9943,43.5618,44.4842,996780,121.1
2018-06-06,44.076,45.6921,43.2312,45.5862,2053160,124.1
2018-06-07,45.8758,46.0594,45.2514,45.623,1475370,124.2
2018-06-08,45.2514,45.839,44.8106,45.623,902860,124.2
2018-06-11,45.5452,45.9492,44.9943,45.6597,1434380,124.3
2018-06-12,44.076,45.7656,44.076,45.6964,2086270,124.4
2018-06-13,44.8106,47.0144,44.8106,47.0189,1823230,128
2018-06-14,47.3082,47.3082,45.9125,46.2842,1578250,126
2018-06-15,46.2798,46.5736,45.3616,45.3658,4770820,123.5
2018-06-18,45.3616,46.2431,44.9943,45.3291,1411490,123.4
2018-06-19,44.627,45.3248,42.9741,45.1822,2024310,123
2018-06-20,45.1779,45.9125,44.8106,45.9168,872130,125
2018-06-21,45.9125,46.0962,44.8841,45.5495,1700320,124
2018-06-22,45.8758,45.8758,45.1044,45.1087,461620,122.8
2018-06-25,45.9125,45.9125,45.1779,45.4393,562650,123.7
2018-06-26,44.4433,45.5085,44.2597,45.4026,762320,123.6
2018-06-27,45.3983,46.2063,45.1779,45.9903,1177710,125.2
2018-06-28,46.6725,49.2062,46.6725,47.7838,1193310,107.5
2018-06-29,46.717,47.9171,46.717,47.7838,2967850,107.5
2018-07-02,47.117,48.2283,47.117,47.6504,953200,107.2
2018-07-03,47.117,47.5615,44.3167,44.3167,3208300,99.7
2018-07-04,44.2278,47.2059,43.1165,46.6725,1971010,105
2018-07-05,46.228,47.6949,45.7835,47.3393,1420080,106.5
2018-07-06,46.2725,47.5171,45.2501,47.2059,1431620,106.2
2018-07-09,47.117,47.6949,46.4503,46.6725,701990,105
2018-07-10,46.6725,47.3393,45.5613,45.7835,795030,103
2018-07-11,44.8945,46.4503,44.45,46.4503,840120,104.5
2018-07-12,45.7835,46.6281,44.8945,45.7835,357710,103
2018-07-13,46.3169,46.3169,45.339,45.7835,564040,103
2018-07-16,46.0058,46.0058,44.8945,45.5613,1073340,102.5
2018-07-17,44.8945,46.2725,44.45,46.228,1207830,104
2018-07-18,45.5613,46.6725,45.5613,46.6725,1918790,105
2018-07-19,46.6725,46.6725,45.7835,46.6725,2857260,105
2018-07-20,46.0502,46.6725,46.0058,46.0502,2187590,103.6
2018-07-23,46.228,47.3393,45.9169,46.228,1255810,104
2018-07-24,46.228,46.9392,46.228,46.4503,1493670,104.5
2018-07-25,46.4503,46.8503,46.2725,46.4058,755570,104.4
2018-07-26,46.8059,47.117,46.4058,47.117,1297470,106
2018-07-27,47.5615,47.8282,46.9837,47.2948,1187590,106.4
2018-07-30,47.5171,47.5171,46.9392,47.2948,1158200,106.4
2018-07-31,47.117,47.7838,46.717,47.2948,1902890,106.4
2018-08-01,47.2504,47.7838,47.2504,47.3393,1267370,106.5
2018-08-02,47.3393,47.7393,47.2059,47.4282,1629230,106.7
2018-08-03,47.6504,50.0952,47.4726,49.5618,2531090,111.5
2018-08-06,49.784,50.1841,48.7617,49.5618,3669840,111.5
2018-08-07,49.3284,49.5506,48.8396,49.0283,1103740,110.3
2018-08-08,48.7617,49.2951,48.2727,48.3616,1617710,108.8
2018-08-09,47.7838,48.3172,46.228,46.3169,2819240,104.2
2018-08-10,46.228,47.0281,44.8945,46.3169,1885210,104.2
2018-08-13,46.0058,46.228,45.0723,45.6946,1730190,102.8
2018-08-14,45.6843,46.4842,45.2399,45.9168,1167680,103.3
2018-08-15,45.9169,46.3614,45.2946,45.2946,644810,101.9
2018-08-16,44.4844,45.8176,44.4844,45.3834,1225510,102.1
2018-08-17,45.3835,45.9169,45.3835,45.4724,449530,102.3
2018-08-20,45.339,45.8724,45.339,45.6057,1000000,102.6
2018-08-21,45.5613,45.828,45.339,45.828,1041910,103.1
2018-08-22,46.0058,46.2725,45.828,46.0502,795470,103.6
2018-08-23,46.228,47.0726,46.228,46.4947,1808380,104.6
2018-08-24,46.4947,46.717,46.1391,46.228,1261290,104
2018-08-27,46.2725,46.6725,46.1391,46.3169,839360,104.2
2018-08-28,46.0502,46.4503,46.0058,46.3169,617620,104.2
2018-08-29,46.3169,46.3169,45.7835,45.7835,533720,103
2018-08-30,45.7835,46.0058,45.5613,45.9613,1172570,103.4
2018-08-31,45.9169,45.9613,45.1168,45.9613,1811230,103.4
2018-09-04,45.951,45.951,45.3288,45.3834,343190,102.1
2018-09-05,45.3835,45.6946,45.1168,45.1168,610500,101.5
2018-09-06,44.939,45.1168,43.561,43.561,918940,98
2018-09-07,42.7165,44.0055,42.7165,43.2054,698830,97.2
2018-09-10,43.561,44.4056,43.161,44.1389,896450,99.3
2018-09-11,43.7833,45.339,43.7833,44.9834,726370,101.2
2018-09-12,44.9834,45.7835,44.939,45.0723,629760,101.4
2018-09-13,45.0622,45.3288,44.44,44.5833,422540,100.3
2018-09-14,44.5834,45.1168,44.3167,44.8945,614370,101
2018-09-17,44.8056,45.0279,43.9611,44.0055,465650,99
2018-09-18,43.561,44.2722,43.561,44.2722,613160,99.6
2018-09-19,44.2722,44.4945,43.7833,43.8277,416470,98.6
2018-09-20,43.6499,44.2278,43.6499,43.7833,449420,98.5
2018-09-21,43.7833,44.1389,43.7388,43.8277,1584980,98.6
2018-09-24,43.8277,44.5834,43.8277,44.2722,323610,99.6
2018-09-25,44.2278,44.2722,44.0944,44.2278,426720,99.5
2018-09-26,44.0944,44.1389,44.0055,44.0055,505180,99
2018-09-27,43.8277,44.0944,43.7833,43.8277,497460,98.6
2018-09-28,43.8277,43.8277,43.6055,43.6944,857910,98.3
2018-10-01,44.4056,45.5613,43.7833,43.7833,1269410,98.5
2018-10-02,44.4056,45.339,44.3167,45.339,1206840,102
2018-10-03,45.7835,46.1836,45.2501,45.4279,860380,102.2
2018-10-04,45.3835,45.4279,44.7167,44.7167,635150,100.6
2018-10-05,44.4056,44.6278,43.6944,43.7833,1868060,98.5
2018-10-08,43.3832,43.6944,42.8498,42.9387,1766100,96.6
2018-10-09,42.9387,43.2499,42.7165,42.9387,944590,96.6
2018-10-10,42.9387,43.4277,42.8943,42.9387,1213420,96.6
2018-10-11,41.3385,41.9608,39.9606,41.3385,3276160,93
2018-10-12,41.3385,43.3388,41.2496,42.672,1735640,96
2018-10-15,42.672,42.9832,41.783,42.4498,720500,95.5
2018-10-16,42.2275,43.8277,41.8719,43.8277,1290720,98.6
2018-10-17,44.0055,44.2722,43.6499,44.0055,1310430,99
2018-10-18,43.7734,44.0845,43.5512,44.0499,896140,99.1
2018-10-19,42.8846,44.04,42.8846,44.0499,915870,99.1
2018-10-22,43.5956,44.2622,43.1512,44.0499,536930,99.1
2018-10-23,43.6055,44.0055,42.8943,44.0055,608750,99
2018-10-24,43.561,44.2278,43.3388,43.9166,681290,98.8
2018-10-25,42.9832,43.6499,42.0497,43.0276,404050,96.8
2018-10-26,42.7609,43.561,42.5387,42.8498,653110,96.4
2018-10-29,42.4498,43.4277,42.2275,43.2054,643700,97.2
2018-10-30,42.4498,43.2499,42.4498,42.9387,452080,96.6
2018-10-31,42.4942,43.2054,42.4942,43.2054,582470,97.2
2018-11-01,42.8943,43.0276,42.2275,42.4498,1225020,95.5
2018-11-02,42.4942,42.9832,42.4498,42.672,1484060,96
2018-11-05,42.672,42.8943,42.272,42.672,664130,96
2018-11-06,42.672,42.8943,42.4053,42.5831,597170,95.8
2018-11-07,42.8054,42.8054,41.9164,42.672,608180,96
2018-11-08,42.672,42.9387,42.5831,42.672,383030,96
2018-11-09,42.2275,42.672,42.2275,42.6276,602570,95.9
2018-11-12,42.5831,42.672,42.4498,42.6276,720990,95.9
2018-11-13,42.1291,42.218,41.4625,41.4718,598800,93.3
2018-11-14,41.6052,42.272,41.5163,42.0942,450950,94.7
2018-11-15,42.0942,42.0942,40.4051,40.7607,689540,91.7
2018-11-16,40.7607,41.1163,39.9161,40.0495,895700,90.1
2018-11-19,40.0495,42.8498,40.0495,42.8498,1553130,96.4
2018-11-20,42.0942,43.2054,42.0942,43.2054,1470120,97.2
2018-11-21,43.1165,43.2499,42.2275,43.2499,1609020,97.3
2018-11-22,43.2054,43.561,42.8943,43.561,1345610,98
2018-11-23,43.9166,44.0055,43.1165,44.0055,1055870,99
2018-11-26,44.0055,44.6723,43.561,44.6723,642520,100.5
2018-11-27,44.6723,45.8724,44.6723,45.1168,467400,101.5
2018-11-28,45.1168,45.339,44.8056,45.339,577600,102
2018-11-29,45.5613,45.7835,45.2057,45.339,367130,102
2018-11-30,44.8945,45.339,43.3388,45.2057,1024240,101.7
2018-12-03,45.2501,45.7835,45.0279,45.2946,262710,101.9
2018-12-04,45.5168,45.5168,45.1612,45.339,966490,102
2018-12-05,45.2844,45.4177,44.8844,45.3834,461240,102.1
2018-12-06,45.3732,45.4177,44.9288,45.3834,251610,102.1
2018-12-07,45.3835,45.4279,45.1168,45.4279,460960,102.2
2018-12-10,45.3288,45.4177,44.9288,45.3834,806730,102.1
2018-12-11,45.3835,45.4279,45.0723,45.4279,457470,102.2
2018-12-12,45.4279,45.5168,45.339,45.4279,403320,102.2
2018-12-13,45.5613,46.1836,45.2501,45.6946,488820,102.8
2018-12-14,45.4279,45.7835,45.1612,45.6502,234660,102.7
2018-12-17,45.339,45.6502,45.2946,45.5613,205950,102.5
2018-12-18,45.2501,45.339,44.45,45.339,531470,102
2018-12-19,45.339,45.4724,44.6723,45.339,506600,102
2018-12-20,44.8945,45.339,44.8056,45.2946,387370,101.9
2018-12-21,44.6723,45.339,44.45,45.339,791040,102
2018-12-24,45.339,45.4279,45.0279,45.339,216960,102
2018-12-25,44.4945,45.2946,44.4945,45.2946,293610,101.9
2018-12-26,44.8945,45.2946,44.8945,45.2946,367750,101.9
2018-12-27,44.8945,45.7391,44.8945,45.5168,690680,102.4
2018-12-28,45.9169,45.9613,42.3609,42.3609,381320,95.3
2019-01-02,44.6278,45.0279,43.3388,44.6278,602450,100.4
2019-01-03,44.44,44.5733,43.6401,44.5833,496950,100.3
2019-01-04,44.45,44.7612,43.561,44.7167,458000,100.6
2019-01-07,44.8501,45.7835,44.4056,44.8945,589150,101
2019-01-08,45.339,45.339,44.3167,44.8945,494300,101
2019-01-09,44.8945,45.2946,44.0055,45.1168,659210,101.5
2019-01-10,44.9834,45.1168,44.45,45.0723,551980,101.4
2019-01-11,44.8945,45.0723,44.4945,45.0723,569030,101.4
2019-01-14,45.0279,45.2946,44.5389,45.0723,562930,101.4
2019-01-15,45.0723,45.1168,44.6278,45.1168,711450,101.5
2019-01-16,45.339,45.3835,44.8056,45.339,518160,102
2019-01-17,45.339,45.4279,44.7612,45.339,325130,102
2019-01-18,45.1168,45.4279,44.8501,45.4279,498290,102.2
2019-01-21,45.4279,45.5168,45.0279,45.5168,404250,102.4
2019-01-22,45.5168,45.5168,45.1168,45.5168,258070,102.4
2019-01-23,45.339,46.0947,45.339,45.6057,299570,102.6
2019-01-24,45.5613,45.7391,45.4279,45.6946,184720,102.8
2019-01-25,45.6946,46.0058,45.4279,45.7391,306670,102.9
2019-01-28,45.7391,46.0947,45.6057,46.0947,381260,103.7
2019-01-29,46.6281,46.6281,45.7835,46.1836,225310,103.9
2019-01-30,46.1836,46.228,45.7391,46.1836,370040,103.9
2019-01-31,46.228,46.4503,45.5613,46.1836,651020,103.9
2019-02-01,46.1391,46.1391,43.9166,43.9166,2095840,98.8
2019-02-11,45.2501,46.228,44.9834,46.228,527310,104
2019-02-12,46.6176,48.484,46.2176,48.4949,769110,109.1
2019-02-13,48.006,48.5839,47.6504,48.4505,822040,109
2019-02-14,48.4505,50.2285,48.4505,50.1841,995310,112.9
2019-02-15,50.2285,50.2285,49.784,49.784,670900,112
2019-02-18,50.0063,50.5397,49.6507,50.5397,829150,113.7
2019-02-19,50.4508,51.8287,50.4508,51.562,1002020,116
2019-02-20,51.2064,51.9621,51.2064,51.7843,678800,116.5
2019-02-21,51.7843,52.6288,51.6954,52.6288,1162700,118.4
2019-02-22,52.451,52.6288,51.8287,52.0065,720970,117
2019-02-25,52.0065,52.4066,51.5176,51.6954,624890,116.3
2019-02-26,51.562,51.8287,50.4508,51.3398,792710,115.5
2019-02-27,51.3398,52.4066,51.3398,52.1843,824620,117.4
2019-02-28,52.0065,52.1843,50.273,50.673,1132410,114
2019-03-01,50.673,52.0065,50.673,51.162,739260,115.1
2019-03-04,51.8732,52.2732,51.4731,52.1843,660550,117.4
2019-03-05,52.1843,52.3621,51.9621,52.1399,706060,117.3
2019-03-06,52.3177,52.3177,52.051,52.3177,377280,117.7
2019-03-07,52.9844,54.4513,52.3621,52.9844,1797980,119.2
2019-03-08,52.8955,53.1622,52.4955,52.4955,845280,118.1
2019-03-11,52.0065,52.5844,52.0065,52.5844,429390,118.3
2019-03-12,52.8955,53.0733,52.5399,52.7177,902200,118.6
2019-03-13,52.6733,53.34,52.0065,52.2288,1262350,117.5
2019-03-14,51.7843,52.8066,51.3842,52.8066,1155340,118.8
2019-03-15,53.0289,53.0289,52.4066,52.7622,1704580,118.7
2019-03-18,53.34,53.9179,52.94,53.9179,1114570,121.3
2019-03-19,53.9179,54.4068,53.6512,53.7845,1190080,121
2019-03-20,53.7845,53.7845,52.94,53.4289,780190,120.2
2019-03-21,53.34,53.4734,52.0065,52.0065,1208480,117
2019-03-22,52.0065,52.8511,52.0065,52.7177,1114660,118.6
2019-03-25,52.0065,52.1399,51.1175,51.2064,886800,115.2
2019-03-26,51.3398,51.9176,50.2285,50.5397,846570,113.7
2019-03-27,51.1175,51.5176,50.6286,50.6286,772080,113.9
2019-03-28,50.6286,51.5176,50.6286,51.5176,561880,115.9
2019-03-29,51.5176,51.9176,51.5176,51.5176,1099970,115.9
2019-04-01,51.7398,51.7843,51.4731,51.7843,828430,116.5
2019-04-02,51.9621,52.0954,51.6509,51.6954,1036350,116.3
2019-04-03,51.3398,51.562,50.8953,51.0731,464270,114.9
2019-04-04,51.162,51.4731,50.7175,51.162,383730,115.1
2019-04-05,51.2509,51.2953,50.9397,51.162,235790,115.1
2019-04-08,51.2064,51.4731,51.0286,51.3398,435190,115.5
2019-04-09,51.562,51.562,50.1396,50.2285,1156710,113
2019-04-10,50.2285,50.673,49.2951,49.6951,696000,111.8
2019-04-11,49.6951,51.1175,49.6951,51.1175,350810,115
2019-04-12,51.1175,51.1175,50.2285,50.3174,551990,113.2
2019-04-16,48.6728,50.273,48.006,50.273,1231190,113.1
2019-04-17,49.4729,50.2285,48.895,48.895,960220,110
2019-04-18,48.6728,48.895,46.6725,48.4505,891240,109
2019-04-19,48.895,49.1617,48.0949,48.9395,414050,110.1
2019-04-22,48.4505,49.7396,47.5615,49.7396,794060,111.9
2019-04-23,49.7396,50.2285,49.3395,50.2285,534660,113
2019-04-24,50.2285,50.673,49.8285,50.5841,447820,113.8
2019-04-25,50.5841,50.5841,49.784,50.4952,503490,113.6
2019-04-26,49.784,50.5397,49.784,50.5397,826050,113.7
2019-05-02,50.5841,50.6286,50.2285,50.4952,190970,113.6
2019-05-03,50.5397,50.5397,49.8285,50.0063,705500,112.5
2019-05-06,49.784,49.9174,48.9839,49.8729,290580,112.2
2019-05-07,49.8729,50.3619,49.3395,50.0507,421350,112.6
2019-05-08,49.5618,50.0952,49.5173,50.0507,348500,112.6
2019-05-09,50.0952,50.0952,49.6062,50.0507,314140,112.6
2019-05-10,50.0507,50.2285,49.8729,50.0952,289160,112.7
2019-05-13,49.7396,50.1841,49.6507,50.1841,439200,112.9
2019-05-14,49.784,50.4508,49.7396,50.4508,539280,113.5
2019-05-15,50.4508,51.6509,50.4063,51.2509,456790,115.3
2019-05-16,51.2509,52.8511,51.2509,51.9621,773010,116.9
2019-05-17,52.0065,52.4955,51.6065,51.9621,464260,116.9
2019-05-20,52.0065,52.2288,51.6065,52.2288,406340,117.5
2019-05-21,52.7622,52.7622,51.6954,52.2288,708620,117.5
2019-05-22,52.2288,52.4955,51.562,52.2288,382330,117.5
2019-05-23,52.0065,52.2732,51.6509,52.0065,249830,117
2019-05-24,51.3398,51.6509,50.8064,51.1175,628560,115
2019-05-27,50.673,51.5176,50.673,51.1175,166080,115
2019-05-28,51.562,51.562,50.673,50.673,503270,114
2019-05-29,51.0731,51.2953,50.673,51.2064,357950,115.2
2019-05-30,51.2064,51.6509,51.1175,51.1175,572810,115
2019-05-31,51.4731,51.4731,50.9397,50.9397,296610,114.6
2019-06-03,50.673,51.3398,50.2285,50.8953,281510,114.5
2019-06-04,50.4952,51.2953,50.4952,50.9397,262740,114.6
2019-06-05,51.1175,51.5176,51.1175,51.5176,244400,115.9
2019-06-06,51.5176,51.5176,50.8508,51.5176,167500,115.9
2019-06-07,51.8287,52.0065,51.6065,52.0065,286940,117
2019-06-10,52.0954,52.7622,52.0954,52.2732,955890,117.6
2019-06-11,52.2732,52.3621,52.0065,52.0065,308910,117
2019-06-12,52.0065,52.2288,51.562,51.562,258350,116
2019-06-13,51.2064,51.5176,51.2064,51.3398,267940,115.5
2019-06-14,51.562,51.562,50.8064,51.3398,350180,115.5
2019-06-17,51.5176,51.7843,50.5841,50.8953,415390,114.5
2019-06-18,50.9842,51.1175,50.5841,50.673,433860,114
2019-06-19,51.5176,51.5176,50.8953,51.5176,135220,115.9
2019-06-20,51.6509,52.051,51.3842,51.562,317480,116
2019-06-21,50.8953,51.9176,50.8953,50.8953,594210,114.5
2019-06-24,51.1175,51.8287,51.1175,51.7398,228390,116.4
2019-06-25,51.7843,52.0954,51.6954,51.7398,510700,116.4
2019-06-26,51.9621,52.0065,51.562,51.9621,515020,116.9
2019-06-27,51.0731,52.0065,51.0731,51.0731,398280,114.9
2019-06-28,51.4287,51.5176,50.5397,51.4287,468590,115.7
2019-07-01,52.0954,52.0954,51.6065,52.0954,562110,117.2
2019-07-02,51.4731,52.1399,51.4731,51.4731,268150,115.8
2019-07-03,51.3398,51.562,50.8064,51.2953,260170,115.4
2019-07-04,51.3398,51.7843,51.1175,51.7843,265260,116.5
2019-07-05,51.562,51.9176,51.4731,51.8732,307400,116.7
2019-07-08,51.7843,51.8732,51.4731,51.562,285840,116
2019-07-09,51.562,51.6065,51.2064,51.562,187330,116
2019-07-10,52.0065,52.2288,51.7843,51.9176,377060,116.8
2019-07-11,52.1399,52.2288,51.3842,51.7843,363380,116.5
2019-07-12,51.9621,52.0065,51.562,51.562,169920,116
2019-07-15,51.9621,51.6509,50.5841,50.7619,514900,114.2
2019-07-16,51.1175,51.7843,50.7619,51.5176,473360,115.9
2019-07-17,51.562,51.6954,51.1175,51.3398,213640,115.5
2019-07-18,51.1175,51.5176,51.0286,51.0286,454560,114.8
2019-07-19,51.1175,51.562,51.0286,51.562,476260,116
2019-07-22,51.562,51.7843,51.1175,51.7843,395900,116.5
2019-07-23,51.7843,53.4734,51.7843,53.2511,1502160,119.8
2019-07-24,53.5623,54.3179,53.4289,54.229,661870,122
2019-07-25,53.6067,55.607,53.6067,54.7624,740440,123.2
2019-07-26,54.5402,54.8069,54.0512,54.2735,416560,122.1
2019-07-29,54.6735,55.2958,54.2735,55.2958,566870,124.4
2019-07-30,55.2958,55.5625,54.229,54.4513,366670,122.5
2019-07-31,54.4513,54.7624,53.4289,54.229,406490,122
2019-08-01,54.6735,55.3403,54.4513,55.2958,365850,124.4
2019-08-02,54.229,54.718,54.1846,54.4513,483120,122.5
2019-08-05,54.2735,54.2735,52.451,52.451,760020,118
2019-08-06,51.562,53.2511,51.3398,53.2511,441590,119.8
2019-08-07,51.562,53.4289,52.2732,52.451,345950,118
2019-08-08,52.451,54.4513,52.451,54.229,545170,122
2019-08-09,54.229,54.4513,53.4289,53.4289,400990,120.2
2019-08-12,53.4289,53.8734,53.34,53.34,107460,120
2019-08-13,53.2956,53.34,52.451,52.4955,310330,118.1
2019-08-14,53.1178,53.34,52.5399,52.7177,302420,118.6
2019-08-15,52.0065,53.7845,52.0065,53.7845,327120,121
2019-08-16,53.1622,54.3624,53.1622,54.229,347380,122
2019-08-19,54.4513,54.4513,54.0068,54.1846,211950,121.9
2019-08-20,54.1846,54.4513,53.7845,53.7845,206540,121
2019-08-21,53.7845,54.4513,53.7845,54.4068,252820,122.4
2019-08-22,54.6735,56.2293,54.5402,56.0515,671970,126.1
2019-08-23,56.0515,56.0515,55.3847,55.5625,513250,125
2019-08-26,55.5625,55.5625,54.8513,55.4736,355930,124.8
2019-08-27,55.5181,55.8737,54.4513,54.4513,397260,122.5
2019-08-28,54.3179,54.8958,54.1846,54.229,242730,122
2019-08-29,54.8958,54.8958,53.829,54.4513,350460,122.5
2019-08-30,54.8958,55.0736,54.229,54.8958,220710,123.5
2019-09-03,54.8958,55.2958,54.3179,54.6735,174400,123
2019-09-04,54.6735,54.8958,54.0957,54.4068,385500,122.4
2019-09-05,54.6291,54.8513,54.229,54.229,303110,122
2019-09-06,54.229,54.6735,53.7845,53.829,280330,121.1
2019-09-09,54.1846,54.5846,53.829,54.4957,165730,122.6
2019-09-10,54.6735,54.7624,54.229,54.229,247180,122
2019-09-11,54.229,54.5846,53.7845,54.0068,176620,121.5
2019-09-12,54.0068,54.2735,53.9179,54.0068,188180,121.5
2019-09-13,54.2735,54.6291,53.6956,54.4068,278500,122.4
2019-09-16,54.229,55.4292,54.229,54.5846,330670,122.8
2019-09-17,54.2735,55.0291,54.229,54.5846,416830,122.8
2019-09-18,54.4513,54.5846,54.2735,54.3179,181830,122.2
2019-09-19,54.4513,54.5846,53.9623,54.0068,345240,121.5
2019-09-20,53.9623,54.1846,53.0733,53.0733,1827050,119.4
2019-09-23,53.1178,53.5178,52.8511,52.8955,478830,119
2019-09-24,52.8955,53.5178,52.8955,53.3845,258080,120.1
2019-09-25,53.3845,53.4734,52.8955,53.2067,256590,119.7
2019-09-26,53.34,53.34,52.8066,52.8955,334000,119
2019-09-27,52.8955,53.4734,52.8066,53.2511,264300,119.8
2019-09-30,53.34,53.8734,53.1622,53.2511,308680,119.8
2019-10-01,53.5623,53.7401,53.2067,53.2956,151960,119.9
2019-10-02,53.2956,53.5623,52.451,52.451,545260,118
2019-10-03,52.0954,52.451,52.051,52.451,650460,118
2019-10-04,52.451,52.7622,52.3177,52.451,249050,118
2019-10-07,52.451,52.4955,51.7843,52.0065,467120,117
2019-10-08,52.451,52.1399,51.7398,52.051,353740,117.1
2019-10-09,51.9621,52.5844,51.8732,52.0065,221530,117
2019-10-10,52.2288,52.3177,51.9176,51.9621,273470,116.9
2019-10-11,52.2288,52.451,51.8732,52.451,328950,118
2019-10-14,52.6733,53.2511,52.2288,52.451,358150,118
2019-10-15,52.451,53.0289,52.451,52.6288,222070,118.4
2019-10-16,52.451,52.8955,52.3177,52.451,224670,118
2019-10-17,52.4066,52.6733,51.9621,52.0065,479110,117
2019-10-18,52.0065,52.0065,51.7843,52.0065,261460,117
2019-10-21,52.0065,52.5844,51.562,51.9621,205580,116.9
2019-10-22,52.451,52.451,51.9176,51.9176,175690,116.8
2019-10-23,51.9176,52.2288,51.9176,52.051,130200,117.1
2019-10-24,52.051,52.0954,51.7843,52.0954,396910,117.2
2019-10-25,52.0065,52.1843,51.8732,52.0954,293710,117.2
2019-10-28,52.0065,52.4955,51.8732,52.3177,268360,117.7
2019-10-29,52.3177,52.4066,52.1843,52.3621,187020,117.8
2019-10-30,52.451,53.2956,52.3621,53.1622,600930,119.6
2019-10-31,53.34,53.5178,52.8955,52.8955,840720,119
2019-11-01,53.34,54.4513,53.1178,54.4513,749070,122.5
2019-11-04,54.4513,54.4513,53.6512,54.0957,309680,121.7
2019-11-05,53.7845,54.229,53.7401,54.0068,260520,121.5
2019-11-06,54.0068,54.4513,53.7845,54.1846,517800,121.9
2019-11-07,54.229,54.3624,53.6956,53.6956,246740,120.8
2019-11-08,54.0512,54.0512,53.34,53.5623,492950,120.5
2019-11-11,53.5623,53.5623,52.8511,52.8511,281300,118.9
2019-11-12,52.8511,53.2956,52.7177,53.0733,158520,119.4
2019-11-13,52.8511,53.0733,52.6288,52.8955,323490,119
2019-11-14,52.8955,53.2511,52.8066,53.0289,250100,119.3
2019-11-15,52.9844,53.6956,52.8066,53.1622,238410,119.6
2019-11-18,53.2511,53.2511,52.4066,52.4955,267820,118.1
2019-11-19,52.451,52.5399,51.9176,52.051,491510,117.1
2019-11-20,52.0954,52.0954,51.562,51.562,705410,116
2019-11-21,52.0065,52.0065,50.5841,51.2509,1567980,115.3
2019-11-22,51.6509,51.9621,51.2509,51.6509,308940,116.2
2019-11-25,51.6509,51.6509,51.3398,51.562,234180,116
2019-11-26,51.562,51.562,51.162,51.2064,1027110,115.2
2019-11-27,51.2064,51.6954,51.162,51.3842,304630,115.6
2019-11-28,51.162,51.562,50.8064,51.4287,232980,115.7
2019-11-29,51.4287,51.6065,50.8953,51.4287,205040,115.7
2019-12-02,51.3398,51.6954,50.5841,51.1175,300040,115
2019-12-03,51.1175,51.6954,50.7619,51.1175,300130,115
2019-12-04,50.7619,51.3398,50.7619,51.3398,179900,115.5
2019-12-05,51.562,51.6065,51.3398,51.4731,167250,115.8
2019-12-06,51.562,51.6954,51.2953,51.5176,144740,115.9
2019-12-09,51.4731,51.5176,51.1175,51.5176,188330,115.9
2019-12-10,51.3398,51.5176,50.4952,51.5176,575810,115.9
2019-12-11,51.5176,51.5176,50.8953,51.5176,301370,115.9
2019-12-12,51.562,51.562,51.2064,51.562,334050,116
2019-12-13,51.4731,51.562,51.0731,51.562,295370,116
2019-12-16,51.562,51.562,51.0286,51.4731,377010,115.8
2019-12-17,51.4731,51.4731,50.8953,51.4731,273030,115.8
2019-12-18,51.1175,51.5176,50.8953,51.4731,847090,115.8
2019-12-19,51.1175,51.562,50.673,51.4731,974360,115.8
2019-12-20,51.4731,51.4731,50.9842,51.4731,839200,115.8
2019-12-23,51.4731,51.4731,50.8064,51.4287,591380,115.7
2019-12-24,51.3842,51.3842,50.8064,51.3398,449960,115.5
2019-12-25,51.2509,51.3398,50.8064,51.3398,348350,115.5
2019-12-26,51.2509,51.4287,50.8508,51.2953,507390,115.4
2019-12-27,51.2953,51.2953,50.673,51.2064,564070,115.2
2019-12-30,50.8953,51.1175,50.7619,51.1175,504080,115
2019-12-31,51.1175,51.1175,50.7175,51.1175,614630,115
2020-01-02,51.0731,51.1175,50.673,51.1175,440280,115
2020-01-03,51.1175,51.2509,50.8064,51.2509,248940,115.3
2020-01-06,51.1175,51.1175,50.8508,50.8953,301910,114.5
2020-01-07,50.8953,51.1175,50.8064,50.9842,183910,114.7
2020-01-08,50.8953,50.9842,50.4952,50.8064,468910,114.3
2020-01-09,50.8064,51.162,50.7619,50.9842,273870,114.7
2020-01-10,51.1175,51.1175,50.9842,51.0286,159120,114.8
2020-01-13,50.9842,51.162,50.8953,51.0731,146680,114.9
2020-01-14,51.0731,51.162,50.8064,51.1175,101150,115
2020-01-15,51.1175,51.1175,50.8064,51.1175,205600,115
2020-01-16,51.1175,51.162,50.8064,51.1175,186740,115
2020-01-17,51.0731,51.162,50.8508,51.0731,169100,114.9
2020-01-20,51.0731,51.0731,50.8064,51.0731,370670,114.9
2020-01-21,50.8064,51.1175,50.8064,51.0731,181510,114.9
2020-01-22,51.0731,51.0731,50.7619,51.0731,371780,114.9
2020-01-30,50.7175,51.0731,49.8285,51.0731,682720,114.9
2020-01-31,51.0731,51.0731,50.4952,51.0286,831740,114.8
2020-02-03,51.0286,51.0286,49.9174,51.0286,760420,114.8
2020-02-04,50.4952,51.0286,49.6951,51.0286,1485500,114.8
2020-02-05,51.0286,51.0286,50.2285,50.8953,468420,114.5
2020-02-06,50.8508,50.9842,50.1396,50.8508,676290,114.4
2020-02-07,50.673,50.8508,49.784,50.8508,1295520,114.4
2020-02-10,50.2285,50.7175,50.2285,50.5397,192700,113.7
2020-02-11,50.4508,50.7619,50.2285,50.4063,290630,113.4
2020-02-12,50.4063,50.4063,49.784,49.784,452790,112
2020-02-13,49.5618,50.0952,49.5173,49.9618,285340,112.4
2020-02-14,49.9174,50.0507,48.895,48.895,252390,110
2020-02-17,48.895,48.895,46.6725,48.006,742220,108
2020-02-18,47.5615,47.5615,46.228,46.4503,791870,104.5
2020-02-19,46.0058,47.5615,46.0058,46.6725,875320,105
2020-02-20,47.117,48.895,46.6725,48.895,353570,110
2020-02-21,48.2727,48.895,47.9171,48.8506,309060,109.9
2020-02-24,47.606,48.006,46.8948,47.6949,1428650,107.3
2020-02-25,47.4282,47.6949,47.0726,47.5615,543820,107
2020-02-26,46.228,47.3837,46.228,47.0726,625410,105.9
2020-02-27,47.0281,47.117,46.2725,46.9392,740420,105.6
2020-02-28,46.6725,46.8503,45.7835,46.8503,870840,105.4
2020-03-02,46.228,46.8503,45.6502,46.8503,742130,105.4
2020-03-03,46.717,46.9392,46.4503,46.8948,557950,105.5
2020-03-04,46.4947,46.8948,46.0058,46.8948,443810,105.5
2020-03-05,46.717,47.0726,46.1391,46.9392,352300,105.6
2020-03-06,46.6725,46.6725,45.828,46.6725,750830,105
2020-03-09,45.1168,45.339,43.4277,43.4277,966890,97.7
2020-03-10,41.3385,44.0944,40.5384,43.4277,825490,97.7
2020-03-11,43.561,43.561,40.494,43.1165,1049580,97
2020-03-12,40.4495,41.0274,40.1384,40.8051,1896270,91.8
2020-03-13,38.227,41.1163,37.9603,41.1163,1226880,92.5
2020-03-16,40.894,41.1163,38.4937,41.1163,971340,92.5
2020-03-17,39.3383,41.0274,38.9382,39.3383,681330,88.5
2020-03-18,39.0716,40.005,38.4493,39.5605,785390,89
2020-03-19,38.6271,39.4272,36.938,39.4272,1103680,88.7
2020-03-20,39.4272,39.4272,36.6713,36.6713,1083480,82.5
2020-03-23,34.671,34.8044,34.1376,34.1376,678160,76.8
2020-03-24,31.9151,33.3375,31.7818,31.7818,1474050,71.5
2020-03-25,31.7818,34.0043,30.226,34.0043,1401570,76.5
2020-03-26,34.4932,36.3601,33.6042,36.3601,1242250,81.8
2020-03-27,36.449,38.8493,35.3378,38.5826,1149310,86.8
2020-03-30,35.9156,36.449,35.9156,36.1823,881240,81.4
2020-03-31,36.1823,38.6715,35.7378,37.0713,1296450,83.4
2020-04-01,36.6713,38.6715,36.0045,38.227,437820,86
2020-04-03,38.227,40.4495,38.227,40.4495,1184500,91
2020-04-06,40.894,43.2499,40.5829,43.2499,2698260,97.3
2020-04-07,43.3832,44.8501,41.3385,43.2499,2855700,97.3
2020-04-08,43.1165,43.1165,41.783,41.783,760120,94
2020-04-09,41.783,43.2499,41.6941,42.672,1560610,96
2020-04-10,42.672,43.0276,41.6497,42.2275,983120,95
2020-04-13,42.5831,42.672,42.1831,42.672,1411550,96
2020-04-14,42.8943,42.8943,42.0053,42.4942,631630,95.6
2020-04-15,42.4942,42.672,42.1831,42.672,1176850,96
2020-04-16,42.672,42.672,42.0942,42.6276,845580,95.9
2020-04-17,42.3513,42.7068,39.6405,42.7164,1191510,96.1
2020-04-20,42.7165,42.8498,42.1831,42.7609,1055020,96.2
2020-04-21,42.4498,42.4498,41.1163,41.3385,892270,93
2020-04-22,40.894,41.2496,40.2273,41.1163,884070,92.5
2020-04-23,41.3385,42.1831,41.2052,41.3385,347420,93
2020-04-24,41.3385,41.7386,41.0718,41.3385,300240,93
2020-04-27,42.2275,42.2275,40.894,40.894,453720,92
2020-04-28,41.1163,41.2941,40.6718,40.894,222920,92
2020-04-29,40.8496,41.5163,40.2273,40.8496,314400,91.9
2020-05-04,40.8496,41.1163,40.005,40.8051,259550,91.8
2020-05-05,40.8051,41.3385,40.8051,41.2052,274700,92.7
2020-05-06,41.1607,42.2275,41.1163,42.2275,773570,95
2020-05-07,42.2275,42.672,41.783,42.672,617800,96
2020-05-08,42.8498,44.45,42.7165,43.3388,1683960,97.5
2020-05-11,43.3388,43.561,42.6276,43.3388,1358920,97.5
2020-05-12,43.2943,43.2943,42.2275,43.1165,770030,97
2020-05-13,42.272,42.672,40.6718,42.2275,2652530,95
2020-05-14,42.2275,42.9832,41.7386,42.672,1002810,96
2020-05-15,42.672,43.3388,42.5831,43.1165,327650,97
2020-05-18,43.1165,43.1165,42.4498,42.8943,229440,96.5
2020-05-19,43.161,43.2943,42.672,42.8943,729850,96.5
2020-05-20,42.8498,43.1165,42.7165,42.9387,254730,96.6
2020-05-21,43.1165,43.561,43.0721,43.561,674380,98
2020-05-22,43.561,43.561,42.8498,42.8498,292930,96.4
2020-05-25,42.7609,43.161,42.672,43.161,216400,97.1
2020-05-26,43.1165,43.3388,42.8498,43.0721,360000,96.9
2020-05-27,43.0721,43.5166,42.8943,43.0721,591440,96.9
2020-05-28,43.0721,43.3388,42.8054,43.1165,314790,97
2020-05-29,43.1165,43.3388,42.9387,43.1165,493500,97
2020-06-01,43.1165,43.2054,42.8943,43.2054,481490,97.2
2020-06-02,43.2054,43.2054,42.8943,42.9832,501700,96.7
2020-06-03,42.8943,43.0276,42.4498,43.0276,466430,96.8
2020-06-04,43.0276,43.0276,42.672,42.672,550740,96
2020-06-05,42.672,42.7609,42.2275,42.2275,525870,95
2020-06-08,42.3164,43.3832,42.3164,42.672,482180,96
2020-06-09,43.1165,43.1165,42.7165,42.7609,318400,96.2
2020-06-10,42.7609,42.7609,42.4053,42.4942,488490,95.6
2020-06-11,42.4942,42.7609,41.3385,41.3385,761540,93
2020-06-12,40.005,41.1163,39.9606,40.8051,875940,91.8
2020-06-15,41.3385,41.3385,39.5605,39.5605,791710,89
2020-06-16,40.6718,42.1386,39.9606,41.5163,658480,93.4
2020-06-17,41.3385,41.5163,40.2273,40.8496,380880,91.9
2020-06-18,40.8496,41.1163,40.4051,40.4495,312850,91
2020-06-19,40.4495,43.2499,40.4495,43.2499,1840100,97.3
2020-06-22,43.1165,43.1165,42.3164,43.0721,508020,96.9
2020-06-23,42.7609,42.8054,41.8719,41.8719,432630,94.2
2020-06-24,42.0053,42.272,41.783,42.0942,214320,94.7
2020-06-25,41.4719,41.9608,41.2496,41.5163,169470,93.4
2020-06-26,41.5608,41.9608,40.6718,40.6718,222240,91.5
2020-06-29,40.6718,40.8496,39.5605,39.5605,359370,89
2020-06-30,40.4495,40.4495,39.5605,39.5605,350550,89
2020-07-01,40.2273,40.6718,39.5605,40.4495,92060,91
2020-07-02,40.2717,40.494,39.7828,39.9606,420700,89.9
2020-07-03,40.4051,40.4495,39.9606,40.0939,163320,90.2
2020-07-06,40.0939,40.8496,40.0939,40.6273,284020,91.4
2020-07-07,40.6718,40.9829,40.4495,40.4495,336860,91
2020-07-08,40.3606,40.6718,40.0495,40.3606,187450,90.8
2020-07-09,40.3606,40.8051,40.3162,40.4495,399710,91
2020-07-10,40.4495,40.894,40.4495,40.6273,193330,91.4
2020-07-13,40.6718,40.7162,40.4495,40.5829,349810,91.3
2020-07-14,40.5829,40.8051,40.0939,40.5829,340990,91.3
2020-07-15,40.7607,40.7607,40.2273,40.2273,384240,90.5
2020-07-16,40.4051,41.3385,40.2717,41.3385,328050,93
2020-07-17,40.6718,40.894,40.4495,40.6718,214530,91.5
2020-07-20,40.0939,40.6273,40.0939,40.0939,222400,90.2
2020-07-21,40.5384,40.5384,40.0939,40.0939,220660,90.2
2020-07-22,40.005,40.4495,39.9161,39.9161,202110,89.8
2020-07-23,40.005,40.1384,39.7828,40.005,181680,90
2020-07-24,39.9606,40.005,37.338,39.116,674430,88
2020-07-27,37.2936,38.227,36.8491,37.7825,825080,85
2020-07-28,37.7825,38.6715,35.5156,37.8714,534300,85.2
2020-07-29,37.338,37.7825,36.8935,37.1158,379370,83.5
2020-07-30,37.1074,37.9962,37.1074,37.8269,242030,85.1
2020-07-31,37.338,40.005,37.2491,38.8938,939040,87.5
2020-08-03,37.7825,39.1605,37.7825,38.9382,164310,87.6
2020-08-04,39.4272,39.4272,38.8493,39.116,229230,88
2020-08-05,39.116,39.3383,37.6936,38.6715,434490,87
2020-08-06,39.116,39.2049,38.716,38.8938,332340,87.5
2020-08-07,38.9382,39.2049,38.8049,38.8938,182500,87.5
2020-08-10,39.116,39.9606,38.8493,39.2049,542550,88.2
2020-08-11,39.6494,39.6494,38.8938,38.8938,215330,87.5
2020-08-12,38.8938,39.3383,38.8493,38.8493,302330,87.4
2020-08-13,39.3383,39.5605,38.8938,39.116,458680,88
2020-08-14,39.116,39.5605,38.8493,38.8493,654070,87.4
2020-08-17,38.9827,39.3383,38.5826,38.9827,376200,87.7
2020-08-18,38.8049,38.9827,38.3159,38.4493,772670,86.5
2020-08-19,38.4493,38.9382,38.4493,38.4493,347140,86.5
2020-08-20,38.4937,38.7604,38.227,38.227,990220,86
2020-08-21,38.227,38.6271,38.1826,38.2715,376790,86.1
2020-08-24,38.4493,39.5605,38.4493,39.5605,1052840,89
2020-08-25,39.5605,40.8496,39.5605,40.4495,1074660,91
2020-08-26,40.3606,40.5384,40.005,40.4495,547280,91
2020-08-27,40.0495,40.4495,40.0495,40.4495,437950,91
2020-08-28,40.5829,41.0274,39.9606,39.9606,636020,89.9
2020-08-31,40.005,40.6718,40.005,40.005,276580,90
2020-09-01,40.0939,41.783,39.9606,41.2052,675310,92.7
2020-09-03,41.5608,42.4942,41.2052,42.0053,1037080,94.5
2020-09-04,42.0053,42.4498,41.4719,41.783,825960,94
2020-09-07,41.783,42.3609,40.6718,40.6718,465400,91.5
2020-09-08,40.7162,41.1163,40.2273,40.2273,622290,90.5
2020-09-09,40.1828,41.0718,39.7383,40.2273,865880,90.5
2020-09-10,40.4495,41.1163,40.2273,40.2273,421160,90.5
2020-09-11,40.005,41.0274,39.9606,40.494,411350,91.1
2020-09-14,40.5829,41.6052,40.5384,41.383,608930,93.1
2020-09-15,41.4274,42.2275,41.4274,42.2275,983560,95
2020-09-16,42.1831,42.4498,41.383,42.4498,544300,95.5
2020-09-17,41.383,42.4498,41.3385,41.783,833870,94
2020-09-18,42.2275,42.4053,41.5608,41.783,1089310,94
2020-09-21,41.783,42.672,41.783,42.672,571860,96
2020-09-22,42.672,42.7609,42.0497,42.0497,505230,94.6
2020-09-23,42.2275,42.5387,42.0053,42.0053,111830,94.5
2020-09-24,41.6941,42.4498,41.3385,41.3385,388940,93
2020-09-25,42.0053,42.1386,41.2496,41.2496,412210,92.8
2020-09-28,41.3385,41.8719,41.2496,41.2496,202840,92.8
2020-09-29,41.783,41.783,40.6718,40.6718,394490,91.5
2020-09-30,40.6718,41.5163,40.6718,40.6718,417360,91.5
2020-10-01,40.8496,41.5163,40.8496,41.1163,212510,92.5
2020-10-02,41.1163,41.783,40.894,41.783,400770,94
2020-10-05,41.7736,41.7736,40.8848,41.4718,90450,93.3
2020-10-06,41.4719,41.4719,40.8051,40.8051,521190,91.8
2020-10-07,40.6718,41.5608,40.4495,41.1163,381520,92.5
2020-10-08,40.894,41.2941,40.6718,41.0274,216990,92.3
2020-10-09,41.0274,41.6497,41.0274,41.6052,309580,93.6
2020-10-12,41.6052,41.783,41.1163,41.7386,326290,93.9
2020-10-13,41.7386,41.8275,41.5163,41.8275,271990,94.1
2020-10-14,41.8275,42.2275,41.783,42.2275,389260,95
2020-10-15,42.272,43.3388,40.4495,43.3388,1358580,97.5
2020-10-16,43.6055,43.6055,43.0721,43.3832,596590,97.6
2020-10-19,43.4721,43.5166,43.2943,43.4277,370590,97.7
2020-10-20,43.2943,43.5166,42.5831,43.4721,511250,97.8
2020-10-21,43.4721,43.5166,42.9832,43.2499,172010,97.3
2020-10-22,43.1165,44.4945,43.0276,44.4945,621610,100.1
2020-10-23,44.5389,46.6281,44.45,46.228,1761080,104
2020-10-26,48.4505,48.6728,46.6281,46.717,974720,105.1
2020-10-27,47.5615,47.606,46.228,46.9837,804020,105.7
2020-10-28,46.9837,47.5615,43.9166,44.5389,1184890,100.2
2020-10-29,44.5389,45.7835,44.45,44.7612,1327780,100.7
2020-10-30,45.1168,47.3393,44.7612,47.3393,972400,106.5
2020-11-02,47.3393,47.5615,46.6725,47.3393,691110,106.5
2020-11-03,47.5615,47.5615,46.4058,46.4058,751070,104.4
2020-11-04,46.3614,46.4058,45.7835,46.0058,495340,103.5
2020-11-05,46.3169,47.5171,46.228,46.4503,789860,104.5
2020-11-06,47.117,47.117,46.4503,46.717,592830,105.1
2020-11-09,46.7064,47.1953,46.5287,47.1614,803680,106.1
2020-11-10,47.3393,47.6504,46.9392,46.9392,781980,105.6
2020-11-11,46.9392,47.117,45.7835,47.0281,1032780,105.8
2020-11-12,47.0281,47.4726,46.6725,47.4726,682660,106.8
2020-11-13,47.4726,48.006,47.1615,47.7393,535350,107.4
2020-11-16,47.7393,48.2283,44.45,45.339,1781800,102
2020-11-17,45.7835,47.117,45.4279,47.117,862320,106
2020-11-18,47.117,47.117,45.7835,46.6281,751270,104.9
2020-11-19,46.5836,46.5836,45.7835,46.228,1192700,104
2020-11-20,46.4503,46.4503,45.9613,46.1391,533840,103.8
2020-11-23,46.228,46.717,45.828,46.1391,735650,103.8
2020-11-24,46.1836,46.6725,45.828,46.228,812220,104
2020-11-25,46.9392,47.2059,46.2725,46.9392,1222490,105.6
2020-11-26,46.662,47.1953,46.4398,47.1614,545450,106.1
2020-11-27,47.117,47.1615,46.5836,46.7614,720830,105.2
2020-11-30,46.7614,46.8948,46.1391,46.1836,1596840,103.9
2020-12-01,45.7835,46.6725,45.6946,46.6725,953230,105
2020-12-02,46.6281,46.8948,46.3169,46.6725,497910,105
2020-12-03,46.6725,47.0281,46.3614,47.0281,731750,105.8
2020-12-04,47.0281,47.3393,46.4503,47.0281,797060,105.8
2020-12-07,47.0281,47.117,46.717,47.0281,678660,105.8
2020-12-08,47.0281,47.0281,46.5836,46.6725,747280,105
2020-12-09,46.6725,47.117,46.4058,47.117,789790,106
2020-12-10,47.117,47.5615,46.6281,46.6281,979550,104.9
2020-12-11,46.6281,47.4726,46.6281,47.4726,569360,106.8
2020-12-14,47.4282,48.4061,46.8948,48.4061,1122380,108.9
2020-12-15,48.4061,48.4061,47.4282,47.5615,1205700,107
2020-12-16,47.4726,47.606,47.0726,47.5615,756200,107
2020-12-17,47.5615,47.5615,46.4947,46.5392,1352580,104.7
2020-12-18,46.5392,47.1615,46.4503,46.5392,1350780,104.7
2020-12-21,46.8948,47.2948,46.6281,47.2948,587100,106.4
2020-12-22,47.117,47.7838,46.8059,46.9837,518320,105.7
2020-12-23,46.9837,47.5615,46.8503,46.9837,701430,105.7
2020-12-24,47.5615,47.5615,46.228,46.9837,831440,105.7
2020-12-25,46.9837,47.2948,46.6725,47.0726,370300,105.9
2020-12-28,47.0726,47.3837,46.8503,47.0726,711710,105.9
2020-12-29,47.1615,47.3837,47.0281,47.3393,612360,106.5
2020-12-30,48.2283,48.7172,47.4282,48.2283,1528950,108.5
2020-12-31,48.2283,48.5839,46.8948,48.0949,656040,108.2
2021-01-04,48.2283,48.4505,47.3393,48.006,991100,108
2021-01-05,47.6504,48.8506,47.6504,48.7617,1192200,109.7
2021-01-06,48.895,49.1173,48.4061,48.9839,1283000,110.2
2021-01-07,49.0728,49.3395,48.4505,48.9395,862300,110.1
2021-01-08,48.9395,50.0952,48.9395,49.6951,1348700,111.8
2021-01-11,50.1396,50.9397,50.1396,50.5841,1536700,113.8
2021-01-12,51.562,51.562,50.5397,50.8508,981100,114.4
2021-01-13,50.8508,50.9397,49.384,49.384,1237900,111.1
2021-01-14,49.5618,49.9174,48.895,49.0728,1439100,110.4
2021-01-15,49.5173,49.8729,48.8061,49.4284,1238000,111.2
2021-01-18,49.7728,49.8172,48.9284,49.0283,826900,110.3
2021-01-19,49.0284,49.0284,45.6057,45.6502,1367600,102.7
2021-01-20,45.7732,46.662,45.551,45.9168,1875500,103.3
2021-01-21,46.6725,46.7614,45.7835,46.717,1564600,105.1
2021-01-22,46.717,47.3393,46.6725,46.6725,1094200,105
2021-01-25,46.6725,47.0281,46.2725,46.5836,827300,104.8
2021-01-26,46.5836,46.6725,44.2722,45.1168,1028600,101.5
2021-01-27,45.1168,45.7835,44.2278,44.45,1488900,100
2021-01-28,41.9164,42.672,41.3385,41.3385,1742900,93
2021-01-29,41.1163,44.2278,41.1163,44.1833,1692900,99.4
2021-02-01,44.1833,45.7835,43.9166,44.0055,1340000,99
2021-02-02,44.0055,47.0726,44.0055,47.0726,1771200,105.9
2021-02-03,46.6725,48.006,46.6725,47.7838,1698900,107.5
2021-02-04,47.7393,47.7838,45.339,46.6725,1022400,105
2021-02-05,46.6725,47.7838,46.6725,47.7838,922900,107.5
2021-02-08,44.8945,47.9171,44.8945,44.8945,3422500,101
2021-02-09,47.2059,47.3393,45.1168,47.2059,1758000,106.2
2021-02-17,47.2504,48.006,47.2059,48.006,1253600,108
2021-02-18,47.7838,48.895,47.1615,48.895,1434400,110
2021-02-19,47.8282,48.6728,47.5615,48.4505,1433200,109
2021-02-22,48.5394,49.2062,47.117,48.7617,1481000,109.7
2021-02-23,48.0949,49.6507,47.7838,48.895,1393900,110
2021-02-24,49.5173,49.5173,47.117,48.0949,950100,108.2
2021-02-25,48.6728,48.8506,47.1615,48.4061,1013500,108.9
2021-02-26,47.2059,48.8506,47.2059,48.4505,926800,109
2021-03-01,48.8506,48.8506,47.8727,48.2283,777700,108.5
2021-03-02,48.2283,48.495,47.2059,48.0949,926300,108.2
2021-03-03,47.3837,48.0949,47.3393,47.5171,1075300,106.9
2021-03-04,47.8282,47.9616,47.3837,47.5171,1671400,106.9
2021-03-05,47.5171,47.7838,47.0281,47.2504,1294800,106.3
2021-03-08,47.3393,47.5615,46.6725,47.117,1390100,106
2021-03-09,46.6725,47.2504,44.45,46.3614,1587600,104.3
2021-03-10,46.4503,47.117,45.3835,47.117,576300,106
2021-03-11,47.117,48.006,46.9392,47.0726,1108700,105.9
2021-03-12,47.0726,47.3393,46.6725,47.0726,1122300,105.9
2021-03-15,47.0726,47.2059,46.8503,47.117,2632400,106
2021-03-16,47.117,47.117,46.6281,46.8503,1360600,105.4
2021-03-17,46.3169,46.8059,46.228,46.5392,1260400,104.7
2021-03-18,46.8948,47.3837,46.7614,47.3837,1473900,106.6
2021-03-19,46.9392,48.1838,46.9392,48.1838,1625700,108.4
2021-03-22,48.1838,48.1838,46.4503,47.6949,973900,107.3
2021-03-23,47.117,47.5615,46.717,47.3393,1034700,106.5
2021-03-24,46.8948,48.006,46.1391,47.9616,1104100,107.9
2021-03-25,47.6949,49.9618,47.606,49.0728,4322000,110.4
2021-03-26,48.895,50.4508,48.895,49.9618,2927800,112.4
2021-03-29,50.0063,50.4508,49.9174,50.1396,3140900,112.8
2021-03-30,50.1396,52.7177,49.784,52.0065,5179600,117
2021-03-31,52.2288,53.1178,52.0065,52.4066,2823600,117.9
2021-04-01,52.6733,55.2958,52.0065,54.6735,2230900,123
2021-04-02,55.0736,55.0736,54.0068,54.6735,2255500,123
2021-04-05,56.007,56.0959,54.7624,55.2514,2249000,124.3
2021-04-06,55.2514,57.5628,55.118,56.4515,1979400,127
2021-04-07,56.4515,56.896,55.8737,56.7627,1698500,127.7
2021-04-08,57.0738,57.0738,55.118,55.7403,1509200,125.4
2021-04-09,55.4736,55.7403,54.718,55.5181,1755500,124.9
2021-04-12,55.5181,59.0296,54.8513,58.674,3481900,132
2021-04-13,61.7855,62.7634,60.452,62.5412,5053200,140.7
2021-04-14,62.23,63.0301,61.3855,62.23,4102600,140
2021-04-15,62.1856,64.4525,62.1856,62.6301,3419000,140.9
2021-04-16,62.6301,64.0525,62.23,63.5635,2988000,143
2021-04-19,63.1635,64.0969,62.719,64.008,2820300,144
2021-04-20,64.008,64.8526,63.5635,63.608,3108200,143.1
2021-04-22,63.119,63.5191,61.1188,61.6966,3319500,138.8
2021-04-23,61.6966,62.0078,59.1185,61.4744,4410000,138.3
2021-04-26,61.7855,62.0078,58.2295,58.4518,2434500,131.5
2021-04-27,58.4518,59.1185,58.4518,58.7185,1631700,132.1
2021-04-28,58.7185,59.2074,57.6961,58.4518,1613300,131.5
2021-04-29,58.4518,59.1185,58.0962,58.2295,2181100,131
2021-05-04,58.0517,59.9631,56.4071,59.3852,1732600,133.6
2021-05-05,59.3852,60.3631,59.3852,59.4297,1268600,133.7
2021-05-06,59.4297,59.563,58.2295,58.8963,1064200,132.5
2021-05-07,58.674,58.674,57.1183,58.674,1769100,132
2021-05-10,58.674,58.8963,57.385,58.8963,1099300,132.5
2021-05-11,58.8963,59.2963,58.0073,58.2295,1164200,131
2021-05-12,57.785,58.674,56.896,57.6961,1390400,129.8
2021-05-13,56.896,57.785,56.2293,56.2293,1723500,126.5
2021-05-14,56.2293,56.4515,54.7624,55.6959,2609800,125.3
2021-05-17,56.007,57.785,55.118,55.118,2417900,124
2021-05-18,55.118,56.007,53.7845,53.7845,2452700,121
2021-05-19,53.34,53.7845,52.4955,53.3845,2178400,120.1
2021-05-20,53.3845,54.7624,53.34,54.6291,2084900,122.9
2021-05-21,54.6735,54.6735,53.5623,54.4513,1622400,122.5
2021-05-24,54.4513,54.9402,53.7845,54.2735,1985800,122.1
2021-05-25,54.4068,54.4068,53.8734,54.3624,1514900,122.3
2021-05-26,54.229,54.3179,53.5623,54.0957,1677500,121.7
2021-05-27,53.7401,53.7845,52.8955,53.4734,2081300,120.3
2021-05-28,53.3845,54.6735,52.8955,53.2511,1847400,119.8
2021-05-31,53.2511,53.34,51.562,52.2288,1846800,117.5
2021-06-01,51.6509,53.7845,51.562,53.34,2155400,120
2021-06-02,53.4289,54.1846,52.0065,52.2288,3130600,117.5
2021-06-03,52.451,52.8066,52.0065,52.6733,2488900,118.5
2021-06-04,52.6733,53.7845,52.6733,53.7845,3689200,121
2021-06-07,54.5846,56.2293,54.229,54.6735,3681800,123
2021-06-08,55.5181,55.8737,52.8955,53.2511,2699600,119.8
2021-06-09,53.34,53.7845,52.0065,52.8066,1813300,118.8
2021-06-10,52.6733,52.9844,51.7843,51.7843,2929000,116.5
2021-06-11,52.0065,52.451,51.6954,52.451,1729000,118
2021-06-14,52.5399,53.5623,52.4955,53.34,1933100,120
2021-06-15,53.34,54.229,53.1178,54.0957,1348000,121.7
2021-06-16,54.0957,54.0957,52.8955,52.94,1180600,119.1
2021-06-17,52.451,52.8511,52.0065,52.0065,2848500,117
2021-06-18,52.451,52.5844,52.0065,52.1843,1788400,117.4
2021-06-21,52.2288,52.8511,52.1399,52.1843,1497200,117.4
2021-06-22,52.451,52.7622,52.051,52.2288,2161600,117.5
2021-06-23,52.451,52.4955,51.7843,51.9621,1281200,116.9
2021-06-24,52.4066,52.5399,51.9176,52.2288,1374300,117.5
2021-06-25,52.0954,52.451,51.8732,52.2288,1763300,117.5
2021-06-28,52.2288,52.2732,51.8732,51.8732,1711000,116.7
2021-06-29,51.9621,53.0289,51.9621,52.451,2339900,118
2021-06-30,52.451,54.0068,52.451,52.8955,2685900,119
2021-07-01,53.2067,53.2956,52.6733,52.7177,2194700,118.6
2021-07-02,52.4955,52.8511,52.2288,52.2288,1789100,117.5
2021-07-05,52.2288,52.2288,51.0731,51.1175,2765200,115
2021-07-06,51.1175,51.562,49.784,49.784,3006500,112
2021-07-07,49.784,50.673,48.895,50.673,2507000,114
2021-07-08,50.2285,50.2285,49.1173,49.3395,1480900,111
2021-07-09,49.2506,49.3395,47.7838,48.2727,1787900,108.6
2021-07-12,48.2283,48.895,45.2057,46.228,2863900,104
2021-07-13,46.2725,46.717,44.0055,45.7835,2355200,103
2021-07-14,45.7835,47.2948,45.339,45.7835,2585100,103
2021-07-15,45.7835,46.0947,44.9834,45.339,2584200,102
2021-07-16,45.3835,47.1615,45.3835,47.0281,2158200,105.8
2021-07-19,45.828,46.6725,44.6723,45.7391,1851300,102.9
2021-07-20,45.6057,45.9169,44.45,45.7835,2130300,103
2021-07-21,45.828,47.3393,45.339,46.228,2765100,104
2021-07-22,46.228,47.4726,46.0947,47.2059,2242200,106.2
2021-07-23,47.2059,48.3616,46.228,46.228,3088800,104
2021-07-26,46.5836,46.8503,45.828,46.3169,1940200,104.2
2021-07-27,46.6725,47.0281,46.3614,46.3614,1442800,104.3
2021-07-28,46.3614,46.8948,46.228,46.7614,1192400,105.2
2021-07-29,46.8948,46.9392,46.4503,46.717,1076500,105.1
2021-07-30,47.5615,47.6949,47.117,47.6504,2339200,107.2
2021-08-02,47.7838,48.7172,47.5171,47.7838,1682400,107.5
2021-08-03,48.6283,51.1175,48.4505,50.8953,7293100,114.5
2021-08-04,51.3398,51.7398,50.673,50.673,2882400,114
2021-08-05,50.5397,51.1175,50.1841,50.673,2049200,114
2021-08-06,51.106,51.506,50.3505,50.3618,3021900,113.3
2021-08-09,50.3174,50.5397,49.6062,50.273,3219800,113.1
2021-08-10,51.1175,51.1175,50.2285,50.2285,2830600,113
2021-08-11,50.2285,50.673,49.3395,49.3395,2382000,111
2021-08-12,49.3395,50.1841,49.1173,49.384,1833400,111.1
2021-08-13,49.5618,49.8729,49.1173,49.2951,2119300,110.9
2021-08-16,49.784,50.0952,49.1617,49.1617,3085800,110.6
2021-08-17,50,51.7,49.45,49.45,4887500,98.9
2021-08-18,49.5,50.1,48.95,48.95,2297700,97.9
2021-08-19,48.95,52,48.35,52,3521100,104
2021-08-20,50,51,48.6,48.85,4953900,97.7
2021-08-23,48.75,48.85,47.9,48.1,2161000,96.2
2021-08-24,48.2,48.5,47.55,47.7,1417400,95.4
2021-08-25,47.7,47.7,46.5,47.3,2057000,94.6
2021-08-26,47.3,47.3,46.5,46.55,1766200,93.1
2021-08-27,46.5,47.5,45.75,47.4,2485900,94.8
2021-08-30,47.5,47.65,47.05,47.05,1414900,94.1
2021-08-31,47.05,47.55,46.9,47.05,1529600,94.1
2021-09-01,47.05,47.5,47.05,47.05,1303100,94.1
2021-09-06,47.2,47.9,47.1,47.5,1928800,95
2021-09-07,47.75,47.75,46.95,46.95,2280200,93.9
2021-09-08,47,47.15,46,46,2505700,92
2021-09-09,46.1,46.2,45.65,45.65,2696600,91.3
2021-09-10,45.9,46,45.65,45.65,1614600,91.3
2021-09-13,45.9,46.7,45.8,46,1828100,92
2021-09-14,46.15,46.45,45.95,46,1419300,92
2021-09-15,46,46.2,45.65,45.7,1037000,91.4
2021-09-16,45.7,45.7,43.9,43.9,15130200,87.8
2021-09-17,44,44.6,43.4,43.4,5567900,86.8
2021-09-20,43.5,44.45,43,43.35,4014800,86.7
2021-09-21,42.75,43.2,42.5,42.8,4524800,85.6
2021-09-22,42.8,43.45,42.7,43.05,2845500,86.1
2021-09-23,43.25,43.7,43.2,43.55,2664100,87.1
2021-09-24,43.55,43.75,43.15,43.5,3207900,87
2021-09-27,43.5,43.75,41.6,43.05,3000800,86.1
2021-09-28,42.65,43.5,42.6,43.25,2387300,86.5
2021-09-29,43.35,43.45,43,43.35,1911200,86.7
2021-09-30,43.25,44.7,43.25,44,3404700,88
2021-10-01,44,44.2,43.6,43.85,1734200,87.7
2021-10-04,43.8,44,43.55,43.9,1565200,87.8
2021-10-05,43.9,44.4,43.55,44.3,2370600,88.6
2021-10-06,44.4,44.5,44.05,44.3,1736800,88.6
2021-10-07,44.15,44.75,44.15,44.4,2290900,88.8
2021-10-08,44.5,44.75,44.4,44.65,1298500,89.3
2021-10-11,44.7,46,44.7,45.95,2694300,91.9
2021-10-12,46,46.5,46,46.45,2438700,92.9
2021-10-13,46.5,46.9,46.4,46.55,2581200,93.1
2021-10-14,46.6,46.6,45.75,46.25,2677900,92.5
2021-10-15,46.25,46.5,46,46.3,1553700,92.6
2021-10-18,46.15,46.45,45.55,46.3,2039400,92.6
2021-10-19,46.3,46.35,45.75,46.2,1686700,92.4
2021-10-20,46.15,46.25,44.95,46.15,3128600,92.3
2021-10-21,45.85,46.3,45.5,45.5,2847400,91
2021-10-22,45.5,45.9,45.4,45.9,1428000,91.8
2021-10-25,45.95,46.25,45.6,46.05,1341200,92.1
2021-10-26,45.9,46.1,45.45,46.1,1335900,92.2
2021-10-27,46,47.5,45.8,47.5,3908900,95
2021-10-28,47.5,47.7,46.8,47.5,2086100,95
2021-10-29,47.1,48.25,47.1,47.9,2268000,95.8
2021-11-01,47.9,48,47.45,47.9,2226600,95.8
2021-11-02,47.85,48,47.45,47.9,1647800,95.8
2021-11-03,47.9,47.9,46.95,47.65,3568200,95.3
2021-11-04,47.6,47.75,47,47.5,1879100,95
2021-11-05,47.25,47.5,47,47.5,1786600,95
2021-11-08,47.5,47.75,47.25,47.45,1792000,94.9
2021-11-09,47.7,47.7,46.6,47.45,2373800,94.9
2021-11-10,47.55,47.6,46.8,47.45,1680500,94.9
2021-11-11,47.45,47.5,46.95,47.4,2186600,94.8
2021-11-12,47.4,47.4,46.95,47.25,1133100,94.5
2021-11-15,47.25,47.55,47,47.5,1922400,95
2021-11-16,47.5,47.55,46.95,47.4,1643900,94.8
2021-11-17,47.35,48.5,47.1,48.15,2815800,96.3
2021-11-18,48.5,49.25,47.25,47.25,3871100,94.5
2021-11-19,47.3,48,47,47.4,2032500,94.8
2021-11-22,47.25,47.5,46.5,47.4,2152100,94.8
2021-11-23,47,47.5,46.75,47.4,1382700,94.8
2021-11-24,47.4,47.6,46.75,47.05,2045100,94.1
2021-11-25,47.4,47.4,46.9,47,1401800,94
2021-11-26,47.95,50,47.6,49.25,8681700,98.5
2021-11-29,49.5,52.65,49.25,52.65,8742300,105.3
2021-11-30,52.75,53.45,51.75,52.5,4674300,105
2021-12-01,52.5,53.65,52,53,4082000,106
2021-12-02,53,54.25,52.55,53.6,4428600,107.2
2021-12-03,54.55,54.8,52.75,52.75,5152400,105.5
2021-12-06,53.95,54.5,51.8,52.8,5825100,105.6
2021-12-07,53.7,53.75,52.8,53.35,3026300,106.7
2021-12-08,53.25,53.5,51.75,52.95,3539500,105.9
2021-12-09,52.5,53.75,52,53.5,3173400,107
2021-12-10,53.5,53.6,51.55,51.55,3080600,103.1
2021-12-13,51.35,52.25,50.5,51.6,4076200,103.2
2021-12-14,51.5,51.55,50.8,51.25,2629100,102.5
2021-12-15,51.35,51.35,49.95,50,2897300,100
2021-12-16,50,50.75,49.15,50,3095200,100
2021-12-17,50,51.35,49.4,51,6655000,102
2021-12-20,51,51,49.5,49.5,1372800,99
2021-12-21,49.5,50.4,49.05,49.05,1467300,98.1
2021-12-22,49.1,50.05,49.1,49.8,2410600,99.6
2021-12-23,49.8,50,48,48,2771100,96
2021-12-24,48.25,48.45,47.55,48.25,1415500,96.5
2021-12-27,48.5,49.5,48.25,49.5,1907500,99
2021-12-28,49.55,49.65,48.25,49.2,1737300,98.4
2021-12-29,49,49,47.6,47.75,2291900,95.5
2021-12-30,47.9,48.2,47.5,47.5,1662400,95
2021-12-31,47.6,48.15,47.1,47.55,1267000,95.1
2022-01-04,48,50.75,47.85,50.5,3071100,101
2022-01-05,50.4,51.1,49.75,50,3396500,100
2022-01-06,50.5,53.2,50.25,52.25,5061400,104.5
2022-01-07,53.2,53.2,51.1,51.1,3108800,102.2
2022-01-10,51.25,52.75,51.1,51.15,2908500,102.3
2022-01-11,51,51,49.9,50.5,2240600,101
2022-01-12,50.75,50.75,49,50.4,2338500,100.8
2022-01-13,50.5,50.5,49.25,49.4,1955700,98.8
2022-01-14,49.1,49.8,49.1,49.45,1017400,98.9
2022-01-17,49.5,49.6,47.25,48.5,2628900,97
2022-01-18,48.5,48.5,47.05,47.95,2032000,95.9
2022-01-19,47.5,47.95,46.8,46.9,1612700,93.8
2022-01-20,47.3,48.15,47.3,47.7,730800,95.4
2022-01-21,47.95,48,46.65,47.75,3192800,95.5
2022-01-24,47.45,48,46.25,47.5,3935300,95
2022-01-25,47.5,48.85,46.7,48,3198400,96
2022-01-26,48.25,48.25,47.25,48.2,1932000,96.4
2022-01-27,48.25,48.25,47.1,48.25,2559000,96.5
2022-01-28,47.55,48.5,47.25,48.5,2999600,97
2022-02-07,48.2,48.75,45.6,45.6,7413400,91.2
2022-02-08,45.65,46.15,43.35,43.65,8010800,87.3
2022-02-09,43.8,44.35,42.45,42.85,8812500,85.7
2022-02-10,42.85,43,40.85,42,11088500,84
2022-02-11,41.5,41.8,40.75,40.85,7846400,81.7
2022-02-14,40.85,42,40.35,40.9,4973500,81.8
2022-02-15,41,41.9,40.9,41.85,3001500,83.7
2022-02-16,41.95,41.95,41.35,41.45,1986000,82.9
2022-02-17,41.4,41.75,41,41.55,2865600,83.1
2022-02-18,41.25,41.4,41,41.1,2914400,82.2
2022-02-21,41.05,41.9,41,41.8,2513700,83.6
2022-02-22,41.5,41.65,40.9,41,2975200,82
2022-02-23,41.05,41.25,41,41.25,1439000,82.5
2022-02-24,41.15,41.2,39.65,40.05,6367500,80.1
2022-02-25,40.45,40.45,39.55,39.55,3385500,79.1
2022-02-28,39.75,39.75,38.5,38.5,4678600,77
2022-03-01,38.55,39.95,38.5,39.6,3467600,79.2
2022-03-02,39.6,39.6,38.6,39.45,2401000,78.9
2022-03-03,39.45,40.2,39.15,39.5,2610400,79
2022-03-04,39.5,39.65,38.9,39.5,3817400,79
2022-03-07,39.2,39.5,38.65,39.25,2442600,78.5
2022-03-08,39,39.45,38.55,38.95,4290200,77.9
2022-03-09,39.05,39.35,38.65,39,3049900,78
2022-03-10,39.25,40.3,39,39.55,4366600,79.1
2022-03-11,39.4,39.5,38.9,39.5,2222400,79
2022-03-14,39.4,39.4,38.7,39.15,2622700,78.3
2022-03-15,39,39.3,38.5,39.15,2733900,78.3
2022-03-16,39.15,39.2,38.6,39.05,2950000,78.1
2022-03-17,39.15,39.25,38.65,39.2,2565900,78.4
2022-03-18,39.15,39.75,38.7,39.4,5520700,78.8
2022-03-21,39.4,40.5,39.15,40.5,3705300,81
2022-03-22,40.5,41.2,40.5,41.1,3631800,82.2
2022-03-23,41.05,41.2,40.7,40.7,1529200,81.4
2022-03-24,40.7,40.7,40.2,40.5,1995200,81
2022-03-25,40.3,40.5,39.85,40.5,2193500,81
2022-03-28,39.95,40.6,39.85,40.25,2339900,80.5
2022-03-29,40,40.9,39.9,40.4,2798300,80.8
2022-03-30,41.25,41.35,40.2,40.55,3088400,81.1
2022-03-31,40.55,41.15,40.5,40.6,1372000,81.2
2022-04-01,40.7,41.25,40.45,41.05,2609900,82.1
2022-04-04,41.25,41.4,40.75,41.35,2730500,82.7
2022-04-05,41.25,41.55,40.85,41.15,3591100,82.3
2022-04-06,40.25,41.15,39.75,40.25,5679100,80.5
2022-04-07,40.1,40.15,38.8,39.75,3704800,79.5
2022-04-08,40,41.2,40,40.85,5192000,81.7
2022-04-12,40.7,40.7,40.15,40.65,2356500,81.3
2022-04-13,40.5,41.15,40.35,41.1,3146300,82.2
2022-04-14,40.8,41.1,40.55,40.85,1763700,81.7
2022-04-15,40.75,40.9,40.3,40.35,1678400,80.7
2022-04-18,40,40.05,39.05,39.75,2984700,79.5
2022-04-19,39.3,39.9,38.9,39.4,1816000,78.8
2022-04-20,39,39.9,39,39.65,1713900,79.3
2022-04-21,39.5,39.75,38.75,38.75,2684300,77.5
2022-04-22,38.85,39.5,38.8,38.85,1867300,77.7
2022-04-25,38.9,39.6,36.35,38.1,2738000,76.2
2022-04-26,36.75,39.25,36.75,39,3661700,78
2022-04-27,38.75,39,37.5,39,2793500,78
2022-04-28,39,39.1,38.15,38.95,1386100,77.9
2022-04-29,38.75,40,38.3,40,2148700,80
2022-05-04,39.8,40,38.85,39.85,1436000,79.7
2022-05-05,39.8,40,39.25,40,1858600,80
2022-05-06,39.25,40,39,39.9,1690000,79.8
2022-05-09,39.35,39.6,38.95,39.55,2428900,79.1
2022-05-10,39.45,40.2,39.05,40.2,2617900,80.4
2022-05-11,40.1,40.25,39.35,40.25,1983600,80.5
2022-05-12,40,40,38.55,39.5,2474100,79
2022-05-13,39.5,39.5,38.6,39,3134600,78
2022-05-16,39.5,39.5,38.1,38.5,1994100,77
2022-05-17,38,39,37.6,39,1857400,78
2022-05-18,39,39,38,39,2964900,78
2022-05-19,38.2,39.5,38.1,38.95,2650300,77.9
2022-05-20,38.95,38.95,38.25,38.9,2331100,77.8
2022-05-23,38.8,38.85,38.1,38.7,2644700,77.4
2022-05-24,38.5,38.8,38.2,38.8,1568300,77.6
2022-05-25,38.8,39.05,38.35,38.85,1360400,77.7
2022-05-26,38.85,38.85,38.4,38.85,2076700,77.7
2022-05-27,38.7,39,38.5,39,1575800,78
2022-05-30,39,39.25,38.6,39.25,1390900,78.5
2022-05-31,39,39.75,38.85,39.4,1776600,78.8
2022-06-01,39.3,39.7,39.15,39.65,1539200,79.3
2022-06-02,39.6,39.6,38.8,39.45,2935600,78.9
2022-06-03,39.05,39.6,39,39.4,1249100,78.8
2022-06-06,39.35,39.45,38.95,39.25,1503500,78.5
2022-06-07,39.25,39.25,38.85,39,1562200,78
2022-06-08,38.9,39.35,38.8,39.05,1441700,78.1
2022-06-09,39,39.1,38.65,39.05,1542100,78.1
2022-06-10,38.9,39.1,38.75,39,979600,78
2022-06-13,38.3,38.7,38.1,38.2,1795500,76.4
2022-06-14,38.1,38.3,37.6,38.3,2058500,76.6
2022-06-15,38.3,38.45,37.65,38.35,2037200,76.7
2022-06-16,38,38.85,37.9,38.3,1597800,76.6
2022-06-17,37.9,38.3,37.55,38.3,3725300,76.6
2022-06-20,38.3,38.3,37.65,37.8,2132800,75.6
2022-06-21,37.6,37.6,36.9,37.5,1956200,75
2022-06-22,37.35,37.5,36.8,37.5,1418900,75
2022-06-23,37.05,37.1,36.5,37.1,1548900,74.2
2022-06-24,36.75,37.3,36,37.3,1514800,74.6
2022-06-27,36.9,37.4,36.75,36.9,1822400,73.8
2022-06-28,36.5,36.9,36.2,36.8,2228300,73.6
2022-06-29,36.4,36.7,36.15,36.7,1429300,73.4
2022-06-30,36.35,36.75,36.2,36.75,1878800,73.5
2022-07-01,36.6,36.7,36.05,36.3,1866600,72.6
2022-07-04,36.2,36.35,36.1,36.35,758300,72.7
2022-07-05,36.35,36.4,36,36.15,1478700,72.3
2022-07-06,36,36.05,33.75,33.75,2171700,67.5
2022-07-07,34,34.9,33.25,34.9,2174100,69.8
2022-07-08,35,35.35,33.75,35,1413800,70
2022-07-11,33.85,35,33.1,35,2385900,70
2022-07-12,34.3,35.1,34,34.95,1212400,69.9
2022-07-13,34.3,35,34.15,34.75,2004600,69.5
2022-07-14,34.75,34.9,34.25,34.75,1414300,69.5
2022-07-15,34.55,34.9,34.3,34.8,1582500,69.6
2022-07-18,34.8,34.8,34,34,1088000,68
2022-07-19,34,34.5,34,34.4,655400,68.8
2022-07-20,34.4,34.5,34.1,34.1,626100,68.2
2022-07-21,34.1,34.4,34.05,34.25,930600,68.5
2022-07-22,34.05,34.25,33.25,33.25,674700,66.5
2022-07-25,33.45,33.7,33.25,33.65,755800,67.3
2022-07-26,33.05,33.8,33.05,33.05,592700,66.1
2022-07-27,33.1,33.4,33,33.25,581400,66.5
2022-07-28,33.3,33.55,33,33.5,1152200,67
2022-07-29,33.9,33.9,32,32,1908500,64
2022-08-01,32.45,32.55,32.05,32.35,1261800,64.7
2022-08-02,32.4,33.3,32.25,33.3,1372600,66.6
2022-08-03,32.9,33.2,32.55,33,1250700,66
2022-08-04,33,33.2,32.7,33.2,1146000,66.4
2022-08-05,32.95,33.1,32.6,32.7,1134900,65.4
2022-08-08,32.7,32.85,32.3,32.3,1010300,64.6
2022-08-09,32.4,32.7,32.35,32.65,792000,65.3
2022-08-10,32.5,32.8,32.35,32.4,967900,64.8
2022-08-11,32.8,33.2,32.5,32.9,1674000,65.8
2022-08-12,32.9,33.1,32.75,33.1,811200,66.2
2022-08-15,33.15,33.25,33.05,33.2,802100,66.4
2022-08-16,33.2,33.2,32.85,32.95,862200,65.9
2022-08-17,33.1,33.9,33,33.65,2201000,67.3
2022-08-18,33.6,34.65,33.6,34.05,2769100,68.1
2022-08-19,34,34.2,33.4,33.95,1221600,67.9
2022-08-22,33.6,34,33,33,1469100,66
2022-08-23,32.75,32.8,32.4,32.5,1437800,65
2022-08-24,32.6,32.9,32.45,32.45,787500,64.9
2022-08-25,32.5,32.95,32.5,32.95,483000,65.9
2022-08-26,33,33,32.5,32.5,861300,65
2022-08-29,32.15,32.2,31.5,31.8,1337500,63.6
2022-08-30,31.8,32.05,31.6,31.8,868400,63.6
2022-08-31,32,32.85,31.85,31.85,1236800,63.7
2022-09-05,32.4,32.6,32,32,1310100,64
2022-09-06,32.05,32.4,31.55,31.65,1335600,63.3
2022-09-07,31.65,31.7,31.25,31.25,1347400,62.5
2022-09-08,31.65,31.8,31.2,31.45,841200,62.9
2022-09-09,31.6,32.2,31.45,32.2,1193800,64.4
2022-09-12,32.45,32.45,31.9,32,552900,64
2022-09-13,32,32.15,31.8,32.05,1059100,64.1
2022-09-14,31.75,31.85,31.05,31.7,711000,63.4
2022-09-15,31.75,32,31.4,31.95,851300,63.9
2022-09-16,31.6,32.25,31.25,31.25,1684400,62.5
2022-09-19,31.25,31.65,31.05,31.45,786000,62.9
2022-09-20,31.3,31.95,31.3,31.95,800100,63.9
2022-09-21,31.75,31.8,31.35,31.55,482700,63.1
2022-09-22,31.25,31.65,29.35,31.65,1238700,63.3
2022-09-23,31.5,31.65,31,31.3,324200,62.6
2022-09-26,30.9,31.3,30.8,31,1195900,62
2022-09-27,31.05,31.1,30.4,30.5,639100,61
2022-09-28,30.05,30.4,28.75,28.75,1138100,57.5
2022-09-29,28.85,29.1,27.15,27.3,1701100,54.6
2022-09-30,26.65,28.2,26.65,27.5,1724300,55
2022-10-03,27.45,27.75,26.5,27.75,1452700,55.5
2022-10-04,28,28.5,27.3,28.5,1296700,57
2022-10-05,28.75,30.45,28.5,30,1328100,60
2022-10-06,29.9,31,29.05,30.05,1011900,60.1
2022-10-07,30.25,30.35,29.15,30.1,2987900,60.2
2022-10-10,30.1,30.45,28.85,30.1,1238400,60.2
2022-10-11,29.15,30.05,28.35,30,2186800,60
2022-10-12,30,30.1,29.15,30,1709700,60
2022-10-13,29.35,30.5,29.1,30.2,1246400,60.4
2022-10-14,30.25,30.25,29.2,29.85,779400,59.7
2022-10-17,29.3,29.5,28,28,738700,56
2022-10-18,28.25,29.3,28.25,29.2,606100,58.4
2022-10-19,29.25,29.35,28.25,29.25,826400,58.5
2022-10-20,29.05,29.35,28.6,29.3,1099200,58.6
2022-10-21,29.25,29.25,27.25,28.4,1414600,56.8
2022-10-24,28,28.3,26.45,28.25,1606100,56.5
2022-10-25,28.15,28.15,26.5,28.05,1446700,56.1
2022-10-26,28.05,28.05,26.75,27.4,1054100,54.8
2022-10-27,27.3,27.5,26.25,27.5,1974800,55
2022-10-28,27.7,27.9,26.75,27.85,1281000,55.7
2022-10-31,28,28.2,27.15,27.7,1052800,55.4
2022-11-01,27.85,27.9,27,27.7,1419100,55.4
2022-11-02,27.65,27.7,27,27.7,1352500,55.4
2022-11-03,27.2,27.55,27.15,27.55,909700,55.1
2022-11-04,27.45,27.45,26.05,27.15,1617900,54.3
2022-11-07,27,27,25.85,26.7,1702500,53.4
2022-11-08,26.1,26.65,24.85,26.65,2476100,53.3
2022-11-09,26.65,27.15,26.1,26.85,1573900,53.7
2022-11-10,26.8,27,26,26.5,1558000,53
2022-11-11,26.5,27.4,26.25,27.15,938500,54.3
2022-11-14,27.1,27.75,26.55,27.5,1394600,55
2022-11-15,27.95,28.75,27.5,28.5,1583400,57
2022-11-16,28.45,30.45,28.05,30.2,2249500,60.4
2022-11-17,31.2,32.3,30.25,32.3,4785400,64.6
2022-11-18,33.45,33.45,31.55,32.8,1693400,65.6
2022-11-21,33,33.35,31.8,32,1198200,64
2022-11-22,32,32.95,30.5,30.5,1466300,61
2022-11-23,30.05,31.3,29.85,29.85,998800,59.7
2022-11-24,30,31.05,30,30.5,1141700,61
2022-11-25,31.5,32.5,31.3,32.5,2290900,65
2022-11-28,33.25,33.55,32.5,32.5,3249900,65
2022-11-29,32.5,34.7,32.1,34.7,3559000,69.4
2022-11-30,34.75,35.1,34,34.8,3225000,69.6
2022-12-01,34.7,34.8,33,33,3204600,66
2022-12-02,32.55,34.4,32.55,34.4,3591400,68.8
2022-12-05,34.4,35,34,34.05,2301900,68.1
2022-12-06,34.05,34.25,32.5,33.3,1803300,66.6
2022-12-07,34.6,35.6,34.25,35.6,9421500,71.2
2022-12-08,37.2,37.25,34.95,34.95,5602500,69.9
2022-12-09,35.25,35.85,33.9,33.9,2660700,67.8
2022-12-12,33.9,34,31.55,31.55,2851200,63.1
2022-12-13,31.95,32,30.05,30.8,2861100,61.6
2022-12-14,31.25,31.85,30.15,30.4,2897500,60.8
2022-12-15,30.55,30.8,30.15,30.3,2311900,60.6
2022-12-16,30.3,30.4,29.2,29.2,3284600,58.4
2022-12-19,29.5,29.7,28.25,28.25,2873600,56.5
2022-12-20,28.25,28.9,27.55,27.95,2088400,55.9
2022-12-21,28.3,28.5,27.4,27.45,2477400,54.9
2022-12-22,28,28.5,27.5,27.5,2433400,55
2022-12-23,27.65,27.95,26.95,27.55,1866300,55.1
2022-12-26,27.5,27.5,26.25,26.3,1832300,52.6
2022-12-27,26.45,27.4,26.05,26.7,1844000,53.4
2022-12-28,26.75,26.75,26.05,26.75,2089000,53.5
2022-12-29,26.6,27,26.25,26.8,2135400,53.6
2022-12-30,26.9,26.95,26.5,26.9,2461700,53.8
2023-01-03,26.9,28.4,26.7,28.4,2009300,56.8
2023-01-04,28.45,28.55,27.95,28,1928400,56
2023-01-05,28.05,28.45,27.9,28.1,1641900,
2023-01-06,28,28.05,27.45,28.05,1951000,
2023-01-09,28.1,28.1,27.5,27.5,1204200,
2023-01-10,27.5,27.5,26.8,27.25,1742900,
2023-01-11,27.25,27.75,27.05,27.55,1085600,
2023-01-12,27.75,27.75,27.25,27.5,1067000,
2023-01-13,27.5,27.65,27.2,27.5,1223800,55
2023-01-16,27.5,27.5,26.7,27.4,1687100,54.8
2023-01-17,26.75,27.6,26.75,27.6,1371200,55.2
2023-01-18,27.7,28.35,27.5,28.35,1647300,56.7
2023-01-19,28.15,28.7,28,28.7,2343100,57.4
2023-01-27,28.9,29.65,28.8,29.6,2197800,59.2
2023-01-30,29.75,29.75,28.75,28.85,1124500,57.7
2023-01-31,29.05,29.25,28.25,28.55,1377800,57.1
2023-02-01,28.8,28.8,27.4,27.6,1851600,55.2
2023-02-02,27.6,28.05,27.55,27.9,1328600,55.8
2023-02-03,28,28,27.5,28,1199400,56
2023-02-06,27.65,28,27.15,28,1416100,56
2023-02-07,28,28,26.8,27.5,1645000,55
2023-02-08,27.3,27.3,26.5,27.2,2145800,54.4
2023-02-09,26.75,27.25,26.2,27.1,3006800,54.2
2023-02-10,26.75,27.15,26.3,27,1696000,54
2023-02-13,26.55,26.8,26.25,26.7,1405200,53.4
2023-02-14,26.55,26.55,25.4,26.45,3116200,52.9
2023-02-15,26.35,26.45,25.45,26.45,3345700,52.9
2023-02-16,26.5,26.85,25.7,26.7,3240500,53.4
2023-02-17,26.7,26.75,26.1,26.75,1871500,53.5
2023-02-20,26.65,27.5,26.5,27.05,1515200,54.1
2023-02-21,27.1,27.35,26.85,27.15,1502600,54.3
2023-02-22,26.75,26.8,26.2,26.5,2557800,53
2023-02-23,26.4,26.55,25.55,26.5,2387100,53
2023-02-24,26.05,26.45,25.85,26.45,2206500,52.9
2023-02-27,26,26.25,25.7,26.25,1389900,52.5
2023-02-28,26.25,26.5,26,26.3,912500,52.6
2023-03-01,26,26.65,25.8,26.35,794700,52.7
2023-03-02,26.25,26.65,26.15,26.4,769300,52.8
2023-03-03,26.4,26.5,26.1,26.35,785900,52.7
2023-03-06,26.35,26.65,26.05,26.3,1569800,52.6
2023-03-07,26.5,26.6,26.2,26.35,1442300,52.7
2023-03-08,26.1,26.65,26.1,26.5,831900,53
2023-03-09,26.5,26.8,26.3,26.5,1037300,53
2023-03-10,26.5,26.65,26.25,26.55,899800,53.1
2023-03-13,26.55,26.7,26.25,26.65,996800,53.3
2023-03-14,26.6,26.6,26.3,26.5,1019000,53
2023-03-15,26.5,27,26.5,27,1177700,54
2023-03-16,27,27.85,26.5,26.65,3155600,53.3
2023-03-17,26.95,27,26.2,26.6,3121500,53.2
2023-03-20,26.5,26.6,25.7,26.4,3362300,52.8
2023-03-21,26.4,26.7,25.8,26.2,1215600,52.4
2023-03-22,26.3,26.45,26.05,26.4,1797500,52.8
2023-03-23,26.1,26.4,26.05,26.4,2073800,52.8
2023-03-24,26.4,26.85,26.25,26.65,830700,53.3
2023-03-27,26.65,26.9,26.4,26.65,702000,53.3
2023-03-28,26.65,26.8,26.6,26.7,782500,53.4
2023-03-29,26.75,26.8,26.45,26.75,585700,53.5
2023-03-30,26.75,27.45,26.7,26.85,993600,53.7
2023-03-31,26.8,27.6,26.8,27.5,2619400,55
2023-04-03,27.95,29.4,27.8,29,4851800,58
2023-04-04,29.25,29.35,28.4,28.4,1871700,56.8
2023-04-05,28.35,28.35,27.5,27.75,1974100,55.5
2023-04-06,28.2,28.2,27.25,27.25,2064900,54.5
2023-04-07,27.5,27.5,26.7,27.2,2379600,54.4
2023-04-10,27.25,27.3,26.65,26.9,2145100,53.8
2023-04-11,26.85,26.85,26.4,26.8,1847000,53.6
2023-04-12,26.65,26.75,26.3,26.55,3646300,53.1
2023-04-13,26.55,26.75,26.35,26.5,1919800,53
2023-04-14,26.6,26.75,26.35,26.45,1662600,52.9
2023-04-17,26.45,26.5,26.2,26.45,1758200,52.9
2023-04-18,26.45,26.45,26.2,26.4,1755800,52.8
2023-04-19,26.3,26.35,26.15,26.3,1746300,52.6
2023-04-20,26.25,26.35,26.1,26.3,1217400,52.6
2023-04-21,26.3,26.35,26.05,26.35,1698600,52.7
2023-04-24,26.35,26.35,26.1,26.3,1496200,52.6
2023-04-25,26.4,26.4,25.9,26.25,2716400,52.5
2023-04-26,26.2,26.2,25.85,25.95,1836600,51.9
2023-04-27,25.9,25.9,25.25,25.25,3596000,50.5
2023-04-28,25.3,26.05,25.3,26.05,2241100,52.1
2023-05-04,26.05,26.05,25.55,25.65,1498400,51.3
2023-05-05,25.45,25.7,25.3,25.35,1298800,50.7
2023-05-08,25.35,25.45,25.25,25.45,1338200,50.9
2023-05-09,25.45,25.5,25.2,25.3,1113400,50.6
2023-05-10,25.4,25.4,25.2,25.3,1069300,50.6
2023-05-11,25.35,25.35,25.15,25.25,1190300,50.5
2023-05-12,25.35,25.95,25.25,25.85,2093000,51.7
2023-05-15,27.45,27.45,27,27.2,4520000,54.4
2023-05-16,27.3,27.4,26.4,26.45,2621400,52.9
2023-05-17,26.45,26.9,26.25,26.6,2168200,53.2
2023-05-18,26.8,26.9,26.5,26.6,2078700,53.2
2023-05-19,26.7,26.7,26.05,26.25,1932200,52.5
2023-05-22,26.25,26.35,25.95,26.05,1855200,52.1
2023-05-23,26.1,26.75,26.1,26.3,2019000,52.6
2023-05-24,26.4,26.4,26.15,26.3,1290300,52.6
2023-05-25,26.3,26.35,26.1,26.3,1453500,52.6
2023-05-26,26.2,26.25,26,26,1593300,52
2023-05-29,26,26.45,26,26.35,1381300,52.7
2023-05-30,26.35,26.45,26.15,26.2,1315000,52.4
2023-05-31,26.2,26.2,26,26,2432000,52
2023-06-01,26,26.1,25.8,26,1526900,52
2023-06-02,26,26.15,25.95,26,1731400,52
2023-06-05,26.05,26.25,26,26.05,1824300,52.1
2023-06-06,26.1,26.6,26.1,26.6,2120200,53.2
2023-06-07,26.65,26.8,26.3,26.4,1656100,52.8
2023-06-08,26.4,26.5,26.2,26.2,1436100,52.4
2023-06-09,26.25,26.3,26.1,26.15,819000,52.3
2023-06-12,26.25,26.7,26.25,26.7,1711500,53.4
2023-06-13,26.85,27.15,26.65,27.05,2112100,54.1
2023-06-14,27.05,27.35,26.9,26.9,2242800,53.8
2023-06-15,26.9,27.25,26.65,26.75,2114700,53.5
2023-06-16,26.9,27,26.3,26.75,3878900,53.5
2023-06-19,26.9,26.9,26.05,26.05,2316600,52.1
2023-06-20,26,26.25,25.95,26,1464500,52
2023-06-21,26.05,26.2,25.85,26.2,2070400,52.4
2023-06-22,26.35,26.4,26,26.2,1626300,52.4
2023-06-23,26.05,26.15,25.95,26,2178900,52
2023-06-26,26.05,26.35,25.95,26.1,1524700,52.2
2023-06-27,26.1,26.5,26.1,26.2,2488300,52.4
2023-06-28,26.3,26.35,26,26.1,1893500,52.2
2023-06-29,26.1,26.2,25.9,25.9,1628300,51.8
2023-06-30,25.9,25.95,25.5,25.5,1743900,51
2023-07-03,25.75,25.85,25.55,25.55,1866100,51.1
2023-07-04,25.75,25.75,25.55,25.65,1359600,51.3
2023-07-05,25.7,25.8,25.45,25.5,2479200,51
2023-07-06,25.5,25.7,25.2,25.2,2599600,50.4
2023-07-07,25.25,25.3,25,25.05,2941600,50.1
2023-07-10,25.25,25.6,25.1,25.45,3345300,50.9
2023-07-11,25.5,25.65,25.4,25.4,1927900,50.8
2023-07-12,25.55,25.95,25.4,25.7,2295600,51.4
2023-07-13,25.75,26,25.6,25.75,1894000,51.5
2023-07-14,25.9,25.9,25.5,25.7,2013700,51.4
2023-07-17,25.8,26.55,25.7,26.45,4605500,52.9
2023-07-18,26.5,26.55,26.3,26.35,2091900,52.7
2023-07-19,26.45,26.45,26.05,26.05,1816000,52.1
2023-07-20,26.05,26.3,25.8,26,1893800,52
2023-07-21,26,26.15,25.8,26.05,2324800,52.1
2023-07-24,26.1,26.3,25.9,26,2621700,52
2023-07-25,26.05,26.1,25.75,25.75,3804000,51.5
2023-07-26,25.7,25.95,25.5,25.5,4119700,51
2023-07-27,25.5,25.75,25.4,25.55,3932500,51.1
2023-07-28,25.55,25.8,25.45,25.75,3550200,51.5
2023-07-31,27.55,27.55,27.3,27.55,10561900,55.1
2023-08-01,29.4,29.45,29,29.45,12259300,58.9
2023-08-02,29.5,29.95,29.05,29.15,12347800,58.3
2023-08-03,29.15,29.75,29,29.1,7522800,58.2
2023-08-04,29.5,31.1,29.5,31.1,21210800,62.2
2023-08-07,31.75,32.15,31.2,31.95,8090300,63.9
2023-08-08,32,33.75,31.8,33.5,11056400,67
2023-08-09,33.5,33.9,32.85,32.9,9768400,65.8
2023-08-10,33.15,34.2,33.05,33.95,7897700,67.9
2023-08-11,36.3,36.3,36.05,36.3,23093100,72.6
2023-08-14,37.45,37.7,35.75,36.65,12704000,73.3
2023-08-15,36.5,36.65,35.35,35.35,14765300,70.7
2023-08-16,37.8,37.8,37.7,37.8,19414900,75.6
2023-08-17,37.8,38.3,35.95,35.95,22232600,71.9
2023-08-18,34.55,35,33.45,33.45,26621900,66.9
2023-08-21,33,33.05,31.65,32.9,22403700,65.8
2023-08-22,33.5,33.55,31.4,32.25,13120800,64.5
2023-08-23,34.5,34.5,32.5,32.5,20341500,65
2023-08-24,32.85,32.9,31.3,32.1,16616200,64.2
2023-08-25,32.6,33.35,31.65,31.75,17900300,63.5
2023-08-28,32.5,33.35,32.25,32.35,16715600,64.7
2023-08-29,32.85,32.95,31.6,31.7,20650300,63.4
2023-08-30,31.5,31.5,30.3,31,24550800,62
2023-08-31,31.25,32.05,31,31.05,14984700,62.1
2023-09-05,31.25,31.95,30.85,31.15,13059500,62.3
2023-09-06,31.2,31.25,30.4,30.8,19411000,61.6
2023-09-07,31,31.25,30.4,30.4,16127800,60.8
2023-09-08,30.25,30.3,29.55,29.55,28220800,59.1
2023-09-11,30.05,30.7,29.55,29.55,16362000,59.1
2023-09-12,29.9,30.25,29.55,30.15,15067200,60.3
2023-09-13,30.4,30.7,29.55,29.6,16321000,59.2
2023-09-14,29.55,29.65,27.75,27.75,26861000,55.5
2023-09-15,28,28.15,26.6,26.8,18952400,53.6
2023-09-18,26.8,26.8,26.2,26.5,11462100,53
2023-09-19,26.75,26.95,25.75,25.85,12789300,51.7
2023-09-20,26,26.75,25.85,26.75,11801500,53.5
2023-09-21,26.9,26.9,26.1,26.1,8502600,52.2
2023-09-22,25.75,25.8,24.9,25,17451900,50
2023-09-25,25.05,25.2,23.25,23.25,16835400,46.5
2023-09-26,23,23.375,22.275,22.5,15113400,45
2023-09-27,22.3,22.625,22.025,22.6,8890400,45.2
2023-09-28,22.6,22.65,22.05,22.5,6887100,45
2023-09-29,22.6,24.075,22.575,23.425,13568000,46.85
2023-10-02,23.5,23.775,23.25,23.45,5084800,46.9
2023-10-03,22.95,23,21.925,22.25,12896800,44.5
2023-10-04,22.25,23.15,22.025,23.05,6718300,46.1
2023-10-05,23.1,23.2,22.4,22.8,5358200,45.6
2023-10-06,22.95,23.125,22.5,22.975,6192900,45.95
2023-10-09,23,23.025,22.6,22.6,4889700,45.2
2023-10-10,22.8,23.075,22.45,22.45,5861600,44.9
2023-10-11,22.525,22.725,22.5,22.725,3629700,45.45
2023-10-12,23,23.65,22.9,23.25,7710800,46.5
2023-10-13,23.025,23.225,22.775,23.05,5057900,46.1
2023-10-16,23.025,23.025,22.5,22.5,4839400,45
2023-10-17,22.5,22.575,22,22,4845000,44
2023-10-18,22.025,22.275,20.75,21.9,8869200,43.8
2023-10-19,21.9,21.95,21.2,21.6,5382400,43.2
2023-10-20,21.5,21.675,20.925,21.675,5953100,43.35
2023-10-23,21.675,21.7,21.3,21.7,4900400,43.4
2023-10-24,21.6,21.75,21.45,21.725,2821800,43.45
2023-10-25,22.1,22.65,21.925,22.35,6225600,44.7
2023-10-26,21.45,21.475,20.8,20.8,15106800,41.6
2023-10-27,20.825,20.9,19.35,20.8,13998100,41.6
2023-10-30,20.65,20.775,19.875,20.75,6062800,41.5
2023-10-31,20.525,20.775,20.225,20.25,5938400,40.5
2023-11-01,19.85,20.25,19.725,20.2,4618900,40.4
2023-11-02,20.25,20.75,19.825,20.725,6047500,41.45
2023-11-03,20.85,21.05,20.625,20.8,4094900,41.6
2023-11-06,20.975,21.15,20.825,21.05,4294000,42.1
2023-11-07,20.9,21.075,20.625,21.025,4222000,42.05
2023-11-08,20.95,21.525,20.8,21.5,4749500,43
2023-11-09,22,22.85,22,22.7,7308000,45.4
2023-11-10,22.5,22.6,22.2,22.475,5103200,44.95
2023-11-13,22.525,22.525,22.225,22.4,3953800,44.8
2023-11-14,22.475,22.75,22.25,22.475,3845100,44.95
2023-11-15,22.7,22.8,22.45,22.7,6206500,45.4
2023-11-16,22.7,22.7,22.425,22.55,2341300,45.1
2023-11-17,22.6,22.6,21.075,21.1,11573200,42.2
2023-11-20,20.45,21.4,20.45,21.35,4304300,42.7
2023-11-21,21.525,21.575,21.025,21.3,2852100,42.6
2023-11-22,21.475,21.5,20.925,21,3797800,42
2023-11-23,21,21.3,20.65,20.65,3301600,41.3
2023-11-24,20.675,20.75,20.3,20.675,3524600,41.35
2023-11-27,20.65,21.1,20.65,20.925,2794800,41.85
2023-11-28,20.925,21.25,20.8,21.2,2472300,42.4
2023-11-29,21.2,21.325,21.15,21.275,2051700,42.55
2023-11-30,21.25,21.425,20.875,20.875,3466400,41.75
2023-12-01,21.025,21.1,20.925,21.05,2301700,42.1
2023-12-04,21.05,21.5,21.05,21.475,3571300,42.95
2023-12-05,21.475,21.575,21.3,21.4,3626700,42.8
2023-12-06,21.25,21.5,21.25,21.4,2341200,42.8
2023-12-07,21.4,21.6,20.95,21.4,4453200,42.8
2023-12-08,21.3,21.525,21.275,21.475,2652300,42.95
2023-12-11,21.625,22.175,21.625,22.025,5292200,44.05
2023-12-12,22.025,22.2,22,22.125,2774200,44.25
2023-12-13,22.05,22.175,21.6,21.95,3973900,43.9
2023-12-14,21.975,22.025,21.725,21.9,3042800,43.8
2023-12-15,21.85,21.975,21.525,21.85,6066700,43.7
2023-12-18,21.85,21.975,21.525,21.6,2345200,43.2
2023-12-19,21.65,21.65,21.15,21.6,2813900,43.2
2023-12-20,21.475,21.725,21.425,21.625,1760100,43.25
2023-12-21,21.5,21.65,21.4,21.6,1890500,43.2
2023-12-22,21.6,21.675,21.375,21.575,2001100,43.15
2023-12-25,21.55,21.775,21.5,21.7,1977500,43.4
2023-12-26,21.7,21.875,21.675,21.775,1763700,43.55
2023-12-27,21.825,21.975,21.8,21.8,1848500,43.6
2023-12-28,21.8,22.3,21.8,22.225,4070700,44.45
2023-12-29,22.325,22.425,22.225,22.3,2168900,44.6
2024-01-02,22.475,22.475,22,22,2281300,44
2024-01-03,21.75,22.075,21.75,22.075,2275100,44.15
2024-01-04,22.075,22.2,21.9,22.075,2337800,44.15
2024-01-05,22.075,22.1,21.95,22.05,1481600,44.1
2024-01-08,22.225,22.375,22.05,22.175,2534400,44.35
2024-01-09,22.15,22.2,21.95,21.95,1604800,43.9
2024-01-10,21.95,22.025,21.6,21.8,2675700,43.6
2024-01-11,21.8,22,21.7,21.825,1666100,43.65
2024-01-12,21.75,21.75,21.35,21.5,2966600,43
2024-01-15,21.75,21.75,21.525,21.525,1456300,43.05
2024-01-16,21.5,21.625,21.425,21.575,1436500,43.15
2024-01-17,21.575,21.725,21.475,21.6,1878300,43.2
2024-01-18,21.5,21.75,21.5,21.675,1725100,43.35
2024-01-19,21.675,21.725,21.575,21.65,2905400,43.3
2024-01-22,21.75,21.75,21.575,21.65,1691900,43.3
2024-01-23,21.7,21.7,21.45,21.55,2211000,43.1
2024-01-24,21.6,21.625,21.45,21.575,1693500,43.15
2024-01-25,21.55,21.55,21.4,21.4,1155300,42.8
2024-01-26,21.35,21.5,21.325,21.4,1807600,42.8
2024-01-29,21.4,21.425,21.2,21.325,1816400,42.65
2024-01-30,21.325,21.4,21.25,21.35,1332900,42.7
2024-01-31,21.35,21.4,21.05,21.25,2738900,42.5
2024-02-01,21.225,21.25,21.025,21.175,2196100,42.35
2024-02-02,21.175,21.25,21.025,21.05,1981500,42.1
2024-02-05,21.1,21.1,20.9,21.1,2692400,42.2
2024-02-06,21.125,21.175,20.95,21.15,1594700,42.3
2024-02-07,21.15,21.2,21,21.2,1596000,42.4
2024-02-15,21.25,21.4,21.1,21.275,1934700,42.55
2024-02-16,21.275,22.075,21.25,21.975,4992200,43.95
2024-02-19,22.15,23.5,22.15,23.5,16636900,47
2024-02-20,24,24.675,23.95,24.25,8974900,48.5
2024-02-21,24.275,24.275,23.55,23.625,6649000,47.25
2024-02-22,23.625,23.85,23.5,23.8,4022500,47.6
2024-02-23,23.975,23.975,22.6,22.6,9877200,45.2
2024-02-26,22.675,22.875,22.15,22.3,5089400,44.6
2024-02-27,22.4,22.825,22.175,22.575,4367500,45.15
2024-02-28,22.95,23.2,22.625,22.8,3369700,45.6
2024-02-29,23,23.075,22.5,22.5,4017000,45
2024-03-01,22.5,22.8,22.425,22.625,2982700,45.25
2024-03-04,22.65,22.875,22.575,22.625,3738900,45.25
2024-03-05,22.6,22.75,22.5,22.65,3151800,45.3
2024-03-06,22.65,23.425,22.6,22.8,3696000,45.6
2024-03-07,22.8,22.925,22.675,22.8,2466500,45.6
2024-03-08,23,23,22.4,22.4,3896700,44.8
2024-03-11,22.45,22.625,22.175,22.175,3451600,44.35
2024-03-12,22.175,22.3,22.025,22.075,2836600,44.15
2024-03-13,22.125,22.5,22.05,22.5,2238600,45
2024-03-14,22.6,23.425,22.5,22.975,6021400,45.95
2024-03-15,22.95,23,22.2,22.2,4813400,44.4
2024-03-18,22.425,23.1,21.95,23.05,7732700,46.1
2024-03-19,23.1,23.65,22.8,23.5,7828400,47
2024-03-20,23.4,23.5,22.9,23.25,4695000,46.5
2024-03-21,23.25,23.425,22.95,23.25,3525800,46.5
2024-03-22,23.25,23.35,23.025,23.3,5198400,46.6
2024-03-25,23.3,23.7,23.075,23.425,4738500,46.85
2024-03-26,23.5,23.6,23.3,23.525,3479000,47.05
2024-03-27,23.525,23.65,23.35,23.525,4203100,47.05
2024-03-28,23.525,23.975,23.45,23.8,4639100,47.6
2024-03-29,23.925,23.95,23.65,23.825,3524600,47.65
2024-04-01,23.825,24.05,23.675,23.925,4451800,47.85
2024-04-02,23.5,23.95,23.25,23.9,4818000,47.8
2024-04-03,23.75,23.925,23.6,23.875,4260400,47.75
2024-04-04,23.625,23.975,23.625,23.925,4122100,47.85
2024-04-05,23.725,23.975,23.65,23.9,3382700,47.8
2024-04-08,24,24,23.675,23.85,2948500,47.7
2024-04-09,23.8,23.85,23.5,23.85,3502300,47.7
2024-04-10,23.85,24.325,23.825,24.25,5161600,48.5
2024-04-11,24.125,24.275,23.875,24.15,3397900,48.3
2024-04-12,24.175,24.35,24.075,24.225,3009600,48.45
2024-04-15,24,24.1,23,23.5,5597200,47
2024-04-16,23.5,23.5,22.325,23.2,4793200,46.4
2024-04-17,23.25,23.25,22.25,22.5,3009600,45
2024-04-19,21.8,22,21.3,21.3,3674400,42.6
2024-04-22,21.325,21.5,20.85,21,3217600,42
2024-04-23,21.225,21.225,20.5,20.5,2696100,41
2024-04-24,20.55,20.975,20.55,20.8,1583300,41.6
2024-04-25,20.85,21.175,20.65,21,1517500,42
2024-04-26,20.975,22.225,20.95,22.225,2697700,44.45
2024-05-02,22,22.2,21.8,22.2,1596500,44.4
2024-05-03,22.3,22.45,22,22.225,1315200,44.45
2024-05-06,22.225,22.375,21.925,22.375,1524400,44.75
2024-05-07,22.675,22.675,22.25,22.5,1053500,45
2024-05-08,22.55,22.7,22.15,22.7,1713400,45.4
2024-05-09,22.7,23,22.525,22.7,1415400,45.4
2024-05-10,22.7,22.85,22.25,22.5,1166900,45
2024-05-13,22.65,22.675,22.175,22.5,1711800,45
2024-05-14,24.05,24.05,23.025,23.025,5263900,46.05
2024-05-15,23.1,23.375,23,23.175,1357800,46.35
2024-05-16,23.3,23.575,23.1,23.375,2782500,46.75
2024-05-17,23.375,23.45,23.125,23.425,2168200,46.85
2024-05-20,23.5,23.775,23.175,23.35,3224900,46.7
2024-05-21,23.5,23.85,23.225,23.225,3335500,46.45
2024-05-22,23.175,23.45,22.75,22.75,3149300,45.5
2024-05-23,22.625,22.95,22.375,22.775,2649700,45.55
2024-05-24,22.575,22.8,22.075,22.475,3715400,44.95
2024-05-27,22.475,22.625,22.225,22.525,1713000,45.05
2024-05-28,22.5,22.65,22.225,22.525,2253600,45.05
2024-05-29,22.525,22.6,22.125,22.2,2583100,44.4
2024-05-30,22.2,22.25,21.575,21.575,2387000,43.15
2024-05-31,21.75,22.3,21.65,21.775,1663200,43.55
2024-06-03,21.9,22.3,21.9,21.975,1537000,43.95
2024-06-04,22.15,22.275,22,22.05,1463500,44.1
2024-06-05,22.05,22.375,22.05,22.1,1611400,44.2
2024-06-06,22.15,22.175,21.85,21.85,1823500,43.7
2024-06-07,21.95,22,21.6,21.75,1681700,43.5
2024-06-10,21.75,21.95,21.7,21.725,1582400,43.45
2024-06-11,21.65,21.725,21.275,21.6,4835000,43.2
2024-06-12,21.4,21.75,21.25,21.65,2292500,43.3
2024-06-13,21.65,21.75,21.45,21.6,2144000,43.2
2024-06-14,21.6,21.625,21,21,2718400,42
2024-06-17,21.3,21.475,21,21,2059700,42
2024-06-18,21.15,21.475,21.05,21.05,1832400,42.1
2024-06-19,21.175,21.225,20.725,20.75,3271200,41.5
2024-06-20,20.775,20.9,20.675,20.725,2357100,41.45
2024-06-21,20.725,20.825,20.575,20.825,2683900,41.65
2024-06-24,20.825,21.15,20.55,20.55,2804500,41.1
2024-06-25,20.575,21,20.575,20.6,1597200,41.2
2024-06-26,20.65,20.85,20.575,20.6,1918500,41.2
2024-06-27,20.55,20.7,20.5,20.5,1312100,41
2024-06-28,20.55,20.675,20.45,20.6,1785000,41.2
2024-07-01,20.7,20.7,20.525,20.675,903300,41.35
2024-07-02,20.7,20.875,20.65,20.8,1493400,41.6
2024-07-03,20.8,20.825,20.625,20.675,1138000,41.35
2024-07-04,20.75,20.85,20.65,20.7,1214300,41.4
2024-07-05,20.7,20.725,20.55,20.7,1445400,41.4
2024-07-08,20.7,20.7,20.175,20.2,3503600,40.4
2024-07-09,20.25,20.475,20.075,20.4,2286700,40.8
2024-07-10,20.475,20.475,20.3,20.3,1235400,40.6
2024-07-11,20.45,20.875,20.35,20.55,2747000,41.1
2024-07-12,20.85,21.4,20.825,20.875,3312000,41.75
2024-07-15,20.875,21.125,20.65,20.675,966900,41.35
2024-07-16,20.675,20.85,20.35,20.525,1863400,41.05
2024-07-17,20.5,20.5,20.075,20.3,2651000,40.6
2024-07-18,20.3,20.3,20.075,20.275,2142300,40.55
2024-07-19,20.35,20.55,20.15,20.375,1748000,40.75
2024-07-22,20.375,20.5,20.1,20.375,1776000,40.75
2024-07-23,20.375,20.425,20.2,20.425,1446300,40.85
2024-07-24,20.4,20.5,20.225,20.45,1657400,40.9
2024-07-25,20.65,21.3,20.425,20.8,4336200,41.6
2024-07-26,20.95,21.075,20.625,20.8,1376600,41.6
2024-07-29,20.8,20.8,20.375,20.8,2665100,41.6
2024-07-30,20.975,21.1,20.5,21.1,2426200,42.2
2024-07-31,21.15,21.15,20.775,21.15,2598500,42.3
2024-08-01,21.05,21.15,20.75,21.05,3279200,42.1
2024-08-02,21.075,21.1,20.4,21,2214600,42
2024-08-05,20.5,20.825,20.2,20.65,3942800,41.3
2024-08-06,20.75,20.775,20.275,20.65,1722300,41.3
2024-08-07,20.875,21.75,20.875,21.175,5315500,42.35
2024-08-08,21.025,21.1,20.825,20.9,1543000,41.8
2024-08-09,20.9,21,20.6,20.6,2266900,41.2
2024-08-12,20.55,20.6,20.3,20.3,1806700,40.6
2024-08-13,20.325,20.6,20.325,20.35,1399600,40.7
2024-08-14,20.375,20.6,20.375,20.4,1377400,40.8
2024-08-15,20.5,20.575,20.4,20.4,1213500,40.8
2024-08-16,20.45,20.8,20.45,20.575,2307000,41.15
2024-08-19,20.65,20.775,20.525,20.575,1644900,41.15
2024-08-20,20.575,21.1,20.5,20.85,3036500,41.7
2024-08-21,20.8,21,20.75,20.925,1664500,41.85
2024-08-22,20.925,21.175,20.775,20.775,2379500,41.55
2024-08-23,20.8,21,20.75,20.775,1748500,41.55
2024-08-26,20.825,21.175,20.825,21.075,2497500,42.15
2024-08-27,21.05,22.55,21.05,22.55,12748800,45.1
2024-08-28,22.75,23.05,22.2,22.2,4933500,44.4
2024-08-29,22.125,22.4,22.025,22.1,3209900,44.2
2024-08-30,22.275,22.6,22.1,22.1,3398500,44.2
2024-09-04,21.8,22.15,21.65,22,3198700,44
2024-09-05,22.275,22.975,22.2,22.525,4519500,45.05
2024-09-06,22.675,22.675,22.3,22.325,2501900,44.65
2024-09-09,22.1,22.25,21.725,21.85,4810700,43.7
2024-09-10,21.85,21.95,21.3,21.5,4601800,43
2024-09-11,21.325,21.5,21.05,21.5,3098200,43
2024-09-12,21.525,21.625,21.275,21.45,2166600,42.9
2024-09-13,21.45,21.475,21.25,21.45,1526300,42.9
2024-09-16,21.35,21.8,21.025,21.025,2005200,42.05
2024-09-17,21.025,21.6,21.025,21.45,2237700,42.9
2024-09-18,21.45,21.65,21.325,21.325,2746900,42.65
2024-09-19,21.4,21.6,21.35,21.45,2240000,42.9
2024-09-20,21.5,21.825,21.15,21.15,3926500,42.3
2024-09-23,21.45,21.45,21.175,21.175,1713400,42.35
2024-09-24,21.2,21.325,21.175,21.275,1438700,42.55
2024-09-25,21.375,21.45,21.2,21.3,3721100,42.6
2024-09-26,21.3,21.55,21.3,21.3,2768500,42.6
2024-09-27,21.45,21.45,21.225,21.25,2740700,42.5
2024-09-30,21.2,21.3,21,21,2924300,42
2024-10-01,21.025,21.375,21.025,21.15,1914600,42.3
2024-10-02,21.175,21.2,21.025,21.025,1527200,42.05
2024-10-03,21.05,21.225,20.675,20.675,3460400,41.35
2024-10-04,20.675,20.675,20.45,20.5,2144700,41
2024-10-07,20.55,20.775,20.425,20.425,1652400,40.85
2024-10-08,20.525,20.525,20.3,20.45,2648700,40.9
2024-10-09,20.525,20.8,20.5,20.8,1210800,41.6
2024-10-10,20.8,20.825,20.65,20.7,1471200,41.4
2024-10-11,20.7,20.975,20.675,20.9,1709800,41.8
2024-10-14,21.25,21.7,21.075,21.075,4264900,42.15
2024-10-15,21.125,21.25,20.775,20.825,1847000,41.65
2024-10-16,20.75,20.9,20.725,20.75,1211100,41.5
2024-10-17,20.875,20.9,20.725,20.775,1030100,41.55
2024-10-18,20.85,21.1,20.85,20.9,1174800,41.8
2024-10-21,20.925,21.45,20.925,21.125,2219200,42.25
2024-10-22,21.3,21.3,21.1,21.1,2045600,42.2
2024-10-23,21.35,22.15,21.35,21.6,5014800,43.2
2024-10-24,21.5,21.55,21.025,21.025,2055400,42.05
2024-10-25,21.1,21.15,20.775,20.775,2047900,41.55
2024-10-28,20.8,20.875,20.725,20.725,1473100,41.45
2024-10-29,20.75,20.85,20.65,20.675,1285000,41.35
2024-10-30,20.725,20.85,20.4,20.5,2024200,41
2024-10-31,20.7,20.85,20.525,20.775,1827900,41.55
2024-11-01,20.775,20.8,20.55,20.6,1338600,41.2
2024-11-04,20.7,20.75,20.525,20.6,1345200,41.2
2024-11-05,20.6,20.65,20.525,20.65,963000,41.3
2024-11-06,20.75,21,20.7,20.9,1521600,41.8
2024-11-07,21,21.125,20.85,20.85,1172800,41.7
2024-11-08,20.9,20.9,20.5,20.525,2191200,41.05
2024-11-11,20.525,20.575,20.325,20.4,1944400,40.8
2024-11-12,20.5,20.75,20.25,20.275,2485900,40.55
2024-11-13,20.425,20.575,20.25,20.3,2043200,40.6
2024-11-14,20.325,20.65,20.3,20.35,1968300,40.7
2024-11-15,20.325,20.525,20.275,20.275,2310300,40.55
2024-11-18,20.275,20.425,20.175,20.2,1892700,40.4
2024-11-19,20.2,20.35,20.175,20.175,1858400,40.35
2024-11-20,20.1,20.325,20.075,20.175,1840800,40.35
2024-11-21,20.175,20.3,20.15,20.175,1991900,40.35
2024-11-22,20.175,20.425,20.15,20.225,1336300,40.45
2024-11-25,20.225,20.5,20.225,20.5,1915300,41
2024-11-26,20.5,20.65,20.5,20.525,1230800,41.05
2024-11-27,20.525,20.525,20.375,20.375,992200,40.75
2024-11-28,20.55,20.6,20.35,20.35,1116300,40.7
2024-11-29,20.325,20.375,20.25,20.25,1965400,40.5
2024-12-02,20.275,20.475,20.15,20.175,2064000,40.35
2024-12-03,20.2,20.3,20.125,20.2,1873300,40.4
2024-12-04,20.2,20.2,19.9,20,2491600,40
2024-12-05,20.4,20.5,20.15,20.425,3370100,40.85
2024-12-06,20.425,21.15,20.375,20.925,5327100,41.85
2024-12-09,21.05,21.425,20.925,20.925,3341600,41.85
2024-12-10,20.925,20.95,20.6,20.6,2352900,41.2
2024-12-11,20.6,20.7,20.45,20.65,2168100,41.3
2024-12-12,20.65,20.675,20.45,20.45,2147400,40.9
2024-12-13,20.375,20.45,20.3,20.4,1952200,40.8
2024-12-16,20.4,20.45,20.3,20.35,1159200,40.7
2024-12-17,20.35,20.4,20.275,20.275,1329900,40.55
2024-12-18,20.275,20.425,20.275,20.3,850100,40.6
2024-12-19,20.15,20.2,20.05,20.15,2486800,40.3
2024-12-20,20.15,20.25,20.125,20.25,1569200,40.5
2024-12-23,20.25,20.425,20.25,20.3,999700,40.6
2024-12-24,20.25,20.3,20.175,20.3,1333700,40.6
2024-12-25,20.3,20.525,20.275,20.325,1908100,40.65
2024-12-26,20.35,20.5,20.325,20.325,877500,40.65
2024-12-27,20.35,20.45,20.275,20.275,1497700,40.55
2024-12-30,20.175,20.3,20.15,20.275,1415300,40.55
2024-12-31,20.275,20.3,20.15,20.275,1784400,40.55
2025-01-02,20.25,20.275,20.15,20.275,1340500,40.55
2025-01-03,20.275,20.275,20.075,20.25,1729100,40.5
2025-01-06,20.2,20.25,20.15,20.25,1625900,40.5
2025-01-07,20.15,20.275,20.1,20.25,1965000,40.5
2025-01-08,20.2,20.275,20.15,20.25,925800,40.5
2025-01-09,20.275,20.5,20.25,20.375,1187900,40.75
2025-01-10,20.375,20.45,20.2,20.25,1104600,40.5
2025-01-13,19.85,20.175,19.85,20.15,1680700,40.3
2025-01-14,20.1,20.1,19.9,20.1,2326300,40.2
2025-01-15,20.15,20.175,20,20.125,874200,40.25
2025-01-16,20.15,20.325,20.05,20.225,1999800,40.45
2025-01-17,20.25,20.275,20.125,20.225,1173800,40.45
2025-01-20,20.15,20.225,20.125,20.2,646200,40.4
2025-01-21,20.275,20.275,20.15,20.225,1313500,40.45
2025-01-22,20.25,20.25,20.05,20.2,1135200,40.4
2025-01-23,20.2,20.325,20.125,20.2,1420100,40.4
2025-01-24,20.125,20.25,20.1,20.2,1387900,40.4
2025-02-04,20.025,20.1,19.925,20.05,1440900,40.1
2025-02-05,20.1,20.225,20.025,20.025,1059300,40.05
2025-02-06,20.175,20.275,20.025,20.225,1314600,40.45
2025-02-07,20.25,20.35,20.125,20.325,1394900,40.65
2025-02-10,20.175,20.175,20,20,1534300,40
2025-02-11,20,20.05,19.925,19.975,1436000,39.95
2025-02-12,19.975,20.05,19.95,19.95,940900,39.9
2025-02-13,19.95,20.15,19.925,20.125,1052900,40.25
2025-02-14,20.25,20.25,20.1,20.125,996500,40.25
2025-02-17,20.125,20.2,20.025,20.05,851700,40.1
2025-02-18,20.05,20.225,19.95,20.1,1200000,40.2
2025-02-19,20.1,20.25,20.025,20.2,1574300,40.4
2025-02-20,20.225,20.625,20.2,20.475,2936300,40.95
2025-02-21,20.475,20.475,20.325,20.325,1332100,40.65
2025-02-24,20.175,20.325,20.175,20.3,1540100,40.6
2025-02-25,20.35,20.575,20.325,20.35,1793300,40.7
2025-02-26,20.5,20.55,20.4,20.5,1364900,41
2025-02-27,20.6,20.6,20.375,20.525,1441600,41.05
2025-02-28,20.525,20.8,20.35,20.6,2771000,41.2
2025-03-03,20.65,21.2,20.6,21.025,2857500,42.05
2025-03-04,21.225,21.25,20.9,20.975,3056500,41.95
2025-03-05,21.025,21.25,21,21.125,2907700,42.25
2025-03-06,21.15,21.275,21.025,21.175,2628200,42.35
2025-03-07,21.15,22.65,21.125,22.65,11502700,45.3
2025-03-10,22.95,23.95,22.9,23.65,9904400,47.3
2025-03-11,23.45,23.65,23.25,23.65,5692400,47.3
2025-03-12,23.675,24.125,23.675,24.05,7003400,48.1
2025-03-13,24.15,25.7,23.75,25.7,16415000,51.4
2025-03-14,25.9,26.4,25.7,26.1,8422600,52.2
2025-03-17,26.25,26.35,25.4,26.05,6497300,52.1
2025-03-18,26.05,26.35,25.55,25.65,6017000,51.3
2025-03-19,25.4,26.25,24.6,25.95,10342000,51.9
2025-03-20,26,26.6,25.35,25.75,6629100,51.5
2025-03-21,25.8,26.5,25.5,26.5,7486300,53
2025-03-24,26.5,28.35,26.35,28.35,11901000,56.7
2025-03-25,28.85,29.6,28.3,28.45,7932000,56.9
2025-03-26,28.9,29,27.85,28.5,6487700,57
2025-03-27,28.75,29.35,28.3,28.55,4569200,57.1
2025-03-28,28.5,29.15,28.45,29,5542600,58
2025-03-31,28.9,29.25,28.65,29,6654000,58
2025-04-01,29.35,30.4,29.1,29.85,7757400,59.7
2025-04-02,30.25,30.6,29.75,30.2,7316000,60.4
2025-04-03,29.1,29.9,28.1,28.1,19210900,56.2
2025-04-04,27.1,29.75,26.7,29.15,14551100,58.3
2025-04-08,29,29,27.15,27.55,11574700,55.1
2025-04-09,26.05,29.2,26.05,28.5,13002500,57
2025-04-10,30.45,30.45,30.45,30.45,3803200,60.9
2025-04-11,29.85,32.55,29.85,32.55,13360300,65.1
2025-04-14,33.25,34.8,33,34.8,8825200,69.6
2025-04-15,35.2,37.2,35,35.25,12266200,70.5
2025-04-16,35.3,36,33.7,33.95,7547800,67.9
2025-04-17,33.85,35.5,33.6,35.5,8063200,71
2025-04-18,35.9,35.9,33.05,33.05,10565700,66.1
2025-04-21,32.05,33.7,30.75,30.75,15468900,61.5
2025-04-22,31,31.35,29,29.5,12818600,59
2025-04-23,30,30.15,29.15,29.3,18984200,58.6
2025-04-24,29.45,31.35,29.3,31.35,8730000,62.7
2025-04-25,32.2,33.5,32,33.5,14779000,67
2025-04-28,33.9,34.5,33.35,34,7023300,68
2025-04-29,33.5,34,31.9,34,13384800,68
2025-05-05,34.45,36.2,34,35,4406800,70
2025-05-06,35.3,35.9,34.7,35.25,5708100,70.5
2025-05-07,35.3,37,35.2,36.7,7611900,73.4
2025-05-08,37.4,39.25,37.1,39.25,7176700,78.5
2025-05-09,40.05,40.45,37.75,38.25,7034400,76.5
2025-05-12,39.2,40.1,38.5,39.7,5880900,79.4
2025-05-13,40.25,40.25,38.35,39.8,9649000,79.6
2025-05-14,39.55,41.25,39.2,39.9,6639600,79.8
2025-05-15,39.5,39.95,38.6,39.9,8928700,79.8
2025-05-16,39.35,40.45,39.35,40,4658600,80
2025-05-19,40.05,42.8,40,42.8,9153200,85.6
2025-05-20,44.25,45.75,44.25,45.75,3889300,91.5
2025-05-21,48.95,48.95,44.95,46.75,7274400,93.5
2025-05-22,46.5,49.25,45.9,46.25,6559400,92.5
2025-05-23,46,48.15,45.9,46.5,4202800,93
2025-05-26,46.6,47.65,43.5,47.25,4813300,94.5
2025-05-27,47.35,47.5,45.75,47.25,6808300,94.5
2025-05-28,46.5,49.15,46.5,48.5,6149000,97
2025-05-29,48.6,49.5,48.05,48.5,4732400,97
2025-05-30,48.55,49.5,48.15,49.2,3270500,98.4
2025-06-02,49.35,49.9,47.1,49,6436100,98
2025-06-03,48.75,49.75,47.5,49.05,4412900,98.1
2025-06-04,49,49.25,48.2,49.05,3333300,98.1
2025-06-05,48.95,49.05,48.15,49,3350000,98
2025-06-06,48.3,49.25,48.2,48.5,2930200,97
2025-06-09,48.45,48.45,45.15,45.15,3775300,90.3
2025-06-10,43,46.45,43,45.3,6840100,90.6
2025-06-11,46.3,46.3,45,45.1,1438900,90.2
2025-06-12,45.7,45.8,42.35,43.4,4156300,86.8
2025-06-13,42.85,43,40.8,42.75,4992800,85.5
2025-06-16,42,42.8,41.3,42.7,2514600,85.4
2025-06-17,42.7,45.4,42.15,43.85,3384000,87.7
2025-06-18,43.85,44.5,43.45,44,1429200,88
2025-06-19,44,45.3,43.8,44.7,3247900,89.4
2025-06-20,44.7,44.7,43.35,43.4,13615300,86.8
2025-06-23,43.05,46.4,42.55,46.4,3871300,92.8
2025-06-24,47.45,49,46.85,47.9,3974800,95.8
2025-06-25,48,48.3,47.25,47.9,2655500,95.8
2025-06-26,47.5,48.5,47.5,47.5,1611200,95
2025-06-27,47.5,48.05,46.2,47.75,3029000,95.5
2025-06-30,47.75,48.15,47.55,47.8,1265200,95.6
2025-07-01,47.85,48.25,46.75,47.8,2334000,95.6
2025-07-02,47.15,47.75,47.15,47.7,1090300,95.4
2025-07-03,47.3,47.6,46.95,47.25,1890400,94.5
2025-07-04,47.2,47.2,45.75,45.95,3983100,91.9
2025-07-07,45.95,47.1,45.5,46.5,2009500,93
2025-07-08,46.5,47.5,46.45,46.65,1420800,93.3
2025-07-09,46.5,47.5,46.5,47.5,3286600,95
2025-07-10,48,50.8,48,50.8,7069900,101.6
2025-07-11,52.25,54.05,51.95,54,4793600,108
2025-07-14,57.5,57.75,55.5,56.5,5532400,113
2025-07-15,57,57,55.5,55.8,3248800,111.6
2025-07-16,55.5,59.1,55.05,58.7,3302900,117.4
2025-07-17,59.05,61.65,59.05,61,6597500,122
2025-07-18,62.35,62.35,58.75,59.5,6065800,119
2025-07-21,60.25,61.25,55.35,56,4306600,112
2025-07-22,56.1,58.75,56.1,58.75,3938700,117.5
2025-07-23,59.75,59.75,57.5,57.5,2804200,115
2025-07-24,57.6,58.5,54.85,58,6030600,116
2025-07-25,56.6,59,56.55,57.05,3383900,114.1
2025-07-28,57.5,59,57.05,57.8,3265900,115.6
2025-07-29,57.5,58.6,56.5,56.6,4560800,113.2
2025-07-30,56.6,57,54.05,54.75,4353100,109.5
2025-07-31,54.35,54.75,52.5,52.75,5664700,105.5
2025-08-01,53,54.9,52,52,3947500,104
2025-08-04,53.1,55.6,52.5,55.6,3877600,111.2
2025-08-05,58.8,59.45,57.3,58.75,8377700,117.5
2025-08-06,58.75,60,57.5,59.25,4212200,118.5
2025-08-07,59.25,61,57.5,57.5,4140100,115
2025-08-08,57.45,58.8,56.6,58.5,3217500,117
2025-08-11,58.5,59.45,57.5,57.75,3280300,115.5
2025-08-12,57.75,58.4,57.25,57.75,2958100,115.5
2025-08-13,57.5,58.25,57,58,4109600,116
2025-08-15,59.6,63,58.95,59.1,5258600,118.2
2025-08-18,59.1,59.25,58,59.1,3592000,118.2
2025-08-19,59.1,60.55,58.25,59.1,5290800,118.2
2025-08-20,59.3,63,58.95,62.1,7458200,124.2
2025-08-21,61.1,63.4,61,62.5,4069100,125
2025-08-22,61,63.75,61,62.05,5032500,124.1
2025-08-25,62,66.3,61.75,65.5,3813100,131
2025-08-26,65.5,69.95,64.5,67.75,2595000,135.5
2025-08-27,66.6,67.8,66,66,2351500,132
2025-08-28,66.1,67,65,65.05,2178800,130.1
2025-08-29,65.55,66.25,64.05,64.15,2470800,128.3
2025-09-03,63.55,64.1,62.25,62.5,2287100,125
2025-09-04,62.5,63,61.5,62.5,1988700,125
2025-09-05,62.6,64.9,62.5,62.5,2141000,125
2025-09-08,62.55,64,62.5,62.5,2203500,125
2025-09-09,62.5,64.8,62.05,64.6,2659700,129.2
2025-09-10,64.6,65.5,63.5,65.45,1985100,130.9
2025-09-11,65,68.75,64.55,68,3017000,136
2025-09-12,68,69.05,67.05,68.9,1964200,137.8
2025-09-15,68.85,68.9,67.4,68.9,2142000,137.8
2025-09-16,68.9,68.9,66.95,67.5,2920100,135
2025-09-17,66.75,71.95,66.7,71.55,3984900,143.1
2025-09-18,71.75,74.95,70.75,72.5,4389200,145
2025-09-19,72.5,76.6,71.5,76.6,5615300,153.2
2025-09-22,74.85,77.1,71.95,74.4,5112200,148.8
2025-09-23,74,75.05,72.8,74.6,1426200,149.2
2025-09-24,74.5,76,72.8,74.5,1753900,149
2025-09-25,74.5,79,73.45,79,2820700,158
2025-09-26,79,82.45,78,82,2709300,164
2025-09-29,81.15,87.4,80.5,86.4,2445600,172.8
2025-09-30,86.75,91.5,86.75,87.45,4674600,174.9
2025-10-01,87.45,87.5,83.9,85,2643100,170
2025-10-02,84.4,87.85,84.4,85.5,2381100,171
2025-10-03,86,89.65,85.55,88.25,4892400,176.5
2025-10-06,93.4,93.4,88.25,89.85,2398200,179.7
2025-10-07,90.55,91,89,90,2368100,180
2025-10-08,89.5,90.45,87.6,89.05,3256600,178.1
2025-10-09,88.5,90.8,88.15,89.75,4131300,179.5
2025-10-10,89.25,96,89.25,96,4294700,192
2025-10-13,96.95,102.7,96.95,102.7,7178300,205.4
2025-10-14,107.95,109.85,103.45,105.95,8065500,211.9
2025-10-15,107.05,107.45,103,104.75,3752400,209.5
2025-10-16,105,108.8,102.95,106.55,5217400,213.1
2025-10-17,107.05,107.3,99.95,102,5615100,204
2025-10-20,100,102.25,95,97.45,5671000,194.9
2025-10-21,101,102.45,96.85,101.7,3700400,203.4
2025-10-22,102,102,96.5,101.5,4196300,203
2025-10-23,101.45,107.75,100,107.5,4761200,215
2025-10-24,107.7,111.45,107.55,109.5,3412900,219
2025-10-27,111.45,113.25,107,107,3889100,214
2025-10-28,106.75,110.3,99.55,110.05,5205500,220.1
2025-10-29,109.5,109.5,105.95,106,2739200,212
2025-10-30,105.25,105.9,100.75,102.05,3772500,204.1
2025-10-31,101,101.85,95.5,95.5,7461600,191
2025-11-03,95.55,99.75,93,97.7,3627000,195.4
2025-11-04,99,102.45,98.05,100.5,2514100,201
2025-11-05,100.5,104,99.25,103.25,2136600,206.5
2025-11-06,103,105.75,101.9,103.9,4605200,207.8
2025-11-07,102.5,103.95,99.85,99.85,3701700,199.7
2025-11-10,99.4,102,96.65,99.5,2785800,199
2025-11-11,99.5,101.95,99.35,100.5,4226300,201
2025-11-12,99.8,105.6,99.8,105.6,3885100,211.2
2025-11-13,105,107.9,104.6,105.6,3061500,211.2
2025-11-14,105.4,105.65,104.05,105.5,2083100,211
2025-11-17,106,110.55,106,108.5,3889800,217
2025-11-18,108.5,110.5,107.75,110,3027200,220
2025-11-19,110,112.5,109.5,110.25,2328900,220.5
2025-11-20,110.45,115,110,114,2828600,228
2025-11-21,113.1,115.55,111,114.85,2778400,229.7
2025-11-24,114.65,121.95,114.65,119.75,3203000,239.5
2025-11-25,121.5,124.4,120,121.5,3425500,243
2025-11-26,123.5,123.5,118.75,122.5,4196800,245
2025-11-27,123.1,126.55,122.7,124,2348000,248
2025-11-28,124.1,131.4,124.1,130.2,3844800,260.4
2025-12-01,133.05,139.3,133,134.95,4500600,269.9
2025-12-02,135,138.75,131.5,137.5,4093500,275
2025-12-03,139.45,139.45,134.6,134.7,3328700,269.4
2025-12-04,134,135.4,131,133.5,3902000,267
2025-12-05,142.8,142.8,139.4,142.8,7001500,142.8
2025-12-08,152,152.7,149.1,152.7,4606600,152.7
2025-12-09,163.3,163.3,153,160,12839300,160
2025-12-10,160,160,148.8,148.8,6592900,148.8
2025-12-11,143,147.6,138.4,146,7957600,146
2025-12-12,147.8,147.8,140,144,4622400,144
2025-12-15,143.8,147,140,142.9,5214800,142.9
2025-12-16,142.9,149.3,140.4,142.9,5330200,142.9
2025-12-17,143.7,146.8,142.6,142.9,2867800,142.9
2025-12-18,143,143,139.7,142.7,5429000,142.7
2025-12-19,142.7,152.1,142,148.5,12784300,148.5
2025-12-22,153.8,158.8,151.8,158.8,4500800,158.8
2025-12-23,165,169.9,163,169.9,6615800,169.9
2025-12-24,174,176.6,164,169.8,8749100,169.8
2025-12-25,167.6,174.5,158,158,6373600,158
2025-12-26,147,155.2,147,155,15336300,155
2025-12-29,155,159.9,155,159.7,6667000,159.7
2025-12-30,159.7,163,151.6,163,8091800,163
2025-12-31,163,172,158.8,169.6,9438700,169.6
2026-01-05,169.6,174.5,166.8,173.1,6644800,173.1
2026-01-06,173.6,176,171.4,173.1,7681000,173.1
2026-01-07,173.1,179.5,168.6,179,7674800,179
2026-01-08,183.5,190,176.6,176.6,6593700,176.6
2026-01-09,176,180.2,172.6,176,5389600,176
2026-01-12,174.6,175.4,163.7,163.7,9379500,163.7
2026-01-13,159,173.3,158,167.9,5382600,167.9
2026-01-14,171.2,171.2,159,160.2,4416000,160.2
2026-01-15,160.1,160.2,150.9,153,8278800,153
2026-01-16,153,163,153,159.9,3824600,159.9
2026-01-19,164.9,164.9,159,162,2282900,162
2026-01-20,162,162,154.6,161,5147800,161
2026-01-21,159,164.2,158.9,160.5,3238000,160.5
2026-01-22,157,161.4,157,161.1,3404000,161.1
2026-01-23,163.8,167.7,162.5,165.4,3317300,165.4
2026-01-26,167,167.5,159.6,159.9,2315400,159.9
2026-01-27,160,160,150.1,151,6581300,151
2026-01-28,151,154.5,140.5,140.5,10028300,140.5
2026-01-29,138.9,142,138.5,140.5,6992500,140.5
2026-01-30,140.5,141.9,135.9,140.5,6881400,140.5
2026-02-02,138.5,140,130.7,130.7,10401600,130.7
2026-02-03,125.3,133.1,125.3,130.7,8884500,130.7
2026-02-04,129.6,129.8,121.6,121.6,11704000,121.6
2026-02-05,119,130.1,118.9,130.1,7413900,130.1
2026-02-06,130.1,137.3,128,131,7311200,131
2026-02-09,132.8,133.3,129.5,132.3,2803700,132.3
2026-02-10,132.5,141.5,132.3,141.5,6103600,141.5
2026-02-11,148,151.3,147,150.8,5289000,150.8
2026-02-12,154.8,160.8,152,159,4346600,159
2026-02-13,161.9,164.1,152,160,5436200,160
2026-02-23,160,166.8,159.2,162.3,3711300,162.3
2026-02-24,162.3,163.6,159,162.9,1947400,162.9
2026-02-25,160,162,155,158,5289800,158
2026-02-26,157,169,157,168.9,6775200,168.9
2026-02-27,169.1,178.5,168,172,3624400,172
2026-03-02,171,177.8,166,167.2,4989000,167.2
2026-03-03,164,167,155.5,155.5,6378300,155.5
2026-03-04,150.6,161,150.6,155.6,4387500,155.6
2026-03-05,159,166.4,157.2,164.8,5615500,164.8
2026-03-06,163.5,165,156,156.5,2975400,156.5
2026-03-09,151.4,156,145.6,145.6,6353700,145.6
2026-03-10,154.8,154.8,141,141.8,4203800,141.8
2026-03-11,143,148.5,143,146,2974500,146
2026-03-12,144.8,149.7,142.9,145,3036100,145
2026-03-13,143.9,148,141.2,144.6,2665200,144.6
2026-03-16,146.2,147.6,141.4,144.7,2480300,144.7
2026-03-17,145,150.9,145,146.2,2810700,146.2
2026-03-18,148.3,156,146,146,4966200,146
2026-03-19,146.6,151,145,145,5611400,145
2026-03-20,148,148,135,135,10346200,135
2026-03-23,135.6,138,125.6,125.6,4671100,125.6
2026-03-24,132,132.4,122.8,124,3901200,124
2026-03-25,128,132.3,126,128.7,3013400,128.7
2026-03-26,129.9,130.9,125.9,130,2435600,130
2026-03-27,130.5,133.9,128.6,132.6,2124700,132.6
2026-03-30,128.9,132.2,127.5,129.5,2042500,129.5
2026-03-31,130.2,135,130,135,3316700,135
2026-04-01,143,144.3,139.3,141,3637400,141
2026-04-02,142.8,142.8,137.8,139.9,4153300,139.9
2026-04-03,140,144.9,139.3,141,2869800,141
2026-04-06,141,142.5,139,141.6,2024600,141.6
2026-04-07,141.6,146.9,139.9,143.4,3077600,143.4
2026-04-08,150,153.4,147.1,153.4,4034100,153.4
2026-04-09,154,154,149.2,149.2,2623100,149.2
2026-04-10,151.6,154,151.5,151.7,2195500,151.7
2026-04-13,151.7,162,149.3,160,4051300,160
2026-04-14,162,165.9,161.9,165.5,3658000,165.5
2026-04-15,166.2,177,166.2,177,6640600,177
2026-04-16,180,189.3,178.9,189.3,7573800,189.3
2026-04-17,194.9,200,187.5,187.9,6747900,187.9
2026-04-20,186.5,191,178.1,191,5425000,191
2026-04-21,194,201.9,192.4,193.7,3340700,193.7
2026-04-22,193.6,207.2,191.2,207.2,4713700,207.2
2026-04-23,212,218.9,209.1,214.5,4258100,214.5
2026-04-24,215.2,221.9,208,212.1,4235200,212.1
2026-04-28,210,226.9,209.8,225.5,5194900,225.5
2026-04-29,227.8,227.8,213.8,214,5786200,214
2026-05-04,217,220,204,212,3884000,212
2026-05-05,211.9,224.8,210.3,219.5,2877500,219.5
2026-05-06,220.5,223,214.5,219.5,3130600,219.5
2026-05-07,219.5,231,218,224,4299400,224
2026-05-08,223.6,227.3,218,226,3703600,226
2026-05-11,225.9,230,219.5,223,4626200,223
2026-05-12,222,225.6,215.1,222,4023400,222
2026-05-13,223,224,206.5,221,6456000,221
2026-05-14,218,232,211.5,229.8,3746700,229.8
2026-05-15,229.8,231.8,224,228,3910800,228
2026-05-18,226.8,228.8,221.7,225,2674600,225
2026-05-19,225,227,221,225.1,3376900,225.1
2026-05-20,225.1,230.2,222.2,226.7,3788300,226.7
2026-05-21,227.2,228.5,216.4,218.7,5372600,218.7
2026-05-22,218.5,218.5,209.3,216.5,4167600,216.5
2026-05-25,216.6,221.2,216.5,218.8,2333800,218.8
2026-05-26,218.8,218.8,212.5,213,2400500,213
2026-05-27,213,214,204.9,210.8,4515900,210.8
2026-05-28,209.1,217.5,206.1,210.8,3051200,210.8
2026-05-29,211,214.3,209.5,211.3,2017000,211.3
2026-06-01,211.4,212.5,204.5,204.9,2098200,204.9
2026-06-02,204.9,210.9,202,204.9,1679300,204.9
2026-06-03,204.7,204.9,191,197.6,5110300,197.6
2026-06-04,197.6,200.6,193.3,200.2,2507200,200.2
2026-06-05,200.3,210.3,200.3,207,3581100,207
2026-06-08,204.9,204.9,195,195,3271900,195
2026-06-09,198,198,192.7,193.2,1810400,193.2
2026-06-10,193,196.5,190.8,196,1395000,196
2026-06-11,193,196.1,191.9,196,1716200,196
2026-06-12,198.5,198.7,192.9,195.5,3276100,195.5
2026-06-15,196.1,197.5,184.7,192.6,4609900,192.6
2026-06-16,192.8,195.7,190.8,194,2893300,194
2026-06-17,190,192.9,186.7,192,3936100,192
2026-06-18,196,205.4,195.1,205.4,6434200,205.4
2026-06-19,206.7,207.5,203,205.5,4093100,205.5
2026-06-22,205.5,219.8,203.1,219.8,3513400,219.8
2026-06-23,224.2,230,223.6,229,5016500,229
2026-06-24,229,242,227.1,230.5,3746800,230.5
2026-06-25,230.5,232,221.1,225,3049700,225
2026-06-26,221.5,228.9,221.5,228,2571200,228
2026-06-29,227,227.7,217,217.2,3602500,217.2
2026-06-30,216,221,212,220,3900200,220
2026-07-01,220,220.2,216.7,217.1,1760600,217.1
2026-07-02,217.1,221.2,216.1,220.3,2543800,220.3
2026-07-03,219.9,222.9,219.3,220.3,2086300,220.3
2026-07-06,222.5,222.7,217.1,220.3,3093000,220.3
2026-07-07,218.5,220.3,215.2,220.3,2948800,220.3
2026-07-08,218,221.2,218,220.7,1934000,220.7
2026-07-09,218.5,221.3,218.5,221,2366400,221
2026-07-10,221,224.7,220.8,223,3999100,223
2026-07-13,223.6,223.6,218.1,221.5,3795000,221.5
2026-07-14,219,219.7,212.5,219,3450700,219
2026-07-15,218.4,218.4,211.5,217,3687900,217
2026-07-16,212,223,212,223,4074700,223
2026-07-17,223,224,220,220,2845200,220
2026-07-20,219.9,220.2,218.9,220,2732800,220
2026-07-21,216.3,220,214.4,217.3,2839700,217.3
2026-07-22,216,217,202.1,202.1,5736200,202.1
2026-07-23,201,214.7,200,214,4235400,214
2026-07-24,209.5,213.6,208.9,213.1,2599400,213.1
2026-07-27,215,215,210.9,213.5,2911700,213.5
2026-07-28,210,213.8,209.7,213.8,2751800,213.8
2026-07-29,214.1,222.5,210.4,219.4,4951600,219.4
2026-07-30,216.5,220.7,216.5,220,4809100,220
2026-07-31,223.8,223.8,214.1,214.1,4372800,214.1
2026-08-03,216,216.3,212,213,4179900,213
2026-08-04,214,221.5,212.4,218,5187600,218
2026-08-05,218.6,221.6,218.6,220,6228400,220
2026-08-06,219,222,218.6,218.8,4794300,218.8
2026-08-07,218.4,218.4,212.3,215,5350500,215
2026-08-10,213.6,215.1,208.1,208.5,4429400,208.5
2026-08-11,209.2,211.5,205.5,208.5,4985100,208.5
2026-08-12,208.7,215.8,207.5,215.5,5299800,215.5
2026-08-13,215,215.6,207.5,207.9,5537700,207.9
2026-08-14,208,208.1,195,200.4,7976400,200.4
2026-08-17,200.4,200.4,194.6,198,6484400,198
2026-08-18,198,203.9,197.5,200,4301900,200
2026-08-19,200,200.9,199.2,200,5248400,200
2026-08-20,201.8,204.2,201,202,5246400,202
2026-08-21,201.4,205.7,199.9,205,3196900,205
2026-08-24,208,214.9,208,214.5,3586200,214.5
2026-08-25,216.5,227.3,215.3,220.5,10310200,220.5
2026-08-26,219.1,230,219.1,230,9982600,230
2026-08-27,228.9,237.8,227.9,236,8567700,236
2026-08-28,236,237.1,230.1,236,8553100,236
2026-09-03,232.9,244.5,226,244.5,7676800,244.5
