date,open,high,low,close,volume,close_raw
2017-02-28,46.6884,46.6884,46.6884,46.6929,12030,108
2017-03-01,49.9307,49.9307,49.9307,49.9355,99100,115.5
2017-03-02,53.3891,53.3891,53.3891,53.3942,190550,123.5
2017-03-03,57.1068,57.1068,53.3891,57.1124,2750050,132.1
2017-03-06,57.9282,59.6574,57.1068,59.4038,1155300,137.4
2017-03-07,59.398,59.4413,56.2422,57.2853,901520,132.5
2017-03-08,56.2422,57.2798,54.686,56.2044,916200,130
2017-03-09,55.637,56.6313,55.637,56.4639,635920,130.6
2017-03-10,56.6313,56.6313,55.6802,56.6368,436480,131
2017-03-13,56.8475,57.0204,56.3287,56.6368,566660,131
2017-03-14,56.3719,56.5448,55.9829,55.9883,410150,129.5
2017-03-15,55.7667,55.9829,52.3083,52.5295,662540,121.5
2017-03-16,52.5245,52.7406,50.363,50.3678,477810,116.5
2017-03-17,49.9739,52.3083,48.8499,50.8002,496260,117.5
2017-03-20,51.876,54.3401,51.2276,54.3454,307470,125.7
2017-03-21,54.3401,56.1125,54.2104,54.2157,348100,125.4
2017-03-22,54.0375,54.4266,53.3458,54.0427,380360,125
2017-03-23,54.0375,55.1183,53.9078,54.4751,402040,126
2017-03-24,54.9021,55.7235,54.9021,55.3398,557630,128
2017-03-27,55.5506,56.6313,55.5506,56.1612,454930,129.9
2017-03-28,56.6313,57.7985,56.199,56.5936,475680,130.9
2017-03-29,57.0204,57.0204,56.199,56.9394,426200,131.7
2017-03-30,57.0636,57.0636,55.3344,55.3398,363980,128
2017-03-31,56.1558,56.1558,55.3344,55.383,318710,128.1
2017-04-03,55.3344,55.9829,54.3833,54.3886,282490,125.8
2017-04-04,55.7667,56.1558,54.513,55.3398,459220,128
2017-04-05,55.0318,56.2422,54.686,55.6424,596140,128.7
2017-04-07,55.8099,55.8532,55.637,55.8153,350370,129.1
2017-04-10,55.8099,56.8475,55.7235,56.5503,765530,130.8
2017-04-11,56.6313,57.0636,56.5881,56.9827,206460,131.8
2017-04-12,56.6745,58.1876,56.6745,57.977,458390,134.1
2017-04-13,57.9282,58.1011,57.8417,58.0203,278260,134.2
2017-04-14,58.0579,58.1011,56.6313,57.5879,335130,133.2
2017-04-17,56.8475,57.8417,56.199,56.9394,227200,131.7
2017-04-18,56.2422,56.9771,55.3344,55.7721,263970,129
2017-04-19,55.7667,56.8475,55.2912,56.8097,255600,131.4
2017-04-20,56.8042,56.9771,55.9829,56.8962,313760,131.6
2017-04-21,57.0204,57.0204,56.5016,56.8097,218910,131.4
2017-04-24,56.8042,56.9771,55.9396,55.945,229020,129.4
2017-04-25,55.9396,55.9396,55.1183,55.3398,212370,128
2017-04-26,55.3344,55.8964,55.3344,55.8586,204330,129.2
2017-04-27,56.6313,56.6313,55.3776,55.383,229050,128.1
2017-04-28,55.9396,55.9396,55.1183,55.2101,225640,127.7
2017-05-03,55.637,55.637,55.1615,55.2965,244220,127.9
2017-05-04,55.2912,56.199,55.2912,56.2044,251660,130
2017-05-05,56.2855,56.2855,55.5506,56.118,234430,129.8
2017-05-08,56.1558,56.1558,55.7667,56.0315,244970,129.6
2017-05-09,56.1924,56.4102,55.7568,56.1177,292990,128.8
2017-05-10,56.1053,56.8458,55.931,56.8584,421080,130.5
2017-05-11,56.7151,56.9765,56.4973,56.8149,425720,130.4
2017-05-12,56.628,56.9765,56.4102,56.6406,329590,130
2017-05-15,56.1924,56.5844,55.7568,55.987,342370,128.5
2017-05-16,55.9746,55.9746,55.3212,55.7692,381790,128
2017-05-17,55.8439,56.0617,55.0598,55.7692,361550,128
2017-05-18,55.7568,55.7568,55.0598,55.3335,233910,127
2017-05-19,55.3212,55.6697,55.0598,55.682,347600,127.8
2017-05-22,55.1034,56.1924,55.1034,55.9435,239240,128.4
2017-05-23,55.3212,55.8875,55.3212,55.682,270840,127.8
2017-05-24,55.6697,55.6697,55.2776,55.3335,274860,127
2017-05-25,55.3212,55.3648,54.7114,54.8978,291450,126
2017-05-26,54.9292,55.3212,54.9292,55.2463,303420,126.8
2017-05-29,55.1034,55.6697,55.1034,55.682,233250,127.8
2017-05-30,55.6697,55.6697,55.3212,55.5513,232230,127.5
2017-05-31,55.4954,55.6697,55.4083,55.682,291420,127.8
2017-06-01,55.6697,56.628,55.5826,56.6406,312300,130
2017-06-02,57.0636,57.8912,56.8894,57.0763,510930,131
2017-06-05,57.0636,57.0636,56.4102,56.6406,312740,130
2017-06-06,56.628,57.0636,56.5409,56.6841,344530,130.1
2017-06-07,56.6716,56.8458,55.3212,55.5513,426910,127.5
2017-06-08,56.4102,56.4973,55.7132,55.7256,357620,127.9
2017-06-09,56.0617,56.0617,55.1034,55.3335,339470,127
2017-06-12,55.6261,55.8875,55.0163,55.3335,245880,127
2017-06-13,55.7132,55.7132,55.147,55.5949,281730,127.6
2017-06-14,55.6697,55.7132,55.3212,55.3335,435260,127
2017-06-15,55.8875,55.8875,55.1034,55.1156,283740,126.5
2017-06-16,56.5409,56.5409,55.147,55.3335,313250,127
2017-06-19,55.7568,55.7568,55.1034,55.2899,272510,126.9
2017-06-20,55.1034,55.1905,54.8856,55.1156,379170,126.5
2017-06-21,55.1905,55.1905,54.45,54.5057,475110,125.1
2017-06-22,54.4936,54.6678,53.9273,54.0264,356330,124
2017-06-23,54.1451,54.8856,54.1015,54.8978,372950,126
2017-06-26,55.0598,55.3212,54.7114,54.8978,323890,126
2017-06-27,54.8856,54.8856,54.45,54.4621,389390,125
2017-06-28,54.842,54.8856,54.2758,54.375,319150,124.8
2017-06-29,54.3629,55.0163,54.0144,55.0285,438090,126.3
2017-06-30,55.2776,55.2776,54.3629,55.0285,350710,126.3
2017-07-03,54.7549,54.7549,54.3193,54.7671,454070,125.7
2017-07-04,54.842,54.842,54.1886,54.4185,332550,124.9
2017-07-05,54.7985,54.8856,54.3193,54.5492,426320,125.2
2017-07-06,55.0163,55.0163,54.5371,54.7235,336670,125.6
2017-07-07,54.7549,54.7549,54.45,54.7235,341050,125.6
2017-07-10,54.7114,54.7985,54.4064,54.6799,362320,125.5
2017-07-11,54.7985,54.7985,54.2322,54.6364,357210,125.4
2017-07-12,54.8856,54.8856,54.6242,54.8542,329150,125.9
2017-07-13,55.7568,55.7568,54.8856,55.3335,416390,127
2017-07-14,55.2776,55.2776,55.1034,55.2899,347800,126.9
2017-07-17,55.3212,55.4954,55.0163,55.3335,330980,127
2017-07-18,55.3212,55.7132,55.2776,55.6385,353040,127.7
2017-07-19,55.7568,56.1924,55.6261,55.9435,419060,128.4
2017-07-20,56.0182,56.1488,55.1905,55.3335,309660,127
2017-07-21,54.8856,55.6697,54.3193,54.5928,318860,125.3
2017-07-24,54.7985,55.0163,54.058,54.7671,286290,125.7
2017-07-25,55.1905,55.2776,54.2322,54.8978,355920,126
2017-07-26,54.8856,54.8856,54.6678,54.8978,321700,126
2017-07-27,55.1034,55.3212,54.5807,54.9849,332120,126.2
2017-07-28,54.8824,55.2807,54.8824,55.0265,278820,124.3
2017-07-31,55.0152,55.2365,54.4841,55.0708,380240,124.4
2017-08-01,55.0594,55.2365,54.7939,55.2036,431080,124.7
2017-08-02,55.1922,55.4135,54.8824,55.3364,286260,125
2017-08-03,55.325,55.5463,54.8824,55.3364,339110,125
2017-08-04,55.325,55.502,54.9709,55.2921,395560,124.9
2017-08-07,55.2365,55.502,54.9267,55.2921,307930,124.9
2017-08-08,54.9709,55.3693,54.9709,55.2036,317700,124.7
2017-08-09,55.2365,55.2365,54.6611,54.6724,292800,123.5
2017-08-10,54.6611,55.1037,54.6611,54.8937,305130,124
2017-08-11,54.8824,55.2365,54.8381,54.938,245250,124.1
2017-08-14,55.0594,55.2365,54.8381,54.938,250460,124.1
2017-08-15,55.0152,55.0594,54.7496,54.8937,284780,124
2017-08-16,54.4398,54.8381,54.4398,54.7609,302220,123.7
2017-08-17,54.7496,54.7496,54.2628,54.274,308670,122.6
2017-08-18,54.307,54.4398,53.7759,54.451,303490,123
2017-08-21,54.7939,54.7939,54.5726,54.6724,282290,123.5
2017-08-22,54.6611,54.8381,54.6168,54.6724,326570,123.5
2017-08-23,54.7939,54.8824,54.6611,54.8494,419780,123.9
2017-08-24,54.8824,55.325,54.7939,55.0708,349560,124.4
2017-08-25,55.325,55.3693,55.1037,55.2921,264360,124.9
2017-08-28,55.2807,55.325,55.1037,55.2921,243790,124.9
2017-08-29,53.112,55.1922,53.112,55.1151,315850,124.5
2017-08-30,55.1037,55.325,54.7939,55.2036,272460,124.7
2017-08-31,55.2807,55.3693,55.0152,55.2479,378560,124.8
2017-09-01,55.5463,56.4315,55.5463,56.3546,511500,127.3
2017-09-05,58.3789,58.3789,57.538,57.8155,648500,130.6
2017-09-06,57.9363,58.0249,57.6708,57.904,363650,130.8
2017-09-07,57.9363,58.1134,57.4937,57.6827,444640,130.3
2017-09-08,57.7593,57.8921,57.0954,57.6827,359290,130.3
2017-09-11,57.9806,59.7067,57.715,59.0993,758160,133.5
2017-09-12,59.3084,59.4854,59.0428,59.0993,532340,133.5
2017-09-13,59.4854,59.4854,59.0871,59.4534,703600,134.3
2017-09-14,59.751,61.0788,59.6625,60.9586,927040,137.7
2017-09-15,61.5214,61.8755,60.946,60.9586,499750,137.7
2017-09-18,61.4329,61.4329,60.5034,60.693,690620,137.1
2017-09-19,60.4592,60.6805,60.3264,60.4274,591800,136.5
2017-09-20,60.6362,60.9018,60.4592,60.693,555060,137.1
2017-09-21,61.0788,61.3001,60.5919,60.693,494270,137.1
2017-09-22,61.1024,64.8826,61.0405,64.8884,1501950,104.7
2017-09-25,65.0685,68.5388,65.0685,67.8012,1020440,109.4
2017-09-26,67.8572,67.8572,66.122,66.6237,626990,107.5
2017-09-27,65.9981,66.4318,65.0685,66.3138,730420,107
2017-09-28,66.4938,67.7952,66.3079,66.8716,582800,107.9
2017-09-29,67.2375,67.7332,66.6178,67.0575,661960,108.2
2017-10-02,67.2375,67.5473,66.122,66.6857,689450,107.6
2017-10-03,65.6882,66.7417,64.4488,64.7025,483790,104.4
2017-10-04,65.0685,65.5643,64.4488,65.0743,760210,105
2017-10-05,65.3784,65.8121,64.7587,65.3222,715080,105.4
2017-10-06,65.0685,65.4403,64.7587,65.2602,420930,105.3
2017-10-09,65.5023,66.184,64.5727,65.5701,872200,105.8
2017-10-10,66.122,66.122,64.8826,65.0743,968770,105
2017-10-11,65.0685,65.3784,64.5108,65.1363,817170,105.1
2017-10-12,65.1305,67.4234,64.6967,66.8716,1771470,107.9
2017-10-13,67.1135,67.2375,66.8037,66.9336,549900,108
2017-10-16,67.1755,68.9726,67.0515,68.8548,1313370,111.1
2017-10-17,68.7867,69.5303,68.4769,68.7928,636220,111
2017-10-18,69.3444,70.212,68.7867,68.8548,1294640,111.1
2017-10-19,68.9726,69.5923,68.6008,68.9168,764160,111.2
2017-10-20,69.2205,69.8402,68.6628,68.9788,756360,111.3
2017-10-23,67.5473,69.0346,67.5473,67.5533,728700,109
2017-10-24,67.2375,67.9811,67.0515,67.5533,477240,109
2017-10-25,67.8572,68.105,66.9896,67.8632,564720,109.5
2017-10-26,67.9811,68.167,67.5473,67.8632,784480,109.5
2017-10-27,67.9811,70.0881,67.9811,70.0943,2163450,113.1
2017-10-30,70.6458,71.3275,69.8402,70.962,1058430,114.5
2017-10-31,70.6458,70.9557,69.4684,69.9084,519280,112.8
2017-11-01,69.7163,70.5838,69.4064,70.4662,869490,113.7
2017-11-02,69.9022,71.2655,69.0966,69.2887,1135110,111.8
2017-11-03,69.2825,70.336,68.6628,70.2803,847640,113.4
2017-11-06,70.274,70.9557,69.9022,70.3422,873460,113.5
2017-11-07,70.15,70.5219,69.9022,70.3422,871000,113.5
2017-11-08,70.3979,72.4429,70.3979,72.0156,2318320,116.2
2017-11-09,71.6993,73.3105,71.6993,72.6353,1522300,117.2
2017-11-10,73.0626,73.3105,72.6288,73.0692,1195570,117.9
2017-11-13,72.8148,73.0007,72.0711,72.5734,1404700,117.1
2017-11-14,72.381,74.1781,71.6373,73.1311,1860900,118
2017-11-15,73.1246,74.1161,73.1246,73.1311,1014950,118
2017-11-16,73.1246,74.9837,73.1246,74.6805,1114240,120.5
2017-11-17,74.6739,75.1696,73.7443,74.6805,1129950,120.5
2017-11-20,74.7978,75.0457,74.364,74.8665,741040,120.8
2017-11-21,74.9217,77.1527,74.9217,76.8497,1914190,124
2017-11-22,76.9048,78.3301,76.9048,78.0892,993620,126
2017-11-23,78.0822,81.1187,76.8428,80.5062,1536830,129.9
2017-11-24,80.561,80.8709,79.3216,80.2583,1088920,129.5
2017-11-27,80.0033,80.499,79.1357,80.1344,1181500,129.3
2017-11-28,80.0652,82.1722,79.8174,82.1796,1781670,132.6
2017-11-29,82.9778,83.8454,82.4821,83.4191,1030450,134.6
2017-11-30,83.6595,85.4566,83.6595,83.667,1377580,135
2017-12-01,83.8454,83.9694,82.73,83.605,1000500,134.9
2017-12-04,83.7834,84.1553,83.4116,84.1008,897190,135.7
2017-12-05,83.9694,84.3412,80.561,80.5682,1657830,130
2017-12-06,80.8709,81.6145,77.4625,80.5682,1451310,130
2017-12-07,80.561,81.3046,77.7724,78.7089,1308260,127
2017-12-08,79.1357,80.561,78.578,80.1344,885970,129.3
2017-12-11,79.9413,83.2877,79.9413,82.2415,840620,132.7
2017-12-12,82.4821,83.1637,79.6315,82.6754,947520,133.4
2017-12-13,82.8539,83.5356,82.4201,82.9852,696280,133.9
2017-12-14,82.9778,83.1637,82.1103,82.6754,789290,133.4
2017-12-15,82.1103,86.1383,82.1103,86.146,1495840,139
2017-12-18,86.3862,87.9354,86.3242,87.3855,1056920,141
2017-12-19,87.3777,89.0509,86.1383,88.8729,1292820,143.4
2017-12-20,88.865,89.1129,87.6876,88.4391,880160,142.7
2017-12-21,87.3777,88.4932,86.4482,86.6418,1071190,139.8
2017-12-22,86.6341,87.1918,84.8989,86.27,972310,139.2
2017-12-25,86.2622,88.2453,86.2622,87.3855,721610,141
2017-12-26,87.5016,88.865,87.3777,88.625,977150,143
2017-12-27,88.6171,88.6791,87.9974,88.3151,873650,142.5
2017-12-28,88.3073,90.0424,88.1833,89.8645,1203930,145
2017-12-29,89.8565,91.2818,89.8565,90.9801,1174600,146.8
2018-01-02,90.91,92.5832,90.91,91.4139,980460,147.5
2018-01-03,91.4677,92.0874,90.7241,91.9097,1513290,148.3
2018-01-04,91.7156,92.4592,91.2818,92.2816,920310,148.9
2018-01-05,92.3353,92.5212,91.5917,92.2816,873240,148.9
2018-01-08,92.2733,92.3973,91.5297,92.0337,736320,148.5
2018-01-09,92.0874,92.2114,89.8565,91.4139,1143400,147.5
2018-01-10,91.4058,91.6536,90.6001,90.8561,714190,146.6
2018-01-11,91.1579,95.3718,91.0959,95.3804,1699720,153.9
2018-01-12,95.1859,96.3634,94.3803,96.372,1191440,155.5
2018-01-15,96.3634,99.7717,95.4338,99.7186,1292970,160.9
2018-01-16,99.7097,101.321,99.4619,100.0905,1099830,161.5
2018-01-17,100.2055,101.8167,97.9746,99.1609,1155210,160
2018-01-18,97.3549,101.5688,97.3549,101.5779,1298160,163.9
2018-01-19,101.7547,108.6334,101.6928,108.6431,1812660,175.3
2018-01-22,110.1994,116.2455,109.8878,116.247,570120,186.5
2018-01-25,124.3484,124.3484,124.3484,124.35,530560,199.5
2018-01-26,133.0122,133.0122,115.7468,118.4286,2152820,190
2018-01-29,117.8037,123.4134,115.3105,118.1169,1897530,189.5
2018-01-30,118.1154,121.5435,114.1262,121.5451,1871290,195
2018-01-31,121.5435,121.8552,119.5489,120.2985,990200,193
2018-02-01,118.427,120.6086,118.427,119.6752,971750,192
2018-02-02,119.0503,121.8552,116.9934,121.2335,1489490,194.5
2018-02-05,117.8037,120.9202,115.3105,115.312,697110,185
2018-02-06,107.2699,107.2699,107.2699,107.2714,1108080,172.1
2018-02-07,108.4542,114.7495,108.4542,114.7511,1148220,184.1
2018-02-08,114.8742,118.427,112.194,114.6887,437070,184
2018-02-09,110.3241,115.3105,107.5193,115.312,741110,185
2018-02-12,115.9338,122.7278,115.9338,122.7294,1243970,196.9
2018-02-13,122.7901,124.5977,121.5435,124.0383,1883320,199
2018-02-21,124.1614,125.8443,123.912,124.0383,837950,199
2018-02-22,124.0367,124.0367,119.7359,121.5451,655290,195
2018-02-23,121.5435,122.2915,120.1099,121.5451,748690,195
2018-02-26,121.6682,123.4134,121.2942,121.6074,920690,195.1
2018-02-27,121.6682,126.9662,121.6682,125.285,1123280,201
2018-02-28,124.7223,125.2833,123.1641,124.6617,500780,200
2018-03-01,124.0367,127.0909,123.1018,124.9733,639280,200.5
2018-03-02,124.3484,126.3429,123.1641,125.9083,593610,202
2018-03-05,125.9066,132.7629,125.9066,126.5316,1197870,203
2018-03-06,127.1532,130.7683,126.5299,130.7701,686330,209.8
2018-03-07,130.7683,131.5163,128.3998,129.3365,459640,207.5
2018-03-08,129.5841,131.5163,128.0882,130.2714,703940,209
2018-03-09,130.5814,132.4513,130.2697,130.2714,692510,209
2018-03-12,130.8307,132.0773,130.2697,130.8324,544480,209.9
2018-03-13,130.8307,131.2047,125.2833,128.4015,931120,206
2018-03-14,129.0231,129.9581,126.5299,128.7132,1047430,206.5
2018-03-15,128.7115,129.6464,127.2155,128.0898,594820,205.5
2018-03-16,127.1532,129.0231,127.0909,127.1549,796950,204
2018-03-19,129.3348,130.2074,127.5895,129.3365,909580,207.5
2018-03-20,129.0231,129.6464,127.1532,127.7159,840590,204.9
2018-03-21,127.7765,128.0882,126.5299,126.5316,916790,203
2018-03-22,127.0909,130.6437,127.0909,130.2091,1005970,208.9
2018-03-23,126.5299,129.8957,126.5299,129.8974,554530,208.4
2018-03-26,130.2697,135.8794,130.2697,135.8189,1686310,217.9
2018-03-27,137.126,138.8089,136.8144,138.3744,785100,222
2018-03-28,138.3726,140.6788,137.4377,140.2444,630320,225
2018-03-29,140.2425,140.7411,138.061,138.3744,566610,222
2018-03-30,138.3726,140.5542,138.3103,139.5587,721770,223.9
2018-04-02,139.7439,142.985,139.7439,142.1766,620070,228.1
2018-04-03,142.1747,142.6734,138.3726,140.2444,863160,225
2018-04-04,140.5542,141.4891,137.7493,137.7511,935260,221
2018-04-05,137.7493,138.9336,135.2561,135.8812,916470,218
2018-04-06,136.1911,137.7493,134.0718,135.8812,1138030,218
2018-04-09,137.126,137.9363,134.4458,135.8812,1170690,218
2018-04-10,136.1287,137.126,134.3212,135.2579,960130,217
2018-04-11,135.8794,135.8794,125.8443,132.7647,1127450,213
2018-04-12,132.1396,133.3862,129.6464,130.8947,737770,210
2018-04-13,131.5163,133.0746,131.2047,132.0167,597990,211.8
2018-04-16,132.1396,132.8876,131.3293,132.0167,375480,211.8
2018-04-17,132.0149,133.0746,130.893,130.8947,484220,210
2018-04-18,131.5163,131.828,129.9581,130.7701,603200,209.8
2018-04-19,130.893,131.5163,122.7901,122.7917,1016210,197
2018-04-20,122.7901,124.847,120.9202,121.9814,862320,195.7
2018-04-23,122.7901,128.3375,122.7901,122.7917,831900,197
2018-04-24,123.1641,124.0367,114.2509,121.5451,1019230,195
2018-04-26,122.1668,122.7901,113.2536,119.6752,854670,192
2018-04-27,118.427,118.427,114.0639,116.5586,513380,187
2018-05-02,111.9447,117.1804,111.9447,111.9462,944470,179.6
2018-05-03,111.9447,111.9447,105.8987,107.8323,598900,173
2018-05-04,112.8173,114.0016,108.4542,110.3256,507250,177
2018-05-07,111.5707,114.0639,110.0125,114.0654,727630,183
2018-05-08,114.3756,118.3647,114.1886,117.1196,667910,187.9
2018-05-09,117.8008,124.6934,116.297,121.6914,584740,194.2
2018-05-10,122.187,123.7535,117.8008,120.3755,864480,192.1
2018-05-11,119.7433,119.7433,115.921,118.9969,340050,189.9
2018-05-14,119.6806,120.9338,118.7407,120.4382,567850,192.2
2018-05-15,121.5604,124.0041,120.9338,123.446,608830,197
2018-05-16,123.3149,123.3775,120.9965,122.0674,310720,194.8
2018-05-17,122.187,122.187,116.3596,117.8063,576390,188
2018-05-18,117.1742,120.9338,109.5923,119.0596,977940,190
2018-05-21,119.9939,120.9338,114.7931,115.2998,413480,184
2018-05-22,109.655,114.6051,108.0885,110.8507,592970,176.9
2018-05-23,110.8455,111.5348,108.1512,111.54,585560,178
2018-05-24,112.1614,112.7253,105.8954,107.4669,621940,171.5
2018-05-25,107.4619,107.4619,99.9427,99.9474,813960,159.5
2018-05-28,95.8698,98.3762,92.9874,92.9918,361800,148.4
2018-05-29,86.7841,98.3762,86.7841,95.2477,754060,152
2018-05-30,94.6166,95.2432,89.7918,92.1145,439930,147
2018-05-31,93.99,94.6166,92.1729,93.2425,543160,148.8
2018-06-01,94.6166,99.7547,94.6166,99.7594,538240,159.2
2018-06-04,103.389,106.71,102.1358,106.715,374270,170.3
2018-06-05,108.4018,111.2215,106.8353,108.4069,493730,173
2018-06-06,106.522,109.4044,105.2688,109.4095,359580,174.6
2018-06-07,109.4044,113.7279,109.4044,112.1667,718930,179
2018-06-08,112.2241,112.4747,111.2215,112.1667,592360,179
2018-06-11,112.1614,117.1742,110.2816,115.2998,635790,184
2018-06-12,114.6678,115.1691,107.6499,112.1667,622950,179
2018-06-13,112.1614,114.3545,111.8481,112.6053,378700,179.7
2018-06-14,109.7177,112.4747,109.655,109.6601,419150,175
2018-06-15,109.5923,110.2189,107.7752,108.4069,451400,173
2018-06-18,109.0284,109.5923,101.5092,103.3938,477110,165
2018-06-19,103.389,103.389,97.0603,100.2607,594620,160
2018-06-20,100.256,106.522,98.3762,106.527,808530,170
2018-06-21,106.522,111.5348,103.4517,108.4695,391470,173.1
2018-06-22,109.0284,110.9082,106.8353,109.5975,563210,174.9
2018-06-25,109.843,110.5949,107.8379,108.4069,349460,173
2018-06-26,107.1486,108.4018,105.8954,108.3442,241050,172.9
2018-06-27,108.3391,108.3391,106.898,106.903,347200,170.6
2018-06-28,107.1486,107.1486,104.0156,104.0831,475360,166.1
2018-06-29,105.266,107.6721,104.8901,106.6315,465340,141.8
2018-07-02,106.6194,106.7698,104.063,104.526,254710,139
2018-07-03,104.5141,105.0404,99.2508,100.0141,339540,133
2018-07-04,99.2508,100.0027,96.2432,98.5101,394580,131
2018-07-05,98.8749,102.4088,94.7394,97.3821,531600,129.5
2018-07-06,97.747,100.3787,95.4913,99.9389,502440,132.9
2018-07-09,100.0027,100.9802,96.8447,98.1341,413180,130.5
2018-07-10,98.2733,101.1306,97.3711,100.39,717010,133.5
2018-07-11,99.1756,99.1756,96.2432,98.2845,402490,130.7
2018-07-12,98.0478,99.1756,96.2432,98.0589,352960,130.4
2018-07-13,98.4989,98.8749,96.6943,98.5101,356980,131
2018-07-16,99.6268,100.6042,98.2733,99.2621,421900,132
2018-07-17,99.2508,99.4012,97.9726,99.3373,393240,132.1
2018-07-18,100.3787,101.1306,100.0027,101.142,999370,134.5
2018-07-19,102.1832,107.8225,101.8825,105.2779,1193840,140
2018-07-20,98.4989,107.4465,98.4989,98.5101,714380,131
2018-07-23,105.266,105.266,102.2584,105.2779,824950,140
2018-07-24,105.642,105.9427,101.5065,103.4732,736570,137.6
2018-07-25,103.7622,104.5141,100.529,102.27,613650,136
2018-07-26,103.0103,103.3863,100.3035,102.9468,743270,136.9
2018-07-27,103.7622,103.7622,102.0328,103.398,634770,137.5
2018-07-30,103.7622,108.6496,103.4614,108.6619,1590960,144.5
2018-07-31,107.1458,109.4015,106.7698,108.5867,878870,144.4
2018-08-01,108.5744,109.0255,106.3187,107.5339,594010,143
2018-08-02,107.5217,109.7774,105.7923,109.7899,914610,146
2018-08-03,110.5293,112.0331,109.1759,111.2938,1113820,148
2018-08-06,111.2812,111.6572,110.1534,111.2186,419070,147.9
2018-08-07,111.0556,111.1308,109.9278,110.4666,496310,146.9
2018-08-08,110.5293,111.8827,110.2285,110.9178,514700,147.5
2018-08-09,111.2812,113.4617,111.2812,112.9482,819990,150.2
2018-08-10,112.9354,114.6648,112.0331,114.6026,640740,152.4
2018-08-13,114.5896,116.7701,113.9129,115.8057,774760,154
2018-08-14,115.7926,116.5445,113.8377,116.1065,804390,154.4
2018-08-15,116.1686,116.1686,111.2812,112.0458,682950,149
2018-08-16,112.0331,112.0331,108.2736,111.9706,774200,148.9
2018-08-17,112.6346,114.2136,112.4842,113.5498,518380,151
2018-08-20,113.5369,114.2136,112.0331,113.5498,521820,151
2018-08-21,113.5369,114.6648,113.161,114.3018,547170,152
2018-08-22,115.0407,115.7926,113.4617,114.2266,597400,151.9
2018-08-23,114.2136,114.6648,113.161,113.5498,643710,151
2018-08-24,113.6873,114.5896,113.161,114.1514,591390,151.8
2018-08-27,114.8151,115.1911,114.2888,115.0538,1087390,153
2018-08-28,115.0407,117.146,114.9655,116.7081,1151770,155.2
2018-08-29,116.9205,117.2964,115.943,116.8585,607750,155.4
2018-08-30,116.5445,117.9731,115.943,117.9865,1074030,156.9
2018-08-31,118.1235,118.8002,116.9205,117.3097,1061020,156
2018-09-04,117.2964,117.6724,109.1007,109.1131,524240,145.1
2018-09-05,112.4688,114.375,112.0875,113.9949,949760,149.5
2018-09-06,113.9938,114.68,110.5625,112.0887,562370,147
2018-09-07,112.0875,113.0025,111.935,112.4699,360100,147.5
2018-09-10,112.6975,113.0025,112.0875,112.3937,320600,147.4
2018-09-11,112.545,114.7563,112.545,114.7574,525660,150.5
2018-09-12,114.8325,115.5188,113.765,114.3762,480160,150
2018-09-13,114.5275,114.5275,112.85,112.8512,403560,148
2018-09-14,113.155,114.07,113.0025,113.6137,346600,149
2018-09-17,113.6888,113.9938,111.325,112.0887,467680,147
2018-09-18,111.325,113.765,111.1725,113.7662,808380,149.2
2018-09-19,113.9938,114.2225,113.2313,113.9187,386640,149.4
2018-09-20,114.1463,114.2225,113.2313,114.0712,526160,149.6
2018-09-21,114.375,114.7563,112.85,113.9187,466240,149.4
2018-09-24,113.9938,116.205,113.9175,115.9775,1029500,152.1
2018-09-25,115.9763,116.2813,114.9088,115.9775,1011010,152.1
2018-09-26,115.9,116.0525,115.1375,116.0537,1188410,152.2
2018-09-27,116.3575,117.1963,115.0613,116.3587,1222140,152.6
2018-09-28,116.3575,117.0438,114.985,115.52,1157560,151.5
2018-10-01,115.595,115.7475,112.4688,113.2324,1238340,148.5
2018-10-02,112.85,112.85,109.8,110.5637,1375300,145
2018-10-03,111.1725,111.325,110.105,110.4112,697070,144.8
2018-10-04,110.5625,110.5625,108.6563,109.4961,837900,143.6
2018-10-05,109.4188,109.4188,108.58,109.1149,604170,143.1
2018-10-08,109.1138,109.3425,107.2075,107.2086,658020,140.6
2018-10-09,107.5125,109.2663,107.5125,109.0386,586610,143
2018-10-10,109.19,110.5625,109.19,110.5637,748570,145
2018-10-11,107.36,109.7238,102.9375,107.3611,591640,140.8
2018-10-12,107.36,107.5125,105.6063,107.5136,733920,141
2018-10-15,107.5125,108.275,105.225,106.1411,367010,139.2
2018-10-16,106.2925,106.75,104.31,104.4636,817220,137
2018-10-17,106.14,106.2163,104.8438,106.1411,850710,139.2
2018-10-18,106.14,106.5213,103.7,104.0823,653560,136.5
2018-10-19,103.3188,103.3188,100.65,100.6511,924610,132
2018-10-22,101.4125,101.4125,97.3713,98.3635,1371200,129
2018-10-23,97.9813,98.4388,96.6088,96.8385,668320,127
2018-10-24,97.0663,97.6,96.1513,96.686,454880,126.8
2018-10-25,93.7875,96.8375,92.3388,96.076,615660,126
2018-10-26,97.2188,97.6,95.0075,95.161,422490,124.8
2018-10-29,95.16,95.465,94.1688,95.161,474250,124.8
2018-10-30,95.2363,96.4563,94.9313,96.076,530390,126
2018-10-31,96.8375,101.9463,96.6088,101.9473,1064990,133.7
2018-11-01,102.5563,103.395,101.87,102.0236,946500,133.8
2018-11-02,102.175,103.395,102.175,103.3198,840820,135.5
2018-11-05,103.3188,103.5475,102.48,103.3961,604090,135.6
2018-11-06,103.7,104.8438,102.175,102.1761,531390,134
2018-11-07,102.2513,103.6238,99.3538,100.6511,639140,132
2018-11-08,101.1838,102.175,101.0313,101.6423,622400,133.3
2018-11-09,101.87,102.175,99.3538,99.8123,491980,130.9
2018-11-12,99.8113,99.8113,98.2863,98.516,457730,129.2
2018-11-13,98.3625,98.7438,97.2188,97.601,341190,128
2018-11-14,97.7525,99.0488,97.2188,97.2198,442760,127.5
2018-11-15,97.295,98.7438,96.685,97.3723,532230,127.7
2018-11-16,97.905,98.7438,96.6088,97.5248,488140,127.9
2018-11-19,97.7525,98.3625,97.5238,97.906,501830,128.4
2018-11-20,97.9813,99.43,97.905,98.3635,528220,129
2018-11-21,98.3625,98.3625,97.2188,97.601,391290,128
2018-11-22,97.6,98.0575,97.4475,97.6773,589220,128.1
2018-11-23,97.9813,97.9813,96.7613,96.8385,334130,127
2018-11-26,96.99,97.2188,96.685,96.8385,373680,127
2018-11-27,97.4475,97.6,96.5325,96.6098,392350,126.7
2018-11-28,96.8375,98.9725,96.685,98.7448,888250,129.5
2018-11-29,99.8875,102.0225,99.8113,101.0323,1147260,132.5
2018-11-30,100.2688,100.65,99.0488,99.8885,602920,131
2018-12-03,100.4975,101.0313,99.9638,100.6511,618450,132
2018-12-04,100.65,101.7938,100.4213,101.3373,517240,132.9
2018-12-05,100.955,100.955,100.1925,100.1935,554870,131.4
2018-12-06,99.8875,101.4125,99.8875,100.5748,530060,131.9
2018-12-07,100.8025,102.0988,100.5738,100.9561,588100,132.4
2018-12-10,100.955,100.955,99.0488,99.0498,595660,129.9
2018-12-11,99.0488,99.8875,97.9813,98.211,558320,128.8
2018-12-12,98.4388,99.6588,98.2863,99.2785,560950,130.2
2018-12-13,99.5063,100.1163,98.515,98.7448,479680,129.5
2018-12-14,98.5913,99.0488,97.6,97.601,402510,128
2018-12-17,97.6763,97.9813,95.6938,96.4573,462490,126.5
2018-12-18,95.3125,95.9988,93.94,95.2372,612150,124.9
2018-12-19,95.2363,95.77,95.16,95.3135,440150,125
2018-12-20,95.3125,95.465,94.55,94.7035,403570,124.2
2018-12-21,94.7025,95.3125,93.7113,94.7035,388100,124.2
2018-12-24,94.7025,95.0075,94.55,94.7797,237590,124.3
2018-12-25,93.7875,93.7875,92.2625,92.9497,372990,121.9
2018-12-26,93.025,93.7875,91.5,93.026,304700,122
2018-12-27,93.7875,94.0925,91.3475,91.501,627250,120
2018-12-28,90.7375,92.6438,90.2038,91.501,594960,120
2019-01-02,89.2125,92.4913,88.45,89.2134,509920,117
2019-01-03,89.2125,89.5938,87.6875,88.6034,579590,116.2
2019-01-04,87.6875,88.6788,86.3913,87.6884,882080,115
2019-01-07,88.6788,88.755,86.2388,88.4509,637590,116
2019-01-08,88.6788,88.6788,87.3063,87.6884,226650,115
2019-01-09,87.6875,88.45,87.3825,87.6884,554850,115
2019-01-10,88.0688,88.0688,87.535,87.6884,381340,115
2019-01-11,87.6875,90.28,87.6875,89.2134,799230,117
2019-01-14,89.5175,90.6613,89.06,89.5947,487330,117.5
2019-01-15,89.67,89.8988,88.6788,89.3659,514390,117.2
2019-01-16,88.45,89.4413,87.6875,88.4509,638280,116
2019-01-17,88.45,88.45,87.3063,88.0697,614570,115.5
2019-01-18,88.2213,88.2975,87.1538,87.8409,489080,115.2
2019-01-21,87.3063,88.145,87.3063,87.8409,294150,115.2
2019-01-22,88.0688,88.2975,87.535,87.6884,351870,115
2019-01-23,87.6875,88.2975,87.6113,88.0697,398030,115.5
2019-01-24,88.45,90.28,88.45,89.9759,721190,118
2019-01-25,90.28,93.4063,90.28,93.4072,778640,122.5
2019-01-28,93.635,94.245,92.6438,93.4072,305350,122.5
2019-01-29,93.4063,93.7113,92.0338,92.7972,280160,121.7
2019-01-30,92.7963,94.3975,92.7963,93.941,646990,123.2
2019-01-31,93.94,94.3213,93.1775,94.1697,455960,123.5
2019-02-01,94.1688,95.3125,94.0925,95.3135,797560,125
2019-02-11,95.6175,96.1513,95.3125,95.9998,359160,125.9
2019-02-12,96.075,96.5325,95.2363,95.9998,721400,125.9
2019-02-13,95.465,95.77,94.7025,94.9322,643080,124.5
2019-02-14,95.0075,95.0075,93.7875,94.0935,473820,123.4
2019-02-15,94.0925,94.0925,91.9575,92.4922,553820,121.3
2019-02-18,92.4913,92.6438,91.4238,91.8822,713710,120.5
2019-02-19,91.9575,93.7113,91.8813,92.111,902500,120.8
2019-02-20,92.11,92.11,90.7375,91.3485,537530,119.8
2019-02-21,91.195,91.2713,89.5938,90.7384,1065070,119
2019-02-22,90.7375,93.8638,90.7375,92.6447,1145220,121.5
2019-02-25,93.4063,94.9313,93.4063,94.9322,1125900,124.5
2019-02-26,95.3125,95.3125,93.8638,94.246,932940,123.6
2019-02-27,94.245,94.245,93.025,93.5597,1333370,122.7
2019-02-28,93.7875,93.8638,90.7375,90.7384,1629860,119
2019-03-01,90.8138,91.5,89.2125,91.501,1125320,120
2019-03-04,91.8813,92.415,91.2713,92.1872,990660,120.9
2019-03-05,91.9575,92.0338,91.1188,91.501,1074790,120
2019-03-06,91.5,92.2625,91.5,92.2635,939310,121
2019-03-07,92.5675,92.72,92.1863,92.5685,1014890,121.4
2019-03-08,91.8813,92.2625,91.1188,92.0347,1002300,120.7
2019-03-11,91.8813,92.72,91.5,92.4922,794310,121.3
2019-03-12,92.5675,92.7963,91.4238,91.8822,1048390,120.5
2019-03-13,91.6525,92.0338,90.3563,91.3485,1223310,119.8
2019-03-14,91.3475,91.3475,89.8225,90.2809,1156440,118.4
2019-03-15,90.2038,90.8138,90.2038,90.7384,598760,119
2019-03-18,90.7375,91.3475,90.585,91.3485,660300,119.8
2019-03-19,91.4238,91.5763,90.7375,91.3485,809590,119.8
2019-03-20,91.3475,91.3475,90.0513,91.3485,592830,119.8
2019-03-21,91.3475,91.4238,90.1275,90.3572,660960,118.5
2019-03-22,90.4325,90.8138,89.8225,90.6622,481800,118.9
2019-03-25,89.975,90.28,89.1363,89.9759,815680,118
2019-03-26,90.28,90.8138,89.8225,89.9759,459670,118
2019-03-27,89.975,90.3563,89.5938,90.2047,459010,118.3
2019-03-28,89.975,90.1275,88.8313,89.3659,620430,117.2
2019-03-29,89.5175,89.67,88.3738,88.8322,944370,116.5
2019-04-01,88.755,89.06,87.0013,87.4597,959500,114.7
2019-04-02,87.3063,88.45,87.3063,87.4597,504360,114.7
2019-04-03,87.4588,87.6113,85.8575,86.8497,761320,113.9
2019-04-04,86.315,87.4588,86.01,86.3159,451040,113.2
2019-04-05,86.315,86.6963,85.705,86.0109,522350,112.8
2019-04-08,86.01,86.315,84.18,84.2571,621740,110.5
2019-04-09,84.2563,86.925,81.8163,85.7821,1595160,112.5
2019-04-10,86.315,86.315,84.6375,86.0871,1003980,112.9
2019-04-11,86.5438,87.6875,86.1625,86.8497,1106190,113.9
2019-04-12,86.2388,86.925,85.7813,86.3159,876490,113.2
2019-04-16,85.705,86.3913,85.1713,86.3922,619310,113.3
2019-04-17,86.4675,86.5438,85.6288,86.5447,565610,113.5
2019-04-18,86.5438,88.45,86.3913,86.9259,995140,114
2019-04-19,87.6875,88.2213,87.3825,87.6122,568360,114.9
2019-04-22,87.6875,88.145,87.4588,87.6122,448080,114.9
2019-04-23,87.7657,88.1503,87.2273,87.9965,431630,114.4
2019-04-24,87.9965,88.0734,87.2273,88.0734,401640,114.5
2019-04-25,88.062,88.908,87.6005,88.6118,670050,115.2
2019-04-26,88.0734,89.1503,87.8426,89.1503,575360,115.9
2019-05-02,89.6118,91.1502,89.2272,91.1502,1077940,118.5
2019-05-03,90.9964,91.2271,90.6118,91.1502,868540,118.5
2019-05-06,90.381,90.5348,89.5349,90.2272,846420,117.3
2019-05-07,90.381,90.6887,89.2272,89.9964,468670,117
2019-05-08,89.2272,89.6118,88.2272,88.8426,704440,115.5
2019-05-09,88.8426,89.1503,88.1503,88.8426,545570,115.5
2019-05-10,88.8426,89.1503,87.6888,88.7657,560410,115.4
2019-05-13,88.6888,89.2272,88.458,89.2272,616000,116
2019-05-14,89.2272,89.8426,88.9964,89.8426,653650,116.8
2019-05-15,89.9964,90.9194,89.9964,90.7656,820490,118
2019-05-16,90.7656,91.381,90.6118,90.7656,744920,118
2019-05-17,90.7656,90.7656,89.9964,90.6887,631990,117.9
2019-05-20,90.6887,91.4579,90.4579,90.9964,900890,118.3
2019-05-21,91.0733,91.4579,91.0733,91.381,613310,118.8
2019-05-22,91.9194,92.3809,91.1502,91.9194,707930,119.5
2019-05-23,91.9194,92.0732,91.2271,91.8425,639060,119.4
2019-05-24,91.381,92.6117,91.1502,92.2271,898900,119.9
2019-05-27,92.6886,93.0732,92.2271,92.6886,423350,120.5
2019-05-28,92.6886,96.15,92.6117,96.15,1298700,125
2019-05-29,95.7654,95.7654,94.4578,94.9962,443520,123.5
2019-05-30,94.5993,95.5222,93.8302,95.5346,413490,124.2
2019-05-31,95.3808,96.15,95.0731,95.7654,714840,124.5
2019-06-03,95.3808,95.3808,93.7655,93.8424,631510,122
2019-06-04,93.8424,94.3039,92.304,93.304,558310,121.3
2019-06-05,93.6886,93.7655,92.9194,93.3809,530380,121.4
2019-06-06,93.304,93.3809,91.8425,93.3809,584270,121.4
2019-06-07,93.4457,93.984,93.4457,93.9962,534680,122.2
2019-06-10,94.3039,95.9962,94.227,95.3808,644970,124
2019-06-11,95.0731,95.5346,94.4578,95.3808,480010,124
2019-06-12,95.3808,95.4577,94.227,94.9962,444310,123.5
2019-06-13,94.9069,94.9069,93.138,93.5347,455860,121.6
2019-06-14,93.138,94.5993,93.138,93.6116,484660,121.7
2019-06-17,91.9194,92.6117,91.5348,92.2271,568680,119.9
2019-06-18,92.2271,92.6117,90.7656,90.7656,358970,118
2019-06-19,91.9194,92.1502,90.9964,91.9194,474540,119.5
2019-06-20,91.9963,94.9962,91.9194,94.8424,738760,123.3
2019-06-21,94.7531,94.9839,94.1378,94.7654,559790,123.2
2019-06-24,94.7654,95.227,94.7654,94.9962,628250,123.5
2019-06-25,94.6885,95.7654,94.6116,95.3039,655640,123.9
2019-06-26,95.5222,95.753,95.2146,95.5346,690590,124.2
2019-06-27,95.7654,95.8423,95.3808,95.7654,663660,124.5
2019-06-28,98.4576,98.4576,95.5346,98.4576,977470,128
2019-07-01,97.6884,98.3038,96.9192,97.6884,780500,127
2019-07-02,98.8422,98.996,97.6115,98.8422,609150,128.5
2019-07-03,98.8422,98.9191,97.9192,98.8422,491480,128.5
2019-07-04,98.8422,99.9191,98.5345,99.6114,559370,129.5
2019-07-05,99.6114,99.8422,99.2268,99.6114,420080,129.5
2019-07-08,99.3037,99.3037,98.2268,98.8422,606760,128.5
2019-07-09,98.8422,99.1499,98.2268,99.1499,629690,128.9
2019-07-10,99.7652,101.1498,99.6883,101.1498,803320,131.5
2019-07-11,101.1498,101.1498,100.3037,100.996,599200,131.3
2019-07-12,101.0597,101.2136,100.1368,100.1498,604680,130.2
2019-07-15,101.0729,100.3037,99.3037,99.6114,592580,129.5
2019-07-16,99.6883,100.7652,99.6114,100.7652,817510,131
2019-07-17,100.8421,100.8421,99.6114,99.996,597950,130
2019-07-18,100.0729,100.7652,98.8422,98.8422,612200,128.5
2019-07-19,100.0599,100.2137,99.137,100.1498,590430,130.2
2019-07-22,100.7652,103.842,100.7652,101.5344,511730,132
2019-07-23,100.919,101.6113,100.919,101.4575,426150,131.9
2019-07-24,101.4575,103.0728,101.4575,102.1498,679130,132.8
2019-07-25,102.5344,102.919,102.0728,102.3036,771590,133
2019-07-26,101.919,102.3805,101.919,102.3036,717200,133
2019-07-29,102.4574,102.842,102.3036,102.6113,585650,133.4
2019-07-30,102.6882,102.919,102.6113,102.6113,492810,133.4
2019-07-31,102.6113,102.9959,101.5344,102.6113,849980,133.4
2019-08-01,101.919,102.6113,100.919,102.3036,888880,133
2019-08-02,101.5344,101.8421,101.1498,101.8421,752100,132.4
2019-08-05,101.1367,101.1367,100.2906,100.5344,799780,130.7
2019-08-06,99.8292,100.0599,98.8294,100.0729,893350,130.1
2019-08-07,100.2268,100.8421,100.2268,100.6883,533510,130.9
2019-08-08,100.829,101.1367,100.0599,100.8421,671470,131.1
2019-08-09,100.9059,101.2905,100.6752,101.3036,819860,131.7
2019-08-12,101.5344,103.4574,101.4575,103.4574,801570,134.5
2019-08-13,102.919,103.2266,101.5344,101.919,526150,132.5
2019-08-14,102.0596,103.0594,101.1367,101.2267,1004290,131.6
2019-08-15,100.1498,101.0729,99.2268,100.2268,529870,130.3
2019-08-16,99.996,100.4575,99.996,100.3806,636040,130.5
2019-08-19,100.3806,100.996,99.996,100.3806,720980,130.5
2019-08-20,100.3806,100.3806,99.6114,99.996,979530,130
2019-08-21,100.1498,100.6883,99.6883,100.6883,853770,130.9
2019-08-22,100.6752,101.675,100.5214,101.6882,1047830,132.2
2019-08-23,101.7652,103.0728,101.6882,103.0728,1709500,134
2019-08-26,102.919,102.919,101.1498,101.5344,398470,132
2019-08-27,101.5212,101.9827,101.2136,101.9959,485470,132.6
2019-08-28,101.5344,102.1498,101.2267,101.8421,390240,132.4
2019-08-29,101.8421,101.8421,101.3036,101.5344,379870,132
2019-08-30,101.8421,101.5344,101.0729,101.5344,386150,132
2019-09-03,101.5344,101.8421,98.9191,101.5344,674010,132
2019-09-04,101.1498,101.4575,100.2268,100.3037,317510,130.4
2019-09-05,100.3037,100.5344,99.9191,100.3037,557030,130.4
2019-09-06,100.3037,100.3806,99.2268,100.3037,350770,130.4
2019-09-09,100.3037,102.3036,100.3806,102.1498,743950,132.8
2019-09-10,102.4574,102.6882,101.9959,102.5344,300980,133.3
2019-09-11,102.521,102.7518,101.675,102.7651,552470,133.6
2019-09-12,102.842,105.3804,102.7651,105.3804,677330,137
2019-09-13,105.3667,106.6742,105.3667,106.3034,581100,138.2
2019-09-16,106.3034,108.1495,106.3034,108.0726,918890,140.5
2019-09-17,107.688,108.0726,107.3803,107.9188,1660130,140.3
2019-09-18,107.674,107.9047,105.8282,107.4572,443680,139.7
2019-09-19,107.4572,107.6111,106.3034,107.3034,513500,139.5
2019-09-20,106.9188,107.2265,106.1496,106.1496,3731860,138
2019-09-23,106.1358,106.1358,105.6743,105.8419,319890,137.6
2019-09-24,105.7513,106.1358,105.7513,105.8419,447380,137.6
2019-09-25,105.765,105.9188,103.842,104.6112,414030,136
2019-09-26,104.0728,104.842,104.0728,104.6112,325980,136
2019-09-27,104.6745,105.136,104.2131,105.0727,437980,136.6
2019-09-30,104.5976,105.982,104.5976,105.9188,488290,137.7
2019-10-01,105.9958,105.9958,105.2266,105.765,340010,137.5
2019-10-02,105.7513,105.982,105.3667,105.8419,401000,137.6
2019-10-03,105.6881,105.6881,105.2266,105.6112,336620,137.3
2019-10-04,105.6743,106.6742,105.4436,105.8419,710480,137.6
2019-10-07,105.6881,105.8419,104.9189,105.6881,429440,137.4
2019-10-08,105.6112,105.9958,105.4573,105.6881,498720,137.4
2019-10-09,105.5342,105.9188,105.2266,105.6881,528830,137.4
2019-10-10,105.765,105.765,105.2266,105.765,509370,137.5
2019-10-11,105.765,107.3034,105.6881,107.2265,649930,139.4
2019-10-14,107.2265,107.8418,107.2265,107.2265,489110,139.4
2019-10-15,107.2125,107.8278,107.2125,107.3803,481300,139.6
2019-10-16,106.9188,107.4572,106.6111,106.9188,329060,139
2019-10-17,107.1496,107.4572,106.4573,106.5342,458890,138.5
2019-10-18,106.5204,107.1356,106.2896,106.9957,400630,139.1
2019-10-21,106.9957,108.688,106.9188,107.688,489400,140
2019-10-22,107.9188,110.6879,107.9188,110.6879,451730,143.9
2019-10-23,110.6879,111.0725,109.9956,110.7648,435740,144
2019-10-24,110.6879,111.4571,109.9956,111.4571,468850,144.9
2019-10-25,110.7648,112.6878,110.7648,112.2263,458050,145.9
2019-10-28,112.2263,113.1493,111.534,111.534,311800,145
2019-10-29,110.9186,111.8417,110.3802,110.3802,394270,143.5
2019-10-30,110.7648,111.7648,110.7648,111.3802,707320,144.8
2019-10-31,111.534,111.6878,110.9186,111.534,657640,145
2019-11-01,111.6109,111.9186,111.534,111.9186,441910,145.5
2019-11-04,111.7648,111.7648,110.9956,111.7648,374520,145.3
2019-11-05,111.7502,112.2117,111.7502,112.0724,507500,145.7
2019-11-06,111.534,111.9186,109.9956,110.3802,476860,143.5
2019-11-07,110.3659,110.4428,109.5198,110.1494,400270,143.2
2019-11-08,110.1351,110.212,109.9813,110.1494,389400,143.2
2019-11-11,110.2264,110.3802,109.611,109.8418,428170,142.8
2019-11-12,109.8418,110.3802,109.6879,110.3802,394890,143.5
2019-11-13,110.4571,110.7648,110.1494,110.3802,433120,143.5
2019-11-14,110.3802,110.611,110.0725,110.3033,419880,143.4
2019-11-15,110.3802,110.534,109.9187,110.2264,495170,143.3
2019-11-18,110.2264,110.534,109.9187,110.3802,509230,143.5
2019-11-19,110.3802,110.7648,110.3033,110.7648,583570,144
2019-11-20,110.9956,111.6878,110.9186,111.4571,581440,144.9
2019-11-21,111.1494,111.4571,110.3033,110.3033,602750,143.4
2019-11-22,109.9956,110.4571,109.611,109.9956,431230,143
2019-11-25,109.2264,109.9956,108.9187,109.9956,393890,143
2019-11-26,109.9956,110.3802,109.9956,110.2264,445370,143.3
2019-11-27,110.3659,110.5966,110.1351,110.534,321040,143.7
2019-11-28,110.5966,111.2888,110.5966,111.2263,501020,144.6
2019-11-29,111.2263,111.6109,111.2263,111.4571,336450,144.9
2019-12-02,111.5964,112.4424,111.4426,112.3801,561090,146.1
2019-12-03,112.1494,112.1494,111.534,111.8417,492220,145.4
2019-12-04,111.8417,112.0724,111.534,111.9186,395960,145.5
2019-12-05,111.9955,112.2263,111.8417,111.8417,413470,145.4
2019-12-06,111.7648,111.7648,110.8417,111.0725,385820,144.4
2019-12-09,110.9956,111.1494,110.1494,111.1494,351930,144.5
2019-12-10,111.1494,111.1494,110.2264,110.611,400540,143.8
2019-12-11,110.534,110.8417,110.3033,110.6879,405490,143.9
2019-12-12,110.7504,111.6733,110.6735,111.6878,423230,145.2
2019-12-13,111.6878,111.8417,111.1494,111.1494,349180,144.5
2019-12-16,111.1494,111.1494,109.8418,109.9956,409810,143
2019-12-17,109.9044,109.9813,109.4429,109.6879,309620,142.6
2019-12-18,109.6737,109.7506,109.366,109.7648,389080,142.7
2019-12-19,109.8275,109.9813,109.4429,109.6879,452360,142.6
2019-12-20,109.6879,109.7648,109.3033,109.611,800200,142.5
2019-12-23,109.611,110.611,109.611,109.9187,407670,142.9
2019-12-24,109.9187,110.3802,109.8418,110.3802,358610,143.5
2019-12-25,110.3033,110.611,110.1494,110.611,354830,143.8
2019-12-26,110.5966,110.7504,110.3659,110.534,371430,143.7
2019-12-27,110.3659,110.5197,110.2889,110.4571,360120,143.6
2019-12-30,110.4571,111.0725,110.3802,111.0725,415840,144.4
2019-12-31,111.2119,112.5193,111.058,112.457,482790,146.2
2020-01-02,112.534,113.8416,112.534,113.8416,419710,148
2020-01-03,113.8416,114.457,113.457,113.8416,350790,148
2020-01-06,113.6878,113.6878,111.9955,112.3032,334350,146
2020-01-07,112.1494,112.3032,111.9186,112.2263,360760,145.9
2020-01-08,112.0724,112.1494,110.7648,111.3802,417200,144.8
2020-01-09,111.3657,112.4424,111.2888,112.457,451440,146.2
2020-01-10,112.4424,112.5193,111.7502,112.457,483900,146.2
2020-01-13,112.457,112.6878,112.2263,112.6878,466570,146.5
2020-01-14,112.6878,112.6878,112.1494,112.3032,486130,146
2020-01-15,112.2263,112.3032,111.7648,112.3032,422930,146
2020-01-16,112.3032,112.534,112.1494,112.3032,404540,146
2020-01-17,112.2886,114.1344,112.2886,113.9954,506950,148.2
2020-01-20,113.9954,113.9954,113.0724,113.0724,341310,147
2020-01-21,113.0724,113.2262,112.6878,113.0724,369200,147
2020-01-22,113.0724,113.0724,112.6878,112.6878,365030,146.5
2020-01-30,111.534,111.534,107.688,107.688,565700,140
2020-01-31,107.4433,107.4433,100.1368,100.1498,489090,130.2
2020-02-03,96.5346,96.5346,93.1501,96.5346,1089690,125.5
2020-02-04,96.5346,99.8422,96.4577,99.2268,271820,129
2020-02-05,99.2268,99.4576,97.5346,97.6884,477530,127
2020-02-06,98.073,98.3807,97.15,98.073,422850,127.5
2020-02-07,98.1372,101.4443,97.9833,100.919,502280,131.2
2020-02-10,100.7652,100.7652,99.073,99.2268,269590,129
2020-02-11,99.2268,99.3037,98.6884,99.2268,345280,129
2020-02-12,99.2908,99.3677,98.7524,99.3806,372700,129.2
2020-02-13,99.137,99.3677,98.7524,99.3806,362740,129.2
2020-02-14,99.3677,99.3677,98.7524,98.9191,280880,128.6
2020-02-17,98.8294,99.137,98.8294,98.996,324750,128.7
2020-02-18,99.0601,99.0601,98.7524,98.996,347240,128.7
2020-02-19,98.996,98.996,98.6884,98.7653,377580,128.4
2020-02-20,98.7653,98.996,98.4576,98.8422,257700,128.5
2020-02-21,98.8294,99.0601,98.7524,98.9191,371740,128.6
2020-02-24,98.7653,98.8422,97.9192,98.4576,306570,128
2020-02-25,98.3038,98.3038,96.3038,97.6884,247200,127
2020-02-26,96.5346,96.6115,95.9962,96.15,388100,125
2020-02-27,96.15,96.15,94.3808,94.4578,243980,122.8
2020-02-28,93.8424,94.3808,93.6886,93.7655,305420,121.9
2020-03-02,93.0732,93.0732,91.8425,92.9194,339750,120.8
2020-03-03,92.6886,93.7655,92.5348,92.9194,335300,120.8
2020-03-04,92.9194,98.996,92.2271,93.304,401940,121.3
2020-03-05,93.4578,95.3039,93.3809,94.6116,413440,123
2020-03-06,94.5347,94.5347,92.2271,92.6886,299570,120.5
2020-03-09,91.5348,91.5348,86.2273,87.3042,340670,113.5
2020-03-10,83.8428,88.0734,82.9198,88.0734,346960,114.5
2020-03-11,88.0734,88.0734,81.9198,81.9198,683340,106.5
2020-03-12,81.1506,81.5352,76.2277,77.6892,791610,101
2020-03-13,76.5354,77.6892,72.3048,77.6892,488260,101
2020-03-16,76.3816,76.92,73.8432,76.92,397240,100
2020-03-17,78.2175,78.2175,75.1411,78.2276,439950,101.7
2020-03-18,78.2276,78.4584,75.3816,77.9969,383680,101.4
2020-03-19,76.3046,76.92,73.1509,75.3816,540170,98
2020-03-20,75.3816,79.2276,74.9201,79.2276,467800,103
2020-03-23,76.92,76.92,73.6894,73.6894,400260,95.8
2020-03-24,72.9202,75.3816,72.7663,74.2278,331440,96.5
2020-03-25,75.3718,76.5255,74.2951,74.6893,310640,97.1
2020-03-26,74.6893,74.6893,72.7663,74.6124,208360,97
2020-03-27,74.2278,74.5355,72.4586,74.5355,222210,96.9
2020-03-30,72.3048,74.2278,71.6894,74.2278,131550,96.5
2020-03-31,74.2182,76.064,73.8336,74.7662,153980,97.2
2020-04-01,74.7565,76.2947,74.6027,76.3046,250950,99.2
2020-04-03,76.3046,77.9969,76.1508,76.8431,377340,99.9
2020-04-06,76.8431,77.0738,76.1508,76.8431,466290,99.9
2020-04-07,76.92,76.92,74.7662,76.1508,264000,99
2020-04-08,75.7662,76.1508,74.997,76.1508,272420,99
2020-04-09,76.1508,79.2276,75.8431,78.4584,359760,102
2020-04-10,78.4482,83.9088,78.4482,83.9197,268880,109.1
2020-04-13,86.9083,89.754,86.1392,88.9964,241950,115.7
2020-04-14,88.0734,88.0734,84.2274,86.7658,300930,112.8
2020-04-15,85.9966,86.3042,81.5352,85.2274,244450,110.8
2020-04-16,85.3812,89.2272,85.0735,89.2272,304040,116
2020-04-17,89.2272,90.7656,89.2272,90.3041,391890,117.4
2020-04-20,90.4462,90.4462,89.6002,90.1502,380240,117.2
2020-04-21,89.6118,89.6118,86.9196,88.458,270040,115
2020-04-22,88.2158,88.8311,87.5236,88.5349,422410,115.1
2020-04-23,88.8426,90.2272,88.8426,89.5349,417880,116.4
2020-04-24,89.6002,89.6002,88.2158,88.6118,220300,115.2
2020-04-27,88.6118,88.6118,86.9196,87.3042,279920,113.5
2020-04-28,86.9196,87.3042,86.3042,86.8427,211570,112.9
2020-04-29,88.8426,89.6118,86.2273,88.8426,500000,115.5
2020-05-04,88.8426,89.2272,87.6119,87.9196,265270,114.3
2020-05-05,87.8426,87.9196,85.535,85.7658,257530,111.5
2020-05-06,85.9854,86.5238,85.9085,86.2273,411930,112.1
2020-05-07,86.293,88.6003,86.293,88.6118,413820,115.2
2020-05-08,88.6118,94.7654,88.5349,92.304,922100,120
2020-05-11,91.2153,91.7536,90.4462,91.2271,404180,118.6
2020-05-12,91.2271,91.2271,89.6887,90.3041,448580,117.4
2020-05-13,89.9964,89.9964,83.9966,88.3811,709770,114.9
2020-05-14,88.3042,88.3042,86.7658,87.6888,529830,114
2020-05-15,87.6888,88.0734,87.535,87.6888,396390,114
2020-05-18,87.6888,87.8426,86.9965,87.6888,403230,114
2020-05-19,88.458,89.2272,88.0734,88.3811,565860,114.9
2020-05-20,88.062,88.062,87.2929,87.458,290200,113.7
2020-05-21,87.458,88.458,87.3811,88.458,452160,115
2020-05-22,88.3042,88.3042,86.9196,87.6888,397860,114
2020-05-25,87.6774,87.6774,86.9852,86.9965,331260,113.1
2020-05-26,86.9196,87.1504,86.4581,86.9196,464120,113
2020-05-27,86.9196,88.6118,86.9196,86.9196,496870,113
2020-05-28,86.9196,87.8426,86.9196,87.1504,436060,113.3
2020-05-29,87.1504,87.1504,86.8427,86.9196,449840,113
2020-06-01,86.9196,87.6888,86.8427,87.1504,406510,113.3
2020-06-02,87.139,88.8311,87.0621,88.2272,593950,114.7
2020-06-03,88.2272,88.2272,87.458,87.535,311360,113.8
2020-06-04,87.6119,87.9196,87.535,87.9196,687650,114.3
2020-06-05,87.7657,87.9196,87.3811,87.9196,368780,114.3
2020-06-08,87.9196,88.9195,87.9196,88.458,688020,115
2020-06-09,89.8426,91.381,89.2272,90.6118,727700,117.8
2020-06-10,90.6887,91.0733,90.3041,90.6118,544330,117.8
2020-06-11,90.6118,90.6887,87.3042,87.3042,697580,113.5
2020-06-12,86.1504,87.2273,84.0736,87.2273,657920,113.4
2020-06-15,86.3042,86.3042,83.8428,83.8428,629650,109
2020-06-16,84.601,84.9086,82.3706,82.8428,612480,107.7
2020-06-17,82.8428,84.4582,82.689,84.4582,479940,109.8
2020-06-18,84.2274,85.612,83.8428,85.3812,345560,111
2020-06-19,85.3812,86.0735,84.2274,84.612,418810,110
2020-06-22,84.612,84.612,83.2274,83.8428,276620,109
2020-06-23,83.4582,85.3812,83.2274,84.1505,277520,109.4
2020-06-24,84.1505,84.1505,83.0736,83.4582,267910,108.5
2020-06-25,83.0736,83.4582,82.4582,83.4582,258530,108.5
2020-06-26,83.2274,83.612,82.689,83.4582,248260,108.5
2020-06-29,83.8428,84.2274,81.9198,82.1506,328140,106.8
2020-06-30,82.9967,83.0736,81.8429,83.0736,289590,108
2020-07-01,83.0736,83.4582,82.3813,83.0736,313260,108
2020-07-02,83.0736,83.0736,82.2275,82.9967,244570,107.9
2020-07-03,82.689,83.2274,82.689,83.0736,284360,108
2020-07-06,83.0628,83.2166,82.4475,82.8428,318520,107.7
2020-07-07,82.689,83.8428,82.689,83.3044,350630,108.3
2020-07-08,83.1397,83.1397,82.6783,82.7659,289450,107.6
2020-07-09,82.7552,84.2165,82.5244,83.1505,519710,108.1
2020-07-10,83.1505,84.612,82.8428,83.0736,401690,108
2020-07-13,83.0736,84.2274,82.3044,83.0736,369240,108
2020-07-14,83.0736,83.3813,82.3044,83.0736,327810,108
2020-07-15,83.0736,83.5351,82.9198,82.9198,210730,107.8
2020-07-16,82.9198,86.1504,82.5352,86.1504,280190,112
2020-07-17,83.8428,83.8428,83.0736,83.8428,319230,109
2020-07-20,82.689,83.612,82.5352,82.689,218370,107.5
2020-07-21,82.6121,83.4582,82.3044,83.3813,232510,108.4
2020-07-22,83.3044,83.3044,82.6121,82.6121,247420,107.4
2020-07-23,82.6121,83.0736,82.4582,82.9967,252960,107.9
2020-07-24,82.689,82.9967,78.7661,79.843,351710,103.8
2020-07-27,75.3816,76.92,74.3047,75.3047,362790,97.9
2020-07-28,75.2278,75.3047,72.9971,74.2278,334050,96.5
2020-07-29,73.8336,74.1412,72.5261,73.1509,229700,95.1
2020-07-30,73.1509,74.6124,73.1509,73.8432,208710,96
2020-07-31,73.074,73.7663,72.6894,72.6894,266790,94.5
2020-08-03,72.6894,73.997,72.6894,73.8432,297320,96
2020-08-04,73.8432,74.997,73.8432,74.6124,323790,97
2020-08-05,74.6124,76.92,73.9201,76.7662,413720,99.8
2020-08-06,76.92,78.5353,76.92,77.6892,362410,101
2020-08-07,77.6892,77.843,76.3046,77.1508,255020,100.3
2020-08-10,77.1508,77.6892,76.92,76.92,339710,100
2020-08-11,76.92,76.9969,76.2277,76.5354,240830,99.5
2020-08-12,76.7662,77.3046,76.6892,77.3046,298910,100.5
2020-08-13,77.4484,78.1406,77.3715,78.1507,421970,101.6
2020-08-14,78.1406,78.2175,77.1407,77.3815,362250,100.6
2020-08-17,77.0638,77.3715,75.9871,77.0738,265010,100.2
2020-08-18,76.92,77.0738,76.0739,76.7662,267090,99.8
2020-08-19,76.7662,76.92,76.6123,76.92,245440,100
2020-08-20,76.8331,76.91,75.9871,76.6123,481250,99.6
2020-08-21,76.6793,76.6793,76.2178,76.6123,270450,99.6
2020-08-24,76.6892,77.2277,76.6892,76.92,537630,100
2020-08-25,76.9969,77.2277,76.3046,76.5354,560970,99.5
2020-08-26,76.7562,77.3715,76.6024,77.3815,460680,100.6
2020-08-27,77.2946,77.3715,76.5255,76.6123,276490,99.6
2020-08-28,76.7562,77.5253,76.7562,77.3815,480460,100.6
2020-08-31,77.6892,79.3814,77.4584,79.2276,489880,103
2020-09-01,79.766,81.1506,79.6891,81.1506,686820,105.5
2020-09-03,81.9861,82.9859,81.9092,82.7659,607480,107.6
2020-09-04,81.1401,82.7552,81.1401,82.7659,663890,107.6
2020-09-07,83.0736,83.0736,81.2275,82.3044,485630,107
2020-09-08,82.3044,82.3044,81.0737,82.1506,404020,106.8
2020-09-09,81.5352,81.5352,80.3045,81.5352,527620,106
2020-09-10,81.5352,81.689,81.1506,81.5352,460670,106
2020-09-11,81.5352,81.5352,80.3814,81.3814,409590,105.8
2020-09-14,81.5352,82.6121,81.5352,82.6121,551420,107.4
2020-09-15,82.689,83.0736,81.5352,82.2275,415560,106.9
2020-09-16,82.2275,82.2275,81.5352,82.2275,443260,106.9
2020-09-17,82.2275,82.2275,81.4583,81.4583,566330,105.9
2020-09-18,80.9968,81.6121,80.9968,81.5352,356340,106
2020-09-21,81.5352,82.3044,81.5352,81.9198,416780,106.5
2020-09-22,81.9092,82.1399,81.4477,82.0736,641230,106.7
2020-09-23,82.0736,82.1506,81.5352,81.9198,370730,106.5
2020-09-24,81.6121,81.8429,81.1506,81.3814,353690,105.8
2020-09-25,81.3708,81.6784,80.9862,81.2275,314150,105.6
2020-09-28,81.3044,81.3814,80.766,81.1506,331270,105.5
2020-09-29,81.0737,81.0737,79.9968,79.9968,374370,104
2020-09-30,79.8326,80.9862,79.8326,80.4583,413700,104.6
2020-10-01,80.5352,81.1506,80.4583,81.1506,445300,105.5
2020-10-02,81.1506,81.2275,80.2276,80.6891,384660,104.9
2020-10-05,80.766,81.0737,80.6122,80.6122,306570,104.8
2020-10-06,80.6122,80.6891,79.9199,80.3814,408750,104.5
2020-10-07,80.2276,80.2276,79.2276,79.9968,356210,104
2020-10-08,79.9968,79.9968,79.4584,79.9968,405290,104
2020-10-09,79.9968,80.6122,79.9968,80.3045,380200,104.4
2020-10-12,80.3045,80.766,80.1506,80.766,496670,105
2020-10-13,80.9968,81.1506,80.5352,80.766,338730,105
2020-10-14,80.7555,80.7555,79.9864,80.4583,297820,104.6
2020-10-15,80.3814,81.5352,79.6122,81.5352,500370,106
2020-10-16,81.3814,81.4583,80.4583,80.766,417480,105
2020-10-19,80.766,80.766,79.9968,80.3814,334870,104.5
2020-10-20,80.3814,80.3814,79.6122,80.3814,439430,104.5
2020-10-21,80.3045,80.4583,79.843,79.9199,467800,103.9
2020-10-22,79.843,80.766,79.5353,80.766,506260,105
2020-10-23,80.766,80.9968,79.9968,80.9968,677260,105.3
2020-10-26,80.9968,81.0737,80.3814,80.3814,607970,104.5
2020-10-27,80.3814,80.8429,79.9968,80.3814,618430,104.5
2020-10-28,80.3814,80.8429,78.843,79.9968,729460,104
2020-10-29,79.9968,79.9968,76.9969,78.6892,588780,102.3
2020-10-30,78.5251,78.5251,76.4485,77.843,519620,101.2
2020-11-02,77.6892,80.6891,77.3046,80.6891,507940,104.9
2020-11-03,80.6891,81.2275,79.2276,81.1506,582490,105.5
2020-11-04,81.1506,81.3044,80.9968,81.1506,566300,105.5
2020-11-05,81.1401,81.3708,81.0631,81.3044,542890,105.7
2020-11-06,81.2939,81.3708,80.6017,81.3044,560540,105.7
2020-11-09,81.3044,81.5352,81.1506,81.5352,485200,106
2020-11-10,87.2273,87.2273,87.2273,87.2273,694840,113.4
2020-11-11,87.6888,88.0734,86.8427,87.535,690230,113.8
2020-11-12,87.2929,87.6005,86.4468,86.6888,440800,112.7
2020-11-13,86.293,86.6776,84.9856,86.6888,491700,112.7
2020-11-16,86.7545,87.6005,82.9859,85.535,673890,111.2
2020-11-17,85.9196,86.9196,84.6889,86.9196,633100,113
2020-11-18,87.0734,87.458,86.2273,87.3042,761020,113.5
2020-11-19,87.139,87.4467,85.9854,87.458,666610,113.7
2020-11-20,86.9196,92.6886,86.9196,91.4579,829730,118.9
2020-11-23,91.4579,91.5348,90.6887,91.4579,447160,118.9
2020-11-24,91.4579,91.4579,89.9964,90.7656,403970,118
2020-11-25,91.5348,92.4578,90.7656,91.5348,617760,119
2020-11-26,91.5229,92.3689,90.7538,92.3809,599050,120.1
2020-11-27,92.4578,92.4578,91.381,91.5348,406570,119
2020-11-30,91.304,91.4579,90.3041,90.381,636680,117.5
2020-12-01,89.2272,90.8425,88.458,90.7656,558190,118
2020-12-02,90.381,91.9194,90.381,91.9194,612480,119.5
2020-12-03,92.0732,92.0732,90.9194,91.381,448840,118.8
2020-12-04,90.9194,91.5348,90.6887,91.1502,496960,118.5
2020-12-07,90.7656,91.0733,90.3041,90.7656,483840,118
2020-12-08,90.6887,91.304,90.4579,91.1502,522530,118.5
2020-12-09,91.1502,92.304,90.9964,92.304,683020,120
2020-12-10,92.5348,92.8424,91.5348,92.1502,655870,119.8
2020-12-11,92.1382,93.984,92.0613,93.9962,721710,122.2
2020-12-14,94.3808,97.6884,94.3808,97.6884,722460,127
2020-12-15,97.6884,99.2268,96.15,96.15,948860,125
2020-12-16,96.1375,98.5217,95.9837,98.5345,530890,128.1
2020-12-17,97.6757,98.0603,95.753,95.8423,590300,124.6
2020-12-18,95.6885,97.3038,95.6885,96.15,832310,125
2020-12-21,96.3038,96.7654,95.9962,96.7654,652430,125.8
2020-12-22,96.5221,96.599,94.9069,95.0731,517670,123.6
2020-12-23,95.0608,95.0608,93.9071,94.3039,529610,122.6
2020-12-24,94.4578,95.15,93.7655,94.6116,523500,123
2020-12-25,94.6116,96.9192,94.4578,96.8423,874910,125.9
2020-12-28,96.8423,96.9192,95.6885,96.0731,611380,124.9
2020-12-29,95.8299,96.9066,95.5222,96.6115,637610,125.6
2020-12-30,95.7654,96.6884,95.7654,95.7654,564770,124.5
2020-12-31,95.7654,96.8423,95.3808,96.15,628120,125
2021-01-04,96.3038,96.9192,95.3808,96.7654,792100,125.8
2021-01-05,96.7654,97.073,95.8423,95.9962,653500,124.8
2021-01-06,96.0606,96.1375,94.3686,95.15,635000,123.7
2021-01-07,95.1377,96.4451,94.9839,95.8423,616000,124.6
2021-01-08,96.2269,97.4576,96.2269,97.3038,739800,126.5
2021-01-11,97.3038,101.5344,97.3038,100.996,786900,131.3
2021-01-12,101.0729,101.2267,100.5344,101.1498,633500,131.5
2021-01-13,101.3036,101.5344,100.8421,100.996,623100,131.3
2021-01-14,100.5983,101.0597,99.5985,100.5344,749700,130.7
2021-01-15,100.919,101.3806,99.996,101.3806,752000,131.8
2021-01-18,101.4575,101.7652,100.919,101.5344,850100,132
2021-01-19,101.5344,101.6882,98.3807,98.3807,700700,127.9
2021-01-20,98.7653,99.996,96.9192,99.996,634500,130
2021-01-21,99.996,101.1498,99.073,100.7652,755200,131
2021-01-22,101.2267,103.0728,100.7652,102.919,878700,133.8
2021-01-25,102.7518,102.9825,102.521,102.7651,824300,133.6
2021-01-26,102.7651,102.7651,99.6114,100.7652,469900,131
2021-01-27,100.5344,100.7652,98.8422,100.6114,683300,130.8
2021-01-28,97.9064,98.0603,93.5995,93.6116,437200,121.7
2021-01-29,91.5348,99.996,90.7656,96.7654,682500,125.8
2021-02-01,96.7654,97.3038,94.0732,96.5346,593900,125.5
2021-02-02,96.3682,99.8292,96.2144,99.7652,606400,129.7
2021-02-03,99.8422,101.1498,99.2268,100.7652,600400,131
2021-02-04,100.7521,100.829,99.2139,100.4575,604900,130.6
2021-02-05,100.5983,100.829,100.3676,100.8421,496400,131.1
2021-02-08,95.8299,100.4445,93.8302,95.8423,1310700,124.6
2021-02-09,99.2268,99.2268,95.5346,99.2268,660800,129
2021-02-17,99.6114,100.7652,99.3037,100.7652,618600,131
2021-02-18,100.6883,101.3806,99.2268,101.3806,608400,131.8
2021-02-19,101.1498,101.4575,99.8422,101.3806,536500,131.8
2021-02-22,101.4443,101.4443,99.983,101.2267,577000,131.6
2021-02-23,100.996,103.4574,99.4576,103.0728,1228400,134
2021-02-24,103.0728,103.842,101.1498,101.4575,545400,131.9
2021-02-25,101.5344,103.842,100.919,103.842,839300,135
2021-02-26,103.444,104.5976,102.6749,103.9189,772100,135.1
2021-03-01,104.0592,105.2898,103.8285,104.765,663800,136.2
2021-03-02,105.136,106.5204,103.9054,105.9188,802800,137.7
2021-03-03,105.6743,105.982,104.2131,105.5342,704400,137.2
2021-03-04,104.9958,105.9188,104.0728,105.2266,353700,136.8
2021-03-05,104.9189,105.3804,103.842,105.2266,490100,136.8
2021-03-08,105.5342,105.6112,103.2266,104.6112,493900,136
2021-03-09,104.3035,104.3035,102.3036,103.7651,476800,134.9
2021-03-10,103.7651,104.2266,102.7651,104.2266,767100,135.5
2021-03-11,104.4438,104.9822,103.9823,104.6881,633000,136.1
2021-03-12,104.2266,104.842,103.0728,103.842,528900,135
2021-03-15,103.842,104.1497,102.6882,103.842,495700,135
2021-03-16,103.8285,103.9054,102.2903,103.5343,477000,134.6
2021-03-17,103.2266,103.3036,100.919,102.6882,564100,133.5
2021-03-18,102.6882,103.7651,102.3036,103.7651,499900,134.9
2021-03-19,103.3805,103.5343,100.3806,100.3806,934300,130.5
2021-03-22,101.2136,102.2903,101.1367,102.0728,507300,132.7
2021-03-23,101.5344,101.9959,100.0729,100.7652,356300,131
2021-03-24,99.996,100.8421,98.073,98.4576,415100,128
2021-03-25,98.4448,100.6752,98.291,98.5345,508100,128.1
2021-03-26,98.6884,100.3806,98.6114,100.3806,403500,130.5
2021-03-29,100.5214,101.2136,100.3676,101.2267,640100,131.6
2021-03-30,101.2136,101.2905,99.983,101.2267,509900,131.6
2021-03-31,101.1367,101.2136,99.7523,99.7652,456300,129.7
2021-04-01,99.996,102.2267,99.7652,101.919,536300,132.5
2021-04-02,102.919,103.3036,101.7652,101.7652,530900,132.3
2021-04-05,104.6112,104.6112,101.6882,101.7652,440800,132.3
2021-04-06,101.919,102.919,101.6882,102.3036,427200,133
2021-04-07,102.3036,103.0728,101.6113,102.3036,381100,133
2021-04-08,102.6882,103.0728,101.9959,102.3036,418400,133
2021-04-09,102.6882,102.6882,101.0729,101.3806,417900,131.8
2021-04-12,101.6113,101.6113,100.6883,101.3806,621400,131.8
2021-04-13,101.8421,101.8421,100.8421,101.4575,499500,131.9
2021-04-14,101.6882,101.7652,100.7652,101.5344,508200,132
2021-04-15,101.5212,101.8288,99.2139,101.3036,640800,131.7
2021-04-16,101.3036,101.3036,98.6114,99.2268,431200,129
2021-04-19,99.2139,99.6754,98.4448,99.3806,592600,129.2
2021-04-20,99.3806,101.5344,99.073,100.7652,729500,131
2021-04-22,100.3806,101.6113,100.2268,100.3037,772400,130.4
2021-04-23,100.3037,100.6114,97.3038,99.6114,812600,129.5
2021-04-26,100.4575,100.4575,94.9962,98.073,562600,127.5
2021-04-27,98.0603,98.3679,96.9066,97.8422,474700,127.2
2021-04-28,97.8422,97.8422,95.9192,96.9192,517100,126
2021-04-29,96.9192,96.9961,95.4577,96.0731,520600,124.9
2021-05-04,96.0731,96.15,94.6116,95.3808,515300,124
2021-05-05,95.3808,95.9962,94.9193,95.7654,507100,124.5
2021-05-06,95.7654,95.7654,93.8424,93.8424,426600,122
2021-05-07,93.0732,94.3039,90.7656,91.9194,439500,119.5
2021-05-10,91.9075,92.292,90.7538,91.6886,472400,119.2
2021-05-11,91.8425,92.1502,91.381,91.5348,527700,119
2021-05-12,91.5348,91.6886,90.7656,91.5348,532100,119
2021-05-13,91.5348,91.7656,89.8426,89.9964,481000,117
2021-05-14,89.9964,91.304,89.7656,90.6887,659000,117.9
2021-05-17,90.7656,90.9194,87.6888,87.6888,485200,114
2021-05-18,87.9196,88.3042,86.2273,86.9196,390900,113
2021-05-19,86.9196,87.0734,84.3043,84.612,362700,110
2021-05-20,84.1505,85.3812,83.3813,85.3812,475700,111
2021-05-21,85.1394,86.6776,84.9856,86.6888,329600,112.7
2021-05-24,86.6888,87.535,86.3812,87.3042,523500,113.5
2021-05-25,87.3042,87.3042,86.1504,87.1504,423000,113.3
2021-05-26,86.9196,87.2273,86.3042,86.9196,473000,113
2021-05-27,86.9196,86.9196,84.612,86.9196,438000,113
2021-05-28,86.9196,86.9196,84.9966,86.1504,501900,112
2021-05-31,85.9966,85.9966,82.3044,84.612,512700,110
2021-06-01,84.5241,84.5241,81.5246,81.689,283700,106.2
2021-06-02,81.6784,82.4475,81.5246,81.9967,518700,106.6
2021-06-03,81.9967,82.4582,81.3814,82.2275,589000,106.9
2021-06-04,81.689,82.6121,81.689,82.6121,634100,107.4
2021-06-07,82.689,85.9966,82.689,85.9966,684500,111.8
2021-06-08,86.9083,90.3693,86.3699,90.1502,674400,117.2
2021-06-09,90.1502,90.3041,87.1504,88.6888,642400,115.3
2021-06-10,88.1503,88.1503,85.7658,87.535,637800,113.8
2021-06-11,87.6119,88.8426,86.7658,88.8426,801200,115.5
2021-06-14,88.8311,89.0618,88.4465,88.9964,642700,115.7
2021-06-15,88.9964,89.9964,88.9195,89.9964,667600,117
2021-06-16,89.0734,90.2272,89.0734,89.6118,532500,116.5
2021-06-17,89.2272,89.6118,88.458,89.6118,588400,116.5
2021-06-18,89.3041,89.6118,88.7657,89.2272,366100,116
2021-06-21,89.2272,89.2272,87.535,87.6888,669000,114
2021-06-22,87.9965,88.7657,87.6888,88.458,528900,115
2021-06-23,88.5234,88.6772,87.985,88.5349,588000,115.1
2021-06-24,89.1503,89.1503,88.458,88.8426,634400,115.5
2021-06-25,88.8426,89.2272,88.458,89.1503,470100,115.9
2021-06-28,89.2272,89.3041,88.1503,88.8426,514200,115.5
2021-06-29,88.9964,92.304,88.6888,92.304,666900,120
2021-06-30,92.304,93.6116,92.1502,93.4578,595200,121.5
2021-07-01,93.4457,93.4457,91.9844,92.8424,534300,120.7
2021-07-02,93.0611,93.138,92.1382,92.7655,506800,120.6
2021-07-05,92.304,93.0732,90.6118,90.9964,480300,118.3
2021-07-06,90.9194,92.2271,90.6118,91.7656,618400,119.3
2021-07-07,91.7656,93.6886,91.304,93.6886,839800,121.8
2021-07-08,92.9963,93.0732,90.9964,92.5348,494800,120.3
2021-07-09,92.4578,92.4578,90.2272,91.4579,636700,118.9
2021-07-12,91.4579,93.4578,87.9965,92.304,1009700,120
2021-07-13,92.304,92.304,90.6118,92.2271,544200,119.9
2021-07-14,92.2271,92.6886,85.8427,89.9964,1100100,117
2021-07-15,89.9195,89.9195,83.9966,88.3042,1035600,114.8
2021-07-16,88.3042,88.7657,87.3042,88.7657,667200,115.4
2021-07-19,88.2272,88.2272,85.3812,87.6888,575900,114
2021-07-20,87.3811,88.0734,84.612,88.0734,515500,114.5
2021-07-21,87.6888,88.0734,86.3812,87.6888,514000,114
2021-07-22,87.6119,87.8426,86.7658,87.6888,544600,114
2021-07-23,87.6119,87.6119,85.2274,87.2273,554400,113.4
2021-07-26,86.9196,87.6888,85.7658,87.6888,618700,114
2021-07-27,87.6888,88.8426,87.535,88.3811,622500,114.9
2021-07-28,88.0734,88.0734,87.1504,87.9965,520600,114.4
2021-07-29,87.9965,87.9965,86.3812,87.9965,499600,114.4
2021-07-30,88.0734,88.0734,86.4581,86.9196,531100,113
2021-08-02,86.9196,89.1503,86.9196,88.8426,503200,115.5
2021-08-03,88.6888,89.458,87.9965,89.2272,573800,116
2021-08-04,89.2156,89.3694,88.8311,89.381,501500,116.2
2021-08-05,89.5349,89.6118,88.0734,89.6118,370000,116.5
2021-08-06,89.8426,90.381,89.2272,90.3041,474000,117.4
2021-08-09,89.8426,92.0732,89.2272,91.9194,612100,119.5
2021-08-10,91.9075,92.292,90.3693,91.304,496900,118.7
2021-08-11,91.3691,91.446,90.7538,91.304,514200,118.7
2021-08-12,91.2922,91.5229,89.9078,91.304,479400,118.7
2021-08-13,91.304,91.304,89.6118,90.7656,535200,118
2021-08-16,90.8425,90.8425,89.458,90.2272,479300,117.3
2021-08-17,90.3041,90.3041,89.8426,90.2272,515600,117.3
2021-08-18,90.2272,90.9194,90.0733,90.7656,847700,118
2021-08-19,90.7656,92.304,90.5348,92.304,1395400,120
2021-08-20,91.5348,92.304,90.381,92.1502,1628900,119.8
2021-08-23,91.9194,92.5348,90.9194,92.5348,1568100,120.3
2021-08-24,92.6117,94.4578,92.1502,94.4578,1511400,122.8
2021-08-25,94.9962,97.6884,94.6116,97.6884,1411700,127
2021-08-26,96.7654,97.6115,95.6116,96.7654,1114900,125.8
2021-08-27,96.9961,97.5346,95.9962,97.5346,1411900,126.8
2021-08-30,97.3038,97.6884,95.3808,97.6115,1228100,126.9
2021-08-31,97.5346,97.5346,96.15,97.3038,1053100,126.5
2021-09-01,96.5346,97.15,95.8423,96.5346,864900,125.5
2021-09-06,95.9068,96.9066,95.9068,96.6884,1004300,125.7
2021-09-07,96.5221,96.5221,95.2146,95.8423,821500,124.6
2021-09-08,95.8299,95.8299,94.5993,95.8423,813400,124.6
2021-09-09,95.8423,99.2268,95.3808,99.2268,1226800,129
2021-09-10,99.6114,99.996,99.3806,99.8422,921800,129.8
2021-09-13,99.8422,99.8422,98.4576,98.4576,1019600,128
2021-09-14,97.9961,98.3038,96.15,96.7654,886300,125.8
2021-09-15,96.3808,97.2269,96.3808,96.9192,688100,126
2021-09-16,96.9192,97.073,96.2269,96.9192,713100,126
2021-09-17,96.9192,96.9961,95.3808,96.0731,1237700,124.9
2021-09-20,96.1375,96.8297,94.9839,95.5346,704400,124.2
2021-09-21,95.5346,95.5346,93.8424,94.9962,631600,123.5
2021-09-22,94.9962,95.15,93.4578,94.8424,701200,123.3
2021-09-23,94.83,95.3684,93.8302,95.15,697200,123.7
2021-09-24,95.0731,96.3038,94.6116,96.15,1043200,125
2021-09-27,96.2269,99.7652,96.15,99.2268,1228000,129
2021-09-28,99.073,99.4576,98.4576,99.2268,842800,129
2021-09-29,99.2268,99.3037,97.6884,98.8422,855900,128.5
2021-09-30,98.4576,99.073,97.6115,98.3807,761000,127.9
2021-10-01,98.073,99.2268,96.5346,99.073,764200,128.8
2021-10-04,99.073,101.5344,98.8422,101.3806,1035800,131.8
2021-10-05,101.0729,101.3036,99.3806,100.6114,813900,130.8
2021-10-06,100.6114,100.6114,98.4576,99.5345,740600,129.4
2021-10-07,99.5345,99.996,97.9192,99.073,745200,128.8
2021-10-08,99.073,99.2268,97.7653,99.1499,724900,128.9
2021-10-11,99.7652,101.919,99.2268,101.919,1098600,132.5
2021-10-12,101.919,102.1498,101.3806,101.919,922800,132.5
2021-10-13,102.1498,103.1497,101.919,102.9959,815200,133.9
2021-10-14,102.5344,103.3805,101.919,103.3805,817100,134.4
2021-10-15,103.367,103.444,100.6752,101.3036,982000,131.7
2021-10-18,100.7521,101.2136,99.8292,100.919,844300,131.2
2021-10-19,100.7521,103.9823,99.983,103.9958,1077000,135.2
2021-10-20,103.9958,104.9958,102.5344,104.5343,938400,135.9
2021-10-21,104.5343,104.5343,101.3806,101.3806,864500,131.8
2021-10-22,101.4575,102.1498,101.2267,101.3806,788400,131.8
2021-10-25,101.3806,102.6882,100.996,101.3806,898200,131.8
2021-10-26,101.3806,101.9959,100.5344,101.919,876300,132.5
2021-10-27,101.919,103.842,101.7652,103.0728,922500,134
2021-10-28,103.0728,103.3805,102.1498,102.6882,887800,133.5
2021-10-29,102.3036,103.0728,101.5344,101.5344,763800,132
2021-11-01,101.4575,101.4575,99.9191,99.996,991500,130
2021-11-02,99.996,101.5344,99.996,101.5344,919800,132
2021-11-03,101.3806,101.5344,98.4576,99.8422,728500,129.8
2021-11-04,99.4446,99.8292,97.9833,99.6883,681700,129.6
2021-11-05,99.6883,100.2268,99.3806,99.996,869300,130
2021-11-08,99.8422,101.5344,99.6883,101.3806,1047900,131.8
2021-11-09,101.4575,101.4575,99.4576,100.7652,798700,131
2021-11-10,100.7521,100.7521,99.0601,99.7652,716900,129.7
2021-11-11,99.3677,99.5215,97.9064,98.9191,823500,128.6
2021-11-12,98.5986,99.137,98.0603,98.9191,755200,128.6
2021-11-15,98.5345,98.9191,96.9192,97.6884,803300,127
2021-11-16,97.3038,98.3807,96.5346,98.3807,798400,127.9
2021-11-17,98.073,98.4576,97.6884,98.3807,746000,127.9
2021-11-18,98.3807,98.4576,96.6115,97.3038,907700,126.5
2021-11-19,97.3038,98.3807,97.073,98.3038,958800,127.8
2021-11-22,98.6114,98.7653,96.9192,98.4576,799300,128
2021-11-23,98.3038,101.6113,98.073,101.5344,1315200,132
2021-11-24,101.8288,101.8288,100.5983,101.6882,1180200,132.2
2021-11-25,101.6882,102.1498,100.6883,101.5344,1018500,132
2021-11-26,101.3806,101.3806,98.5345,99.6114,911400,129.5
2021-11-29,99.1499,99.1499,95.7654,96.15,873500,125
2021-11-30,94.6116,95.15,93.5347,94.227,669000,122.5
2021-12-01,93.5347,93.8424,89.8426,92.304,819000,120
2021-12-02,92.304,92.9963,92.0732,92.6117,814300,120.4
2021-12-03,92.6117,92.9194,90.9964,92.6117,805100,120.4
2021-12-06,92.1502,92.6886,90.7656,92.6886,775800,120.5
2021-12-07,92.304,94.6116,91.1502,94.6116,921000,123
2021-12-08,94.4578,94.6116,92.3809,93.3809,732800,121.4
2021-12-09,92.9963,94.9962,91.9194,94.9962,839700,123.5
2021-12-10,95.0731,96.15,94.227,95.7654,677000,124.5
2021-12-13,95.7654,96.9192,95.3808,96.7654,907500,125.8
2021-12-14,96.9192,96.9192,94.6885,95.3808,794800,124
2021-12-15,95.3039,95.6116,94.5347,95.3808,779800,124
2021-12-16,94.6885,95.3808,93.1501,94.4578,771600,122.8
2021-12-17,94.5347,95.0731,93.3809,94.227,744300,122.5
2021-12-20,94.2148,94.2148,92.292,93.9193,708000,122.1
2021-12-21,93.7655,94.227,93.4578,94.227,680800,122.5
2021-12-22,94.2148,94.5993,93.0611,94.3808,698600,122.7
2021-12-23,94.3808,95.3039,92.8424,95.3039,690500,123.9
2021-12-24,95.3039,95.7654,94.4578,95.3808,776800,124
2021-12-27,95.3808,96.15,94.6116,96.15,718700,125
2021-12-28,96.6759,96.8297,94.3686,96.3038,770700,125.2
2021-12-29,96.2913,96.4451,94.9069,96.3038,863100,125.2
2021-12-30,95.8423,96.9192,95.3808,96.9192,881800,126
2021-12-31,96.9192,98.6884,96.7654,98.6884,894700,128.3
2022-01-04,98.6884,98.6884,96.9192,96.9192,689600,126
2022-01-05,96.7654,96.8423,94.6116,94.6116,570100,123
2022-01-06,94.6116,95.6885,94.3808,95.227,627100,123.8
2022-01-07,95.227,95.4577,93.6886,95.227,642900,123.8
2022-01-10,95.3039,95.3039,94.227,95.227,682900,123.8
2022-01-11,94.9962,95.227,93.8424,95.227,681400,123.8
2022-01-12,94.5993,94.7531,92.9073,94.7654,624600,123.2
2022-01-13,94.6116,94.6116,92.304,93.8424,706800,122
2022-01-14,93.7655,94.0732,93.0732,93.8424,585400,122
2022-01-17,93.4578,93.8424,92.304,92.6886,644300,120.5
2022-01-18,92.6886,95.7654,92.304,95.7654,842300,124.5
2022-01-19,95.3808,96.5346,93.8424,93.8424,887800,122
2022-01-20,96.9192,97.15,95.9962,96.3808,727800,125.3
2022-01-21,95.0731,95.15,93.0732,93.8424,515100,122
2022-01-24,93.6886,93.8424,90.2272,92.6886,605600,120.5
2022-01-25,92.6886,93.304,91.1502,93.304,576600,121.3
2022-01-26,93.2918,93.2918,91.5229,93.1501,666100,121.1
2022-01-27,93.0611,93.6764,91.5998,93.1501,714600,121.1
2022-01-28,93.4578,94.3808,93.1501,93.7655,574300,121.9
2022-02-07,94.4578,100.3037,94.4578,100.3037,1056700,130.4
2022-02-08,100.5344,102.0728,100.0729,101.1498,829100,131.5
2022-02-09,100.6114,103.842,99.8422,103.842,1157100,135
2022-02-10,103.6882,103.6882,101.7652,102.3036,1069200,133
2022-02-11,102.1498,102.2267,99.8422,102.1498,872700,132.8
2022-02-14,101.5344,107.688,101.5344,107.688,1282800,140
2022-02-15,106.828,107.674,105.3667,107.0726,908700,139.2
2022-02-16,107.2895,107.2895,105.4436,107.0726,640900,139.2
2022-02-17,106.9049,108.9046,106.3665,108.9187,1176900,141.6
2022-02-18,107.7649,114.6108,107.7649,114.6108,1422400,149
2022-02-21,113.457,114.3031,112.3032,112.3032,974300,146
2022-02-22,110.7648,110.9956,108.611,109.8418,799500,142.8
2022-02-23,109.5198,114.5959,109.2122,113.9954,1153400,148.2
2022-02-24,112.9955,113.9954,110.3802,113.8416,731400,148
2022-02-25,113.9037,113.9037,111.5964,111.6109,754400,145.1
2022-02-28,111.135,111.135,106.5973,107.7649,794300,140.1
2022-03-01,106.9188,109.611,106.9188,108.3803,808300,140.9
2022-03-02,108.3034,111.534,107.9188,111.534,1116200,145
2022-03-03,111.534,111.534,108.688,110.3033,641900,143.4
2022-03-04,109.611,109.8418,107.2265,107.2265,691700,139.4
2022-03-07,106.5973,106.5973,103.0594,103.2266,801900,134.2
2022-03-08,103.0728,105.3804,102.919,105.3804,863400,137
2022-03-09,105.3035,108.9956,104.9958,107.688,958200,140
2022-03-10,107.688,107.9188,106.9188,106.9188,789300,139
2022-03-11,106.5342,107.5342,105.765,106.5342,1010700,138.5
2022-03-14,106.6111,112.534,106.4573,111.534,1427400,145
2022-03-15,111.534,113.8416,111.1494,113.8416,1413500,148
2022-03-16,113.0724,113.0724,110.9186,113.0724,1041100,147
2022-03-17,112.3032,113.0724,110.7648,111.534,1006900,145
2022-03-18,110.9042,113.9806,109.7506,113.9954,2407800,148.2
2022-03-21,112.3801,112.3801,109.9956,110.2264,788200,143.3
2022-03-22,110.2264,110.2264,107.688,108.3034,744000,140.8
2022-03-23,108.3034,108.4572,107.0726,108.4572,721600,141
2022-03-24,108.4572,110.7648,107.6111,110.7648,1171100,144
2022-03-25,110.7648,110.7648,109.5341,109.9956,807500,143
2022-03-28,109.8418,109.9187,107.3034,108.3034,738800,140.8
2022-03-29,108.3034,109.9187,107.688,109.9187,1040300,142.9
2022-03-30,109.2264,109.611,107.3034,108.0726,721200,140.5
2022-03-31,107.9957,108.688,107.3034,108.0726,598100,140.5
2022-04-01,108.0726,108.4572,104.9958,108.3803,665600,140.9
2022-04-04,108.3803,110.3802,106.9188,109.9187,988900,142.9
2022-04-05,109.9187,110.3802,108.8418,108.8418,666200,141.5
2022-04-06,108.4572,108.688,106.8419,108.4572,609800,141
2022-04-07,108.0726,108.0726,105.3804,105.3804,728900,137
2022-04-08,105.3804,106.765,104.9958,106.4573,661700,138.4
2022-04-12,107.0726,107.688,105.765,106.1496,770500,138
2022-04-13,106.2127,106.5204,105.6743,106.2265,772300,138.1
2022-04-14,105.765,106.6111,103.842,105.3035,639100,136.9
2022-04-15,105.3035,105.5342,104.1497,104.5343,600600,135.9
2022-04-18,104.6112,106.9188,103.842,106.3804,777600,138.3
2022-04-19,106.3665,110.0582,105.5205,110.0725,1011500,143.1
2022-04-20,109.8418,110.9956,108.8418,109.2264,771600,142
2022-04-21,107.688,109.3802,104.9958,104.9958,732600,136.5
2022-04-22,105.0591,108.4431,105.0591,106.3034,910800,138.2
2022-04-25,106.3034,106.5342,98.9191,100.7652,637900,131
2022-04-26,99.6114,101.9959,95.7654,99.2268,681900,129
2022-04-27,99.2268,99.6114,96.15,99.2268,483300,129
2022-04-28,98.4576,99.4576,96.9192,99.2268,393400,129
2022-04-29,98.8422,100.6114,97.3038,99.9191,547400,129.9
2022-05-04,99.6114,100.996,99.2268,100.2268,488600,130.3
2022-05-05,99.996,100.6114,98.7653,100.6114,431400,130.8
2022-05-06,99.996,99.996,97.5346,98.4576,369700,128
2022-05-09,97.6884,98.4576,94.227,95.3808,561000,124
2022-05-10,95.2915,99.2908,94.2148,99.3037,625400,129.1
2022-05-11,99.1499,99.2268,96.9961,97.3038,532100,126.5
2022-05-12,97.3038,97.3807,93.4578,95.9962,633600,124.8
2022-05-13,95.7654,97.9961,94.9962,96.8423,687900,125.9
2022-05-16,97.15,97.6884,94.6116,96.9192,619700,126
2022-05-17,96.9192,98.4576,95.0731,98.4576,610300,128
2022-05-18,98.0603,98.0603,95.3684,96.6884,660900,125.7
2022-05-19,95.3808,96.7654,93.9962,96.3808,757000,125.3
2022-05-20,96.4577,96.5346,94.6116,96.3808,502300,125.3
2022-05-23,96.3808,96.5346,94.0732,96.15,648900,125
2022-05-24,95.9962,96.3808,94.6116,96.3808,608800,125.3
2022-05-25,95.753,96.8297,94.9069,96.6884,778900,125.7
2022-05-26,96.6884,96.6884,94.9962,96.15,583700,125
2022-05-27,96.15,97.6884,95.4577,97.6884,858700,127
2022-05-30,97.9192,101.919,97.9192,101.919,1157800,132.5
2022-05-31,101.9959,101.9959,99.8422,100.6883,638700,130.9
2022-06-01,100.3806,101.1498,99.6883,100.996,662200,131.3
2022-06-02,101.1367,101.1367,98.4448,98.996,822800,128.7
2022-06-03,98.8422,98.9191,96.4577,97.6884,631300,127
2022-06-06,96.5221,98.5217,96.1375,98.1499,681100,127.6
2022-06-07,97.6884,97.6884,96.5346,97.5346,607500,126.8
2022-06-08,97.3038,97.8422,96.7654,97.6884,656500,127
2022-06-09,97.15,98.3038,96.7654,98.3038,643900,127.8
2022-06-10,97.9064,99.137,96.9066,98.2268,683500,127.7
2022-06-13,97.3038,97.5346,94.9962,96.0731,584500,124.9
2022-06-14,95.3808,95.9962,94.8424,95.9962,625300,124.8
2022-06-15,95.9962,96.2269,94.5347,95.7654,691800,124.5
2022-06-16,95.6116,98.073,94.9193,96.4577,678700,125.4
2022-06-17,96.15,96.2269,93.9193,96.0731,561700,124.9
2022-06-20,96.15,97.8422,95.9192,97.6884,759500,127
2022-06-21,96.9192,98.4576,96.15,98.3038,710600,127.8
2022-06-22,98.3038,99.996,98.073,99.4576,930700,129.3
2022-06-23,99.4446,99.6754,97.1373,98.6114,682700,128.2
2022-06-24,98.6884,99.2268,97.3038,98.6884,621000,128.3
2022-06-27,99.2268,102.3036,98.6884,102.3036,964000,133
2022-06-28,102.3036,102.4574,101.1498,102.3036,629900,133
2022-06-29,102.2267,102.2267,100.7652,101.7652,540900,132.3
2022-06-30,101.3806,101.8421,99.3806,99.996,561300,130
2022-07-01,99.2139,100.0599,97.9064,100.0729,517700,130.1
2022-07-04,99.983,100.0599,99.3677,99.6883,585200,129.6
2022-07-05,99.6114,99.6114,96.8423,96.8423,518100,125.9
2022-07-06,96.7528,97.7526,95.753,97.7653,632800,127.1
2022-07-07,97.5346,99.4576,97.3807,99.4576,613000,129.3
2022-07-08,99.4576,99.4576,97.6884,98.3038,450200,127.8
2022-07-11,97.6884,98.3038,96.9192,97.9961,509500,127.4
2022-07-12,97.9961,98.073,96.3808,96.5346,644400,125.5
2022-07-13,96.5346,96.9961,95.9962,95.9962,472500,124.8
2022-07-14,95.9068,97.8295,95.3684,97.4576,529100,126.7
2022-07-15,97.5219,97.5219,95.676,95.9192,347400,124.7
2022-07-18,95.9837,95.9837,95.2915,95.5346,398500,124.2
2022-07-19,95.6116,95.7654,94.6116,95.7654,365500,124.5
2022-07-20,95.7654,96.5346,95.3808,96.5346,492100,125.5
2022-07-21,96.6115,97.6115,96.2269,96.9192,476500,126
2022-07-22,97.1373,97.1373,95.753,96.6115,492300,125.6
2022-07-25,96.3808,96.7654,95.7654,96.7654,581500,125.8
2022-07-26,96.6759,96.8297,96.1375,96.2269,427700,125.1
2022-07-27,96.15,96.3808,95.8423,96.3808,439200,125.3
2022-07-28,96.7654,97.9961,96.15,97.9961,556700,127.4
2022-07-29,97.9833,97.9833,96.5221,96.6884,490800,125.7
2022-08-01,96.9066,97.7526,96.6759,97.7653,438800,127.1
2022-08-02,96.7654,98.3807,96.6884,98.073,360700,127.5
2022-08-03,97.5346,98.073,96.7654,97.6884,412500,127
2022-08-04,97.7526,99.3677,96.9835,99.3806,741300,129.2
2022-08-05,99.3806,99.3806,97.2269,97.3038,797800,126.5
2022-08-08,97.2912,97.5988,96.1375,96.3038,387900,125.2
2022-08-09,96.15,97.2269,95.9962,97.2269,664800,126.4
2022-08-10,96.9192,96.9192,96.2269,96.4577,762000,125.4
2022-08-11,96.9066,96.9066,96.2913,96.3038,700200,125.2
2022-08-12,95.9962,96.3038,95.3808,95.6116,660300,124.3
2022-08-15,95.6116,96.3808,95.5346,95.6885,668200,124.4
2022-08-16,95.5346,95.6116,94.8424,94.9193,676900,123.4
2022-08-17,94.9193,95.4577,94.8424,94.9962,769800,123.5
2022-08-18,95.3039,95.4577,94.8424,95.3808,1042800,124
2022-08-19,95.3039,95.3808,94.7654,95.3808,555000,124
2022-08-22,94.9962,95.3808,94.7654,95.3039,259100,123.9
2022-08-23,94.7654,95.15,94.3039,94.9962,613900,123.5
2022-08-24,94.6116,95.15,94.6116,94.9962,508000,123.5
2022-08-25,94.9962,94.9962,94.6116,94.9193,370700,123.4
2022-08-26,95.15,95.15,93.6886,94.6116,662500,123
2022-08-29,94.4578,94.4578,91.9194,93.8424,445400,122
2022-08-30,93.8424,94.227,92.3809,94.1501,261100,122.4
2022-08-31,93.0611,93.7533,92.6766,93.5347,526400,121.6
2022-09-05,93.4578,93.4578,91.9194,92.304,554600,120
2022-09-06,92.292,92.292,90.8307,92.0732,513000,119.7
2022-09-07,91.6886,91.6886,87.6119,87.6119,940300,113.9
2022-09-08,87.6119,88.458,87.535,88.458,560100,115
2022-09-09,88.458,90.8425,88.458,90.7656,381000,118
2022-09-12,90.7656,90.7656,89.458,90.381,394400,117.5
2022-09-13,90.7656,90.7656,89.9964,90.3041,475000,117.4
2022-09-14,88.6772,89.6002,88.6772,89.381,480200,116.2
2022-09-15,89.2272,89.6118,88.458,89.2272,678500,116
2022-09-16,89.2156,89.2156,88.4465,88.9964,2146600,115.7
2022-09-19,89.3041,89.3041,88.0734,88.458,330500,115
2022-09-20,88.1389,89.2925,88.1389,89.3041,324500,116.1
2022-09-21,88.2272,89.2272,87.8426,88.458,353900,115
2022-09-22,87.7657,88.458,86.6888,88.458,547600,115
2022-09-23,87.6888,87.9965,86.7658,86.7658,375400,112.8
2022-09-26,86.0623,86.0623,84.6779,84.6889,504100,110.1
2022-09-27,84.7658,85.1504,84.612,84.9966,280600,110.5
2022-09-28,84.9856,84.9856,83.8319,84.6889,409900,110.1
2022-09-29,84.7548,85.447,84.5241,84.6889,245700,110.1
2022-09-30,84.612,86.9196,84.5351,85.3043,409900,110.9
2022-10-03,84.612,85.3812,83.8428,84.612,285900,110
2022-10-04,84.612,86.8427,84.5351,86.8427,350600,112.9
2022-10-05,87.6119,89.8426,87.3811,88.458,637600,115
2022-10-06,87.9081,88.4465,86.9083,87.8426,309600,114.2
2022-10-07,87.6888,88.458,87.3811,88.458,824500,115
2022-10-10,88.2272,88.2272,84.612,84.612,538600,110
2022-10-11,85.9966,85.9966,81.6121,82.3044,618200,107
2022-10-12,82.2937,83.755,80.8324,83.612,418700,108.7
2022-10-13,84.5241,84.5241,80.9093,83.612,322000,108.7
2022-10-14,83.5351,83.8428,82.3044,83.8428,345500,109
2022-10-17,83.689,83.8428,81.9198,83.8428,238400,109
2022-10-18,83.0628,84.601,82.6013,83.9197,306800,109.1
2022-10-19,83.8319,84.1395,83.1397,83.9197,170600,109.1
2022-10-20,84.1505,84.612,83.3044,83.7659,221800,108.9
2022-10-21,83.8428,84.0736,81.9198,83.7659,206800,108.9
2022-10-24,83.7659,83.7659,81.1506,82.3044,207800,107
2022-10-25,82.3044,83.0736,81.5352,83.0736,179000,108
2022-10-26,83.0736,83.689,81.5352,82.689,129500,107.5
2022-10-27,82.689,83.3813,81.689,83.0736,114400,108
2022-10-28,83.689,83.689,81.5352,82.9198,136800,107.8
2022-10-31,82.6783,83.0628,81.1401,82.7659,154700,107.6
2022-11-01,82.8428,83.0736,81.689,81.766,111300,106.3
2022-11-02,82.1506,82.1506,76.9969,80.766,289600,105
2022-11-03,75.3718,80.371,75.3718,78.9968,167300,102.7
2022-11-04,76.9869,78.9097,73.9105,76.9969,236200,100.1
2022-11-07,74.2182,78.4482,74.2182,77.0738,230000,100.2
2022-11-08,77.6123,78.9968,76.5354,77.2277,284900,100.4
2022-11-09,77.3715,78.4482,74.6027,77.3815,210400,100.6
2022-11-10,77.3815,78.2276,76.4585,76.92,218200,100
2022-11-11,75.0739,78.2276,75.0739,77.92,157100,101.3
2022-11-14,77.92,78.4584,75.3816,78.3815,376200,101.9
2022-11-15,77.9969,78.4584,76.7662,78.3046,324900,101.8
2022-11-16,78.2276,83.7659,76.9969,78.3815,396900,101.9
2022-11-17,78.7558,78.9097,77.6791,78.5353,333500,102.1
2022-11-18,78.5251,78.7558,77.4484,78.6122,317800,102.2
2022-11-21,78.602,78.602,75.4487,77.3815,109600,100.6
2022-11-22,76.064,78.6789,75.3718,75.4585,331800,98.1
2022-11-23,75.4585,77.7661,74.3816,77.2277,113300,100.4
2022-11-24,77.1407,77.8329,76.1409,77.843,303300,101.2
2022-11-25,78.2276,78.4584,77.843,78.4584,277600,102
2022-11-28,78.4482,78.9097,77.756,78.6122,220400,102.2
2022-11-29,76.3816,79.1507,76.3816,79.0738,530200,102.8
2022-11-30,79.2276,79.3045,75.7662,79.2276,590000,103
2022-12-01,78.0637,79.448,76.9869,79.3814,745100,103.2
2022-12-02,79.2276,81.9198,79.1507,81.9198,768700,106.5
2022-12-05,81.9198,83.3044,81.9198,82.2275,681200,106.9
2022-12-06,82.1506,82.8428,81.1506,81.5352,682600,106
2022-12-07,80.766,81.689,79.3814,81.5352,461600,106
2022-12-08,81.4583,82.8428,80.3814,82.3044,658000,107
2022-12-09,82.3044,87.9965,80.9968,85.7658,491700,111.5
2022-12-12,86.535,86.9196,84.3043,85.6889,465800,111.4
2022-12-13,85.612,86.1504,84.3043,86.1504,481700,112
2022-12-14,86.2161,86.3699,83.8319,86.3042,416800,112.2
2022-12-15,86.2273,86.8427,84.9966,86.8427,267800,112.9
2022-12-16,85.4581,86.9196,84.6889,86.9196,575000,113
2022-12-19,86.8314,86.8314,84.601,85.535,322000,111.2
2022-12-20,85.3812,86.0735,83.8428,85.612,374800,111.3
2022-12-21,85.6008,86.7545,84.9856,85.8427,351400,111.6
2022-12-22,85.9196,86.6888,83.9197,85.612,222000,111.3
2022-12-23,85.612,85.9966,82.7659,85.7658,258800,111.5
2022-12-26,85.7658,85.7658,82.8428,83.7659,151200,108.9
2022-12-27,85.3812,86.8427,82.6121,83.0736,249200,108
2022-12-28,82.9198,85.4581,81.689,84.9966,225600,110.5
2022-12-29,85.0625,86.293,83.6781,83.9966,400000,109.2
2022-12-30,86.8427,86.8427,83.4582,84.2274,132900,109.5
2023-01-03,84.2165,85.9085,83.9088,85.9196,395900,111.7
2023-01-04,86.535,86.535,83.8428,84.9197,195200,110.4
2023-01-05,85.3043,85.3812,84.4582,84.612,388800,
2023-01-06,84.6889,84.7658,82.7659,82.9198,367500,
2023-01-09,84.0626,84.0626,83.1397,83.9966,387400,
2023-01-10,83.9857,84.2165,83.0628,83.9197,407800,
2023-01-11,83.8319,84.9856,83.755,84.6889,414600,
2023-01-12,85.0735,85.0735,83.4582,84.4582,258600,
2023-01-13,84.4472,84.6779,82.8321,82.8428,236100,107.7
2023-01-16,83.1505,84.612,82.5352,82.5352,146000,107.3
2023-01-17,83.9088,85.0625,82.2937,85.0735,467400,110.6
2023-01-18,83.9197,86.3812,83.9197,86.3812,467600,112.3
2023-01-19,86.1504,88.458,86.1504,88.0734,541200,114.5
2023-01-27,88.062,90.7538,88.062,89.381,230300,116.2
2023-01-30,90.0733,90.0733,86.9196,86.9196,337000,113
2023-01-31,87.9965,89.458,86.1504,89.458,296100,116.3
2023-02-01,89.2272,89.2272,85.3812,87.6119,351500,113.9
2023-02-02,88.0734,88.3811,86.1504,86.1504,315700,112
2023-02-03,86.2161,87.2159,83.9088,83.9197,166100,109.1
2023-02-06,83.1505,84.9966,82.689,84.2274,238100,109.5
2023-02-07,83.3044,84.3043,83.0736,84.1505,137700,109.4
2023-02-08,84.0736,84.2274,83.0736,83.0736,137400,108
2023-02-09,82.8428,83.8428,78.3815,78.3815,217800,101.9
2023-02-10,78.4584,79.9968,76.4585,78.4584,151600,102
2023-02-13,78.4482,79.2942,77.6791,79.3045,137800,103.1
2023-02-14,79.3045,79.3045,77.6892,79.0738,186100,102.8
2023-02-15,79.0635,79.2173,77.756,78.9968,183900,102.7
2023-02-16,77.6892,79.0738,77.6892,79.0738,137800,102.8
2023-02-17,79.1404,79.1404,77.8329,78.9199,214200,102.6
2023-02-20,78.8328,79.0635,78.2175,78.9199,229000,102.6
2023-02-21,78.9968,79.9968,78.6892,78.843,298700,102.5
2023-02-22,78.6892,78.7661,77.5354,77.5354,382400,100.8
2023-02-23,78.602,78.602,75.2949,75.5354,590400,98.2
2023-02-24,75.6025,76.6793,73.8336,73.997,600600,96.2
2023-02-27,72.3048,76.0739,72.3048,75.7662,166100,98.5
2023-02-28,76.0739,76.92,74.6124,76.92,317800,100
2023-03-01,76.1508,78.0738,75.2278,78.0738,194400,101.5
2023-03-02,76.91,78.1406,75.4487,78.1507,296000,101.6
2023-03-03,78.2175,78.2175,75.3718,77.843,270600,101.2
2023-03-06,77.7661,78.3046,74.074,74.074,324600,96.3
2023-03-07,76.1409,77.8329,74.6796,74.6893,222500,97.1
2023-03-08,74.7662,76.1508,74.7662,75.6124,122200,98.3
2023-03-09,77.2277,79.2276,76.92,78.3046,438400,101.8
2023-03-10,79.0635,79.0635,75.8333,77.3815,304900,100.6
2023-03-13,77.6791,78.602,76.2178,77.4584,299300,100.7
2023-03-14,76.7562,78.8328,76.7562,78.2276,219900,101.7
2023-03-15,79.0738,80.6891,78.9199,80.6891,260600,104.9
2023-03-16,80.6891,81.2275,76.6123,78.4584,320600,102
2023-03-17,79.9199,83.7659,78.4584,83.7659,830700,108.9
2023-03-20,80.9093,82.909,79.2942,81.2275,281500,105.6
2023-03-21,80.3814,86.8427,78.1507,79.843,418000,103.8
2023-03-22,79.9968,80.9968,78.5353,80.6122,309500,104.8
2023-03-23,80.371,81.5246,78.9097,81.3044,263400,105.7
2023-03-24,81.4477,81.6784,80.4479,81.689,283800,106.2
2023-03-27,81.766,81.9198,79.9199,81.9198,184700,106.5
2023-03-28,81.2275,82.0736,80.3814,81.8429,176700,106.4
2023-03-29,81.6784,81.8322,79.9864,81.689,180100,106.2
2023-03-30,81.6121,82.689,80.1506,81.766,151200,106.3
2023-03-31,81.7553,81.9861,80.371,80.8429,211300,105.1
2023-04-03,80.8324,81.5246,78.9097,78.9199,298700,102.6
2023-04-04,79.2276,79.5353,78.4584,78.4584,309700,102
2023-04-05,79.1507,79.1507,77.6892,79.1507,207400,102.9
2023-04-06,79.5249,79.5249,78.0637,78.6122,205800,102.2
2023-04-07,78.6892,79.2276,78.0738,79.2276,183700,103
2023-04-10,79.1507,79.2276,77.843,78.6892,304600,102.3
2023-04-11,78.6892,78.6892,77.6892,78.6892,275200,102.3
2023-04-12,78.4482,78.4482,76.3716,76.6892,232300,99.7
2023-04-13,76.2277,76.92,75.5354,76.3816,96100,99.3
2023-04-14,76.6123,76.9969,75.4585,75.7662,97900,98.5
2023-04-17,75.9102,76.6793,75.3718,76.6123,201700,99.6
2023-04-18,76.3046,76.9969,75.997,76.1508,144000,99
2023-04-19,76.1409,76.9869,75.8333,76.9969,142100,100.1
2023-04-20,76.2277,78.2276,76.2277,76.5354,92700,99.5
2023-04-21,76.6123,76.7662,74.997,74.997,132000,97.5
2023-04-24,74.7662,74.997,73.7663,74.9201,224900,97.4
2023-04-25,74.9201,75.0739,73.074,73.7663,280400,95.9
2023-04-26,73.6029,74.5258,72.9107,73.2278,172100,95.2
2023-04-27,73.2183,73.7567,73.0645,73.1509,89300,95.1
2023-04-28,73.7663,74.6124,73.4586,74.6124,182100,97
2023-05-04,75.3816,75.3816,73.4586,73.4586,212600,95.5
2023-05-05,73.4586,74.4586,73.4586,73.8432,42200,96
2023-05-08,73.997,74.6893,73.5355,74.074,63900,96.3
2023-05-09,73.997,74.074,73.3817,73.3817,94500,95.4
2023-05-10,73.3817,74.4586,73.3817,74.4586,257100,96.8
2023-05-11,74.372,74.6027,73.7567,74.3816,140900,96.7
2023-05-12,74.0643,74.7565,73.6029,74.7662,353100,97.2
2023-05-15,74.997,75.1508,74.1509,74.8432,808900,97.3
2023-05-16,74.997,74.997,74.6124,74.997,973900,97.5
2023-05-17,74.997,76.2277,74.997,75.6124,990200,98.3
2023-05-18,75.3816,76.5354,75.2278,76.4585,1086600,99.4
2023-05-19,76.2947,76.91,75.5256,75.92,945400,98.7
2023-05-22,75.9871,76.4485,74.9873,76.3046,1153800,99.2
2023-05-23,76.2947,76.6793,75.3718,75.92,1204500,98.7
2023-05-24,75.92,76.1508,75.3047,75.6893,811100,98.4
2023-05-25,75.6893,75.92,74.3816,75.3816,978800,98
2023-05-26,75.3718,76.1409,74.9103,75.4585,868400,98.1
2023-05-29,75.4585,76.5354,75.4585,76.5354,516400,99.5
2023-05-30,76.5354,76.7662,75.3816,75.7662,538000,98.5
2023-05-31,75.7662,76.4585,74.997,74.997,587100,97.5
2023-06-01,75.4585,75.8431,74.6124,74.997,491600,97.5
2023-06-02,75.6893,76.0739,74.2278,74.4586,592600,96.8
2023-06-05,75.3816,76.1508,74.1509,74.4586,604000,96.8
2023-06-06,74.6796,75.3718,74.2951,75.1508,480600,97.7
2023-06-07,75.2949,75.2949,74.2951,74.3047,478300,96.6
2023-06-08,74.5258,75.2949,73.9105,74.7662,763300,97.2
2023-06-09,74.3047,74.9201,73.8432,73.8432,787000,96
2023-06-12,73.8432,74.3816,73.1509,74.1509,750900,96.4
2023-06-13,74.2278,74.5355,73.6894,74.2278,1037500,96.5
2023-06-14,74.2182,74.9873,73.9874,74.6893,1357500,97.1
2023-06-15,74.9103,75.1411,74.4489,74.6893,875300,97.1
2023-06-16,74.8432,75.0739,73.4586,73.4586,872500,95.5
2023-06-19,73.8336,74.1412,73.3721,73.5355,633600,95.6
2023-06-20,73.6029,73.9105,72.9107,73.1509,775800,95.1
2023-06-21,73.3817,73.6894,71.9971,72.3048,840600,94
2023-06-22,72.8338,73.0645,72.1416,72.4586,689500,94.2
2023-06-23,72.4492,72.8338,71.9109,72.8432,551700,94.7
2023-06-26,72.8432,73.8432,72.5356,72.9202,915900,94.8
2023-06-27,72.9107,73.526,72.68,73.2278,694000,95.2
2023-06-28,73.2278,73.4586,72.8432,72.9971,688500,94.9
2023-06-29,72.9876,73.2183,72.1416,72.3817,667300,94.1
2023-06-30,72.151,72.7663,72.151,72.5356,658000,94.3
2023-07-03,72.6894,73.074,72.3817,72.6125,1055700,94.4
2023-07-04,72.5261,72.8338,72.3723,72.3817,771000,94.1
2023-07-05,72.7663,72.7663,72.2279,72.5356,864000,94.3
2023-07-06,72.5356,72.6125,72.074,72.5356,771500,94.3
2023-07-07,72.5356,72.6125,72.151,72.151,768600,93.8
2023-07-10,72.4492,72.5261,71.4494,72.4586,834800,94.2
2023-07-11,72.4492,72.5261,71.6032,72.4586,818400,94.2
2023-07-12,72.2279,72.3048,71.8433,72.2279,842800,93.9
2023-07-13,72.2279,72.9971,72.2279,72.9971,1482400,94.9
2023-07-14,73.1509,75.3047,73.1509,75.3047,1712900,97.9
2023-07-17,75.3816,75.997,74.7662,74.8432,785000,97.3
2023-07-18,74.3816,74.9201,74.074,74.074,908000,96.3
2023-07-19,74.0643,74.6027,73.9874,74.3816,791000,96.7
2023-07-20,74.4586,75.2278,74.074,75.2278,942200,97.8
2023-07-21,75.2278,75.3816,74.2278,75.3816,954200,98
2023-07-24,75.3816,75.6124,74.3816,74.4586,914700,96.8
2023-07-25,74.5258,74.6796,73.4491,74.6893,1084400,97.1
2023-07-26,74.2278,74.6124,73.9201,74.2278,720900,96.5
2023-07-27,74.3047,74.6893,74.074,74.5355,765600,96.9
2023-07-28,74.5355,75.2278,73.997,75.2278,846400,97.8
2023-07-31,75.0739,78.4584,74.8432,78.4584,1042200,102
2023-08-01,78.4482,79.448,77.4484,77.843,776800,101.2
2023-08-02,77.843,77.9969,76.3046,77.5354,723200,100.8
2023-08-03,77.6892,78.9968,76.7662,77.6892,830800,101
2023-08-04,77.6892,78.4584,76.8431,77.6892,1195400,101
2023-08-07,77.843,78.3815,76.92,78.3815,841800,101.9
2023-08-08,78.4584,79.5353,77.4584,79.2276,810100,103
2023-08-09,79.448,79.6019,78.0637,78.1507,649600,101.6
2023-08-10,78.4482,79.0635,77.3715,77.4584,828200,100.7
2023-08-11,77.3715,77.9098,76.8331,77.7661,850500,101.1
2023-08-14,78.0637,78.0637,76.6024,77.0738,1032300,100.2
2023-08-15,77.3046,78.3815,76.5354,78.3815,823200,101.9
2023-08-16,78.4584,78.4584,77.0738,77.5354,744100,100.8
2023-08-17,77.5354,77.92,76.5354,76.92,962200,100
2023-08-18,76.92,76.9969,73.8432,75.3047,1127200,97.9
2023-08-21,75.1508,75.7662,73.8432,73.8432,1071900,96
2023-08-22,75.2278,76.0739,73.8432,74.8432,956800,97.3
2023-08-23,74.8432,75.7662,73.8432,74.2278,878400,96.5
2023-08-24,74.5355,75.5354,74.074,74.997,841700,97.5
2023-08-25,74.2278,75.1508,74.1509,74.6124,907800,97
2023-08-28,74.997,75.7662,74.4586,75.3816,1039100,98
2023-08-29,75.3816,75.6124,74.2278,74.997,778500,97.5
2023-08-30,74.997,75.3816,74.1509,74.5355,838400,96.9
2023-08-31,74.6124,75.3816,73.9201,75.3816,714200,98
2023-09-05,75.4585,77.3815,74.9201,77.3046,1412400,100.5
2023-09-06,77.3715,78.2944,76.5255,78.2276,1019200,101.7
2023-09-07,77.7661,78.3815,77.0738,77.6892,904000,101
2023-09-08,77.2277,78.3046,77.1508,77.9969,854100,101.4
2023-09-11,78.0738,78.3046,76.1508,76.1508,1231700,99
2023-09-12,76.5354,78.3815,76.3046,78.3815,1000600,101.9
2023-09-13,78.3815,78.3815,76.1508,76.1508,980200,99
2023-09-14,76.1508,76.92,74.6124,76.1508,1017700,99
2023-09-15,76.5255,77.0638,75.9102,76.6892,936500,99.7
2023-09-18,76.5354,76.6123,75.3816,75.997,876000,98.8
2023-09-19,76.0739,76.4585,75.2278,76.4585,928300,99.4
2023-09-20,76.4585,76.6123,75.6893,76.4585,919700,99.4
2023-09-21,76.1508,76.5354,75.5354,76.3816,1105700,99.3
2023-09-22,75.3718,75.7564,74.2182,75.0739,854100,97.6
2023-09-25,74.6124,75.7662,73.9201,75.3816,1111400,98
2023-09-26,75.7662,76.1508,74.5355,75.3816,1427400,98
2023-09-27,75.3718,76.6793,75.218,76.6892,1060300,99.7
2023-09-28,76.1508,76.5354,73.7663,76.3816,2192600,99.3
2023-09-29,76.4585,76.6892,75.7662,76.3816,2086400,99.3
2023-10-02,76.3816,76.4585,74.7662,75.7662,1381000,98.5
2023-10-03,75.3816,75.6124,73.8432,75.3047,1128200,97.9
2023-10-04,75.3047,75.3816,74.074,74.4586,894600,96.8
2023-10-05,74.997,74.997,73.4586,73.4586,981300,95.5
2023-10-06,73.4586,74.6124,72.3048,74.6124,780000,97
2023-10-09,74.6027,74.9103,73.526,74.6893,754000,97.1
2023-10-10,74.8432,74.997,73.8432,74.8432,904500,97.3
2023-10-11,74.9873,75.0642,74.2182,75.0739,791700,97.6
2023-10-12,75.1411,75.3718,74.5258,75.1508,853700,97.7
2023-10-13,74.997,80.3814,74.3047,79.843,1313700,103.8
2023-10-16,79.9199,79.9199,77.843,78.843,822700,102.5
2023-10-17,78.4584,79.2276,78.3046,79.1507,941400,102.9
2023-10-18,79.2276,80.766,78.6122,80.6891,1297400,104.9
2023-10-19,80.6786,81.1401,79.9864,80.8429,1009700,105.1
2023-10-20,80.8324,80.9862,79.6788,80.9198,897600,105.2
2023-10-23,80.9198,80.9968,76.8431,79.6122,1069900,103.5
2023-10-24,79.6019,79.8326,78.3713,79.6891,890700,103.6
2023-10-25,79.6891,79.9968,77.3815,79.0738,851600,102.8
2023-10-26,78.6892,78.6892,76.1508,76.7662,793900,99.8
2023-10-27,76.7662,76.7662,74.7662,76.7662,800300,99.8
2023-10-30,76.6892,76.6892,74.6124,75.3816,704100,98
2023-10-31,76.1508,76.92,74.9201,76.1508,1038100,99
2023-11-01,76.3046,80.766,76.1508,80.3045,905400,104.4
2023-11-02,80.6891,80.6891,77.9969,80.6891,754300,104.9
2023-11-03,80.6891,81.9198,80.6122,81.9198,1021600,106.5
2023-11-06,81.9198,82.9967,81.2275,82.5352,1241900,107.3
2023-11-07,82.3044,82.5352,80.8429,81.5352,886300,106
2023-11-08,81.6121,87.2273,80.0737,86.9196,999200,113
2023-11-09,86.9196,86.9196,83.3813,83.3813,921800,108.4
2023-11-10,82.689,84.612,81.1506,83.8428,934500,109
2023-11-13,83.8428,83.8428,81.6121,83.0736,1040600,108
2023-11-14,83.4582,83.9197,81.9198,82.9198,850500,107.8
2023-11-15,83.0628,85.0625,82.7552,83.612,921200,108.7
2023-11-16,82.7659,83.8428,82.3044,83.4582,902000,108.5
2023-11-17,83.612,84.2274,79.9968,81.1506,903200,105.5
2023-11-20,81.2939,83.8319,79.6019,81.3044,1043300,105.7
2023-11-21,81.5246,81.9861,80.4479,81.9967,885500,106.6
2023-11-22,82.2168,83.2935,80.7555,83.2274,781100,108.2
2023-11-23,83.4582,83.7659,80.766,80.766,835400,105
2023-11-24,81.4583,82.5352,80.0737,81.766,874800,106.3
2023-11-27,81.766,82.2275,77.6892,81.5352,747700,106
2023-11-28,81.8429,82.6121,81.0737,81.9198,728600,106.5
2023-11-29,82.1506,82.7659,81.0737,82.1506,830200,106.8
2023-11-30,81.5352,82.1506,78.4584,78.4584,1000400,102
2023-12-01,80.3814,81.0737,78.4584,81.0737,691700,105.4
2023-12-04,81.3044,82.7659,79.9968,81.3814,866300,105.8
2023-12-05,81.3708,81.4477,79.8326,80.8429,901900,105.1
2023-12-06,81.3044,81.5352,80.3045,81.3814,774200,105.8
2023-12-07,79.8326,81.5246,78.8328,81.3044,965000,105.7
2023-12-08,81.2939,81.2939,79.8326,80.1506,816300,104.2
2023-12-11,80.2171,80.371,78.2944,80.1506,717800,104.2
2023-12-12,80.3045,80.6891,78.5353,80.3814,757900,104.5
2023-12-13,80.6122,80.766,79.3814,80.766,1061400,105
2023-12-14,80.9198,81.3044,80.6122,80.9968,783700,105.3
2023-12-15,80.9968,81.1506,79.2276,79.2276,892900,103
2023-12-18,80.6891,80.766,78.4584,80.766,726800,105
2023-12-19,80.766,80.766,79.766,80.2276,728300,104.3
2023-12-20,80.2276,80.766,79.3045,80.2276,1257400,104.3
2023-12-21,79.9968,81.689,79.9199,80.9968,749900,105.3
2023-12-22,81.1401,81.6784,80.8324,81.689,708900,106.2
2023-12-25,82.0736,82.9198,81.9198,82.9198,776700,107.8
2023-12-26,83.0736,83.2274,82.689,83.0736,901400,108
2023-12-27,83.1505,83.1505,82.689,82.9967,1381000,107.9
2023-12-28,82.9198,83.0736,81.8429,83.0736,1594600,108
2023-12-29,83.0736,83.0736,82.3044,83.0736,2055200,108
2024-01-02,83.0736,83.3044,82.1506,82.3044,929800,107
2024-01-03,82.2937,82.8321,81.0631,82.8428,882300,107.7
2024-01-04,82.9967,83.0736,81.0737,82.9198,667500,107.8
2024-01-05,82.9859,83.0628,81.6784,82.7659,633100,107.6
2024-01-08,82.909,82.909,81.6784,81.9967,626300,106.6
2024-01-09,81.8429,82.0736,80.9198,81.9198,628700,106.5
2024-01-10,82.063,82.063,80.2171,81.3044,670200,105.7
2024-01-11,81.4583,81.5352,80.5352,81.3814,616900,105.8
2024-01-12,81.2275,81.3814,79.9199,80.9968,659300,105.3
2024-01-15,80.9862,81.3708,80.1402,80.9198,613300,105.2
2024-01-16,80.3814,81.0737,80.2276,81.0737,732400,105.4
2024-01-17,81.0631,81.0631,79.9095,80.4583,735600,104.6
2024-01-18,80.4583,80.766,79.766,80.2276,697900,104.3
2024-01-19,80.2276,80.9198,80.2276,80.766,613000,105
2024-01-22,80.7555,81.3708,80.6786,81.2275,630900,105.6
2024-01-23,81.2275,81.3814,79.6122,80.766,701500,105
2024-01-24,80.7555,81.1401,79.8326,80.5352,660000,104.7
2024-01-25,80.6122,80.766,80.3814,80.6891,615200,104.9
2024-01-26,80.371,81.3708,80.371,81.3044,678600,105.7
2024-01-29,81.4583,81.5352,80.9968,81.3814,621300,105.8
2024-01-30,81.4477,81.5246,81.1401,81.2275,622500,105.6
2024-01-31,81.217,81.3708,79.6788,80.4583,644900,104.6
2024-02-01,80.4583,81.1506,79.9968,81.1506,610800,105.5
2024-02-02,81.3044,81.3044,80.3045,80.6122,622500,104.8
2024-02-05,80.6122,81.0737,79.843,80.9968,670500,105.3
2024-02-06,81.1506,81.1506,80.3814,80.3814,617500,104.5
2024-02-07,80.5352,80.9968,80.2276,80.9968,615700,105.3
2024-02-15,81.0737,81.1506,79.9968,80.3814,690700,104.5
2024-02-16,80.3814,80.9968,80.3045,80.9968,635300,105.3
2024-02-19,81.4477,81.5246,80.294,80.9198,615500,105.2
2024-02-20,80.766,80.9198,80.2276,80.2276,648500,104.3
2024-02-21,80.2171,80.371,79.3711,79.3814,657500,103.2
2024-02-22,79.3711,80.5248,79.3711,79.6891,621400,103.6
2024-02-23,79.843,80.3045,79.5353,79.843,670800,103.8
2024-02-26,79.9199,80.6891,79.9199,80.3814,605600,104.5
2024-02-27,80.6122,80.6122,79.6122,79.6122,647800,103.5
2024-02-28,79.6122,80.5352,79.4584,79.5353,638600,103.4
2024-02-29,79.6788,80.2171,79.2942,79.3045,728600,103.1
2024-03-01,79.843,80.2276,79.3814,79.4584,650700,103.3
2024-03-04,79.6019,80.1402,79.448,79.6891,669100,103.6
2024-03-05,79.9968,80.3045,79.6122,80.3045,552000,104.4
2024-03-06,80.294,80.371,79.5249,80.1506,382800,104.2
2024-03-07,79.9199,79.9968,79.4584,79.9199,590500,103.9
2024-03-08,79.9864,80.1402,79.2942,79.766,636400,103.7
2024-03-11,79.6122,80.0737,79.2276,79.2276,613300,103
2024-03-12,79.6122,79.6122,78.4584,78.843,658700,102.5
2024-03-13,79.1404,79.6788,78.4482,78.6122,671300,102.2
2024-03-14,79.1507,79.1507,77.6892,78.4584,695600,102
2024-03-15,78.3713,79.1404,77.2946,78.9968,705600,102.7
2024-03-18,78.9968,79.2276,77.3046,78.3046,618300,101.8
2024-03-19,78.3046,78.4584,76.92,77.6892,589900,101
2024-03-20,78.0637,78.4482,76.9869,77.843,690000,101.2
2024-03-21,78.2175,79.2942,77.8329,78.9199,741000,102.6
2024-03-22,78.9097,79.2173,78.0637,78.6122,599400,102.2
2024-03-25,78.4482,78.602,77.4484,77.4584,628600,100.7
2024-03-26,77.0738,78.9199,77.0738,78.3815,664400,101.9
2024-03-27,78.2276,79.3045,77.6892,79.2276,707600,103
2024-03-28,79.2173,79.3711,78.2175,79.3814,635100,103.2
2024-03-29,79.5353,79.5353,78.7661,79.2276,664100,103
2024-04-01,79.2942,79.2942,78.4482,78.9968,719100,102.7
2024-04-02,78.3815,79.2276,77.9969,79.2276,815100,103
2024-04-03,78.9097,79.3711,77.6022,78.6122,871400,102.2
2024-04-04,78.6789,79.2942,78.4482,78.6122,810000,102.2
2024-04-05,78.6122,79.2276,77.92,78.3815,750100,101.9
2024-04-08,78.7558,78.8328,77.2946,77.7661,800800,101.1
2024-04-09,77.756,78.7558,77.756,78.6122,804100,102.2
2024-04-10,78.843,78.843,77.6892,78.4584,902700,102
2024-04-11,78.0738,78.4584,77.5354,77.6892,947400,101
2024-04-12,77.92,82.6121,77.6892,82.3044,1506000,107
2024-04-15,81.9967,81.9967,80.6122,81.4583,1101900,105.9
2024-04-16,81.3814,82.5352,79.9968,81.5352,1022900,106
2024-04-17,81.6121,81.6121,78.3815,79.5353,1099000,103.4
2024-04-19,78.4584,79.6891,78.4584,79.4584,947300,103.3
2024-04-22,79.4584,80.1506,78.5353,79.4584,810700,103.3
2024-04-23,79.9968,79.9968,77.6892,79.0738,1110500,102.8
2024-04-24,79.3814,79.843,78.9199,79.6122,897100,103.5
2024-04-25,79.843,79.843,78.0738,79.6122,904500,103.5
2024-04-26,79.2276,79.9968,78.3815,79.9968,903600,104
2024-05-02,79.9968,80.1506,78.6122,79.9199,827700,103.9
2024-05-03,79.9968,81.9967,79.3045,81.5352,1092500,106
2024-05-06,81.689,87.2273,81.689,87.2273,1737400,113.4
2024-05-07,87.6774,91.2922,87.6774,91.2271,1560100,118.6
2024-05-08,90.6887,90.6887,88.9195,90.3041,1226200,117.4
2024-05-09,90.3041,91.4579,89.2272,90.6887,1130800,117.9
2024-05-10,90.6887,90.7656,89.0734,89.9195,924500,116.9
2024-05-13,89.9964,91.9963,88.8426,91.381,1049800,118.8
2024-05-14,91.5348,91.5348,89.6887,89.9964,1079300,117
2024-05-15,89.6887,91.0733,89.6887,90.2272,1319000,117.3
2024-05-16,90.381,90.6118,89.2272,90.381,1113600,117.5
2024-05-17,90.6118,91.8425,89.7656,90.3041,995100,117.4
2024-05-20,90.5231,90.6,88.1389,88.1503,1005800,114.6
2024-05-21,88.1503,88.2272,85.3812,86.535,919800,112.5
2024-05-22,86.7545,87.8312,83.9088,83.9197,1177200,109.1
2024-05-23,84.0736,85.9966,83.8428,85.6889,840300,111.4
2024-05-24,85.3812,85.3812,83.0736,83.0736,776200,108
2024-05-27,83.3044,84.1505,82.8428,83.8428,638400,109
2024-05-28,84.5241,84.5241,83.4474,84.3043,686800,109.6
2024-05-29,84.3043,84.3812,82.5352,82.9967,816000,107.9
2024-05-30,82.3044,83.3813,82.3044,82.3044,661900,107
2024-05-31,82.6783,83.6781,82.3706,82.3813,719200,107.1
2024-06-03,82.909,84.4472,82.5244,83.612,940200,108.7
2024-06-04,83.8428,83.8428,82.9967,83.3813,695100,108.4
2024-06-05,83.8428,84.1505,83.0736,83.0736,785800,108
2024-06-06,83.1397,84.4472,82.909,83.5351,951900,108.6
2024-06-07,83.7659,83.9966,83.0736,83.8428,992500,109
2024-06-10,83.8428,85.612,83.5351,83.8428,1074400,109
2024-06-11,83.8428,83.8428,81.0737,81.3814,1532500,105.8
2024-06-12,81.4583,81.766,80.3814,81.766,1089200,106.3
2024-06-13,81.9967,81.9967,80.9968,81.5352,834400,106
2024-06-14,81.5352,81.689,79.9968,80.6122,1183400,104.8
2024-06-17,80.6891,81.0737,79.9968,80.6122,660100,104.8
2024-06-18,80.6786,80.7555,80.0633,80.4583,893500,104.6
2024-06-19,80.6122,80.6122,78.4584,79.4584,1365500,103.3
2024-06-20,79.3045,79.9199,78.6892,79.843,1081800,103.8
2024-06-21,79.9199,79.9968,78.3815,78.843,1210100,102.5
2024-06-24,78.7558,79.2173,77.6022,78.1507,915100,101.6
2024-06-25,78.1406,78.4482,77.6022,78.1507,787500,101.6
2024-06-26,78.3713,78.4482,77.756,78.1507,815800,101.6
2024-06-27,78.1507,78.5353,77.4584,78.4584,852600,102
2024-06-28,78.4584,78.5353,77.4584,78.0738,789300,101.5
2024-07-01,77.756,78.2175,76.6793,77.4584,933100,100.7
2024-07-02,77.6892,77.843,76.6892,77.6892,1083600,101
2024-07-03,77.6791,77.8329,76.9869,77.843,642100,101.2
2024-07-04,77.6791,77.9867,77.2176,77.843,817400,101.2
2024-07-05,77.756,78.2944,77.2946,78.1507,936600,101.6
2024-07-08,78.1507,78.4584,77.6892,77.92,810500,101.3
2024-07-09,77.6892,78.0738,77.3815,77.9969,942900,101.4
2024-07-10,77.92,78.0738,77.4584,77.6892,842000,101
2024-07-11,77.6892,77.843,77.4584,77.6892,945700,101
2024-07-12,77.6892,78.5353,77.4584,78.4584,889800,102
2024-07-15,78.7558,80.6017,78.7558,80.1506,1151000,104.2
2024-07-16,80.3045,81.1506,79.843,81.1506,812600,105.5
2024-07-17,81.1506,81.5352,79.3814,81.1506,872700,105.5
2024-07-18,81.1401,81.2939,79.3711,81.3044,999400,105.7
2024-07-19,81.4477,81.5246,80.371,81.2275,840400,105.6
2024-07-22,80.6122,81.1506,80.3814,80.9968,741200,105.3
2024-07-23,81.1506,81.5352,80.4583,81.5352,789400,106
2024-07-24,81.4583,82.9967,81.1506,82.9967,806200,107.9
2024-07-25,82.6121,82.9967,81.9198,82.9967,816300,107.9
2024-07-26,82.7659,82.9967,81.9198,82.9198,631700,107.8
2024-07-29,82.909,82.9859,81.6015,81.689,627100,106.2
2024-07-30,81.6121,81.9198,80.3814,81.0737,689100,105.4
2024-07-31,81.1506,81.766,80.8429,81.4583,429200,105.9
2024-08-01,81.8322,82.2937,80.0633,80.1506,779800,104.2
2024-08-02,79.843,80.6122,78.3046,80.6122,625400,104.8
2024-08-05,79.9968,79.9968,75.5354,76.8431,880900,99.9
2024-08-06,76.8431,79.2276,76.8431,77.3046,415700,100.5
2024-08-07,77.0738,77.3046,75.5354,76.3816,733400,99.3
2024-08-08,75.997,76.92,74.6124,76.3816,627500,99.3
2024-08-09,76.3816,77.6892,76.1508,77.6123,490900,100.9
2024-08-12,77.6022,78.3713,76.064,77.7661,569700,101.1
2024-08-13,76.9969,79.4584,76.92,79.0738,439300,102.8
2024-08-14,79.3814,79.3814,77.843,78.843,476100,102.5
2024-08-15,79.1507,79.1507,78.1507,79.0738,574400,102.8
2024-08-16,79.3814,81.5352,78.4584,80.766,1082800,105
2024-08-19,80.9968,81.4583,80.1506,80.766,496400,105
2024-08-20,80.9198,81.2275,79.9199,81.0737,558300,105.4
2024-08-21,80.9198,81.3044,79.9199,80.6891,586000,104.9
2024-08-22,80.766,80.9968,79.843,80.3814,592700,104.5
2024-08-23,80.5352,80.5352,79.843,80.3814,584500,104.5
2024-08-26,80.3814,80.766,79.9968,80.3814,648700,104.5
2024-08-27,80.3814,80.6122,79.9199,79.9968,684500,104
2024-08-28,80.1506,80.1506,79.5353,79.843,746800,103.8
2024-08-29,79.8326,80.6017,79.448,80.5352,744500,104.7
2024-08-30,80.6891,81.1506,80.5352,80.9968,778900,105.3
2024-09-04,80.3045,80.766,79.2276,80.2276,618800,104.3
2024-09-05,79.9968,80.766,79.2276,79.843,772700,103.8
2024-09-06,79.9968,80.6122,79.1507,79.843,772000,103.8
2024-09-09,79.9968,79.9968,78.5353,79.2276,684800,103
2024-09-10,79.5249,80.6017,79.448,80.1506,778000,104.2
2024-09-11,80.1506,81.3814,79.9199,80.766,891500,105
2024-09-12,81.1506,81.3044,80.6122,80.9968,626500,105.3
2024-09-13,81.1506,81.1506,79.843,80.6122,669700,104.8
2024-09-16,80.6891,80.9198,79.5353,79.9968,773200,104
2024-09-17,79.9968,80.766,79.6891,80.766,842400,105
2024-09-18,80.7555,81.1401,80.1402,80.8429,829500,105.1
2024-09-19,80.7555,80.9093,80.4479,80.8429,771000,105.1
2024-09-20,80.9093,81.0631,80.2171,80.9198,1227800,105.2
2024-09-23,80.9968,81.1506,80.3814,80.766,563900,105
2024-09-24,80.7555,80.9093,80.371,80.8429,694600,105.1
2024-09-25,80.9862,80.9862,80.1402,80.4583,863000,104.6
2024-09-26,80.5248,80.8324,80.1402,80.8429,938400,105.1
2024-09-27,80.9093,80.9862,79.9864,80.8429,706100,105.1
2024-09-30,80.8429,80.9198,80.2276,80.766,637900,105
2024-10-01,80.766,81.1506,80.6122,80.9968,791500,105.3
2024-10-02,80.8429,80.9968,79.843,80.766,659500,105
2024-10-03,80.766,81.6121,80.4583,81.1506,793800,105.5
2024-10-04,81.2275,81.3044,80.6122,80.9968,738600,105.3
2024-10-07,80.9968,81.1506,79.9968,80.766,661400,105
2024-10-08,80.766,80.9198,79.9968,80.6122,774500,104.8
2024-10-09,80.6017,81.4477,80.0633,81.2275,890700,105.6
2024-10-10,81.2275,81.5352,80.4583,81.5352,2029000,106
2024-10-11,81.6121,84.2274,81.5352,83.7659,1404500,108.9
2024-10-14,83.8428,84.1505,81.5352,82.5352,1104300,107.3
2024-10-15,82.5352,82.6121,80.9968,81.4583,920900,105.9
2024-10-16,81.1506,81.4583,79.843,81.3814,814300,105.8
2024-10-17,81.3814,81.3814,80.1506,80.9968,770900,105.3
2024-10-18,80.9968,81.9198,80.3045,81.9198,997000,106.5
2024-10-21,81.2939,81.2939,80.2171,81.2275,827000,105.6
2024-10-22,81.0631,81.0631,80.1402,80.1506,790400,104.2
2024-10-23,80.1506,80.766,79.9199,80.3045,776200,104.4
2024-10-24,80.371,80.371,79.6788,80.1506,771400,104.2
2024-10-25,80.1402,80.2171,79.5249,80.1506,734700,104.2
2024-10-28,80.1402,80.1402,79.1404,79.6891,774200,103.6
2024-10-29,79.766,79.9968,79.3814,79.9199,694700,103.9
2024-10-30,79.9199,79.9968,79.2276,79.9199,721000,103.9
2024-10-31,79.843,80.766,79.6122,80.766,752200,105
2024-11-01,80.6786,80.6786,79.6019,80.5352,645900,104.7
2024-11-04,80.5352,80.5352,79.5353,79.9968,724900,104
2024-11-05,79.9968,80.0737,78.9199,79.6122,727300,103.5
2024-11-06,79.6891,80.766,79.3045,80.6891,696700,104.9
2024-11-07,80.766,80.766,80.0737,80.2276,648900,104.3
2024-11-08,80.2171,80.4479,79.6019,80.4583,691200,104.6
2024-11-11,80.4583,80.6122,79.5353,80.3814,686800,104.5
2024-11-12,80.3814,80.766,79.3045,80.3814,714300,104.5
2024-11-13,80.0633,80.294,79.2173,79.6891,705100,103.6
2024-11-14,79.6891,79.766,78.5353,79.4584,665000,103.3
2024-11-15,79.3045,79.5353,78.0738,79.4584,756900,103.3
2024-11-18,79.1404,79.2173,77.6791,78.2276,757900,101.7
2024-11-19,78.4482,78.602,77.1407,78.2276,579900,101.7
2024-11-20,77.92,78.6892,76.9969,78.4584,729300,102
2024-11-21,78.4482,78.602,77.0638,78.2276,693000,101.7
2024-11-22,78.2175,78.7558,77.6791,78.2276,604800,101.7
2024-11-25,78.1507,79.0738,78.0738,79.0738,773600,102.8
2024-11-26,79.1404,79.448,78.7558,79.3814,578700,103.2
2024-11-27,79.2276,79.4584,78.5353,78.7661,568800,102.4
2024-11-28,78.8328,79.1404,78.2944,78.6122,635800,102.2
2024-11-29,78.6122,78.7661,77.2277,78.7661,674400,102.4
2024-12-02,78.9199,78.9968,77.92,78.6892,576300,102.3
2024-12-03,78.4584,78.6892,77.6892,78.0738,695700,101.5
2024-12-04,77.9969,78.0738,77.2277,77.9969,696300,101.4
2024-12-05,77.9969,79.2276,77.6123,79.2276,790500,103
2024-12-06,79.0738,79.2276,78.3815,79.0738,639400,102.8
2024-12-09,78.8328,79.6019,78.0637,78.9968,681100,102.7
2024-12-10,78.9097,78.9866,78.3713,78.9199,548800,102.6
2024-12-11,78.9199,79.766,78.3046,79.1507,685400,102.9
2024-12-12,79.1507,79.6122,78.4584,79.1507,663200,102.9
2024-12-13,79.0738,79.0738,78.3046,78.7661,575200,102.4
2024-12-16,78.7661,78.7661,77.7661,78.4584,643600,102
2024-12-17,78.4482,78.602,77.5253,78.1507,671400,101.6
2024-12-18,77.9867,77.9867,77.2946,77.4584,605900,100.7
2024-12-19,77.3046,77.3046,75.3816,76.92,1135400,100
2024-12-20,76.91,77.6022,76.2947,76.3046,1007700,99.2
2024-12-23,77.1407,77.756,76.5255,77.3815,698100,100.6
2024-12-24,77.3815,77.6892,76.7662,77.6892,675800,101
2024-12-25,77.7661,78.4584,77.3046,78.4584,938200,102
2024-12-26,78.4584,78.6122,77.6892,78.0738,620800,101.5
2024-12-27,78.1406,78.2944,77.6791,77.843,650900,101.2
2024-12-30,77.0638,77.5253,76.6793,76.9969,751900,100.1
2024-12-31,77.3046,77.3046,76.4585,76.92,684300,100
2025-01-02,76.9969,76.9969,76.1508,76.8431,746800,99.9
2025-01-03,76.8431,76.8431,76.0739,76.5354,743700,99.5
2025-01-06,76.5255,76.8331,76.1409,76.6892,663900,99.7
2025-01-07,76.6892,76.8431,75.7662,76.5354,615600,99.5
2025-01-08,76.4585,76.5354,75.6893,76.4585,487900,99.4
2025-01-09,76.4585,76.4585,75.92,76.3816,439600,99.3
2025-01-10,76.3716,76.6024,75.5256,75.8431,470300,98.6
2025-01-13,75.9871,76.2947,75.4487,75.8431,519700,98.6
2025-01-14,75.7662,75.92,75.3047,75.7662,491200,98.5
2025-01-15,75.8333,76.4485,75.6025,75.92,476400,98.7
2025-01-16,75.997,76.3816,74.7662,76.0739,727300,98.9
2025-01-17,76.0739,76.2277,75.3816,76.1508,523200,99
2025-01-20,75.7662,76.1508,75.4585,75.997,421100,98.8
2025-01-21,76.1508,76.3816,75.4585,75.997,480800,98.8
2025-01-22,75.997,76.1508,75.6124,75.997,474500,98.8
2025-01-23,75.997,76.5354,75.8431,76.1508,569800,99
2025-01-24,76.0739,76.7662,75.6124,76.7662,612100,99.8
2025-02-04,75.9871,75.9871,75.2949,75.5354,543900,98.2
2025-02-05,75.5256,75.9102,74.9873,75.1508,535700,97.7
2025-02-06,75.1508,75.7662,74.8432,75.3816,415300,98
2025-02-07,75.2949,75.5256,74.9873,75.4585,506800,98.1
2025-02-10,75.3816,75.3816,74.3816,74.4586,466100,96.8
2025-02-11,74.4586,74.6124,73.1509,74.2278,642800,96.5
2025-02-12,74.0643,74.6027,73.9105,73.9201,458700,96.1
2025-02-13,73.6029,73.9874,73.4491,73.997,445400,96.2
2025-02-14,73.9874,74.4489,73.9874,74.3816,511200,96.7
2025-02-17,74.3816,74.997,74.1509,74.997,512400,97.5
2025-02-18,74.997,75.2278,74.3816,74.9201,480300,97.4
2025-02-19,74.997,74.997,74.3047,74.9201,544900,97.4
2025-02-20,74.9201,74.997,74.4586,74.5355,610300,96.9
2025-02-21,74.4489,74.5258,73.9874,74.3047,501600,96.6
2025-02-24,73.9874,74.2951,73.6029,74.3047,630800,96.6
2025-02-25,74.372,74.4489,73.8336,73.9201,590700,96.1
2025-02-26,73.9105,74.6796,73.8336,74.6893,476000,97.1
2025-02-27,74.6893,74.7662,74.074,74.5355,512100,96.9
2025-02-28,74.3816,74.6124,73.8432,73.8432,550100,96
2025-03-03,73.997,74.6124,73.8432,74.5355,561200,96.9
2025-03-04,74.3047,74.6124,73.9201,74.4586,569900,96.8
2025-03-05,74.2278,74.4586,73.9201,74.1509,490400,96.4
2025-03-06,74.2278,74.4586,73.997,74.2278,538100,96.5
2025-03-07,74.074,74.6124,73.8432,74.6124,758800,97
2025-03-10,74.6027,75.2949,74.1412,75.1508,593800,97.7
2025-03-11,74.7565,75.3718,74.4489,75.1508,511400,97.7
2025-03-12,75.1508,75.2278,74.6893,74.9201,525900,97.4
2025-03-13,74.9201,74.997,74.2278,74.8432,531400,97.3
2025-03-14,74.9103,76.7562,74.372,75.8431,910700,98.6
2025-03-17,75.9102,76.4485,75.9102,76.2277,727600,99.1
2025-03-18,76.2277,76.4585,74.997,75.6893,625400,98.4
2025-03-19,75.6124,75.6124,74.8432,75.2278,609400,97.8
2025-03-20,75.2949,75.2949,73.9874,73.997,547400,96.2
2025-03-21,74.0643,74.9873,73.7567,74.3047,622400,96.6
2025-03-24,74.372,74.4489,73.526,74.3047,568400,96.6
2025-03-25,74.6027,74.7565,73.7567,74.3816,533900,96.7
2025-03-26,74.4489,75.0642,73.9874,74.3816,723000,96.7
2025-03-27,74.2278,74.3816,73.7663,74.2278,513700,96.5
2025-03-28,74.2278,74.2278,73.2278,73.8432,754500,96
2025-03-31,73.7663,73.7663,72.8432,73.074,524800,95
2025-04-01,73.0645,73.2183,72.603,73.2278,453900,95.2
2025-04-02,73.3048,73.3048,72.6894,73.074,514900,95
2025-04-03,72.9971,72.9971,67.9973,67.9973,727500,88.4
2025-04-04,63.3821,67.9973,63.3821,66.382,1024200,86.3
2025-04-08,66.1426,66.1426,61.7587,63.5359,634600,82.6
2025-04-09,60.682,63.4508,59.2976,60.8437,632500,79.1
2025-04-10,65.0659,65.0659,65.0659,65.0743,21700,84.6
2025-04-11,69.6126,69.6126,65.0743,65.6897,997400,85.4
2025-04-14,65.6897,65.7666,64.3051,65.7666,603400,85.5
2025-04-15,65.2282,65.6897,63.3821,64.0744,795300,83.3
2025-04-16,64.0744,65.7666,63.9974,65.6897,639900,85.4
2025-04-17,64.382,67.6896,63.9974,67.6896,1301600,88
2025-04-18,68.305,68.305,66.5358,66.5358,740900,86.5
2025-04-21,67.1512,67.305,64.6128,64.6128,641500,84
2025-04-22,64.8436,64.8436,61.6129,64.2282,930200,83.5
2025-04-23,65.3735,66.1426,65.2197,65.9204,731400,85.7
2025-04-24,65.9888,65.9888,64.8351,65.9204,579400,85.7
2025-04-25,65.9204,69.9972,64.8436,69.9972,1409000,91
2025-04-28,68.4499,69.219,67.2193,68.5357,450300,89.1
2025-04-29,68.5357,68.5357,66.1512,66.1512,663900,86
2025-05-05,66.2195,68.9883,66.1426,68.9203,636100,89.6
2025-05-06,68.9203,68.9972,67.7665,68.4588,596000,89
2025-05-07,68.3819,68.5357,67.7665,68.3819,589800,88.9
2025-05-08,68.228,69.3818,67.2281,69.0742,712900,89.8
2025-05-09,68.4588,69.228,68.0742,68.8434,588500,89.5
2025-05-12,68.8434,69.6126,68.4588,69.5357,742000,90.4
2025-05-13,70.3818,70.3818,68.7665,69.6126,597500,90.5
2025-05-14,69.0742,71.5356,68.8434,71.5356,1016000,93
2025-05-15,70.7664,70.7664,69.1511,69.9972,1044800,91
2025-05-16,69.228,69.8434,68.9972,69.228,625300,90
2025-05-19,68.8434,68.8434,67.6896,67.6896,709400,88
2025-05-20,67.6896,68.3819,66.7666,67.9204,898700,88.3
2025-05-21,67.9973,67.9973,67.0742,67.9204,689200,88.3
2025-05-22,67.2963,68.1423,66.9117,67.0742,837600,87.2
2025-05-23,66.9973,67.6896,66.6127,67.5358,571400,87.8
2025-05-26,67.5358,67.5358,66.305,67.5358,574800,87.8
2025-05-27,67.305,68.305,67.1512,67.9973,736800,88.4
2025-05-28,67.8434,68.1511,67.305,67.6896,632400,88
2025-05-29,67.305,67.4588,67.0742,67.305,523700,87.5
2025-05-30,66.9973,67.4588,66.6127,66.9204,531400,87
2025-06-02,66.8435,69.3049,66.5358,68.8434,1137400,89.5
2025-06-03,69.228,69.9972,68.4588,69.0742,761300,89.8
2025-06-04,69.0742,71.151,68.6896,70.6126,1376400,91.8
2025-06-05,70.7664,70.7664,69.9972,70.228,698500,91.3
2025-06-06,69.6126,69.9972,68.305,69.228,998300,90
2025-06-09,69.228,69.228,67.6896,68.305,840100,88.8
2025-06-10,68.4588,68.8434,67.7665,68.4588,574200,89
2025-06-11,68.2961,68.4499,67.3732,67.3819,684500,87.6
2025-06-12,67.4588,68.6896,67.4588,68.3819,661000,88.9
2025-06-13,67.305,67.6896,66.7666,67.6896,864600,88
2025-06-16,67.5358,67.5358,66.7666,67.5358,747700,87.8
2025-06-17,67.6808,67.7577,66.9886,67.4588,670500,87.7
2025-06-18,67.4501,67.7577,67.2193,67.4588,662400,87.7
2025-06-19,67.1512,68.6126,66.9204,68.0742,1200900,88.5
2025-06-20,68.2961,68.2961,67.4501,68.228,697600,88.7
2025-06-23,67.6127,67.6127,66.8435,67.305,672800,87.5
2025-06-24,67.2963,67.7577,67.1424,67.7665,640600,88.1
2025-06-25,67.3732,67.9115,66.9886,66.9973,664900,87.1
2025-06-26,67.0655,67.527,66.9886,66.9973,525900,87.1
2025-06-27,67.0655,67.6039,66.9886,67.0742,708000,87.2
2025-06-30,67.2963,68.2961,67.2963,67.7665,602400,88.1
2025-07-01,67.8434,69.9972,67.8434,69.6126,1284900,90.5
2025-07-02,69.6036,69.6036,69.1421,69.3818,598200,90.2
2025-07-03,67.1512,69.5357,67.1512,68.4588,699800,89
2025-07-04,68.5357,69.228,68.0742,69.0742,793800,89.8
2025-07-07,68.9972,69.4588,68.228,69.228,789200,90
2025-07-08,69.228,73.074,68.8434,73.074,2138100,95
2025-07-09,73.074,73.2278,72.3048,72.3048,1068600,94
2025-07-10,72.3817,73.8432,72.074,73.8432,1272300,96
2025-07-11,73.8432,76.92,73.6124,76.92,2011400,100
2025-07-14,77.2277,77.6123,75.5354,76.1508,1133300,99
2025-07-15,76.92,76.9969,74.997,74.997,1114200,97.5
2025-07-16,74.6124,74.997,73.4586,73.8432,1545300,96
2025-07-17,73.8432,75.2278,72.5356,72.5356,1712800,94.3
2025-07-18,73.4586,73.997,71.5356,71.7664,2612300,93.3
2025-07-21,72.2954,74.0643,72.2185,73.1509,1560900,95.1
2025-07-22,73.4491,78.2175,73.4491,78.2276,2916000,101.7
2025-07-23,83.0736,83.689,82.689,83.689,1717100,108.8
2025-07-24,89.5349,89.5349,84.1505,87.6888,2891800,114
2025-07-25,87.8426,93.7655,86.3042,93.7655,3280800,121.9
2025-07-28,95.6116,99.7652,95.3808,97.6884,2342200,127
2025-07-29,98.3807,98.3807,90.9194,90.9964,3093100,118.3
2025-07-30,90.9845,95.2915,90.3693,91.304,2121100,118.7
2025-07-31,92.8304,94.2148,88.4465,93.227,2767900,121.2
2025-08-01,93.227,93.227,89.9964,91.5348,2498100,119
2025-08-04,89.9964,97.9192,89.381,97.9192,3266700,127.3
2025-08-05,99.2268,101.4575,92.304,97.9192,3989200,127.3
2025-08-06,97.9192,99.6114,96.3808,99.2268,2196300,129
2025-08-07,99.3677,99.4446,96.7528,98.2268,2219800,127.7
2025-08-08,98.3038,98.3038,93.4578,93.4578,2177500,121.5
2025-08-11,96.15,96.15,93.4578,95.3808,2038500,124
2025-08-12,96.15,99.6114,94.3808,97.6884,3151000,127
2025-08-13,98.073,98.073,94.6885,97.9961,3060400,127.4
2025-08-15,110.0582,112.1348,102.9825,111.9955,3441800,145.6
2025-08-18,111.9955,111.9955,107.688,109.5341,2043900,142.4
2025-08-19,116.8415,117.1492,110.9956,112.3032,2386000,146
2025-08-20,112.3032,112.3032,104.9958,110.611,2404800,143.8
2025-08-21,110.534,112.3032,107.7649,112.1494,2763800,145.8
2025-08-22,108.0726,111.534,106.1496,107.688,2398900,140
2025-08-25,108.0726,111.1494,107.688,109.611,2427600,142.5
2025-08-26,109.9956,111.1494,108.611,110.7648,2017200,144
2025-08-27,111.135,111.5964,109.0584,110.8417,2022600,144.1
2025-08-28,111.1494,113.9954,110.7648,111.534,1972700,145
2025-08-29,111.9955,112.457,109.9187,111.1494,2058500,144.5
2025-09-03,110.7648,110.7648,107.688,109.2264,2128500,142
2025-09-04,109.3802,109.3802,107.3034,107.688,2005200,140
2025-09-05,107.7649,111.534,107.688,109.2264,2084300,142
2025-09-08,108.4572,109.6879,107.0726,109.1495,2161700,141.9
2025-09-09,109.2264,112.7647,109.1495,111.534,2383000,145
2025-09-10,111.9186,111.9955,109.0726,111.4571,1971900,144.9
2025-09-11,111.534,112.3032,108.0726,111.8417,2166300,145.4
2025-09-12,111.9955,114.2262,111.1494,112.3032,2318100,146
2025-09-15,112.6732,112.6732,110.3659,111.9955,2238300,145.6
2025-09-16,112.0724,113.1493,109.2264,109.2264,2235800,142
2025-09-17,109.2264,109.611,107.9957,109.2264,2022300,142
2025-09-18,109.3033,109.3033,107.0726,107.5342,2103300,139.8
2025-09-19,107.5202,107.5202,103.8285,105.5342,2084700,137.2
2025-09-22,104.9958,105.1496,100.7652,104.2266,2352000,135.5
2025-09-23,104.3035,104.6112,102.0728,102.3036,1763500,133
2025-09-24,102.2903,103.0594,100.2906,102.842,1531900,133.7
2025-09-25,103.0728,105.6112,102.9959,104.5343,1690500,135.9
2025-09-26,104.6881,104.6881,101.919,101.919,1761300,132.5
2025-09-29,101.7519,101.9058,98.7524,99.7652,1784400,129.7
2025-09-30,99.8292,101.1367,99.0601,99.6883,1689700,129.6
2025-10-01,99.5345,99.8422,98.4576,98.4576,1675800,128
2025-10-02,98.5986,101.1367,97.9833,98.996,1759900,128.7
2025-10-03,98.996,99.996,98.1499,99.4576,1613800,129.3
2025-10-06,99.6114,103.3036,99.6114,103.3036,1702900,134.3
2025-10-07,103.6882,103.6882,101.3036,102.6113,1598400,133.4
2025-10-08,103.842,103.842,101.7652,102.6113,1815000,133.4
2025-10-09,102.6749,102.6749,100.829,102.3805,1712300,133.1
2025-10-10,102.6882,103.4574,101.5344,102.5344,1820600,133.3
2025-10-13,101.4443,109.6737,99.983,109.6879,3773100,142.6
2025-10-14,111.9186,117.303,110.4571,117.303,4715400,152.5
2025-10-15,120.518,125.4402,117.5185,125.4565,3453800,163.1
2025-10-16,126.1488,133.4562,123.995,133.4562,3679500,173.5
2025-10-17,133.5331,137.6868,129.9948,134.61,3068900,175
2025-10-20,134.2254,138.456,127.3795,134.2254,3485400,174.5
2025-10-21,134.2254,143.6096,134.2254,138.456,4128300,180
2025-10-22,138.8226,139.4378,136.2076,138.6098,2921000,180.2
2025-10-23,138.5329,142.3789,138.5329,141.5328,2601400,184
2025-10-24,141.5328,141.9174,133.4562,138.456,3503900,180
2025-10-27,140.7636,140.7636,130.764,134.8408,3024700,175.3
2025-10-28,134.0716,144.225,134.0716,144.225,3724300,187.5
2025-10-29,145.7445,151.1282,145.3599,150.0709,2318200,195.1
2025-10-30,150.0709,154.763,148.1479,150.3786,2386700,195.5
2025-10-31,149.2248,149.3786,141.9174,143.8404,2801200,187
2025-11-03,143.6866,146.0711,140.8405,141.1482,2409100,183.5
2025-11-04,141.5328,145.3788,140.6098,142.9174,2129600,185.8
2025-11-05,142.5328,143.4558,140.7636,141.9174,2043500,184.5
2025-11-06,142.1482,143.4558,139.1483,139.1483,1768700,180.9
2025-11-07,137.3022,138.456,132.9947,136.9176,2066800,178
2025-11-10,137.3022,139.2252,134.8408,135.7638,1928500,176.5
2025-11-11,135.7638,136.533,131.1486,134.5331,2016700,174.9
2025-11-12,134.5925,136.1307,130.9777,135.4561,1922100,176.1
2025-11-13,135.2254,136.7638,133.9946,135.61,1857900,176.3
2025-11-14,135.0715,136.1484,133.3024,135.6869,1849300,176.4
2025-11-17,135.6869,137.6868,134.2254,137.6868,1912600,179
2025-11-18,138.5918,138.5918,136.1307,137.7637,1830000,179.1
2025-11-19,137.456,137.7637,135.4561,136.9176,1811700,178
2025-11-20,136.533,146.4557,136.3022,146.4557,3009500,190.4
2025-11-21,146.8981,151.5896,145.0523,149.6863,1923700,194.6
2025-11-24,149.7632,157.7629,148.4556,157.5322,2856900,204.8
2025-11-25,157.8962,168.5098,156.5119,168.5317,3212400,219.1
2025-11-26,168.0702,169.224,159.1475,159.8398,2250800,207.8
2025-11-27,159.2244,159.8398,148.6864,155.3784,4882800,202
2025-11-28,154.6092,159.0706,151.3786,156.5322,1487300,203.5
2025-12-01,156.686,162.0704,154.3784,156.8399,1854100,203.9
2025-12-02,156.9168,167.7625,155.0707,167.6087,3559400,217.9
2025-12-03,167.8394,167.9164,163.2242,164.6088,1692700,214
2025-12-04,164.6857,164.6857,158.4552,158.4552,2249900,206
2025-12-05,157.0706,159.609,153.84,159.609,2320700,207.5
2025-12-08,157.2245,159.609,154.5323,158.7629,1673000,206.4
2025-12-09,157.686,157.686,153.84,153.84,1981000,200
2025-12-10,154.2046,154.5891,148.8978,151.2247,2538900,196.6
2025-12-11,150.5324,150.994,144.5327,144.6096,1748000,188
2025-12-12,142.302,146.5326,138.3022,142.302,1994200,185
2025-12-15,141.5328,143.8404,140.7636,143.0712,1403500,186
2025-12-16,143.1481,147.3018,139.8406,147.3018,1586300,191.5
2025-12-17,147.3596,147.3596,142.3604,142.3789,1511100,185.1
2025-12-18,142.3789,150.7632,140.6867,149.1479,2130100,193.9
2025-12-19,149.2248,153.7631,147.5326,153.7631,2115800,199.9
2025-12-22,153.84,159.2244,151.9939,158.4552,1857400,206
2025-12-23,158.0706,161.532,155.6092,158.8398,1843400,206.5
2025-12-24,158.4552,158.609,153.0708,153.0708,1833200,199
2025-12-25,151.8401,163.7627,150.6094,163.0704,3518200,212
2025-12-26,160.532,163.455,157.686,159.9167,1665600,207.9
2025-12-29,160.2804,162.4339,158.973,160.1474,1680400,208.2
2025-12-30,159.9936,160.1474,153.5323,157.9937,1702600,205.4
2025-12-31,157.3014,160.7628,155.1476,160.7628,1395200,209
2026-01-05,159.2244,161.1474,156.686,159.609,1788000,207.5
2026-01-06,159.5883,165.7411,157.8193,163.2242,2090200,212.2
2026-01-07,163.4338,163.5876,159.8959,161.2243,1487800,209.6
2026-01-08,161.532,162.455,153.4554,156.1476,2229900,203
2026-01-09,155.1275,155.8966,146.129,152.84,2533600,198.7
2026-01-12,152.1478,152.3016,144.6096,149.994,1966900,195
2026-01-13,149.2248,151.1478,146.3018,149.994,1639400,195
2026-01-14,149.3786,150.1478,143.0712,145.6865,1902700,189.4
2026-01-15,144.9942,144.9942,136.533,138.8406,1674500,180.5
2026-01-16,138.8406,143.8404,138.1483,141.5328,1380500,184
2026-01-19,141.9174,143.8404,140.1482,142.302,1083300,185
2026-01-20,142.6866,143.0712,139.456,139.8406,1416900,181.8
2026-01-21,139.6098,141.1482,136.9945,139.8406,1463200,181.8
2026-01-22,139.2252,140.0713,137.7637,139.2252,1307700,181
2026-01-23,139.5917,148.8978,138.3611,148.9171,1510400,193.6
2026-01-26,145.9172,146.0711,139.9944,139.9944,1220900,182
2026-01-27,140.1482,141.1482,137.533,137.533,1224400,178.8
2026-01-28,137.6868,138.6098,128.1487,131.9178,1969300,171.5
2026-01-29,132.3024,132.9947,123.8412,126.1488,1782400,164
2026-01-30,126.3796,131.1486,122.6105,131.1486,1696000,170.5
2026-02-02,131.3024,132.0716,123.3028,130.764,1498600,170
2026-02-03,129.841,130.764,126.7642,129.2256,1304800,168
2026-02-04,127.6872,128.4564,123.995,126.918,1312300,165
2026-02-05,126.1488,130.764,124.7642,128.0718,1515400,166.5
2026-02-06,126.918,127.7641,124.1489,127.6872,1268400,166
2026-02-09,127.6872,129.6102,126.5334,126.918,1042500,165
2026-02-10,126.1488,126.918,124.2258,125.3796,1049000,163
2026-02-11,124.995,129.2256,123.995,129.2256,1187900,168
2026-02-12,129.2256,130.764,127.4564,129.2256,1078600,168
2026-02-13,129.2088,130.3625,127.2861,130.1486,1247500,169.2
2026-02-23,130.3794,134.61,130.1486,134.5331,1266800,174.9
2026-02-24,134.5156,143.5141,131.2854,143.5327,1663400,186.6
2026-02-25,138.6098,141.1482,136.1484,137.3022,1183500,178.5
2026-02-26,136.533,137.7637,133.61,137.3022,1174800,178.5
2026-02-27,136.7638,137.3022,134.7638,135.2254,1133900,175.8
2026-03-02,131.1486,131.9947,129.3794,129.9948,1184600,169
2026-03-03,129.4395,130.747,126.2093,126.2257,1193000,164.1
2026-03-04,125.8248,127.6706,119.8258,125.5334,1467800,163.2
2026-03-05,125.6104,125.918,119.9952,120.3029,1566900,156.4
2026-03-06,119.9952,121.9182,117.0722,120.3029,1238100,156.4
2026-03-09,114.9954,117.6876,111.9186,117.6876,1111300,153
2026-03-10,118.6876,119.9952,115.9184,119.226,1429000,155
2026-03-11,120.7487,123.056,117.5185,122.8412,1433700,159.7
2026-03-12,119.226,121.4567,117.5338,117.5338,1393200,152.8
2026-03-13,117.3799,120.7644,117.3799,120.6106,1257300,156.8
2026-03-16,119.9952,119.9952,117.3799,118.4568,1162100,154
2026-03-17,118.4568,120.7644,118.4568,120.7644,1243800,157
2026-03-18,120.149,123.072,119.3798,123.072,1285600,160
2026-03-19,121.8254,122.1331,119.2105,122.072,1725300,158.7
2026-03-20,121.149,121.149,116.38,120.9952,1784200,157.3
2026-03-23,117.303,117.9184,116.2261,116.7646,980100,151.8
2026-03-24,116.7646,117.6876,112.8416,117.6876,1654700,153
2026-03-25,117.6876,118.0722,115.38,117.6876,1290300,153
2026-03-26,117.6876,119.226,116.0723,119.226,1165100,155
2026-03-27,119.226,121.149,117.9184,120.7644,1004300,157
2026-03-30,119.2105,121.9024,116.9032,120.8413,1246800,157.1
2026-03-31,120.9182,121.5336,119.9952,119.9952,864400,156
2026-04-01,120.3798,128.3795,120.149,128.3795,1686900,166.9
2026-04-02,130.764,130.764,123.995,127.3026,1060100,165.5
2026-04-03,126.9015,131.1316,123.902,123.9181,1433000,161.1
2026-04-06,122.3028,125.7642,122.3028,125.6104,1008000,163.3
2026-04-07,125.6104,125.7642,122.6874,125.7642,992900,163.5
2026-04-08,127.6872,130.3794,126.6872,130.3794,1266500,169.5
2026-04-09,128.9948,129.0718,126.918,127.6872,1032800,166
2026-04-10,128.0718,130.3794,127.6872,128.4564,1039700,167
2026-04-13,124.1489,128.4564,124.072,128.3026,1053300,166.8
2026-04-14,128.4564,129.9948,127.2257,128.3026,1099200,166.8
2026-04-15,128.2859,137.2074,128.2859,137.0714,2641000,178.2
2026-04-16,135.7462,137.0536,131.8237,137.0714,1542600,178.2
2026-04-17,136.9945,136.9945,132.4562,136.7638,1633500,177.8
2026-04-20,135.3023,135.9946,133.2254,134.8408,920700,175.3
2026-04-21,134.9001,138.5918,134.5925,135.1484,1478300,175.7
2026-04-22,135.2078,135.6692,133.0543,135.1484,1254700,175.7
2026-04-23,135.0715,136.9176,132.6101,134.5331,1053200,174.9
2026-04-24,134.4562,138.8406,132.4562,138.8406,1581700,180.5
2026-04-28,137.5151,138.8226,135.4385,137.456,1353200,178.7
2026-04-29,136.6868,139.6098,135.533,138.456,1495900,180
2026-05-04,137.3022,138.456,135.533,138.3791,1174600,179.9
2026-05-05,137.6868,139.9944,136.3022,139.2252,1482700,181
2026-05-06,139.3021,146.148,137.6868,139.6098,2074100,181.5
2026-05-07,139.6098,141.9174,138.6098,139.9944,1264500,182
2026-05-08,139.8993,139.9762,135.5154,135.533,1363900,176.2
2026-05-11,135.533,135.533,131.1486,131.1486,1526200,170.5
2026-05-12,130.764,134.61,130.3025,134.61,1271400,175
2026-05-13,134.5925,139.5917,132.9005,133.1485,1105600,173.1
2026-05-14,133.4389,134.9771,131.8237,133.1485,1197100,173.1
2026-05-15,133.3024,133.3793,131.764,131.764,1138200,171.3
2026-05-18,130.3625,132.5159,130.3625,131.6101,1391200,171.1
2026-05-19,131.687,132.687,130.2256,132.3024,1175600,172
2026-05-20,132.2852,132.7467,129.901,131.2255,1335700,170.6
2026-05-21,131.5332,133.8408,131.3794,133.4562,1520400,173.5
2026-05-22,133.4389,133.4389,130.5932,130.8409,1084400,170.1
2026-05-25,130.8409,133.8408,130.5332,133.687,1116300,173.8
2026-05-26,133.6696,133.8234,132.1314,132.7639,996200,172.6
2026-05-27,132.7467,132.8236,130.3625,132.3793,1047500,172.1
2026-05-28,132.4562,132.687,130.764,131.0717,999300,170.4
2026-05-29,129.9948,132.3024,129.6102,132.2255,998700,171.9
2026-06-01,132.2255,132.687,130.4563,131.5332,881400,171
2026-06-02,131.5161,131.593,129.8241,130.8409,901200,170.1
2026-06-03,130.8409,132.3024,129.9948,131.3794,1089800,170.8
2026-06-04,131.3623,132.7467,130.1317,132.7639,1034100,172.6
2026-06-05,133.0543,141.9759,132.5159,141.9943,1789100,184.6
2026-06-08,136.9176,138.456,134.5331,135.9946,846900,176.8
2026-06-09,136.1484,137.9945,134.9177,137.6868,898900,179
2026-06-10,137.9176,141.1482,137.456,139.9944,1008400,182
2026-06-11,139.2252,140.379,136.3792,136.533,817800,177.5
2026-06-12,136.7638,140.8405,136.6868,139.0714,907600,180.8
2026-06-15,139.2071,142.6681,139.2071,141.302,1074500,183.7
2026-06-16,143.8,144.1,137.8,138,969400,138
2026-06-17,136.8,144,136.3,143.9,959700,143.9
2026-06-18,142.8,142.8,138.4,138.4,1144100,138.4
2026-06-19,138.9,141,138.4,140.5,1166800,140.5
2026-06-22,140.5,141,138.9,139.5,1005000,139.5
2026-06-23,139.5,140.2,137.5,137.5,938200,137.5
2026-06-24,137.5,138.2,136.1,136.4,967200,136.4
2026-06-25,136.5,139.9,136.3,139.4,965800,139.4
2026-06-26,138.5,140,138,139.5,982800,139.5
2026-06-29,139.5,139.5,136.6,138.8,1234200,138.8
2026-06-30,138.7,140,137.8,139.5,744200,139.5
2026-07-01,139.1,140,138.8,139.3,888300,139.3
2026-07-02,139.3,139.4,137.6,139,761000,139
2026-07-03,139.2,142.5,138,141.8,1006400,141.8
2026-07-06,141.8,142,137.7,140.6,965100,140.6
2026-07-07,140,140,138.6,139.7,818200,139.7
2026-07-08,139,139,137.2,138.9,861400,138.9
2026-07-09,137.5,139,137.1,139,884700,139
2026-07-10,138,138,137.1,138,750900,138
2026-07-13,136.8,137.5,128.4,134.4,967500,134.4
2026-07-14,133,133.9,130.9,133.3,925900,133.3
2026-07-15,133.3,133.3,129.1,129.7,920100,129.7
2026-07-16,130,132.8,129.8,132.5,932800,132.5
2026-07-17,132,132,129.7,131.3,980200,131.3
2026-07-20,131,134.6,128.2,132,1110400,132
2026-07-21,130.6,132,130.2,130.8,847200,130.8
2026-07-22,130.8,131.6,126,126,1263300,126
2026-07-23,127,130,126.2,127.6,1204100,127.6
2026-07-24,125.8,127.4,124.5,127.4,828800,127.4
2026-07-27,127,129.5,124.2,126,1058500,126
2026-07-28,125.5,127,123.3,123.4,969700,123.4
2026-07-29,122.2,125.5,118.1,125.5,1334100,125.5
2026-07-30,125,126.5,123.2,124.2,1067400,124.2
2026-07-31,124.4,126.5,123.6,125,1446000,125
2026-08-03,125.1,127,123.7,126.6,1080700,126.6
2026-08-04,126.6,126.6,124.3,126.5,1546500,126.5
2026-08-05,126.8,128,125.3,126.1,1604300,126.1
