date,open,high,low,close,volume,close_raw
2006-01-19,2.0246,2.0246,2.0246,2.025,109350,53
2006-01-20,2.101,2.101,2.0628,2.0632,157840,54
2006-01-23,2.0628,2.0628,2.0055,2.0059,81400,52.5
2006-01-24,2.0055,2.0055,1.9864,1.9868,66000,52
2006-01-25,1.9864,2.0246,1.9864,2.025,57220,53
2006-01-26,2.0437,2.0437,2.0437,2.0441,18750,53.5
2006-01-27,2.0246,2.0246,2.0246,2.025,25630,53
2006-02-06,2.0246,2.0246,2.0246,2.025,25190,53
2006-02-07,2.0628,2.0628,2.0628,2.0632,138720,54
2006-02-08,2.101,2.101,2.101,2.1015,159300,55
2006-02-09,2.101,2.101,2.101,2.1015,153580,55
2006-02-10,2.0628,2.101,2.0628,2.1015,128650,55
2006-02-13,2.101,2.101,2.101,2.1015,153670,55
2006-02-14,2.101,2.101,2.101,2.1015,113260,55
2006-02-15,2.101,2.101,2.0819,2.0824,132600,54.5
2006-02-16,2.101,2.101,2.101,2.1015,184290,55
2006-02-17,2.1392,2.1965,2.1392,2.197,128090,57.5
2006-02-20,2.292,2.292,2.292,2.2925,62050,60
2006-02-21,2.4066,2.4066,2.4066,2.4071,101970,63
2006-02-22,2.483,2.483,2.4066,2.4071,264890,63
2006-02-23,2.4448,2.4448,2.4448,2.4453,130490,64
2006-02-24,2.4639,2.4639,2.4639,2.4644,90480,64.5
2006-02-27,2.483,2.5021,2.483,2.5026,162140,65.5
2006-02-28,2.5212,2.6167,2.5212,2.6173,164820,68.5
2006-03-01,2.7313,2.7313,2.7122,2.7128,164480,71
2006-03-02,2.7313,2.7504,2.7313,2.751,222520,72
2006-03-03,2.7122,2.7122,2.6167,2.6173,227880,68.5
2006-03-06,2.5976,2.674,2.5976,2.6746,200050,70
2006-03-07,2.674,2.674,2.674,2.6746,129210,70
2006-03-08,2.6358,2.6358,2.5976,2.5982,163660,68
2006-03-09,2.6358,2.6358,2.6167,2.6173,206310,68.5
2006-03-10,2.6358,2.6358,2.6167,2.6173,125760,68.5
2006-03-13,2.674,2.674,2.674,2.6746,257130,70
2006-03-14,2.6931,2.7122,2.6931,2.7128,223540,71
2006-03-15,2.7122,2.7122,2.6358,2.6364,201720,69
2006-03-16,2.7122,2.7122,2.674,2.6746,171110,70
2006-03-17,2.674,2.7122,2.674,2.7128,189800,71
2006-03-20,2.7122,2.7504,2.7122,2.751,320020,72
2006-03-21,2.7886,2.8077,2.7886,2.8083,266040,73.5
2006-03-22,2.865,2.865,2.8077,2.8083,173010,73.5
2006-03-23,2.8268,2.8459,2.8268,2.8465,181330,74.5
2006-03-24,2.8459,2.8459,2.8268,2.8274,137520,74
2006-03-27,2.8459,2.8459,2.8459,2.8465,167410,74.5
2006-03-28,2.8459,2.8459,2.8459,2.8465,130790,74.5
2006-03-29,2.865,2.9223,2.865,2.9229,284640,76.5
2006-03-30,3.056,3.056,3.056,3.0567,184200,80
2006-03-31,3.1324,3.1324,3.0942,3.0949,171770,81
2006-04-03,3.2088,3.247,3.2088,3.2477,259620,85
2006-04-04,3.3616,3.3616,3.0942,3.0949,242500,81
2006-04-05,3.247,3.247,3.247,3.2477,191790,85
2006-04-06,3.3234,3.3234,3.3234,3.3241,234410,87
2006-04-07,3.3998,3.438,3.3998,3.4387,276750,90
2006-04-10,3.4953,3.4953,3.3998,3.4005,190930,89
2006-04-11,3.3616,3.3616,3.3043,3.305,152780,86.5
2006-04-12,3.3616,3.3998,3.3616,3.4005,134540,89
2006-04-13,3.438,3.4762,3.438,3.477,182010,91
2006-04-14,3.4762,3.4762,3.438,3.4387,135270,90
2006-04-17,3.438,3.438,3.438,3.4387,162080,90
2006-04-18,3.4762,3.4762,3.4762,3.477,183230,91
2006-04-19,3.5144,3.5144,3.4762,3.477,195960,91
2006-04-20,3.4762,3.4762,3.4762,3.477,130410,91
2006-04-21,3.6481,3.6481,3.6481,3.6489,378460,95.5
2006-04-24,3.82,3.82,3.82,3.8208,202190,100
2006-04-25,3.9728,3.9728,3.8964,3.8972,387490,102
2006-04-26,3.7436,3.7436,3.7436,3.7444,282180,98
2006-04-27,3.7436,3.7436,3.5717,3.5725,371490,93.5
2006-04-28,3.5526,3.5717,3.5526,3.5725,420830,93.5
2006-05-03,3.7054,3.7054,3.7054,3.7062,132570,97
2006-05-04,3.6672,3.6672,3.629,3.6298,217800,95
2006-05-05,3.629,3.629,3.5526,3.5534,272950,93
2006-05-08,3.5526,3.5526,3.438,3.4387,217830,90
2006-05-09,3.2661,3.2661,3.2661,3.2668,421900,85.5
2006-05-10,3.1133,3.1133,3.1133,3.114,360820,81.5
2006-05-11,3.2661,3.2661,3.2661,3.2668,393040,85.5
2006-05-12,3.4189,3.4189,3.4189,3.4196,60420,89.5
2006-05-15,3.5717,3.5717,3.5717,3.5725,133080,93.5
2006-05-16,3.4762,3.4762,3.3998,3.4005,340760,89
2006-05-17,3.4762,3.4762,3.4571,3.4579,191180,90.5
2006-05-18,3.4189,3.4189,3.4189,3.4196,112310,89.5
2006-05-19,3.3616,3.3998,3.3616,3.4005,137010,89
2006-05-22,3.3998,3.3998,3.3616,3.3623,122780,88
2006-05-23,3.2852,3.2852,3.2852,3.2859,122020,86
2006-05-24,3.3616,3.438,3.3616,3.4387,122100,90
2006-05-25,3.3616,3.3616,3.3234,3.3241,127620,87
2006-05-26,3.3616,3.3616,3.3234,3.3623,105180,88
2006-05-29,3.3234,3.3234,3.3234,3.3241,105830,87
2006-05-30,3.2852,3.2852,3.2852,3.2859,227310,86
2006-05-31,3.3616,3.3998,3.3616,3.4005,196540,89
2006-06-01,3.3998,3.3998,3.3616,3.3623,61330,88
2006-06-02,3.3616,3.3616,3.3616,3.3623,63670,88
2006-06-05,3.3998,3.3998,3.3998,3.4005,90560,89
2006-06-06,3.4189,3.4189,3.3998,3.4005,117690,89
2006-06-07,3.3807,3.3807,3.3616,3.3623,67020,88
2006-06-08,3.3616,3.3807,3.3616,3.3814,70020,88.5
2006-06-09,3.4189,3.4189,3.3998,3.4005,140600,89
2006-06-12,3.3616,3.3616,3.3616,3.3623,29670,88
2006-06-13,3.3616,3.3616,3.3425,3.3432,85330,87.5
2006-06-14,3.3425,3.3425,3.3234,3.3241,62490,87
2006-06-15,3.3043,3.3043,3.3043,3.305,54860,86.5
2006-06-16,3.247,3.247,3.2088,3.2095,215160,84
2006-06-19,3.1897,3.1897,3.1706,3.1713,107900,83
2006-06-20,3.1515,3.1515,3.056,3.0567,143160,80
2006-06-21,2.9796,2.9796,2.9414,2.942,590790,77
2006-06-22,3.056,3.0751,3.056,3.0758,195510,80.5
2006-06-23,3.1133,3.1133,3.056,3.0758,168260,80.5
2006-06-26,3.0369,3.056,3.0369,3.0376,105820,79.5
2006-06-27,2.9987,3.0178,2.9987,3.0185,134560,79
2006-06-28,3.0178,3.056,3.0178,3.0567,93070,80
2006-06-29,3.056,3.0942,3.056,3.0949,178890,81
2006-06-30,3.0942,3.0942,3.0751,3.0949,364050,81
2006-07-03,3.056,3.0751,3.056,3.0567,53410,80
2006-07-04,3.0369,3.0369,3.0178,3.0185,55320,79
2006-07-05,3.0178,3.0178,3.0178,3.0185,38160,79
2006-07-06,2.9987,3.056,2.9987,3.0567,43990,80
2006-07-07,3.056,3.056,3.056,3.0567,61580,80
2006-07-10,3.056,3.056,3.0178,3.0185,50220,79
2006-07-11,3.0178,3.0369,3.0178,3.0185,74950,79
2006-07-12,3.0178,3.0178,2.9987,2.9994,55640,78.5
2006-07-13,2.9987,2.9987,2.9987,2.9994,68140,78.5
2006-07-14,2.9987,2.9987,2.9987,2.9994,43290,78.5
2006-07-17,2.9032,2.9414,2.9032,2.942,49640,77
2006-07-18,2.9414,2.9414,2.8841,2.8847,65390,75.5
2006-07-19,2.8459,2.8459,2.7695,2.7701,170020,72.5
2006-07-20,2.7504,2.9032,2.7504,2.9038,137880,76
2006-07-21,2.9223,2.9223,2.8268,2.8274,109890,74
2006-07-24,2.7695,2.7695,2.7695,2.7701,121480,72.5
2006-07-25,2.6931,2.6931,2.6358,2.6364,224750,69
2006-07-26,2.6167,2.6358,2.6167,2.6364,125710,69
2006-07-27,2.6358,2.674,2.6358,2.6746,123040,70
2006-07-28,2.674,2.674,2.674,2.6746,117800,70
2006-07-31,2.674,2.674,2.5785,2.5791,92100,67.5
2006-08-01,2.5212,2.5212,2.483,2.4835,161900,65
2006-08-02,2.3875,2.5212,2.3875,2.5217,135090,66
2006-08-03,2.5785,2.6358,2.5785,2.6364,122010,69
2006-08-04,2.7504,2.7504,2.7504,2.751,231190,72
2006-08-07,2.7504,2.7504,2.7504,2.6555,152230,69.5
2006-08-08,2.7122,2.7504,2.7122,2.751,136030,72
2006-08-09,2.7695,2.7695,2.7695,2.7701,135820,72.5
2006-08-10,2.7504,2.7695,2.7504,2.7701,69590,72.5
2006-08-11,2.7886,2.8268,2.7886,2.8274,115900,74
2006-08-14,2.9223,2.9605,2.9223,2.9611,178860,77.5
2006-08-15,2.9796,2.9796,2.9605,2.9611,203640,77.5
2006-08-16,3.0178,3.0942,3.0178,3.0949,316830,81
2006-08-17,3.1897,3.1897,3.1706,3.1713,349110,83
2006-08-18,3.1706,3.1706,3.1706,3.1713,414570,83
2006-08-21,3.1706,3.1706,3.1515,3.1522,146890,82.5
2006-08-22,3.0942,3.0942,3.0751,3.0758,326890,80.5
2006-08-23,3.056,3.1133,3.056,3.114,130680,81.5
2006-08-24,3.1324,3.1324,3.1133,3.114,90080,81.5
2006-08-25,3.0942,3.0942,3.0942,3.0949,92150,81
2006-08-28,3.0751,3.1324,3.0751,3.1331,70440,82
2006-08-29,3.1515,3.1515,3.1324,3.1522,114240,82.5
2006-08-30,3.1706,3.1706,3.1706,3.1713,147020,83
2006-08-31,3.1706,3.1706,3.1515,3.1522,126760,82.5
2006-09-01,3.1515,3.1515,3.1515,3.1522,112280,82.5
2006-09-05,3.1706,3.2088,3.1706,3.2095,196580,84
2006-09-06,3.247,3.247,3.1706,3.1713,140680,83
2006-09-07,3.1515,3.1515,3.1515,3.1522,53540,82.5
2006-09-08,3.1324,3.1515,3.1324,3.1522,108490,82.5
2006-09-11,3.1515,3.1515,3.1324,3.1331,69280,82
2006-09-12,3.0942,3.0942,3.0942,3.0949,90600,81
2006-09-13,3.056,3.1133,3.056,3.114,50360,81.5
2006-09-14,3.1133,3.1133,3.0751,3.0758,86840,80.5
2006-09-15,3.0942,3.0942,3.0942,3.0949,59480,81
2006-09-18,3.0942,3.1133,3.0942,3.114,55650,81.5
2006-09-19,3.1706,3.1706,3.1706,3.1713,157050,83
2006-09-20,3.2088,3.2088,3.1515,3.1522,129200,82.5
2006-09-21,3.1515,3.1515,3.1324,3.1331,38600,82
2006-09-22,3.1324,3.1324,3.1324,3.1331,59750,82
2006-09-25,3.1324,3.1324,3.1324,3.1331,82260,82
2006-09-26,3.1324,3.1324,3.1324,3.1522,123560,82.5
2006-09-27,3.1706,3.1706,3.1515,3.1522,111160,82.5
2006-09-28,3.1515,3.1706,3.1515,3.1713,86250,83
2006-09-29,3.2088,3.2088,3.1706,3.1713,256120,83
2006-10-02,3.1706,3.1706,3.1515,3.1522,136240,82.5
2006-10-03,3.1706,3.1706,3.1706,3.1713,178730,83
2006-10-04,3.1706,3.1706,3.1706,3.1713,191980,83
2006-10-05,3.1897,3.1897,3.1706,3.1713,142790,83
2006-10-06,3.1706,3.1706,3.1706,3.1713,49980,83
2006-10-09,3.1706,3.1706,3.1324,3.1331,92120,82
2006-10-10,3.0942,3.0942,3.0751,3.0949,130190,81
2006-10-11,3.056,3.056,3.056,3.0567,128580,80
2006-10-12,3.056,3.056,3.056,3.0567,118920,80
2006-10-13,3.056,3.1133,3.056,3.114,87800,81.5
2006-10-16,3.1133,3.1324,3.1133,3.1331,186630,82
2006-10-17,3.1324,3.1324,3.1324,3.1331,378360,82
2006-10-18,3.1706,3.1706,3.1515,3.1522,165890,82.5
2006-10-19,3.1515,3.1515,3.1324,3.1522,102510,82.5
2006-10-20,3.1706,3.1706,3.1706,3.1713,178250,83
2006-10-23,3.1515,3.1706,3.1515,3.1522,79210,82.5
2006-10-24,3.1515,3.1706,3.1515,3.1522,108650,82.5
2006-10-25,3.1515,3.1515,3.1515,3.1522,110820,82.5
2006-10-26,3.1324,3.1324,3.1324,3.1331,74050,82
2006-10-27,3.1133,3.1133,3.1133,3.114,57150,81.5
2006-10-30,3.0942,3.0942,3.056,3.0758,106850,80.5
2006-10-31,3.0178,3.056,3.0178,3.0567,126780,80
2006-11-01,3.0942,3.1324,3.0942,3.1331,88780,82
2006-11-02,3.1324,3.1324,3.0942,3.0949,63110,81
2006-11-03,3.0751,3.0751,3.0751,3.0758,17410,80.5
2006-11-06,3.0751,3.0751,3.0751,3.0949,30020,81
2006-11-07,3.0942,3.0942,3.0942,3.0949,41630,81
2006-11-08,3.1133,3.1324,3.1133,3.1331,147980,82
2006-11-09,3.1324,3.1324,3.1324,3.1331,135820,82
2006-11-10,3.1897,3.1897,3.1706,3.1713,222840,83
2006-11-13,3.1706,3.1706,3.1706,3.1713,187680,83
2006-11-14,3.3234,3.3234,3.3234,3.3241,227990,87
2006-11-15,3.4762,3.4762,3.4762,3.477,322310,91
2006-11-16,3.4189,3.4571,3.4189,3.4579,621760,90.5
2006-11-17,3.4762,3.5908,3.4762,3.5916,459230,94
2006-11-20,3.7627,3.7627,3.7054,3.7062,563440,97
2006-11-21,3.8009,3.8582,3.8009,3.859,485920,101
2006-11-22,3.8964,3.8964,3.8964,3.8972,392360,102
2006-11-23,4.0874,4.0874,4.0874,4.0883,441920,107
2006-11-24,4.2784,4.2784,4.2784,4.2793,582230,112
2006-11-27,4.4694,4.4694,4.0874,4.0883,227280,107
2006-11-28,4.011,4.011,4.011,4.0119,473350,105
2006-11-29,3.8582,3.8582,3.82,3.859,364480,101
2006-11-30,3.8582,3.8582,3.82,4.0501,178150,106
2006-12-01,4.0492,4.0492,4.011,4.0119,188410,105
2006-12-04,4.0492,4.0492,4.011,4.1265,256710,108
2006-12-05,4.1638,4.202,4.1638,4.2029,180310,110
2006-12-06,4.3548,4.393,4.3548,4.394,515800,115
2006-12-07,4.584,4.584,4.584,4.585,204350,120
2006-12-08,4.8132,4.8132,4.8132,4.8142,107230,126
2006-12-11,5.0424,5.0424,5.0424,5.0435,129570,132
2006-12-12,5.2716,5.2716,5.0806,5.0817,518940,133
2006-12-13,5.3098,5.3098,5.3098,5.311,716990,139
2006-12-14,5.539,5.539,5.3098,5.311,687590,139
2006-12-15,5.2334,5.2334,5.1952,5.1963,315520,136
2006-12-18,5.1952,5.1952,5.0042,5.0053,508320,131
2006-12-19,5.0042,5.1188,5.0042,5.1199,394200,134
2006-12-20,5.157,5.157,5.1188,5.1199,377920,134
2006-12-21,5.1188,5.1188,4.8896,4.8907,428770,128
2006-12-22,4.6604,4.6604,4.6604,4.6614,178830,122
2006-12-25,4.4312,4.584,4.4312,4.585,534840,120
2006-12-26,4.5076,4.775,4.5076,4.776,358820,125
2006-12-27,4.8896,4.8896,4.584,4.585,220640,120
2006-12-28,4.7368,4.7368,4.7368,4.7378,325280,124
2006-12-29,4.7368,4.775,4.7368,4.776,145970,125
2007-01-02,4.775,4.8132,4.775,4.776,203280,125
2007-01-03,5.0042,5.0042,4.9278,5.0053,246270,131
2007-01-04,5.2334,5.2334,5.2334,5.2345,639430,137
2007-01-05,5.4626,5.4626,5.4626,5.4638,632890,143
2007-01-08,5.73,5.73,5.4626,5.4638,651110,143
2007-01-09,5.73,5.73,5.73,5.7312,439530,150
2007-01-10,5.9974,5.9974,5.9974,5.9987,329410,157
2007-01-11,6.2648,6.2648,6.2648,6.2662,283110,164
2007-01-12,6.5704,6.5704,6.5704,6.5718,452040,172
2007-01-15,6.876,6.876,6.876,6.8775,280140,180
2007-01-16,7.2198,7.2198,7.2198,7.2214,210990,189
2007-01-17,7.5636,7.5636,6.876,6.8775,746180,180
2007-01-18,6.5322,7.067,6.5322,7.0685,1006310,185
2007-01-19,7.4108,7.4108,7.4108,7.4124,849060,194
2007-01-22,7.7164,7.6782,7.067,7.0685,478710,185
2007-01-23,7.067,7.067,7.067,7.0685,562420,185
2007-01-24,7.067,7.067,6.7232,6.7247,393000,176
2007-01-25,6.4176,6.4176,6.4176,6.419,346630,168
2007-01-26,6.4176,6.112,6.112,6.1133,1281380,160
2007-01-29,6.4176,6.4176,6.3794,6.419,458160,168
2007-01-30,6.7232,6.7232,6.7232,6.7247,176850,176
2007-01-31,6.7134,7.035,7.035,7.0406,313460,175
2007-02-01,7.035,7.3566,7.3566,7.3624,1619550,183
2007-02-02,7.3566,7.7184,7.7184,7.7245,623160,192
2007-02-05,7.3566,7.7586,7.3566,7.3624,569920,183
2007-02-06,7.7184,7.7184,7.5576,7.7245,264770,192
2007-02-07,8.04,8.04,7.7184,8.0464,384400,200
2007-02-08,7.638,7.638,7.638,7.6441,131790,190
2007-02-09,7.2762,7.2762,7.2762,7.282,165450,181
2007-02-12,7.2762,7.5576,7.2762,7.5636,583280,188
2007-02-13,7.9194,7.9194,7.9194,7.9257,561220,197
2007-02-14,7.6782,7.839,7.6782,7.6843,128220,191
2007-02-15,7.7586,7.7586,7.3566,7.7648,455620,193
2007-02-26,8.1204,8.1204,8.1204,8.1269,660320,202
2007-02-27,8.5224,8.5224,8.5224,8.5292,255800,212
2007-02-28,8.1204,8.241,8.1204,8.1269,389060,202
2007-03-01,7.9596,8.442,7.9194,7.9659,387460,198
2007-03-02,7.9596,8.04,7.9596,8.0464,346450,200
2007-03-05,8.1204,8.1204,8.04,8.1269,464150,202
2007-03-06,7.839,7.839,7.7184,7.8452,802040,195
2007-03-07,7.7184,7.7184,7.5978,7.6038,526470,189
2007-03-08,7.5978,7.839,7.5978,7.6441,466100,190
2007-03-09,7.9998,7.9998,7.839,7.8452,209610,195
2007-03-12,8.04,8.04,7.9596,7.9659,190230,198
2007-03-13,7.638,7.9596,7.638,7.6441,278110,190
2007-03-14,7.4772,7.638,7.2762,7.4831,227810,186
2007-03-15,7.4772,7.4772,7.1154,7.1211,307740,177
2007-03-16,7.437,7.437,7.437,7.4429,84890,185
2007-03-19,7.7184,7.7184,7.6782,7.7245,246400,192
2007-03-20,7.4772,7.638,7.437,7.5234,204210,187
2007-03-21,7.437,7.4772,7.437,7.4831,239740,186
2007-03-22,7.3164,7.3164,7.236,7.2418,188980,180
2007-03-23,7.3164,7.3164,7.236,7.2418,175360,180
2007-03-26,7.236,7.236,7.0752,7.2418,229240,180
2007-03-27,7.3164,7.3164,7.236,7.2418,242890,180
2007-03-28,7.0752,7.1556,7.0752,7.1613,186060,178
2007-03-29,7.236,7.437,7.236,7.4429,214910,185
2007-03-30,7.437,7.437,7.3968,7.4027,266500,184
2007-04-02,7.3968,7.3968,7.236,7.2418,118610,180
2007-04-03,7.0752,7.0752,7.0752,7.0808,89630,176
2007-04-04,7.0752,7.3566,7.0752,7.3624,98280,183
2007-04-05,7.437,7.437,7.3566,7.3624,220230,183
2007-04-06,7.236,7.236,7.236,7.2418,46670,180
2007-04-09,7.236,7.236,7.1958,7.2015,21600,179
2007-04-10,7.1958,7.236,7.1958,7.2418,89150,180
2007-04-11,7.236,7.236,7.236,7.2418,83730,180
2007-04-12,7.1154,7.236,7.1154,7.2015,117460,179
2007-04-13,7.1958,7.1958,7.1556,7.1613,161730,178
2007-04-16,7.035,7.035,6.834,6.8394,165380,170
2007-04-17,6.834,6.8742,6.834,6.8797,175340,171
2007-04-18,7.035,7.1958,7.035,7.2015,85620,179
2007-04-19,7.236,7.236,7.1958,7.2015,201700,179
2007-04-20,7.1556,7.1556,6.9144,6.9199,183990,172
2007-04-23,6.834,6.8742,6.7938,6.7992,232660,169
2007-04-24,6.633,6.633,6.4722,6.4773,193310,161
2007-04-25,6.4722,6.7938,6.4722,6.7992,248610,169
2007-05-02,6.834,7.0752,6.834,7.0808,238770,176
2007-05-03,7.1154,7.1958,7.0752,7.0808,260700,176
2007-05-04,7.1958,7.236,7.1958,7.2418,220510,180
2007-05-07,7.4772,7.5978,7.4772,7.5636,323040,188
2007-05-08,7.8792,7.8792,7.7988,7.805,399770,194
2007-05-09,7.7988,7.8792,7.7988,7.805,465430,194
2007-05-10,7.7184,7.7988,7.7184,7.7245,210130,192
2007-05-11,7.5576,7.5978,7.5576,7.5636,133620,188
2007-05-14,7.5576,7.5576,7.4772,7.4831,182020,186
2007-05-15,7.5576,7.5576,7.3566,7.3624,220620,183
2007-05-16,7.236,7.236,7.1154,7.1211,380320,177
2007-05-17,7.2762,7.437,7.2762,7.4429,188690,185
2007-05-18,7.437,7.638,7.437,7.6441,160590,190
2007-05-21,7.638,7.6782,7.638,7.6843,228820,191
2007-05-22,7.7184,7.7184,7.6782,7.7245,280050,192
2007-05-23,7.7184,7.7586,7.7184,7.7648,335350,193
2007-05-24,7.5576,7.638,7.5576,7.5636,63010,188
2007-05-25,7.437,7.4772,7.437,7.4831,144660,186
2007-05-28,7.839,7.839,7.5576,7.5636,186670,188
2007-05-29,7.5576,7.5576,7.5576,7.5636,118270,188
2007-05-30,7.437,7.4772,7.437,7.4429,90730,185
2007-05-31,7.5576,7.5576,7.437,7.4429,176510,185
2007-06-01,7.5576,7.5576,7.5576,7.5636,175210,188
2007-06-04,7.5576,7.5576,7.5576,7.5636,132720,188
2007-06-05,7.5576,7.5576,7.437,7.4429,80530,185
2007-06-06,7.3164,7.3968,7.3164,7.4027,142080,184
2007-06-07,7.236,7.3968,7.236,7.4027,118920,184
2007-06-08,7.2762,7.5576,7.2762,7.5636,158090,188
2007-06-11,7.236,7.3968,7.236,7.4027,102410,184
2007-06-12,7.1958,7.3566,7.1958,7.3624,109220,183
2007-06-13,7.437,7.437,7.437,7.4429,72890,185
2007-06-14,7.437,7.437,7.437,7.4429,120210,185
2007-06-15,7.437,7.4772,7.437,7.4831,140170,186
2007-06-18,7.236,7.4772,7.236,7.4831,275040,186
2007-06-19,7.4772,7.4772,7.437,7.4429,122990,185
2007-06-20,7.437,7.437,7.3566,7.3624,74050,183
2007-06-21,7.2762,7.3164,7.2762,7.3222,75870,182
2007-06-22,7.3968,7.437,7.3164,7.4027,105360,184
2007-06-25,7.5174,7.4772,7.3968,7.4027,88810,184
2007-06-26,7.437,7.437,7.3968,7.4027,89890,184
2007-06-27,7.4704,7.4704,7.308,7.3171,166410,180
2007-06-28,7.308,7.308,7.2674,7.3171,82870,180
2007-06-29,7.308,7.308,7.308,7.3171,65620,180
2007-07-02,7.2268,7.2268,7.105,7.1139,78840,175
2007-07-03,6.9832,6.9832,6.902,6.9513,153330,171
2007-07-04,7.1862,7.2674,7.1862,7.2765,28390,179
2007-07-05,7.308,0.743,7.308,7.4391,307040,183
2007-07-06,7.3486,7.3486,7.2674,7.3171,159250,180
2007-07-09,7.2674,7.308,7.2268,7.3171,148220,180
2007-07-10,7.4298,7.4298,7.4298,7.4391,108210,183
2007-07-11,7.4298,7.4298,7.4298,7.4391,100490,183
2007-07-12,7.3486,7.3892,7.3486,7.3984,48520,182
2007-07-13,7.3486,7.3486,7.308,7.3171,59480,180
2007-07-16,7.308,7.308,7.2268,7.2765,126740,179
2007-07-17,7.2268,7.2268,7.2268,7.2358,129760,178
2007-07-18,7.2268,7.2268,7.2268,7.2358,58160,178
2007-07-19,7.2268,7.2268,7.1862,7.1952,47610,177
2007-07-20,7.1456,7.1456,7.1456,7.1545,18340,176
2007-07-23,7.0238,7.2268,7.0238,7.2358,58360,178
2007-07-24,7.2268,7.308,7.2268,7.3171,138480,180
2007-07-25,7.2268,7.308,7.2268,7.3171,140080,180
2007-07-26,7.308,7.308,7.2268,7.2358,75290,178
2007-07-27,7.1456,7.1456,6.9832,6.9919,58010,172
2007-07-30,7.105,7.2268,6.9832,7.1952,91880,177
2007-07-31,7.0644,7.2268,6.8614,7.2358,177480,178
2007-08-01,7.105,7.2268,7.105,7.1952,194280,177
2007-08-02,7.105,7.105,7.0644,7.1139,98310,175
2007-08-03,7.0644,7.0644,6.9832,6.9919,60620,172
2007-08-06,7.0238,7.0238,6.902,6.9106,41750,170
2007-08-07,6.902,6.9832,6.699,6.7074,122520,165
2007-08-08,6.699,6.902,6.699,6.7887,116730,167
2007-08-09,6.9832,7.0238,6.9832,6.9919,77200,172
2007-08-10,6.9832,6.9832,6.8208,6.9919,70360,172
2007-08-13,6.902,6.902,6.8208,6.8293,82070,168
2007-08-14,6.8208,6.902,6.8208,6.87,97410,169
2007-08-15,6.8614,6.8614,6.7802,6.8293,105970,168
2007-08-16,6.7396,6.8208,6.699,6.7074,153860,165
2007-08-17,6.699,6.699,6.6178,6.6667,129510,164
2007-08-20,6.496,6.6178,6.496,6.6261,180820,163
2007-08-21,6.6178,6.699,6.6178,6.7074,117870,165
2007-08-22,6.7396,6.8208,6.6584,6.6667,135660,164
2007-08-23,6.6584,6.6584,6.6178,6.6667,37520,164
2007-08-24,6.699,6.699,6.6584,6.6667,74860,164
2007-08-27,6.6178,6.699,6.6178,6.7074,116230,165
2007-08-28,6.6178,6.6584,6.5772,6.6261,120650,163
2007-08-29,6.5772,6.5772,6.5366,6.5854,72550,162
2007-08-30,6.5772,6.5772,6.496,6.5854,210440,162
2007-08-31,6.5772,6.5772,6.496,6.5041,285630,160
2007-09-04,6.5366,6.6584,6.5366,6.6667,228820,164
2007-09-05,6.6584,6.6584,6.4554,6.4635,243060,159
2007-09-06,6.4554,6.5366,6.4554,6.5041,125960,160
2007-09-07,6.5366,6.5772,6.5366,6.5854,176010,162
2007-09-10,6.6178,6.6178,6.496,6.5041,107400,160
2007-09-11,6.5366,6.5772,6.496,6.5448,46810,161
2007-09-12,6.5772,6.6178,6.5366,6.5448,71030,161
2007-09-13,6.5366,6.5772,6.5366,6.5854,35010,162
2007-09-14,6.6178,6.699,6.5772,6.7074,175130,165
2007-09-17,6.699,6.7396,6.6584,6.748,106560,166
2007-09-18,6.699,6.7396,6.6584,6.748,83590,166
2007-09-19,6.7802,6.7802,6.699,6.748,102640,166
2007-09-20,6.7802,6.8208,6.7396,6.8293,97500,168
2007-09-21,6.7802,6.8208,6.699,6.748,71420,166
2007-09-24,6.7396,6.8208,6.699,6.8293,101360,168
2007-09-25,6.9832,7.105,6.902,7.1139,277700,175
2007-09-26,7.105,7.2268,6.9832,7.0326,63920,173
2007-09-27,7.2268,7.2268,7.0238,7.0732,151670,174
2007-09-28,7.1862,7.3892,7.0644,7.3984,293400,182
2007-10-01,7.3892,7.7546,7.2674,7.7643,454320,191
2007-10-02,7.917,7.917,7.3892,7.9269,417320,195
2007-10-03,7.917,8.12,7.7952,8.0488,271790,198
2007-10-04,8.12,8.12,7.7546,7.7643,344030,191
2007-10-05,7.6328,7.7546,7.5516,7.6017,170330,187
2007-10-08,7.5922,7.6734,7.5516,7.6017,74250,187
2007-10-09,7.5922,7.6734,7.5922,7.683,83140,189
2007-10-10,7.9576,7.9576,7.7952,7.8862,181920,194
2007-10-11,7.7952,7.8358,7.7546,7.7643,58850,191
2007-10-12,7.7952,7.917,7.714,7.9269,149030,195
2007-10-15,7.917,7.917,7.8358,7.8862,29500,194
2007-10-16,7.8764,7.917,7.7546,7.8862,57050,194
2007-10-17,7.714,7.8358,7.714,7.8456,21320,193
2007-10-18,7.8358,7.8764,7.7546,7.8862,134820,194
2007-10-19,7.6328,7.714,7.6328,7.7236,80890,190
2007-10-22,7.714,7.714,7.511,7.5204,103380,185
2007-10-23,7.511,7.8764,7.308,7.3984,218200,182
2007-10-24,7.3486,7.6328,7.3486,7.6423,80030,188
2007-10-25,7.6734,7.6734,7.4298,7.6423,98710,188
2007-10-26,7.6328,7.714,7.6328,7.7236,61180,190
2007-10-29,7.4704,7.6734,7.3486,7.3578,134250,181
2007-10-30,7.4298,7.6734,7.4298,7.683,214790,189
2007-10-31,7.4298,7.5922,7.4298,7.4797,71900,184
2007-11-01,7.4704,7.511,7.3486,7.4797,109230,184
2007-11-02,7.714,7.714,7.5516,7.561,116140,186
2007-11-05,7.1862,7.4704,7.1862,7.2358,309820,178
2007-11-06,7.2268,7.308,7.1456,7.1545,115160,176
2007-11-07,7.308,7.308,7.2268,7.2358,49680,178
2007-11-08,7.308,7.308,7.2674,7.3171,16150,180
2007-11-09,7.2268,7.308,7.1862,7.3171,44670,180
2007-11-12,7.308,7.308,7.2268,7.2358,67980,178
2007-11-13,7.105,7.105,6.902,6.9106,94980,170
2007-11-14,6.902,7.105,6.699,6.7074,464180,165
2007-11-15,7.0238,7.0238,6.9426,7.0326,76390,173
2007-11-16,7.105,7.105,7.0644,7.1139,55270,175
2007-11-19,7.105,7.2268,7.105,7.2358,64370,178
2007-11-20,6.9832,7.105,6.9832,7.0326,129990,173
2007-11-21,6.9426,7.0238,6.902,6.9106,67560,170
2007-11-22,6.9426,6.9426,6.902,6.9106,155290,170
2007-11-23,6.9426,6.9426,6.8614,6.9106,86180,170
2007-11-26,6.902,7.0238,6.8614,6.9919,52680,172
2007-11-27,7.105,7.105,7.0238,7.0732,225130,174
2007-11-28,7.0238,7.0644,6.902,6.9106,129280,170
2007-11-29,6.8614,6.9832,6.8614,6.87,127600,169
2007-11-30,6.699,6.8614,6.699,6.748,287810,166
2007-12-03,6.7396,7.0238,6.7396,7.0326,68250,173
2007-12-04,7.0238,7.0644,6.9832,7.0326,83130,173
2007-12-05,6.9426,6.9426,6.902,6.9106,21380,170
2007-12-06,6.8614,6.9832,6.8208,6.9919,165040,172
2007-12-07,6.902,6.9832,6.902,6.9513,33870,171
2007-12-10,6.902,6.9426,6.8208,6.9106,24290,170
2007-12-11,6.902,6.902,6.7802,6.7887,20810,167
2007-12-12,6.7396,6.8614,6.7396,6.7887,108660,167
2007-12-13,6.7802,6.7802,6.7396,6.748,40510,166
2007-12-14,6.6584,6.7396,6.6178,6.6261,98860,163
2007-12-17,6.6178,6.699,6.5772,6.6261,88160,163
2007-12-18,6.5772,6.699,6.5772,6.7074,76480,165
2007-12-19,6.8614,6.902,6.8208,6.9106,55480,170
2007-12-20,6.8614,6.8614,6.7802,6.7887,45490,167
2007-12-21,6.8614,6.8614,6.7802,6.87,68270,169
2007-12-24,6.8614,6.902,6.8208,6.8293,33640,168
2007-12-25,6.8208,6.8614,6.7802,6.8293,36590,168
2007-12-26,6.8614,6.8614,6.7802,6.87,33860,169
2007-12-27,6.699,6.8208,6.699,6.7887,20350,167
2007-12-28,6.699,6.7396,6.699,6.748,63220,166
2008-01-02,6.699,6.7396,6.699,6.7074,41550,165
2008-01-03,6.699,6.7396,6.6584,6.6667,128280,164
2008-01-04,6.5772,6.6178,6.5772,6.5854,98260,162
2008-01-07,6.7396,6.7396,6.6178,6.748,84440,166
2008-01-08,6.8208,6.8208,6.6584,6.748,39660,166
2008-01-09,6.699,6.699,6.6178,6.6261,21300,163
2008-01-10,6.3336,6.496,6.293,6.3009,201610,155
2008-01-11,6.4554,6.5366,6.3742,6.3822,60840,157
2008-01-14,6.496,6.496,6.3336,6.3415,58930,156
2008-01-15,6.2118,6.2118,6.0494,6.0569,87910,149
2008-01-16,6.3336,6.3336,6.293,6.3415,257260,156
2008-01-17,6.3336,6.3336,6.1306,6.1383,177790,151
2008-01-18,6.1306,6.2524,6.1306,6.2196,37410,153
2008-01-21,6.2524,6.2524,6.09,6.0976,40040,150
2008-01-22,5.8464,5.9276,5.8058,5.813,244440,143
2008-01-23,5.5216,5.5216,5.5216,5.5285,177470,136
2008-01-24,5.5216,5.6434,5.278,5.2846,151700,130
2008-01-25,5.3998,5.5216,5.1562,5.5285,95270,136
2008-01-28,5.6028,5.6028,5.5622,5.6098,187010,138
2008-01-29,5.6434,5.8058,5.6028,5.813,173310,143
2008-01-30,6.09,6.09,5.5216,5.5285,410600,136
2008-01-31,5.684,5.7652,5.6434,5.7724,360200,142
2008-02-01,5.9682,5.9682,5.8464,5.8943,140300,145
2008-02-12,5.7652,5.8058,5.6434,5.6911,41680,140
2008-02-13,5.5622,5.6028,5.5216,5.5285,209290,136
2008-02-14,5.6028,5.6434,5.5622,5.6098,100760,138
2008-02-15,5.6028,5.6028,5.5216,5.5691,49070,137
2008-02-18,5.3592,5.481,5.3186,5.3252,148390,131
2008-02-19,5.1968,5.3592,5.1968,5.3252,75200,131
2008-02-20,5.3592,5.3592,5.1156,5.122,102790,126
2008-02-21,4.872,4.9126,4.872,4.8781,282580,120
2008-02-22,4.6284,4.669,4.6284,4.6342,355990,114
2008-02-25,4.8314,4.8314,4.8314,4.8374,84320,119
2008-02-26,5.0344,5.0344,4.872,4.9187,300830,121
2008-02-27,4.872,5.075,4.872,5.0813,107570,125
2008-02-28,4.9532,4.9532,4.9126,4.9594,96730,122
2008-02-29,4.8314,4.872,4.7502,4.7561,147470,117
2008-03-03,4.6284,4.669,4.5472,4.5529,135720,112
2008-03-04,4.3442,4.3848,4.3442,4.3496,145300,107
2008-03-05,4.1412,4.1818,4.1412,4.1464,196540,102
2008-03-06,4.3442,4.3442,4.3442,4.3496,25050,107
2008-03-07,4.5472,4.5472,4.5472,4.5529,21920,112
2008-03-10,4.7502,4.7502,4.7502,4.7561,125410,117
2008-03-11,4.872,4.872,4.7502,4.7968,209560,118
2008-03-12,4.7908,4.9532,4.7908,4.8781,136040,120
2008-03-13,5.0344,5.0344,4.9126,4.9594,174240,122
2008-03-14,4.9532,5.0344,4.872,5,137840,123
2008-03-17,4.8314,4.872,4.7502,4.7561,129340,117
2008-03-18,4.5472,4.5878,4.5472,4.5529,106430,112
2008-03-19,4.5878,4.7502,4.5472,4.6342,84530,114
2008-03-20,4.669,4.7908,4.6284,4.7968,81790,118
2008-03-21,4.7096,4.7502,4.5878,4.5935,96350,113
2008-03-24,4.3848,4.4254,4.3848,4.3903,181500,108
2008-03-25,4.1818,4.1818,4.1818,4.187,146310,103
2008-03-26,4.1818,4.3848,4.1818,4.309,208750,106
2008-03-27,4.3442,4.3442,4.3442,4.3496,6830,107
2008-03-28,4.3848,4.3848,4.3848,4.3903,50560,108
2008-03-31,4.4254,4.4254,4.4254,4.4309,23230,109
2008-04-01,4.466,4.466,4.466,4.4716,800,110
2008-04-02,4.5066,4.5066,4.5066,4.5122,5380,111
2008-04-03,4.5472,4.5472,4.5472,4.5529,1300,112
2008-04-04,4.5878,4.5878,4.5878,4.5935,5400,113
2008-04-07,4.669,4.669,4.669,4.6748,2400,115
2008-04-08,4.7502,4.7502,4.7502,4.7561,139800,117
2008-04-09,4.8314,4.8314,4.8314,4.8374,136790,119
2008-04-10,4.9126,4.9126,4.8314,4.9187,527120,121
2008-04-11,4.9126,4.9938,4.872,5,208280,123
2008-04-16,4.9126,4.9532,4.9126,4.9187,114320,121
2008-04-17,4.8262,4.9898,4.8262,5.0009,86990,122
2008-04-18,5.0716,5.0716,5.0716,5.0829,221110,124
2008-04-21,5.1534,5.1534,5.1534,5.1649,50760,126
2008-04-22,5.2352,5.2352,5.1943,5.2468,121310,128
2008-04-23,5.2761,5.2761,5.1534,5.1649,189200,126
2008-04-24,5.1125,5.2352,5.0716,5.2468,64510,128
2008-04-25,5.2761,5.317,5.2352,5.3288,57160,130
2008-04-28,5.317,5.3988,5.317,5.4108,64040,132
2008-04-29,5.4806,5.4806,5.4806,5.4928,40040,134
2008-05-05,5.5624,5.5624,5.5624,5.5748,208760,136
2008-05-06,5.6033,5.6442,5.5624,5.6567,181970,138
2008-05-07,5.726,5.726,5.5624,5.5748,80640,136
2008-05-08,5.4806,5.4806,5.4806,5.4928,93640,134
2008-05-09,5.3988,5.3988,5.3988,5.4108,18080,132
2008-05-12,5.317,5.317,5.317,5.3288,28170,130
2008-05-13,5.2352,5.2352,5.2352,5.2468,6820,128
2008-05-14,5.1534,5.1534,5.1534,5.1649,3080,126
2008-05-15,5.0716,5.0716,5.0716,5.0829,230,124
2008-05-16,4.9898,4.9898,4.9898,5.0009,102910,122
2008-05-19,4.908,4.908,4.908,4.9189,36280,120
2008-05-20,4.8262,4.8262,4.8262,4.8369,8200,118
2008-05-21,4.7444,4.7444,4.7444,4.7549,12020,116
2008-05-22,4.6626,4.6626,4.6626,4.673,920,114
2008-05-23,4.5808,4.5808,4.5808,4.591,16670,112
2008-05-26,4.499,4.499,4.499,4.509,73400,110
2008-05-30,4.4172,4.4172,4.4172,4.427,4740,108
2008-06-02,4.3354,4.3354,4.3354,4.345,1280,106
2008-06-03,4.2536,4.2536,4.2536,4.2631,5950,104
2008-06-04,4.1718,4.1718,4.1718,4.1811,5610,102
2008-06-05,4.09,4.09,4.09,4.0991,6990,100
2008-06-06,4.0082,4.0082,4.0082,4.0171,20360,98
2008-06-09,3.9469,3.9469,3.9469,3.9556,14330,96.5
2008-06-10,3.8855,3.8855,3.8855,3.8941,180,95
2008-06-11,3.8242,3.8242,3.8242,3.8326,160500,93.5
2008-06-12,3.7628,3.7628,3.7628,3.7712,108920,92
2008-06-13,3.7015,3.8242,3.7015,3.7097,381270,90.5
2008-06-16,3.6401,3.7628,3.6401,3.7712,200800,92
2008-06-17,3.8242,3.8242,3.8242,3.8326,55150,93.5
2008-06-18,3.8855,3.8855,3.8855,3.8941,129760,95
2008-06-19,3.7833,3.7833,3.7833,3.7917,76910,92.5
2008-06-20,3.681,3.681,3.681,3.6892,154500,90
2008-06-23,3.6606,3.7833,3.6606,3.7917,91880,92.5
2008-06-24,3.8855,3.8855,3.8855,3.8941,37440,95
2008-06-25,3.9878,3.9878,3.9878,3.9966,40310,97.5
2008-06-26,4.09,4.09,4.09,4.0991,129730,100
2008-06-27,4.2127,4.2127,4.1309,4.2221,111050,103
2008-06-30,4.3354,4.3354,4.2945,4.345,95500,106
2008-07-01,4.4581,4.4581,4.4581,4.468,26260,109
2008-07-02,4.5808,4.5808,4.5808,4.591,217540,112
2008-07-03,4.7035,4.7035,4.7035,4.714,134410,115
2008-07-04,4.8262,4.8262,4.8262,4.8369,157230,118
2008-07-07,4.9489,4.9489,4.7035,4.714,202790,115
2008-07-08,4.5808,4.7035,4.5808,4.714,129630,115
2008-07-09,4.6217,4.7035,4.5808,4.591,287040,112
2008-07-10,4.7035,4.7035,4.6626,4.714,324490,115
2008-07-11,4.8262,4.8262,4.7853,4.8369,289280,118
2008-07-14,4.8262,4.9489,4.8262,4.9189,130310,120
2008-07-15,5.0307,5.0307,4.9489,5.0419,240460,123
2008-07-16,4.908,4.908,4.908,4.9189,64020,120
2008-07-17,4.7853,4.908,4.7853,4.7959,231120,117
2008-07-18,4.6626,4.6626,4.6626,4.673,54230,114
2008-07-21,4.5399,4.5399,4.5399,4.55,14160,111
2008-07-22,4.4172,4.4172,4.4172,4.427,8650,108
2008-07-23,4.2945,4.2945,4.2945,4.304,2170,105
2008-07-24,4.1718,4.1718,4.1718,4.1811,337350,102
2008-07-25,4.0491,4.0491,4.0491,4.0581,110790,99
2008-07-28,3.9469,4.1309,3.9469,4.1401,277220,101
2008-07-29,4.2536,4.2536,4.2536,4.2631,36580,104
2008-07-30,4.3763,4.3763,4.3763,4.386,171540,107
2008-07-31,4.4581,4.4581,4.3354,4.468,125420,109
2008-08-01,4.3354,4.4172,4.3354,4.345,176370,106
2008-08-04,4.2127,4.2536,4.2127,4.2221,77450,103
2008-08-05,4.09,4.09,4.09,4.0991,36590,100
2008-08-06,4.09,4.2127,4.09,4.2221,232670,103
2008-08-07,4.3354,4.3354,4.2945,4.304,228480,105
2008-08-08,4.2536,4.3354,4.2127,4.2631,80170,104
2008-08-11,4.3763,4.3763,4.2945,4.386,61920,107
2008-08-12,4.499,4.499,4.2536,4.304,105180,105
2008-08-13,4.2536,4.3354,4.2536,4.304,92170,105
2008-08-14,4.2127,4.4172,4.2127,4.427,222630,108
2008-08-15,4.5399,4.5399,4.5399,4.55,73910,111
2008-08-18,4.7495,4.7495,4.6669,4.7568,195120,115
2008-08-19,4.956,4.956,4.6669,4.7154,487020,114
2008-08-20,4.5017,4.7908,4.5017,4.7568,193150,115
2008-08-21,4.7495,4.8321,4.7082,4.8395,258070,117
2008-08-22,4.7495,4.7908,4.7082,4.7154,289380,114
2008-08-25,4.7495,4.9147,4.7495,4.8809,235930,118
2008-08-26,5.0799,5.0799,4.8734,4.8809,538250,118
2008-08-27,4.8321,4.956,4.6669,4.674,321520,113
2008-08-28,4.6669,4.6669,4.543,4.5913,361620,111
2008-08-29,4.3778,4.543,4.3778,4.3845,442750,106
2008-09-03,4.5843,4.5843,4.543,4.5913,312910,111
2008-09-04,4.7908,4.7908,4.7082,4.7981,245590,116
2008-09-05,4.5843,4.7908,4.5843,4.6327,42840,112
2008-09-08,4.4191,4.5017,4.4191,4.4259,68820,107
2008-09-09,4.5017,4.543,4.4191,4.4672,30490,108
2008-09-10,4.5843,4.5843,4.4191,4.5086,55640,109
2008-09-11,4.3365,4.3778,4.2952,4.3018,66470,104
2008-09-12,4.2952,4.3778,4.13,4.219,78650,102
2008-09-15,4.13,4.4191,4.13,4.3018,98130,104
2008-09-16,4.2126,4.2126,4.0887,4.095,88670,99
2008-09-17,3.9235,4.0061,3.9235,3.9295,75180,95
2008-09-18,3.7377,3.7583,3.7377,3.7434,164910,90.5
2008-09-19,3.9235,3.9235,3.9029,3.9295,104930,95
2008-09-22,4.1094,4.1094,4.1094,4.1156,31520,99.5
2008-09-23,3.9235,4.2952,3.9235,4.219,243000,102
2008-09-24,4.0681,4.0681,4.0061,4.0122,84760,97
2008-09-25,3.8203,3.9235,3.8203,3.8468,402720,93
2008-09-26,4.0268,4.0268,3.9235,4.0329,155290,97.5
2008-09-29,4.0268,4.0474,3.8822,3.9295,36350,95
2008-09-30,3.7377,3.7996,3.7377,3.7434,459930,90.5
2008-10-01,3.9235,3.9235,3.8203,3.9295,182630,95
2008-10-02,3.9235,4.0268,3.8822,3.9088,241750,94.5
2008-10-03,3.8822,3.8822,3.8409,3.8881,176320,94
2008-10-06,3.717,3.8616,3.717,3.8675,263740,93.5
2008-10-07,3.6757,3.7583,3.6757,3.7227,299450,90
2008-10-08,3.6757,3.7583,3.6757,3.7227,269270,90
2008-10-09,3.7583,3.8822,3.717,3.8881,189440,94
2008-10-10,3.6964,3.7583,3.6964,3.702,223960,89.5
2008-10-13,3.5518,3.5931,3.5312,3.5366,199420,85.5
2008-10-14,3.6964,3.6964,3.6964,3.702,200260,89.5
2008-10-15,3.7583,3.7583,3.6757,3.702,309380,89.5
2008-10-16,3.5312,3.6138,3.5312,3.5366,292070,85.5
2008-10-17,3.4279,3.5105,3.366,3.3711,378900,81.5
2008-10-20,3.366,3.4486,3.2421,3.3711,145960,81.5
2008-10-21,3.304,3.4279,3.304,3.4331,85780,83
2008-10-22,3.3453,3.4073,3.304,3.3504,172550,81
2008-10-23,3.1801,3.2214,3.1801,3.185,396910,77
2008-10-24,3.0356,3.0975,3.0356,3.0402,199000,73.5
2008-10-27,2.891,2.9117,2.891,2.8954,261440,70
2008-10-28,2.7465,2.8084,2.7465,2.8127,163050,68
2008-10-29,2.9323,2.9323,2.9323,2.9368,123380,71
2008-10-30,3.0562,3.0769,2.9736,3.0816,282200,74.5
2008-10-31,3.2214,3.2214,3.1801,3.2263,159170,78
2008-11-03,3.2627,3.366,3.2214,3.3504,233530,81
2008-11-04,3.3453,3.5105,3.3453,3.5159,348370,85
2008-11-05,3.6757,3.6757,3.6757,3.6813,264630,89
2008-11-06,3.6757,3.8203,3.5725,3.8054,507500,92
2008-11-07,3.6344,3.7996,3.6138,3.64,294620,88
2008-11-10,3.717,3.717,3.6551,3.7227,142860,90
2008-11-11,3.5518,3.5725,3.5312,3.5366,71930,85.5
2008-11-12,3.366,3.4073,3.366,3.4125,296900,82.5
2008-11-13,3.3453,3.5725,3.3453,3.5779,104750,86.5
2008-11-14,3.6757,3.6757,3.5725,3.5779,42780,86.5
2008-11-17,3.4899,3.5725,3.4899,3.5159,37750,85
2008-11-18,3.4486,3.5312,3.4486,3.5366,17960,85.5
2008-11-19,3.5312,3.5312,3.5105,3.5159,60140,85
2008-11-20,3.4279,3.4279,3.3453,3.4125,82770,82.5
2008-11-21,3.2627,3.4073,3.2627,3.3504,76640,81
2008-11-24,3.4279,3.4279,3.2008,3.2056,199520,77.5
2008-11-25,3.2008,3.2627,3.1388,3.1643,498130,76.5
2008-11-26,3.2012,3.2012,3.0952,3.1387,141920,74
2008-11-27,3.1376,3.2648,3.0952,3.0963,119110,73
2008-11-28,3.2224,3.2436,3.2224,3.2448,281340,76.5
2008-12-01,3.1588,3.2224,3.1376,3.1811,130240,75
2008-12-02,3.0952,3.18,3.0952,3.1387,38400,74
2008-12-03,3.18,3.18,3.1164,3.1811,80880,75
2008-12-04,3.18,3.2436,3.1376,3.2235,163960,76
2008-12-05,3.2012,3.2012,3.1164,3.1811,81480,75
2008-12-08,3.1588,3.1588,3.0316,3.0539,124000,72
2008-12-09,2.9892,3.2012,2.9892,3.2023,92390,75.5
2008-12-10,3.18,3.18,3.1164,3.1811,67250,75
2008-12-11,3.2436,3.3072,3.2436,3.3084,263000,78
2008-12-12,3.392,3.4556,3.3708,3.4568,225990,81.5
2008-12-15,3.5404,3.5616,3.4344,3.5629,103290,84
2008-12-16,3.5616,3.5616,3.4132,3.4568,121110,81.5
2008-12-17,3.392,3.5192,3.392,3.478,99280,82
2008-12-18,3.4768,3.5404,3.4768,3.5204,81480,83
2008-12-19,3.5192,3.6464,3.5192,3.5629,177520,84
2008-12-22,3.6252,3.6252,3.5616,3.5841,82270,84.5
2008-12-23,3.5616,3.5616,3.4556,3.478,122500,82
2008-12-24,3.4556,3.5192,3.4556,3.5204,68760,83
2008-12-25,3.4768,3.5192,3.4768,3.4992,27270,82.5
2008-12-26,3.498,3.5192,3.4768,3.4992,51190,82.5
2008-12-29,3.5192,3.5192,3.498,3.5204,36020,83
2008-12-30,3.498,3.5404,3.4768,3.5204,139250,83
2008-12-31,3.4768,3.5192,3.4768,3.5204,70850,83
2009-01-02,3.5192,3.5828,3.5192,3.5841,64000,84.5
2009-01-05,3.5404,3.5828,3.5404,3.5629,107070,84
2009-01-06,3.604,3.6464,3.604,3.6053,57160,85
2009-01-07,3.7312,3.7524,3.6676,3.6689,218480,86.5
2009-01-08,3.6888,3.7312,3.6252,3.6477,191380,86
2009-01-09,3.604,3.6464,3.604,3.6053,238010,85
2009-01-12,3.5616,3.5828,3.5616,3.5629,84160,84
2009-01-13,3.5616,3.5616,3.5404,3.5629,28020,84
2009-01-14,3.5192,3.604,3.5192,3.6053,72860,85
2009-01-15,3.5192,3.5404,3.5192,3.5204,170910,83
2009-01-16,3.5192,3.5828,3.5192,3.5841,78340,84.5
2009-01-19,3.604,3.604,3.5616,3.5841,28980,84.5
2009-01-20,3.5616,3.604,3.5616,3.5841,4930,84.5
2009-01-21,3.5616,3.5616,3.5192,3.5204,80320,83
2009-01-22,3.4768,3.5192,3.4768,3.478,98530,82
2009-01-23,3.4768,3.498,3.4768,3.478,52620,82
2009-02-02,3.4768,3.498,3.4768,3.478,26960,82
2009-02-03,3.4556,3.4556,3.3284,3.3296,106450,78.5
2009-02-04,3.3284,3.3708,3.3284,3.3296,33820,78.5
2009-02-05,3.3284,3.3284,3.2648,3.2872,74900,77.5
2009-02-06,3.392,3.4344,3.3496,3.4356,130120,81
2009-02-09,3.4768,3.4768,3.4132,3.4356,48630,81
2009-02-10,3.4344,3.4344,3.3072,3.3508,17680,79
2009-02-11,3.3072,3.3496,3.3072,3.3508,57880,79
2009-02-12,3.3496,3.392,3.3284,3.3508,66040,79
2009-02-13,3.3284,3.3708,3.3284,3.3296,80110,78.5
2009-02-16,3.3284,3.3496,3.3072,3.3508,29090,79
2009-02-17,3.3496,3.3496,3.2436,3.2448,151310,76.5
2009-02-18,3.18,3.2224,3.1588,3.1811,215000,75
2009-02-19,3.286,3.286,3.2224,3.2235,74340,76
2009-02-20,3.18,3.2224,3.1376,3.1599,181370,74.5
2009-02-23,3.1164,3.1376,3.0952,3.1175,134550,73.5
2009-02-24,3.1164,3.0952,2.968,3.0963,249370,73
2009-02-25,3.0952,3.2436,3.1376,3.2448,116000,76.5
2009-02-26,3.2436,3.2436,3.1164,3.1175,93720,73.5
2009-02-27,3.1164,3.18,3.0316,3.1599,70390,74.5
2009-03-02,3.1588,3.2224,3.1588,3.2235,66360,76
2009-03-03,3.2224,3.18,3.1376,3.1387,36620,74
2009-03-04,3.1376,3.2224,3.1588,3.2235,32380,76
2009-03-05,3.2224,3.2436,3.1588,3.1599,55210,74.5
2009-03-06,3.1588,3.18,3.1588,3.1599,47800,74.5
2009-03-09,3.1588,3.2012,3.1588,3.2023,41390,75.5
2009-03-10,3.2012,3.2224,3.1588,3.2235,47670,76
2009-03-11,3.2224,3.2436,3.18,3.2023,42280,75.5
2009-03-12,3.2012,3.2012,3.1588,3.1599,46600,74.5
2009-03-13,3.1588,3.2012,3.1588,3.1599,35190,74.5
2009-03-16,3.1588,3.2012,3.1588,3.1811,37510,75
2009-03-17,3.18,3.2648,3.2224,3.2448,62610,76.5
2009-03-18,3.2436,3.3708,3.3284,3.372,156800,79.5
2009-03-19,3.3708,3.3708,3.2436,3.2872,44140,77.5
2009-03-20,3.286,3.286,3.2224,3.2448,61430,76.5
2009-03-23,3.2436,3.2436,3.2224,3.2235,46900,76
2009-03-24,3.2224,3.3708,3.3496,3.372,183430,79.5
2009-03-25,3.3708,3.392,3.3496,3.3932,75230,80
2009-03-26,3.392,3.4556,3.392,3.4568,105600,81.5
2009-03-27,3.4344,3.4344,3.3496,3.4144,76970,80.5
2009-03-30,3.3496,3.392,3.3284,3.3932,50630,80
2009-03-31,3.392,3.392,3.3284,3.3296,54290,78.5
2009-04-01,3.4556,3.4556,3.3708,3.3932,29920,80
2009-04-02,3.392,3.4768,3.392,3.478,39420,82
2009-04-03,3.4768,3.6464,3.5616,3.6265,156500,85.5
2009-04-07,3.6252,3.6888,3.5828,3.6689,69370,86.5
2009-04-08,3.6676,3.604,3.498,3.4992,80990,82.5
2009-04-09,3.498,3.5404,3.4344,3.478,41600,82
2009-04-10,3.4768,3.6464,3.392,3.5841,135420,84.5
2009-04-13,3.6464,3.7524,3.604,3.7537,215060,88.5
2009-04-14,3.8796,3.8796,3.6464,3.7537,302310,88.5
2009-04-15,3.6464,3.7524,3.6464,3.6901,437310,87
2009-04-16,3.6888,3.816,3.6464,3.7113,323320,87.5
2009-04-17,3.6676,3.6676,3.5404,3.5417,178240,83.5
2009-04-20,3.3708,3.4344,3.3708,3.3932,138330,80
2009-04-21,3.3072,3.5616,3.3072,3.5629,171520,84
2009-04-22,3.6888,3.7312,3.604,3.6053,146400,85
2009-04-23,3.5192,3.6464,3.498,3.5204,25030,83
2009-04-24,3.392,3.5192,3.392,3.5204,72480,83
2009-04-27,3.6252,3.6676,3.5828,3.6689,150460,86.5
2009-04-28,3.5828,3.6252,3.5828,3.6053,46830,85
2009-04-29,3.5616,3.6252,3.5616,3.6053,30130,85
2009-05-04,3.7736,3.7736,3.7736,3.7749,163680,89
2009-05-05,3.9432,3.9432,3.9432,3.9446,221270,93
2009-05-06,3.9856,4.0916,3.9432,4.0718,329780,96
2009-05-07,4.1552,4.1976,4.1128,4.1991,89520,99
2009-05-08,4.0704,4.1764,4.0492,4.0506,52790,95.5
2009-05-11,4.1976,4.2188,4.1128,4.1567,163660,98
2009-05-12,4.1552,4.1764,4.1128,4.1567,119050,98
2009-05-13,4.1764,4.1764,4.0704,4.1567,175370,98
2009-05-14,4.028,4.1128,4.028,4.0506,145800,95.5
2009-05-15,4.134,4.1552,4.0704,4.1567,114750,98
2009-05-18,4.134,4.134,4.0916,4.1143,132700,97
2009-05-19,4.1764,4.1764,4.0704,4.0718,110960,96
2009-05-20,4.028,4.1128,4.0068,4.0294,140220,95
2009-05-21,4.028,4.028,4.0068,4.0082,143210,94.5
2009-05-22,3.9644,4.0068,3.9008,3.9022,111790,92
2009-05-25,3.9432,4.028,3.9008,4.0082,151310,94.5
2009-05-26,3.9432,4.0068,3.9008,3.9022,166350,92
2009-05-27,3.9008,3.9432,3.8796,3.881,162210,91.5
2009-05-28,3.7948,3.8584,3.7736,3.8174,287870,90
2009-05-29,3.9644,3.9644,3.7312,3.7325,129040,88
2009-06-01,3.816,3.9008,3.816,3.881,257090,91.5
2009-06-02,4.0704,4.0704,3.9008,3.9446,199210,93
2009-06-03,3.9644,3.9644,3.9008,3.9446,220290,93
2009-06-04,3.9432,4.0068,3.9432,3.987,245960,94
2009-06-05,4.134,4.134,4.0492,4.0931,184360,96.5
2009-06-08,4.2824,4.2824,4.2824,4.2839,142560,101
2009-06-09,4.4944,4.4944,4.4096,4.496,302620,106
2009-06-10,4.4944,4.4944,4.2824,4.2839,240700,101
2009-06-11,4.2824,4.4944,4.24,4.4536,114680,105
2009-06-12,4.4944,4.4944,4.2824,4.3263,137560,102
2009-06-15,4.1128,4.1552,4.1128,4.1355,263770,97.5
2009-06-16,3.9432,3.9644,3.9432,3.9446,304100,93
2009-06-17,3.7524,3.9008,3.7524,3.8174,263160,90
2009-06-18,4.0068,4.0068,3.9432,4.0082,76420,94.5
2009-06-19,4.0704,4.0704,3.9856,4.0082,69950,94.5
2009-06-22,4.0068,4.0068,3.9008,3.9658,44440,93.5
2009-06-23,3.7948,3.8584,3.7736,3.7961,244700,89.5
2009-06-24,3.9432,3.9644,3.9008,3.9658,74770,93.5
2009-06-25,4.1128,4.1128,3.9856,4.1143,177000,97
2009-06-26,4.1128,4.134,4.0916,4.1143,177730,97
2009-06-29,4.1552,4.1552,4.0492,4.0506,34310,95.5
2009-06-30,4.0492,4.0704,3.9008,3.9022,74960,92
2009-07-01,3.8372,3.9008,3.816,3.8174,179890,90
2009-07-02,3.816,3.9432,3.816,3.8598,203350,91
2009-07-03,3.9008,3.9432,3.8796,3.9446,77110,93
2009-07-06,4.0068,4.1128,3.9432,4.1143,200830,97
2009-07-07,4.028,4.0704,3.9432,4.0294,272760,95
2009-07-08,4.028,4.1552,3.9856,4.1567,187110,98
2009-07-09,4.3248,4.3248,4.3248,4.3263,71590,102
2009-07-10,4.5368,4.5368,4.5368,4.5384,49310,107
2009-07-13,4.7488,4.7488,4.7488,4.7505,535160,112
2009-07-14,4.9608,4.9608,4.664,4.8777,1036480,115
2009-07-15,5.0032,5.088,4.9608,5.0898,395120,120
2009-07-16,5.2576,5.2576,5.0456,5.0898,207640,120
2009-07-17,5.0032,5.0032,4.8336,4.8353,343320,114
2009-07-20,4.6548,4.741,4.6548,4.7056,215070,109
2009-07-21,4.6979,4.7841,4.6979,4.7488,227420,110
2009-07-22,4.8272,4.9134,4.8272,4.8783,184970,113
2009-07-23,4.8703,4.9565,4.8703,4.9646,254820,115
2009-07-24,5.172,5.172,5.1289,5.1805,376280,120
2009-07-27,5.172,5.3444,5.1289,5.3531,242950,124
2009-07-28,5.172,5.3444,5.172,5.3531,248020,124
2009-07-29,5.3875,5.3875,5.3444,5.3531,231450,124
2009-07-30,5.3013,5.3444,5.1289,5.31,80040,123
2009-07-31,5.3444,5.4306,5.3013,5.4395,276590,126
2009-08-03,5.5168,5.6892,5.4737,5.6985,98280,132
2009-08-04,5.9478,5.9478,5.8616,5.9575,268310,138
2009-08-05,5.9909,6.2064,5.9478,6.1734,305660,143
2009-08-06,6.1633,6.3357,5.9478,6.087,131440,141
2009-08-07,6.0771,6.1202,6.034,6.087,85680,141
2009-08-10,6.1633,6.2495,6.0771,6.2597,122670,145
2009-08-11,6.3788,6.465,6.3788,6.4756,196940,150
2009-08-12,6.465,6.5081,6.3788,6.3892,157810,148
2009-08-13,6.3788,6.4219,6.3357,6.3892,226530,148
2009-08-14,6.3357,6.465,6.3357,6.4756,126370,150
2009-08-17,6.465,6.5943,6.465,6.5188,113260,151
2009-08-18,6.4219,6.465,6.3357,6.3892,126490,148
2009-08-19,6.4219,6.5081,6.3788,6.3892,56190,148
2009-08-20,6.6805,6.6805,6.5081,6.6914,207070,155
2009-08-21,6.9822,6.9822,6.6805,6.9073,505720,160
2009-08-24,6.896,6.896,6.8098,6.8209,219780,158
2009-08-25,6.7236,6.7667,6.5081,6.7778,164620,157
2009-08-26,6.5512,6.6805,6.465,6.4756,229170,150
2009-08-27,6.5943,6.6374,6.5512,6.6483,121990,154
2009-08-28,6.8098,6.8098,6.6805,6.7346,192700,156
2009-08-31,6.8098,6.8098,6.7236,6.8209,264350,158
2009-09-01,6.7236,6.8098,6.6805,6.7346,94210,156
2009-09-03,6.6805,6.6805,6.4219,6.5619,506420,152
2009-09-04,6.5512,6.5943,6.3788,6.4324,139550,149
2009-09-07,6.465,6.5081,6.3788,6.4756,128120,150
2009-09-08,6.5943,6.7667,6.5512,6.7778,240420,157
2009-09-09,6.7667,6.8098,6.6805,6.6914,63130,155
2009-09-10,6.9822,6.9822,6.9391,6.9936,344340,162
2009-09-11,7.327,7.327,7.2408,7.339,461500,170
2009-09-14,7.5425,7.6287,7.4563,7.5548,271030,175
2009-09-15,7.4132,7.4994,7.1977,7.2095,383940,167
2009-09-16,7.1115,7.1546,6.9822,7.08,245450,164
2009-09-17,7.3701,7.4132,7.1977,7.4253,711440,172
2009-09-18,7.767,7.767,7.767,7.7707,577530,90
2009-09-21,8.1554,8.1554,8.1554,8.1592,503510,94.5
2009-09-22,8.5437,8.5437,8.328,8.5478,2191200,99
2009-09-23,8.5437,8.5437,8.1985,8.2024,1145820,95
2009-09-24,7.8533,8.1985,7.8102,7.8139,1131030,90.5
2009-09-25,7.767,7.9396,7.6807,7.857,559770,91
2009-09-28,7.8533,7.8965,7.5944,7.598,581330,88
2009-09-29,7.4218,7.5513,7.4218,7.4253,920850,86
2009-09-30,7.5081,7.767,7.4218,7.7707,678350,90
2009-10-01,7.9828,7.9828,7.5944,7.598,667590,88
2009-10-02,7.3355,7.5081,7.2492,7.3822,873070,85.5
2009-10-05,7.3355,7.4218,7.2492,7.339,288520,85
2009-10-06,7.3355,7.3787,7.2492,7.2958,489010,84.5
2009-10-07,7.3355,7.6376,7.3355,7.6412,538670,88.5
2009-10-08,7.767,7.767,7.5944,7.7275,504710,89.5
2009-10-09,7.767,7.767,7.6376,7.6844,651820,89
2009-10-12,7.7239,7.7239,7.5944,7.6412,264260,88.5
2009-10-13,7.5081,7.5944,7.4218,7.4253,373090,86
2009-10-14,7.4218,7.767,7.4218,7.7707,375850,90
2009-10-15,8.0259,8.0691,7.8533,7.857,646020,91
2009-10-16,7.767,7.767,7.5944,7.598,282560,88
2009-10-19,7.5081,7.5944,7.5081,7.5117,337510,87
2009-10-20,7.5944,7.6376,7.5081,7.5117,250520,87
2009-10-21,7.3355,7.465,7.3355,7.4253,502720,86
2009-10-22,7.4218,7.465,7.3355,7.4253,649040,86
2009-10-23,7.4218,7.465,7.3355,7.3822,664210,85.5
2009-10-26,7.3355,7.4218,7.3355,7.339,414370,85
2009-10-27,7.3355,7.3787,7.2492,7.339,643410,85
2009-10-28,7.4218,7.6807,7.3355,7.6844,880660,89
2009-10-29,7.5081,7.5944,7.3787,7.5117,564070,87
2009-10-30,7.6807,7.6807,7.465,7.5548,595340,87.5
2009-11-02,7.2492,7.2924,7.2061,7.2527,545760,84
2009-11-03,7.0766,7.2061,6.9903,6.9936,599180,81
2009-11-04,6.904,7.1629,6.904,7.0368,365700,81.5
2009-11-05,7.1629,7.3787,7.1198,7.2527,220610,84
2009-11-06,7.3787,7.3787,7.2492,7.2527,321320,84
2009-11-09,6.9903,7.2492,6.9472,7.0368,229510,81.5
2009-11-10,7.1198,7.1629,6.9903,7.1231,328780,82.5
2009-11-11,7.1198,7.3355,7.0766,7.339,295090,85
2009-11-12,7.3355,7.4218,7.3355,7.339,232460,85
2009-11-13,7.1629,7.3355,7.1629,7.339,254020,85
2009-11-16,7.4218,7.4218,7.2492,7.2527,174000,84
2009-11-17,7.2492,7.2924,7.2061,7.2958,301350,84.5
2009-11-18,7.3355,7.465,7.2924,7.4685,582520,86.5
2009-11-19,7.5081,7.5513,7.465,7.5117,387080,87
2009-11-20,7.5081,7.5513,7.465,7.5117,390010,87
2009-11-23,7.4218,7.5081,7.2492,7.2527,149040,84
2009-11-24,7.2492,7.3355,7.2061,7.2527,209410,84
2009-11-25,7.2061,7.2061,6.904,7.0368,352730,81.5
2009-11-26,6.6883,6.7314,6.6883,6.6914,452550,77.5
2009-11-27,6.3862,6.9903,6.3862,6.6914,755480,77.5
2009-11-30,6.7314,6.904,6.6883,6.7778,234500,78.5
2009-12-01,6.904,6.904,6.8177,6.8641,453080,79.5
2009-12-02,6.8177,6.8609,6.6883,6.8209,271430,79
2009-12-03,6.8177,6.8177,6.6883,6.6914,288200,77.5
2009-12-04,6.6883,6.7746,6.6451,6.6914,273280,77.5
2009-12-07,6.5588,6.6451,6.5588,6.6051,98800,76.5
2009-12-08,6.5157,6.6883,6.4725,6.5619,395050,76
2009-12-09,6.3431,6.4725,6.2568,6.3029,527930,73
2009-12-10,6.2999,6.3431,5.9979,6.0007,923980,69.5
2009-12-11,5.9116,5.9979,5.8684,5.9575,376760,69
2009-12-14,5.9547,6.041,5.9547,6.0007,220630,69.5
2009-12-15,5.9547,6.041,5.9116,6.0007,237800,69.5
2009-12-16,5.9979,5.9979,5.739,5.7417,339900,66.5
2009-12-17,5.6095,5.6527,5.5232,5.5258,183600,64
2009-12-18,5.7821,5.7821,5.739,5.7849,417830,67
2009-12-21,6.041,6.041,5.9547,6.0439,350320,70
2009-12-22,6.041,6.1273,5.9979,6.0007,371040,69.5
2009-12-23,5.8684,6.041,5.8684,6.0439,362480,70
2009-12-24,5.9979,6.041,5.9547,6.0439,271830,70
2009-12-25,6.041,6.3431,6.041,6.3461,705200,73.5
2009-12-28,6.4725,6.6451,6.3862,6.6483,371600,77
2009-12-29,6.6451,6.6883,6.4294,6.4324,137750,74.5
2009-12-30,6.3862,6.5157,6.3862,6.4756,176990,75
2009-12-31,6.5588,6.602,6.4294,6.4756,303560,75
2010-01-04,6.4725,6.7746,6.4725,6.7778,522570,78.5
2010-01-05,7.0766,7.0766,6.9903,7.08,788950,82
2010-01-06,6.904,7.1629,6.904,7.1231,320220,82.5
2010-01-07,7.0766,7.1198,6.904,6.9073,165310,80
2010-01-08,6.904,7.0335,6.6883,6.6914,391270,77.5
2010-01-11,6.6451,6.7314,6.602,6.6051,270860,76.5
2010-01-12,6.4725,6.5588,6.3862,6.3892,362150,74
2010-01-13,6.2999,6.5588,6.2136,6.5619,351930,76
2010-01-14,6.5588,6.6451,6.4725,6.5619,175250,76
2010-01-15,6.602,6.602,6.3862,6.3892,241100,74
2010-01-18,6.2136,6.2568,6.1273,6.1302,264810,71
2010-01-19,6.1705,6.4294,6.1705,6.4324,281670,74.5
2010-01-20,6.4294,6.7314,6.4294,6.7346,606070,78
2010-01-21,6.602,6.7314,6.5588,6.5619,547510,76
2010-01-22,6.5588,6.6451,6.5157,6.5619,259390,76
2010-01-25,6.602,6.7314,6.5588,6.7346,254610,78
2010-01-26,6.8177,7.0335,6.8177,7.0368,620490,81.5
2010-01-27,6.7746,6.9472,6.7314,6.7346,560860,78
2010-01-28,6.8177,6.8177,6.6883,6.7346,163980,78
2010-01-29,6.7746,6.8177,6.6883,6.6914,337550,77.5
2010-02-01,6.6883,6.9903,6.6883,6.9936,258050,81
2010-02-02,7.0766,7.1198,6.904,7.08,713690,82
2010-02-03,7.1629,7.4218,7.1198,7.4253,1539620,86
2010-02-04,7.5081,7.767,7.465,7.6844,1188140,89
2010-02-05,7.5081,7.5513,7.3355,7.339,551100,85
2010-02-08,7.1629,7.3787,7.1629,7.339,246070,85
2010-02-09,7.2924,7.3355,6.9903,6.9936,1991740,81
2010-02-10,7.1629,7.3355,7.1629,7.339,615590,85
2010-02-11,7.465,7.6807,7.4218,7.6844,1382690,89
2010-02-12,7.6807,7.8533,7.6807,7.8139,1058090,90.5
2010-02-22,7.767,7.767,7.5944,7.7275,640640,89.5
2010-02-23,7.6807,7.6807,7.465,7.4685,542830,86.5
2010-02-24,7.465,7.5944,7.465,7.5548,435280,87.5
2010-02-25,7.7261,7.7261,7.6388,7.6856,591140,88
2010-02-26,7.6824,7.7261,7.4205,7.4236,964030,85
2010-03-01,7.5951,7.5951,7.4205,7.4236,314070,85
2010-03-02,7.5515,7.5515,7.3769,7.38,371080,84.5
2010-03-03,7.5515,7.5951,7.4642,7.5546,182040,86.5
2010-03-04,7.7261,7.8134,7.6388,7.642,423030,87.5
2010-03-05,7.7697,7.7697,7.5951,7.6856,257150,88
2010-03-08,7.988,7.988,7.7261,7.773,328580,89
2010-03-09,7.8134,8.1189,7.8134,7.9913,1059570,91.5
2010-03-10,7.857,7.988,7.8134,7.8166,142590,89.5
2010-03-11,7.8134,7.857,7.7261,7.773,114560,89
2010-03-12,7.7697,7.8134,7.7261,7.773,104640,89
2010-03-15,7.9443,7.9443,7.7697,7.773,200590,89
2010-03-16,7.7261,7.8134,7.6388,7.642,123000,87.5
2010-03-17,7.6388,7.7261,7.6388,7.642,83710,87.5
2010-03-18,7.6388,7.6824,7.5951,7.6856,66490,88
2010-03-19,7.6824,7.7261,7.5951,7.5983,46770,87
2010-03-22,7.5515,7.6824,7.5515,7.5546,54750,86.5
2010-03-23,7.5515,7.5951,7.4642,7.4673,76950,85.5
2010-03-24,7.5078,7.5515,7.5078,7.511,70370,86
2010-03-25,7.4205,7.5078,7.4205,7.511,70870,86
2010-03-26,7.4642,7.5078,7.4205,7.4673,130230,85.5
2010-03-29,7.6388,7.6388,7.4642,7.511,143530,86
2010-03-30,7.4205,7.5078,7.3332,7.38,158730,84.5
2010-03-31,7.5078,7.5078,7.4205,7.4236,118610,85
2010-04-01,7.5515,7.5515,7.4642,7.4673,187970,85.5
2010-04-02,7.5951,7.5951,7.5078,7.5546,106910,86.5
2010-04-05,7.5951,7.6824,7.5951,7.642,103910,87.5
2010-04-06,7.6388,7.6388,7.5515,7.5983,218490,87
2010-04-07,7.6824,7.6824,7.5078,7.5546,234320,86.5
2010-04-08,7.5938,7.6821,7.5938,7.6433,214670,86.5
2010-04-09,7.638,7.6821,7.638,7.6433,162060,86.5
2010-04-12,7.947,7.947,7.7704,7.7758,250280,88
2010-04-13,7.8587,7.9029,7.7704,7.7758,391070,88
2010-04-14,7.8587,7.8587,7.7263,7.7758,206310,88
2010-04-15,7.8587,7.8587,7.7704,7.8642,158020,89
2010-04-16,7.8146,7.8587,7.7704,7.82,96740,88.5
2010-04-19,7.8587,7.8587,7.8146,7.82,240970,88.5
2010-04-20,7.8587,7.8587,7.7704,7.82,162870,88.5
2010-04-21,7.8146,7.8587,7.7263,7.7758,119140,88
2010-04-22,7.8146,7.8587,7.7704,7.7758,117050,88
2010-04-26,7.8587,7.9029,7.8146,7.9084,260840,89.5
2010-04-27,7.9912,8.2561,7.947,8.2176,676730,93
2010-04-28,8.3885,8.3885,8.2561,8.306,398620,94
2010-04-29,8.2119,8.3444,8.2119,8.306,251870,94
2010-05-04,8.3002,8.3002,8.2119,8.2176,177180,93
2010-05-05,8.1236,8.2119,8.0795,8.1735,219490,92.5
2010-05-06,8.2119,8.2119,8.1236,8.1735,209680,92.5
2010-05-07,8.0353,8.0795,7.947,8.0851,283240,91.5
2010-05-10,8.0795,8.1236,7.947,7.9967,221640,90.5
2010-05-11,8.0353,8.1236,8.0353,8.1293,118430,92
2010-05-12,8.0353,8.1236,8.0353,8.0409,198420,91
2010-05-13,8.1236,8.1236,8.0353,8.0851,57080,91.5
2010-05-14,8.1678,8.1678,8.0795,8.1293,117740,92
2010-05-17,8.1236,8.1236,8.0353,8.0409,106480,91
2010-05-18,8.0353,8.0795,7.9912,8.0409,79010,91
2010-05-19,8.0353,8.0353,7.8587,7.9084,241580,89.5
2010-05-20,7.8587,7.947,7.8146,7.9526,272360,90
2010-05-21,7.6821,7.9029,7.6821,7.7316,214660,87.5
2010-05-24,7.8587,7.8587,7.7263,7.82,162620,88.5
2010-05-25,7.9029,7.9029,7.8146,7.8642,70580,89
2010-05-26,7.9029,7.9029,7.8587,7.9084,88640,89.5
2010-05-27,7.947,7.947,7.8587,7.8642,51500,89
2010-05-28,8.0353,8.0353,7.9029,7.9526,130340,90
2010-05-31,7.9912,7.9912,7.8146,7.82,58970,88.5
2010-06-01,7.8587,7.8587,7.8146,7.8642,82740,89
2010-06-02,7.8587,7.8587,7.8146,7.82,223120,88.5
2010-06-03,7.947,7.9912,7.9029,7.9084,128860,89.5
2010-06-04,8.0353,8.0353,7.9029,7.9526,103320,90
2010-06-07,7.8146,7.8587,7.7263,7.7758,270460,88
2010-06-08,7.8587,7.8587,7.7704,7.7758,73450,88
2010-06-09,7.947,7.947,7.8587,7.9084,76840,89.5
2010-06-10,7.947,7.947,7.8587,7.9526,43820,90
2010-06-11,8.0795,8.0795,7.9029,7.9526,208230,90
2010-06-14,7.9912,7.9912,7.9029,7.9526,51320,90
2010-06-15,7.9029,7.947,7.9029,7.9084,46660,89.5
2010-06-16,7.947,7.947,7.9029,7.9526,42730,90
2010-06-17,7.947,7.947,7.9029,7.9084,44250,89.5
2010-06-18,7.9029,7.947,7.9029,7.9084,43680,89.5
2010-06-21,7.947,7.947,7.9029,7.9084,72460,89.5
2010-06-22,7.947,7.947,7.8587,7.9084,61680,89.5
2010-06-23,7.947,8.0353,7.8587,7.9967,136740,90.5
2010-06-24,7.947,8.0353,7.947,8.0409,95000,91
2010-06-25,7.947,8.0353,7.947,8.0409,65690,91
2010-06-28,8.0353,8.0353,7.947,7.9967,120260,90.5
2010-06-29,8.0353,8.0353,7.947,7.9967,56160,90.5
2010-06-30,7.9912,7.9912,7.9029,7.9526,106670,90
2010-07-01,7.9912,8.0353,7.947,8.0409,125970,91
2010-07-02,8.0795,8.0795,7.9912,8.0851,103090,91.5
2010-07-05,8.0795,8.0795,8.0353,8.0409,47090,91
2010-07-06,8.0795,8.0795,8.0353,8.0409,90400,91
2010-07-07,7.9912,8.0795,7.9912,8.0409,43750,91
2010-07-08,8.0795,8.0795,8.0353,8.0409,76850,91
2010-07-09,8.0353,8.0795,8.0353,8.0409,70390,91
2010-07-12,8.0353,8.0795,7.9912,8.0851,38490,91.5
2010-07-13,8.1236,8.1236,8.0353,8.1293,61150,92
2010-07-14,8.1678,8.1678,8.1236,8.1293,100580,92
2010-07-15,8.1236,8.1678,8.0795,8.1293,48800,92
2010-07-16,8.1678,8.1678,8.0795,8.1735,39150,92.5
2010-07-19,8.1678,8.2119,8.1236,8.1735,62020,92.5
2010-07-20,8.2561,8.3002,8.2119,8.2176,127800,93
2010-07-21,8.2561,8.3002,8.2119,8.2618,77860,93.5
2010-07-22,8.2119,8.2119,8.1678,8.1735,34060,92.5
2010-07-23,8.1678,8.1678,8.1236,8.1293,39200,92
2010-07-26,8.1678,8.2119,8.1236,8.1293,77420,92
2010-07-27,8.1236,8.1678,8.0795,8.1293,56320,92
2010-07-28,8.1678,8.1678,7.9912,8.0851,159210,91.5
2010-07-29,8.0795,8.1236,8.0353,8.0851,45050,91.5
2010-07-30,8.0795,8.0795,8.0353,8.0851,53050,91.5
2010-08-02,8.0795,8.0795,7.9912,8.0409,70110,91
2010-08-03,8.0353,8.0795,8.0353,8.0851,95750,91.5
2010-08-04,8.1236,8.1236,8.0353,8.0851,103130,91.5
2010-08-05,8.0795,8.1236,8.0795,8.1293,67940,92
2010-08-06,8.1236,8.1236,8.0795,8.0851,64800,91.5
2010-08-09,8.1678,8.1678,8.0353,8.0409,93970,91
2010-08-10,8.1236,8.1236,7.9912,8.0409,147420,91
2010-08-11,8.0353,8.0795,7.9912,8.0851,64660,91.5
2010-08-12,8.0353,8.0353,7.947,7.9526,156750,90
2010-08-13,7.9975,8.1803,7.9518,8.1808,232020,89.5
2010-08-16,8.226,8.2717,8.1803,8.2722,29170,90.5
2010-08-17,8.1803,8.226,8.1346,8.1808,50450,89.5
2010-08-18,8.1803,8.1803,8.0889,8.0894,34750,88.5
2010-08-19,8.1803,8.1803,8.0889,8.0894,32560,88.5
2010-08-20,8.0889,8.1346,8.0432,8.1351,13660,89
2010-08-23,8.1346,8.1346,8.0432,8.0894,7880,88.5
2010-08-24,7.9518,8.0432,7.9061,7.9523,46050,87
2010-08-25,7.9061,7.9061,7.7233,7.9066,74930,86.5
2010-08-26,7.9061,7.9061,7.8147,7.9066,45190,86.5
2010-08-27,7.9061,7.9518,7.8604,7.9523,20430,87
2010-08-30,8.1346,8.1346,7.9518,8.0894,22350,88.5
2010-08-31,8.1346,8.1346,8.0432,8.1351,70430,89
2010-09-01,8.1346,8.1346,7.9975,8.0894,27940,88.5
2010-09-06,8.1346,8.1346,8.0432,8.0894,33920,88.5
2010-09-07,8.0889,8.1346,8.0432,8.0437,37150,88
2010-09-08,8.0889,8.0889,7.9975,8.0437,43550,88
2010-09-09,8.0432,8.1346,8.0432,8.0894,21730,88.5
2010-09-10,8.0889,8.1346,8.0432,8.0894,83710,88.5
2010-09-13,8.0889,8.0889,7.9975,8.0894,10820,88.5
2010-09-14,8.0889,8.0889,8.0432,8.0894,36520,88.5
2010-09-15,8.1346,8.1346,8.0432,8.0894,21860,88.5
2010-09-16,8.1346,8.1346,8.0432,8.0894,44870,88.5
2010-09-17,8.0432,8.1346,8.0432,8.1351,39810,89
2010-09-20,8.226,8.226,8.1346,8.1351,48980,89
2010-09-21,8.1346,8.1803,8.0889,8.1351,39230,89
2010-09-22,8.1346,8.1346,8.0889,8.1351,23130,89
2010-09-23,8.1346,8.1346,8.0889,8.0894,55410,88.5
2010-09-24,8.1803,8.1803,7.9975,8.0437,38170,88
2010-09-27,8.0432,8.0889,8.0432,8.0894,33560,88.5
2010-09-28,8.0432,8.0889,8.0432,8.0894,16570,88.5
2010-09-29,8.0889,8.1346,8.0432,8.0894,34830,88.5
2010-09-30,8.0432,8.0889,8.0432,8.0894,21220,88.5
2010-10-01,7.9975,8.0889,7.9975,8.0894,8270,88.5
2010-10-04,8.0889,8.0889,7.9975,7.998,38230,87.5
2010-10-05,7.9518,7.9975,7.9061,7.9523,19720,87
2010-10-06,8.0432,8.0432,7.9518,8.0437,35350,88
2010-10-07,8.0432,8.0889,7.9518,7.998,23270,87.5
2010-10-08,8.0432,8.0889,7.9518,8.0437,16050,88
2010-10-11,7.9975,8.1346,7.9975,8.0894,24700,88.5
2010-10-12,8.0889,8.0889,8.0432,8.0894,21200,88.5
2010-10-13,8.0889,8.1346,8.0432,8.0894,28790,88.5
2010-10-14,8.0889,8.1346,8.0889,8.1351,15340,89
2010-10-15,8.0889,8.1346,8.0889,8.0894,83480,88.5
2010-10-18,8.0889,8.1346,8.0432,8.0894,15240,88.5
2010-10-19,8.0889,8.0889,7.9975,8.0437,91510,88
2010-10-20,7.9975,7.9975,7.8604,7.9523,105630,87
2010-10-21,8.0889,8.0889,7.9518,7.998,48370,87.5
2010-10-22,8.0432,8.0889,7.9518,7.998,43050,87.5
2010-10-25,7.9061,8.0432,7.9061,7.998,31540,87.5
2010-10-26,8.0432,8.0432,7.9518,7.998,33970,87.5
2010-10-27,7.9975,7.9975,7.9061,7.9066,47890,86.5
2010-10-28,7.9061,7.9518,7.9061,7.9523,10870,87
2010-10-29,7.9518,7.9518,7.9061,7.9523,48760,87
2010-11-01,7.9518,7.9518,7.9061,7.9066,27100,86.5
2010-11-02,7.9518,7.9518,7.8604,7.9066,38740,86.5
2010-11-03,7.8604,7.9061,7.8147,7.9066,50860,86.5
2010-11-04,7.9518,7.9518,7.8604,7.9066,79540,86.5
2010-11-05,7.9061,7.9518,7.9061,7.9066,61840,86.5
2010-11-08,7.9061,7.9061,7.8604,7.8609,75230,86
2010-11-09,7.8604,7.8604,7.769,7.8152,65590,85.5
2010-11-10,7.769,7.8604,7.769,7.8152,33400,85.5
2010-11-11,7.7233,7.8147,7.7233,7.7695,33700,85
2010-11-12,7.769,7.769,7.6319,7.6781,54830,84
2010-11-15,7.6776,7.7233,7.5862,7.6324,58350,83.5
2010-11-16,7.5862,7.6319,7.4948,7.541,66320,82.5
2010-11-17,7.5405,7.6776,7.5405,7.6324,45640,83.5
2010-11-18,7.6319,7.7233,7.6319,7.7238,29250,84.5
2010-11-19,7.769,7.769,7.6319,7.6781,47790,84
2010-11-22,7.7233,7.7233,7.4948,7.6781,33400,84
2010-11-23,7.5862,7.7233,7.5862,7.6781,15310,84
2010-11-24,7.769,7.769,7.6319,7.7238,10280,84.5
2010-11-25,7.6776,7.769,7.6319,7.7238,7930,84.5
2010-11-26,7.7233,7.7233,7.6319,7.7238,12010,84.5
2010-11-29,7.5862,7.7233,7.5862,7.7238,22740,84.5
2010-11-30,7.6319,7.8147,7.6319,7.7238,31830,84.5
2010-12-01,7.7233,7.769,7.6776,7.6781,24450,84
2010-12-02,7.6776,7.7233,7.6319,7.7238,28410,84.5
2010-12-03,7.769,7.8147,7.7233,7.7695,52800,85
2010-12-06,7.769,7.8147,7.7233,7.7238,35070,84.5
2010-12-07,7.6776,7.7233,7.6319,7.7238,32490,84.5
2010-12-08,7.7233,7.769,7.6776,7.6781,30360,84
2010-12-09,7.6776,7.8147,7.6776,7.8152,45780,85.5
2010-12-10,7.8604,7.8604,7.8147,7.8609,39800,86
2010-12-13,8.0432,8.0432,7.9518,8.0437,52730,88
2010-12-14,8.0432,8.0432,7.769,7.9523,39360,87
2010-12-15,7.9518,7.9518,7.8604,7.9066,17900,86.5
2010-12-16,7.769,7.9061,7.769,7.8609,21920,86
2010-12-17,7.8604,7.8604,7.769,7.7695,59800,85
2010-12-20,7.9061,7.9061,7.769,7.8152,28330,85.5
2010-12-21,7.7233,7.9061,7.7233,7.9066,56180,86.5
2010-12-22,7.9518,7.9518,7.769,7.8609,16810,86
2010-12-23,7.9061,7.9061,7.769,7.8152,15090,85.5
2010-12-24,7.9061,7.9061,7.769,7.7695,27000,85
2010-12-27,7.8604,7.8604,7.769,7.8152,15330,85.5
2010-12-28,7.8147,7.8604,7.769,7.7695,36050,85
2010-12-29,7.8604,7.8604,7.769,7.8609,11030,86
2010-12-30,7.8604,7.8604,7.769,7.8609,5290,86
2010-12-31,7.8604,7.8604,7.8147,7.8609,31120,86
2011-01-04,7.8604,7.8604,7.769,7.8152,26910,85.5
2011-01-05,7.8147,7.8147,7.7233,7.7695,12590,85
2011-01-06,7.769,7.8147,7.7233,7.7695,47110,85
2011-01-07,7.8147,7.8147,7.769,7.7695,13580,85
2011-01-10,7.8604,7.8604,7.769,7.8152,27120,85.5
2011-01-11,7.8147,7.8604,7.7233,7.8152,16560,85.5
2011-01-12,7.8604,7.8604,7.769,7.8152,11280,85.5
2011-01-13,7.8604,7.8604,7.8147,7.8152,45060,85.5
2011-01-14,7.8604,7.8604,7.8147,7.8609,17220,86
2011-01-17,7.8604,7.9061,7.8147,7.8152,37620,85.5
2011-01-18,7.8604,7.8604,7.8147,7.8152,22280,85.5
2011-01-19,7.8147,7.8604,7.769,7.8152,36620,85.5
2011-01-20,7.769,8.1803,7.769,8.1808,237610,89.5
2011-01-21,8.5459,8.5459,8.5459,8.5464,332480,93.5
2011-01-24,8.9572,8.9572,8.7287,8.9577,713730,98
2011-01-25,8.9115,8.9115,8.7744,8.7749,192590,96
2011-01-26,8.5916,8.5916,8.4545,8.455,232080,92.5
2011-01-27,8.5002,8.5002,8.3631,8.455,117530,92.5
2011-01-28,8.4545,8.5916,8.4545,8.5464,73970,93.5
2011-02-08,8.6373,8.6373,8.4545,8.5464,95990,93.5
2011-02-09,8.5459,8.5459,8.3631,8.3636,162810,91.5
2011-02-10,8.3631,8.4088,8.2717,8.3636,132900,91.5
2011-02-11,8.4545,8.4545,8.4088,8.455,35170,92.5
2011-02-14,8.4088,8.5002,8.3631,8.3636,53010,91.5
2011-02-15,8.3174,8.4545,8.3174,8.4093,56040,92
2011-02-16,8.4088,8.4545,8.4088,8.4093,46710,92
2011-02-17,8.3631,8.4088,8.3174,8.3636,53440,91.5
2011-02-18,8.3174,8.3631,8.226,8.2265,130160,90
2011-02-21,8.226,8.226,7.9061,7.9523,183670,87
2011-02-22,7.9061,8.0432,7.769,7.9066,128830,86.5
2011-02-23,7.9975,8.0889,7.9975,7.998,69450,87.5
2011-02-24,7.8604,7.9975,7.769,7.9523,181070,87
2011-02-25,7.9975,8.1346,7.9518,8.0894,29460,88.5
2011-02-28,8.0432,8.1346,8.0432,8.0894,48160,88.5
2011-03-01,8.0889,8.0889,8.0432,8.0894,33310,88.5
2011-03-02,8.0889,8.0889,7.9061,7.9523,54630,87
2011-03-03,7.9061,7.9975,7.9061,7.998,35200,87.5
2011-03-04,7.9061,8.0432,7.9061,8.0437,45380,88
2011-03-07,8.0889,8.226,8.0432,8.1351,74320,89
2011-03-08,8.1803,8.5002,8.1803,8.5007,147330,93
2011-03-09,8.683,8.683,8.3631,8.4093,100250,92
2011-03-10,8.4088,8.4545,8.2717,8.4093,76330,92
2011-03-11,8.4545,8.4545,8.3631,8.4093,84430,92
2011-03-14,8.3631,8.4088,8.3174,8.3179,74990,91
2011-03-15,8.2717,8.3174,8.1803,8.1808,116260,89.5
2011-03-16,8.226,8.226,8.1346,8.1808,55610,89.5
2011-03-17,8.1803,8.2717,8.1346,8.1808,71250,89.5
2011-03-18,8.2717,8.4545,8.2717,8.4093,56490,92
2011-03-21,8.4088,8.5459,8.3631,8.4093,79290,92
2011-03-22,8.4545,8.5459,8.4088,8.455,127980,92.5
2011-03-23,8.4545,8.8201,8.4545,8.7292,307480,95.5
2011-03-24,8.7287,8.7744,8.6373,8.6378,121380,94.5
2011-03-25,8.5916,8.6373,8.5002,8.6378,109040,94.5
2011-03-28,8.6373,8.6373,8.5459,8.5921,66650,94
2011-03-29,8.5002,8.5916,8.4545,8.5464,125060,93.5
2011-03-30,8.5002,8.5002,8.4088,8.5007,71380,93
2011-03-31,8.4088,8.5002,8.4088,8.4093,70040,92
2011-04-01,8.3631,8.683,8.3631,8.6378,126620,94.5
2011-04-04,8.8201,9.0486,8.7744,8.9577,404480,98
2011-04-05,8.7744,8.8658,8.5916,8.6378,412290,94.5
2011-04-06,8.6373,8.7287,8.5002,8.7292,102230,95.5
2011-04-07,8.683,8.7287,8.5916,8.7292,61300,95.5
2011-04-08,8.7287,8.8201,8.6373,8.8206,115640,96.5
2011-04-13,8.7744,8.8201,8.7744,8.7749,84540,96
2011-04-14,8.7287,8.7744,8.683,8.6835,50140,95
2011-04-15,8.7287,8.7287,8.6373,8.6378,43550,94.5
2011-04-18,8.6373,8.6373,8.5459,8.5464,48910,93.5
2011-04-19,8.5916,8.5916,8.5459,8.5464,29660,93.5
2011-04-20,8.5916,8.6373,8.5916,8.6378,51790,94.5
2011-04-21,8.6373,8.7287,8.6373,8.6835,69590,95
2011-04-22,8.683,8.683,8.6373,8.6835,36080,95
2011-04-25,8.683,8.7744,8.6373,8.7749,37690,96
2011-04-26,8.7744,8.9572,8.7744,8.912,147250,97.5
2011-04-27,9.0029,9.3228,9.0029,9.3234,395560,102
2011-04-28,9.5056,9.7798,9.5056,9.5976,392210,105
2011-04-29,9.6884,9.6884,9.5056,9.5976,89040,105
2011-05-04,9.6884,9.9626,9.6884,9.8718,215760,108
2011-05-05,9.8712,9.8712,9.597,9.7804,135900,107
2011-05-06,9.6884,9.7798,9.597,9.7804,222710,107
2011-05-09,9.7798,9.9626,9.6884,9.8718,128850,108
2011-05-10,9.9626,9.9626,9.8712,9.9632,64080,109
2011-05-11,9.9626,10.4196,9.9626,10.4202,207690,114
2011-05-12,10.4196,10.511,10.3282,10.4202,88210,114
2011-05-13,10.3282,10.4196,10.2368,10.2374,90260,112
2011-05-16,10.2368,10.3282,10.054,10.0546,125680,110
2011-05-17,10.1454,10.4196,10.1454,10.3288,171320,113
2011-05-18,10.3282,10.4196,10.1454,10.4202,144330,114
2011-05-19,10.4196,10.511,10.2368,10.3288,104890,113
2011-05-20,10.2368,10.2368,9.8712,9.8718,334050,108
2011-05-23,9.597,9.7798,9.4142,9.4148,377510,103
2011-05-24,9.0486,9.14,8.9572,8.9577,394970,98
2011-05-25,8.5916,8.683,8.5459,8.5464,304800,93.5
2011-05-26,8.1803,8.9572,8.1346,8.9577,269540,98
2011-05-27,9.14,9.3228,9.0486,9.3234,102480,102
2011-05-30,9.3228,9.4142,8.9572,8.9577,89320,98
2011-05-31,8.9572,9.3228,8.9572,9.3234,78660,102
2011-06-01,9.3228,9.7798,9.14,9.5976,135660,105
2011-06-02,9.6884,9.8712,9.5056,9.5976,141980,105
2011-06-03,9.597,9.597,9.14,9.3234,108310,102
2011-06-06,9.14,9.2314,9.0029,9.0491,100820,99
2011-06-07,9.14,9.4142,9.14,9.4148,191290,103
2011-06-08,9.3228,9.6884,9.3228,9.5062,62420,104
2011-06-09,9.4142,9.5056,9.4142,9.5062,49090,104
2011-06-10,9.4142,9.6884,9.4142,9.5062,95480,104
2011-06-13,9.5056,9.6884,9.4142,9.5976,205940,105
2011-06-14,9.5056,9.8712,9.5056,9.689,117440,106
2011-06-15,9.7798,9.7798,9.5056,9.5976,95850,105
2011-06-16,9.6884,9.6884,9.597,9.5976,18610,105
2011-06-17,9.6884,9.6884,9.597,9.689,31690,106
2011-06-20,9.6884,9.7798,9.6884,9.689,59140,106
2011-06-21,9.7798,10.1454,9.7798,10.146,187080,111
2011-06-22,10.4196,10.511,10.054,10.146,234510,111
2011-06-23,10.2368,10.3282,10.054,10.0546,66850,110
2011-06-24,9.8712,10.054,9.7798,10.0546,99330,110
2011-06-27,10.511,10.511,10.1454,10.3288,268890,113
2011-06-28,10.2368,10.2368,9.9626,10.0546,78210,110
2011-06-29,9.8712,10.054,9.8712,10.0546,82490,110
2011-06-30,10.1454,10.1454,9.9626,9.9632,44530,109
2011-07-01,9.9626,10.054,9.8712,10.0546,30150,110
2011-07-04,9.9626,10.3282,9.9626,10.3288,52080,113
2011-07-05,10.3282,10.6938,10.3282,10.5116,85730,115
2011-07-06,10.6024,10.6024,10.4196,10.5116,38950,115
2011-07-07,10.4196,10.511,10.4196,10.5116,37050,115
2011-07-08,10.511,10.511,10.4196,10.5116,17190,115
2011-07-11,10.511,10.511,10.3282,10.4202,15590,114
2011-07-12,10.4196,10.4196,10.3282,10.4202,37450,114
2011-07-13,10.511,10.511,10.3282,10.3288,30440,113
2011-07-14,10.3282,10.3282,10.2368,10.2374,34560,112
2011-07-15,10.2368,10.3282,10.2368,10.3288,27510,113
2011-07-18,10.4196,10.4196,10.2368,10.3288,21420,113
2011-07-19,10.3282,10.3282,10.1454,10.3288,28770,113
2011-07-20,10.2368,10.3282,10.1454,10.3288,29440,113
2011-07-21,10.3282,10.4196,10.3282,10.4202,15450,114
2011-07-22,10.4196,10.4196,10.3282,10.4202,3970,114
2011-07-25,10.3282,10.511,10.3282,10.5116,23370,115
2011-07-26,10.511,10.511,10.4196,10.5116,32750,115
2011-07-27,10.4196,10.511,10.4196,10.4202,42070,114
2011-07-28,10.4196,10.511,10.3282,10.4202,73650,114
2011-07-29,10.4196,10.511,10.3282,10.5116,18760,115
2011-08-01,10.511,10.511,10.4196,10.4202,21910,114
2011-08-02,10.4196,10.511,10.4196,10.4202,35470,114
2011-08-03,10.4196,10.511,10.3282,10.4202,50780,114
2011-08-04,10.511,10.511,10.4196,10.4202,41060,114
2011-08-05,10.511,10.511,10.4196,10.5116,17830,115
2011-08-08,10.4196,10.511,10.4196,10.4202,16470,114
2011-08-09,10.4196,10.4196,10.3282,10.3288,110330,113
2011-08-10,10.3282,10.511,10.3282,10.5116,26260,115
2011-08-11,10.4196,10.511,10.4196,10.5116,29230,115
2011-08-12,10.4196,10.6024,10.4196,10.5116,48290,115
2011-08-15,10.4196,10.6024,10.4196,10.5116,29920,115
2011-08-16,10.6024,10.6938,10.511,10.603,26720,116
2011-08-17,10.6024,10.8766,10.6024,10.6944,14410,117
2011-08-18,10.6938,10.6938,10.6024,10.6944,44210,117
2011-08-19,10.6938,10.6938,10.6024,10.6944,14390,117
2011-08-22,10.6938,10.6938,10.6024,10.6944,38740,117
2011-08-23,10.6938,10.7852,10.6024,10.7859,17350,118
2011-08-24,10.968,10.968,10.7852,10.8773,24840,119
2011-08-25,10.8766,10.8766,10.7852,10.8773,13780,119
2011-08-26,10.8766,10.968,10.8766,10.9687,10570,120
2011-08-29,10.968,11.1508,10.968,11.1515,29470,122
2011-08-30,11.425,11.6078,11.3336,11.5171,27280,126
2011-08-31,11.6078,11.6078,11.425,11.5171,33460,126
2011-09-01,11.6078,11.6992,11.6078,11.6999,52200,128
2011-09-05,11.6992,11.882,11.425,11.6085,36040,127
2011-09-06,11.5164,11.6992,11.425,11.6999,34500,128
2011-09-07,11.882,11.9734,11.6078,11.8827,49590,130
2011-09-08,11.882,12.0648,11.882,11.9741,22370,131
2011-09-09,11.882,11.9734,11.882,11.9741,13860,131
2011-09-12,12.1562,12.1562,11.9734,12.1569,36180,133
2011-09-13,12.3291,12.3291,12.1437,12.1565,29770,131
2011-09-14,12.1437,12.1437,11.6802,11.7853,71230,127
2011-09-15,11.5875,11.8656,11.5875,11.6925,38280,126
2011-09-16,11.5875,11.7729,11.5875,11.6925,9340,126
2011-09-19,11.8656,11.8656,11.5875,11.7853,16810,127
2011-09-20,11.7729,11.8656,11.6802,11.8781,11080,128
2011-09-21,11.8656,12.051,11.8656,12.0637,18650,130
2011-09-22,12.1437,12.1437,11.9583,11.9709,27750,129
2011-09-23,11.7729,11.9583,11.6802,11.9709,25360,129
2011-09-26,12.051,12.051,11.7729,11.7853,16220,127
2011-09-27,11.6802,11.7729,11.6802,11.7853,31660,127
2011-09-28,11.9583,11.9583,11.7729,11.8781,26870,128
2011-09-29,11.7729,11.8656,11.6802,11.6925,20480,126
2011-09-30,11.6802,11.6802,11.4948,11.5997,84360,125
2011-10-03,11.5875,11.6802,11.4948,11.6925,39150,126
2011-10-04,11.4948,11.6802,11.4948,11.5997,11840,125
2011-10-05,11.6802,11.6802,11.5875,11.6925,4760,126
2011-10-06,11.8656,11.8656,11.6802,11.8781,42090,128
2011-10-07,11.8656,12.051,11.7729,12.0637,63870,130
2011-10-10,12.051,12.051,11.7729,11.9709,23710,129
2011-10-11,11.8656,11.9583,11.7729,11.8781,28970,128
2011-10-12,11.7729,11.7729,11.6802,11.7853,30310,127
2011-10-13,11.8656,11.8656,11.7729,11.7853,5220,127
2011-10-14,11.7729,11.9583,11.7729,11.8781,8620,128
2011-10-17,11.8656,11.8656,11.7729,11.7853,12340,127
2011-10-18,11.7729,11.7729,11.6802,11.7853,11450,127
2011-10-19,11.7729,11.7729,11.6802,11.6925,9190,126
2011-10-20,11.6802,11.7729,11.5875,11.7853,17960,127
2011-10-21,11.6802,11.8656,11.6802,11.8781,13840,128
2011-10-24,11.8656,11.8656,11.6802,11.7853,16980,127
2011-10-25,11.7729,11.7729,11.7729,11.7853,17430,127
2011-10-26,11.7729,11.7729,11.6802,11.6925,17120,126
2011-10-27,11.7729,11.7729,11.6802,11.7853,8320,127
2011-10-28,11.7729,11.8656,11.6802,11.8781,36340,128
2011-10-31,11.8656,11.8656,11.7729,11.7853,23610,127
2011-11-01,11.8656,11.8656,11.7729,11.7853,13390,127
2011-11-02,11.9583,12.3291,11.9583,12.3421,77830,133
2011-11-03,12.5145,12.6072,12.4218,12.5277,27160,135
2011-11-04,12.7926,13.0707,12.6072,12.9916,89310,140
2011-11-07,13.0707,13.6269,13.0707,13.3628,64240,144
2011-11-08,13.4415,13.4415,13.1634,13.3628,39610,144
2011-11-09,13.3488,13.3488,13.0707,13.1772,49630,142
2011-11-10,13.0707,13.0707,12.7926,12.8061,65310,138
2011-11-11,12.7926,12.8853,12.6999,12.8061,39150,138
2011-11-14,12.978,12.978,12.6999,12.9916,29330,140
2011-11-15,13.0707,13.0707,12.8853,12.8988,37950,139
2011-11-16,12.8853,12.978,12.8853,12.8988,24020,139
2011-11-17,12.7926,12.7926,12.6072,12.6205,67630,136
2011-11-18,12.6072,12.6072,12.5145,12.6205,44820,136
2011-11-21,12.7926,13.1634,12.6999,13.1772,110960,142
2011-11-22,13.3488,13.3488,13.1634,13.1772,14750,142
2011-11-23,13.1634,13.1634,12.978,13.1772,18580,142
2011-11-24,12.978,12.978,12.7926,12.8061,42920,138
2011-11-25,12.4218,12.7926,12.4218,12.7133,137680,137
2011-11-28,12.6072,12.7926,12.5145,12.6205,144480,136
2011-11-29,13.2145,13.2145,12.8668,12.875,97420,92.5
2011-11-30,12.7972,12.7972,12.5886,12.7358,62840,91.5
2011-12-01,12.7277,12.7972,12.6581,12.7358,53290,91.5
2011-12-02,12.8668,12.8668,12.6581,12.7358,25460,91.5
2011-12-05,12.7277,12.8668,12.6581,12.8054,29060,92
2011-12-06,12.8668,12.8668,12.7972,12.8054,51160,92
2011-12-07,12.7972,12.8668,12.7277,12.8054,28330,92
2011-12-08,12.7972,12.8668,12.7277,12.8054,31310,92
2011-12-09,12.7277,12.8668,12.7277,12.8054,39340,92
2011-12-12,12.9363,12.9363,12.6581,12.7358,63750,91.5
2011-12-13,12.7277,12.7277,12.519,12.527,61730,90
2011-12-14,12.6581,12.6581,12.4495,12.4574,38580,89.5
2011-12-15,12.3799,12.5886,12.3799,12.527,51420,90
2011-12-16,12.5886,12.6581,12.519,12.5966,15010,90.5
2011-12-19,12.7277,12.7277,12.5886,12.7358,24600,91.5
2011-12-20,12.7972,12.8668,12.7277,12.8054,46580,92
2011-12-21,12.7972,12.8668,12.7972,12.8054,27170,92
2011-12-22,12.7972,12.7972,12.519,12.5966,41350,90.5
2011-12-23,12.2408,12.5886,12.2408,12.4574,24780,89.5
2011-12-26,12.5886,12.5886,12.3104,12.3878,37980,89
2011-12-27,12.3799,12.4495,12.3104,12.3878,28240,89
2011-12-28,12.4495,12.4495,12.3104,12.4574,25500,89.5
2011-12-29,12.4495,12.4495,12.3799,12.3878,18900,89
2011-12-30,12.3799,12.3799,12.0322,12.0399,123160,86.5
2012-01-03,11.8235,11.8931,11.6149,11.7615,122220,84.5
2012-01-04,11.6149,11.6149,11.4758,11.4831,113820,82.5
2012-01-05,11.1976,11.2671,10.9889,11.0655,157620,79.5
2012-01-06,10.8498,11.4062,10.8498,11.2047,81310,80.5
2012-01-09,11.1976,11.2671,11.0585,11.2743,28260,81
2012-01-10,11.1976,11.3367,11.128,11.2743,33380,81
2012-01-11,11.2671,11.3367,11.1976,11.2743,34870,81
2012-01-12,11.128,11.2671,11.128,11.2743,24450,81
2012-01-13,11.128,11.4062,11.128,11.4135,47950,82
2012-01-16,11.3367,11.8235,11.3367,11.7615,86260,84.5
2012-01-17,11.754,11.9626,11.754,11.8311,83290,85
2012-01-18,11.8235,11.9626,11.754,11.7615,51380,84.5
2012-01-19,11.6844,11.8235,11.6844,11.8311,71610,85
2012-01-20,11.8931,11.9626,11.754,11.7615,69000,84.5
2012-01-30,11.754,11.8235,11.754,11.8311,36330,85
2012-01-31,11.8931,12.1017,11.8931,11.9703,65290,86
2012-02-01,11.9626,12.0322,11.8931,12.0399,76400,86.5
2012-02-02,12.1017,12.2408,12.0322,12.2487,84150,88
2012-02-03,12.2408,12.519,12.1713,12.1791,93970,87.5
2012-02-06,12.1713,12.1713,12.1017,12.1095,41690,87
2012-02-07,12.1017,12.1017,12.0322,12.1095,52570,87
2012-02-08,12.1017,12.1713,12.0322,12.1791,38740,87.5
2012-02-09,12.2408,12.3104,12.1713,12.3182,88490,88.5
2012-02-10,12.3104,12.3104,12.1713,12.1791,58100,87.5
2012-02-13,12.1713,12.1713,12.1017,12.1095,44190,87
2012-02-14,12.1017,12.3104,12.1017,12.1791,102980,87.5
2012-02-15,12.1713,12.2408,12.1017,12.2487,53070,88
2012-02-16,12.1713,12.3104,12.1713,12.3182,51650,88.5
2012-02-17,12.3104,12.7277,12.3104,12.6662,187050,91
2012-02-20,12.6581,12.8668,12.6581,12.8054,147320,92
2012-02-21,12.7972,12.8668,12.7277,12.7358,125680,91.5
2012-02-22,12.7277,12.7972,12.6581,12.7358,33410,91.5
2012-02-23,12.7277,12.7972,12.5886,12.8054,125140,92
2012-02-24,12.7972,12.8668,12.7277,12.7358,74330,91.5
2012-02-27,12.6581,12.7972,12.6581,12.7358,39620,91.5
2012-02-28,12.6581,12.7277,12.5886,12.6662,78200,91
2012-02-29,12.5886,12.7277,12.5886,12.6662,49630,91
2012-03-01,12.6581,12.6581,12.5886,12.5966,65630,90.5
2012-03-02,12.5886,12.6581,12.519,12.6662,66390,91
2012-03-05,12.7277,13.2841,12.7277,13.2926,286510,95.5
2012-03-06,13.3536,13.4927,12.7972,12.875,123860,92.5
2012-03-07,12.9363,13.0059,12.7972,13.0142,99820,93.5
2012-03-08,12.8668,13.0059,12.7277,12.7358,69380,91.5
2012-03-09,12.7972,12.7972,12.6581,12.6662,99620,91
2012-03-12,12.7972,12.7972,12.6581,12.7358,41330,91.5
2012-03-13,12.7277,12.7972,12.6581,12.7358,47600,91.5
2012-03-14,12.7277,12.8668,12.7277,12.7358,127380,91.5
2012-03-15,12.7972,12.8668,12.7277,12.875,47290,92.5
2012-03-16,12.8668,12.8668,12.7277,12.7358,44730,91.5
2012-03-19,12.6581,12.7972,12.6581,12.7358,31000,91.5
2012-03-20,12.7277,12.7972,12.6581,12.7358,48840,91.5
2012-03-21,12.7972,12.7972,12.7277,12.7358,74890,91.5
2012-03-22,12.7277,12.7972,12.7277,12.7358,65490,91.5
2012-03-23,12.7277,13.3536,12.7277,13.3622,268540,96
2012-03-26,13.3536,13.4927,13.0754,13.1534,112890,94.5
2012-03-27,13.145,13.145,12.8668,12.875,124680,92.5
2012-03-28,12.8668,13.0754,12.8668,13.0142,75600,93.5
2012-03-29,13.0059,13.0059,12.8668,12.875,120740,92.5
2012-03-30,12.9363,12.9363,12.7972,12.8054,65720,92
2012-04-03,12.7972,12.9363,12.7277,12.9446,53400,93
2012-04-04,12.9363,12.9363,12.8668,12.9446,25930,93
2012-04-05,12.8668,13.0059,12.8668,12.9446,69230,93
2012-04-06,13.1535,13.2246,13.0824,13.1579,68510,92.5
2012-04-09,13.0824,13.1535,13.0824,13.0868,37260,92
2012-04-10,13.0824,13.1535,13.0113,13.0157,56370,91.5
2012-04-11,13.0113,13.0824,12.9402,13.0157,106860,91.5
2012-04-12,13.0824,13.0824,12.9402,13.0157,112730,91.5
2012-04-13,13.0113,13.0824,12.9402,12.9445,57860,91
2012-04-16,13.0113,13.0824,12.9402,12.9445,76040,91
2012-04-17,12.9402,12.9402,12.8691,12.9445,55700,91
2012-04-18,12.9402,13.0113,12.8691,12.9445,63330,91
2012-04-19,12.9402,12.9402,12.798,12.8023,46850,90
2012-04-20,12.798,12.8691,12.798,12.8023,35510,90
2012-04-23,12.798,12.8691,12.798,12.8023,38710,90
2012-04-24,12.798,12.798,12.7269,12.8023,37120,90
2012-04-25,12.798,12.8691,12.7269,12.8023,63730,90
2012-04-26,12.798,13.2246,12.798,12.9445,101530,91
2012-04-27,12.9402,12.9402,12.8691,12.8734,54240,90.5
2012-05-02,12.8691,12.8691,12.798,12.8734,41370,90.5
2012-05-03,12.8691,12.8691,12.7269,12.8023,64330,90
2012-05-04,12.798,12.8691,12.7269,12.8023,59720,90
2012-05-07,12.798,12.9402,12.798,12.8023,69910,90
2012-05-08,12.798,12.8691,12.798,12.8023,69000,90
2012-05-09,12.798,12.8691,12.7269,12.8734,43560,90.5
2012-05-10,12.798,12.8691,12.7269,12.8023,45530,90
2012-05-11,12.798,12.8691,12.7269,12.8023,50830,90
2012-05-14,12.798,12.798,12.7269,12.7312,84350,89.5
2012-05-15,12.7269,12.798,12.6558,12.66,67260,89
2012-05-16,12.6558,12.7269,12.5136,12.5178,57190,88
2012-05-17,12.5847,12.6558,12.5136,12.5178,27270,88
2012-05-18,12.4425,12.5136,12.3714,12.4467,58560,87.5
2012-05-21,12.5136,12.6558,12.5136,12.66,14130,89
2012-05-22,12.5136,12.6558,12.5136,12.5178,15730,88
2012-05-23,12.4425,12.5136,12.4425,12.4467,40110,87.5
2012-05-24,12.3714,12.4425,12.3003,12.3044,61880,86.5
2012-05-25,12.3003,12.5136,12.3003,12.4467,82940,87.5
2012-05-28,12.5136,12.5136,12.3714,12.3755,14950,87
2012-05-29,12.3714,12.4425,12.3003,12.4467,15600,87.5
2012-05-30,12.5136,12.5136,12.3714,12.4467,12400,87.5
2012-05-31,12.3003,12.4425,12.3003,12.3044,42150,86.5
2012-06-01,12.3714,12.3714,12.3003,12.3755,26750,87
2012-06-04,12.3003,12.3714,12.2292,12.2333,12990,86
2012-06-05,12.2292,12.3003,12.1581,12.3044,19660,86.5
2012-06-06,12.3714,12.3714,12.1581,12.2333,32320,86
2012-06-07,12.2292,12.3003,12.1581,12.2333,39360,86
2012-06-08,12.2292,12.3714,12.1581,12.1622,33020,85.5
2012-06-11,12.1581,12.2292,12.1581,12.2333,16730,86
2012-06-12,12.1581,12.2292,12.087,12.2333,45850,86
2012-06-13,12.1581,12.2292,12.1581,12.2333,21900,86
2012-06-14,12.2292,12.3714,12.2292,12.3044,42350,86.5
2012-06-15,12.3714,12.7269,12.3003,12.5889,114830,88.5
2012-06-18,12.5847,12.5847,12.4425,12.5178,40020,88
2012-06-19,12.5136,12.5136,12.3714,12.5178,36490,88
2012-06-20,12.5136,12.5136,12.3714,12.4467,25970,87.5
2012-06-21,12.3714,12.5136,12.3003,12.3044,27850,86.5
2012-06-22,12.3714,12.3714,12.2292,12.3044,15670,86.5
2012-06-25,12.3003,12.4425,12.2292,12.3044,30180,86.5
2012-06-26,12.2292,12.3003,12.1581,12.2333,42190,86
2012-06-27,12.2292,12.2292,12.2292,12.2333,16660,86
2012-06-28,12.2292,12.2292,12.1581,12.2333,27000,86
2012-06-29,12.3003,12.5136,12.1581,12.5178,39480,88
2012-07-02,12.5136,12.5136,12.3003,12.4467,29330,87.5
2012-07-03,12.3714,12.3714,12.2292,12.3755,20830,87
2012-07-04,12.4425,12.4425,12.2292,12.3755,23450,87
2012-07-05,12.3714,12.4425,12.3003,12.3755,36390,87
2012-07-06,12.3714,12.3714,12.3003,12.3044,29930,86.5
2012-07-09,12.2292,12.3003,12.1581,12.1622,49080,85.5
2012-07-10,12.1581,12.2292,12.087,12.1622,46570,85.5
2012-07-11,12.1581,12.2292,12.1581,12.2333,18160,86
2012-07-12,12.2292,12.3003,12.1581,12.3044,23980,86.5
2012-07-13,12.3714,12.4425,12.2292,12.4467,62810,87.5
2012-07-16,12.3714,12.4425,12.3003,12.3044,45300,86.5
2012-07-17,12.2292,12.3714,12.2292,12.3044,18490,86.5
2012-07-18,12.3003,12.4425,12.2292,12.4467,29510,87.5
2012-07-19,12.3714,12.4425,12.3003,12.4467,30960,87.5
2012-07-20,12.4425,12.5136,12.4425,12.4467,41430,87.5
2012-07-23,12.4425,12.5136,12.3714,12.3755,35950,87
2012-07-24,12.3003,12.3714,12.3003,12.3755,41530,87
2012-07-25,12.3714,12.3714,12.3003,12.3755,33280,87
2012-07-26,12.3714,12.4425,12.3714,12.3755,80360,87
2012-07-27,12.3714,12.4425,12.3003,12.3755,29400,87
2012-07-30,12.4425,12.798,12.3714,12.66,198350,89
2012-07-31,12.6558,12.7269,12.5847,12.7312,55330,89.5
2012-08-01,12.6558,12.7269,12.5847,12.66,13990,89
2012-08-02,13.2246,13.2246,13.2246,13.229,122880,93
2012-08-03,13.8645,13.8645,13.8645,13.8691,108780,97.5
2012-08-06,14.5044,14.5044,14.22,14.5093,476860,102
2012-08-07,14.7888,15.0732,14.5044,14.6515,178470,103
2012-08-08,14.5044,14.6466,14.22,14.5093,126630,102
2012-08-09,14.6466,15.0732,14.6466,14.936,118430,105
2012-08-10,14.7888,14.931,14.6466,14.7937,110100,104
2012-08-13,14.6466,15.0732,14.5044,15.0782,95640,106
2012-08-14,15.2154,15.7842,15.0732,15.7895,305460,111
2012-08-15,15.7842,16.4952,15.7842,16.3585,134530,115
2012-08-16,16.4952,16.7796,15.7842,16.074,124080,113
2012-08-17,15.9264,16.0686,15.7842,15.7895,101660,111
2012-08-20,15.7842,16.0686,15.7842,15.9317,145160,112
2012-08-21,15.928,15.928,15.204,15.2082,256230,105
2012-08-22,14.6248,15.7832,14.6248,15.4979,169320,107
2012-08-23,15.3488,15.3488,14.7696,14.7737,216030,102
2012-08-24,14.1904,15.204,14.1904,15.0634,304170,104
2012-08-27,15.204,15.204,14.7696,14.7737,151750,102
2012-08-28,14.7696,15.0592,14.6248,14.9185,83740,103
2012-08-29,14.9144,15.4936,14.9144,15.0634,114520,104
2012-08-30,15.0592,15.204,14.9144,14.9185,87440,103
2012-08-31,15.0592,15.204,14.9144,15.2082,82000,105
2012-09-04,15.204,15.4936,15.204,15.4979,92220,107
2012-09-05,15.4936,15.4936,15.204,15.4979,64770,107
2012-09-06,15.3488,15.4936,15.204,15.2082,84040,105
2012-09-07,15.204,15.4936,15.204,15.3531,46090,106
2012-09-10,15.204,15.3488,14.9144,15.0634,72560,104
2012-09-11,15.0592,15.3488,14.9144,15.2082,29820,105
2012-09-12,15.3488,15.4936,15.204,15.3531,32540,106
2012-09-13,15.3488,15.4936,15.204,15.3531,39500,106
2012-09-14,15.6384,16.0728,15.4936,15.9324,226460,110
2012-09-17,15.928,16.2176,15.928,16.0773,118120,111
2012-09-18,16.0728,16.2176,15.6384,15.6427,134570,108
2012-09-19,15.6384,16.0728,15.6384,15.9324,116200,110
2012-09-20,15.928,16.0728,15.6384,15.9324,142350,110
2012-09-21,15.928,16.0728,15.7832,16.0773,134960,111
2012-09-24,15.928,16.2176,15.928,15.9324,52630,110
2012-09-25,16.0728,16.5072,15.928,16.3669,134760,113
2012-09-26,16.3624,16.9416,16.3624,16.8015,276090,116
2012-09-27,16.9416,17.0864,16.7968,17.0911,183340,118
2012-09-28,16.9416,17.376,16.7968,16.9463,195100,117
2012-10-01,16.9416,17.0864,16.7968,16.8015,196700,116
2012-10-02,16.7968,16.7968,16.5072,16.5118,152200,114
2012-10-03,16.652,16.7968,16.3624,16.6566,87060,115
2012-10-04,16.7968,16.7968,16.5072,16.6566,67390,115
2012-10-05,16.652,16.7968,16.652,16.6566,70040,115
2012-10-08,16.652,17.2312,16.652,17.0911,182160,118
2012-10-09,17.0864,17.2312,16.9416,17.0911,152500,118
2012-10-10,17.0864,17.0864,16.9416,17.0911,38920,118
2012-10-11,17.0864,17.2312,16.9416,17.0911,91520,118
2012-10-12,17.0864,17.2312,16.9416,17.0911,66930,118
2012-10-15,17.376,17.8104,17.2312,17.8153,275440,123
2012-10-16,17.8104,18.6792,17.8104,18.5395,135400,128
2012-10-17,18.5344,18.824,18.2448,18.3947,122380,127
2012-10-18,18.3896,18.824,18.3896,18.8292,162300,130
2012-10-19,19.1136,19.548,18.824,19.2637,256170,133
2012-10-22,19.548,19.6928,19.2584,19.6983,217150,136
2012-10-23,19.6928,19.6928,19.2584,19.6983,152970,136
2012-10-24,19.6928,19.8376,19.2584,19.2637,159880,133
2012-10-25,18.9688,19.1136,18.3896,18.3947,504420,127
2012-10-26,18.3896,18.824,18.2448,18.6844,116860,129
2012-10-29,18.824,18.824,18.3896,18.5395,85000,128
2012-10-30,18.5344,18.6792,18.3896,18.3947,92140,127
2012-10-31,18.3896,18.5344,17.9552,18.105,205220,125
2012-11-01,18.1,18.3896,18.1,18.3947,100580,127
2012-11-02,17.9552,18.1,17.5208,17.5257,278080,121
2012-11-05,17.5208,18.2448,17.376,18.2499,118260,126
2012-11-06,18.2448,18.6792,18.1,18.3947,107980,127
2012-11-07,18.5344,18.5344,18.2448,18.3947,56950,127
2012-11-08,18.2448,18.3896,18.1,18.105,74470,125
2012-11-09,18.1,18.3896,18.1,18.2499,44090,126
2012-11-12,18.2448,18.3896,18.2448,18.3947,49590,127
2012-11-13,18.3896,18.5344,18.2448,18.2499,85010,126
2012-11-14,18.3896,19.1136,18.3896,19.1189,271050,132
2012-11-15,19.548,19.6928,18.9688,19.1189,163380,132
2012-11-16,18.9688,19.1136,18.6792,18.8292,67040,130
2012-11-19,18.824,18.9688,18.5344,18.6844,75120,129
2012-11-20,18.6792,18.824,18.5344,18.8292,122810,130
2012-11-21,18.9688,19.2584,18.824,18.8292,104280,130
2012-11-22,18.824,18.9688,18.6792,18.8292,67600,130
2012-11-23,18.9688,18.9688,18.5344,18.8292,133190,130
2012-11-26,18.824,18.824,18.5344,18.5395,87520,128
2012-11-27,18.5344,18.6792,18.5344,18.6844,53840,129
2012-11-28,18.6792,18.6792,18.5344,18.5395,46200,128
2012-11-29,18.6792,18.824,18.5344,18.6844,63950,129
2012-11-30,18.6792,18.824,18.6792,18.6844,48300,129
2012-12-03,18.6792,18.824,18.5344,18.6844,30000,129
2012-12-04,18.6792,18.824,18.5344,18.8292,40200,130
2012-12-05,18.824,19.1136,18.824,18.9741,81900,131
2012-12-06,18.824,18.9688,18.6792,18.8292,65680,130
2012-12-07,18.824,18.9688,18.6792,18.8292,48390,130
2012-12-10,18.824,18.824,18.6792,18.8292,82630,130
2012-12-11,18.824,18.824,18.5344,18.5395,97810,128
2012-12-12,18.5344,18.6792,18.2448,18.3947,168940,127
2012-12-13,18.3896,18.5344,18.2448,18.3947,110640,127
2012-12-14,18.3896,18.5344,18.2448,18.5395,81460,128
2012-12-17,18.5344,18.5344,18.1,18.105,163990,125
2012-12-18,18.1,18.2448,17.9552,17.9602,254070,124
2012-12-19,18.6792,18.6792,18.3534,18.3576,432340,84.5
2012-12-20,18.1362,18.3534,18.1362,18.249,124180,84
2012-12-21,18.1362,18.2448,17.919,18.0317,109770,83
2012-12-24,18.0276,18.3534,18.0276,18.1403,91700,83.5
2012-12-25,18.2448,18.462,18.1362,18.4662,124470,85
2012-12-26,18.462,19.2222,18.462,19.118,212250,88
2012-12-27,19.2222,19.4394,19.005,19.118,188780,88
2012-12-28,19.1136,19.1136,18.7878,19.118,99400,88
2013-01-02,19.005,19.1136,18.8964,18.9007,199930,87
2013-01-03,18.8964,19.005,18.6792,18.7921,146370,86.5
2013-01-04,18.6792,19.1136,18.6792,19.118,147250,88
2013-01-07,19.1136,19.3308,19.1136,19.118,135530,88
2013-01-08,19.1136,19.9824,19.1136,19.987,629670,92
2013-01-09,20.9598,20.9598,20.3082,20.7473,455050,95.5
2013-01-10,20.7426,21.72,20.634,21.7249,593410,100
2013-01-11,22.1544,22.5888,21.9372,22.3767,362160,103
2013-01-14,21.9372,22.1544,21.3942,21.6163,371220,99.5
2013-01-15,21.5028,21.9372,21.5028,21.7249,192400,100
2013-01-16,21.72,21.9372,21.5028,21.6163,215810,99.5
2013-01-17,21.6114,21.6114,21.2856,21.2904,291160,98
2013-01-18,21.2856,21.3942,20.9598,21.1818,206860,97.5
2013-01-21,21.2856,21.3942,20.9598,20.9646,75950,96.5
2013-01-22,20.8512,21.177,20.7426,20.9646,246990,96.5
2013-01-23,21.2856,21.9372,21.2856,21.2904,250560,98
2013-01-24,21.2856,21.6114,21.2856,21.5077,160380,99
2013-01-25,21.5028,21.72,21.3942,21.6163,430810,99.5
2013-01-28,21.72,23.0232,21.72,22.8112,657030,105
2013-01-29,22.5888,22.806,22.1544,22.5939,273610,104
2013-01-30,22.3716,22.5888,22.1544,22.3767,245500,103
2013-01-31,22.1544,22.3716,21.9372,21.9422,169570,101
2013-02-01,21.72,22.1544,21.6114,22.1594,277990,102
2013-02-04,22.1544,22.1544,21.9372,21.9422,117260,101
2013-02-05,22.1544,22.1544,21.6114,21.6163,432970,99.5
2013-02-06,21.6114,22.3716,21.6114,22.3767,187250,103
2013-02-07,22.1544,22.3716,22.1544,22.1594,105610,102
2013-02-08,22.1544,22.3716,21.9372,22.1594,78380,102
2013-02-18,22.3716,22.3716,21.9372,22.1594,125690,102
2013-02-19,21.9372,22.3716,21.9372,21.9422,185290,101
2013-02-20,21.9372,23.2404,21.72,22.5939,466760,104
2013-02-21,22.806,22.806,21.9372,21.9422,236050,101
2013-02-22,22.1544,22.5888,21.72,22.1594,348530,102
2013-02-25,22.3716,22.5888,22.1544,22.3767,167680,103
2013-02-26,22.3716,22.5888,21.9372,21.9422,193660,101
2013-02-27,22.1544,22.3716,21.9372,22.1594,129120,102
2013-02-28,22.3716,22.5888,22.1544,22.3767,161170,103
2013-03-01,22.3716,22.5888,22.3716,22.3767,91290,103
2013-03-04,22.3716,22.5888,22.1544,22.1594,138270,102
2013-03-05,22.1544,22.3716,21.9372,22.3767,207890,103
2013-03-06,22.806,23.0232,22.5888,22.8112,266470,105
2013-03-07,22.806,22.806,22.3716,22.8112,135160,105
2013-03-08,22.5888,22.806,22.5888,22.5939,96980,104
2013-03-11,22.5888,22.806,22.3716,22.8112,120190,105
2013-03-12,22.5888,22.806,22.3716,22.5939,113410,104
2013-03-13,22.5888,22.806,22.3716,22.5939,136290,104
2013-03-14,22.5888,22.5888,22.3716,22.5939,53170,104
2013-03-15,22.3716,22.5888,22.3716,22.5939,75460,104
2013-03-18,22.5888,23.4576,22.3716,22.8112,383160,105
2013-03-19,23.0232,23.0232,22.806,22.8112,79440,105
2013-03-20,23.0232,23.2404,22.806,23.2457,163400,107
2013-03-21,23.2404,24.3264,23.2404,24.1147,697470,111
2013-03-22,24.3264,24.978,24.1092,24.5492,509210,113
2013-03-25,24.7608,24.978,24.3264,24.9837,275760,115
2013-03-26,24.978,24.978,24.3264,24.5492,265980,113
2013-03-27,24.5436,24.7608,24.3264,24.5492,216610,113
2013-03-28,24.7608,24.978,24.5436,24.9837,142890,115
2013-03-29,24.7608,25.1952,24.5436,25.2009,395970,116
2013-04-01,25.4124,26.4984,25.4124,26.5044,499290,122
2013-04-02,26.4984,27.15,26.4984,26.5044,403390,122
2013-04-03,26.2812,26.7156,26.2812,26.7217,350420,123
2013-04-04,26.4984,26.7156,26.064,26.0699,443960,120
2013-04-05,26.2812,26.7156,26.064,26.7217,175850,123
2013-04-08,26.7156,27.15,26.7156,27.1562,173740,125
2013-04-09,27.15,28.236,27.15,28.0252,299320,129
2013-04-10,28.236,28.8876,27.3672,27.3734,454070,126
2013-04-11,27.8016,28.0188,27.15,27.8079,526180,128
2013-04-12,27.8016,28.0188,26.9328,27.1562,362540,125
2013-04-15,26.9328,26.9328,26.064,26.0699,575370,120
2013-04-16,25.8468,26.4984,24.978,26.2872,579830,121
2013-04-17,26.7156,26.9328,26.2812,26.9389,183330,124
2013-04-18,26.4984,26.7156,26.2812,26.7217,198330,123
2013-04-22,26.4984,26.7156,26.2812,26.5044,169190,122
2013-04-23,26.9328,27.3672,26.7156,27.1562,248200,125
2013-04-24,27.15,27.15,26.9328,27.1562,64650,125
2013-04-25,27.15,27.3672,26.9328,27.3734,103840,126
2013-04-26,27.3672,27.5844,26.9328,26.9389,298840,124
2013-05-02,26.7156,26.7156,26.2812,26.5044,177790,122
2013-05-03,26.2812,26.7156,26.2812,26.7217,91300,123
2013-05-06,26.9328,27.15,26.7156,27.1562,175190,125
2013-05-07,27.15,27.3672,26.9328,26.9389,156630,124
2013-05-08,26.9328,26.9328,26.7156,26.9389,47030,124
2013-05-09,26.7156,26.9328,26.7156,26.9389,66390,124
2013-05-10,26.9328,27.15,26.7156,26.9389,189470,124
2013-05-13,26.9328,26.9328,26.7156,26.9389,51040,124
2013-05-14,26.7156,26.9328,26.4984,26.9389,174290,124
2013-05-15,26.7156,27.15,26.7156,26.9389,125890,124
2013-05-16,26.9328,27.15,26.7156,27.1562,154240,125
2013-05-17,27.15,27.3672,26.9328,27.1562,170120,125
2013-05-20,27.3672,27.3672,26.9328,27.3734,212390,126
2013-05-21,27.5844,28.4532,27.5844,27.8079,599420,128
2013-05-22,28.0188,28.236,27.8016,28.2424,185010,130
2013-05-23,28.236,28.6704,28.0188,28.2424,271020,130
2013-05-24,28.0188,28.8876,28.0188,28.4597,381910,131
2013-05-27,28.6704,29.5392,28.6704,29.1114,446120,134
2013-05-28,29.322,29.322,29.1048,29.3287,183380,135
2013-05-29,29.322,29.322,28.8876,28.8942,231110,133
2013-05-30,29.1048,29.1048,28.6704,29.1114,185110,134
2013-05-31,29.1048,29.5392,28.8876,29.1114,264490,134
2013-06-03,29.1048,29.322,28.8876,28.8942,129090,133
2013-06-04,28.8876,29.1048,28.6704,28.6769,189940,132
2013-06-05,28.8876,29.1048,28.6704,29.1114,199230,134
2013-06-06,29.1048,29.322,28.8876,29.3287,188880,135
2013-06-07,29.5392,29.7564,29.322,29.5459,146880,136
2013-06-10,29.7564,30.1908,29.7564,29.9804,290650,138
2013-06-11,30.1908,30.408,29.7564,30.4149,164490,140
2013-06-12,30.408,30.408,30.1908,30.1977,108800,139
2013-06-13,29.9736,29.9736,29.5392,29.9804,257630,138
2013-06-14,30.1537,30.3738,29.9336,30.1552,76880,137
2013-06-17,30.1537,30.1537,29.0532,29.0546,390940,132
2013-06-18,29.0532,29.4934,29.0532,29.2747,120890,133
2013-06-19,29.7135,29.9336,29.4934,29.715,130700,135
2013-06-20,29.7135,29.9336,29.2733,29.4949,112610,134
2013-06-21,29.2733,29.7135,29.2733,29.4949,123320,134
2013-06-24,29.7135,29.7135,29.0532,29.4949,154040,134
2013-06-25,29.2733,29.4934,27.9527,28.6144,419640,130
2013-06-26,28.613,28.8331,28.3929,28.6144,226880,130
2013-06-27,28.8331,29.0532,28.613,29.0546,205810,132
2013-06-28,29.0532,29.2733,28.8331,29.0546,100240,132
2013-07-01,28.613,29.0532,28.613,28.8345,113300,131
2013-07-02,29.2733,29.7135,29.2733,29.715,346060,135
2013-07-03,29.7135,29.9336,29.4934,29.4949,149530,134
2013-07-04,29.4934,29.7135,29.2733,29.4949,97200,134
2013-07-05,29.4934,29.7135,29.2733,29.4949,72890,134
2013-07-08,29.4934,29.7135,29.2733,29.4949,130740,134
2013-07-09,29.7135,30.1537,29.7135,29.9351,189580,136
2013-07-10,30.1537,30.3738,29.9336,29.9351,161190,136
2013-07-11,29.9336,30.1537,29.7135,29.9351,112390,136
2013-07-12,29.9336,30.1537,29.7135,30.1552,153350,137
2013-07-15,30.1537,30.3738,29.9336,30.1552,122900,137
2013-07-16,30.1537,30.814,30.1537,30.5954,506730,139
2013-07-17,30.814,30.814,30.3738,30.8155,245830,140
2013-07-18,30.5939,31.0341,30.5939,30.8155,201870,140
2013-07-19,31.0341,31.6944,31.0341,31.696,422230,144
2013-07-22,31.6944,31.9145,31.2542,31.9161,209600,145
2013-07-23,32.1346,32.3547,31.9145,31.9161,382650,145
2013-07-24,31.9145,31.9145,31.2542,31.2557,386880,142
2013-07-25,31.2542,31.6944,31.0341,31.4759,230340,143
2013-07-26,31.4743,31.6944,31.2542,31.696,162950,144
2013-07-29,31.6944,31.9145,31.0341,31.0356,253290,141
2013-07-30,31.2542,31.4743,31.0341,31.2557,241950,142
2013-07-31,31.2542,31.9145,31.2542,31.9161,247770,145
2013-08-01,31.9145,32.1346,31.6944,31.9161,183380,145
2013-08-02,32.1346,32.3547,31.9145,32.1362,174920,146
2013-08-05,32.1346,32.3547,31.6944,31.696,371780,144
2013-08-06,31.6944,32.3547,31.4743,32.1362,291030,146
2013-08-07,32.1346,32.1346,31.9145,31.9161,292010,145
2013-08-08,31.9145,32.1346,31.6944,31.9161,151820,145
2013-08-09,31.9145,32.1346,31.6944,31.9161,159070,145
2013-08-12,32.1346,32.1346,31.9145,31.9161,116260,145
2013-08-13,31.9145,32.3547,31.9145,32.3563,213280,147
2013-08-14,32.3547,32.7949,32.1346,32.7965,206100,149
2013-08-15,33.015,33.2351,32.7949,33.2367,258740,151
2013-08-16,33.2351,33.2351,32.5748,33.0166,395060,150
2013-08-19,32.7949,33.015,32.5748,33.0166,587140,150
2013-08-20,33.004,33.227,32.335,32.5694,600930,146
2013-08-21,32.335,32.558,32.112,32.5694,232120,146
2013-08-22,32.335,32.558,31.889,31.9001,479780,143
2013-08-23,31.889,31.889,29.882,30.3386,1332760,136
2013-08-26,30.105,31.22,29.213,31.2309,799920,140
2013-08-27,30.997,31.22,30.551,31.0078,375240,139
2013-08-28,30.774,30.774,29.659,29.6694,704560,133
2013-08-29,29.659,30.105,29.436,29.4463,686640,132
2013-08-30,29.436,29.659,28.098,29.0001,989560,130
2013-09-03,29.436,30.105,29.213,29.6694,240850,133
2013-09-04,30.105,30.997,30.105,30.3386,559630,136
2013-09-05,30.997,31.666,30.774,31.0078,606010,139
2013-09-06,31.666,31.666,30.774,31.0078,622950,139
2013-09-09,30.774,30.997,30.105,30.3386,213380,136
2013-09-10,30.328,30.774,30.328,30.7847,98300,138
2013-09-11,30.774,30.997,30.551,30.7847,145120,138
2013-09-12,30.774,30.774,30.551,30.5617,67390,137
2013-09-13,30.551,30.774,30.328,30.7847,57390,138
2013-09-16,30.774,30.774,30.328,30.5617,62070,137
2013-09-17,30.551,30.774,30.328,30.5617,82100,137
2013-09-18,30.774,30.774,30.328,30.3386,73620,136
2013-09-19,30.551,30.774,30.328,30.5617,58080,137
2013-09-20,30.551,30.774,30.328,30.7847,35340,138
2013-09-23,30.551,30.774,30.328,30.5617,128710,137
2013-09-24,30.551,30.774,30.328,30.7847,61330,138
2013-09-25,30.551,31.889,30.551,31.2309,257540,140
2013-09-26,31.22,31.443,30.997,31.0078,91970,139
2013-09-27,30.997,31.22,30.774,31.2309,57260,140
2013-09-30,31.22,31.443,30.997,31.454,92160,141
2013-10-01,31.443,31.666,30.997,31.0078,124630,139
2013-10-02,30.997,31.443,30.997,31.2309,98350,140
2013-10-03,31.22,31.22,30.997,31.0078,61720,139
2013-10-04,30.997,31.22,30.774,31.2309,88360,140
2013-10-07,31.22,31.443,30.997,31.2309,153310,140
2013-10-08,31.22,31.22,30.997,31.2309,156730,140
2013-10-09,31.22,31.889,30.997,31.6771,334620,142
2013-10-10,31.666,31.889,31.22,31.2309,129610,140
2013-10-11,31.443,31.666,31.22,31.2309,160730,140
2013-10-14,31.22,31.666,31.22,31.454,91900,141
2013-10-15,31.443,31.666,31.22,31.6771,100290,142
2013-10-16,31.666,31.666,31.443,31.6771,110980,142
2013-10-17,31.666,31.889,31.443,31.454,125820,141
2013-10-18,31.443,31.666,31.443,31.6771,139400,142
2013-10-21,31.666,31.666,31.443,31.6771,83200,142
2013-10-22,31.666,31.666,31.443,31.454,91480,141
2013-10-23,31.666,31.666,31.443,31.454,35240,141
2013-10-24,31.443,32.112,31.443,31.6771,428810,142
2013-10-25,31.889,32.112,31.666,31.6771,107840,142
2013-10-28,31.666,31.889,31.443,31.454,55650,141
2013-10-29,31.443,31.666,30.997,31.454,272690,141
2013-10-30,31.443,31.443,31.22,31.454,43600,141
2013-10-31,31.443,31.666,31.22,31.2309,78480,140
2013-11-01,31.443,31.443,31.22,31.2309,68120,140
2013-11-04,31.22,31.443,31.22,31.2309,70800,140
2013-11-05,31.22,31.443,31.22,31.454,50920,141
2013-11-06,31.443,31.443,31.22,31.454,181420,141
2013-11-07,31.22,31.443,30.997,31.2309,143750,140
2013-11-08,30.997,31.443,30.997,31.0078,150620,139
2013-11-11,30.997,31.22,30.997,31.0078,72900,139
2013-11-12,30.997,31.22,30.774,31.0078,104860,139
2013-11-13,30.997,30.997,30.774,31.0078,60090,139
2013-11-14,30.997,31.22,30.997,31.0078,90640,139
2013-11-15,30.997,31.666,30.997,31.454,328520,141
2013-11-18,31.443,31.666,31.443,31.6771,118030,142
2013-11-19,31.666,31.889,31.443,31.6771,117700,142
2013-11-20,31.443,31.666,31.443,31.454,82750,141
2013-11-21,31.666,31.666,31.22,31.454,189120,141
2013-11-22,31.443,31.666,31.22,31.454,107010,141
2013-11-25,31.443,31.443,31.22,31.454,84960,141
2013-11-26,31.443,32.335,31.22,32.1232,796250,144
2013-11-27,32.558,32.558,32.112,32.1232,225960,144
2013-11-28,32.112,32.112,31.666,31.6771,268280,142
2013-11-29,31.666,31.889,31.22,31.6771,295470,142
2013-12-02,31.666,31.666,31.443,31.454,167110,141
2013-12-03,31.443,31.889,31.443,31.6771,238710,142
2013-12-04,31.666,31.666,31.443,31.454,164430,141
2013-12-05,31.22,31.666,31.22,31.6771,186610,142
2013-12-06,31.666,31.666,31.443,31.454,39840,141
2013-12-09,31.22,31.443,30.997,31.0078,307050,139
2013-12-10,30.997,31.22,30.774,31.2309,117220,140
2013-12-11,31.22,31.443,30.997,31.454,184110,141
2013-12-12,31.22,31.443,31.22,31.2309,65110,140
2013-12-13,31.443,31.443,30.997,31.2309,58920,140
2013-12-16,31.1777,31.402,31.1777,31.1856,44500,139
2013-12-17,31.402,31.402,30.9534,31.1856,81460,139
2013-12-18,31.1777,31.1777,30.9534,30.9612,125480,138
2013-12-19,31.1777,31.1777,30.9534,31.1856,73390,139
2013-12-20,31.1777,31.1777,30.9534,31.1856,75570,139
2013-12-23,30.9534,31.1777,30.7291,30.9612,82920,138
2013-12-24,30.9534,31.1777,30.7291,30.7369,102300,137
2013-12-25,30.7291,30.7291,30.2805,30.5125,241460,136
2013-12-26,30.5048,30.7291,30.2805,30.2882,209560,135
2013-12-27,30.2805,30.7291,30.2805,30.5125,70280,136
2013-12-30,30.5048,30.7291,30.2805,30.2882,137570,135
2013-12-31,30.2805,30.7291,30.0562,30.2882,196990,135
2014-01-02,30.2805,30.7291,30.2805,30.2882,32520,135
2014-01-03,30.2805,30.5048,30.2805,30.5125,30700,136
2014-01-06,30.2805,30.5048,30.2805,30.5125,77090,136
2014-01-07,30.5048,30.5048,30.2805,30.2882,105870,135
2014-01-08,30.2805,30.5048,30.2805,30.5125,38900,136
2014-01-09,30.5048,30.5048,30.2805,30.5125,31100,136
2014-01-10,30.5048,31.1777,30.5048,30.9612,202890,138
2014-01-13,30.7291,30.9534,30.7291,30.7369,61380,137
2014-01-14,30.7291,30.9534,30.5048,30.7369,92090,137
2014-01-15,30.9534,30.9534,30.5048,30.9612,114260,138
2014-01-16,30.9534,30.9534,30.7291,30.7369,74730,137
2014-01-17,30.7291,31.6263,30.7291,31.1856,540090,139
2014-01-20,31.1777,32.5235,31.1777,31.8586,517140,142
2014-01-21,31.8506,31.8506,31.402,31.6343,99710,141
2014-01-22,31.8506,31.8506,31.1777,31.4099,318980,140
2014-01-23,31.402,31.8506,31.402,31.6343,107370,141
2014-01-24,31.6263,32.0749,31.6263,31.8586,261110,142
2014-01-27,31.8506,31.8506,31.402,31.6343,112900,141
2014-02-06,31.6263,31.8506,31.402,31.4099,177090,140
2014-02-07,31.402,31.6263,31.1777,31.4099,241230,140
2014-02-10,31.402,31.402,30.9534,31.4099,206320,140
2014-02-11,31.1777,31.6263,31.1777,31.1856,263880,139
2014-02-12,31.1777,31.402,31.1777,31.4099,87930,140
2014-02-13,31.6263,31.6263,31.1777,31.1856,146350,139
2014-02-14,31.402,31.8506,31.1777,31.4099,303460,140
2014-02-17,31.402,31.6263,31.1777,31.4099,151080,140
2014-02-18,31.402,31.6263,31.1777,31.4099,223130,140
2014-02-19,31.402,31.6263,31.1777,31.1856,226230,139
2014-02-20,31.1777,31.402,30.9534,30.9612,340300,138
2014-02-21,30.9534,31.402,30.7291,30.9612,242430,138
2014-02-24,30.9534,31.402,30.9534,31.1856,172070,139
2014-02-25,31.1777,31.402,30.9534,31.1856,301230,139
2014-02-26,31.1777,31.1777,30.9534,31.1856,138990,139
2014-02-27,31.1777,32.2992,30.9534,31.8586,1220670,142
2014-02-28,32.0749,32.0749,31.6263,31.6343,192120,141
2014-03-03,31.6263,31.6263,31.1777,31.6343,160300,141
2014-03-04,31.402,31.6263,31.1777,31.1856,201430,139
2014-03-05,31.402,31.402,31.1777,31.1856,117520,139
2014-03-06,31.1777,31.402,30.9534,31.1856,265540,139
2014-03-07,31.1777,31.402,30.9534,31.1856,112590,139
2014-03-10,31.1777,31.6263,31.1777,31.4099,197440,140
2014-03-11,31.402,31.6263,31.1777,31.4099,318340,140
2014-03-12,31.402,32.0749,31.402,31.6343,745520,141
2014-03-13,31.6263,32.7478,31.6263,32.7561,1007020,146
2014-03-14,32.9721,34.0936,32.7478,33.6535,797290,150
2014-03-17,33.645,33.8693,32.9721,33.2048,396390,148
2014-03-18,33.1964,33.1964,32.7478,32.9804,441500,147
2014-03-19,32.9721,33.1964,32.5235,32.7561,348960,146
2014-03-20,32.7478,32.9721,32.0749,32.083,441220,143
2014-03-21,32.0749,32.5235,32.0749,32.3074,243070,144
2014-03-24,32.5235,32.7478,32.0749,32.083,446980,143
2014-03-25,32.0749,32.2992,31.8506,31.8586,328350,142
2014-03-26,31.8506,32.0749,31.1777,31.4099,495510,140
2014-03-27,31.6263,31.6263,31.1777,31.4099,273480,140
2014-03-28,31.402,31.8506,31.402,31.6343,208560,141
2014-03-31,31.8506,32.0749,31.6263,31.6343,175880,141
2014-04-01,31.8506,31.8506,31.402,31.6343,181570,141
2014-04-02,31.6263,31.8506,31.402,31.6343,209510,141
2014-04-03,31.6263,32.5235,31.6263,32.3074,277300,144
2014-04-04,32.2992,32.5235,32.0749,32.5317,359580,145
2014-04-07,33.4207,33.645,32.9721,33.2048,761320,148
2014-04-08,33.1964,33.4207,32.9721,32.9804,284200,147
2014-04-10,32.9721,33.1964,32.2992,32.3074,415430,144
2014-04-11,32.0749,32.5235,31.8506,32.083,200970,143
2014-04-14,32.0749,32.2992,31.8506,31.8586,376180,142
2014-04-15,31.8506,32.0749,31.402,31.6343,343490,141
2014-04-16,31.6263,31.8506,31.1777,31.6343,267480,141
2014-04-17,31.6263,31.8506,31.402,31.6343,197770,141
2014-04-18,31.6263,31.6263,31.1777,31.4099,252270,140
2014-04-21,31.402,31.402,31.1777,31.1856,254000,139
2014-04-22,31.402,31.402,30.9534,31.4099,160270,140
2014-04-23,31.402,31.402,31.1777,31.1856,73720,139
2014-04-24,31.1777,31.402,30.9534,31.1856,148570,139
2014-04-25,31.402,31.8506,31.1777,31.6343,162140,141
2014-04-28,31.402,31.402,31.1777,31.1856,157990,139
2014-04-29,30.9534,31.402,30.9534,31.1856,80990,139
2014-05-05,31.1777,31.1777,30.5048,30.7369,264620,137
2014-05-06,30.7291,30.7291,29.6076,29.8394,271300,133
2014-05-07,30.0562,30.5048,29.8319,30.0638,96260,134
2014-05-08,29.8319,29.8319,28.0375,28.0446,866350,125
2014-05-09,28.2618,29.3833,28.0375,29.1664,255360,130
2014-05-12,29.159,29.159,27.3646,27.8202,444150,124
2014-05-13,27.588,28.5,27.588,27.5914,235060,121
2014-05-14,27.132,28.272,27.132,28.2755,283680,124
2014-05-15,27.816,28.5,27.132,27.3634,303320,120
2014-05-16,27.36,27.816,27.132,27.5914,220610,121
2014-05-19,27.588,28.044,27.36,27.8194,165780,122
2014-05-20,27.816,28.272,27.588,28.0474,141870,123
2014-05-21,28.044,28.5,28.044,28.5035,117900,125
2014-05-22,28.5,29.184,28.5,28.7315,205250,126
2014-05-23,28.728,28.956,28.5,28.5035,76260,125
2014-05-26,28.5,28.5,28.044,28.0474,106630,123
2014-05-27,28.272,28.5,27.816,28.2755,155960,124
2014-05-28,28.272,28.5,27.816,28.0474,109830,123
2014-05-29,27.816,28.272,27.816,28.0474,77340,123
2014-05-30,28.044,28.5,28.044,28.0474,138880,123
2014-06-02,28.044,28.5,27.816,28.2755,145600,124
2014-06-03,28.272,28.5,28.044,28.2755,67150,124
2014-06-04,28.272,28.5,28.044,28.2755,182950,124
2014-06-05,28.5,28.5,27.816,28.2755,85820,124
2014-06-06,28.272,28.272,28.044,28.2755,31640,124
2014-06-09,28.272,28.5,28.044,28.2755,167320,124
2014-06-10,28.044,28.272,27.816,27.8194,159700,122
2014-06-11,28.044,28.044,27.588,27.8194,197300,122
2014-06-12,27.816,28.044,27.816,28.0474,105560,123
2014-06-13,28.272,28.272,27.816,27.8194,140310,122
2014-06-16,27.816,28.044,27.816,27.8194,49920,122
2014-06-17,27.816,28.044,27.816,27.8194,174680,122
2014-06-18,27.816,28.044,27.588,27.8194,97760,122
2014-06-19,27.588,27.816,27.588,27.5914,95070,121
2014-06-20,27.816,27.816,27.588,27.5914,82380,121
2014-06-23,27.588,27.816,27.588,27.5914,53690,121
2014-06-24,27.588,27.816,27.588,27.5914,56020,121
2014-06-25,27.816,28.044,27.588,27.8194,92390,122
2014-06-26,27.816,28.044,27.816,28.0474,80110,123
2014-06-27,28.044,28.044,27.816,27.8194,69240,122
2014-06-30,27.816,28.044,27.588,27.8194,62820,122
2014-07-01,28.044,28.044,27.816,27.8194,96620,122
2014-07-02,27.816,28.728,27.816,28.5035,266720,125
2014-07-03,28.728,28.956,28.5,28.9595,175410,127
2014-07-04,29.184,29.868,29.184,29.6436,468050,130
2014-07-07,29.64,29.868,29.184,29.4156,172450,129
2014-07-08,29.184,29.412,28.956,29.4156,159400,129
2014-07-09,29.184,29.412,28.956,29.1876,115540,128
2014-07-10,29.184,29.412,28.728,28.9595,170560,127
2014-07-11,28.956,29.184,28.728,28.9595,61470,127
2014-07-14,28.956,29.184,28.956,29.1876,103120,128
2014-07-15,29.184,29.64,29.184,29.4156,111170,129
2014-07-16,29.64,29.64,29.412,29.4156,183090,129
2014-07-17,29.184,29.412,29.184,29.4156,77000,129
2014-07-18,29.412,30.552,29.412,30.3277,461270,133
2014-07-21,30.78,31.692,30.552,31.6959,703510,139
2014-07-22,31.464,31.692,31.008,31.2398,160470,137
2014-07-23,31.236,31.236,30.78,31.0118,262350,136
2014-07-24,31.008,31.464,31.008,31.2398,135470,137
2014-07-25,31.236,31.236,31.008,31.0118,153460,136
2014-07-28,30.78,31.008,30.324,30.7838,224320,135
2014-07-29,31.008,31.236,30.78,31.0118,119310,136
2014-07-30,31.008,31.008,30.552,30.7838,110970,135
2014-07-31,31.008,31.008,30.78,31.0118,88370,136
2014-08-01,30.78,31.008,30.78,30.7838,130160,135
2014-08-04,30.78,31.236,30.78,31.2398,104770,137
2014-08-05,31.236,31.464,31.008,31.2398,100530,137
2014-08-06,31.464,31.464,31.236,31.4679,60980,138
2014-08-07,31.464,31.92,31.464,31.9239,247390,140
2014-08-08,31.92,32.148,31.692,31.9239,273930,140
2014-08-11,31.92,31.92,31.464,31.4679,255340,138
2014-08-12,31.236,31.464,31.008,31.2398,265420,137
2014-08-13,31.3688,32.4792,31.3688,31.6551,742340,114
2014-08-14,31.6464,32.2016,31.6464,32.2105,444600,116
2014-08-15,32.2016,32.4792,31.924,32.2105,237860,116
2014-08-18,32.2016,32.2016,31.6464,31.9328,207280,115
2014-08-19,31.6464,31.924,31.3688,31.6551,244000,114
2014-08-20,31.3688,31.6464,31.0912,31.0998,215940,112
2014-08-21,31.3688,31.6464,31.0912,31.3774,173720,113
2014-08-22,31.3688,31.6464,31.0912,31.3774,236600,113
2014-08-25,31.3688,31.6464,31.0912,31.0998,376100,112
2014-08-26,31.3688,31.6464,31.0912,31.0998,202450,112
2014-08-27,31.3688,31.3688,31.0912,31.0998,89690,112
2014-08-28,31.0912,31.3688,30.8136,30.8221,178150,111
2014-08-29,30.8136,31.0912,30.8136,30.8221,120030,111
2014-09-03,31.0912,31.3688,30.8136,31.0998,172300,112
2014-09-04,31.0912,31.3688,30.8136,30.8221,64370,111
2014-09-05,31.0912,31.0912,30.8136,30.8221,255710,111
2014-09-08,30.8136,31.0912,30.536,30.8221,219940,111
2014-09-09,30.8136,31.0912,29.9808,30.5444,326820,110
2014-09-10,30.2584,30.536,29.9808,30.2667,180560,109
2014-09-11,30.2584,30.536,29.9808,30.2667,82750,109
2014-09-12,30.2584,30.536,29.9808,30.2667,95110,109
2014-09-15,30.2584,30.2584,29.7032,29.9891,229470,108
2014-09-16,29.9808,30.2584,29.7032,29.9891,81710,108
2014-09-17,29.9808,30.2584,29.7032,29.7114,100720,107
2014-09-18,29.7032,29.9808,29.4256,29.7114,165280,107
2014-09-19,29.4256,29.7032,29.4256,29.4337,61020,106
2014-09-22,29.4256,30.2584,29.4256,29.9891,138640,108
2014-09-23,29.7032,29.9808,29.7032,29.9891,127910,108
2014-09-24,29.7032,29.9808,29.4256,29.4337,60730,106
2014-09-25,29.4256,29.7032,29.148,29.4337,114700,106
2014-09-26,29.4256,29.7032,29.148,29.4337,112450,106
2014-09-29,29.4256,29.4256,29.148,29.156,84300,105
2014-09-30,29.148,29.4256,28.8704,29.156,217550,105
2014-10-01,29.4256,29.9808,29.148,29.7114,166100,107
2014-10-02,29.7032,29.9808,29.4256,29.9891,87900,108
2014-10-03,29.7032,29.9808,29.4256,29.7114,195200,107
2014-10-06,29.4256,29.7032,29.148,29.7114,259250,107
2014-10-07,29.7032,29.7032,29.4256,29.4337,129900,106
2014-10-08,29.4256,31.0912,29.4256,30.5444,424990,110
2014-10-09,30.536,31.0912,30.2584,30.5444,212200,110
2014-10-10,30.536,30.536,29.9808,30.5444,136560,110
2014-10-13,30.2584,30.536,29.9808,30.2667,89590,109
2014-10-14,30.2584,30.2584,29.9808,29.9891,106900,108
2014-10-15,29.9808,29.9808,29.4256,29.4337,201610,106
2014-10-16,29.7032,29.9808,29.148,29.156,292800,105
2014-10-17,29.148,29.7032,28.8704,29.7114,147420,107
2014-10-20,29.7032,29.7032,29.148,29.4337,63930,106
2014-10-21,29.4256,29.9808,29.148,29.7114,172480,107
2014-10-22,29.7032,29.9808,29.4256,29.7114,92200,107
2014-10-23,29.7032,29.9808,29.4256,29.7114,149160,107
2014-10-24,29.7032,29.7032,29.148,29.4337,95410,106
2014-10-27,29.148,29.4256,28.8704,28.8784,131430,104
2014-10-28,28.8704,29.148,28.5928,28.6007,110280,103
2014-10-29,28.8704,29.148,28.3152,28.8784,238380,104
2014-10-30,28.8704,29.148,28.8704,28.8784,49530,104
2014-10-31,28.8704,29.148,28.8704,29.156,35750,105
2014-11-03,29.148,29.4256,29.148,29.156,81050,105
2014-11-04,29.148,29.4256,29.148,29.156,134860,105
2014-11-05,28.8704,29.148,28.5928,28.8784,163990,104
2014-11-06,28.8704,29.148,28.8704,28.8784,57790,104
2014-11-07,28.8704,29.148,28.8704,28.8784,90070,104
2014-11-10,29.148,29.148,28.8704,28.8784,105440,104
2014-11-11,29.148,29.148,28.8704,28.8784,82660,104
2014-11-12,29.148,29.148,28.8704,28.8784,64430,104
2014-11-13,29.148,29.148,28.8704,28.8784,68060,104
2014-11-14,28.8704,29.148,28.5928,28.8784,113180,104
2014-11-17,28.8704,29.148,28.5928,28.8784,87210,104
2014-11-18,28.8704,28.8704,28.5928,28.6007,98550,103
2014-11-19,28.5928,28.8704,28.0376,28.0453,136680,101
2014-11-20,28.3152,28.3152,28.0376,28.0453,78550,101
2014-11-21,28.0376,28.3152,28.0376,28.0453,73130,101
2014-11-24,28.0376,28.0376,27.6212,27.7676,93240,100
2014-11-25,27.76,28.0376,27.76,27.7676,91590,100
2014-11-26,27.76,28.0376,27.4824,27.7676,76560,100
2014-11-27,27.76,27.76,27.4824,27.6288,90390,99.5
2014-11-28,27.4824,27.6212,27.3436,27.49,111560,99
2014-12-01,27.3436,27.6212,27.2048,27.6288,50300,99.5
2014-12-02,27.6212,27.76,27.6212,27.6288,40720,99.5
2014-12-03,27.6212,27.76,27.6212,27.7676,29930,100
2014-12-04,27.76,28.0376,27.6212,28.0453,54480,101
2014-12-05,27.76,28.0376,27.6212,27.6288,48030,99.5
2014-12-08,27.76,27.76,27.6212,27.6288,46290,99.5
2014-12-09,27.6212,27.76,27.3436,27.3511,153170,98.5
2014-12-10,27.4824,27.4824,27.2048,27.49,51450,99
2014-12-11,27.3436,27.4824,27.2048,27.49,27620,99
2014-12-12,27.3436,27.4824,27.3436,27.49,36450,99
2014-12-15,27.4824,27.4824,27.3436,27.3511,46150,98.5
2014-12-16,27.3436,27.3436,26.9272,27.0735,92140,97.5
2014-12-17,27.066,27.2048,25.678,25.6851,232620,92.5
2014-12-18,25.678,26.0944,25.678,26.1016,103250,94
2014-12-19,26.0944,26.2332,25.678,26.1016,135270,94
2014-12-22,26.0944,26.0944,25.8168,25.9628,90260,93.5
2014-12-23,26.2332,27.3436,25.8168,26.5181,245020,95.5
2014-12-24,26.6496,26.6496,26.2332,26.3793,79670,95
2014-12-25,26.2332,26.6496,26.0944,26.2404,89620,94.5
2014-12-26,26.372,26.372,25.9556,26.1016,109890,94
2014-12-29,26.0944,26.2332,25.8168,26.1016,97060,94
2014-12-30,26.0944,26.0944,25.8168,26.1016,50370,94
2014-12-31,26.372,26.5108,26.2332,26.5181,102210,95.5
2015-01-05,26.6496,26.7884,26.5108,26.6569,70290,96
2015-01-06,26.6496,26.9272,26.372,26.6569,100890,96
2015-01-07,26.6496,27.3436,26.6496,27.2123,194130,98
2015-01-08,27.2048,27.4824,27.066,27.3511,70650,98.5
2015-01-09,27.6212,28.5928,27.4824,28.6007,290390,103
2015-01-12,28.5928,28.5928,27.76,27.7676,148470,100
2015-01-13,27.76,28.3152,27.6212,28.323,84550,102
2015-01-14,28.5928,28.5928,27.76,28.0453,87550,101
2015-01-15,28.0376,28.0376,27.6212,27.7676,86090,100
2015-01-16,27.76,27.76,27.6212,27.7676,33740,100
2015-01-19,27.76,27.76,27.4824,27.6288,60950,99.5
2015-01-20,27.3436,28.0376,27.3436,27.7676,70940,100
2015-01-21,28.0376,28.3152,27.6212,27.7676,80930,100
2015-01-22,27.76,28.0376,27.6212,27.6288,42690,99.5
2015-01-23,27.76,28.0376,27.4824,27.7676,82550,100
2015-01-26,27.76,28.0376,27.6212,27.6288,115330,99.5
2015-01-27,27.6212,28.8704,27.6212,28.323,259390,102
2015-01-28,28.0376,28.5928,28.0376,28.0453,82050,101
2015-01-29,28.0376,29.148,28.0376,29.156,402090,105
2015-01-30,28.8704,29.148,28.5928,28.8784,145680,104
2015-02-02,28.8704,29.148,28.5928,28.6007,87980,103
2015-02-03,28.5928,28.8704,28.0376,28.0453,172560,101
2015-02-04,28.0376,28.5928,27.76,28.6007,97720,103
2015-02-05,28.5928,29.148,28.3152,28.6007,155580,103
2015-02-06,28.5928,28.8704,28.5928,28.6007,49540,103
2015-02-09,28.5928,28.8704,28.3152,28.8784,97400,104
2015-02-10,28.5928,28.8704,28.5928,28.6007,77410,103
2015-02-11,28.5928,29.148,28.5928,29.156,185920,105
2015-02-12,28.8704,29.148,28.8704,29.156,58830,105
2015-02-13,29.148,29.4256,28.8704,29.4337,145600,106
2015-02-24,29.4256,29.7032,29.4256,29.7114,103010,107
2015-02-25,29.7032,30.2584,29.7032,30.2667,175760,109
2015-02-26,30.2584,30.536,29.9808,29.9891,157380,108
2015-02-27,30.2584,30.2584,29.7032,29.9891,83040,108
2015-03-02,29.9808,30.2584,29.7032,29.7114,103370,107
2015-03-03,29.9808,29.9808,29.4256,29.9891,115960,108
2015-03-04,29.9808,30.2584,29.7032,30.2667,74470,109
2015-03-05,30.2584,30.2584,29.7032,29.9891,91750,108
2015-03-06,29.9808,30.2584,29.7032,29.7114,114590,107
2015-03-09,29.7032,29.9808,29.7032,29.7114,70350,107
2015-03-10,29.7032,29.9808,29.7032,29.9891,144290,108
2015-03-11,29.9808,30.2584,29.7032,29.9891,163880,108
2015-03-12,29.9808,30.2584,29.7032,30.2667,130340,109
2015-03-13,29.9808,30.2584,29.7032,29.9891,163620,108
2015-03-16,29.9808,30.2584,29.9808,30.2667,153740,109
2015-03-17,30.2584,30.2584,29.9808,30.2667,68270,109
2015-03-18,29.9808,30.2584,29.9808,30.2667,86590,109
2015-03-19,29.9808,30.2584,29.7032,29.9891,116820,108
2015-03-20,29.9808,29.9808,29.7032,29.7114,81770,107
2015-03-23,29.7032,29.9808,29.4256,29.7114,111710,107
2015-03-24,29.7032,29.7032,29.4256,29.7114,95440,107
2015-03-25,29.7032,29.7032,29.148,29.7114,91770,107
2015-03-26,29.4256,29.7032,29.148,29.7114,97830,107
2015-03-27,29.4256,29.7032,29.148,29.156,80360,105
2015-03-30,29.4256,29.4256,28.8704,29.156,71360,105
2015-03-31,29.4256,29.4256,28.8704,29.4337,92160,106
2015-04-01,29.148,29.4256,28.8704,29.156,151380,105
2015-04-02,28.8704,29.4256,28.8704,29.4337,97120,106
2015-04-03,29.148,29.4256,28.8704,29.156,56560,105
2015-04-06,29.148,29.4256,28.8704,28.8784,85560,104
2015-04-07,28.8704,29.4256,28.8704,29.4337,115100,106
2015-04-08,29.4256,29.7032,29.4256,29.4337,146070,106
2015-04-09,29.4256,29.7032,29.4256,29.4337,74090,106
2015-04-10,29.4256,30.2584,29.4256,29.9891,232440,108
2015-04-13,30.536,30.8136,29.9808,30.5444,275880,110
2015-04-14,30.8136,30.8136,30.2584,30.5444,200810,110
2015-04-15,30.536,30.536,29.9808,30.2667,128590,109
2015-04-16,30.2584,30.2584,29.9808,29.9891,70620,108
2015-04-17,29.9808,30.2584,29.9808,29.9891,60780,108
2015-04-20,30.2584,30.2584,29.7032,29.9891,131470,108
2015-04-21,29.9808,30.2584,29.7032,29.9891,45020,108
2015-04-22,29.9808,30.2584,29.7032,29.9891,45490,108
2015-04-23,29.9808,30.2584,29.9808,29.9891,48320,108
2015-04-24,30.2584,30.2584,29.9808,30.2667,136810,109
2015-04-27,30.2584,30.2584,29.9808,29.9891,75170,108
2015-05-04,29.7032,29.9808,29.4256,29.4337,161370,106
2015-05-05,29.4256,29.4256,28.8704,29.4337,212020,106
2015-05-06,29.4256,29.7032,29.148,29.4337,118270,106
2015-05-07,29.4256,29.9808,29.148,29.4337,99090,106
2015-05-08,29.4256,29.7032,29.4256,29.4337,72340,106
2015-05-11,29.4256,29.7032,29.148,29.4337,86210,106
2015-05-12,29.4256,29.7032,29.148,29.156,59710,105
2015-05-13,29.148,29.4256,29.148,29.156,45230,105
2015-05-14,29.148,29.4256,28.8704,29.156,90950,105
2015-05-15,29.148,29.4256,28.8704,29.156,98340,105
2015-05-18,28.8704,29.148,28.5928,29.156,88910,105
2015-05-19,28.8704,29.148,28.8704,29.156,46220,105
2015-05-20,28.8704,29.7032,28.8704,29.7114,183590,107
2015-05-21,29.7032,29.7032,29.148,29.4337,70130,106
2015-05-22,29.4256,29.7032,29.4256,29.7114,46510,107
2015-05-25,29.7032,29.7032,29.148,29.4337,98370,106
2015-05-26,29.4256,29.4256,29.148,29.4337,96200,106
2015-05-27,29.148,29.4256,29.148,29.4337,59630,106
2015-05-28,29.148,29.4256,29.148,29.4337,40000,106
2015-05-29,29.4256,29.4256,29.148,29.156,54090,105
2015-06-01,29.4256,29.7032,29.148,29.4337,124300,106
2015-06-02,29.4256,29.4256,29.148,29.4337,30810,106
2015-06-03,29.4256,29.7032,29.148,29.4337,115560,106
2015-06-04,29.4256,29.9808,29.4256,29.7114,89660,107
2015-06-05,29.7032,29.9808,29.4256,29.7114,72050,107
2015-06-08,29.7032,29.9808,29.7032,29.9891,63350,108
2015-06-09,29.9808,29.9808,29.7032,29.7114,64760,107
2015-06-10,29.7032,29.9808,29.4256,29.7114,59460,107
2015-06-11,29.7032,29.9808,29.7032,29.9891,144380,108
2015-06-12,29.9874,30.2703,29.7045,29.9885,86640,106
2015-06-15,29.7045,29.9874,29.7045,29.9885,39900,106
2015-06-16,29.9874,29.9874,29.4216,29.7056,74940,105
2015-06-17,29.7045,29.9874,29.4216,29.7056,101620,105
2015-06-18,29.7045,29.9874,29.7045,29.9885,117570,106
2015-06-19,30.2703,30.5532,29.9874,30.2714,499620,107
2015-06-22,30.5532,31.6848,30.5532,31.686,736130,112
2015-06-23,31.6848,31.9677,31.119,31.403,251260,111
2015-06-24,31.119,31.4019,30.8361,30.8372,245100,109
2015-06-25,30.8361,31.4019,30.5532,31.403,258240,111
2015-06-26,31.119,32.8164,31.119,32.2518,1019860,114
2015-06-29,32.2506,32.5335,31.9677,32.2518,310320,114
2015-06-30,31.9677,32.2506,31.6848,31.9689,370020,113
2015-07-01,31.9677,32.5335,31.9677,32.2518,365250,114
2015-07-02,32.2506,32.5335,31.9677,32.2518,158820,114
2015-07-03,32.2506,32.5335,31.9677,32.5347,138790,115
2015-07-06,32.5335,33.3822,32.5335,32.8176,634580,116
2015-07-07,32.8164,33.0993,32.5335,33.1005,218990,117
2015-07-08,33.0993,33.0993,32.2506,32.5347,271740,115
2015-07-09,32.2506,32.8164,32.2506,32.5347,171970,115
2015-07-10,32.5335,32.8164,32.2506,32.5347,178760,115
2015-07-13,33.0993,33.0993,32.8164,33.1005,336670,117
2015-07-14,33.0993,33.3822,32.8164,33.3834,311610,118
2015-07-15,33.3822,33.6651,33.0993,33.3834,363400,118
2015-07-16,33.3822,33.3822,32.8164,33.1005,272910,117
2015-07-17,33.0993,33.3822,32.8164,33.1005,304130,117
2015-07-20,33.0993,33.0993,32.5335,32.8176,189980,116
2015-07-21,32.8164,33.0993,32.8164,33.1005,107860,117
2015-07-22,33.0993,33.6651,32.8164,33.6663,490550,119
2015-07-23,33.948,35.0796,33.948,34.5151,1141320,122
2015-07-24,34.7967,34.7967,34.2309,34.5151,406120,122
2015-07-27,34.2309,34.5138,33.948,34.5151,325470,122
2015-07-28,34.5138,34.7967,34.2309,34.2321,341670,121
2015-07-29,34.2309,34.5138,33.948,34.2321,275430,121
2015-07-30,34.2309,34.2309,33.6651,33.6663,220450,119
2015-07-31,33.6651,34.2309,33.3822,33.9492,403180,120
2015-08-03,33.948,33.948,33.3822,33.6663,270000,119
2015-08-04,33.6651,33.6651,33.0993,33.1005,502300,117
2015-08-05,33.3925,33.9198,33.3925,33.7468,433800,96
2015-08-06,33.9198,34.6228,33.744,34.0983,492470,97
2015-08-07,34.2713,35.15,34.0955,35.1529,609920,100
2015-08-10,35.853,37.6105,35.853,37.6136,954290,107
2015-08-11,37.962,38.3135,36.9075,36.9105,438130,105
2015-08-12,36.556,36.9075,35.853,36.2075,714920,103
2015-08-13,36.2045,36.9075,35.853,36.9105,612320,105
2015-08-14,36.9075,37.6105,36.556,36.9105,471740,105
2015-08-17,36.9075,36.9075,35.853,36.2075,387090,103
2015-08-18,36.2045,36.556,35.5015,36.2075,510930,103
2015-08-19,35.853,36.556,35.5015,36.559,387520,104
2015-08-20,36.2045,36.556,35.853,35.8559,282500,102
2015-08-21,35.15,35.5015,34.447,35.5044,696170,101
2015-08-24,34.9743,34.9743,33.041,33.2195,1180510,94.5
2015-08-25,32.338,34.6228,32.338,33.7468,799280,96
2015-08-26,33.9198,35.5015,33.9198,35.1529,484130,100
2015-08-27,35.5015,35.5015,34.7985,34.9771,254220,99.5
2015-08-28,35.15,35.5015,34.7985,35.5044,451290,101
2015-08-31,35.5015,36.2045,34.9743,35.1529,296400,100
2015-09-01,35.15,35.5015,34.9743,34.9771,296390,99.5
2015-09-03,34.9743,35.15,34.447,34.8013,262480,99
2015-09-04,34.7985,34.7985,34.447,34.6256,137720,98.5
2015-09-07,34.447,34.6228,34.0955,34.0983,338230,97
2015-09-08,33.9198,34.447,33.9198,34.0983,367250,97
2015-09-09,34.447,34.447,34.0955,34.2741,188690,97.5
2015-09-10,34.447,35.15,34.2713,34.9771,273840,99.5
2015-09-11,34.9743,35.15,34.6228,34.6256,142810,98.5
2015-09-14,34.447,34.6228,34.2713,34.2741,148920,97.5
2015-09-15,34.2713,34.6228,34.0955,34.2741,290770,97.5
2015-09-16,34.2713,34.447,34.0955,34.2741,163800,97.5
2015-09-17,34.2713,34.447,34.0955,34.2741,263860,97.5
2015-09-18,34.447,34.7985,34.447,34.6256,224860,98.5
2015-09-21,34.7985,34.9743,34.447,34.8013,214630,99
2015-09-22,34.7985,35.853,34.7985,35.8559,666280,102
2015-09-23,35.853,36.556,35.5015,35.5044,388170,101
2015-09-24,35.5015,35.5015,35.15,35.1529,262400,100
2015-09-25,35.15,35.5015,34.9743,35.5044,184590,101
2015-09-28,35.5015,36.2045,35.5015,35.8559,365490,102
2015-09-29,35.5015,35.5015,34.9743,35.1529,259210,100
2015-09-30,35.15,35.853,35.15,35.1529,129690,100
2015-10-01,35.15,35.5015,35.15,35.5044,201320,101
2015-10-02,35.15,35.5015,35.15,35.1529,158180,100
2015-10-05,35.5015,36.556,35.15,36.2075,851310,103
2015-10-06,36.556,36.9075,35.853,36.2075,378660,103
2015-10-07,35.853,36.2045,35.5015,35.8559,400070,102
2015-10-08,35.853,36.2045,35.5015,35.5044,408300,101
2015-10-09,35.5015,36.2045,35.5015,35.5044,319980,101
2015-10-12,35.5015,35.853,35.15,35.5044,349150,101
2015-10-13,35.5015,35.853,35.5015,35.8559,281090,102
2015-10-14,37.259,38.3135,36.9075,37.262,2049450,106
2015-10-15,37.259,37.259,36.556,36.9105,416380,105
2015-10-16,37.259,37.962,36.9075,37.262,850360,106
2015-10-19,37.6105,39.368,37.259,39.0197,1296760,111
2015-10-20,39.368,40.4225,39.0165,39.3712,1153180,112
2015-10-21,39.0165,40.071,39.0165,39.7227,725530,113
2015-10-22,39.368,40.071,39.368,40.0743,496060,114
2015-10-23,40.071,40.4225,39.7195,40.4258,571020,115
2015-10-26,40.774,41.1255,39.7195,39.7227,766000,113
2015-10-27,40.071,40.4225,39.7195,40.0743,393940,114
2015-10-28,40.4225,40.774,40.071,40.0743,366330,114
2015-10-29,40.4225,41.8285,40.4225,41.8319,1151780,119
2015-10-30,41.8285,42.18,41.1255,41.4804,592790,118
2015-11-02,41.477,41.8285,40.774,41.1289,715500,117
2015-11-03,42.5315,43.586,41.8285,43.238,2358440,123
2015-11-04,43.586,43.9375,43.2345,43.238,444780,123
2015-11-05,43.586,45.3435,43.2345,44.9957,922470,128
2015-11-06,44.992,46.7495,44.6405,45.3472,1660510,129
2015-11-09,45.3435,45.695,44.289,44.6441,733490,127
2015-11-10,44.6405,45.3435,44.289,44.9957,649930,128
2015-11-11,44.6405,46.398,44.6405,45.6987,833270,130
2015-11-12,46.0465,46.398,44.992,46.4018,546030,132
2015-11-13,46.398,48.507,46.398,48.1594,988430,137
2015-11-16,48.1555,49.21,48.1555,49.214,924150,140
2015-11-17,49.21,49.21,46.7495,47.1048,1871240,134
2015-11-18,46.7495,47.4525,45.695,46.4018,1392690,132
2015-11-19,46.398,47.101,45.695,45.6987,966290,130
2015-11-20,45.695,46.7495,45.695,46.0503,708850,131
2015-11-23,46.7495,46.7495,44.289,44.6441,1692040,127
2015-11-24,44.6405,44.992,42.5315,43.238,2567070,123
2015-11-25,42.883,44.289,42.18,43.9411,951140,125
2015-11-26,43.9375,44.289,43.2345,43.238,244790,123
2015-11-27,43.2345,44.6405,43.2345,43.5896,1118240,124
2015-11-30,43.9375,44.289,43.2345,43.5896,840700,124
2015-12-01,43.586,43.586,42.5315,42.8865,1100600,122
2015-12-02,43.2345,43.586,42.5315,43.238,411960,123
2015-12-03,43.2345,43.586,42.5315,43.238,383750,123
2015-12-04,43.2345,43.2345,42.5315,43.238,253990,123
2015-12-07,42.883,43.2345,42.18,42.1834,354390,120
2015-12-08,42.18,43.9375,41.477,43.9411,867200,125
2015-12-09,43.9375,44.6405,43.2345,43.238,470630,123
2015-12-10,43.2345,43.9375,42.883,43.238,252320,123
2015-12-11,43.2345,43.9375,42.883,43.238,321070,123
2015-12-14,43.586,43.9375,42.883,43.5896,237100,124
2015-12-15,43.586,44.6405,43.586,44.2926,710870,126
2015-12-16,44.6405,45.3435,44.289,44.9957,662390,128
2015-12-17,44.992,45.3435,44.6405,44.9957,317610,128
2015-12-18,44.992,45.3435,44.6405,44.9957,315940,128
2015-12-21,44.992,44.992,43.9375,43.9411,513240,125
2015-12-22,44.289,44.6405,43.9375,43.9411,434910,125
2015-12-23,43.9375,43.9375,43.2345,43.5896,293550,124
2015-12-24,43.586,43.9375,43.2345,43.9411,316110,125
2015-12-25,43.586,43.9375,43.2345,43.5896,315630,124
2015-12-28,43.9375,44.992,43.586,44.6441,821730,127
2015-12-29,44.6405,44.6405,43.9375,44.6441,399590,127
2015-12-30,44.6405,44.992,44.289,44.6441,309040,127
2015-12-31,44.992,45.695,44.289,44.9957,688500,128
2016-01-04,44.289,44.992,43.9375,44.2926,469320,126
2016-01-05,44.289,44.6405,43.9375,43.9411,285680,125
2016-01-06,43.9375,44.289,43.586,44.2926,250760,126
2016-01-07,43.9375,43.9375,42.883,43.5896,731010,124
2016-01-08,43.2345,43.2345,42.5315,42.8865,615950,122
2016-01-11,42.5315,43.2345,42.5315,42.535,407320,121
2016-01-12,42.5315,43.2345,42.5315,43.238,288070,123
2016-01-13,43.2345,43.2345,42.5315,42.535,232630,121
2016-01-14,42.5315,42.883,42.18,42.535,338870,121
2016-01-15,42.883,43.2345,42.18,42.1834,495560,120
2016-01-18,41.8285,41.8285,40.071,41.1289,1244120,117
2016-01-19,40.774,41.8285,40.774,41.8319,375380,119
2016-01-20,41.477,41.8285,41.1255,41.1289,313330,117
2016-01-21,40.774,41.477,40.4225,40.7773,333300,116
2016-01-22,40.774,41.1255,39.368,40.0743,716530,114
2016-01-25,40.774,41.477,40.4225,41.4804,325040,118
2016-01-26,40.774,41.1255,40.071,40.4258,289980,115
2016-01-27,40.774,41.1255,40.4225,41.1289,276700,117
2016-01-28,40.774,41.477,40.774,40.7773,249720,116
2016-01-29,40.774,41.1255,40.4225,40.7773,178270,116
2016-02-01,41.1255,42.18,40.774,41.8319,865310,119
2016-02-02,41.8285,42.5315,41.477,41.8319,251520,119
2016-02-03,41.477,42.5315,41.477,42.535,269870,121
2016-02-04,43.2345,43.586,42.883,42.8865,257320,122
2016-02-05,42.883,43.586,42.883,43.5896,204410,124
2016-02-15,42.883,44.289,42.883,44.2926,473520,126
2016-02-16,44.992,45.3435,44.6405,44.9957,622180,128
2016-02-17,46.0465,46.7495,45.3435,45.6987,2003290,130
2016-02-18,46.0465,46.0465,44.992,45.3472,833000,129
2016-02-19,45.695,45.695,44.992,45.3472,373060,129
2016-02-22,45.3435,46.0465,44.992,45.6987,763080,130
2016-02-23,46.0465,46.398,45.3435,45.6987,873310,130
2016-02-24,45.695,46.0465,45.3435,46.0503,489650,131
2016-02-25,46.0465,46.398,45.3435,45.3472,780490,129
2016-02-26,45.695,45.695,44.992,45.6987,538020,130
2016-02-29,45.695,45.695,44.992,44.9957,476190,128
2016-03-01,44.992,46.0465,44.992,45.6987,673510,130
2016-03-02,46.0465,46.398,45.3435,46.4018,817420,132
2016-03-03,46.0465,46.7495,46.0465,46.0503,430930,131
2016-03-04,46.0465,46.398,45.695,46.4018,309870,132
2016-03-07,46.0465,46.7495,46.0465,46.0503,598820,131
2016-03-08,46.0465,46.398,45.695,46.0503,395200,131
2016-03-09,46.0465,46.398,45.695,46.0503,164840,131
2016-03-10,46.0465,46.0465,45.3435,46.0503,494890,131
2016-03-11,45.695,47.804,45.695,47.8079,2205510,136
2016-03-14,47.804,48.1555,47.101,47.4564,440820,135
2016-03-15,47.4525,48.507,47.101,47.8079,870660,136
2016-03-16,47.804,48.507,47.4525,48.1594,376070,137
2016-03-17,48.507,49.21,48.1555,48.511,739970,138
2016-03-18,48.1555,48.507,48.1555,48.511,335290,138
2016-03-21,48.1555,48.8585,47.4525,47.4564,539910,135
2016-03-22,47.4525,47.4525,46.398,46.7533,1036240,133
2016-03-23,46.7495,47.4525,46.7495,47.1048,389980,134
2016-03-24,47.101,47.804,46.7495,47.4564,568030,135
2016-03-25,47.101,47.4525,46.398,47.1048,597170,134
2016-03-28,47.101,47.4525,46.7495,47.4564,177060,135
2016-03-29,47.4525,47.804,47.101,47.1048,364550,134
2016-03-30,47.101,48.1555,46.7495,47.8079,645090,136
2016-03-31,47.804,48.1555,47.101,47.1048,499710,134
2016-04-01,47.101,47.804,46.7495,47.1048,786790,134
2016-04-04,47.101,47.4525,46.7495,47.1048,260660,134
2016-04-05,47.804,48.1555,47.4525,48.1594,590930,137
2016-04-06,48.1555,48.1555,47.4525,48.1594,325000,137
2016-04-07,48.1555,49.913,47.804,49.5655,2120080,141
2016-04-08,49.5615,50.616,49.21,50.2686,1047870,143
2016-04-11,50.616,50.9675,50.2645,50.2686,815800,143
2016-04-12,50.2645,50.616,49.913,50.2686,686480,143
2016-04-13,49.913,50.9675,49.913,49.9171,681500,142
2016-04-14,49.913,50.616,49.5615,49.9171,671070,142
2016-04-15,50.2645,50.9675,50.2645,50.2686,624610,143
2016-04-19,50.2645,50.616,48.8585,48.8625,1117610,139
2016-04-20,48.8585,49.21,47.4525,47.8079,1698460,136
2016-04-21,48.1555,48.507,47.4525,48.1594,748780,137
2016-04-22,48.1555,49.5615,48.1555,49.214,938560,140
2016-04-25,49.913,50.2645,48.8585,48.8625,886480,139
2016-04-26,48.8585,49.21,48.8585,49.214,604360,140
2016-04-27,49.5615,49.5615,48.507,48.511,557430,138
2016-04-28,48.8585,48.8585,48.507,48.511,483970,138
2016-04-29,48.507,48.8585,48.507,48.8625,465510,139
2016-05-04,49.21,50.2645,48.8585,49.9171,833130,142
2016-05-05,49.913,50.616,49.913,49.9171,615970,142
2016-05-06,50.2645,50.2645,49.913,49.9171,599150,142
2016-05-09,51.319,51.6705,50.2645,50.6201,1908180,144
2016-05-10,50.2645,50.616,49.913,50.2686,357200,143
2016-05-11,50.2645,51.319,50.2645,51.3232,444790,146
2016-05-12,51.319,51.6705,50.616,50.9717,402470,145
2016-05-13,50.9675,51.319,50.616,50.6201,329960,144
2016-05-16,50.616,51.6705,50.616,51.3232,656960,146
2016-05-17,52.022,52.022,51.319,51.6747,1078900,147
2016-05-18,51.6705,51.6705,50.9675,50.9717,637860,145
2016-05-19,50.9675,51.319,50.616,50.9717,377230,145
2016-05-20,51.319,51.6705,50.9675,51.3232,397920,146
2016-05-23,51.6705,51.6705,50.9675,51.3232,715290,146
2016-05-24,51.319,51.319,50.9675,50.9717,476530,145
2016-05-25,50.9675,51.319,50.616,50.6201,450900,144
2016-05-26,50.616,50.616,49.5615,49.5655,963010,141
2016-05-27,49.5615,50.2645,49.5615,50.2686,332540,143
2016-05-30,50.2645,50.2645,49.5615,49.9171,282620,142
2016-05-31,50.2645,50.2645,49.913,49.9171,202240,142
2016-06-01,49.5615,49.913,49.21,49.5655,622250,141
2016-06-02,49.5615,49.913,49.5615,49.5655,365590,141
2016-06-03,49.91,49.91,49.197,49.5663,508090,139
2016-06-06,49.5535,49.5535,48.484,48.4966,661120,136
2016-06-07,48.484,48.8405,48.1275,48.8531,439670,137
2016-06-08,49.197,49.5535,48.8405,49.2097,292560,138
2016-06-09,49.197,49.197,48.8405,49.2097,199430,138
2016-06-10,49.197,49.197,48.484,48.8531,333760,137
2016-06-13,48.484,48.8405,48.1275,48.8531,280500,137
2016-06-14,48.484,48.8405,48.1275,48.8531,175590,137
2016-06-15,48.484,49.197,48.1275,48.8531,267060,137
2016-06-16,49.197,49.5535,48.8405,48.8531,198930,137
2016-06-17,48.8405,49.197,48.484,48.8531,208430,137
2016-06-20,48.8405,49.197,48.484,48.8531,276920,137
2016-06-21,49.197,49.91,49.197,49.5663,609500,139
2016-06-22,49.5535,49.91,49.197,49.5663,276520,139
2016-06-23,49.197,50.2665,49.197,49.9229,1145260,140
2016-06-24,49.91,49.91,47.058,48.8531,1764890,137
2016-06-27,48.484,48.8405,47.771,48.8531,681400,137
2016-06-28,48.8405,51.336,48.484,49.9229,2005670,140
2016-06-29,50.2665,50.2665,49.5535,49.5663,830840,139
2016-06-30,49.91,50.623,49.91,50.2795,687180,141
2016-07-01,51.336,51.336,50.623,50.9927,1171460,143
2016-07-04,51.6925,51.6925,50.9795,51.7059,878780,145
2016-07-05,51.6925,52.049,50.9795,51.3493,719200,144
2016-07-06,51.336,51.336,50.623,50.9927,401510,143
2016-07-07,51.336,52.4055,50.9795,52.4191,1355810,147
2016-07-08,52.4055,53.1185,52.049,52.4191,654500,147
2016-07-11,52.4055,53.1185,51.6925,52.0625,554950,146
2016-07-12,52.049,52.4055,51.336,52.4191,644290,147
2016-07-13,52.4055,52.762,52.049,52.4191,444730,147
2016-07-14,52.049,52.762,51.6925,52.0625,1249220,146
2016-07-15,52.049,52.762,51.6925,52.4191,491430,147
2016-07-18,52.762,53.8315,52.4055,53.4888,1083560,150
2016-07-19,53.475,55.2575,53.475,54.5586,1838230,153
2016-07-20,54.901,56.6835,54.188,56.3416,1548000,158
2016-07-21,57.04,57.753,55.614,55.985,1758070,157
2016-07-22,56.327,56.6835,54.188,55.6284,2099510,156
2016-07-25,55.9705,55.9705,54.901,54.9152,551630,154
2016-07-26,54.901,56.327,54.5445,55.985,1021030,157
2016-07-27,56.327,56.6835,55.9705,56.3416,594750,158
2016-07-28,56.327,57.3965,56.327,57.0548,1316550,160
2016-07-29,57.04,57.3965,56.327,56.3416,1004950,158
2016-08-01,56.6835,56.6835,54.901,55.2718,1706560,155
2016-08-02,54.901,55.2575,54.188,54.202,1681750,152
2016-08-03,54.5445,55.2575,54.188,54.9152,660790,154
2016-08-04,55.2575,56.327,54.901,55.6284,1142360,156
2016-08-05,55.614,56.327,55.2575,56.3416,839620,158
2016-08-08,56.327,56.6835,55.9705,56.3416,657180,158
2016-08-09,56.6835,58.1095,56.6835,57.768,1906470,162
2016-08-10,58.1095,58.8225,57.753,58.4811,1339110,164
2016-08-11,58.8225,60.2485,58.466,60.2641,1682430,169
2016-08-12,61.318,62.3875,59.892,59.9075,3172710,168
2016-08-15,59.892,60.605,59.5355,60.2641,1144990,169
2016-08-16,60.2485,60.9615,60.2485,60.2641,1086530,169
2016-08-17,60.605,61.318,60.2485,60.9773,1335230,171
2016-08-18,61.318,62.031,60.9615,62.0471,2115570,174
2016-08-19,63.4955,64.3713,62.1818,62.6292,3527830,143
2016-08-22,62.6197,63.0576,61.306,61.3153,1276220,140
2016-08-23,61.306,62.6197,60.8681,62.6292,1074520,143
2016-08-24,63.0576,63.9334,62.6197,63.5051,1173980,145
2016-08-25,63.4955,63.9334,62.6197,63.5051,609070,145
2016-08-26,63.0576,63.9334,63.0576,63.9431,961360,146
2016-08-29,63.9334,67.8745,63.9334,66.1329,3289040,151
2016-08-30,66.5608,66.9987,65.685,66.5709,1752690,152
2016-08-31,66.9987,68.3124,66.9987,68.3228,2108900,156
2016-09-01,68.3124,68.3124,66.5608,67.4468,2630100,154
2016-09-05,67.4366,68.3124,66.1229,67.4468,2682460,154
2016-09-06,67.4366,67.4366,65.685,65.695,1732660,150
2016-09-07,65.2471,65.2471,62.6197,63.9431,4166500,146
2016-09-08,63.4955,64.8092,63.0576,64.3811,2287900,147
2016-09-09,64.8092,64.8092,62.6197,62.6292,1741810,143
2016-09-12,63.0576,63.8458,61.7001,61.8409,2182400,141.2
2016-09-13,61.8315,63.8458,60.9119,63.4613,2425810,144.9
2016-09-14,63.0576,63.2766,62.2694,63.0672,875800,144
2016-09-15,63.1014,63.3203,62.4008,62.6292,1445440,143
2016-09-16,62.6197,62.6197,60.4302,60.4394,6624630,138
2016-09-19,61.306,61.306,59.4668,59.5634,3028480,136
2016-09-20,59.1165,59.5544,58.2407,59.5634,2676170,136
2016-09-21,60.4302,60.8243,59.9923,60.3518,1460260,137.8
2016-09-22,60.4302,61.0871,60.0799,60.089,952970,137.2
2016-09-23,59.9485,61.4812,59.7734,61.3153,1718800,140
2016-09-26,61.306,61.7877,61.1308,61.7533,1518050,141
2016-09-27,61.7439,61.9191,61.306,61.3153,1074130,140
2016-09-28,61.525,61.6125,60.9995,61.3153,1476100,140
2016-09-29,61.306,61.7001,61.1746,61.3153,2074740,140
2016-09-30,61.306,61.7001,61.306,61.3153,989150,140
2016-10-03,61.7001,61.7001,61.3936,61.5343,1069050,140.5
2016-10-04,61.525,62.0942,61.3498,61.5343,1378590,140.5
2016-10-05,61.7439,61.9191,61.4812,61.4905,821370,140.4
2016-10-06,61.4812,62.357,61.4812,62.1912,1526360,142
2016-10-07,62.1818,62.4445,61.5687,62.0161,1175020,141.6
2016-10-10,62.0066,62.0066,61.3498,61.3591,742680,140.1
2016-10-11,61.306,61.7439,60.0799,61.5343,2006450,140.5
2016-10-12,61.525,61.9629,61.306,61.9723,1243190,141.5
2016-10-13,61.7877,62.4008,61.7877,62.1912,771080,142
2016-10-14,62.1818,63.4079,62.1818,63.0672,2094790,144
2016-10-17,62.7511,63.1452,62.2256,62.2788,711870,142.2
2016-10-18,62.2694,63.0576,62.138,63.0672,877320,144
2016-10-19,63.0576,64.1524,62.6635,63.9431,1959520,146
2016-10-20,63.9334,64.1524,63.2766,63.4613,855020,144.9
2016-10-21,63.4955,63.8896,63.1014,63.1548,585660,144.2
2016-10-24,63.1452,63.1452,61.7439,61.7533,1645610,141
2016-10-25,61.7439,62.0942,61.525,61.7533,1247450,141
2016-10-26,61.7439,61.9629,61.7001,61.7971,405530,141.1
2016-10-27,61.9191,62.4008,61.7877,62.4102,378630,142.5
2016-10-28,62.4008,63.1014,62.1818,62.7606,833450,143.3
2016-10-31,62.1818,62.8824,62.1818,62.1912,354450,142
2016-11-01,62.6197,62.6197,61.9191,62.1474,560760,141.9
2016-11-02,62.138,62.4445,61.7877,61.7971,803900,141.1
2016-11-03,61.7439,61.9191,61.6125,61.9285,1438620,141.4
2016-11-04,61.9191,62.138,61.525,61.7095,1048780,140.9
2016-11-07,61.7439,61.7877,61.3498,61.4029,1259230,140.2
2016-11-08,61.525,61.7001,61.4374,61.4905,487900,140.4
2016-11-09,61.3936,61.4374,59.8171,61.3153,2730910,140
2016-11-10,61.4812,61.8753,61.4812,61.7533,970990,141
2016-11-11,61.7439,61.8315,61.525,61.5343,789590,140.5
2016-11-14,61.306,61.4374,60.474,60.527,1635670,138.2
2016-11-15,60.474,60.9119,60.0799,60.1328,1937180,137.3
2016-11-16,60.1237,60.9557,60.1237,60.8773,1694320,139
2016-11-17,60.8681,60.9995,60.7367,60.8773,876780,139
2016-11-18,60.474,60.6492,60.0799,60.089,1269760,137.2
2016-11-21,60.4302,60.8243,60.3864,60.6584,972500,138.5
2016-11-22,60.6929,61.7001,60.6929,61.6219,1242000,140.7
2016-11-23,61.6125,61.6563,60.7805,60.8773,903770,139
2016-11-24,60.8243,60.8243,59.7734,59.87,2085820,136.7
2016-11-25,59.8609,59.9047,58.5472,58.9065,2750970,134.5
2016-11-28,58.6786,58.6786,56.2702,56.5853,3125070,129.2
2016-11-29,57.3649,58.9413,57.146,58.8189,2857650,134.3
2016-11-30,59.1165,62.1818,58.6786,60.4394,5410310,138
2016-12-01,60.4302,60.5178,59.2041,59.2131,1458640,135.2
2016-12-02,59.1165,59.7734,58.7662,59.1255,1698140,135
2016-12-05,59.2917,59.423,58.8976,59.1255,1059840,135
2016-12-06,59.1165,59.1165,58.591,58.6875,921260,134
2016-12-07,58.3721,58.4159,57.7152,58.0306,2071090,132.5
2016-12-08,59.2041,59.642,58.9413,59.2131,2784980,135.2
2016-12-09,59.3355,59.9047,59.1165,59.4759,1512330,135.8
2016-12-12,58.0218,58.81,58.0218,58.5561,1685520,133.7
2016-12-13,58.5472,59.1165,57.3649,57.3736,1451120,131
2016-12-14,57.3649,57.8904,56.927,57.286,1192770,130.8
2016-12-15,57.1022,57.146,55.5695,55.8845,2740830,127.6
2016-12-16,56.0512,56.8832,56.0512,56.8918,1677380,129.9
2016-12-19,57.146,57.3211,56.2702,56.4101,618600,128.8
2016-12-20,56.2702,56.3577,54.431,54.5706,3022290,124.6
2016-12-21,54.2996,55.4819,53.2049,55.2276,2363690,126.1
2016-12-22,55.2192,55.6133,53.9055,53.9137,1433510,123.1
2016-12-23,53.8617,54.2996,53.2486,54.3078,1446200,124
2016-12-26,54.2996,54.5186,53.4676,53.6509,625660,122.5
2016-12-27,53.599,54.8251,53.4676,54.7458,1728320,125
2016-12-28,55.1754,55.5257,54.7375,55.1838,1060440,126
2016-12-29,56.927,56.927,56.1826,56.3225,1999150,128.6
2016-12-30,56.3139,56.3139,54.9127,55.0086,1065850,125.6
2017-01-03,55.0002,55.6133,55.0002,55.4904,652370,126.7
2017-01-04,55.8323,55.876,55.5257,55.5779,659370,126.9
2017-01-05,55.6571,55.6571,55.263,55.4904,822360,126.7
2017-01-06,55.4819,55.876,55.1754,55.1838,1371760,126
2017-01-09,55.4819,55.5257,55.1754,55.1838,911300,126
2017-01-10,55.1754,55.3944,55.1754,55.2276,915320,126.1
2017-01-11,55.3068,55.7009,55.263,55.6217,838220,127
2017-01-12,55.6133,55.7885,55.4381,55.6217,474780,127
2017-01-13,55.6133,55.7447,55.3944,55.5779,612600,126.9
2017-01-16,55.6133,55.6571,55.3506,55.4028,602630,126.5
2017-01-17,55.4819,55.4819,55.2192,55.2276,582380,126.1
2017-01-18,55.1754,55.263,54.8251,55.1838,852000,126
2017-01-19,55.3068,55.3068,55.1316,55.1838,862790,126
2017-01-20,55.1754,56.1826,55.1754,55.6217,1594930,127
2017-01-23,55.6133,56.5329,55.6133,56.0597,1825560,128
2017-01-24,56.4891,56.5767,56.0512,56.0597,932170,128
2017-01-25,56.0512,56.5767,56.0512,56.4977,1485910,129
2017-02-02,56.7081,58.4159,56.4891,58.2495,1700550,133
2017-02-03,59.0727,59.9485,58.4597,58.6437,1608110,133.9
2017-02-06,58.7224,58.7662,58.1531,58.3371,1331990,133.2
2017-02-07,58.3283,58.81,58.0218,58.5999,738710,133.8
2017-02-08,58.591,58.8538,58.4597,58.6437,448850,133.9
2017-02-09,58.81,58.8976,58.6786,58.7313,814060,134.1
2017-02-10,58.7224,58.7224,58.5472,58.5999,2093370,133.8
2017-02-13,58.591,58.6786,58.4159,58.5999,694280,133.8
2017-02-14,58.591,58.6348,58.1093,58.2057,673070,132.9
2017-02-15,58.2407,58.3283,58.1531,58.2495,862020,133
2017-02-16,58.2407,58.4159,57.6276,57.8116,666900,132
2017-02-17,57.8028,57.8466,56.8394,56.9356,953520,130
2017-02-20,56.927,57.1897,56.927,56.9356,484790,130
2017-02-21,56.927,57.4963,56.6205,57.067,817670,130.3
2017-02-22,57.0584,57.4525,57.0146,57.1108,590120,130.4
2017-02-23,57.1022,57.146,56.5329,57.067,613250,130.3
2017-02-24,56.927,57.759,56.7081,57.7678,1319730,131.9
2017-02-27,57.7152,58.0655,57.7152,57.724,759760,131.8
2017-02-28,57.7152,57.759,57.3211,57.5488,769690,131.4
2017-03-01,57.2335,57.6714,57.2335,57.286,587180,130.8
2017-03-02,57.2773,57.2773,56.7956,56.8043,482040,129.7
2017-03-03,56.7956,56.9708,56.6205,56.8918,508470,129.9
2017-03-06,56.7956,57.3649,56.7081,57.3298,736590,130.9
2017-03-07,56.927,57.2773,56.8832,56.9356,444700,130
2017-03-08,56.927,57.6276,56.927,57.1984,639360,130.6
2017-03-09,57.3211,57.3211,57.1022,57.1546,409260,130.5
2017-03-10,56.8832,57.1897,56.8832,56.8918,427360,129.9
2017-03-13,56.927,57.1897,56.7956,56.8043,342480,129.7
2017-03-14,56.8394,57.3211,56.8394,57.2422,489770,130.7
2017-03-15,57.2773,58.2407,57.2335,58.2495,1182810,133
2017-03-16,58.2407,58.8538,58.2407,58.6875,905990,134
2017-03-17,58.7224,58.9413,58.5034,58.6875,1035520,134
2017-03-20,58.3283,59.0289,57.978,58.6437,730260,133.9
2017-03-21,58.4597,59.5544,58.4597,59.3883,819240,135.6
2017-03-22,59.2479,60.7367,59.2479,59.8262,1472340,136.6
2017-03-23,59.8171,61.4812,59.8171,61.4029,2051790,140.2
2017-03-24,61.6563,62.1818,61.6125,62.0599,1083750,141.7
2017-03-27,62.5759,62.97,61.9629,62.1912,1066240,142
2017-03-28,62.4883,62.6197,60.8681,61.6657,1026200,140.8
2017-03-29,61.3498,62.1818,61.306,62.1037,773630,141.8
2017-03-30,62.0942,63.0576,62.0942,63.0672,1175100,144
2017-03-31,63.3641,63.5393,62.7511,62.7606,1382240,143.3
2017-04-03,62.7511,63.3203,62.7511,63.1986,802030,144.3
2017-04-04,63.189,63.189,62.8824,63.0672,1063990,144
2017-04-05,62.8387,63.0576,62.4008,62.8044,788830,143.4
2017-04-07,62.0504,62.7073,61.8753,62.454,905370,142.6
2017-04-10,62.4445,62.5321,62.138,62.454,604270,142.6
2017-04-11,62.4445,62.9262,62.4008,62.8482,465400,143.5
2017-04-12,63.0576,63.2328,62.7949,63.0672,758300,144
2017-04-13,62.8387,63.0138,62.6635,62.673,322970,143.1
2017-04-14,62.4445,62.6197,61.6563,62.0599,622350,141.7
2017-04-17,61.6125,62.4445,61.6125,62.1912,884170,142
2017-04-18,62.2256,63.3203,62.1818,63.2424,1900380,144.4
2017-04-19,63.2328,63.8896,63.2328,63.6803,968630,145.4
2017-04-20,63.7145,63.7145,63.3203,63.4613,427660,144.9
2017-04-21,63.4517,63.6269,63.1452,63.3738,445370,144.7
2017-04-24,63.1452,63.3641,62.8387,63.0672,562400,144
2017-04-25,62.97,62.97,62.5759,62.8044,472730,143.4
2017-04-26,62.7949,63.0138,62.4008,63.0234,272660,143.9
2017-04-27,63.1452,64.1524,62.97,64.1621,1185660,146.5
2017-04-28,64.3713,65.0719,64.2399,64.819,1414090,148
2017-05-03,64.853,65.1157,64.853,64.9504,879460,148.3
2017-05-04,65.2533,66.1411,65.0757,65.9281,999850,148.5
2017-05-05,65.4753,65.8304,65.0757,65.0845,524400,146.6
2017-05-08,65.0757,65.1201,64.4099,64.7738,813270,145.9
2017-05-09,64.7206,64.7206,63.6109,63.9302,937160,144
2017-05-10,63.744,64.5875,63.6109,64.1078,643400,144.4
2017-05-11,64.2767,64.2767,63.8772,64.1522,465950,144.5
2017-05-12,64.1436,64.4987,63.966,64.2854,594730,144.8
2017-05-15,64.3655,64.4987,63.6553,63.8858,820620,143.9
2017-05-16,63.9216,64.0992,63.6997,63.7083,531270,143.5
2017-05-17,63.6997,65.4753,63.6997,65.2621,1231010,147
2017-05-18,64.1436,65.0314,64.1436,64.8182,580440,146
2017-05-19,64.8094,65.6972,64.6762,65.6617,816280,147.9
2017-05-22,65.6528,66.7626,65.6084,66.7272,1210850,150.3
2017-05-23,66.7182,67.4728,66.7182,67.2599,730180,151.5
2017-05-24,67.2509,67.4284,66.585,67.2599,702140,151.5
2017-05-25,67.2509,67.2509,66.4518,66.594,619520,150
2017-05-26,66.3631,67.4728,66.3631,67.4819,427910,152
2017-05-29,67.4728,67.606,67.2065,67.3487,356250,151.7
2017-05-30,67.2065,67.2952,66.2743,66.4608,460930,149.7
2017-05-31,66.585,67.606,66.4074,66.4608,1328060,149.7
2017-06-01,67.0289,67.4284,66.6294,67.4375,597180,151.9
2017-06-02,67.0289,67.4728,66.6738,66.9936,496020,150.9
2017-06-05,66.9845,69.0265,66.9845,68.2366,749080,153.7
2017-06-06,68.3606,68.7157,68.2274,68.4586,239400,154.2
2017-06-07,68.5826,68.6269,67.9167,68.3698,740420,154
2017-06-08,68.3606,68.3606,68.0943,68.1923,207740,153.6
2017-06-09,68.3162,68.3606,68.1387,68.2366,329670,153.7
2017-06-12,68.2274,68.2718,67.6948,67.7927,505720,152.7
2017-06-13,67.7391,67.7391,67.2952,67.6151,636190,152.3
2017-06-14,67.606,68.2274,67.5616,68.1479,536000,153.5
2017-06-15,68.1387,68.4938,68.0499,68.281,414540,153.8
2017-06-16,68.8045,68.8045,67.9167,67.9259,1161370,153
2017-06-19,68.0055,68.5382,67.9611,68.5474,740530,154.4
2017-06-20,68.5382,68.5382,67.7835,67.9259,894760,153
2017-06-21,67.7391,68.2718,67.2509,68.281,912700,153.8
2017-06-22,67.9611,68.2718,67.8279,67.8815,244120,152.9
2017-06-23,67.8723,67.9611,67.7391,67.9259,344920,153
2017-06-26,67.9167,68.1387,67.606,68.1035,267450,153.4
2017-06-27,68.0943,68.2274,68.0499,68.1479,542230,153.5
2017-06-28,68.1387,69.0265,68.1387,68.9914,918320,155.4
2017-06-29,69.0265,69.204,68.7157,68.725,312720,154.8
2017-06-30,68.7157,70.0918,68.7157,69.9681,1344660,157.6
2017-07-03,70.1362,70.1362,69.5591,69.7017,562340,157
2017-07-04,69.6479,69.6479,69.2928,69.4797,324350,156.5
2017-07-05,69.2928,69.5591,69.204,69.5241,438550,156.6
2017-07-06,69.9143,70.225,69.5591,69.9237,549800,157.5
2017-07-07,70.1362,70.1362,68.4494,68.4586,976360,154.2
2017-07-10,68.4494,68.6713,67.1177,67.3487,992910,151.7
2017-07-11,67.3396,67.9167,67.3396,67.9259,518150,153
2017-07-12,68.2718,69.204,67.8279,68.9914,541660,155.4
2017-07-13,69.6923,69.6923,69.2484,69.3909,500840,156.3
2017-07-14,69.3816,69.3816,68.8045,68.8582,690430,155.1
2017-07-17,68.3606,68.8045,67.2952,67.4375,553330,151.9
2017-07-18,67.4728,67.9167,67.0289,67.4819,637870,152
2017-07-19,67.9167,68.5382,67.7835,67.9259,375820,153
2017-07-20,67.4728,67.8723,67.4284,67.4819,727990,152
2017-07-21,67.1177,67.4728,67.1177,67.2599,464940,151.5
2017-07-24,67.0733,67.4728,66.585,67.3931,704570,151.8
2017-07-25,67.2509,67.4728,67.1177,67.3931,175170,151.8
2017-07-26,67.4728,68.2274,67.4284,67.9259,338260,153
2017-07-27,67.9167,67.9167,67.7835,67.8815,214220,152.9
2017-07-28,67.8723,67.9611,67.8723,67.9259,342150,153
2017-07-31,67.9167,67.9167,67.6948,67.7483,682960,152.6
2017-08-01,67.7391,67.7391,67.0733,67.0824,811580,151.1
2017-08-02,67.0733,67.6948,67.0733,67.6595,1066000,152.4
2017-08-03,68.0055,68.4938,67.9167,68.3698,702810,154
2017-08-04,68.3606,68.4938,68.2718,68.3698,290860,154
2017-08-07,68.3606,68.3606,67.9167,68.2366,384100,153.7
2017-08-08,68.2274,68.2274,67.384,67.4819,1197600,152
2017-08-09,67.4728,67.4728,65.8748,66.594,1116820,150
2017-08-10,66.585,67.384,66.585,67.2599,392360,151.5
2017-08-11,67.2509,67.4728,66.585,67.2599,691600,151.5
2017-08-14,67.47,67.47,67.1551,67.3498,927460,149.7
2017-08-15,67.3351,67.47,66.7953,66.8099,537150,148.5
2017-08-16,66.6604,66.6604,65.7158,66.36,427170,147.5
2017-08-17,66.3455,67.0652,66.1206,66.9449,842250,148.8
2017-08-18,66.6154,67.2001,66.6154,67.1249,355880,149.2
2017-08-21,67.1551,67.1551,66.9752,66.9899,247430,148.9
2017-08-22,67.0202,67.0202,66.6604,66.8099,418410,148.5
2017-08-23,66.7503,66.7953,66.4804,66.8099,403240,148.5
2017-08-24,66.6154,66.7953,66.6154,66.72,244450,148.3
2017-08-25,66.7953,66.7953,66.6154,66.8099,274610,148.5
2017-08-28,66.7953,66.7953,66.4355,66.72,323280,148.3
2017-08-29,66.5704,66.7053,66.3005,66.36,670760,147.5
2017-08-30,66.3455,66.6154,66.3455,66.585,515460,148
2017-08-31,66.7953,67.6949,66.7053,66.765,591080,148.4
2017-09-01,66.9752,68.1447,66.9752,68.1596,549830,151.5
2017-09-05,68.1447,68.7294,67.9648,68.6545,860140,152.6
2017-09-06,68.5495,68.5495,67.7849,67.9347,325420,151
2017-09-07,67.7849,67.7849,67.2001,67.2598,433550,149.5
2017-09-08,67.0202,67.2901,66.9302,67.0799,303590,149.1
2017-09-11,67.0652,67.0652,66.6604,66.765,664250,148.4
2017-09-12,66.4804,66.7953,66.4355,66.63,676440,148.1
2017-09-13,66.6604,66.6604,66.5704,66.675,991330,148.2
2017-09-14,66.5704,66.7503,66.5704,66.72,805690,148.3
2017-09-15,66.5254,66.7053,66.3905,66.585,1520080,148
2017-09-18,66.3455,67.47,66.3455,67.0349,555240,149
2017-09-19,67.0202,67.1102,66.7503,66.765,343070,148.4
2017-09-20,66.7503,67.1102,66.5704,66.9899,367110,148.9
2017-09-21,66.7953,66.7953,66.5704,66.585,741410,148
2017-09-22,66.5704,66.7953,66.4355,66.45,353760,147.7
2017-09-25,66.4355,66.5704,66.2106,66.585,254360,148
2017-09-26,66.5704,66.8403,66.4355,66.63,338160,148.1
2017-09-27,66.5704,66.7953,66.5254,66.585,310820,148
2017-09-28,66.5704,67.0202,66.5254,67.0349,440360,149
2017-09-29,67.0202,67.9198,66.9752,67.1249,996610,149.2
2017-10-02,67.0652,67.2451,66.7503,66.8099,297110,148.5
2017-10-03,66.8403,66.8403,66.4355,66.54,634960,147.9
2017-10-04,66.4804,66.7953,66.4355,66.8099,305930,148.5
2017-10-05,66.8403,67.2901,66.7053,67.0349,465810,149
2017-10-06,67.2901,67.6049,67.0202,67.0349,910760,149
2017-10-09,67.0202,67.1102,66.6154,66.9899,146010,148.9
2017-10-10,66.6604,66.9302,66.6604,66.8099,396010,148.5
2017-10-11,66.7953,66.9302,66.6604,66.8099,626740,148.5
2017-10-12,66.7953,66.8403,66.5704,66.585,397590,148
2017-10-13,66.5704,67.2001,66.5704,67.2149,500040,149.4
2017-10-16,67.425,67.515,66.8403,66.8549,681780,148.6
2017-10-17,66.8403,67.1102,66.7953,67.0799,398020,149.1
2017-10-18,67.0202,67.2901,67.0202,67.0349,385670,149
2017-10-19,67.0202,67.0202,66.7953,66.9449,387120,148.8
2017-10-20,66.8403,66.9302,66.7953,66.8099,260000,148.5
2017-10-23,66.5704,66.7953,66.4804,66.585,589480,148
2017-10-24,66.5254,67.0202,66.3905,67.0349,676220,149
2017-10-25,67.0202,67.7399,67.0202,67.7097,904450,150.5
2017-10-26,67.7399,68.3246,67.7399,68.2946,974570,151.8
2017-10-27,68.3696,68.5495,68.2796,68.5646,768310,152.4
2017-10-30,68.6395,68.6395,68.1897,68.3396,557510,151.9
2017-10-31,68.3246,68.3246,67.9198,67.9347,962120,151
2017-11-01,67.9198,69.9439,67.9198,69.7343,1499790,155
2017-11-02,69.719,70.9784,69.3592,70.1392,1117310,155.9
2017-11-03,70.1238,70.1688,69.0443,69.8243,469800,155.2
2017-11-06,69.809,71.0684,69.809,71.084,1120090,158
2017-11-07,71.0684,71.2933,70.6186,70.994,561000,157.8
2017-11-08,70.9784,72.2379,70.9784,72.0738,2431670,160.2
2017-11-09,72.058,73.3174,71.6531,73.1085,2051860,162.5
2017-11-10,73.0025,78.1752,72.8676,78.1924,9270450,173.8
2017-11-13,78.715,83.303,78.2652,83.0063,4495140,184.5
2017-11-14,81.4138,81.9536,78.715,80.9818,1489540,180
2017-11-15,81.7736,82.7632,79.0748,81.7916,1215870,181.8
2017-11-16,81.4138,82.7632,81.054,82.4214,637980,183.2
2017-11-17,82.4034,82.7182,81.9536,82.4214,645550,183.2
2017-11-20,82.2684,84.3825,81.6387,84.131,964830,187
2017-11-21,84.1126,88.0259,84.1126,85.0308,1128220,189
2017-11-22,84.9222,85.0122,80.964,83.1863,1829730,184.9
2017-11-23,83.168,85.0122,81.9086,83.1863,664960,184.9
2017-11-24,81.6387,83.6628,81.4588,83.2312,678800,185
2017-11-27,82.7632,83.4379,82.3584,83.2312,693370,185
2017-11-28,82.3134,83.213,82.3134,83.2312,380450,185
2017-11-29,82.7632,83.3929,82.7632,83.2312,464670,185
2017-11-30,83.213,85.2371,83.168,83.9961,1076240,186.7
2017-12-01,84.1126,88.1608,84.1126,88.1801,1252580,196
2017-12-04,88.1608,92.254,88.1608,91.3294,1419300,203
2017-12-05,91.3094,92.209,89.0604,89.5298,710070,199
2017-12-06,87.711,88.6106,84.2026,87.7302,949920,195
2017-12-07,87.711,89.0154,83.6628,83.6811,1188910,186
2017-12-08,83.6628,86.9014,83.6628,84.6259,839440,188.1
2017-12-11,84.6074,87.3512,84.6074,85.9306,843650,191
2017-12-12,86.8114,87.666,85.462,87.5053,757020,194.5
2017-12-13,87.4861,87.8909,86.5865,87.6403,652890,194.8
2017-12-14,87.9359,90.4098,87.711,90.4296,837490,201
2017-12-15,90.4098,90.4098,87.711,88.63,1865860,197
2017-12-18,90.4098,92.4339,89.2403,92.2292,1218260,205
2017-12-19,92.209,92.6138,91.3094,91.3294,1086070,203
2017-12-20,90.4098,92.0741,89.96,90.8795,554110,202
2017-12-21,90.4098,92.0741,90.4098,91.7343,467120,203.9
2017-12-22,91.3094,91.7592,90.8596,91.2844,442910,202.9
2017-12-25,90.9046,91.2194,89.87,89.9797,377420,200
2017-12-26,89.96,91.2644,89.7801,91.2844,415160,202.9
2017-12-27,92.0741,92.4339,91.7592,92.2292,754980,205
2017-12-28,92.906,93.1326,92.4528,92.9981,652970,205.2
2017-12-29,92.2262,96.305,92.2262,94.539,893540,208.6
2018-01-02,95.6252,96.0331,94.5375,95.8533,372760,211.5
2018-01-03,96.7582,97.438,96.1237,96.941,557370,213.9
2018-01-04,96.5769,97.438,96.5769,97.3489,704350,214.8
2018-01-05,96.9848,97.438,96.305,96.7597,518860,213.5
2018-01-08,96.5316,96.5316,94.4922,95.1735,674800,210
2018-01-09,95.2173,96.0784,93.5858,93.8139,810590,207
2018-01-10,92.9966,95.6252,92.9966,95.6267,902750,211
2018-01-11,96.0784,96.0784,94.7641,95.1735,794780,210
2018-01-12,95.172,95.6252,94.8548,95.1282,585640,209.9
2018-01-15,94.7188,94.9454,94.2656,94.4937,405160,208.5
2018-01-16,93.903,94.4922,93.903,94.403,701460,208.3
2018-01-17,93.8124,94.2656,90.64,91.1399,891480,201.1
2018-01-18,90.64,93.1779,90.4134,93.1794,921800,205.6
2018-01-19,93.5405,94.9001,93.1779,93.1794,1094050,205.6
2018-01-22,93.8124,95.9424,93.3592,95.8986,1031780,211.6
2018-01-25,94.7188,95.9878,93.8124,93.8139,1059420,207
2018-01-26,93.8577,96.169,93.8577,95.9893,672410,211.8
2018-01-29,95.9878,96.0784,93.5858,93.5873,573230,206.5
2018-01-30,92.4528,92.906,91.9543,92.6808,843170,204.5
2018-01-31,91.7277,94.039,91.1385,92.2276,1120270,203.5
2018-02-01,92.4528,93.6311,91.0932,92.001,451270,203
2018-02-02,91.3198,93.8124,91.3198,93.8139,677340,207
2018-02-05,91.773,92.906,91.4104,92.0463,504920,203.1
2018-02-06,89.6883,91.5464,85.8814,89.6897,1484810,197.9
2018-02-07,92.3622,92.3622,90.7306,90.7774,507670,200.3
2018-02-08,90.64,90.776,89.0085,89.3271,234230,197.1
2018-02-09,86.108,87.0144,84.7484,86.5625,856530,191
2018-02-12,85.6548,87.0144,85.6548,87.0158,970250,192
2018-02-13,87.0144,88.374,87.0144,87.6956,541650,193.5
2018-02-21,89.6883,92.0902,87.9208,92.0917,649890,203.2
2018-02-22,92.0902,92.0902,90.2321,91.0946,449840,201
2018-02-23,91.9996,92.2262,90.1868,91.5478,481780,202
2018-02-26,91.5464,92.4528,90.64,90.6414,889620,200
2018-02-27,91.5464,91.5464,89.7336,90.6414,457260,200
2018-02-28,90.1868,90.4587,88.8272,88.8286,886780,196
2018-03-01,88.8272,90.1868,88.8272,88.8286,732890,196
2018-03-02,88.8272,90.4134,88.374,90.3242,412780,199.3
2018-03-05,90.5494,92.906,89.9602,91.7291,712070,202.4
2018-03-06,91.7277,92.2262,90.2774,91.5478,786240,202
2018-03-07,91.1385,95.172,91.1385,93.406,1981110,206.1
2018-03-08,93.8124,94.8548,93.8124,94.7203,592410,209
2018-03-09,94.7188,95.4439,94.2656,94.2671,1021150,208
2018-03-12,93.3592,95.4892,93.3592,93.3607,828230,206
2018-03-13,93.3592,95.6252,93.3592,95.1735,1265790,210
2018-03-14,95.172,96.9848,94.8094,96.5331,1133180,213
2018-03-15,96.5316,96.5316,95.0814,95.2641,623080,210.2
2018-03-16,96.9848,96.9848,94.7188,96.9863,1730500,214
2018-03-19,96.0784,97.2114,95.3986,96.0799,801280,212
2018-03-20,96.0784,96.0784,94.7188,94.7203,684730,209
2018-03-21,94.7188,95.6705,94.7188,94.7203,907550,209
2018-03-22,96.0331,96.0331,94.7188,94.7203,478650,209
2018-03-23,93.4045,94.2656,92.9513,93.8139,685220,207
2018-03-26,93.8124,95.3986,93.6311,94.4937,643500,208.5
2018-03-27,95.172,97.302,94.7188,96.5331,1660410,213
2018-03-28,96.5316,96.9848,95.6252,95.6267,585030,211
2018-03-29,95.6252,95.7612,93.8124,93.8139,758530,207
2018-03-30,93.8124,93.8124,91.1385,92.001,1529690,203
2018-04-02,91.773,91.9543,89.9602,90.5054,1768080,199.7
2018-04-03,90.64,90.8666,87.2863,87.7862,2017950,193.7
2018-04-04,87.7848,90.64,87.7848,90.6414,991130,200
2018-04-05,90.64,90.64,88.7366,89.4177,452710,197.3
2018-04-06,89.371,90.504,89.2804,89.8256,621180,198.2
2018-04-09,90.1868,90.2774,89.2804,89.6444,699250,197.8
2018-04-10,89.643,89.643,88.374,89.2818,1093850,197
2018-04-11,88.8272,89.507,88.5553,88.8286,846970,196
2018-04-12,89.0538,89.1898,88.5553,88.9645,751180,196.3
2018-04-13,89.2804,89.2804,88.6006,88.6926,727110,195.7
2018-04-16,88.6912,88.6912,86.108,86.1093,653380,190
2018-04-17,84.975,85.6548,82.1198,83.6167,1217530,184.5
2018-04-18,83.842,84.975,83.5248,84.9763,756500,187.5
2018-04-19,84.975,85.3376,84.4765,84.9763,845170,187.5
2018-04-20,84.7484,84.7484,83.842,84.2965,739700,186
2018-04-23,82.6637,84.2499,82.4824,82.665,636940,182.4
2018-04-24,81.1228,82.0292,79.8085,81.5773,1469750,180
2018-04-26,82.4371,82.4371,81.576,82.0305,959520,181
2018-04-27,82.6637,85.6548,82.4824,83.8433,997890,185
2018-05-02,83.6154,84.2952,83.6154,83.6167,619230,184.5
2018-05-03,84.7484,84.7484,83.3888,83.8433,878320,185
2018-05-04,83.7514,83.842,83.2528,83.3901,735730,184
2018-05-07,83.842,86.3346,83.6154,86.1093,771810,190
2018-05-08,86.3346,86.3346,83.8873,83.8886,514230,185.1
2018-05-09,83.842,84.2952,83.3888,83.8433,555260,185
2018-05-10,84.2952,84.2952,81.1228,81.5773,451010,180
2018-05-11,81.576,82.0292,80.2164,80.6709,1006620,178
2018-05-14,81.1228,81.576,79.7632,80.6709,575000,178
2018-05-15,81.576,81.8026,79.7632,79.7644,1240740,176
2018-05-16,79.7632,80.2617,76.6361,76.6373,1644010,169.1
2018-05-17,76.5908,76.8174,74.778,74.7792,1028400,165
2018-05-18,75.2312,77.5425,75.0499,77.5437,1153810,171.1
2018-05-21,77.9504,77.9504,74.8233,75.2324,1042490,166
2018-05-22,74.778,75.2312,72.512,73.4195,1185350,162
2018-05-23,72.5573,76.8174,72.5573,75.8215,971280,167.3
2018-05-24,76.5908,76.7721,75.5938,76.1388,807290,168
2018-05-25,75.6844,76.1376,75.2312,75.2324,512860,166
2018-05-28,74.778,75.0046,73.4184,74.7792,464830,165
2018-05-29,74.0982,76.8174,73.4184,76.4107,703120,168.6
2018-05-30,76.1376,76.1829,74.8233,75.0058,491920,165.5
2018-05-31,75.0046,75.2312,74.0982,74.4166,2231710,164.2
2018-06-01,75.2312,76.6814,75.0046,76.2294,1051610,168.2
2018-06-04,77.044,79.4006,76.5908,79.3112,965230,175
2018-06-05,79.9925,82.2323,79.3069,80.9135,879160,177
2018-06-06,80.9067,80.9067,79.3069,79.9992,463720,175
2018-06-07,80.3582,81.3181,80.3125,81.0506,401900,177.3
2018-06-08,80.0382,80.9067,80.0382,80.9135,505520,177
2018-06-11,80.9067,83.1922,80.6782,82.3306,721050,180.1
2018-06-12,81.8209,82.7351,81.3638,82.7421,873690,181
2018-06-13,82.7351,82.7351,82.0037,82.7421,472470,181
2018-06-14,82.3237,82.7351,81.6838,82.2849,767750,180
2018-06-15,81.6381,82.5066,81.3638,82.2849,1114730,180
2018-06-18,81.4095,82.1866,78.9412,78.9478,356320,172.7
2018-06-19,78.6212,78.6212,75.4672,76.0221,1076550,166.3
2018-06-20,75.8786,77.6156,75.7872,77.165,569890,168.8
2018-06-21,77.1585,77.9356,76.7928,77.7135,381390,170
2018-06-22,77.0214,81.5924,77.0214,81.3706,1123650,178
2018-06-25,83.1922,83.1922,81.5924,81.9192,637320,179.2
2018-06-26,80.6782,81.3638,79.5354,80.4106,250240,175.9
2018-06-27,79.8097,80.4039,79.8097,79.9992,320100,175
2018-06-28,79.5354,79.8097,77.2499,77.7135,748160,170
2018-06-29,77.707,78.8498,77.707,77.7135,1164710,170
2018-07-02,77.707,78.1641,77.2499,78.1707,974640,171
2018-07-03,77.707,77.7527,77.2499,77.7135,1055480,170
2018-07-04,77.707,77.707,76.3357,76.3421,856350,167
2018-07-05,76.3357,76.7928,74.9644,75.4278,880690,165
2018-07-06,74.9644,77.707,74.9644,75.885,449020,166
2018-07-09,77.2042,77.4785,76.2443,76.3421,320530,167
2018-07-10,76.3357,77.2042,76.3357,76.3421,701800,167
2018-07-11,76.3357,77.0214,75.8786,76.3421,729620,167
2018-07-12,76.9299,77.1585,76.3357,76.9364,158530,168.3
2018-07-13,76.9299,77.1585,75.7872,76.0221,384360,166.3
2018-07-16,76.4271,76.9299,75.7872,76.7993,557460,168
2018-07-17,76.1072,76.7928,76.0614,76.7535,588420,167.9
2018-07-18,76.7928,77.2499,76.5643,77.2564,503880,169
2018-07-19,79.0783,79.0783,77.2499,77.9421,970590,170.5
2018-07-20,77.4785,78.0727,77.3413,77.485,620700,169.5
2018-07-23,77.707,78.5298,76.8842,77.7135,685300,170
2018-07-24,77.6156,78.1641,77.387,77.6678,566120,169.9
2018-07-25,77.707,77.8898,77.6613,77.6678,427050,169.9
2018-07-26,77.6613,78.3927,77.2499,78.3992,519640,171.5
2018-07-27,78.1641,78.3927,77.0671,77.165,290680,168.8
2018-07-30,77.2499,77.6613,76.7014,77.0278,453180,168.5
2018-07-31,76.7928,77.2499,76.3357,76.8907,634220,168.2
2018-08-01,76.7928,76.8842,76.1529,76.2964,684770,166.9
2018-08-02,76.0157,76.29,73.9131,75.4278,1590510,165
2018-08-03,75.2844,75.2844,73.7302,73.8736,1232510,161.6
2018-08-06,74.0502,74.0502,72.9075,73.0964,1238870,159.9
2018-08-07,73.136,73.136,69.9363,69.9422,2337260,153
2018-08-08,69.4792,71.5362,69.4792,71.085,1267410,155.5
2018-08-09,72.2218,73.0446,71.3076,71.7707,770210,157
2018-08-10,71.7647,72.1304,71.3076,71.8622,908450,157.2
2018-08-13,71.7647,71.7647,71.0333,71.3593,1245500,156.1
2018-08-14,72.6789,73.0903,72.1304,72.2736,995480,158.1
2018-08-15,72.4504,73.3188,72.3132,72.4564,1081050,158.5
2018-08-16,72.2218,72.4961,71.1248,72.5022,1038700,158.6
2018-08-17,72.6789,72.9075,72.4504,72.4564,408930,158.5
2018-08-20,72.6789,74.0045,72.4961,73.1879,1290170,160.1
2018-08-21,73.456,74.5073,73.2731,74.5136,664240,163
2018-08-22,74.873,74.9187,74.0045,74.5136,640010,163
2018-08-23,74.5073,74.6444,74.2788,74.6507,410280,163.3
2018-08-24,74.6444,74.6444,74.1416,74.1479,453010,162.2
2018-08-27,74.5073,74.5073,73.136,73.2793,1141160,160.3
2018-08-28,73.1817,73.2274,72.6789,72.8222,1057220,159.3
2018-08-29,72.9075,72.9532,71.719,72.045,1124120,157.6
2018-08-30,72.039,72.0847,71.0791,71.5422,899040,156.5
2018-08-31,71.7647,72.5875,71.6276,71.6336,726110,156.7
2018-09-04,72.1304,72.1304,71.5819,71.6336,690780,156.7
2018-09-05,72.228,72.228,69.5611,69.7349,1250390,125.5
2018-09-06,69.7278,70.2278,67.7832,67.8456,1234110,122.1
2018-09-07,67.7832,70.8946,67.7832,70.6239,882130,127.1
2018-09-10,70.839,71.339,70.7279,70.9017,603870,127.6
2018-09-11,70.839,73.5614,70.839,73.3466,1533670,132
2018-09-12,73.8948,74.8949,73.4503,73.5689,1342390,132.4
2018-09-13,73.3392,73.617,72.6725,73.4022,655170,132.1
2018-09-14,73.3948,74.4504,73.3948,73.9023,969270,133
2018-09-17,74.4504,75.5616,74.0615,75.5693,1148720,136
2018-09-18,75.6172,77.1173,75.1171,76.6806,1310670,138
2018-09-19,76.6728,76.7839,76.0616,76.5694,929630,137.8
2018-09-20,76.2283,76.2839,75.5616,75.5693,771520,136
2018-09-21,75.5616,76.5617,74.9504,76.5694,1840850,137.8
2018-09-24,76.5617,76.5617,75.6727,76.1249,639720,137
2018-09-25,76.0616,76.1728,75.6727,76.0693,480150,136.9
2018-09-26,76.0616,76.0616,75.7283,75.8471,418120,136.5
2018-09-27,76.9506,77.784,76.0061,76.9584,980840,138.5
2018-09-28,76.9506,77.1728,76.2839,76.2916,520020,137.3
2018-10-01,76.0061,76.1172,75.5616,75.736,514820,136.3
2018-10-02,75.006,76.4506,75.006,76.1249,581340,137
2018-10-03,76.1172,76.1728,75.8394,76.0693,701280,136.9
2018-10-04,76.0616,76.1172,75.506,76.0693,304620,136.9
2018-10-05,75.5616,75.6172,75.006,75.1247,519180,135.2
2018-10-08,74.506,74.8393,73.8948,73.9023,566750,133
2018-10-09,73.4503,73.8948,72.6725,72.7354,660630,130.9
2018-10-10,72.5058,72.728,72.1169,72.2353,636650,130
2018-10-11,70.5612,71.6724,68.3388,70.5683,1182360,127
2018-10-12,70.5612,71.5057,69.2278,71.4018,957810,128.5
2018-10-15,71.6724,71.6724,69.7834,69.846,692180,125.7
2018-10-16,70.0056,70.2278,69.5611,70.0127,988520,126
2018-10-17,70.5056,70.839,70.1723,70.5128,444290,126.9
2018-10-18,70.5056,70.5612,69.95,70.0127,349110,126
2018-10-19,69.5056,70.4501,68.95,70.4572,1087950,126.8
2018-10-22,70.0056,70.4501,69.8945,69.9016,316450,125.8
2018-10-23,69.8389,69.8389,67.6165,68.6236,1197220,123.5
2018-10-24,68.6166,68.6166,67.7276,68.1235,742160,122.6
2018-10-25,66.672,67.172,65.0608,66.6788,1154690,120
2018-10-26,67.7276,67.7832,67.172,67.5122,643020,121.5
2018-10-29,67.5054,67.5054,65.9497,66.6788,488810,120
2018-10-30,66.672,66.672,65.1719,65.1785,535070,117.3
2018-10-31,65.1719,65.5608,63.6162,64.5117,1075800,116.1
2018-11-01,65.0052,65.0052,61.9494,63.5115,1724930,114.3
2018-11-02,63.5051,66.0053,63.5051,65.8453,1601100,118.5
2018-11-05,65.0608,65.6164,63.8384,64.734,841100,116.5
2018-11-06,64.7274,66.0053,64.1718,65.4007,1599760,117.7
2018-11-07,65.3941,66.9498,65.3941,66.4009,1339350,119.5
2018-11-08,67.1165,67.2276,66.3942,66.6788,815890,120
2018-11-09,65.5608,66.2275,64.9496,65.0118,728150,117
2018-11-12,64.0607,65.0052,63.9496,65.0118,596940,117
2018-11-13,64.0051,64.8941,63.7829,64.4561,483810,116
2018-11-14,64.4496,65.7275,64.3385,65.2896,674260,117.5
2018-11-15,65.283,65.5608,63.894,65.0118,556360,117
2018-11-16,65.0052,65.283,63.894,63.9005,566540,115
2018-11-19,64.4496,64.6163,63.8384,64.1227,739450,115.4
2018-11-20,64.1162,64.783,64.0607,64.734,715090,116.5
2018-11-21,64.4496,66.2275,64.2829,66.2342,1113540,119.2
2018-11-22,66.2275,66.8387,66.2275,66.7343,933880,120.1
2018-11-23,66.6164,66.6164,65.283,65.5674,416930,118
2018-11-26,65.6719,68.561,65.5608,68.4013,1817580,123.1
2018-11-27,69.1722,70.839,68.4499,70.2905,1882720,126.5
2018-11-28,70.0056,71.6724,70.0056,71.124,1330740,128
2018-11-29,71.3946,71.3946,70.1723,70.1794,970820,126.3
2018-11-30,70.0056,71.3946,70.0056,71.124,1417590,128
2018-12-03,71.1168,74.4504,71.1168,74.2357,1282310,133.6
2018-12-04,74.4504,75.8394,74.2282,75.8471,1001800,136.5
2018-12-05,74.7282,75.1171,73.3948,73.9023,1107160,133
2018-12-06,73.3392,73.7837,72.1724,73.1799,1089360,131.7
2018-12-07,73.3948,74.7838,73.3948,74.4024,509830,133.9
2018-12-10,74.3948,75.8394,74.1726,75.0136,1003810,135
2018-12-11,74.8949,75.2838,74.1726,74.9025,443060,134.8
2018-12-12,74.506,74.9504,73.8948,74.4579,782440,134
2018-12-13,74.4504,75.5616,74.4504,75.0136,643110,135
2018-12-14,75.006,75.2282,74.6726,75.0136,260170,135
2018-12-17,75.006,75.006,74.3948,74.4024,1043020,133.9
2018-12-18,72.5058,73.3392,72.5058,73.1799,811850,131.7
2018-12-19,72.8392,73.0614,71.6724,71.7352,484090,129.1
2018-12-20,71.6724,71.6724,70.1167,70.1238,539710,126.2
2018-12-21,69.2278,69.45,67.8388,68.0679,1901570,122.5
2018-12-24,68.3388,70.2834,68.3388,69.7904,459230,125.6
2018-12-25,69.0055,69.2833,68.3388,69.2348,349610,124.6
2018-12-26,69.2278,69.2278,68.061,68.9014,670520,124
2018-12-27,69.4524,70.5166,69.0043,69.0159,772610,123.2
2018-12-28,69.4524,70.1245,67.212,67.2233,1013580,120
2019-01-02,69.4524,69.4524,67.7721,69.464,403570,124
2019-01-03,69.4524,69.4524,68.1082,68.8478,449730,122.9
2019-01-04,68.6123,70.0125,67.7721,70.0242,498470,125
2019-01-07,71.5248,73.3731,70.2926,73.3854,897430,131
2019-01-08,73.5971,73.5971,72.0849,72.8252,448350,130
2019-01-09,72.813,74.2133,72.2529,73.8896,636050,131.9
2019-01-10,73.8772,73.9332,73.3171,73.7775,301700,131.7
2019-01-11,73.7652,75.0534,73.7652,75.066,954110,134
2019-01-14,74.4933,75.6135,74.4373,75.6262,611420,135
2019-01-15,75.6135,75.7255,75.0534,75.5702,598510,134.9
2019-01-16,74.4933,75.4455,73.9332,74.5058,562220,133
2019-01-17,74.4933,74.7173,73.7092,74.0576,514870,132.2
2019-01-18,74.4933,75.5575,74.4933,75.066,545600,134
2019-01-21,75.1094,75.1094,74.1012,74.9539,279380,133.8
2019-01-22,75.1654,75.6135,74.4933,75.066,399040,134
2019-01-23,75.5575,75.6135,74.9414,75.3461,1028650,134.5
2019-01-24,75.6135,75.8936,75.2214,75.9063,1077600,135.5
2019-01-25,76.1736,76.3416,75.9496,76.1303,813810,135.9
2019-01-28,76.4537,76.5097,76.1176,76.4665,487650,136.5
2019-01-29,76.7337,76.7337,75.8936,76.4665,371010,136.5
2019-01-30,76.5097,76.5097,75.8936,75.9063,279280,135.5
2019-01-31,76.4537,76.4537,74.7734,75.6262,812290,135
2019-02-01,76.0616,76.0616,74.4933,75.6262,731430,135
2019-02-11,75.6135,77.2378,75.5575,76.7466,1357210,137
2019-02-12,77.2938,77.4058,76.7337,77.3068,957440,138
2019-02-13,77.2938,77.5178,76.2856,77.4748,764480,138.3
2019-02-14,77.4618,78.582,77.2938,78.091,1341090,139.4
2019-02-15,78.414,78.582,78.134,78.5392,910160,140.2
2019-02-18,78.638,79.8143,78.582,79.5475,1082650,142
2019-02-19,80.0943,80.2623,79.7582,79.8836,1974200,142.6
2019-02-20,80.0943,80.3744,79.9823,80.1077,983460,143
2019-02-21,80.3744,83.5109,80.0943,83.1888,1859260,148.5
2019-02-22,83.4549,83.735,83.0628,83.4129,814320,148.9
2019-02-25,83.4549,85.4713,83.2869,84.9254,1211040,151.6
2019-02-26,84.015,85.1352,81.2145,81.8443,806810,146.1
2019-02-27,81.9426,84.015,81.9426,82.7406,484610,147.7
2019-02-28,83.1749,83.1749,79.0301,79.0434,976450,141.1
2019-03-01,80.5984,80.5984,79.1981,79.2114,868720,141.4
2019-03-04,79.2542,80.5984,79.2542,80.0517,876760,142.9
2019-03-05,79.8143,79.9823,79.3102,79.5475,532510,142
2019-03-06,79.5342,79.9823,77.5739,78.9873,711250,141
2019-03-07,78.246,79.5342,78.134,78.2591,708000,139.7
2019-03-08,77.8539,78.134,75.9496,76.7466,980860,137
2019-03-11,76.4537,77.7979,76.4537,77.0827,423100,137.6
2019-03-12,77.2938,78.134,77.2938,77.8669,560360,139
2019-03-13,78.134,78.47,77.4058,77.4748,616010,138.3
2019-03-14,77.8539,77.8539,76.5657,76.8586,920860,137.2
2019-03-15,76.8457,77.2938,76.4537,76.7466,1254050,137
2019-03-18,77.2938,77.6299,77.0138,77.3068,910690,138
2019-03-19,77.2938,77.2938,76.5097,76.6905,936230,136.9
2019-03-20,76.4537,77.5739,75.7255,77.5868,1269860,138.5
2019-03-21,77.8539,78.358,76.1736,76.1864,885480,136
2019-03-22,76.1736,76.7337,75.8936,76.4665,526570,136.5
2019-03-25,75.4455,76.4537,75.3895,76.4665,582580,136.5
2019-03-26,76.4537,76.9577,76.1736,76.4665,684470,136.5
2019-03-27,76.5097,76.8457,76.3416,76.4665,682000,136.5
2019-03-28,76.3976,76.4537,75.7255,75.7382,816770,135.2
2019-03-29,75.7255,76.4537,75.5015,75.5141,1357400,134.8
2019-04-01,75.8936,77.6299,75.6135,77.6429,796720,138.6
2019-04-02,78.358,78.358,76.9017,77.8669,1233340,139
2019-04-03,77.8539,77.8539,77.0698,77.5868,683970,138.5
2019-04-04,77.2938,78.302,77.2938,77.3068,469730,138
2019-04-05,77.2938,77.2938,76.3416,76.3544,1017700,136.3
2019-04-08,76.9577,77.1258,76.4537,76.8586,546190,137.2
2019-04-09,77.2378,77.2378,75.6135,75.8502,1148040,135.4
2019-04-10,75.6135,76.4537,75.6135,75.7942,873110,135.3
2019-04-11,75.7815,76.2856,75.7815,75.9623,383850,135.6
2019-04-12,75.9496,76.2296,75.5575,76.0183,684520,135.7
2019-04-16,75.6135,76.3976,75.6135,76.1864,514140,136
2019-04-17,76.3976,76.6777,75.5575,75.6262,864260,135
2019-04-18,75.6135,75.8936,75.5575,75.7382,601240,135.2
2019-04-19,75.8936,75.9496,74.2133,74.5058,599290,133
2019-04-22,73.3731,73.9332,72.3649,72.6011,1417290,129.6
2019-04-23,71.7488,72.533,70.9647,71.1446,974950,127
2019-04-24,71.5808,72.533,71.3567,72.5451,482490,129.5
2019-04-25,72.589,72.645,71.8608,72.5451,414330,129.5
2019-04-26,72.701,72.981,72.4209,72.7132,565240,129.8
2019-05-02,72.813,73.4291,72.645,72.8252,736990,130
2019-05-03,73.3731,73.3731,72.757,73.3854,486390,131
2019-05-06,72.981,72.981,71.6928,72.321,368910,129.1
2019-05-07,72.757,72.813,72.3649,72.5451,723470,129.5
2019-05-08,71.7488,72.3089,71.6928,71.7048,628830,128
2019-05-09,71.9729,72.3089,71.6928,71.8169,287680,128.2
2019-05-10,71.9729,72.869,71.9729,72.8812,366690,130.1
2019-05-13,72.701,74.9974,72.701,75.01,974030,133.9
2019-05-14,74.0452,76.3976,74.0452,75.9063,1097910,135.5
2019-05-15,75.8936,76.3976,75.2774,75.9623,355850,135.6
2019-05-16,75.7815,76.3976,75.6135,76.4104,702130,136.4
2019-05-17,76.4537,76.4537,75.8936,75.9623,435380,135.6
2019-05-20,75.6135,77.0698,75.4455,77.0267,450900,137.5
2019-05-21,76.7337,76.7337,74.7734,74.7859,762310,133.5
2019-05-22,73.9892,75.6135,73.8772,74.0016,619370,132.1
2019-05-23,73.4851,74.4933,73.4851,74.0016,429290,132.1
2019-05-24,73.3731,74.7734,73.037,73.1053,765150,130.5
2019-05-27,73.3731,75.0534,72.757,75.066,320060,134
2019-05-28,75.0534,75.3335,73.7652,73.9456,608790,132
2019-05-29,74.1572,74.8854,73.8212,74.4498,271730,132.9
2019-05-30,74.3813,74.4933,73.6532,73.6655,542710,131.5
2019-05-31,73.5971,73.8212,72.533,72.5451,711390,129.5
2019-06-03,72.533,72.869,71.1887,71.7048,717990,128
2019-06-04,71.9729,72.2529,71.6928,72.0409,472650,128.6
2019-06-05,72.8905,73.2306,71.9836,72.2703,358780,127.5
2019-06-06,72.267,72.437,71.3601,71.7035,548650,126.5
2019-06-07,71.5868,72.2103,71.5868,71.7601,362030,126.6
2019-06-10,71.9836,72.437,71.3601,71.9302,561260,126.9
2019-06-11,71.9836,71.9836,71.0767,71.1366,565400,125.5
2019-06-12,70.9634,71.3034,70.9067,70.9666,699880,125.2
2019-06-13,70.9634,70.9634,69.603,69.8329,1125310,123.2
2019-06-14,69.7164,70.3966,69.6597,70.1163,665880,123.7
2019-06-17,70.1132,70.1698,69.603,70.1163,632730,123.7
2019-06-18,69.7164,70.1132,69.7164,69.7196,1039070,123
2019-06-19,69.9431,70.1132,69.7164,69.9463,929690,123.4
2019-06-20,69.9998,69.9998,69.7731,69.8896,1010200,123.3
2019-06-21,71.1334,71.1334,69.8864,71.1366,2613920,125.5
2019-06-24,71.3601,71.3601,69.7731,69.7762,615090,123.1
2019-06-25,69.7731,70.3966,69.7731,69.9463,704890,123.4
2019-06-26,69.9998,70.2265,69.7164,70.003,497730,123.5
2019-06-27,69.7731,70.1698,69.6597,69.7762,802160,123.1
2019-06-28,69.7164,69.8298,68.8662,69.7196,919970,123
2019-07-01,70.85,70.9067,69.7164,70.8532,991440,125
2019-07-02,70.9067,71.4735,70.6233,70.9099,716810,125.1
2019-07-03,70.9634,71.5868,70.7366,71.42,657870,126
2019-07-04,70.9634,71.7569,71.4735,71.5334,613870,126.2
2019-07-05,71.5302,71.7569,71.2468,71.5334,520290,126.2
2019-07-08,71.2468,71.2468,70.2832,70.3998,969080,124.2
2019-07-09,70.3966,70.85,70.0565,70.8532,951440,125
2019-07-10,70.85,71.1334,70.7366,70.8532,420940,125
2019-07-11,71.1334,71.1334,70.85,70.9666,277200,125.2
2019-07-12,70.9634,71.02,70.2832,70.2864,370730,124
2019-07-15,70.9634,70.2832,69.8298,69.8329,703320,123.2
2019-07-16,70.1698,70.3966,69.9998,70.2864,512540,124
2019-07-17,70.2832,71.3601,70.2265,71.0799,965170,125.4
2019-07-18,70.85,71.0767,70.5666,70.6265,707720,124.6
2019-07-19,70.85,72.0403,70.6233,71.9302,1381230,126.9
2019-07-22,71.7002,71.7002,71.1334,71.1366,721980,125.5
2019-07-23,71.1334,71.1901,70.7366,71.0799,764550,125.4
2019-07-24,71.4168,71.9269,70.9634,71.1933,593800,125.6
2019-07-25,70.85,71.1334,70.85,70.9099,686030,125.1
2019-07-26,71.02,71.3601,70.5666,70.5698,526110,124.5
2019-07-29,70.3399,70.5099,69.7164,70.003,1095840,123.5
2019-07-30,70.85,71.1901,69.9998,70.003,921500,123.5
2019-07-31,69.9998,70.2832,69.6597,69.8329,816150,123.2
2019-08-01,69.9998,70.5666,69.8298,70.3998,502790,124.2
2019-08-02,69.9998,70.3966,69.8864,70.2864,471510,124
2019-08-05,69.9998,70.5099,69.1496,69.1527,882750,122
2019-08-06,68.5828,68.5828,67.5626,68.1325,938500,120.2
2019-08-07,68.5828,69.0362,68.1294,68.5859,731780,121
2019-08-08,68.5828,68.9229,68.1294,68.5292,570640,120.9
2019-08-09,68.5261,68.9796,68.4694,68.5859,726150,121
2019-08-12,68.5828,68.5828,68.2427,68.3592,442330,120.6
2019-08-13,68.016,68.1294,66.8824,66.8854,1178780,118
2019-08-14,67.5626,67.9593,67.2792,67.2822,677360,118.7
2019-08-15,66.4856,69.1496,66.4856,69.1527,673120,122
2019-08-16,68.5828,71.2468,68.2994,70.3431,1074270,124.1
2019-08-19,70.5666,70.9634,70.5099,70.7965,758210,124.9
2019-08-20,70.7933,70.7933,70.3399,70.5131,787020,124.4
2019-08-21,70.2832,70.4532,69.9998,70.2297,580860,123.9
2019-08-22,70.2265,70.4532,70.1698,70.2864,525610,124
2019-08-23,70.3399,70.3966,69.7164,69.7196,621830,123
2019-08-26,69.1496,69.263,68.1294,68.3025,839870,120.5
2019-08-27,68.8662,69.0362,67.4492,67.4523,943130,119
2019-08-28,68.016,68.0727,67.5626,67.679,521700,119.4
2019-08-29,68.016,69.7164,67.9026,69.7196,561530,123
2019-08-30,68.016,70.3966,69.5464,69.7196,797090,123
2019-09-03,69.7164,70.4532,69.7164,70.2864,744840,124
2019-09-04,69.7164,70.2832,69.4897,70.173,405800,123.8
2019-09-05,70.3966,70.3966,69.1496,69.1527,587180,122
2019-09-06,69.1496,69.7731,69.1496,69.6062,315980,122.8
2019-09-09,69.7164,70.5666,69.433,70.5698,498850,124.5
2019-09-10,70.4532,70.4532,69.8864,70.1163,647890,123.7
2019-09-11,70.1698,70.2832,69.2063,69.2094,401410,122.1
2019-09-12,69.433,69.8864,68.8095,69.1527,600870,122
2019-09-13,69.263,69.433,68.8662,69.2094,503530,122.1
2019-09-16,71.1747,71.1747,70.3546,71.185,604710,121.5
2019-09-17,71.1747,72.0534,70.7061,71.7709,482570,122.5
2019-09-18,71.1747,72.5806,71.2919,72.474,972940,123.7
2019-09-19,72.3463,72.5806,71.7605,72.4154,725700,123.6
2019-09-20,72.4635,72.4635,71.5262,71.5366,1623350,122.1
2019-09-23,72.0534,73.2836,71.8777,72.9427,1560140,124.5
2019-09-24,72.9321,74.7481,72.8149,74.3488,1340450,126.9
2019-09-25,73.9865,74.338,73.5179,74.0559,617630,126.4
2019-09-26,74.4552,76.2126,74.1037,76.1651,1613560,130
2019-09-27,76.154,76.7984,75.8025,76.2237,1183530,130.1
2019-09-30,76.2126,76.5641,75.8025,75.9893,885490,129.7
2019-10-01,75.8611,75.9783,74.8067,74.9933,1207380,128
2019-10-02,74.6895,74.8652,73.928,74.4074,2070220,127
2019-10-03,73.8108,75.5682,73.5179,75.5792,825310,129
2019-10-04,75.6268,76.6812,75.2753,75.3448,641540,128.6
2019-10-07,75.2167,76.154,75.0996,75.6378,833680,129.1
2019-10-08,75.2167,75.7439,75.3339,75.5792,537440,129
2019-10-09,75.451,75.451,74.2794,74.4074,663150,127
2019-10-10,74.2209,75.2753,74.2209,74.4074,442150,127
2019-10-11,74.3966,74.9824,74.338,74.9933,631310,128
2019-10-14,75.5682,75.5682,74.9238,75.3448,586040,128.6
2019-10-15,75.2753,75.8611,74.8067,75.1691,1165130,128.3
2019-10-16,76.3883,76.6812,75.1581,76.3994,1321580,130.4
2019-10-17,76.3883,77.5599,76.2712,76.751,1409580,131
2019-10-18,77.0327,77.9114,77.0327,77.6298,1116920,132.5
2019-10-21,77.6185,79.3759,77.267,78.2743,2006630,133.6
2019-10-22,78.4972,78.7315,77.5013,77.6298,1398920,132.5
2019-10-23,77.6185,77.7357,76.857,77.5126,847820,132.3
2019-10-24,77.4428,78.1457,77.4428,77.6884,520890,132.6
2019-10-25,77.6771,78.7901,77.6185,78.8016,816560,134.5
2019-10-28,78.7901,79.3173,78.2629,78.3914,558360,133.8
2019-10-29,78.3215,79.0244,78.2629,78.5672,520280,134.1
2019-10-30,78.7315,78.9658,76.7398,77.3368,1301690,132
2019-10-31,77.3256,77.3256,75.451,76.1651,2550480,130
2019-11-01,76.2712,77.9114,76.2712,77.5712,969370,132.4
2019-11-04,77.9114,77.9114,76.5055,76.9267,1407970,131.3
2019-11-05,76.9155,76.9155,75.6854,75.6964,1876790,129.2
2019-11-06,75.5682,76.4469,75.2753,76.2237,1184100,130.1
2019-11-07,75.8611,76.0368,75.3925,75.6378,866170,129.1
2019-11-08,75.6268,76.3297,75.5096,75.6964,1193130,129.2
2019-11-11,75.6854,76.2712,75.5682,75.755,645500,129.3
2019-11-12,75.7439,75.7439,74.5723,74.7004,1934480,127.5
2019-11-13,74.6895,74.6895,73.4593,73.5286,1956940,125.5
2019-11-14,73.8108,74.0451,73.5765,73.7629,695470,125.9
2019-11-15,73.8108,73.8108,70.296,72.0639,2384360,123
2019-11-18,72.0534,72.2877,70.5303,70.7749,1671470,120.8
2019-11-19,70.5303,72.8735,70.5303,72.8841,1078610,124.4
2019-11-20,72.9321,73.1078,72.2291,72.6498,1150700,124
2019-11-21,72.3463,72.522,71.2919,71.478,1395000,122
2019-11-22,71.1747,72.1706,71.0575,71.185,719680,121.5
2019-11-25,71.5848,72.2291,70.6475,72.0053,680740,122.9
2019-11-26,71.9948,72.6392,71.8777,72.0639,971390,123
2019-11-27,72.4635,72.4635,71.5262,71.5366,366920,122.1
2019-11-28,71.5262,71.6433,70.5303,71.5366,1107720,122.1
2019-11-29,71.4676,71.7019,70.999,71.185,549840,121.5
2019-12-02,71.1747,71.1747,69.3001,69.3102,1489150,118.3
2019-12-03,69.0072,69.0072,68.0114,68.197,1422610,116.4
2019-12-04,68.1871,69.593,68.1871,69.6032,693700,118.8
2019-12-05,70.1203,70.1203,69.0072,69.0173,694150,117.8
2019-12-06,69.0658,69.0658,68.1285,68.1384,937120,116.3
2019-12-09,68.1285,69.2416,68.1285,69.193,766050,118.1
2019-12-10,69.183,69.5345,68.8315,69.2516,850090,118.2
2019-12-11,68.9487,69.4759,68.7143,69.486,793940,118.6
2019-12-12,69.7102,70.0031,69.6516,69.8375,701380,119.2
2019-12-13,69.8859,70.2374,69.1244,69.1345,564680,118
2019-12-16,69.4173,69.593,68.9487,69.5446,751280,118.7
2019-12-17,69.593,69.593,68.5972,68.6072,829630,117.1
2019-12-18,68.7729,69.7102,68.7143,69.486,1400340,118.6
2019-12-19,69.4759,70.296,69.4759,70.1305,1582510,119.7
2019-12-20,70.296,70.4717,70.0031,70.3062,1822570,120
2019-12-23,70.296,70.296,69.1244,69.1345,786100,118
2019-12-24,69.1244,69.593,69.1244,69.486,577000,118.6
2019-12-25,70.0031,70.0031,68.9487,69.1345,541190,118
2019-12-26,69.608,69.7262,69.1353,69.1362,345150,117
2019-12-27,69.1353,70.0217,68.5444,69.8453,383460,118.2
2019-12-30,69.608,69.7262,68.8399,68.8408,672140,116.5
2019-12-31,70.3171,70.3171,68.7808,68.8408,387640,116.5
2020-01-02,69.1353,69.8444,68.8399,69.668,352700,117.9
2020-01-03,69.8444,70.3171,69.8444,69.9044,625390,118.3
2020-01-06,69.7262,69.8444,69.0171,69.3726,495910,117.4
2020-01-07,69.4308,70.1989,69.4308,70.0226,459520,118.5
2020-01-08,70.0217,70.1989,69.4308,70.1999,837710,118.8
2020-01-09,70.3171,70.6126,69.9626,70.0817,624130,118.6
2020-01-10,70.0807,70.4353,69.9626,70.2589,596280,118.9
2020-01-13,70.3171,70.3171,69.3717,69.3726,412880,117.4
2020-01-14,69.3717,69.7853,69.1944,69.6089,335180,117.8
2020-01-15,69.608,69.6671,69.2535,69.6089,681740,117.8
2020-01-16,69.608,70.0217,69.2535,69.8453,545090,118.2
2020-01-17,69.8444,70.0807,69.608,70.0817,375030,118.6
2020-01-20,70.3171,70.4353,69.9626,70.318,493600,119
2020-01-21,70.3171,72.0307,70.0807,71.4999,853940,121
2020-01-22,71.4989,72.0307,71.4989,71.6771,794440,121.3
2020-01-30,70.3171,70.7898,68.6626,68.8999,1533720,116.6
2020-01-31,68.7808,68.8989,64.1127,64.1135,1915820,108.5
2020-02-03,63.9945,65.2945,59.6809,63.9953,2289150,108.3
2020-02-04,64.9399,64.999,61.5127,62.0453,1869040,105
2020-02-05,62.8718,63.6399,61.04,62.9908,1545750,106.6
2020-02-06,63.5218,64.1717,62.5763,63.5226,2137020,107.5
2020-02-07,63.6399,65.2945,63.5808,65.118,1523380,110.2
2020-02-10,64.4081,64.6445,63.4036,64.409,910510,109
2020-02-11,64.4081,64.4081,63.2263,63.3453,885960,107.2
2020-02-12,63.8172,63.8172,63.3445,63.3453,838170,107.2
2020-02-13,63.3445,63.5218,62.9899,63.1681,713560,106.9
2020-02-14,63.3445,63.4627,62.9899,62.9908,708080,106.6
2020-02-17,63.1081,63.5808,63.1081,63.5226,623350,107.5
2020-02-18,63.699,63.699,62.2218,62.3408,1078500,105.5
2020-02-19,62.0445,63.049,62.0445,62.8726,794470,106.4
2020-02-20,63.2263,63.5218,62.8127,62.8726,624620,106.4
2020-02-21,63.5218,64.6445,63.5218,64.1135,1484500,108.5
2020-02-24,63.2263,63.699,62.6354,62.8726,954600,106.4
2020-02-25,62.8127,64.1127,62.6354,63.8181,1200220,108
2020-02-26,63.049,63.049,62.0445,62.0453,1346630,105
2020-02-27,62.0445,63.4627,61.3354,63.4635,863890,107.4
2020-02-28,62.2218,62.6945,60.8627,61.7499,1437350,104.5
2020-03-02,61.7491,62.34,61.3354,61.7499,909240,104.5
2020-03-03,62.34,62.7536,61.8081,62.2226,741380,105.3
2020-03-04,62.2218,62.6354,61.7491,61.9271,612800,104.8
2020-03-05,62.0445,62.5763,61.7491,61.7499,438020,104.5
2020-03-06,61.7491,61.9263,61.2172,61.5726,664920,104.2
2020-03-09,59.09,60.5673,57.3173,57.3181,2356790,97
2020-03-10,56.7264,60.1536,56.7264,60.0953,1761300,101.7
2020-03-11,60.2718,62.0445,58.6173,60.0362,2292410,101.6
2020-03-12,57.4355,59.9764,57.3173,59.6226,2431600,100.9
2020-03-13,56.2537,59.4445,56.2537,58.559,2159130,99.1
2020-03-16,58.5582,58.6173,57.0219,57.3181,1087080,97
2020-03-17,56.7264,56.9628,56.1355,56.7272,1788240,96
2020-03-18,56.8446,57.79,56.1355,56.1362,1322150,95
2020-03-19,54.9537,55.5446,52.5901,52.5908,2774560,89
2020-03-20,52.5901,53.9492,52.5901,53.1817,2316660,90
2020-03-23,52.6492,52.6492,49.4583,49.459,2187710,83.7
2020-03-24,49.4583,52.1765,49.4583,50.8772,1739530,86.1
2020-03-25,53.5355,54.4219,53.2401,54.3635,2993020,92
2020-03-26,54.5401,56.1355,52.4719,55.5453,2556450,94
2020-03-27,54.9537,56.3128,54.3628,55.6044,2755950,94.1
2020-03-30,53.181,54.6583,52.5901,53.8908,1559900,91.2
2020-03-31,54.6583,55.1901,53.181,53.7726,1293290,91
2020-04-01,53.7719,55.5446,53.7719,55.5453,1155730,94
2020-04-03,55.8401,56.431,55.5446,56.1362,1934430,95
2020-04-06,57.0219,57.0809,56.1355,56.8453,1840550,96.2
2020-04-07,57.0219,58.4991,56.6082,58.2044,2273090,98.5
2020-04-08,57.9082,58.4991,57.0219,58.4999,904920,99
2020-04-09,59.0309,59.6218,58.6173,59.1499,1220550,100.1
2020-04-10,59.09,59.09,57.9673,58.8544,1111470,99.6
2020-04-13,58.8536,58.9718,58.0855,58.559,1127670,99.1
2020-04-14,58.7946,58.9127,58.3218,58.4999,1059560,99
2020-04-15,58.9127,58.9127,58.6173,58.6181,886130,99.2
2020-04-16,58.6764,58.7946,58.44,58.6772,1155660,99.3
2020-04-17,59.09,59.1491,58.4991,58.6772,1767310,99.3
2020-04-20,59.09,59.7991,59.09,59.0908,1471680,100
2020-04-21,59.09,59.09,56.6082,57.1999,2129360,96.8
2020-04-22,56.7855,57.6718,56.6082,57.6135,1085950,97.5
2020-04-23,58.2627,58.2627,56.6673,56.7862,1443180,96.1
2020-04-24,58.6764,60.7445,57.6128,60.7453,3624460,102.8
2020-04-27,62.9309,62.9309,60.7445,60.7453,1950560,102.8
2020-04-28,60.7445,60.8627,58.9127,59.3862,1401520,100.5
2020-04-29,58.4991,59.0309,58.4991,58.4999,1769090,99
2020-05-04,57.3173,58.4991,57.3173,57.6726,1235970,97.6
2020-05-05,58.3809,59.6218,57.9082,59.3862,1163800,100.5
2020-05-06,59.5036,59.9764,58.9127,59.9772,1105020,101.5
2020-05-07,60.0354,61.3354,59.9764,61.0999,1583260,103.4
2020-05-08,61.7491,63.5808,61.4536,62.0453,3184170,105
2020-05-11,64.1127,64.1127,61.8672,64.1135,1792200,108.5
2020-05-12,64.1127,67.599,63.4627,67.3044,2944650,113.9
2020-05-13,66.8899,67.9535,64.999,67.1862,2507730,113.7
2020-05-14,66.5353,67.3035,66.4763,66.7726,1397750,113
2020-05-15,66.7717,67.0672,64.6445,65.4726,2320230,110.8
2020-05-18,65.4717,66.0626,64.4081,65.6499,898370,111.1
2020-05-19,67.2444,67.599,66.3581,66.5362,1432400,112.6
2020-05-20,66.4763,67.599,66.4763,67.3635,1199680,114
2020-05-21,67.3626,67.9535,67.0672,67.9544,1582090,115
2020-05-22,67.599,67.8353,67.0672,67.5999,1083060,114.4
2020-05-25,67.6581,69.4898,67.4217,69.4908,1581860,117.6
2020-05-26,69.7262,69.7262,68.0717,69.4908,983170,117.6
2020-05-27,69.5489,69.608,67.9535,67.9544,1108350,115
2020-05-28,67.9535,68.5444,67.8353,67.8362,1004500,114.8
2020-05-29,67.0672,68.0717,67.0672,67.9544,1203680,115
2020-06-01,68.0126,69.1353,68.0126,68.6044,1047020,116.1
2020-06-02,68.6035,69.1353,68.3671,68.5453,891910,116
2020-06-03,68.6626,69.7853,68.308,68.8999,1322080,116.6
2020-06-04,69.1353,69.6671,69.1353,69.6089,735420,117.8
2020-06-05,69.608,70.4353,68.958,70.4362,1076470,119.2
2020-06-08,70.4353,72.9171,70.3762,72.5635,1419750,122.8
2020-06-09,72.7398,74.4534,72.7398,73.8635,1704320,125
2020-06-10,74.4534,74.4534,72.5625,72.6817,1242180,123
2020-06-11,72.6807,73.8625,71.4989,72.268,1098260,122.3
2020-06-12,69.7262,70.7898,67.7171,69.7271,2394330,118
2020-06-15,70.908,71.4398,66.1808,66.1817,2058870,112
2020-06-16,67.7171,69.4308,67.3626,69.1362,844740,117
2020-06-17,69.1353,69.2535,68.1899,68.309,513570,115.6
2020-06-18,68.308,68.8989,67.4217,68.0726,523160,115.2
2020-06-19,68.0717,68.8399,67.9535,67.9544,1251600,115
2020-06-22,67.9535,68.4853,67.8353,68.1908,867620,115.4
2020-06-23,68.5444,68.7808,68.308,68.5453,1063470,116
2020-06-24,68.7808,69.9626,68.7808,69.1953,750960,117.1
2020-06-25,68.8399,68.8399,68.1308,68.7817,572770,116.4
2020-06-26,68.8989,69.1944,68.1899,68.4862,495750,115.9
2020-06-29,68.2404,68.42,65.9059,66.9867,1519040,111.9
2020-06-30,67.6418,67.9411,66.9833,67.4656,797960,112.7
2020-07-01,67.4622,68.839,67.0432,68.6629,450020,114.7
2020-07-02,68.7193,68.7791,67.6418,67.6452,720480,113
2020-07-03,67.6418,68.3601,67.5221,68.3037,729290,114.1
2020-07-06,68.5397,69.7968,68.42,69.7404,1319980,116.5
2020-07-07,69.7369,70.0961,69.4376,69.4411,1024960,116
2020-07-08,69.4376,69.4376,69.1383,69.1418,551310,115.5
2020-07-09,69.1383,69.8566,69.1383,69.3812,1560410,115.9
2020-07-10,69.4376,69.677,69.0186,69.0221,677180,115.3
2020-07-13,69.0186,69.3179,68.42,68.7227,943850,114.8
2020-07-14,68.3601,68.9587,68.1805,68.9622,731170,115.2
2020-07-15,69.4376,70.0362,69.4376,69.4411,1015000,116
2020-07-16,69.8566,70.3355,69.5573,70.3391,1112460,117.5
2020-07-17,69.8566,70.2756,69.7369,69.92,583510,116.8
2020-07-20,69.258,69.8566,69.1383,69.2615,474700,115.7
2020-07-21,69.258,69.6172,68.5996,69.4411,1618780,116
2020-07-22,69.0784,69.4376,68.3003,68.3037,1051320,114.1
2020-07-23,68.3601,68.5996,67.9411,68.3636,766500,114.2
2020-07-24,68.3601,68.3601,65.2474,66.5078,2313270,111.1
2020-07-27,64.1101,64.4094,61.8952,61.8984,2553780,103.4
2020-07-28,62.2544,65.7861,62.2544,65.7895,1390810,109.9
2020-07-29,64.9481,65.1875,63.1523,63.4548,1497450,106
2020-07-30,64.6488,65.5467,63.9305,65.2507,1028620,109
2020-07-31,64.0502,65.3671,63.7509,64.0534,839830,107
2020-08-03,64.6488,65.846,64.4692,65.3704,860190,109.2
2020-08-04,66.4446,66.6242,65.7861,66.6275,765170,111.3
2020-08-05,66.7439,68.001,65.846,67.1064,888080,112.1
2020-08-06,67.1629,69.4376,67.1031,68.7227,1360570,114.8
2020-08-07,68.839,69.4376,68.7193,69.1418,1148200,115.5
2020-08-10,69.4376,69.7369,68.5397,68.5432,1412680,114.5
2020-08-11,68.7791,68.839,68.2404,68.5432,852250,114.5
2020-08-12,68.5397,69.3777,68.5397,69.2017,1451960,115.6
2020-08-13,69.4376,69.7968,69.3777,69.6806,1238980,116.4
2020-08-14,69.7968,70.6348,69.5573,69.8601,1623690,116.7
2020-08-17,70.0362,70.5749,69.0186,70.0397,906890,117
2020-08-18,70.0362,70.2756,69.1982,69.2017,604570,115.6
2020-08-19,69.4376,69.4376,68.7791,69.0221,981840,115.3
2020-08-20,69.0186,69.3179,68.5996,68.9622,1254280,115.2
2020-08-21,69.1383,69.4376,68.8989,69.2017,884990,115.6
2020-08-24,69.7369,70.3954,69.4376,69.7404,1526860,116.5
2020-08-25,70.0362,70.5749,69.9165,70.2193,1693030,117.3
2020-08-26,70.6348,70.7545,69.9763,70.0996,1922780,117.1
2020-08-27,70.3355,70.5749,70.0362,70.1595,799570,117.2
2020-08-28,70.5151,71.832,70.1559,71.4166,1341270,119.3
2020-08-31,72.0116,72.4306,71.5327,72.4343,1634090,121
2020-09-01,72.4306,73.7475,71.9517,73.7512,1448060,123.2
2020-09-03,73.9271,74.7053,73.9271,74.6492,2016680,124.7
2020-09-04,74.0468,74.825,73.6877,74.8288,1711980,125
2020-09-07,74.825,76.8602,74.7651,75.4274,2178380,126
2020-09-08,75.3637,76.2616,74.1665,74.3499,1809570,124.2
2020-09-09,73.3285,74.1665,72.7299,74.1104,1621920,123.8
2020-09-10,74.825,75.0644,74.4658,74.6492,848330,124.7
2020-09-11,74.3461,74.6454,73.9271,74.1104,956670,123.8
2020-09-14,74.4658,74.825,74.2264,74.3499,1194170,124.2
2020-09-15,74.3461,74.7651,74.2264,74.7091,882030,124.8
2020-09-16,74.825,74.825,74.1665,74.3499,724510,124.2
2020-09-17,74.2264,75.3039,74.2264,74.5295,1376570,124.5
2020-09-18,74.5856,75.663,74.3461,75.6669,1224030,126.4
2020-09-21,75.663,77.9377,75.663,77.8818,2614310,130.1
2020-09-22,77.8779,77.9377,76.9201,77.5825,1244610,129.6
2020-09-23,77.7581,77.9377,77.2793,77.343,1042800,129.2
2020-09-24,76.7405,77.1595,76.2018,76.2056,1506610,127.3
2020-09-25,76.5011,76.6208,76.3215,76.4451,1011140,127.7
2020-09-28,76.6208,76.98,76.2018,76.8043,2169790,128.3
2020-09-29,80.267,82.1642,78.8076,79.6909,5191680,109.2
2020-09-30,80.267,81.2886,79.1725,79.4719,1432380,108.9
2020-10-01,79.5373,79.8292,78.7346,79.7638,1702500,109.3
2020-10-02,79.9022,80.34,77.859,78.8151,2864220,108
2020-10-05,78.8076,79.5373,78.0779,78.3043,1427600,107.3
2020-10-06,78.2968,78.8076,77.7131,78.0854,2044710,107
2020-10-07,77.932,78.8076,77.7131,78.8151,2153700,108
2020-10-08,78.7346,78.7346,77.932,78.0124,1325810,106.9
2020-10-09,78.0779,78.1509,77.786,77.8664,980970,106.7
2020-10-12,77.932,78.6617,77.786,78.0854,1209250,107
2020-10-13,78.0779,78.8076,78.0049,78.1584,858550,107.1
2020-10-14,78.1509,78.5887,77.932,78.3773,1299160,107.4
2020-10-15,78.6617,78.7346,78.0779,78.4503,1854560,107.5
2020-10-16,78.4428,78.8076,78.0049,78.3773,1637740,107.4
2020-10-19,78.3698,79.0265,78.3698,78.5962,1617740,107.7
2020-10-20,78.2968,78.5157,77.3482,77.5016,2150990,106.2
2020-10-21,77.7131,78.0049,77.3482,77.6475,805550,106.4
2020-10-22,77.932,77.932,76.6915,77.8664,2422540,106.7
2020-10-23,78.4428,80.267,78.1509,80.2747,2946790,110
2020-10-26,80.9967,82.0913,80.267,80.6396,2313520,110.5
2020-10-27,80.267,80.9967,79.6103,79.9828,1721090,109.6
2020-10-28,79.5373,79.5373,77.7131,78.3773,2609180,107.4
2020-10-29,77.7131,78.2238,77.0563,78.0124,1723240,106.9
2020-10-30,78.0779,78.8076,76.8374,78.8151,2683620,108
2020-11-02,78.0779,78.8076,78.0779,78.5232,867340,107.6
2020-11-03,78.5157,78.8076,78.0779,78.5962,870230,107.7
2020-11-04,78.8076,79.8292,78.3698,78.8151,1342780,108
2020-11-05,78.8076,79.8292,78.8076,79.399,1891270,108.8
2020-11-06,79.6832,79.8292,78.8076,79.399,1011020,108.8
2020-11-09,79.5373,79.8292,79.1725,79.399,1066640,108.8
2020-11-10,79.6103,79.6832,78.4428,78.4503,2297200,107.5
2020-11-11,78.7346,78.7346,77.3482,78.4503,2429710,107.5
2020-11-12,78.4428,78.4428,77.859,78.0854,1074590,107
2020-11-13,78.0779,78.3698,78.0779,78.3773,1089500,107.4
2020-11-16,78.4428,79.3184,78.0779,78.1584,2571160,107.1
2020-11-17,78.2238,78.5887,78.0779,78.5232,1648330,107.6
2020-11-18,78.8076,79.9022,78.6617,79.8368,3396750,109.4
2020-11-19,79.8292,80.0481,79.5373,80.0558,3140680,109.7
2020-11-20,80.194,81.3616,79.6103,80.9315,2801420,110.9
2020-11-23,80.9967,81.2156,80.1211,80.7125,2104330,110.6
2020-11-24,80.7048,80.9237,79.5373,79.9828,1937130,109.6
2020-11-25,80.6319,80.9967,79.6103,80.6396,2190900,110.5
2020-11-26,80.9237,80.9237,79.7562,80.2017,1490270,109.9
2020-11-27,80.194,80.194,79.3184,80.1287,2823860,109.8
2020-11-30,80.1211,80.267,78.8076,78.9611,2687040,108.2
2020-12-01,78.2968,80.1211,78.2238,80.0558,2493230,109.7
2020-12-02,79.9751,80.1211,79.3184,79.5449,1332460,109
2020-12-03,79.5373,80.194,79.3914,79.9098,1108730,109.5
2020-12-04,79.9022,80.0481,79.3914,79.5449,1571130,109
2020-12-07,80.267,80.9237,79.3914,80.2747,1970400,110
2020-12-08,80.34,80.4859,79.5373,79.6909,1468350,109.2
2020-12-09,80.267,80.34,79.7562,80.0558,1701940,109.7
2020-12-10,80.4859,83.1128,80.4859,81.7342,6077770,112
2020-12-11,81.7264,82.3102,81.5805,82.1721,2297940,112.6
2020-12-14,82.3102,82.748,82.0183,82.7559,2535300,113.4
2020-12-15,82.4561,82.675,80.8508,81.1504,4572910,111.2
2020-12-16,81.1426,81.9453,80.7778,81.4423,2106480,111.6
2020-12-17,80.9967,80.9967,80.4859,80.5666,2951870,110.4
2020-12-18,80.6319,80.9967,80.267,80.5666,3342900,110.4
2020-12-21,80.5589,81.2886,80.4129,81.0045,2341080,111
2020-12-22,80.9237,80.9237,80.1211,80.2017,2266760,109.9
2020-12-23,80.194,81.2886,80.194,80.4206,2432590,110.2
2020-12-24,80.4129,80.6319,78.8076,79.326,2511360,108.7
2020-12-25,79.3914,79.6103,78.8806,79.5449,1755510,109
2020-12-28,79.6103,80.0481,79.0265,79.326,2305300,108.7
2020-12-29,79.5373,79.8292,79.2454,79.6909,1299700,109.2
2020-12-30,79.3914,80.4129,79.2454,79.399,1856600,108.8
2020-12-31,79.5373,80.194,79.3914,79.399,993810,108.8
2021-01-04,80.0481,80.1211,79.5373,79.7638,2299600,109.3
2021-01-05,80.2049,82.488,79.8366,81.6093,4013900,110.8
2021-01-06,81.7515,81.9725,80.8677,80.8728,2823100,109.8
2021-01-07,81.015,81.6042,80.8677,81.3147,2453000,110.4
2021-01-08,82.1198,83.1509,81.6779,82.4932,3323000,112
2021-01-11,82.8563,85.434,82.8563,85.3657,4603900,115.9
2021-01-12,85.8023,85.9496,84.9921,85.6603,2344900,116.3
2021-01-13,85.655,86.3178,84.1083,84.3345,2521600,114.5
2021-01-14,84.2556,84.2556,82.9299,83.3034,3680400,113.1
2021-01-15,83.5928,84.9185,83.2982,83.8926,2125700,113.9
2021-01-18,84.1083,84.7712,83.4455,83.4507,2624000,113.3
2021-01-19,83.4455,83.4455,78.8055,79.326,3668300,107.7
2021-01-20,80.1312,80.6468,78.069,80.2835,3363700,109
2021-01-21,80.9414,81.5306,80.1312,81.241,2531200,110.3
2021-01-22,81.1623,81.6042,80.0576,80.0626,2429000,108.7
2021-01-25,80.2049,80.7941,79.542,79.6943,2554800,108.2
2021-01-26,79.6157,79.9103,77.3325,78.5895,2596900,106.7
2021-01-27,78.069,78.6582,75.4913,76.0852,3153800,103.3
2021-01-28,73.65,75.0494,70.7777,70.7821,4565600,96.1
2021-01-29,70.704,75.7122,70.704,75.7169,4140500,102.8
2021-02-01,75.8595,77.4798,75.123,75.6433,2934800,102.7
2021-02-02,75.344,78.8055,75.344,78.3685,3350900,106.4
2021-02-03,78.3636,80.7941,78.3636,80.7991,3056500,109.7
2021-02-04,80.7941,80.7941,78.8055,80.1362,1896800,108.8
2021-02-05,79.9839,81.015,79.9839,80.7255,2231200,109.6
2021-02-08,77.5535,80.7204,76.4487,77.5583,4331600,105.3
2021-02-09,79.542,80.2049,77.2589,79.547,1931700,108
2021-02-17,79.542,80.2049,79.0265,80.0626,2872300,108.7
2021-02-18,80.0576,80.2785,79.1738,80.2835,2847400,109
2021-02-19,79.3947,79.763,78.8792,79.547,2696500,108
2021-02-22,79.1001,79.3947,79.0265,79.1787,3006200,107.5
2021-02-23,79.1738,79.542,78.2163,78.8104,3048400,107
2021-02-24,78.8055,79.4684,77.7008,77.9266,2801000,105.8
2021-02-25,77.9954,78.29,76.7433,77.0427,4282900,104.6
2021-02-26,76.3014,77.2589,76.1541,77.19,3357800,104.8
2021-03-01,77.7008,77.9954,77.3325,77.7793,2179000,105.6
2021-03-02,78.2163,78.4373,76.596,77.2637,3050100,104.9
2021-03-03,77.1852,77.2589,76.596,76.9691,2551300,104.5
2021-03-04,77.4798,77.7008,75.8595,76.1589,2755100,103.4
2021-03-05,75.9332,75.9332,74.9021,75.8642,4187600,103
2021-03-08,76.1541,76.3014,74.9021,75.275,3208200,102.2
2021-03-09,74.4602,74.7548,73.7973,74.0229,4141900,100.5
2021-03-10,74.0183,75.4913,73.5027,74.4648,3391300,101.1
2021-03-11,75.4913,76.4487,75.1967,75.7169,2417000,102.8
2021-03-12,75.8595,76.0805,74.9021,75.275,2704600,102.2
2021-03-15,75.7122,75.8595,75.1967,75.275,2379400,102.2
2021-03-16,75.2703,75.344,73.7237,74.3912,4121100,101
2021-03-17,74.3865,74.3865,73.7237,74.0229,3568400,100.5
2021-03-18,74.3865,75.4913,74.3865,75.496,2553400,102.5
2021-03-19,75.2703,75.2703,74.6811,74.9067,2339400,101.7
2021-03-22,74.9021,74.9757,74.0919,74.2438,3416300,100.8
2021-03-23,74.0919,74.1656,73.4291,73.8019,4554300,100.2
2021-03-24,73.3554,73.65,72.5453,72.6971,3192200,98.7
2021-03-25,72.9135,73.4291,72.398,72.5498,3152700,98.5
2021-03-26,72.177,72.5453,71.1459,71.7396,3653700,97.4
2021-03-29,72.2507,73.5764,72.0297,72.9181,2790300,99
2021-03-30,73.3554,73.7237,72.6189,73.0654,2590400,99.2
2021-03-31,72.9872,72.9872,72.177,72.4761,2815600,98.4
2021-04-01,72.5453,74.3865,72.177,74.3912,5594000,101
2021-04-02,75.4913,76.596,75.1967,75.6433,3840000,102.7
2021-04-05,76.9643,76.9643,75.2703,75.5696,2822700,102.6
2021-04-06,75.5649,75.6386,74.2392,74.7594,3452600,101.5
2021-04-07,74.3865,74.3865,73.65,73.7283,3503700,100.1
2021-04-08,73.9446,74.0183,73.2081,73.581,3603800,99.9
2021-04-09,73.5764,73.65,73.0608,73.5073,2716700,99.8
2021-04-12,73.65,73.871,73.2818,73.6546,3632400,100
2021-04-13,74.2392,74.9021,73.4291,73.6546,3799100,100
2021-04-14,73.65,73.65,72.8399,73.139,3498500,99.3
2021-04-15,73.3554,74.0183,72.8399,72.9917,3549400,99.1
2021-04-16,72.6189,72.6926,70.9986,71.3713,4876400,96.9
2021-04-19,71.3669,71.8088,70.0412,70.7821,5722900,96.1
2021-04-20,71.4405,74.3865,71.3669,73.139,6987200,99.3
2021-04-22,73.1345,73.2818,71.4405,72.1815,3166300,98
2021-04-23,72.177,73.5764,71.2932,73.2863,3556800,99.5
2021-04-26,71.4405,72.9135,70.704,70.7084,5045600,96
2021-04-27,70.704,71.0723,69.9675,70.4875,3149400,95.7
2021-04-28,70.4831,70.5567,68.8628,69.0144,5027100,93.7
2021-04-29,69.0101,69.3783,67.3898,68.8671,6499700,93.5
2021-05-04,68.4945,68.4945,67.3898,67.4676,4112800,91.6
2021-05-05,67.4634,68.4945,67.4634,67.7622,3792300,92
2021-05-06,67.758,67.758,65.9904,65.9945,7448600,89.6
2021-05-07,65.5485,65.6958,63.9282,64.0795,6744500,87
2021-05-10,64.0755,68.4945,63.4127,68.4988,8176900,93
2021-05-11,68.8628,69.5993,67.1688,67.173,4197000,91.2
2021-05-12,66.3587,67.9053,66.285,67.6149,3199300,91.8
2021-05-13,67.0215,67.5371,66.6533,66.6574,3118400,90.5
2021-05-14,67.0952,67.1688,65.9168,65.9209,4391200,89.5
2021-05-17,65.9168,66.285,64.2228,64.2268,5001300,87.2
2021-05-18,64.4438,64.812,63.9282,64.0795,2970100,87
2021-05-19,64.6647,65.5485,64.1492,64.4478,3526100,87.5
2021-05-20,64.7384,64.8857,64.0755,64.8161,2800500,88
2021-05-21,64.7384,66.8742,64.1492,65.6999,3942800,89.2
2021-05-24,66.285,67.6844,65.9168,67.173,4349800,91.2
2021-05-25,67.1688,67.1688,66.285,66.6574,2791200,90.5
2021-05-26,66.285,67.6844,65.7695,67.0257,3773300,91
2021-05-27,67.3161,67.4634,66.285,66.6574,2924300,90.5
2021-05-28,67.0215,67.5371,66.5796,67.0993,3122200,91.1
2021-05-31,67.6107,67.758,66.4323,66.6574,3095900,90.5
2021-06-01,66.6533,66.8006,66.2114,66.2155,2339900,89.9
2021-06-02,65.9904,65.9904,65.5485,65.8472,3672400,89.4
2021-06-03,66.285,66.8742,66.1377,66.4365,3629000,90.2
2021-06-04,66.506,67.0215,65.6222,65.9209,4564400,89.5
2021-06-07,66.7402,66.8147,65.6216,66.6672,3736600,89.4
2021-06-08,66.7402,68.0824,66.6656,66.8909,5477700,89.7
2021-06-09,66.9639,67.1876,66.2182,66.4435,3013500,89.1
2021-06-10,66.6656,69.7975,66.069,68.7552,5619300,92.2
2021-06-11,68.7535,68.9773,68.0078,68.6061,2940400,92
2021-06-14,68.9773,69.723,68.2316,68.979,4875100,92.5
2021-06-15,69.0518,69.4992,68.679,69.2772,4534800,92.9
2021-06-16,69.1264,69.3501,68.0824,68.457,3041200,91.8
2021-06-17,67.8587,68.7535,67.7096,67.8604,2388800,91
2021-06-18,68.157,69.1264,68.157,68.6807,2971800,92.1
2021-06-21,68.6044,68.679,67.5604,67.5621,4193600,90.6
2021-06-22,67.8587,68.2316,67.5604,67.5621,2242800,90.6
2021-06-23,67.5604,67.7096,66.8893,67.1147,3357300,90
2021-06-24,67.0384,67.2621,65.8453,66.1452,4225000,88.7
2021-06-25,66.1436,67.0384,66.1436,66.8909,2079300,89.7
2021-06-28,67.113,67.2621,66.3673,66.5181,1847900,89.2
2021-06-29,66.9639,68.3807,66.3673,67.8604,4368100,91
2021-06-30,67.8587,67.9333,67.2621,67.4129,2115600,90.4
2021-07-01,67.5604,68.0824,67.4113,67.7858,3811500,90.9
2021-07-02,67.8587,67.8587,67.1876,67.1892,2750900,90.1
2021-07-05,67.1876,67.4113,66.069,66.5181,2931000,89.2
2021-07-06,66.6656,66.9639,64.8759,64.8775,4706900,87
2021-07-07,64.8759,66.9639,64.5776,66.9655,4738700,89.8
2021-07-08,65.7707,66.6656,65.6216,65.9215,1908900,88.4
2021-07-09,65.8453,65.9199,64.8013,64.8775,3058100,87
2021-07-12,65.2488,65.6216,62.8625,64.3555,4833100,86.3
2021-07-13,64.2048,64.5031,62.7879,62.8641,2883300,84.3
2021-07-14,63.3845,63.9065,62.8625,63.3861,4180200,85
2021-07-15,63.3845,64.3539,63.0117,63.5352,3284100,85.2
2021-07-16,63.7574,64.2793,63.6082,64.0572,1449600,85.9
2021-07-19,62.9371,63.3845,62.6388,63.3861,4111700,85
2021-07-20,63.3845,64.1302,62.8625,64.0572,3207300,85.9
2021-07-21,63.6828,64.0556,63.5336,63.6098,1696200,85.3
2021-07-22,63.7574,64.9505,63.6082,64.7284,2152400,86.8
2021-07-23,64.7268,66.9639,64.2048,65.3249,4126700,87.6
2021-07-26,65.6216,66.5164,65.547,66.2944,2791500,88.9
2021-07-27,66.2927,66.7402,65.2488,65.2504,2388200,87.5
2021-07-28,64.9505,65.1742,64.5776,64.8029,1665500,86.9
2021-07-29,64.8759,65.3979,64.1302,64.7284,2648300,86.8
2021-07-30,64.7268,65.025,64.0556,64.2064,4405200,86.1
2021-08-02,64.2793,64.8013,64.1302,64.5046,2574300,86.5
2021-08-03,64.5776,65.2488,64.5776,64.9521,2714600,87.1
2021-08-04,65.2488,65.2488,64.8759,64.9521,2873000,87.1
2021-08-05,64.8013,64.9505,64.5776,64.5792,2833600,86.6
2021-08-06,64.8013,65.9199,64.5776,65.0266,3960600,87.2
2021-08-09,65.025,65.547,64.8759,65.3995,2731300,87.7
2021-08-10,65.6216,67.113,65.6216,66.6672,5833300,89.4
2021-08-11,67.0384,68.157,66.9639,67.7858,5330400,90.9
2021-08-12,67.7096,68.2316,67.3367,67.4875,4287800,90.5
2021-08-13,67.4113,67.4859,66.5164,67.0401,4105500,89.9
2021-08-16,67.0384,67.5604,66.3673,66.7418,3270800,89.5
2021-08-17,66.8147,67.1876,66.4419,66.5927,2202200,89.3
2021-08-18,66.7402,67.7841,66.6656,67.1147,4710100,90
2021-08-19,67.4859,67.4859,66.9639,67.3384,3061300,90.3
2021-08-20,67.3367,67.3367,64.8759,65.4741,4326800,87.8
2021-08-23,65.3979,65.4725,64.1302,64.1318,4356500,86
2021-08-24,64.2048,64.8759,63.9065,64.3555,2375700,86.3
2021-08-25,64.4285,64.9505,64.1302,64.8029,1675500,86.9
2021-08-26,64.8013,65.3979,64.6522,64.8775,1896000,87
2021-08-27,65.1742,65.2488,64.6522,64.8775,2346900,87
2021-08-30,64.9505,65.3233,64.8759,65.1758,4306000,87.4
2021-08-31,65.2488,65.3233,64.9505,65.1758,2957200,87.4
2021-09-01,65.1742,66.2182,65.025,65.6978,3430100,88.1
2021-09-06,65.8453,66.2182,65.7707,65.8469,3212200,88.3
2021-09-07,66.6051,66.6051,65.4672,65.4685,2622200,86.3
2021-09-08,65.4672,65.4672,64.7086,64.7857,3682200,85.4
2021-09-09,64.7844,64.8603,64.481,64.634,2452400,85.2
2021-09-10,64.6327,65.9982,64.481,65.6202,3962100,86.5
2021-09-13,65.6189,66.3016,65.4672,66.1512,2956200,87.2
2021-09-14,66.1499,66.2258,65.6948,65.9995,2482900,87
2021-09-15,65.8465,65.8465,65.3155,65.3167,2425000,86.1
2021-09-16,65.6189,65.6189,65.1637,65.5443,1825400,86.4
2021-09-17,65.543,67.0602,65.4672,65.6202,5292600,86.5
2021-09-20,66.4534,67.5913,66.2258,67.2891,5447700,88.7
2021-09-21,66.7568,67.4395,66.5292,67.365,3096300,88.8
2021-09-22,67.1361,69.5636,67.1361,69.4133,10050100,91.5
2021-09-23,69.4119,70.0946,68.5774,68.8822,3941300,90.8
2021-09-24,69.0326,69.336,68.6533,68.8064,2990000,90.7
2021-09-27,68.7292,69.336,67.3637,67.365,5053900,88.8
2021-09-28,67.3637,68.1981,66.7568,67.7443,3757200,89.3
2021-09-29,67.743,68.3499,67.2878,67.9719,2763400,89.6
2021-09-30,68.1981,68.805,67.9706,67.9719,2799400,89.6
2021-10-01,67.743,68.5774,67.5913,68.1236,3805400,89.8
2021-10-04,68.6533,69.1085,68.3499,68.4271,3060200,90.2
2021-10-05,68.5016,68.5016,67.9706,67.9719,2268000,89.6
2021-10-06,67.9706,68.3499,67.6671,67.7443,2498500,89.3
2021-10-07,67.743,67.8188,67.3637,67.365,2981800,88.8
2021-10-08,67.4395,68.274,67.2878,67.9719,2618600,89.6
2021-10-11,68.274,68.5774,67.8947,68.2753,2474800,90
2021-10-12,68.5774,69.2602,68.3499,68.5788,3616300,90.4
2021-10-13,69.0326,69.2602,68.274,68.3512,3793100,90.1
2021-10-14,68.4257,68.6533,67.9706,68.2753,2006400,90
2021-10-15,68.274,68.805,67.9706,68.2753,3206000,90
2021-10-18,68.274,68.3499,67.6671,68.1236,2305800,89.8
2021-10-19,68.1223,68.6533,68.1223,68.5029,5984500,90.3
2021-10-20,68.5774,68.7292,67.5154,68.2753,3480500,90
2021-10-21,68.274,68.3499,67.5913,67.5926,2936500,89.1
2021-10-22,67.8947,68.6533,67.6671,68.6546,4487700,90.5
2021-10-25,68.6533,68.7292,68.1981,68.3512,2769500,90.1
2021-10-26,68.274,68.4257,67.8188,67.9719,1641200,89.6
2021-10-27,68.274,68.7292,68.0464,68.5788,3549900,90.4
2021-10-28,68.6533,69.4119,68.6533,68.7305,4093700,90.6
2021-10-29,68.7292,69.0326,68.5016,68.8064,3748500,90.7
2021-11-01,68.8809,69.2602,68.1223,68.2753,5083800,90
2021-11-02,68.274,68.274,67.5154,67.6684,4888900,89.2
2021-11-03,67.5913,67.8947,66.9085,66.9098,5547900,88.2
2021-11-04,67.0602,67.2878,66.8327,67.0616,2513000,88.4
2021-11-05,67.212,67.8188,67.1361,67.6684,2654600,89.2
2021-11-08,68.0464,69.1085,67.9706,68.8822,6171800,90.8
2021-11-09,69.0326,69.1085,68.0464,68.1236,3695000,89.8
2021-11-10,68.274,68.3499,67.743,68.0478,2666100,89.7
2021-11-11,68.1223,68.5774,67.743,67.9719,3380600,89.6
2021-11-12,68.274,68.3499,67.5913,67.7443,2120400,89.3
2021-11-15,67.8947,67.9706,67.5154,67.5167,3268000,89
2021-11-16,67.5154,67.743,67.1361,67.2133,3251700,88.6
2021-11-17,67.212,67.9706,67.212,67.365,2514400,88.8
2021-11-18,67.3637,67.3637,66.7568,66.7581,3900000,88
2021-11-19,66.7568,67.0602,65.2396,65.3167,5151200,86.1
2021-11-22,65.2396,65.6189,65.1637,65.3926,3497600,86.2
2021-11-23,65.6189,65.7706,65.2396,65.4685,2198800,86.3
2021-11-24,65.6189,66.3775,65.6189,66.3788,2124500,87.5
2021-11-25,66.3775,66.9085,66.1499,66.3788,2175400,87.5
2021-11-26,66.4534,67.3637,66.3775,66.9857,3015700,88.3
2021-11-29,66.6051,66.6809,66.1499,66.3788,2835900,87.5
2021-11-30,66.4534,67.3637,66.4534,66.4547,3177100,87.6
2021-12-01,66.7568,67.212,66.3016,66.3788,1894500,87.5
2021-12-02,66.3775,66.7568,66.3016,66.3029,1254100,87.4
2021-12-03,66.4534,66.7568,65.0879,65.0892,2900400,85.8
2021-12-06,65.2396,65.6948,64.7086,64.7098,3168200,85.3
2021-12-07,65.0879,65.6189,64.7844,65.6202,1530000,86.5
2021-12-08,65.4672,65.6189,65.012,65.2409,1294500,86
2021-12-09,65.1637,66.0741,65.012,65.9995,1449900,87
2021-12-10,65.6189,65.9982,65.0879,65.4685,1485000,86.3
2021-12-13,65.4672,65.8465,65.2396,65.5443,1495700,86.4
2021-12-14,65.543,65.9223,65.3913,65.4685,1671200,86.3
2021-12-15,65.543,65.7706,65.4672,65.4685,1214100,86.3
2021-12-16,65.4672,65.6948,65.2396,65.696,1610300,86.6
2021-12-17,65.6948,65.7706,65.012,65.0133,2660200,85.7
2021-12-20,65.2396,65.4672,64.9362,65.0133,1807000,85.7
2021-12-21,65.0879,65.2396,64.8603,64.8616,1192900,85.5
2021-12-22,65.012,65.3913,64.7086,64.7857,1844400,85.4
2021-12-23,64.7844,64.7844,64.1017,64.2547,2147800,84.7
2021-12-24,64.2534,65.2396,64.2534,65.2409,1148400,86
2021-12-27,65.2396,65.543,65.012,65.3167,1138300,86.1
2021-12-28,65.3913,65.3913,64.6327,64.8616,1544400,85.5
2021-12-29,64.8603,64.9362,64.5569,64.634,945400,85.2
2021-12-30,64.7086,64.9362,64.5569,64.7098,893100,85.3
2021-12-31,64.8603,66.3775,64.7086,65.5443,2325100,86.4
2022-01-04,66.1499,66.3016,65.7706,65.7719,1885600,86.7
2022-01-05,65.8465,65.9982,65.2396,65.3926,3124600,86.2
2022-01-06,65.3155,65.3155,64.7086,64.7857,2848200,85.4
2022-01-07,64.7086,64.9362,64.481,64.634,2553900,85.2
2022-01-10,65.3978,65.552,64.3952,64.5548,2146400,83.7
2022-01-11,64.4723,64.7808,64.3952,64.5548,1829000,83.7
2022-01-12,64.6266,64.6266,63.7782,64.092,2183600,83.1
2022-01-13,64.3181,64.5494,63.9325,64.092,1711600,83.1
2022-01-14,64.0867,65.6291,63.7782,65.326,2516600,84.7
2022-01-17,65.552,65.552,63.9325,63.9378,2100400,82.9
2022-01-18,63.9325,64.3952,63.7011,64.3234,2100400,83.4
2022-01-19,63.9325,64.3952,63.7782,63.8606,1309600,82.8
2022-01-20,64.0096,64.1638,63.9325,64.092,736700,83.1
2022-01-21,64.0096,64.241,63.624,63.7064,1576400,82.6
2022-01-24,63.7011,63.7782,62.4672,62.4724,2222200,81
2022-01-25,62.0816,62.4672,61.0019,61.0841,3758600,79.2
2022-01-26,61.1562,62.0816,61.1562,61.4697,1452100,79.7
2022-01-27,61.7731,64.3181,61.7731,64.092,2039000,83.1
2022-01-28,64.0096,64.935,63.8554,64.092,2257400,83.1
2022-02-07,64.1638,64.7808,63.9325,64.4005,1324200,83.5
2022-02-08,64.3181,64.3952,63.2384,63.2436,2708900,82
2022-02-09,63.2384,64.5494,63.2384,63.8606,1799300,82.8
2022-02-10,63.8554,64.241,63.4698,63.7835,1612500,82.7
2022-02-11,63.624,63.7011,63.1613,63.2436,1624600,82
2022-02-14,62.8528,63.2384,62.4672,62.5495,2971800,81.1
2022-02-15,62.5443,62.8528,62.4672,62.6266,1465300,81.2
2022-02-16,62.6214,62.6986,61.9274,62.0096,2825100,80.4
2022-02-17,62.0816,62.6214,62.0045,62.3181,1787700,80.8
2022-02-18,61.7731,62.313,61.7731,62.1638,1808100,80.6
2022-02-21,62.3901,62.9299,62.3901,62.4724,1280600,81
2022-02-22,62.3901,62.4672,61.4646,61.7011,3204500,80
2022-02-23,61.696,62.0816,61.5418,61.7011,2200300,80
2022-02-24,61.696,61.696,60.5392,60.6213,2723500,78.6
2022-02-25,60.9248,61.3104,60.8477,60.8527,1347700,78.9
2022-02-28,60.8477,60.9248,59.9994,60.4671,2258900,78.4
2022-03-01,60.4621,61.2333,60.3078,61.0841,1273100,79.2
2022-03-02,61.079,61.079,60.1536,60.5442,2037100,78.5
2022-03-03,60.6934,60.9248,60.3078,60.4671,1486600,78.4
2022-03-04,60.4621,60.4621,59.9994,60.0814,2511600,77.9
2022-03-07,60.0765,60.0765,59.151,59.233,3530800,76.8
2022-03-08,58.8426,58.9968,58.6112,58.6932,2383000,76.1
2022-03-09,58.6112,59.2282,57.84,57.9219,3003700,75.1
2022-03-10,58.6112,60.0765,58.6112,59.4644,2971800,77.1
2022-03-11,59.5366,60.5392,59.4595,60.1586,2322900,78
2022-03-14,60.1536,60.1536,59.3053,59.5416,1654700,77.2
2022-03-15,59.3824,59.768,58.8426,59.5416,1482600,77.2
2022-03-16,59.5366,60.1536,59.3824,59.6187,1850400,77.3
2022-03-17,59.8451,59.9994,58.9197,58.9245,1354400,76.4
2022-03-18,59.0739,59.3824,58.6112,58.616,4233000,76
2022-03-21,58.6112,60.0765,58.6112,59.8501,1884100,77.6
2022-03-22,60.0765,60.0765,59.2282,59.3102,2390200,76.9
2022-03-23,59.2282,59.3824,58.5341,58.6932,3226000,76.1
2022-03-24,58.6112,58.6883,57.9942,58.3075,3389800,75.6
2022-03-25,58.3027,58.457,57.9171,57.999,2699500,75.2
2022-03-28,58.0714,58.3027,56.6061,56.6107,4038700,73.4
2022-03-29,56.6832,58.2256,56.6832,58.2304,2139300,75.5
2022-03-30,58.2256,59.0739,57.9171,58.7703,3413800,76.2
2022-03-31,58.7654,62.4672,58.6112,62.3952,9645800,80.9
2022-04-01,62.4672,63.7782,61.9274,63.0122,6112000,81.7
2022-04-04,63.2384,63.624,62.8528,63.3979,3808700,82.2
2022-04-05,63.0842,63.0842,62.0045,62.0096,2202100,80.4
2022-04-06,61.696,62.6214,61.0019,61.1612,4306700,79.3
2022-04-07,61.6189,61.696,60.5392,60.5442,1760300,78.5
2022-04-08,60.5392,61.0019,59.6138,59.6187,2738300,77.3
2022-04-12,59.6138,59.9994,58.9968,59.233,1776300,76.8
2022-04-13,59.2282,60.5392,59.151,59.5416,2118800,77.2
2022-04-14,59.768,60.1536,58.8426,58.8474,1810200,76.3
2022-04-15,58.9968,59.8451,58.6112,59.0017,1362400,76.5
2022-04-18,58.9968,60.0765,58.9197,59.3873,2564300,77
2022-04-19,59.4595,59.9222,58.6112,58.616,1670200,76
2022-04-20,58.6112,59.151,58.3027,58.3075,1931100,75.6
2022-04-21,58.0714,58.9968,57.84,57.8448,4615600,75
2022-04-22,58.3798,58.9968,58.2256,58.5389,2800400,75.9
2022-04-25,58.6112,58.8426,56.2976,56.6879,2659800,73.5
2022-04-26,56.6832,58.6112,54.6781,58.5389,3883000,75.9
2022-04-27,57.9942,58.457,56.8374,57.8448,1826000,75
2022-04-28,57.7629,57.7629,56.9146,57.3049,1911000,74.3
2022-04-29,57.3773,57.84,57.0688,57.2278,1630100,74.2
2022-05-04,57.223,57.3773,55.912,55.9166,1763900,72.5
2022-05-05,56.4518,56.4518,55.1408,55.6081,1548200,72.1
2022-05-06,55.0637,55.2179,53.5984,54.1427,2109800,70.2
2022-05-09,54.1382,55.1408,53.6755,53.9885,2392100,70
2022-05-10,53.984,55.4493,53.984,54.4512,3106500,70.6
2022-05-11,54.4467,54.8323,53.5984,53.6028,1793700,69.5
2022-05-12,53.8298,53.8298,51.2848,51.289,3189100,66.5
2022-05-13,51.6704,52.2874,50.8221,50.9805,4590600,66.1
2022-05-16,51.3619,52.1331,50.6678,50.7491,1977800,65.8
2022-05-17,50.5907,53.984,50.2822,53.9885,2105100,70
2022-05-18,53.984,54.3696,53.5984,54.2198,1983200,70.3
2022-05-19,53.5984,53.984,53.2128,53.2172,1449400,69
2022-05-20,53.2128,53.9069,52.4416,52.5231,1296200,68.1
2022-05-23,52.8272,52.9814,51.0534,51.1348,2022200,66.3
2022-05-24,51.439,53.1357,51.2848,53.1401,2033000,68.9
2022-05-25,53.1357,55.7578,53.1357,55.4539,2362100,71.9
2022-05-26,55.4493,55.4493,54.5238,54.9911,1530800,71.3
2022-05-27,54.9866,56.529,54.5238,56.3022,3456900,73
2022-05-30,56.2205,56.2205,55.5264,55.9166,2124400,72.5
2022-05-31,55.6035,55.8349,55.295,55.2996,2058700,71.7
2022-06-01,55.1408,55.9891,54.9866,55.4539,1229600,71.9
2022-06-02,55.5264,55.5264,54.601,54.8368,1487800,71.1
2022-06-03,54.7552,54.9866,53.984,54.2198,1052800,70.3
2022-06-06,54.1382,54.9094,53.984,54.6055,1432000,70.8
2022-06-07,54.2154,54.5238,53.984,54.4512,1322200,70.6
2022-06-08,54.5238,55.0637,54.5238,54.7597,1698600,71
2022-06-09,54.7552,54.8323,54.1382,54.1427,1045100,70.2
2022-06-10,53.984,54.1382,53.5984,53.6028,1483300,69.5
2022-06-13,52.7501,52.7501,51.0534,51.2119,2379700,66.4
2022-06-14,50.5136,52.056,50.4365,50.9805,1393200,66.1
2022-06-15,50.9763,51.2848,49.7424,49.7465,2680600,64.5
2022-06-16,50.2051,52.673,50.128,52.4459,2215500,68
2022-06-17,51.5933,52.9043,50.2822,51.4433,2502800,66.7
2022-06-20,51.2077,53.7526,51.2077,53.2172,2588200,69
2022-06-21,53.367,56.9146,53.0586,56.8421,4839300,73.7
2022-06-22,56.3747,56.6061,54.4467,54.4512,2214000,70.6
2022-06-23,54.4467,55.5264,53.984,54.5283,1103100,70.7
2022-06-24,54.7552,56.2205,54.6781,55.1453,1684400,71.5
2022-06-27,55.3722,55.6035,54.2154,54.8368,1804300,71.1
2022-06-28,54.4467,56.0662,54.0611,54.6055,3037200,70.8
2022-06-29,54.4467,56.0662,54.4467,55.7624,1941000,72.3
2022-06-30,55.7578,57.6858,55.6806,55.6852,3582600,72.2
2022-07-01,55.7578,56.9917,55.5264,56.8421,2859000,73.7
2022-07-04,57.0688,58.457,56.9146,57.9219,3139300,75.1
2022-07-05,58.0714,58.1485,56.2976,56.3794,2590800,73.1
2022-07-06,56.6509,57.0499,55.4541,56.4184,2360100,70.7
2022-07-07,56.4115,58.2467,55.853,58.2537,3049600,73
2022-07-08,58.2467,58.4861,57.8478,58.2537,1704200,73
2022-07-11,57.6084,59.6031,57.4488,58.2537,2556900,73
2022-07-12,58.2467,58.9648,57.9275,58.4931,976100,73.3
2022-07-13,58.4063,58.7254,57.768,57.8547,1423500,72.5
2022-07-14,57.6882,58.4063,57.6084,57.7749,982300,72.4
2022-07-15,57.768,58.2467,57.1296,57.1365,1475000,71.6
2022-07-18,57.4488,57.6084,57.0499,57.2163,1106700,71.7
2022-07-19,57.4488,58.1669,57.1296,58.0941,1530100,72.8
2022-07-20,58.4063,58.7254,58.0871,58.2537,1167800,73
2022-07-21,57.8478,58.7254,57.6084,58.4133,1720500,73.2
2022-07-22,58.4063,58.4063,57.4488,57.4557,712300,72
2022-07-25,57.4488,58.1669,57.2892,58.1739,1242600,72.9
2022-07-26,58.1669,58.2467,57.2892,57.4557,1154000,72
2022-07-27,57.4488,57.9275,57.2892,57.6153,789500,72.2
2022-07-28,57.8478,58.0871,57.6882,57.9345,1219400,72.6
2022-07-29,58.0073,58.7254,57.768,58.0941,2582800,72.8
2022-08-01,58.0871,58.6457,57.6084,58.6527,2527600,73.5
2022-08-02,58.5659,59.2042,58.0073,58.5729,2600900,73.4
2022-08-03,58.0871,58.6457,57.8478,58.5729,3134700,73.4
2022-08-04,58.5659,58.5659,58.0871,58.4931,1720600,73.3
2022-08-05,58.4861,58.5659,57.9275,57.9345,2135400,72.6
2022-08-08,57.8478,57.8478,57.5286,57.6153,2795800,72.2
2022-08-09,57.6084,57.768,57.4488,57.4557,2129800,72
2022-08-10,57.4488,57.9275,57.4488,57.8547,1544800,72.5
2022-08-11,57.9275,57.9275,56.4115,56.7376,3884600,71.1
2022-08-12,56.6509,57.369,56.6509,57.3759,1796100,71.9
2022-08-15,57.4488,57.4488,56.8903,57.0567,2525800,71.5
2022-08-16,57.2892,57.768,57.2094,57.2961,1688300,71.8
2022-08-17,57.2892,57.9275,57.2094,57.9345,1316400,72.6
2022-08-18,57.9275,58.7254,57.9275,58.5729,4230600,73.4
2022-08-19,58.5659,59.4436,58.1669,59.1315,5225600,74.1
2022-08-22,59.1244,59.6829,58.8052,58.8123,2071700,73.7
2022-08-23,58.8052,60.5606,58.7254,60.4881,4551200,75.8
2022-08-24,60.4808,62.4756,60.4808,62.0043,5443600,77.7
2022-08-25,62.1564,62.4756,61.4383,62.1639,2182100,77.9
2022-08-26,62.0766,62.316,60.8,61.3659,2463000,76.9
2022-08-29,60.7202,60.8798,60.1617,60.2487,3311500,75.5
2022-08-30,60.2415,60.9596,60.2415,60.6477,2234900,76
2022-08-31,60.5606,60.9596,60.2415,60.2487,1657100,75.5
2022-09-05,60.2415,62.0766,60.2415,61.8447,3169400,77.5
2022-09-06,61.8373,63.0341,61.6777,62.0841,2649000,77.8
2022-09-07,62.0766,62.0766,60.401,60.4083,2916400,75.7
2022-09-08,60.6404,61.0394,60.0021,60.4083,1351100,75.7
2022-09-09,60.5606,61.0394,60.2415,60.5679,1188500,75.9
2022-09-12,60.6404,60.8,60.0819,60.0891,1386100,75.3
2022-09-13,60.0021,60.6404,60.0021,60.4083,1556500,75.7
2022-09-14,59.7627,59.8425,58.885,59.0517,2037900,74
2022-09-15,59.1244,60.0021,59.1244,59.4507,1207500,74.5
2022-09-16,59.6031,60.6404,59.3638,60.6477,2308600,76
2022-09-19,60.3212,60.401,59.7627,60.0093,1418000,75.2
2022-09-20,60.0819,60.8,60.0819,60.4881,1139700,75.8
2022-09-21,60.401,61.917,60.3212,61.3659,2477500,76.9
2022-09-22,61.1191,61.5181,60.6404,61.3659,1033500,76.9
2022-09-23,61.4383,61.6777,61.0394,61.2063,1398600,76.7
2022-09-26,60.4808,60.8,58.8052,59.0517,3386000,74
2022-09-27,59.4436,59.7627,57.6882,57.7749,2415500,72.4
2022-09-28,57.4488,58.2467,56.5711,57.2961,2145700,71.8
2022-09-29,58.1669,58.6457,57.6084,58.0143,2033200,72.7
2022-09-30,57.369,58.4861,57.369,57.6951,2345100,72.3
2022-10-03,57.369,57.8478,56.6509,56.6578,2039100,71
2022-10-04,57.2892,57.2892,55.853,56.578,1631300,70.9
2022-10-05,56.6509,57.4488,56.6509,57.1365,1493400,71.6
2022-10-06,56.8903,56.9701,55.853,55.8598,1503000,70
2022-10-07,55.2945,56.8903,53.0604,55.7002,2685300,69.8
2022-10-10,54.6562,57.0499,53.7785,56.2588,1661900,70.5
2022-10-11,56.252,57.0499,55.5338,56.0194,1718400,70.2
2022-10-12,56.252,57.2094,55.9328,57.1365,1274000,71.6
2022-10-13,56.6509,58.885,56.4913,58.8921,3171000,73.8
2022-10-14,59.0446,59.4436,58.8052,59.0517,1436500,74
2022-10-17,58.885,59.9223,58.8052,59.1315,1679700,74.1
2022-10-18,59.8425,61.4383,59.6031,61.0467,3137000,76.5
2022-10-19,60.7202,61.2787,60.7202,61.1265,1038000,76.6
2022-10-20,61.1191,61.8373,60.4808,61.8447,2290400,77.5
2022-10-21,61.8373,62.5554,61.0394,61.4457,2097600,77
2022-10-24,61.5979,61.5979,59.0446,59.0517,1578600,74
2022-10-25,59.1244,61.2787,59.1244,60.6477,1657600,76
2022-10-26,60.6404,60.9596,60.3212,60.6477,824700,76
2022-10-27,60.6404,62.6352,60.6404,62.6427,2283600,78.5
2022-10-28,62.6352,62.7149,61.9968,62.2437,1438800,78
2022-10-31,61.9968,62.6352,61.6777,62.6427,1572200,78.5
2022-11-01,62.6352,65.8268,62.6352,63.9993,3180100,80.2
2022-11-02,63.9916,64.0714,62.4756,62.4831,1830500,78.3
2022-11-03,62.2362,64.3905,62.2362,63.8397,1278300,80
2022-11-04,63.7522,64.6299,62.2362,63.8397,2909200,80
2022-11-07,63.9118,65.5874,63.832,65.5953,2638300,82.2
2022-11-08,65.5874,65.747,63.5128,65.7549,2301400,82.4
2022-11-09,65.4278,65.5874,63.832,64.5579,2701100,80.9
2022-11-10,64.5501,64.6299,61.4383,62.5629,2637600,78.4
2022-11-11,62.9543,64.1512,62.5554,62.5629,1564400,78.4
2022-11-14,62.2362,65.4278,60.7202,63.0417,2596800,79
2022-11-15,63.0341,63.3533,61.0394,61.4457,2089600,77
2022-11-16,60.2415,62.8745,58.885,59.4507,3542600,74.5
2022-11-17,61.2787,62.4756,59.9223,60.6477,2599500,76
2022-11-18,61.4383,62.0766,60.401,61.4457,2229300,77
2022-11-21,61.4383,62.1564,61.3585,62.1639,1787400,77.9
2022-11-22,61.8373,63.9916,61.7575,63.4407,2281200,79.5
2022-11-23,63.4331,63.5926,62.4756,63.3609,773100,79.4
2022-11-24,63.0341,64.7895,62.9543,64.7973,2881100,81.2
2022-11-25,64.8693,65.9863,64.6299,65.5953,2596100,82.2
2022-11-28,65.4278,66.5449,65.1884,65.1963,2299200,81.7
2022-11-29,64.8693,66.4651,64.231,66.2337,2404200,83
2022-11-30,66.2257,66.2257,65.0289,66.0741,1995600,82.8
2022-12-01,65.1086,66.1459,65.1086,65.7549,2216800,82.4
2022-12-02,65.6672,67.0236,65.4278,67.0317,2521800,84
2022-12-05,67.1034,68.3002,67.1034,67.8297,2066000,85
2022-12-06,67.8215,67.9013,65.8268,65.8347,1395300,82.5
2022-12-07,66.2257,67.263,65.2682,65.8347,1839600,82.5
2022-12-08,66.2257,67.0236,64.6299,64.6377,1597100,81
2022-12-09,64.6299,65.2682,63.832,63.8397,2408500,80
2022-12-12,64.0714,65.348,62.5554,62.6427,3142700,78.5
2022-12-13,62.7149,63.3533,61.5979,62.2437,3610400,78
2022-12-14,63.3533,63.3533,61.8373,61.8447,3522100,77.5
2022-12-15,61.8373,63.1937,61.6777,61.9245,2595300,77.6
2022-12-16,61.9968,62.8745,61.917,62.2437,3002000,78
2022-12-19,62.6352,62.6352,61.4383,61.4457,2422700,77
2022-12-20,61.6777,63.5926,61.3585,62.8023,3030300,78.7
2022-12-21,63.5926,64.3107,63.4331,63.6003,2305500,79.7
2022-12-22,64.4075,64.5699,62.5394,62.5465,1587300,77
2022-12-23,62.6206,63.514,61.8896,61.8967,1561800,76.2
2022-12-26,62.0521,63.0267,61.646,61.7343,1657600,76
2022-12-27,62.377,63.3516,61.7272,62.2216,1586800,76.6
2022-12-28,62.2957,63.3516,62.2145,62.5465,1188500,77
2022-12-29,62.8643,63.514,62.5394,62.5465,1329700,77
2022-12-30,63.3516,63.3516,61.8084,61.8155,1199300,76.1
2023-01-03,62.1333,63.7577,61.8896,63.765,1496000,78.5
2023-01-04,63.9201,64.4075,63.8389,64.4148,1089800,79.3
2023-01-05,64.4075,66.1131,64.1638,65.9582,2469800,
2023-01-06,65.7882,65.9506,64.6511,64.821,1269700,
2023-01-09,64.8948,65.5445,64.6511,65.552,948300,
2023-01-10,65.707,66.1943,65.4633,65.7957,1196000,
2023-01-11,65.7882,66.2755,64.4887,64.4961,1534700,
2023-01-12,64.8948,65.1384,64.4075,64.9834,684900,
2023-01-13,65.1384,65.8694,65.0572,65.4708,1449000,80.6
2023-01-16,65.4633,65.6258,64.4887,64.4961,654700,79.4
2023-01-17,65.1384,65.7882,64.4887,65.7145,1671400,80.9
2023-01-18,65.707,66.1943,65.5445,66.0394,1297900,81.3
2023-01-19,65.6258,66.1943,64.976,66.0394,2627700,81.3
2023-01-27,66.1131,66.5192,64.6511,64.9834,2331800,80
2023-01-30,64.976,64.976,64.4887,64.4961,1614000,79.4
2023-01-31,64.3262,64.5699,62.4582,62.6278,4817500,77.1
2023-02-01,63.1079,63.1892,62.4582,62.709,1810400,77.2
2023-02-02,62.8643,62.9455,62.2957,62.3029,1494400,76.7
2023-02-03,62.5394,62.6206,61.646,61.7343,1855200,76
2023-02-06,61.646,62.9455,61.646,62.8715,1910700,77.4
2023-02-07,63.0267,63.0267,61.8084,61.8155,1274400,76.1
2023-02-08,61.8896,62.2145,61.4835,61.5718,1550000,75.8
2023-02-09,61.5648,61.7272,60.915,60.922,1593600,75
2023-02-10,60.915,61.646,60.915,61.653,1236100,75.9
2023-02-13,61.646,61.646,60.184,61.1657,1569000,75.3
2023-02-14,61.1587,61.4835,60.4277,60.6783,1073500,74.7
2023-02-15,60.6713,61.7272,60.4277,61.7343,1443500,76
2023-02-16,61.7272,62.1333,61.4023,62.1404,691300,76.5
2023-02-17,61.8084,62.0521,61.1587,61.7343,777000,76
2023-02-20,61.7272,62.9455,61.3211,62.9527,1385300,77.5
2023-02-21,62.9455,63.0267,62.2957,62.709,888300,77.2
2023-02-22,61.9709,62.2957,61.3211,61.3281,1295600,75.5
2023-02-23,61.3211,62.4582,60.4277,61.4906,2327900,75.7
2023-02-24,61.4835,61.7272,60.5089,60.6783,1681000,74.7
2023-02-27,60.6713,61.646,60.1028,61.0844,1112500,75.2
2023-02-28,61.3211,61.646,60.9962,61.3281,1034300,75.5
2023-03-01,60.9962,62.5394,60.915,62.4653,1635500,76.9
2023-03-02,62.4582,62.4582,61.8084,62.1404,1088800,76.5
2023-03-03,60.915,62.377,60.915,61.7343,704200,76
2023-03-06,61.7272,62.2145,60.915,60.922,891800,75
2023-03-07,61.646,61.8896,61.3211,61.5718,1170900,75.8
2023-03-08,61.0774,62.1333,60.915,62.1404,1244400,76.5
2023-03-09,61.8896,62.6206,61.8896,62.1404,1389700,76.5
2023-03-10,62.1333,62.7018,61.8084,62.4653,1427700,76.9
2023-03-13,62.377,62.6206,62.2145,62.4653,1824500,76.9
2023-03-14,61.9709,62.4582,61.4023,62.2216,1735100,76.6
2023-03-15,62.2145,62.7831,62.1333,62.6278,1960200,77.1
2023-03-16,62.5394,62.6206,61.646,62.0592,1529200,76.4
2023-03-17,62.0521,62.0521,60.5089,60.5158,2432800,74.5
2023-03-20,60.915,60.915,60.184,60.3534,1609600,74.3
2023-03-21,60.4277,60.9962,60.2652,60.4346,1350200,74.4
2023-03-22,60.5901,60.6713,60.4277,60.4346,900200,74.4
2023-03-23,60.3465,61.1587,60.1028,61.1657,1285000,75.3
2023-03-24,60.915,61.3211,60.7526,60.922,932300,75
2023-03-27,60.915,60.915,60.3465,60.597,1371500,74.6
2023-03-28,60.5089,61.1587,60.4277,60.4346,1650000,74.4
2023-03-29,60.6713,60.8338,60.4277,60.8407,907400,74.9
2023-03-30,60.6713,61.2399,60.5901,60.922,838700,75
2023-03-31,60.915,61.2399,60.4277,60.4346,1076100,74.4
2023-04-03,60.5901,60.8338,60.2652,60.4346,850600,74.4
2023-04-04,60.4277,60.5089,60.2652,60.2721,1819000,74.2
2023-04-05,60.2652,60.7526,60.184,60.5158,963400,74.5
2023-04-06,60.4277,60.5901,60.3465,60.3534,905600,74.3
2023-04-07,60.4277,60.6713,60.3465,60.6783,794400,74.7
2023-04-10,60.6713,60.6713,60.4277,60.4346,832700,74.4
2023-04-11,60.3465,60.5089,60.184,60.4346,782800,74.4
2023-04-12,60.4277,60.4277,60.1028,60.3534,979100,74.3
2023-04-13,60.3465,60.4277,59.6967,59.7035,889600,73.5
2023-04-14,59.7779,59.8591,59.1282,59.1349,1294000,72.8
2023-04-17,59.1282,59.2094,58.2347,58.2414,1365400,71.7
2023-04-18,58.316,59.2906,58.316,59.2974,931800,73
2023-04-19,59.3718,59.3718,58.4784,58.4851,816300,72
2023-04-20,58.5596,58.9657,58.316,58.4039,822300,71.9
2023-04-21,58.4784,58.4784,57.5038,57.5916,1107600,70.9
2023-04-24,57.6662,57.7474,57.0164,57.2666,1134600,70.5
2023-04-25,57.2601,57.9911,56.6916,56.7793,1370200,69.9
2023-04-26,56.854,57.6662,56.854,57.6728,941600,71
2023-04-27,57.6662,57.6662,56.4479,56.4544,1369100,69.5
2023-04-28,56.6916,57.0164,56.6103,56.8605,1116700,70
2023-05-04,56.854,56.854,55.5545,55.7233,2657800,68.6
2023-05-05,55.7169,56.2042,55.7169,55.8857,712200,68.8
2023-05-08,56.0418,57.1789,56.0418,57.1854,1227700,70.4
2023-05-09,57.5038,57.6662,57.2601,57.4291,871300,70.7
2023-05-10,57.5038,57.7474,57.2601,57.2666,951600,70.5
2023-05-11,57.2601,57.585,56.854,56.8605,447300,70
2023-05-12,57.1789,57.1789,56.4479,56.5356,1214100,69.6
2023-05-15,56.7728,56.7728,56.0418,56.0482,1537800,69
2023-05-16,56.0418,56.6103,56.0418,56.6168,1380300,69.7
2023-05-17,56.6103,56.6103,55.8794,56.0482,1869200,69
2023-05-18,56.0418,56.854,55.6357,56.2107,2496400,69.2
2023-05-19,56.3667,56.4479,55.7169,55.7233,1203800,68.6
2023-05-22,55.7981,56.0418,55.392,55.3984,1698000,68.2
2023-05-23,55.2296,55.5545,54.4174,54.4236,2935700,67
2023-05-24,54.4986,54.7423,53.6864,53.855,2350000,66.3
2023-05-25,53.7676,54.8235,53.6052,54.5048,1305500,67.1
2023-05-26,54.7423,55.2296,54.4986,54.5048,904500,67.1
2023-05-29,54.6611,54.9859,54.4986,54.5048,1043600,67.1
2023-05-30,54.4986,54.7423,54.0113,54.0175,1770500,66.5
2023-05-31,54.255,54.255,53.6864,53.6926,1466600,66.1
2023-06-01,53.6864,54.0113,53.6052,53.6926,1214500,66.1
2023-06-02,53.7676,53.8489,53.1991,53.5301,2969700,65.9
2023-06-05,54.0113,54.5798,53.7676,54.0175,3323000,66.5
2023-06-06,54.3362,54.3362,53.6052,53.9362,3423000,66.4
2023-06-07,54.0113,54.1737,53.6052,53.7738,3719000,66.2
2023-06-08,54.0113,54.0113,53.1991,53.2052,5036500,65.5
2023-06-09,53.2803,54.0113,53.1991,53.4489,2080200,65.8
2023-06-12,53.6052,55.2296,53.6052,55.1547,5450300,67.9
2023-06-13,55.3108,55.4733,54.8235,54.911,4943400,67.6
2023-06-14,54.9859,55.392,54.4986,54.5048,4910200,67.1
2023-06-15,54.6611,54.7423,53.7676,53.855,4687800,66.3
2023-06-16,54.0113,54.0925,53.6052,53.6926,5993000,66.1
2023-06-19,53.8489,54.0925,53.2803,53.4489,3279400,65.8
2023-06-20,53.524,53.524,53.1991,53.2052,2963000,65.5
2023-06-21,53.2803,53.8489,53.1991,53.855,3490900,66.3
2023-06-22,54.0113,54.6611,53.8489,54.3424,5610600,66.9
2023-06-23,54.4174,56.4479,54.4174,56.1294,11958000,69.1
2023-06-26,56.2855,57.4225,55.4733,57.3479,10737800,70.6
2023-06-27,57.5038,57.5038,56.5291,57.2666,5978900,70.5
2023-06-28,57.2601,57.585,56.6103,57.3479,6154700,70.6
2023-06-29,57.3413,58.8033,56.9352,58.4039,7698400,71.9
2023-06-30,58.3972,58.4784,57.5038,57.6728,3645000,71
2023-07-03,57.7474,57.9911,57.0977,57.4291,3186200,70.7
2023-07-04,57.2601,57.8286,56.9352,57.3479,4781600,70.6
2023-07-05,57.5038,57.5038,56.5291,56.698,6659200,69.8
2023-07-06,56.7728,57.4225,56.6916,57.2666,7631000,70.5
2023-07-07,57.4225,57.8286,57.1789,57.5916,5780500,70.9
2023-07-10,57.9911,59.0469,57.8286,58.5663,6171100,72.1
2023-07-11,58.5596,59.6155,58.2347,59.1349,5702300,72.8
2023-07-12,59.2094,59.6967,58.9657,59.7035,4195800,73.5
2023-07-13,59.6155,59.9404,59.2094,59.3786,3783500,73.1
2023-07-14,59.453,59.6155,58.5596,59.5411,5209700,73.3
2023-07-17,59.2906,59.7779,58.6408,58.7288,3922800,72.3
2023-07-18,58.8845,58.9657,58.6408,58.81,2930000,72.4
2023-07-19,58.8845,59.2906,58.8033,58.9725,2945100,72.6
2023-07-20,58.9657,59.1282,58.7221,58.9725,2600700,72.6
2023-07-21,58.9657,59.6967,58.8845,59.7035,3341800,73.5
2023-07-24,59.6967,60.1028,59.5343,59.7848,2535300,73.6
2023-07-25,59.7779,60.6713,59.3718,60.5158,4245900,74.5
2023-07-26,60.4277,61.0774,60.3465,60.922,3189700,75
2023-07-27,60.915,61.5648,60.7526,61.4906,4178200,75.7
2023-07-28,61.5648,63.1079,61.4023,62.8715,5473600,77.4
2023-07-31,62.7831,63.6765,62.7018,63.3588,3364900,78
2023-08-01,63.3516,63.3516,61.7272,61.7343,5730800,76
2023-08-02,61.7272,62.1333,61.1587,61.8155,2678900,76.1
2023-08-03,62.1921,62.1921,60.9332,60.9346,2917600,72.6
2023-08-04,60.8493,61.2689,60.4296,61.2703,3165200,73
2023-08-07,61.185,62.8636,60.6814,62.865,4317900,74.9
2023-08-08,62.6957,62.8636,62.0243,62.5293,3430500,74.5
2023-08-09,62.5279,62.5279,61.101,61.3542,3705000,73.1
2023-08-10,61.3528,62.1082,61.185,61.3542,2733200,73.1
2023-08-11,61.3528,61.6886,60.7653,61.6899,2181300,73.5
2023-08-14,61.6046,61.6886,60.8493,61.606,3066500,73.4
2023-08-15,61.185,61.6046,61.0171,61.1024,2219700,72.8
2023-08-16,61.101,61.6886,60.8493,61.3542,2083900,73.1
2023-08-17,61.3528,62.5279,61.185,61.7739,4580900,73.6
2023-08-18,61.6886,62.7796,60.5135,61.5221,7106200,73.3
2023-08-21,61.0171,61.9403,61.0171,61.1863,3055200,72.9
2023-08-22,61.4368,61.4368,59.6742,61.0185,3075100,72.7
2023-08-23,60.7653,61.7725,60.0939,61.6899,3072800,73.5
2023-08-24,61.6886,62.8636,61.2689,62.6971,4419900,74.7
2023-08-25,63.1993,63.1993,62.36,62.865,2751400,74.9
2023-08-28,62.9475,65.5493,62.9475,65.3829,5466800,77.9
2023-08-29,65.0458,65.1297,63.9547,64.9633,4199900,77.4
2023-08-30,64.6261,65.8851,64.2065,65.299,2659700,77.8
2023-08-31,65.0458,66.2208,64.71,65.299,3836000,77.8
2023-09-05,65.8851,67.5637,65.5493,67.2294,6839900,80.1
2023-09-06,67.2279,67.2279,66.7244,67.1455,2280400,80
2023-09-07,67.0601,67.144,65.969,66.7259,3526700,79.5
2023-09-08,66.4726,67.2279,66.3886,67.1455,2774900,80
2023-09-11,67.144,68.0672,65.1297,66.7259,4234900,79.5
2023-09-12,66.3047,67.7315,65.7172,67.3973,2668500,80.3
2023-09-13,66.8083,67.3958,66.0529,66.3901,2507000,79.1
2023-09-14,65.8851,67.144,65.8011,66.6419,2482600,79.4
2023-09-15,66.6404,68.1512,66.3047,66.7259,5614800,79.5
2023-09-18,66.3886,66.9761,66.0529,66.2223,1322100,78.9
2023-09-19,65.8851,66.2208,64.9618,66.2223,2571700,78.9
2023-09-20,65.8011,66.1368,65.4654,65.7187,1842800,78.3
2023-09-21,65.5493,65.7172,64.8779,65.4669,2537900,78
2023-09-22,64.71,65.7172,63.6189,65.0472,4244900,77.5
2023-09-25,64.794,65.8851,64.3743,65.1311,2755500,77.6
2023-09-26,65.1297,65.4654,63.7868,63.8722,2534600,76.1
2023-09-27,64.0386,64.2904,62.7796,64.2918,2273300,76.6
2023-09-28,63.8707,64.1225,62.7796,62.7811,1889300,74.8
2023-09-29,62.9475,64.1225,62.2761,62.2775,1403900,74.2
2023-10-02,62.2761,63.4511,62.2761,63.4525,1159900,75.6
2023-10-03,62.6118,63.0314,62.0243,62.1096,1993700,74
2023-10-04,61.7725,62.6118,61.6046,62.4453,1077900,74.4
2023-10-05,62.1921,62.4439,61.0171,61.0185,2571400,72.7
2023-10-06,61.0171,62.2761,60.9332,62.2775,1227000,74.2
2023-10-09,62.1082,62.1921,61.7725,61.8578,830900,73.7
2023-10-10,62.36,62.9475,62.1082,62.4453,1023900,74.4
2023-10-11,62.6118,62.7796,62.1082,62.4453,1134400,74.4
2023-10-12,62.5279,63.7029,62.5279,63.3686,2534800,75.5
2023-10-13,63.2832,64.0386,62.9475,63.6204,1487000,75.8
2023-10-16,63.0314,63.6189,62.6957,63.1168,1344400,75.2
2023-10-17,63.1993,63.8707,62.7796,62.7811,1421900,74.8
2023-10-18,62.7796,62.7796,60.7653,62.0257,2572400,73.9
2023-10-19,61.6046,61.6046,59.5064,59.9274,3904700,71.4
2023-10-20,59.8421,60.8493,58.9189,60.6828,2371800,72.3
2023-10-23,60.1778,60.4296,58.8349,58.9202,2725900,70.2
2023-10-24,58.9189,59.4224,58.8349,59.0041,1099500,70.3
2023-10-25,59.0028,59.4224,57.9117,57.913,2423700,69
2023-10-26,57.4921,57.576,55.3099,56.2344,5201700,67
2023-10-27,56.4849,57.0724,55.8974,57.0737,1811000,68
2023-10-30,56.9885,57.0724,56.317,56.738,1047000,67.6
2023-10-31,56.9885,58.3314,56.7367,57.0737,2183600,68
2023-11-01,57.9117,59.1707,56.9885,59.0881,2337200,70.4
2023-11-02,59.1707,59.5064,58.5831,59.5077,2390200,70.9
2023-11-03,59.5064,59.5064,58.5831,58.7523,1692700,70
2023-11-06,58.9189,60.01,58.8349,59.5916,1136800,71
2023-11-07,59.1707,59.4224,58.5831,59.4238,1474700,70.8
2023-11-08,59.4224,60.01,58.5831,59.9274,2339600,71.4
2023-11-09,60.0939,60.5135,59.3385,59.3398,3420100,70.7
2023-11-10,59.4224,59.4224,58.4153,58.4166,2833100,69.6
2023-11-13,58.4992,58.751,57.576,57.6612,1730800,68.7
2023-11-14,57.9117,58.2474,57.2403,57.8291,2996000,68.9
2023-11-15,58.751,60.2617,58.751,59.3398,3949400,70.7
2023-11-16,59.2546,59.8421,58.6671,59.0041,2338200,70.3
2023-11-17,59.5903,59.6742,58.0796,58.7523,2335800,70
2023-11-20,58.0796,58.6671,57.9117,58.1648,1770000,69.3
2023-11-21,58.2474,58.5831,57.8278,58.3327,2959800,69.5
2023-11-22,58.3314,58.9189,57.9117,58.2487,1302200,69.4
2023-11-23,58.5831,58.6671,57.6599,57.6612,1623100,68.7
2023-11-24,57.576,57.8278,56.7367,57.3255,3128900,68.3
2023-11-27,57.3242,57.4081,56.9885,57.1576,1333300,68.1
2023-11-28,57.1563,57.4921,56.6528,57.4933,1775600,68.5
2023-11-29,57.4921,57.7438,57.2403,57.4094,1262500,68.4
2023-11-30,57.4081,57.6599,56.5688,56.5701,2581600,67.4
2023-12-01,57.0724,57.4921,56.8206,57.4094,1391800,68.4
2023-12-04,57.4921,58.3314,57.4081,57.7451,3006800,68.8
2023-12-05,57.7438,57.9117,57.0724,57.1576,2302100,68.1
2023-12-06,57.1563,57.576,57.1563,57.4933,1606600,68.5
2023-12-07,57.7438,57.7438,56.6528,57.4094,3874400,68.4
2023-12-08,57.4081,58.1635,57.0724,57.913,3729400,69
2023-12-11,59.1707,59.1707,58.6671,58.7523,4734500,70
2023-12-12,58.751,58.8349,57.9117,58.2487,2788700,69.4
2023-12-13,58.4153,58.4992,57.1563,57.2415,4511000,68.2
2023-12-14,57.4081,57.8278,57.2403,57.4094,1462000,68.4
2023-12-15,57.4921,57.576,57.1563,57.1576,3739700,68.1
2023-12-18,57.1563,57.2403,56.2331,56.2344,3513100,67
2023-12-19,56.317,56.5688,55.6456,56.2344,3061900,67
2023-12-20,56.2331,57.2403,56.2331,57.1576,2603900,68.1
2023-12-21,56.9885,57.3242,56.9045,56.9058,2585900,67.8
2023-12-22,56.9045,57.1563,56.6528,56.738,2145700,67.6
2023-12-25,56.7367,57.6599,56.7367,56.9898,2672700,67.9
2023-12-26,57.3242,57.4921,57.0724,57.0737,1975400,68
2023-12-27,57.494,57.6631,57.0713,57.0764,1626400,67.5
2023-12-28,57.0713,57.9168,57.0713,57.922,2408700,68.5
2023-12-29,58.0859,58.0859,57.1558,57.1609,1954700,67.6
2024-01-02,57.6631,57.9168,57.4095,57.7529,2142800,68.3
2024-01-03,57.8322,58.3395,57.494,58.3448,1889800,69
2024-01-04,58.4241,58.7623,58.3395,58.3448,3401500,69
2024-01-05,58.5932,58.5932,57.9168,58.1756,1475700,68.8
2024-01-08,58.3395,58.4241,57.6631,57.6683,2396400,68.2
2024-01-09,57.6631,57.9168,57.494,57.5837,2460400,68.1
2024-01-10,57.5786,57.5786,56.9867,57.0764,3006600,67.5
2024-01-11,57.0713,57.9168,57.0713,57.4146,2083900,67.9
2024-01-12,57.1558,57.4095,56.6485,56.8227,3283000,67.2
2024-01-15,56.8176,57.0713,56.6485,56.6536,2226700,67
2024-01-16,56.6485,56.9867,56.3949,56.9918,2072400,67.4
2024-01-17,57.0713,57.4095,56.6485,56.7382,1826400,67.1
2024-01-18,56.9022,57.3249,56.9022,56.9918,1228400,67.4
2024-01-19,56.9867,58.0013,56.9867,57.4992,2619900,68
2024-01-22,57.494,58.0859,57.494,57.7529,1959800,68.3
2024-01-23,57.7477,57.7477,57.1558,57.2455,2112000,67.7
2024-01-24,57.3249,57.494,56.8176,56.9073,2083500,67.3
2024-01-25,56.9867,57.0713,56.564,56.569,2660500,66.9
2024-01-26,56.6485,57.0713,56.6485,56.6536,1675800,67
2024-01-29,56.7331,56.9022,56.564,56.6536,1732800,67
2024-01-30,56.9022,56.9022,56.564,56.569,1790400,66.9
2024-01-31,56.8176,57.6631,56.564,56.6536,4020100,67
2024-02-01,56.8176,57.3249,56.8176,57.0764,2499300,67.5
2024-02-02,57.0713,57.2404,56.6485,56.9918,2611300,67.4
2024-02-05,56.9867,57.6631,56.8176,57.4992,3565900,68
2024-02-06,57.5786,57.6631,57.1558,57.1609,2392800,67.6
2024-02-07,57.1558,57.4095,56.8176,57.1609,2736300,67.6
2024-02-15,57.1558,57.494,56.8176,57.1609,3876600,67.6
2024-02-16,57.3249,59.4387,57.0713,59.1903,11114600,70
2024-02-19,59.946,61.3833,59.7769,60.7969,6652800,71.9
2024-02-20,60.6224,61.2142,60.2842,60.4587,4385700,71.5
2024-02-21,60.4533,60.7915,60.0305,60.2896,3590200,71.3
2024-02-22,60.2842,61.4679,60.1151,60.5433,4648100,71.6
2024-02-23,60.7069,61.4679,60.0305,60.0359,6142500,71
2024-02-26,60.0305,60.6224,59.7769,60.0359,3048400,71
2024-02-27,60.1996,61.2142,60.1151,60.8815,5282500,72
2024-02-28,61.2142,61.3833,60.4533,61.0506,3419000,72.2
2024-02-29,61.3833,61.9752,60.5378,60.8815,6539800,72
2024-03-01,60.9606,60.9606,60.1996,60.4587,4397700,71.5
2024-03-04,60.7069,61.4679,60.5378,60.8815,5014600,72
2024-03-05,60.876,61.7215,60.6224,61.7271,5440900,73
2024-03-06,61.9752,62.1443,60.876,60.966,3403000,72.1
2024-03-07,60.6224,60.9606,60.2842,60.8815,5067600,72
2024-03-08,60.9606,61.637,59.185,59.1903,7361000,70
2024-03-11,59.6078,60.2842,59.185,59.444,4208400,70.3
2024-03-12,59.5232,59.6923,59.185,59.1903,3844000,70
2024-03-13,59.2696,59.946,59.185,59.8668,5646500,70.8
2024-03-14,60.0305,60.2842,59.4387,59.6131,5445400,70.5
2024-03-15,60.0407,60.0407,58.8416,58.9299,4851100,68.8
2024-03-18,58.9272,59.1842,57.8994,58.1591,6796400,67.9
2024-03-19,58.6703,58.6703,58.0707,58.0734,3164500,67.8
2024-03-20,58.0707,58.7559,57.8138,58.2447,3546900,68
2024-03-21,58.4133,58.6703,58.1564,58.5873,4906200,68.4
2024-03-22,58.7559,58.8416,58.0707,58.0734,6066700,67.8
2024-03-25,58.1564,58.4133,57.4712,57.6451,5450700,67.3
2024-03-26,57.7281,58.1564,57.6425,57.9878,2504200,67.7
2024-03-27,58.242,58.242,57.8138,57.9878,2637700,67.7
2024-03-28,57.9851,58.5846,57.8994,57.9878,4470700,67.7
2024-03-29,58.5846,58.5846,57.8138,57.9021,3484600,67.6
2024-04-01,57.8994,57.9851,57.3855,57.3882,4988000,67
2024-04-02,57.3855,57.7281,57.1286,57.6451,4322900,67.3
2024-04-03,57.6425,57.6425,57.1286,57.1312,5046100,66.7
2024-04-04,57.1286,58.5846,57.1286,58.416,7472800,68.2
2024-04-05,58.4133,58.4133,57.9851,58.1591,4233800,67.9
2024-04-08,58.242,58.242,57.2999,57.3882,3666000,67
2024-04-09,57.4712,57.6425,57.2142,57.3882,2516000,67
2024-04-10,57.4712,57.6425,57.2142,57.2169,2765500,66.8
2024-04-11,57.1286,57.2999,56.9573,57.0456,2947700,66.6
2024-04-12,57.2142,57.4712,57.0429,57.1312,2509200,66.7
2024-04-15,57.1286,57.1286,55.5869,55.5894,5756100,64.9
2024-04-16,55.5869,55.6725,53.9595,54.8186,7128700,64
2024-04-17,55.1586,55.5869,54.9873,54.9899,4589800,64.2
2024-04-19,54.9873,55.1586,54.2165,54.9899,4516100,64.2
2024-04-22,55.4156,55.9295,54.816,54.8186,2035200,64
2024-04-23,54.9873,55.073,54.1308,54.3903,2014400,63.5
2024-04-24,54.816,55.073,54.3878,54.8186,2401300,64
2024-04-25,54.816,55.5012,54.7304,55.4181,1916000,64.7
2024-04-26,55.4156,56.3577,55.2443,55.6751,2940600,65
2024-05-02,56.0151,56.1008,55.5869,56.0177,2563400,65.4
2024-05-03,56.1864,56.529,56.1008,56.189,1966400,65.6
2024-05-06,56.3577,56.8716,56.1008,56.3603,2261300,65.8
2024-05-07,56.529,58.6703,56.4434,58.2447,8485900,68
2024-05-08,58.242,58.242,57.4712,58.1591,2964400,67.9
2024-05-09,58.1564,58.1564,57.0429,57.0456,2998000,66.6
2024-05-10,57.1286,57.8138,56.6147,56.9599,2418100,66.5
2024-05-13,57.0429,57.2142,56.0151,56.3603,2732500,65.8
2024-05-14,56.4434,57.3855,56.4434,56.9599,2433100,66.5
2024-05-15,57.2999,57.6425,57.1286,57.3882,3234900,67
2024-05-16,57.4712,57.9851,57.3855,57.5595,2911400,67.2
2024-05-17,57.6425,58.0707,57.2142,57.3882,4169000,67
2024-05-20,57.4712,57.8994,56.8716,56.8742,4920600,66.4
2024-05-21,56.8716,57.0429,56.3577,56.7029,3799500,66.2
2024-05-22,56.8716,57.1286,56.3577,56.3603,3618300,65.8
2024-05-23,56.529,57.3855,56.3577,57.3882,2991400,67
2024-05-24,57.1286,57.2999,56.2721,56.5316,4104100,66
2024-05-27,56.6147,57.0429,56.3577,56.6173,2336600,66.1
2024-05-28,56.786,57.6425,56.6147,57.2169,5347500,66.8
2024-05-29,57.3855,57.6425,56.529,56.7886,3357900,66.3
2024-05-30,56.6147,56.7003,56.1008,56.2747,4412600,65.7
2024-05-31,56.4434,56.4434,55.9295,56.0177,4143400,65.4
2024-06-03,56.3577,57.0429,56.2721,56.6173,3190500,66.1
2024-06-04,56.6147,57.0429,56.529,56.5316,2445200,66
2024-06-05,56.7003,59.2698,56.7003,58.673,11865800,68.5
2024-06-06,59.0985,59.0985,57.5568,57.5595,4887800,67.2
2024-06-07,57.8994,58.7559,57.8138,58.0734,4127600,67.8
2024-06-10,58.5846,58.6703,57.5568,57.5595,4564100,67.2
2024-06-11,57.7281,57.8138,56.8716,56.9599,6177100,66.5
2024-06-12,56.9573,57.6425,56.786,57.3882,3425100,67
2024-06-13,57.3855,57.7281,57.2142,57.3025,2803600,66.9
2024-06-14,57.3855,57.6425,56.7003,56.7029,4124200,66.2
2024-06-17,56.786,57.0429,56.529,56.5316,3617600,66
2024-06-18,56.9573,56.9573,56.4434,56.446,2751700,65.9
2024-06-19,56.529,56.529,55.7582,55.9321,6155000,65.3
2024-06-20,56.0151,57.2142,55.8438,56.5316,4397100,66
2024-06-21,56.9573,57.4712,56.529,56.5316,3967700,66
2024-06-24,56.6147,57.0429,55.9295,56.1034,3847700,65.5
2024-06-25,56.3577,56.7003,56.1008,56.1034,2433600,65.5
2024-06-26,56.3577,56.3577,55.7582,55.8464,2485100,65.2
2024-06-27,55.8438,56.1864,55.7582,55.9321,2708400,65.3
2024-06-28,56.1008,56.529,55.9295,56.1034,2731700,65.5
2024-07-01,56.3577,56.529,55.9295,56.5316,1909300,66
2024-07-02,56.529,56.786,56.3577,56.7029,2042800,66.2
2024-07-03,56.7003,56.786,56.529,56.7029,1332600,66.2
2024-07-04,56.786,57.2999,56.786,56.8742,2688900,66.4
2024-07-05,56.8716,57.8138,56.8716,57.5595,4180100,67.2
2024-07-08,57.6425,57.9851,57.3855,57.9021,4942400,67.6
2024-07-09,57.8994,58.0707,57.5568,57.8164,5045200,67.5
2024-07-10,57.8138,58.0707,57.2142,57.2169,3881700,66.8
2024-07-11,57.2999,57.3855,56.786,56.7886,3787100,66.3
2024-07-12,56.8716,57.0429,56.6147,56.7886,2079900,66.3
2024-07-15,56.786,57.2999,56.7003,56.7029,2155300,66.2
2024-07-16,56.8716,57.1286,56.6147,56.6173,2243700,66.1
2024-07-17,56.7003,56.9573,56.1864,56.2747,3464800,65.7
2024-07-18,56.529,56.529,56.1008,56.446,2283000,65.9
2024-07-19,56.4434,56.4434,55.7582,55.9321,3392700,65.3
2024-07-22,55.9295,56.529,55.8438,56.0177,2654800,65.4
2024-07-23,56.1864,56.786,56.1008,56.446,3777800,65.9
2024-07-24,56.3577,56.6147,56.1864,56.189,3613500,65.6
2024-07-25,56.1864,56.2721,55.9295,56.189,1957600,65.6
2024-07-26,56.0151,56.7003,56.0151,56.3603,2975400,65.8
2024-07-29,56.7003,57.8994,56.4434,57.5595,5781800,67.2
2024-07-30,57.6425,58.5846,57.2999,57.9878,6375600,67.7
2024-07-31,58.6703,61.668,58.6703,61.3283,21144900,71.6
2024-08-01,61.4967,61.5824,60.0407,60.2148,8865800,70.3
2024-08-02,59.955,61.5824,59.955,61.2426,10290200,71.5
2024-08-05,60.8115,60.9828,58.6703,59.4439,12155500,69.4
2024-08-06,60.212,62.7815,59.955,62.2704,13496200,72.7
2024-08-07,62.6958,63.2097,62.0106,63.2126,10700700,73.8
2024-08-08,63.2954,63.7236,61.8393,62.2704,5811000,72.7
2024-08-09,62.3532,62.8671,62.0963,62.7844,4527500,73.3
2024-08-12,62.7815,63.7236,62.3532,62.5274,5804000,73
2024-08-13,62.3532,63.7236,62.2676,63.2126,6734400,73.8
2024-08-14,63.381,63.4667,62.7815,63.384,5456200,74
2024-08-15,63.381,63.8949,63.1241,63.2126,4255800,73.8
2024-08-16,63.381,63.4667,62.6958,63.2126,7392900,73.8
2024-08-19,63.381,65.094,63.2097,65.097,7917900,76
2024-08-20,65.094,65.2653,64.4945,64.7544,4177300,75.6
2024-08-21,64.4088,65.1797,64.3232,64.4975,3991000,75.3
2024-08-22,65.094,65.094,63.0384,63.5553,6025900,74.2
2024-08-23,64.1519,64.7514,63.7236,64.1548,3307600,74.9
2024-08-26,64.1519,64.2375,62.7815,62.87,6324800,73.4
2024-08-27,62.8671,63.2097,62.1819,62.9557,4265800,73.5
2024-08-28,63.0384,63.381,62.6958,63.2983,3352800,73.9
2024-08-29,63.1241,63.381,62.8671,62.9557,2042900,73.5
2024-08-30,63.0384,64.0662,62.8671,63.2983,3675800,73.9
2024-09-04,62.7815,63.8093,62.6102,63.6409,2839100,74.3
2024-09-05,63.638,64.5801,63.4667,63.9835,5857500,74.7
2024-09-06,64.1519,64.6658,64.0662,64.5831,3641800,75.4
2024-09-09,64.3232,64.3232,63.5523,64.0692,2638800,74.8
2024-09-10,64.0662,64.6658,63.638,64.1548,3332400,74.9
2024-09-11,64.0662,64.3232,63.2954,63.8979,3165200,74.6
2024-09-12,64.2375,64.4088,63.7236,63.9835,2052100,74.7
2024-09-13,64.0662,64.0662,62.4389,62.4418,5347100,72.9
2024-09-16,62.5245,62.5245,61.5824,61.5852,4034700,71.9
2024-09-17,61.668,62.8671,61.4111,62.87,2390300,73.4
2024-09-18,63.0384,63.2954,62.5245,62.7844,2845300,73.3
2024-09-19,62.7815,62.9528,62.5245,62.7844,1572700,73.3
2024-09-20,62.9528,63.381,62.2676,62.2704,5232400,72.7
2024-09-23,62.6102,62.6958,62.1819,62.4418,2930300,72.9
2024-09-24,62.9273,62.9273,62.1296,62.3083,2076500,70.3
2024-09-25,62.3069,62.3955,61.6865,61.6879,4520500,69.6
2024-09-26,61.6865,63.0159,61.6865,62.6628,3984100,70.7
2024-09-27,62.75,63.1046,62.6614,62.9287,2968700,71
2024-09-30,62.9273,62.9273,62.1296,62.131,2043500,70.1
2024-10-01,62.2183,62.6614,62.1296,62.131,2040200,70.1
2024-10-02,62.2183,62.2183,61.6865,62.131,2139900,70.1
2024-10-03,62.2183,62.4842,61.9524,62.3083,2948000,70.3
2024-10-04,62.4842,62.4842,60.6229,60.7129,6134000,68.5
2024-10-07,60.8888,61.4206,59.4707,59.4721,5986300,67.1
2024-10-08,59.5594,60.4457,59.5594,60.447,2887600,68.2
2024-10-09,60.5343,60.8002,60.0911,60.0925,3527900,67.8
2024-10-10,60.5343,60.9774,60.0025,60.0039,2622600,67.7
2024-10-11,60.357,60.4457,59.8253,60.0039,2370000,67.7
2024-10-14,60.357,60.357,59.4707,59.5607,2820500,67.2
2024-10-15,59.5594,59.7366,59.1162,59.2062,3073300,66.8
2024-10-16,59.2048,60.357,59.2048,59.8266,2003900,67.5
2024-10-17,59.9139,60.1798,59.648,59.9152,1655000,67.6
2024-10-18,59.9139,60.2684,59.7366,59.738,1597500,67.4
2024-10-21,59.7366,60.1798,59.5594,59.6494,1860000,67.3
2024-10-22,59.648,60.0911,59.5594,59.6494,2250400,67.3
2024-10-23,59.648,59.9139,59.5594,59.6494,1635900,67.3
2024-10-24,59.648,61.1547,59.648,60.6243,4365000,68.4
2024-10-25,60.8002,60.8002,60.1798,60.2698,2170200,68
2024-10-28,60.0025,60.2684,59.1162,59.5607,2923300,67.2
2024-10-29,59.648,59.648,59.2048,59.3835,2030600,67
2024-10-30,59.3821,59.648,58.7617,58.763,3431700,66.3
2024-10-31,59.0276,59.0276,57.8754,58.5858,5170700,66.1
2024-11-01,58.5844,58.7617,58.1413,58.3199,2178000,65.8
2024-11-04,58.4072,59.0276,58.1413,58.1426,2118800,65.6
2024-11-05,58.2299,58.4958,58.0527,58.054,1060900,65.5
2024-11-06,58.4958,58.4958,57.8754,58.3199,2594600,65.8
2024-11-07,58.4958,58.6731,58.1413,58.4085,1152300,65.9
2024-11-08,58.4958,58.6731,58.1413,58.2312,1592400,65.7
2024-11-11,58.2299,58.3185,57.3436,57.7881,2737600,65.2
2024-11-12,57.7868,58.2299,57.4322,57.5222,1729600,64.9
2024-11-13,57.6981,58.1413,57.3436,57.6108,2770700,65
2024-11-14,57.6095,57.6095,57.3436,57.6108,1779900,65
2024-11-15,57.5209,57.5209,56.4573,56.4586,3688300,63.7
2024-11-18,56.4573,56.9005,56.0142,56.0154,3747000,63.2
2024-11-19,56.1028,56.2801,55.8369,55.8382,2733600,63
2024-11-20,55.8369,56.5459,55.7483,56.37,2818000,63.6
2024-11-21,56.4573,56.8118,56.1914,56.6359,2253500,63.9
2024-11-22,56.6346,57.4322,56.6346,56.9904,2176700,64.3
2024-11-25,56.9891,57.255,56.9005,56.9904,2446600,64.3
2024-11-26,57.1664,57.6095,57.0777,57.4336,1675600,64.8
2024-11-27,57.4322,57.6095,57.1664,57.2563,1586400,64.6
2024-11-28,57.6095,57.6095,57.1664,57.1677,1273300,64.5
2024-11-29,57.1664,57.4322,56.9891,57.2563,1105500,64.6
2024-12-02,57.255,57.4322,56.9005,57.1677,1229100,64.5
2024-12-03,57.255,57.255,56.6346,56.6359,2425200,63.9
2024-12-04,56.5459,56.6346,56.1028,56.1041,2745800,63.3
2024-12-05,56.2801,57.3436,56.0142,56.9904,2218400,64.3
2024-12-06,57.1664,57.4322,56.8118,56.8131,1677900,64.1
2024-12-09,57.1664,57.1664,56.7232,56.8131,1762700,64.1
2024-12-10,56.8118,57.0777,56.6346,56.6359,1711000,63.9
2024-12-11,56.6346,57.255,56.6346,56.9018,2024600,64.2
2024-12-12,56.9005,57.5209,56.9005,57.2563,2249800,64.6
2024-12-13,56.9891,57.1664,56.8118,56.9018,1396700,64.2
2024-12-16,56.9005,57.7868,56.9005,57.6108,2387600,65
2024-12-17,57.5209,57.6095,57.1664,57.2563,1204000,64.6
2024-12-18,57.6095,57.6981,57.3436,57.3449,1614100,64.7
2024-12-19,57.0777,57.1664,56.6346,56.6359,2626900,63.9
2024-12-20,56.7232,57.6095,56.7232,57.6108,3799600,65
2024-12-23,57.3436,57.6095,56.9891,57.079,1347800,64.4
2024-12-24,57.0777,57.3436,56.8118,56.9904,1287000,64.3
2024-12-25,57.0777,57.5209,57.0777,57.079,1302500,64.4
2024-12-26,57.3434,57.3434,56.9862,56.9918,1708800,63.8
2024-12-27,57.0755,57.2541,56.8968,56.9918,2443700,63.8
2024-12-30,56.8075,56.8968,56.5396,56.5451,1490800,63.3
2024-12-31,56.6289,56.9862,56.5396,56.6345,1641900,63.4
2025-01-02,56.8075,56.9862,56.3609,56.3665,1336600,63.1
2025-01-03,56.4502,56.5396,56.1823,56.2771,1776700,63
2025-01-06,56.2716,56.4502,55.825,55.8305,2103500,62.5
2025-01-07,55.9143,56.2716,55.0211,55.1159,2802100,61.7
2025-01-08,55.3784,55.4677,54.6638,55.1159,2053300,61.7
2025-01-09,55.1998,55.2891,54.7532,55.2052,1500000,61.8
2025-01-10,55.1104,55.2891,54.7532,54.7585,1189800,61.3
2025-01-13,54.6638,55.2891,54.5745,54.8479,1101700,61.4
2025-01-14,54.8425,55.1998,54.7532,55.0265,1147600,61.6
2025-01-15,55.4677,55.6464,55.1104,55.1159,1216400,61.7
2025-01-16,55.6464,55.9143,55.1104,55.2945,1684500,61.9
2025-01-17,55.557,55.557,55.3784,55.3838,889400,62
2025-01-20,55.3784,55.557,55.0211,55.2945,1633600,61.9
2025-01-21,55.3784,55.4677,55.0211,55.2052,1403900,61.8
2025-01-22,55.3784,55.3784,55.0211,55.0265,1760900,61.6
2025-01-23,55.0211,55.6464,55.0211,55.3838,1781300,62
2025-01-24,55.2891,55.825,55.1998,55.5625,1576400,62.2
2025-02-04,54.1279,54.3959,53.592,53.7759,7125000,60.2
2025-02-05,53.9493,54.9318,53.9493,54.9372,3198100,61.5
2025-02-06,54.9318,55.0211,54.0386,54.2226,3024800,60.7
2025-02-07,54.2172,54.6638,54.1279,54.3119,2552300,60.8
2025-02-10,54.6638,54.6638,54.1279,54.1332,2592100,60.6
2025-02-11,54.1279,54.2172,53.6813,53.9546,3433800,60.4
2025-02-12,54.1279,54.4852,54.0386,54.4906,2756600,61
2025-02-13,54.4852,54.4852,53.9493,54.2226,2576800,60.7
2025-02-14,54.2172,54.2172,53.86,53.8653,6401800,60.3
2025-02-17,53.9493,54.1279,53.592,53.5973,3612400,60
2025-02-18,53.9493,54.0386,53.592,53.8653,2436800,60.3
2025-02-19,53.86,54.3959,53.86,54.3119,3072700,60.8
2025-02-20,54.3959,54.3959,54.1279,54.2226,2627900,60.7
2025-02-21,54.3066,55.4677,54.1279,54.8479,4717200,61.4
2025-02-24,55.0211,57.0755,55.0211,56.9918,11512800,63.8
2025-02-25,57.1648,57.1648,55.9143,56.1878,3884200,62.9
2025-02-26,56.2716,56.6289,56.1823,56.3665,3636600,63.1
2025-02-27,56.4502,56.4502,55.557,55.5625,3520600,62.2
2025-02-28,55.6464,56.4502,55.557,55.5625,4175600,62.2
2025-03-03,56.093,56.4502,55.6464,56.4558,3610600,63.2
2025-03-04,56.4502,56.9862,56.1823,56.7238,6042000,63.5
2025-03-05,56.8075,56.8075,56.0036,56.0092,2275500,62.7
2025-03-06,56.0036,56.1823,55.557,56.1878,3125600,62.9
2025-03-07,56.1823,56.2716,55.7357,56.0092,2655600,62.7
2025-03-10,56.2716,56.2716,55.825,55.8305,2529500,62.5
2025-03-11,55.6464,55.825,55.4677,55.7412,2287600,62.4
2025-03-12,55.825,56.093,55.557,55.5625,2755400,62.2
2025-03-13,55.6464,56.1823,55.2891,55.3838,5100400,62
2025-03-14,55.7357,56.0036,55.4677,55.4732,2696700,62.1
2025-03-17,55.7357,56.6289,55.7357,56.2771,4062100,63
2025-03-18,56.3609,56.3609,55.825,55.8305,3281900,62.5
2025-03-19,56.0036,56.093,55.2891,55.6518,3038400,62.3
2025-03-20,55.557,55.557,54.7532,55.2052,3888200,61.8
2025-03-21,55.1998,55.1998,54.6638,54.7585,3325900,61.3
2025-03-24,54.8425,55.3784,54.5745,54.8479,2488900,61.4
2025-03-25,55.1104,55.1104,54.6638,54.8479,2323000,61.4
2025-03-26,54.9318,55.2891,54.6638,54.6692,1846000,61.2
2025-03-27,54.6638,54.9318,54.5745,54.5799,2230500,61.1
2025-03-28,54.4852,54.5745,53.7706,53.8653,5430100,60.3
2025-03-31,54.3066,55.0211,54.1279,54.1332,5301500,60.6
2025-04-01,54.6638,54.6638,53.86,54.3119,3129300,60.8
2025-04-02,54.2172,54.8425,54.0386,54.0439,4684400,60.5
2025-04-03,53.1454,53.2347,50.2872,50.4708,16938200,56.5
2025-04-04,48.2328,52.5202,48.0542,52.2573,9776600,58.5
2025-04-08,50.6444,50.8231,48.6794,48.6842,13324100,54.5
2025-04-09,45.9105,49.3046,45.9105,46.451,9882600,52
2025-04-10,49.6619,49.6619,49.6619,49.6668,1514300,55.6
2025-04-11,49.6619,52.1629,49.6619,51.3641,9164400,57.5
2025-04-14,51.7163,51.7163,50.4658,50.8281,5479700,56.9
2025-04-15,50.6444,51.359,50.2872,50.2921,4163500,56.3
2025-04-16,50.3765,51.091,50.0192,50.0241,3735600,56
2025-04-17,49.5726,50.5551,48.9474,50.0241,7219000,56
2025-04-18,50.6444,51.1804,50.5551,50.5601,3037200,56.6
2025-04-21,50.7338,51.0017,50.4658,50.6494,3021400,56.7
2025-04-22,50.5551,50.5551,48.1435,50.0241,6955000,56
2025-04-23,50.7338,51.1804,50.3765,50.3814,3586000,56.4
2025-04-24,50.4658,50.7338,50.1978,50.2921,1956400,56.3
2025-04-25,50.4658,52.0736,50.4658,52.0787,8119700,58.3
2025-04-28,52.0736,52.0736,51.359,51.3641,2664700,57.5
2025-04-29,51.359,51.7163,51.091,51.4534,2556000,57.6
2025-05-05,51.0017,51.4483,50.8231,50.8281,4238300,56.9
2025-05-06,50.9124,51.2697,50.8231,50.8281,2502600,56.9
2025-05-07,50.8231,51.5376,50.8231,51.0961,2905500,57.2
2025-05-08,51.1804,51.627,51.091,51.2747,3262200,57.4
2025-05-09,51.5376,52.3415,51.5376,51.5427,3832400,57.7
2025-05-12,51.8056,52.4308,51.8056,52.3467,5863100,58.6
2025-05-13,52.6095,52.6988,52.0736,52.2573,4352200,58.5
2025-05-14,52.7193,52.7193,51.8869,51.9805,5034700,56.2
2025-05-15,51.9794,52.7193,51.9794,52.5355,4092100,56.8
2025-05-16,52.5343,52.5343,51.9794,51.9805,3198400,56.2
2025-05-19,51.9794,52.7193,51.7944,51.7955,2795600,56
2025-05-20,51.8869,52.0719,51.6094,51.703,3224100,55.9
2025-05-21,51.7944,51.7944,51.2395,51.2406,4464400,55.4
2025-05-22,51.2395,51.4244,50.8695,50.8706,2665200,55
2025-05-23,51.0545,51.332,50.962,51.1481,1666700,55.3
2025-05-26,51.2395,51.6094,50.8695,51.5181,2729200,55.7
2025-05-27,51.7019,51.7944,51.147,51.2406,3680800,55.4
2025-05-28,51.5169,51.5169,50.962,51.0556,3901700,55.2
2025-05-29,51.332,51.332,50.962,50.9631,2182300,55.1
2025-05-30,51.2395,51.2395,50.6845,50.7781,3273900,54.9
2025-06-02,50.777,51.0545,50.4071,50.5006,2644100,54.6
2025-06-03,50.592,51.7944,50.592,51.3331,4311900,55.5
2025-06-04,51.6094,53.4592,51.332,52.628,8419300,56.9
2025-06-05,52.7193,52.8118,52.0719,52.073,2794700,56.3
2025-06-06,52.1644,52.1644,50.962,51.1481,4122400,55.3
2025-06-09,51.2395,52.0719,51.147,51.1481,3035700,55.3
2025-06-10,51.332,51.8869,50.962,51.1481,2999200,55.3
2025-06-11,51.147,51.4244,50.962,51.0556,1720700,55.2
2025-06-12,51.4244,51.9794,51.332,51.703,3282700,55.9
2025-06-13,51.332,51.5169,51.0545,51.3331,3545400,55.5
2025-06-16,51.2395,52.3493,51.2395,52.073,4734300,56.3
2025-06-17,52.1644,52.4418,51.8869,51.9805,3406400,56.2
2025-06-18,52.0719,52.5343,51.7944,51.7955,4098100,56
2025-06-19,51.7944,52.1644,51.5169,51.888,2628700,56.1
2025-06-20,52.0719,52.4418,51.7019,52.3505,4661400,56.6
2025-06-23,51.7944,52.1644,51.6094,51.703,3022700,55.9
2025-06-24,51.9794,52.2569,51.8869,52.1655,2803800,56.4
2025-06-25,52.2569,53.4592,52.1644,52.5355,6268200,56.8
2025-06-26,52.5343,52.7193,52.0719,52.1655,3118900,56.4
2025-06-27,52.5343,54.1991,52.0719,53.4604,8895400,57.8
2025-06-30,53.7367,54.2916,53.5517,53.6454,4487800,58
2025-07-01,54.0142,54.0142,52.9043,53.1829,4013600,57.5
2025-07-02,53.2742,53.6442,52.9968,53.3679,3775700,57.7
2025-07-03,53.3667,54.0142,52.9968,53.1829,5293100,57.5
2025-07-04,53.1818,53.5517,52.9968,53.4604,2696200,57.8
2025-07-07,53.6442,53.9217,53.3667,53.5529,3762300,57.9
2025-07-08,53.6442,54.7541,53.5517,54.5703,7163100,59
2025-07-09,54.8466,56.0489,54.6616,55.6802,9636900,60.2
2025-07-10,55.9565,56.0489,55.2165,55.2177,5246100,59.7
2025-07-11,55.7715,56.2339,55.309,55.3102,6233200,59.8
2025-07-14,55.494,56.2339,54.8466,55.7727,6083200,60.3
2025-07-15,56.0489,56.6039,55.5865,55.5877,6553200,60.1
2025-07-16,55.494,55.679,55.124,55.5877,4961100,60.1
2025-07-17,55.7715,56.0489,55.309,55.5877,6357800,60.1
2025-07-18,55.5865,56.5114,55.494,55.6802,5826800,60.2
2025-07-21,55.7715,56.2339,55.494,55.4952,5503300,60
2025-07-22,55.494,55.679,55.0316,55.6802,4735100,60.2
2025-07-23,55.864,57.0663,55.679,57.0676,9228600,61.7
2025-07-24,57.4363,59.1936,57.4363,58.9174,13421100,63.7
2025-07-25,59.0086,59.0086,58.3612,58.455,5124000,63.2
2025-07-28,58.5462,59.1011,58.2687,58.5474,8462700,63.3
2025-07-29,58.5462,59.3786,58.0837,58.455,10714200,63.2
2025-07-30,58.2687,58.7312,58.0837,58.1775,6078500,62.9
2025-07-31,58.2687,58.7312,55.864,56.6051,10570300,61.2
2025-08-01,56.7889,56.7889,55.494,55.4952,5329800,60
2025-08-04,55.309,56.2339,55.309,55.8652,3746300,60.4
2025-08-05,55.9565,56.8814,55.494,55.5877,9564600,60.1
2025-08-06,55.864,57.0663,55.864,56.6976,5377500,61.3
2025-08-07,57.2513,57.3438,56.2339,56.3276,4741600,60.9
2025-08-08,56.4189,57.1588,56.0489,56.2351,6503200,60.8
2025-08-11,56.4189,57.4363,56.3264,56.8826,5787800,61.5
2025-08-12,57.4363,57.7138,56.7889,57.1601,5207000,61.8
2025-08-13,57.3438,57.4363,56.2339,56.5126,6210800,61.1
2025-08-15,57.3438,57.5288,56.4189,56.4201,5660400,61
2025-08-18,56.5114,56.6964,56.0489,56.1427,4775600,60.7
2025-08-19,56.2339,56.6039,55.864,55.9577,5257700,60.5
2025-08-20,55.9565,56.3264,55.124,55.4952,6338200,60
2025-08-21,55.5865,56.3264,55.124,55.5877,5810000,60.1
2025-08-22,55.309,55.4015,54.1067,54.2928,7201500,58.7
2025-08-25,54.4766,55.124,54.2916,54.2928,3360400,58.7
2025-08-26,54.1991,55.5865,54.1067,55.2177,2990300,59.7
2025-08-27,55.2165,56.6039,55.0316,55.9577,4849200,60.5
2025-08-28,56.4189,56.8814,56.1414,56.4201,3661100,61
2025-08-29,56.6964,56.6964,55.7715,55.7727,4166400,60.3
2025-09-03,55.7715,56.8814,55.7715,56.8826,4767300,61.5
2025-09-04,57.0663,57.8063,56.8814,57.1601,4228100,61.8
2025-09-05,57.2513,57.3438,56.3264,56.3276,5355900,60.9
2025-09-08,56.3264,57.2513,56.0489,56.0502,6958800,60.6
2025-09-09,56.0489,56.4189,55.5865,55.7727,3516800,60.3
2025-09-10,55.9565,56.0489,55.2165,55.3102,3120100,59.8
2025-09-11,55.309,56.6039,54.9391,56.6051,4998900,61.2
2025-09-12,56.6964,58.7312,56.4189,58.455,13670300,63.2
2025-09-15,58.6387,58.7312,58.0837,58.3625,3527500,63.1
2025-09-16,58.7312,60.4885,58.4537,59.8423,12673100,64.7
2025-09-17,59.9335,61.2284,59.9335,60.2123,9865800,65.1
2025-09-18,60.211,60.396,58.7312,58.8249,5050800,63.6
2025-09-19,59.0086,59.1011,57.3438,57.345,5300500,62
2025-09-22,57.4363,58.0837,56.7889,56.7901,5285200,61.4
2025-09-23,56.8814,57.8063,56.8814,56.9751,3425100,61.6
2025-09-24,57.2513,57.3438,56.4189,57.345,3214500,62
2025-09-25,57.6213,57.7138,56.8814,56.8826,2752800,61.5
2025-09-26,56.8814,57.1588,56.5114,56.5126,2489900,61.1
2025-09-29,56.5114,56.6039,55.679,55.7727,5130400,60.3
2025-09-30,55.864,56.2339,55.494,55.4952,3030200,60
2025-10-01,56.1414,57.8063,55.679,57.4375,4526400,62.1
2025-10-02,57.8063,57.8987,56.6039,56.6051,3398700,61.2
2025-10-03,56.6964,57.6213,56.6039,56.6976,3998500,61.3
2025-10-06,57.9912,57.9912,57.1588,57.715,4051900,62.4
2025-10-07,57.9912,57.9912,56.7889,56.7901,3715300,61.4
2025-10-08,57.6213,58.7312,57.0663,58.6399,5919700,63.4
2025-10-09,58.6387,58.7312,57.8987,58.1775,3297300,62.9
2025-10-10,58.6387,58.6387,57.7138,57.715,4972200,62.4
2025-10-13,57.5288,59.2861,57.1588,59.1949,6305000,64
2025-10-14,59.5636,59.5636,58.5462,58.7324,5359800,63.5
2025-10-15,59.0086,59.5636,58.8236,58.8249,4645400,63.6
2025-10-16,58.8726,59.26,58.2917,59.26,5158400,61.2
2025-10-17,59.0602,59.2538,56.9302,56.936,6041500,58.8
2025-10-20,57.0329,57.517,53.2565,53.2565,8737700,55
2025-10-21,54.3216,56.1614,54.3216,54.709,7068100,56.5
2025-10-22,55.2899,55.4836,53.9343,54.5153,3846700,56.3
2025-10-23,54.709,55.2899,54.5153,54.8058,2327300,56.6
2025-10-24,55.0906,56.2524,54.316,56.2582,3959900,58.1
2025-10-27,56.5487,56.5487,55.1931,55.1931,2998800,57
2025-10-28,55.381,55.5747,54.9938,55.5804,2079100,57.4
2025-10-29,55.6773,56.0646,55.2899,55.6773,1973000,57.5
2025-10-30,55.962,56.0588,55.1874,55.2899,1905200,57.1
2025-10-31,55.5804,55.8709,55.2899,55.7741,2641500,57.6
2025-11-03,55.8709,56.4519,55.4836,55.4836,2642700,57.3
2025-11-04,55.7741,56.0646,54.5153,55.4836,4175200,57.3
2025-11-05,55.4836,56.6456,55.2899,56.1614,3831600,58
2025-11-06,56.1614,56.6456,55.7741,56.1614,2241200,58
2025-11-07,55.7741,56.5487,55.6773,55.7741,3251100,57.6
2025-11-10,55.8709,56.0646,55.1931,55.1931,2675800,57
2025-11-11,55.1931,57.1297,55.1931,57.0329,5152700,58.9
2025-11-12,56.9302,58.092,56.6397,57.9043,5161900,59.8
2025-11-13,57.8984,60.0284,57.8015,59.8409,9741800,61.8
2025-11-14,59.7379,61.2871,59.6411,60.8092,10146900,62.8
2025-11-17,60.8998,61.2871,59.8348,60.1314,4198400,62.1
2025-11-18,60.0284,60.3189,58.5761,58.7758,5559900,60.7
2025-11-19,58.7758,59.9378,58.5822,58.9695,4458500,60.9
2025-11-20,59.4475,59.6411,58.5761,58.7758,2656100,60.7
2025-11-21,58.3885,58.7758,57.8075,58.0012,4191100,59.9
2025-11-24,58.1948,61.3902,58.1948,61.0029,9900300,63
2025-11-25,61.0029,61.1966,59.9378,59.9378,4907900,61.9
2025-11-26,60.3189,61.1902,60.3189,60.8092,3651000,62.8
2025-11-27,61.0029,61.3902,60.0346,60.0346,3962300,62
2025-11-28,60.2283,62.4554,60.2283,61.9712,11898300,64
2025-12-01,62.2617,63.811,62.2617,62.8427,9107300,64.9
2025-12-02,62.7458,63.5205,62.4554,62.9395,6764300,65
2025-12-03,63.0363,63.1332,61.9712,62.5522,5383600,64.6
2025-12-04,62.933,63.0298,61.3839,61.3902,5918000,63.4
2025-12-05,61.5775,62.4489,61.3839,61.3902,3598900,63.4
2025-12-08,61.2934,62.4554,61.1966,61.4871,3322000,63.5
2025-12-09,61.4871,62.068,60.5188,60.5188,5389200,62.5
2025-12-10,60.4157,62.4489,60.3189,61.0997,3470500,63.1
2025-12-11,61.0029,61.4871,59.5505,59.5505,4852300,61.5
2025-12-12,59.7441,60.0346,58.2917,58.2917,4396400,60.2
2025-12-15,58.3885,60.6156,58.3885,60.0346,4242600,62
2025-12-16,60.0346,62.3585,59.7441,62.1649,6863300,64.2
2025-12-17,62.068,62.068,60.9061,60.9061,2090400,62.9
2025-12-18,61.5839,61.9712,60.9061,61.8744,3065000,63.9
2025-12-19,61.6807,61.9712,61.0029,61.9712,2685700,64
2025-12-22,61.8744,61.8744,61.0997,61.1966,2650700,63.2
2025-12-23,61.4871,62.068,60.3251,60.6156,4394700,62.6
2025-12-24,60.8092,60.9061,59.5505,59.5505,4870200,61.5
2025-12-25,59.6473,60.3251,59.3568,59.3568,2059600,61.3
2025-12-26,59.6473,60.3251,59.26,59.5505,2399200,61.5
2025-12-29,59.5443,60.222,59.4475,60.1314,1943000,62.1
2025-12-30,60.1252,60.3189,59.7379,59.8409,1581000,61.8
2025-12-31,59.9378,60.0346,59.26,59.26,1879600,61.2
2026-01-05,59.3568,59.5505,58.098,58.3885,2814700,60.3
2026-01-06,58.5761,58.9634,58.3825,58.8726,2963300,60.8
2026-01-07,58.8726,59.5505,58.5822,58.9695,3228100,60.9
2026-01-08,59.1631,61.3902,59.1631,60.2283,5636400,62.2
2026-01-09,60.4219,60.5188,59.0663,59.0663,4184100,61
2026-01-12,59.157,60.7061,59.157,60.7124,4146300,62.7
2026-01-13,60.9061,62.8427,60.8092,61.2934,6761300,63.3
2026-01-14,61.5775,65.5471,61.3839,65.5539,24838300,67.7
2026-01-15,67.781,70.1049,67.2969,68.7493,19260600,71
2026-01-16,68.8461,70.6859,66.9095,67.3937,13372500,69.6
2026-01-19,67.5873,68.7493,66.1349,68.362,10385300,70.6
2026-01-20,69.2263,73.0991,68.839,71.0732,21521900,73.4
2026-01-21,70.6859,70.6859,67.781,68.0715,11234100,70.3
2026-01-22,68.8461,70.4922,67.781,68.6525,8055200,70.9
2026-01-23,67.2,67.8778,65.0698,65.0698,16050400,67.2
2026-01-26,65.2634,67.1032,65.2634,66.7159,8864800,68.9
2026-01-27,66.2249,66.4185,63.998,65.5539,8357800,67.7
2026-01-28,65.5471,67.2899,65.063,65.5539,9816800,67.7
2026-01-29,66.3217,68.839,65.7408,68.8461,10036800,71.1
2026-01-30,69.2335,70.2018,68.2652,68.362,7844800,70.6
2026-02-02,68.6525,70.2986,68.0715,70.2986,10777700,72.6
2026-02-03,70.5891,71.2669,69.0398,69.3303,7261000,71.6
2026-02-04,69.5239,70.2986,68.5556,69.7176,7672500,72
2026-02-05,69.6136,69.904,66.9026,66.9095,8057000,69.1
2026-02-06,66.1281,68.4517,66.0312,66.9095,6695900,69.1
2026-02-09,67.2,68.1683,67.1032,67.3937,2573300,69.6
2026-02-10,67.3867,68.2581,65.9344,66.2317,5090400,68.4
2026-02-11,66.2249,67.6772,66.2249,66.9095,2672900,69.1
2026-02-12,67.1032,67.5873,66.8127,66.8127,1951100,69
2026-02-13,66.8127,67.5873,66.4254,67.2969,3341400,69.5
2026-02-23,67.781,69.0398,67.5873,68.362,4211800,70.6
2026-02-24,68.362,69.0398,67.9747,67.9747,3552500,70.2
2026-02-25,68.1683,71.0732,68.1683,70.0081,9804200,72.3
2026-02-26,68.943,69.1366,67.3937,68.362,14298200,70.6
2026-02-27,67.9747,68.362,65.8444,66.0381,13371400,68.2
2026-03-02,64.7793,67.5873,64.392,64.4888,12468700,66.6
2026-03-03,64.4821,65.1599,61.3839,61.3902,17815700,63.4
2026-03-04,61.3902,62.8427,60.0346,62.8427,13382500,64.9
2026-03-05,62.9395,63.1332,61.0029,61.1966,8165700,63.2
2026-03-06,60.9966,60.9966,60.222,60.4219,6471800,62.4
2026-03-09,57.1238,57.2206,56.2524,56.2582,18046300,58.1
2026-03-10,58.092,60.1252,57.6079,60.1314,10762100,62.1
2026-03-11,59.7441,61.6807,59.6473,61.0029,7507500,63
2026-03-12,60.0346,60.7124,59.3568,59.6473,6298800,61.6
2026-03-13,60.0284,61.1902,59.6411,61.0997,5388500,63.1
2026-03-16,60.6093,60.8998,59.7379,59.8409,2965000,61.8
2026-03-17,60.7124,61.0029,59.5505,59.5505,3816100,61.5
2026-03-18,59.8348,60.7061,59.6411,59.7441,2596400,61.7
2026-03-19,59.4536,60.0346,58.8726,59.0663,6400100,61
2026-03-20,59.0663,59.5505,58.098,58.098,5734800,60
2026-03-23,57.3174,59.0602,57.3174,58.8726,5908000,60.8
2026-03-24,59.8409,59.8409,58.9695,59.26,2689900,61.2
2026-03-25,59.5443,60.222,59.4475,60.1314,3445600,62.1
2026-03-26,60.1314,60.1314,59.0663,59.0663,2044000,61
2026-03-27,59.0663,59.9378,58.9695,59.5505,2137400,61.5
2026-03-30,58.679,59.5505,58.2917,58.679,4075600,60.6
2026-03-31,59.0663,59.5505,58.5822,58.5822,5323200,60.5
2026-04-01,59.3568,60.2283,59.0663,59.3568,5446200,61.3
2026-04-02,59.5443,59.7379,58.8666,58.8726,2855300,60.8
2026-04-03,59.0663,59.7441,58.098,58.098,3788600,60
2026-04-06,58.098,59.0663,58.098,58.9695,2587400,60.9
2026-04-07,58.9695,59.26,58.3885,59.0663,1825200,61
2026-04-08,60.2283,60.7124,59.7441,60.6156,5568500,62.6
2026-04-09,59.8348,60.1252,59.4475,59.8409,2921000,61.8
2026-04-10,60.6093,61.9648,60.5125,60.8092,6158400,62.8
2026-04-13,60.4157,60.803,60.222,60.8092,3418300,62.8
2026-04-14,61.3902,61.4871,60.0346,60.0346,4247700,62
2026-04-15,60.1314,60.6156,59.26,59.3568,4403200,61.3
2026-04-16,59.5443,59.7379,59.157,59.1631,2272100,61.1
2026-04-17,59.3568,60.7124,59.3568,59.3568,3115500,61.3
2026-04-20,59.4536,60.4219,59.3568,59.5505,3251900,61.5
2026-04-21,59.9378,60.7124,59.5505,59.6473,5306600,61.6
2026-04-22,59.6411,60.3189,59.5443,59.8409,3939900,61.8
2026-04-23,60.0346,60.5188,59.0663,60.0346,4234100,62
2026-04-24,60.1252,60.1252,58.5761,59.4536,5855700,61.4
2026-04-28,59.26,59.3568,58.5822,59.26,3220800,61.2
2026-04-29,58.3885,59.3568,58.3885,58.9695,2407200,60.9
2026-05-04,59.1631,59.6473,58.7758,58.9695,1873800,60.9
2026-05-05,59.157,59.2538,58.4793,59.1631,2751900,61.1
2026-05-06,59.26,59.7441,58.7758,59.5505,2590900,61.5
2026-05-07,59.6473,59.8409,59.1631,59.5505,4751300,61.5
2026-05-08,59.8409,59.8409,58.9695,58.9695,2787000,60.9
2026-05-11,59.1631,59.1631,58.5822,58.679,3875800,60.6
2026-05-12,58.6729,58.7697,57.9952,58.1948,4102800,60.1
2026-05-13,58.1948,58.1948,56.8392,57.4202,8534300,59.3
2026-05-14,57.4143,58.1888,57.4143,58.1948,3058300,60.1
2026-05-15,58.1888,58.3825,57.8984,57.9043,2010300,59.8
2026-05-18,57.6139,58.7758,57.6139,58.5822,4850600,60.5
2026-05-19,58.5761,58.7697,57.8015,57.9043,2739700,59.8
2026-05-20,57.8984,57.9952,56.7365,57.2265,5727600,59.1
2026-05-21,57.6139,57.7107,56.936,57.1297,3271300,59
2026-05-22,57.2265,57.8075,56.8392,57.6139,6005000,59.5
2026-05-25,57.6079,57.8984,57.2206,57.2265,1587500,59.1
2026-05-26,57.2206,57.5111,57.1238,57.2265,1880800,59.1
2026-05-27,57.2206,57.3174,56.8333,56.936,2976500,58.8
2026-05-28,57.1297,57.9043,57.1297,57.1297,3798600,59
2026-05-29,57.1297,57.4202,57.0329,57.3234,1960700,59.2
2026-06-01,57.3174,57.4143,56.9302,57.2265,2259500,59.1
2026-06-02,57.2265,57.3234,56.7424,56.7424,2961900,58.6
2026-06-03,56.7424,56.936,56.2582,56.4519,3814300,58.3
2026-06-04,56.7424,56.936,56.3551,56.7424,2126500,58.6
2026-06-05,56.9302,57.027,56.4461,56.5487,1866100,58.4
2026-06-08,56.3551,56.936,55.9677,56.1614,3179800,58
2026-06-09,56.2582,56.6456,56.1614,56.4519,1228000,58.3
2026-06-10,56.5487,57.0329,56.3551,57.0329,2353200,58.9
2026-06-11,56.936,57.7107,56.6456,57.3234,1804500,59.2
2026-06-12,57.4202,57.9043,57.1297,57.1297,3489300,59
2026-06-15,57.4143,57.8984,57.4143,57.8075,2021700,59.7
2026-06-16,57.8984,57.8984,57.2206,57.2265,2029500,59.1
2026-06-17,57.2265,57.8075,57.1297,57.1297,2838900,59
2026-06-18,57.6139,57.8075,57.2265,57.3234,2482800,59.2
2026-06-19,57.3234,57.517,57.0329,57.1297,3349900,59
2026-06-22,57.6139,57.7107,56.7424,56.7424,2997800,58.6
2026-06-23,56.8333,57.1238,56.5429,56.5487,2295600,58.4
2026-06-24,56.7424,56.8392,56.2582,56.4519,1532100,58.3
2026-06-25,56.6456,56.7424,56.3551,56.4519,1803300,58.3
2026-06-26,56.8,56.8,55.9,56.3,3173400,56.3
2026-06-29,56.5,56.5,56,56.1,1470900,56.1
2026-06-30,56.1,56.2,54.7,54.8,9320000,54.8
2026-07-01,55,55.5,54.8,55.2,2357300,55.2
2026-07-02,55.3,56,55.3,55.5,3669400,55.5
2026-07-03,55.5,55.7,54.7,54.9,4133600,54.9
2026-07-06,55,55.4,54.6,55.3,3211000,55.3
2026-07-07,55.2,55.3,54.9,55.1,1611400,55.1
2026-07-08,55,55.7,55,55.7,3705000,55.7
2026-07-09,55.6,55.9,55.4,55.7,2469400,55.7
2026-07-10,55.9,56.7,55.8,56.6,5573700,56.6
2026-07-13,56.6,56.6,55.3,55.4,1951400,55.4
2026-07-14,55.5,56,55.2,56,1755100,56
2026-07-15,56,56.4,55.5,56.2,2491200,56.2
2026-07-16,56.1,56.3,55.3,56.2,1991100,56.2
2026-07-17,56.3,59.4,56.2,59,12982500,59
2026-07-20,58.8,58.8,57.7,58.5,4583900,58.5
2026-07-21,58.1,58.8,58.1,58.4,3543700,58.4
2026-07-22,58.7,60.1,58.4,59.1,10506300,59.1
2026-07-23,59.1,59.1,56.9,57.8,4827500,57.8
2026-07-24,58.5,59.5,58.3,58.9,4176800,58.9
2026-07-27,59.2,59.8,57.9,57.9,3671400,57.9
2026-07-28,57.7,59.6,57.7,59.6,5256600,59.6
2026-07-29,59.9,61,59.4,60,6199800,60
2026-07-30,60.3,61.4,59.8,61.2,6944300,61.2
2026-07-31,61.2,61.3,60.1,60.9,4479800,60.9
2026-08-03,60.9,61,60,60.3,6377600,60.3
2026-08-04,60.4,60.4,59,59.5,5531900,59.5
2026-08-05,59.4,60.1,58.6,58.6,5288700,58.6
2026-08-06,58.7,59.6,58.6,59,3231300,59
2026-08-07,59,63.1,59,62,13239500,62
2026-08-10,61.6,62.7,61.6,62.1,3480200,62.1
2026-08-11,62.5,63.3,61.8,62,4475100,62
2026-08-12,61.9,62.5,61.4,61.8,2755600,61.8
2026-08-13,61.8,63,61.5,61.6,4257000,61.6
2026-08-14,61.6,62.6,61,61.6,3663300,61.6
2026-08-17,61.7,63,61.7,62.2,2965800,62.2
2026-08-18,62.2,62.6,61.8,62.1,1844100,62.1
2026-08-19,61.9,63.2,61.6,63.1,4664900,63.1
2026-08-20,63.1,64.3,62.7,64,6309900,64
2026-08-21,64.1,64.1,63.4,63.8,3581800,63.8
2026-08-24,64,64.4,63.2,63.2,3332500,63.2
2026-08-25,63.1,63.8,62.5,62.6,3343900,62.6
2026-08-26,62.7,63.5,62.4,62.8,2402700,62.8
2026-08-27,62.7,63.2,62.3,62.5,2651300,62.5
2026-08-28,62.9,63,62.3,62.3,2385900,62.3
2026-09-03,62.2,62.3,61.2,61.2,3947400,61.2
