date,open,high,low,close,volume,close_raw
2017-08-17,6.1308,6.1308,5.1876,6.1318,58299310,39
2017-08-18,5.9736,6.0522,5.8478,5.8488,1092840,37.2
2017-08-21,5.6278,5.785,5.5806,5.6365,798670,35.85
2017-08-22,5.4706,5.6592,5.4706,5.6601,2295930,36
2017-08-23,5.6592,5.785,5.6199,5.6915,520790,36.2
2017-08-24,5.7142,5.7142,5.6278,5.6994,678690,36.25
2017-08-25,5.6435,5.7064,5.6278,5.7073,615370,36.3
2017-08-28,5.6592,5.7064,5.6435,5.7073,761670,36.3
2017-08-29,5.6749,5.7064,5.6513,5.7073,990000,36.3
2017-08-30,5.7064,5.7064,5.6592,5.7073,830100,36.3
2017-08-31,5.6749,5.7064,5.6749,5.7073,1196380,36.3
2017-09-01,5.6749,5.7064,5.6749,5.7073,978060,36.3
2017-09-05,5.6671,5.7221,5.6671,5.723,1274130,36.4
2017-09-06,5.7221,6.005,5.7064,5.9981,1269010,38.15
2017-09-07,6.005,6.178,6.005,6.061,900290,38.55
2017-09-08,6.0522,6.0522,5.9972,6.006,339640,38.2
2017-09-11,5.9736,5.9893,5.8007,5.8173,655570,37
2017-09-12,5.8164,5.895,5.7221,5.8723,330150,37.35
2017-09-13,5.8714,5.9107,5.8321,5.8959,312470,37.5
2017-09-14,5.895,5.9107,5.8636,5.8881,268880,37.45
2017-09-15,5.8871,5.9107,5.8714,5.8802,352480,37.4
2017-09-18,5.8793,5.895,5.8557,5.8645,323580,37.3
2017-09-19,5.8636,5.8636,5.8007,5.8095,820020,36.95
2017-09-20,5.8085,5.8636,5.7928,5.8016,789670,36.9
2017-09-21,5.8007,5.8085,5.7771,5.8016,535570,36.9
2017-09-22,5.8007,5.8007,5.7378,5.7701,1288830,36.7
2017-09-25,5.7692,5.7928,5.7614,5.7623,504360,36.65
2017-09-26,5.8007,5.8007,5.7535,5.7544,718370,36.6
2017-09-27,5.7535,5.8871,5.7535,5.8566,1473820,37.25
2017-09-28,5.8636,5.9422,5.8478,5.8566,1238590,37.25
2017-09-29,5.8557,5.9343,5.8557,5.8959,752340,37.5
2017-10-02,5.895,5.9107,5.8164,5.8566,634350,37.25
2017-10-03,5.8478,5.8636,5.7771,5.8016,659660,36.9
2017-10-04,5.8007,5.8164,5.7771,5.8016,457470,36.9
2017-10-05,5.8321,5.84,5.7928,5.7937,219990,36.85
2017-10-06,5.8243,5.8478,5.785,5.8488,409110,37.2
2017-10-09,5.9107,5.9107,5.8557,5.8881,936770,37.45
2017-10-10,5.8871,6.005,5.8714,5.9745,869010,38
2017-10-11,6.005,6.2094,5.9972,6.2104,3495690,39.5
2017-10-12,6.2173,6.4138,6.178,6.2969,2362040,40.05
2017-10-13,6.2723,6.4531,6.2723,6.3204,1322500,40.2
2017-10-16,6.3194,6.4766,6.3194,6.399,2217910,40.7
2017-10-17,6.398,6.5238,6.398,6.4777,1689100,41.2
2017-10-18,6.6024,6.6181,6.4924,6.4934,2362080,41.3
2017-10-19,6.4766,6.5552,6.4138,6.4619,1057180,41.1
2017-10-20,6.4609,6.5395,6.4609,6.4934,1480860,41.3
2017-10-23,6.4138,6.5867,6.398,6.4148,1498490,40.8
2017-10-24,6.4373,6.4373,6.3587,6.399,826280,40.7
2017-10-25,6.398,6.4688,6.3352,6.4462,1275530,41
2017-10-26,6.4452,6.4924,6.3666,6.399,757830,40.7
2017-10-27,6.3823,6.4452,6.3745,6.4226,738890,40.85
2017-10-30,6.4216,6.571,6.4216,6.4619,1960480,41.1
2017-10-31,6.4609,6.4924,6.3823,6.3912,1027260,40.65
2017-11-01,6.3823,6.4295,6.3116,6.3362,994020,40.3
2017-11-02,6.3194,6.3823,5.9107,5.9274,2450520,37.7
2017-11-03,5.9422,6.3194,5.9422,6.3204,1257280,40.2
2017-11-06,6.3194,6.3194,6.2094,6.2733,490420,39.9
2017-11-07,6.2566,6.2566,6.1937,6.2104,579800,39.5
2017-11-08,6.2094,6.3352,6.1544,6.3204,826220,40.2
2017-11-09,6.3352,6.3352,6.2094,6.2418,537590,39.7
2017-11-10,6.233,6.2408,6.2094,6.2182,503430,39.55
2017-11-13,6.2251,6.2251,6.0679,6.0846,734400,38.7
2017-11-14,6.0836,6.1937,6.0836,6.1396,777620,39.05
2017-11-15,6.178,6.2015,6.0994,6.1789,775820,39.3
2017-11-16,6.178,6.3509,6.1387,6.2104,916660,39.5
2017-11-17,6.2566,6.288,6.2015,6.2104,561660,39.5
2017-11-20,6.2251,6.2251,6.1387,6.1475,629260,39.1
2017-11-21,6.1308,6.1858,6.0915,6.1239,1003180,38.95
2017-11-22,6.1308,6.3194,6.1151,6.2261,1542070,39.6
2017-11-23,6.288,6.4295,6.1465,6.289,1865520,40
2017-11-24,6.3273,6.3823,6.2408,6.289,939760,40
2017-11-27,6.288,6.288,6.2487,6.2575,865430,39.8
2017-11-28,6.2566,6.343,6.2408,6.2575,1532570,39.8
2017-11-29,6.2566,6.3587,6.2566,6.3047,1922690,40.1
2017-11-30,6.3509,6.4845,6.3352,6.4698,4526350,41.15
2017-12-01,6.5395,6.5395,6.4609,6.4698,3263090,41.15
2017-12-04,6.4766,6.6496,6.4766,6.5248,2860030,41.5
2017-12-05,6.5552,6.5945,6.398,6.4541,3035500,41.05
2017-12-06,6.4531,6.4609,6.3037,6.3676,1964010,40.5
2017-12-07,6.3666,6.3823,6.2251,6.2261,1743680,39.6
2017-12-08,6.2251,6.288,6.1937,6.2104,1251580,39.5
2017-12-11,6.1308,6.2015,6.0601,6.061,1320400,38.55
2017-12-12,6.0994,6.2094,5.6592,6.0846,2982180,38.7
2017-12-13,6.0836,6.0915,5.9579,5.9588,1148350,37.9
2017-12-14,5.9736,6.0679,5.9736,6.0374,714430,38.4
2017-12-15,6.0365,6.1072,6.005,6.006,738630,38.2
2017-12-18,6.0522,6.178,6.0365,6.1318,1219150,39
2017-12-19,6.2015,6.2015,6.0522,6.1632,1250790,39.2
2017-12-20,6.1622,6.3666,6.1622,6.344,1292990,40.35
2017-12-21,6.3509,6.4295,6.343,6.3597,1587340,40.45
2017-12-22,6.3352,6.3509,6.2644,6.3519,863870,40.4
2017-12-25,6.3509,6.3509,6.2566,6.2733,885840,39.9
2017-12-26,6.288,6.3037,6.2408,6.2575,702040,39.8
2017-12-27,6.288,6.3352,6.2723,6.2733,1096400,39.9
2017-12-28,6.3194,6.4138,6.3194,6.3676,1336360,40.5
2017-12-29,6.4138,6.4924,6.3823,6.4462,2133440,41
2018-01-02,6.4531,6.8932,6.4531,6.8078,6973030,43.3
2018-01-03,6.9011,6.9797,6.791,6.8157,2393590,43.35
2018-01-04,6.8225,7.074,6.8146,7.0594,3127720,44.9
2018-01-05,7.0583,7.0583,6.8382,6.9808,2611280,44.4
2018-01-08,6.9797,7.3098,6.9168,7.3031,2758530,46.45
2018-01-09,7.3884,7.5377,7.074,7.5311,4813410,47.9
2018-01-10,7.5535,7.6321,7.4513,7.5468,4193390,48
2018-01-11,7.4434,7.6635,7.4277,7.6647,2838750,48.75
2018-01-12,7.7028,7.7028,7.357,7.4053,6034390,47.1
2018-01-15,7.4198,7.6085,7.3727,7.5468,2849090,48
2018-01-16,7.5142,7.5377,7.3255,7.4682,4223700,47.5
2018-01-17,7.4906,7.5928,7.3648,7.3896,2524920,47
2018-01-18,7.357,7.5456,7.3098,7.5468,3113930,48
2018-01-19,7.5456,7.8757,7.5456,7.5782,8250800,48.2
2018-01-22,7.577,7.7971,7.577,7.7433,3111950,49.25
2018-01-25,7.86,8.2687,7.7971,8.2386,11483030,52.4
2018-01-26,8.253,8.3945,8.143,8.1757,5418010,52
2018-01-29,8.2687,8.4888,8.1587,8.1914,5001720,52.1
2018-01-30,8.1115,8.3159,7.9858,8.3172,5259520,52.9
2018-01-31,8.3316,8.5045,8.3159,8.3801,3541550,53.3
2018-02-01,8.4102,8.4102,8.143,8.2071,2796590,52.2
2018-02-02,8.2216,8.5202,8.143,8.5216,2864340,54.2
2018-02-05,8.4259,8.5045,7.9858,8.0971,4065630,51.5
2018-02-06,7.7657,8.0958,7.5299,7.7669,8073980,49.4
2018-02-07,8.1744,8.3002,8.0801,8.2386,5853500,52.4
2018-02-08,8.1901,8.2687,8.0958,8.1757,2316740,52
2018-02-09,7.7028,8.3159,7.7028,8.2543,3999330,52.5
2018-02-12,8.3788,8.6774,8.3316,8.6788,6359690,55.2
2018-02-13,8.9447,8.9447,8.7246,8.8832,2396320,56.5
2018-02-21,9.039,9.2905,8.9918,9.1819,3471230,58.4
2018-02-22,9.1176,9.2276,8.8818,8.9775,4165830,57.1
2018-02-23,9.0233,9.1962,8.929,9.1976,3038950,58.5
2018-02-26,9.2748,9.322,9.0862,9.1033,4344350,57.9
2018-02-27,9.1805,9.3062,9.0862,9.2605,3264320,58.9
2018-02-28,9.2591,9.4949,9.1805,9.3706,3332900,59.6
2018-03-01,9.2748,9.4163,9.2119,9.3077,2350810,59.2
2018-03-02,9.1962,9.7464,9.1648,9.7322,5712090,61.9
2018-03-05,9.825,9.9193,9.1962,9.1976,3519210,58.5
2018-03-06,9.4477,9.715,9.322,9.7165,4033390,61.8
2018-03-07,9.9665,9.9822,9.5735,9.7479,5083980,62
2018-03-08,9.825,10.2337,9.7464,10.2353,5430240,65.1
2018-03-09,10.3752,10.3752,9.9036,10.0467,8620060,63.9
2018-03-12,9.8879,10.0608,9.715,9.8894,7522580,62.9
2018-03-13,9.8722,10.0922,9.6835,10.0938,4148500,64.2
2018-03-14,10.1394,10.2337,9.9822,10.141,2886240,64.5
2018-03-15,10.0451,10.1394,9.935,10.0309,2941630,63.8
2018-03-16,10.108,10.2023,9.9036,10.1096,4345170,64.3
2018-03-19,9.9665,10.2652,9.9508,9.968,3301910,63.4
2018-03-20,10.0136,10.4224,9.9979,10.2825,6771930,65.4
2018-03-21,10.3752,10.4538,10.1866,10.2196,2369060,65
2018-03-22,10.2494,10.3752,10.0765,10.2511,3224470,65.2
2018-03-23,9.935,10.1394,9.9193,10.0152,4098250,63.7
2018-03-26,9.9508,10.2023,9.9508,10.1096,2977790,64.3
2018-03-27,10.218,10.3752,10.1551,10.2039,3533080,64.9
2018-03-28,10.0765,10.2337,10.0765,10.2039,1854780,64.9
2018-03-29,10.2023,10.3595,10.2023,10.2511,3422420,65.2
2018-03-30,10.2494,10.2809,10.1237,10.141,2056050,64.5
2018-04-02,10.1394,10.7368,10.108,10.6913,9876900,68
2018-04-03,10.6896,10.8311,10.6424,10.7384,3048890,68.3
2018-04-04,10.7682,10.8468,10.6582,10.707,2027300,68.1
2018-04-05,10.721,10.721,10.501,10.6127,3758200,67.5
2018-04-06,10.6267,10.7525,10.5796,10.707,3503680,68.1
2018-04-09,10.6896,10.9568,10.6582,10.8957,3604100,69.3
2018-04-10,10.9254,11.004,10.6267,10.7384,3293590,68.3
2018-04-11,10.7368,10.7996,10.2966,10.3926,4707690,66.1
2018-04-12,10.3752,10.4538,10.2337,10.4397,2562940,66.4
2018-04-13,10.501,10.5324,10.0765,10.0781,3338190,64.1
2018-04-16,10.0765,10.2652,9.8879,10.0467,3097620,63.9
2018-04-17,10.0922,10.2337,10.0294,10.2353,1811450,65.1
2018-04-18,10.3123,10.3123,10.0294,10.0309,1759730,63.8
2018-04-19,9.9979,10.0136,9.5578,9.5593,3691140,60.8
2018-04-20,9.5578,9.6364,9.2748,9.6222,3532830,61.2
2018-04-23,8.9604,9.715,8.9604,8.9618,9490180,57
2018-04-24,8.646,9.1019,8.4259,8.9618,3846780,57
2018-04-26,8.929,8.9761,8.3473,8.3486,3415920,53.1
2018-04-27,8.1115,8.6303,7.8128,8.4115,4397700,53.5
2018-05-02,8.0644,8.6146,7.97,8.0656,2956000,51.3
2018-05-03,7.9386,8.1744,7.6399,8.1285,3797020,51.7
2018-05-04,8.253,8.4102,8.1587,8.2386,2703750,52.4
2018-05-07,8.3316,8.7875,8.2844,8.7889,1886800,55.9
2018-05-08,8.756,8.8032,8.5674,8.5687,2499960,54.5
2018-05-09,8.5045,8.6774,8.3473,8.3486,1573720,53.1
2018-05-10,8.3473,8.4416,7.86,7.8612,2582650,50
2018-05-11,7.7971,8.1744,7.6871,8.1285,2736580,51.7
2018-05-14,8.2216,8.2216,7.5613,7.8455,8485080,49.9
2018-05-15,7.86,8.0172,7.7028,7.8927,3185030,50.2
2018-05-16,7.8286,7.9072,7.5928,7.594,2225270,48.3
2018-05-17,7.5928,7.5928,7.0819,7.2009,5122380,45.8
2018-05-18,7.3098,7.5456,7.074,7.3188,2496340,46.55
2018-05-21,7.4356,7.5613,7.3098,7.3896,1969320,47
2018-05-22,7.3884,7.3884,6.9168,7.0751,2653000,45
2018-05-23,7.074,7.1526,6.791,7.0908,2602270,45.1
2018-05-24,7.1526,7.1526,6.8618,6.9336,1839710,44.1
2018-05-25,6.9168,6.9482,6.5238,6.5563,2905170,41.7
2018-05-28,6.4452,6.4766,6.0994,6.1003,2699850,38.8
2018-05-29,5.9893,6.5238,5.8478,6.5248,7706980,41.5
2018-05-30,6.6024,6.9797,6.5238,6.7921,4842490,43.2
2018-05-31,6.7282,7.1054,6.7124,7.0751,2336730,45
2018-06-01,6.9954,7.3412,6.9325,7.2323,3775220,46
2018-06-04,7.2941,7.7342,7.2941,7.7355,3890390,49.2
2018-06-05,7.9543,8.1272,7.7028,7.7669,4577940,49.4
2018-06-06,7.7657,7.8443,7.6242,7.7748,2043840,49.45
2018-06-07,7.7971,7.7971,7.6163,7.7826,2097860,49.5
2018-06-08,7.7028,8.143,7.7028,8.1442,4085220,51.8
2018-06-11,8.1587,8.5674,8.0958,8.3644,2938320,53.2
2018-06-12,8.3316,8.3316,7.8286,8.2543,4461970,52.5
2018-06-13,8.1115,8.363,8.1115,8.2386,2470970,52.4
2018-06-14,8.2058,8.2216,7.86,7.8612,2544990,50
2018-06-15,7.86,7.9543,7.75,7.7826,3677520,49.5
2018-06-18,8.2171,8.2426,7.6066,7.7086,3203730,30.3
2018-06-19,7.3776,7.403,7.1741,7.4033,3364270,29.1
2018-06-20,7.632,7.9118,7.4539,7.9121,5608390,31.1
2018-06-21,7.9882,8.1535,7.861,7.8867,2747630,31
2018-06-22,7.8101,8.3698,7.7846,8.3701,4253630,32.9
2018-06-25,8.3952,8.5733,8.2298,8.281,5058520,32.55
2018-06-26,8.1408,8.2807,8.039,8.1411,2686070,32
2018-06-27,8.1408,8.2426,7.7338,7.7849,3830270,30.6
2018-06-28,7.5557,7.7974,7.4285,7.5051,5375390,29.5
2018-06-29,7.5048,7.632,7.2758,7.3015,3866630,28.7
2018-07-02,7.1232,7.2758,6.8688,7.0471,3973170,27.7
2018-07-03,7.0469,7.1995,6.5635,6.5638,3386480,25.8
2018-07-04,6.5635,6.7162,6.3091,6.7164,2083270,26.4
2018-07-05,6.7162,6.8179,6.3218,6.4111,1986990,25.2
2018-07-06,6.4109,6.8561,6.2328,6.8563,3989800,26.95
2018-07-09,6.996,7.1486,6.8688,6.8945,2109480,27.1
2018-07-10,6.996,7.1614,6.9197,7.0726,2249930,27.8
2018-07-11,6.8688,6.8942,6.589,6.5892,5335090,25.9
2018-07-12,6.7034,6.8942,6.4872,6.7037,2045530,26.35
2018-07-13,6.7925,6.996,6.7925,6.9708,2559840,27.4
2018-07-16,6.996,7.1105,6.907,7.0217,2442170,27.6
2018-07-17,7.0214,7.5048,6.9578,7.4923,8723790,29.45
2018-07-18,7.543,7.7592,7.543,7.645,6095550,30.05
2018-07-19,7.6447,7.7338,7.5557,7.5559,5423550,29.7
2018-07-20,7.5048,7.5557,7.0723,7.5051,12854030,29.5
2018-07-23,6.996,7.3522,6.996,6.9962,8452860,27.5
2018-07-24,6.9706,7.0469,6.7162,6.8182,3680700,26.8
2018-07-25,6.8688,6.9833,6.6907,6.691,3223360,26.3
2018-07-26,6.7925,6.7925,6.5635,6.6655,2635240,26.2
2018-07-27,6.6653,6.8179,6.4109,6.7164,6420200,26.4
2018-07-30,6.8688,7.0596,6.8434,6.9454,3756300,27.3
2018-07-31,6.907,7.0087,6.8434,6.8945,3761470,27.1
2018-08-01,6.8688,6.9578,6.7416,6.8182,3930160,26.8
2018-08-02,6.7162,6.7925,6.5635,6.7546,4468200,26.55
2018-08-03,6.8688,6.8688,6.767,6.7673,3026220,26.6
2018-08-06,6.767,6.7925,6.6271,6.6528,2686230,26.15
2018-08-07,6.6271,6.7798,6.6017,6.6528,2772610,26.15
2018-08-08,6.7034,6.767,6.6653,6.7673,3560410,26.6
2018-08-09,6.8434,6.9833,6.8179,6.8436,7315610,26.9
2018-08-10,6.8434,6.8561,6.7162,6.8182,2429990,26.8
2018-08-13,6.7925,6.9706,6.7416,6.9072,7875670,27.15
2018-08-14,6.996,7.085,6.9197,6.9199,9653960,27.2
2018-08-15,6.9578,6.996,6.7416,6.7418,5635930,26.5
2018-08-16,6.6907,6.767,6.6144,6.7418,4440310,26.5
2018-08-17,6.7925,6.8179,6.6144,6.6146,4006110,26
2018-08-20,6.6017,6.6653,6.271,6.3348,10439230,24.9
2018-08-21,6.3346,6.4999,6.3091,6.4874,3846520,25.5
2018-08-22,6.5381,6.589,6.4745,6.4874,2987140,25.5
2018-08-23,6.4872,6.4999,6.3982,6.462,3016740,25.4
2018-08-24,6.4236,6.4618,6.36,6.3729,3737490,25.05
2018-08-27,6.3854,6.4872,6.36,6.4365,4093960,25.3
2018-08-28,6.4872,6.5508,6.449,6.4747,3761310,25.45
2018-08-29,6.4745,6.4872,6.4109,6.4238,2444350,25.25
2018-08-30,6.4236,6.4872,6.3854,6.4874,2995960,25.5
2018-08-31,6.4872,6.7162,6.4872,6.5892,9393090,25.9
2018-09-04,6.589,6.7416,6.5381,6.5383,4695610,25.7
2018-09-05,6.5381,6.5762,6.3854,6.4493,3037980,25.35
2018-09-06,6.4363,6.4872,6.2328,6.2585,6504110,24.6
2018-09-07,6.2328,6.36,6.2074,6.3602,3833490,25
2018-09-10,6.36,6.36,6.2074,6.2076,3216240,24.4
2018-09-11,6.2201,6.3091,6.1946,6.2839,2106560,24.7
2018-09-12,6.3091,6.3727,6.2328,6.233,2781040,24.5
2018-09-13,6.2328,6.2837,6.1692,6.1821,2987240,24.3
2018-09-14,6.2328,6.2837,6.1819,6.1949,2863380,24.35
2018-09-17,6.2074,6.3346,6.1819,6.2076,2839480,24.4
2018-09-18,6.2201,6.2328,6.1438,6.2203,2643050,24.45
2018-09-19,6.2582,6.4618,6.2074,6.3475,7585640,24.95
2018-09-20,6.3854,6.5635,6.3854,6.5638,5714850,25.8
2018-09-21,6.6144,6.7289,6.5635,6.691,9772220,26.3
2018-09-24,6.7162,6.7289,6.589,6.6019,4819510,25.95
2018-09-25,6.589,6.6653,6.5381,6.5892,4300320,25.9
2018-09-26,6.589,6.7162,6.589,6.6146,4085480,26
2018-09-27,6.678,6.7416,6.6271,6.6782,3224260,26.25
2018-09-28,6.8052,6.907,6.8052,6.8182,8103100,26.8
2018-10-01,6.8561,6.8561,6.6907,6.7164,4950190,26.4
2018-10-02,6.7162,6.767,6.6526,6.6655,3462720,26.2
2018-10-03,6.6653,6.7289,6.589,6.6401,3460480,26.1
2018-10-04,6.6653,6.7416,6.6398,6.7037,4159510,26.35
2018-10-05,6.7162,6.7543,6.5508,6.551,5564230,25.75
2018-10-08,6.5254,6.5508,6.4363,6.4365,4520000,25.3
2018-10-09,6.4363,6.4872,6.3854,6.4111,3212810,25.2
2018-10-10,6.4363,6.449,6.2964,6.3602,4128740,25
2018-10-11,5.9148,6.131,5.9148,5.915,11823660,23.25
2018-10-12,5.9657,6.1819,5.9148,6.1694,8479110,24.25
2018-10-15,6.1819,6.1819,6.0038,6.0295,2599130,23.7
2018-10-16,6.0293,6.0802,5.9911,6.0804,2777030,23.9
2018-10-17,6.1056,6.1692,6.0547,6.1058,4075010,24
2018-10-18,6.0802,6.0929,6.0038,6.0549,1948260,23.8
2018-10-19,5.9784,6.0802,5.8894,6.0804,3276110,23.9
2018-10-22,6.0929,6.1692,5.9148,5.915,2671620,23.25
2018-10-23,5.8766,5.8766,5.5078,5.8005,7329880,22.8
2018-10-24,5.724,5.8003,5.6222,5.6352,2959850,22.15
2018-10-25,5.317,5.495,5.2406,5.4952,5715420,21.6
2018-10-26,5.495,5.5586,5.2788,5.3553,3547480,21.05
2018-10-29,5.3551,5.3551,5.088,5.1899,5378670,20.4
2018-10-30,5.1134,5.2152,5.1134,5.1772,3550340,20.35
2018-10-31,5.2788,5.4442,5.2534,5.4444,2938200,21.4
2018-11-01,5.4442,5.4696,5.2025,5.2154,2830220,20.5
2018-11-02,5.3297,5.4314,5.2661,5.3426,2579220,21
2018-11-05,5.2915,5.406,5.2406,5.3935,2103970,21.2
2018-11-06,5.406,5.4187,5.317,5.3299,1631360,20.95
2018-11-07,5.3551,5.3678,5.2152,5.2535,2729280,20.65
2018-11-08,5.3424,5.3678,5.2661,5.2663,2285880,20.7
2018-11-09,5.2534,5.3551,5.177,5.1772,2212000,20.35
2018-11-12,5.1643,5.2152,5.0753,5.2027,5841220,20.45
2018-11-13,5.1389,5.1516,5.088,5.1391,3216590,20.2
2018-11-14,5.1262,5.1516,4.9862,5.05,3895890,19.85
2018-11-15,5.0244,5.0626,4.7954,4.8338,3269930,19
2018-11-16,4.859,5.1643,4.859,5.1645,5325960,20.3
2018-11-19,5.5205,5.5205,5.3424,5.5207,6705160,21.7
2018-11-20,5.4696,5.6477,5.4569,5.5461,4699680,21.8
2018-11-21,5.4187,5.5714,5.3678,5.5461,3428980,21.8
2018-11-22,5.5968,5.7622,5.495,5.7115,5004240,22.45
2018-11-23,5.6477,5.7113,5.5586,5.5843,1772850,21.95
2018-11-26,5.5205,5.5205,5.4442,5.4952,1754150,21.6
2018-11-27,5.495,5.5332,5.2915,5.3426,2938040,21
2018-11-28,5.3424,5.3424,5.2279,5.3426,2456400,21
2018-11-29,5.406,5.4696,5.2915,5.2917,1624280,20.8
2018-11-30,5.2661,5.3424,5.2279,5.2917,1335310,20.8
2018-12-03,5.3933,5.6095,5.3933,5.6097,3882890,22.05
2018-12-04,5.6095,5.7494,5.5586,5.6988,5329380,22.4
2018-12-05,5.5968,5.724,5.5714,5.7242,4429870,22.5
2018-12-06,5.6731,5.6986,5.5841,5.6988,3334560,22.4
2018-12-07,5.6986,5.8512,5.6986,5.7751,4274220,22.7
2018-12-10,5.7494,5.7876,5.6858,5.7624,3653260,22.65
2018-12-11,5.7494,5.7749,5.6222,5.7242,3673040,22.5
2018-12-12,5.724,5.724,5.6477,5.6988,4813900,22.4
2018-12-13,5.7367,5.7749,5.6986,5.7115,3436720,22.45
2018-12-14,5.7113,5.7113,5.5459,5.5461,3630390,21.8
2018-12-17,5.5205,5.5205,5.2915,5.3426,4392470,21
2018-12-18,5.2152,5.3424,5.1389,5.2663,4686660,20.7
2018-12-19,5.2661,5.317,5.1389,5.2663,2784530,20.7
2018-12-20,5.2025,5.2788,5.1643,5.1645,2492390,20.3
2018-12-21,5.1134,5.2661,5.1007,5.2663,3299130,20.7
2018-12-24,5.2661,5.317,5.177,5.1772,760350,20.35
2018-12-25,5.088,5.088,4.9099,4.9864,2214640,19.6
2018-12-26,5.0371,5.0753,4.9608,4.961,1092150,19.5
2018-12-27,5.1898,5.1898,5.0117,5.05,1232670,19.85
2018-12-28,5.088,5.088,4.9862,5.0755,1190980,19.95
2019-01-02,4.9354,5.0753,4.9354,4.9355,1037420,19.4
2019-01-03,4.9354,4.9862,4.7573,4.8338,3018830,19
2019-01-04,4.8082,4.8718,4.6682,4.821,1928210,18.95
2019-01-07,4.9099,4.9862,4.8718,4.8974,1645360,19.25
2019-01-08,4.8718,4.9099,4.8209,4.8719,834840,19.15
2019-01-09,4.8845,4.9735,4.8718,4.8719,2027690,19.15
2019-01-10,4.8845,4.9481,4.8718,4.8847,988700,19.2
2019-01-11,4.9099,4.9354,4.8463,4.8592,1158060,19.1
2019-01-14,4.859,4.8845,4.7954,4.8465,1149670,19.05
2019-01-15,4.8463,4.9226,4.8336,4.8974,1168800,19.25
2019-01-16,5.0498,5.0753,4.9099,5.05,3962960,19.85
2019-01-17,5.0371,5.0626,4.8336,4.8338,1419860,19
2019-01-18,4.9099,4.9608,4.8718,4.8974,1672450,19.25
2019-01-21,4.9099,5.1389,4.9099,5.0882,2531400,20
2019-01-22,5.088,5.177,4.999,4.9991,2282970,19.65
2019-01-23,4.9735,5.0753,4.9735,5.0627,1413360,19.9
2019-01-24,5.0626,5.1389,5.0117,5.1391,2058500,20.2
2019-01-25,5.1134,5.1643,5.0626,5.1009,1353240,20.05
2019-01-28,5.1007,5.1262,4.9608,5.0119,1415780,19.7
2019-01-29,5.0117,5.088,4.9481,5.0882,1602910,20
2019-01-30,5.1007,5.1262,5.0498,5.0627,1292190,19.9
2019-01-31,5.1007,5.177,5.1007,5.1391,2385210,20.2
2019-02-01,5.1389,5.1643,5.0371,5.1009,3212780,20.05
2019-02-11,5.1516,5.3933,5.1262,5.3935,3188300,21.2
2019-02-12,5.4442,5.4823,5.3806,5.4316,3980620,21.35
2019-02-13,5.4442,5.5205,5.4314,5.4698,3440610,21.5
2019-02-14,5.4696,5.4823,5.3933,5.4062,2299990,21.25
2019-02-15,5.3933,5.4696,5.317,5.4062,2818810,21.25
2019-02-18,5.4442,5.5078,5.4314,5.4698,1634010,21.5
2019-02-19,5.5205,5.5459,5.3933,5.3935,2998200,21.2
2019-02-20,5.3806,5.4442,5.317,5.3807,2173510,21.15
2019-02-21,5.4187,5.4442,5.317,5.4444,2551090,21.4
2019-02-22,5.3806,5.5078,5.3678,5.4316,2761050,21.35
2019-02-25,5.5205,5.5459,5.4569,5.4698,2504220,21.5
2019-02-26,5.4442,5.5078,5.3678,5.4189,2884870,21.3
2019-02-27,5.3933,5.4314,5.3678,5.3935,1606160,21.2
2019-02-28,5.3933,5.3933,5.2406,5.2663,2771900,20.7
2019-03-01,5.2661,5.317,5.2406,5.3171,2197980,20.9
2019-03-04,5.317,5.495,5.317,5.4444,3088630,21.4
2019-03-05,5.4314,5.5205,5.406,5.4444,3627360,21.4
2019-03-06,5.4442,5.4569,5.3806,5.4189,1409590,21.3
2019-03-07,5.4187,5.4823,5.3933,5.4189,2681570,21.3
2019-03-08,5.3678,5.406,5.317,5.3553,2774400,21.05
2019-03-11,5.3551,5.3933,5.3297,5.368,799600,21.1
2019-03-12,5.3933,5.4696,5.3297,5.4698,2561330,21.5
2019-03-13,5.5332,5.6222,5.5205,5.597,4507910,22
2019-03-14,5.5841,5.5968,5.5205,5.5207,1640600,21.7
2019-03-15,5.5205,5.5459,5.4823,5.5461,1720670,21.8
2019-03-18,5.5714,5.724,5.5586,5.7242,4480400,22.5
2019-03-19,5.724,5.724,5.5586,5.5716,1689000,21.9
2019-03-20,5.5586,5.5714,5.4696,5.5334,2170730,21.75
2019-03-21,5.5332,5.5586,5.3424,5.3426,3158580,21
2019-03-22,5.406,5.406,5.3042,5.3426,2493250,21
2019-03-25,5.1516,5.2406,5.088,5.1391,3398760,20.2
2019-03-26,5.1643,5.2152,5.1389,5.1391,1641900,20.2
2019-03-27,5.1643,5.2661,5.1262,5.2663,2064200,20.7
2019-03-28,5.2025,5.2661,5.1898,5.2027,1091520,20.45
2019-03-29,5.2406,5.2534,5.1262,5.1391,2449530,20.2
2019-04-01,5.1643,5.2025,5.1262,5.1518,1525280,20.25
2019-04-02,5.2025,5.2152,5.1262,5.1263,1690450,20.15
2019-04-03,5.1134,5.1262,5.0244,5.0755,3328450,19.95
2019-04-04,5.088,5.1262,5.0626,5.0882,1017850,20
2019-04-05,5.088,5.1262,5.0626,5.1009,1894700,20.05
2019-04-08,5.1134,5.1134,4.9862,5.05,1657550,19.85
2019-04-09,5.0626,5.1262,5.0498,5.0755,2070500,19.95
2019-04-10,5.0626,5.088,4.9481,5.05,2382980,19.85
2019-04-11,5.0626,5.0626,4.9862,4.9991,900020,19.65
2019-04-12,4.9735,4.9862,4.9354,4.9483,1735450,19.45
2019-04-16,4.9099,4.9354,4.7954,4.8719,2661560,19.15
2019-04-17,4.8845,4.9862,4.8718,4.9483,2071330,19.45
2019-04-18,4.9481,4.9608,4.8718,4.9101,1293420,19.3
2019-04-19,4.9354,4.9354,4.8718,4.9355,1035910,19.4
2019-04-22,4.9354,4.9354,4.8336,4.9228,1251570,19.35
2019-04-23,4.8718,4.9354,4.8463,4.8592,1540170,19.1
2019-04-24,4.8972,4.9226,4.8463,4.9101,1338870,19.3
2019-04-25,4.9099,4.9099,4.8463,4.8465,916900,19.05
2019-04-26,4.8463,4.8845,4.8209,4.8465,1437530,19.05
2019-05-02,4.8718,4.8718,4.77,4.821,1096600,18.95
2019-05-03,4.7954,4.8209,4.7318,4.821,2442790,18.95
2019-05-06,4.7573,4.77,4.5792,4.6938,2312460,18.45
2019-05-07,4.7064,4.7318,4.6428,4.643,1079800,18.25
2019-05-08,4.5919,4.6555,4.5792,4.643,1565680,18.25
2019-05-09,4.6174,4.681,4.6046,4.643,1826500,18.25
2019-05-10,4.6682,4.681,4.6301,4.6684,1422780,18.35
2019-05-13,4.6682,4.77,4.6555,4.6811,1390780,18.4
2019-05-14,4.6555,4.7064,4.6428,4.7066,1398440,18.5
2019-05-15,4.7191,4.8082,4.7064,4.8083,1841710,18.9
2019-05-16,4.8209,4.8463,4.77,4.8083,1825590,18.9
2019-05-17,4.7827,4.8082,4.7446,4.7956,991430,18.85
2019-05-20,4.7573,4.8209,4.7446,4.7829,1397930,18.8
2019-05-21,4.8082,4.859,4.7954,4.8338,1825510,19
2019-05-22,4.859,4.9099,4.8336,4.8592,2448820,19.1
2019-05-23,4.8082,4.859,4.7573,4.7702,1249510,18.75
2019-05-24,4.7318,4.8336,4.7191,4.7447,1086690,18.65
2019-05-27,4.7318,4.77,4.6937,4.7702,952130,18.75
2019-05-28,4.8082,4.8082,4.7064,4.7066,1012920,18.5
2019-05-29,4.7318,4.7318,4.6555,4.6557,916770,18.3
2019-05-30,4.6555,4.6937,4.6301,4.6811,1907020,18.4
2019-05-31,4.6682,4.7064,4.6301,4.6302,965850,18.2
2019-06-03,4.6174,4.6301,4.452,4.5794,2063880,18
2019-06-04,4.5538,4.5919,4.4774,4.5794,1808710,18
2019-06-05,4.5792,4.6046,4.541,4.5412,1091510,17.85
2019-06-06,4.4774,4.5665,4.452,4.5666,1321980,17.95
2019-06-07,4.5792,4.6046,4.5538,4.5666,1571060,17.95
2019-06-10,4.6174,4.6301,4.5029,4.6048,1847070,18.1
2019-06-11,4.6174,4.6301,4.5665,4.6175,1180300,18.15
2019-06-12,4.6174,4.6301,4.5919,4.6175,1461730,18.15
2019-06-13,4.5919,4.681,4.5919,4.6302,2107810,18.2
2019-06-14,4.6428,4.77,4.6301,4.732,3211970,18.6
2019-06-17,4.7318,4.7573,4.7064,4.732,2330100,18.6
2019-06-18,4.7064,4.7318,4.6301,4.6938,2691590,18.45
2019-06-19,4.7191,4.7446,4.6301,4.7193,1292370,18.55
2019-06-20,4.681,4.8845,4.681,4.8847,4347040,19.2
2019-06-21,4.9099,4.9354,4.859,4.9101,2318070,19.3
2019-06-24,4.8845,4.9481,4.8718,4.9101,2006700,19.3
2019-06-25,4.8972,4.9481,4.8845,4.9355,2603250,19.4
2019-06-26,4.8845,4.9354,4.8845,4.8847,1206480,19.2
2019-06-27,4.7954,4.8845,4.77,4.7956,2671610,18.85
2019-06-28,4.8082,4.8209,4.6937,4.8083,1963890,18.9
2019-07-01,4.9354,4.9354,4.7954,4.9355,1679610,19.4
2019-07-02,4.9099,4.9862,4.8972,4.9101,1620120,19.3
2019-07-03,4.9099,4.9099,4.8336,4.8847,1335150,19.2
2019-07-04,4.9099,4.9481,4.8845,4.9228,1308820,19.35
2019-07-05,4.9481,5.0117,4.9226,4.9355,1625650,19.4
2019-07-08,4.8845,4.9354,4.8336,4.9228,1308420,19.35
2019-07-09,4.9226,4.9226,4.859,4.9101,1034110,19.3
2019-07-10,4.9099,4.9608,4.8972,4.9355,1315600,19.4
2019-07-11,4.9608,4.999,4.9354,4.9991,2589340,19.65
2019-07-12,5.0117,5.0371,4.9608,4.961,2054520,19.5
2019-07-15,5.0117,5.0117,4.9354,4.9864,1860210,19.6
2019-07-16,4.9862,5.0244,4.9862,5.0119,1034460,19.7
2019-07-17,4.999,5.0244,4.9099,4.9355,2774810,19.4
2019-07-18,4.9099,4.9354,4.8718,4.9101,1995060,19.3
2019-07-19,4.9099,4.9481,4.8718,4.9355,2494510,19.4
2019-07-22,4.8845,4.9354,4.8336,4.8592,1046360,19.1
2019-07-23,4.859,4.8845,4.8209,4.8592,1211300,19.1
2019-07-24,4.8718,4.8718,4.8082,4.8592,761050,19.1
2019-07-25,4.859,4.859,4.7827,4.7829,1462890,18.8
2019-07-26,4.77,4.8082,4.7318,4.7702,861490,18.75
2019-07-29,4.77,4.7954,4.7318,4.7702,922180,18.75
2019-07-30,4.77,4.7954,4.7191,4.7447,897070,18.65
2019-07-31,4.7573,4.7573,4.6937,4.7193,1469310,18.55
2019-08-01,4.7191,4.7318,4.6555,4.7066,800860,18.5
2019-08-02,4.7318,4.9354,4.681,4.8465,3841410,19.05
2019-08-05,4.8463,4.9354,4.8209,4.821,3066850,18.95
2019-08-06,4.7318,4.7827,4.6937,4.7829,2079640,18.8
2019-08-07,4.7827,4.7827,4.7191,4.7702,1287750,18.75
2019-08-08,4.7318,4.7827,4.7064,4.7574,1241320,18.7
2019-08-09,4.7318,4.859,4.7064,4.8338,1900110,19
2019-08-12,4.8336,4.859,4.7827,4.8338,851270,19
2019-08-13,4.8463,4.9354,4.8082,4.8592,3018430,19.1
2019-08-14,4.9099,4.9226,4.8718,4.8974,1094770,19.25
2019-08-15,4.8082,4.9099,4.8082,4.9101,1327430,19.3
2019-08-16,4.9099,5.0117,4.8718,4.9483,3323690,19.45
2019-08-19,4.9608,4.999,4.9226,4.9483,1049300,19.45
2019-08-20,4.9608,4.9735,4.9354,4.961,812870,19.5
2019-08-21,4.9608,5.0244,4.9354,5.0246,2071110,19.75
2019-08-22,5.0244,5.0626,4.9862,5.0373,1529840,19.8
2019-08-23,5.0626,5.0626,4.9735,5.0373,1582910,19.8
2019-08-26,5.0117,5.1262,4.9862,5.1136,3580730,20.1
2019-08-27,5.1134,5.2788,5.1134,5.1899,3137460,20.4
2019-08-28,5.1898,5.2152,5.1389,5.1645,933290,20.3
2019-08-29,5.1643,5.1898,5.1134,5.1899,1040260,20.4
2019-08-30,5.1643,5.2152,5.1516,5.1645,1126020,20.3
2019-09-03,5.177,5.1898,4.9608,5.1645,1123930,20.3
2019-09-04,5.1134,5.1389,5.0371,5.0373,1331980,19.8
2019-09-05,5.088,5.1516,5.0626,5.1518,1364320,20.25
2019-09-06,5.1898,5.2534,5.177,5.1772,2112450,20.35
2019-09-09,5.1898,5.177,5.088,5.1263,1560310,20.15
2019-09-10,5.1134,5.177,5.0753,5.1136,901250,20.1
2019-09-11,5.1262,5.1389,5.0753,5.1136,812800,20.1
2019-09-12,5.1007,5.2152,5.1007,5.2154,1856290,20.5
2019-09-13,5.2152,5.2915,5.1643,5.2663,2887060,20.7
2019-09-16,5.2661,5.2915,5.2279,5.2663,1619720,20.7
2019-09-17,5.2661,5.2788,5.2152,5.2408,925880,20.6
2019-09-18,5.2661,5.3678,5.2279,5.368,3957290,21.1
2019-09-19,5.3424,5.4569,5.3424,5.4571,2486530,21.45
2019-09-20,5.4569,5.4696,5.3933,5.4444,2730910,21.4
2019-09-23,5.4442,5.5205,5.4314,5.4444,3619730,21.4
2019-09-24,5.4187,5.4569,5.3933,5.4316,1632130,21.35
2019-09-25,5.4187,5.4569,5.406,5.4444,1989490,21.4
2019-09-26,5.4569,5.5205,5.4569,5.508,2507810,21.65
2019-09-27,5.5459,5.635,5.5078,5.6352,3953810,22.15
2019-09-30,5.6731,5.7113,5.5968,5.6097,2557340,22.05
2019-10-01,5.6095,5.6986,5.5968,5.686,2565290,22.35
2019-10-02,5.6731,5.8003,5.6604,5.7496,6785320,22.6
2019-10-03,5.724,5.7494,5.635,5.7496,5776630,22.6
2019-10-04,5.7876,5.7876,5.6731,5.6733,5301990,22.3
2019-10-07,5.7876,5.6986,5.5078,5.5334,6787920,21.75
2019-10-08,5.5332,5.5968,5.5205,5.597,6267420,22
2019-10-09,5.5714,5.635,5.5714,5.6224,5862290,22.1
2019-10-10,5.6222,5.6731,5.6222,5.6479,4631640,22.2
2019-10-11,5.6858,5.6858,5.6222,5.6224,4901190,22.1
2019-10-14,5.6222,5.6731,5.6095,5.6733,6297580,22.3
2019-10-15,5.6477,5.7494,5.6477,5.7369,3596130,22.55
2019-10-16,5.7367,5.7749,5.7113,5.7369,3588970,22.55
2019-10-17,5.7367,5.7367,5.6731,5.7242,3383810,22.5
2019-10-18,5.724,5.724,5.5968,5.6988,5441580,22.4
2019-10-21,5.5968,5.6477,5.5332,5.597,5984800,22
2019-10-22,5.5841,5.5968,5.5332,5.5716,6452040,21.9
2019-10-23,5.5459,5.635,5.5078,5.6352,5490120,22.15
2019-10-24,5.6222,5.6222,5.5332,5.5461,1860430,21.8
2019-10-25,5.5714,5.5968,5.5332,5.597,1523140,22
2019-10-28,5.5968,5.6222,5.5841,5.6097,1353560,22.05
2019-10-29,5.6222,5.6222,5.5459,5.5716,721860,21.9
2019-10-30,5.5714,5.5714,5.5205,5.5461,1420070,21.8
2019-10-31,5.5586,5.5586,5.4696,5.4698,1355840,21.5
2019-11-01,5.4569,5.5078,5.406,5.4698,2147430,21.5
2019-11-04,5.495,5.5968,5.4823,5.597,2560810,22
2019-11-05,5.6477,5.6731,5.5968,5.6606,2840680,22.25
2019-11-06,5.635,5.6986,5.6095,5.6352,1956570,22.15
2019-11-07,5.6477,5.6604,5.5841,5.597,1413420,22
2019-11-08,5.5968,5.6604,5.5968,5.6352,2231330,22.15
2019-11-11,5.6222,5.635,5.5332,5.5716,1616350,21.9
2019-11-12,5.5459,5.5459,5.5078,5.508,1718900,21.65
2019-11-13,5.5205,5.5332,5.406,5.4698,2355410,21.5
2019-11-14,5.4187,5.4696,5.3424,5.3426,2274640,21
2019-11-15,5.3551,5.4442,5.3424,5.4444,1380960,21.4
2019-11-18,5.4442,5.4442,5.3806,5.3935,792340,21.2
2019-11-19,5.3933,5.4187,5.3678,5.4189,681940,21.3
2019-11-20,5.4187,5.4187,5.2915,5.3171,1165400,20.9
2019-11-21,5.2915,5.3806,5.088,5.0882,3763320,20
2019-11-22,5.1389,5.2025,5.0626,5.1391,1427400,20.2
2019-11-25,5.088,5.1643,5.088,5.1391,971910,20.2
2019-11-26,5.1389,5.2025,5.1389,5.2027,1466120,20.45
2019-11-27,5.2025,5.2152,5.1516,5.1899,811170,20.4
2019-11-28,5.1643,5.1898,5.088,5.1009,1457550,20.05
2019-11-29,5.0753,5.1262,5.0626,5.1263,746320,20.15
2019-12-02,5.088,5.1262,4.9608,4.961,1081350,19.5
2019-12-03,4.8972,4.9481,4.7573,4.7574,1407780,18.7
2019-12-04,4.77,5.0244,4.77,5.0246,1792870,19.75
2019-12-05,4.9862,5.0244,4.9226,4.9864,659120,19.6
2019-12-06,4.9226,4.999,4.9099,4.9864,724890,19.6
2019-12-09,4.9481,5.0117,4.8845,4.9355,681230,19.4
2019-12-10,4.9354,4.9354,4.8336,4.8465,588880,19.05
2019-12-11,4.859,4.9099,4.8336,4.8974,1078520,19.25
2019-12-12,4.8972,5.0117,4.8972,4.9991,1210790,19.65
2019-12-13,5.0244,5.0753,4.999,4.9991,971530,19.65
2019-12-16,4.9608,5.0244,4.8972,4.9864,1273040,19.6
2019-12-17,5.0117,5.0117,4.8972,4.9101,685290,19.3
2019-12-18,4.8845,4.9354,4.8845,4.8974,1037840,19.25
2019-12-19,4.8845,4.9099,4.8463,4.8847,2009470,19.2
2019-12-20,4.8845,4.9862,4.8718,4.9864,1853360,19.6
2019-12-23,4.9862,4.999,4.8972,4.9228,2875410,19.35
2019-12-24,4.9226,4.9354,4.8718,4.9101,1781170,19.3
2019-12-25,4.9354,4.999,4.9354,4.9737,1507470,19.55
2019-12-26,4.9735,5.0244,4.9608,5.0119,1151860,19.7
2019-12-27,5.0117,5.0244,4.9608,5.0119,1797050,19.7
2019-12-30,5.0117,5.0753,5.0117,5.0373,2141690,19.8
2019-12-31,5.0371,5.1262,5.0371,5.0882,2806420,20
2020-01-02,5.1007,5.2661,5.1007,5.2281,1721220,20.55
2020-01-03,5.2406,5.3297,5.177,5.1899,1416280,20.4
2020-01-06,5.1262,5.177,5.0753,5.0755,1655410,19.95
2020-01-07,5.088,5.177,5.088,5.1772,1298520,20.35
2020-01-08,5.1262,5.177,5.0626,5.1136,2417600,20.1
2020-01-09,5.1643,5.2915,5.1516,5.279,3379270,20.75
2020-01-10,5.2788,5.4187,5.2788,5.3553,3102860,21.05
2020-01-13,5.3424,5.3806,5.2406,5.2408,1278670,20.6
2020-01-14,5.2661,5.4187,5.2534,5.3807,2049630,21.15
2020-01-15,5.3806,5.5205,5.3806,5.508,2024320,21.65
2020-01-16,5.5205,5.5841,5.5078,5.5588,2814400,21.85
2020-01-17,5.5841,5.635,5.5205,5.5716,2388200,21.9
2020-01-20,5.5459,5.724,5.5332,5.7242,2478120,22.5
2020-01-21,5.7749,6.0038,5.7494,5.9913,5349510,23.55
2020-01-22,5.9784,6.0547,5.8766,6.0041,2728060,23.6
2020-01-30,5.8512,5.953,5.6858,5.7751,4277050,22.7
2020-01-31,5.724,5.8766,5.7113,5.7115,4664680,22.45
2020-02-03,5.7494,5.9657,5.406,5.7496,4531780,22.6
2020-02-04,5.7749,5.9657,5.724,5.9659,4567030,23.45
2020-02-05,6.0674,6.2582,6.042,6.144,6401650,24.15
2020-02-06,6.4872,6.4872,5.9911,6.4874,8466820,25.5
2020-02-07,6.3854,6.5254,6.3346,6.4493,5941140,25.35
2020-02-10,6.3091,6.4363,6.2582,6.2585,4827980,24.6
2020-02-11,6.2582,6.4618,6.2455,6.462,4954840,25.4
2020-02-12,6.589,6.8306,6.5381,6.5765,6169610,25.85
2020-02-13,6.5254,6.767,6.449,6.7673,3721290,26.6
2020-02-14,6.8688,6.996,6.767,6.9072,5754040,27.15
2020-02-17,6.8942,6.9451,6.8052,6.8945,2799180,27.1
2020-02-18,6.8688,7.0214,6.8434,6.9708,2659640,27.4
2020-02-19,7.0214,7.0978,6.996,7.0726,3026480,27.8
2020-02-20,7.1614,7.2631,7.1105,7.2634,3989640,28.55
2020-02-21,7.2504,7.4539,7.1741,7.327,4755490,28.8
2020-02-24,7.1232,7.1995,6.8179,6.8182,8083080,26.8
2020-02-25,6.6653,7.1995,6.6653,7.1998,6045630,28.3
2020-02-26,7.0723,7.3522,7.0469,7.1998,4144870,28.3
2020-02-27,7.1232,7.2631,7.085,7.2125,2905090,28.35
2020-02-28,7.0596,7.1105,6.8179,6.9199,4992410,27.2
2020-03-02,6.8942,6.9451,6.8179,6.8436,3124310,26.9
2020-03-03,6.996,7.0214,6.8942,6.9072,2436430,27.15
2020-03-04,6.8561,6.9451,6.7543,6.9072,2990200,27.15
2020-03-05,6.996,7.2377,6.9197,7.0853,4983410,27.85
2020-03-06,6.9706,7.0469,6.9197,6.9962,2153680,27.5
2020-03-09,6.5126,6.678,6.5126,6.5129,3853010,25.6
2020-03-10,6.5126,6.7416,6.2455,6.6146,4663130,26
2020-03-11,6.6144,6.7162,6.1565,6.1567,6458650,24.2
2020-03-12,5.7494,5.9275,5.7367,5.7369,3085820,22.55
2020-03-13,5.3424,5.8639,5.3424,5.7242,5358840,22.5
2020-03-16,5.6477,5.6604,5.3297,5.3299,5035890,20.95
2020-03-17,5.4696,5.5205,4.9608,5.4698,6240600,21.5
2020-03-18,5.4696,5.5586,5.317,5.4825,3264600,21.55
2020-03-19,5.3424,5.3424,5.1134,5.2917,3825580,20.8
2020-03-20,5.2915,5.4314,5.2406,5.3553,2835760,21.05
2020-03-23,5.1389,5.1389,4.9862,4.9864,3494590,19.6
2020-03-24,4.9862,5.1262,4.7318,4.961,5084480,19.5
2020-03-25,5.1898,5.2152,5.0117,5.1645,2774030,20.3
2020-03-26,5.088,5.1262,4.9354,4.9864,3019180,19.6
2020-03-27,4.9862,4.999,4.7827,4.9737,4778990,19.55
2020-03-30,4.6301,4.681,4.6301,4.6302,853200,18.2
2020-03-31,4.6301,4.6937,4.3121,4.3122,4500760,16.95
2020-04-01,4.3121,4.452,4.0704,4.3886,3686810,17.25
2020-04-03,4.3884,4.541,4.3757,4.4649,3237360,17.55
2020-04-06,4.5792,4.77,4.5538,4.7702,5262310,18.75
2020-04-07,4.8336,4.9481,4.7446,4.9483,4306110,19.45
2020-04-08,4.8336,4.8718,4.7318,4.8083,3738500,18.9
2020-04-09,4.8082,4.9099,4.77,4.7829,5977360,18.8
2020-04-10,4.7318,4.7827,4.6301,4.7447,3400010,18.65
2020-04-13,4.8463,5.0753,4.8336,5.0755,4611900,19.95
2020-04-14,5.3678,5.4187,5.1389,5.4189,8107960,21.3
2020-04-15,5.5332,5.7494,5.4696,5.5334,4994760,21.75
2020-04-16,5.3551,5.5332,5.3424,5.5334,3778190,21.75
2020-04-17,5.5968,5.6477,5.3806,5.4571,5009510,21.45
2020-04-20,5.5205,5.5205,5.2915,5.3426,3363240,21
2020-04-21,5.2152,5.317,4.9735,4.9737,5653730,19.55
2020-04-22,4.8336,5.3042,4.8336,5.1391,5779550,20.2
2020-04-23,5.2661,5.2661,5.0626,5.0627,3739790,19.9
2020-04-24,5.0626,5.2152,4.9735,5.2154,3362450,20.5
2020-04-27,5.5714,5.5714,5.3297,5.3426,8928000,21
2020-04-28,5.317,5.4442,5.2152,5.3426,2453910,21
2020-04-29,5.2152,5.3678,5.2152,5.2154,4670320,20.5
2020-05-04,4.9735,5.1898,4.9608,5.1009,3624730,20.05
2020-05-05,5.1516,5.2025,5.088,5.1772,2323990,20.35
2020-05-06,5.177,5.3042,5.1643,5.3044,2650480,20.85
2020-05-07,5.2915,5.4442,5.2915,5.4444,3376550,21.4
2020-05-08,5.4696,5.813,5.4696,5.8005,14723540,22.8
2020-05-11,6.131,6.1438,5.9021,6.1313,8508370,24.1
2020-05-12,6.1565,6.1565,5.9402,6.1185,6834010,24.05
2020-05-13,6.0293,6.1565,5.8639,6.0804,7305760,23.9
2020-05-14,6.0293,6.0802,5.9402,6.0168,5055950,23.65
2020-05-15,6.042,6.0929,5.9657,6.0677,5062250,23.85
2020-05-18,6.0547,6.3854,6.0166,6.3857,11745840,25.1
2020-05-19,6.6144,6.6144,6.3473,6.3602,7262590,25
2020-05-20,6.2328,6.3346,6.2201,6.2585,4798130,24.6
2020-05-21,6.2328,6.2964,6.1438,6.2839,6693720,24.7
2020-05-22,6.2837,6.2964,6.131,6.144,4840870,24.15
2020-05-25,6.1056,6.1692,6.0038,6.1058,5174030,24
2020-05-26,6.1819,6.2964,6.1183,6.144,5056700,24.15
2020-05-27,6.1819,6.2201,5.8512,5.8514,7919070,23
2020-05-28,5.8766,5.9784,5.7876,5.8768,6455000,23.1
2020-05-29,5.8766,5.953,5.8385,5.9404,3696450,23.35
2020-06-01,6.042,6.2455,5.953,6.2457,8948760,24.55
2020-06-02,6.3218,6.3218,6.0929,6.1313,5977010,24.1
2020-06-03,6.1438,6.2074,6.0929,6.1821,3922100,24.3
2020-06-04,6.2328,6.2582,6.0929,6.1058,5967540,24
2020-06-05,6.0802,6.2328,6.0547,6.233,5507250,24.5
2020-06-08,6.3218,6.36,6.2074,6.2203,8059810,24.45
2020-06-09,6.2201,6.2201,6.1056,6.1313,4906760,24.1
2020-06-10,6.1056,6.2328,5.9784,6.144,5601590,24.15
2020-06-11,6.1819,6.1819,5.8766,5.8768,7897200,23.1
2020-06-12,5.6222,5.9275,5.6222,5.8768,6053520,23.1
2020-06-15,5.8766,5.8766,5.495,5.4952,5816080,21.6
2020-06-16,5.6731,5.724,5.5714,5.6479,3095910,22.2
2020-06-17,5.6731,5.7367,5.5968,5.686,2786240,22.35
2020-06-18,5.6477,5.7367,5.6222,5.6733,1526680,22.3
2020-06-19,5.6986,5.813,5.6858,5.8005,2450770,22.8
2020-06-22,5.8512,5.8512,5.724,5.7751,2070530,22.7
2020-06-23,5.7749,5.813,5.6986,5.7878,2034230,22.75
2020-06-24,5.7749,5.8003,5.6477,5.6733,2522610,22.3
2020-06-25,5.5459,5.6731,5.5459,5.597,2302810,22
2020-06-26,5.6858,5.6986,5.5459,5.597,1451880,22
2020-06-29,5.5205,5.5205,5.3042,5.3426,4380250,21
2020-06-30,5.4442,5.4442,5.1516,5.2027,2998040,20.45
2020-07-01,5.2788,5.495,5.1643,5.4952,2251530,21.6
2020-07-02,5.4696,5.5205,5.3933,5.4571,1662300,21.45
2020-07-03,5.406,5.4696,5.406,5.4189,938470,21.3
2020-07-06,5.4442,5.6222,5.4187,5.597,2037820,22
2020-07-07,5.6222,5.6731,5.5078,5.5207,2029580,21.7
2020-07-08,5.5205,5.5841,5.4696,5.5716,1670440,21.9
2020-07-09,5.6095,5.8385,5.6095,5.8132,4798980,22.85
2020-07-10,5.7749,5.8639,5.7367,5.7624,2240110,22.65
2020-07-13,5.8258,5.8385,5.6477,5.686,2564770,22.35
2020-07-14,5.6095,5.6986,5.5714,5.6479,3437110,22.2
2020-07-15,5.7367,5.8003,5.724,5.7242,2201940,22.5
2020-07-16,5.724,5.7494,5.6986,5.7496,1943770,22.6
2020-07-17,5.724,5.9021,5.7113,5.8641,5084760,23.05
2020-07-20,5.7749,5.9275,5.7749,5.7751,2940660,22.7
2020-07-21,5.7749,5.813,5.724,5.7878,1824020,22.75
2020-07-22,5.8003,5.8258,5.6858,5.7115,2218260,22.45
2020-07-23,5.6986,5.724,5.6222,5.7242,2381770,22.5
2020-07-24,5.6858,5.6986,5.3297,5.3935,6808310,21.2
2020-07-27,5.088,5.3297,5.0244,5.0246,6466340,19.75
2020-07-28,5.1389,5.2661,5.0244,5.2663,4735520,20.7
2020-07-29,5.1007,5.1516,4.9354,5.0755,3449970,19.95
2020-07-30,5.1389,5.2661,5.088,5.1645,2303200,20.3
2020-07-31,5.0626,5.2025,5.0117,5.1391,2482510,20.2
2020-08-03,5.1389,5.3297,5.1134,5.3299,2830540,20.95
2020-08-04,5.3933,5.495,5.3297,5.368,3447430,21.1
2020-08-05,5.3678,5.4696,5.317,5.4698,3364040,21.5
2020-08-06,5.495,5.5205,5.3933,5.4316,3045480,21.35
2020-08-07,5.4569,5.4696,5.3806,5.4062,2371520,21.25
2020-08-10,5.4696,5.5205,5.4314,5.4316,3389710,21.35
2020-08-11,5.4823,5.495,5.4187,5.4571,2037520,21.45
2020-08-12,5.495,5.5332,5.4569,5.5207,3717070,21.7
2020-08-13,5.5459,5.5841,5.5205,5.5334,2332480,21.75
2020-08-14,5.5332,5.5714,5.4187,5.4444,3519020,21.4
2020-08-17,5.4187,5.4696,5.3551,5.4189,2622220,21.3
2020-08-18,5.4442,5.4823,5.4187,5.4189,1946050,21.3
2020-08-19,5.4187,5.4823,5.4187,5.4444,1674410,21.4
2020-08-20,5.4442,5.5078,5.4187,5.4316,3565530,21.35
2020-08-21,5.4823,5.5841,5.4442,5.5716,6115290,21.9
2020-08-24,5.6858,5.9021,5.6731,5.9023,7218650,23.2
2020-08-25,5.9275,5.9911,5.813,5.8514,6281220,23
2020-08-26,5.813,5.9021,5.8003,5.826,4447250,22.9
2020-08-27,5.8258,5.8894,5.8003,5.8768,3895810,23.1
2020-08-28,5.9275,6.0929,5.8766,6.0041,7066080,23.6
2020-08-31,6.0547,6.0929,5.9148,5.9404,3366690,23.35
2020-09-01,5.9275,5.9784,5.8003,5.9532,5219730,23.4
2020-09-03,6.0166,6.0802,5.9402,6.0295,4243550,23.7
2020-09-04,5.9021,6.0293,5.8894,5.9659,4108490,23.45
2020-09-07,6.0166,6.0166,5.724,5.7242,5894450,22.5
2020-09-08,5.7494,5.8512,5.724,5.826,4753470,22.9
2020-09-09,5.724,5.8512,5.7113,5.8132,4942330,22.85
2020-09-10,5.8385,5.8639,5.8003,5.8005,3480600,22.8
2020-09-11,5.7749,5.8385,5.7494,5.8132,2477680,22.85
2020-09-14,5.8258,5.953,5.8258,5.9023,3269680,23.2
2020-09-15,5.9021,5.9148,5.8512,5.8641,4132960,23.05
2020-09-16,5.8512,5.8766,5.8258,5.8514,2661850,23
2020-09-17,5.8385,5.9275,5.813,5.8132,3498770,22.85
2020-09-18,5.8258,5.9148,5.8258,5.915,3514770,23.25
2020-09-21,5.9784,6.0038,5.9148,5.9404,4397490,23.35
2020-09-22,5.8766,5.9784,5.8766,5.9532,3202400,23.4
2020-09-23,5.9657,6.0802,5.9402,6.0549,8698840,23.8
2020-09-24,6.0038,6.0547,5.9402,5.9659,4039760,23.45
2020-09-25,5.9784,5.9784,5.8894,5.9277,3183400,23.3
2020-09-28,5.9275,6.0802,5.9275,6.0549,8487830,23.8
2020-09-29,6.1056,6.2328,6.0293,6.0422,11580400,23.75
2020-09-30,6.0293,6.0547,5.9657,6.0422,5209330,23.75
2020-10-01,6.0802,6.1819,6.042,6.1313,5282040,24.1
2020-10-02,6.1438,6.1565,5.9148,6.0168,7817380,23.65
2020-10-05,6.131,6.1946,6.0802,6.1567,7056130,24.2
2020-10-06,6.1946,6.2074,6.0929,6.144,6138720,24.15
2020-10-07,6.1438,6.1565,6.042,6.0422,6265650,23.75
2020-10-08,6.042,6.0802,5.9021,5.9659,7614850,23.45
2020-10-09,5.9657,6.0038,5.9021,5.9532,3496030,23.4
2020-10-12,6.0293,6.0674,5.9021,5.9532,3568850,23.4
2020-10-13,5.953,5.9911,5.9148,5.9532,2640580,23.4
2020-10-14,5.9784,6.1438,5.953,6.1058,10165900,24
2020-10-15,6.1438,6.1565,6.0547,6.1185,8354960,24.05
2020-10-16,6.1183,6.3727,6.0802,6.2585,11567220,24.6
2020-10-19,6.3091,6.3218,6.1946,6.2203,7119110,24.45
2020-10-20,6.1565,6.3473,6.131,6.3093,12978810,24.8
2020-10-21,6.36,6.6907,6.2964,6.3857,16059760,25.1
2020-10-22,6.4363,6.5126,6.36,6.5129,8544500,25.6
2020-10-23,6.5126,6.5381,6.4236,6.5383,7225270,25.7
2020-10-26,6.5381,6.6144,6.1819,6.1821,9920290,24.3
2020-10-27,6.2328,6.3346,6.1819,6.1949,10193930,24.35
2020-10-28,6.1565,6.2201,5.9021,5.9023,9590780,23.2
2020-10-29,5.9021,6.0293,5.8512,5.9277,6042720,23.3
2020-10-30,6.0038,6.0038,5.8258,6.0041,6047360,23.6
2020-11-02,6.0038,6.0547,5.953,6.0549,2448770,23.8
2020-11-03,6.0547,6.131,6.042,6.0931,5180160,23.95
2020-11-04,6.1056,6.2074,6.0802,6.1567,4114660,24.2
2020-11-05,6.1565,6.1692,6.0038,6.0295,4159850,23.7
2020-11-06,6.0293,6.0547,5.9275,5.9786,3498930,23.5
2020-11-09,6.0293,6.0674,6.0038,6.0677,4137770,23.85
2020-11-10,6.1438,6.1565,6.042,6.0422,5001930,23.75
2020-11-11,6.042,6.0674,5.9657,6.0422,5356460,23.75
2020-11-12,6.042,6.0674,6.0166,6.0677,2895350,23.85
2020-11-13,6.0929,6.2328,6.0674,6.233,7198130,24.5
2020-11-16,6.2582,6.3346,6.1056,6.144,9138440,24.15
2020-11-17,6.1438,6.36,6.1056,6.3602,7777280,25
2020-11-18,6.3473,6.4109,6.3218,6.3348,7668540,24.9
2020-11-19,6.3727,6.5126,6.3346,6.4874,11858880,25.5
2020-11-20,6.4745,6.4872,6.3982,6.4874,5233610,25.5
2020-11-23,6.4872,6.4999,6.042,6.4874,6795490,25.5
2020-11-24,6.4872,6.6144,6.4236,6.5256,8744090,25.65
2020-11-25,6.7925,6.7925,6.5381,6.7927,12314880,26.7
2020-11-26,6.7925,6.9197,6.7289,6.9199,7724470,27.2
2020-11-27,6.907,6.9324,6.7925,6.869,6241440,27
2020-11-30,6.9197,6.9451,6.8179,6.8182,9088440,26.8
2020-12-01,6.7162,7.1232,6.7034,7.098,10951390,27.9
2020-12-02,7.0723,7.1232,6.9706,7.0471,7549440,27.7
2020-12-03,7.0469,7.2377,6.996,7.1998,8445590,28.3
2020-12-04,7.1741,7.2631,7.0723,7.0726,7675980,27.8
2020-12-07,7.1486,7.2122,7.0978,7.1489,4444700,28.1
2020-12-08,7.2504,7.2631,7.1486,7.2125,4733470,28.35
2020-12-09,7.2886,7.3267,7.2122,7.2379,5329840,28.45
2020-12-10,7.2504,7.2631,7.1232,7.1235,6090320,28
2020-12-11,7.1614,7.1995,7.0723,7.1998,4421030,28.3
2020-12-14,7.3013,7.3649,7.225,7.3015,5650800,28.7
2020-12-15,7.3522,7.3649,7.1359,7.1489,6064100,28.1
2020-12-16,7.2122,7.4794,7.1232,7.4542,7373790,29.3
2020-12-17,7.4285,7.6956,7.3903,7.5305,9755270,29.6
2020-12-18,7.6829,8.0518,7.632,8.052,9700790,31.65
2020-12-21,8.1662,8.5224,8.1662,8.3955,5858030,33
2020-12-22,8.3952,8.5224,8.1917,8.3955,5859550,33
2020-12-23,8.3952,8.3952,7.8864,8.1411,5132140,32
2020-12-24,8.1408,8.2553,7.632,8.0139,6840970,31.5
2020-12-25,7.8864,8.268,7.861,8.2683,6106960,32.5
2020-12-28,8.3952,8.3952,8.1408,8.2174,4538820,32.3
2020-12-29,8.2044,8.2426,8.039,8.0648,5984160,31.7
2020-12-30,8.0899,8.2426,8.0899,8.0902,5655530,31.8
2020-12-31,8.0899,8.357,8.0899,8.2683,7292340,32.5
2021-01-04,8.3698,8.7005,8.2807,8.7008,8385500,34.2
2021-01-05,8.6496,8.815,8.6242,8.7389,5658200,34.35
2021-01-06,8.904,8.904,8.7005,8.7517,6159400,34.4
2021-01-07,8.7895,8.8913,8.675,8.8789,4691100,34.9
2021-01-08,8.993,9.1584,8.8913,9.0442,4558600,35.55
2021-01-11,9.1584,9.1584,8.9167,8.9552,4430300,35.2
2021-01-12,8.9549,8.9549,8.7259,8.8789,4612500,34.9
2021-01-13,8.8786,9.2093,8.8277,9.0824,5529300,35.7
2021-01-14,9.1584,9.4891,9.0312,9.3622,6531000,36.8
2021-01-15,9.451,9.6672,9.4128,9.4767,4658200,37.25
2021-01-18,9.4764,9.5018,9.2729,9.2732,5121400,36.45
2021-01-19,9.1838,9.222,8.6242,8.6245,7415600,33.9
2021-01-20,8.6496,8.7768,8.039,8.7008,8073200,34.2
2021-01-21,8.904,9.2983,8.7005,9.2096,6882400,36.2
2021-01-22,9.2347,9.3619,9.0948,9.2859,4065000,36.5
2021-01-25,9.2602,9.2602,9.0566,9.1333,3524100,35.9
2021-01-26,9.0312,9.0439,8.497,8.6117,6629100,33.85
2021-01-27,8.3952,8.7768,8.039,8.1029,8073900,31.85
2021-01-28,7.5557,7.861,7.543,7.5432,8709000,29.65
2021-01-29,7.1741,8.0645,7.1741,7.6323,7679900,30
2021-02-01,7.6829,8.0518,7.632,7.8867,8096300,31
2021-02-02,7.8864,8.4334,7.8864,8.4337,4539500,33.15
2021-02-03,8.6496,9.0185,8.5224,9.0188,7212700,35.45
2021-02-04,9.0312,9.4637,9.0312,9.3114,8271100,36.6
2021-02-05,9.311,9.4382,9.2347,9.4131,5609800,37
2021-02-08,9.1584,9.4128,8.7768,9.1587,8585000,36
2021-02-09,9.7944,9.7944,9.0058,9.7947,11427300,38.5
2021-02-17,10.0488,10.4686,9.9725,10.4689,6880800,41.15
2021-02-18,10.405,10.5576,10.176,10.5071,5151300,41.3
2021-02-19,10.2523,10.494,10.2014,10.329,5478300,40.6
2021-02-22,10.2523,10.6848,10.1887,10.418,4886200,40.95
2021-02-23,10.4304,10.583,10.0488,10.3036,8992000,40.5
2021-02-24,10.4558,10.4558,10.0488,10.1,4924100,39.7
2021-02-25,10.0997,10.176,9.7817,10.0746,7600300,39.6
2021-02-26,9.8453,10.2396,9.8326,10.1764,5846800,40
2021-03-01,10.3541,10.4177,10.1887,10.3799,3352500,40.8
2021-03-02,10.4558,10.4686,10.3286,10.3672,5150400,40.75
2021-03-03,10.3668,10.6085,10.3286,10.5834,6067500,41.6
2021-03-04,10.6848,10.8756,10.176,10.558,7501300,41.5
2021-03-05,10.405,10.6594,10.3032,10.6343,3581200,41.8
2021-03-08,10.6594,10.812,10.405,10.5198,3558200,41.35
2021-03-09,10.4304,10.812,10.3032,10.6343,5754000,41.8
2021-03-10,10.6594,10.7866,10.5067,10.6852,3655900,42
2021-03-11,10.812,11.2954,10.7357,11.1304,7863700,43.75
2021-03-12,11.219,11.448,11.13,11.3212,8652300,44.5
2021-03-15,11.3208,11.448,11.1682,11.3975,5081100,44.8
2021-03-16,11.3971,11.3971,11.041,11.283,5495600,44.35
2021-03-17,11.2826,11.4353,11.1682,11.3466,3472100,44.6
2021-03-18,11.5498,11.6642,11.3844,11.6647,6211400,45.85
2021-03-19,11.4989,11.6134,11.3971,11.4993,2892600,45.2
2021-03-22,11.4734,11.4989,11.2699,11.423,4302500,44.9
2021-03-23,11.2572,11.4226,11.1936,11.3212,3984700,44.5
2021-03-24,11.1554,11.2699,10.9392,11.2194,3766600,44.1
2021-03-25,11.219,11.2699,10.9646,11.0032,2258200,43.25
2021-03-26,11.0028,11.0918,10.5576,11.0413,3505000,43.4
2021-03-29,11.0664,11.3208,10.9519,11.3212,2731800,44.5
2021-03-30,11.3971,11.5116,11.2445,11.4357,3701300,44.95
2021-03-31,11.2445,11.4353,11.2445,11.3594,2875600,44.65
2021-04-01,11.359,11.7278,11.2954,11.6774,5147000,45.9
2021-04-02,11.8042,11.855,11.6642,11.7537,2400100,46.2
2021-04-05,11.9059,11.9059,11.677,11.8173,3162000,46.45
2021-04-06,11.8169,11.9568,11.448,11.8173,3766400,46.45
2021-04-07,11.7024,11.9568,11.7024,11.83,4134200,46.5
2021-04-08,11.9568,12.0077,11.7278,11.8809,4285000,46.7
2021-04-09,11.8805,12.1222,11.7787,12.0081,6145000,47.2
2021-04-12,12.084,12.5546,12.084,12.466,12507000,49
2021-04-13,12.72,12.8472,12.4783,12.6441,8737300,49.7
2021-04-14,12.72,12.7709,12.4656,12.7459,8429500,50.1
2021-04-15,12.7454,12.949,12.6182,12.7204,8588700,50
2021-04-16,12.5928,12.72,12.3384,12.4533,7968700,48.95
2021-04-19,12.5928,12.6055,12.2621,12.606,6235000,49.55
2021-04-20,12.6055,12.6946,12.4656,12.5932,7469200,49.5
2021-04-22,12.6182,13.1016,11.7151,12.466,18528500,49
2021-04-23,12.5292,12.9744,12.4147,12.9749,17736800,51
2021-04-26,13.1016,13.6104,13.0762,13.4837,18067600,53
2021-04-27,13.3306,13.585,13.0762,13.5346,16956600,53.2
2021-04-28,13.6104,13.992,13.4323,13.9925,17660900,55
2021-04-29,14.1192,14.9587,13.7885,14.8829,41536000,58.5
2021-05-04,14.5262,15.1368,14.2973,15.1373,24846500,59.5
2021-05-05,15.1368,15.671,14.9333,15.4172,21968300,60.6
2021-05-06,15.4166,15.7474,15.3403,15.7225,28868100,61.8
2021-05-07,15.6456,15.671,15.2894,15.6462,36308200,61.5
2021-05-10,15.5184,15.9254,15.264,15.8497,36069200,62.3
2021-05-11,15.8746,16.1544,15.6456,16.0278,24541400,63
2021-05-12,15.9509,16.2816,15.6456,16.2822,33403900,64
2021-05-13,16.1544,16.6632,16.1035,16.562,25718500,65.1
2021-05-14,16.5869,16.943,16.2307,16.9436,44422200,66.6
2021-05-17,16.9939,17.1466,16.5106,16.7401,36478300,65.8
2021-05-18,16.7395,17.0957,16.4088,17.0963,30645700,67.2
2021-05-19,16.9176,17.172,16.536,17.1726,41305500,67.5
2021-05-20,17.0957,17.1466,16.6632,16.9945,34350700,66.8
2021-05-21,16.9939,17.2992,16.536,17.2489,42798800,67.8
2021-05-24,17.2483,17.2483,16.5869,16.9691,39712200,66.7
2021-05-25,16.6632,17.172,16.6378,16.9945,31781000,66.8
2021-05-26,16.943,17.2738,16.8158,17.198,35197100,67.6
2021-05-27,17.2229,17.2229,16.8158,17.1217,38641900,67.3
2021-05-28,17.0702,17.4773,17.0194,17.4525,39912100,68.6
2021-05-31,17.4518,17.6045,17.0957,17.6051,33135900,69.2
2021-06-01,17.4264,17.8589,17.0957,17.6305,46477100,69.3
2021-06-02,17.5536,17.8843,17.3246,17.8595,29367400,70.2
2021-06-03,17.8334,18.0115,17.3246,17.9613,59255200,70.6
2021-06-04,17.6299,18.2659,17.4518,18.2411,76583400,71.7
2021-06-07,18.0624,18.3168,17.6808,18.3174,45648300,72
2021-06-08,18.0878,18.3168,17.8334,18.1902,50833300,71.5
2021-06-09,18.0624,18.3677,17.8334,18.2666,33409200,71.8
2021-06-10,18.0624,18.3422,17.8334,18.2666,76530000,71.8
2021-06-11,18.0624,18.2659,17.8589,18.2411,30016000,71.7
2021-06-14,18.1387,18.1387,17.808,18.0376,35156100,70.9
2021-06-15,17.8589,17.8589,16.7904,16.9182,37834100,66.5
2021-06-16,16.7904,17.2992,16.7904,16.9945,24074100,66.8
2021-06-17,16.7904,16.8922,16.536,16.791,15732600,66
2021-06-18,16.765,16.9685,16.765,16.9182,14881900,66.5
2021-06-21,16.943,17.0448,16.765,16.9182,15519400,66.5
2021-06-22,16.9176,16.9939,16.6632,16.791,16227700,66
2021-06-23,17.2992,17.6554,17.2738,17.5542,30671700,69
2021-06-24,17.6808,17.7062,17.401,17.4525,13397200,68.6
2021-06-25,17.4264,17.5536,17.2738,17.3507,11060600,68.2
2021-06-28,17.401,17.401,17.2229,17.2998,17281700,68
2021-06-29,17.2992,17.3501,16.9939,17.02,15695100,66.9
2021-06-30,17.0448,17.2992,17.0448,17.2235,15417000,67.7
2021-07-01,17.3501,17.9352,17.1974,17.9104,30912800,70.4
2021-07-02,18.2659,18.3677,17.9352,18.3429,31892600,72.1
2021-07-05,18.4186,18.5458,18.1896,18.4955,23568800,72.7
2021-07-06,18.444,18.6475,18.0624,18.063,33237000,71
2021-07-07,18.0624,18.1896,17.579,17.9867,16762200,70.7
2021-07-08,18.0115,18.1133,17.6299,17.6305,19600100,69.3
2021-07-09,17.4773,17.8843,17.0448,17.5033,21204600,68.8
2021-07-12,17.401,17.4264,16.2816,16.2822,22323700,64
2021-07-13,16.3834,16.536,15.7219,16.2822,17823800,64
2021-07-14,16.1544,16.2816,15.2894,15.6462,22403200,61.5
2021-07-15,15.671,16.7141,15.5184,16.2822,17772800,64
2021-07-16,16.536,16.6123,16.3579,16.4094,15478800,64.5
2021-07-19,15.8746,16.0272,15.264,15.2645,17012800,60
2021-07-20,15.264,15.5184,14.8824,15.4172,11652900,60.6
2021-07-21,15.5184,15.6965,15.3403,15.3409,7778100,60.3
2021-07-22,15.3403,15.5947,15.1877,15.4681,6636500,60.8
2021-07-23,15.4421,15.5184,14.8824,14.8829,11176300,58.5
2021-07-26,14.7552,14.857,14.3736,14.425,9337800,56.7
2021-07-27,14.7043,14.8315,14.399,14.5013,12908100,57
2021-07-28,14.399,14.5262,14.3227,14.3232,4633700,56.3
2021-07-29,14.7552,14.8061,14.5008,14.6794,8593600,57.7
2021-07-30,14.7552,15.5184,14.6789,15.5189,15637500,61
2021-08-02,15.6456,15.6456,15.3658,15.3663,7576200,60.4
2021-08-03,15.3149,15.493,15.3149,15.4681,8690200,60.8
2021-08-04,15.4421,15.5693,15.3658,15.3917,8030500,60.5
2021-08-05,15.4166,15.7219,15.3403,15.7225,8050400,61.8
2021-08-06,15.6456,15.7728,15.4166,15.4172,11940900,60.6
2021-08-09,15.264,15.5947,15.264,15.5189,8858800,61
2021-08-10,15.5947,15.6456,15.2894,15.3917,6199800,60.5
2021-08-11,15.4421,15.7474,15.3912,15.5698,13475100,61.2
2021-08-12,15.6202,15.9254,15.5947,15.7479,9887800,61.9
2021-08-13,16.0272,16.1798,15.9509,16.1804,15126300,63.6
2021-08-16,16.2816,16.9939,16.2562,16.6892,15639700,65.6
2021-08-17,16.7904,16.8922,16.4088,16.562,11377300,65.1
2021-08-18,16.536,16.5614,16.1798,16.2822,14072500,64
2021-08-19,16.2307,16.4342,16.0526,16.4348,12087300,64.6
2021-08-20,16.307,16.3325,15.5184,15.9006,15943000,62.5
2021-08-23,15.7728,15.8746,15.4166,15.4172,9160600,60.6
2021-08-24,15.493,15.7982,15.3658,15.5189,8345400,61
2021-08-25,15.6456,15.6965,15.4675,15.6207,3674100,61.4
2021-08-26,15.7219,15.7728,15.4421,15.4681,4178000,60.8
2021-08-27,15.3149,15.5693,15.2131,15.5698,6435800,61.2
2021-08-30,15.7474,15.7728,15.5438,15.6716,4085900,61.6
2021-08-31,15.6965,15.7982,15.6202,15.6716,5355800,61.6
2021-09-01,15.5693,15.7728,15.4421,15.6462,6559200,61.5
2021-09-06,15.6965,15.7219,15.493,15.5444,4629400,61.1
2021-09-07,15.5693,16.2307,15.5693,16.155,10516500,63.5
2021-09-08,16.1798,16.2053,15.7728,15.7734,5217900,62
2021-09-09,15.7728,16.1544,15.7728,16.1295,6166500,63.4
2021-09-10,16.1798,16.6378,16.1798,16.4348,10239100,64.6
2021-09-13,16.536,16.7904,16.4597,16.4857,7447900,64.8
2021-09-14,16.4851,16.4851,16.2053,16.2567,6174200,63.9
2021-09-15,16.0781,16.307,16.0526,16.2567,4153000,63.9
2021-09-16,16.3579,16.536,16.3325,16.5366,4700400,65
2021-09-17,16.6632,17.1466,16.6378,17.0454,13065500,67
2021-09-20,17.4264,17.5027,17.0702,17.1726,8121300,67.5
2021-09-21,17.0957,17.2229,16.9176,17.02,6883800,66.9
2021-09-22,17.0194,17.0448,16.7904,16.9945,4623100,66.8
2021-09-23,16.943,17.1974,16.8667,17.0454,5168200,67
2021-09-24,17.0448,17.1211,16.9685,17.0454,4296300,67
2021-09-27,17.0194,17.3755,16.9939,17.0454,9520500,67
2021-09-28,17.0448,17.0448,16.6632,16.9945,6959900,66.8
2021-09-29,16.943,16.943,16.6886,16.791,6609400,66
2021-09-30,16.8413,16.9176,16.6378,16.7656,6847300,65.9
2021-10-01,16.6886,16.7141,16.2053,16.2567,8924700,63.9
2021-10-04,16.2307,16.2562,15.6965,16.0278,11432400,63
2021-10-05,16.0018,16.0272,15.8746,15.926,8952200,62.6
2021-10-06,15.9509,15.9509,15.5184,15.6716,16536400,61.6
2021-10-07,16.1146,16.435,15.9772,16.3241,12448200,35.65
2021-10-08,16.3664,16.4808,16.1603,16.4386,6885300,35.9
2021-10-11,16.3892,16.847,16.2519,16.8507,10741700,36.8
2021-10-12,16.847,16.9386,16.5953,16.8049,6415500,36.7
2021-10-13,16.7555,16.8928,16.6181,16.8736,5638900,36.85
2021-10-14,16.7097,16.9157,16.7097,16.9194,8081300,36.95
2021-10-15,16.9157,17.2133,16.8699,17.1712,11593400,37.5
2021-10-18,17.2133,17.8542,17.1675,17.5833,15081500,38.4
2021-10-19,17.6482,17.694,17.4651,17.6291,10105300,38.5
2021-10-20,17.6063,17.7665,17.2857,17.5376,8407100,38.3
2021-10-21,17.5337,17.6253,17.1904,17.1941,8996800,37.55
2021-10-22,17.2857,17.3544,17.0339,17.0339,6945900,37.2
2021-10-25,16.9881,16.9881,16.8049,16.9423,8556600,37
2021-10-26,16.782,16.9652,16.576,16.9652,5707200,37.05
2021-10-27,17.1675,17.4651,16.9615,17.3773,6771900,37.95
2021-10-28,17.6024,17.6711,17.3735,17.6749,10666700,38.6
2021-10-29,17.7207,17.8581,17.3544,17.4231,7850700,38.05
2021-11-01,17.3964,17.5566,17.1675,17.1941,6479400,37.55
2021-11-02,17.1217,17.2591,17.0988,17.1941,5691000,37.55
2021-11-03,17.1675,17.8542,17.1675,17.5833,17622200,38.4
2021-11-04,17.652,17.652,17.3544,17.4002,4579500,38
2021-11-05,17.3964,17.6024,17.3277,17.3773,4384700,37.95
2021-11-08,17.488,17.488,17.1675,17.1941,8065600,37.55
2021-11-09,17.217,17.2628,16.9652,16.9652,10137900,37.05
2021-11-10,16.9844,17.0302,16.7555,16.8049,6277200,36.7
2021-11-11,16.8013,16.9615,16.2748,16.7133,9202600,36.5
2021-11-12,16.7097,16.9386,16.4579,16.8278,6948500,36.75
2021-11-15,16.7591,16.782,16.5073,16.5531,10094400,36.15
2021-11-16,16.5531,16.9423,16.4386,16.5531,9094400,36.15
2021-11-17,16.5989,16.7134,16.4157,16.5531,11946000,36.15
2021-11-18,16.4808,16.5724,16.2061,16.2096,12144300,35.4
2021-11-19,16.2555,16.8507,15.9578,16.576,19584000,36.2
2021-11-22,16.5724,17.2362,16.435,16.8049,17052800,36.7
2021-11-23,16.8965,16.9881,16.5302,16.5989,7528100,36.25
2021-11-24,16.5989,17.217,16.4386,17.0797,35983800,37.3
2021-11-25,17.3315,17.6292,17.1255,17.4002,32485400,38
2021-11-26,17.5834,18.0871,17.4918,17.9497,44749100,39.2
2021-11-29,17.6711,17.8084,17.3964,17.5833,25498200,38.4
2021-11-30,17.7626,17.8084,17.0759,17.2628,20488900,37.7
2021-12-01,17.1675,17.3506,16.9157,17.3544,19113100,37.9
2021-12-02,17.3544,17.3773,16.9423,16.9423,10419400,37
2021-12-03,17.0759,17.1904,16.1603,16.347,23234900,35.7
2021-12-06,16.3664,16.5037,15.5652,16.2554,21344000,35.5
2021-12-07,16.3435,16.5037,15.9543,16.3241,15361100,35.65
2021-12-08,16.3435,16.6639,16.023,16.3699,16491700,35.75
2021-12-09,16.2061,16.4579,16.2061,16.3012,12963000,35.6
2021-12-10,16.3664,16.5724,16.2748,16.3928,15276400,35.8
2021-12-13,16.4808,16.5266,16.1603,16.2096,11569800,35.4
2021-12-14,16.2097,16.3928,16.0265,16.0265,16088600,35
2021-12-15,16.023,16.0688,15.7712,15.8662,24972100,34.65
2021-12-16,16.023,16.023,15.3363,15.4312,37476500,33.7
2021-12-17,15.5194,15.7483,15.4279,15.477,27609900,33.8
2021-12-20,15.706,16.0036,15.477,15.6373,22590800,34.15
2021-12-21,15.5686,15.7976,15.5686,15.6373,11683300,34.15
2021-12-22,15.6568,15.7483,15.3821,15.3854,20011000,33.6
2021-12-23,15.3821,15.5194,14.7869,14.8359,18152200,32.4
2021-12-24,14.9733,15.7289,14.8818,15.6831,13097600,34.25
2021-12-27,15.817,15.8857,15.5652,15.7288,7135700,34.35
2021-12-28,15.7941,15.817,15.611,15.8204,9869300,34.55
2021-12-29,15.8857,16.1146,15.8628,15.912,8833300,34.75
2021-12-30,15.9772,16.2748,15.9543,16.2096,9529200,35.4
2021-12-31,16.2519,16.5724,16.229,16.3928,11228400,35.8
2022-01-04,16.5531,16.6447,16.4844,16.5073,14307900,36.05
2022-01-05,16.5037,16.5495,16.2519,16.2554,13262600,35.5
2022-01-06,16.1639,16.2555,15.9807,16.0952,14344800,35.15
2022-01-07,16.0688,16.0917,15.8399,15.8433,11996200,34.6
2022-01-10,15.7941,16.0688,15.6339,15.7517,11049800,34.4
2022-01-11,15.7518,15.9349,15.5686,15.706,9312300,34.3
2022-01-12,15.6568,16.229,15.4965,16.2096,12092100,35.4
2022-01-13,16.347,16.5989,16.0036,16.141,15856600,35.25
2022-01-14,16.1375,16.2061,15.8857,15.9578,6912100,34.85
2022-01-17,15.9578,16.0723,15.1336,15.1336,12758900,33.05
2022-01-18,15.1336,15.5228,15.1107,15.2252,6343100,33.25
2022-01-19,15.2447,15.5423,15.2447,15.3396,5911900,33.5
2022-01-20,15.3821,15.4736,15.199,15.477,4384100,33.8
2022-01-21,15.5686,15.912,15.3625,15.706,9127100,34.3
2022-01-24,15.5881,15.7254,15.1074,15.3167,11998200,33.45
2022-01-25,15.2905,15.9772,15.1532,15.9807,11700500,34.9
2022-01-26,15.9772,16.641,15.9314,16.4386,18805000,35.9
2022-01-27,16.435,16.7784,16.2061,16.2325,16417500,35.45
2022-01-28,16.3206,16.8013,16.2519,16.782,24088600,36.65
2022-02-07,16.9423,17.0339,16.6218,16.6218,11233200,36.3
2022-02-08,16.5531,17.3544,16.5302,17.0797,22298900,37.3
2022-02-09,17.1713,17.4002,16.9881,16.9881,18041900,37.1
2022-02-10,16.9615,17.0531,16.5495,16.8049,15375100,36.7
2022-02-11,16.847,17.0302,16.7097,16.7591,11792400,36.6
2022-02-14,16.576,16.6905,16.0265,16.0265,19972100,35
2022-02-15,16.1146,16.5724,16.1146,16.4615,12555400,35.95
2022-02-16,16.5266,16.6639,16.3206,16.3241,6911100,35.65
2022-02-17,16.3241,16.6218,16.2783,16.6218,10943800,36.3
2022-02-18,16.435,16.4808,16.3435,16.4386,9693800,35.9
2022-02-21,16.3892,16.5495,16.2061,16.4386,10170500,35.9
2022-02-22,16.2519,16.435,16.1146,16.2783,10692300,35.55
2022-02-23,16.3435,16.5495,16.2519,16.4386,13643600,35.9
2022-02-24,16.4121,17.0302,16.2977,16.8965,35730400,36.9
2022-02-25,17.0797,17.7665,16.9423,17.4918,49379700,38.2
2022-02-28,17.4918,17.7207,17.1713,17.4002,21335600,38
2022-03-01,17.3506,17.488,17.1446,17.2857,16869400,37.75
2022-03-02,17.1217,17.1217,16.7097,16.7133,29095300,36.5
2022-03-03,16.847,17.1446,16.7097,17.1483,20145000,37.45
2022-03-04,17.1713,17.8352,17.1484,17.446,47246400,38.1
2022-03-07,17.3964,17.5337,17.0988,17.2628,19257100,37.7
2022-03-08,17.1713,17.2628,16.8278,16.9423,16269800,37
2022-03-09,17.0073,17.0531,16.7097,16.8736,13754700,36.85
2022-03-10,17.1675,17.1904,16.8242,16.8278,10978100,36.75
2022-03-11,16.7784,16.9615,16.5724,16.6675,10846400,36.4
2022-03-14,16.5302,16.6218,16.3012,16.4844,14189800,36
2022-03-15,16.4808,16.9157,16.4808,16.8965,11626100,36.9
2022-03-16,16.9386,17.0531,16.847,16.8507,8577500,36.8
2022-03-17,16.9157,16.9844,16.6868,16.6904,8245000,36.45
2022-03-18,16.7362,16.8049,16.576,16.5989,9468400,36.25
2022-03-21,16.7097,16.8928,16.5266,16.8507,6580000,36.8
2022-03-22,16.847,17.2133,16.847,16.8736,10463600,36.85
2022-03-23,16.9615,16.9615,16.7784,16.782,9286100,36.65
2022-03-24,16.7784,16.8013,16.641,16.6446,12673000,36.35
2022-03-25,16.641,16.8928,16.6181,16.8278,9600800,36.75
2022-03-28,16.782,16.782,16.4844,16.5989,12230200,36.25
2022-03-29,16.5953,16.7097,16.5953,16.6675,7423300,36.4
2022-03-30,16.6181,17.1446,16.5724,16.8507,16622400,36.8
2022-03-31,16.8965,17.1713,16.8507,17.0339,9162300,37.2
2022-04-01,16.9844,17.6711,16.9386,17.6749,36857900,38.6
2022-04-04,18.1328,18.2702,17.8123,17.8581,24503700,39
2022-04-05,17.7207,17.9497,17.4689,17.5376,15772700,38.3
2022-04-06,17.4422,18.4036,17.3277,18.2931,41068500,39.95
2022-04-07,18.3578,18.7927,18.2204,18.2244,31583800,39.8
2022-04-08,18.2204,18.3349,17.7626,17.7665,23996600,38.8
2022-04-12,17.9039,18.4076,17.8581,17.8581,25203900,39
2022-04-13,18.0413,18.0642,17.4002,17.8581,25270100,39
2022-04-14,17.8542,18.5867,17.8084,18.087,23375700,39.5
2022-04-15,17.9915,18.1747,17.2591,17.6291,29772100,38.5
2022-04-18,17.6253,17.6711,16.7784,16.782,28756000,36.65
2022-04-19,16.8699,17.1446,16.3435,16.3928,24120700,35.8
2022-04-20,16.2555,16.5989,16.1181,16.1181,21334600,35.2
2022-04-21,16.0688,16.7097,15.7941,16.2554,18919400,35.5
2022-04-22,16.5724,17.0302,16.2061,16.8507,22705300,36.8
2022-04-25,16.782,16.9194,15.6831,15.6831,32739600,34.25
2022-04-26,15.3821,16.7555,15.1532,16.6675,22646100,36.4
2022-04-27,16.4808,16.6868,16.2061,16.4615,12469900,35.95
2022-04-28,16.5266,16.8013,16.4121,16.7133,11125800,36.5
2022-04-29,16.7097,16.8928,16.6181,16.8049,13253000,36.7
2022-05-04,16.8242,16.8242,16.3892,16.3928,12017800,35.8
2022-05-05,16.641,16.641,15.9086,16.2783,10625200,35.55
2022-05-06,16.0265,16.0952,15.6373,15.6373,12789500,34.15
2022-05-09,15.4279,15.5423,14.558,14.5612,23931200,31.8
2022-05-10,14.2636,15.2481,14.2636,15.2481,15091000,33.3
2022-05-11,15.2447,15.5194,14.9014,15.2938,7613600,33.4
2022-05-12,15.0878,15.1107,14.2407,14.2407,17904700,31.1
2022-05-13,14.2865,14.4696,13.2791,13.2791,20466800,29
2022-05-16,13.737,13.9888,13.2791,13.2791,12267800,29
2022-05-17,13.2791,14.1949,13.2562,14.1949,10387900,31
2022-05-18,14.4207,14.7183,14.0545,14.172,11877200,30.95
2022-05-19,13.7798,14.146,13.7111,13.943,9190800,30.45
2022-05-20,14.0087,14.1689,13.8713,14.0117,7415500,30.6
2022-05-23,14.1033,14.1033,13.3707,13.4165,11050700,29.3
2022-05-24,13.5538,13.8286,13.3707,13.737,9892000,30
2022-05-25,13.8942,14.4207,13.8256,14.4238,12839500,31.5
2022-05-26,14.5154,14.5383,14.2178,14.2178,8627400,31.05
2022-05-27,14.2407,14.3323,14.0804,14.2407,10558700,31.1
2022-05-30,14.3978,14.4665,14.2147,14.4696,11854000,31.6
2022-05-31,14.4239,14.4696,14.1033,14.1949,10284800,31
2022-06-01,14.146,14.2834,13.9171,14.1262,10029300,30.85
2022-06-02,14.1491,14.172,13.7828,13.8515,9005500,30.25
2022-06-03,13.8256,14.0774,13.8027,14.0804,7124300,30.75
2022-06-06,14.0545,14.2834,13.8942,14.0117,7703100,30.6
2022-06-07,13.9858,14.0545,13.6424,13.943,7824600,30.45
2022-06-08,14.0087,14.6267,13.8485,14.5612,19013900,31.8
2022-06-09,14.6038,14.6267,14.4207,14.4238,9402900,31.5
2022-06-10,14.3291,14.5352,14.146,14.1491,9656300,30.9
2022-06-13,13.734,13.94,13.1618,13.1646,20960500,28.75
2022-06-14,12.91,13.3678,12.91,13.2104,11517000,28.85
2022-06-15,13.2075,13.4593,12.6353,13.2104,12843800,28.85
2022-06-16,13.3707,13.4623,13.2562,13.2791,5252400,29
2022-06-17,12.9557,13.0473,12.4979,12.7754,12547400,27.9
2022-06-20,12.7754,12.8212,12.1344,12.4091,9859300,27.1
2022-06-21,12.5236,12.7983,12.2717,12.4549,7203800,27.2
2022-06-22,12.7497,13.2533,12.5895,13.0043,7054900,28.4
2022-06-23,12.8184,13.0702,12.7955,13.0272,4754900,28.45
2022-06-24,12.9586,13.1646,12.8899,12.8899,3607300,28.15
2022-06-27,12.9557,13.322,12.9329,13.2333,5872800,28.9
2022-06-28,13.0502,13.8973,13.0502,13.737,12179100,30
2022-06-29,13.5538,13.8515,13.5081,13.737,8388900,30
2022-06-30,13.6912,13.8286,13.2791,13.2791,7880400,29
2022-07-01,13.3249,13.4394,12.867,13.3249,7028900,29.1
2022-07-04,13.3707,13.5081,13.2104,13.3707,8848600,29.2
2022-07-05,13.3907,13.6653,13.3678,13.508,11408500,29.5
2022-07-06,13.4135,13.528,13.1846,13.1875,5589500,28.8
2022-07-07,13.2075,13.2991,13.0244,13.2333,7855100,28.9
2022-07-08,13.2762,13.3449,13.0702,13.0959,7340400,28.6
2022-07-11,13.0015,13.0473,12.5895,12.5922,8474400,27.5
2022-07-12,12.6582,12.91,12.5666,12.7067,8383200,27.75
2022-07-13,12.7268,12.91,12.6124,12.7067,10535300,27.75
2022-07-14,12.6609,12.867,12.5923,12.8441,9794300,28.05
2022-07-15,12.867,12.9815,12.8441,12.9357,8732200,28.25
2022-07-18,13.0502,13.1188,12.8899,12.8899,7537400,28.15
2022-07-19,12.8899,12.8899,12.7067,12.8212,6233900,28
2022-07-20,12.9586,13.0273,12.867,12.8899,9698300,28.15
2022-07-21,12.9128,12.9815,12.8212,12.9128,9258800,28.2
2022-07-22,12.9586,13.0502,12.867,12.8899,7270700,28.15
2022-07-25,12.8871,12.8871,12.6582,12.6609,7813800,27.65
2022-07-26,12.6353,12.8413,12.6124,12.6838,7418900,27.7
2022-07-27,12.6353,12.704,12.5666,12.6838,6395800,27.7
2022-07-28,12.8184,13.1846,12.7268,13.0043,18936300,28.4
2022-07-29,13.0473,13.1389,12.9557,13.1417,12985400,28.7
2022-08-01,13.1417,13.3249,13.073,13.3249,12729400,29.1
2022-08-02,13.4165,13.4165,13.1646,13.302,11967000,29.05
2022-08-03,13.2104,13.3478,13.1188,13.2791,13033100,29
2022-08-04,13.3907,13.7111,13.2991,13.4622,18168400,29.4
2022-08-05,13.4623,13.5081,13.2562,13.4394,12186100,29.35
2022-08-08,13.4623,13.737,13.3707,13.737,17182600,30
2022-08-09,13.8286,14.1033,13.737,13.8515,20344900,30.25
2022-08-10,13.8744,13.8973,13.7141,13.7828,10950100,30.1
2022-08-11,13.9171,13.9629,13.5509,13.5538,15022600,29.6
2022-08-12,13.5738,13.6882,13.4593,13.6912,8700500,29.9
2022-08-15,13.8256,13.94,13.734,13.8972,11208300,30.35
2022-08-16,13.8973,13.8973,13.7141,13.8057,10232300,30.15
2022-08-17,13.8286,13.966,13.7599,13.8057,10393600,30.15
2022-08-18,13.8744,13.8973,13.7141,13.7599,11851100,30.05
2022-08-19,13.8286,14.5612,13.7599,14.3094,31776400,31.25
2022-08-22,14.3094,14.4696,14.172,14.3094,13398800,31.25
2022-08-23,14.1033,14.2865,13.966,14.2865,8849600,31.2
2022-08-24,14.2834,14.4665,14.2147,14.378,12754800,31.4
2022-08-25,14.4436,14.8098,14.4436,14.6299,17456000,31.95
2022-08-26,14.7412,14.9243,14.3291,14.4696,15131200,31.6
2022-08-29,14.1949,14.4239,14.0117,14.2865,17970200,31.2
2022-08-30,14.3749,14.6496,14.2834,14.3551,9111400,31.35
2022-08-31,14.3978,14.558,14.2605,14.5612,8456400,31.8
2022-09-05,14.5154,14.5612,14.3094,14.3323,11936400,31.3
2022-09-06,14.3291,14.558,14.2605,14.378,11575500,31.4
2022-09-07,14.3781,14.3781,13.8744,13.8744,18602000,30.3
2022-09-08,13.8942,13.9629,13.6882,13.6912,10654300,29.9
2022-09-09,13.8485,14.1002,13.6882,13.9659,17656800,30.5
2022-09-12,14.0545,14.2605,13.9171,13.943,7759400,30.45
2022-09-13,13.94,14.0545,13.8942,13.9659,6754100,30.5
2022-09-14,13.6454,13.8744,13.6454,13.8744,15232600,30.3
2022-09-15,13.9431,14.0804,13.8744,13.8744,9271800,30.3
2022-09-16,13.9171,14.2834,13.9171,13.9888,16945700,30.55
2022-09-19,14.0545,14.1918,13.6424,13.6912,14967200,29.9
2022-09-20,13.8286,13.8744,13.5081,13.737,12528400,30
2022-09-21,13.6424,13.734,13.322,13.508,12579500,29.5
2022-09-22,13.3707,13.5767,13.2333,13.4165,8541400,29.3
2022-09-23,13.4364,13.5509,13.1389,13.1646,9847300,28.75
2022-09-26,12.9557,13.0244,12.3835,12.638,17753300,27.6
2022-09-27,12.7268,12.8184,12.4293,12.5464,12957000,27.4
2022-09-28,12.7745,12.8775,12.5684,12.7061,10527500,18.5
2022-09-29,12.8775,12.9118,12.3624,12.3627,5605100,18
2022-09-30,12.4998,12.5341,11.7443,12.3627,15853300,18
2022-10-03,12.2594,12.2594,11.5039,11.6759,24720900,17
2022-10-04,11.813,12.0533,10.9888,11.5385,17447600,16.8
2022-10-05,11.9503,11.9847,11.5382,11.6759,13912600,17
2022-10-06,11.7443,11.7443,10.8858,11.3324,13937100,16.5
2022-10-07,10.9888,11.2635,10.5424,10.5426,19180300,15.35
2022-10-10,10.1646,10.9201,9.8212,10.5426,14888700,15.35
2022-10-11,10.302,10.5424,9.8212,10.5426,19258200,15.35
2022-10-12,10.508,11.1262,10.302,10.989,10409800,16
2022-10-13,11.0575,11.1262,10.5767,10.989,11415600,16
2022-10-14,11.3322,11.3322,10.9888,11.0921,8932700,16.15
2022-10-17,10.8514,11.0918,10.508,10.9547,7432900,15.95
2022-10-18,11.1262,11.2292,10.9545,10.9547,7378800,15.95
2022-10-19,11.0575,11.0575,10.7828,10.9547,9833500,15.95
2022-10-20,10.8858,11.0918,10.7828,10.9547,8684100,15.95
2022-10-21,10.9888,10.9888,10.3707,10.68,13706600,15.55
2022-10-24,10.7141,10.7484,10.1646,10.5769,10493200,15.4
2022-10-25,10.4737,11.0231,10.2333,10.6113,15262300,15.45
2022-10-26,10.6454,10.8171,10.4394,10.68,7060400,15.55
2022-10-27,10.6454,11.3665,10.3363,11.3668,20959900,16.55
2022-10-28,11.4009,11.6069,11.2292,11.2294,8111200,16.35
2022-10-31,11.3322,11.4009,10.7484,11.2294,11070200,16.35
2022-11-01,11.3322,11.9847,11.3322,11.8132,25628600,17.2
2022-11-02,11.813,12.225,11.6069,12.0193,21507900,17.5
2022-11-03,11.7786,12.122,11.7786,12.0193,11402300,17.5
2022-11-04,11.7786,11.9503,11.3665,11.6415,32346400,16.95
2022-11-07,11.7443,11.916,11.5726,11.7445,23171500,17.1
2022-11-08,11.5382,11.8473,11.4352,11.8132,22335400,17.2
2022-11-09,11.916,12.122,11.7099,12.0193,16395500,17.5
2022-11-10,11.9503,11.9503,11.1948,11.1951,23021600,16.3
2022-11-11,11.4352,11.6756,11.1605,11.1951,17937800,16.3
2022-11-14,10.9888,11.0918,10.4394,10.783,16001400,15.7
2022-11-15,10.405,10.7828,10.0616,10.0618,18164400,14.65
2022-11-16,9.3748,10.7484,9.3748,10.6456,29662500,15.5
2022-11-17,10.8171,10.8858,10.5424,10.6456,13169500,15.5
2022-11-18,10.302,10.8171,10.096,10.6456,16315900,15.5
2022-11-21,10.7828,10.7828,10.3707,10.6456,11391400,15.5
2022-11-22,10.4737,11.2979,10.3707,10.6456,16566500,15.5
2022-11-23,10.4737,10.7141,10.3363,10.3366,6000000,15.05
2022-11-24,10.199,10.4737,9.9929,10.3709,10247900,15.1
2022-11-25,10.508,10.6454,10.405,10.6456,9694700,15.5
2022-11-28,10.7141,11.1262,10.7141,11.0577,16558000,16.1
2022-11-29,11.1262,11.2292,10.6797,11.0921,16820500,16.15
2022-11-30,11.1605,11.6756,10.9201,11.5385,23312200,16.8
2022-12-01,11.7099,11.9503,11.4009,11.5385,31045800,16.8
2022-12-02,11.5382,11.9503,11.3665,11.8819,25887700,17.3
2022-12-05,12.1564,12.6371,11.9847,12.4657,43389200,18.15
2022-12-06,12.4654,12.7745,11.6069,11.6072,34482600,16.9
2022-12-07,11.5382,11.6756,10.8858,11.1264,26221800,16.2
2022-12-08,11.2979,11.8816,11.2635,11.6759,29415300,17
2022-12-09,11.7786,11.813,11.4352,11.6072,13749900,16.9
2022-12-12,11.6413,11.9847,11.4352,11.4355,23202300,16.65
2022-12-13,11.4696,11.7443,11.2635,11.7445,18048300,17.1
2022-12-14,11.8473,11.916,11.6756,11.7102,18923500,17.05
2022-12-15,11.7099,12.4998,11.7099,12.5,66731500,18.2
2022-12-16,12.6715,12.9462,12.5684,12.7061,27564100,18.5
2022-12-19,12.6028,12.8775,12.3281,12.3283,29429800,17.95
2022-12-20,12.2937,12.2937,11.6069,11.8819,25628200,17.3
2022-12-21,12.019,12.2937,11.6756,12.1223,20499300,17.65
2022-12-22,12.3624,12.9462,12.3281,12.6717,52431700,18.45
2022-12-23,12.6715,12.8088,12.4311,12.6031,16849000,18.35
2022-12-26,12.6028,12.7058,11.813,11.8132,26485700,17.2
2022-12-27,11.8816,12.2937,11.7786,12.294,14921400,17.9
2022-12-28,12.2937,12.7058,12.019,12.4657,17482100,18.15
2022-12-29,12.4311,12.7058,12.225,12.2253,20198000,17.8
2022-12-30,12.2937,12.4311,12.0877,12.294,10035400,17.9
2023-01-03,12.3624,12.7058,12.225,12.7061,20274800,18.5
2023-01-04,12.7058,13.2552,12.7058,12.9808,42535900,18.9
2023-01-05,13.0492,13.0835,12.7401,13.0151,15385600,
2023-01-06,12.9462,13.4956,12.9118,13.0151,31406400,
2023-01-09,13.1866,13.2552,12.9118,12.9465,18731600,
2023-01-10,12.9462,13.0492,12.7401,12.8434,13485000,
2023-01-11,13.0492,13.0492,12.6715,12.6717,17427300,
2023-01-12,12.7745,12.8775,12.6371,12.8434,15245400,
2023-01-13,12.9462,13.3926,12.7401,13.3242,25700900,19.4
2023-01-16,13.4613,13.4613,13.1866,13.3242,17941500,19.4
2023-01-17,13.3926,13.4613,13.2896,13.4616,32912200,19.6
2023-01-18,13.4613,13.5986,13.3239,13.4959,19675400,19.65
2023-01-19,13.4269,13.53,13.3239,13.3929,18347800,19.5
2023-01-27,13.4956,13.9077,13.3239,13.5303,24443100,19.7
2023-01-30,13.53,13.5643,13.2209,13.2212,23819000,19.25
2023-01-31,13.1522,13.3926,13.0835,13.3585,25095200,19.45
2023-02-01,13.4269,13.4613,12.4311,12.5687,32198300,18.3
2023-02-02,12.7745,12.8432,12.4654,12.6374,25931700,18.4
2023-02-03,12.7058,12.7401,12.3967,12.5344,20039600,18.25
2023-02-06,12.4654,12.7401,12.3281,12.7061,16961600,18.5
2023-02-07,12.7401,12.8088,12.3281,12.3283,15658900,17.95
2023-02-08,12.4311,12.5341,12.2594,12.3283,11578100,17.95
2023-02-09,12.3281,12.7401,12.2937,12.3627,15157900,18
2023-02-10,12.3624,12.5684,12.019,12.0193,13102800,17.5
2023-02-13,12.0877,12.122,11.4009,11.6759,25784300,17
2023-02-14,11.6756,11.813,11.4696,11.4698,16873000,16.7
2023-02-15,11.4696,11.813,11.4696,11.8132,12674000,17.2
2023-02-16,11.9503,12.0877,11.7443,12.0193,14454300,17.5
2023-02-17,11.8816,12.019,11.813,11.8819,10770300,17.3
2023-02-20,11.7443,12.5684,11.7443,12.5687,20553100,18.3
2023-02-21,12.6371,12.6371,12.225,12.2253,18376200,17.8
2023-02-22,12.0877,12.3624,11.9847,11.9849,16999300,17.45
2023-02-23,11.9847,12.0533,11.7443,12.0193,12660300,17.5
2023-02-24,12.0533,12.122,11.7786,11.7789,10418800,17.15
2023-02-27,11.6756,11.7786,11.3665,11.6759,10311400,17
2023-02-28,11.7786,11.8473,11.6069,11.7102,8629400,17.05
2023-03-01,11.5726,12.019,11.4696,11.9849,9654500,17.45
2023-03-02,11.9847,12.0533,11.8473,11.8819,4287200,17.3
2023-03-03,11.9847,12.019,11.6069,11.6759,8977500,17
2023-03-06,11.8816,12.019,11.7099,11.7445,13129000,17.1
2023-03-07,11.9503,12.1564,11.8816,11.9506,13127900,17.4
2023-03-08,11.813,12.4654,11.813,12.4657,27188600,18.15
2023-03-09,12.4654,12.5684,12.3624,12.5,15264000,18.2
2023-03-10,12.2937,12.5684,12.2937,12.5687,14754800,18.3
2023-03-13,12.9118,13.3239,12.7745,13.3242,41362700,19.4
2023-03-14,13.4613,13.4613,13.1179,13.3242,22988900,19.4
2023-03-15,13.5986,13.633,13.4269,13.5989,22320800,19.8
2023-03-16,13.3926,13.4956,13.1522,13.3585,15492200,19.45
2023-03-17,13.4613,13.5643,13.2896,13.5303,15548900,19.7
2023-03-20,13.4269,13.53,13.2552,13.5303,18939800,19.7
2023-03-21,13.53,13.9764,13.3926,13.9767,29194300,20.35
2023-03-22,14.0794,14.5602,14.0451,14.4231,42033400,21
2023-03-23,14.4228,14.5258,14.2854,14.4575,22821300,21.05
2023-03-24,14.4571,14.5602,14.3198,14.5261,19655000,21.15
2023-03-27,14.5258,14.8005,14.4228,14.5948,29328600,21.25
2023-03-28,14.6975,14.8349,14.1137,14.4231,37168400,21
2023-03-29,14.3541,14.3541,14.1481,14.3544,16599000,20.9
2023-03-30,14.4228,14.4571,14.2168,14.3544,15528600,20.9
2023-03-31,14.2854,14.6288,14.2854,14.4575,23139600,21.05
2023-04-03,14.5258,14.5945,14.3541,14.5605,13548900,21.2
2023-04-04,14.5602,14.7319,14.4228,14.6978,16356500,21.4
2023-04-05,14.6288,14.7319,14.5258,14.5605,11992000,21.2
2023-04-06,14.5602,14.7662,14.3541,14.3544,12254900,20.9
2023-04-07,14.3541,14.4571,14.1824,14.3544,7668500,20.9
2023-04-10,14.3541,14.6632,14.2168,14.3544,16772700,20.9
2023-04-11,14.3541,14.4915,14.2168,14.4231,9490100,21
2023-04-12,14.4228,14.4571,14.1824,14.1827,8669800,20.65
2023-04-13,14.1824,14.1824,13.8734,14.1484,19916500,20.6
2023-04-14,14.1481,14.2168,13.9764,14.0797,8543300,20.5
2023-04-17,14.0451,14.1481,13.942,14.0454,5197600,20.45
2023-04-18,14.0451,14.1137,13.8047,13.908,10605300,20.25
2023-04-19,14.0451,14.1137,13.53,13.5303,18419600,19.7
2023-04-20,13.4956,13.5986,13.2209,13.2899,12244000,19.35
2023-04-21,13.2896,13.4613,13.2896,13.3585,8123300,19.45
2023-04-24,13.3583,13.7703,13.2896,13.3929,7087200,19.5
2023-04-25,13.53,13.5643,13.2209,13.2555,7168900,19.3
2023-04-26,13.2552,13.3239,13.1179,13.2899,7850900,19.35
2023-04-27,13.2896,13.53,13.2896,13.3242,5199300,19.4
2023-04-28,13.4269,13.6673,13.3926,13.6676,8573200,19.9
2023-05-04,13.4269,13.5986,13.3926,13.4272,7484200,19.55
2023-05-05,13.4613,13.6673,13.3583,13.3585,5917600,19.45
2023-05-08,13.3583,13.4956,13.3239,13.3585,5491600,19.45
2023-05-09,13.4269,13.4613,13.3239,13.3585,4727700,19.45
2023-05-10,13.3926,13.4613,13.3583,13.4272,8932500,19.55
2023-05-11,13.4613,13.633,13.4613,13.5989,6668100,19.8
2023-05-12,13.5986,13.633,13.4269,13.5646,7522200,19.75
2023-05-15,13.5986,13.8734,13.5643,13.5989,13095400,19.8
2023-05-16,13.6673,13.6673,13.4613,13.4616,7492900,19.6
2023-05-17,13.4613,13.4956,13.1866,13.1868,12684600,19.2
2023-05-18,13.2552,13.3926,13.1866,13.2212,7579700,19.25
2023-05-19,13.2552,13.3239,13.1866,13.2555,6594600,19.3
2023-05-22,13.2552,13.53,13.2552,13.5303,12024200,19.7
2023-05-23,13.5643,13.5986,13.3926,13.4272,7235600,19.55
2023-05-24,13.4956,13.53,13.3239,13.3242,8335700,19.4
2023-05-25,13.2896,13.3583,13.1866,13.1868,7299200,19.2
2023-05-26,13.2552,13.2552,13.1179,13.1525,6988000,19.15
2023-05-29,13.1866,13.3583,13.1866,13.2899,7043800,19.35
2023-05-30,13.3926,13.3926,13.2896,13.3585,8975200,19.45
2023-05-31,13.4269,13.4269,13.2209,13.2555,7913900,19.3
2023-06-01,13.2552,13.3239,13.1866,13.3242,9750400,19.4
2023-06-02,13.4613,13.8734,13.4269,13.6333,24536300,19.85
2023-06-05,13.8047,13.839,13.5643,13.5646,13421500,19.75
2023-06-06,13.5643,13.736,13.53,13.6333,14948300,19.85
2023-06-07,13.736,13.8047,13.5643,13.6676,16189900,19.9
2023-06-08,13.6673,13.7703,13.3926,13.3929,16595600,19.5
2023-06-09,13.4613,13.4613,13.2552,13.3929,9596000,19.5
2023-06-12,13.53,13.53,13.2896,13.4616,8506300,19.6
2023-06-13,13.53,13.5643,13.3239,13.3929,9666700,19.5
2023-06-14,13.4613,13.8047,13.4269,13.5646,25385000,19.75
2023-06-15,13.5643,13.633,13.4269,13.5303,9431000,19.7
2023-06-16,13.633,13.8047,13.3926,13.4272,33727700,19.55
2023-06-19,13.4269,13.4956,13.2209,13.3585,12070100,19.45
2023-06-20,13.3583,13.4269,13.2209,13.3929,14470100,19.5
2023-06-21,13.3926,13.4956,13.3239,13.4959,8111300,19.65
2023-06-22,13.5643,13.633,13.4613,13.4616,12409600,19.6
2023-06-23,13.53,14.0107,13.4956,13.8737,42322900,20.2
2023-06-26,14.0794,14.0794,13.7017,13.908,16576800,20.25
2023-06-27,14.0451,14.0451,13.8047,13.805,14429100,20.1
2023-06-28,13.8734,13.9764,13.7703,13.908,16754200,20.25
2023-06-29,13.942,14.0451,13.6673,13.6676,18446100,19.9
2023-06-30,13.6673,13.736,13.5643,13.6333,12376000,19.85
2023-07-03,13.633,13.736,13.5643,13.6333,9808600,19.85
2023-07-04,13.633,13.7017,13.5643,13.6333,7339700,19.85
2023-07-05,13.6673,13.942,13.6673,13.702,20485400,19.95
2023-07-06,13.7017,13.8047,13.4269,13.4272,16274900,19.55
2023-07-07,13.4613,13.633,13.3926,13.6333,8345400,19.85
2023-07-10,13.7017,13.839,13.5986,13.7706,15275400,20.05
2023-07-11,13.942,13.942,13.5986,13.6676,19607100,19.9
2023-07-12,13.736,13.736,13.4956,13.4959,13715900,19.65
2023-07-13,13.6673,13.7017,13.4956,13.702,16403200,19.95
2023-07-14,13.7703,13.8047,13.4613,13.6676,17478700,19.9
2023-07-17,13.8047,14.0794,13.7703,14.0454,34232500,20.45
2023-07-18,14.0451,14.4915,13.942,14.3888,37316000,20.95
2023-07-19,14.4228,14.4228,14.1824,14.1827,22965200,20.65
2023-07-20,14.1481,14.4228,14.0794,14.4231,19553900,21
2023-07-21,14.3885,14.7319,14.2854,14.6978,28604200,21.4
2023-07-24,14.7662,15.0409,14.6288,15.0069,24112900,21.85
2023-07-25,15.0409,15.35,14.9722,15.0069,26110300,21.85
2023-07-26,14.9722,15.0409,14.8005,15.0069,17436600,21.85
2023-07-27,14.9722,15.0066,14.7662,14.9382,17807700,21.75
2023-07-28,14.9379,15.1783,14.8349,15.1786,18133600,22.1
2023-07-31,15.2126,15.2813,15.0409,15.213,19655800,22.15
2023-08-01,15.2126,15.247,14.8692,15.0756,25773800,21.95
2023-08-02,15.0753,15.2813,14.9036,15.1099,17047500,22
2023-08-03,15.0753,15.1096,14.8349,14.9039,15903700,21.7
2023-08-04,14.9722,15.247,14.8349,15.2473,15491700,22.2
2023-08-07,15.4187,15.7964,15.3156,15.5564,20240800,22.65
2023-08-08,15.556,15.556,15.247,15.2473,13851300,22.2
2023-08-09,15.1783,15.247,14.9036,15.1443,21337900,22.05
2023-08-10,15.1439,15.1439,14.8005,15.0756,19843500,21.95
2023-08-11,15.0753,15.1096,14.8005,15.1099,12402500,22
2023-08-14,15.0409,15.1096,14.9722,15.0756,11667300,21.95
2023-08-15,15.0753,15.1096,14.8692,15.1099,18407400,22
2023-08-16,15.0409,15.5217,14.8692,15.3847,39587900,22.4
2023-08-17,15.453,15.556,15.2126,15.213,15635100,22.15
2023-08-18,15.1096,15.1439,14.1481,14.1484,34224900,20.6
2023-08-21,14.1481,14.4228,14.0107,14.2858,12657600,20.8
2023-08-22,14.2511,14.3198,13.7703,14.1484,21183300,20.6
2023-08-23,14.2511,14.3198,13.9077,13.908,14416600,20.25
2023-08-24,13.9077,14.0794,13.839,14.0797,9969500,20.5
2023-08-25,14.0451,14.1137,13.736,13.8737,16068000,20.2
2023-08-28,13.8734,14.0107,13.8047,13.9423,11608800,20.3
2023-08-29,13.9764,14.3541,13.9077,14.3201,16213200,20.85
2023-08-30,14.3541,14.3541,14.1481,14.2858,9352600,20.8
2023-08-31,14.2854,14.4571,14.2168,14.3888,14336300,20.95
2023-09-05,14.5602,14.6288,14.3885,14.4231,14495100,21
2023-09-06,14.5945,14.9722,14.3541,14.9726,23267300,21.8
2023-09-07,15.0409,15.1783,14.9036,14.9382,20570900,21.75
2023-09-08,14.9379,15.0409,14.9036,14.9726,16766200,21.8
2023-09-11,15.1783,15.3156,14.7662,15.0412,38037700,21.9
2023-09-12,15.0409,15.3156,14.9036,15.316,19787600,22.3
2023-09-13,15.3156,15.4873,15.1439,15.419,30576700,22.45
2023-09-14,15.3843,15.5217,15.1096,15.3847,23071700,22.4
2023-09-15,15.4187,15.556,15.247,15.4877,24180400,22.55
2023-09-18,15.453,15.453,15.0409,15.213,17640000,22.15
2023-09-19,15.1439,15.2126,14.8349,15.0412,13549100,21.9
2023-09-20,14.9722,15.1439,14.8005,15.0412,14203800,21.9
2023-09-21,14.9036,15.0409,14.8692,14.8695,10971400,21.65
2023-09-22,14.5602,14.6632,14.3198,14.5948,19598000,21.25
2023-09-25,14.5602,14.6288,14.0107,14.011,14432900,20.4
2023-09-26,14.1481,14.2168,13.9077,14.0454,18954700,20.45
2023-09-27,14.0794,14.4228,13.942,14.4231,12676000,21
2023-09-28,14.2511,14.6975,14.1137,14.5605,13128800,21.2
2023-09-29,14.6288,14.9036,14.4915,14.9039,8454600,21.7
2023-10-02,14.8349,14.9722,14.6975,14.9726,11272900,21.8
2023-10-03,14.7662,14.8349,14.2168,14.4231,12856900,21
2023-10-04,14.0794,14.5945,14.0794,14.4231,6975100,21
2023-10-05,14.3541,14.4915,14.2854,14.2858,5682000,20.8
2023-10-06,14.3885,14.4571,14.2168,14.3888,8351000,20.95
2023-10-09,14.4228,14.6975,14.2511,14.6978,13601600,21.4
2023-10-10,14.6632,14.8349,14.6288,14.8352,11693200,21.6
2023-10-11,14.8349,14.9722,14.6975,14.9726,8928600,21.8
2023-10-12,15.0409,15.0409,14.8349,15.0069,10399300,21.85
2023-10-13,14.8692,15.1096,14.6975,15.0756,13714000,21.95
2023-10-16,14.9036,15.453,14.9036,15.4533,26096800,22.5
2023-10-17,15.4187,15.5904,15.247,15.5907,25974900,22.7
2023-10-18,15.453,15.8994,14.9379,15.4533,39738000,22.5
2023-10-19,15.247,15.3843,14.7319,14.7322,11470700,21.45
2023-10-20,14.8349,15.1783,14.7319,14.8352,10805700,21.6
2023-10-23,14.8349,14.9036,14.2168,14.4575,13595100,21.05
2023-10-24,14.3198,14.6975,14.3198,14.4575,5469700,21.05
2023-10-25,14.4571,14.5945,14.3541,14.4231,5160700,21
2023-10-26,14.2168,14.3198,13.4269,13.8737,17363600,20.2
2023-10-27,13.8734,14.0794,13.6673,13.8737,5693300,20.2
2023-10-30,13.736,13.839,13.5986,13.6676,4922200,19.9
2023-10-31,13.5986,13.7703,13.4269,13.7363,6938600,20
2023-11-01,13.736,13.8047,13.5986,13.5989,4810600,19.8
2023-11-02,13.7017,14.0107,13.633,13.9423,6159200,20.3
2023-11-03,14.0451,14.0794,13.5986,13.5989,13532500,19.8
2023-11-06,13.8734,14.3198,13.8734,14.2858,9583200,20.8
2023-11-07,14.3541,14.4915,14.2168,14.2171,6341900,20.7
2023-11-08,14.2854,14.6632,14.1481,14.6635,13583900,21.35
2023-11-09,14.7703,14.8063,14.41,14.4107,13599100,20
2023-11-10,14.338,14.338,14.0858,14.0865,12157400,19.55
2023-11-13,14.0858,14.1939,13.7255,13.8343,10465400,19.2
2023-11-14,13.9777,14.41,13.9057,14.1225,12703100,19.6
2023-11-15,14.338,14.5181,14.2659,14.3747,17930900,19.95
2023-11-16,14.2299,14.41,14.2299,14.3387,9904000,19.9
2023-11-17,14.41,14.41,13.6895,13.9063,15196300,19.3
2023-11-20,13.6175,14.338,13.5814,14.0505,11870100,19.5
2023-11-21,14.1218,14.338,14.0498,14.1585,8679600,19.65
2023-11-22,14.1578,14.2299,13.9777,14.1585,7319900,19.65
2023-11-23,14.1939,14.2299,13.7976,13.7983,10595200,19.15
2023-11-24,13.7976,13.9777,13.6895,13.8343,10847900,19.2
2023-11-27,13.8696,14.0137,13.7976,13.8343,8007700,19.2
2023-11-28,13.8336,14.0137,13.7255,13.9424,5746400,19.35
2023-11-29,13.9777,13.9777,13.8696,13.8703,5477900,19.25
2023-11-30,13.8336,14.0137,13.7616,13.7622,6750000,19.1
2023-12-01,13.8336,13.9417,13.7255,13.9063,4871900,19.3
2023-12-04,13.9057,14.1218,13.8696,14.0505,10850300,19.5
2023-12-05,14.0498,14.0858,13.7976,13.7983,11505600,19.15
2023-12-06,13.8696,14.0137,13.7976,13.9784,9473600,19.4
2023-12-07,13.9777,14.1578,13.7976,14.1585,17158000,19.65
2023-12-08,14.1578,14.1939,13.9057,14.1225,8339400,19.6
2023-12-11,14.0498,14.1218,13.8336,13.9784,7675600,19.4
2023-12-12,13.9777,14.0137,13.8336,14.0144,6823800,19.45
2023-12-13,13.9417,13.9777,13.7616,13.8343,9962400,19.2
2023-12-14,13.8336,13.9057,13.6535,13.6902,9433900,19
2023-12-15,13.6895,13.7616,13.4373,13.474,12092300,18.7
2023-12-18,13.4373,13.4734,13.005,13.2579,22104100,18.4
2023-12-19,13.0411,13.1852,12.969,13.1858,11907200,18.3
2023-12-20,13.1852,13.2212,13.005,13.1498,7715000,18.25
2023-12-21,13.1131,13.1491,12.969,13.1138,9592700,18.2
2023-12-22,13.1131,13.2212,13.005,13.0777,10359500,18.15
2023-12-25,13.1491,13.3293,13.1491,13.3299,8637100,18.5
2023-12-26,13.3293,13.3653,13.1491,13.3299,8402900,18.5
2023-12-27,13.3293,13.4013,13.2212,13.3299,7673900,18.5
2023-12-28,13.3293,13.5454,13.2932,13.5461,10315400,18.8
2023-12-29,13.5454,13.8336,13.4734,13.8343,17010800,19.2
2024-01-02,13.8336,13.8336,13.5814,13.5821,8798600,18.85
2024-01-03,13.5814,13.7616,13.4373,13.7622,8220900,19.1
2024-01-04,13.7976,14.1578,13.6535,13.9424,25321300,19.35
2024-01-05,13.9417,14.0137,13.7616,13.8343,9906800,19.2
2024-01-08,13.9057,13.9777,13.7976,13.8703,9012800,19.25
2024-01-09,13.8696,13.9417,13.7616,13.7983,6451500,19.15
2024-01-10,13.7616,14.2299,13.7616,14.1225,31567400,19.6
2024-01-11,14.2659,14.3019,14.0858,14.1585,17937600,19.65
2024-01-12,14.0137,14.2299,13.9057,14.1585,25020500,19.65
2024-01-15,14.2659,14.2659,13.9417,13.9424,11340300,19.35
2024-01-16,13.9057,14.0137,13.8336,14.0144,9593500,19.45
2024-01-17,14.0137,14.0858,13.8696,13.9063,11934200,19.3
2024-01-18,13.9777,14.0858,13.9057,14.0505,8447900,19.5
2024-01-19,14.0858,14.2299,14.0858,14.1946,16580100,19.7
2024-01-22,14.3019,14.374,14.1939,14.2666,16135000,19.8
2024-01-23,14.3019,14.338,14.1578,14.1946,10961900,19.7
2024-01-24,14.1939,14.2659,14.0858,14.1585,7406900,19.65
2024-01-25,14.1578,14.1939,14.0858,14.1585,5002000,19.65
2024-01-26,14.1939,14.2299,14.1578,14.2306,7546300,19.75
2024-01-29,14.2299,14.2299,14.0858,14.2306,4834600,19.75
2024-01-30,14.1578,14.3019,14.1578,14.1946,6805100,19.7
2024-01-31,14.1578,14.1939,13.7976,13.9784,20001700,19.4
2024-02-01,13.9417,13.9417,13.7616,13.7983,6507100,19.15
2024-02-02,13.7976,13.8336,13.5454,13.5461,16720300,18.8
2024-02-05,13.5814,14.0137,13.5814,13.8343,10730400,19.2
2024-02-06,13.9057,13.9777,13.8336,13.9063,5805600,19.3
2024-02-07,13.9417,14.1218,13.9057,14.1225,10722600,19.6
2024-02-15,14.1218,14.5181,14.1218,14.2666,19362100,19.8
2024-02-16,14.374,14.374,14.1939,14.3026,7324700,19.85
2024-02-19,14.3019,14.374,14.1578,14.2666,11047900,19.8
2024-02-20,14.1939,14.2299,14.0498,14.1225,16244900,19.6
2024-02-21,14.1218,14.41,14.1218,14.2306,17579300,19.75
2024-02-22,14.2659,14.338,14.1218,14.1946,10541600,19.7
2024-02-23,14.1939,14.5901,14.0498,14.0505,42130600,19.5
2024-02-26,14.0858,14.0858,13.8336,13.8703,12770300,19.25
2024-02-27,13.9417,14.0498,13.8336,13.9424,17762400,19.35
2024-02-28,13.9777,14.338,13.9777,14.3387,20960400,19.9
2024-02-29,14.4821,14.5541,14.1578,14.3387,17115500,19.9
2024-03-01,14.338,14.338,14.1578,14.1585,9758900,19.65
2024-03-04,14.2659,14.2659,14.1218,14.1225,12989200,19.6
2024-03-05,14.1218,14.2299,14.0858,14.2306,8094000,19.75
2024-03-06,14.2659,14.3019,14.0498,14.0865,6629200,19.55
2024-03-07,13.9777,14.1218,13.9777,14.0144,8016100,19.45
2024-03-08,14.0137,14.0498,13.6535,13.6902,29743400,19
2024-03-11,13.6535,13.7616,13.3653,13.3659,16575400,18.55
2024-03-12,13.3653,13.5094,13.3293,13.3659,10959400,18.55
2024-03-13,13.4373,13.7616,13.4013,13.7262,10986000,19.05
2024-03-14,13.7616,13.7616,13.4373,13.5461,9582800,18.8
2024-03-15,13.5094,13.5454,13.3653,13.438,13581400,18.65
2024-03-18,13.4373,13.4734,12.933,13.1138,23317100,18.2
2024-03-19,13.1131,13.3293,13.0411,13.0777,12349900,18.15
2024-03-20,13.1131,13.4373,13.1131,13.438,11504800,18.65
2024-03-21,13.5094,13.6535,13.3653,13.51,16882000,18.75
2024-03-22,13.6175,13.6895,13.4373,13.5461,14969100,18.8
2024-03-25,13.5454,13.7976,13.4373,13.6181,19751100,18.9
2024-03-26,13.6175,14.1218,13.6175,14.1225,37172800,19.6
2024-03-27,14.1578,14.2299,13.9417,14.1225,16220800,19.6
2024-03-28,14.1578,14.2659,14.0498,14.1585,14691300,19.65
2024-03-29,14.1939,14.2659,14.0137,14.2306,20541100,19.75
2024-04-01,14.1218,14.2299,14.0137,14.1585,11686300,19.65
2024-04-02,14.0858,14.1218,13.6175,14.0865,25838800,19.55
2024-04-03,13.9417,14.0498,13.8696,13.9424,16269600,19.35
2024-04-04,13.9777,14.1218,13.8336,13.9063,12592700,19.3
2024-04-05,13.7616,14.0137,13.6895,14.0144,11106300,19.45
2024-04-08,14.0137,14.0137,13.7616,13.9784,8428800,19.4
2024-04-09,13.9417,13.9777,13.7976,13.9424,9349100,19.35
2024-04-10,13.9777,14.374,13.9057,13.9424,29210400,19.35
2024-04-11,13.9417,14.1218,13.9057,13.9424,9554900,19.35
2024-04-12,13.9777,14.1939,13.9777,14.1946,17723300,19.7
2024-04-15,14.1218,14.2659,13.2572,13.402,28346300,18.6
2024-04-16,13.4734,13.6895,13.3293,13.51,23551000,18.75
2024-04-17,13.6535,13.7255,13.0771,13.0777,13194900,18.15
2024-04-19,13.0771,13.3293,12.933,13.0417,15355900,18.1
2024-04-22,13.2572,13.4013,13.1491,13.1858,8682900,18.3
2024-04-23,13.2212,13.4013,12.969,13.2579,15635300,18.4
2024-04-24,13.3293,13.5094,13.2572,13.402,13072600,18.6
2024-04-25,13.5094,13.5094,13.2212,13.402,10618000,18.6
2024-04-26,13.2572,13.4013,13.1852,13.3659,8253200,18.55
2024-05-02,13.3653,13.4013,13.1852,13.1858,6332900,18.3
2024-05-03,13.2572,13.3293,13.2212,13.2579,10568400,18.4
2024-05-06,13.3293,13.5094,13.2572,13.51,11299500,18.75
2024-05-07,13.5094,13.5814,13.3653,13.5461,7408000,18.8
2024-05-08,13.4373,13.5454,13.3293,13.3659,10945500,18.55
2024-05-09,13.4373,13.5814,13.3293,13.51,9750600,18.75
2024-05-10,13.4734,13.5094,13.2572,13.3299,10354900,18.5
2024-05-13,13.3653,13.6175,13.2932,13.5461,16732700,18.8
2024-05-14,13.6895,13.9057,13.6175,13.7622,20931300,19.1
2024-05-15,13.8696,13.8696,13.7255,13.7262,10503000,19.05
2024-05-16,13.8336,14.0137,13.7616,13.9784,20748200,19.4
2024-05-17,13.9777,14.0137,13.8696,13.9784,12369500,19.4
2024-05-20,14.0858,14.3019,14.0498,14.2666,25252400,19.8
2024-05-21,14.2659,14.3019,14.1218,14.2666,24050900,19.8
2024-05-22,14.2654,14.2654,13.8481,13.8871,22572900,18.3
2024-05-23,13.886,14.0378,13.7722,14.0389,9367000,18.5
2024-05-24,13.9619,14.0378,13.6584,13.6595,19560300,18
2024-05-27,13.7722,13.7722,13.6205,13.6595,7401000,18
2024-05-28,13.7343,13.8102,13.6584,13.6974,8406700,18.05
2024-05-29,13.7343,13.7343,13.6205,13.6974,8290900,18.05
2024-05-30,13.6584,13.6584,13.4308,13.6215,10458100,17.95
2024-05-31,13.6205,13.6963,13.5825,13.6595,5706900,18
2024-06-03,13.7343,13.9999,13.6963,13.8871,14012200,18.3
2024-06-04,13.9619,13.9619,13.7722,13.8112,9138000,18.2
2024-06-05,13.8102,13.886,13.7343,13.7353,11802100,18.1
2024-06-06,13.7722,13.8481,13.6205,13.7353,16613400,18.1
2024-06-07,13.8481,13.8481,13.6205,13.6595,9957000,18
2024-06-10,13.6963,13.8102,13.6584,13.6974,10496400,18.05
2024-06-11,13.8102,13.924,13.6963,13.8871,31079900,18.3
2024-06-12,13.886,14.7207,13.7722,14.7219,69932300,19.4
2024-06-13,14.7966,15.0242,14.6069,14.7598,44255400,19.45
2024-06-14,14.7587,14.7966,14.1896,14.1907,35956600,18.7
2024-06-17,14.1896,14.4551,13.9999,14.2286,26718200,18.75
2024-06-18,14.2654,14.4931,14.1137,14.1148,35291600,18.6
2024-06-19,14.1516,14.569,13.9619,14.4183,51393800,19
2024-06-20,14.531,15.0242,14.4172,14.9495,66042200,19.7
2024-06-21,14.9484,15.0622,14.6828,14.8736,48973500,19.6
2024-06-24,14.7587,14.8725,14.3034,14.3045,45272700,18.85
2024-06-25,14.3034,14.569,14.3034,14.4183,19532800,19
2024-06-26,14.4172,14.4931,14.0757,14.4183,27222600,19
2024-06-27,14.4172,14.4551,14.1896,14.4183,25081800,19
2024-06-28,14.3793,14.6448,14.1137,14.1527,41520600,18.65
2024-07-01,14.1516,14.4551,14.0378,14.4183,16520100,19
2024-07-02,14.4172,14.569,14.2654,14.3804,16424000,18.95
2024-07-03,14.4172,14.569,14.2275,14.4183,20129200,19
2024-07-04,14.531,14.7587,14.4551,14.4563,26247200,19.05
2024-07-05,14.4551,14.6448,14.4172,14.5321,18430400,19.15
2024-07-08,14.569,14.6448,14.4172,14.4563,16156200,19.05
2024-07-09,14.569,14.7587,14.4172,14.7219,32010600,19.4
2024-07-10,14.7966,14.8345,14.569,14.5701,15163800,19.2
2024-07-11,14.569,14.8345,14.4551,14.4563,25226500,19.05
2024-07-12,14.4931,14.569,14.3793,14.4183,16053100,19
2024-07-15,14.4551,14.4931,14.1896,14.2665,16131600,18.8
2024-07-16,14.3413,14.4931,14.2654,14.4183,17481000,19
2024-07-17,14.4172,14.7207,14.2654,14.4183,34909100,19
2024-07-18,14.4172,14.4931,14.1516,14.4563,15897100,19.05
2024-07-19,14.4172,14.569,14.2654,14.2665,16979400,18.8
2024-07-22,14.2654,14.4551,14.1516,14.2665,15847000,18.8
2024-07-23,14.3034,14.3413,13.8102,13.963,17890000,18.4
2024-07-24,13.924,14.1137,13.8102,14.0389,13366800,18.5
2024-07-25,13.9619,14.0378,13.886,13.9251,10459200,18.35
2024-07-26,13.9619,14.0378,13.886,13.963,7748600,18.4
2024-07-29,14.0378,14.1137,13.9619,13.963,6226600,18.4
2024-07-30,13.9619,14.1896,13.886,14.0768,12800200,18.55
2024-07-31,14.1137,14.531,14.1137,14.4183,35033400,19
2024-08-01,14.531,14.531,13.9999,14.0768,15647200,18.55
2024-08-02,14.0378,14.2275,13.924,14.2286,14027800,18.75
2024-08-05,13.9619,14.1137,13.6205,13.7733,28580900,18.15
2024-08-06,13.924,14.0378,13.7343,13.9251,13180000,18.35
2024-08-07,13.9619,13.9619,13.6584,13.6595,13538000,18
2024-08-08,13.5825,13.6584,13.279,13.5456,21942400,17.85
2024-08-09,13.5446,13.7343,13.5066,13.6595,10704400,18
2024-08-12,13.6584,13.7722,13.5066,13.7733,12636700,18.15
2024-08-13,13.7343,13.8102,13.6205,13.7733,10643300,18.15
2024-08-14,13.7722,13.8102,13.6584,13.6595,8233100,18
2024-08-15,13.6584,13.7343,13.6205,13.6595,7537900,18
2024-08-16,13.6963,13.9999,13.6584,13.963,23592000,18.4
2024-08-19,13.9619,14.1137,13.9619,14.0009,12496800,18.45
2024-08-20,13.9999,14.1516,13.9619,14.1148,18245300,18.6
2024-08-21,14.0378,14.3034,13.9999,14.2286,33804500,18.75
2024-08-22,14.2275,14.3034,14.1137,14.2286,13069100,18.75
2024-08-23,14.2654,14.4172,14.1896,14.2286,23789000,18.75
2024-08-26,14.2654,14.6448,14.2654,14.4183,39610000,19
2024-08-27,14.4931,14.531,14.3793,14.4183,15396700,19
2024-08-28,14.4172,14.4931,14.3413,14.3804,13771100,18.95
2024-08-29,14.3793,14.6828,14.3413,14.3804,23609900,18.95
2024-08-30,14.4931,14.4931,14.3793,14.3804,11969500,18.95
2024-09-04,14.2654,14.2654,14.0378,14.0389,23328500,18.5
2024-09-05,14.0757,14.0757,13.886,13.8871,15906000,18.3
2024-09-06,13.886,13.9999,13.8102,14.0009,15016900,18.45
2024-09-09,13.9619,13.9999,13.8481,13.9251,15693400,18.35
2024-09-10,13.9619,13.9999,13.7343,13.7733,20585600,18.15
2024-09-11,13.7343,13.886,13.6963,13.8492,11712500,18.25
2024-09-12,13.8481,14.1137,13.8481,14.0389,22640600,18.5
2024-09-13,14.0378,14.0757,13.886,14.0009,9336300,18.45
2024-09-16,13.9619,14.0757,13.8481,13.9251,8949100,18.35
2024-09-17,13.924,14.1516,13.886,14.1527,10212200,18.65
2024-09-18,14.1516,14.2654,14.0378,14.1527,22132500,18.65
2024-09-19,14.1516,14.2654,14.1516,14.2286,17466800,18.75
2024-09-20,14.2654,14.4931,14.2654,14.3804,52246200,18.95
2024-09-23,14.4172,14.569,14.3413,14.4183,29074100,19
2024-09-24,14.4172,14.569,14.3793,14.5701,37613000,19.2
2024-09-25,14.6448,14.8345,14.569,14.7598,45912400,19.45
2024-09-26,14.7966,15.0622,14.6828,14.8736,55121600,19.6
2024-09-27,14.9484,15.2898,14.8725,14.9875,62864300,19.75
2024-09-30,14.9484,15.2898,14.9104,15.2531,26723800,20.1
2024-10-01,15.2519,15.4036,15.0622,15.1013,33052600,19.9
2024-10-02,15.0242,15.1001,14.8725,14.9495,37579900,19.7
2024-10-03,15.0242,15.5175,15.0242,15.1772,49868500,20
2024-10-04,15.176,15.5175,15.1381,15.1772,34247700,20
2024-10-07,15.2519,15.2898,14.9484,15.1772,25931500,20
2024-10-08,15.176,15.2898,15.0622,15.2531,27923200,20.1
2024-10-09,15.176,15.4036,15.176,15.3669,49592300,20.25
2024-10-10,15.4416,15.7072,15.4036,15.5945,45236500,20.55
2024-10-11,15.5554,15.7072,15.4416,15.7084,22150500,20.7
2024-10-14,15.783,15.783,15.4795,15.6704,22645500,20.65
2024-10-15,15.5554,15.9727,15.5554,15.8222,44778300,20.85
2024-10-16,15.783,15.8589,15.6692,15.8222,17841900,20.85
2024-10-17,15.821,15.8969,15.7072,15.8601,22772200,20.9
2024-10-18,15.821,15.8969,15.5933,15.5945,24407500,20.55
2024-10-21,15.5933,15.7451,15.4795,15.6704,18193500,20.65
2024-10-22,15.6313,15.6692,15.4036,15.6325,22323400,20.6
2024-10-23,15.5554,15.5933,15.4036,15.5187,15969500,20.45
2024-10-24,15.4795,15.5175,15.176,15.1772,26049600,20
2024-10-25,15.2519,15.3278,15.176,15.2531,16940400,20.1
2024-10-28,15.176,15.2519,15.1001,15.2531,11242600,20.1
2024-10-29,15.3278,15.4036,15.2898,15.3669,14155600,20.25
2024-10-30,15.3657,15.4416,15.2898,15.3669,9997900,20.25
2024-10-31,15.3657,15.5175,15.2898,15.5187,13914600,20.45
2024-11-01,15.4795,15.4795,15.2139,15.291,16603900,20.15
2024-11-04,15.2898,15.3278,14.8725,14.9495,30569300,19.7
2024-11-05,14.8345,15.0242,14.8345,14.9495,9956500,19.7
2024-11-06,14.9863,15.1381,14.9484,15.0633,16235900,19.85
2024-11-07,15.1001,15.1381,14.8725,14.9495,13396000,19.7
2024-11-08,15.0242,15.0242,14.6448,14.7977,24424300,19.5
2024-11-11,14.7587,14.7587,14.3793,14.5701,28129900,19.2
2024-11-12,14.6069,14.6069,14.3413,14.4942,15114900,19.1
2024-11-13,14.3793,14.6828,14.2275,14.6839,20297800,19.35
2024-11-14,14.4931,14.569,14.2654,14.4183,12405400,19
2024-11-15,14.3034,14.3793,14.1896,14.1907,16699300,18.7
2024-11-18,14.1137,14.3413,13.9999,14.1907,19557500,18.7
2024-11-19,14.2275,14.2654,14.0378,14.0389,11166800,18.5
2024-11-20,13.9619,14.3413,13.9619,14.1907,17682700,18.7
2024-11-21,14.1896,14.569,14.1137,14.5701,27855200,19.2
2024-11-22,14.569,14.6448,14.4551,14.4563,18059300,19.05
2024-11-25,14.4551,14.569,14.4551,14.4563,7649800,19.05
2024-11-26,14.4551,14.7207,14.4551,14.4563,18360500,19.05
2024-11-27,14.4551,14.569,14.4172,14.4563,6902700,19.05
2024-11-28,14.569,14.6828,14.4551,14.4563,11978600,19.05
2024-11-29,14.531,14.569,14.4172,14.5321,6008400,19.15
2024-12-02,14.6448,14.6448,14.4931,14.5701,6324600,19.2
2024-12-03,14.531,14.569,14.4172,14.5701,10874600,19.2
2024-12-04,14.4551,14.531,14.3793,14.4183,8458600,19
2024-12-05,14.4172,14.7966,14.2654,14.7977,31488800,19.5
2024-12-06,14.7966,14.7966,14.6448,14.6839,11632800,19.35
2024-12-09,14.6069,14.8345,14.569,14.7219,19955200,19.4
2024-12-10,14.7207,14.7587,14.569,14.608,7241900,19.25
2024-12-11,14.6069,14.6448,14.4551,14.608,13262400,19.25
2024-12-12,14.6069,14.8345,14.531,14.646,23034300,19.3
2024-12-13,14.569,14.6448,14.4931,14.5321,7750600,19.15
2024-12-16,14.531,14.569,14.4172,14.4942,6791900,19.1
2024-12-17,14.4931,14.531,14.3793,14.3804,8186500,18.95
2024-12-18,14.4172,14.4931,14.3793,14.4183,4843000,19
2024-12-19,14.3793,14.3793,14.1137,14.2665,21112100,18.8
2024-12-20,14.2654,14.3413,14.1516,14.3424,6638600,18.9
2024-12-23,14.3793,14.531,14.3413,14.3804,7737800,18.95
2024-12-24,14.3793,14.4172,14.2275,14.3804,5918600,18.95
2024-12-25,14.3793,14.6448,14.2654,14.5701,14786600,19.2
2024-12-26,14.6069,14.6448,14.4551,14.608,8211900,19.25
2024-12-27,14.569,14.6828,14.4931,14.608,16560300,19.25
2024-12-30,14.569,14.6069,14.4931,14.608,6678700,19.25
2024-12-31,14.6069,14.6069,14.4551,14.5701,8163800,19.2
2025-01-02,14.4931,14.569,14.3793,14.5321,8363400,19.15
2025-01-03,14.4931,14.4931,14.2275,14.2286,10601500,18.75
2025-01-06,14.2275,14.3413,14.1896,14.2665,6917300,18.8
2025-01-07,14.3034,14.3413,14.1896,14.1907,6745900,18.7
2025-01-08,14.1896,14.3413,14.1516,14.3045,4829800,18.85
2025-01-09,14.3413,14.3413,14.1516,14.1907,3978900,18.7
2025-01-10,14.1896,14.2275,13.9999,14.0389,6522500,18.5
2025-01-13,13.9999,14.0378,13.8481,13.8871,8588900,18.3
2025-01-14,13.8481,13.924,13.6963,13.7733,11010000,18.15
2025-01-15,13.886,14.0378,13.8102,13.963,5618700,18.4
2025-01-16,14.0378,14.0378,13.8102,13.963,9492000,18.4
2025-01-17,13.9619,13.9999,13.886,14.0009,4423700,18.45
2025-01-20,13.9619,14.0757,13.924,13.963,6430800,18.4
2025-01-21,14.0378,14.0378,13.8481,13.963,11084100,18.4
2025-01-22,13.9619,14.0378,13.8481,13.9251,10799900,18.35
2025-01-23,14.0378,14.3413,13.9619,14.3424,26477400,18.9
2025-01-24,14.3413,14.4172,14.2654,14.3424,11206200,18.9
2025-02-04,14.2275,14.2654,14.0757,14.2286,11820000,18.75
2025-02-05,14.2275,14.4931,14.2275,14.4563,12836500,19.05
2025-02-06,14.4931,14.569,14.3793,14.4563,9985800,19.05
2025-02-07,14.3793,14.569,14.3413,14.3804,8925500,18.95
2025-02-10,14.3413,14.4931,14.2275,14.3045,13500000,18.85
2025-02-11,14.3034,14.531,14.2654,14.3424,20352000,18.9
2025-02-12,14.4172,14.4931,14.2654,14.3424,7800900,18.9
2025-02-13,14.3413,14.4172,14.2654,14.3424,8322600,18.9
2025-02-14,14.4931,14.531,14.4172,14.4183,11535000,19
2025-02-17,14.4172,14.4931,14.3034,14.3045,11944500,18.85
2025-02-18,14.3034,14.569,14.2275,14.3804,18113100,18.95
2025-02-19,14.4172,14.4931,14.3793,14.4563,9257700,19.05
2025-02-20,14.4931,14.6448,14.4172,14.5701,18762900,19.2
2025-02-21,14.531,14.8725,14.4551,14.7598,42288600,19.45
2025-02-24,14.7207,14.8345,14.569,14.8357,22721400,19.55
2025-02-25,14.8345,14.8725,14.6069,14.6839,14015500,19.35
2025-02-26,14.6828,14.7207,14.6069,14.608,11212100,19.25
2025-02-27,14.6069,14.6828,14.4551,14.646,9546600,19.3
2025-02-28,14.4931,14.7207,14.4931,14.646,9236600,19.3
2025-03-03,14.6828,14.6828,14.4931,14.5701,9400800,19.2
2025-03-04,14.4931,14.569,14.3793,14.4942,19237100,19.1
2025-03-05,14.4931,14.6828,14.4172,14.4183,16030300,19
2025-03-06,14.4551,14.6828,14.4551,14.5321,20891200,19.15
2025-03-07,14.569,14.7587,14.531,14.608,20716400,19.25
2025-03-10,14.7207,14.9104,14.6448,14.7219,34122100,19.4
2025-03-11,14.6069,14.9863,14.569,14.9495,37545200,19.7
2025-03-12,15.0242,15.0242,14.7966,14.8736,27171700,19.6
2025-03-13,14.9104,14.9104,14.569,14.608,16157500,19.25
2025-03-14,14.6448,14.8725,14.569,14.8736,17673600,19.6
2025-03-17,14.9863,15.4795,14.8725,15.3289,71545100,20.2
2025-03-18,15.3657,15.4036,15.0242,15.0254,25977100,19.8
2025-03-19,14.9863,14.9863,14.7207,14.7598,29438700,19.45
2025-03-20,14.8725,14.9484,14.7207,14.8736,18739400,19.6
2025-03-21,14.8725,14.9104,14.7207,14.7977,9370100,19.5
2025-03-24,14.7966,14.9104,14.6069,14.8736,16805100,19.6
2025-03-25,14.9104,14.9484,14.7587,14.7977,11786900,19.5
2025-03-26,14.7966,14.9104,14.6448,14.6839,9453500,19.35
2025-03-27,14.6069,14.7587,14.6069,14.608,6689600,19.25
2025-03-28,14.6069,14.7207,14.569,14.608,11134300,19.25
2025-03-31,14.531,14.6069,14.4172,14.4183,14764100,19
2025-04-01,14.531,14.569,14.4172,14.5321,8728300,19.15
2025-04-02,14.531,14.6828,14.4931,14.5321,11401400,19.15
2025-04-03,13.8102,14.0757,13.5446,13.5456,40611200,17.85
2025-04-04,12.7478,13.2411,12.634,13.2421,46810000,17.45
2025-04-08,12.8996,13.0514,12.3305,12.3314,24697900,16.25
2025-04-09,11.5338,12.5202,11.4958,12.1038,56107800,15.95
2025-04-10,12.9375,12.9375,12.9375,12.9385,1665400,17.05
2025-04-11,12.8996,13.3928,12.7478,13.2421,60038400,17.45
2025-04-14,13.279,13.4308,13.0893,13.1282,28905800,17.3
2025-04-15,13.0514,13.0893,12.7858,12.8247,19615100,16.9
2025-04-16,12.7858,12.8996,12.672,12.7488,13818200,16.8
2025-04-17,12.7478,12.7478,12.4064,12.5591,21615700,16.55
2025-04-18,12.634,13.0893,12.634,12.8626,16480100,16.95
2025-04-21,12.8237,12.9375,12.672,12.6729,12080600,16.7
2025-04-22,12.5961,12.7478,11.7993,12.597,30670500,16.6
2025-04-23,12.8996,12.8996,12.672,12.6729,10954900,16.7
2025-04-24,12.7478,12.8617,12.634,12.635,12820700,16.65
2025-04-25,12.672,12.7099,12.4823,12.5212,24808000,16.5
2025-04-28,12.672,12.672,12.5202,12.5591,9938200,16.55
2025-04-29,12.5961,12.672,12.5202,12.5591,14256100,16.55
2025-05-05,12.634,12.7099,12.5202,12.597,7593000,16.6
2025-05-06,12.672,13.0514,12.634,12.8247,25315800,16.9
2025-05-07,12.8237,12.8996,12.7478,12.9006,10235800,17
2025-05-08,12.9755,13.0514,12.8617,12.9006,15414400,17
2025-05-09,12.9755,13.0893,12.8237,12.9006,17694500,17
2025-05-12,12.9755,13.2411,12.8617,13.1662,36530800,17.35
2025-05-13,13.3549,13.4308,13.2411,13.4318,27752400,17.7
2025-05-14,13.5066,14.3413,13.4687,14.3424,95581000,18.9
2025-05-15,14.5377,14.6546,14.2259,14.46,55071300,18.55
2025-05-16,14.3038,14.5767,14.07,14.0703,37978200,18.05
2025-05-19,14.031,14.6936,13.8751,14.1872,64648000,18.2
2025-05-20,14.1869,14.4597,14.1479,14.1872,27838100,18.2
2025-05-21,14.2649,14.6546,14.2259,14.3821,68308300,18.45
2025-05-22,14.4208,14.5767,14.1869,14.2651,40934700,18.3
2025-05-23,14.2259,14.3038,14.109,14.1092,14934100,18.1
2025-05-26,14.109,14.1869,13.4854,14.1482,24583500,18.15
2025-05-27,14.1479,14.2649,14.07,14.1092,22988200,18.1
2025-05-28,14.1869,14.2649,14.031,14.0313,13063100,18
2025-05-29,14.109,14.4597,14.031,14.1482,46408000,18.15
2025-05-30,14.2259,14.2649,13.9531,13.9923,11859100,17.95
2025-06-02,13.992,14.1479,13.8751,14.0313,13488800,18
2025-06-03,14.109,14.3428,14.031,14.2651,22863000,18.3
2025-06-04,14.2649,14.4597,14.1869,14.2262,41724400,18.25
2025-06-05,14.1869,14.3428,14.07,14.1092,12655700,18.1
2025-06-06,14.109,14.109,13.8751,13.8754,20106300,17.8
2025-06-09,13.8361,13.9531,13.7582,13.9144,14015700,17.85
2025-06-10,13.9531,14.1869,13.9141,13.9923,20277000,17.95
2025-06-11,14.07,14.07,13.9531,14.0313,6795100,18
2025-06-12,14.07,14.2649,14.07,14.1872,21883000,18.2
2025-06-13,14.07,14.3428,13.9531,14.1482,29219800,18.15
2025-06-16,14.1479,14.6546,14.1479,14.6549,71722500,18.8
2025-06-17,14.7326,14.8105,14.4987,14.6549,35021100,18.8
2025-06-18,14.6546,14.7715,14.4208,14.421,23610700,18.5
2025-06-19,14.4208,14.6156,14.4208,14.421,17971800,18.5
2025-06-20,14.4987,14.6936,14.3818,14.3821,24901400,18.45
2025-06-23,14.3038,14.4208,14.2259,14.3431,18209500,18.4
2025-06-24,14.4597,14.6156,14.3818,14.46,42718000,18.55
2025-06-25,14.4987,14.5767,14.3428,14.3431,17177500,18.4
2025-06-26,14.4208,14.4597,14.3038,14.3041,10934900,18.35
2025-06-27,14.4208,14.6156,14.3818,14.421,21153100,18.5
2025-06-30,14.4597,14.5377,14.4208,14.421,11547500,18.5
2025-07-01,14.4208,14.4987,14.3428,14.3821,17060200,18.45
2025-07-02,14.3818,14.4987,14.3038,14.499,18377700,18.6
2025-07-03,14.4597,14.6936,14.4208,14.538,47153200,18.65
2025-07-04,14.5767,14.6936,14.4987,14.6159,22180000,18.75
2025-07-07,14.7326,15.0833,14.7326,15.0446,53672800,19.3
2025-07-08,15.0833,15.2782,14.8495,15.2785,45382200,19.6
2025-07-09,15.4341,15.7069,15.3562,15.6293,66441400,20.05
2025-07-10,15.7069,15.7849,15.5121,15.7072,36743400,20.15
2025-07-11,15.7459,15.8628,15.5121,15.7072,45180900,20.15
2025-07-14,15.7849,16.5254,15.7459,16.3698,63378600,21
2025-07-15,16.4864,16.5254,16.1746,16.1749,48779100,20.75
2025-07-16,16.1746,16.3695,15.9798,16.2529,31463400,20.85
2025-07-17,16.3695,16.6034,16.1746,16.2919,49437400,20.9
2025-07-18,16.2916,16.8762,16.2136,16.6427,47947600,21.35
2025-07-21,16.8372,17.5388,16.6423,17.3832,72588400,22.3
2025-07-22,17.2659,17.6167,16.9931,17.5391,41725200,22.5
2025-07-23,17.7726,18.3962,17.5388,18.2017,73950900,23.35
2025-07-24,18.6301,18.6301,18.0454,18.3186,47157800,23.5
2025-07-25,18.3183,18.8249,18.2403,18.7473,54483100,24.05
2025-07-28,18.9808,19.6044,18.708,19.5658,57164800,25.1
2025-07-29,19.5655,20.1111,18.3572,18.3966,83065000,23.6
2025-07-30,18.5521,19.6824,18.3183,19.6828,70974800,25.25
2025-07-31,20.1111,20.345,19.9162,20.1115,55195800,25.8
2025-08-01,20.1891,20.1891,19.4875,20.1115,55593400,25.8
2025-08-04,19.6824,20.5788,19.6824,20.5792,38227100,26.4
2025-08-05,20.7737,21.5532,19.9552,20.6572,71760200,26.5
2025-08-06,20.6957,21.1245,20.5009,21.1249,28376400,27.1
2025-08-07,21.7091,22.5665,21.3583,22.567,62566800,28.95
2025-08-08,22.9953,23.0342,21.826,23.0347,44921400,29.55
2025-08-11,22.9953,23.346,22.6055,23.0737,33778300,29.6
2025-08-12,23.0732,23.2291,22.7614,23.0737,35529800,29.6
2025-08-13,22.8394,23.0342,21.826,22.45,43486100,28.8
2025-08-15,25.5676,25.5676,24.0866,24.2429,64889700,31.1
2025-08-18,24.983,25.3727,24.6322,24.9445,46632900,32
2025-08-19,25.4897,26.6589,25.4897,26.6594,21644900,34.2
2025-08-20,27.7502,28.4907,26.2692,28.4913,75558800,36.55
2025-08-21,28.8415,30.3226,28.6077,30.1283,51427900,38.65
2025-08-22,29.621,29.8159,28.023,28.0236,75347200,35.95
2025-08-25,28.023,28.062,26.0743,26.1138,67974200,33.5
2025-08-26,25.7625,26.7758,25.5286,26.7374,47968700,34.3
2025-08-27,26.8928,27.0487,25.3338,25.9579,57247900,33.3
2025-08-28,25.8015,26.6589,25.4117,26.5035,37019300,34
2025-08-29,26.503,28.2959,26.2302,27.283,65834600,35
2025-09-03,27.3994,27.5943,26.7758,26.8933,28617800,34.5
2025-09-04,27.0487,27.2825,26.3471,27.2051,44836900,34.9
2025-09-05,27.6723,27.6723,26.1133,26.1138,37902100,33.5
2025-09-08,25.9574,25.9963,24.3204,24.3209,58073200,31.2
2025-09-09,24.5543,25.3727,24.4373,25.2563,39698200,32.4
2025-09-10,25.6066,25.6845,24.7881,25.2953,22042300,32.45
2025-09-11,24.983,25.2168,23.7358,25.1394,44389200,32.25
2025-09-12,25.022,25.1779,24.5932,24.6327,23141700,31.6
2025-09-15,24.5543,25.0999,24.1255,24.5937,64130100,31.55
2025-09-16,24.5932,25.6066,24.5543,24.7106,70212600,31.7
2025-09-17,24.7102,24.905,24.1645,24.165,26679300,31
2025-09-18,24.2425,24.3594,23.6189,24.0091,26645900,30.8
2025-09-19,24.0866,24.1255,23.385,23.6973,28454900,30.4
2025-09-22,23.6578,23.6968,22.8394,22.9957,54206200,29.5
2025-09-23,23.0732,23.8917,23.0732,23.3075,27129500,29.9
2025-09-24,23.463,24.6322,23.0342,24.6327,40528600,31.6
2025-09-25,24.7102,24.8271,24.0866,24.126,30534200,30.95
2025-09-26,24.1255,24.2425,23.6968,23.6973,25508600,30.4
2025-09-29,23.7748,24.3204,23.424,24.2429,33075500,31.1
2025-09-30,24.3594,24.3594,23.6189,24.2429,28902200,31.1
2025-10-01,24.2425,24.5932,24.0476,24.087,16624800,30.9
2025-10-02,24.2425,24.5543,23.5019,23.5024,31474300,30.15
2025-10-03,23.5019,23.5409,22.9953,22.9957,30206400,29.5
2025-10-06,23.5799,24.5932,23.385,24.5937,42838700,31.55
2025-10-07,24.8661,24.8661,24.0866,24.204,26704000,31.05
2025-10-08,24.4763,24.6712,23.9307,24.2429,25369900,31.1
2025-10-09,24.3984,25.022,24.2425,25.0224,39130900,32.1
2025-10-10,25.1779,25.2168,24.7102,25.0224,34643000,32.1
2025-10-13,24.6322,24.8271,24.3594,24.7106,35739000,31.7
2025-10-14,24.8661,25.6066,24.8661,25.3343,57074600,32.5
2025-10-15,25.5286,27.0097,25.5286,26.2697,92652500,33.7
2025-10-16,26.3471,26.4251,25.8794,25.8799,30745500,33.2
2025-10-17,25.8794,25.9963,24.8661,24.9055,50287200,31.95
2025-10-20,24.5932,24.7881,23.1901,23.1906,52634700,29.75
2025-10-21,22.9953,23.8917,22.0988,23.6583,54104300,30.35
2025-10-22,23.7358,23.7358,22.9173,23.7362,26715100,30.45
2025-10-23,23.7748,24.0086,23.385,23.3855,14351400,30
2025-10-24,23.3071,23.3071,22.6055,22.7619,23926000,29.2
2025-10-27,22.9953,23.2291,22.0599,22.0603,23908400,28.3
2025-10-28,21.9819,22.9563,21.865,22.9567,26721300,29.45
2025-10-29,23.1512,23.6189,22.9563,23.2685,25082900,29.85
2025-10-30,23.5799,23.5799,22.5665,22.7619,19085200,29.2
2025-10-31,22.7614,22.8783,22.3327,22.3721,15506600,28.7
2025-11-03,22.6445,22.6445,21.5142,21.5146,23165800,27.6
2025-11-04,21.4752,22.9953,21.2414,22.9957,31974700,29.5
2025-11-05,22.6055,22.9563,22.4496,22.8008,13066000,29.25
2025-11-06,22.7614,22.7614,22.1378,22.2162,13235900,28.5
2025-11-07,22.1768,22.2158,21.2804,21.4367,23937800,27.5
2025-11-10,21.3583,21.9819,21.3583,21.4367,16818300,27.5
2025-11-11,21.6311,21.6701,21.3583,21.4367,14818100,27.5
2025-11-12,21.5532,22.0599,21.4363,21.8264,16274200,28
2025-11-13,22.0599,22.0988,21.6311,21.6316,12863200,27.75
2025-11-14,21.5142,21.9819,21.5142,21.6705,11783400,27.8
2025-11-17,21.787,22.1378,21.7091,21.9044,12074200,28.1
2025-11-18,22.0599,22.4496,21.9429,22.45,18859400,28.8
2025-11-19,22.3717,22.4106,21.904,21.9044,16825600,28.1
2025-11-20,22.0209,22.4106,21.826,22.2552,19548400,28.55
2025-11-21,22.0988,22.3717,21.826,22.2552,18164600,28.55
2025-11-24,22.2547,22.7614,22.1378,22.6059,18118500,29
2025-11-25,22.5665,22.6055,21.904,21.9823,14577900,28.2
2025-11-26,21.9819,22.6835,21.9819,22.6059,18812900,29
2025-11-27,22.6445,22.9953,22.4496,22.6839,14878100,29.1
2025-11-28,22.6835,22.8004,22.3717,22.8008,11904900,29.25
2025-12-01,22.6445,23.0342,22.4886,22.8398,11852800,29.3
2025-12-02,22.8004,22.8004,22.3717,22.528,10412200,28.9
2025-12-03,22.7224,23.6189,22.6055,23.5803,30066400,30.25
2025-12-04,23.6578,23.7358,23.3071,23.5803,16875100,30.25
2025-12-05,23.5799,23.6189,23.2291,23.2685,12515000,29.85
2025-12-08,23.2291,23.5799,23.0342,23.1516,15691000,29.7
2025-12-09,23.1122,23.1512,22.1378,22.4111,25274800,28.75
2025-12-10,22.4106,22.6835,22.2158,22.6059,9284000,29
2025-12-11,22.5665,22.6055,21.9429,21.9434,10971700,28.15
2025-12-12,21.904,21.9819,20.6957,20.6961,21016800,26.55
2025-12-15,20.7347,21.4363,20.7347,21.4367,18306600,27.5
2025-12-16,21.3973,22.0599,20.8906,22.0213,11815200,28.25
2025-12-17,21.9819,22.0599,21.6701,21.8264,6311700,28
2025-12-18,21.826,22.0599,21.5922,22.0603,7996800,28.3
2025-12-19,22.0209,22.1768,21.826,22.1772,9896000,28.45
2025-12-22,22.1768,22.6055,21.904,22.6059,13903800,29
2025-12-23,22.6835,22.9173,22.2547,22.3721,12224300,28.7
2025-12-24,22.2937,22.8394,22.1378,22.8398,15286500,29.3
2025-12-25,22.8394,23.1512,22.4106,22.4111,14199000,28.75
2025-12-26,21.9819,22.4886,21.3193,21.9434,27183600,28.15
2025-12-29,21.9429,22.0599,21.6701,21.8264,20347900,28
2025-12-30,21.7481,22.6835,21.7481,22.3721,23124400,28.7
2025-12-31,22.3717,22.6055,22.2547,22.3331,22530100,28.65
2026-01-05,22.3327,22.4496,21.4752,21.7485,16194100,27.9
2026-01-06,21.7091,22.5276,21.5532,22.489,21660200,28.85
2026-01-07,22.7224,23.1901,22.6835,22.8008,34203500,29.25
2026-01-08,22.8394,23.1901,22.6055,22.8008,29952600,29.25
2026-01-09,22.8004,23.1122,21.9819,22.0213,37610200,28.25
2026-01-12,22.2158,23.5409,21.9429,23.5414,49690500,30.2
2026-01-13,24.3984,24.5153,23.6189,23.7752,42211100,30.5
2026-01-14,23.8137,24.0086,22.7614,22.9957,44749400,29.5
2026-01-15,22.8783,22.9173,22.4106,22.6059,34620800,29
2026-01-16,22.8394,22.9563,22.4886,22.528,24981000,28.9
2026-01-19,22.5665,23.2291,22.5276,23.1126,30777100,29.65
2026-01-20,23.5019,24.1255,23.1512,23.1906,48697600,29.75
2026-01-21,23.1122,23.1122,22.6055,22.6449,34082700,29.05
2026-01-22,22.6835,22.9173,22.6445,22.7619,19795300,29.2
2026-01-23,22.7614,22.8394,22.2158,22.2162,31092900,28.5
2026-01-26,22.2937,22.3327,21.5142,21.6316,32470600,27.75
2026-01-27,21.6701,21.904,21.5922,21.6705,12846500,27.8
2026-01-28,21.787,22.0599,21.5532,21.6316,14212000,27.75
2026-01-29,21.826,21.9429,21.5532,21.5536,8246800,27.65
2026-01-30,21.6311,21.826,21.4752,21.8264,15839700,28
2026-02-02,21.7091,21.826,21.2414,21.5146,14154800,27.6
2026-02-03,21.7091,21.826,21.4363,21.4367,15333400,27.5
2026-02-04,21.4363,21.6701,21.2414,21.6316,16720100,27.75
2026-02-05,21.826,21.865,21.3583,21.3587,9669100,27.4
2026-02-06,21.2024,21.2414,20.8906,20.891,18137700,26.8
2026-02-09,21.0465,21.1634,20.7737,20.852,8770500,26.75
2026-02-10,20.8127,21.2804,20.5398,20.7351,11076900,26.6
2026-02-11,20.8906,22.0599,20.8906,22.0603,28252000,28.3
2026-02-12,22.0988,22.2158,21.9429,22.0213,8140700,28.25
2026-02-13,21.904,22.0599,21.7481,22.0603,12905500,28.3
2026-02-23,22.1768,22.7224,22.0599,22.45,15465000,28.8
2026-02-24,22.3717,22.7224,22.2547,22.6059,18101200,29
2026-02-25,22.6055,22.9953,22.4496,22.489,20144800,28.85
2026-02-26,22.6055,22.7614,22.4886,22.528,13933100,28.9
2026-02-27,22.6445,22.9563,22.4106,22.567,18002900,28.95
2026-03-02,22.0209,22.3717,21.787,21.8654,24664300,28.05
2026-03-03,21.865,22.1768,21.2804,21.3977,18795100,27.45
2026-03-04,21.3193,21.5532,20.6568,21.1638,26580500,27.15
2026-03-05,21.3973,21.904,21.0075,21.0469,21450200,27
2026-03-06,21.0465,21.0465,20.7737,20.7741,15454600,26.65
2026-03-09,19.3316,19.6434,19.3316,19.332,32371300,24.8
2026-03-10,20.267,20.267,19.3316,19.8776,30382100,25.5
2026-03-11,19.8773,20.6568,19.7993,20.6182,17296100,26.45
2026-03-12,20.1501,20.4229,19.8773,20.0725,12809200,25.75
2026-03-13,19.7993,20.267,19.4875,19.9946,13865300,25.65
2026-03-16,20.0332,20.0721,19.7993,19.8776,7467100,25.5
2026-03-17,20.1111,20.5788,20.0332,20.0335,9324100,25.7
2026-03-18,20.228,20.3839,19.7993,19.9556,9271600,25.6
2026-03-19,19.6824,20.1111,19.4485,19.9556,23991600,25.6
2026-03-20,19.7214,20.1891,19.5265,19.5269,15978800,25.05
2026-03-23,19.4096,19.4096,18.6301,18.7084,22738500,24
2026-03-24,19.0588,19.9942,18.9029,19.6828,29998900,25.25
2026-03-25,20.228,20.5788,19.9162,20.5013,21942900,26.3
2026-03-26,20.5009,20.6568,20.1501,20.4233,19426700,26.2
2026-03-27,20.267,20.6957,20.1891,20.6182,11263600,26.45
2026-03-30,19.9942,20.5788,19.9162,20.3454,16541700,26.1
2026-03-31,20.5788,20.9686,20.4619,20.8131,19377200,26.7
2026-04-01,21.2804,21.3193,20.8906,20.891,10288600,26.8
2026-04-02,20.7347,20.7347,20.267,20.4623,11441500,26.25
2026-04-03,20.5009,20.5788,20.0721,20.1115,16758100,25.8
2026-04-06,20.1111,20.228,19.8773,19.9556,11093100,25.6
2026-04-07,19.9552,20.345,19.8773,20.3064,11428900,26.05
2026-04-08,21.2024,21.6311,20.7737,21.5146,24909900,27.6
2026-04-09,21.3193,21.4363,21.0855,21.1249,11852400,27.1
2026-04-10,21.4363,21.7481,21.2804,21.2808,14448500,27.3
2026-04-13,21.0465,21.2024,20.8906,20.969,13557000,26.9
2026-04-14,21.2804,21.6311,21.1245,21.3197,14453500,27.35
2026-04-15,21.7091,21.7091,21.2414,21.3197,12229700,27.35
2026-04-16,21.2804,21.7481,21.0465,21.5146,15412800,27.6
2026-04-17,21.6701,22.2158,21.5532,22.0213,25668400,28.25
2026-04-20,22.2158,22.2158,21.865,21.8654,14857100,28.05
2026-04-21,21.826,22.0209,21.4752,21.4757,12776900,27.55
2026-04-22,21.5142,21.7091,21.3583,21.4757,13650100,27.55
2026-04-23,21.5532,21.904,21.3583,21.3587,12903100,27.4
2026-04-24,21.3583,21.5142,21.2024,21.2418,8708200,27.25
2026-04-28,21.2414,21.3973,21.0465,21.0469,7722200,27
2026-04-29,20.8906,21.0465,20.6568,20.6572,18791500,26.5
2026-05-04,20.8127,21.1634,20.8127,21.0079,6238600,26.95
2026-05-05,20.9686,21.826,20.6568,21.8264,22244500,28
2026-05-06,21.7481,21.904,21.4752,21.8264,18609200,28
2026-05-07,21.826,22.0209,21.6701,21.9434,18127700,28.15
2026-05-08,21.904,22.0599,21.7481,21.7875,15747600,27.95
2026-05-11,21.7481,21.904,21.6701,21.6705,14897400,27.8
2026-05-12,21.6311,21.7481,21.4363,21.7095,14565400,27.85
2026-05-13,21.826,21.9429,21.5922,21.6316,13166100,27.75
2026-05-14,21.6311,22.3327,21.6311,22.3331,25280800,28.65
2026-05-15,22.3739,22.4136,21.8582,21.8582,12744400,27.55
2026-05-18,21.7761,21.8158,21.4984,21.7788,15227700,27.45
2026-05-19,21.8185,21.8185,21.2235,21.2235,19221900,26.75
2026-05-20,21.1838,21.2631,20.3507,21.1838,24208300,26.7
2026-05-21,21.3425,21.5408,21.0648,21.4218,10367000,27
2026-05-22,21.4191,21.4191,21.0621,21.2631,7815500,26.8
2026-05-25,21.2631,21.6598,21.2631,21.4218,8099400,27
2026-05-26,21.4191,22.0537,21.3398,21.8978,15075400,27.6
2026-05-27,21.9375,22.4136,21.8582,22.2549,21261000,28.05
2026-05-28,22.2521,22.2917,21.6571,21.6598,12835600,27.3
2026-05-29,21.5778,21.7364,21.4588,21.5011,12537100,27.1
2026-06-01,21.4191,21.5778,21.3794,21.3821,7009500,26.95
2026-06-02,21.3794,21.4984,20.7845,20.9854,16345300,26.45
2026-06-03,20.9431,21.2208,20.7051,20.9854,12339400,26.45
2026-06-04,21.0648,21.1044,20.8268,21.0251,7702400,26.5
2026-06-05,21.0225,21.1811,20.8638,20.9854,6898800,26.45
2026-06-08,20.7448,20.8241,20.3085,20.311,14124400,25.6
2026-06-09,20.311,20.6681,20.311,20.5491,9222900,25.9
2026-06-10,20.5094,20.7474,20.4697,20.6681,10242500,26.05
2026-06-11,20.5491,20.6681,20.3904,20.6284,8711700,26
2026-06-12,21.0251,21.0251,20.5887,20.6284,12467100,26
2026-06-15,21.0251,21.0251,20.6284,20.8268,19473200,26.25
2026-06-16,21.0251,21.1441,20.7871,20.9061,13094700,26.35
2026-06-17,20.9061,21.2631,20.8268,21.0251,15641900,26.5
2026-06-18,21.0251,21.0648,20.8268,20.9458,10095500,26.4
2026-06-19,20.8664,20.9458,20.5094,20.5491,14326900,25.9
2026-06-22,20.5491,20.6681,20.4697,20.6284,6206700,26
2026-06-23,20.7474,21.6202,20.6681,21.0648,23143600,26.55
2026-06-24,21.0648,21.2631,20.7871,21.0648,12665100,26.55
2026-06-25,20.9854,21.3028,20.9854,21.1838,5889800,26.7
2026-06-26,21.2235,21.2235,20.9061,21.2235,7818600,26.75
2026-06-29,21.2631,21.5408,21.2631,21.4615,12693500,27.05
2026-06-30,21.5011,21.5408,21.4218,21.4218,6681700,27
2026-07-01,21.4615,22.1359,21.4615,21.9772,25427300,27.7
2026-07-02,22.0962,22.2152,21.7788,21.9772,12453200,27.7
2026-07-03,21.9744,22.0934,21.7761,22.0565,11584000,27.8
2026-07-06,22.0537,22.1727,21.3794,21.7788,14582500,27.45
2026-07-07,21.6968,21.9744,21.6174,21.8978,8051500,27.6
2026-07-08,21.8978,22.2945,21.8185,22.0169,18004600,27.75
2026-07-09,21.9375,21.9772,21.6202,21.6202,9817200,27.25
2026-07-10,21.5805,21.6202,21.1838,21.1838,14081800,26.7
2026-07-13,20.9854,20.9854,20.4697,20.9458,21924200,26.4
2026-07-14,20.8268,21.0251,20.5491,21.0251,14462900,26.5
2026-07-15,21.0225,21.0225,20.4671,20.4697,12957400,25.8
2026-07-16,20.4697,20.8268,19.8747,20.6284,22414600,26
2026-07-17,20.5887,21.0648,20.3904,20.5094,11440800,25.85
2026-07-20,20.5094,20.6284,19.5176,19.835,22577700,25
2026-07-21,19.6763,20.192,19.6763,20.1127,13683400,25.35
2026-07-22,20.1127,20.2714,19.3986,19.835,26398100,25
2026-07-23,19.716,19.954,19.0416,19.835,19164900,25
2026-07-24,19.3565,19.7928,19.3169,19.7953,12405700,24.95
2026-07-27,19.7557,19.835,19.3193,19.478,12699000,24.55
2026-07-28,19.1185,19.5945,18.9995,19.5176,12046500,24.6
2026-07-29,19.3193,19.478,19.2003,19.3193,10055400,24.35
2026-07-30,19.4383,19.8747,19.359,19.835,13162500,25
2026-07-31,19.9912,20.2292,19.6738,19.6763,12104700,24.8
2026-08-03,19.7557,20.311,19.7557,20.2317,13595900,25.5
2026-08-04,20.3085,20.3481,20.1102,20.3507,11402500,25.65
2026-08-05,20.311,20.6284,20.2317,20.2317,13987100,25.5
2026-08-06,20.2292,20.2292,19.8325,19.954,14053700,25.15
2026-08-07,19.7557,19.9143,19.5573,19.835,24187100,25
2026-08-10,19.9143,20.5094,19.9143,20.5094,17881200,25.85
2026-08-11,20.5491,20.6284,20.2317,20.2317,9988200,25.5
2026-08-12,20.2714,20.4697,20.1127,20.3904,7494700,25.7
2026-08-13,20.4301,20.4697,19.9937,20.1127,13839600,25.35
2026-08-14,19.9118,20.1102,19.7135,19.9143,13926300,25.1
2026-08-17,19.7557,19.9937,19.6367,19.6367,12064300,24.75
2026-08-18,19.6367,19.7953,19.4383,19.7557,18835800,24.9
2026-08-19,19.6763,19.7953,19.5176,19.716,9828400,24.85
2026-08-20,19.7557,19.8747,19.6763,19.7557,10121700,24.9
2026-08-21,19.7557,20.3904,19.6367,20.3904,13914800,25.7
2026-08-24,20.7077,21.0251,20.5491,20.9061,19279300,26.35
2026-08-25,20.8664,21.1441,20.7474,20.9458,16309200,26.4
2026-08-26,20.8268,21.2631,20.7077,21.2235,16398100,26.75
2026-08-27,21.1838,21.7788,21.1838,21.7392,29962700,27.4
2026-08-28,21.4984,22.1331,21.4984,22.0565,28676500,27.8
2026-09-03,21.7364,21.8158,21.3794,21.3821,21793800,26.95
2026-09-04,21.3794,22.0537,21.3794,22.0565,21390000,27.8
2026-09-07,22.1331,22.3711,21.6571,21.6598,14906800,27.3
2026-09-08,21.6598,21.8582,21.4615,21.7392,13899400,27.4
2026-09-09,21.6995,21.8582,21.6202,21.7392,11247800,27.4
2026-09-10,21.6598,21.8978,21.5408,21.8185,13222300,27.5
2026-09-11,21.7761,21.8951,21.3001,21.3821,21893700,26.95
2026-09-14,21.3821,21.7788,21.3028,21.5805,25705400,27.2
2026-09-15,21.7364,22.0537,21.6571,21.9375,22318600,27.65
2026-09-16,21.9347,21.9744,21.6571,21.8978,17558200,27.6
2026-09-17,21.6995,22.3739,21.6995,22.3739,31764100,28.2
2026-09-18,22.4504,23.0454,21.7761,21.7788,49102400,27.45
2026-09-21,22.0934,22.5694,21.8951,22.5722,33290700,28.45
2026-09-22,22.4929,22.5326,22.0962,22.2152,16166700,28
2026-09-23,22.0934,22.2521,21.8951,22.0565,26013600,27.8
2026-09-24,22.25,22.55,22.1,22.1,21317700,22.1
